frame_index,face_detected,yaw,pitch,roll,left_eye_valid,right_eye_valid,left_eye_aspect_ratio,right_eye_aspect_ratio,left_eyelid_gap_ratio,right_eyelid_gap_ratio
0,1.0,0.0,0.0,0.0,1.0,1.0,0.292273915,0.2939535016,0.04951858521,0.04553431273
1,1.0,0.0,0.0,0.0,1.0,1.0,0.2874875948,0.2887278194,0.04870045185,0.04468983412
2,1.0,0.0,0.0,0.0,1.0,1.0,0.2826360263,0.2823702288,0.0479581356,0.04391348362
3,1.0,0.0,0.0,0.0,1.0,1.0,0.2745906177,0.2692224782,0.04596936703,0.04168653488
4,1.0,0.0,0.0,0.0,1.0,1.0,0.2789537483,0.2682322596,0.046033144,0.04123210907
5,1.0,0.0,0.0,0.0,1.0,1.0,0.2806652016,0.2757717731,0.04650521278,0.04225164652
6,1.0,0.0,0.0,0.0,1.0,1.0,0.2838133154,0.276161532,0.04725265503,0.04261440039
7,1.0,0.0,0.0,0.0,1.0,1.0,0.2872961994,0.2780400675,0.04792374372,0.04298609495
8,1.0,0.0,0.0,0.0,1.0,1.0,0.2810379111,0.2744680083,0.04698491096,0.04258012772
9,1.0,0.0,0.0,0.0,1.0,1.0,0.2858053001,0.2809752606,0.04780900478,0.0437027216
10,1.0,0.0,0.0,0.0,1.0,1.0,0.2890801501,0.2812118247,0.04874461889,0.04398906231
11,1.0,0.0,0.0,0.0,1.0,1.0,0.291134286,0.2782536969,0.04701763391,0.04214382172
12,1.0,0.0,0.0,0.0,1.0,1.0,0.2971792296,0.2899144187,0.04889440536,0.04423779249
13,1.0,0.0,0.0,0.0,1.0,1.0,0.2973690251,0.2975438619,0.0485919714,0.04485416412
14,1.0,0.0,0.0,0.0,1.0,1.0,0.3003595088,0.2933967687,0.04930251837,0.04468941689
15,1.0,0.0,0.0,0.0,1.0,1.0,0.3005314138,0.2922898819,0.04968100786,0.04477071762
16,1.0,0.0,0.0,0.0,1.0,1.0,0.3029665805,0.301718588,0.05018544197,0.04614758492
17,1.0,0.0,0.0,0.0,1.0,1.0,0.2877974653,0.2866323139,0.04745399952,0.04371517897
18,1.0,0.0,0.0,0.0,1.0,1.0,0.2963260647,0.2915040172,0.04893857241,0.04459488392
19,1.0,0.0,0.0,0.0,1.0,1.0,0.2933338521,0.288812304,0.04785525799,0.04355686903
20,1.0,0.0,0.0,0.0,1.0,1.0,0.2945724653,0.2877179463,0.04875254631,0.04410940409
21,1.0,0.0,0.0,0.0,1.0,1.0,0.2908428109,0.2880072307,0.04723602533,0.04322814941
22,1.0,0.0,0.0,0.0,1.0,1.0,0.2956094575,0.2926124293,0.04898834229,0.04490602016
23,1.0,0.0,0.0,0.0,1.0,1.0,0.2936414271,0.2926120516,0.04751968384,0.04408448935
24,1.0,0.0,0.0,0.0,1.0,1.0,0.2973691875,0.2990754026,0.04912859201,0.04593086243
25,1.0,0.0,0.0,0.0,1.0,1.0,0.2870735582,0.2850120709,0.04674571753,0.0432831049
26,1.0,0.0,0.0,0.0,1.0,1.0,0.2498603755,0.2508478864,0.03869885206,0.03640556335
27,1.0,0.0,0.0,0.0,1.0,1.0,0.222531874,0.184543899,0.03317570686,0.02590030432
28,1.0,0.0,0.0,0.0,1.0,1.0,0.2064485453,0.1734568632,0.03147029877,0.02470564842
29,1.0,0.0,0.0,0.0,1.0,1.0,0.1972583577,0.1906565899,0.03014081717,0.02727025747
30,1.0,0.0,0.0,0.0,1.0,1.0,0.2269795505,0.2273241557,0.03458982706,0.03235822916
31,1.0,0.0,0.0,0.0,1.0,1.0,0.2439867021,0.2567736203,0.03803026676,0.0366217494
32,1.0,0.0,0.0,0.0,1.0,1.0,0.2534555097,0.2576686634,0.03962904215,0.03709954023
33,1.0,0.0,0.0,0.0,1.0,1.0,0.2753379456,0.2761104046,0.04437685013,0.04091894627
34,1.0,0.0,0.0,0.0,1.0,1.0,0.2888872053,0.289721443,0.04540002346,0.04201614857
35,1.0,0.0,0.0,0.0,1.0,1.0,0.2775218928,0.2754365787,0.04302370548,0.03936809301
36,1.0,0.0,0.0,0.0,1.0,1.0,0.2706066793,0.2725751295,0.04210227728,0.03873413801
37,1.0,0.0,0.0,0.0,1.0,1.0,0.2729033703,0.2776224742,0.04275727272,0.0396425128
38,1.0,0.0,0.0,0.0,1.0,1.0,0.2733981832,0.276737867,0.0417971015,0.03847545385
39,1.0,0.0,0.0,0.0,1.0,1.0,0.2724109463,0.2804755764,0.04253137112,0.03999638557
40,1.0,0.0,0.0,0.0,1.0,1.0,0.2717459439,0.2776229906,0.041446805,0.03894335032
41,1.0,0.0,0.0,0.0,1.0,1.0,0.2722491397,0.2782759008,0.04300522804,0.04017597437
42,1.0,0.0,0.0,0.0,1.0,1.0,0.2796271248,0.2802355803,0.04412889481,0.04071247578
43,1.0,0.0,0.0,0.0,1.0,1.0,0.2712768684,0.2778373723,0.042499125,0.0402624011
44,1.0,0.0,0.0,0.0,1.0,1.0,0.2660383323,0.2681901943,0.04112076759,0.03862023354
45,1.0,0.0,0.0,0.0,1.0,1.0,0.2586583635,0.260310659,0.04145735502,0.03863710165
46,1.0,0.0,0.0,0.0,1.0,1.0,0.2735133162,0.2654195038,0.0444239974,0.04051244259
47,1.0,0.0,0.0,0.0,1.0,1.0,0.2771414909,0.2599283567,0.04499477148,0.03993290663
48,1.0,0.0,0.0,0.0,1.0,1.0,0.2872960579,0.2794736252,0.04639613628,0.04245948792
49,1.0,0.0,0.0,0.0,1.0,1.0,0.2853050063,0.2737439742,0.04457706213,0.04074829817
50,1.0,0.0,0.0,0.0,1.0,1.0,0.279773274,0.2590467526,0.04332780838,0.03842282295
51,1.0,0.0,0.0,0.0,1.0,1.0,0.2845631239,0.2643449878,0.04553771019,0.04053968191
52,1.0,0.0,0.0,0.0,1.0,1.0,0.2890803643,0.267966117,0.0444226861,0.04008871317
53,1.0,0.0,0.0,0.0,1.0,1.0,0.2901603673,0.2762094489,0.04505223036,0.04227125645
54,1.0,0.0,0.0,0.0,1.0,1.0,0.2865656666,0.2778232239,0.04429322481,0.04210591316
55,1.0,0.0,0.0,0.0,1.0,1.0,0.2797732865,0.267580994,0.04256522655,0.04042357206
56,1.0,0.0,0.0,0.0,1.0,1.0,0.296654023,0.2853016173,0.04588079453,0.04396909475
57,1.0,0.0,0.0,0.0,1.0,1.0,0.2837702415,0.2703116313,0.0428956151,0.04100710154
58,1.0,0.0,0.0,0.0,1.0,1.0,0.2751574366,0.2641381097,0.04188865423,0.03999686241
59,1.0,0.0,0.0,0.0,1.0,1.0,0.2774250629,0.2595043041,0.04187434912,0.03972697258
60,1.0,0.0,0.0,0.0,1.0,1.0,0.2780137032,0.2559547655,0.04220128059,0.03926324844
61,1.0,0.0,0.0,0.0,1.0,1.0,0.2641383463,0.2498603887,0.04025304317,0.03834915161
62,1.0,0.0,0.0,0.0,1.0,1.0,0.2704582103,0.2542747575,0.04072576761,0.03883779049
63,1.0,0.0,0.0,0.0,1.0,1.0,0.2574051582,0.2341346848,0.03877651691,0.03583478928
64,1.0,0.0,0.0,0.0,1.0,1.0,0.2675811078,0.2498603725,0.04029297829,0.03789138794
65,1.0,0.0,0.0,0.0,1.0,1.0,0.2614197954,0.2420250953,0.03873944283,0.03663116693
66,1.0,0.0,0.0,0.0,1.0,1.0,0.2614200053,0.2437235728,0.03905147314,0.03692620993
67,1.0,0.0,0.0,0.0,1.0,1.0,0.2525279468,0.2322646745,0.03782278299,0.03515923023
68,1.0,0.0,0.0,0.0,1.0,1.0,0.2635697163,0.2437235271,0.03967243433,0.03700983524
69,1.0,0.0,0.0,0.0,1.0,1.0,0.2703114576,0.2498604546,0.04078358412,0.03810048103
70,1.0,0.0,0.0,0.0,1.0,1.0,0.272896934,0.2551024017,0.0412645936,0.03912103176
71,1.0,0.0,0.0,0.0,1.0,1.0,0.2661653775,0.2429198533,0.04024332762,0.03731167316
72,1.0,0.0,0.0,0.0,1.0,1.0,0.2701669079,0.2463902767,0.041215837,0.03825265169
73,1.0,0.0,0.0,0.0,1.0,1.0,0.2724140555,0.2515957817,0.04123038054,0.03882086277
74,1.0,0.0,0.0,0.0,1.0,1.0,0.2805453025,0.2584763082,0.04269820452,0.04002952576
75,1.0,0.0,0.0,0.0,1.0,1.0,0.2805450915,0.2533064995,0.04275488853,0.03928101063
76,1.0,0.0,0.0,0.0,1.0,1.0,0.2775254272,0.2524542023,0.04214376211,0.03894293308
77,1.0,0.0,0.0,0.0,1.0,1.0,0.2800537908,0.2628291394,0.04272836447,0.04059195518
78,1.0,0.0,0.0,0.0,1.0,1.0,0.2853014647,0.262091403,0.04304951429,0.04010826349
79,1.0,0.0,0.0,0.0,1.0,1.0,0.2769323216,0.253354977,0.04161590338,0.03868144751
80,1.0,0.0,0.0,0.0,1.0,1.0,0.2777210192,0.2577507413,0.04185134172,0.0391856432
81,1.0,0.0,0.0,0.0,1.0,1.0,0.278213436,0.2551024947,0.04190349579,0.03896760941
82,1.0,0.0,0.0,0.0,1.0,1.0,0.2797014168,0.2533549917,0.04190444946,0.03870153427
83,1.0,0.0,0.0,0.0,1.0,1.0,0.2711252953,0.2507308753,0.04051303864,0.03812986612
84,1.0,0.0,0.0,0.0,1.0,1.0,0.2797731711,0.2611781062,0.04227888584,0.03988575935
85,1.0,0.0,0.0,0.0,1.0,1.0,0.2744942797,0.2542134133,0.04131954908,0.03867089748
86,1.0,0.0,0.0,0.0,1.0,1.0,0.2732161557,0.2542133095,0.04110443592,0.03871768713
87,1.0,0.0,0.0,0.0,1.0,1.0,0.2738686101,0.2533549219,0.04084044695,0.03845363855
88,1.0,0.0,0.0,0.0,1.0,1.0,0.27160642,0.2516078314,0.04100435972,0.03859239817
89,1.0,0.0,0.0,0.0,1.0,1.0,0.2794899191,0.2585969813,0.04242151976,0.03973662853
90,1.0,0.0,0.0,0.0,1.0,1.0,0.2802667841,0.2603441643,0.04243862629,0.0397695303
91,1.0,0.0,0.0,0.0,1.0,1.0,0.2749783899,0.2594367925,0.04158145189,0.0397156477
92,1.0,0.0,0.0,0.0,1.0,1.0,0.2754645805,0.2559547907,0.04187083244,0.039455235
93,1.0,0.0,0.0,0.0,1.0,1.0,0.2635699165,0.2454771828,0.0395603776,0.03717082739
94,1.0,0.0,0.0,0.0,1.0,1.0,0.2790765011,0.2611000325,0.04245513678,0.04006701708
95,1.0,0.0,0.0,0.0,1.0,1.0,0.2781054585,0.2636458085,0.04267573357,0.04080867767
96,1.0,0.0,0.0,0.0,1.0,1.0,0.2783037483,0.2620061631,0.04195946455,0.03984820843
97,1.0,0.0,0.0,0.0,1.0,1.0,0.2783038219,0.2637414167,0.04201185703,0.0401622057
98,1.0,0.0,0.0,0.0,1.0,1.0,0.2765532054,0.2637416259,0.04196101427,0.0403675437
99,1.0,0.0,0.0,0.0,1.0,1.0,0.2725753423,0.2620062069,0.04126739502,0.03994464874
100,1.0,0.0,0.0,0.0,1.0,1.0,0.2679277461,0.2507313262,0.04025572538,0.03813707829
101,1.0,0.0,0.0,0.0,1.0,1.0,0.2708277497,0.255066061,0.04101711512,0.03890013695
102,1.0,0.0,0.0,0.0,1.0,1.0,0.282794626,0.2706819996,0.04264521599,0.04132080078
103,1.0,0.0,0.0,0.0,1.0,1.0,0.2767414441,0.2603438766,0.04170876741,0.0395834446
104,1.0,0.0,0.0,0.0,1.0,1.0,0.2741834535,0.2559971425,0.04154318571,0.03913092613
105,1.0,0.0,0.0,0.0,1.0,1.0,0.2692158158,0.2533549915,0.04078811407,0.03865540028
106,1.0,0.0,0.0,0.0,1.0,1.0,0.2684016157,0.2524907567,0.04046916962,0.03833919764
107,1.0,0.0,0.0,0.0,1.0,1.0,0.2701668343,0.2516076704,0.04062688351,0.03823709488
108,1.0,0.0,0.0,0.0,1.0,1.0,0.2711252741,0.2551021929,0.04062438011,0.03876572847
109,1.0,0.0,0.0,0.0,1.0,1.0,0.271453202,0.2533550694,0.04087805748,0.03848910332
110,1.0,0.0,0.0,0.0,1.0,1.0,0.2696908513,0.25421357,0.04056590796,0.03870993853
111,1.0,0.0,0.0,0.0,1.0,1.0,0.2706452308,0.2498603684,0.04051142931,0.03786361217
112,1.0,0.0,0.0,0.0,1.0,1.0,0.2727351925,0.2594372043,0.04109883308,0.03950792551
113,1.0,0.0,0.0,0.0,1.0,1.0,0.2692156058,0.2507311253,0.04088461399,0.03847968578
114,1.0,0.0,0.0,0.0,1.0,1.0,0.2695517463,0.2489900551,0.0407063365,0.03779876232
115,1.0,0.0,0.0,0.0,1.0,1.0,0.2700244817,0.2542133773,0.04093241692,0.03880608082
116,1.0,0.0,0.0,0.0,1.0,1.0,0.2757686791,0.2568009989,0.04156148434,0.03917896748
117,1.0,0.0,0.0,0.0,1.0,1.0,0.2770384065,0.2629192943,0.04181706905,0.03996437788
118,1.0,0.0,0.0,0.0,1.0,1.0,0.2790761996,0.2620067158,0.04240018129,0.04001522064
119,1.0,0.0,0.0,0.0,1.0,1.0,0.2788737909,0.2636460751,0.04259991646,0.04048317671
120,1.0,0.0,0.0,0.0,1.0,1.0,0.2725748444,0.2576958731,0.04114705324,0.03903698921
121,1.0,0.0,0.0,0.0,1.0,1.0,0.2783032785,0.2654768222,0.04208415747,0.04049611092
122,1.0,0.0,0.0,0.0,1.0,1.0,0.2706451975,0.2542442243,0.04048013687,0.03836357594
123,1.0,0.0,0.0,0.0,1.0,1.0,0.2714535112,0.2507310899,0.0409899354,0.03832823038
124,1.0,0.0,0.0,0.0,1.0,1.0,0.2744948896,0.2594373467,0.04165416956,0.03978508711
125,1.0,0.0,0.0,0.0,1.0,1.0,0.2762541242,0.2576959743,0.04194277525,0.03953844309
126,1.0,0.0,0.0,0.0,1.0,1.0,0.2792816727,0.2637418356,0.04242038727,0.04055285454
127,1.0,0.0,0.0,0.0,1.0,1.0,0.2703551415,0.2559542582,0.04116308689,0.03903847933
128,1.0,0.0,0.0,0.0,1.0,1.0,0.2692160597,0.2577512098,0.0409399271,0.03933447599
129,1.0,0.0,0.0,0.0,1.0,1.0,0.2603441141,0.2472302187,0.03941839933,0.03730195761
130,1.0,0.0,0.0,0.0,1.0,1.0,0.2637418036,0.2550660236,0.04003894329,0.03872185946
131,1.0,0.0,0.0,0.0,1.0,1.0,0.259890084,0.2489839655,0.03968781233,0.03782325983
132,1.0,0.0,0.0,0.0,1.0,1.0,0.2633781185,0.2524723178,0.04001128674,0.03842145205
133,1.0,0.0,0.0,0.0,1.0,1.0,0.2624620639,0.2507310167,0.04022222757,0.03835761547
134,1.0,0.0,0.0,0.0,1.0,1.0,0.2682711903,0.2533795543,0.04089194536,0.03848654032
135,1.0,0.0,0.0,0.0,1.0,1.0,0.2648700008,0.2507432078,0.04001528025,0.03788107634
136,1.0,0.0,0.0,0.0,1.0,1.0,0.2715399706,0.2568010854,0.04163610935,0.03975576162
137,1.0,0.0,0.0,0.0,1.0,1.0,0.2702129006,0.2532830002,0.04104489088,0.03894001245
138,1.0,0.0,0.0,0.0,1.0,1.0,0.2720166443,0.2524011951,0.0407140255,0.03913795948
139,1.0,0.0,0.0,0.0,1.0,1.0,0.2742532024,0.249024631,0.04057687521,0.03875607252
140,1.0,0.0,0.0,0.0,1.0,1.0,0.258383367,0.2172699812,0.03794908524,0.03425961733
141,1.0,0.0,0.0,0.0,1.0,1.0,0.2900122523,0.2415866839,0.0415918231,0.03843295574
142,1.0,-0.7853981853,0.0,0.0,1.0,1.0,0.2952254704,0.2431973042,0.04190093279,0.03896516562
143,1.0,0.0,0.0,0.0,1.0,1.0,0.314325232,0.2531263606,0.04506295919,0.04182487726
144,1.0,-0.7853981853,0.0,0.0,1.0,1.0,0.3222769936,0.2523179537,0.04413861036,0.04046034813
145,1.0,-0.7853981853,0.0,0.0,1.0,1.0,0.326186052,0.256523728,0.04360473156,0.04094594717
146,1.0,-0.7853981853,0.0,0.0,1.0,1.0,0.3547715582,0.2857933621,0.04736715555,0.04628443718
147,1.0,-0.7853981853,0.0,0.0,1.0,1.0,0.3338300682,0.2531917225,0.044303298,0.04131346941
148,1.0,-0.7853981853,0.0,0.0,1.0,1.0,0.3687670529,0.2824508046,0.04845827818,0.04653090239
149,1.0,-0.7853981853,0.0,0.0,1.0,1.0,0.3323507298,0.2168771797,0.03898006678,0.03365182877
150,1.0,-0.7853981853,0.0,0.0,1.0,1.0,0.2866928327,0.1395447144,0.03118616343,0.02136826515
151,1.0,-0.7853981853,0.0,0.0,1.0,1.0,0.351656037,0.1924390044,0.03338706493,0.02723675966
152,1.0,-0.7853981853,0.0,0.0,1.0,1.0,0.3650447912,0.2081216511,0.03011792898,0.02660900354
153,1.0,-0.7853981853,0.0,0.0,1.0,1.0,0.4361892556,0.3183409307,0.03456783295,0.03877609968
154,1.0,-0.7853981853,0.0,0.0,1.0,1.0,0.4499338468,0.33396558,0.03768140078,0.04200541973
155,1.0,-0.7853981853,0.0,0.0,1.0,1.0,0.4940640072,0.3664622352,0.03977054358,0.04341363907
156,1.0,-1.570796371,0.0,0.0,1.0,1.0,0.5207823087,0.3898349641,0.04171031713,0.04569733143
157,1.0,-0.7853981853,0.0,0.0,1.0,1.0,0.496787151,0.3940655528,0.03741157055,0.04065191746
158,1.0,-0.7853981853,0.0,0.5235987902,1.0,1.0,0.4987622564,0.4066499236,0.03823119402,0.04176020622
159,1.0,-0.7853981853,0.0,0.5235987902,1.0,1.0,0.4939325934,0.3861480011,0.03822433949,0.04061335325
160,1.0,-1.570796371,0.0,0.5235987902,1.0,1.0,0.5152159335,0.4014615155,0.03984189034,0.04283756018
161,1.0,-0.7853981853,0.0,0.5235987902,1.0,1.0,0.517358522,0.4009063177,0.03939110041,0.04237526655
162,1.0,-1.570796371,0.0,0.5235987902,1.0,1.0,0.5143327986,0.4072870332,0.04036825895,0.04312062263
163,1.0,-1.570796371,0.0,0.5235987902,1.0,1.0,0.4946936462,0.3900953522,0.03839153051,0.04276126623
164,1.0,-1.570796371,0.0,0.5235987902,1.0,1.0,0.4689224185,0.3636938529,0.03646862507,0.03925019503
165,1.0,-1.570796371,0.0,0.5235987902,1.0,1.0,0.5055538132,0.3923307214,0.03970599174,0.04184401035
166,1.0,-1.570796371,0.0,0.5235987902,1.0,1.0,0.4875329781,0.3846247778,0.03609758615,0.03970730305
167,1.0,-0.7853981853,0.0,0.0,1.0,1.0,0.4808450457,0.3889874857,0.03664016724,0.04148513079
168,1.0,-0.7853981853,0.0,0.0,1.0,1.0,0.5046106809,0.4206690297,0.03868108988,0.04467815161
169,1.0,-0.7853981853,0.0,0.0,1.0,1.0,0.515337122,0.4205301137,0.03940594196,0.04597359896
170,1.0,-0.7853981853,0.0,0.0,1.0,1.0,0.485672581,0.388051419,0.03719031811,0.04272276163
171,1.0,-0.7853981853,0.0,0.0,1.0,1.0,0.4826274467,0.3975055753,0.03500527143,0.04083955288
172,1.0,-0.7853981853,0.0,0.0,1.0,1.0,0.4898450532,0.4014848327,0.03650224209,0.04150652885
173,1.0,-0.7853981853,0.0,0.0,1.0,1.0,0.4977606703,0.4152406051,0.03732901812,0.0426197648
174,1.0,-0.7853981853,0.0,0.5235987902,1.0,1.0,0.4774657995,0.3875389433,0.03546267748,0.03997069597
175,1.0,-1.570796371,0.0,0.5235987902,1.0,1.0,0.4966676163,0.4048729831,0.03566670418,0.04180604219
176,1.0,-1.570796371,0.0,0.5235987902,1.0,1.0,0.4813635846,0.3864119284,0.03576505184,0.04031145573
177,1.0,-1.570796371,0.0,0.5235987902,1.0,1.0,0.506816476,0.4073966332,0.03798359632,0.04223769903
178,1.0,-1.570796371,0.0,0.5235987902,1.0,1.0,0.4976809882,0.39803328,0.03635400534,0.04082375765
179,1.0,-1.570796371,0.0,0.5235987902,1.0,1.0,0.4987071388,0.411364442,0.03714907169,0.04288756847
180,1.0,-1.570796371,0.0,0.5235987902,1.0,1.0,0.4986995307,0.4108493266,0.03659403324,0.04229307175
181,1.0,-1.570796371,0.0,0.0,1.0,1.0,0.5188254532,0.4209685682,0.03853219748,0.04390877485
182,1.0,-1.570796371,0.0,0.0,1.0,1.0,0.4924784636,0.3980588978,0.03498637676,0.04086649418
183,1.0,-1.570796371,0.0,0.5235987902,1.0,1.0,0.4883401989,0.405021818,0.03475934267,0.04094535112
184,1.0,-1.570796371,0.0,0.5235987902,1.0,1.0,0.5071170493,0.4181044432,0.03576183319,0.04351013899
185,1.0,-1.570796371,0.0,0.5235987902,1.0,1.0,0.5109623325,0.407286799,0.03726768494,0.04203790426
186,1.0,-1.570796371,0.0,0.5235987902,1.0,1.0,0.5266518671,0.4254769024,0.04033565521,0.04553043842
187,1.0,-1.570796371,0.0,0.0,1.0,1.0,0.4966671498,0.393366027,0.03895926476,0.04311066866
188,1.0,-1.570796371,0.0,0.5235987902,1.0,1.0,0.4976816251,0.3986043348,0.03758758307,0.04190087318
189,1.0,-1.570796371,0.0,0.5235987902,1.0,1.0,0.503783789,0.4061133199,0.03701710701,0.04209202528
190,1.0,-1.570796371,0.0,0.5235987902,1.0,1.0,0.4946533026,0.4073972958,0.03536361456,0.04029130936
191,1.0,-1.570796371,0.0,0.5235987902,1.0,1.0,0.4956582899,0.3986215989,0.03619784117,0.04094511271
192,1.0,-1.570796371,0.0,0.5235987902,1.0,1.0,0.5069340902,0.4161899113,0.03693348169,0.04263859987
193,1.0,-1.570796371,0.0,0.5235987902,1.0,1.0,0.4936015843,0.4021073801,0.03578978777,0.04081809521
194,1.0,-1.570796371,0.0,0.5235987902,1.0,1.0,0.514564261,0.4251146585,0.03876298666,0.04502469301
195,1.0,-1.570796371,0.0,0.5235987902,1.0,1.0,0.5148029688,0.435803155,0.03846108913,0.04507160187
196,1.0,-1.570796371,0.0,0.5235987902,1.0,1.0,0.5343550918,0.4328071085,0.03988742828,0.0449103117
197,1.0,-1.570796371,0.0,0.5235987902,1.0,1.0,0.5333071328,0.4429011838,0.0390663743,0.04532891512
198,1.0,-1.570796371,0.0,0.5235987902,1.0,1.0,0.5470199681,0.4500415496,0.03940600157,0.04562801123
199,1.0,-1.570796371,0.0,0.5235987902,1.0,1.0,0.5253738389,0.4367058807,0.03794515133,0.04417049885
200,1.0,-1.570796371,0.0,0.5235987902,1.0,1.0,0.5341146644,0.4307944681,0.03865116835,0.04392182827
201,1.0,-1.570796371,0.0,0.5235987902,1.0,1.0,0.5287624862,0.4291390993,0.0389456749,0.04484659433
202,1.0,-1.570796371,0.0,0.5235987902,1.0,1.0,0.5205841304,0.4303957505,0.03914016485,0.04451823235
203,1.0,-1.570796371,0.0,0.5235987902,1.0,1.0,0.5168831455,0.4325071723,0.03778874874,0.04369324446
204,1.0,-1.570796371,0.0,0.0,1.0,1.0,0.5139985565,0.4345401558,0.03674840927,0.04374814034
205,1.0,-1.570796371,0.0,0.0,1.0,1.0,0.5466330787,0.4608206381,0.03940325975,0.04528439045
206,1.0,-1.570796371,0.0,0.0,1.0,1.0,0.4615984548,0.3369546737,0.03397232294,0.03579223156
207,1.0,-0.7853981853,0.0,0.0,1.0,1.0,0.4297029548,0.2350110645,0.03344589472,0.02717477083
208,1.0,-0.7853981853,0.0,0.0,1.0,1.0,0.436579852,0.2302634864,0.03644287586,0.02831095457
209,1.0,-0.7853981853,0.0,0.0,1.0,1.0,0.4575756867,0.1976672249,0.03787946701,0.02534788847
210,1.0,-0.7853981853,0.0,0.0,1.0,1.0,0.4615155767,0.2357360264,0.0441980958,0.03541707993
211,1.0,-0.7853981853,0.0,0.0,1.0,1.0,0.3822571314,0.196581497,0.04172474146,0.03100377321
212,1.0,-0.7853981853,0.0,0.0,1.0,1.0,0.3409995023,0.2222864946,0.04260230064,0.03671640158
213,1.0,0.0,0.0,0.0,1.0,1.0,0.3272415657,0.2239550389,0.04396343231,0.03752291203
214,1.0,0.0,0.0,0.0,1.0,1.0,0.3152011479,0.2172697413,0.0450013876,0.03633648157
215,1.0,0.0,0.0,0.0,1.0,1.0,0.3073736931,0.2204156887,0.04571390152,0.03719580173
216,1.0,0.0,0.0,0.0,1.0,1.0,0.3005981261,0.210954604,0.0435475111,0.03383946419
217,1.0,0.0,0.0,0.0,1.0,1.0,0.2902222554,0.2091031238,0.04228168726,0.03304135799
218,1.0,0.0,0.0,0.0,1.0,1.0,0.2952897677,0.2252265831,0.0446138382,0.03660625219
219,1.0,0.0,0.0,0.0,1.0,1.0,0.2943950104,0.2252265496,0.04446858168,0.03625464439
220,1.0,0.0,0.0,0.0,1.0,1.0,0.280217508,0.2154272874,0.04377061129,0.03560006618
221,1.0,0.0,0.0,0.0,1.0,1.0,0.2871531486,0.2234669559,0.04411190748,0.03637802601
222,1.0,0.0,0.0,0.0,1.0,1.0,0.276797158,0.2154273776,0.04286801815,0.03509998322
223,1.0,0.0,0.0,0.0,1.0,1.0,0.2802860414,0.224435889,0.04310256243,0.03629690409
224,1.0,0.0,0.0,0.0,1.0,1.0,0.2760886127,0.220929336,0.04228907824,0.03552287817
225,1.0,0.0,0.0,0.0,1.0,1.0,0.2774187141,0.2244363538,0.04282987118,0.03630614281
226,1.0,0.0,0.0,0.0,1.0,1.0,0.2771096864,0.2252266541,0.04185897112,0.03571969271
227,1.0,0.0,0.0,0.0,1.0,1.0,0.2734148955,0.2199478103,0.04138863087,0.03495663404
228,1.0,0.0,0.0,0.0,1.0,1.0,0.2765983187,0.2252263081,0.0421436429,0.03596258163
229,1.0,0.0,0.0,0.0,1.0,1.0,0.2745720405,0.2260221052,0.04246038198,0.03623282909
230,1.0,0.0,0.0,0.0,1.0,1.0,0.2715876191,0.2228720654,0.04182398319,0.03568977118
231,1.0,0.0,0.0,0.0,1.0,1.0,0.2653064731,0.2156690728,0.0409604311,0.03450775146
232,1.0,0.0,0.0,0.0,1.0,1.0,0.2791233805,0.2394493378,0.04257118702,0.03790205717
233,1.0,0.0,0.0,0.0,1.0,1.0,0.2746693369,0.2318292324,0.04267257452,0.03716641665
234,1.0,0.0,0.0,0.0,1.0,1.0,0.2428716982,0.2019421126,0.03770822287,0.03201127052
235,1.0,0.0,0.0,0.0,1.0,1.0,0.2511777662,0.2112222922,0.03814768791,0.03281235695
236,1.0,0.0,0.0,0.0,1.0,1.0,0.2578069496,0.2112222825,0.03872144222,0.03262144327
237,1.0,0.0,0.0,0.0,1.0,1.0,0.2494212656,0.207076289,0.03771835566,0.03214031458
238,1.0,0.0,0.0,0.0,1.0,1.0,0.2379621911,0.1888981041,0.03555446863,0.02897036076
239,1.0,0.0,0.0,0.0,1.0,1.0,0.2348510547,0.1932717301,0.03547841311,0.02960979939
240,1.0,0.0,0.0,0.0,1.0,1.0,0.2037525463,0.1642190147,0.03078281879,0.02467930317
241,1.0,0.0,0.0,0.0,1.0,1.0,0.188048217,0.1588398223,0.02861213684,0.02357852459
242,1.0,0.0,0.0,0.0,1.0,1.0,0.1865153924,0.1763720464,0.0282844305,0.02561610937
243,1.0,0.0,0.0,0.0,1.0,1.0,0.1842035745,0.1881079909,0.02732700109,0.02678591013
244,1.0,0.0,0.0,0.0,1.0,1.0,0.1619724292,0.1820689784,0.02395176888,0.02558481693
245,1.0,0.0,0.0,0.0,1.0,1.0,0.1615637766,0.1994930021,0.02386820316,0.02803122997
246,1.0,0.0,0.0,0.0,1.0,1.0,0.1550537375,0.2121834153,0.02269184589,0.02925336361
247,1.0,0.0,0.0,0.0,1.0,1.0,0.145751971,0.2202850795,0.02151691914,0.03017956018
248,1.0,0.0,0.0,0.0,1.0,1.0,0.1500995178,0.230030146,0.02299749851,0.03253298998
249,1.0,0.0,0.0,0.0,1.0,1.0,0.1398850664,0.2369195202,0.02067553997,0.03237354755
250,1.0,0.0,0.0,0.0,1.0,1.0,0.1376590633,0.2560047141,0.02089989185,0.03578746319
251,1.0,0.0,0.0,0.0,1.0,1.0,0.1558065021,0.2755665491,0.02341765165,0.03826791048
252,1.0,0.0,0.0,0.0,1.0,1.0,0.1474585726,0.2745503223,0.02254313231,0.03868514299
253,1.0,0.0,0.0,0.0,1.0,1.0,0.1463027446,0.2844565838,0.02292042971,0.04087018967
254,1.0,0.0,0.0,0.0,1.0,1.0,0.1467715363,0.2948542203,0.02349674702,0.04307723045
255,1.0,0.0,0.0,0.0,1.0,1.0,0.1540296767,0.2937289767,0.02475124598,0.04331463575
256,1.0,0.0,0.0,0.0,1.0,1.0,0.1427771579,0.2858323654,0.02253341675,0.04089403152
257,1.0,0.0,0.0,0.0,1.0,1.0,0.1738924707,0.2932724775,0.02744674683,0.04214042425
258,1.0,0.0,0.0,0.0,1.0,1.0,0.1589220733,0.2861146301,0.02483719587,0.04029136896
259,1.0,0.0,0.0,0.0,1.0,1.0,0.1591241774,0.277404106,0.02481597662,0.03931516409
260,1.0,0.0,0.0,0.0,1.0,1.0,0.1363690292,0.2677072707,0.02152937651,0.03824293613
261,1.0,0.0,0.0,0.0,1.0,1.0,0.1294241271,0.2518279581,0.02001607418,0.03558415174
262,1.0,0.0,0.0,0.0,1.0,1.0,0.1249302576,0.2360886317,0.01935213804,0.03365588188
263,1.0,0.0,0.0,0.0,1.0,1.0,0.1208116765,0.2251709018,0.01891034842,0.03266334534
264,1.0,0.0,0.0,0.0,1.0,1.0,0.1197830958,0.2156055098,0.01810711622,0.03027290106
265,1.0,0.0,0.0,0.0,1.0,1.0,0.1274706095,0.2178780227,0.01985061169,0.03135812283
266,1.0,0.0,0.0,0.0,1.0,1.0,0.1330126367,0.2249740853,0.02094423771,0.03287082911
267,1.0,0.0,0.0,0.0,1.0,1.0,0.1219283189,0.2073942239,0.01871198416,0.029769063
268,1.0,0.0,0.0,0.0,1.0,1.0,0.1253845395,0.2080547986,0.01958191395,0.03036612272
269,1.0,0.0,0.0,0.0,1.0,1.0,0.127665947,0.2091852143,0.02036321163,0.03141748905
270,1.0,0.0,0.0,0.0,1.0,1.0,0.1256131478,0.2045190223,0.01975238323,0.03034418821
271,1.0,0.0,0.0,0.0,1.0,1.0,0.1102459923,0.2045189625,0.01777791977,0.03089272976
272,1.0,0.0,0.0,0.0,1.0,1.0,0.1094279629,0.1995007739,0.01713043451,0.0294072032
273,1.0,0.0,0.0,0.0,1.0,1.0,0.1221946309,0.2045188225,0.01918715239,0.03035575151
274,1.0,0.0,0.0,0.0,1.0,1.0,0.120590813,0.2022217615,0.0189268589,0.02982413769
275,1.0,0.0,0.0,0.0,1.0,1.0,0.1092284477,0.2006601688,0.01723760366,0.02987855673
276,1.0,0.0,0.0,0.0,1.0,1.0,0.09701578159,0.1917531023,0.0150192976,0.02805477381
277,1.0,0.0,0.0,0.0,1.0,1.0,0.1023192355,0.1975638489,0.01583266258,0.02883809805
278,1.0,0.0,0.0,0.0,1.0,1.0,0.09152397971,0.1866662291,0.01430135965,0.02745860815
279,1.0,0.0,0.0,0.0,1.0,1.0,0.1251568951,0.1936904321,0.01946169138,0.02820539474
280,1.0,0.0,0.0,0.0,1.0,1.0,0.1294239008,0.1895492299,0.02036309242,0.02799928188
281,1.0,0.0,0.0,0.0,1.0,1.0,0.1144817863,0.1799761298,0.01777672768,0.02652394772
282,1.0,0.0,0.0,0.0,1.0,1.0,0.1106523484,0.1803505693,0.01781845093,0.02758991718
283,1.0,0.0,0.0,0.0,1.0,1.0,0.1202199587,0.1817168484,0.01911735535,0.02739208937
284,1.0,0.0,0.0,0.0,1.0,1.0,0.1142739266,0.1888258824,0.01812726259,0.02848565578
285,1.0,0.0,0.0,0.0,1.0,1.0,0.1076043699,0.1910130098,0.01671916246,0.02805411816
286,1.0,0.0,0.0,0.0,1.0,1.0,0.1086769819,0.2322354928,0.01646500826,0.03293007612
287,1.0,0.0,0.0,0.0,1.0,1.0,0.1026560039,0.2250809709,0.01574015617,0.03237122297
288,1.0,0.0,0.0,0.0,1.0,1.0,0.07732608722,0.2193896767,0.0117790699,0.03180354834
289,1.0,0.0,0.0,0.0,1.0,1.0,0.06057207789,0.1974702069,0.009711444378,0.02974134684
290,1.0,0.0,0.0,0.0,1.0,1.0,0.0804792487,0.1831643826,0.01271319389,0.02720034122
291,1.0,0.0,0.0,0.0,1.0,1.0,0.08513766479,0.192805971,0.0137129426,0.02921456099
292,1.0,0.0,0.0,0.0,1.0,1.0,0.09827551705,0.1931189918,0.01548486948,0.02834016085
293,1.0,0.0,0.0,0.0,1.0,1.0,0.09169198247,0.1900900695,0.01458114386,0.02828741074
294,1.0,0.0,0.0,0.0,1.0,1.0,0.1081964021,0.1998882729,0.01736974716,0.03002905846
295,1.0,0.0,0.0,0.0,1.0,1.0,0.1141169763,0.2018482587,0.01825141907,0.0303208828
296,1.0,0.0,0.0,0.0,1.0,1.0,0.1089965251,0.2018484061,0.01726323366,0.03013753891
297,1.0,0.0,0.0,0.0,1.0,1.0,0.09624259836,0.1994936168,0.01559072733,0.03028202057
298,1.0,0.0,0.0,0.0,1.0,1.0,0.09387025393,0.1967407846,0.01486259699,0.02914237976
299,1.0,0.0,0.0,0.0,1.0,1.0,0.09352594813,0.1987075935,0.01513838768,0.02997982502
300,1.0,0.0,0.0,0.0,1.0,1.0,0.09202976561,0.2034436996,0.01496130228,0.03082025051
301,1.0,0.0,0.0,0.0,1.0,1.0,0.09939208422,0.2082170286,0.01563584805,0.030403018
302,1.0,0.0,0.0,0.0,1.0,1.0,0.1021328945,0.213319928,0.01633471251,0.03150266409
303,1.0,0.0,0.0,0.0,1.0,1.0,0.08985800008,0.2042510346,0.01430559158,0.03007096052
304,1.0,0.0,0.0,0.0,1.0,1.0,0.09866547344,0.2133197925,0.01618212461,0.03236418962
305,1.0,0.0,0.0,0.0,1.0,1.0,0.09994407575,0.2096868193,0.01629245281,0.03169625998
306,1.0,0.0,0.0,0.0,1.0,1.0,0.09741869801,0.206110604,0.01608383656,0.03157192469
307,1.0,0.0,0.0,0.0,1.0,1.0,0.08268780879,0.1960443898,0.01343154907,0.02978295088
308,1.0,0.0,0.0,0.0,1.0,1.0,0.07785525244,0.1987079325,0.0125438571,0.02946341038
309,1.0,0.0,0.0,0.0,1.0,1.0,0.08016928698,0.2072487537,0.01323789358,0.03147673607
310,1.0,0.0,0.0,0.0,1.0,1.0,0.07190219403,0.2144472065,0.01171994209,0.03193688393
311,1.0,0.0,0.0,0.0,1.0,1.0,0.07291327246,0.2264358969,0.01211053133,0.03426378965
312,1.0,0.0,0.0,0.0,1.0,1.0,0.06579928796,0.2361959469,0.01085931063,0.0355129838
313,1.0,0.0,0.0,0.0,1.0,1.0,0.05445102195,0.2351627649,0.008994936943,0.03481918573
314,1.0,0.0,0.0,0.0,1.0,1.0,0.06413544111,0.238996988,0.01062238216,0.0357029438
315,1.0,0.0,0.0,0.0,1.0,1.0,0.07330418084,0.2291210867,0.01195788383,0.03383213282
316,1.0,0.0,0.0,0.0,1.0,1.0,0.0661525994,0.2400234212,0.01080399752,0.03562402725
317,1.0,0.0,0.0,0.0,1.0,1.0,0.07619871222,0.2332034687,0.01267296076,0.03507167101
318,1.0,0.0,0.0,0.0,1.0,1.0,0.08108346888,0.2197218475,0.01345700026,0.03305745125
319,1.0,0.0,0.0,0.0,1.0,1.0,0.07214280294,0.2197214514,0.01207071543,0.03326803446
320,1.0,0.0,0.0,0.0,1.0,1.0,0.07509226386,0.2127716519,0.01217848063,0.03160601854
321,1.0,0.0,0.0,0.0,1.0,1.0,0.06402139215,0.2194850058,0.01060730219,0.03300035
322,1.0,0.0,0.0,0.0,1.0,1.0,0.06830741769,0.2116464849,0.01091647148,0.03102564812
323,1.0,0.0,0.0,0.0,1.0,1.0,0.06867771516,0.2054187692,0.01110696793,0.03039801121
324,1.0,0.0,0.0,0.0,1.0,1.0,0.05780341814,0.2325231347,0.008750915527,0.03218084574
325,1.0,0.0,0.0,0.0,1.0,1.0,0.06977234105,0.2334760491,0.0102159977,0.03147631884
326,1.0,0.0,0.0,0.0,1.0,1.0,0.07687996566,0.2092328709,0.01162880659,0.02921390533
327,1.0,0.0,0.0,0.0,1.0,1.0,0.08540706311,0.2006753427,0.01328790188,0.028837502
328,1.0,0.0,0.0,0.0,1.0,1.0,0.07958530112,0.1854432297,0.01238775253,0.02736824751
329,1.0,0.0,0.0,0.0,1.0,1.0,0.08754241265,0.1640010537,0.01372605562,0.02430653572
330,1.0,0.0,0.0,0.0,1.0,1.0,0.1079984433,0.1729804066,0.01704967022,0.02600795031
331,1.0,0.0,0.0,0.0,1.0,1.0,0.1001298277,0.1639710514,0.01579076052,0.02456337214
332,1.0,0.0,0.0,0.0,1.0,1.0,0.09509614042,0.1659149941,0.01486134529,0.02447748184
333,1.0,0.0,0.0,0.0,1.0,1.0,0.09606465258,0.1620189467,0.01514446735,0.02417290211
334,1.0,0.0,0.0,0.0,1.0,1.0,0.1067546428,0.1652921757,0.01692843437,0.02510070801
335,1.0,0.0,0.0,0.0,1.0,1.0,0.0979122045,0.1829687068,0.01535886526,0.02695041895
336,1.0,0.0,0.0,0.0,1.0,1.0,0.1036459436,0.1744125073,0.0159047246,0.02527713776
337,1.0,0.0,0.0,0.0,1.0,1.0,0.09678043679,0.1712191463,0.01535725594,0.02539849281
338,1.0,0.0,0.0,0.0,1.0,1.0,0.1029385411,0.161264834,0.01606601477,0.02366095781
339,1.0,0.0,0.0,0.0,1.0,1.0,0.1089256303,0.1497137941,0.01696872711,0.02202957869
340,1.0,0.0,0.0,0.0,1.0,1.0,0.129022218,0.1410500979,0.02011269331,0.02101325989
341,1.0,0.0,0.0,0.0,1.0,1.0,0.1315570461,0.1294826373,0.01997691393,0.01908248663
342,1.0,0.0,0.0,0.0,1.0,1.0,0.1717188899,0.1467432223,0.02570861578,0.02137565613
343,1.0,0.0,0.0,0.0,1.0,1.0,0.1640010558,0.1348455419,0.02468335629,0.01974672079
344,1.0,0.0,0.0,0.0,1.0,1.0,0.1743213888,0.1422132807,0.02525365353,0.02020293474
345,1.0,0.0,0.0,0.0,1.0,1.0,0.1452343126,0.1254203308,0.021679461,0.01825642586
346,1.0,0.0,0.0,0.0,1.0,1.0,0.1279890191,0.1361108062,0.01945799589,0.02003026009
347,1.0,0.0,0.0,0.0,1.0,1.0,0.1362876826,0.1627443162,0.02138060331,0.02423131466
348,1.0,0.0,0.0,0.0,1.0,1.0,0.1404326848,0.1697895638,0.02217799425,0.02534627914
349,1.0,0.0,0.0,0.0,1.0,1.0,0.1479976072,0.1788885768,0.02352803946,0.02672326565
350,1.0,0.0,0.0,0.0,1.0,1.0,0.1438178512,0.1813656851,0.0233579874,0.02779299021
351,1.0,0.0,0.0,0.0,1.0,1.0,0.1464383708,0.1787464565,0.02299630642,0.02673321962
352,1.0,0.0,0.0,0.0,1.0,1.0,0.1412055613,0.1788881808,0.02219593525,0.02651977539
353,1.0,0.0,0.0,0.0,1.0,1.0,0.1438177767,0.1787462751,0.02250504494,0.02649325132
354,1.0,0.0,0.0,0.0,1.0,1.0,0.141987067,0.1802911673,0.02242106199,0.02678877115
355,1.0,0.0,0.0,0.0,1.0,1.0,0.1365357637,0.1787462992,0.0222645402,0.02760803699
356,1.0,0.0,0.0,0.0,1.0,1.0,0.1479976023,0.1742321454,0.02377033234,0.02670496702
357,1.0,0.0,0.0,0.0,1.0,1.0,0.1453733648,0.1729803933,0.02332675457,0.02624261379
358,1.0,0.0,0.0,0.0,1.0,1.0,0.1373556639,0.1723173222,0.02204537392,0.02610629797
359,1.0,0.0,0.0,0.0,1.0,1.0,0.1404622543,0.1838056368,0.02306395769,0.02838641405
360,1.0,0.0,0.0,0.0,1.0,1.0,0.1357040829,0.1820686752,0.02143061161,0.02722263336
361,1.0,0.0,0.0,0.0,1.0,1.0,0.1331371054,0.1825902426,0.02166676521,0.02819651365
362,1.0,0.0,0.0,0.0,1.0,1.0,0.1333807945,0.1827771517,0.02126789093,0.02738600969
363,1.0,0.0,0.0,0.0,1.0,1.0,0.1339829906,0.1820691196,0.02125644684,0.02700150013
364,1.0,0.0,0.0,0.0,1.0,1.0,0.1357935216,0.1787465161,0.02193373442,0.02719789743
365,1.0,0.0,0.0,0.0,1.0,1.0,0.1386085065,0.1794364556,0.02170652151,0.02656197548
366,1.0,0.0,0.0,0.0,1.0,1.0,0.1360402311,0.1768244812,0.0217679143,0.02670198679
367,1.0,0.0,0.0,0.0,1.0,1.0,0.1378540084,0.1787463901,0.02199339867,0.02691298723
368,1.0,0.0,0.0,0.0,1.0,1.0,0.1412256605,0.1902784506,0.02259677649,0.02868050337
369,1.0,0.0,0.0,0.0,1.0,1.0,0.1451097824,0.1818908536,0.02351558208,0.02792471647
370,1.0,0.0,0.0,0.0,1.0,1.0,0.145109777,0.1852249631,0.02348875999,0.02818650007
371,1.0,0.0,0.0,0.0,1.0,1.0,0.1502783531,0.1883564871,0.02391386032,0.0282356739
372,1.0,0.0,0.0,0.0,1.0,1.0,0.1425195835,0.1832953536,0.02352249622,0.02828657627
373,1.0,0.0,0.0,0.0,1.0,1.0,0.144063907,0.1845124204,0.02325487137,0.0279058218
374,1.0,0.0,0.0,0.0,1.0,1.0,0.1456021034,0.1806683817,0.02333015203,0.02707451582
375,1.0,0.0,0.0,0.0,1.0,1.0,0.1540356142,0.1857200227,0.02548992634,0.02875030041
376,1.0,0.0,0.0,0.0,1.0,1.0,0.1573360053,0.1876343597,0.02530574799,0.02818137407
377,1.0,0.0,0.0,0.0,1.0,1.0,0.1570550647,0.1881076991,0.02518230677,0.02833008766
378,1.0,0.0,0.0,0.0,1.0,1.0,0.1537605186,0.1773817995,0.02464795113,0.02665412426
379,1.0,0.0,0.0,0.0,1.0,1.0,0.1404621621,0.1768244369,0.02210372686,0.02607107162
380,1.0,0.0,0.0,0.0,1.0,1.0,0.1438588596,0.2051698521,0.02226537466,0.02958953381
381,1.0,0.0,0.0,0.0,1.0,1.0,0.1587012862,0.2196354345,0.02417141199,0.03136533499
382,1.0,0.0,0.0,0.0,1.0,1.0,0.1549230484,0.2153269876,0.02387911081,0.03086811304
383,1.0,0.0,0.0,0.0,1.0,1.0,0.1311650891,0.1770662621,0.0204282403,0.0258949399
384,1.0,0.0,0.0,0.0,1.0,1.0,0.1463922334,0.1794360549,0.02308881283,0.02650928497
385,1.0,0.0,0.0,0.0,1.0,1.0,0.1504534033,0.1792890113,0.02361649275,0.02642798424
386,1.0,0.0,0.0,0.0,1.0,1.0,0.1536214566,0.1813660415,0.02451306581,0.02710855007
387,1.0,0.0,0.0,0.0,1.0,1.0,0.1563873924,0.1876349163,0.02485519648,0.02799785137
388,1.0,0.0,0.0,0.0,1.0,1.0,0.1587562135,0.185224657,0.02476555109,0.02701693773
389,1.0,0.0,0.0,0.0,1.0,1.0,0.1605601253,0.1871543291,0.02524787188,0.02751737833
390,1.0,0.0,0.0,0.0,1.0,1.0,0.1900348305,0.2214672195,0.03103727102,0.03362369537
391,1.0,0.0,0.0,0.0,1.0,1.0,0.1907864751,0.2235592561,0.03061974049,0.03342890739
392,1.0,0.0,0.0,0.0,1.0,1.0,0.1977877376,0.231073995,0.03231084347,0.03517025709
393,1.0,0.0,0.0,0.0,1.0,1.0,0.1998883726,0.2320800817,0.03295367956,0.03553265333
394,1.0,0.0,0.0,0.0,1.0,1.0,0.1939475218,0.2254384045,0.03157490492,0.03413510323
395,1.0,0.0,0.0,0.0,1.0,1.0,0.1946283422,0.2235595416,0.03171610832,0.03400194645
396,1.0,0.0,0.0,0.0,1.0,1.0,0.2023304338,0.2312143234,0.03307634592,0.03535747528
397,1.0,0.0,0.0,0.0,1.0,1.0,0.1991893548,0.2291953311,0.03253728151,0.03482061625
398,1.0,0.0,0.0,0.0,1.0,1.0,0.2075631766,0.2339516838,0.03371614218,0.03541606665
399,1.0,0.0,0.0,0.0,1.0,1.0,0.204074488,0.234943557,0.03326833248,0.0358274579
400,1.0,0.0,0.0,0.0,1.0,1.0,0.203719092,0.2376949865,0.03322172165,0.03606116772
401,1.0,0.0,0.0,0.0,1.0,1.0,0.1970974789,0.2339518526,0.03259909153,0.0360609889
402,1.0,0.0,0.0,0.0,1.0,1.0,0.2054601895,0.2433097288,0.03324687481,0.03662788868
403,1.0,0.0,0.0,0.0,1.0,1.0,0.2023299646,0.2376948828,0.03318929672,0.03633660078
404,1.0,0.0,0.0,0.0,1.0,1.0,0.2075629493,0.235927635,0.03393918276,0.03622078896
405,1.0,0.0,0.0,0.0,1.0,1.0,0.2037188642,0.2405374576,0.03327596188,0.03668892384
406,1.0,0.0,0.0,0.0,1.0,1.0,0.2005922614,0.233951631,0.03228372335,0.0353987813
407,1.0,0.0,0.0,0.0,1.0,1.0,0.2019963772,0.2358234897,0.03252124786,0.03563195467
408,1.0,0.0,0.0,0.0,1.0,1.0,0.2051487838,0.2358230669,0.03332084417,0.0358839035
409,1.0,0.0,0.0,0.0,1.0,1.0,0.1960375353,0.2218909417,0.03231418133,0.03433382511
410,1.0,0.0,0.0,0.0,1.0,1.0,0.1998884065,0.2320803886,0.03269678354,0.03556495905
411,1.0,0.0,0.0,0.0,1.0,1.0,0.2012764487,0.230354413,0.0333481431,0.03564798832
412,1.0,0.0,0.0,0.0,1.0,1.0,0.1949701352,0.2281741601,0.03200989962,0.03489363194
413,1.0,0.0,0.0,0.0,1.0,1.0,0.2030388966,0.23208022,0.03292995691,0.03520101309
414,1.0,0.0,0.0,0.0,1.0,1.0,0.2082900168,0.2414383501,0.0339217782,0.03677237034
415,1.0,0.0,0.0,0.0,1.0,1.0,0.1967265818,0.2367102336,0.03216969967,0.03619098663
416,1.0,0.0,0.0,0.0,1.0,1.0,0.1453021109,0.2073529046,0.02134102583,0.02883917093
417,1.0,0.0,0.0,0.0,1.0,1.0,0.1463062644,0.2121264736,0.02221286297,0.03000175953
418,1.0,0.0,0.0,0.0,1.0,1.0,0.1430462177,0.2153268704,0.02179026604,0.03039169312
419,1.0,0.0,0.0,0.0,1.0,1.0,0.1315536697,0.1834911282,0.02002441883,0.02614295483
420,1.0,0.0,0.0,0.0,1.0,1.0,0.1507239089,0.1929424059,0.02390450239,0.02845770121
421,1.0,0.0,0.0,0.0,1.0,1.0,0.1572358207,0.2053116107,0.02494847775,0.03039699793
422,1.0,0.0,0.0,0.0,1.0,1.0,0.1686447271,0.2106106542,0.02712363005,0.03140634298
423,1.0,0.0,0.0,0.0,1.0,1.0,0.1917942235,0.2357171989,0.0307905674,0.0353102684
424,1.0,0.0,0.0,0.0,1.0,1.0,0.2005923855,0.2460747866,0.03262513876,0.03720408678
425,1.0,0.0,0.0,0.0,1.0,1.0,0.2104087179,0.258282846,0.03464871645,0.03984606266
426,1.0,0.0,0.0,0.0,1.0,1.0,0.2132848095,0.2583461666,0.03496342897,0.03958666325
427,1.0,0.0,0.0,0.0,1.0,1.0,0.2159072135,0.2601544408,0.03563755751,0.03994858265
428,1.0,0.0,0.0,0.0,1.0,1.0,0.2156691149,0.2592537702,0.035407722,0.03972572088
429,1.0,0.0,0.0,0.0,1.0,1.0,0.2120553705,0.2545392375,0.03422993422,0.03815793991
430,1.0,0.0,0.0,0.0,1.0,1.0,0.2174953622,0.2600775942,0.03601098061,0.0400121212
431,1.0,0.0,0.0,0.0,1.0,1.0,0.2249605265,0.2673785045,0.03762471676,0.0416456461
432,1.0,0.0,0.0,0.0,1.0,1.0,0.2234454416,0.2637931041,0.03686064482,0.04057526588
433,1.0,0.0,0.0,0.0,1.0,1.0,0.2243996891,0.2703713077,0.0372223258,0.04151719809
434,1.0,0.0,0.0,0.0,1.0,1.0,0.2243995954,0.2683686518,0.03716623783,0.04145467281
435,1.0,0.0,0.0,0.0,1.0,1.0,0.2205665302,0.2675085235,0.03560942411,0.04006057978
436,1.0,0.0,0.0,0.0,1.0,1.0,0.225347637,0.2646669328,0.03736519814,0.04078793526
437,1.0,0.0,0.0,0.0,1.0,1.0,0.2321063479,0.273920908,0.03799331188,0.0419626832
438,1.0,0.0,0.0,0.0,1.0,1.0,0.2127957554,0.2545748557,0.03483575583,0.03854775429
439,1.0,0.0,0.0,0.0,1.0,1.0,0.1510784897,0.2135737689,0.02267861366,0.02994740009
440,1.0,0.0,0.0,0.0,1.0,1.0,0.1544939226,0.2223247155,0.02350747585,0.03163349628
441,1.0,0.0,0.0,0.0,1.0,1.0,0.1230372363,0.2072015108,0.01881980896,0.02953267097
442,1.0,0.0,0.0,0.0,1.0,1.0,0.1572358358,0.1979662013,0.02461647987,0.02914363146
443,1.0,0.0,0.0,0.0,1.0,1.0,0.1931546458,0.2357176021,0.03068810701,0.03519278765
444,1.0,0.0,0.0,0.0,1.0,1.0,0.1995351518,0.239409732,0.03227186203,0.03598451614
445,1.0,0.0,0.0,0.0,1.0,1.0,0.217269855,0.2611323022,0.03554296494,0.03952378035
446,1.0,0.0,0.0,0.0,1.0,1.0,0.2253988761,0.2677750554,0.03709322214,0.04083126783
447,1.0,0.0,0.0,0.0,1.0,1.0,0.2288932017,0.2657692854,0.03744381666,0.04058796167
448,1.0,0.0,0.0,0.0,1.0,1.0,0.2283948049,0.2683684448,0.03819870949,0.04164516926
449,1.0,0.0,0.0,0.0,1.0,1.0,0.2265169627,0.2656509226,0.03731578588,0.04073405266
450,1.0,0.0,0.0,0.0,1.0,1.0,0.2295784429,0.2693662817,0.0383579731,0.04181879759
451,1.0,0.0,0.0,0.0,1.0,1.0,0.2238332958,0.2591837773,0.03663754463,0.03947770596
452,1.0,0.0,0.0,0.0,1.0,1.0,0.2295780885,0.2665178554,0.03799235821,0.04113459587
453,1.0,0.0,0.0,0.0,1.0,1.0,0.2360749266,0.2739209848,0.03925454617,0.04240638018
454,1.0,0.0,0.0,0.0,1.0,1.0,0.2276988252,0.2637931234,0.03755956888,0.04071342945
455,1.0,0.0,0.0,0.0,1.0,1.0,0.2337265345,0.2683688625,0.0382796526,0.04142200947
456,1.0,0.0,0.0,0.0,1.0,1.0,0.2338380626,0.2665177477,0.03852242231,0.04109060764
457,1.0,0.0,0.0,0.0,1.0,1.0,0.2351627523,0.2702196333,0.03866964579,0.04151302576
458,1.0,0.0,0.0,0.0,1.0,1.0,0.2338379802,0.2675083992,0.03869533539,0.04127502441
459,1.0,0.0,0.0,0.0,1.0,1.0,0.2403500264,0.277622823,0.0397978425,0.04294735193
460,1.0,0.0,0.0,0.0,1.0,1.0,0.2362953905,0.270525731,0.03844594955,0.04100900888
461,1.0,0.0,0.0,0.0,1.0,1.0,0.2363894231,0.2703715528,0.03891861439,0.04149419069
462,1.0,0.0,0.0,0.0,1.0,1.0,0.2363900169,0.2693663227,0.03907459974,0.04166036844
463,1.0,0.0,0.0,0.0,1.0,1.0,0.2321059004,0.2656512095,0.03853082657,0.04111880064
464,1.0,0.0,0.0,0.0,1.0,1.0,0.2346517161,0.2675085147,0.03820592165,0.04075294733
465,1.0,0.0,0.0,0.0,1.0,1.0,0.2386983993,0.2719068588,0.03954041004,0.04210054874
466,1.0,0.0,0.0,0.0,1.0,1.0,0.2299753254,0.263793301,0.03792351484,0.04048979282
467,1.0,0.0,0.0,0.0,1.0,1.0,0.2329131061,0.269366436,0.03796297312,0.04107940197
468,1.0,0.0,0.0,0.0,1.0,1.0,0.2329131827,0.2730815751,0.03826123476,0.04197317362
469,1.0,0.0,0.0,0.0,1.0,1.0,0.2326289077,0.2655343647,0.03842324018,0.04098474979
470,1.0,0.0,0.0,0.0,1.0,1.0,0.2342442072,0.2702192736,0.03846186399,0.04159575701
471,1.0,0.0,0.0,0.0,1.0,1.0,0.2347564971,0.2702194563,0.03883820772,0.04169398546
472,1.0,0.0,0.0,0.0,1.0,1.0,0.2339485883,0.266395345,0.03853279352,0.04108273983
473,1.0,0.0,0.0,0.0,1.0,1.0,0.2400031515,0.2719067897,0.03976374865,0.04203593731
474,1.0,0.0,0.0,0.0,1.0,1.0,0.2329133591,0.2656509645,0.03836768866,0.04094463587
475,1.0,0.0,0.0,0.0,1.0,1.0,0.2283433696,0.263011068,0.03671962023,0.03954422474
476,1.0,0.0,0.0,0.0,1.0,1.0,0.2292937574,0.2656509077,0.03756463528,0.04100573063
477,1.0,0.0,0.0,0.0,1.0,1.0,0.228745364,0.2582203047,0.03700989485,0.03957217932
478,1.0,0.0,0.0,0.0,1.0,1.0,0.2292939591,0.2685070458,0.03743690252,0.04115206003
479,1.0,0.0,0.0,0.0,1.0,1.0,0.2288930866,0.2647773684,0.03733116388,0.04046583176
480,1.0,0.0,0.0,0.0,1.0,1.0,0.2292941966,0.2619355821,0.0371696353,0.0400069952
481,1.0,0.0,0.0,0.0,1.0,1.0,0.2265173839,0.2646672652,0.03675127029,0.04011780024
482,1.0,0.0,0.0,0.0,1.0,1.0,0.2261257768,0.2655344386,0.03663945198,0.04027545452
483,1.0,0.0,0.0,0.0,1.0,1.0,0.2105907351,0.2507825116,0.0341604948,0.03808051348
484,1.0,0.0,0.0,0.0,1.0,1.0,0.2138022025,0.2608031714,0.03518760204,0.0399351716
485,1.0,0.0,0.0,0.0,1.0,1.0,0.2080747545,0.2507757767,0.0338613987,0.03802472353
486,1.0,0.0,0.0,0.0,1.0,1.0,0.222098211,0.2689408632,0.03597444296,0.04033499956
487,1.0,0.0,0.0,0.0,1.0,1.0,0.2189410933,0.2650847975,0.03556400537,0.04017919302
488,1.0,0.0,0.0,0.0,1.0,1.0,0.2115483109,0.2615026804,0.03408569098,0.03918516636
489,1.0,0.0,0.0,0.0,1.0,1.0,0.2158262203,0.2623535413,0.0352705121,0.03988283873
490,1.0,0.0,0.0,0.0,1.0,1.0,0.2058651304,0.2560850286,0.03375321627,0.03919732571
491,1.0,0.0,0.0,0.0,1.0,1.0,0.2134571512,0.2613382708,0.03520560265,0.04039090872
492,1.0,0.0,0.0,0.0,1.0,1.0,0.2140482955,0.2668760481,0.03546190262,0.0406448245
493,1.0,0.0,0.0,0.0,1.0,1.0,0.2127524778,0.265084823,0.03555852175,0.04079580307
494,1.0,0.0,0.0,0.0,1.0,1.0,0.2197121352,0.2659229366,0.0364613533,0.04084765911
495,1.0,0.0,0.0,0.0,1.0,1.0,0.234295514,0.2772306428,0.03919315338,0.04303026199
496,1.0,0.0,0.0,0.0,1.0,1.0,0.2242972196,0.2720898593,0.03641819954,0.04097044468
497,1.0,0.0,0.0,0.0,1.0,1.0,0.2335298271,0.2787916844,0.03867644072,0.04300385714
498,1.0,0.0,0.0,0.0,1.0,1.0,0.2356408338,0.2733661902,0.03919887543,0.04244285822
499,1.0,0.0,0.0,0.0,1.0,1.0,0.237572178,0.2787914283,0.03925216198,0.04304200411
500,1.0,0.0,0.0,0.0,1.0,1.0,0.2375722257,0.2736988627,0.03922867775,0.04193413258
501,1.0,0.0,0.0,0.0,1.0,1.0,0.2325433512,0.2677079909,0.03823202848,0.04067242146
502,1.0,0.0,0.0,0.0,1.0,1.0,0.2330390895,0.2730618001,0.03869789839,0.04169559479
503,1.0,0.0,0.0,0.0,1.0,1.0,0.2358417429,0.2720900861,0.03871715069,0.04142469168
504,1.0,0.0,0.0,0.0,1.0,1.0,0.2379625339,0.2738681037,0.0393936038,0.04183864594
505,1.0,0.0,0.0,0.0,1.0,1.0,0.2412445938,0.276441368,0.03991794586,0.04236191511
506,1.0,0.0,0.0,0.0,1.0,1.0,0.2457644973,0.278996086,0.04039674997,0.04255121946
507,1.0,0.0,0.0,0.0,1.0,1.0,0.2388190225,0.2719333108,0.03924494982,0.0413954258
508,1.0,0.0,0.0,0.0,1.0,1.0,0.2474027327,0.2789960015,0.0408949852,0.04279077053
509,1.0,0.0,0.0,0.0,1.0,1.0,0.2510913975,0.2817574858,0.04130750895,0.04292738438
510,1.0,0.0,0.0,0.0,1.0,1.0,0.2502745863,0.2802004551,0.04149585962,0.04314470291
511,1.0,0.0,0.0,0.0,1.0,1.0,0.2414760662,0.2688031373,0.03988736868,0.04127234221
512,1.0,0.0,0.0,0.0,1.0,1.0,0.249447379,0.2764417221,0.04164040089,0.04301929474
513,1.0,0.0,0.0,0.0,1.0,1.0,0.2427456125,0.2714311525,0.04041349888,0.04208576679
514,1.0,0.0,0.0,0.0,1.0,1.0,0.2419348151,0.2696335887,0.04025840759,0.04164665937
515,1.0,0.0,0.0,0.0,1.0,1.0,0.2465507875,0.2712774617,0.0409873724,0.04181271791
516,1.0,0.0,0.0,0.0,1.0,1.0,0.2415318957,0.2650846773,0.03956598043,0.04038453102
517,1.0,0.0,0.0,0.0,1.0,1.0,0.2352609958,0.2606454816,0.03894966841,0.04005455971
518,1.0,0.0,0.0,0.0,1.0,1.0,0.2406684754,0.2623537479,0.03942787647,0.04024928808
519,1.0,0.0,0.0,0.0,1.0,1.0,0.2510995822,0.2711249052,0.0418946147,0.04217016697
520,1.0,0.0,0.0,0.0,1.0,1.0,0.2390694928,0.2605687909,0.03981602192,0.04036897421
521,1.0,0.0,0.0,0.0,1.0,1.0,0.2440498492,0.2631983691,0.0400582552,0.04033076763
522,1.0,0.0,0.0,0.0,1.0,1.0,0.2373256719,0.2615028143,0.03902679682,0.04012614489
523,1.0,0.0,0.0,0.0,1.0,1.0,0.238997066,0.2569993363,0.0394924283,0.03976857662
524,1.0,0.0,0.0,0.0,1.0,1.0,0.2448633169,0.2649767492,0.04047113657,0.04102176428
525,1.0,0.0,0.0,0.0,1.0,1.0,0.2397989122,0.2614199503,0.03935647011,0.0404573679
526,1.0,0.0,0.0,0.0,1.0,1.0,0.2461188214,0.2674565193,0.04058253765,0.04167938232
527,1.0,0.0,0.0,0.0,1.0,1.0,0.2435614016,0.2605685193,0.03986471891,0.04013961554
528,1.0,0.0,0.0,0.0,1.0,1.0,0.2389967964,0.2623533454,0.03953146935,0.04063725471
529,1.0,0.0,0.0,0.0,1.0,1.0,0.2436036544,0.2604929007,0.03992801905,0.04020148516
530,1.0,0.0,0.0,0.0,1.0,1.0,0.2452722059,0.2613379945,0.03961032629,0.03987973928
531,1.0,0.0,0.0,0.0,1.0,1.0,0.2374089883,0.2560406964,0.03896230459,0.03950721025
532,1.0,0.0,0.0,0.0,1.0,1.0,0.244049692,0.258658321,0.04027688503,0.04027688503
533,1.0,0.0,0.0,0.0,1.0,1.0,0.2369291662,0.2560849819,0.0386698246,0.03921455145
534,1.0,0.0,0.0,0.0,1.0,1.0,0.2393970454,0.2614200096,0.03919893503,0.04029548168
535,1.0,0.0,0.0,0.0,1.0,1.0,0.2386726394,0.2578065979,0.03954160213,0.04009079933
536,1.0,0.0,0.0,0.0,1.0,1.0,0.2393976587,0.2596413714,0.03910297155,0.03992325068
537,1.0,0.0,0.0,0.0,1.0,1.0,0.2498602986,0.2612573407,0.04124939442,0.04043525457
538,1.0,0.0,0.0,0.0,1.0,1.0,0.2407292707,0.2595722739,0.03963106871,0.0401777029
539,1.0,0.0,0.0,0.0,1.0,1.0,0.2453326263,0.2613382793,0.04092347622,0.04064881802
540,1.0,0.0,0.0,0.0,1.0,1.0,0.2412445957,0.2604179045,0.04021942616,0.04049301147
541,1.0,0.0,0.0,0.0,1.0,1.0,0.2324282986,0.2551765831,0.03769302368,0.0387699604
542,1.0,0.0,0.0,0.0,1.0,1.0,0.2348690007,0.2516326833,0.03800559044,0.03827512264
543,1.0,0.0,0.0,0.0,1.0,1.0,0.2327010414,0.2543380105,0.038236022,0.0390611887
544,1.0,0.0,0.0,0.0,1.0,1.0,0.2306404784,0.2516449835,0.03778934479,0.038610816
545,1.0,0.0,0.0,0.0,1.0,1.0,0.2361411142,0.2560845798,0.0384337306,0.03897500038
546,1.0,0.0,0.0,0.0,1.0,1.0,0.2344782208,0.2560846966,0.03825443983,0.03906834126
547,1.0,0.0,0.0,0.0,1.0,1.0,0.2382773332,0.2613381112,0.03911429644,0.04020082951
548,1.0,0.0,0.0,0.0,1.0,1.0,0.2411300976,0.2622648784,0.03995889425,0.04078561068
549,1.0,0.0,0.0,0.0,1.0,1.0,0.2427452754,0.262177248,0.03946435452,0.04055303335
550,1.0,0.0,0.0,0.0,1.0,1.0,0.2397990176,0.2587207999,0.03907132149,0.03989100456
551,1.0,0.0,0.0,0.0,1.0,1.0,0.2473366437,0.263104037,0.03983980417,0.04038184881
552,1.0,0.0,0.0,0.0,1.0,1.0,0.246093415,0.2622648705,0.04006123543,0.04033380747
553,1.0,0.0,0.0,0.0,1.0,1.0,0.2460940268,0.2648697587,0.04021078348,0.04103136063
554,1.0,0.0,0.0,0.0,1.0,1.0,0.2527709411,0.269215861,0.04153895378,0.04181218147
555,1.0,0.0,0.0,0.0,1.0,1.0,0.2502774801,0.2656968361,0.040969491,0.04124265909
556,1.0,0.0,0.0,0.0,1.0,1.0,0.2436035289,0.2613382454,0.03963339329,0.040176332
557,1.0,0.0,0.0,0.0,1.0,1.0,0.2431974515,0.2640368124,0.04025191069,0.04107898474
558,1.0,0.0,0.0,0.0,1.0,1.0,0.2440496794,0.2613383883,0.0401237011,0.04039669037
559,1.0,0.0,0.0,0.0,1.0,1.0,0.2339829985,0.2569993542,0.03812015057,0.03920930624
560,1.0,0.0,0.0,0.0,1.0,1.0,0.2461187133,0.2648695971,0.04088801146,0.04144054651
561,1.0,0.0,0.0,0.0,1.0,1.0,0.2397989635,0.2551767003,0.03917312622,0.03944706917
562,1.0,0.0,0.0,0.0,1.0,1.0,0.2351629351,0.2534299395,0.03804475069,0.03858822584
563,1.0,0.0,0.0,0.0,1.0,1.0,0.2414756878,0.2587208265,0.03920835257,0.03975296021
564,1.0,0.0,0.0,0.0,1.0,1.0,0.2469405948,0.259572357,0.04047346115,0.04019999504
565,1.0,0.0,0.0,0.0,1.0,1.0,0.2481945403,0.26935297,0.04026067257,0.04107129574
566,1.0,0.0,0.0,0.0,1.0,1.0,0.2490247928,0.2746691504,0.04040062428,0.04202747345
567,1.0,0.0,0.0,0.0,1.0,1.0,0.2469403533,0.2648698246,0.03965753317,0.04019349813
568,1.0,0.0,0.0,0.0,1.0,1.0,0.245272107,0.2693531254,0.03956735134,0.04091316462
569,1.0,0.0,0.0,0.0,1.0,1.0,0.2511075263,0.2719328114,0.04116719961,0.04198509455
570,1.0,0.0,0.0,0.0,1.0,1.0,0.2527515403,0.2700246526,0.04181665182,0.04208993912
571,1.0,0.0,0.0,0.0,1.0,1.0,0.2465513398,0.2639369597,0.04021555185,0.04048538208
572,1.0,0.0,0.0,0.0,1.0,1.0,0.2502745328,0.2736986517,0.04069566727,0.04177373648
573,1.0,0.0,0.0,0.0,1.0,1.0,0.2465511988,0.2701672773,0.03991401196,0.04098552465
574,1.0,0.0,0.0,0.0,1.0,1.0,0.2399321405,0.2658089132,0.03899210691,0.04033666849
575,1.0,0.0,0.0,0.0,1.0,1.0,0.245737252,0.2656968356,0.04015278816,0.04069179296
576,1.0,0.0,0.0,0.0,1.0,1.0,0.2391404435,0.2613382932,0.03903234005,0.03983992338
577,1.0,0.0,0.0,0.0,1.0,1.0,0.241586681,0.2622651351,0.03979414701,0.0403393507
578,1.0,0.0,0.0,0.0,1.0,1.0,0.2245000314,0.2489712904,0.03644543886,0.03779530525
579,1.0,0.0,0.0,0.0,1.0,1.0,0.2411877385,0.2622650128,0.03943061829,0.03997075558
580,1.0,0.0,0.0,0.0,1.0,1.0,0.2378040575,0.2551767633,0.03915661573,0.03943043947
581,1.0,0.0,0.0,0.0,1.0,1.0,0.2344778241,0.258720625,0.03829419613,0.03965216875
582,1.0,0.0,0.0,0.0,1.0,1.0,0.232428507,0.2543060954,0.03844457865,0.03926831484
583,1.0,0.0,0.0,0.0,1.0,1.0,0.2353578688,0.2569490583,0.03853458166,0.0393487215
584,1.0,0.0,0.0,0.0,1.0,1.0,0.2294892743,0.252527982,0.03740602732,0.03849023581
585,1.0,0.0,0.0,0.0,1.0,1.0,0.2332031664,0.2596416712,0.03843224049,0.04007935524
586,1.0,0.0,0.0,0.0,1.0,1.0,0.2319239621,0.2534045146,0.03800618649,0.03909987211
587,1.0,0.0,0.0,0.0,1.0,1.0,0.2339832553,0.2596416194,0.03808385134,0.03971600533
588,1.0,0.0,0.0,0.0,1.0,1.0,0.2382003463,0.2631984604,0.03842818737,0.03977185488
589,1.0,0.0,0.0,0.0,1.0,1.0,0.2364451994,0.2615025896,0.03903865814,0.04042297602
590,1.0,0.0,0.0,0.0,1.0,1.0,0.2397989792,0.2650850571,0.03900128603,0.0403649807
591,1.0,0.0,0.0,0.0,1.0,1.0,0.2343750157,0.2597116444,0.03829187155,0.03965944052
592,1.0,0.0,0.0,0.0,1.0,1.0,0.230899533,0.2570507572,0.03718477488,0.03881335258
593,1.0,0.0,0.0,0.0,1.0,1.0,0.2288286612,0.2534556681,0.03690856695,0.03826546669
594,1.0,0.0,0.0,0.0,1.0,1.0,0.2347681407,0.261502856,0.03875470161,0.04041564465
595,1.0,0.0,0.0,0.0,1.0,1.0,0.2368423612,0.2607241923,0.03883361816,0.03965991735
596,1.0,0.0,0.0,0.0,1.0,1.0,0.2329781276,0.2597825899,0.03768706322,0.0393255949
597,1.0,0.0,0.0,0.0,1.0,1.0,0.2342703799,0.2588483392,0.03778231144,0.03914141655
598,1.0,0.0,0.0,0.0,1.0,1.0,0.2359560652,0.2569991272,0.03817248344,0.03926306963
599,1.0,0.0,0.0,0.0,1.0,1.0,0.2372411522,0.259711524,0.03839689493,0.03948616982
600,1.0,0.0,0.0,0.0,1.0,1.0,0.235063066,0.2552527363,0.03776413202,0.03857916594
601,1.0,0.0,0.0,0.0,1.0,1.0,0.2371556274,0.2543379755,0.03827536106,0.03882211447
602,1.0,0.0,0.0,0.0,1.0,1.0,0.2385220716,0.2597119083,0.03879761696,0.03961735964
603,1.0,0.0,0.0,0.0,1.0,1.0,0.2285412808,0.2489584906,0.03693515062,0.03803771734
604,1.0,0.0,0.0,0.0,1.0,1.0,0.2362626754,0.2525664778,0.03769153357,0.03796267509
605,1.0,0.0,0.0,0.0,1.0,1.0,0.2279129487,0.2471540245,0.0372236371,0.03777509928
606,1.0,0.0,0.0,0.0,1.0,1.0,0.1501946384,0.1464026417,0.02190488577,0.02028226852
607,1.0,0.0,0.0,0.0,1.0,1.0,0.1572156723,0.1777661248,0.02306449413,0.02471190691
608,1.0,0.0,0.0,0.0,1.0,1.0,0.134470581,0.1466363497,0.02038311958,0.02093398571
609,1.0,0.0,0.0,0.0,1.0,1.0,0.1738922476,0.1927760386,0.02726066113,0.02836209536
610,1.0,0.0,0.0,0.0,1.0,1.0,0.1985192089,0.2167908506,0.03209334612,0.03264671564
611,1.0,0.0,0.0,0.0,1.0,1.0,0.2002306247,0.2243271665,0.0317119956,0.03333824873
612,1.0,0.0,0.0,0.0,1.0,1.0,0.2243645128,0.2435002822,0.03591704369,0.03646123409
613,1.0,0.0,0.0,0.0,1.0,1.0,0.228151971,0.248049652,0.03659504652,0.03741431236
614,1.0,0.0,0.0,0.0,1.0,1.0,0.2256804456,0.2462129283,0.03623598814,0.0367808938
615,1.0,0.0,0.0,0.0,1.0,1.0,0.242289021,0.2615028311,0.03939598799,0.03994315863
616,1.0,0.0,0.0,0.0,1.0,1.0,0.229989922,0.2561748251,0.03725677729,0.03890049458
617,1.0,0.0,0.0,0.0,1.0,1.0,0.2363545157,0.2607236914,0.03855192661,0.03965336084
618,1.0,0.0,0.0,0.0,1.0,1.0,0.232467791,0.2598547262,0.03768461943,0.03933501244
619,1.0,0.0,0.0,0.0,1.0,1.0,0.233767647,0.2589135146,0.03777170181,0.03914028406
620,1.0,0.0,0.0,0.0,1.0,1.0,0.2312897558,0.2579782914,0.03781861067,0.03947484493
621,1.0,0.0,0.0,0.0,1.0,1.0,0.2341646873,0.2607241505,0.03807663918,0.03973215818
622,1.0,0.0,0.0,0.0,1.0,1.0,0.242648764,0.2643454451,0.03898006678,0.03979790211
623,1.0,0.0,0.0,0.0,1.0,1.0,0.2401365069,0.2597826575,0.03911042213,0.03966128826
624,1.0,0.0,0.0,0.0,1.0,1.0,0.2422374533,0.263390673,0.03944319487,0.04027068615
625,1.0,0.0,0.0,0.0,1.0,1.0,0.2498604192,0.2679666382,0.04050481319,0.04105973244
626,1.0,0.0,0.0,0.0,1.0,1.0,0.2379623699,0.2579789029,0.03881502151,0.03964680433
627,1.0,0.0,0.0,0.0,1.0,1.0,0.2515489846,0.2678358901,0.0410322547,0.04103219509
628,1.0,0.0,0.0,0.0,1.0,1.0,0.2477538874,0.2668758128,0.04037952423,0.04092884064
629,1.0,0.0,0.0,0.0,1.0,1.0,0.2477536317,0.2668761122,0.04080629349,0.04136151075
630,1.0,0.0,0.0,0.0,1.0,1.0,0.2574321046,0.2730619278,0.04174160957,0.04174160957
631,1.0,0.0,0.0,0.0,1.0,1.0,0.2456252419,0.2678357922,0.03969568014,0.04079073668
632,1.0,0.0,0.0,0.0,1.0,1.0,0.2481836106,0.2667550288,0.04049104452,0.04103821516
633,1.0,0.0,0.0,0.0,1.0,1.0,0.2410717564,0.2631982573,0.03932958841,0.04042202234
634,1.0,0.0,0.0,0.0,1.0,1.0,0.2353580306,0.2621777039,0.03872108459,0.04062986374
635,1.0,0.0,0.0,0.0,1.0,1.0,0.2365345644,0.2641382378,0.0384709239,0.04009646177
636,1.0,0.0,0.0,0.0,1.0,1.0,0.240393203,0.2666352332,0.03943455219,0.04078495502
637,1.0,0.0,0.0,0.0,1.0,1.0,0.2424389848,0.2684015735,0.03947538137,0.04081809521
638,1.0,0.0,0.0,0.0,1.0,1.0,0.2366228727,0.2666353443,0.03872913122,0.04089576006
639,1.0,0.0,0.0,0.0,1.0,1.0,0.2419876784,0.2666353938,0.03966969252,0.04102820158
640,1.0,0.0,0.0,0.0,1.0,1.0,0.2403302482,0.2693531283,0.03983205557,0.04175496101
641,1.0,0.0,0.0,0.0,1.0,1.0,0.2490361766,0.2746693503,0.04118961096,0.04228067398
642,1.0,0.0,0.0,0.0,1.0,1.0,0.2298716705,0.2650851568,0.03785735369,0.04060065746
643,1.0,0.0,0.0,0.0,1.0,1.0,0.2452412268,0.2760189054,0.04019528627,0.04212242365
644,1.0,0.0,0.0,0.0,1.0,1.0,0.2402664196,0.2730619504,0.0395539999,0.04202616215
645,1.0,0.0,0.0,0.0,1.0,1.0,0.2486177069,0.2782135096,0.04106324911,0.04297947884
646,1.0,0.0,0.0,0.0,1.0,1.0,0.2498605794,0.2802009167,0.04101204872,0.04292595387
647,1.0,0.0,0.0,0.0,1.0,1.0,0.2494473005,0.2754645539,0.0409989357,0.04235655069
648,1.0,0.0,0.0,0.0,1.0,1.0,0.2482057168,0.272897397,0.04057872295,0.04166084528
649,1.0,0.0,0.0,0.0,1.0,1.0,0.2469602684,0.2738684658,0.04000198841,0.04134428501
650,1.0,0.0,0.0,0.0,1.0,1.0,0.2440498131,0.2658090813,0.03979963064,0.04061186314
651,1.0,0.0,0.0,0.0,1.0,1.0,0.2544034476,0.2744949205,0.04191827774,0.04246270657
652,1.0,0.0,0.0,0.0,1.0,1.0,0.2293529612,0.2436365163,0.03803741932,0.03803741932
653,1.0,0.0,0.0,0.0,1.0,1.0,0.2444558273,0.2533798023,0.03975987434,0.03894847631
654,1.0,0.0,0.0,0.0,1.0,1.0,0.2506958705,0.2674564209,0.04049193859,0.04103189707
655,1.0,0.0,0.0,0.0,1.0,1.0,0.2494420935,0.2666355656,0.04017072916,0.04070991278
656,1.0,0.0,0.0,0.0,1.0,1.0,0.2456538217,0.2568990295,0.03856092691,0.03856098652
657,1.0,0.0,0.0,0.0,1.0,1.0,0.2448295169,0.2614198834,0.0396233201,0.03989475965
658,1.0,0.0,0.0,0.0,1.0,1.0,0.2490248396,0.2648698552,0.0406832099,0.04095625877
659,1.0,0.0,0.0,0.0,1.0,1.0,0.2473533506,0.2613383641,0.04076421261,0.04076427221
660,1.0,0.0,0.0,0.0,1.0,1.0,0.2473533928,0.2586584891,0.03989619017,0.03962665796
661,1.0,0.0,0.0,0.0,1.0,1.0,0.2498604919,0.2631039386,0.0404458642,0.0404458642
662,1.0,0.0,0.0,0.0,1.0,1.0,0.2490247487,0.2648695291,0.04047393799,0.04074555635
663,1.0,0.0,0.0,0.0,1.0,1.0,0.2393972757,0.2542748766,0.03869026899,0.03896081448
664,1.0,0.0,0.0,0.0,1.0,1.0,0.2423395918,0.2533798048,0.03897255659,0.03870379925
665,1.0,0.0,0.0,0.0,1.0,1.0,0.2490194527,0.2586585217,0.04001039267,0.039740026
666,1.0,0.0,0.0,0.0,1.0,1.0,0.2456541726,0.2587209177,0.03932154179,0.03932154179
667,1.0,0.0,0.0,0.0,1.0,1.0,0.2426976064,0.2569484063,0.03918987513,0.03946197033
668,1.0,0.0,0.0,0.0,1.0,1.0,0.2422890472,0.2587209599,0.03876918554,0.0393076539
669,1.0,0.0,0.0,0.0,1.0,1.0,0.2431073025,0.2596412995,0.03865867853,0.03919559717
670,1.0,0.0,0.0,0.0,1.0,1.0,0.2435615952,0.2604929147,0.03899657726,0.03953444958
671,1.0,0.0,0.0,0.0,1.0,1.0,0.241012033,0.2542749467,0.03848278522,0.0387519002
672,1.0,0.0,0.0,0.0,1.0,1.0,0.2523675225,0.2621776665,0.040987432,0.0404445529
673,1.0,0.0,0.0,0.0,1.0,1.0,0.2465066378,0.2622647612,0.04017716646,0.04045045376
674,1.0,0.0,0.0,0.0,1.0,1.0,0.2477680792,0.2648696697,0.04023498297,0.04077863693
675,1.0,0.0,0.0,0.0,1.0,1.0,0.2494391306,0.2631040956,0.03995639086,0.0402263999
676,1.0,0.0,0.0,0.0,1.0,1.0,0.2410121753,0.2551769155,0.03882795572,0.03909951448
677,1.0,0.0,0.0,0.0,1.0,1.0,0.2431530874,0.2560846993,0.03872144222,0.03845435381
678,1.0,0.0,0.0,0.0,1.0,1.0,0.2361409657,0.2632939865,0.03861838579,0.03997820616
679,1.0,0.0,0.0,0.0,1.0,1.0,0.2382776078,0.2614198528,0.03855574131,0.0393589735
680,1.0,0.0,0.0,0.0,1.0,1.0,0.2353577098,0.2631982521,0.03859198093,0.04022264481
681,1.0,0.0,0.0,0.0,1.0,1.0,0.2469600123,0.272089778,0.04047310352,0.04155957699
682,1.0,0.0,0.0,0.0,1.0,1.0,0.2453621934,0.270024612,0.04071396589,0.0417996645
683,1.0,0.0,0.0,0.0,1.0,1.0,0.2428856388,0.2693529119,0.03983229399,0.04090881348
684,1.0,0.0,0.0,0.0,1.0,1.0,0.246168064,0.2719328451,0.04085117579,0.04194051027
685,1.0,0.0,0.0,0.0,1.0,1.0,0.2527325385,0.2772305079,0.0415443778,0.04235368967
686,1.0,0.0,0.0,0.0,1.0,1.0,0.2486257879,0.2727353284,0.04074800014,0.04182744026
687,1.0,0.0,0.0,0.0,1.0,1.0,0.2506797473,0.274494412,0.04086309671,0.04166430235
688,1.0,0.0,0.0,0.0,1.0,1.0,0.2551768748,0.2832925614,0.04229545593,0.04365104437
689,1.0,0.0,0.0,0.0,1.0,1.0,0.2539838898,0.2780139732,0.04132527113,0.04239863157
690,1.0,0.0,0.0,0.0,1.0,1.0,0.2515043619,0.2805452274,0.04142349958,0.04331868887
691,1.0,0.0,0.0,0.0,1.0,1.0,0.256435758,0.2815331661,0.0422475338,0.04333084822
692,1.0,0.0,0.0,0.0,1.0,1.0,0.2580258027,0.2815327525,0.04260998964,0.04314935207
693,1.0,0.0,0.0,0.0,1.0,1.0,0.2551765128,0.2789959895,0.04196798801,0.04250603914
694,1.0,0.0,0.0,0.0,1.0,1.0,0.2523182252,0.2770382016,0.04139876366,0.04247403145
695,1.0,0.0,0.0,0.0,1.0,1.0,0.2563926503,0.2832923376,0.0423207283,0.04339897633
696,1.0,0.0,0.0,0.0,1.0,1.0,0.2539565617,0.279773366,0.04233169556,0.04342412949
697,1.0,0.0,0.0,0.0,1.0,1.0,0.2563928108,0.2850520426,0.04248553514,0.04383856058
698,1.0,0.0,0.0,0.0,1.0,1.0,0.2547919765,0.2807620374,0.04212158918,0.04320859909
699,1.0,0.0,0.0,0.0,1.0,1.0,0.2502693513,0.2842938128,0.04197263718,0.0441673398
700,1.0,0.0,0.0,0.0,1.0,1.0,0.2519049784,0.2842933478,0.04131406546,0.04319196939
701,1.0,0.0,0.0,0.0,1.0,1.0,0.2478091423,0.2774253857,0.0407346487,0.04208350182
702,1.0,0.0,0.0,0.0,1.0,1.0,0.2583922224,0.2860592539,0.04327863455,0.04409521818
703,1.0,0.0,0.0,0.0,1.0,1.0,0.255934744,0.2832927763,0.04232919216,0.0431329608
704,1.0,0.0,0.0,0.0,1.0,1.0,0.2563505188,0.2923901534,0.04288578033,0.0447857976
705,1.0,0.0,0.0,0.0,1.0,1.0,0.257554805,0.2858055421,0.04237598181,0.04344207048
706,1.0,0.0,0.0,0.0,1.0,1.0,0.2526952435,0.2858051369,0.04153114557,0.04339468479
707,1.0,0.0,0.0,0.0,1.0,1.0,0.2583926176,0.2888454594,0.04276019335,0.04383581877
708,1.0,0.0,0.0,0.0,1.0,1.0,0.2535170586,0.2825277465,0.04174786806,0.04281830788
709,1.0,0.0,0.0,0.0,1.0,1.0,0.2518916689,0.2835294855,0.04129499197,0.04262709618
710,1.0,0.0,0.0,0.0,1.0,1.0,0.2490468151,0.2855549292,0.04200637341,0.04392820597
711,1.0,0.0,0.0,0.0,1.0,1.0,0.2527326366,0.2894067243,0.04216307402,0.04407954216
712,1.0,0.0,0.0,0.0,1.0,1.0,0.2465943098,0.2792033345,0.04070442915,0.04232180119
713,1.0,0.0,0.0,0.0,1.0,1.0,0.2527514546,0.2876094141,0.04122215509,0.04310816526
714,1.0,0.0,0.0,0.0,1.0,1.0,0.2440882598,0.2786214578,0.03943860531,0.04130393267
715,1.0,0.0,0.0,0.0,1.0,1.0,0.2506850467,0.2855549787,0.04126626253,0.04343819618
716,1.0,0.0,0.0,0.0,1.0,1.0,0.2461438482,0.2776225133,0.04034310579,0.04196757078
717,1.0,0.0,0.0,0.0,1.0,1.0,0.2481948685,0.2786215217,0.04030543566,0.04192847013
718,1.0,0.0,0.0,0.0,1.0,1.0,0.2494447922,0.2784159954,0.0412183404,0.04286706448
719,1.0,0.0,0.0,0.0,1.0,1.0,0.2544336251,0.2837703645,0.04117184877,0.042786479
720,1.0,0.0,0.0,0.0,1.0,1.0,0.2544336176,0.2827598666,0.04147356749,0.04309993982
721,1.0,0.0,0.0,0.0,1.0,1.0,0.2560553165,0.2835296109,0.04225981236,0.04362303019
722,1.0,0.0,0.0,0.0,1.0,1.0,0.2469600345,0.2774250819,0.04035204649,0.04224777222
723,1.0,0.0,0.0,0.0,1.0,1.0,0.2448963237,0.2748463244,0.0402546525,0.04188656807
724,1.0,0.0,0.0,0.0,1.0,1.0,0.2502720013,0.2827604988,0.04159158468,0.04350703955
725,1.0,0.0,0.0,0.0,1.0,1.0,0.2444917596,0.2746695867,0.04021561146,0.04211771488
726,1.0,0.0,0.0,0.0,1.0,1.0,0.2494501694,0.2727349937,0.04166966677,0.04249209166
727,1.0,0.0,0.0,0.0,1.0,1.0,0.2523344213,0.280762098,0.04111498594,0.04272735119
728,1.0,0.0,0.0,0.0,1.0,1.0,0.2420394624,0.271933265,0.04023599625,0.04215204716
729,1.0,0.0,0.0,0.0,1.0,1.0,0.2502693672,0.2752850879,0.0419459343,0.04304260015
730,1.0,0.0,0.0,0.0,1.0,1.0,0.2482166706,0.2764411492,0.04077273607,0.04212278128
731,1.0,0.0,0.0,0.0,1.0,1.0,0.2457644142,0.2754647369,0.04072839022,0.04235756397
732,1.0,0.0,0.0,0.0,1.0,1.0,0.2510912373,0.2815328414,0.04155355692,0.04345470667
733,1.0,0.0,0.0,0.0,1.0,1.0,0.2477953242,0.2754643602,0.0402777791,0.04188889265
734,1.0,0.0,0.0,0.0,1.0,1.0,0.2486175209,0.2764415528,0.04051035643,0.0421307683
735,1.0,0.0,0.0,0.0,1.0,1.0,0.2473867589,0.2727351223,0.04044806957,0.04179632664
736,1.0,0.0,0.0,0.0,1.0,1.0,0.2478093386,0.2780135299,0.04176825285,0.04370445013
737,1.0,0.0,0.0,0.0,1.0,1.0,0.2477953473,0.272897498,0.04063075781,0.04171431065
738,1.0,0.0,0.0,0.0,1.0,1.0,0.2494473328,0.2764411804,0.04111903906,0.04248058796
739,1.0,0.0,0.0,0.0,1.0,1.0,0.2494473179,0.2727353052,0.04086571932,0.04194831848
740,1.0,0.0,0.0,0.0,1.0,1.0,0.2482059742,0.2772305105,0.04020267725,0.04207879305
741,1.0,0.0,0.0,0.0,1.0,1.0,0.255594856,0.2805449031,0.04245471954,0.04354327917
742,1.0,0.0,0.0,0.0,1.0,1.0,0.2551768058,0.2805449826,0.04250001907,0.04358971119
743,1.0,0.0,0.0,0.0,1.0,1.0,0.2457643534,0.2744946119,0.04062944651,0.04225462675
744,1.0,0.0,0.0,0.0,1.0,1.0,0.248633765,0.276254063,0.04135942459,0.04271990061
745,1.0,0.0,0.0,0.0,1.0,1.0,0.2510913945,0.2817575947,0.041190207,0.04280549288
746,1.0,0.0,0.0,0.0,1.0,1.0,0.2461678557,0.2774253152,0.04094296694,0.04258072376
747,1.0,0.0,0.0,0.0,1.0,1.0,0.2428395008,0.2738682605,0.04018718004,0.04210084677
748,1.0,0.0,0.0,0.0,1.0,1.0,0.248194815,0.2774254598,0.04057466984,0.04248088598
749,1.0,0.0,0.0,0.0,1.0,1.0,0.2519320246,0.2817577518,0.04095965624,0.04284602404
750,1.0,0.0,0.0,0.0,1.0,1.0,0.2486252511,0.2700246704,0.04093950987,0.04175293446
751,1.0,0.0,0.0,0.0,1.0,1.0,0.2510996232,0.2674565048,0.0409360528,0.0409360528
752,1.0,0.0,0.0,0.0,1.0,1.0,0.2502722195,0.2709753479,0.0412157774,0.04175806046
753,1.0,0.0,0.0,0.0,1.0,1.0,0.234478011,0.262264988,0.03870594501,0.04062753916
754,1.0,0.0,0.0,0.0,1.0,1.0,0.241987579,0.2648698144,0.03930330276,0.04038012028
755,1.0,0.0,0.0,0.0,1.0,1.0,0.2453023413,0.2674563178,0.04011189938,0.04119604826
756,1.0,0.0,0.0,0.0,1.0,1.0,0.2440882302,0.2674563141,0.04022222757,0.04130929708
757,1.0,0.0,0.0,0.0,1.0,1.0,0.2465511415,0.2693532582,0.03997325897,0.04077810049
758,1.0,0.0,0.0,0.0,1.0,1.0,0.2423893691,0.2693531817,0.0395078063,0.04113143682
759,1.0,0.0,0.0,0.0,1.0,1.0,0.2523342951,0.2754646735,0.04164391756,0.04246050119
760,1.0,0.0,0.0,0.0,1.0,1.0,0.2486253489,0.275464356,0.0411438942,0.04250627756
761,1.0,0.0,0.0,0.0,1.0,1.0,0.2519323263,0.2719330496,0.04159879684,0.0421461463
762,1.0,0.0,0.0,0.0,1.0,1.0,0.2531922197,0.2776225651,0.04133754969,0.04215335846
763,1.0,0.0,0.0,0.0,1.0,1.0,0.2494446936,0.2748461519,0.04061025381,0.041693151
764,1.0,0.0,0.0,0.0,1.0,1.0,0.2473700974,0.2738684594,0.04051673412,0.04187637568
765,1.0,0.0,0.0,0.0,1.0,1.0,0.2452718978,0.2685333045,0.04002588987,0.04111504555
766,1.0,0.0,0.0,0.0,1.0,1.0,0.2456822273,0.2658088131,0.04003453255,0.04085153341
767,1.0,0.0,0.0,0.0,1.0,1.0,0.2527514749,0.2711252001,0.04117017984,0.04117017984
768,1.0,0.0,0.0,0.0,1.0,1.0,0.2569517155,0.272090317,0.04199945927,0.04172676802
769,1.0,0.0,0.0,0.0,1.0,1.0,0.2560967647,0.2764416163,0.04196256399,0.04250752926
770,1.0,0.0,0.0,0.0,1.0,1.0,0.2536147302,0.2711252409,0.04114174843,0.04141241312
771,1.0,0.0,0.0,0.0,1.0,1.0,0.2477952606,0.2675810144,0.04057890177,0.04084944725
772,1.0,0.0,0.0,0.0,1.0,1.0,0.2594223247,0.2799853189,0.0422000289,0.04274106026
773,1.0,0.0,0.0,0.0,1.0,1.0,0.2569517869,0.2738681967,0.04115635157,0.04115629196
774,1.0,0.0,0.0,0.0,1.0,1.0,0.2556709185,0.2728973955,0.04180890322,0.04180896282
775,1.0,0.0,0.0,0.0,1.0,1.0,0.2590528478,0.2845387191,0.04204010963,0.04339623451
776,1.0,0.0,0.0,0.0,1.0,1.0,0.2597884672,0.2825275694,0.04257458448,0.04338812828
777,1.0,0.0,0.0,0.0,1.0,1.0,0.2590528731,0.2855547659,0.04220181704,0.04356312752
778,1.0,0.0,0.0,0.0,1.0,1.0,0.2611606331,0.2863169937,0.04246681929,0.04382795095
779,1.0,0.0,0.0,0.0,1.0,1.0,0.2477817248,0.2703117968,0.04032534361,0.04113727808
780,1.0,0.0,0.0,0.0,1.0,1.0,0.2523676014,0.2748469219,0.04086893797,0.04168093204
781,1.0,0.0,0.0,0.0,1.0,1.0,0.244382968,0.2543061589,0.03842675686,0.03789669275
782,1.0,0.0,0.0,0.0,1.0,1.0,0.2469012258,0.2569484885,0.03945630789,0.03918600082
783,1.0,0.0,0.0,0.0,1.0,1.0,0.2443827523,0.2569486259,0.03873836994,0.03873836994
784,1.0,0.0,0.0,0.0,1.0,1.0,0.243518899,0.252527628,0.03926730156,0.03872185946
785,1.0,0.0,0.0,0.0,1.0,1.0,0.2426975546,0.2525278284,0.03920531273,0.03866076469
786,1.0,0.0,0.0,0.0,1.0,1.0,0.2410118514,0.2534298942,0.0387185216,0.0384477973
787,1.0,0.0,0.0,0.0,1.0,1.0,0.2494360956,0.263293745,0.03930747509,0.03930747509
788,1.0,0.0,0.0,0.0,1.0,1.0,0.241772837,0.2569994157,0.03864818811,0.03919255733
789,1.0,0.0,0.0,0.0,1.0,1.0,0.2417172941,0.252566584,0.03832083941,0.03804910183
790,1.0,0.0,0.0,0.0,1.0,1.0,0.2434318565,0.251658329,0.03832632303,0.03778654337
791,1.0,0.0,0.0,0.0,1.0,1.0,0.2391827007,0.2480627178,0.03807908297,0.03753507137
792,1.0,0.0,0.0,0.0,1.0,1.0,0.2418277383,0.2605686753,0.038864851,0.03968018293
793,1.0,0.0,0.0,0.0,1.0,1.0,0.2426488129,0.2589137859,0.03842318058,0.03842324018
794,1.0,0.0,0.0,0.0,1.0,1.0,0.2371556788,0.2570505577,0.03797727823,0.03879106045
795,1.0,0.0,0.0,0.0,1.0,1.0,0.2393266826,0.2651947434,0.0387019515,0.0400646925
796,1.0,0.0,0.0,0.0,1.0,1.0,0.2354617422,0.2552923924,0.03776556253,0.03830897808
797,1.0,0.0,0.0,0.0,1.0,1.0,0.2431527617,0.271431403,0.0391112566,0.04072970152
798,1.0,0.0,0.0,0.0,1.0,1.0,0.2405436945,0.2579784731,0.03877788782,0.0390509367
799,1.0,0.0,0.0,0.0,1.0,1.0,0.2413034985,0.2589134054,0.03795653582,0.03849494457
800,1.0,0.0,0.0,0.0,1.0,1.0,0.2417732172,0.2589134873,0.03814291954,0.03841149807
801,1.0,0.0,0.0,0.0,1.0,1.0,0.2414191261,0.2615027883,0.03849607706,0.03930372
802,1.0,0.0,0.0,0.0,1.0,1.0,0.2396619476,0.2607238547,0.03828960657,0.03910428286
803,1.0,0.0,0.0,0.0,1.0,1.0,0.2431075756,0.2642409448,0.03864198923,0.03944700956
804,1.0,0.0,0.0,0.0,1.0,1.0,0.2435189332,0.2641379092,0.03869432211,0.03976911306
805,1.0,0.0,0.0,0.0,1.0,1.0,0.2298544461,0.2525665425,0.03683358431,0.03819781542
806,1.0,0.0,0.0,0.0,1.0,1.0,0.2136737121,0.2238893759,0.03378254175,0.03405499458
807,1.0,0.0,0.0,0.0,1.0,1.0,0.1749455328,0.1940304866,0.02690184116,0.02823358774
808,1.0,0.0,0.0,0.0,1.0,1.0,0.2054121098,0.2126083696,0.03240269423,0.03185808659
809,1.0,0.0,0.0,0.0,1.0,1.0,0.2119507816,0.2352699952,0.03319251537,0.03481161594
810,1.0,0.0,0.0,0.0,1.0,1.0,0.2232430135,0.2399377785,0.03496646881,0.03577333689
811,1.0,0.0,0.0,0.0,1.0,1.0,0.2163742947,0.2380488933,0.03445333242,0.03582048416
812,1.0,0.0,0.0,0.0,1.0,1.0,0.223044103,0.2471544696,0.03555589914,0.03718441725
813,1.0,0.0,0.0,0.0,1.0,1.0,0.2341648566,0.2507556356,0.03728336096,0.03782361746
814,1.0,0.0,0.0,0.0,1.0,1.0,0.2200136289,0.2435465038,0.0349136591,0.03653758764
815,1.0,0.0,0.0,0.0,1.0,1.0,0.2307711488,0.2534555873,0.03654676676,0.03789037466
816,1.0,0.0,0.0,0.0,1.0,1.0,0.2337676997,0.2525664147,0.03746318817,0.03800612688
817,1.0,0.0,0.0,0.0,1.0,1.0,0.2316813687,0.2561294025,0.03647243977,0.03806972504
818,1.0,0.0,0.0,0.0,1.0,1.0,0.2354618808,0.2570506658,0.03732103109,0.03839498758
819,1.0,0.0,0.0,0.0,1.0,1.0,0.2350632497,0.2597828026,0.03804409504,0.03941261768
820,1.0,0.0,0.0,0.0,1.0,1.0,0.2320737838,0.2507625606,0.03736203909,0.03790748119
821,1.0,0.0,0.0,0.0,1.0,1.0,0.2314142802,0.2534300428,0.03732353449,0.0384054184
822,1.0,0.0,0.0,0.0,1.0,1.0,0.2380428714,0.2597117894,0.03773868084,0.03880929947
823,1.0,0.0,0.0,0.0,1.0,1.0,0.2414759117,0.2605690822,0.03952211142,0.04007107019
824,1.0,0.0,0.0,0.0,1.0,1.0,0.2444195317,0.2604926906,0.03896284103,0.03922969103
825,1.0,0.0,0.0,0.0,1.0,1.0,0.2381220247,0.2471930836,0.03803020716,0.03722679615
826,1.0,0.0,0.0,0.0,1.0,1.0,0.2390691574,0.2507435352,0.03899395466,0.03845238686
827,1.0,0.0,0.0,0.0,1.0,1.0,0.2356543388,0.2454145283,0.03848606348,0.03766721487
828,1.0,0.0,0.0,0.0,1.0,1.0,0.2386729956,0.2525092626,0.03857457638,0.0383066535
829,1.0,0.0,0.0,0.0,1.0,1.0,0.2444197847,0.2596412243,0.03944796324,0.03944790363
830,1.0,0.0,0.0,0.0,1.0,1.0,0.2337001859,0.2481011269,0.03825539351,0.03825545311
831,1.0,0.0,0.0,0.0,1.0,1.0,0.2257874299,0.2428221931,0.03686457872,0.03740674257
832,1.0,0.0,0.0,0.0,1.0,1.0,0.2291081089,0.2357835128,0.03666645288,0.03560358286
833,1.0,0.0,0.0,0.0,1.0,1.0,0.1480655658,0.1461635534,0.02159917355,0.01997923851
834,1.0,0.0,0.0,0.0,1.0,1.0,0.1574213095,0.1341661884,0.0234259963,0.01879525185
835,1.0,0.0,0.0,0.0,1.0,1.0,0.1443044168,0.1408989043,0.02196443081,0.02033746243
836,1.0,0.0,0.0,0.0,1.0,1.0,0.1879289339,0.1930328747,0.02979838848,0.02898573875
837,1.0,0.0,0.0,0.0,1.0,1.0,0.2163222059,0.2266594779,0.03481864929,0.03427886963
838,1.0,0.0,0.0,0.0,1.0,1.0,0.2236038784,0.2354798421,0.03497952223,0.03471451998
839,1.0,0.0,0.0,0.0,1.0,1.0,0.2269919131,0.236426965,0.03615564108,0.03561598063
840,1.0,0.0,0.0,0.0,1.0,1.0,0.2262253984,0.2311873249,0.03567677736,0.03461170197
841,1.0,0.0,0.0,0.0,1.0,1.0,0.2185217876,0.2238892487,0.03504365683,0.03395706415
842,1.0,0.0,0.0,0.0,1.0,1.0,0.230511053,0.2356841494,0.03712010384,0.03603631258
843,1.0,0.0,0.0,0.0,1.0,1.0,0.2249168125,0.2311876735,0.03611183167,0.03529727459
844,1.0,0.0,0.0,0.0,1.0,1.0,0.2342706474,0.2383010765,0.03696238995,0.03563278913
845,1.0,0.0,0.0,0.0,1.0,1.0,0.2292143685,0.2391522248,0.03686326742,0.03632116318
846,1.0,0.0,0.0,0.0,1.0,1.0,0.2289688558,0.2436358164,0.03686141968,0.03686141968
847,1.0,0.0,0.0,0.0,1.0,1.0,0.231803299,0.2427216266,0.03719955683,0.03666043282
848,1.0,0.0,0.0,0.0,1.0,1.0,0.2330913504,0.2463164316,0.03783327341,0.03783327341
849,1.0,0.0,0.0,0.0,1.0,1.0,0.2310268819,0.2418579779,0.03731107712,0.03677034378
850,1.0,0.0,0.0,0.0,1.0,1.0,0.2307681747,0.2436800873,0.03757077456,0.03730046749
851,1.0,0.0,0.0,0.0,1.0,1.0,0.2411877334,0.2481130274,0.03901296854,0.03794407845
852,1.0,0.0,0.0,0.0,1.0,1.0,0.2531697851,0.2638386281,0.04113936424,0.04060161114
853,1.0,0.0,0.0,0.0,1.0,1.0,0.2390691827,0.2507371793,0.03879386187,0.03852444887
854,1.0,0.0,0.0,0.0,1.0,1.0,0.2423398204,0.250737342,0.03875666857,0.03822207451
855,1.0,0.0,0.0,0.0,1.0,1.0,0.2448632702,0.2516200704,0.03945499659,0.03838139772
856,1.0,0.0,0.0,0.0,1.0,1.0,0.2431972478,0.2551390869,0.03883218765,0.03856623173
857,1.0,0.0,0.0,0.0,1.0,1.0,0.2452718806,0.2542440087,0.0391715765,0.03863865137
858,1.0,0.0,0.0,0.0,1.0,1.0,0.2381219745,0.2489776632,0.03817731142,0.03790849447
859,1.0,0.0,0.0,0.0,1.0,1.0,0.2414760375,0.2481007582,0.03909361362,0.03827911615
860,1.0,0.0,0.0,0.0,1.0,1.0,0.2440106626,0.2542442586,0.03962540627,0.03935408592
861,1.0,0.0,0.0,0.0,1.0,1.0,0.2439717231,0.2516325477,0.03905183077,0.0382438302
862,1.0,0.0,0.0,0.0,1.0,1.0,0.2355589502,0.2480886303,0.03717368841,0.03717368841
863,1.0,0.0,0.0,0.0,1.0,1.0,0.2406063086,0.2471928986,0.03862220049,0.0375418663
864,1.0,0.0,0.0,0.0,1.0,1.0,0.2380425102,0.2454460508,0.03797346354,0.03743487597
865,1.0,0.0,0.0,0.0,1.0,1.0,0.2406063924,0.2472117481,0.03899717331,0.03817903996
866,1.0,0.0,0.0,0.0,1.0,1.0,0.2452412209,0.2525091762,0.03963369131,0.03881931305
867,1.0,0.0,0.0,0.0,1.0,1.0,0.2338762287,0.2463164954,0.03760874271,0.03760874271
868,1.0,0.0,0.0,0.0,1.0,1.0,0.2380427742,0.2498605601,0.03797137737,0.03770208359
869,1.0,0.0,0.0,0.0,1.0,1.0,0.239731123,0.2489713631,0.03797215223,0.03743731976
870,1.0,0.0,0.0,0.0,1.0,1.0,0.2401366887,0.2489713419,0.03817254305,0.03763490915
871,1.0,0.0,0.0,0.0,1.0,1.0,0.2341646435,0.2436363465,0.03721523285,0.03694558144
872,1.0,0.0,0.0,0.0,1.0,1.0,0.2376412338,0.243680327,0.0378151536,0.0370106101
873,1.0,0.0,0.0,0.0,1.0,1.0,0.2402664648,0.2498604876,0.03853797913,0.03800272942
874,1.0,0.0,0.0,0.0,1.0,1.0,0.2428398542,0.2542134088,0.0394808054,0.03921216726
875,1.0,0.0,0.0,0.0,1.0,1.0,0.2352608009,0.2463410695,0.03763240576,0.03736549616
876,1.0,0.0,0.0,0.0,1.0,1.0,0.2431976005,0.2559975143,0.03894346952,0.03894346952
877,1.0,0.0,0.0,0.0,1.0,1.0,0.2592971359,0.2689470379,0.04189628363,0.04110074043
878,1.0,0.0,0.0,0.0,1.0,1.0,0.2597236613,0.27415267,0.04232096672,0.04232096672
879,1.0,0.0,0.0,0.0,1.0,1.0,0.259359115,0.2751078883,0.04107141495,0.04133307934
880,1.0,0.0,0.0,0.0,1.0,1.0,0.2469408177,0.2595040146,0.03890794516,0.03890788555
881,1.0,0.0,0.0,0.0,1.0,1.0,0.2469405891,0.263936779,0.03946608305,0.03999936581
882,1.0,0.0,0.0,0.0,1.0,1.0,0.2436035286,0.2631039829,0.03855401278,0.03934621811
883,1.0,0.0,0.0,0.0,1.0,1.0,0.2460938154,0.2675808799,0.03941881657,0.04049140215
884,1.0,0.0,0.0,0.0,1.0,1.0,0.2506907012,0.2709752478,0.03984361887,0.04063516855
885,1.0,0.0,0.0,0.0,1.0,1.0,0.2490412105,0.2706820006,0.04047584534,0.04154098034
886,1.0,0.0,0.0,0.0,1.0,1.0,0.2465513015,0.2700245535,0.03944808245,0.0407717824
887,1.0,0.0,0.0,0.0,1.0,1.0,0.2486416538,0.2732039134,0.04060536623,0.04193234444
888,1.0,0.0,0.0,0.0,1.0,1.0,0.2531264807,0.2751076457,0.04109913111,0.0418946147
889,1.0,0.0,0.0,0.0,1.0,1.0,0.2445266267,0.2654769811,0.03988474607,0.04095554352
890,1.0,0.0,0.0,0.0,1.0,1.0,0.2457643458,0.2714745591,0.04013395309,0.04200685024
891,1.0,0.0,0.0,0.0,1.0,1.0,0.2433279062,0.2725750963,0.0397875309,0.04165679216
892,1.0,0.0,0.0,0.0,1.0,1.0,0.2441256785,0.2689470826,0.03967469931,0.04127240181
893,1.0,0.0,0.0,0.0,1.0,1.0,0.2441632505,0.2576414776,0.0398581624,0.0395924449
894,1.0,0.0,0.0,0.0,1.0,1.0,0.2388190272,0.2550301929,0.03835195303,0.03887736797
895,1.0,0.0,0.0,0.0,1.0,1.0,0.2399973735,0.2550301381,0.03856104612,0.03908932209
896,1.0,0.0,0.0,0.0,1.0,1.0,0.2453621453,0.2610996688,0.03936213255,0.0396245122
897,1.0,0.0,0.0,0.0,1.0,1.0,0.2428855501,0.2637415788,0.03921037912,0.04027014971
898,1.0,0.0,0.0,0.0,1.0,1.0,0.2474028245,0.2670923436,0.04035669565,0.04142576456
899,1.0,0.0,0.0,0.0,1.0,1.0,0.2474189088,0.2714747567,0.04047083855,0.04180210829
900,1.0,0.0,0.0,0.0,1.0,1.0,0.2486337116,0.2697452472,0.04045277834,0.04151725769
901,1.0,0.0,0.0,0.0,1.0,1.0,0.2498603358,0.2688155289,0.04084718227,0.04164814949
902,1.0,0.0,0.0,0.0,1.0,1.0,0.236795842,0.2602712724,0.03834414482,0.03966635466
903,1.0,0.0,0.0,0.0,1.0,1.0,0.2457910005,0.2716251353,0.03977292776,0.04108989239
904,1.0,0.0,0.0,0.0,1.0,1.0,0.2494528212,0.2768491096,0.04028582573,0.04186570644
905,1.0,0.0,0.0,0.0,1.0,1.0,0.2490517863,0.2732038251,0.04087227583,0.04193389416
906,1.0,0.0,0.0,0.0,1.0,1.0,0.2486494233,0.2705385369,0.04079771042,0.04159247875
907,1.0,0.0,0.0,0.0,1.0,1.0,0.2482382079,0.2724173169,0.04004281759,0.04108965397
908,1.0,0.0,0.0,0.0,1.0,1.0,0.2462156238,0.2688152199,0.03984344006,0.04089194536
909,1.0,0.0,0.0,0.0,1.0,1.0,0.2429762499,0.2672120568,0.03961569071,0.04067212343
910,1.0,0.0,0.0,0.0,1.0,1.0,0.2425830586,0.2706821209,0.03940224648,0.04097831249
911,1.0,0.0,0.0,0.0,1.0,1.0,0.2462160589,0.2733666735,0.03966289759,0.04096758366
912,1.0,0.0,0.0,0.0,1.0,1.0,0.2474189222,0.2716255896,0.04008930922,0.04114431143
913,1.0,0.0,0.0,0.0,1.0,1.0,0.2519054266,0.276848875,0.04003328085,0.04133301973
914,1.0,0.0,0.0,0.0,1.0,1.0,0.2490519222,0.2724172889,0.04028218985,0.04106688499
915,1.0,0.0,0.0,0.0,1.0,1.0,0.2490515728,0.2714749042,0.04094129801,0.04173892736
916,1.0,0.0,0.0,0.0,1.0,1.0,0.2449612796,0.2672122018,0.03950089216,0.04055428505
917,1.0,0.0,0.0,0.0,1.0,1.0,0.2470166224,0.2680163608,0.04015463591,0.04094713926
918,1.0,0.0,0.0,0.0,1.0,1.0,0.2457909246,0.2672117547,0.03985029459,0.04064202309
919,1.0,0.0,0.0,0.0,1.0,1.0,0.2421413891,0.2637416834,0.03911960125,0.03990721703
920,1.0,0.0,0.0,0.0,1.0,1.0,0.2384287617,0.2646605409,0.03849971294,0.04008191824
921,1.0,0.0,0.0,0.0,1.0,1.0,0.2461918888,0.2698841561,0.03952842951,0.04057556391
922,1.0,0.0,0.0,0.0,1.0,1.0,0.2429759352,0.268142824,0.03989517689,0.04095906019
923,1.0,0.0,0.0,0.0,1.0,1.0,0.2428857781,0.2717783752,0.03952467442,0.04139411449
924,1.0,0.0,0.0,0.0,1.0,1.0,0.2392108333,0.2655863184,0.03865778446,0.04024648666
925,1.0,0.0,0.0,0.0,1.0,1.0,0.2486496279,0.2741525237,0.04041361809,0.04146331549
926,1.0,0.0,0.0,0.0,1.0,1.0,0.2486493645,0.2724174193,0.04051405191,0.04130333662
927,1.0,0.0,0.0,0.0,1.0,1.0,0.2424389104,0.2701673238,0.03943663836,0.04104632139
928,1.0,0.0,0.0,0.0,1.0,1.0,0.2391403343,0.2666354811,0.03820329905,0.03978413343
929,1.0,0.0,0.0,0.0,1.0,1.0,0.2461678321,0.2789961436,0.03957557678,0.04168629646
930,1.0,0.0,0.0,0.0,1.0,1.0,0.2374089413,0.2730618359,0.03826767206,0.0409437418
931,1.0,0.0,0.0,0.0,1.0,1.0,0.2333135251,0.2677076311,0.03744316101,0.03983312845
932,1.0,0.0,0.0,0.0,1.0,1.0,0.2361410634,0.2694923903,0.03735679388,0.03972446918
933,1.0,0.0,0.0,0.0,1.0,1.0,0.2361408212,0.2604928259,0.03805780411,0.03939789534
934,1.0,0.0,0.0,0.0,1.0,1.0,0.2365345952,0.2595725099,0.03734880686,0.03866392374
935,1.0,0.0,0.0,0.0,1.0,1.0,0.2327007812,0.2587210143,0.0370721817,0.03893917799
936,1.0,0.0,0.0,0.0,1.0,1.0,0.2310264926,0.2543060814,0.03703087568,0.03837257624
937,1.0,0.0,0.0,0.0,1.0,1.0,0.244010988,0.2658092129,0.03920763731,0.04028183222
938,1.0,0.0,0.0,0.0,1.0,1.0,0.2432415219,0.2656968305,0.03892582655,0.03998506069
939,1.0,0.0,0.0,0.0,1.0,1.0,0.2390692613,0.2621774384,0.03765624762,0.0389637351
940,1.0,0.0,0.0,0.0,1.0,1.0,0.2345794674,0.2631042538,0.03765773773,0.039514184
941,1.0,0.0,0.0,0.0,1.0,1.0,0.2359336945,0.2638387457,0.03858172894,0.04045724869
942,1.0,0.0,0.0,0.0,1.0,1.0,0.2317783649,0.2630107792,0.03695094585,0.03930950165
943,1.0,0.0,0.0,0.0,1.0,1.0,0.2342955519,0.2665179586,0.03792858124,0.04031568766
944,1.0,0.0,0.0,0.0,1.0,1.0,0.1954690159,0.2200940234,0.03074657917,0.03261816502
945,1.0,0.0,0.0,0.0,1.0,1.0,0.1637016486,0.1855582502,0.02534270287,0.026943326
946,1.0,0.0,0.0,0.0,1.0,1.0,0.1737412212,0.1958615297,0.02680194378,0.02839416265
947,1.0,0.0,0.0,0.0,1.0,1.0,0.2035899014,0.2310537191,0.03290271759,0.03507810831
948,1.0,0.0,0.0,0.0,1.0,1.0,0.2116466021,0.2381343266,0.03362184763,0.03522288799
949,1.0,0.0,0.0,0.0,1.0,1.0,0.212968503,0.2426704306,0.03371214867,0.03583574295
950,1.0,0.0,0.0,0.0,1.0,1.0,0.2211744887,0.2498604001,0.03516787291,0.03701877594
951,1.0,0.0,0.0,0.0,1.0,1.0,0.2288669612,0.2595722735,0.03696292639,0.03909033537
952,1.0,0.0,0.0,0.0,1.0,1.0,0.2318969631,0.2604176963,0.03751808405,0.03910326958
953,1.0,0.0,0.0,0.0,1.0,1.0,0.228115813,0.2613381966,0.03677207232,0.03915297985
954,1.0,0.0,0.0,0.0,1.0,1.0,0.2334223274,0.2612579399,0.03743618727,0.03928166628
955,1.0,0.0,0.0,0.0,1.0,1.0,0.2358418968,0.2692157159,0.03854930401,0.04124504328
956,1.0,0.0,0.0,0.0,1.0,1.0,0.241244775,0.2709752333,0.03849107027,0.0403239131
957,1.0,0.0,0.0,0.0,1.0,1.0,0.2486336123,0.2743225717,0.04007089138,0.0413890481
958,1.0,0.0,0.0,0.0,1.0,1.0,0.237183535,0.2630108943,0.0383002758,0.03962093592
959,1.0,0.0,0.0,0.0,1.0,1.0,0.2461920548,0.2690803971,0.03917348385,0.0399517417
960,1.0,0.0,0.0,0.0,1.0,1.0,0.2432852163,0.273698425,0.03947365284,0.04134058952
961,1.0,0.0,0.0,0.0,1.0,1.0,0.2461435229,0.2736985068,0.03964012861,0.041236341
962,1.0,0.0,0.0,0.0,1.0,1.0,0.2457374574,0.2727349346,0.03930836916,0.04089123011
963,1.0,0.0,0.0,0.0,1.0,1.0,0.2394668463,0.2649764357,0.03827899694,0.03960812092
964,1.0,0.0,0.0,0.0,1.0,1.0,0.2482057527,0.2719330148,0.03958958387,0.04064530134
965,1.0,0.0,0.0,0.0,1.0,1.0,0.2527514348,0.2797730804,0.04085320234,0.04245525599
966,1.0,0.0,0.0,0.0,1.0,1.0,0.2370151215,0.2604925943,0.03788942099,0.03894925117
967,1.0,0.0,0.0,0.0,1.0,1.0,0.2047050951,0.2216942188,0.03201907873,0.03282624483
968,1.0,0.0,0.0,0.0,1.0,1.0,0.2091459388,0.2235115583,0.03294050694,0.03321045637
969,1.0,0.0,0.0,0.0,1.0,1.0,0.2243642732,0.2417423276,0.03572505713,0.03626638651
970,1.0,0.0,0.0,0.0,1.0,1.0,0.2346661898,0.2498607546,0.03769743443,0.03796869516
971,1.0,0.0,0.0,0.0,1.0,1.0,0.2269918884,0.2435464934,0.0354424119,0.03570693731
972,1.0,0.0,0.0,0.0,1.0,1.0,0.2346659701,0.2489650201,0.03716027737,0.03716033697
973,1.0,0.0,0.0,0.0,1.0,1.0,0.2355588692,0.2534298279,0.03789943457,0.03844082355
974,1.0,0.0,0.0,0.0,1.0,1.0,0.2477680105,0.2658089182,0.0391138792,0.03964239359
975,1.0,0.0,0.0,0.0,1.0,1.0,0.2452723539,0.2658090214,0.0391125679,0.0399107337
976,1.0,0.0,0.0,0.0,1.0,1.0,0.2481835165,0.2712769888,0.03941905499,0.04048442841
977,1.0,0.0,0.0,0.0,1.0,1.0,0.2540109939,0.27546443,0.04024851322,0.04103767872
978,1.0,0.0,0.0,0.0,1.0,1.0,0.2506959197,0.2728975341,0.03961545229,0.04067194462
979,1.0,0.0,0.0,0.0,1.0,1.0,0.2548574612,0.27369872,0.04029297829,0.04081970453
980,1.0,0.0,0.0,0.0,1.0,1.0,0.2515373647,0.2764412261,0.03992944956,0.04152661562
981,1.0,0.0,0.0,0.0,1.0,1.0,0.2515373734,0.275646866,0.03999871016,0.04133200645
982,1.0,0.0,0.0,0.0,1.0,1.0,0.2477676774,0.272090119,0.03933209181,0.04066091776
983,1.0,0.0,0.0,0.0,1.0,1.0,0.2523674532,0.2792036747,0.04038977623,0.0419946909
984,1.0,0.0,0.0,0.0,1.0,1.0,0.2473535007,0.264037073,0.03937625885,0.03964233398
985,1.0,0.0,0.0,0.0,1.0,1.0,0.1974633294,0.2123358233,0.03060597181,0.03114295006
986,1.0,0.0,0.0,0.0,1.0,1.0,0.1287843966,0.1430499582,0.01907122135,0.02014571428
987,1.0,0.0,0.0,0.0,1.0,1.0,0.1298913591,0.1463061078,0.01925522089,0.02059239149
988,1.0,0.0,0.0,0.0,1.0,1.0,0.1566028023,0.1721883911,0.0238301158,0.02463334799
989,1.0,0.0,0.0,0.0,1.0,1.0,0.1777176753,0.1876275512,0.02730631828,0.02730631828
990,1.0,0.0,0.0,0.0,1.0,1.0,0.1928745394,0.1998882106,0.02926546335,0.02873337269
991,1.0,0.0,0.0,0.0,1.0,1.0,0.1950132631,0.2102149688,0.03030467033,0.0308458209
992,1.0,0.0,0.0,0.0,1.0,1.0,0.2043920148,0.2123358724,0.03163444996,0.03109830618
993,1.0,0.0,0.0,0.0,1.0,1.0,0.2047046851,0.2126082916,0.0320109129,0.03147292137
994,1.0,0.0,0.0,0.0,1.0,1.0,0.1712328016,0.1825546259,0.02604615688,0.02631193399
995,1.0,0.0,0.0,0.0,1.0,1.0,0.1836064627,0.1922002998,0.02804923058,0.02778458595
996,1.0,0.0,0.0,0.0,1.0,1.0,0.1912724627,0.1987939246,0.03009223938,0.02955001593
997,1.0,0.0,0.0,0.0,1.0,1.0,0.2019418635,0.2092695303,0.03184270859,0.03130304813
998,1.0,0.0,0.0,0.0,1.0,1.0,0.2089894715,0.2123813992,0.03303933144,0.03170710802
999,1.0,0.0,0.0,0.0,1.0,1.0,0.2056672679,0.2164855094,0.03257125616,0.03230208158
1000,1.0,0.0,0.0,0.0,1.0,1.0,0.2116467331,0.2149339801,0.03431779146,0.03268361092
1001,1.0,0.0,0.0,0.0,1.0,1.0,0.2262251003,0.2382181699,0.03598630428,0.03571772575
1002,1.0,0.0,0.0,0.0,1.0,1.0,0.2276786156,0.2329660277,0.03671610355,0.03536623716
1003,1.0,0.0,0.0,0.0,1.0,1.0,0.174118541,0.1782093803,0.02650976181,0.02571451664
1004,1.0,0.0,0.0,0.0,1.0,1.0,0.1451095296,0.1340247932,0.02164411545,0.01893860102
1005,1.0,0.0,0.0,0.0,1.0,1.0,0.1752753436,0.1665737298,0.02508568764,0.02268385887
1006,1.0,0.0,0.0,0.0,1.0,1.0,0.1612606364,0.1566583512,0.02306693792,0.02118939161
1007,1.0,0.0,0.0,0.0,1.0,1.0,0.1623644565,0.1468641976,0.02400189638,0.02053487301
1008,1.0,0.0,0.0,0.0,1.0,1.0,0.1692177935,0.1764814989,0.0257319212,0.02546387911
1009,1.0,0.0,0.0,0.0,1.0,1.0,0.1961038349,0.2024418569,0.03035902977,0.02956014872
1010,1.0,0.0,0.0,0.0,1.0,1.0,0.202268307,0.2136487654,0.03188967705,0.03162163496
1011,1.0,0.0,0.0,0.0,1.0,1.0,0.2332032686,0.2427723833,0.03672403097,0.03593707085
1012,1.0,0.0,0.0,0.0,1.0,1.0,0.2469790953,0.2551022437,0.03929162025,0.0382438302
1013,1.0,0.0,0.0,0.0,1.0,1.0,0.2519323071,0.2674562937,0.04043012857,0.04043012857
1014,1.0,0.0,0.0,0.0,1.0,1.0,0.2647530997,0.2848056543,0.04272973537,0.0435308218
1015,1.0,0.0,0.0,0.0,1.0,1.0,0.2650907652,0.2848062937,0.04186362028,0.04238373041
1016,1.0,0.0,0.0,0.0,1.0,1.0,0.2618770051,0.2815330637,0.04177469015,0.04230350256
1017,1.0,0.0,0.0,0.0,1.0,1.0,0.2638791462,0.2830585497,0.04229348898,0.04282212257
1018,1.0,0.0,0.0,0.0,1.0,1.0,0.2676194396,0.2875586269,0.04276251793,0.04329037666
1019,1.0,0.0,0.0,0.0,1.0,1.0,0.2592969368,0.2803315762,0.04194670916,0.04274320602
1020,1.0,0.0,0.0,0.0,1.0,1.0,0.2580796528,0.2787918067,0.04091250896,0.04143369198
1021,1.0,0.0,0.0,0.0,1.0,1.0,0.2332031585,0.238301339,0.03697860241,0.03539383411
1022,1.0,0.0,0.0,0.0,1.0,1.0,0.1490880769,0.1419438815,0.02188909054,0.01972717047
1023,1.0,0.0,0.0,0.0,1.0,1.0,0.1607878591,0.1433310466,0.0238725543,0.02007466555
1024,1.0,0.0,0.0,0.0,1.0,1.0,0.1730877152,0.1560395932,0.02494674921,0.02119135857
1025,1.0,0.0,0.0,0.0,1.0,1.0,0.1696473531,0.1489366291,0.02491033077,0.02057808638
1026,1.0,0.0,0.0,0.0,1.0,1.0,0.1680961732,0.1516662262,0.02497398853,0.02117359638
1027,1.0,0.0,0.0,0.0,1.0,1.0,0.1677897067,0.1427776154,0.02493530512,0.02005666494
1028,1.0,0.0,0.0,0.0,1.0,1.0,0.1751789176,0.1444507752,0.02529722452,0.01970523596
1029,1.0,0.0,0.0,0.0,1.0,1.0,0.1705468468,0.1530151127,0.02471911907,0.02099794149
1030,1.0,0.0,0.0,0.0,1.0,1.0,0.1647432083,0.1472045851,0.02439773083,0.02060252428
1031,1.0,0.0,0.0,0.0,1.0,1.0,0.1702345993,0.1524243574,0.02495741844,0.02120035887
1032,1.0,0.0,0.0,0.0,1.0,1.0,0.1744480256,0.1441504685,0.02569270134,0.02007246017
1033,1.0,0.0,0.0,0.0,1.0,1.0,0.1702347508,0.1389184585,0.02474617958,0.01915830374
1034,1.0,0.0,0.0,0.0,1.0,1.0,0.1662725782,0.1430499176,0.02462428808,0.0200741291
1035,1.0,0.0,0.0,0.0,1.0,1.0,0.1629126175,0.137520188,0.0237621069,0.0189563036
1036,1.0,0.0,0.0,0.0,1.0,1.0,0.1596202409,0.1316058939,0.02347767353,0.01840865612
1037,1.0,0.0,0.0,0.0,1.0,1.0,0.1593312116,0.1326182863,0.02376306057,0.01863241196
1038,1.0,0.0,0.0,0.0,1.0,1.0,0.1507236184,0.1315057768,0.02222543955,0.01852124929
1039,1.0,0.0,0.0,0.0,1.0,1.0,0.149465825,0.1287158109,0.02223628759,0.01821768284
1040,1.0,0.0,0.0,0.0,1.0,1.0,0.1527925598,0.1273052167,0.02264797688,0.01785188913
1041,1.0,0.0,0.0,0.0,1.0,1.0,0.1491971689,0.1371412219,0.02198755741,0.01933842897
1042,1.0,0.0,0.0,0.0,1.0,1.0,0.1555479964,0.1403713823,0.023242414,0.02003663778
1043,1.0,0.0,0.0,0.0,1.0,1.0,0.1585567399,0.1441142826,0.02365148067,0.02046251297
1044,1.0,0.0,0.0,0.0,1.0,1.0,0.1547180515,0.1446564281,0.02317261696,0.0205091238
1045,1.0,0.0,0.0,0.0,1.0,1.0,0.166866494,0.1647228231,0.02514576912,0.02355760336
1046,1.0,0.0,0.0,0.0,1.0,1.0,0.1732135494,0.1708603233,0.02642309666,0.02457344532
1047,1.0,0.0,0.0,0.0,1.0,1.0,0.1753405746,0.167186256,0.02658677101,0.02419400215
1048,1.0,0.0,0.0,0.0,1.0,1.0,0.1799693453,0.1757260597,0.02725952864,0.02540695667
1049,1.0,0.0,0.0,0.0,1.0,1.0,0.1884761866,0.1864902321,0.02918976545,0.02758300304
1050,1.0,0.0,0.0,0.0,1.0,1.0,0.199888503,0.199528886,0.03093522787,0.02934879065
1051,1.0,0.0,0.0,0.0,1.0,1.0,0.1981801085,0.1984452545,0.03042894602,0.02885502577
1052,1.0,0.0,0.0,0.0,1.0,1.0,0.1948064966,0.1959337812,0.03037947416,0.02879446745
1053,1.0,0.0,0.0,0.0,1.0,1.0,0.2100519819,0.2157069092,0.03258401155,0.03153294325
1054,1.0,0.0,0.0,0.0,1.0,1.0,0.214770119,0.219302033,0.03365838528,0.03233325481
1055,1.0,0.0,0.0,0.0,1.0,1.0,0.220589701,0.2210995082,0.03426712751,0.03242200613
1056,1.0,0.0,0.0,0.0,1.0,1.0,0.2262250856,0.2266590501,0.03501009941,0.03318119049
1057,1.0,0.0,0.0,0.0,1.0,1.0,0.2310267953,0.2347445475,0.03653091192,0.03494262695
1058,1.0,0.0,0.0,0.0,1.0,1.0,0.2381219613,0.2427216932,0.0375828743,0.03599488735
1059,1.0,0.0,0.0,0.0,1.0,1.0,0.2385220038,0.2454146191,0.03763383627,0.03657376766
1060,1.0,0.0,0.0,0.0,1.0,1.0,0.2368426275,0.2418576094,0.0371710062,0.03585284948
1061,1.0,0.0,0.0,0.0,1.0,1.0,0.2415871069,0.2551765547,0.03842169046,0.03789532185
1062,1.0,0.0,0.0,0.0,1.0,1.0,0.2391401921,0.2534043321,0.03800565004,0.03748142719
1063,1.0,0.0,0.0,0.0,1.0,1.0,0.2399321877,0.2489777883,0.03771591187,0.03667551279
1064,1.0,0.0,0.0,0.0,1.0,1.0,0.2506905432,0.2595725415,0.04001635313,0.03895634413
1065,1.0,0.0,0.0,0.0,1.0,1.0,0.2506905655,0.2631042233,0.03972566128,0.03919953108
1066,1.0,0.0,0.0,0.0,1.0,1.0,0.2540111178,0.2648697294,0.04054713249,0.03975206614
1067,1.0,0.0,0.0,0.0,1.0,1.0,0.2469600923,0.2595721579,0.03928601742,0.03875863552
1068,1.0,0.0,0.0,0.0,1.0,1.0,0.2469599199,0.2595726288,0.03947532177,0.03894549608
1069,1.0,0.0,0.0,0.0,1.0,1.0,0.2535898207,0.2666357126,0.04012709856,0.03960257769
1070,1.0,0.0,0.0,0.0,1.0,1.0,0.250275114,0.2613377271,0.039257586,0.03847754002
1071,1.0,0.0,0.0,0.0,1.0,1.0,0.2196389222,0.218289697,0.0340602994,0.03194802999
1072,1.0,0.0,0.0,0.0,1.0,1.0,0.2186813763,0.2128775441,0.03350818157,0.03089034557
1073,1.0,0.0,0.0,0.0,1.0,1.0,0.2135558593,0.2074655598,0.03289341927,0.03026199341
1074,1.0,0.0,0.0,0.0,1.0,1.0,0.156739001,0.1220248643,0.02273362875,0.01684963703
1075,1.0,0.0,0.0,0.0,1.0,1.0,0.1541891095,0.1224994584,0.02228838205,0.01691764593
1076,1.0,0.0,0.0,0.0,1.0,1.0,0.1481995358,0.1381803203,0.02178633213,0.01939511299
1077,1.0,0.0,0.0,0.0,1.0,1.0,0.1662819455,0.1665738871,0.02513617277,0.0240778327
1078,1.0,0.0,0.0,0.0,1.0,1.0,0.1829720714,0.1823799112,0.02789437771,0.02631545067
1079,1.0,0.0,0.0,0.0,1.0,1.0,0.2005685436,0.2020533208,0.03122627735,0.02963846922
1080,1.0,0.0,0.0,0.0,1.0,1.0,0.2130789612,0.2139092406,0.03315937519,0.03131717443
1081,1.0,0.0,0.0,0.0,1.0,1.0,0.2256262571,0.2240740941,0.03580796719,0.03342080116
1082,1.0,0.0,0.0,0.0,1.0,1.0,0.2302552885,0.2224905399,0.03646063805,0.03329014778
1083,1.0,0.0,0.0,0.0,1.0,1.0,0.2398661016,0.2419146189,0.03773677349,0.03590238094
1084,1.0,0.0,0.0,0.0,1.0,1.0,0.2394671805,0.2454460051,0.03762209415,0.03631573915
1085,1.0,0.0,0.0,0.0,1.0,1.0,0.2352608008,0.2410003194,0.03716182709,0.0358440876
1086,1.0,0.0,0.0,0.0,1.0,1.0,0.2335924701,0.2427216352,0.03718370199,0.0361213088
1087,1.0,0.0,0.0,0.0,1.0,1.0,0.2423895094,0.2463411052,0.03857076168,0.03698563576
1088,1.0,0.0,0.0,0.0,1.0,1.0,0.241531733,0.2595725175,0.03821992874,0.03874713182
1089,1.0,0.0,0.0,0.0,1.0,1.0,0.2440495437,0.2595725826,0.03900420666,0.03900426626
1090,1.0,0.0,0.0,0.0,1.0,1.0,0.2469789823,0.2647643382,0.0399903059,0.04025691748
1091,1.0,0.0,0.0,0.0,1.0,1.0,0.2469787746,0.2630111139,0.03931480646,0.03931486607
1092,1.0,0.0,0.0,0.0,1.0,1.0,0.2423895146,0.2516200955,0.03804707527,0.03726530075
1093,1.0,0.0,0.0,0.0,1.0,1.0,0.2469790229,0.2585966404,0.0392434597,0.03872019053
1094,1.0,0.0,0.0,0.0,1.0,1.0,0.2411876932,0.2507372266,0.0384349823,0.03764522076
1095,1.0,0.0,0.0,0.0,1.0,1.0,0.253541042,0.2664019769,0.04096597433,0.04043740034
1096,1.0,0.0,0.0,0.0,1.0,1.0,0.2482273448,0.2646604883,0.03990262747,0.03990262747
1097,1.0,0.0,0.0,0.0,1.0,1.0,0.2539566457,0.2646603736,0.04087871313,0.04008746147
1098,1.0,0.0,0.0,0.0,1.0,1.0,0.2568124105,0.2733664676,0.04105490446,0.04105490446
1099,1.0,0.0,0.0,0.0,1.0,1.0,0.2605102822,0.2768489262,0.04192650318,0.04192650318
1100,1.0,0.0,0.0,0.0,1.0,1.0,0.2629253801,0.2803311493,0.04188400507,0.04188394547
1101,1.0,0.0,0.0,0.0,1.0,1.0,0.2539835224,0.2665178161,0.04010057449,0.03957980871
1102,1.0,0.0,0.0,0.0,1.0,1.0,0.2548576368,0.2711255531,0.04067111015,0.04067116976
1103,1.0,0.0,0.0,0.0,1.0,1.0,0.2623118846,0.2835293669,0.04199486971,0.04252642393
1104,1.0,0.0,0.0,0.0,1.0,1.0,0.2511077138,0.2675810734,0.04004216194,0.04004216194
1105,1.0,0.0,0.0,0.0,1.0,1.0,0.254857566,0.2693530716,0.04047369957,0.04020917416
1106,1.0,0.0,0.0,0.0,1.0,1.0,0.2648518428,0.27821368,0.0423348546,0.04180240631
1107,1.0,0.0,0.0,0.0,1.0,1.0,0.2532139515,0.2648699398,0.03969502449,0.03943222761
1108,1.0,0.0,0.0,0.0,1.0,1.0,0.2552831713,0.2684011869,0.04029548168,0.04003208876
1109,1.0,0.0,0.0,0.0,1.0,1.0,0.2615208117,0.2817578395,0.04120689631,0.04173183441
1110,1.0,0.0,0.0,0.0,1.0,1.0,0.2582451823,0.2746694041,0.04092860222,0.04119437933
1111,1.0,0.0,0.0,0.0,1.0,1.0,0.2578659402,0.2694921415,0.04012125731,0.03959679604
1112,1.0,0.0,0.0,0.0,1.0,1.0,0.258244865,0.2666355891,0.04085463285,0.04005879164
1113,1.0,0.0,0.0,0.0,1.0,1.0,0.2511159536,0.2677075967,0.03939908743,0.03939908743
1114,1.0,0.0,0.0,0.0,1.0,1.0,0.2619572013,0.283770489,0.04135370255,0.041880548
1115,1.0,0.0,0.0,0.0,1.0,1.0,0.2594865571,0.2764411584,0.04064524174,0.04090744257
1116,1.0,0.0,0.0,0.0,1.0,1.0,0.2594867349,0.276441296,0.04111903906,0.04138427973
1117,1.0,0.0,0.0,0.0,1.0,1.0,0.2615988359,0.2736986413,0.04111558199,0.04085201025
1118,1.0,0.0,0.0,0.0,1.0,1.0,0.2594227806,0.2754648892,0.04135745764,0.04135745764
1119,1.0,0.0,0.0,0.0,1.0,1.0,0.2211460015,0.2216943705,0.03461974859,0.0327411294
1120,1.0,0.0,0.0,0.0,1.0,1.0,0.1580934231,0.1546304301,0.02292847633,0.02161073685
1121,1.0,0.0,0.0,0.0,1.0,1.0,0.1924062282,0.1883277424,0.0290620923,0.02717840672
1122,1.0,0.0,0.0,0.0,1.0,1.0,0.2144130332,0.2144257295,0.03276443481,0.03117907047
1123,1.0,0.0,0.0,0.0,1.0,1.0,0.216892847,0.2214878091,0.03363460302,0.03255826235
1124,1.0,0.0,0.0,0.0,1.0,1.0,0.211222304,0.2133841895,0.03230720758,0.03073120117
1125,1.0,0.0,0.0,0.0,1.0,1.0,0.2209473657,0.2279746111,0.0341963172,0.03339481354
1126,1.0,0.0,0.0,0.0,1.0,1.0,0.2259010375,0.2307801644,0.03470242023,0.033387959
1127,1.0,0.0,0.0,0.0,1.0,1.0,0.2268358178,0.2309180793,0.03532803059,0.03399991989
1128,1.0,0.0,0.0,0.0,1.0,1.0,0.2350634276,0.2453829132,0.03694450855,0.03641295433
1129,1.0,0.0,0.0,0.0,1.0,1.0,0.2384453821,0.2480753763,0.0373339057,0.03680431843
1130,1.0,0.0,0.0,0.0,1.0,1.0,0.2337677186,0.2462652132,0.03656154871,0.03629660606
1131,1.0,0.0,0.0,0.0,1.0,1.0,0.2414191045,0.2498609266,0.03792780638,0.03713220358
1132,1.0,0.0,0.0,0.0,1.0,1.0,0.2456539655,0.2525279358,0.03862476349,0.03756654263
1133,1.0,0.0,0.0,0.0,1.0,1.0,0.247336867,0.2534301371,0.03928822279,0.03795188665
1134,1.0,0.0,0.0,0.0,1.0,1.0,0.2447959426,0.2560848043,0.03862857819,0.03836214542
1135,1.0,0.0,0.0,0.0,1.0,1.0,0.2498604069,0.2604928323,0.03891426325,0.03865134716
1136,1.0,0.0,0.0,0.0,1.0,1.0,0.2490135954,0.2605691044,0.03897720575,0.03871208429
1137,1.0,0.0,0.0,0.0,1.0,1.0,0.2511242086,0.2623531033,0.03944975138,0.03892022371
1138,1.0,0.0,0.0,0.0,1.0,1.0,0.2523842202,0.2649764281,0.03943604231,0.03917312622
1139,1.0,0.0,0.0,0.0,1.0,1.0,0.2552829925,0.269353082,0.04037368298,0.04010981321
1140,1.0,0.0,0.0,0.0,1.0,1.0,0.2553193181,0.2711249151,0.04018968344,0.04045408964
1141,1.0,0.0,0.0,0.0,1.0,1.0,0.2586200732,0.2736986395,0.04052382708,0.04052382708
1142,1.0,0.0,0.0,0.0,1.0,1.0,0.2569519476,0.2701671417,0.04045581818,0.0401930809
1143,1.0,0.0,0.0,0.0,1.0,1.0,0.2569516795,0.2711251671,0.04108399153,0.04081720114
1144,1.0,0.0,0.0,0.0,1.0,1.0,0.2561383071,0.2711255254,0.04031085968,0.04031091928
1145,1.0,0.0,0.0,0.0,1.0,1.0,0.2523674414,0.2675811389,0.03969979286,0.03969979286
1146,1.0,0.0,0.0,0.0,1.0,1.0,0.2557492966,0.271276897,0.03996497393,0.03996497393
1147,1.0,0.0,0.0,0.0,1.0,1.0,0.2536395913,0.265923098,0.04036653042,0.03983193636
1148,1.0,0.0,0.0,0.0,1.0,1.0,0.2494388408,0.264137978,0.03910940886,0.03910940886
1149,1.0,0.0,0.0,0.0,1.0,1.0,0.2536401104,0.2694921827,0.03989076614,0.03989070654
1150,1.0,0.0,0.0,0.0,1.0,1.0,0.2528098772,0.2667549048,0.03947412968,0.03947412968
1151,1.0,0.0,0.0,0.0,1.0,1.0,0.2523844844,0.2677077774,0.0394372344,0.0394372344
1152,1.0,0.0,0.0,0.0,1.0,1.0,0.2485921014,0.25971123,0.0389302969,0.03840059042
1153,1.0,0.0,0.0,0.0,1.0,1.0,0.2511245441,0.2631982474,0.03940725327,0.03914278746
1154,1.0,0.0,0.0,0.0,1.0,1.0,0.2549251283,0.2668763443,0.03986620903,0.03933823109
1155,1.0,0.0,0.0,0.0,1.0,1.0,0.252384108,0.2685333397,0.0396926403,0.03995728493
1156,1.0,0.0,0.0,0.0,1.0,1.0,0.2532371104,0.27127738,0.03971743584,0.04024702311
1157,1.0,0.0,0.0,0.0,1.0,1.0,0.2507017919,0.2659229747,0.03950846195,0.03950846195
1158,1.0,0.0,0.0,0.0,1.0,1.0,0.251124614,0.2622648081,0.03931248188,0.03904861212
1159,1.0,0.0,0.0,0.0,1.0,1.0,0.2557098775,0.2692157375,0.04060637951,0.04060637951
1160,1.0,0.0,0.0,0.0,1.0,1.0,0.2498604066,0.2631981603,0.03896087408,0.03896087408
1161,1.0,0.0,0.0,0.0,1.0,1.0,0.238774588,0.2471548065,0.03675448895,0.03596693277
1162,1.0,0.0,0.0,0.0,1.0,1.0,0.2078564028,0.2089741923,0.03168350458,0.0303633213
1163,1.0,0.0,0.0,0.0,1.0,1.0,0.213306057,0.2100273969,0.03276515007,0.03065121174
1164,1.0,0.0,0.0,0.0,1.0,1.0,0.2159073213,0.2042655128,0.03295212984,0.02976322174
1165,1.0,0.0,0.0,0.0,1.0,1.0,0.1554286404,0.1502916512,0.02286714315,0.02127170563
1166,1.0,0.0,0.0,0.0,1.0,1.0,0.1587562689,0.1578065981,0.02339565754,0.02233219147
1167,1.0,0.0,0.0,0.0,1.0,1.0,0.1603384049,0.1566286232,0.02385014296,0.02226006985
1168,1.0,0.0,0.0,0.0,1.0,1.0,0.1665734926,0.1622227602,0.02480608225,0.02320569754
1169,1.0,0.0,0.0,0.0,1.0,1.0,0.1665735621,0.1590872974,0.0248734951,0.02273386717
1170,1.0,0.0,0.0,0.0,1.0,1.0,0.1736621218,0.170908452,0.02618438005,0.02458125353
1171,1.0,0.0,0.0,0.0,1.0,1.0,0.1716393289,0.1659521764,0.02547323704,0.0236158371
1172,1.0,0.0,0.0,0.0,1.0,1.0,0.1573360519,0.1553436713,0.02374458313,0.022395432
1173,1.0,0.0,0.0,0.0,1.0,1.0,0.1701177197,0.154895232,0.02566742897,0.02245903015
1174,1.0,0.0,0.0,0.0,1.0,1.0,0.1680478978,0.160426822,0.02510035038,0.02298659086
1175,1.0,0.0,0.0,0.0,1.0,1.0,0.1662788398,0.1597619457,0.02494293451,0.02282011509
1176,1.0,0.0,0.0,0.0,1.0,1.0,0.1585568117,0.1560463748,0.02354186773,0.02221924067
1177,1.0,0.0,0.0,0.0,1.0,1.0,0.1758101563,0.1353827212,0.02452671528,0.01812845469
1178,1.0,0.0,0.0,0.0,1.0,1.0,0.1820615252,0.1314009675,0.02561330795,0.01760917902
1179,1.0,0.0,0.0,0.0,1.0,1.0,0.1741450573,0.1337838314,0.02450674772,0.01811373234
1180,1.0,0.0,0.0,0.0,1.0,1.0,0.1883562758,0.1519155562,0.02640169859,0.02047485113
1181,1.0,0.0,0.0,0.0,1.0,1.0,0.1902783029,0.1314007025,0.02651667595,0.01767778397
1182,1.0,0.0,0.0,0.0,1.0,1.0,0.1933786286,0.1427773283,0.02683722973,0.01913148165
1183,1.0,0.0,0.0,0.0,1.0,1.0,0.1884661864,0.146976827,0.02649265528,0.0200701952
1184,1.0,0.0,0.0,0.0,1.0,1.0,0.1929423872,0.1572824236,0.02679783106,0.02117025852
1185,1.0,0.0,0.0,0.0,1.0,1.0,0.2148512107,0.1685562581,0.03000813723,0.02277398109
1186,1.0,0.0,0.0,0.0,1.0,1.0,0.2144393221,0.1806220694,0.02973538637,0.02389454842
1187,1.0,0.0,0.0,0.0,1.0,1.0,0.2063242228,0.169865864,0.0290850997,0.02294790745
1188,1.0,0.0,0.0,0.0,1.0,1.0,0.2174357752,0.1804549846,0.03089165688,0.0246591568
1189,1.0,0.0,0.0,0.0,1.0,1.0,0.2110147818,0.1779005853,0.0295394063,0.02390003204
1190,1.0,0.0,0.0,0.0,1.0,1.0,0.2155288466,0.1864036837,0.03013134003,0.02506494522
1191,1.0,0.0,0.0,0.0,1.0,1.0,0.2048189812,0.1757912316,0.02858150005,0.02355331182
1192,1.0,0.0,0.0,0.0,1.0,1.0,0.2048190774,0.1672297128,0.02908760309,0.02289307117
1193,1.0,0.0,0.0,0.0,1.0,1.0,0.1924158138,0.1542108121,0.02741605043,0.02102786303
1194,1.0,0.0,0.0,0.0,1.0,1.0,0.1844543679,0.1402378328,0.02653074265,0.01922124624
1195,1.0,0.0,0.0,0.0,1.0,1.0,0.1806902893,0.1410975505,0.02599173784,0.01949375868
1196,1.0,0.0,0.0,0.0,1.0,1.0,0.1702751681,0.1394572324,0.0246142745,0.01926338673
1197,1.0,0.0,0.0,0.0,1.0,1.0,0.1485405502,0.1244516084,0.0218667388,0.01754742861
1198,1.0,0.0,0.0,0.0,1.0,1.0,0.1451393255,0.1312008486,0.02105224133,0.0181209445
1199,1.0,0.0,0.0,0.0,1.0,1.0,0.1520889165,0.1452018044,0.02298098803,0.02106589079
1200,1.0,0.0,0.0,0.0,1.0,1.0,0.165375115,0.1565165071,0.02442145348,0.02203243971
1201,1.0,0.0,0.0,0.0,1.0,1.0,0.1701175734,0.1622230265,0.02544212341,0.02305698395
1202,1.0,0.0,0.0,0.0,1.0,1.0,0.1921325304,0.1839118652,0.02949494123,0.02678894997
1203,1.0,0.0,0.0,0.0,1.0,1.0,0.2134225272,0.2024417578,0.03295320272,0.02973824739
1204,1.0,0.0,0.0,0.0,1.0,1.0,0.2253475158,0.2182897491,0.03469270468,0.03204441071
1205,1.0,0.0,0.0,0.0,1.0,1.0,0.2228600014,0.2139096161,0.03443402052,0.03152042627
1206,1.0,0.0,0.0,0.0,1.0,1.0,0.2366651266,0.2354800962,0.03688311577,0.03476035595
1207,1.0,0.0,0.0,0.0,1.0,1.0,0.2434754958,0.2418580328,0.03765177727,0.03580874205
1208,1.0,0.0,0.0,0.0,1.0,1.0,0.2498604175,0.249860584,0.03911727667,0.03725457191
1209,1.0,0.0,0.0,0.0,1.0,1.0,0.2473198369,0.2552147719,0.03849446774,0.03770345449
1210,1.0,0.0,0.0,0.0,1.0,1.0,0.2519743295,0.2605690885,0.03940218687,0.03860890865
1211,1.0,0.0,0.0,0.0,1.0,1.0,0.2507074696,0.2525282218,0.03917115927,0.03758317232
1212,1.0,0.0,0.0,0.0,1.0,1.0,0.2604298819,0.2675808325,0.04055190086,0.0397619009
1213,1.0,0.0,0.0,0.0,1.0,1.0,0.2591145791,0.2719329921,0.04062187672,0.04062187672
1214,1.0,0.0,0.0,0.0,1.0,1.0,0.2692098737,0.2797731697,0.04207330942,0.04181033373
1215,1.0,0.0,0.0,0.0,1.0,1.0,0.2591145697,0.2658089684,0.04044526815,0.03939473629
1216,1.0,0.0,0.0,0.0,1.0,1.0,0.2628349178,0.2709754555,0.04156416655,0.04076993465
1217,1.0,0.0,0.0,0.0,1.0,1.0,0.2622045668,0.2696337264,0.04071730375,0.03965973854
1218,1.0,0.0,0.0,0.0,1.0,1.0,0.2608712486,0.2694921799,0.04056078196,0.03977060318
1219,1.0,0.0,0.0,0.0,1.0,1.0,0.2566594584,0.2669989309,0.04012358189,0.03932642937
1220,1.0,0.0,0.0,0.0,1.0,1.0,0.2679784065,0.2756468565,0.04222661257,0.04116433859
1221,1.0,0.0,0.0,0.0,1.0,1.0,0.2641623749,0.2774251352,0.04121679068,0.04095423222
1222,1.0,0.0,0.0,0.0,1.0,1.0,0.2557893958,0.2605688071,0.04010504484,0.03877705336
1223,1.0,0.0,0.0,0.0,1.0,1.0,0.2624797523,0.2756467824,0.04106074572,0.0407975316
1224,1.0,0.0,0.0,0.0,1.0,1.0,0.2661829626,0.2746695621,0.04180753231,0.04075580835
1225,1.0,0.0,0.0,0.0,1.0,1.0,0.2594865623,0.2613383309,0.04087805748,0.03903198242
1226,1.0,0.0,0.0,0.0,1.0,1.0,0.2586790394,0.2685335365,0.04065006971,0.03985822201
1227,1.0,0.0,0.0,0.0,1.0,1.0,0.2611608489,0.2648695149,0.04109239578,0.03951185942
1228,1.0,0.0,0.0,0.0,1.0,1.0,0.2611609526,0.2711255016,0.0412914753,0.04049742222
1229,1.0,0.0,0.0,0.0,1.0,1.0,0.2594865412,0.2675810547,0.04074323177,0.03969180584
1230,1.0,0.0,0.0,0.0,1.0,1.0,0.2620386079,0.2703117482,0.04113799334,0.04008316994
1231,1.0,0.0,0.0,0.0,1.0,1.0,0.2604298663,0.2712771059,0.04065483809,0.04012686014
1232,1.0,0.0,0.0,0.0,1.0,1.0,0.2591145003,0.2675813176,0.04037153721,0.03958511353
1233,1.0,0.0,0.0,0.0,1.0,1.0,0.2621207041,0.274846471,0.04092347622,0.04065948725
1234,1.0,0.0,0.0,0.0,1.0,1.0,0.2666297593,0.2774252333,0.04171097279,0.04092395306
1235,1.0,0.0,0.0,0.0,1.0,1.0,0.2652945826,0.2762541694,0.04197508097,0.04144704342
1236,1.0,0.0,0.0,0.0,1.0,1.0,0.2652942965,0.2744946166,0.04185336828,0.04106366634
1237,1.0,0.0,0.0,0.0,1.0,1.0,0.259486642,0.2648698963,0.04092419147,0.0396040678
1238,1.0,0.0,0.0,0.0,1.0,1.0,0.2565683383,0.259572156,0.04030662775,0.03872591257
1239,1.0,0.0,0.0,0.0,1.0,1.0,0.2728794221,0.2860594467,0.04299354553,0.04272979498
1240,1.0,0.0,0.0,0.0,1.0,1.0,0.2615203661,0.2656968489,0.0412157774,0.03964072466
1241,1.0,0.0,0.0,0.0,1.0,1.0,0.2640665544,0.2754644708,0.041842103,0.04131245613
1242,1.0,0.0,0.0,0.0,1.0,1.0,0.2615989116,0.2656968731,0.04094308615,0.03963083029
1243,1.0,0.0,0.0,0.0,1.0,1.0,0.259486814,0.2674562478,0.04071581364,0.03992772102
1244,1.0,0.0,0.0,0.0,1.0,1.0,0.2586793156,0.2639369781,0.04028964043,0.03924310207
1245,1.0,0.0,0.0,0.0,1.0,1.0,0.2637186301,0.2736988907,0.04138714075,0.04085987806
1246,1.0,0.0,0.0,0.0,1.0,1.0,0.2636257957,0.2692159778,0.04149436951,0.04018127918
1247,1.0,0.0,0.0,0.0,1.0,1.0,0.2574319959,0.2640370978,0.04074215889,0.03967702389
1248,1.0,0.0,0.0,0.0,1.0,1.0,0.2573812507,0.2577510916,0.04049950838,0.03865867853
1249,1.0,0.0,0.0,0.0,1.0,1.0,0.2527900023,0.2551391645,0.04001277685,0.03842288256
1250,1.0,0.0,0.0,0.0,1.0,1.0,0.2579207067,0.2604930278,0.04014623165,0.03882563114
1251,1.0,0.0,0.0,0.0,1.0,1.0,0.2645090812,0.2656968493,0.04141688347,0.03958195448
1252,1.0,0.0,0.0,0.0,1.0,1.0,0.2612369817,0.2639370508,0.04117447138,0.03984624147
1253,1.0,0.0,0.0,0.0,1.0,1.0,0.2426488733,0.2400093817,0.0378177762,0.03543764353
1254,1.0,0.0,0.0,0.0,1.0,1.0,0.2213298481,0.2128776592,0.03395080566,0.03129839897
1255,1.0,0.0,0.0,0.0,1.0,1.0,0.2188435174,0.2049216299,0.03404474258,0.03055983782
1256,1.0,0.0,0.0,0.0,1.0,1.0,0.2228599624,0.2149338272,0.03471499681,0.03204464912
1257,1.0,0.0,0.0,0.0,1.0,1.0,0.2282464178,0.21828945,0.03515058756,0.03222131729
1258,1.0,0.0,0.0,0.0,1.0,1.0,0.2197723019,0.2068441353,0.03368806839,0.03021234274
1259,1.0,0.0,0.0,0.0,1.0,1.0,0.1501941059,0.1326179716,0.02182769775,0.01859396696
1260,1.0,0.0,0.0,0.0,1.0,1.0,0.1570290316,0.1210865509,0.02284121513,0.01692938805
1261,1.0,0.0,0.0,0.0,1.0,1.0,0.162657569,0.15900183,0.02399766445,0.02239781618
1262,1.0,0.0,0.0,0.0,1.0,1.0,0.1575208015,0.1565165617,0.02319037914,0.02212417126
1263,1.0,0.0,0.0,0.0,1.0,1.0,0.146170865,0.1378542244,0.02148926258,0.01934033632
1264,1.0,0.0,0.0,0.0,1.0,1.0,0.1580933938,0.1571093791,0.02339309454,0.02231758833
1265,1.0,0.0,0.0,0.0,1.0,1.0,0.191382406,0.1776786414,0.02903831005,0.02581185102
1266,1.0,0.0,0.0,0.0,1.0,1.0,0.2174226626,0.208370773,0.03323221207,0.03028416634
1267,1.0,0.0,0.0,0.0,1.0,1.0,0.2220982808,0.2115609348,0.0342798233,0.03106611967
1268,1.0,0.0,0.0,0.0,1.0,1.0,0.2303742857,0.222702039,0.03551465273,0.03284436464
1269,1.0,0.0,0.0,0.0,1.0,1.0,0.2361693216,0.2354799385,0.03620415926,0.03436774015
1270,1.0,0.0,0.0,0.0,1.0,1.0,0.2268357551,0.2266592424,0.03498822451,0.03340983391
1271,1.0,0.0,0.0,0.0,1.0,1.0,0.2400704971,0.2391521043,0.03724229336,0.03539335728
1272,1.0,0.0,0.0,0.0,1.0,1.0,0.2408913411,0.2427216305,0.03722983599,0.03590959311
1273,1.0,0.0,0.0,0.0,1.0,1.0,0.2327467292,0.2318848611,0.03602164984,0.03416758776
1274,1.0,0.0,0.0,0.0,1.0,1.0,0.1917223825,0.1813802138,0.02874916792,0.02608722448
1275,1.0,0.0,0.0,0.0,1.0,1.0,0.1502917434,0.1165356121,0.02136939764,0.01575994492
1276,1.0,0.0,0.0,0.0,1.0,1.0,0.1547642508,0.1132183449,0.02225774527,0.01555365324
1277,1.0,0.0,0.0,0.0,1.0,1.0,0.1475187521,0.118254614,0.02147430182,0.0166426301
1278,1.0,0.0,0.0,0.0,1.0,1.0,0.1745904127,0.1653353581,0.02638155222,0.02395880222
1279,1.0,0.0,0.0,0.0,1.0,1.0,0.1988325492,0.1823798598,0.0299757719,0.02652722597
1280,1.0,0.0,0.0,0.0,1.0,1.0,0.2089425684,0.1962537487,0.0319237113,0.02873128653
1281,1.0,0.0,0.0,0.0,1.0,1.0,0.2332595281,0.2320132504,0.03618133068,0.03433269262
1282,1.0,0.0,0.0,0.0,1.0,1.0,0.2332598986,0.2346359041,0.03606414795,0.03448468447
1283,1.0,0.0,0.0,0.0,1.0,1.0,0.2273772471,0.2311876283,0.03519123793,0.03414076567
1284,1.0,0.0,0.0,0.0,1.0,1.0,0.249435977,0.2507497887,0.03915256262,0.03755456209
1285,1.0,0.0,0.0,0.0,1.0,1.0,0.2397309626,0.2454145266,0.03793674707,0.0368680954
1286,1.0,0.0,0.0,0.0,1.0,1.0,0.2422374173,0.2436360502,0.03798359632,0.03638988733
1287,1.0,0.0,0.0,0.0,1.0,1.0,0.2469008386,0.247192971,0.03868502378,0.03683030605
1288,1.0,0.0,0.0,0.0,1.0,1.0,0.2434758835,0.2489650241,0.03821879625,0.03714972734
1289,1.0,0.0,0.0,0.0,1.0,1.0,0.2431075463,0.2489713586,0.03821372986,0.03715223074
1290,1.0,0.0,0.0,0.0,1.0,1.0,0.2345629131,0.2346358475,0.03641116619,0.03456419706
1291,1.0,0.0,0.0,0.0,1.0,1.0,0.2397308728,0.2418577247,0.03724658489,0.03567278385
1292,1.0,0.0,0.0,0.0,1.0,1.0,0.2262888038,0.2237016461,0.0347161293,0.03261208534
1293,1.0,0.0,0.0,0.0,1.0,1.0,0.1484881177,0.1278809964,0.02078819275,0.01732349396
1294,1.0,0.0,0.0,0.0,1.0,1.0,0.1481349798,0.1210259459,0.02118319273,0.01662474871
1295,1.0,0.0,0.0,0.0,1.0,1.0,0.1393277226,0.1244439349,0.02039569616,0.01740425825
1296,1.0,0.0,0.0,0.0,1.0,1.0,0.1500099803,0.1215007715,0.0215909481,0.01673299074
1297,1.0,0.0,0.0,0.0,1.0,1.0,0.1569216321,0.1220251665,0.02258867025,0.01694154739
1298,1.0,0.0,0.0,0.0,1.0,1.0,0.1478576021,0.1288344545,0.0211507678,0.01767027378
1299,1.0,0.0,0.0,0.0,1.0,1.0,0.1628304508,0.1303620838,0.0235285759,0.01784926653
1300,1.0,0.0,0.0,0.0,1.0,1.0,0.1753735866,0.137718404,0.02475351095,0.0186316967
1301,1.0,0.0,0.0,0.0,1.0,1.0,0.1748071332,0.1362876448,0.02480685711,0.01860517263
1302,1.0,0.0,0.0,0.0,1.0,1.0,0.1621736101,0.1352186114,0.02330005169,0.01869422197
1303,1.0,0.0,0.0,0.0,1.0,1.0,0.1593857521,0.1357507095,0.0228523612,0.01855069399
1304,1.0,0.0,0.0,0.0,1.0,1.0,0.1572153416,0.1318162071,0.02290004492,0.01826554537
1305,1.0,0.0,0.0,0.0,1.0,1.0,0.1533339383,0.13261824,0.02220755816,0.01846170425
1306,1.0,0.0,0.0,0.0,1.0,1.0,0.1396277533,0.1292717004,0.0203435421,0.01793450117
1307,1.0,0.0,0.0,0.0,1.0,1.0,0.1463919628,0.1414305075,0.02161103487,0.02001023293
1308,1.0,0.0,0.0,0.0,1.0,1.0,0.1752152151,0.1709080323,0.02635324001,0.02473974228
1309,1.0,0.0,0.0,0.0,1.0,1.0,0.1876145933,0.1917747663,0.0285987854,0.02779692411
1310,1.0,0.0,0.0,0.0,1.0,1.0,0.1844310972,0.1887834323,0.02777355909,0.02698004246
1311,1.0,0.0,0.0,0.0,1.0,1.0,0.2104988552,0.2188559465,0.03260815144,0.03181284666
1312,1.0,0.0,0.0,0.0,1.0,1.0,0.2040027151,0.218855859,0.03150123358,0.03176593781
1313,1.0,0.0,0.0,0.0,1.0,1.0,0.2168280762,0.2309179933,0.03377759457,0.03377759457
1314,1.0,0.0,0.0,0.0,1.0,1.0,0.2299900714,0.2435460697,0.0355322957,0.03527098894
1315,1.0,0.0,0.0,0.0,1.0,1.0,0.2343748749,0.2525472783,0.036629498,0.0368911624
1316,1.0,0.0,0.0,0.0,1.0,1.0,0.2419348345,0.2659229996,0.0380563736,0.03910624981
1317,1.0,0.0,0.0,0.0,1.0,1.0,0.2407293987,0.2631983134,0.03794652224,0.03873163462
1318,1.0,0.0,0.0,0.0,1.0,1.0,0.2523509211,0.2738684528,0.03967064619,0.04019260406
1319,1.0,0.0,0.0,0.0,1.0,1.0,0.2457097952,0.2640367314,0.03840106726,0.03866052628
1320,1.0,0.0,0.0,0.0,1.0,1.0,0.2402661572,0.2578627888,0.03744715452,0.03770720959
1321,1.0,0.0,0.0,0.0,1.0,1.0,0.249030321,0.2693531708,0.03914511204,0.03966706991
1322,1.0,0.0,0.0,0.0,1.0,1.0,0.2457101787,0.2648699385,0.03850185871,0.03902214766
1323,1.0,0.0,0.0,0.0,1.0,1.0,0.2360493885,0.2507561873,0.0370259881,0.03676337004
1324,1.0,0.0,0.0,0.0,1.0,1.0,0.2386723986,0.2569489251,0.03741014004,0.03767001629
1325,1.0,0.0,0.0,0.0,1.0,1.0,0.2398660438,0.2579203954,0.03754758835,0.03754758835
1326,1.0,0.0,0.0,0.0,1.0,1.0,0.239069434,0.2551765993,0.03811836243,0.03811830282
1327,1.0,0.0,0.0,0.0,1.0,1.0,0.246118847,0.2675813842,0.03834235668,0.03911960125
1328,1.0,0.0,0.0,0.0,1.0,1.0,0.245710228,0.2684015322,0.03838729858,0.03942477703
1329,1.0,0.0,0.0,0.0,1.0,1.0,0.2519185519,0.2727347597,0.04033231735,0.04085952044
1330,1.0,0.0,0.0,0.0,1.0,1.0,0.247386648,0.2728973718,0.03948396444,0.04053688049
1331,1.0,0.0,0.0,0.0,1.0,1.0,0.2444557127,0.2560847711,0.0381385088,0.03736019135
1332,1.0,0.0,0.0,0.0,1.0,1.0,0.244455803,0.2649768423,0.0380064249,0.0385235548
1333,1.0,0.0,0.0,0.0,1.0,1.0,0.2436452394,0.2649765643,0.03834009171,0.03886169195
1334,1.0,0.0,0.0,0.0,1.0,1.0,0.2431975947,0.2677073486,0.03788501024,0.03892290592
1335,1.0,0.0,0.0,0.0,1.0,1.0,0.2519184388,0.2727350629,0.04007345438,0.0405973196
1336,1.0,0.0,0.0,0.0,1.0,1.0,0.2440496687,0.2569485922,0.0384734869,0.03795003891
1337,1.0,0.0,0.0,0.0,1.0,1.0,0.245302405,0.2587208454,0.03857839108,0.03805708885
1338,1.0,0.0,0.0,0.0,1.0,1.0,0.2469791234,0.2631041504,0.03891432285,0.03865492344
1339,1.0,0.0,0.0,0.0,1.0,1.0,0.2457097154,0.2622650754,0.03850829601,0.03850835562
1340,1.0,0.0,0.0,0.0,1.0,1.0,0.2494472307,0.2666357196,0.0391663909,0.0391664505
1341,1.0,0.0,0.0,0.0,1.0,1.0,0.2465512061,0.2631036409,0.03894603252,0.03894597292
1342,1.0,0.0,0.0,0.0,1.0,1.0,0.2461436839,0.2640370931,0.03835827112,0.03835827112
1343,1.0,0.0,0.0,0.0,1.0,1.0,0.252751374,0.2727349063,0.03974872828,0.04026830196
1344,1.0,0.0,0.0,0.0,1.0,1.0,0.252350658,0.2711250832,0.03959906101,0.03985959291
1345,1.0,0.0,0.0,0.0,1.0,1.0,0.2535897532,0.2746695016,0.0399633646,0.04048579931
1346,1.0,0.0,0.0,0.0,1.0,1.0,0.2477955225,0.2684010646,0.03935098648,0.03987562656
1347,1.0,0.0,0.0,0.0,1.0,1.0,0.2486175876,0.2684010163,0.03879988194,0.03931713104
1348,1.0,0.0,0.0,0.0,1.0,1.0,0.2482165991,0.2701671521,0.03910517693,0.03962314129
1349,1.0,0.0,0.0,0.0,1.0,1.0,0.2444558283,0.2631984798,0.03855472803,0.03881704807
1350,1.0,0.0,0.0,0.0,1.0,1.0,0.190615089,0.1980708581,0.02915495634,0.028629601
1351,1.0,0.0,0.0,0.0,1.0,1.0,0.1340034413,0.1268822089,0.0192155242,0.01734733582
1352,1.0,0.0,0.0,0.0,1.0,1.0,0.1343631753,0.1297725054,0.01943165064,0.01783454418
1353,1.0,0.0,0.0,0.0,1.0,1.0,0.1247042276,0.1301953506,0.01826840639,0.01800364256
1354,1.0,0.0,0.0,0.0,1.0,1.0,0.1503585195,0.1584936158,0.02241957188,0.02241957188
1355,1.0,0.0,0.0,0.0,1.0,1.0,0.1633534766,0.1746237938,0.02466183901,0.02492702007
1356,1.0,0.0,0.0,0.0,1.0,1.0,0.179830757,0.1991506722,0.02765995264,0.02872371674
1357,1.0,0.0,0.0,0.0,1.0,1.0,0.1885741956,0.2050137727,0.02914834023,0.02967828512
1358,1.0,0.0,0.0,0.0,1.0,1.0,0.2060178875,0.2216945935,0.03194832802,0.03221237659
1359,1.0,0.0,0.0,0.0,1.0,1.0,0.2289689304,0.2427215771,0.03602266312,0.03575974703
1360,1.0,0.0,0.0,0.0,1.0,1.0,0.2344780759,0.2498605511,0.03652489185,0.03652489185
1361,1.0,0.0,0.0,0.0,1.0,1.0,0.2473699746,0.2685332936,0.03932350874,0.03985136747
1362,1.0,0.0,0.0,0.0,1.0,1.0,0.24694073,0.2685331675,0.03865212202,0.03943556547
1363,1.0,0.0,0.0,0.0,1.0,1.0,0.245241183,0.2623538012,0.03817874193,0.03844028711
1364,1.0,0.0,0.0,0.0,1.0,1.0,0.2388496787,0.253455607,0.0368398428,0.0368398428
1365,1.0,0.0,0.0,0.0,1.0,1.0,0.2590525908,0.269353147,0.040817976,0.04002797604
1366,1.0,0.0,0.0,0.0,1.0,1.0,0.2553566449,0.266876115,0.04007405043,0.03954327106
1367,1.0,0.0,0.0,0.0,1.0,1.0,0.2537175675,0.264450992,0.03926604986,0.03847014904
1368,1.0,0.0,0.0,0.0,1.0,1.0,0.2605752047,0.2671237508,0.03968733549,0.03838181496
1369,1.0,0.0,0.0,0.0,1.0,1.0,0.2533550421,0.2692221236,0.03814339638,0.03840643167
1370,1.0,0.0,0.0,0.0,1.0,1.0,0.2537987524,0.2675084338,0.03842175007,0.03815674782
1371,1.0,0.0,0.0,0.0,1.0,1.0,0.2025133405,0.2113442783,0.02892261744,0.02865481377
1372,1.0,0.0,0.0,0.0,1.0,1.0,0.1994809256,0.1977620044,0.02699488401,0.02561765909
1373,1.0,0.0,0.0,0.0,1.0,1.0,0.2295463067,0.2306402409,0.03103411198,0.02966094017
1374,1.0,0.0,0.0,0.0,1.0,1.0,0.2229994021,0.2156912993,0.02912193537,0.02673918009
1375,1.0,0.0,0.0,0.0,1.0,1.0,0.2400314132,0.2433422243,0.03120714426,0.030131042
1376,1.0,0.0,0.0,0.0,1.0,1.0,0.2462390578,0.2410156607,0.03209787607,0.02940058708
1377,1.0,0.0,0.0,0.0,1.0,1.0,0.2477606221,0.2509712215,0.03214347363,0.03078150749
1378,1.0,0.0,0.0,0.0,1.0,1.0,0.2685067822,0.2692561176,0.03416693211,0.03199762106
1379,1.0,0.0,0.0,0.0,1.0,1.0,0.2748995773,0.2703036567,0.03565728664,0.03289318085
1380,1.0,0.0,0.0,0.0,1.0,1.0,0.2809589687,0.2690804553,0.03675121069,0.03338468075
1381,1.0,0.0,0.0,0.0,1.0,1.0,0.2735544481,0.2659061249,0.03496873379,0.03193986416
1382,1.0,0.0,0.0,0.0,1.0,1.0,0.2705912185,0.2579204584,0.03482371569,0.03145366907
1383,1.0,0.0,0.0,0.0,1.0,1.0,0.2616564309,0.2521530436,0.03373420238,0.03041613102
1384,1.0,0.0,0.0,0.0,1.0,1.0,0.2715874194,0.2603198494,0.03486198187,0.03123635054
1385,1.0,0.0,0.0,0.0,1.0,1.0,0.2799309972,0.2696168775,0.03590798378,0.03254163265
1386,1.0,0.0,0.0,0.0,1.0,1.0,0.2586274678,0.2498602998,0.03268313408,0.02963638306
1387,1.0,0.0,0.0,0.0,1.0,1.0,0.2717780746,0.2545308574,0.03456765413,0.03038609028
1388,1.0,0.0,0.0,0.0,1.0,1.0,0.2618624046,0.2394976301,0.03305876255,0.02865093946
1389,1.0,0.0,0.0,0.0,1.0,1.0,0.293052999,0.2603197006,0.03735458851,0.0312217474
1390,1.0,0.0,0.0,0.0,1.0,1.0,0.2717781005,0.2441033556,0.03524506092,0.03012883663
1391,1.0,0.0,0.0,0.0,1.0,1.0,0.2520523478,0.227983484,0.0318453908,0.02741473913
1392,1.0,0.0,0.0,0.0,1.0,1.0,0.2411700755,0.2236192613,0.03084129095,0.02722918987
1393,1.0,0.0,0.0,0.0,1.0,1.0,0.2357992386,0.2259015505,0.03091627359,0.02807992697
1394,1.0,0.0,0.0,0.0,1.0,1.0,0.2368240928,0.2362317226,0.03073835373,0.02932834625
1395,1.0,0.0,0.0,0.0,1.0,1.0,0.2455151254,0.2441559264,0.03205096722,0.0303491354
1396,1.0,0.0,0.0,0.0,1.0,1.0,0.2465582613,0.2418005118,0.0318569541,0.02986592054
1397,1.0,0.0,0.0,0.0,1.0,1.0,0.2625465416,0.2545306342,0.03366988897,0.03084045649
1398,1.0,0.0,0.0,0.0,1.0,1.0,0.2613927147,0.2486980855,0.03381633759,0.03040623665
1399,1.0,0.0,0.0,0.0,1.0,1.0,0.2316588741,0.2138342096,0.02984523773,0.02615010738
1400,1.0,0.0,0.0,0.0,1.0,1.0,0.2377530332,0.2254558213,0.03044724464,0.02734613419
1401,1.0,0.0,0.0,0.0,1.0,1.0,0.2157385788,0.2195033629,0.02772325277,0.02659165859
1402,1.0,0.0,0.0,0.0,1.0,1.0,0.2355514302,0.2311794122,0.03026688099,0.02800393105
1403,1.0,0.0,0.0,0.0,1.0,1.0,0.2063363331,0.2281828667,0.02686393261,0.02798324823
1404,1.0,0.0,0.0,0.0,1.0,1.0,0.1855504598,0.2084035961,0.02423560619,0.0256125927
1405,1.0,0.0,0.0,0.0,1.0,1.0,0.1834416781,0.1927175687,0.02441132069,0.02413076162
1406,1.0,0.0,0.0,0.0,1.0,1.0,0.1758674451,0.2026514831,0.02327847481,0.02498173714
1407,1.0,0.0,0.0,0.0,1.0,1.0,0.1637379639,0.1908026809,0.02193009853,0.0239238143
1408,1.0,0.0,0.0,0.0,1.0,1.0,0.1640874514,0.1876775956,0.02133977413,0.02300256491
1409,1.0,0.0,0.0,0.0,1.0,1.0,0.1613356689,0.1904763292,0.02118253708,0.02338325977
1410,1.0,0.0,0.0,0.0,1.0,1.0,0.1655124235,0.193585203,0.0218603611,0.02410244942
1411,1.0,0.0,0.0,0.0,1.0,1.0,0.1584740675,0.1800795106,0.02066701651,0.02204477787
1412,1.0,0.0,0.0,0.0,1.0,1.0,0.1756342719,0.1695482703,0.02321708202,0.02100592852
1413,1.0,0.0,0.0,0.0,1.0,1.0,0.1744406471,0.1928747209,0.02382916212,0.02467018366
1414,1.0,0.0,0.0,0.0,1.0,1.0,0.1915596157,0.1915232993,0.02593612671,0.02452659607
1415,1.0,0.0,0.0,0.0,1.0,1.0,0.203172135,0.2064062749,0.02772545815,0.02660518885
1416,1.0,0.0,0.0,0.0,1.0,1.0,0.2080472181,0.2163291586,0.02841377258,0.02785658836
1417,1.0,0.0,0.0,0.0,1.0,1.0,0.2129957697,0.218492658,0.0289697051,0.02813404799
1418,1.0,0.0,0.0,0.0,1.0,1.0,0.215043836,0.2281334603,0.02907109261,0.02907109261
1419,1.0,0.0,0.0,0.0,1.0,1.0,0.2306407277,0.2390903652,0.03157967329,0.03074854612
1420,1.0,0.0,0.0,0.0,1.0,1.0,0.234808764,0.2487883523,0.03315639496,0.03287303448
1421,1.0,0.0,0.0,0.0,1.0,1.0,0.230640525,0.2402093921,0.03207629919,0.03151357174
1422,1.0,0.0,0.0,0.0,1.0,1.0,0.2321935156,0.2455148292,0.03254717588,0.03198111057
1423,1.0,0.0,0.0,0.0,1.0,1.0,0.2281557128,0.2411696081,0.03212469816,0.03155606985
1424,1.0,0.0,0.0,0.0,1.0,1.0,0.2392170951,0.2542056159,0.03371667862,0.03343093395
1425,1.0,0.0,0.0,0.0,1.0,1.0,0.2287876528,0.2444522449,0.03199344873,0.03171283007
1426,1.0,0.0,0.0,0.0,1.0,1.0,0.2419286352,0.2605380779,0.03401118517,0.03401112556
1427,1.0,0.0,0.0,0.0,1.0,1.0,0.2454424628,0.2646825795,0.03534406424,0.03534406424
1428,1.0,0.0,0.0,0.0,1.0,1.0,0.2513331609,0.26580916,0.03623485565,0.03538560867
1429,1.0,0.0,0.0,0.0,1.0,1.0,0.2562172762,0.2783256204,0.0367821455,0.03706288338
1430,1.0,0.0,0.0,0.0,1.0,1.0,0.2479082454,0.264682703,0.03524661064,0.03469157219
1431,1.0,0.0,0.0,0.0,1.0,1.0,0.2523056956,0.2743148754,0.03670787811,0.03670781851
1432,1.0,0.0,0.0,0.0,1.0,1.0,0.2483700601,0.268090891,0.03452390432,0.03452396393
1433,1.0,0.0,0.0,0.0,1.0,1.0,0.2503494064,0.2721883701,0.03627932072,0.03627932072
1434,1.0,0.0,0.0,0.0,1.0,1.0,0.2434283026,0.2723802901,0.03481894732,0.03595131636
1435,1.0,0.0,0.0,0.0,1.0,1.0,0.2542959361,0.2766696333,0.03724330664,0.03724330664
1436,1.0,0.0,0.0,0.0,1.0,1.0,0.2454076441,0.2725749927,0.03552699089,0.03609997034
1437,1.0,0.0,0.0,0.0,1.0,1.0,0.1661940003,0.2184706917,0.02116364241,0.02522242069
1438,1.0,0.0,0.0,0.0,1.0,1.0,0.2235887666,0.2692668583,0.02796846628,0.03104496002
1439,1.0,0.0,0.0,0.0,1.0,1.0,0.214166266,0.2719069661,0.02719050646,0.03143900633
1440,1.0,0.0,0.0,0.0,1.0,1.0,0.1672978829,0.2546200596,0.02222728729,0.03088730574
1441,1.0,0.0,0.0,0.0,1.0,1.0,0.1582631589,0.241571328,0.02111148834,0.02949821949
1442,1.0,0.0,0.0,0.0,1.0,1.0,0.154247645,0.1905912068,0.02070099115,0.02325320244
1443,1.0,0.0,0.0,0.0,1.0,1.0,0.1933077559,0.2215958047,0.02723127604,0.02839004993
1444,1.0,0.0,0.0,0.0,1.0,1.0,0.216917138,0.2509807958,0.03013044596,0.03153842688
1445,1.0,0.0,0.0,0.0,1.0,1.0,0.2212202013,0.2553161391,0.03171795607,0.03313398361
1446,1.0,0.0,0.0,0.0,1.0,1.0,0.2276719971,0.276441166,0.03331655264,0.03670465946
1447,1.0,0.0,0.0,0.0,1.0,1.0,0.2356247343,0.2855547835,0.03324621916,0.03657084703
1448,1.0,0.0,0.0,0.0,1.0,1.0,0.2402505361,0.2981170312,0.03543543816,0.03940421343
1449,1.0,0.0,0.0,0.0,1.0,1.0,0.2319788789,0.2972476631,0.03390055895,0.03898561001
1450,1.0,0.0,0.0,0.0,1.0,1.0,0.2330102056,0.2950936683,0.03473615646,0.0393294096
1451,1.0,0.0,0.0,0.0,1.0,1.0,0.2379624104,0.3053850256,0.03592211008,0.04109489918
1452,1.0,0.0,0.0,0.0,1.0,1.0,0.2394891904,0.3049145061,0.03516733646,0.03987473249
1453,1.0,0.0,0.0,0.0,1.0,1.0,0.2312281314,0.2994018661,0.03409349918,0.03916531801
1454,1.0,0.0,0.0,0.0,1.0,1.0,0.2297566087,0.2947076066,0.03423565626,0.03937107325
1455,1.0,0.0,0.0,0.0,1.0,1.0,0.2341550318,0.3002613861,0.03544956446,0.04034906626
1456,1.0,0.0,0.0,0.0,1.0,1.0,0.2259274877,0.2981168986,0.03343504667,0.03938537836
1457,1.0,0.0,0.0,0.0,1.0,1.0,0.2284437719,0.3125912937,0.03433042765,0.04205477238
1458,1.0,0.0,0.0,0.0,1.0,1.0,0.2342735836,0.3204960151,0.03478658199,0.04264163971
1459,1.0,0.0,0.0,0.0,1.0,1.0,0.2242090885,0.3083385902,0.03184145689,0.03912729025
1460,1.0,0.0,0.0,0.0,1.0,1.0,0.2264652058,0.3107508674,0.0334726572,0.04094177485
1461,1.0,0.0,0.0,0.0,1.0,1.0,0.2258627899,0.3086510543,0.03269481659,0.04005110264
1462,1.0,0.0,0.0,0.0,1.0,1.0,0.225862575,0.3023522361,0.03377944231,0.04053533077
1463,1.0,0.0,0.0,0.0,1.0,1.0,0.2202160058,0.3099534802,0.03190904856,0.04009085894
1464,1.0,0.0,0.0,0.0,1.0,1.0,0.2225102447,0.3128501768,0.03331774473,0.04136949778
1465,1.0,0.0,0.0,0.0,1.0,1.0,0.2268901748,0.3155018728,0.03370982409,0.04151046276
1466,1.0,0.0,0.0,0.0,1.0,1.0,0.2233598553,0.3152745627,0.03382706642,0.04214054346
1467,1.0,0.0,0.0,0.0,1.0,1.0,0.2300604094,0.3203339985,0.03449195623,0.04240810871
1468,1.0,0.0,0.0,0.0,1.0,1.0,0.2347174923,0.3195643149,0.03551000357,0.04266929626
1469,1.0,0.0,0.0,0.0,1.0,1.0,0.2231576619,0.3093507232,0.0334404707,0.04087167978
1470,1.0,0.0,0.0,0.0,1.0,1.0,0.2271460611,0.3166334724,0.03450018167,0.04226267338
1471,1.0,0.0,0.0,0.0,1.0,1.0,0.2347174464,0.3209415344,0.0352217555,0.04232293367
1472,1.0,0.0,0.0,0.0,1.0,1.0,0.2271459851,0.3181980543,0.03378272057,0.04194682837
1473,1.0,0.0,0.0,0.0,1.0,1.0,0.2273166346,0.3252495426,0.0349752903,0.04364687204
1474,1.0,0.0,0.0,0.0,1.0,1.0,0.23107428,0.3224697527,0.03558373451,0.04368406534
1475,1.0,0.0,0.0,0.0,1.0,1.0,0.2325154147,0.3168442208,0.03541004658,0.04254919291
1476,1.0,0.0,0.0,0.0,1.0,1.0,0.2335144111,0.3239717582,0.03485316038,0.04266029596
1477,1.0,0.0,0.0,0.0,1.0,1.0,0.2338316756,0.3224697135,0.03467613459,0.04222661257
1478,1.0,0.0,0.0,0.0,1.0,1.0,0.2353826388,0.3324325378,0.03595906496,0.0442353487
1479,1.0,0.0,0.0,0.0,1.0,1.0,0.2349433695,0.3267402887,0.03469741344,0.04213255644
1480,1.0,0.0,0.0,0.0,1.0,1.0,0.2359277764,0.3282068251,0.03507047892,0.04280257225
1481,1.0,0.0,0.0,0.0,1.0,1.0,0.2349434147,0.3288757949,0.03475356102,0.04247653484
1482,1.0,0.0,0.0,0.0,1.0,1.0,0.2291949726,0.3209415441,0.03386408091,0.04135864973
1483,1.0,0.0,0.0,0.0,1.0,1.0,0.2279101877,0.3181980813,0.0340718627,0.0416123271
1484,1.0,0.0,0.0,0.0,1.0,1.0,0.2287654366,0.3217089367,0.03411340714,0.04194271564
1485,1.0,0.0,0.0,0.0,1.0,1.0,0.2296269729,0.3244939598,0.03407847881,0.0418997407
1486,1.0,0.0,0.0,0.0,1.0,1.0,0.2390378586,0.3309840025,0.03586947918,0.04321283102
1487,1.0,0.0,0.0,0.0,1.0,1.0,0.2304951233,0.3288205246,0.03485733271,0.04342877865
1488,1.0,0.0,0.0,0.0,1.0,1.0,0.2275769659,0.328077912,0.03350299597,0.04215794802
1489,1.0,0.0,0.0,0.0,1.0,1.0,0.224209242,0.3172143186,0.03354358673,0.04150313139
1490,1.0,0.0,0.0,0.0,1.0,1.0,0.2281126138,0.3220421327,0.03369653225,0.04140669107
1491,1.0,0.0,0.0,0.0,1.0,1.0,0.2301978808,0.3272510726,0.03468477726,0.04277789593
1492,1.0,0.0,0.0,0.0,1.0,1.0,0.234601495,0.3258091811,0.03631639481,0.04369783401
1493,1.0,0.0,0.0,0.0,1.0,1.0,0.2350503345,0.3258095602,0.0366114378,0.04405283928
1494,1.0,0.0,0.0,0.0,1.0,1.0,0.227744759,0.3120530071,0.03494739532,0.04130148888
1495,1.0,0.0,0.0,0.0,1.0,1.0,0.2242097222,0.3046544285,0.03486466408,0.04106932878
1496,1.0,0.0,0.0,0.0,1.0,1.0,0.2366102495,0.3229639689,0.03694593906,0.04374402761
1497,1.0,0.0,0.0,0.0,1.0,1.0,0.2328247603,0.3236077541,0.03613072634,0.04318058491
1498,1.0,0.0,0.0,0.0,1.0,1.0,0.2278423356,0.3161953589,0.03503274918,0.04209816456
1499,1.0,0.0,0.0,0.0,1.0,1.0,0.2269726,0.320617117,0.0347251296,0.04231208563
1500,1.0,0.0,0.0,0.0,1.0,1.0,0.2325624085,0.3257108557,0.03511399031,0.04236894846
1501,1.0,0.0,0.0,0.0,1.0,1.0,0.2356097086,0.3265721938,0.03468030691,0.04167234898
1502,1.0,0.0,0.0,0.0,1.0,1.0,0.2367099101,0.3345957966,0.03527241945,0.04311072826
1503,1.0,0.0,0.0,0.0,1.0,1.0,0.2274852577,0.3295572159,0.03430777788,0.0430252552
1504,1.0,0.0,0.0,0.0,1.0,1.0,0.2340700097,0.3310116516,0.0356182456,0.04381608963
1505,1.0,0.0,0.0,0.0,1.0,1.0,0.2404674988,0.343155905,0.0365999341,0.04574984312
1506,1.0,0.0,0.0,0.0,1.0,1.0,0.2437660756,0.3395543617,0.03685086966,0.04507154226
1507,1.0,0.0,0.0,0.0,1.0,1.0,0.2410525679,0.3345586802,0.03745174408,0.04551827908
1508,1.0,0.0,0.0,0.0,1.0,1.0,0.2364668851,0.3310118676,0.03700113297,0.04480606318
1509,1.0,0.0,0.0,0.0,1.0,1.0,0.2332029381,0.3274763364,0.03603041172,0.04403716326
1510,1.0,0.0,0.0,0.0,1.0,1.0,0.2258001397,0.3189711019,0.03530293703,0.04340523481
1511,1.0,0.0,0.0,0.0,1.0,1.0,0.2354900886,0.3317295102,0.0363894105,0.04469877481
1512,1.0,0.0,0.0,0.0,1.0,1.0,0.2235349625,0.3189708111,0.03424006701,0.04244637489
1513,1.0,0.0,0.0,0.0,1.0,1.0,0.1962542824,0.302351909,0.03024196625,0.04032254219
1514,1.0,0.0,0.0,0.0,1.0,1.0,0.2006112864,0.308160965,0.03094547987,0.04126060009
1515,1.0,0.0,0.0,0.0,1.0,1.0,0.2067188824,0.3133496121,0.03171217442,0.04219102859
1516,1.0,0.0,0.0,0.0,1.0,1.0,0.2030952982,0.3042656031,0.03064703941,0.04059386253
1517,1.0,0.0,0.0,0.0,1.0,1.0,0.2051954494,0.3058289842,0.0316849947,0.04179131985
1518,1.0,0.0,0.0,0.0,1.0,1.0,0.2059238495,0.3110712748,0.03170543909,0.04236507416
1519,1.0,0.0,0.0,0.0,1.0,1.0,0.2005984814,0.2998322958,0.03066658974,0.04070782661
1520,1.0,0.0,0.0,0.0,1.0,1.0,0.1970731632,0.3026201653,0.03059792519,0.04152578115
1521,1.0,0.0,0.0,0.0,1.0,1.0,0.2121622719,0.3170919032,0.03224527836,0.04210537672
1522,1.0,0.0,0.0,0.0,1.0,1.0,0.2161913734,0.3090642895,0.03325295448,0.04197502136
1523,1.0,0.0,0.0,0.0,1.0,1.0,0.2158086418,0.3030435351,0.03305393457,0.04091101885
1524,1.0,0.0,0.0,0.0,1.0,1.0,0.2073311053,0.2941905391,0.03116232157,0.03888630867
1525,1.0,0.0,0.0,0.0,1.0,1.0,0.1565390957,0.2566747639,0.02136278152,0.03094863892
1526,1.0,0.0,0.0,0.0,1.0,1.0,0.1237029236,0.2576340328,0.01713246107,0.03154551983
1527,1.0,0.0,0.0,0.0,1.0,1.0,0.1052043622,0.2213954659,0.01509404182,0.02830135822
1528,1.0,0.0,0.0,0.0,1.0,1.0,0.147727679,0.2112643037,0.02179545164,0.02798432112
1529,1.0,0.0,0.0,0.0,1.0,1.0,0.1722554687,0.2418646687,0.0256652236,0.03234887123
1530,1.0,0.0,0.0,0.0,1.0,1.0,0.2030667663,0.2576082837,0.03061366081,0.03540539742
1531,1.0,0.0,0.0,0.0,1.0,1.0,0.2165169929,0.262211116,0.03273338079,0.03613764048
1532,1.0,0.0,0.0,0.0,1.0,1.0,0.2203897616,0.2667679288,0.033826828,0.03723567724
1533,1.0,0.0,0.0,0.0,1.0,1.0,0.2351630235,0.2672500144,0.03627789021,0.03783261776
1534,1.0,0.0,0.0,0.0,1.0,1.0,0.2246680948,0.2516454971,0.03477048874,0.03604882956
1535,1.0,0.0,0.0,0.0,1.0,1.0,0.2279718722,0.2570506335,0.03538131714,0.03666323423
1536,1.0,0.0,0.0,0.0,1.0,1.0,0.2220982088,0.2435915308,0.03478771448,0.03530693054
1537,1.0,0.0,0.0,0.0,1.0,1.0,0.2283490806,0.2462650412,0.0356156826,0.03535759449
1538,1.0,0.0,0.0,0.0,1.0,1.0,0.2308997177,0.2525862832,0.0357285738,0.03625017405
1539,1.0,0.0,0.0,0.0,1.0,1.0,0.2415868753,0.2578629597,0.03799206018,0.03773182631
1540,1.0,0.0,0.0,0.0,1.0,1.0,0.2469210569,0.2643451826,0.03832471371,0.03806400299
1541,1.0,0.0,0.0,0.0,1.0,1.0,0.2515487408,0.2707579139,0.03906071186,0.03906071186
1542,1.0,0.0,0.0,0.0,1.0,1.0,0.2502805368,0.2643449649,0.03864580393,0.03786766529
1543,1.0,0.0,0.0,0.0,1.0,1.0,0.2447954864,0.2598546369,0.0373929739,0.03687721491
1544,1.0,0.0,0.0,0.0,1.0,1.0,0.2402022577,0.2588481421,0.03688132763,0.03713917732
1545,1.0,0.0,0.0,0.0,1.0,1.0,0.2402022288,0.2624432505,0.03715986013,0.03793936968
1546,1.0,0.0,0.0,0.0,1.0,1.0,0.2428395702,0.2648696268,0.03758358955,0.03835058212
1547,1.0,0.0,0.0,0.0,1.0,1.0,0.2482274203,0.2778171048,0.03935813904,0.04117071629
1548,1.0,0.0,0.0,0.0,1.0,1.0,0.2465730147,0.2793577496,0.03857415915,0.04140287638
1549,1.0,0.0,0.0,0.0,1.0,1.0,0.2411874696,0.2673330339,0.03832232952,0.0401597023
1550,1.0,0.0,0.0,0.0,1.0,1.0,0.2510994659,0.2830585778,0.03961634636,0.04222267866
1551,1.0,0.0,0.0,0.0,1.0,1.0,0.2511074526,0.2770382147,0.03950589895,0.04133731127
1552,1.0,0.0,0.0,0.0,1.0,1.0,0.2490248509,0.2735316373,0.03864878416,0.04046452045
1553,1.0,0.0,0.0,0.0,1.0,1.0,0.2540390986,0.2762542302,0.03978168964,0.04109025002
1554,1.0,0.0,0.0,0.0,1.0,1.0,0.2477536409,0.2736983883,0.03834372759,0.0404304266
1555,1.0,0.0,0.0,0.0,1.0,1.0,0.2523841871,0.2807621063,0.03924769163,0.04160261154
1556,1.0,0.0,0.0,0.0,1.0,1.0,0.2515374982,0.2717779929,0.0389752388,0.04027438164
1557,1.0,0.0,0.0,0.0,1.0,1.0,0.2594867716,0.2865529191,0.04094749689,0.04332500696
1558,1.0,0.0,0.0,0.0,1.0,1.0,0.2515373021,0.2751076444,0.03924959898,0.0413429141
1559,1.0,0.0,0.0,0.0,1.0,1.0,0.2502801154,0.2735314257,0.03911662102,0.04095435143
1560,1.0,0.0,0.0,0.0,1.0,1.0,0.2574318636,0.2770380681,0.03974860907,0.04104757309
1561,1.0,0.0,0.0,0.0,1.0,1.0,0.2561382208,0.2716254699,0.03972893953,0.04050797224
1562,1.0,0.0,0.0,0.0,1.0,1.0,0.2561386739,0.2664017177,0.0397066474,0.03970658779
1563,1.0,0.0,0.0,0.0,1.0,1.0,0.2619571576,0.2725750498,0.0413544178,0.04109102488
1564,1.0,0.0,0.0,0.0,1.0,1.0,0.2578661741,0.2692158595,0.04019361734,0.04019361734
1565,1.0,0.0,0.0,0.0,1.0,1.0,0.2562236723,0.2631038979,0.03964114189,0.03911608458
1566,1.0,0.0,0.0,0.0,1.0,1.0,0.2566593955,0.2586581901,0.0395731926,0.0385248661
1567,1.0,0.0,0.0,0.0,1.0,1.0,0.2528298851,0.2640372827,0.0391458869,0.0391459465
1568,1.0,0.0,0.0,0.0,1.0,1.0,0.2528299518,0.2560405016,0.03942620754,0.03836774826
1569,1.0,0.0,0.0,0.0,1.0,1.0,0.2574321102,0.2630107758,0.03997468948,0.0391908288
1570,1.0,0.0,0.0,0.0,1.0,1.0,0.2548911739,0.2620913973,0.04011315107,0.03958535194
1571,1.0,0.0,0.0,0.0,1.0,1.0,0.2586791126,0.2656965685,0.04044210911,0.03965425491
1572,1.0,0.0,0.0,0.0,1.0,1.0,0.2570968802,0.2658088338,0.0398247242,0.03956091404
1573,1.0,0.0,0.0,0.0,1.0,1.0,0.2645089456,0.2673334502,0.04156965017,0.04025417566
1574,1.0,0.0,0.0,0.0,1.0,1.0,0.2621207747,0.2693531406,0.04114431143,0.04034799337
1575,1.0,0.0,0.0,0.0,1.0,1.0,0.2645089533,0.2665176405,0.0415147543,0.03993821144
1576,1.0,0.0,0.0,0.0,1.0,1.0,0.257812354,0.2595042715,0.0405036211,0.03892558813
1577,1.0,0.0,0.0,0.0,1.0,1.0,0.241661014,0.2346360763,0.03769719601,0.03527384996
1578,1.0,0.0,0.0,0.0,1.0,1.0,0.1895811371,0.09275117057,0.02776986361,0.01321089268
1579,1.0,0.0,0.0,0.0,1.0,1.0,0.1750843851,0.08983772203,0.02609419823,0.01304715872
1580,1.0,0.0,0.0,0.0,1.0,1.0,0.1945814051,0.1750844376,0.02975004911,0.02596366405
1581,1.0,0.0,0.0,0.0,1.0,1.0,0.2110514145,0.1948370374,0.03250801563,0.02901542187
1582,1.0,0.0,0.0,0.0,1.0,1.0,0.2280033167,0.2213049569,0.03565251827,0.03323990107
1583,1.0,0.0,0.0,0.0,1.0,1.0,0.2379625642,0.232140045,0.03746557236,0.03505706787
1584,1.0,0.0,0.0,0.0,1.0,1.0,0.2465065897,0.2437235681,0.03930598497,0.03716689348
1585,1.0,0.0,0.0,0.0,1.0,1.0,0.2443828736,0.2392279437,0.03854262829,0.03588449955
1586,1.0,0.0,0.0,0.0,1.0,1.0,0.2494389905,0.2507494751,0.03968137503,0.03780454397
1587,1.0,0.0,0.0,0.0,1.0,1.0,0.244346026,0.245414295,0.03843587637,0.03683429956
1588,1.0,0.0,0.0,0.0,1.0,1.0,0.2447956301,0.2534045036,0.03935444355,0.03881162405
1589,1.0,0.0,0.0,0.0,1.0,1.0,0.2490133627,0.2534297325,0.03936004639,0.03802126646
1590,1.0,0.0,0.0,0.0,1.0,1.0,0.2447611252,0.2525471581,0.03858464956,0.03778082132
1591,1.0,0.0,0.0,0.0,1.0,1.0,0.239662041,0.2489583941,0.03848618269,0.03766733408
1592,1.0,0.0,0.0,0.0,1.0,1.0,0.242237328,0.2480756176,0.03881281614,0.03772717714
1593,1.0,0.0,0.0,0.0,1.0,1.0,0.2523843363,0.2587207126,0.0402058363,0.03913366795
1594,1.0,0.0,0.0,0.0,1.0,1.0,0.2523845805,0.2623533918,0.03990840912,0.03911018372
1595,1.0,0.0,0.0,0.0,1.0,1.0,0.2540387435,0.2658090232,0.04072874784,0.04019284248
1596,1.0,0.0,0.0,0.0,1.0,1.0,0.2486089261,0.256040459,0.03968477249,0.03861939907
1597,1.0,0.0,0.0,0.0,1.0,1.0,0.2440109361,0.2525089906,0.03915280104,0.03834825754
1598,1.0,0.0,0.0,0.0,1.0,1.0,0.248609127,0.2614200892,0.0400993824,0.03956115246
1599,1.0,0.0,0.0,0.0,1.0,1.0,0.2519461686,0.2631039079,0.04053163528,0.03999477625
1600,1.0,0.0,0.0,0.0,1.0,1.0,0.2477818346,0.2604928732,0.039960742,0.0394243598
1601,1.0,0.0,0.0,0.0,1.0,1.0,0.250277519,0.2649769431,0.04038590193,0.04011672735
1602,1.0,0.0,0.0,0.0,1.0,1.0,0.2519460684,0.2640372019,0.04057711363,0.04003971815
1603,1.0,0.0,0.0,0.0,1.0,1.0,0.2490304624,0.2640369121,0.04006177187,0.03979468346
1604,1.0,0.0,0.0,0.0,1.0,1.0,0.2502750485,0.2649767306,0.04028385878,0.039750278
1605,1.0,0.0,0.0,0.0,1.0,1.0,0.2469599149,0.2622652627,0.03990316391,0.03963541985
1606,1.0,0.0,0.0,0.0,1.0,1.0,0.2490249301,0.2614200121,0.03957480192,0.03904360533
1607,1.0,0.0,0.0,0.0,1.0,1.0,0.2502776608,0.26497659,0.04016047716,0.0398927331
1608,1.0,0.0,0.0,0.0,1.0,1.0,0.2494422348,0.2667553108,0.03994601965,0.04021412134
1609,1.0,0.0,0.0,0.0,1.0,1.0,0.2569516148,0.2738684013,0.041254282,0.041254282
1610,1.0,0.0,0.0,0.0,1.0,1.0,0.2481837022,0.2615028181,0.03955495358,0.03902041912
1611,1.0,0.0,0.0,0.0,1.0,1.0,0.244829778,0.2579205011,0.03922474384,0.03868740797
1612,1.0,0.0,0.0,0.0,1.0,1.0,0.2519462153,0.2686672368,0.04022926092,0.03996282816
1613,1.0,0.0,0.0,0.0,1.0,1.0,0.2498606907,0.2650848672,0.04022300243,0.03942382336
1614,1.0,0.0,0.0,0.0,1.0,1.0,0.2581891909,0.2685330361,0.04145437479,0.04038453102
1615,1.0,0.0,0.0,0.0,1.0,1.0,0.2614435903,0.2748461969,0.04198276997,0.04091984034
1616,1.0,0.0,0.0,0.0,1.0,1.0,0.2502748224,0.2623534792,0.04004216194,0.03898143768
1617,1.0,0.0,0.0,0.0,1.0,1.0,0.2419876842,0.2489645759,0.03910154104,0.03722673655
1618,1.0,0.0,0.0,0.0,1.0,1.0,0.2243645221,0.2206797605,0.03513485193,0.03220695257
1619,1.0,0.0,0.0,0.0,1.0,1.0,0.1547175033,0.1444060322,0.02347612381,0.02050793171
1620,1.0,0.0,0.0,0.0,1.0,1.0,0.1594851937,0.1489734308,0.02424347401,0.02128040791
1621,1.0,0.0,0.0,0.0,1.0,1.0,0.2005799276,0.1862428254,0.03110259771,0.0270807147
1622,1.0,0.0,0.0,0.0,1.0,1.0,0.2077877434,0.2076045372,0.0327500701,0.03058475256
1623,1.0,0.0,0.0,0.0,1.0,1.0,0.2050134714,0.20025585,0.03247046471,0.02949404716
1624,1.0,0.0,0.0,0.0,1.0,1.0,0.2121058305,0.2118384812,0.03353059292,0.03138464689
1625,1.0,0.0,0.0,0.0,1.0,1.0,0.2057170603,0.2031829635,0.0323497653,0.02992349863
1626,1.0,0.0,0.0,0.0,1.0,1.0,0.2060178476,0.2053399465,0.0321996212,0.0300707221
1627,1.0,0.0,0.0,0.0,1.0,1.0,0.2131915319,0.2097368941,0.03341597319,0.03074270487
1628,1.0,0.0,0.0,0.0,1.0,1.0,0.2179361843,0.2144257981,0.03443396091,0.03174382448
1629,1.0,0.0,0.0,0.0,1.0,1.0,0.2243644789,0.2261509223,0.03529751301,0.0331582427
1630,1.0,0.0,0.0,0.0,1.0,1.0,0.2222868295,0.2206794254,0.03532981873,0.03263282776
1631,1.0,0.0,0.0,0.0,1.0,1.0,0.2190558323,0.2223022931,0.03462195396,0.03272855282
1632,1.0,0.0,0.0,0.0,1.0,1.0,0.2184668089,0.2128441127,0.03448706865,0.03122842312
1633,1.0,0.0,0.0,0.0,1.0,1.0,0.2102273782,0.2102148084,0.03272604942,0.0305801034
1634,1.0,0.0,0.0,0.0,1.0,1.0,0.1464385724,0.1147218785,0.02186560631,0.01612585783
1635,1.0,0.0,0.0,0.0,1.0,1.0,0.1759317112,0.1154736468,0.02567011118,0.01583904028
1636,1.0,0.0,0.0,0.0,1.0,1.0,0.1791454625,0.1214457123,0.0261387825,0.0167837739
1637,1.0,0.0,0.0,0.0,1.0,1.0,0.1690783111,0.1239306182,0.02460408211,0.01694947481
1638,1.0,0.0,0.0,0.0,1.0,1.0,0.1473059422,0.1023049335,0.0218449235,0.0143789053
1639,1.0,0.0,0.0,0.0,1.0,1.0,0.1565612138,0.1413936264,0.02358233929,0.02001750469
1640,1.0,0.0,0.0,0.0,1.0,1.0,0.1668760323,0.1512566492,0.02517539263,0.02161800861
1641,1.0,0.0,0.0,0.0,1.0,1.0,0.1917943432,0.1752753112,0.02950465679,0.02544438839
1642,1.0,0.0,0.0,0.0,1.0,1.0,0.2009187474,0.1969704425,0.03127831221,0.02887231112
1643,1.0,0.0,0.0,0.0,1.0,1.0,0.2171961016,0.2162429664,0.03407996893,0.031683743
1644,1.0,0.0,0.0,0.0,1.0,1.0,0.2252981219,0.2299440403,0.03529083729,0.03369873762
1645,1.0,0.0,0.0,0.0,1.0,1.0,0.2321939346,0.2399382124,0.03657203913,0.03524690866
1646,1.0,0.0,0.0,0.0,1.0,1.0,0.2373259249,0.2453824804,0.03760129213,0.03627723455
1647,1.0,0.0,0.0,0.0,1.0,1.0,0.2343750059,0.2435914889,0.03721857071,0.03615516424
1648,1.0,0.0,0.0,0.0,1.0,1.0,0.2307679922,0.2489651409,0.03651934862,0.03651940823
1649,1.0,0.0,0.0,0.0,1.0,1.0,0.2407290295,0.2534297919,0.03819084167,0.0374007225
1650,1.0,0.0,0.0,0.0,1.0,1.0,0.2440499869,0.2623537061,0.03843265772,0.03843265772
1651,1.0,0.0,0.0,0.0,1.0,1.0,0.2477817427,0.2685334588,0.03880059719,0.03932142258
1652,1.0,0.0,0.0,0.0,1.0,1.0,0.243197704,0.2632938362,0.03859752417,0.03886187077
1653,1.0,0.0,0.0,0.0,1.0,1.0,0.244455792,0.2686671296,0.03875666857,0.0395476222
1654,1.0,0.0,0.0,0.0,1.0,1.0,0.250277833,0.2758316345,0.03948122263,0.04053401947
1655,1.0,0.0,0.0,0.0,1.0,1.0,0.2490247918,0.2704579937,0.0392742753,0.03980141878
1656,1.0,0.0,0.0,0.0,1.0,1.0,0.2477817752,0.2685335194,0.03915071487,0.03967624903
1657,1.0,0.0,0.0,0.0,1.0,1.0,0.2535651854,0.2762539692,0.04053372145,0.04132330418
1658,1.0,0.0,0.0,0.0,1.0,1.0,0.252318338,0.2789962404,0.04025381804,0.04129934311
1659,1.0,0.0,0.0,0.0,1.0,1.0,0.253540681,0.282527541,0.04102557898,0.0423489809
1660,1.0,0.0,0.0,0.0,1.0,1.0,0.2587552616,0.2883005308,0.04216980934,0.04348760843
1661,1.0,0.0,0.0,0.0,1.0,1.0,0.2656541104,0.2945723586,0.0431240201,0.04417580366
1662,1.0,0.0,0.0,0.0,1.0,1.0,0.2600175209,0.2920905787,0.04243212938,0.04402333498
1663,1.0,0.0,0.0,0.0,1.0,1.0,0.2595951962,0.2910654092,0.04188853502,0.04345935583
1664,1.0,0.0,0.0,0.0,1.0,1.0,0.2629251151,0.2920906016,0.04258215427,0.04390460253
1665,1.0,0.0,0.0,0.0,1.0,1.0,0.2620687793,0.2931221724,0.04279994965,0.04412907362
1666,1.0,0.0,0.0,0.0,1.0,1.0,0.2519186588,0.2782136379,0.04072481394,0.04178953171
1667,1.0,0.0,0.0,0.0,1.0,1.0,0.2568580612,0.2809817905,0.04132074118,0.04185050726
1668,1.0,0.0,0.0,0.0,1.0,1.0,0.2589314074,0.2835294066,0.04127663374,0.0420653224
1669,1.0,0.0,0.0,0.0,1.0,1.0,0.2564356887,0.2817572766,0.04088324308,0.04166942835
1670,1.0,0.0,0.0,0.0,1.0,1.0,0.262840169,0.2920903306,0.0424913764,0.04354053736
1671,1.0,0.0,0.0,0.0,1.0,1.0,0.2665179158,0.2931229506,0.0428956151,0.04341876507
1672,1.0,0.0,0.0,0.0,1.0,1.0,0.2649910864,0.2903309282,0.0424144268,0.04319989681
1673,1.0,0.0,0.0,0.0,1.0,1.0,0.2607942297,0.2903308695,0.04205697775,0.04310190678
1674,1.0,0.0,0.0,0.0,1.0,1.0,0.265980271,0.2949743334,0.04317593575,0.04448437691
1675,1.0,0.0,0.0,0.0,1.0,1.0,0.2591747595,0.2840517819,0.04195994139,0.04248440266
1676,1.0,0.0,0.0,0.0,1.0,1.0,0.2607946907,0.2848058601,0.04203617573,0.04255831242
1677,1.0,0.0,0.0,0.0,1.0,1.0,0.2580258351,0.2895908983,0.04174786806,0.0433332324
1678,1.0,0.0,0.0,0.0,1.0,1.0,0.2563929504,0.2870737269,0.04148107767,0.04280209541
1679,1.0,0.0,0.0,0.0,1.0,1.0,0.2636966149,0.2948885794,0.04280883074,0.0441300869
1680,1.0,0.0,0.0,0.0,1.0,1.0,0.2600171123,0.2832921993,0.0420461297,0.04230892658
1681,1.0,0.0,0.0,0.0,1.0,1.0,0.2656537088,0.2945724634,0.04323816299,0.04429280758
1682,1.0,0.0,0.0,0.0,1.0,1.0,0.2490518323,0.2797736279,0.04019224644,0.04149723053
1683,1.0,0.0,0.0,0.0,1.0,1.0,0.2607942399,0.2903307797,0.04265034199,0.04370999336
1684,1.0,0.0,0.0,0.0,1.0,1.0,0.2644624963,0.2920901605,0.04278427362,0.04357171059
1685,1.0,0.0,0.0,0.0,1.0,1.0,0.2575546772,0.2875587167,0.04183208942,0.04314756393
1686,1.0,0.0,0.0,0.0,1.0,1.0,0.2470164369,0.2735314424,0.03991955519,0.04097008705
1687,1.0,0.0,0.0,0.0,1.0,1.0,0.2482380293,0.2817575615,0.04019093513,0.04176706076
1688,1.0,0.0,0.0,0.0,1.0,1.0,0.2075891682,0.2188556917,0.03244632483,0.03139966726
1689,1.0,0.0,0.0,0.0,1.0,1.0,0.172317623,0.1876273486,0.02661705017,0.02688318491
1690,1.0,0.0,0.0,0.0,1.0,1.0,0.1617497062,0.180196903,0.02547842264,0.02601480484
1691,1.0,0.0,0.0,0.0,1.0,1.0,0.1640107812,0.1820544707,0.02542150021,0.02595114708
1692,1.0,0.0,0.0,0.0,1.0,1.0,0.1809480501,0.1973068352,0.02855598927,0.02855598927
1693,1.0,0.0,0.0,0.0,1.0,1.0,0.1981943175,0.215746963,0.03104448318,0.03104454279
1694,1.0,0.0,0.0,0.0,1.0,1.0,0.2012299063,0.2243273288,0.03156626225,0.03235542774
1695,1.0,0.0,0.0,0.0,1.0,1.0,0.2038991904,0.2216944652,0.03242981434,0.03242987394
1696,1.0,0.0,0.0,0.0,1.0,1.0,0.2111964816,0.2353756601,0.03351730108,0.03430902958
1697,1.0,0.0,0.0,0.0,1.0,1.0,0.2231923255,0.2471737615,0.03614592552,0.03667747974
1698,1.0,0.0,0.0,0.0,1.0,1.0,0.2184210939,0.2408728922,0.03486472368,0.03539299965
1699,1.0,0.0,0.0,0.0,1.0,1.0,0.2202716663,0.245382661,0.03560817242,0.03640538454
1700,1.0,0.0,0.0,0.0,1.0,1.0,0.2188320538,0.2436361673,0.03525221348,0.03604143858
1701,1.0,0.0,0.0,0.0,1.0,1.0,0.2273690648,0.2516584183,0.03674006462,0.03700441122
1702,1.0,0.0,0.0,0.0,1.0,1.0,0.2208259654,0.2462654604,0.03566163778,0.03618997335
1703,1.0,0.0,0.0,0.0,1.0,1.0,0.2211879739,0.2480759725,0.03544658422,0.03649687767
1704,1.0,0.0,0.0,0.0,1.0,1.0,0.2247934857,0.2534048832,0.036644876,0.03769946098
1705,1.0,0.0,0.0,0.0,1.0,1.0,0.2199102145,0.2525472008,0.03504532576,0.03687602282
1706,1.0,0.0,0.0,0.0,1.0,1.0,0.2240975344,0.2560847632,0.0358543992,0.03768634796
1707,1.0,0.0,0.0,0.0,1.0,1.0,0.2253642896,0.2578630957,0.03603059053,0.03785824776
1708,1.0,0.0,0.0,0.0,1.0,1.0,0.2208258916,0.2507499026,0.03546440601,0.03704065084
1709,1.0,0.0,0.0,0.0,1.0,1.0,0.2257875059,0.2561747411,0.03541409969,0.03697651625
1710,1.0,0.0,0.0,0.0,1.0,1.0,0.2206128787,0.2507690308,0.03454232216,0.03611236811
1711,1.0,0.0,0.0,0.0,1.0,1.0,0.1240439919,0.1403063903,0.0185573101,0.01935267448
1712,1.0,0.0,0.0,0.0,1.0,1.0,0.1019469864,0.1130320833,0.01489567757,0.01516163349
1713,1.0,0.0,0.0,0.0,1.0,1.0,0.1157443589,0.1364698194,0.0166528821,0.01797449589
1714,1.0,0.0,0.0,0.0,1.0,1.0,0.106439094,0.1185111315,0.0157276392,0.01599419117
1715,1.0,0.0,0.0,0.0,1.0,1.0,0.1052984308,0.1224993611,0.01584088802,0.01691478491
1716,1.0,0.0,0.0,0.0,1.0,1.0,0.1462177382,0.166573671,0.02263629436,0.02370154858
1717,1.0,0.0,0.0,0.0,1.0,1.0,0.1553535862,0.1728360097,0.02380555868,0.02433460951
1718,1.0,0.0,0.0,0.0,1.0,1.0,0.1733725903,0.2013804304,0.02700001001,0.02858829498
1719,1.0,0.0,0.0,0.0,1.0,1.0,0.1908480038,0.2223022231,0.0304633379,0.03233391047
1720,1.0,0.0,0.0,0.0,1.0,1.0,0.2041693466,0.2371861908,0.03260535002,0.03444594145
1721,1.0,0.0,0.0,0.0,1.0,1.0,0.2248334395,0.2569993769,0.03597426414,0.03781235218
1722,1.0,0.0,0.0,0.0,1.0,1.0,0.229379872,0.2623535593,0.03636872768,0.03818720579
1723,1.0,0.0,0.0,0.0,1.0,1.0,0.2416948801,0.2756465399,0.0384619236,0.04028105736
1724,1.0,0.0,0.0,0.0,1.0,1.0,0.2385033132,0.2719328326,0.03853040934,0.04036515951
1725,1.0,0.0,0.0,0.0,1.0,1.0,0.2449610038,0.2799852367,0.03914898634,0.04123693705
1726,1.0,0.0,0.0,0.0,1.0,1.0,0.2514826536,0.2842935585,0.04058128595,0.04215222597
1727,1.0,0.0,0.0,0.0,1.0,1.0,0.2393485831,0.2754647519,0.03869843483,0.04079025984
1728,1.0,0.0,0.0,0.0,1.0,1.0,0.2510674108,0.2830588556,0.0406063199,0.04216814041
1729,1.0,0.0,0.0,0.0,1.0,1.0,0.248238024,0.2850520979,0.04023647308,0.04260331392
1730,1.0,0.0,0.0,0.0,1.0,1.0,0.253105378,0.2880951617,0.04070425034,0.04226976633
1731,1.0,0.0,0.0,0.0,1.0,1.0,0.2506741835,0.2873395686,0.04036140442,0.04219603539
1732,1.0,0.0,0.0,0.0,1.0,1.0,0.2555575015,0.2909088685,0.04096442461,0.04252994061
1733,1.0,0.0,0.0,0.0,1.0,1.0,0.2526951448,0.2880949576,0.04098951817,0.04256600142
1734,1.0,0.0,0.0,0.0,1.0,1.0,0.255974554,0.2873395288,0.04099309444,0.04203748703
1735,1.0,0.0,0.0,0.0,1.0,1.0,0.2042046952,0.2507758204,0.03245913982,0.03615373373
1736,1.0,0.0,0.0,0.0,1.0,1.0,0.131933541,0.174506059,0.01936292648,0.02334165573
1737,1.0,0.0,0.0,0.0,1.0,1.0,0.1204361149,0.1804551354,0.01748734713,0.02375155687
1738,1.0,0.0,0.0,0.0,1.0,1.0,0.1067018784,0.1763723592,0.01569223404,0.02353841066
1739,1.0,0.0,0.0,0.0,1.0,1.0,0.1206530201,0.1963186598,0.01761120558,0.02602255344
1740,1.0,0.0,0.0,0.0,1.0,1.0,0.09267568011,0.1779008426,0.01362961531,0.02378499508
1741,1.0,0.0,0.0,0.0,1.0,1.0,0.07909264592,0.1665735557,0.01172947884,0.022126019
1742,1.0,0.0,0.0,0.0,1.0,1.0,0.08089001734,0.167890496,0.01194995642,0.02257215977
1743,1.0,0.0,0.0,0.0,1.0,1.0,0.08343465817,0.1587345604,0.01259124279,0.02169978619
1744,1.0,0.0,0.0,0.0,1.0,1.0,0.0869852715,0.1587347031,0.01307463646,0.02161312103
1745,1.0,0.0,0.0,0.0,1.0,1.0,0.1215072691,0.1672070284,0.01902008057,0.02357423306
1746,1.0,0.0,0.0,0.0,1.0,1.0,0.1587742662,0.2046829931,0.02517330647,0.02941304445
1747,1.0,0.0,0.0,0.0,1.0,1.0,0.1693403653,0.21965777,0.02681970596,0.03155267239
1748,1.0,0.0,0.0,0.0,1.0,1.0,0.1869813838,0.2343011697,0.02980232239,0.03375840187
1749,1.0,0.0,0.0,0.0,1.0,1.0,0.2028568246,0.2480368278,0.03199923038,0.03538131714
1750,1.0,0.0,0.0,0.0,1.0,1.0,0.2169207034,0.2586584584,0.03512871265,0.03825128078
1751,1.0,0.0,0.0,0.0,1.0,1.0,0.2231765038,0.2640367889,0.0358582139,0.03871643543
1752,1.0,0.0,0.0,0.0,1.0,1.0,0.2317545086,0.2693529088,0.03761202097,0.039701581
1753,1.0,0.0,0.0,0.0,1.0,1.0,0.2326149797,0.2711252806,0.03815209866,0.04025703669
1754,1.0,0.0,0.0,0.0,1.0,1.0,0.2354457495,0.2744946752,0.03836506605,0.04071390629
1755,1.0,0.0,0.0,0.0,1.0,1.0,0.2353526256,0.2719327386,0.03769940138,0.03976505995
1756,1.0,0.0,0.0,0.0,1.0,1.0,0.2414652735,0.2787918498,0.03930753469,0.04139006138
1757,1.0,0.0,0.0,0.0,1.0,1.0,0.2386490929,0.2807622269,0.03890836239,0.04151964188
1758,1.0,0.0,0.0,0.0,1.0,1.0,0.243063922,0.2815330468,0.03971368074,0.04180395603
1759,1.0,0.0,0.0,0.0,1.0,1.0,0.2446633479,0.2815329419,0.03956449032,0.04137462378
1760,1.0,0.0,0.0,0.0,1.0,1.0,0.252270876,0.2895911032,0.04029655457,0.04209321737
1761,1.0,0.0,0.0,0.0,1.0,1.0,0.2510520744,0.2900478355,0.04105883837,0.04313778877
1762,1.0,0.0,0.0,0.0,1.0,1.0,0.2482690267,0.2840516372,0.0407602787,0.04232794046
1763,1.0,0.0,0.0,0.0,1.0,1.0,0.2550411332,0.2945720251,0.0417329073,0.04381948709
1764,1.0,0.0,0.0,0.0,1.0,1.0,0.2486647137,0.2903306773,0.04093581438,0.04329752922
1765,1.0,0.0,0.0,0.0,1.0,1.0,0.2542581153,0.2966539961,0.0415686965,0.04392158985
1766,1.0,0.0,0.0,0.0,1.0,1.0,0.2605857943,0.3022787961,0.04240751266,0.04473477602
1767,1.0,0.0,0.0,0.0,1.0,1.0,0.2622533272,0.3019511579,0.04211294651,0.04391044378
1768,1.0,0.0,0.0,0.0,1.0,1.0,0.261417204,0.3008884179,0.04273438454,0.04455840588
1769,1.0,0.0,0.0,0.0,1.0,1.0,0.2486647618,0.2885708904,0.04038852453,0.04245972633
1770,1.0,0.0,0.0,0.0,1.0,1.0,0.2614172014,0.2956098637,0.04274880886,0.04379147291
1771,1.0,0.0,0.0,0.0,1.0,1.0,0.2574081539,0.2952899483,0.04197013378,0.0437836647
1772,1.0,0.0,0.0,0.0,1.0,1.0,0.2581756789,0.2952895151,0.04233336449,0.04389166832
1773,1.0,0.0,0.0,0.0,1.0,1.0,0.2542300585,0.2928189965,0.04160022736,0.04342025518
1774,1.0,0.0,0.0,0.0,1.0,1.0,0.252240246,0.2910655151,0.04131275415,0.04313153028
1775,1.0,0.0,0.0,0.0,1.0,1.0,0.252240228,0.2865532268,0.04182523489,0.04314047098
1776,1.0,0.0,0.0,0.0,1.0,1.0,0.258175725,0.2925193699,0.04261040688,0.04391747713
1777,1.0,0.0,0.0,0.0,1.0,1.0,0.2610009002,0.2980788596,0.04272246361,0.0442854166
1778,1.0,0.0,0.0,0.0,1.0,1.0,0.2546045069,0.2963256292,0.04159897566,0.04366600513
1779,1.0,0.0,0.0,0.0,1.0,1.0,0.2562262268,0.2987843211,0.04184836149,0.04444766045
1780,1.0,0.0,0.0,0.0,1.0,1.0,0.2530433699,0.2945721754,0.04168200493,0.04404133558
1781,1.0,0.0,0.0,0.0,1.0,1.0,0.2586415899,0.2966538423,0.04232352972,0.04389101267
1782,1.0,0.0,0.0,0.0,1.0,1.0,0.2586415733,0.2963257476,0.04251950979,0.04435676336
1783,1.0,0.0,0.0,0.0,1.0,1.0,0.2534698578,0.2920904741,0.04108929634,0.04316979647
1784,1.0,0.0,0.0,0.0,1.0,1.0,0.2542864326,0.2913567067,0.04090619087,0.0427184701
1785,1.0,0.0,0.0,0.0,1.0,1.0,0.2530637533,0.2938500897,0.0408655405,0.0431933403
1786,1.0,0.0,0.0,0.0,1.0,1.0,0.2514620444,0.291356643,0.04063224792,0.04270267487
1787,1.0,0.0,0.0,0.0,1.0,1.0,0.2530639525,0.2948886426,0.04116475582,0.04350960255
1788,1.0,0.0,0.0,0.0,1.0,1.0,0.2482688668,0.2910652338,0.04086440802,0.04348391294
1789,1.0,0.0,0.0,0.0,1.0,1.0,0.2450861648,0.2840515608,0.04018747807,0.04227507114
1790,1.0,0.0,0.0,0.0,1.0,1.0,0.2474808491,0.2883003823,0.03992605209,0.04222947359
1791,1.0,0.0,0.0,0.0,1.0,1.0,0.2438445586,0.2832923518,0.03919130564,0.04151183367
1792,1.0,0.0,0.0,0.0,1.0,1.0,0.2454486222,0.2853015873,0.0403547883,0.04246485233
1793,1.0,0.0,0.0,0.0,1.0,1.0,0.2342190594,0.2754645729,0.03826624155,0.0408872366
1794,1.0,0.0,0.0,0.0,1.0,1.0,0.2253168249,0.2693530666,0.03631079197,0.03942316771
1795,1.0,0.0,0.0,0.0,1.0,1.0,0.2292739996,0.2730616386,0.03715997934,0.04003858566
1796,1.0,0.0,0.0,0.0,1.0,1.0,0.2391010429,0.2832924186,0.03873240948,0.04157274961
1797,1.0,0.0,0.0,0.0,1.0,1.0,0.2430641662,0.284051809,0.03946942091,0.04206609726
1798,1.0,0.0,0.0,0.0,1.0,1.0,0.2398018378,0.2817576019,0.038587749,0.04117751122
1799,1.0,0.0,0.0,0.0,1.0,1.0,0.2401885245,0.2817578811,0.03875923157,0.04136055708
1800,1.0,0.0,0.0,0.0,1.0,1.0,0.2410795248,0.2787918976,0.03924429417,0.04132348299
1801,1.0,0.0,0.0,0.0,1.0,1.0,0.242629818,0.2842932104,0.03939497471,0.04200387001
1802,1.0,0.0,0.0,0.0,1.0,1.0,0.252255306,0.288571006,0.04111933708,0.04268079996
1803,1.0,0.0,0.0,0.0,1.0,1.0,0.2415184082,0.2822985084,0.03923714161,0.04156041145
1804,1.0,0.0,0.0,0.0,1.0,1.0,0.2454769332,0.2795642848,0.03979545832,0.04134595394
1805,1.0,0.0,0.0,0.0,1.0,1.0,0.2506588265,0.2903307749,0.04129117727,0.04339516163
1806,1.0,0.0,0.0,0.0,1.0,1.0,0.2390319318,0.2762544185,0.03896540403,0.04105752707
1807,1.0,0.0,0.0,0.0,1.0,1.0,0.2378093526,0.2799852121,0.03852045536,0.04112315178
1808,1.0,0.0,0.0,0.0,1.0,1.0,0.2414111822,0.2799853581,0.03973340988,0.04185247421
1809,1.0,0.0,0.0,0.0,1.0,1.0,0.2474658829,0.2878253051,0.04048091173,0.04257023335
1810,1.0,0.0,0.0,0.0,1.0,1.0,0.2466571997,0.2832926267,0.04038512707,0.04222083092
1811,1.0,0.0,0.0,0.0,1.0,1.0,0.2368807378,0.2746692118,0.0383579731,0.04072248936
1812,1.0,0.0,0.0,0.0,1.0,1.0,0.2315186359,0.2704584731,0.03725552559,0.03961676359
1813,1.0,0.0,0.0,0.0,1.0,1.0,0.2311412985,0.2750262706,0.03736883402,0.0402635932
1814,1.0,0.0,0.0,0.0,1.0,1.0,0.2275151199,0.2686671693,0.03649348021,0.03910017014
1815,1.0,0.0,0.0,0.0,1.0,1.0,0.223366254,0.2641381639,0.03586870432,0.03874868155
1816,1.0,0.0,0.0,0.0,1.0,1.0,0.1757815603,0.2259764292,0.02750104666,0.03221541643
1817,1.0,0.0,0.0,0.0,1.0,1.0,0.1710453018,0.2186281422,0.02691686153,0.03140306473
1818,1.0,0.0,0.0,0.0,1.0,1.0,0.171332893,0.2175906521,0.02704054117,0.03128218651
1819,1.0,0.0,0.0,0.0,1.0,1.0,0.1155224704,0.1525864411,0.01750844717,0.02122229338
1820,1.0,0.0,0.0,0.0,1.0,1.0,0.08566649222,0.1567754151,0.01271820068,0.02119702101
1821,1.0,0.0,0.0,0.0,1.0,1.0,0.09408605477,0.1607626556,0.0140504837,0.02200353146
1822,1.0,0.0,0.0,0.0,1.0,1.0,0.0915110809,0.1639398337,0.01348817348,0.02195125818
1823,1.0,0.0,0.0,0.0,1.0,1.0,0.1027797203,0.1718404801,0.01527768373,0.0229164362
1824,1.0,0.0,0.0,0.0,1.0,1.0,0.1116397294,0.1698655521,0.0166105628,0.02267473936
1825,1.0,0.0,0.0,0.0,1.0,1.0,0.1008289104,0.1672220219,0.01508140564,0.02275437117
1826,1.0,0.0,0.0,0.0,1.0,1.0,0.1022355468,0.1652777575,0.01517522335,0.02223962545
1827,1.0,0.0,0.0,0.0,1.0,1.0,0.109479599,0.1639708551,0.01640015841,0.02221953869
1828,1.0,0.0,0.0,0.0,1.0,1.0,0.1216252167,0.1769442528,0.01829832792,0.02413260937
1829,1.0,0.0,0.0,0.0,1.0,1.0,0.1080955888,0.1659228524,0.01606529951,0.02238607407
1830,1.0,0.0,0.0,0.0,1.0,1.0,0.1035135478,0.1711641566,0.01514697075,0.02272045612
1831,1.0,0.0,0.0,0.0,1.0,1.0,0.1145744062,0.1640008385,0.01700901985,0.02224254608
1832,1.0,0.0,0.0,0.0,1.0,1.0,0.121197533,0.1717188922,0.01826196909,0.02355533838
1833,1.0,0.0,0.0,0.0,1.0,1.0,0.1114420596,0.1659232629,0.01645821333,0.0222055912
1834,1.0,0.0,0.0,0.0,1.0,1.0,0.1196512597,0.1808329522,0.01788687706,0.02446299791
1835,1.0,0.0,0.0,0.0,1.0,1.0,0.1269132828,0.17111045,0.01890653372,0.02310794592
1836,1.0,0.0,0.0,0.0,1.0,1.0,0.120500213,0.1685334446,0.01796680689,0.0227227211
1837,1.0,0.0,0.0,0.0,1.0,1.0,0.1169560692,0.1646140594,0.01732689142,0.02205240726
1838,1.0,0.0,0.0,0.0,1.0,1.0,0.1198625865,0.1717790191,0.01789659262,0.0231602788
1839,1.0,0.0,0.0,0.0,1.0,1.0,0.1353967533,0.1704931707,0.01973158121,0.02258747816
1840,1.0,0.0,0.0,0.0,1.0,1.0,0.150358458,0.1704474013,0.0220708847,0.02284985781
1841,1.0,0.0,0.0,0.0,1.0,1.0,0.1526681679,0.1886103553,0.02224570513,0.02509099245
1842,1.0,0.0,0.0,0.0,1.0,1.0,0.1445402844,0.1968013105,0.02115064859,0.02630931139
1843,1.0,0.0,0.0,0.0,1.0,1.0,0.1249303303,0.2070557,0.01864087582,0.02769500017
1844,1.0,0.0,0.0,0.0,1.0,1.0,0.1147766916,0.214446915,0.01692450047,0.02838110924
1845,1.0,0.0,0.0,0.0,1.0,1.0,0.08328682253,0.1947730605,0.01287478209,0.0271192193
1846,1.0,0.0,0.0,0.0,1.0,1.0,0.08037442633,0.1652771669,0.01261740923,0.02331483364
1847,1.0,0.0,0.0,0.0,1.0,1.0,0.1821727141,0.228497294,0.02918356657,0.03293192387
1848,1.0,0.0,0.0,0.0,1.0,1.0,0.2141660701,0.2571027729,0.03547757864,0.03816527128
1849,1.0,0.0,0.0,0.0,1.0,1.0,0.2397363106,0.2804190271,0.03781396151,0.03985798359
1850,1.0,0.0,0.0,0.0,1.0,1.0,0.2598870483,0.2962630029,0.04209929705,0.04313874245
1851,1.0,0.0,0.0,0.0,1.0,1.0,0.2629252976,0.2912043501,0.04148793221,0.04174560308
1852,1.0,0.0,0.0,0.0,1.0,1.0,0.2692044825,0.2934305086,0.0437387228,0.04321491718
1853,1.0,0.0,0.0,0.0,1.0,1.0,0.2672736678,0.2923901757,0.04227721691,0.04227727652
1854,1.0,0.0,0.0,0.0,1.0,1.0,0.2619117047,0.2868116645,0.04177212715,0.04177212715
1855,1.0,0.0,0.0,0.0,1.0,1.0,0.2764752132,0.298784305,0.04460674524,0.04383766651
1856,1.0,0.0,0.0,0.0,1.0,1.0,0.2725751193,0.2970367193,0.04367733002,0.04342186451
1857,1.0,0.0,0.0,0.0,1.0,1.0,0.2642754106,0.2931225051,0.04295611382,0.0432164669
1858,1.0,0.0,0.0,0.0,1.0,1.0,0.2675927441,0.2956096836,0.04261642694,0.04312986135
1859,1.0,0.0,0.0,0.0,1.0,1.0,0.2718479989,0.299832297,0.04400855303,0.044267416
1860,1.0,0.0,0.0,0.0,1.0,1.0,0.2735992808,0.2973690578,0.04332566261,0.04307079315
1861,1.0,0.0,0.0,0.0,1.0,1.0,0.2733101598,0.2994781335,0.04341602325,0.04341602325
1862,1.0,0.0,0.0,0.0,1.0,1.0,0.267478812,0.2973694256,0.04299384356,0.04350876808
1863,1.0,0.0,0.0,0.0,1.0,1.0,0.2802919826,0.3085992764,0.04532420635,0.04558318853
1864,1.0,0.0,0.0,0.0,1.0,1.0,0.2732971183,0.2987839385,0.0448525548,0.04459178448
1865,1.0,0.0,0.0,0.0,1.0,1.0,0.2722838815,0.3037170288,0.04411226511,0.04463118315
1866,1.0,0.0,0.0,0.0,1.0,1.0,0.2748860628,0.3022789578,0.04500669241,0.04500675201
1867,1.0,0.0,0.0,0.0,1.0,1.0,0.2764751066,0.3068465093,0.04503160715,0.04529047012
1868,1.0,0.0,0.0,0.0,1.0,1.0,0.2828309204,0.3092680998,0.04603153467,0.04577296972
1869,1.0,0.0,0.0,0.0,1.0,1.0,0.2825894402,0.305773212,0.04569607973,0.0451797843
1870,1.0,0.0,0.0,0.0,1.0,1.0,0.2834957248,0.3068464789,0.04676365852,0.04623526335
1871,1.0,0.0,0.0,0.0,1.0,1.0,0.2864641471,0.3121065612,0.04676538706,0.04624581337
1872,1.0,0.0,0.0,0.0,1.0,1.0,0.2732970301,0.2998322324,0.04435914755,0.04410123825
1873,1.0,0.0,0.0,0.0,1.0,1.0,0.2812418528,0.3145100867,0.04590940475,0.046687603
1874,1.0,0.0,0.0,0.0,1.0,1.0,0.2725748396,0.3008880933,0.04436260462,0.04436260462
1875,1.0,0.0,0.0,0.0,1.0,1.0,0.2791377446,0.3054832208,0.04556471109,0.04530286789
1876,1.0,0.0,0.0,0.0,1.0,1.0,0.2814429676,0.3096860333,0.04574728012,0.04574722052
1877,1.0,0.0,0.0,0.0,1.0,1.0,0.2841863755,0.3103528027,0.04625034332,0.04599046707
1878,1.0,0.0,0.0,0.0,1.0,1.0,0.2805448951,0.3068458414,0.04556840658,0.045309484
1879,1.0,0.0,0.0,0.0,1.0,1.0,0.2821388946,0.3103527784,0.04645192623,0.04645192623
1880,1.0,0.0,0.0,0.0,1.0,1.0,0.2816896664,0.3121063401,0.04586029053,0.04611939192
1881,1.0,0.0,0.0,0.0,1.0,1.0,0.276915407,0.3050928841,0.0449924469,0.0449924469
1882,1.0,0.0,0.0,0.0,1.0,1.0,0.2857831196,0.3114458841,0.04671794176,0.04619592428
1883,1.0,0.0,0.0,0.0,1.0,1.0,0.2846411436,0.3167248394,0.04642033577,0.04694193602
1884,1.0,0.0,0.0,0.0,1.0,1.0,0.2805451083,0.3068462066,0.04575031996,0.0454903841
1885,1.0,0.0,0.0,0.0,1.0,1.0,0.2574564073,0.2903307349,0.04188269377,0.04292321205
1886,1.0,0.0,0.0,0.0,1.0,1.0,0.2652243499,0.2952089788,0.04277688265,0.0432985425
1887,1.0,0.0,0.0,0.0,1.0,1.0,0.2638523762,0.2903309393,0.04260855913,0.04260861874
1888,1.0,0.0,0.0,0.0,1.0,1.0,0.2262580733,0.2642409729,0.03671741486,0.03883063793
1889,1.0,0.0,0.0,0.0,1.0,1.0,0.1207734747,0.1633703445,0.01824861765,0.0224801302
1890,1.0,0.0,0.0,0.0,1.0,1.0,0.1172723304,0.1595262588,0.01776576042,0.02200835943
1891,1.0,0.0,0.0,0.0,1.0,1.0,0.1736678967,0.2227219743,0.02664971352,0.03109133244
1892,1.0,0.0,0.0,0.0,1.0,1.0,0.188228405,0.2324709383,0.029697299,0.03337657452
1893,1.0,0.0,0.0,0.0,1.0,1.0,0.2015403706,0.2462390416,0.03174734116,0.03539043665
1894,1.0,0.0,0.0,0.0,1.0,1.0,0.2028570615,0.2462393219,0.03228968382,0.03570240736
1895,1.0,0.0,0.0,0.0,1.0,1.0,0.2290046146,0.2606460335,0.03648149967,0.03778445721
1896,1.0,0.0,0.0,0.0,1.0,1.0,0.2374909646,0.2760187638,0.03776204586,0.04012215137
1897,1.0,0.0,0.0,0.0,1.0,1.0,0.2363210044,0.2724109491,0.03782993555,0.03966891766
1898,1.0,0.0,0.0,0.0,1.0,1.0,0.1532244078,0.1885739066,0.02319633961,0.0263594985
1899,1.0,0.0,0.0,0.0,1.0,1.0,0.09976286075,0.156658832,0.01457875967,0.02094042301
1900,1.0,0.0,0.0,0.0,1.0,1.0,0.1136548164,0.1613271464,0.01645773649,0.02142119408
1901,1.0,0.0,0.0,0.0,1.0,1.0,0.1134505383,0.1659150032,0.01676481962,0.02235299349
1902,1.0,0.0,0.0,0.0,1.0,1.0,0.1017288407,0.155555062,0.01517087221,0.02129244804
1903,1.0,0.0,0.0,0.0,1.0,1.0,0.1001200128,0.1455128763,0.01523941755,0.0203192234
1904,1.0,0.0,0.0,0.0,1.0,1.0,0.09941141284,0.1438883319,0.01486361027,0.01964122057
1905,1.0,0.0,0.0,0.0,1.0,1.0,0.09815957094,0.1399994912,0.0145341754,0.01902651787
1906,1.0,0.0,0.0,0.0,1.0,1.0,0.1001230447,0.1346906994,0.01491165161,0.01837331057
1907,1.0,0.0,0.0,0.0,1.0,1.0,0.1084804098,0.1438888512,0.01627659798,0.01974540949
1908,1.0,0.0,0.0,0.0,1.0,1.0,0.1144815884,0.1599109569,0.01697051525,0.0215498805
1909,1.0,0.0,0.0,0.0,1.0,1.0,0.1185470101,0.1625595279,0.01727741957,0.02153027058
1910,1.0,0.0,0.0,0.0,1.0,1.0,0.1212559118,0.1618529776,0.01767480373,0.02142399549
1911,1.0,0.0,0.0,0.0,1.0,1.0,0.1146900001,0.1705873443,0.01691621542,0.02282345295
1912,1.0,0.0,0.0,0.0,1.0,1.0,0.1190672484,0.1757914915,0.01732850075,0.02336722612
1913,1.0,0.0,0.0,0.0,1.0,1.0,0.1060560006,0.1659152458,0.01555597782,0.02214747667
1914,1.0,0.0,0.0,0.0,1.0,1.0,0.1019106146,0.1600671081,0.01523089409,0.02191120386
1915,1.0,0.0,0.0,0.0,1.0,1.0,0.1020933118,0.1626542763,0.01497840881,0.02181071043
1916,1.0,0.0,0.0,0.0,1.0,1.0,0.110850111,0.1593599105,0.01633089781,0.02133560181
1917,1.0,0.0,0.0,0.0,1.0,1.0,0.1090624313,0.1711643808,0.0161241889,0.02299684286
1918,1.0,0.0,0.0,0.0,1.0,1.0,0.1070831711,0.169196983,0.0157789588,0.02261650562
1919,1.0,0.0,0.0,0.0,1.0,1.0,0.124704217,0.1764887447,0.01823163033,0.02351617813
1920,1.0,0.0,0.0,0.0,1.0,1.0,0.1134501279,0.1554249192,0.0162795186,0.02041399479
1921,1.0,0.0,0.0,0.0,1.0,1.0,0.1052982664,0.1503068402,0.01560455561,0.02036529779
1922,1.0,0.0,0.0,0.0,1.0,1.0,0.1072746263,0.1508963478,0.01605129242,0.02059918642
1923,1.0,0.0,0.0,0.0,1.0,1.0,0.09620294599,0.1385941009,0.01436460018,0.01888674498
1924,1.0,0.0,0.0,0.0,1.0,1.0,0.09569129264,0.1258990651,0.0143622756,0.01728796959
1925,1.0,0.0,0.0,0.0,1.0,1.0,0.1153201009,0.1416832721,0.01753872633,0.0196646452
1926,1.0,0.0,0.0,0.0,1.0,1.0,0.1264456246,0.1558064799,0.01933324337,0.02171683311
1927,1.0,0.0,0.0,0.0,1.0,1.0,0.1403029939,0.1697167446,0.02136522532,0.02373915911
1928,1.0,0.0,0.0,0.0,1.0,1.0,0.1503434653,0.1834181073,0.02346152067,0.02612757683
1929,1.0,0.0,0.0,0.0,1.0,1.0,0.1569091075,0.1883279563,0.02448004484,0.02687484026
1930,1.0,0.0,0.0,0.0,1.0,1.0,0.150086688,0.1771398782,0.02358287573,0.02545881271
1931,1.0,0.0,0.0,0.0,1.0,1.0,0.1476838405,0.1747146978,0.0228908062,0.02475404739
1932,1.0,0.0,0.0,0.0,1.0,1.0,0.1380924183,0.1634423276,0.02117651701,0.023029387
1933,1.0,0.0,0.0,0.0,1.0,1.0,0.107713804,0.1273420351,0.01607519388,0.01739281416
1934,1.0,0.0,0.0,0.0,1.0,1.0,0.1003022979,0.1210262974,0.01495718956,0.01655977964
1935,1.0,0.0,0.0,0.0,1.0,1.0,0.09375277928,0.1162143166,0.01421576738,0.0160933733
1936,1.0,0.0,0.0,0.0,1.0,1.0,0.09923519273,0.1200878925,0.01494675875,0.01654821634
1937,1.0,0.0,0.0,0.0,1.0,1.0,0.09781028161,0.1166664267,0.01460802555,0.01593601704
1938,1.0,0.0,0.0,0.0,1.0,1.0,0.09886558772,0.1215004388,0.01470559835,0.0165771842
1939,1.0,0.0,0.0,0.0,1.0,1.0,0.09706832982,0.121500648,0.01426947117,0.0163834095
1940,1.0,0.0,0.0,0.0,1.0,1.0,0.1063237073,0.1224998373,0.01592504978,0.01672130823
1941,1.0,0.0,0.0,0.0,1.0,1.0,0.1132112334,0.1389183042,0.01692432165,0.0190398097
1942,1.0,0.0,0.0,0.0,1.0,1.0,0.1153884853,0.1383842505,0.01715707779,0.01900476217
1943,1.0,0.0,0.0,0.0,1.0,1.0,0.1376166753,0.1609588401,0.02101480961,0.02259093523
1944,1.0,0.0,0.0,0.0,1.0,1.0,0.1514834595,0.1753737715,0.02307707071,0.02466857433
1945,1.0,0.0,0.0,0.0,1.0,1.0,0.1072128751,0.149916374,0.01554650068,0.01976251602
1946,1.0,0.0,0.0,0.0,1.0,1.0,0.1285511155,0.1672373674,0.01902741194,0.02251136303
1947,1.0,0.0,0.0,0.0,1.0,1.0,0.1562760432,0.1672368412,0.02281796932,0.02228730917
1948,1.0,0.0,0.0,0.0,1.0,1.0,0.1402095127,0.1672291913,0.02048790455,0.02232652903
1949,1.0,0.0,0.0,0.0,1.0,1.0,0.1587561043,0.1685568269,0.02313876152,0.02234995365
1950,1.0,0.0,0.0,0.0,1.0,1.0,0.164142305,0.1705397362,0.02366286516,0.0226111412
1951,1.0,0.0,0.0,0.0,1.0,1.0,0.1524884677,0.1652302475,0.02204805613,0.02178239822
1952,1.0,0.0,0.0,0.0,1.0,1.0,0.1479978794,0.1559132888,0.02158999443,0.02079039812
1953,1.0,0.0,0.0,0.0,1.0,1.0,0.149551843,0.1407944427,0.02174061537,0.0188241601
1954,1.0,0.0,0.0,0.0,1.0,1.0,0.1419969246,0.1382624397,0.02044928074,0.0183519125
1955,1.0,0.0,0.0,0.0,1.0,1.0,0.1301264018,0.1332589195,0.01916027069,0.01809579134
1956,1.0,0.0,0.0,0.0,1.0,1.0,0.1256029927,0.128834242,0.01843446493,0.01738107204
1957,1.0,0.0,0.0,0.0,1.0,1.0,0.1222340818,0.1034578292,0.01810568571,0.01411175728
1958,1.0,0.0,0.0,0.0,1.0,1.0,0.1088677502,0.1069440264,0.01592683792,0.01436024904
1959,1.0,0.0,0.0,0.0,1.0,1.0,0.1694261128,0.1746235229,0.02583295107,0.02452820539
1960,1.0,0.0,0.0,0.0,1.0,1.0,0.2267643104,0.2417421895,0.03514945507,0.03488904238
1961,1.0,0.0,0.0,0.0,1.0,1.0,0.2544336564,0.2804190771,0.03994894028,0.04073226452
1962,1.0,0.0,0.0,0.0,1.0,1.0,0.2617975193,0.2845386764,0.04130268097,0.04156249762
1963,1.0,0.0,0.0,0.0,1.0,1.0,0.2577594914,0.2840138571,0.04052233696,0.04130661488
1964,1.0,0.0,0.0,0.0,1.0,1.0,0.2606518129,0.2819854779,0.04151952267,0.04178398848
1965,1.0,0.0,0.0,0.0,1.0,1.0,0.2531920357,0.2822166015,0.04012662172,0.04144656658
1966,1.0,0.0,0.0,0.0,1.0,1.0,0.2540110587,0.2802006061,0.03983950615,0.04088103771
1967,1.0,0.0,0.0,0.0,1.0,1.0,0.2560967489,0.2794137914,0.04091924429,0.0414506197
1968,1.0,0.0,0.0,0.0,1.0,1.0,0.2519460721,0.2724110708,0.04014635086,0.04014635086
1969,1.0,0.0,0.0,0.0,1.0,1.0,0.2581893627,0.2812049277,0.04122239351,0.04175424576
1970,1.0,0.0,0.0,0.0,1.0,1.0,0.2490302112,0.2730616346,0.04018241167,0.0409860611
1971,1.0,0.0,0.0,0.0,1.0,1.0,0.2569519447,0.2822163964,0.04040020704,0.04118716717
1972,1.0,0.0,0.0,0.0,1.0,1.0,0.2597887596,0.282996389,0.04095381498,0.04121470451
1973,1.0,0.0,0.0,0.0,1.0,1.0,0.2490301503,0.2668759875,0.03947585821,0.0392127037
1974,1.0,0.0,0.0,0.0,1.0,1.0,0.2490303334,0.2714313336,0.03939914703,0.0396618247
1975,1.0,0.0,0.0,0.0,1.0,1.0,0.2502745771,0.2740404812,0.03960251808,0.04012709856
1976,1.0,0.0,0.0,0.0,1.0,1.0,0.2510915601,0.2756468364,0.04039818048,0.04092621803
1977,1.0,0.0,0.0,0.0,1.0,1.0,0.2576049585,0.2870738129,0.04168123007,0.0427364707
1978,1.0,0.0,0.0,0.0,1.0,1.0,0.2576555176,0.2789959531,0.04106038809,0.04132193327
1979,1.0,0.0,0.0,0.0,1.0,1.0,0.2551766245,0.2863167741,0.04104727507,0.04236286879
1980,1.0,0.0,0.0,0.0,1.0,1.0,0.253565068,0.2822167397,0.04047489166,0.04126340151
1981,1.0,0.0,0.0,0.0,1.0,1.0,0.2531699981,0.2812049118,0.03998553753,0.04103088379
1982,1.0,0.0,0.0,0.0,1.0,1.0,0.2571855497,0.282760035,0.04132342339,0.04158490896
1983,1.0,0.0,0.0,0.0,1.0,1.0,0.2444915893,0.2632935804,0.03880161047,0.03853940964
1984,1.0,0.0,0.0,0.0,1.0,1.0,0.2523344689,0.2776230115,0.04027539492,0.04080188274
1985,1.0,0.0,0.0,0.0,1.0,1.0,0.2498605221,0.2703117554,0.0399608016,0.0399608016
1986,1.0,0.0,0.0,0.0,1.0,1.0,0.2506850552,0.2722493845,0.040130198,0.040130198
1987,1.0,0.0,0.0,0.0,1.0,1.0,0.2535900051,0.2776225411,0.04011243582,0.04063671827
1988,1.0,0.0,0.0,0.0,1.0,1.0,0.2511074332,0.2758315544,0.03980392218,0.0405947566
1989,1.0,0.0,0.0,0.0,1.0,1.0,0.2523341403,0.2802006076,0.04073810577,0.04180318117
1990,1.0,0.0,0.0,0.0,1.0,1.0,0.2556712955,0.2822165274,0.04044753313,0.04123544693
1991,1.0,0.0,0.0,0.0,1.0,1.0,0.251099608,0.2750259301,0.03980350494,0.04006528854
1992,1.0,0.0,0.0,0.0,1.0,1.0,0.2597883785,0.2883695076,0.04106914997,0.04211556911
1993,1.0,0.0,0.0,0.0,1.0,1.0,0.251918787,0.2722494298,0.03986668587,0.03960609436
1994,1.0,0.0,0.0,0.0,1.0,1.0,0.2461437991,0.2714308821,0.03888779879,0.03940969706
1995,1.0,0.0,0.0,0.0,1.0,1.0,0.2390692277,0.2625346736,0.03805691004,0.03832119703
1996,1.0,0.0,0.0,0.0,1.0,1.0,0.2360491505,0.2616721276,0.03726452589,0.03805738688
1997,1.0,0.0,0.0,0.0,1.0,1.0,0.184888015,0.1916224091,0.02820253372,0.02713829279
1998,1.0,0.0,0.0,0.0,1.0,1.0,0.1267146342,0.1273417557,0.01893883944,0.0176051259
1999,1.0,0.0,0.0,0.0,1.0,1.0,0.136125015,0.1312005491,0.02019429207,0.01806849241
2000,1.0,0.0,0.0,0.0,1.0,1.0,0.1357042784,0.1106102164,0.01986467838,0.01503270864
2001,1.0,0.0,0.0,0.0,1.0,1.0,0.1484678937,0.1181509186,0.02184993029,0.01625418663
2002,1.0,0.0,0.0,0.0,1.0,1.0,0.1610820493,0.1229777576,0.02344405651,0.0167837739
2003,1.0,0.0,0.0,0.0,1.0,1.0,0.1620227311,0.1210258049,0.02372699976,0.01652884483
2004,1.0,0.0,0.0,0.0,1.0,1.0,0.1580002842,0.1169979359,0.02268332243,0.01556175947
2005,1.0,0.0,0.0,0.0,1.0,1.0,0.1607235581,0.1254278703,0.02305233479,0.01669305563
2006,1.0,0.0,0.0,0.0,1.0,1.0,0.1678030254,0.1229471946,0.02441799641,0.01663643122
2007,1.0,0.0,0.0,0.0,1.0,1.0,0.1709079333,0.1254279407,0.02420729399,0.01657676697
2008,1.0,0.0,0.0,0.0,1.0,1.0,0.1749490819,0.1279285243,0.02510529757,0.01709294319
2009,1.0,0.0,0.0,0.0,1.0,1.0,0.1591702798,0.1174643586,0.02321761847,0.01592838764
2010,1.0,0.0,0.0,0.0,1.0,1.0,0.1602019114,0.1200113898,0.02337545156,0.01620340347
2011,1.0,0.0,0.0,0.0,1.0,1.0,0.1595440582,0.1150152258,0.02352333069,0.01568222046
2012,1.0,0.0,0.0,0.0,1.0,1.0,0.1548948878,0.1145606602,0.0227534771,0.01571077108
2013,1.0,0.0,0.0,0.0,1.0,1.0,0.146127758,0.1123401716,0.02153038979,0.01541680098
2014,1.0,0.0,0.0,0.0,1.0,1.0,0.1448466482,0.1127774197,0.0215510726,0.01562452316
2015,1.0,0.0,0.0,0.0,1.0,1.0,0.1456023785,0.1142771535,0.02172201872,0.01582217216
2016,1.0,0.0,0.0,0.0,1.0,1.0,0.1368605924,0.1093141936,0.02046370506,0.01507854462
2017,1.0,0.0,0.0,0.0,1.0,1.0,0.1309857948,0.1069439456,0.01952767372,0.0147126317
2018,1.0,0.0,0.0,0.0,1.0,1.0,0.1300522425,0.1119064649,0.01937836409,0.01539647579
2019,1.0,0.0,0.0,0.0,1.0,1.0,0.1282235103,0.1287161589,0.01964515448,0.01829963923
2020,1.0,0.0,0.0,0.0,1.0,1.0,0.1399925722,0.1373278598,0.0211250782,0.01925325394
2021,1.0,0.0,0.0,0.0,1.0,1.0,0.1601891508,0.1609589414,0.02449411154,0.02289670706
2022,1.0,0.0,0.0,0.0,1.0,1.0,0.1683270018,0.1697167266,0.02556657791,0.02396869659
2023,1.0,0.0,0.0,0.0,1.0,1.0,0.1642191769,0.1634066635,0.02475261688,0.0228894949
2024,1.0,0.0,0.0,0.0,1.0,1.0,0.1721359089,0.1653211264,0.02641052008,0.02371555567
2025,1.0,0.0,0.0,0.0,1.0,1.0,0.1759578178,0.1709574827,0.02666342258,0.02426379919
2026,1.0,0.0,0.0,0.0,1.0,1.0,0.1712824233,0.1697166257,0.02616381645,0.02427572012
2027,1.0,0.0,0.0,0.0,1.0,1.0,0.1774053638,0.1760381653,0.02723264694,0.02507561445
2028,1.0,0.0,0.0,0.0,1.0,1.0,0.1762681917,0.1716019259,0.02686494589,0.02444708347
2029,1.0,0.0,0.0,0.0,1.0,1.0,0.1872857476,0.1859864697,0.02850335836,0.0263723135
2030,1.0,0.0,0.0,0.0,1.0,1.0,0.1947191057,0.1995154268,0.02999168634,0.02839916945
2031,1.0,0.0,0.0,0.0,1.0,1.0,0.2043533243,0.2091423444,0.03172028065,0.03012090921
2032,1.0,0.0,0.0,0.0,1.0,1.0,0.2097803864,0.2183968206,0.03276956081,0.03143751621
2033,1.0,0.0,0.0,0.0,1.0,1.0,0.2114857726,0.2223023957,0.03295129538,0.03215414286
2034,1.0,0.0,0.0,0.0,1.0,1.0,0.203305274,0.2083707667,0.03169375658,0.03009575605
2035,1.0,0.0,0.0,0.0,1.0,1.0,0.1930546629,0.1973071393,0.02963489294,0.02806138992
2036,1.0,0.0,0.0,0.0,1.0,1.0,0.1965007405,0.2039303625,0.03045338392,0.02914071083
2037,1.0,0.0,0.0,0.0,1.0,1.0,0.1560530222,0.1521708511,0.02349096537,0.02137947083
2038,1.0,0.0,0.0,0.0,1.0,1.0,0.1394568467,0.09381759346,0.02043271065,0.01283597946
2039,1.0,0.0,0.0,0.0,1.0,1.0,0.1332589217,0.0868242054,0.01943773031,0.01182025671
2040,1.0,0.0,0.0,0.0,1.0,1.0,0.1379160242,0.09727426465,0.02013093233,0.01333349943
2041,1.0,0.0,0.0,0.0,1.0,1.0,0.1345749893,0.091034563,0.01949805021,0.01221877337
2042,1.0,0.0,0.0,0.0,1.0,1.0,0.1298912374,0.09138862005,0.01878750324,0.0122640729
2043,1.0,0.0,0.0,0.0,1.0,1.0,0.1353034764,0.09490785622,0.01987296343,0.01298362017
2044,1.0,0.0,0.0,0.0,1.0,1.0,0.1487372619,0.1038638554,0.02171647549,0.0140362978
2045,1.0,0.0,0.0,0.0,1.0,1.0,0.1461275441,0.104188752,0.02148449421,0.01432299614
2046,1.0,0.0,0.0,0.0,1.0,1.0,0.1402094981,0.09527756153,0.02049511671,0.01287513971
2047,1.0,0.0,0.0,0.0,1.0,1.0,0.1443238241,0.09527732989,0.0209196806,0.01281327009
2048,1.0,0.0,0.0,0.0,1.0,1.0,0.1389116939,0.0910345837,0.02040749788,0.01245653629
2049,1.0,0.0,0.0,0.0,1.0,1.0,0.1314578363,0.09490798809,0.01948565245,0.01307940483
2050,1.0,0.0,0.0,0.0,1.0,1.0,0.1271690554,0.09454166959,0.01884281635,0.01300418377
2051,1.0,0.0,0.0,0.0,1.0,1.0,0.1366142721,0.09840079661,0.02002120018,0.01343530416
2052,1.0,0.0,0.0,0.0,1.0,1.0,0.1494661308,0.1108330396,0.02197080851,0.01508837938
2053,1.0,0.0,0.0,0.0,1.0,1.0,0.1608506399,0.1205554927,0.02352905273,0.01639103889
2054,1.0,0.0,0.0,0.0,1.0,1.0,0.1557100337,0.1147218709,0.02269887924,0.01557248831
2055,1.0,0.0,0.0,0.0,1.0,1.0,0.1641683186,0.1147221388,0.02398729324,0.01555222273
2056,1.0,0.0,0.0,0.0,1.0,1.0,0.159910914,0.1151700973,0.02366650105,0.01586729288
2057,1.0,0.0,0.0,0.0,1.0,1.0,0.1617278005,0.1180441167,0.0235004425,0.01584297419
2058,1.0,0.0,0.0,0.0,1.0,1.0,0.1571333056,0.1210260975,0.02304309607,0.01661247015
2059,1.0,0.0,0.0,0.0,1.0,1.0,0.1616746682,0.1219794542,0.02414900064,0.01701408625
2060,1.0,0.0,0.0,0.0,1.0,1.0,0.1628722122,0.1249301438,0.02391654253,0.01712203026
2061,1.0,0.0,0.0,0.0,1.0,1.0,0.1451392398,0.1086353499,0.02124404907,0.01479023695
2062,1.0,0.0,0.0,0.0,1.0,1.0,0.144096699,0.0995458147,0.0209338665,0.01341915131
2063,1.0,0.0,0.0,0.0,1.0,1.0,0.1435663107,0.09518512844,0.02082085609,0.01281285286
2064,1.0,0.0,0.0,0.0,1.0,1.0,0.1435561924,0.09564974806,0.02121865749,0.01316094398
2065,1.0,0.0,0.0,0.0,1.0,1.0,0.1278994206,0.09798441487,0.01878499985,0.01341784
2066,1.0,0.0,0.0,0.0,1.0,1.0,0.1313134502,0.09602485358,0.01921212673,0.01307493448
2067,1.0,0.0,0.0,0.0,1.0,1.0,0.1417390099,0.09916599021,0.02071374655,0.0135435462
2068,1.0,0.0,0.0,0.0,1.0,1.0,0.1354554336,0.1003377152,0.0197032094,0.01357924938
2069,1.0,0.0,0.0,0.0,1.0,1.0,0.1205908303,0.1166662155,0.01780062914,0.01618236303
2070,1.0,0.0,0.0,0.0,1.0,1.0,0.1251567762,0.1181509878,0.01832848787,0.01620346308
2071,1.0,0.0,0.0,0.0,1.0,1.0,0.1262830762,0.1196245642,0.01906126738,0.01688289642
2072,1.0,0.0,0.0,0.0,1.0,1.0,0.1203707301,0.1073615191,0.01782274246,0.01485222578
2073,1.0,0.0,0.0,0.0,1.0,1.0,0.1527694828,0.1145605117,0.02243894339,0.0156801939
2074,1.0,0.0,0.0,0.0,1.0,1.0,0.1726977642,0.1244360231,0.02496224642,0.0167299509
2075,1.0,0.0,0.0,0.0,1.0,1.0,0.1684040558,0.1195409086,0.0244243741,0.01619440317
2076,1.0,0.0,0.0,0.0,1.0,1.0,0.174214699,0.1219793946,0.02526676655,0.016489923
2077,1.0,0.0,0.0,0.0,1.0,1.0,0.1742146627,0.1210263979,0.02528476715,0.01650166512
2078,1.0,0.0,0.0,0.0,1.0,1.0,0.1723806927,0.1200119541,0.02456516027,0.01594126225
2079,1.0,0.0,0.0,0.0,1.0,1.0,0.1745347457,0.1224995765,0.02528244257,0.01676625013
2080,1.0,0.0,0.0,0.0,1.0,1.0,0.2169472573,0.1481382337,0.03066813946,0.01965904236
2081,1.0,0.0,0.0,0.0,1.0,1.0,0.2095304933,0.1422129338,0.02925640345,0.01864123344
2082,1.0,0.0,0.0,0.0,1.0,1.0,0.2297781159,0.1685565258,0.0319390893,0.02207171917
2083,1.0,0.0,0.0,0.0,1.0,1.0,0.2223056941,0.1645908274,0.03111332655,0.02170091867
2084,1.0,0.0,0.0,0.0,1.0,1.0,0.2268901854,0.161964866,0.03224927187,0.02185487747
2085,1.0,0.0,0.0,0.0,1.0,1.0,0.2096203766,0.1481386187,0.02941602468,0.01969826221
2086,1.0,0.0,0.0,0.0,1.0,1.0,0.2140334319,0.1548155835,0.03023779392,0.02077203989
2087,1.0,0.0,0.0,0.0,1.0,1.0,0.1898378141,0.1362874009,0.02687108517,0.01817750931
2088,1.0,0.0,0.0,0.0,1.0,1.0,0.2044311196,0.1416213138,0.02909207344,0.01885598898
2089,1.0,0.0,0.0,0.0,1.0,1.0,0.2113105302,0.1410505248,0.0301874876,0.0190371871
2090,1.0,0.0,0.0,0.0,1.0,1.0,0.236058685,0.1632150644,0.03304821253,0.02158790827
2091,1.0,0.0,0.0,0.0,1.0,1.0,0.2086121292,0.1304492597,0.02995437384,0.01770031452
2092,1.0,0.0,0.0,0.0,1.0,1.0,0.2070406556,0.124930296,0.02930694818,0.01651847363
2093,1.0,0.0,0.0,0.0,1.0,1.0,0.2041249087,0.1188854245,0.02838981152,0.01580190659
2094,1.0,0.0,0.0,0.0,1.0,1.0,0.1910976897,0.105632127,0.02701771259,0.01404923201
2095,1.0,0.0,0.0,0.0,1.0,1.0,0.2002699164,0.1043595822,0.02799212933,0.01386278868
2096,1.0,0.0,0.0,0.0,1.0,1.0,0.1979664492,0.1036007054,0.02810537815,0.01391625404
2097,1.0,0.0,0.0,0.0,1.0,1.0,0.1798235924,0.09394742152,0.02591758966,0.0128223896
2098,1.0,0.0,0.0,0.0,1.0,1.0,0.1762618422,0.08760015083,0.02532225847,0.01185292006
2099,1.0,0.0,0.0,0.0,1.0,1.0,0.1675039861,0.07082666685,0.02422863245,0.009691476822
2100,1.0,0.0,0.0,0.0,1.0,1.0,0.1435661478,0.1142769716,0.02118855715,0.01602721214
2101,1.0,0.0,0.0,0.0,1.0,1.0,0.1623181554,0.1331303489,0.02390086651,0.01852989197
2102,1.0,0.0,0.0,0.0,1.0,1.0,0.1852800385,0.1646804729,0.02762031555,0.02310538292
2103,1.0,0.0,0.0,0.0,1.0,1.0,0.2054602811,0.199515756,0.03118294477,0.02827608585
2104,1.0,0.0,0.0,0.0,1.0,1.0,0.2162843537,0.2136357272,0.03284907341,0.03046488762
2105,1.0,0.0,0.0,0.0,1.0,1.0,0.2377984512,0.2406743332,0.03687357903,0.03500312567
2106,1.0,0.0,0.0,0.0,1.0,1.0,0.2464374776,0.255331898,0.03793221712,0.03687858582
2107,1.0,0.0,0.0,0.0,1.0,1.0,0.2450806846,0.2489382954,0.03740763664,0.03581577539
2108,1.0,0.0,0.0,0.0,1.0,1.0,0.243766227,0.2452160405,0.03779983521,0.03563982248
2109,1.0,0.0,0.0,0.0,1.0,1.0,0.2520181671,0.2655344217,0.03907775879,0.03854244947
2110,1.0,0.0,0.0,0.0,1.0,1.0,0.2524366149,0.2626270831,0.03895074129,0.03815579414
2111,1.0,0.0,0.0,0.0,1.0,1.0,0.2605746674,0.2745718886,0.04041868448,0.03988689184
2112,1.0,0.0,0.0,0.0,1.0,1.0,0.2579757776,0.271746407,0.04001635313,0.03948634863
2113,1.0,0.0,0.0,0.0,1.0,1.0,0.2520035211,0.265419761,0.03879791498,0.03827005625
2114,1.0,0.0,0.0,0.0,1.0,1.0,0.2571462758,0.2671236254,0.03987032175,0.03907293081
2115,1.0,0.0,0.0,0.0,1.0,1.0,0.2562669812,0.2725749186,0.03973716497,0.03973716497
2116,1.0,0.0,0.0,0.0,1.0,1.0,0.2537174939,0.2661558985,0.03934258223,0.03907680511
2117,1.0,0.0,0.0,0.0,1.0,1.0,0.2524361331,0.2680987383,0.03895837069,0.03895843029
2118,1.0,0.0,0.0,0.0,1.0,1.0,0.2584172072,0.2770194253,0.04029554129,0.04082930088
2119,1.0,0.0,0.0,0.0,1.0,1.0,0.2605016406,0.2714307305,0.04056608677,0.04003578424
2120,1.0,0.0,0.0,0.0,1.0,1.0,0.2604298167,0.2768238322,0.04099863768,0.04099863768
2121,1.0,0.0,0.0,0.0,1.0,1.0,0.2524186272,0.2633907662,0.03961902857,0.03908365965
2122,1.0,0.0,0.0,0.0,1.0,1.0,0.2562235419,0.267836132,0.04001295567,0.03948301077
2123,1.0,0.0,0.0,0.0,1.0,1.0,0.2536910209,0.2661556644,0.03902173042,0.03849798441
2124,1.0,0.0,0.0,0.0,1.0,1.0,0.2540956894,0.2733982593,0.04000228643,0.04026895761
2125,1.0,0.0,0.0,0.0,1.0,1.0,0.2541241143,0.2644508251,0.03959512711,0.03853219748
2126,1.0,0.0,0.0,0.0,1.0,1.0,0.2591772864,0.2770192183,0.04047590494,0.04047590494
2127,1.0,0.0,0.0,0.0,1.0,1.0,0.251560005,0.2634893028,0.03933727741,0.03853994608
2128,1.0,0.0,0.0,0.0,1.0,1.0,0.2603586441,0.2724112959,0.04110491276,0.0400441885
2129,1.0,0.0,0.0,0.0,1.0,1.0,0.2548912252,0.2696337927,0.04011040926,0.03958266973
2130,1.0,0.0,0.0,0.0,1.0,1.0,0.2544951366,0.272410805,0.04013592005,0.04013592005
2131,1.0,0.0,0.0,0.0,1.0,1.0,0.2565236897,0.2768237543,0.04071092606,0.04071086645
2132,1.0,0.0,0.0,0.0,1.0,1.0,0.2645085713,0.284013691,0.04207473993,0.04207473993
2133,1.0,0.0,0.0,0.0,1.0,1.0,0.2536654706,0.2699218707,0.04015290737,0.03961747885
2134,1.0,0.0,0.0,0.0,1.0,1.0,0.2490190852,0.2700695905,0.03932577372,0.03906005621
2135,1.0,0.0,0.0,0.0,1.0,1.0,0.2515373605,0.2653060222,0.03967660666,0.038618505
2136,1.0,0.0,0.0,0.0,1.0,1.0,0.2589913613,0.2786215504,0.0415173769,0.04125130177
2137,1.0,0.0,0.0,0.0,1.0,1.0,0.2605807906,0.2822165202,0.04123461246,0.04097360373
2138,1.0,0.0,0.0,0.0,1.0,1.0,0.2569516346,0.2796271737,0.04013097286,0.04039156437
2139,1.0,0.0,0.0,0.0,1.0,1.0,0.2552119152,0.2786212271,0.04061627388,0.04061621428
2140,1.0,0.0,0.0,0.0,1.0,1.0,0.2502721994,0.2712768197,0.03994464874,0.03994458914
2141,1.0,0.0,0.0,0.0,1.0,1.0,0.2510994824,0.2768237089,0.03962171078,0.040143013
2142,1.0,0.0,0.0,0.0,1.0,1.0,0.2523346273,0.2730616662,0.03943800926,0.03943794966
2143,1.0,0.0,0.0,0.0,1.0,1.0,0.2540386331,0.2750265095,0.03950172663,0.03976166248
2144,1.0,0.0,0.0,0.0,1.0,1.0,0.2477816657,0.2623537049,0.03908926249,0.0385646224
2145,1.0,0.0,0.0,0.0,1.0,1.0,0.251115952,0.2750264087,0.03946536779,0.0402547121
2146,1.0,0.0,0.0,0.0,1.0,1.0,0.2535896697,0.2794140061,0.04008191824,0.04086786509
2147,1.0,0.0,0.0,0.0,1.0,1.0,0.2519458189,0.2768236956,0.03945839405,0.04024237394
2148,1.0,0.0,0.0,0.0,1.0,1.0,0.2560967149,0.2819850642,0.04042732716,0.04147732258
2149,1.0,0.0,0.0,0.0,1.0,1.0,0.245241485,0.2653063657,0.03847956657,0.03847950697
2150,1.0,0.0,0.0,0.0,1.0,1.0,0.2368425621,0.2589135917,0.03720420599,0.03773194551
2151,1.0,0.0,0.0,0.0,1.0,1.0,0.1988418611,0.1961170494,0.03042799234,0.02775889635
2152,1.0,0.0,0.0,0.0,1.0,1.0,0.1748138572,0.1634064451,0.02613741159,0.02270519733
2153,1.0,0.0,0.0,0.0,1.0,1.0,0.1802848825,0.1759318032,0.02769678831,0.02527666092
2154,1.0,0.0,0.0,0.0,1.0,1.0,0.1866322534,0.1859867648,0.02847629786,0.02634727955
2155,1.0,0.0,0.0,0.0,1.0,1.0,0.1897895441,0.187161378,0.02908658981,0.02668493986
2156,1.0,0.0,0.0,0.0,1.0,1.0,0.1897895184,0.1883275018,0.02933967113,0.02718627453
2157,1.0,0.0,0.0,0.0,1.0,1.0,0.1872859391,0.1859860969,0.02847510576,0.02634608746
2158,1.0,0.0,0.0,0.0,1.0,1.0,0.178031099,0.1716025236,0.02683901787,0.02418172359
2159,1.0,0.0,0.0,0.0,1.0,1.0,0.173048126,0.1716024971,0.02603673935,0.02417701483
2160,1.0,0.0,0.0,0.0,1.0,1.0,0.1481991258,0.1427772406,0.02174973488,0.01962780952
2161,1.0,0.0,0.0,0.0,1.0,1.0,0.1566289863,0.1143940942,0.02247089148,0.01524811983
2162,1.0,0.0,0.0,0.0,1.0,1.0,0.1696812848,0.1279283915,0.02427226305,0.01707059145
2163,1.0,0.0,0.0,0.0,1.0,1.0,0.1763719866,0.1289604813,0.02526503801,0.01738673449
2164,1.0,0.0,0.0,0.0,1.0,1.0,0.1774713731,0.1264352456,0.02559638023,0.01697438955
2165,1.0,0.0,0.0,0.0,1.0,1.0,0.1659518607,0.1274185383,0.02386713028,0.01716285944
2166,1.0,0.0,0.0,0.0,1.0,1.0,0.1721883156,0.1299273525,0.02457094193,0.0173599124
2167,1.0,0.0,0.0,0.0,1.0,1.0,0.1650283165,0.1274189302,0.02394896746,0.01722174883
2168,1.0,0.0,0.0,0.0,1.0,1.0,0.1656430354,0.1214461519,0.02387982607,0.01636707783
2169,1.0,0.0,0.0,0.0,1.0,1.0,0.1579998797,0.1268825157,0.02294611931,0.01734304428
2170,1.0,0.0,0.0,0.0,1.0,1.0,0.1638129958,0.1318159451,0.02405130863,0.01810598373
2171,1.0,0.0,0.0,0.0,1.0,1.0,0.1554687288,0.1274188805,0.02240413427,0.01706981659
2172,1.0,0.0,0.0,0.0,1.0,1.0,0.160131439,0.1224612627,0.0233823657,0.01666331291
2173,1.0,0.0,0.0,0.0,1.0,1.0,0.1561630214,0.1200120207,0.02288621664,0.01642423868
2174,1.0,0.0,0.0,0.0,1.0,1.0,0.1585831052,0.1204860201,0.02325022221,0.01649141312
2175,1.0,0.0,0.0,0.0,1.0,1.0,0.1551815597,0.1174642205,0.02245855331,0.01577442884
2176,1.0,0.0,0.0,0.0,1.0,1.0,0.1539030019,0.1134822727,0.02224987745,0.01528000832
2177,1.0,0.0,0.0,0.0,1.0,1.0,0.1398852527,0.1110490256,0.02035272121,0.01499670744
2178,1.0,0.0,0.0,0.0,1.0,1.0,0.1524881527,0.1145605696,0.02237522602,0.01563572884
2179,1.0,0.0,0.0,0.0,1.0,1.0,0.1588758641,0.128896392,0.0229588151,0.01735264063
2180,1.0,0.0,0.0,0.0,1.0,1.0,0.163511651,0.123460456,0.02373677492,0.01680243015
2181,1.0,0.0,0.0,0.0,1.0,1.0,0.1520488113,0.1154735951,0.02160274982,0.01528000832
2182,1.0,0.0,0.0,0.0,1.0,1.0,0.1715460443,0.1344633788,0.02450448275,0.01784569025
2183,1.0,0.0,0.0,0.0,1.0,1.0,0.1721884604,0.1375751012,0.02467548847,0.01823842525
2184,1.0,0.0,0.0,0.0,1.0,1.0,0.1560467796,0.129927443,0.02250099182,0.01741147041
2185,1.0,0.0,0.0,0.0,1.0,1.0,0.170317045,0.1269449248,0.02457392216,0.01701265574
2186,1.0,0.0,0.0,0.0,1.0,1.0,0.1628719374,0.1314006667,0.02365350723,0.01774013042
2187,1.0,0.0,0.0,0.0,1.0,1.0,0.1579045759,0.1324561085,0.02268105745,0.01761114597
2188,1.0,0.0,0.0,0.0,1.0,1.0,0.1647022917,0.1259459126,0.02348047495,0.01654303074
2189,1.0,0.0,0.0,0.0,1.0,1.0,0.1604270012,0.1348454381,0.023211658,0.01814246178
2190,1.0,0.0,0.0,0.0,1.0,1.0,0.1594655501,0.1333916033,0.0228266716,0.01778358221
2191,1.0,0.0,0.0,0.0,1.0,1.0,0.1503746084,0.1288962027,0.02191567421,0.01737219095
2192,1.0,0.0,0.0,0.0,1.0,1.0,0.1377258352,0.1150149028,0.01974064112,0.0154723525
2193,1.0,0.0,0.0,0.0,1.0,1.0,0.1228671417,0.1302773797,0.01797646284,0.01797646284
2194,1.0,0.0,0.0,0.0,1.0,1.0,0.1853509771,0.1820691595,0.02763128281,0.02546417713
2195,1.0,0.0,0.0,0.0,1.0,1.0,0.2057672827,0.2257998311,0.03274959326,0.0335752368
2196,1.0,0.0,0.0,0.0,1.0,1.0,0.2243644869,0.2507760179,0.03720551729,0.03861486912
2197,1.0,0.0,0.0,0.0,1.0,1.0,0.243561329,0.2672501765,0.04005914927,0.0403354764
2198,1.0,0.0,0.0,0.0,1.0,1.0,0.2418816763,0.2626269703,0.04021930695,0.04021930695
2199,1.0,0.0,0.0,0.0,1.0,1.0,0.24101203,0.2663952372,0.03876537085,0.03930753469
2200,1.0,0.0,0.0,0.0,1.0,1.0,0.2486089435,0.2780265836,0.03997755051,0.04105079174
2201,1.0,0.0,0.0,0.0,1.0,1.0,0.2540109386,0.273228556,0.04083555937,0.04056864977
2202,1.0,0.0,0.0,0.0,1.0,1.0,0.2602886825,0.2840137897,0.04056590796,0.04108595848
2203,1.0,0.0,0.0,0.0,1.0,1.0,0.2448632802,0.2688031115,0.03864175081,0.03916752338
2204,1.0,0.0,0.0,0.0,1.0,1.0,0.2511079556,0.2778230448,0.03987473249,0.04066687822
2205,1.0,0.0,0.0,0.0,1.0,1.0,0.2465511553,0.2688031337,0.03938859701,0.03938859701
2206,1.0,0.0,0.0,0.0,1.0,1.0,0.2436449525,0.2697769094,0.03890603781,0.03943538666
2207,1.0,0.0,0.0,0.0,1.0,1.0,0.2370153409,0.2597825131,0.03757804632,0.0378407836
2208,1.0,0.0,0.0,0.0,1.0,1.0,0.2449290501,0.2714313029,0.03899222612,0.03951561451
2209,1.0,0.0,0.0,0.0,1.0,1.0,0.2515151518,0.2776228356,0.04008889198,0.04088014364
2210,1.0,0.0,0.0,0.0,1.0,1.0,0.2544336297,0.2832350888,0.04042762518,0.04148453474
2211,1.0,0.0,0.0,0.0,1.0,1.0,0.2371001043,0.268803146,0.03795790672,0.03927588463
2212,1.0,0.0,0.0,0.0,1.0,1.0,0.2453328086,0.2750265583,0.03931212425,0.04036748409
2213,1.0,0.0,0.0,0.0,1.0,1.0,0.2399320553,0.2669987553,0.03806757927,0.03885519505
2214,1.0,0.0,0.0,0.0,1.0,1.0,0.2375721902,0.264138249,0.03773635626,0.0385171175
2215,1.0,0.0,0.0,0.0,1.0,1.0,0.2326569169,0.2615025521,0.03762471676,0.03868454695
2216,1.0,0.0,0.0,0.0,1.0,1.0,0.2302634646,0.2596414189,0.03672468662,0.03802698851
2217,1.0,0.0,0.0,0.0,1.0,1.0,0.2318967135,0.2641381436,0.03700745106,0.03857111931
2218,1.0,0.0,0.0,0.0,1.0,1.0,0.2322761978,0.2641383401,0.03692865372,0.03848904371
2219,1.0,0.0,0.0,0.0,1.0,1.0,0.2315185966,0.2604928595,0.03723728657,0.03854840994
2220,1.0,0.0,0.0,0.0,1.0,1.0,0.2371834902,0.2722494414,0.03780072927,0.03962558508
2221,1.0,0.0,0.0,0.0,1.0,1.0,0.2306401417,0.2615027171,0.03699439764,0.03830629587
2222,1.0,0.0,0.0,0.0,1.0,1.0,0.2380398943,0.272089861,0.03819555044,0.04002684355
2223,1.0,0.0,0.0,0.0,1.0,1.0,0.2409078179,0.2766312785,0.03841483593,0.04023176432
2224,1.0,0.0,0.0,0.0,1.0,1.0,0.2429313872,0.2784160054,0.03870916367,0.04052770138
2225,1.0,0.0,0.0,0.0,1.0,1.0,0.2453621928,0.2802005717,0.03894728422,0.04076480865
2226,1.0,0.0,0.0,0.0,1.0,1.0,0.2355477789,0.2659229278,0.03744155169,0.03874158859
2227,1.0,0.0,0.0,0.0,1.0,1.0,0.236709875,0.2730619222,0.03761816025,0.03996932507
2228,1.0,0.0,0.0,0.0,1.0,1.0,0.2301346314,0.2624435561,0.03648090363,0.03804439306
2229,1.0,0.0,0.0,0.0,1.0,1.0,0.2252032902,0.2606457672,0.03569722176,0.03778171539
2230,1.0,0.0,0.0,0.0,1.0,1.0,0.2272206639,0.2606457146,0.03647774458,0.03832805157
2231,1.0,0.0,0.0,0.0,1.0,1.0,0.2420394599,0.2776226649,0.03835654259,0.04044395685
2232,1.0,0.0,0.0,0.0,1.0,1.0,0.2211880329,0.2543381425,0.03537708521,0.03721141815
2233,1.0,0.0,0.0,0.0,1.0,1.0,0.2272208576,0.2570505884,0.03640335798,0.03772228956
2234,1.0,0.0,0.0,0.0,1.0,1.0,0.2065514247,0.235270359,0.0325729847,0.03388643265
2235,1.0,0.0,0.0,0.0,1.0,1.0,0.1059737687,0.1254276352,0.01527810097,0.0165951252
2236,1.0,0.0,0.0,0.0,1.0,1.0,0.1155316211,0.1393643174,0.01666492224,0.01851660013
2237,1.0,0.0,0.0,0.0,1.0,1.0,0.1061676243,0.1333916592,0.01547437906,0.01787561178
2238,1.0,0.0,0.0,0.0,1.0,1.0,0.1159571544,0.130449148,0.01674163342,0.01727312803
2239,1.0,0.0,0.0,0.0,1.0,1.0,0.1224177852,0.1254280413,0.01773655415,0.01667767763
2240,1.0,0.0,0.0,0.0,1.0,1.0,0.1183307644,0.1204859722,0.01725643873,0.01619452238
2241,1.0,0.0,0.0,0.0,1.0,1.0,0.1066308789,0.1156212979,0.01573008299,0.01573008299
2242,1.0,0.0,0.0,0.0,1.0,1.0,0.1066312724,0.117581373,0.01581168175,0.01607966423
2243,1.0,0.0,0.0,0.0,1.0,1.0,0.1264890609,0.1317092101,0.01875674725,0.01796418428
2244,1.0,0.0,0.0,0.0,1.0,1.0,0.1374892611,0.1482060964,0.0210596323,0.0210596323
2245,1.0,0.0,0.0,0.0,1.0,1.0,0.1520129568,0.1634068781,0.02318590879,0.02291941643
2246,1.0,0.0,0.0,0.0,1.0,1.0,0.1553537221,0.1678307236,0.02390241623,0.02363681793
2247,1.0,0.0,0.0,0.0,1.0,1.0,0.1532245766,0.1665737181,0.02325069904,0.02325069904
2248,1.0,0.0,0.0,0.0,1.0,1.0,0.1251640676,0.1340717769,0.01777499914,0.01750969887
2249,1.0,0.0,0.0,0.0,1.0,1.0,0.1348600135,0.1294098636,0.01940613985,0.01727944613
2250,1.0,0.0,0.0,0.0,1.0,1.0,0.167803141,0.1598300524,0.02446466684,0.02123856544
2251,1.0,0.0,0.0,0.0,1.0,1.0,0.1469766784,0.1465046776,0.02142810822,0.01955318451
2252,1.0,0.0,0.0,0.0,1.0,1.0,0.1522087684,0.1493189518,0.0221568346,0.02002120018
2253,1.0,0.0,0.0,0.0,1.0,1.0,0.1662623297,0.1468570372,0.02370864153,0.01918005943
2254,1.0,0.0,0.0,0.0,1.0,1.0,0.1513169706,0.1401653921,0.02177786827,0.01855152845
2255,1.0,0.0,0.0,0.0,1.0,1.0,0.1839581451,0.1843236391,0.02619290352,0.02430272102
2256,1.0,0.0,0.0,0.0,1.0,1.0,0.1829167627,0.1672532208,0.02605950832,0.02202963829
2257,1.0,0.0,0.0,0.0,1.0,1.0,0.176593247,0.1665735818,0.0251685977,0.02168780565
2258,1.0,0.0,0.0,0.0,1.0,1.0,0.1753737381,0.1879116716,0.02526092529,0.02471768856
2259,1.0,0.0,0.0,0.0,1.0,1.0,0.1706362163,0.1761312858,0.02468556166,0.02332925797
2260,1.0,0.0,0.0,0.0,1.0,1.0,0.1675042729,0.1843232736,0.02450197935,0.02450197935
2261,1.0,0.0,0.0,0.0,1.0,1.0,0.1844543276,0.2088996927,0.02680659294,0.02790075541
2262,1.0,0.0,0.0,0.0,1.0,1.0,0.149916423,0.1909505294,0.02365249395,0.02744859457
2263,1.0,0.0,0.0,0.0,1.0,1.0,0.1181158753,0.1606245803,0.01872718334,0.02333694696
2264,1.0,0.0,0.0,0.0,1.0,1.0,0.1454667535,0.1892884406,0.02409601212,0.02834826708
2265,1.0,0.0,0.0,0.0,1.0,1.0,0.2042048425,0.2443489002,0.03464204073,0.0374584794
2266,1.0,0.0,0.0,0.0,1.0,1.0,0.2100632804,0.2462128085,0.03535485268,0.03728830814
2267,1.0,0.0,0.0,0.0,1.0,1.0,0.2237313953,0.2571025624,0.0376983881,0.03907418251
2268,1.0,0.0,0.0,0.0,1.0,1.0,0.2380400106,0.2660382648,0.03995501995,0.0405023098
2269,1.0,0.0,0.0,0.0,1.0,1.0,0.2554840264,0.284538672,0.04329115152,0.04356348515
2270,1.0,0.0,0.0,0.0,1.0,1.0,0.2510675044,0.2799857218,0.04251366854,0.04305875301
2271,1.0,0.0,0.0,0.0,1.0,1.0,0.2474346791,0.2802008611,0.04176604748,0.04285800457
2272,1.0,0.0,0.0,0.0,1.0,1.0,0.2570910777,0.2863167033,0.04372149706,0.04399472475
2273,1.0,0.0,0.0,0.0,1.0,1.0,0.257091215,0.2891242062,0.04385262728,0.04440075159
2274,1.0,0.0,0.0,0.0,1.0,1.0,0.2546965827,0.2873396043,0.04303538799,0.04385250807
2275,1.0,0.0,0.0,0.0,1.0,1.0,0.2595328401,0.2909086571,0.0437823534,0.04432612658
2276,1.0,0.0,0.0,0.0,1.0,1.0,0.2651251814,0.2980478338,0.04515010118,0.04569739103
2277,1.0,0.0,0.0,0.0,1.0,1.0,0.2699457944,0.2966538256,0.0455416441,0.04554158449
2278,1.0,0.0,0.0,0.0,1.0,1.0,0.2587554333,0.2909091898,0.04382562637,0.04464733601
2279,1.0,0.0,0.0,0.0,1.0,1.0,0.2677077361,0.2998326645,0.04497802258,0.0457957983
2280,1.0,0.0,0.0,0.0,1.0,1.0,0.2648929927,0.2991158481,0.0440222621,0.04510247707
2281,1.0,0.0,0.0,0.0,1.0,1.0,0.2816016601,0.3165495077,0.0461370945,0.04747056961
2282,1.0,0.0,0.0,0.0,1.0,1.0,0.2776228668,0.3141102903,0.0440069437,0.04556012154
2283,1.0,0.0,0.0,0.0,1.0,1.0,0.275256269,0.3116538778,0.0439286828,0.04549753666
2284,1.0,0.0,0.0,0.0,1.0,1.0,0.2678244357,0.3023222482,0.04257160425,0.04412907362
2285,1.0,0.0,0.0,0.0,1.0,1.0,0.266517766,0.3037171615,0.04258215427,0.04465931654
2286,1.0,0.0,0.0,0.0,1.0,1.0,0.2668410588,0.3008883148,0.04217195511,0.04370552301
2287,1.0,0.0,0.0,0.0,1.0,1.0,0.2608658029,0.2994780778,0.04150754213,0.04384231567
2288,1.0,0.0,0.0,0.0,1.0,1.0,0.2632678848,0.3001857538,0.04180151224,0.0438657403
2289,1.0,0.0,0.0,0.0,1.0,1.0,0.2607940707,0.2973691401,0.04214739799,0.0442417264
2290,1.0,0.0,0.0,0.0,1.0,1.0,0.2555208276,0.2913565378,0.04062026739,0.04241985083
2291,1.0,0.0,0.0,0.0,1.0,1.0,0.2583370487,0.2948884133,0.04191023111,0.0437438488
2292,1.0,0.0,0.0,0.0,1.0,1.0,0.2539033027,0.2878247845,0.04068666697,0.04224157333
2293,1.0,0.0,0.0,0.0,1.0,1.0,0.262414306,0.3001854571,0.04211658239,0.04419636726
2294,1.0,0.0,0.0,0.0,1.0,1.0,0.26522376,0.3005440346,0.04298061132,0.04429107904
2295,1.0,0.0,0.0,0.0,1.0,1.0,0.2571854305,0.2937428848,0.04102754593,0.04258555174
2296,1.0,0.0,0.0,0.0,1.0,1.0,0.2567669675,0.2901605142,0.04128950834,0.0423348546
2297,1.0,0.0,0.0,0.0,1.0,1.0,0.2567671828,0.291951764,0.04171156883,0.0430315733
2298,1.0,0.0,0.0,0.0,1.0,1.0,0.2527133719,0.2876091762,0.0407320261,0.04204601049
2299,1.0,0.0,0.0,0.0,1.0,1.0,0.2543734684,0.2847872295,0.04036563635,0.04140734673
2300,1.0,0.0,0.0,0.0,1.0,1.0,0.2596587348,0.2926934226,0.04205620289,0.04337871075
2301,1.0,0.0,0.0,0.0,1.0,1.0,0.2604409352,0.2969871292,0.04200565815,0.04384338856
2302,1.0,0.0,0.0,0.0,1.0,1.0,0.2494530168,0.2847871304,0.04016774893,0.04174292088
2303,1.0,0.0,0.0,0.0,1.0,1.0,0.244163565,0.2758318193,0.03957641125,0.04063177109
2304,1.0,0.0,0.0,0.0,1.0,1.0,0.2518917258,0.2855550237,0.04116082191,0.04248863459
2305,1.0,0.0,0.0,0.0,1.0,1.0,0.2547279705,0.2880954861,0.04185217619,0.04318505526
2306,1.0,0.0,0.0,0.0,1.0,1.0,0.2392103556,0.2770195989,0.03823816776,0.04007160664
2307,1.0,0.0,0.0,0.0,1.0,1.0,0.2490412578,0.2804186885,0.03955662251,0.04059755802
2308,1.0,0.0,0.0,0.0,1.0,1.0,0.2416953508,0.2768240379,0.03859883547,0.04016363621
2309,1.0,0.0,0.0,0.0,1.0,1.0,0.2461676995,0.2796272487,0.03969359398,0.04101675749
2310,1.0,0.0,0.0,0.0,1.0,1.0,0.2432853625,0.2770192377,0.03891789913,0.04023265839
2311,1.0,0.0,0.0,0.0,1.0,1.0,0.2523020439,0.2847872655,0.04084151983,0.04189550877
2312,1.0,0.0,0.0,0.0,1.0,1.0,0.2514933688,0.2858116698,0.04030060768,0.04160910845
2313,1.0,0.0,0.0,0.0,1.0,1.0,0.2424874195,0.2752089774,0.0383580327,0.03939479589
2314,1.0,0.0,0.0,0.0,1.0,1.0,0.2441259295,0.2760190912,0.03904104233,0.0400891304
2315,1.0,0.0,0.0,0.0,1.0,1.0,0.2535168068,0.2855548328,0.04084151983,0.04188877344
2316,1.0,0.0,0.0,0.0,1.0,1.0,0.2551420101,0.2873397925,0.04086899757,0.04191029072
2317,1.0,0.0,0.0,0.0,1.0,1.0,0.2494529386,0.2794137335,0.04001760483,0.04080224037
2318,1.0,0.0,0.0,0.0,1.0,1.0,0.2429309398,0.2758319765,0.03939014673,0.04071205854
2319,1.0,0.0,0.0,0.0,1.0,1.0,0.2437262773,0.2778234502,0.0392896533,0.04060816765
2320,1.0,0.0,0.0,0.0,1.0,1.0,0.2445615023,0.2786217227,0.03918349743,0.04048967361
2321,1.0,0.0,0.0,0.0,1.0,1.0,0.2392108136,0.2752089774,0.03828644753,0.03985989094
2322,1.0,0.0,0.0,0.0,1.0,1.0,0.2555950889,0.2886472539,0.04094469547,0.04199451208
2323,1.0,0.0,0.0,0.0,1.0,1.0,0.2506746283,0.2794138982,0.04023104906,0.04075348377
2324,1.0,0.0,0.0,0.0,1.0,1.0,0.2425355487,0.2768237116,0.0393845439,0.04070615768
2325,1.0,0.0,0.0,0.0,1.0,1.0,0.2445616628,0.2786214557,0.03932607174,0.04063695669
2326,1.0,0.0,0.0,0.0,1.0,1.0,0.2604408209,0.29732511,0.04219436646,0.04377669096
2327,1.0,0.0,0.0,0.0,1.0,1.0,0.2584481222,0.2930018602,0.04162532091,0.04294258356
2328,1.0,0.0,0.0,0.0,1.0,1.0,0.2490465752,0.2840137758,0.04058283567,0.04190903902
2329,1.0,0.0,0.0,0.0,1.0,1.0,0.2437261699,0.2796272397,0.03906869888,0.04064196348
2330,1.0,0.0,0.0,0.0,1.0,1.0,0.2421413435,0.2768239149,0.03958171606,0.04090994596
2331,1.0,0.0,0.0,0.0,1.0,1.0,0.2518915192,0.2865781991,0.04043453932,0.04173892736
2332,1.0,0.0,0.0,0.0,1.0,1.0,0.2498605779,0.2812046961,0.04049754143,0.0412864089
2333,1.0,0.0,0.0,0.0,1.0,1.0,0.2539298175,0.2855544914,0.0406652689,0.04170793295
2334,1.0,0.0,0.0,0.0,1.0,1.0,0.2486494796,0.2819853191,0.04078090191,0.04184013605
2335,1.0,0.0,0.0,0.0,1.0,1.0,0.2567672854,0.2883694956,0.04129016399,0.04207414389
2336,1.0,0.0,0.0,0.0,1.0,1.0,0.2486416626,0.2802005316,0.0400198698,0.04106611013
2337,1.0,0.0,0.0,0.0,1.0,1.0,0.2551423004,0.2827602922,0.04085379839,0.04137420654
2338,1.0,0.0,0.0,0.0,1.0,1.0,0.2514830946,0.2819851886,0.04061287642,0.04139888287
2339,1.0,0.0,0.0,0.0,1.0,1.0,0.2417483672,0.2730616213,0.03917491436,0.04022651911
2340,1.0,0.0,0.0,0.0,1.0,1.0,0.2551079501,0.2909091205,0.04129546881,0.04260230064
2341,1.0,0.0,0.0,0.0,1.0,1.0,0.2547277662,0.2855548443,0.04091179371,0.04169356823
2342,1.0,0.0,0.0,0.0,1.0,1.0,0.2466568416,0.2835297823,0.04028207064,0.04185158014
2343,1.0,0.0,0.0,0.0,1.0,1.0,0.2531054078,0.2940592791,0.04099595547,0.04283547401
2344,1.0,0.0,0.0,0.0,1.0,1.0,0.2351628153,0.2753934624,0.03759557009,0.0394231081
2345,1.0,0.0,0.0,0.0,1.0,1.0,0.1776785638,0.2269723477,0.02808070183,0.03213077784
2346,1.0,0.0,0.0,0.0,1.0,1.0,0.1722523907,0.1764970034,0.02432370186,0.02218532562
2347,1.0,0.0,0.0,0.0,1.0,1.0,0.2104088691,0.2311209838,0.03024214506,0.02997213602
2348,1.0,0.0,0.0,0.0,1.0,1.0,0.1901922054,0.207702699,0.0270345211,0.02676945925
2349,1.0,0.0,0.0,0.0,1.0,1.0,0.1912627621,0.220710008,0.027354002,0.02842670679
2350,1.0,0.0,0.0,0.0,1.0,1.0,0.2151178369,0.2372626896,0.03052926064,0.03052932024
2351,1.0,0.0,0.0,0.0,1.0,1.0,0.2002699507,0.2132704924,0.02833127975,0.02752184868
2352,1.0,0.0,0.0,0.0,1.0,1.0,0.2056544272,0.2120662324,0.02939736843,0.02774888277
2353,1.0,0.0,0.0,0.0,1.0,1.0,0.2201499815,0.2380645973,0.03158670664,0.03102767467
2354,1.0,0.0,0.0,0.0,1.0,1.0,0.2359794217,0.2269471774,0.03251188993,0.02841371298
2355,1.0,0.0,0.0,0.0,1.0,1.0,0.2346869251,0.2245442992,0.03154563904,0.02773839235
2356,1.0,0.0,0.0,0.0,1.0,1.0,0.2326637215,0.2110888498,0.03256481886,0.02775084972
2357,1.0,0.0,0.0,0.0,1.0,1.0,0.2452991907,0.2042335589,0.03375035524,0.02621924877
2358,1.0,0.0,0.0,0.0,1.0,1.0,0.2879748777,0.2330537762,0.03931647539,0.0300655365
2359,1.0,0.0,0.0,0.0,1.0,1.0,0.2323805185,0.181716628,0.03289502859,0.02445292473
2360,1.0,0.0,0.0,0.0,1.0,1.0,0.1986722372,0.1297147206,0.03134977818,0.01951360703
2361,1.0,0.0,0.0,0.0,1.0,1.0,0.1806457131,0.1418962898,0.03033673763,0.02275258303
2362,1.0,0.0,0.0,0.0,1.0,1.0,0.1750991205,0.1108253983,0.0317465663,0.01961869001
2363,1.0,0.0,0.0,0.0,1.0,1.0,0.1481386249,0.1331224952,0.02664786577,0.0230948329
2364,1.0,0.0,0.0,0.0,1.0,1.0,0.1754442903,0.1747994017,0.03183448315,0.03040373325
2365,1.0,0.0,0.0,0.0,1.0,1.0,0.1991510115,0.200660135,0.0381526351,0.03673952818
2366,1.0,0.0,0.0,0.0,1.0,1.0,0.2049216596,0.2017741466,0.03795623779,0.03562557697
2367,1.0,0.0,0.0,0.0,1.0,1.0,0.2078406889,0.2077492237,0.03829598427,0.03696393967
2368,1.0,0.0,0.0,0.0,1.0,1.0,0.2112029263,0.204166139,0.03813147545,0.03574824333
2369,1.0,0.0,0.0,0.0,1.0,1.0,0.2243644561,0.2201836307,0.04297423363,0.04084330797
2370,1.0,0.0,0.0,0.0,1.0,1.0,0.2065267183,0.187634773,0.03690975904,0.03229606152
2371,1.0,0.0,0.0,0.0,1.0,1.0,0.2013527706,0.1885741612,0.03772127628,0.03429210186
2372,1.0,0.0,0.0,0.0,1.0,1.0,0.2079870134,0.1881081717,0.03740495443,0.03277075291
2373,1.0,0.0,0.0,0.0,1.0,1.0,0.1784034965,0.1573926091,0.02945119143,0.02533435822
2374,1.0,0.0,0.0,0.0,1.0,1.0,0.1857198089,0.1606946039,0.0317029357,0.02680045366
2375,1.0,0.0,0.0,0.0,1.0,1.0,0.1741449255,0.1458331185,0.02895224094,0.02360242605
2376,1.0,0.0,0.0,0.0,1.0,1.0,0.1740600147,0.1458329299,0.02838969231,0.02289491892
2377,1.0,0.0,0.0,0.0,1.0,1.0,0.1684883652,0.1450169816,0.02758061886,0.02319276333
2378,1.0,0.0,0.0,0.0,1.0,1.0,0.1741449138,0.15030644,0.02938383818,0.02459299564
2379,1.0,0.0,0.0,0.0,1.0,1.0,0.1743210003,0.1639403329,0.02823096514,0.02603530884
2380,1.0,0.0,0.0,0.0,1.0,1.0,0.1779309432,0.1704929063,0.03009265661,0.02785170078
2381,1.0,0.0,0.0,0.0,1.0,1.0,0.1784720536,0.1745058398,0.0298641324,0.02766358852
2382,1.0,0.0,0.0,0.0,1.0,1.0,0.1706363648,0.1652618464,0.02798932791,0.02583628893
2383,1.0,0.0,0.0,0.0,1.0,1.0,0.1690508564,0.1665736105,0.02859455347,0.02670913935
2384,1.0,0.0,0.0,0.0,1.0,1.0,0.1637502895,0.1665736829,0.02768456936,0.02672994137
2385,1.0,0.0,0.0,0.0,1.0,1.0,0.170316861,0.1750991567,0.02941256762,0.02876615524
2386,1.0,0.0,0.0,0.0,1.0,1.0,0.1605222298,0.1672455628,0.02651882172,0.02620315552
2387,1.0,0.0,0.0,0.0,1.0,1.0,0.159910631,0.1746012304,0.02534914017,0.02625447512
2388,1.0,0.0,0.0,0.0,1.0,1.0,0.1507863869,0.1515547407,0.02404391766,0.02281087637
2389,1.0,0.0,0.0,0.0,1.0,1.0,0.1597548765,0.1610672649,0.02477926016,0.02357053757
2390,1.0,0.0,0.0,0.0,1.0,1.0,0.1734729818,0.1645172213,0.02739661932,0.02490603924
2391,1.0,0.0,0.0,0.0,1.0,1.0,0.1801319747,0.1720351204,0.02840483189,0.02565598488
2392,1.0,0.0,0.0,0.0,1.0,1.0,0.1728657312,0.1741766799,0.02693253756,0.02600383759
2393,1.0,0.0,0.0,0.0,1.0,1.0,0.1649374486,0.1652138878,0.02567625046,0.024759233
2394,1.0,0.0,0.0,0.0,1.0,1.0,0.18787932,0.1767302411,0.02923882008,0.02622449398
2395,1.0,0.0,0.0,0.0,1.0,1.0,0.1987193672,0.1958089679,0.03096479177,0.02914333344
2396,1.0,0.0,0.0,0.0,1.0,1.0,0.1704927568,0.1693267959,0.02655684948,0.02503061295
2397,1.0,0.0,0.0,0.0,1.0,1.0,0.1818946372,0.1789125222,0.02785825729,0.02606093884
2398,1.0,0.0,0.0,0.0,1.0,1.0,0.1843629667,0.1884196771,0.02854055166,0.02763932943
2399,1.0,0.0,0.0,0.0,1.0,1.0,0.1836498675,0.1998882479,0.02856588364,0.02946794033
2400,1.0,0.0,0.0,0.0,1.0,1.0,0.1857201159,0.1990761394,0.03022319078,0.03053480387
2401,1.0,0.0,0.0,0.0,1.0,1.0,0.204866292,0.2234523951,0.03237497807,0.0332826972
2402,1.0,0.0,0.0,0.0,1.0,1.0,0.1862078618,0.2153267207,0.03064876795,0.03315067291
2403,1.0,0.0,0.0,0.0,1.0,1.0,0.1694959461,0.1974207284,0.026707232,0.0294700861
2404,1.0,0.0,0.0,0.0,1.0,1.0,0.1665736301,0.2037487963,0.0255497694,0.02960032225
2405,1.0,0.0,0.0,0.0,1.0,1.0,0.1798586708,0.2275321832,0.02685844898,0.03265738487
2406,1.0,0.0,0.0,0.0,1.0,1.0,0.1461635227,0.186088624,0.02280592918,0.02742874622
2407,1.0,0.0,0.0,0.0,1.0,1.0,0.149916324,0.1813335723,0.02345895767,0.02689963579
2408,1.0,0.0,0.0,0.0,1.0,1.0,0.1733135987,0.2132954888,0.02819186449,0.03289049864
2409,1.0,0.0,0.0,0.0,1.0,1.0,0.190733023,0.2265941686,0.03035283089,0.03399521112
2410,1.0,0.0,0.0,0.0,1.0,1.0,0.1965194264,0.2218760808,0.03324192762,0.03514146805
2411,1.0,0.0,0.0,0.0,1.0,1.0,0.2083709384,0.2341212471,0.0343619585,0.03618645668
2412,1.0,0.0,0.0,0.0,1.0,1.0,0.2119474226,0.2372214359,0.03539973497,0.03723073006
2413,1.0,0.0,0.0,0.0,1.0,1.0,0.2119474562,0.2274994214,0.03526228666,0.03556627035
2414,1.0,0.0,0.0,0.0,1.0,1.0,0.223318671,0.2518125537,0.03647649288,0.03856939077
2415,1.0,0.0,0.0,0.0,1.0,1.0,0.231063838,0.2557165829,0.03791671991,0.03942131996
2416,1.0,0.0,0.0,0.0,1.0,1.0,0.2328973911,0.2537340672,0.03775852919,0.03894776106
2417,1.0,0.0,0.0,0.0,1.0,1.0,0.2334465064,0.2653560499,0.03825962543,0.04094976187
2418,1.0,0.0,0.0,0.0,1.0,1.0,0.2338730996,0.2614819494,0.0392075181,0.04135167599
2419,1.0,0.0,0.0,0.0,1.0,1.0,0.2415007417,0.2625984903,0.03948837519,0.04070341587
2420,1.0,0.0,0.0,0.0,1.0,1.0,0.2296512123,0.2595450527,0.03780931234,0.04053157568
2421,1.0,0.0,0.0,0.0,1.0,1.0,0.239354387,0.2741659348,0.03922361135,0.04221779108
2422,1.0,0.0,0.0,0.0,1.0,1.0,0.2402331615,0.2731031598,0.04005563259,0.04311323166
2423,1.0,0.0,0.0,0.0,1.0,1.0,0.2377855406,0.2646739717,0.03895968199,0.04078584909
2424,1.0,0.0,0.0,0.0,1.0,1.0,0.2376030447,0.2588197786,0.03911310434,0.04035484791
2425,1.0,0.0,0.0,0.0,1.0,1.0,0.2341550486,0.2639655436,0.038805902,0.04132986069
2426,1.0,0.0,0.0,0.0,1.0,1.0,0.2352734797,0.263852691,0.03857141733,0.04073143005
2427,1.0,0.0,0.0,0.0,1.0,1.0,0.2296267543,0.2498601632,0.03792256117,0.03916591406
2428,1.0,0.0,0.0,0.0,1.0,1.0,0.2250150303,0.2538264007,0.03677505255,0.0392267108
2429,1.0,0.0,0.0,0.0,1.0,1.0,0.2231400468,0.2498603241,0.03793901205,0.04017066956
2430,1.0,0.0,0.0,0.0,1.0,1.0,0.2436733362,0.2598549494,0.03993755579,0.04056161642
2431,1.0,0.0,0.0,0.0,1.0,1.0,0.2358235239,0.2528230353,0.03832066059,0.03892886639
2432,1.0,0.0,0.0,0.0,1.0,1.0,0.2325156355,0.25779253,0.03964328766,0.04156148434
2433,1.0,0.0,0.0,0.0,1.0,1.0,0.2342736473,0.2548378951,0.03799235821,0.03921794891
2434,1.0,0.0,0.0,0.0,1.0,1.0,0.2347172634,0.254837806,0.03923934698,0.04050517082
2435,1.0,0.0,0.0,0.0,1.0,1.0,0.2307870581,0.2528707114,0.03914493322,0.04076248407
2436,1.0,0.0,0.0,0.0,1.0,1.0,0.234390612,0.2468975974,0.03889906406,0.03889906406
2437,1.0,0.0,0.0,0.0,1.0,1.0,0.2395664573,0.257730047,0.04031002522,0.04125481844
2438,1.0,0.0,0.0,0.0,1.0,1.0,0.2335145122,0.2469207703,0.03878366947,0.03909391165
2439,1.0,0.0,0.0,0.0,1.0,1.0,0.2345061589,0.2547593436,0.03974699974,0.04100871086
2440,1.0,0.0,0.0,0.0,1.0,1.0,0.2376949788,0.2518278132,0.03995323181,0.04026782513
2441,1.0,0.0,0.0,0.0,1.0,1.0,0.2376032021,0.2488649128,0.03980135918,0.03948545456
2442,1.0,0.0,0.0,0.0,1.0,1.0,0.2446452783,0.259775653,0.04103237391,0.04166853428
2443,1.0,0.0,0.0,0.0,1.0,1.0,0.2385883368,0.2537953695,0.03956025839,0.04018330574
2444,1.0,0.0,0.0,0.0,1.0,1.0,0.2465666208,0.2626990164,0.04083365202,0.041457057
2445,1.0,0.0,0.0,0.0,1.0,1.0,0.2343906244,0.2469210766,0.04075789452,0.04108399153
2446,1.0,0.0,0.0,0.0,1.0,1.0,0.2302084696,0.2389971461,0.03857272863,0.03794556856
2447,1.0,0.0,0.0,0.0,1.0,1.0,0.2405374213,0.2508402789,0.03924018145,0.03893595934
2448,1.0,0.0,0.0,0.0,1.0,1.0,0.2133423505,0.2196355142,0.03454107046,0.03391873837
2449,1.0,0.0,0.0,0.0,1.0,1.0,0.2082171438,0.2227672999,0.03371328115,0.03401976824
2450,1.0,0.0,0.0,0.0,1.0,1.0,0.2172698625,0.2247739816,0.03563904762,0.03470933437
2451,1.0,0.0,0.0,0.0,1.0,1.0,0.2250149957,0.2339964391,0.03691583872,0.03630059958
2452,1.0,0.0,0.0,0.0,1.0,1.0,0.217923615,0.2278727829,0.03571659327,0.03510075808
2453,1.0,0.0,0.0,0.0,1.0,1.0,0.2233599855,0.2348087242,0.0364716053,0.03616255522
2454,1.0,0.0,0.0,0.0,1.0,1.0,0.2162971547,0.2203492933,0.03589087725,0.0346532464
2455,1.0,0.0,0.0,0.0,1.0,1.0,0.223140062,0.232013127,0.03679925203,0.03618073463
2456,1.0,0.0,0.0,0.0,1.0,1.0,0.2109086945,0.219877212,0.03447842598,0.03416782618
2457,1.0,0.0,0.0,0.0,1.0,1.0,0.2206064184,0.2336092489,0.03619217873,0.03619211912
2458,1.0,0.0,0.0,0.0,1.0,1.0,0.2114205527,0.2275150089,0.03374308348,0.03435653448
2459,1.0,0.0,0.0,0.0,1.0,1.0,0.2218838258,0.2356409154,0.03490048647,0.03520399332
2460,1.0,0.0,0.0,0.0,1.0,1.0,0.2261790144,0.230640351,0.03541904688,0.03451091051
2461,1.0,0.0,0.0,0.0,1.0,1.0,0.2312283762,0.2368156362,0.03724217415,0.0363188386
2462,1.0,0.0,0.0,0.0,1.0,1.0,0.2294730337,0.2358682354,0.03768312931,0.03674888611
2463,1.0,0.0,0.0,0.0,1.0,1.0,0.2178514378,0.2150193862,0.03480750322,0.03297555447
2464,1.0,0.0,0.0,0.0,1.0,1.0,0.2160447152,0.2133195675,0.03553783894,0.03337466717
2465,1.0,0.0,0.0,0.0,1.0,1.0,0.2220979726,0.2116463799,0.03667485714,0.03356683254
2466,1.0,0.0,0.0,0.0,1.0,1.0,0.221467206,0.2192450525,0.03522187471,0.03341561556
2467,1.0,0.0,0.0,0.0,1.0,1.0,0.2309317951,0.226064173,0.03720998764,0.0347699523
2468,1.0,0.0,0.0,0.0,1.0,1.0,0.2269723211,0.2201150687,0.03658992052,0.03413009644
2469,1.0,0.0,0.0,0.0,1.0,1.0,0.2376031123,0.2332032313,0.03905785084,0.03688800335
2470,1.0,0.0,0.0,0.0,1.0,1.0,0.2350506193,0.2260640191,0.03840410709,0.03559398651
2471,1.0,0.0,0.0,0.0,1.0,1.0,0.2330105977,0.2207602766,0.03716033697,0.03378212452
2472,1.0,0.0,0.0,0.0,1.0,1.0,0.2310739525,0.2205801108,0.03921872377,0.03603023291
2473,1.0,0.0,0.0,0.0,1.0,1.0,0.2339517521,0.2236104094,0.03951323032,0.03635215759
2474,1.0,0.0,0.0,0.0,1.0,1.0,0.2348313453,0.2214450189,0.03931987286,0.03554517031
2475,1.0,0.0,0.0,0.0,1.0,1.0,0.2357172003,0.2212202816,0.03913301229,0.03506320715
2476,1.0,0.0,0.0,0.0,1.0,1.0,0.2306404531,0.2138807766,0.03755402565,0.03348571062
2477,1.0,0.0,0.0,0.0,1.0,1.0,0.2404672343,0.2273241541,0.0400545001,0.03629940748
2478,1.0,0.0,0.0,0.0,1.0,1.0,0.2294731554,0.2144472796,0.03703016043,0.03335779905
2479,1.0,0.0,0.0,0.0,1.0,1.0,0.2288800387,0.2155660078,0.03693193197,0.03385424614
2480,1.0,0.0,0.0,0.0,1.0,1.0,0.2300599899,0.2116464142,0.03793901205,0.03358536959
2481,1.0,0.0,0.0,0.0,1.0,1.0,0.2208290703,0.2144473585,0.03563296795,0.03348273039
2482,1.0,0.0,0.0,0.0,1.0,1.0,0.2319458038,0.2169332229,0.03756695986,0.03420734406
2483,1.0,0.0,0.0,0.0,1.0,1.0,0.2245938068,0.2236104417,0.03560757637,0.03412389755
2484,1.0,0.0,0.0,0.0,1.0,1.0,0.2297569363,0.2192450857,0.03687256575,0.03410708904
2485,1.0,0.0,0.0,0.0,1.0,1.0,0.2328797116,0.2138804891,0.03613626957,0.03222149611
2486,1.0,0.0,0.0,0.0,1.0,1.0,0.2291592004,0.2170102911,0.03521633148,0.03225696087
2487,1.0,0.0,0.0,0.0,1.0,1.0,0.2270576355,0.2150194498,0.03481078148,0.03213304281
2488,1.0,0.0,0.0,0.0,1.0,1.0,0.226109478,0.2144474475,0.03392744064,0.03107643127
2489,1.0,0.0,0.0,0.0,1.0,1.0,0.2238134478,0.2141661582,0.03483045101,0.03242832422
2490,1.0,0.0,0.0,0.0,1.0,1.0,0.2177773986,0.207055671,0.03301352262,0.03065538406
2491,1.0,0.0,0.0,0.0,1.0,1.0,0.2279429816,0.2161491322,0.03467148542,0.03230077028
2492,1.0,0.0,0.0,0.0,1.0,1.0,0.2270576024,0.2209923618,0.03448230028,0.03271400928
2493,1.0,0.0,0.0,0.0,1.0,1.0,0.227233665,0.2231954663,0.03391677141,0.03247958422
2494,1.0,0.0,0.0,0.0,1.0,1.0,0.2210305225,0.2093690636,0.03342592716,0.03080993891
2495,1.0,0.0,0.0,0.0,1.0,1.0,0.2110148806,0.2090465732,0.03180837631,0.03036248684
2496,1.0,0.0,0.0,0.0,1.0,1.0,0.2212506536,0.2105121635,0.03338849545,0.03079795837
2497,1.0,0.0,0.0,0.0,1.0,1.0,0.2197627073,0.2116466473,0.03378212452,0.03172582388
2498,1.0,0.0,0.0,0.0,1.0,1.0,0.2291589989,0.212183141,0.03449511528,0.03101664782
2499,1.0,0.0,0.0,0.0,1.0,1.0,0.2201835494,0.2038079463,0.03433656693,0.03105223179
2500,1.0,0.0,0.0,0.0,1.0,1.0,0.2176047159,0.2161493529,0.03305673599,0.03188663721
2501,1.0,0.0,0.0,0.0,1.0,1.0,0.2193431934,0.2046098989,0.03439003229,0.03110051155
2502,1.0,0.0,0.0,0.0,1.0,1.0,0.21563929,0.2010598036,0.03463357687,0.03101968765
2503,1.0,0.0,0.0,0.0,1.0,1.0,0.225495672,0.2110378543,0.0346698761,0.03114414215
2504,1.0,0.0,0.0,0.0,1.0,1.0,0.2161978012,0.2105125606,0.03237891197,0.03039079905
2505,1.0,0.0,0.0,0.0,1.0,1.0,0.2396323193,0.2276952416,0.03341752291,0.03070062399
2506,1.0,0.0,0.0,0.0,1.0,1.0,0.2318392336,0.2211880096,0.03269612789,0.02967381477
2507,1.0,0.0,0.0,0.0,1.0,1.0,0.2388724381,0.2287879734,0.03591644764,0.03275579214
2508,1.0,0.0,0.0,0.0,1.0,1.0,0.2218907588,0.2114203522,0.03641408682,0.03366011381
2509,1.0,0.0,0.0,0.0,1.0,1.0,0.2212646509,0.206448135,0.03473949432,0.03150105476
2510,1.0,0.0,0.0,0.0,1.0,1.0,0.2251489787,0.2052087042,0.03568780422,0.03133565187
2511,1.0,0.0,0.0,0.0,1.0,1.0,0.2289223723,0.2048665328,0.03429585695,0.02983462811
2512,1.0,0.0,0.0,0.0,1.0,1.0,0.2319145687,0.2098062556,0.03474110365,0.03032952547
2513,1.0,0.0,0.0,0.0,1.0,1.0,0.2282336448,0.2063239696,0.03346395493,0.02941584587
2514,1.0,0.0,0.0,0.0,1.0,1.0,0.218457366,0.2017743483,0.03151923418,0.0281046629
2515,1.0,0.0,0.0,0.0,1.0,1.0,0.2222991344,0.2024890107,0.03268444538,0.02896422148
2516,1.0,0.0,0.0,0.0,1.0,1.0,0.2327221085,0.2109932064,0.03362935781,0.02971893549
2517,1.0,0.0,0.0,0.0,1.0,1.0,0.227631011,0.2139028018,0.03332132101,0.03019744158
2518,1.0,0.0,0.0,0.0,1.0,1.0,0.2184095485,0.2082171707,0.03238558769,0.0297947526
2519,1.0,0.0,0.0,0.0,1.0,1.0,0.2236512383,0.2097369493,0.03316456079,0.02979630232
2520,1.0,0.0,0.0,0.0,1.0,1.0,0.2176485508,0.2038575424,0.03226131201,0.02916425467
2521,1.0,0.0,0.0,0.0,1.0,1.0,0.2159073542,0.205661297,0.03233402967,0.02972644567
2522,1.0,0.0,0.0,0.0,1.0,1.0,0.2209292047,0.206844556,0.03281193972,0.02942663431
2523,1.0,0.0,0.0,0.0,1.0,1.0,0.2085791389,0.2035227376,0.03136503696,0.02927404642
2524,1.0,0.0,0.0,0.0,1.0,1.0,0.2134223997,0.2074655035,0.03208816051,0.03000116348
2525,1.0,0.0,0.0,0.0,1.0,1.0,0.2120555363,0.2107916682,0.03205943108,0.03048276901
2526,1.0,0.0,0.0,0.0,1.0,1.0,0.2199812988,0.2279746983,0.03324735165,0.03272372484
2527,1.0,0.0,0.0,0.0,1.0,1.0,0.215291329,0.2314884588,0.03247761726,0.03326976299
2528,1.0,0.0,0.0,0.0,1.0,1.0,0.2072656822,0.230354517,0.0310985446,0.03267979622
2529,1.0,0.0,0.0,0.0,1.0,1.0,0.2085041481,0.2407413109,0.03161555529,0.03448969126
2530,1.0,0.0,0.0,0.0,1.0,1.0,0.2094228281,0.2453503707,0.03180140257,0.03516256809
2531,1.0,0.0,0.0,0.0,1.0,1.0,0.2142858372,0.253404854,0.03339582682,0.03730940819
2532,1.0,0.0,0.0,0.0,1.0,1.0,0.2078708715,0.2551391297,0.03239321709,0.03757607937
2533,1.0,0.0,0.0,0.0,1.0,1.0,0.2084926449,0.2604183246,0.03271180391,0.0384234786
2534,1.0,0.0,0.0,0.0,1.0,1.0,0.1931693958,0.2516448941,0.02981758118,0.03655892611
2535,1.0,0.0,0.0,0.0,1.0,1.0,0.198542343,0.2543061577,0.03118574619,0.03779286146
2536,1.0,0.0,0.0,0.0,1.0,1.0,0.1978762301,0.2551764687,0.03130948544,0.03820812702
2537,1.0,0.0,0.0,0.0,1.0,1.0,0.1998883438,0.2587208349,0.03170204163,0.03857082129
2538,1.0,0.0,0.0,0.0,1.0,1.0,0.21862798,0.2595044404,0.03548544645,0.03948760033
2539,1.0,0.0,0.0,0.0,1.0,1.0,0.2104958729,0.2525090863,0.03403359652,0.03832131624
2540,1.0,0.0,0.0,0.0,1.0,1.0,0.2051833509,0.2472115757,0.0331864357,0.03746855259
2541,1.0,0.0,0.0,0.0,1.0,1.0,0.1788297645,0.2228970724,0.02897375822,0.03357708454
2542,1.0,0.0,0.0,0.0,1.0,1.0,0.08792205339,0.1948722318,0.01309478283,0.02699136734
2543,1.0,0.0,0.0,0.0,1.0,1.0,0.074824589,0.1832957279,0.0114248991,0.02584207058
2544,1.0,0.0,0.0,0.0,1.0,1.0,0.08212196877,0.1559281373,0.01281177998,0.02262508869
2545,1.0,0.0,0.0,0.0,1.0,1.0,0.1463828105,0.1959334755,0.02362143993,0.02959465981
2546,1.0,0.0,0.0,0.0,1.0,1.0,0.1598436723,0.2074653762,0.02577006817,0.03119528294
2547,1.0,0.0,0.0,0.0,1.0,1.0,0.1998884465,0.2348513413,0.03286337852,0.0361225605
2548,1.0,0.0,0.0,0.0,1.0,1.0,0.214401681,0.2437239219,0.03487384319,0.03728824854
2549,1.0,0.0,0.0,0.0,1.0,1.0,0.2111965857,0.2374559192,0.03360700607,0.03545933962
2550,1.0,0.0,0.0,0.0,1.0,1.0,0.2249966686,0.2533549451,0.03685939312,0.03872907162
2551,1.0,0.0,0.0,0.0,1.0,1.0,0.2149865517,0.2428714126,0.03480154276,0.03692686558
2552,1.0,0.0,0.0,0.0,1.0,1.0,0.215340036,0.2454769319,0.03450381756,0.03687435389
2553,1.0,0.0,0.0,0.0,1.0,1.0,0.2178486137,0.2436363593,0.0346686244,0.03625649214
2554,1.0,0.0,0.0,0.0,1.0,1.0,0.2226477887,0.2481007713,0.03602612019,0.03762727976
2555,1.0,0.0,0.0,0.0,1.0,1.0,0.2209986903,0.2472118359,0.03582566977,0.03742980957
2556,1.0,0.0,0.0,0.0,1.0,1.0,0.2306406174,0.2507313226,0.03706759214,0.0378562808
2557,1.0,0.0,0.0,0.0,1.0,1.0,0.2268471991,0.2481131741,0.03646683693,0.0375238061
2558,1.0,0.0,0.0,0.0,1.0,1.0,0.2351624726,0.2576959049,0.03774189949,0.03879034519
2559,1.0,0.0,0.0,0.0,1.0,1.0,0.2283491815,0.2533797435,0.03649973869,0.03808671236
2560,1.0,0.0,0.0,0.0,1.0,1.0,0.2341926744,0.2551389018,0.03751683235,0.03830939531
2561,1.0,0.0,0.0,0.0,1.0,1.0,0.2329280518,0.2577506739,0.03729951382,0.0388866663
2562,1.0,0.0,0.0,0.0,1.0,1.0,0.2300041806,0.2525091981,0.03689211607,0.0379537344
2563,1.0,0.0,0.0,0.0,1.0,1.0,0.2245001932,0.2498603249,0.03539890051,0.03697216511
2564,1.0,0.0,0.0,0.0,1.0,1.0,0.2353576011,0.2586585183,0.03716319799,0.03847181797
2565,1.0,0.0,0.0,0.0,1.0,1.0,0.227447926,0.2560843681,0.03590804338,0.03774267435
2566,1.0,0.0,0.0,0.0,1.0,1.0,0.2287276892,0.2542748126,0.03643673658,0.03802096844
2567,1.0,0.0,0.0,0.0,1.0,1.0,0.2284908698,0.2568989553,0.0365165472,0.03835552931
2568,1.0,0.0,0.0,0.0,1.0,1.0,0.2257874377,0.2542752433,0.03552675247,0.03761661053
2569,1.0,0.0,0.0,0.0,1.0,1.0,0.1003089889,0.1312010071,0.0145201087,0.01795214415
2570,1.0,0.0,0.0,0.0,1.0,1.0,0.1380444068,0.1652619809,0.02026116848,0.02269250154
2571,1.0,0.0,0.0,0.0,1.0,1.0,0.1274703727,0.1613275354,0.01840484142,0.02187246084
2572,1.0,0.0,0.0,0.0,1.0,1.0,0.09052902829,0.1485656502,0.01341408491,0.02065771818
2573,1.0,0.0,0.0,0.0,1.0,1.0,0.1312754427,0.163477437,0.01994967461,0.02340757847
2574,1.0,0.0,0.0,0.0,1.0,1.0,0.1530985624,0.1885391348,0.02370619774,0.02743524313
2575,1.0,0.0,0.0,0.0,1.0,1.0,0.1727848678,0.2092693648,0.02738690376,0.03114587069
2576,1.0,0.0,0.0,0.0,1.0,1.0,0.1857073162,0.2228970377,0.0290017724,0.03269284964
2577,1.0,0.0,0.0,0.0,1.0,1.0,0.1998884973,0.2436361079,0.03183120489,0.03634059429
2578,1.0,0.0,0.0,0.0,1.0,1.0,0.2154683661,0.2472116342,0.03449243307,0.03714567423
2579,1.0,0.0,0.0,0.0,1.0,1.0,0.2141661223,0.2445814873,0.03389960527,0.03652745485
2580,1.0,0.0,0.0,0.0,1.0,1.0,0.2118020681,0.237543519,0.03373944759,0.03558462858
2581,1.0,0.0,0.0,0.0,1.0,1.0,0.2198772255,0.2463166086,0.03472131491,0.03656262159
2582,1.0,0.0,0.0,0.0,1.0,1.0,0.2219126099,0.2445442771,0.03523790836,0.0365626812
2583,1.0,0.0,0.0,0.0,1.0,1.0,0.225413116,0.248983492,0.03572928905,0.03730553389
2584,1.0,0.0,0.0,0.0,1.0,1.0,0.2154682882,0.2410624951,0.03425770998,0.03610235453
2585,1.0,0.0,0.0,0.0,1.0,1.0,0.2281157583,0.2507309531,0.03646159172,0.03777313232
2586,1.0,0.0,0.0,0.0,1.0,1.0,0.2254129094,0.2507437785,0.03550207615,0.03706842661
2587,1.0,0.0,0.0,0.0,1.0,1.0,0.2198774869,0.2445061988,0.03510779142,0.03643757105
2588,1.0,0.0,0.0,0.0,1.0,1.0,0.22948948,0.2534043406,0.03645133972,0.03777194023
2589,1.0,0.0,0.0,0.0,1.0,1.0,0.23000402,0.2551770584,0.03671139479,0.0380319953
2590,1.0,0.0,0.0,0.0,1.0,1.0,0.228115565,0.2533797381,0.03698211908,0.03831243515
2591,1.0,0.0,0.0,0.0,1.0,1.0,0.223016142,0.24986048,0.03525942564,0.03682649136
2592,1.0,0.0,0.0,0.0,1.0,1.0,0.2248335555,0.2516200797,0.036039114,0.03761744499
2593,1.0,0.0,0.0,0.0,1.0,1.0,0.2248333089,0.2525279605,0.03629225492,0.03761678934
2594,1.0,0.0,0.0,0.0,1.0,1.0,0.2174867685,0.2507561825,0.03501057625,0.03741586208
2595,1.0,0.0,0.0,0.0,1.0,1.0,0.2241271464,0.257920396,0.03593325615,0.03832882643
2596,1.0,0.0,0.0,0.0,1.0,1.0,0.225946445,0.2596412693,0.03626143932,0.03864353895
2597,1.0,0.0,0.0,0.0,1.0,1.0,0.2255742773,0.261419948,0.03608322144,0.03871703148
2598,1.0,0.0,0.0,0.0,1.0,1.0,0.223385166,0.2596416751,0.03560960293,0.03851115704
2599,1.0,0.0,0.0,0.0,1.0,1.0,0.2242972199,0.2587840296,0.0362213254,0.03861832619
2600,1.0,0.0,0.0,0.0,1.0,1.0,0.2284909633,0.2631982952,0.03677660227,0.03915780783
2601,1.0,0.0,0.0,0.0,1.0,1.0,0.2346802352,0.266635578,0.0375033617,0.0396014452
2602,1.0,0.0,0.0,0.0,1.0,1.0,0.236321068,0.2674562418,0.0381963253,0.04031836987
2603,1.0,0.0,0.0,0.0,1.0,1.0,0.2308943447,0.2631984267,0.03695958853,0.03907155991
2604,1.0,0.0,0.0,0.0,1.0,1.0,0.2255740696,0.258720696,0.03628331423,0.03866690397
2605,1.0,0.0,0.0,0.0,1.0,1.0,0.225574342,0.2614198782,0.03640675545,0.03906416893
2606,1.0,0.0,0.0,0.0,1.0,1.0,0.2359339728,0.2701669427,0.03798192739,0.04035574198
2607,1.0,0.0,0.0,0.0,1.0,1.0,0.2235592856,0.2595722921,0.03582942486,0.03872740269
2608,1.0,0.0,0.0,0.0,1.0,1.0,0.2246680075,0.2622646544,0.0360185504,0.03919661045
2609,1.0,0.0,0.0,0.0,1.0,1.0,0.2387462875,0.2764412899,0.03845196962,0.04136902094
2610,1.0,0.0,0.0,0.0,1.0,1.0,0.233806686,0.2675810509,0.03747493029,0.03985011578
2611,1.0,0.0,0.0,0.0,1.0,1.0,0.2348687825,0.2694922312,0.03753107786,0.04019284248
2612,1.0,0.0,0.0,0.0,1.0,1.0,0.224330265,0.2624432771,0.03572326899,0.03892236948
2613,1.0,0.0,0.0,0.0,1.0,1.0,0.2278261538,0.2742151435,0.03636401892,0.04034548998
2614,1.0,0.0,0.0,0.0,1.0,1.0,0.2046234622,0.2498605048,0.03196561337,0.03619247675
2615,1.0,0.0,0.0,0.0,1.0,1.0,0.07007119182,0.1786153238,0.01012992859,0.02372550964
2616,1.0,0.0,0.0,0.0,1.0,1.0,0.06711288626,0.1797414077,0.009870171547,0.02427536249
2617,1.0,0.0,0.0,0.0,1.0,1.0,0.1090939133,0.1621235743,0.01664686203,0.02282238007
2618,1.0,0.0,0.0,0.0,1.0,1.0,0.1519015844,0.2032447569,0.02344274521,0.02903699875
2619,1.0,0.0,0.0,0.0,1.0,1.0,0.1821809846,0.236030817,0.02852231264,0.03412020206
2620,1.0,0.0,0.0,0.0,1.0,1.0,0.1821814026,0.2333257676,0.02828979492,0.03357756138
2621,1.0,0.0,0.0,0.0,1.0,1.0,0.191489576,0.2398661749,0.03031492233,0.03510153294
2622,1.0,0.0,0.0,0.0,1.0,1.0,0.2035592248,0.2516576547,0.0324369669,0.03722268343
2623,1.0,0.0,0.0,0.0,1.0,1.0,0.2209989502,0.2694923622,0.03496468067,0.03940045834
2624,1.0,0.0,0.0,0.0,1.0,1.0,0.2231922541,0.2677076997,0.0358415246,0.03953111172
2625,1.0,0.0,0.0,0.0,1.0,1.0,0.2321603606,0.2774252109,0.03699839115,0.04093438387
2626,1.0,0.0,0.0,0.0,1.0,1.0,0.2246680612,0.2722493934,0.03591495752,0.04014021158
2627,1.0,0.0,0.0,0.0,1.0,1.0,0.2249969264,0.2693531573,0.03629696369,0.03997921944
2628,1.0,0.0,0.0,0.0,1.0,1.0,0.2246303727,0.2693529096,0.03610891104,0.0397720933
2629,1.0,0.0,0.0,0.0,1.0,1.0,0.235163079,0.2744948645,0.0378600359,0.04101502895
2630,1.0,0.0,0.0,0.0,1.0,1.0,0.2355476479,0.2752848299,0.03793972731,0.04136484861
2631,1.0,0.0,0.0,0.0,1.0,1.0,0.237652419,0.2744947865,0.03830641508,0.04093015194
2632,1.0,0.0,0.0,0.0,1.0,1.0,0.2385029891,0.2760695068,0.0385248661,0.04140770435
2633,1.0,0.0,0.0,0.0,1.0,1.0,0.2441998623,0.2828280104,0.03936982155,0.04249858856
2634,1.0,0.0,0.0,0.0,1.0,1.0,0.242975998,0.2785898603,0.03944283724,0.04207235575
2635,1.0,0.0,0.0,0.0,1.0,1.0,0.2388909961,0.2768489811,0.03889226913,0.04206717014
2636,1.0,0.0,0.0,0.0,1.0,1.0,0.2551079888,0.2907784561,0.04187452793,0.04425978661
2637,1.0,0.0,0.0,0.0,1.0,1.0,0.2425356519,0.2813116883,0.03924977779,0.04241085052
2638,1.0,0.0,0.0,0.0,1.0,1.0,0.2531055037,0.2838137847,0.04115957022,0.04300647974
2639,1.0,0.0,0.0,0.0,1.0,1.0,0.2518788086,0.2828279915,0.0413967371,0.04325425625
2640,1.0,0.0,0.0,0.0,1.0,1.0,0.2478355169,0.2793578329,0.04079562426,0.04292875528
2641,1.0,0.0,0.0,0.0,1.0,1.0,0.2461920667,0.2780138978,0.03958666325,0.04142183065
2642,1.0,0.0,0.0,0.0,1.0,1.0,0.2441633212,0.282298323,0.03978478909,0.04270231724
2643,1.0,0.0,0.0,0.0,1.0,1.0,0.2351626207,0.2764411575,0.03836756945,0.0415648818
2644,1.0,0.0,0.0,0.0,1.0,1.0,0.2380397207,0.2782134724,0.03907096386,0.04201471806
2645,1.0,0.0,0.0,0.0,1.0,1.0,0.2388194697,0.2780137443,0.03879469633,0.0419832468
2646,1.0,0.0,0.0,0.0,1.0,1.0,0.2388189652,0.2789961389,0.03873127699,0.04191470146
2647,1.0,0.0,0.0,0.0,1.0,1.0,0.2421413014,0.2815330406,0.03948462009,0.04239958525
2648,1.0,0.0,0.0,0.0,1.0,1.0,0.2388190519,0.2807617112,0.03892940283,0.04239571095
2649,1.0,0.0,0.0,0.0,1.0,1.0,0.2413008452,0.2860593724,0.03947108984,0.043204844
2650,1.0,0.0,0.0,0.0,1.0,1.0,0.2433704105,0.2850520133,0.0401211381,0.04333084822
2651,1.0,0.0,0.0,0.0,1.0,1.0,0.2396706039,0.2825277919,0.03934061527,0.04281967878
2652,1.0,0.0,0.0,0.0,1.0,1.0,0.2442003441,0.2813115227,0.04057061672,0.04325741529
2653,1.0,0.0,0.0,0.0,1.0,1.0,0.2372660206,0.2815327597,0.03925776482,0.04302215576
2654,1.0,0.0,0.0,0.0,1.0,1.0,0.2425831217,0.2830587667,0.04001814127,0.04321956635
2655,1.0,0.0,0.0,0.0,1.0,1.0,0.2450245717,0.2840521072,0.0402520299,0.04290020466
2656,1.0,0.0,0.0,0.0,1.0,1.0,0.2378091746,0.2785901013,0.03874361515,0.04188501835
2657,1.0,0.0,0.0,0.0,1.0,1.0,0.2385765249,0.282298445,0.03910177946,0.04253637791
2658,1.0,0.0,0.0,0.0,1.0,1.0,0.238116598,0.283292789,0.03946429491,0.0432228446
2659,1.0,0.0,0.0,0.0,1.0,1.0,0.2318965889,0.2764414185,0.03803104162,0.04178059101
2660,1.0,0.0,0.0,0.0,1.0,1.0,0.2396703162,0.2850521168,0.03919184208,0.04319101572
2661,1.0,0.0,0.0,0.0,1.0,1.0,0.2482273648,0.2906180877,0.04000741243,0.04316592216
2662,1.0,0.0,0.0,0.0,1.0,1.0,0.245362188,0.2895910268,0.04005801678,0.04379677773
2663,1.0,0.0,0.0,0.0,1.0,1.0,0.246594151,0.2938501333,0.04017573595,0.04443281889
2664,1.0,0.0,0.0,0.0,1.0,1.0,0.2333135128,0.2837701999,0.03740823269,0.04218375683
2665,1.0,0.0,0.0,0.0,1.0,1.0,0.2335299269,0.2842934893,0.03777825832,0.04253351688
2666,1.0,0.0,0.0,0.0,1.0,1.0,0.2407899351,0.289873838,0.03910732269,0.04366087914
2667,1.0,0.0,0.0,0.0,1.0,1.0,0.2384289193,0.2903306907,0.03849220276,0.04350143671
2668,1.0,0.0,0.0,0.0,1.0,1.0,0.2412443061,0.2923899853,0.03922683001,0.04403018951
2669,1.0,0.0,0.0,0.0,1.0,1.0,0.2249963526,0.2797735648,0.0364921093,0.04204535484
2670,1.0,0.0,0.0,0.0,1.0,1.0,0.2290044595,0.2868116326,0.03666836023,0.04269248247
2671,1.0,0.0,0.0,0.0,1.0,1.0,0.2261031219,0.2853018205,0.03618174791,0.04221206903
2672,1.0,0.0,0.0,0.0,1.0,1.0,0.2200756144,0.2883696584,0.03507405519,0.04245811701
2673,1.0,0.0,0.0,0.0,1.0,1.0,0.2292449963,0.2944782255,0.03663671017,0.04348957539
2674,1.0,0.0,0.0,0.0,1.0,1.0,0.2128592172,0.2840138486,0.03337699175,0.04119974375
2675,1.0,0.0,0.0,0.0,1.0,1.0,0.223385376,0.2919515535,0.03544676304,0.04279863834
2676,1.0,0.0,0.0,0.0,1.0,1.0,0.2128593003,0.2865782157,0.03350347281,0.04187935591
2677,1.0,0.0,0.0,0.0,1.0,1.0,0.2427925917,0.3055849555,0.03823518753,0.04452049732
2678,1.0,0.0,0.0,0.0,1.0,1.0,0.2481835456,0.317341149,0.03891426325,0.04575055838
2679,1.0,0.0,0.0,0.0,1.0,1.0,0.2594866798,0.3161874463,0.04078137875,0.0457804203
2680,1.0,0.0,0.0,0.0,1.0,1.0,0.2540384242,0.3161871257,0.03946858644,0.04518121481
2681,1.0,0.0,0.0,0.0,1.0,1.0,0.2561384026,0.3180040225,0.03985416889,0.04558479786
2682,1.0,0.0,0.0,0.0,1.0,1.0,0.2607240031,0.319821299,0.04049491882,0.04568654299
2683,1.0,0.0,0.0,0.0,1.0,1.0,0.2536146891,0.3150415839,0.03943151236,0.0451387167
2684,1.0,0.0,0.0,0.0,1.0,1.0,0.2511161336,0.3118696837,0.03885132074,0.044290483
2685,1.0,0.0,0.0,0.0,1.0,1.0,0.2498602696,0.3130118579,0.03882271051,0.04455494881
2686,1.0,0.0,0.0,0.0,1.0,1.0,0.26362561,0.3204730427,0.0409206748,0.04584151506
2687,1.0,0.0,0.0,0.0,1.0,1.0,0.2581892983,0.3180041297,0.03981542587,0.04495286942
2688,1.0,0.0,0.0,0.0,1.0,1.0,0.2494504362,0.3152363093,0.03924316168,0.04543942213
2689,1.0,0.0,0.0,0.0,1.0,1.0,0.1287939578,0.2195744662,0.01939207315,0.02999311686
2690,1.0,0.0,0.0,0.0,1.0,1.0,0.05783402939,0.2110373623,0.008429050446,0.02792114019
2691,1.0,0.0,0.0,0.0,1.0,1.0,0.09053547146,0.1952035157,0.01335948706,0.02619510889
2692,1.0,0.0,0.0,0.0,1.0,1.0,0.1388586139,0.2141662761,0.02099722624,0.02955174446
2693,1.0,0.0,0.0,0.0,1.0,1.0,0.1696842749,0.2360306839,0.02591943741,0.03317695856
2694,1.0,0.0,0.0,0.0,1.0,1.0,0.2098826547,0.2679663525,0.03252404928,0.03820288181
2695,1.0,0.0,0.0,0.0,1.0,1.0,0.2208068538,0.2814312706,0.03459072113,0.04057258368
2696,1.0,0.0,0.0,0.0,1.0,1.0,0.2167660282,0.2686671109,0.03347587585,0.03833121061
2697,1.0,0.0,0.0,0.0,1.0,1.0,0.2160509516,0.2748465127,0.03326398134,0.03910422325
2698,1.0,0.0,0.0,0.0,1.0,1.0,0.2088389807,0.260568589,0.03218430281,0.0372928381
2699,1.0,0.0,0.0,0.0,1.0,1.0,0.2195496168,0.2746692772,0.03409099579,0.03943359852
2700,1.0,0.0,0.0,0.0,1.0,1.0,0.2206345559,0.271125072,0.03432482481,0.03919178247
2701,1.0,0.0,0.0,0.0,1.0,1.0,0.2359337703,0.2772305091,0.0369451046,0.04028046131
2702,1.0,0.0,0.0,0.0,1.0,1.0,0.2392106879,0.2825279179,0.03723984957,0.04081082344
2703,1.0,0.0,0.0,0.0,1.0,1.0,0.247808977,0.2885711613,0.03842514753,0.04173326492
2704,1.0,0.0,0.0,0.0,1.0,1.0,0.2555574891,0.2862983123,0.04004734755,0.04208797216
2705,1.0,0.0,0.0,0.0,1.0,1.0,0.258871868,0.2872962476,0.04017490149,0.04195481539
2706,1.0,0.0,0.0,0.0,1.0,1.0,0.2560145986,0.2845633215,0.03985440731,0.04189825058
2707,1.0,0.0,0.0,0.0,1.0,1.0,0.2490249306,0.2797734399,0.03820669651,0.04077088833
2708,1.0,0.0,0.0,0.0,1.0,1.0,0.2608713255,0.2845386348,0.03994297981,0.04149919748
2709,1.0,0.0,0.0,0.0,1.0,1.0,0.265609778,0.2873396392,0.04077297449,0.04207980633
2710,1.0,0.0,0.0,0.0,1.0,1.0,0.2650545249,0.2895907955,0.04075884819,0.0425761342
2711,1.0,0.0,0.0,0.0,1.0,1.0,0.2629224232,0.285051908,0.0406255126,0.04218798876
2712,1.0,0.0,0.0,0.0,1.0,1.0,0.2681016938,0.2895905609,0.04150146246,0.04307740927
2713,1.0,0.0,0.0,0.0,1.0,1.0,0.2639068888,0.2832924948,0.04014456272,0.04169857502
2714,1.0,0.0,0.0,0.0,1.0,1.0,0.266857833,0.286059396,0.04063725471,0.04193145037
2715,1.0,0.0,0.0,0.0,1.0,1.0,0.2673123215,0.283292744,0.0412029624,0.04225277901
2716,1.0,0.0,0.0,0.0,1.0,1.0,0.2710349256,0.2858051696,0.04189729691,0.04268288612
2717,1.0,0.0,0.0,0.0,1.0,1.0,0.2750601927,0.2903310132,0.04205101728,0.0430957675
2718,1.0,0.0,0.0,0.0,1.0,1.0,0.2705387348,0.28605936,0.04099041224,0.04229581356
2719,1.0,0.0,0.0,0.0,1.0,1.0,0.2661743351,0.2805450457,0.04075562954,0.04207032919
2720,1.0,0.0,0.0,0.0,1.0,1.0,0.265827276,0.2835295468,0.04039263725,0.04196637869
2721,1.0,0.0,0.0,0.0,1.0,1.0,0.270860537,0.2807616182,0.04182416201,0.04208886623
2722,1.0,0.0,0.0,0.0,1.0,1.0,0.2667489793,0.2728974406,0.03981661797,0.03981661797
2723,1.0,0.0,0.0,0.0,1.0,1.0,0.2652630349,0.272734785,0.04072189331,0.04072183371
2724,1.0,0.0,0.0,0.0,1.0,1.0,0.2649122635,0.2744946372,0.04029995203,0.04082334042
2725,1.0,0.0,0.0,0.0,1.0,1.0,0.2658273633,0.2752846437,0.04056423903,0.0413544178
2726,1.0,0.0,0.0,0.0,1.0,1.0,0.2686857974,0.2760695871,0.0409449935,0.04120576382
2727,1.0,0.0,0.0,0.0,1.0,1.0,0.2680163021,0.2735316825,0.04041153193,0.04067230225
2728,1.0,0.0,0.0,0.0,1.0,1.0,0.2662875258,0.2673335362,0.04016894102,0.0399081111
2729,1.0,0.0,0.0,0.0,1.0,1.0,0.2563114024,0.2568496477,0.0388263464,0.03830516338
2730,1.0,0.0,0.0,0.0,1.0,1.0,0.2619226433,0.2620916816,0.03980815411,0.03928440809
2731,1.0,0.0,0.0,0.0,1.0,1.0,0.2676764788,0.2682711154,0.04051578045,0.04025268555
2732,1.0,0.0,0.0,0.0,1.0,1.0,0.2659383022,0.2612576828,0.04021596909,0.03916460276
2733,1.0,0.0,0.0,0.0,1.0,1.0,0.2732035027,0.2646606086,0.0413428545,0.03977292776
2734,1.0,0.0,0.0,0.0,1.0,1.0,0.2662874777,0.2542136301,0.04001873732,0.03793984652
2735,1.0,0.0,0.0,0.0,1.0,1.0,0.26674855,0.2585361693,0.04033601284,0.03902643919
2736,1.0,0.0,0.0,0.0,1.0,1.0,0.2586585572,0.2419702893,0.03843748569,0.03608417511
2737,1.0,0.0,0.0,0.0,1.0,1.0,0.262639643,0.2376294212,0.03906965256,0.03566092253
2738,1.0,0.0,0.0,0.0,1.0,1.0,0.2617167562,0.2420249405,0.03936511278,0.0367231369
2739,1.0,0.0,0.0,0.0,1.0,1.0,0.260031527,0.2393767722,0.03860884905,0.03598242998
2740,1.0,0.0,0.0,0.0,1.0,1.0,0.2649766328,0.2445817516,0.03963893652,0.03697860241
2741,1.0,0.0,0.0,0.0,1.0,1.0,0.2583230073,0.2367099345,0.03855448961,0.03589552641
2742,1.0,0.0,0.0,0.0,1.0,1.0,0.2693532516,0.2472300326,0.04067820311,0.0377343297
2743,1.0,0.0,0.0,0.0,1.0,1.0,0.2637666116,0.2445817875,0.03936606646,0.03722369671
2744,1.0,0.0,0.0,0.0,1.0,1.0,0.2633908696,0.2392281349,0.03924721479,0.03629022837
2745,1.0,0.0,0.0,0.0,1.0,1.0,0.2688031181,0.2436800759,0.03981584311,0.03687638044
2746,1.0,0.0,0.0,0.0,1.0,1.0,0.2621486052,0.2313193973,0.0388468504,0.03533983231
2747,1.0,0.0,0.0,0.0,1.0,1.0,0.2722431192,0.240079413,0.03985601664,0.03611111641
2748,1.0,0.0,0.0,0.0,1.0,1.0,0.2697766849,0.2357836723,0.0400531292,0.03602093458
2749,1.0,0.0,0.0,0.0,1.0,1.0,0.2694308002,0.2340242332,0.03980398178,0.03576976061
2750,1.0,0.0,0.0,0.0,1.0,1.0,0.2727380132,0.2429198523,0.04055696726,0.03735512495
2751,1.0,0.0,0.0,0.0,1.0,1.0,0.2644511945,0.2296962711,0.03907370567,0.03530102968
2752,1.0,0.0,0.0,0.0,1.0,1.0,0.2694308916,0.2393032908,0.04003041983,0.0367847085
2753,1.0,0.0,0.0,0.0,1.0,1.0,0.2753935623,0.2481132561,0.04034972191,0.0379447937
2754,1.0,0.0,0.0,0.0,1.0,1.0,0.2753936942,0.2402165405,0.04020279646,0.03647536039
2755,1.0,0.0,0.0,0.0,1.0,1.0,0.2720806492,0.2411848594,0.03992325068,0.03699553013
2756,1.0,0.0,0.0,0.0,1.0,1.0,0.2889083124,0.2576416795,0.04346162081,0.04047363997
2757,1.0,0.0,0.0,0.0,1.0,1.0,0.2992019,0.2705383742,0.04418736696,0.04179161787
2758,1.0,0.0,0.0,0.0,1.0,1.0,0.2927841747,0.2627398227,0.04301905632,0.04062908888
2759,1.0,0.0,0.0,0.0,1.0,1.0,0.2974745901,0.2686859025,0.04410934448,0.04222667217
2760,1.0,0.0,0.0,0.0,1.0,1.0,0.2910461164,0.2541835299,0.04254746437,0.03933638334
2761,1.0,0.0,0.0,0.0,1.0,1.0,0.3033044372,0.2575355619,0.04432344437,0.04031831026
2762,1.0,0.0,0.0,0.0,1.0,1.0,0.3005567167,0.2473191693,0.04421311617,0.03888618946
2763,1.0,0.0,0.0,0.0,1.0,1.0,0.3062659693,0.2574835298,0.04509079456,0.04055505991
2764,1.0,0.0,0.0,0.0,1.0,1.0,0.3005567598,0.2490132313,0.0449988246,0.03984832764
2765,1.0,0.0,0.0,0.0,1.0,1.0,0.3020936971,0.2515485414,0.04439008236,0.03960549831
2766,1.0,0.0,0.0,0.0,1.0,1.0,0.2974745819,0.2422375114,0.04358631372,0.0380051136
2767,1.0,0.0,0.0,0.0,1.0,1.0,0.3003789483,0.2498606153,0.04380458593,0.03902590275
2768,1.0,0.0,0.0,0.0,1.0,1.0,0.3072424663,0.258301518,0.04563599825,0.04107236862
2769,1.0,0.0,0.0,0.0,1.0,1.0,0.3018205954,0.2464840408,0.04445117712,0.03886151314
2770,1.0,0.0,0.0,0.0,1.0,1.0,0.2980151571,0.2405436169,0.0434975028,0.0376625061
2771,1.0,0.0,0.0,0.0,1.0,1.0,0.2992883773,0.2388496461,0.04382580519,0.03745114803
2772,1.0,0.0,0.0,0.0,1.0,1.0,0.2972794317,0.2362626988,0.04346525669,0.03706544638
2773,1.0,0.0,0.0,0.0,1.0,1.0,0.2998326349,0.240543868,0.04369479418,0.03760403395
2774,1.0,0.0,0.0,0.0,1.0,1.0,0.307799166,0.254095297,0.04541802406,0.04007470608
2775,1.0,0.0,0.0,0.0,1.0,1.0,0.3063985364,0.2532601909,0.04563134909,0.04047065973
2776,1.0,0.0,0.0,0.0,1.0,1.0,0.307242543,0.2532371126,0.04559367895,0.04022973776
2777,1.0,0.0,0.0,0.0,1.0,1.0,0.3062658199,0.2626519785,0.04512542486,0.04112023115
2778,1.0,0.0,0.0,0.0,1.0,1.0,0.311138543,0.2686856562,0.04665482044,0.04258608818
2779,1.0,0.0,0.0,0.0,1.0,1.0,0.3096096075,0.2635516877,0.04573321342,0.04118669033
2780,1.0,0.0,0.0,0.0,1.0,1.0,0.3136935504,0.2738196148,0.04692387581,0.04365009069
2781,1.0,0.0,0.0,0.0,1.0,1.0,0.2952480889,0.2533306785,0.04331886768,0.03928291798
2782,1.0,0.0,0.0,0.0,1.0,1.0,0.3045745411,0.2610224575,0.04565370083,0.04155302048
2783,1.0,0.0,0.0,0.0,1.0,1.0,0.3029163284,0.2661745238,0.04488408566,0.04165887833
2784,1.0,0.0,0.0,0.0,1.0,1.0,0.292876661,0.2472668603,0.04326456785,0.03866773844
2785,1.0,0.0,0.0,0.0,1.0,1.0,0.2936317879,0.2481253497,0.04401355982,0.03909277916
2786,1.0,0.0,0.0,0.0,1.0,1.0,0.2824510723,0.241185013,0.04232895374,0.03771620989
2787,1.0,0.0,0.0,0.0,1.0,1.0,0.2863265777,0.2489957276,0.04288256168,0.03883701563
2788,1.0,0.0,0.0,0.0,1.0,1.0,0.2794137401,0.2489961684,0.04165947437,0.03845494986
2789,1.0,0.0,0.0,0.0,1.0,1.0,0.2845388512,0.2575881131,0.04235506058,0.03970783949
2790,1.0,0.0,0.0,0.0,1.0,1.0,0.2847966917,0.2584176131,0.04265367985,0.0400044322
2791,1.0,0.0,0.0,0.0,1.0,1.0,0.2815327514,0.2567059092,0.04270303249,0.04003411531
2792,1.0,0.0,0.0,0.0,1.0,1.0,0.2905559906,0.270397056,0.04386043549,0.04174667597
2793,1.0,0.0,0.0,0.0,1.0,1.0,0.278213516,0.2638385597,0.04158449173,0.03999525309
2794,1.0,0.0,0.0,0.0,1.0,1.0,0.282298324,0.266287332,0.04283356667,0.04097127914
2795,1.0,0.0,0.0,0.0,1.0,1.0,0.2798435224,0.262739814,0.04240196943,0.04029506445
2796,1.0,0.0,0.0,0.0,1.0,1.0,0.2300872918,0.1988324834,0.03387647867,0.02990657091
2797,1.0,0.0,0.0,0.0,1.0,1.0,0.211731204,0.1770940699,0.03098911047,0.02652454376
2798,1.0,0.0,0.0,0.0,1.0,1.0,0.218516027,0.1935540414,0.03233772516,0.0291569829
2799,1.0,0.0,0.0,0.0,1.0,1.0,0.2498604903,0.2298367199,0.03762316704,0.03472906351
2800,1.0,0.0,0.0,0.0,1.0,1.0,0.2568008924,0.2377980381,0.03886461258,0.03623861074
2801,1.0,0.0,0.0,0.0,1.0,1.0,0.2441518142,0.229696175,0.03649538755,0.03439491987
2802,1.0,0.0,0.0,0.0,1.0,1.0,0.1762578374,0.09956107149,0.02392494678,0.01367139816
2803,1.0,0.0,0.0,0.0,1.0,1.0,0.1825902335,0.1125324222,0.02531218529,0.01572018862
2804,1.0,0.0,0.0,0.0,1.0,1.0,0.1771652142,0.1216050743,0.02477830648,0.01723706722
2805,1.0,0.0,0.0,0.0,1.0,1.0,0.1717509236,0.1513753795,0.02480137348,0.02189904451
2806,1.0,0.0,0.0,0.0,1.0,1.0,0.1941874599,0.1797557788,0.02860951424,0.02624726295
2807,1.0,0.0,0.0,0.0,1.0,1.0,0.2259606481,0.2224906816,0.03401738405,0.03297072649
2808,1.0,0.0,0.0,0.0,1.0,1.0,0.2333191731,0.2427215087,0.03547883034,0.036008358
2809,1.0,0.0,0.0,0.0,1.0,1.0,0.2341349955,0.2427213679,0.03633594513,0.03687822819
2810,1.0,0.0,0.0,0.0,1.0,1.0,0.2372149222,0.2489650539,0.03665059805,0.03745907545
2811,1.0,0.0,0.0,0.0,1.0,1.0,0.2485834448,0.263838552,0.03887474537,0.04020607471
2812,1.0,0.0,0.0,0.0,1.0,1.0,0.240543825,0.255954791,0.03741717339,0.03873467445
2813,1.0,0.0,0.0,0.0,1.0,1.0,0.2452411837,0.2620065127,0.03847765923,0.03979539871
2814,1.0,0.0,0.0,0.0,1.0,1.0,0.2415870158,0.2669740465,0.03780144453,0.04039055109
2815,1.0,0.0,0.0,0.0,1.0,1.0,0.2378839183,0.2541239195,0.03672617674,0.0380012989
2816,1.0,0.0,0.0,0.0,1.0,1.0,0.2559747923,0.2744228921,0.03987956047,0.04114955664
2817,1.0,0.0,0.0,0.0,1.0,1.0,0.2498604603,0.2702575146,0.03914928436,0.0406845808
2818,1.0,0.0,0.0,0.0,1.0,1.0,0.2445615664,0.2703966221,0.03904241323,0.0411246419
2819,1.0,0.0,0.0,0.0,1.0,1.0,0.2478091104,0.266974396,0.03872793913,0.04001033306
2820,1.0,0.0,0.0,0.0,1.0,1.0,0.2611444241,0.2795048516,0.04166287184,0.04243439436
2821,1.0,0.0,0.0,0.0,1.0,1.0,0.2583371933,0.2850640921,0.04082238674,0.04235321283
2822,1.0,0.0,0.0,0.0,1.0,1.0,0.2531266028,0.2828284377,0.03972679377,0.04177725315
2823,1.0,0.0,0.0,0.0,1.0,1.0,0.249447478,0.2875584653,0.03955060244,0.04295557737
2824,1.0,0.0,0.0,0.0,1.0,1.0,0.2510831715,0.2890372485,0.04036945105,0.04351514578
2825,1.0,0.0,0.0,0.0,1.0,1.0,0.2514935499,0.2935425615,0.04020416737,0.04385912418
2826,1.0,0.0,0.0,0.0,1.0,1.0,0.2486336679,0.2910654982,0.03946310282,0.04309785366
2827,1.0,0.0,0.0,0.0,1.0,1.0,0.2527325898,0.2977062915,0.04023605585,0.04389387369
2828,1.0,0.0,0.0,0.0,1.0,1.0,0.2408493553,0.2923900115,0.0382220149,0.04290223122
2829,1.0,0.0,0.0,0.0,1.0,1.0,0.2444915813,0.301617079,0.03901600838,0.04455202818
2830,1.0,0.0,0.0,0.0,1.0,1.0,0.2391400796,0.2916519568,0.03800696135,0.04298722744
2831,1.0,0.0,0.0,0.0,1.0,1.0,0.2477818009,0.3048837657,0.03909873962,0.04434686899
2832,1.0,0.0,0.0,0.0,1.0,1.0,0.241475919,0.3030798051,0.03836065531,0.04475408792
2833,1.0,0.0,0.0,0.0,1.0,1.0,0.2486090853,0.3019896685,0.0393717289,0.04439228773
2834,1.0,0.0,0.0,0.0,1.0,1.0,0.2481945994,0.3066881568,0.03938472271,0.04493564367
2835,1.0,0.0,0.0,0.0,1.0,1.0,0.2431974162,0.3055849033,0.03864365816,0.04499608278
2836,1.0,0.0,0.0,0.0,1.0,1.0,0.2411295979,0.3026980529,0.0385466218,0.04492676258
2837,1.0,0.0,0.0,0.0,1.0,1.0,0.2423894995,0.3044896987,0.03861021996,0.04495716095
2838,1.0,0.0,0.0,0.0,1.0,1.0,0.2332031666,0.2983943903,0.03650480509,0.04328423738
2839,1.0,0.0,0.0,0.0,1.0,1.0,0.2394671748,0.3048837914,0.03801226616,0.04461157322
2840,1.0,0.0,0.0,0.0,1.0,1.0,0.2515151084,0.3091800464,0.04004859924,0.04531818628
2841,1.0,0.0,0.0,0.0,1.0,1.0,0.24364528,0.3030797134,0.03883510828,0.0443829298
2842,1.0,0.0,0.0,0.0,1.0,1.0,0.2436450606,0.3096100682,0.03874003887,0.04506498575
2843,1.0,0.0,0.0,0.0,1.0,1.0,0.2391402062,0.3041776811,0.03832358122,0.04440248013
2844,1.0,0.0,0.0,0.0,1.0,1.0,0.241641472,0.3055846929,0.03885906935,0.04493904114
2845,1.0,0.0,0.0,0.0,1.0,1.0,0.2465291323,0.3082221035,0.03909945488,0.04464733601
2846,1.0,0.0,0.0,0.0,1.0,1.0,0.2510997077,0.3198212135,0.04049485922,0.04688870907
2847,1.0,0.0,0.0,0.0,1.0,1.0,0.245710046,0.3203338378,0.03925085068,0.04641145468
2848,1.0,0.0,0.0,0.0,1.0,1.0,0.2436860449,0.3209883924,0.03982794285,0.04736292362
2849,1.0,0.0,0.0,0.0,1.0,1.0,0.252751251,0.3252727443,0.04024672508,0.04708606005
2850,1.0,0.0,0.0,0.0,1.0,1.0,0.2423395153,0.3196741278,0.03832775354,0.04599326849
2851,1.0,0.0,0.0,0.0,1.0,1.0,0.2486091982,0.3263859764,0.0396732688,0.04712861776
2852,1.0,0.0,0.0,0.0,1.0,1.0,0.249860296,0.3258253327,0.04032915831,0.04754036665
2853,1.0,0.0,0.0,0.0,1.0,1.0,0.2477956356,0.3228123673,0.03980612755,0.0469712019
2854,1.0,0.0,0.0,0.0,1.0,1.0,0.2402665983,0.3190099219,0.03815019131,0.04583317041
2855,1.0,0.0,0.0,0.0,1.0,1.0,0.2366225788,0.3118696518,0.03791642189,0.04534065723
2856,1.0,0.0,0.0,0.0,1.0,1.0,0.2444916599,0.3161870316,0.0384709239,0.04522931576
2857,1.0,0.0,0.0,0.0,1.0,1.0,0.2428395853,0.315517481,0.03908813,0.04600173235
2858,1.0,0.0,0.0,0.0,1.0,1.0,0.2465508457,0.3198214184,0.03919887543,0.04630208015
2859,1.0,0.0,0.0,0.0,1.0,1.0,0.2448964588,0.3143700243,0.03911310434,0.0457200408
2860,1.0,0.0,0.0,0.0,1.0,1.0,0.2407292628,0.2998321467,0.03873586655,0.0440787077
2861,1.0,0.0,0.0,0.0,1.0,1.0,0.2428395992,0.3066879764,0.03845322132,0.04446971416
2862,1.0,0.0,0.0,0.0,1.0,1.0,0.2448964216,0.3127748802,0.03894263506,0.04578387737
2863,1.0,0.0,0.0,0.0,1.0,1.0,0.2453025012,0.3091797586,0.0386570096,0.0449256897
2864,1.0,0.0,0.0,0.0,1.0,1.0,0.2369294624,0.3052841194,0.03807717562,0.04504907131
2865,1.0,0.0,0.0,0.0,1.0,1.0,0.2393971177,0.3041778659,0.0378715992,0.04449254274
2866,1.0,0.0,0.0,0.0,1.0,1.0,0.2378039631,0.2958633834,0.03792792559,0.04349774122
2867,1.0,0.0,0.0,0.0,1.0,1.0,0.2423898256,0.2958636355,0.03900158405,0.04380995035
2868,1.0,0.0,0.0,0.0,1.0,1.0,0.2457099315,0.2955337773,0.03935796022,0.04387879372
2869,1.0,0.0,0.0,0.0,1.0,1.0,0.2452717946,0.2926936197,0.03855806589,0.04301720858
2870,1.0,0.0,0.0,0.0,1.0,1.0,0.2465513549,0.2980479024,0.0390406847,0.04375696182
2871,1.0,0.0,0.0,0.0,1.0,1.0,0.2477957343,0.288845775,0.04003071785,0.0435000062
2872,1.0,0.0,0.0,0.0,1.0,1.0,0.2502719055,0.2938500192,0.04004263878,0.04399424791
2873,1.0,0.0,0.0,0.0,1.0,1.0,0.2473864698,0.2941619665,0.03936523199,0.0435642004
2874,1.0,0.0,0.0,0.0,1.0,1.0,0.2469598464,0.2906176505,0.03901952505,0.04294764996
2875,1.0,0.0,0.0,0.0,1.0,1.0,0.2453025578,0.2916524525,0.03918039799,0.04341614246
2876,1.0,0.0,0.0,0.0,1.0,1.0,0.244526534,0.2928190821,0.03876882792,0.04345238209
2877,1.0,0.0,0.0,0.0,1.0,1.0,0.2424874298,0.2875589251,0.03901028633,0.04322767258
2878,1.0,0.0,0.0,0.0,1.0,1.0,0.2457643736,0.2917948376,0.03908890486,0.04351896048
2879,1.0,0.0,0.0,0.0,1.0,1.0,0.2519184329,0.2952898558,0.04023402929,0.04444158077
2880,1.0,0.0,0.0,0.0,1.0,1.0,0.2399978187,0.2805448559,0.03829842806,0.04197078943
2881,1.0,0.0,0.0,0.0,1.0,1.0,0.2411873769,0.2760692817,0.03739595413,0.04046958685
2882,1.0,0.0,0.0,0.0,1.0,1.0,0.2474028841,0.2803314365,0.03930330276,0.041906178
2883,1.0,0.0,0.0,0.0,1.0,1.0,0.2494503781,0.2845629324,0.03946894407,0.04258483648
2884,1.0,0.0,0.0,0.0,1.0,1.0,0.2568123061,0.2835788752,0.0408732295,0.04269564152
2885,1.0,0.0,0.0,0.0,1.0,1.0,0.2576556002,0.2818497048,0.04074764252,0.04230493307
2886,1.0,0.0,0.0,0.0,1.0,1.0,0.2478091729,0.2758876421,0.03916728497,0.04124236107
2887,1.0,0.0,0.0,0.0,1.0,1.0,0.2519183349,0.2758876136,0.03953796625,0.04108852148
2888,1.0,0.0,0.0,0.0,1.0,1.0,0.2457099225,0.2708279693,0.03879225254,0.04062706232
2889,1.0,0.0,0.0,0.0,1.0,1.0,0.2440108356,0.2682712494,0.03799134493,0.03981286287
2890,1.0,0.0,0.0,0.0,1.0,1.0,0.2418815126,0.2692158885,0.03778576851,0.04014742374
2891,1.0,0.0,0.0,0.0,1.0,1.0,0.2398660075,0.2585966851,0.03735601902,0.03839367628
2892,1.0,0.0,0.0,0.0,1.0,1.0,0.2431978474,0.2576957705,0.03811967373,0.03864181042
2893,1.0,0.0,0.0,0.0,1.0,1.0,0.2415320829,0.2559544077,0.03783106804,0.03835278749
2894,1.0,0.0,0.0,0.0,1.0,1.0,0.248216732,0.2680161644,0.03916203976,0.04019939899
2895,1.0,0.0,0.0,0.0,1.0,1.0,0.2370152383,0.2568009484,0.03740113974,0.03870886564
2896,1.0,0.0,0.0,0.0,1.0,1.0,0.2382772167,0.2568012351,0.03729319572,0.03832918406
2897,1.0,0.0,0.0,0.0,1.0,1.0,0.2432417855,0.2620065772,0.03823673725,0.03927719593
2898,1.0,0.0,0.0,0.0,1.0,1.0,0.2436858676,0.265476935,0.03837871552,0.03967535496
2899,1.0,0.0,0.0,0.0,1.0,1.0,0.2428394381,0.2610996138,0.03809732199,0.03913396597
2900,1.0,0.0,0.0,0.0,1.0,1.0,0.2399324351,0.2602714918,0.03751116991,0.03880465031
2901,1.0,0.0,0.0,0.0,1.0,1.0,0.237883607,0.2541833096,0.03741627932,0.03819578886
2902,1.0,0.0,0.0,0.0,1.0,1.0,0.2486175846,0.2637416645,0.03904634714,0.03956693411
2903,1.0,0.0,0.0,0.0,1.0,1.0,0.2453025686,0.2610998722,0.03849202394,0.03927224874
2904,1.0,0.0,0.0,0.0,1.0,1.0,0.2477954512,0.2688155403,0.03902560472,0.04058665037
2905,1.0,0.0,0.0,0.0,1.0,1.0,0.2362313948,0.2559122969,0.03724318743,0.03854542971
2906,1.0,0.0,0.0,0.0,1.0,1.0,0.2440498768,0.26109996,0.03824597597,0.03928667307
2907,1.0,0.0,0.0,0.0,1.0,1.0,0.2415870991,0.2593055775,0.03813099861,0.03943687677
2908,1.0,0.0,0.0,0.0,1.0,1.0,0.2473700494,0.262829088,0.03873246908,0.03951233625
2909,1.0,0.0,0.0,0.0,1.0,1.0,0.2453027414,0.2610998428,0.03880512714,0.03959167004
2910,1.0,0.0,0.0,0.0,1.0,1.0,0.2353577458,0.251583505,0.03668963909,0.03772312403
2911,1.0,0.0,0.0,0.0,1.0,1.0,0.2481948595,0.2662870991,0.03855401278,0.03984773159
2912,1.0,0.0,0.0,0.0,1.0,1.0,0.2473699784,0.2653691552,0.03889083862,0.04019594193
2913,1.0,0.0,0.0,0.0,1.0,1.0,0.2403302145,0.2559124362,0.03759074211,0.03836846352
2914,1.0,0.0,0.0,0.0,1.0,1.0,0.2498604903,0.268815377,0.03871071339,0.04025912285
2915,1.0,0.0,0.0,0.0,1.0,1.0,0.2461188334,0.2662875453,0.03834033012,0.03989470005
2916,1.0,0.0,0.0,0.0,1.0,1.0,0.2296013937,0.2463413337,0.03567677736,0.03672611713
2917,1.0,0.0,0.0,0.0,1.0,1.0,0.1157442691,0.1411425859,0.01662862301,0.01953202486
2918,1.0,0.0,0.0,0.0,1.0,1.0,0.123119735,0.1400733104,0.01776361465,0.01933097839
2919,1.0,0.0,0.0,0.0,1.0,1.0,0.1325423244,0.1411852679,0.01948279142,0.02000939846
2920,1.0,0.0,0.0,0.0,1.0,1.0,0.1697494273,0.1822084454,0.02566665411,0.02645230293
2921,1.0,0.0,0.0,0.0,1.0,1.0,0.198859892,0.2070273693,0.03041923046,0.03041923046
2922,1.0,0.0,0.0,0.0,1.0,1.0,0.2063144177,0.2171933365,0.03193151951,0.03219330311
2923,1.0,0.0,0.0,0.0,1.0,1.0,0.2250846725,0.2375435264,0.0348751545,0.03513538837
2924,1.0,0.0,0.0,0.0,1.0,1.0,0.2254630356,0.2383827006,0.03470778465,0.03496682644
2925,1.0,0.0,0.0,0.0,1.0,1.0,0.2308996522,0.2436801554,0.03569984436,0.03596043587
2926,1.0,0.0,0.0,0.0,1.0,1.0,0.2310265363,0.2437236229,0.03596454859,0.0362251997
2927,1.0,0.0,0.0,0.0,1.0,1.0,0.2296013557,0.2401483439,0.03540474176,0.03540474176
2928,1.0,0.0,0.0,0.0,1.0,1.0,0.2275288984,0.237543427,0.0352768898,0.0352768898
2929,1.0,0.0,0.0,0.0,1.0,1.0,0.2277638629,0.2348510138,0.0349817276,0.03472065926
2930,1.0,0.0,0.0,0.0,1.0,1.0,0.2192653372,0.2313197504,0.03399640322,0.03452348709
2931,1.0,0.0,0.0,0.0,1.0,1.0,0.224536677,0.2392280657,0.03427022696,0.03478556871
2932,1.0,0.0,0.0,0.0,1.0,1.0,0.2232258137,0.2330855428,0.03447586298,0.03447586298
2933,1.0,0.0,0.0,0.0,1.0,1.0,0.2292144243,0.2384634312,0.03593063354,0.03593063354
2934,1.0,0.0,0.0,0.0,1.0,1.0,0.2380428099,0.2481008662,0.03682130575,0.03682130575
2935,1.0,0.0,0.0,0.0,1.0,1.0,0.2296013386,0.2427720075,0.03549796343,0.03575897217
2936,1.0,0.0,0.0,0.0,1.0,1.0,0.231557127,0.2480879574,0.03574758768,0.03679895401
2937,1.0,0.0,0.0,0.0,1.0,1.0,0.237155875,0.2569994259,0.03673303127,0.03778254986
2938,1.0,0.0,0.0,0.0,1.0,1.0,0.2398660645,0.2551393329,0.03743594885,0.03769594431
2939,1.0,0.0,0.0,0.0,1.0,1.0,0.2443827463,0.2569489266,0.03801321983,0.03801327944
2940,1.0,0.0,0.0,0.0,1.0,1.0,0.2396621282,0.2534045005,0.03729116917,0.03782010078
2941,1.0,0.0,0.0,0.0,1.0,1.0,0.2383679779,0.2516323712,0.03672868013,0.03725332022
2942,1.0,0.0,0.0,0.0,1.0,1.0,0.2332598347,0.2498605611,0.0360879302,0.03714162111
2943,1.0,0.0,0.0,0.0,1.0,1.0,0.2336579815,0.2436361844,0.0359479785,0.0359479785
2944,1.0,0.0,0.0,0.0,1.0,1.0,0.2318291818,0.2409367565,0.03531473875,0.03531473875
2945,1.0,0.0,0.0,0.0,1.0,1.0,0.2352639124,0.2445063926,0.03602039814,0.03602039814
2946,1.0,0.0,0.0,0.0,1.0,1.0,0.2360753195,0.2391521416,0.03648853302,0.03568947315
2947,1.0,0.0,0.0,0.0,1.0,1.0,0.2416613025,0.2480756259,0.03731387854,0.03704732656
2948,1.0,0.0,0.0,0.0,1.0,1.0,0.2390344361,0.245382503,0.03662037849,0.03635501862
2949,1.0,0.0,0.0,0.0,1.0,1.0,0.2459900416,0.2507496676,0.03788614273,0.03735625744
2950,1.0,0.0,0.0,0.0,1.0,1.0,0.2485745007,0.2543062796,0.03842741251,0.03789740801
2951,1.0,0.0,0.0,0.0,1.0,1.0,0.2408295493,0.2454148798,0.03735113144,0.03681755066
2952,1.0,0.0,0.0,0.0,1.0,1.0,0.2476952252,0.2588482499,0.03815698624,0.03842383623
2953,1.0,0.0,0.0,0.0,1.0,1.0,0.2390344996,0.251657819,0.0366204381,0.03715115786
2954,1.0,0.0,0.0,0.0,1.0,1.0,0.2424986969,0.2507624719,0.03713816404,0.03687292337
2955,1.0,0.0,0.0,0.0,1.0,1.0,0.2490020219,0.2516325015,0.03878086805,0.03797847033
2956,1.0,0.0,0.0,0.0,1.0,1.0,0.2464377749,0.2551767148,0.03809469938,0.03809469938
2957,1.0,0.0,0.0,0.0,1.0,1.0,0.2532832836,0.2578066249,0.03906601667,0.03853809834
2958,1.0,0.0,0.0,0.0,1.0,1.0,0.2511418927,0.2578065944,0.03903162479,0.0387660861
2959,1.0,0.0,0.0,0.0,1.0,1.0,0.2477246656,0.2516324255,0.03827363253,0.03748178482
2960,1.0,0.0,0.0,0.0,1.0,1.0,0.2368013417,0.2311875376,0.03613775969,0.03454345465
2961,1.0,0.0,0.0,0.0,1.0,1.0,0.2386209177,0.2383827248,0.03617870808,0.03539222479
2962,1.0,0.0,0.0,0.0,1.0,1.0,0.2356688284,0.2330852051,0.03593063354,0.03461927176
2963,1.0,0.0,0.0,0.0,1.0,1.0,0.2373888646,0.2374560262,0.03645336628,0.03539675474
2964,1.0,0.0,0.0,0.0,1.0,1.0,0.2386983875,0.2383830566,0.03682005405,0.03576052189
2965,1.0,0.0,0.0,0.0,1.0,1.0,0.2430149516,0.2393031215,0.03744590282,0.03586369753
2966,1.0,0.0,0.0,0.0,1.0,1.0,0.2404155487,0.2374559563,0.03677606583,0.0351999402
2967,1.0,0.0,0.0,0.0,1.0,1.0,0.2400032896,0.2436804482,0.03687620163,0.03634941578
2968,1.0,0.0,0.0,0.0,1.0,1.0,0.2438908849,0.2393031076,0.03759175539,0.0357516408
2969,1.0,0.0,0.0,0.0,1.0,1.0,0.2455672518,0.2454462194,0.0378459096,0.0367873311
2970,1.0,0.0,0.0,0.0,1.0,1.0,0.2459901886,0.2445444342,0.03788161278,0.03655707836
2971,1.0,0.0,0.0,0.0,1.0,1.0,0.2498603491,0.2427721504,0.03824496269,0.03638583422
2972,1.0,0.0,0.0,0.0,1.0,1.0,0.2369810581,0.2365226345,0.03653740883,0.03521358967
2973,1.0,0.0,0.0,0.0,1.0,1.0,0.2434317604,0.2410001286,0.03779667616,0.03619962931
2974,1.0,0.0,0.0,0.0,1.0,1.0,0.2455373492,0.2454146199,0.03765517473,0.03659451008
2975,1.0,0.0,0.0,0.0,1.0,1.0,0.2524543255,0.2516325357,0.03878772259,0.03772503138
2976,1.0,0.0,0.0,0.0,1.0,1.0,0.2489960435,0.2534299719,0.03800481558,0.03747695684
2977,1.0,0.0,0.0,0.0,1.0,1.0,0.2477102457,0.2507495496,0.03816217184,0.03736710548
2978,1.0,0.0,0.0,0.0,1.0,1.0,0.2528502012,0.2595725147,0.0390920639,0.03882795572
2979,1.0,0.0,0.0,0.0,1.0,1.0,0.2460426206,0.2516078694,0.03801184893,0.0377497077
2980,1.0,0.0,0.0,0.0,1.0,1.0,0.2494390067,0.2559545259,0.03853297234,0.03827261925
2981,1.0,0.0,0.0,0.0,1.0,1.0,0.2435186251,0.2472306771,0.03752315044,0.03674149513
2982,1.0,0.0,0.0,0.0,1.0,1.0,0.2481721006,0.2577510266,0.03844982386,0.03844988346
2983,1.0,0.0,0.0,0.0,1.0,1.0,0.2494391997,0.2621776918,0.03866225481,0.03892350197
2984,1.0,0.0,0.0,0.0,1.0,1.0,0.2544951334,0.2647646336,0.0391933918,0.0391934514
2985,1.0,0.0,0.0,0.0,1.0,1.0,0.2540951963,0.2603440767,0.03895694017,0.03869724274
2986,1.0,0.0,0.0,0.0,1.0,1.0,0.2507018686,0.2620913882,0.0387789607,0.03903919458
2987,1.0,0.0,0.0,0.0,1.0,1.0,0.2519601655,0.2682712898,0.03907030821,0.0398517251
2988,1.0,0.0,0.0,0.0,1.0,1.0,0.2549252646,0.2725749492,0.03957879543,0.04088932276
2989,1.0,0.0,0.0,0.0,1.0,1.0,0.2447956842,0.2621775219,0.03812915087,0.03918099403
2990,1.0,0.0,0.0,0.0,1.0,1.0,0.247302136,0.2578068963,0.03825521469,0.03851908445
2991,1.0,0.0,0.0,0.0,1.0,1.0,0.2574836175,0.2692156858,0.03959304094,0.03985345364
2992,1.0,0.0,0.0,0.0,1.0,1.0,0.2558296829,0.2701667898,0.03940290213,0.04019093513
2993,1.0,0.0,0.0,0.0,1.0,1.0,0.248160923,0.2647646676,0.0382707119,0.03958135843
2994,1.0,0.0,0.0,0.0,1.0,1.0,0.2456256377,0.2604181149,0.03806501627,0.03885257244
2995,1.0,0.0,0.0,0.0,1.0,1.0,0.2541239869,0.2711252799,0.03877222538,0.0398131609
2996,1.0,0.0,0.0,0.0,1.0,1.0,0.2574833274,0.27177795,0.03959196806,0.04037338495
2997,1.0,0.0,0.0,0.0,1.0,1.0,0.2434756075,0.2578066718,0.03752523661,0.03831249475
2998,1.0,0.0,0.0,0.0,1.0,1.0,0.2401366416,0.2516325637,0.03722828627,0.03722828627
2999,1.0,0.0,0.0,0.0,1.0,1.0,0.2426488917,0.2542750345,0.037365973,0.03762727976
3000,1.0,0.0,0.0,0.0,1.0,1.0,0.2044314104,0.2126086767,0.03136146069,0.03136146069
3001,1.0,0.0,0.0,0.0,1.0,1.0,0.1868444424,0.187168175,0.02847766876,0.02767169476
3002,1.0,0.0,0.0,0.0,1.0,1.0,0.1789779941,0.1837209113,0.02720481157,0.02693545818
3003,1.0,0.0,0.0,0.0,1.0,1.0,0.1998881818,0.205339673,0.03019636869,0.02993148565
3004,1.0,0.0,0.0,0.0,1.0,1.0,0.2009276771,0.2089743679,0.03070878983,0.0304440856
3005,1.0,0.0,0.0,0.0,1.0,1.0,0.2140428168,0.2195203683,0.03298693895,0.03272092342
3006,1.0,0.0,0.0,0.0,1.0,1.0,0.2160028148,0.2230897865,0.03353601694,0.0332698822
3007,1.0,0.0,0.0,0.0,1.0,1.0,0.2180910999,0.2222956628,0.03336107731,0.03283572197
3008,1.0,0.0,0.0,0.0,1.0,1.0,0.2243646106,0.2260221293,0.03489863873,0.03384107351
3009,1.0,0.0,0.0,0.0,1.0,1.0,0.2202160282,0.226986204,0.03420734406,0.03394424915
3010,1.0,0.0,0.0,0.0,1.0,1.0,0.2202160277,0.2268236182,0.03442615271,0.03389650583
3011,1.0,0.0,0.0,0.0,1.0,1.0,0.2269919337,0.2321395176,0.03481298685,0.03403353691
3012,1.0,0.0,0.0,0.0,1.0,1.0,0.2224727,0.2279429611,0.03438776731,0.03386676311
3013,1.0,0.0,0.0,0.0,1.0,1.0,0.2215344682,0.2252262324,0.03416538239,0.03338295221
3014,1.0,0.0,0.0,0.0,1.0,1.0,0.2194718859,0.2295536555,0.03406572342,0.03406572342
3015,1.0,0.0,0.0,0.0,1.0,1.0,0.2236040227,0.2313198927,0.03455096483,0.03428924084
3016,1.0,0.0,0.0,0.0,1.0,1.0,0.2047047769,0.2141658636,0.03130191565,0.03156495094
3017,1.0,0.0,0.0,0.0,1.0,1.0,0.1841077853,0.1804046116,0.02787858248,0.02655100822
3018,1.0,0.0,0.0,0.0,1.0,1.0,0.1706793301,0.1720055006,0.02565389872,0.0251249671
3019,1.0,0.0,0.0,0.0,1.0,1.0,0.1770942047,0.1786008725,0.0267418623,0.02621233463
3020,1.0,0.0,0.0,0.0,1.0,1.0,0.1644879817,0.1616743918,0.02453291416,0.02346622944
3021,1.0,0.0,0.0,0.0,1.0,1.0,0.1548682426,0.1585827797,0.02291989326,0.02291989326
3022,1.0,0.0,0.0,0.0,1.0,1.0,0.1624096004,0.1586705773,0.02404808998,0.02299100161
3023,1.0,0.0,0.0,0.0,1.0,1.0,0.1745907547,0.1738957051,0.02595436573,0.02515983582
3024,1.0,0.0,0.0,0.0,1.0,1.0,0.1680477876,0.1671794577,0.02538669109,0.02458500862
3025,1.0,0.0,0.0,0.0,1.0,1.0,0.1704197146,0.1689962176,0.02551621199,0.02471882105
3026,1.0,0.0,0.0,0.0,1.0,1.0,0.170980233,0.1720054204,0.02560818195,0.02508020401
3027,1.0,0.0,0.0,0.0,1.0,1.0,0.162409198,0.1623180536,0.02393680811,0.02341073751
3028,1.0,0.0,0.0,0.0,1.0,1.0,0.1621197746,0.1629127635,0.02389061451,0.02336555719
3029,1.0,0.0,0.0,0.0,1.0,1.0,0.1715856988,0.1726306464,0.02568608522,0.02515643835
3030,1.0,0.0,0.0,0.0,1.0,1.0,0.1777174593,0.1767969106,0.02660751343,0.02581727505
3031,1.0,0.0,0.0,0.0,1.0,1.0,0.1648016069,0.1659659518,0.0248157382,0.02428209782
3032,1.0,0.0,0.0,0.0,1.0,1.0,0.1363691257,0.1337541467,0.02009099722,0.01903355122
3033,1.0,0.0,0.0,0.0,1.0,1.0,0.1643942004,0.1595259725,0.02340430021,0.02207446098
3034,1.0,0.0,0.0,0.0,1.0,1.0,0.172188598,0.1665735402,0.02448314428,0.02288639545
3035,1.0,0.0,0.0,0.0,1.0,1.0,0.1584938268,0.1594442309,0.02268517017,0.02188450098
3036,1.0,0.0,0.0,0.0,1.0,1.0,0.1681304956,0.160142032,0.0239546895,0.02209150791
3037,1.0,0.0,0.0,0.0,1.0,1.0,0.1650284042,0.1672141773,0.02369058132,0.02315819263
3038,1.0,0.0,0.0,0.0,1.0,1.0,0.1566289065,0.1543541083,0.02232700586,0.02126383781
3039,1.0,0.0,0.0,0.0,1.0,1.0,0.1435766779,0.1499162389,0.02042549849,0.02069073915
3040,1.0,0.0,0.0,0.0,1.0,1.0,0.1462598645,0.1495226748,0.02090352774,0.02036750317
3041,1.0,0.0,0.0,0.0,1.0,1.0,0.130038974,0.1542110313,0.01869320869,0.02109664679
3042,1.0,0.0,0.0,0.0,1.0,1.0,0.141448282,0.154815598,0.02044433355,0.02125132084
3043,1.0,0.0,0.0,0.0,1.0,1.0,0.1497290447,0.1501139575,0.02142244577,0.02035135031
3044,1.0,0.0,0.0,0.0,1.0,1.0,0.1475807827,0.1534576586,0.02098625898,0.02072066069
3045,1.0,0.0,0.0,0.0,1.0,1.0,0.1443844874,0.1520888495,0.02052164078,0.02052164078
3046,1.0,0.0,0.0,0.0,1.0,1.0,0.135864566,0.1508961693,0.01916569471,0.02021586895
3047,1.0,0.0,0.0,0.0,1.0,1.0,0.1337541405,0.1528556603,0.01892268658,0.02049958706
3048,1.0,0.0,0.0,0.0,1.0,1.0,0.1069513546,0.1427774008,0.01529538631,0.01951479912
3049,1.0,0.0,0.0,0.0,1.0,1.0,0.1213089424,0.1392351874,0.01780092716,0.01939505339
3050,1.0,0.0,0.0,0.0,1.0,1.0,0.1618316973,0.1815467836,0.02372509241,0.02528935671
3051,1.0,0.0,0.0,0.0,1.0,1.0,0.1795195139,0.203183229,0.02729052305,0.02912741899
3052,1.0,0.0,0.0,0.0,1.0,1.0,0.1961038997,0.2190803047,0.02948081493,0.031291008
3053,1.0,0.0,0.0,0.0,1.0,1.0,0.2069551738,0.2355828462,0.03202074766,0.03436374664
3054,1.0,0.0,0.0,0.0,1.0,1.0,0.2204155271,0.2445442894,0.03421103954,0.036039114
3055,1.0,0.0,0.0,0.0,1.0,1.0,0.2205897629,0.250756087,0.03417402506,0.03680282831
3056,1.0,0.0,0.0,0.0,1.0,1.0,0.2096143369,0.2454145277,0.03274267912,0.03614795208
3057,1.0,0.0,0.0,0.0,1.0,1.0,0.226540061,0.2622649104,0.0356529355,0.03879880905
3058,1.0,0.0,0.0,0.0,1.0,1.0,0.2148802985,0.2551766579,0.03358799219,0.03749352694
3059,1.0,0.0,0.0,0.0,1.0,1.0,0.2191469417,0.2595040414,0.03440147638,0.03857129812
3060,1.0,0.0,0.0,0.0,1.0,1.0,0.2189881412,0.2568986206,0.03466397524,0.03805214167
3061,1.0,0.0,0.0,0.0,1.0,1.0,0.2266272367,0.2620913339,0.03604090214,0.03889304399
3062,1.0,0.0,0.0,0.0,1.0,1.0,0.2228263694,0.260418105,0.03532928228,0.03844660521
3063,1.0,0.0,0.0,0.0,1.0,1.0,0.2215511603,0.255997235,0.03478062153,0.03761458397
3064,1.0,0.0,0.0,0.0,1.0,1.0,0.2094541805,0.2489772564,0.03256589174,0.03615576029
3065,1.0,0.0,0.0,0.0,1.0,1.0,0.2124019796,0.2542750749,0.03348910809,0.03738319874
3066,1.0,0.0,0.0,0.0,1.0,1.0,0.2135838688,0.2551024467,0.03361010551,0.03745859861
3067,1.0,0.0,0.0,0.0,1.0,1.0,0.2237311971,0.2603441299,0.03564566374,0.03876793385
3068,1.0,0.0,0.0,0.0,1.0,1.0,0.2231923505,0.2542135509,0.03513252735,0.03771579266
3069,1.0,0.0,0.0,0.0,1.0,1.0,0.2284909175,0.2568010048,0.03599691391,0.03832763433
3070,1.0,0.0,0.0,0.0,1.0,1.0,0.2256266771,0.2578068895,0.03519791365,0.03806591034
3071,1.0,0.0,0.0,0.0,1.0,1.0,0.22541304,0.2613382387,0.03500050306,0.03808879852
3072,1.0,0.0,0.0,0.0,1.0,1.0,0.2206124502,0.2569488088,0.03445273638,0.03784584999
3073,1.0,0.0,0.0,0.0,1.0,1.0,0.1981944103,0.2364270864,0.03065288067,0.03458273411
3074,1.0,0.0,0.0,0.0,1.0,1.0,0.149301451,0.1827341772,0.02254116535,0.02598869801
3075,1.0,0.0,0.0,0.0,1.0,1.0,0.153353459,0.1841077536,0.02291697264,0.02581453323
3076,1.0,0.0,0.0,0.0,1.0,1.0,0.162496572,0.1920567007,0.02417480946,0.02677422762
3077,1.0,0.0,0.0,0.0,1.0,1.0,0.1861028236,0.2223023216,0.02859485149,0.03203684092
3078,1.0,0.0,0.0,0.0,1.0,1.0,0.1889916617,0.2180602345,0.02924966812,0.03162127733
3079,1.0,0.0,0.0,0.0,1.0,1.0,0.1930548205,0.2279749696,0.02965754271,0.03280699253
3080,1.0,0.0,0.0,0.0,1.0,1.0,0.1944309156,0.2281335359,0.02991604805,0.03306508064
3081,1.0,0.0,0.0,0.0,1.0,1.0,0.2056187023,0.2418001978,0.03184503317,0.0352383256
3082,1.0,0.0,0.0,0.0,1.0,1.0,0.2110308032,0.2462908072,0.03301268816,0.0364459753
3083,1.0,0.0,0.0,0.0,1.0,1.0,0.2243301863,0.2560845234,0.03511494398,0.03773546219
3084,1.0,0.0,0.0,0.0,1.0,1.0,0.2344779948,0.2568986847,0.03699570894,0.03830760717
3085,1.0,0.0,0.0,0.0,1.0,1.0,0.2365349376,0.2675810483,0.03724765778,0.03960835934
3086,1.0,0.0,0.0,0.0,1.0,1.0,0.2424389601,0.2672119491,0.0385299325,0.04036468267
3087,1.0,0.0,0.0,0.0,1.0,1.0,0.2342954051,0.264558194,0.03708481789,0.03967815638
3088,1.0,0.0,0.0,0.0,1.0,1.0,0.2379623349,0.2645581331,0.03786462545,0.03995370865
3089,1.0,0.0,0.0,0.0,1.0,1.0,0.2411877278,0.2628291631,0.0380576849,0.03962171078
3090,1.0,0.0,0.0,0.0,1.0,1.0,0.2399972681,0.2645579719,0.03791064024,0.03972828388
3091,1.0,0.0,0.0,0.0,1.0,1.0,0.2469978535,0.2714748642,0.03888177872,0.04042679071
3092,1.0,0.0,0.0,0.0,1.0,1.0,0.2440883356,0.2743224319,0.03824859858,0.04057449102
3093,1.0,0.0,0.0,0.0,1.0,1.0,0.2419877474,0.2709754534,0.03798371553,0.04006499052
3094,1.0,0.0,0.0,0.0,1.0,1.0,0.2366227908,0.2682714819,0.03729224205,0.03990012407
3095,1.0,0.0,0.0,0.0,1.0,1.0,0.2069548218,0.2462911675,0.03211188316,0.03602802753
3096,1.0,0.0,0.0,0.0,1.0,1.0,0.1599105968,0.1899309602,0.02403450012,0.02690821886
3097,1.0,0.0,0.0,0.0,1.0,1.0,0.1242646244,0.1584022127,0.01831352711,0.02197623253
3098,1.0,0.0,0.0,0.0,1.0,1.0,0.1106524342,0.1457520094,0.01647734642,0.02046382427
3099,1.0,0.0,0.0,0.0,1.0,1.0,0.1108504789,0.1452019513,0.01647794247,0.02046453953
3100,1.0,0.0,0.0,0.0,1.0,1.0,0.1054868119,0.1457522644,0.0157430768,0.02054607868
3101,1.0,0.0,0.0,0.0,1.0,1.0,0.1145744617,0.1497289658,0.01683884859,0.0207247138
3102,1.0,0.0,0.0,0.0,1.0,1.0,0.1417770962,0.1727657161,0.0212495923,0.02439767122
3103,1.0,0.0,0.0,0.0,1.0,1.0,0.1452776706,0.1746238669,0.02180534601,0.02469527721
3104,1.0,0.0,0.0,0.0,1.0,1.0,0.1435275004,0.1783388882,0.0214150548,0.02507126331
3105,1.0,0.0,0.0,0.0,1.0,1.0,0.1392521665,0.1659522728,0.02058011293,0.02318519354
3106,1.0,0.0,0.0,0.0,1.0,1.0,0.1017614969,0.1383842497,0.01485669613,0.01910144091
3107,1.0,0.0,0.0,0.0,1.0,1.0,0.09994413964,0.1359394938,0.0145354867,0.01876401901
3108,1.0,0.0,0.0,0.0,1.0,1.0,0.1260395712,0.1578065627,0.01881146431,0.02225583792
3109,1.0,0.0,0.0,0.0,1.0,1.0,0.1319687128,0.1597619397,0.01970684528,0.02259713411
3110,1.0,0.0,0.0,0.0,1.0,1.0,0.1558918891,0.1892326945,0.02338224649,0.02675974369
3111,1.0,0.0,0.0,0.0,1.0,1.0,0.1739641402,0.205339565,0.0268573761,0.0297537446
3112,1.0,0.0,0.0,0.0,1.0,1.0,0.1877122793,0.2246944195,0.02914923429,0.03282570839
3113,1.0,0.0,0.0,0.0,1.0,1.0,0.1911683489,0.2310535673,0.02971524,0.03362512589
3114,1.0,0.0,0.0,0.0,1.0,1.0,0.206207557,0.2454145137,0.03232014179,0.03596919775
3115,1.0,0.0,0.0,0.0,1.0,1.0,0.2187832625,0.253404474,0.03400403261,0.03683769703
3116,1.0,0.0,0.0,0.0,1.0,1.0,0.2312759333,0.2639371535,0.03636282682,0.03896015882
3117,1.0,0.0,0.0,0.0,1.0,1.0,0.2239277507,0.2542439099,0.03514438868,0.03747010231
3118,1.0,0.0,0.0,0.0,1.0,1.0,0.2217305834,0.2498606728,0.03454768658,0.0366102457
3119,1.0,0.0,0.0,0.0,1.0,1.0,0.2173417978,0.2472303917,0.0343503952,0.03669244051
3120,1.0,0.0,0.0,0.0,1.0,1.0,0.2166277857,0.2481134812,0.03411817551,0.03670293093
3121,1.0,0.0,0.0,0.0,1.0,1.0,0.2252033195,0.2507307472,0.03544121981,0.03725200891
3122,1.0,0.0,0.0,0.0,1.0,1.0,0.2338071938,0.2568494382,0.03701478243,0.03831803799
3123,1.0,0.0,0.0,0.0,1.0,1.0,0.2326569051,0.2559547108,0.03719985485,0.03850972652
3124,1.0,0.0,0.0,0.0,1.0,1.0,0.2187835746,0.2437233455,0.03419172764,0.03600484133
3125,1.0,0.0,0.0,0.0,1.0,1.0,0.2233853544,0.2533795172,0.03523945808,0.03758871555
3126,1.0,0.0,0.0,0.0,1.0,1.0,0.2293801301,0.2542135581,0.03594851494,0.0374891758
3127,1.0,0.0,0.0,0.0,1.0,1.0,0.2371837066,0.2602712351,0.03737086058,0.03865945339
3128,1.0,0.0,0.0,0.0,1.0,1.0,0.2334223168,0.2638385332,0.03643733263,0.03874671459
3129,1.0,0.0,0.0,0.0,1.0,1.0,0.2428857931,0.2689469543,0.03830581903,0.04011756182
3130,1.0,0.0,0.0,0.0,1.0,1.0,0.239997344,0.264558171,0.03770107031,0.03950870037
3131,1.0,0.0,0.0,0.0,1.0,1.0,0.2350663843,0.2628288374,0.0372364521,0.03957992792
3132,1.0,0.0,0.0,0.0,1.0,1.0,0.241641428,0.2645581753,0.03774625063,0.03928691149
3133,1.0,0.0,0.0,0.0,1.0,1.0,0.2407900089,0.2673330474,0.03814518452,0.03997397423
3134,1.0,0.0,0.0,0.0,1.0,1.0,0.2440880043,0.2690803275,0.03839713335,0.03995376825
3135,1.0,0.0,0.0,0.0,1.0,1.0,0.2429315002,0.2653688701,0.03830611706,0.03959149122
3136,1.0,0.0,0.0,0.0,1.0,1.0,0.2424873448,0.2628288479,0.03827852011,0.03931307793
3137,1.0,0.0,0.0,0.0,1.0,1.0,0.242039275,0.2611785124,0.03776347637,0.03853422403
3138,1.0,0.0,0.0,0.0,1.0,1.0,0.2296239148,0.2533547161,0.03631454706,0.03788203001
3139,1.0,0.0,0.0,0.0,1.0,1.0,0.2171260328,0.2454771424,0.03403931856,0.0363779068
3140,1.0,0.0,0.0,0.0,1.0,1.0,0.2266944464,0.2524905968,0.03540992737,0.03721922636
3141,1.0,0.0,0.0,0.0,1.0,1.0,0.2257875272,0.2524908029,0.03543674946,0.0375213027
3142,1.0,0.0,0.0,0.0,1.0,1.0,0.2237556934,0.2489835465,0.03486120701,0.03666877747
3143,1.0,0.0,0.0,0.0,1.0,1.0,0.2174864076,0.2463413479,0.03395217657,0.03628480434
3144,1.0,0.0,0.0,0.0,1.0,1.0,0.2139272525,0.2392280737,0.0331146121,0.03492558002
3145,1.0,0.0,0.0,0.0,1.0,1.0,0.2158264016,0.2463416466,0.03394550085,0.03655672073
3146,1.0,0.0,0.0,0.0,1.0,1.0,0.2171260091,0.2445816491,0.03420436382,0.03629314899
3147,1.0,0.0,0.0,0.0,1.0,1.0,0.2073040173,0.2320131226,0.03193873167,0.03375637531
3148,1.0,0.0,0.0,0.0,1.0,1.0,0.2059150646,0.2355827574,0.03228121996,0.03464329243
3149,1.0,0.0,0.0,0.0,1.0,1.0,0.2052278249,0.23213972,0.03172445297,0.03378778696
3150,1.0,0.0,0.0,0.0,1.0,1.0,0.1985422304,0.2260222379,0.03076565266,0.03337293863
3151,1.0,0.0,0.0,0.0,1.0,1.0,0.1965291653,0.228443628,0.03036820889,0.03322327137
3152,1.0,0.0,0.0,0.0,1.0,1.0,0.1870794589,0.2213048988,0.02880066633,0.03217369318
3153,1.0,0.0,0.0,0.0,1.0,1.0,0.1881303562,0.2187390974,0.02912819386,0.03198897839
3154,1.0,0.0,0.0,0.0,1.0,1.0,0.1817165218,0.2159509177,0.02808856964,0.03146964312
3155,1.0,0.0,0.0,0.0,1.0,1.0,0.1571775505,0.1930328623,0.02391278744,0.02781152725
3156,1.0,0.0,0.0,0.0,1.0,1.0,0.1605940045,0.1937323031,0.02430856228,0.02767038345
3157,1.0,0.0,0.0,0.0,1.0,1.0,0.1577164991,0.1864902304,0.02386718988,0.02672088146
3158,1.0,0.0,0.0,0.0,1.0,1.0,0.1668574383,0.2009750175,0.02533006668,0.02869021893
3159,1.0,0.0,0.0,0.0,1.0,1.0,0.1682735987,0.2009745603,0.02596235275,0.02910923958
3160,1.0,0.0,0.0,0.0,1.0,1.0,0.1662877248,0.1998882889,0.02524250746,0.02862554789
3161,1.0,0.0,0.0,0.0,1.0,1.0,0.1682911468,0.1998885505,0.02548646927,0.02860724926
3162,1.0,0.0,0.0,0.0,1.0,1.0,0.1705530538,0.2074650146,0.02606600523,0.02997589111
3163,1.0,0.0,0.0,0.0,1.0,1.0,0.1725530252,0.2009746663,0.0262401104,0.02883815765
3164,1.0,0.0,0.0,0.0,1.0,1.0,0.1697164659,0.2009746462,0.02576708794,0.02889037132
3165,1.0,0.0,0.0,0.0,1.0,1.0,0.1680024153,0.1980713102,0.02540636063,0.02825808525
3166,1.0,0.0,0.0,0.0,1.0,1.0,0.1590805146,0.1947443452,0.02391445637,0.02755367756
3167,1.0,0.0,0.0,0.0,1.0,1.0,0.1430328682,0.1747144528,0.02089983225,0.0242960453
3168,1.0,0.0,0.0,0.0,1.0,1.0,0.1148994132,0.1460721603,0.01664733887,0.02008247375
3169,1.0,0.0,0.0,0.0,1.0,1.0,0.09518515324,0.1491415271,0.01358431578,0.0201151967
3170,1.0,0.0,0.0,0.0,1.0,1.0,0.1083951287,0.1497216581,0.01549422741,0.02022129297
3171,1.0,0.0,0.0,0.0,1.0,1.0,0.1120699448,0.1528559712,0.01614141464,0.02063983679
3172,1.0,0.0,0.0,0.0,1.0,1.0,0.1157441466,0.1530152421,0.01673907042,0.02099025249
3173,1.0,0.0,0.0,0.0,1.0,1.0,0.1249300769,0.1546756376,0.01751166582,0.02038675547
3174,1.0,0.0,0.0,0.0,1.0,1.0,0.1209748839,0.1572824563,0.01713502407,0.02082568407
3175,1.0,0.0,0.0,0.0,1.0,1.0,0.1193366587,0.1520889994,0.01686912775,0.02029561996
3176,1.0,0.0,0.0,0.0,1.0,1.0,0.1191141943,0.1612644598,0.01685208082,0.02132838964
3177,1.0,0.0,0.0,0.0,1.0,1.0,0.1172531308,0.1507095723,0.01667064428,0.02011060715
3178,1.0,0.0,0.0,0.0,1.0,1.0,0.1147507208,0.1534576588,0.01631623507,0.02052688599
3179,1.0,0.0,0.0,0.0,1.0,1.0,0.110639257,0.1469766548,0.01582932472,0.0197866559
3180,1.0,0.0,0.0,0.0,1.0,1.0,0.1163859862,0.1548157289,0.01670908928,0.02095270157
3181,1.0,0.0,0.0,0.0,1.0,1.0,0.1141164234,0.1469765694,0.01638138294,0.01981621981
3182,1.0,0.0,0.0,0.0,1.0,1.0,0.1159573299,0.1522587812,0.01664125919,0.02060347795
3183,1.0,0.0,0.0,0.0,1.0,1.0,0.1200808475,0.1554250956,0.01708263159,0.02076196671
3184,1.0,0.0,0.0,0.0,1.0,1.0,0.1350088774,0.1552919252,0.01886153221,0.0204333663
3185,1.0,0.0,0.0,0.0,1.0,1.0,0.1301159131,0.1439199206,0.01825517416,0.01904892921
3186,1.0,0.0,0.0,0.0,1.0,1.0,0.1242246232,0.145918481,0.0173022747,0.0191373229
3187,1.0,0.0,0.0,0.0,1.0,1.0,0.1291411916,0.1419208599,0.01833325624,0.01886469126
3188,1.0,0.0,0.0,0.0,1.0,1.0,0.1279888805,0.1459185966,0.01817256212,0.01950877905
3189,1.0,0.0,0.0,0.0,1.0,1.0,0.1287160278,0.1545321628,0.01810890436,0.02050566673
3190,1.0,0.0,0.0,0.0,1.0,1.0,0.1277481595,0.1459186929,0.01784950495,0.01916199923
3191,1.0,0.0,0.0,0.0,1.0,1.0,0.1296268118,0.1479175886,0.01827967167,0.01960432529
3192,1.0,0.0,0.0,0.0,1.0,1.0,0.1265588282,0.1487263074,0.01801818609,0.01987296343
3193,1.0,0.0,0.0,0.0,1.0,1.0,0.1145384286,0.1441882258,0.01635706425,0.0192591548
3194,1.0,0.0,0.0,0.0,1.0,1.0,0.1316519465,0.1593598984,0.01890361309,0.02156609297
3195,1.0,0.0,0.0,0.0,1.0,1.0,0.1267948048,0.1580144123,0.01789957285,0.021058321
3196,1.0,0.0,0.0,0.0,1.0,1.0,0.1328845324,0.1539139577,0.01891535521,0.02051383257
3197,1.0,0.0,0.0,0.0,1.0,1.0,0.1158228464,0.1539141621,0.01625072956,0.02018243074
3198,1.0,0.0,0.0,0.0,1.0,1.0,0.1265586456,0.1393648268,0.01819813251,0.01873344183
3199,1.0,0.0,0.0,0.0,1.0,1.0,0.1168179228,0.1413553809,0.01665425301,0.01876908541
3200,1.0,0.0,0.0,0.0,1.0,1.0,0.1172529687,0.1419209427,0.01658135653,0.01868695021
3201,1.0,0.0,0.0,0.0,1.0,1.0,0.106951414,0.1323370758,0.01519668102,0.01755475998
3202,1.0,0.0,0.0,0.0,1.0,1.0,0.1137425953,0.1333917707,0.01610338688,0.01768732071
3203,1.0,0.0,0.0,0.0,1.0,1.0,0.1036458907,0.1229471956,0.0148358345,0.01642537117
3204,1.0,0.0,0.0,0.0,1.0,1.0,0.09904354497,0.1095539198,0.01428329945,0.01480269432
3205,1.0,0.0,0.0,0.0,1.0,1.0,0.1175814514,0.1244516341,0.0172739625,0.0170122385
3206,1.0,0.0,0.0,0.0,1.0,1.0,0.1651403183,0.1830476808,0.02456647158,0.02559000254
3207,1.0,0.0,0.0,0.0,1.0,1.0,0.1911684504,0.2177355155,0.02953767776,0.03161048889
3208,1.0,0.0,0.0,0.0,1.0,1.0,0.2091855454,0.2366167919,0.03233468533,0.03438764811
3209,1.0,0.0,0.0,0.0,1.0,1.0,0.2248335815,0.2542440484,0.03528779745,0.03734838963
3210,1.0,0.0,0.0,0.0,1.0,1.0,0.2367958605,0.2629193488,0.03715670109,0.0386942029
3211,1.0,0.0,0.0,0.0,1.0,1.0,0.2338068079,0.2612579573,0.03625828028,0.03804570436
3212,1.0,0.0,0.0,0.0,1.0,1.0,0.2478224478,0.2733664259,0.03894901276,0.0402302146
3213,1.0,0.0,0.0,0.0,1.0,1.0,0.2474029093,0.2793578233,0.03912270069,0.04171359539
3214,1.0,0.0,0.0,0.0,1.0,1.0,0.2494552657,0.2810932819,0.03925406933,0.04129332304
3215,1.0,0.0,0.0,0.0,1.0,1.0,0.2510914676,0.2868116095,0.03958743811,0.04217481613
3216,1.0,0.0,0.0,0.0,1.0,1.0,0.2506796764,0.2813111663,0.03944253922,0.04150485992
3217,1.0,0.0,0.0,0.0,1.0,1.0,0.2601515053,0.289312006,0.04108190536,0.04290193319
3218,1.0,0.0,0.0,0.0,1.0,1.0,0.251099575,0.2797736093,0.03923046589,0.04103714228
3219,1.0,0.0,0.0,0.0,1.0,1.0,0.2527515072,0.2825277347,0.03968077898,0.04149621725
3220,1.0,0.0,0.0,0.0,1.0,1.0,0.2494473543,0.2797731812,0.03936517239,0.04145073891
3221,1.0,0.0,0.0,0.0,1.0,1.0,0.2527514584,0.2825279811,0.04009246826,0.0419268012
3222,1.0,0.0,0.0,0.0,1.0,1.0,0.2502692996,0.2770379107,0.03907257318,0.04034942389
3223,1.0,0.0,0.0,0.0,1.0,1.0,0.2482271684,0.2717784404,0.03909796476,0.0398697257
3224,1.0,0.0,0.0,0.0,1.0,1.0,0.2454202981,0.2708278336,0.03885746002,0.03962439299
3225,1.0,0.0,0.0,0.0,1.0,1.0,0.2546967224,0.2883007787,0.04062628746,0.04242616892
3226,1.0,0.0,0.0,0.0,1.0,1.0,0.2438055038,0.2805451432,0.03923356533,0.04157203436
3227,1.0,0.0,0.0,0.0,1.0,1.0,0.242976112,0.2789962939,0.03881204128,0.04088205099
3228,1.0,0.0,0.0,0.0,1.0,1.0,0.2462160244,0.286811469,0.0391510725,0.04198431969
3229,1.0,0.0,0.0,0.0,1.0,1.0,0.2543441309,0.2977059719,0.04086780548,0.04401147366
3230,1.0,0.0,0.0,0.0,1.0,1.0,0.2535167026,0.3005438687,0.04060155153,0.0439850688
3231,1.0,0.0,0.0,0.0,1.0,1.0,0.2457909853,0.2934300631,0.03911036253,0.0427364707
3232,1.0,0.0,0.0,0.0,1.0,1.0,0.2449931828,0.294478417,0.0392048955,0.04283976555
3233,1.0,0.0,0.0,0.0,1.0,1.0,0.2429313654,0.2955338851,0.03948348761,0.0437232852
3234,1.0,0.0,0.0,0.0,1.0,1.0,0.2420908339,0.2909090684,0.03818821907,0.04205864668
3235,1.0,0.0,0.0,0.0,1.0,1.0,0.2469978791,0.2973251257,0.03928178549,0.04318398237
3236,1.0,0.0,0.0,0.0,1.0,1.0,0.2425353334,0.2937429434,0.03898370266,0.04290831089
3237,1.0,0.0,0.0,0.0,1.0,1.0,0.244163213,0.2944781471,0.0385864377,0.04244506359
3238,1.0,0.0,0.0,0.0,1.0,1.0,0.2425354873,0.2934303639,0.03870928288,0.04286599159
3239,1.0,0.0,0.0,0.0,1.0,1.0,0.2458172616,0.2969874009,0.03969019651,0.04360705614
3240,1.0,0.0,0.0,0.0,1.0,1.0,0.2433704144,0.2898737814,0.03895765543,0.04233402014
3241,1.0,0.0,0.0,0.0,1.0,1.0,0.2416951202,0.2919516166,0.0387775898,0.04270774126
3242,1.0,0.0,0.0,0.0,1.0,1.0,0.2437263519,0.2965969139,0.03900849819,0.04319733381
3243,1.0,0.0,0.0,0.0,1.0,1.0,0.2433280607,0.2955338123,0.03890401125,0.0430816412
3244,1.0,0.0,0.0,0.0,1.0,1.0,0.2502695828,0.3001921317,0.04053598642,0.04424512386
3245,1.0,0.0,0.0,0.0,1.0,1.0,0.2400618289,0.2955338477,0.03832870722,0.04302203655
3246,1.0,0.0,0.0,0.0,1.0,1.0,0.2392802225,0.2919516178,0.03812992573,0.04228007793
3247,1.0,0.0,0.0,0.0,1.0,1.0,0.2363215109,0.2894068448,0.03783798218,0.04230493307
3248,1.0,0.0,0.0,0.0,1.0,1.0,0.2396035034,0.2940597857,0.0387198925,0.04322838783
3249,1.0,0.0,0.0,0.0,1.0,1.0,0.2408487593,0.2958636885,0.03895270824,0.04345750809
3250,1.0,0.0,0.0,0.0,1.0,1.0,0.2097189518,0.264240993,0.03330993652,0.03825438023
3251,1.0,0.0,0.0,0.0,1.0,1.0,0.2041343793,0.2615026276,0.03240519762,0.03784924746
3252,1.0,0.0,0.0,0.0,1.0,1.0,0.1410568867,0.193501034,0.02148598433,0.02698856592
3253,1.0,0.0,0.0,0.0,1.0,1.0,0.1349673524,0.1890331712,0.02072769403,0.02649998665
3254,1.0,0.0,0.0,0.0,1.0,1.0,0.1383843272,0.1901922207,0.02126294374,0.02677553892
3255,1.0,0.0,0.0,0.0,1.0,1.0,0.1437553979,0.20213405,0.02204233408,0.02834010124
3256,1.0,0.0,0.0,0.0,1.0,1.0,0.1615260284,0.2139029023,0.02549564838,0.0308072567
3257,1.0,0.0,0.0,0.0,1.0,1.0,0.1645940659,0.2220985507,0.02563089132,0.03170835972
3258,1.0,0.0,0.0,0.0,1.0,1.0,0.1693685004,0.2243272822,0.02636486292,0.03210771084
3259,1.0,0.0,0.0,0.0,1.0,1.0,0.1715709968,0.2317546376,0.02659547329,0.03305065632
3260,1.0,0.0,0.0,0.0,1.0,1.0,0.1844108679,0.2417424472,0.02955311537,0.03535825014
3261,1.0,0.0,0.0,0.0,1.0,1.0,0.2008763473,0.2507560712,0.03171426058,0.03639340401
3262,1.0,0.0,0.0,0.0,1.0,1.0,0.2005460411,0.2543706308,0.0319994092,0.03698289394
3263,1.0,0.0,0.0,0.0,1.0,1.0,0.1923265003,0.2480628282,0.03025251627,0.03568249941
3264,1.0,0.0,0.0,0.0,1.0,1.0,0.20119715,0.2569994282,0.03189778328,0.03734374046
3265,1.0,0.0,0.0,0.0,1.0,1.0,0.2025011667,0.2578629724,0.03214722872,0.03759151697
3266,1.0,0.0,0.0,0.0,1.0,1.0,0.2028326056,0.2587838212,0.03190618753,0.03730964661
3267,1.0,0.0,0.0,0.0,1.0,1.0,0.2070620993,0.2578631323,0.0328001976,0.03744906187
3268,1.0,0.0,0.0,0.0,1.0,1.0,0.2133457241,0.263293885,0.03353887796,0.03792470694
3269,1.0,0.0,0.0,0.0,1.0,1.0,0.2077399831,0.2615023998,0.03318423033,0.0381487608
3270,1.0,0.0,0.0,0.0,1.0,1.0,0.207062181,0.2615027733,0.03325682878,0.0382322669
3271,1.0,0.0,0.0,0.0,1.0,1.0,0.2002167263,0.2561298207,0.03184634447,0.03732812405
3272,1.0,0.0,0.0,0.0,1.0,1.0,0.2080807064,0.2624434258,0.03295105696,0.03788071871
3273,1.0,0.0,0.0,0.0,1.0,1.0,0.205767357,0.2597119209,0.03241318464,0.03730094433
3274,1.0,0.0,0.0,0.0,1.0,1.0,0.2044684684,0.2597116488,0.03268003464,0.0379088521
3275,1.0,0.0,0.0,0.0,1.0,1.0,0.2074006001,0.2605687667,0.03368324041,0.0387224555
3276,1.0,0.0,0.0,0.0,1.0,1.0,0.2054774673,0.2570508603,0.03220635653,0.03684407473
3277,1.0,0.0,0.0,0.0,1.0,1.0,0.1969344095,0.2525664439,0.03093349934,0.03608906269
3278,1.0,0.0,0.0,0.0,1.0,1.0,0.2018577334,0.257050962,0.03231203556,0.03756606579
3279,1.0,0.0,0.0,0.0,1.0,1.0,0.207739877,0.257920449,0.03321522474,0.03766137362
3280,1.0,0.0,0.0,0.0,1.0,1.0,0.2266269944,0.2720898186,0.03659927845,0.04028552771
3281,1.0,0.0,0.0,0.0,1.0,1.0,0.2153402305,0.2660382337,0.03415232897,0.03858429193
3282,1.0,0.0,0.0,0.0,1.0,1.0,0.2202716856,0.2660381949,0.03546380997,0.0391689539
3283,1.0,0.0,0.0,0.0,1.0,1.0,0.2257332649,0.2703117773,0.03592765331,0.03957247734
3284,1.0,0.0,0.0,0.0,1.0,1.0,0.2199100571,0.2704586133,0.03504008055,0.03948551416
3285,1.0,0.0,0.0,0.0,1.0,1.0,0.2182687076,0.2694921689,0.03491669893,0.03964227438
3286,1.0,0.0,0.0,0.0,1.0,1.0,0.2211880287,0.2704584767,0.03489464521,0.03903031349
3287,1.0,0.0,0.0,0.0,1.0,1.0,0.2268468884,0.2704581488,0.03586792946,0.03924679756
3288,1.0,0.0,0.0,0.0,1.0,1.0,0.2240971932,0.2704580586,0.03557670116,0.03921228647
3289,1.0,0.0,0.0,0.0,1.0,1.0,0.2188319255,0.2641379825,0.03531861305,0.0390086174
3290,1.0,0.0,0.0,0.0,1.0,1.0,0.2273690189,0.2677078807,0.03688710928,0.03980624676
3291,1.0,0.0,0.0,0.0,1.0,1.0,0.2343969552,0.2756467177,0.037353158,0.04020649195
3292,1.0,0.0,0.0,0.0,1.0,1.0,0.2339122206,0.2712769612,0.03697103262,0.03929781914
3293,1.0,0.0,0.0,0.0,1.0,1.0,0.2233662698,0.2685331592,0.03579968214,0.03945803642
3294,1.0,0.0,0.0,0.0,1.0,1.0,0.2156951885,0.2660386291,0.03433179855,0.03878706694
3295,1.0,0.0,0.0,0.0,1.0,1.0,0.212153393,0.2579786437,0.03354024887,0.03747075796
3296,1.0,0.0,0.0,0.0,1.0,1.0,0.2074006776,0.2560846122,0.03344553709,0.03792244196
3297,1.0,0.0,0.0,0.0,1.0,1.0,0.213583959,0.2569486498,0.03438770771,0.03806269169
3298,1.0,0.0,0.0,0.0,1.0,1.0,0.2070619559,0.2507496509,0.03333806992,0.0370131731
3299,1.0,0.0,0.0,0.0,1.0,1.0,0.2084222665,0.2543386736,0.03333753347,0.03727507591
3300,1.0,0.0,0.0,0.0,1.0,1.0,0.2152141803,0.2641383718,0.03418296576,0.03832638264
3301,1.0,0.0,0.0,0.0,1.0,1.0,0.2090335802,0.2507494001,0.03349870443,0.03690087795
3302,1.0,0.0,0.0,0.0,1.0,1.0,0.2077397627,0.2489712559,0.03324097395,0.03664362431
3303,1.0,0.0,0.0,0.0,1.0,1.0,0.2173415226,0.2632936668,0.03466677666,0.03860616684
3304,1.0,0.0,0.0,0.0,1.0,1.0,0.2149865318,0.2614199236,0.03425431252,0.03843808174
3305,1.0,0.0,0.0,0.0,1.0,1.0,0.2179113593,0.2631983264,0.03448301554,0.03837203979
3306,1.0,0.0,0.0,0.0,1.0,1.0,0.2235594387,0.2740404318,0.03574728966,0.04021567106
3307,1.0,0.0,0.0,0.0,1.0,1.0,0.2117044094,0.2578631775,0.03390258551,0.03810757399
3308,1.0,0.0,0.0,0.0,1.0,1.0,0.2120527765,0.2552145143,0.03348755836,0.03712183237
3309,1.0,0.0,0.0,0.0,1.0,1.0,0.2148634943,0.2596413772,0.03432190418,0.03796213865
3310,1.0,0.0,0.0,0.0,1.0,1.0,0.2028568173,0.2480756379,0.03206914663,0.03624075651
3311,1.0,0.0,0.0,0.0,1.0,1.0,0.2179109721,0.2641382829,0.03491669893,0.03885471821
3312,1.0,0.0,0.0,0.0,1.0,1.0,0.2120528169,0.2632940662,0.03360390663,0.03829282522
3313,1.0,0.0,0.0,0.0,1.0,1.0,0.2129956898,0.2587842398,0.03399276733,0.03791505098
3314,1.0,0.0,0.0,0.0,1.0,1.0,0.2173416945,0.2597118069,0.03489482403,0.03833144903
3315,1.0,0.0,0.0,0.0,1.0,1.0,0.2220980117,0.2694925361,0.03554368019,0.03946399689
3316,1.0,0.0,0.0,0.0,1.0,1.0,0.2142832075,0.2686669363,0.03402751684,0.03896272182
3317,1.0,0.0,0.0,0.0,1.0,1.0,0.1594306495,0.2114920467,0.02416199446,0.02935808897
3318,1.0,0.0,0.0,0.0,1.0,1.0,0.09200624229,0.1834914024,0.01340979338,0.02471613884
3319,1.0,0.0,0.0,0.0,1.0,1.0,0.09689390382,0.1801318422,0.01417523623,0.02441287041
3320,1.0,0.0,0.0,0.0,1.0,1.0,0.1288481596,0.1798236694,0.01933628321,0.02482354641
3321,1.0,0.0,0.0,0.0,1.0,1.0,0.1427775032,0.1901922677,0.02167707682,0.0266392827
3322,1.0,0.0,0.0,0.0,1.0,1.0,0.1403029601,0.1897439624,0.02134096622,0.02661037445
3323,1.0,0.0,0.0,0.0,1.0,1.0,0.1407907368,0.1859860876,0.02136403322,0.02611160278
3324,1.0,0.0,0.0,0.0,1.0,1.0,0.1432704513,0.1920568974,0.02161490917,0.02682334185
3325,1.0,0.0,0.0,0.0,1.0,1.0,0.1484490978,0.1980025728,0.02249729633,0.02746760845
3326,1.0,0.0,0.0,0.0,1.0,1.0,0.1467231212,0.1927760707,0.02252185345,0.0272911191
3327,1.0,0.0,0.0,0.0,1.0,1.0,0.129461188,0.1815465813,0.01955580711,0.02529221773
3328,1.0,0.0,0.0,0.0,1.0,1.0,0.1294614991,0.1803504122,0.01989716291,0.02546834946
3329,1.0,0.0,0.0,0.0,1.0,1.0,0.1305113738,0.1803507408,0.01987278461,0.02510249615
3330,1.0,0.0,0.0,0.0,1.0,1.0,0.1034509311,0.1608297166,0.01549512148,0.02206087112
3331,1.0,0.0,0.0,0.0,1.0,1.0,0.10643901,0.1896174873,0.01555907726,0.02531641722
3332,1.0,0.0,0.0,0.0,1.0,1.0,0.09941139354,0.1840055294,0.01487243176,0.02523005009
3333,1.0,0.0,0.0,0.0,1.0,1.0,0.1120529167,0.2014685194,0.01631808281,0.02684593201
3334,1.0,0.0,0.0,0.0,1.0,1.0,0.1231455849,0.1975181445,0.01811075211,0.02624744177
3335,1.0,0.0,0.0,0.0,1.0,1.0,0.1090622372,0.1979286885,0.01600259542,0.02649617195
3336,1.0,0.0,0.0,0.0,1.0,1.0,0.117051789,0.2054189159,0.01709324121,0.02734917402
3337,1.0,0.0,0.0,0.0,1.0,1.0,0.116841238,0.2144473785,0.01692652702,0.0283845067
3338,1.0,0.0,0.0,0.0,1.0,1.0,0.1130426278,0.2077273806,0.01643007994,0.02764433622
3339,1.0,0.0,0.0,0.0,1.0,1.0,0.1355481545,0.2105121067,0.01974183321,0.0281649828
3340,1.0,0.0,0.0,0.0,1.0,1.0,0.1200046383,0.209686778,0.01764184237,0.02817428112
3341,1.0,0.0,0.0,0.0,1.0,1.0,0.133499256,0.2152949518,0.01909333467,0.0281240344
3342,1.0,0.0,0.0,0.0,1.0,1.0,0.1448464534,0.2178784468,0.02123075724,0.02892696857
3343,1.0,0.0,0.0,0.0,1.0,1.0,0.1381047223,0.217878395,0.01992326975,0.02857416868
3344,1.0,0.0,0.0,0.0,1.0,1.0,0.1375380087,0.2144548104,0.01982414722,0.02801805735
3345,1.0,0.0,0.0,0.0,1.0,1.0,0.1406894141,0.2144552782,0.02029663324,0.02794080973
3346,1.0,0.0,0.0,0.0,1.0,1.0,0.1461705722,0.2205246256,0.02126836777,0.02897816896
3347,1.0,0.0,0.0,0.0,1.0,1.0,0.1326533736,0.2187533388,0.01937037706,0.02892285585
3348,1.0,0.0,0.0,0.0,1.0,1.0,0.1278994473,0.2167467532,0.01835995913,0.02832680941
3349,1.0,0.0,0.0,0.0,1.0,1.0,0.1299639987,0.2167466541,0.0187780261,0.02856379747
3350,1.0,0.0,0.0,0.0,1.0,1.0,0.1194185078,0.2196356348,0.01729470491,0.02900195122
3351,1.0,0.0,0.0,0.0,1.0,1.0,0.09085837196,0.2193893305,0.01308494806,0.02884024382
3352,1.0,0.0,0.0,0.0,1.0,1.0,0.07673930424,0.2095603783,0.01109308004,0.02746868134
3353,1.0,0.0,0.0,0.0,1.0,1.0,0.1024608506,0.179741577,0.01562416553,0.02494382858
3354,1.0,0.0,0.0,0.0,1.0,1.0,0.1614220503,0.2259273053,0.02650028467,0.03326624632
3355,1.0,0.0,0.0,0.0,1.0,1.0,0.2187330333,0.2713842159,0.03667998314,0.04091233015
3356,1.0,0.0,0.0,0.0,1.0,1.0,0.2366229472,0.2837242282,0.04033339024,0.04371798038
3357,1.0,0.0,0.0,0.0,1.0,1.0,0.2330392058,0.2834778619,0.03962427378,0.0435308218
3358,1.0,0.0,0.0,0.0,1.0,1.0,0.2559744774,0.3001920223,0.04358166456,0.04635757208
3359,1.0,0.0,0.0,0.0,1.0,1.0,0.2687025413,0.3073821166,0.04546147585,0.04740184546
3360,1.0,0.0,0.0,0.0,1.0,1.0,0.2776227382,0.3194644945,0.04836714268,0.05092775822
3361,1.0,0.0,0.0,0.0,1.0,1.0,0.2806311823,0.3247285578,0.04787367582,0.05039340258
3362,1.0,0.0,0.0,0.0,1.0,1.0,0.283229698,0.3266032903,0.04751616716,0.04997384548
3363,1.0,0.0,0.0,0.0,1.0,1.0,0.2797131174,0.3158950571,0.04657167196,0.0482057333
3364,1.0,0.0,0.0,0.0,1.0,1.0,0.295290011,0.3283881336,0.04923832417,0.04977935553
3365,1.0,0.0,0.0,0.0,1.0,1.0,0.2939537772,0.3277741152,0.04914402962,0.04996305704
3366,1.0,0.0,0.0,0.0,1.0,1.0,0.3052479616,0.3373566773,0.05024796724,0.0505181551
3367,1.0,0.0,0.0,0.0,1.0,1.0,0.290478479,0.3240943388,0.04765403271,0.04819244146
3368,1.0,0.0,0.0,0.0,1.0,1.0,0.2934739607,0.3217623412,0.04783064127,0.04756486416
3369,1.0,0.0,0.0,0.0,1.0,1.0,0.2871961647,0.3145722677,0.04680502415,0.04680496454
3370,1.0,0.0,0.0,0.0,1.0,1.0,0.2890543189,0.3181676867,0.04635971785,0.04635971785
3371,1.0,0.0,0.0,0.0,1.0,1.0,0.2804305487,0.3112141179,0.04485082626,0.04563313723
3372,1.0,0.0,0.0,0.0,1.0,1.0,0.2652241175,0.3023223959,0.04251497984,0.04407042265
3373,1.0,0.0,0.0,0.0,1.0,1.0,0.2631808607,0.3033396664,0.04207020998,0.04465126991
3374,1.0,0.0,0.0,0.0,1.0,1.0,0.2551077477,0.2966540581,0.04051673412,0.04308110476
3375,1.0,0.0,0.0,0.0,1.0,1.0,0.2578177856,0.3005313278,0.04165130854,0.04422235489
3376,1.0,0.0,0.0,0.0,1.0,1.0,0.2458690418,0.2928187232,0.03910905123,0.04241043329
3377,1.0,0.0,0.0,0.0,1.0,1.0,0.2550411578,0.3005313934,0.04138290882,0.04448658228
3378,1.0,0.0,0.0,0.0,1.0,1.0,0.2510599987,0.2987845233,0.04034465551,0.04394227266
3379,1.0,0.0,0.0,0.0,1.0,1.0,0.2570451981,0.3029666054,0.04153376818,0.04488736391
3380,1.0,0.0,0.0,0.0,1.0,1.0,0.2421912485,0.2966540083,0.0388417244,0.04350268841
3381,1.0,0.0,0.0,0.0,1.0,1.0,0.2438056932,0.2984201247,0.03908509016,0.04374426603
3382,1.0,0.0,0.0,0.0,1.0,1.0,0.2486498066,0.3008883996,0.04009312391,0.0445189476
3383,1.0,0.0,0.0,0.0,1.0,1.0,0.2514723813,0.3037173123,0.04056560993,0.04472619295
3384,1.0,0.0,0.0,0.0,1.0,1.0,0.2482484026,0.3023225307,0.03981977701,0.04395693541
3385,1.0,0.0,0.0,0.0,1.0,1.0,0.2478486172,0.3012501059,0.03995096684,0.04410171509
3386,1.0,0.0,0.0,0.0,1.0,1.0,0.2446301209,0.2977059718,0.03929227591,0.04342824221
3387,1.0,0.0,0.0,0.0,1.0,1.0,0.2466364612,0.2998326239,0.03980058432,0.04370260239
3388,1.0,0.0,0.0,0.0,1.0,1.0,0.2551765595,0.3055848374,0.0406858325,0.04433715343
3389,1.0,0.0,0.0,0.0,1.0,1.0,0.2547279472,0.304489626,0.04106259346,0.04446268082
3390,1.0,0.0,0.0,0.0,1.0,1.0,0.2474029923,0.3005570671,0.03948843479,0.04341113567
3391,1.0,0.0,0.0,0.0,1.0,1.0,0.2445616603,0.2930019477,0.03940981627,0.04282534122
3392,1.0,0.0,0.0,0.0,1.0,1.0,0.2445620067,0.2965968176,0.03887492418,0.04276233912
3393,1.0,0.0,0.0,0.0,1.0,1.0,0.236231733,0.2852949324,0.03763085604,0.04131495953
3394,1.0,0.0,0.0,0.0,1.0,1.0,0.2367101627,0.2832351643,0.03771078587,0.04111516476
3395,1.0,0.0,0.0,0.0,1.0,1.0,0.2498605442,0.2987459195,0.04001384974,0.04343605042
3396,1.0,0.0,0.0,0.0,1.0,1.0,0.2437663551,0.2991160315,0.03916096687,0.04359918833
3397,1.0,0.0,0.0,0.0,1.0,1.0,0.2490409435,0.2983948569,0.03978931904,0.04345422983
3398,1.0,0.0,0.0,0.0,1.0,1.0,0.2441632621,0.2937428519,0.03945696354,0.04313963652
3399,1.0,0.0,0.0,0.0,1.0,1.0,0.2457907478,0.2973249254,0.03951925039,0.04344505072
3400,1.0,0.0,0.0,0.0,1.0,1.0,0.2527136951,0.3016172688,0.04062002897,0.04428893328
3401,1.0,0.0,0.0,0.0,1.0,1.0,0.2474188617,0.291951579,0.03933489323,0.04218149185
3402,1.0,0.0,0.0,0.0,1.0,1.0,0.2413007285,0.2947996136,0.03888702393,0.04309105873
3403,1.0,0.0,0.0,0.0,1.0,1.0,0.2457911442,0.2919514676,0.03934377432,0.04247039557
3404,1.0,0.0,0.0,0.0,1.0,1.0,0.2377312845,0.2926936817,0.03830009699,0.04272937775
3405,1.0,0.0,0.0,0.0,1.0,1.0,0.2421913521,0.2934305343,0.03919523954,0.04311472178
3406,1.0,0.0,0.0,0.0,1.0,1.0,0.2272922548,0.2792035636,0.03650188446,0.04064399004
3407,1.0,0.0,0.0,0.0,1.0,1.0,0.227145918,0.2845386994,0.03650313616,0.04171788692
3408,1.0,0.0,0.0,0.0,1.0,1.0,0.2235379863,0.280200681,0.03586757183,0.04080587626
3409,1.0,0.0,0.0,0.0,1.0,1.0,0.2253643664,0.2812047787,0.03551125526,0.04040044546
3410,1.0,0.0,0.0,0.0,1.0,1.0,0.2275149551,0.2829961165,0.03646612167,0.04115468264
3411,1.0,0.0,0.0,0.0,1.0,1.0,0.2219180165,0.2756464835,0.03545922041,0.04011809826
3412,1.0,0.0,0.0,0.0,1.0,1.0,0.2348768125,0.2855548369,0.03763097525,0.04152387381
3413,1.0,0.0,0.0,0.0,1.0,1.0,0.2303907603,0.2829964081,0.03649944067,0.04061210155
3414,1.0,0.0,0.0,0.0,1.0,1.0,0.2267777102,0.2819854915,0.03655546904,0.04125547409
3415,1.0,0.0,0.0,0.0,1.0,1.0,0.2267778053,0.2802005043,0.03623229265,0.0406318903
3416,1.0,0.0,0.0,0.0,1.0,1.0,0.2336356058,0.2855549375,0.03736758232,0.04151958227
3417,1.0,0.0,0.0,0.0,1.0,1.0,0.2316373219,0.285554848,0.03707367182,0.04148101807
3418,1.0,0.0,0.0,0.0,1.0,1.0,0.2295135179,0.2829963328,0.03687751293,0.04132378101
3419,1.0,0.0,0.0,0.0,1.0,1.0,0.2372662036,0.2873394393,0.03744322062,0.04129004478
3420,1.0,0.0,0.0,0.0,1.0,1.0,0.23889084,0.2898735278,0.03815245628,0.04230511189
3421,1.0,0.0,0.0,0.0,1.0,1.0,0.2361143171,0.2898739103,0.03813558817,0.042576015
3422,1.0,0.0,0.0,0.0,1.0,1.0,0.2356406733,0.2880952917,0.03755533695,0.04195839167
3423,1.0,0.0,0.0,0.0,1.0,1.0,0.236024648,0.2873395456,0.03776049614,0.04192715883
3424,1.0,0.0,0.0,0.0,1.0,1.0,0.2364970278,0.2880954491,0.03772741556,0.04186189175
3425,1.0,0.0,0.0,0.0,1.0,1.0,0.2385031916,0.2909091505,0.03814071417,0.04229211807
3426,1.0,0.0,0.0,0.0,1.0,1.0,0.2344967449,0.2870736564,0.03789240122,0.04233497381
3427,1.0,0.0,0.0,0.0,1.0,1.0,0.2336357335,0.2837704098,0.03725588322,0.04113674164
3428,1.0,0.0,0.0,0.0,1.0,1.0,0.2360248214,0.2883695279,0.03744351864,0.04157519341
3429,1.0,0.0,0.0,0.0,1.0,1.0,0.2348767411,0.2873394251,0.03774291277,0.04190766811
3430,1.0,0.0,0.0,0.0,1.0,1.0,0.2340154934,0.2883693456,0.03750294447,0.04193037748
3431,1.0,0.0,0.0,0.0,1.0,1.0,0.2372656975,0.2901606942,0.03790718317,0.0420614481
3432,1.0,0.0,0.0,0.0,1.0,1.0,0.2421910306,0.2898736033,0.03872287273,0.04207885265
3433,1.0,0.0,0.0,0.0,1.0,1.0,0.2360245719,0.2912043654,0.03795701265,0.04240715504
3434,1.0,0.0,0.0,0.0,1.0,1.0,0.2413005493,0.2894065701,0.03901576996,0.04244285822
3435,1.0,0.0,0.0,0.0,1.0,1.0,0.2441631997,0.2909091578,0.03905463219,0.04243940115
3436,1.0,0.0,0.0,0.0,1.0,1.0,0.2381165608,0.2873394705,0.03769475222,0.04128473997
3437,1.0,0.0,0.0,0.0,1.0,1.0,0.2417482032,0.2891242124,0.03835350275,0.04169976711
3438,1.0,0.0,0.0,0.0,1.0,1.0,0.2401254082,0.2870736971,0.038392663,0.04202443361
3439,1.0,0.0,0.0,0.0,1.0,1.0,0.2438059727,0.2913563935,0.03875565529,0.04234880209
3440,1.0,0.0,0.0,0.0,1.0,1.0,0.2398015246,0.2860592061,0.03869819641,0.04207456112
3441,1.0,0.0,0.0,0.0,1.0,1.0,0.2438444893,0.2931226635,0.03920251131,0.04281330109
3442,1.0,0.0,0.0,0.0,1.0,1.0,0.2438444832,0.2903312648,0.03920143843,0.0425542593
3443,1.0,0.0,0.0,0.0,1.0,1.0,0.2354454064,0.2805453235,0.03789544106,0.04124677181
3444,1.0,0.0,0.0,0.0,1.0,1.0,0.2394161057,0.2853017493,0.03835058212,0.04143923521
3445,1.0,0.0,0.0,0.0,1.0,1.0,0.2278858935,0.2766310804,0.03624624014,0.04012972116
3446,1.0,0.0,0.0,0.0,1.0,1.0,0.2291404544,0.275646356,0.0366306901,0.04026770592
3447,1.0,0.0,0.0,0.0,1.0,1.0,0.2461920351,0.2891240026,0.03916412592,0.04201710224
3448,1.0,0.0,0.0,0.0,1.0,1.0,0.2437267074,0.2817577858,0.03838783503,0.04096418619
3449,1.0,0.0,0.0,0.0,1.0,1.0,0.2437263992,0.2891243471,0.03859633207,0.04196381569
3450,1.0,0.0,0.0,0.0,1.0,1.0,0.2428857759,0.2865780301,0.0383234024,0.04143065214
3451,1.0,0.0,0.0,0.0,1.0,1.0,0.2437266891,0.2873395678,0.03870135546,0.04181820154
3452,1.0,0.0,0.0,0.0,1.0,1.0,0.2482270931,0.2926937863,0.03933048248,0.04243558645
3453,1.0,0.0,0.0,0.0,1.0,1.0,0.249046681,0.2878250033,0.03953921795,0.04212343693
3454,1.0,0.0,0.0,0.0,1.0,1.0,0.2449614209,0.2898739819,0.03923922777,0.04263997078
3455,1.0,0.0,0.0,0.0,1.0,1.0,0.2433281597,0.2863167328,0.03884482384,0.04197323322
3456,1.0,0.0,0.0,0.0,1.0,1.0,0.2413009523,0.2827602189,0.03838419914,0.04123705626
3457,1.0,0.0,0.0,0.0,1.0,1.0,0.2498604244,0.2898734203,0.03985279799,0.04245752096
3458,1.0,0.0,0.0,0.0,1.0,1.0,0.2364092632,0.2819853511,0.03762435913,0.0409976244
3459,1.0,0.0,0.0,0.0,1.0,1.0,0.246215984,0.2888457866,0.0394744873,0.04233115911
3460,1.0,0.0,0.0,0.0,1.0,1.0,0.2401258789,0.2827599682,0.03853797913,0.04140222073
3461,1.0,0.0,0.0,0.0,1.0,1.0,0.2498605794,0.287339473,0.03951656818,0.0415827632
3462,1.0,0.0,0.0,0.0,1.0,1.0,0.2498607758,0.2909092541,0.03989994526,0.04250776768
3463,1.0,0.0,0.0,0.0,1.0,1.0,0.239603429,0.2812049431,0.03799885511,0.04086178541
3464,1.0,0.0,0.0,0.0,1.0,1.0,0.2465725154,0.2880956153,0.03923898935,0.04237818718
3465,1.0,0.0,0.0,0.0,1.0,1.0,0.2449291871,0.2858115589,0.03880220652,0.04140633345
3466,1.0,0.0,0.0,0.0,1.0,1.0,0.2428854431,0.2819853711,0.0390881896,0.04172933102
3467,1.0,0.0,0.0,0.0,1.0,1.0,0.2461681108,0.2894065348,0.03918218613,0.04205548763
3468,1.0,0.0,0.0,0.0,1.0,1.0,0.2453325134,0.288647663,0.0391870141,0.04208004475
3469,1.0,0.0,0.0,0.0,1.0,1.0,0.2239549616,0.2745717264,0.03505891562,0.03924506903
3470,1.0,0.0,0.0,0.0,1.0,1.0,0.1337542546,0.2124318395,0.01891630888,0.0275862813
3471,1.0,0.0,0.0,0.0,1.0,1.0,0.1553442678,0.221188236,0.02218168974,0.02886289358
3472,1.0,0.0,0.0,0.0,1.0,1.0,0.1681482431,0.2290388223,0.02360653877,0.02917659283
3473,1.0,0.0,0.0,0.0,1.0,1.0,0.1824074862,0.2352855246,0.02560949326,0.03014457226
3474,1.0,0.0,0.0,0.0,1.0,1.0,0.1615064835,0.2165454451,0.02264487743,0.02770668268
3475,1.0,0.0,0.0,0.0,1.0,1.0,0.1734876591,0.2280885041,0.02480363846,0.02965658903
3476,1.0,0.0,0.0,0.0,1.0,1.0,0.1694295192,0.2204648383,0.02404087782,0.02836275101
3477,1.0,0.0,0.0,0.0,1.0,1.0,0.1733138444,0.2340465091,0.02451705933,0.03023767471
3478,1.0,0.0,0.0,0.0,1.0,1.0,0.1903698426,0.2414618948,0.02695351839,0.03099656105
3479,1.0,0.0,0.0,0.0,1.0,1.0,0.1914638436,0.2382633155,0.02686160803,0.03035360575
3480,1.0,0.0,0.0,0.0,1.0,1.0,0.1964220885,0.2392730164,0.02774995565,0.03074258566
3481,1.0,0.0,0.0,0.0,1.0,1.0,0.2026161889,0.2477245973,0.02797836065,0.03120654821
3482,1.0,0.0,0.0,0.0,1.0,1.0,0.2018677884,0.2498606165,0.02798074484,0.03154689074
3483,1.0,0.0,0.0,0.0,1.0,1.0,0.212306329,0.2531624559,0.02916038036,0.0316362381
3484,1.0,0.0,0.0,0.0,1.0,1.0,0.2227674362,0.26857233,0.03037446737,0.03338450193
3485,1.0,0.0,0.0,0.0,1.0,1.0,0.2306403244,0.2641694649,0.03053742647,0.03214466572
3486,1.0,0.0,0.0,0.0,1.0,1.0,0.2225476462,0.2509517216,0.02976971865,0.0311229229
3487,1.0,0.0,0.0,0.0,1.0,1.0,0.2202853354,0.2421554971,0.02956444025,0.03011190891
3488,1.0,0.0,0.0,0.0,1.0,1.0,0.208808305,0.2281332738,0.02816772461,0.02871465683
3489,1.0,0.0,0.0,0.0,1.0,1.0,0.2011072081,0.2293091487,0.02710354328,0.02901995182
3490,1.0,0.0,0.0,0.0,1.0,1.0,0.1889191019,0.2191757643,0.02534586191,0.02725356817
3491,1.0,0.0,0.0,0.0,1.0,1.0,0.1686301095,0.2116723695,0.02226185799,0.02633416653
3492,1.0,0.0,0.0,0.0,1.0,1.0,0.1488102943,0.1981649605,0.01997518539,0.02483397722
3493,1.0,0.0,0.0,0.0,1.0,1.0,0.1361961805,0.193857402,0.01855605841,0.02455955744
3494,1.0,0.0,0.0,0.0,1.0,1.0,0.1467992355,0.1908806978,0.01967543364,0.02398788929
3495,1.0,0.0,0.0,0.0,1.0,1.0,0.1410740607,0.1729801345,0.01902490854,0.02170449495
3496,1.0,0.0,0.0,0.0,1.0,1.0,0.131926474,0.1594853552,0.01788592339,0.02032488585
3497,1.0,0.0,0.0,0.0,1.0,1.0,0.1379898253,0.1545749746,0.01873213053,0.01953500509
3498,1.0,0.0,0.0,0.0,1.0,1.0,0.1439042411,0.1539224282,0.01957839727,0.01957833767
3499,1.0,0.0,0.0,0.0,1.0,1.0,0.1581146395,0.1574749282,0.02170819044,0.02010017633
3500,1.0,0.0,0.0,0.0,1.0,1.0,0.1941772341,0.1937692436,0.02708488703,0.02522611618
3501,1.0,0.0,0.0,0.0,1.0,1.0,0.1858544213,0.193440318,0.02591782808,0.02538889647
3502,1.0,0.0,0.0,0.0,1.0,1.0,0.1949665836,0.1994854887,0.02741920948,0.02635443211
3503,1.0,0.0,0.0,0.0,1.0,1.0,0.2010264858,0.2072013612,0.02832323313,0.02725440264
3504,1.0,0.0,0.0,0.0,1.0,1.0,0.1960446079,0.2048037616,0.02694708109,0.02641868591
3505,1.0,0.0,0.0,0.0,1.0,1.0,0.1930087906,0.1998882226,0.0271115303,0.02630621195
3506,1.0,0.0,0.0,0.0,1.0,1.0,0.1891868153,0.1950131393,0.02651137114,0.02570801973
3507,1.0,0.0,0.0,0.0,1.0,1.0,0.1873953698,0.1949120462,0.02576428652,0.02522754669
3508,1.0,0.0,0.0,0.0,1.0,1.0,0.1889786116,0.1949117904,0.02592867613,0.02512669563
3509,1.0,0.0,0.0,0.0,1.0,1.0,0.1979478011,0.198236395,0.02734804153,0.02573931217
3510,1.0,0.0,0.0,0.0,1.0,1.0,0.1971555033,0.1886913757,0.02726018429,0.02456116676
3511,1.0,0.0,0.0,0.0,1.0,1.0,0.1931860273,0.1811488845,0.02640891075,0.02344465256
3512,1.0,0.0,0.0,0.0,1.0,1.0,0.2061108618,0.1949117751,0.02881580591,0.0255535841
3513,1.0,0.0,0.0,0.0,1.0,1.0,0.1998883604,0.1953644639,0.02781146765,0.02565139532
3514,1.0,0.0,0.0,0.0,1.0,1.0,0.1931862809,0.1910693169,0.02687263489,0.0249530673
3515,1.0,0.0,0.0,0.0,1.0,1.0,0.208544815,0.1978058325,0.02855700254,0.02559351921
3516,1.0,0.0,0.0,0.0,1.0,1.0,0.2117626706,0.2007247345,0.02943974733,0.02641326189
3517,1.0,0.0,0.0,0.0,1.0,1.0,0.2065778782,0.1923612714,0.02891343832,0.02533364296
3518,1.0,0.0,0.0,0.0,1.0,1.0,0.1994935603,0.1860883112,0.027536273,0.02426457405
3519,1.0,0.0,0.0,0.0,1.0,1.0,0.1971286148,0.1931694858,0.02727293968,0.02509111166
3520,1.0,0.0,0.0,0.0,1.0,1.0,0.2014527414,0.1915594091,0.02822393179,0.0252097249
3521,1.0,0.0,0.0,0.0,1.0,1.0,0.2022447336,0.1957239443,0.02788972855,0.02545273304
3522,1.0,0.0,0.0,0.0,1.0,1.0,0.1956271235,0.2032061177,0.02786761522,0.02703988552
3523,1.0,0.0,0.0,0.0,1.0,1.0,0.1909266897,0.1894776388,0.02719420195,0.02525174618
3524,1.0,0.0,0.0,0.0,1.0,1.0,0.1924997144,0.1949119973,0.02734786272,0.02596664429
3525,1.0,0.0,0.0,0.0,1.0,1.0,0.1912150819,0.1973688491,0.02686792612,0.02603691816
3526,1.0,0.0,0.0,0.0,1.0,1.0,0.2018477435,0.2111794744,0.02846574783,0.02791309357
3527,1.0,0.0,0.0,0.0,1.0,1.0,0.1959690113,0.206635869,0.02808380127,0.0275221467
3528,1.0,0.0,0.0,0.0,1.0,1.0,0.197909445,0.2190268398,0.02754753828,0.02837395668
3529,1.0,0.0,0.0,0.0,1.0,1.0,0.188130388,0.2202157132,0.02663832903,0.02885812521
3530,1.0,0.0,0.0,0.0,1.0,1.0,0.1912143674,0.2202161465,0.02661371231,0.02853435278
3531,1.0,0.0,0.0,0.0,1.0,1.0,0.197518187,0.2277213094,0.02739018202,0.02958142757
3532,1.0,0.0,0.0,0.0,1.0,1.0,0.2002811833,0.236155322,0.02834308147,0.03112185001
3533,1.0,0.0,0.0,0.0,1.0,1.0,0.2049638715,0.242542304,0.02934199572,0.03241586685
3534,1.0,0.0,0.0,0.0,1.0,1.0,0.213473112,0.2498604246,0.03031283617,0.03334408998
3535,1.0,0.0,0.0,0.0,1.0,1.0,0.2107137089,0.2456959719,0.02982491255,0.03228753805
3536,1.0,0.0,0.0,0.0,1.0,1.0,0.2149962156,0.2467758927,0.0304928422,0.03296524286
3537,1.0,0.0,0.0,0.0,1.0,1.0,0.2214562268,0.2590390113,0.03149479628,0.03478121758
3538,1.0,0.0,0.0,0.0,1.0,1.0,0.2233820346,0.2590389921,0.03201252222,0.03504818678
3539,1.0,0.0,0.0,0.0,1.0,1.0,0.2229525133,0.2640801105,0.03226101398,0.0361545682
3540,1.0,0.0,0.0,0.0,1.0,1.0,0.2253077703,0.2539232737,0.03249949217,0.03472167253
3541,1.0,0.0,0.0,0.0,1.0,1.0,0.2160957215,0.2508722857,0.03052580357,0.03379642963
3542,1.0,0.0,0.0,0.0,1.0,1.0,0.2220985075,0.2528952645,0.03179240227,0.03425902128
3543,1.0,0.0,0.0,0.0,1.0,1.0,0.2303478074,0.2629056648,0.03338593245,0.03614509106
3544,1.0,0.0,0.0,0.0,1.0,1.0,0.2274066319,0.2650342088,0.03294873238,0.03627127409
3545,1.0,0.0,0.0,0.0,1.0,1.0,0.2233817225,0.2569415374,0.03224629164,0.03530418873
3546,1.0,0.0,0.0,0.0,1.0,1.0,0.2218838738,0.2601007227,0.03194779158,0.03528147936
3547,1.0,0.0,0.0,0.0,1.0,1.0,0.2220982085,0.2581205153,0.03186988831,0.03494507074
3548,1.0,0.0,0.0,0.0,1.0,1.0,0.2018292852,0.2467500045,0.02908968925,0.0332852602
3549,1.0,0.0,0.0,0.0,1.0,1.0,0.1809515282,0.2465290051,0.02409136295,0.0310946703
3550,1.0,0.0,0.0,0.0,1.0,1.0,0.1571452822,0.2398658556,0.02146410942,0.03090822697
3551,1.0,0.0,0.0,0.0,1.0,1.0,0.1169778042,0.2150971661,0.01621192694,0.02815753222
3552,1.0,0.0,0.0,0.0,1.0,1.0,0.1695660416,0.2080384075,0.02399110794,0.02737808228
3553,1.0,0.0,0.0,0.0,1.0,1.0,0.173902846,0.2240130476,0.02448356152,0.02926772833
3554,1.0,0.0,0.0,0.0,1.0,1.0,0.1940663653,0.2435614967,0.02806031704,0.0325499773
3555,1.0,0.0,0.0,0.0,1.0,1.0,0.2038079116,0.2571785702,0.02873325348,0.03398257494
3556,1.0,0.0,0.0,0.0,1.0,1.0,0.2177771024,0.2623533894,0.03177636862,0.03574842215
3557,1.0,0.0,0.0,0.0,1.0,1.0,0.2062338055,0.2445888776,0.02934455872,0.03273046017
3558,1.0,0.0,0.0,0.0,1.0,1.0,0.2347025172,0.2580523748,0.03327637911,0.03494018316
3559,1.0,0.0,0.0,0.0,1.0,1.0,0.2391659809,0.2621488523,0.03420603275,0.03559654951
3560,1.0,0.0,0.0,0.0,1.0,1.0,0.2469438217,0.2703406469,0.03572255373,0.03712892532
3561,1.0,0.0,0.0,0.0,1.0,1.0,0.2439583166,0.2633381487,0.03496611118,0.0358120203
3562,1.0,0.0,0.0,0.0,1.0,1.0,0.2488807261,0.2633381485,0.03609627485,0.03609621525
3563,1.0,0.0,0.0,0.0,1.0,1.0,0.2547985934,0.2686002012,0.0363997817,0.0363997817
3564,1.0,0.0,0.0,0.0,1.0,1.0,0.2537952044,0.2727642191,0.03643876314,0.03700369596
3565,1.0,0.0,0.0,0.0,1.0,1.0,0.2547986423,0.2674852335,0.03652364016,0.03652358055
3566,1.0,0.0,0.0,0.0,1.0,1.0,0.2587486051,0.2706820983,0.03723812103,0.03695386648
3567,1.0,0.0,0.0,0.0,1.0,1.0,0.2523443406,0.2571179341,0.0360417366,0.03519034386
3568,1.0,0.0,0.0,0.0,1.0,1.0,0.2568288257,0.2550876627,0.03705841303,0.03504747152
3569,1.0,0.0,0.0,0.0,1.0,1.0,0.2538265367,0.2477955502,0.03664797544,0.03435748816
3570,1.0,0.0,0.0,0.0,1.0,1.0,0.2508560462,0.2384562897,0.03592216969,0.03278613091
3571,1.0,0.0,0.0,0.0,1.0,1.0,0.2563181878,0.24361369,0.03664267063,0.03323400021
3572,1.0,0.0,0.0,0.0,1.0,1.0,0.2629054399,0.2477610589,0.03767609596,0.03393727541
3573,1.0,0.0,0.0,0.0,1.0,1.0,0.2678504016,0.2551315886,0.03872770071,0.03497052193
3574,1.0,0.0,0.0,0.0,1.0,1.0,0.263965685,0.2466977808,0.03785133362,0.03380614519
3575,1.0,0.0,0.0,0.0,1.0,1.0,0.2650341731,0.2498604774,0.03809809685,0.03431737423
3576,1.0,0.0,0.0,0.0,1.0,1.0,0.2674563224,0.2477608994,0.03878939152,0.03441464901
3577,1.0,0.0,0.0,0.0,1.0,1.0,0.2774044683,0.2508972359,0.04054433107,0.03479331732
3578,1.0,0.0,0.0,0.0,1.0,1.0,0.2782759437,0.2581893361,0.04109507799,0.03588587046
3579,1.0,0.0,0.0,0.0,1.0,1.0,0.2844262783,0.2634509649,0.04124027491,0.03608518839
3580,1.0,0.0,0.0,0.0,1.0,1.0,0.2802359418,0.2592692248,0.04060131311,0.03520667553
3581,1.0,0.0,0.0,0.0,1.0,1.0,0.2774043257,0.2519600659,0.03978353739,0.03385829926
3582,1.0,0.0,0.0,0.0,1.0,1.0,0.2799224235,0.2561071056,0.04014784098,0.03477597237
3583,1.0,0.0,0.0,0.0,1.0,1.0,0.2818939577,0.2592693885,0.0408577323,0.03542906046
3584,1.0,0.0,0.0,0.0,1.0,1.0,0.2709685012,0.2446331993,0.03979706764,0.03374099731
3585,1.0,0.0,0.0,0.0,1.0,1.0,0.2727522018,0.2509058779,0.03909885883,0.03351330757
3586,1.0,0.0,0.0,0.0,1.0,1.0,0.2741660828,0.2592693443,0.03962391615,0.03484654427
3587,1.0,0.0,0.0,0.0,1.0,1.0,0.2702772577,0.2603590189,0.03919434547,0.03496474028
3588,1.0,0.0,0.0,0.0,1.0,1.0,0.2701193873,0.2550878295,0.03953808546,0.03445464373
3589,1.0,0.0,0.0,0.0,1.0,1.0,0.2724008262,0.2519424448,0.03975653648,0.03387701511
3590,1.0,0.0,0.0,0.0,1.0,1.0,0.2695989529,0.2498607097,0.03984320164,0.03386676311
3591,1.0,0.0,0.0,0.0,1.0,1.0,0.283395414,0.2682927256,0.04182517529,0.03652733564
3592,1.0,0.0,0.0,0.0,1.0,1.0,0.2775186817,0.2631183557,0.04028564692,0.03511381149
3593,1.0,0.0,0.0,0.0,1.0,1.0,0.2778296637,0.2590389917,0.04074174166,0.03472620249
3594,1.0,0.0,0.0,0.0,1.0,1.0,0.281268904,0.2681428008,0.04115527868,0.03621661663
3595,1.0,0.0,0.0,0.0,1.0,1.0,0.2809751875,0.2651580143,0.04043596983,0.03527969122
3596,1.0,0.0,0.0,0.0,1.0,1.0,0.2810348452,0.2700106901,0.04141122103,0.03674906492
3597,1.0,0.0,0.0,0.0,1.0,1.0,0.2695124674,0.2630112255,0.03928232193,0.03546321392
3598,1.0,0.0,0.0,0.0,1.0,1.0,0.2710350762,0.2630111423,0.03986412287,0.03598845005
3599,1.0,0.0,0.0,0.0,1.0,1.0,0.2712237048,0.2754365456,0.0390444994,0.03743994236
3600,1.0,0.0,0.0,0.0,1.0,1.0,0.248479858,0.2556713355,0.03551399708,0.03472483158
3601,1.0,0.0,0.0,0.0,1.0,1.0,0.2317818196,0.2566659086,0.03280478716,0.03464180231
3602,1.0,0.0,0.0,0.0,1.0,1.0,0.2245939864,0.2576083526,0.03165173531,0.03508067131
3603,1.0,0.0,0.0,0.0,1.0,1.0,0.2231224488,0.2546843159,0.03182125092,0.03471416235
3604,1.0,0.0,0.0,0.0,1.0,1.0,0.2154929272,0.2546470118,0.03081256151,0.0353282094
3605,1.0,0.0,0.0,0.0,1.0,1.0,0.2188013228,0.2556711897,0.03122758865,0.03493261337
3606,1.0,0.0,0.0,0.0,1.0,1.0,0.2192558603,0.2536754243,0.03173369169,0.03517156839
3607,1.0,0.0,0.0,0.0,1.0,1.0,0.2279749831,0.2632117776,0.03282791376,0.03624200821
3608,1.0,0.0,0.0,0.0,1.0,1.0,0.2273959246,0.2613928899,0.03269517422,0.03585928679
3609,1.0,0.0,0.0,0.0,1.0,1.0,0.2225035539,0.2574898638,0.03200870752,0.03541946411
3610,1.0,0.0,0.0,0.0,1.0,1.0,0.2216945099,0.2565105337,0.03182888031,0.0352204442
3611,1.0,0.0,0.0,0.0,1.0,1.0,0.2220983441,0.2574895931,0.03214228153,0.03556722403
3612,1.0,0.0,0.0,0.0,1.0,1.0,0.2170322677,0.2450736585,0.03163522482,0.03402775526
3613,1.0,0.0,0.0,0.0,1.0,1.0,0.2198771583,0.2555825535,0.03186762333,0.03529143333
3614,1.0,0.0,0.0,0.0,1.0,1.0,0.2168770889,0.2565613579,0.03176754713,0.03547370434
3615,1.0,0.0,0.0,0.0,1.0,1.0,0.1419552904,0.1359237975,0.01971697807,0.01811826229
3616,1.0,0.0,0.0,0.0,1.0,1.0,0.1516663707,0.1284997826,0.02087259293,0.01685863733
3617,1.0,0.0,0.0,0.0,1.0,1.0,0.1316056615,0.1520889076,0.01841038465,0.02054494619
3618,1.0,0.0,0.0,0.0,1.0,1.0,0.1662723152,0.2025382658,0.02427273989,0.02823024988
3619,1.0,0.0,0.0,0.0,1.0,1.0,0.1881721715,0.2276501826,0.02792161703,0.03239953518
3620,1.0,0.0,0.0,0.0,1.0,1.0,0.2005863396,0.2444287064,0.02987849712,0.03507471085
3621,1.0,0.0,0.0,0.0,1.0,1.0,0.2217130067,0.2696335723,0.033428967,0.03917461634
3622,1.0,0.0,0.0,0.0,1.0,1.0,0.219947715,0.259782759,0.03246068954,0.03739470243
3623,1.0,0.0,0.0,0.0,1.0,1.0,0.2354707649,0.2694925945,0.03490322828,0.03903990984
3624,1.0,0.0,0.0,0.0,1.0,1.0,0.2463658078,0.2725749273,0.0368629694,0.03921592236
3625,1.0,0.0,0.0,0.0,1.0,1.0,0.232387883,0.2516839989,0.0348572731,0.03616762161
3626,1.0,0.0,0.0,0.0,1.0,1.0,0.2397961322,0.2617586793,0.03598552942,0.03756153584
3627,1.0,0.0,0.0,0.0,1.0,1.0,0.2507250194,0.2780266226,0.03804272413,0.04014164209
3628,1.0,0.0,0.0,0.0,1.0,1.0,0.248125334,0.27721744,0.03777891397,0.04015660286
3629,1.0,0.0,0.0,0.0,1.0,1.0,0.2507193335,0.2806403075,0.03811663389,0.04046624899
3630,1.0,0.0,0.0,0.0,1.0,1.0,0.2619226724,0.2933140948,0.03955149651,0.04215353727
3631,1.0,0.0,0.0,0.0,1.0,1.0,0.2456253499,0.2922556123,0.0376483202,0.04206228256
3632,1.0,0.0,0.0,0.0,1.0,1.0,0.2515262572,0.2926935512,0.03849804401,0.04181241989
3633,1.0,0.0,0.0,0.0,1.0,1.0,0.2578124282,0.3019896558,0.03971129656,0.04332143068
3634,1.0,0.0,0.0,0.0,1.0,1.0,0.2579204376,0.3086511595,0.03960311413,0.04377186298
3635,1.0,0.0,0.0,0.0,1.0,1.0,0.2638120959,0.3190103396,0.04116177559,0.04564738274
3636,1.0,0.0,0.0,0.0,1.0,1.0,0.2613926946,0.3132578733,0.03982597589,0.04373043776
3637,1.0,0.0,0.0,0.0,1.0,1.0,0.2683526718,0.3224614156,0.04102098942,0.04496532679
3638,1.0,0.0,0.0,0.0,1.0,1.0,0.2764777839,0.3318899991,0.04213947058,0.04606550932
3639,1.0,0.0,0.0,0.0,1.0,1.0,0.2862895418,0.3394328644,0.04366910458,0.04706847668
3640,1.0,0.0,0.0,0.0,1.0,1.0,0.2867964969,0.3363505305,0.04338657856,0.04601603746
3641,1.0,0.0,0.0,0.0,1.0,1.0,0.287295997,0.3395783807,0.0434461832,0.04634255171
3642,1.0,0.0,0.0,0.0,1.0,1.0,0.2785039688,0.3357502413,0.04195040464,0.04566758871
3643,1.0,0.0,0.0,0.0,1.0,1.0,0.2837918652,0.3403612647,0.04302191734,0.04622858763
3644,1.0,0.0,0.0,0.0,1.0,1.0,0.268533005,0.3331475514,0.04015421867,0.04414314032
3645,1.0,0.0,0.0,0.0,1.0,1.0,0.2885714365,0.3546407923,0.04312163591,0.04627686739
3646,1.0,0.0,0.0,0.0,1.0,1.0,0.2880336021,0.3518035424,0.04344904423,0.04606646299
3647,1.0,0.0,0.0,0.0,1.0,1.0,0.2923538987,0.3639700259,0.04509562254,0.04850399494
3648,1.0,0.0,0.0,0.0,1.0,1.0,0.2850701051,0.3614582305,0.04345786572,0.04733800888
3649,1.0,0.0,0.0,0.0,1.0,1.0,0.2930566666,0.3664615386,0.04478675127,0.0484110713
3650,1.0,0.0,0.0,0.0,1.0,1.0,0.2850639837,0.3623478384,0.04366374016,0.04787236452
3651,1.0,0.0,0.0,0.0,1.0,1.0,0.2967096657,0.3683204437,0.04497784376,0.04866021872
3652,1.0,0.0,0.0,0.0,1.0,1.0,0.295682741,0.3732855836,0.04499745369,0.04894459248
3653,1.0,0.0,0.0,0.0,1.0,1.0,0.3019144656,0.3697933924,0.04598641396,0.0488936305
3654,1.0,0.0,0.0,0.0,1.0,1.0,0.2917951264,0.3702386355,0.0441968441,0.04843127728
3655,1.0,0.0,0.0,0.0,1.0,1.0,0.2890373309,0.3727753861,0.0440184474,0.04905664921
3656,1.0,0.0,0.0,0.0,1.0,1.0,0.2758876023,0.365257844,0.04186183214,0.04791730642
3657,1.0,0.0,0.0,0.0,1.0,1.0,0.2898886783,0.3723791023,0.04453796148,0.04997575283
3658,1.0,0.0,0.0,0.0,1.0,1.0,0.2857963209,0.370449511,0.04414093494,0.05014830828
3659,1.0,0.0,0.0,0.0,1.0,1.0,0.2920667364,0.3752691559,0.04493701458,0.05091124773
3660,1.0,0.0,0.0,0.0,1.0,1.0,0.3066083235,0.3790984265,0.04822814465,0.05275785923
3661,1.0,0.0,0.0,0.0,1.0,1.0,0.2981384432,0.3733543151,0.04759591818,0.05273407698
3662,1.0,0.0,0.0,0.0,1.0,1.0,0.2969482113,0.3738370806,0.04654616117,0.05213165283
3663,1.0,0.0,0.0,0.0,1.0,1.0,0.3112736915,0.3771479052,0.0500420332,0.05409955978
3664,1.0,0.0,0.0,0.0,1.0,1.0,0.2966303484,0.3691121564,0.04782295227,0.05298566818
3665,1.0,0.0,0.0,0.0,1.0,1.0,0.3101136714,0.3705154267,0.05031263828,0.05332040787
3666,1.0,0.0,0.0,0.0,1.0,1.0,0.2934600858,0.362915177,0.04757064581,0.05191999674
3667,1.0,0.0,0.0,0.0,1.0,1.0,0.295327511,0.3620620853,0.04900735617,0.05316054821
3668,1.0,0.0,0.0,0.0,1.0,1.0,0.2905354467,0.3591153242,0.04800868034,0.05184942484
3669,1.0,0.0,0.0,0.0,1.0,1.0,0.2974928259,0.3648153287,0.04946744442,0.05335813761
3670,1.0,0.0,0.0,0.0,1.0,1.0,0.2879464709,0.3585785944,0.048412323,0.05291581154
3671,1.0,0.0,0.0,0.0,1.0,1.0,0.3048296995,0.3705155204,0.05082124472,0.05415380001
3672,1.0,0.0,0.0,0.0,1.0,1.0,0.30764857,0.3747910496,0.05131047964,0.05408406258
3673,1.0,0.0,0.0,0.0,1.0,1.0,0.2869684776,0.353414624,0.04849278927,0.05183708668
3674,1.0,0.0,0.0,0.0,1.0,1.0,0.2871959317,0.3577551609,0.0483596921,0.05222851038
3675,1.0,0.0,0.0,0.0,1.0,1.0,0.2690179954,0.3445047027,0.04501914978,0.04965746403
3676,1.0,0.0,0.0,0.0,1.0,1.0,0.2589314682,0.3395050679,0.04357481003,0.04940325022
3677,1.0,0.0,0.0,0.0,1.0,1.0,0.2593592182,0.3325142357,0.04360371828,0.04860293865
3678,1.0,0.0,0.0,0.0,1.0,1.0,0.2745179339,0.3477144188,0.04617202282,0.05059564114
3679,1.0,0.0,0.0,0.0,1.0,1.0,0.2745179672,0.33821445,0.04606235027,0.04909640551
3680,1.0,0.0,0.0,0.0,1.0,1.0,0.2700303866,0.3394329869,0.04531651735,0.04973763227
3681,1.0,0.0,0.0,0.0,1.0,1.0,0.2689529391,0.336933017,0.04459446669,0.0489988327
3682,1.0,0.0,0.0,0.0,1.0,1.0,0.2719685652,0.3375978812,0.04512900114,0.04900509119
3683,1.0,0.0,0.0,0.0,1.0,1.0,0.2692099647,0.3350615299,0.04431915283,0.04847401381
3684,1.0,0.0,0.0,0.0,1.0,1.0,0.2786421204,0.3420139959,0.04572695494,0.04928654432
3685,1.0,0.0,0.0,0.0,1.0,1.0,0.2879465933,0.3484643059,0.04696536064,0.04969584942
3686,1.0,0.0,0.0,0.0,1.0,1.0,0.2748465507,0.3382142366,0.04498434067,0.04852855206
3687,1.0,0.0,0.0,0.0,1.0,1.0,0.2702994609,0.339505297,0.04439282417,0.04877740145
3688,1.0,0.0,0.0,0.0,1.0,1.0,0.260724001,0.3325067261,0.04336291552,0.04808837175
3689,1.0,0.0,0.0,0.0,1.0,1.0,0.2544644794,0.3312327547,0.04159253836,0.04733884335
3690,1.0,0.0,0.0,0.0,1.0,1.0,0.2577072752,0.3281751566,0.04202127457,0.04740864038
3691,1.0,0.0,0.0,0.0,1.0,1.0,0.2713716668,0.3437929237,0.04413354397,0.04924654961
3692,1.0,0.0,0.0,0.0,1.0,1.0,0.2783460136,0.3505506817,0.04581964016,0.05037486553
3693,1.0,0.0,0.0,0.0,1.0,1.0,0.2848491253,0.3634334773,0.04627454281,0.05135673285
3694,1.0,0.0,0.0,0.0,1.0,1.0,0.2805156307,0.3704493393,0.04420882463,0.05082690716
3695,1.0,0.0,0.0,0.0,1.0,1.0,0.2908697556,0.3723789308,0.04611891508,0.05174970627
3696,1.0,0.0,0.0,0.0,1.0,1.0,0.2795051412,0.3646613169,0.04399645329,0.05039590597
3697,1.0,0.0,0.0,0.0,1.0,1.0,0.2879749466,0.3676107278,0.0450206995,0.05084687471
3698,1.0,0.0,0.0,0.0,1.0,1.0,0.2882031548,0.3662077859,0.04552775621,0.05111891031
3699,1.0,0.0,0.0,0.0,1.0,1.0,0.2824508425,0.3615406044,0.04476493597,0.05059236288
3700,1.0,0.0,0.0,0.0,1.0,1.0,0.2725751721,0.3556069,0.04367309809,0.05029022694
3701,1.0,0.0,0.0,0.0,1.0,1.0,0.2689526882,0.3481202492,0.04241234064,0.04869568348
3702,1.0,0.0,0.0,0.0,1.0,1.0,0.2642203901,0.3461031281,0.04153829813,0.04824632406
3703,1.0,0.0,0.0,0.0,1.0,1.0,0.2758790397,0.3503575831,0.04400330782,0.05006361008
3704,1.0,0.0,0.0,0.0,1.0,1.0,0.2490358008,0.3288605067,0.03990149498,0.04730045795
3705,1.0,0.0,0.0,0.0,1.0,1.0,0.2645090352,0.3356059166,0.04092252254,0.04713857174
3706,1.0,0.0,0.0,0.0,1.0,1.0,0.2750140388,0.3466697167,0.04286646843,0.04913961887
3707,1.0,0.0,0.0,0.0,1.0,1.0,0.2696639423,0.33560629,0.0422770381,0.04809015989
3708,1.0,0.0,0.0,0.0,1.0,1.0,0.2494416883,0.3282297685,0.03863358498,0.04615288973
3709,1.0,0.0,0.0,0.0,1.0,1.0,0.2594868153,0.3246360311,0.04078733921,0.04683959484
3710,1.0,0.0,0.0,0.0,1.0,1.0,0.2614433269,0.3295649924,0.04139149189,0.04820275307
3711,1.0,0.0,0.0,0.0,1.0,1.0,0.2557097525,0.3175122634,0.03965961933,0.04562157393
3712,1.0,0.0,0.0,0.0,1.0,1.0,0.2486005537,0.3114202497,0.0385016799,0.04474520683
3713,1.0,0.0,0.0,0.0,1.0,1.0,0.2638121353,0.3229243168,0.0402225852,0.04615283012
3714,1.0,0.0,0.0,0.0,1.0,1.0,0.2587385118,0.3175121261,0.0399864912,0.04599756002
3715,1.0,0.0,0.0,0.0,1.0,1.0,0.2515488445,0.3109775581,0.03881973028,0.04507255554
3716,1.0,0.0,0.0,0.0,1.0,1.0,0.262565208,0.315708234,0.03993046284,0.04508280754
3717,1.0,0.0,0.0,0.0,1.0,1.0,0.254890968,0.3058792324,0.0393615365,0.0445407629
3718,1.0,0.0,0.0,0.0,1.0,1.0,0.2502775279,0.2977060906,0.03880900145,0.04346609116
3719,1.0,0.0,0.0,0.0,1.0,1.0,0.2607972919,0.3026982566,0.0400146842,0.04362887144
3720,1.0,0.0,0.0,0.0,1.0,1.0,0.2736366089,0.3072487695,0.04228127003,0.04485940933
3721,1.0,0.0,0.0,0.0,1.0,1.0,0.2681836222,0.3015858631,0.04140412807,0.04423296452
3722,1.0,0.0,0.0,0.0,1.0,1.0,0.2633661323,0.2948887965,0.04015207291,0.04298341274
3723,1.0,0.0,0.0,0.0,1.0,1.0,0.2678571463,0.2980792303,0.04125493765,0.04383337498
3724,1.0,0.0,0.0,0.0,1.0,1.0,0.2674092029,0.2907782837,0.04094308615,0.04273432493
3725,1.0,0.0,0.0,0.0,1.0,1.0,0.2683063646,0.2872959881,0.04152393341,0.04282158613
3726,1.0,0.0,0.0,0.0,1.0,1.0,0.2607970399,0.2770382739,0.04039746523,0.04117935896
3727,1.0,0.0,0.0,0.0,1.0,1.0,0.2708923281,0.2820725556,0.04213160276,0.04239332676
3728,1.0,0.0,0.0,0.0,1.0,1.0,0.2674092914,0.2810928272,0.04183679819,0.04235970974
3729,1.0,0.0,0.0,0.0,1.0,1.0,0.2710631043,0.283346768,0.04247170687,0.04299283028
3730,1.0,0.0,0.0,0.0,1.0,1.0,0.2742271217,0.2840880097,0.04313737154,0.04313737154
3731,1.0,0.0,0.0,0.0,1.0,1.0,0.2710905696,0.2778108677,0.04299807549,0.04247999191
3732,1.0,0.0,0.0,0.0,1.0,1.0,0.2731702378,0.2862808624,0.04358249903,0.0441043973
3733,1.0,0.0,0.0,0.0,1.0,1.0,0.2724259238,0.2886901411,0.04301893711,0.04431468248
3734,1.0,0.0,0.0,0.0,1.0,1.0,0.2666265827,0.2845866879,0.04273974895,0.04405081272
3735,1.0,0.0,0.0,0.0,1.0,1.0,0.2716769825,0.2862808268,0.04282796383,0.04386621714
3736,1.0,0.0,0.0,0.0,1.0,1.0,0.2679422894,0.2855546345,0.04257166386,0.04387754202
3737,1.0,0.0,0.0,0.0,1.0,1.0,0.2704759108,0.2896688642,0.04243719578,0.04424858093
3738,1.0,0.0,0.0,0.0,1.0,1.0,0.2746810866,0.2916462164,0.04308128357,0.04437893629
3739,1.0,0.0,0.0,0.0,1.0,1.0,0.2767939369,0.2947504946,0.04333132505,0.04514759779
3740,1.0,0.0,0.0,0.0,1.0,1.0,0.2688265862,0.2940538956,0.04248166084,0.04508799314
3741,1.0,0.0,0.0,0.0,1.0,1.0,0.2768944566,0.2954431672,0.04426091909,0.04583233595
3742,1.0,0.0,0.0,0.0,1.0,1.0,0.270030753,0.2930564788,0.04277336597,0.04512059689
3743,1.0,0.0,0.0,0.0,1.0,1.0,0.272575276,0.301879479,0.04288429022,0.04600316286
3744,1.0,0.0,0.0,0.0,1.0,1.0,0.2763355888,0.2967625682,0.04347991943,0.04530245066
3745,1.0,0.0,0.0,0.0,1.0,1.0,0.2745176654,0.2981386832,0.04385113716,0.04621440172
3746,1.0,0.0,0.0,0.0,1.0,1.0,0.2752562563,0.2998325731,0.04414254427,0.04650729895
3747,1.0,0.0,0.0,0.0,1.0,1.0,0.2687025152,0.2913626147,0.04267662764,0.04475837946
3748,1.0,0.0,0.0,0.0,1.0,1.0,0.2653240791,0.2886899643,0.0422424078,0.04431563616
3749,1.0,0.0,0.0,0.0,1.0,1.0,0.276718267,0.2954432385,0.04445970058,0.04576736689
3750,1.0,0.0,0.0,0.0,1.0,1.0,0.2555952842,0.2787559592,0.04082655907,0.04292017221
3751,1.0,0.0,0.0,0.0,1.0,1.0,0.2596587047,0.2821553377,0.04152804613,0.043356359
3752,1.0,0.0,0.0,0.0,1.0,1.0,0.258448441,0.283118307,0.04154551029,0.04364901781
3753,1.0,0.0,0.0,0.0,1.0,1.0,0.2482061425,0.2739849931,0.0395168066,0.04188776016
3754,1.0,0.0,0.0,0.0,1.0,1.0,0.256014724,0.2797074539,0.04114019871,0.04324996471
3755,1.0,0.0,0.0,0.0,1.0,1.0,0.249035832,0.2730434086,0.03972959518,0.04183447361
3756,1.0,0.0,0.0,0.0,1.0,1.0,0.2490301285,0.2705384648,0.03937453032,0.0412120223
3757,1.0,0.0,0.0,0.0,1.0,1.0,0.2519185774,0.2747609314,0.04044526815,0.04229575396
3758,1.0,0.0,0.0,0.0,1.0,1.0,0.2564359685,0.2780014844,0.04089576006,0.04273074865
3759,1.0,0.0,0.0,0.0,1.0,1.0,0.2370153999,0.2670921047,0.03744834661,0.0405908227
3760,1.0,0.0,0.0,0.0,1.0,1.0,0.2486253924,0.2730433519,0.03934550285,0.0414300561
3761,1.0,0.0,0.0,0.0,1.0,1.0,0.2403300098,0.2680163704,0.03807848692,0.04070460796
3762,1.0,0.0,0.0,0.0,1.0,1.0,0.2490361397,0.2703966421,0.0399916172,0.04184544086
3763,1.0,0.0,0.0,0.0,1.0,1.0,0.2506850635,0.2721087036,0.03995931149,0.04179960489
3764,1.0,0.0,0.0,0.0,1.0,1.0,0.249036034,0.2730432912,0.03923749924,0.04131627083
3765,1.0,0.0,0.0,0.0,1.0,1.0,0.2477955715,0.2781951542,0.03968352079,0.04285818338
3766,1.0,0.0,0.0,0.0,1.0,1.0,0.2473868589,0.2747607157,0.0397079587,0.04235512018
3767,1.0,0.0,0.0,0.0,1.0,1.0,0.2432417639,0.2732037877,0.03880363703,0.0417072773
3768,1.0,0.0,0.0,0.0,1.0,1.0,0.2348687256,0.2585360913,0.0371466279,0.03925424814
3769,1.0,0.0,0.0,0.0,1.0,1.0,0.2398660035,0.2584762983,0.03784996271,0.03942704201
3770,1.0,0.0,0.0,0.0,1.0,1.0,0.2461436399,0.267092288,0.03916579485,0.04074293375
3771,1.0,0.0,0.0,0.0,1.0,1.0,0.2440496168,0.2662876182,0.03848826885,0.04032111168
3772,1.0,0.0,0.0,0.0,1.0,1.0,0.2383538057,0.2558706479,0.03833001852,0.03938734531
3773,1.0,0.0,0.0,0.0,1.0,1.0,0.2350660357,0.2498605853,0.03769260645,0.03848338127
3774,1.0,0.0,0.0,0.0,1.0,1.0,0.232543349,0.2515834636,0.03727817535,0.03860008717
3775,1.0,0.0,0.0,0.0,1.0,1.0,0.2444915225,0.2644571997,0.0391420722,0.04072892666
3776,1.0,0.0,0.0,0.0,1.0,1.0,0.2420396085,0.2609464197,0.03871917725,0.0402995348
3777,1.0,0.0,0.0,0.0,1.0,1.0,0.2415868491,0.2619229117,0.03867453337,0.04026395082
3778,1.0,0.0,0.0,0.0,1.0,1.0,0.2441261902,0.2678916344,0.03931361437,0.04116052389
3779,1.0,0.0,0.0,0.0,1.0,1.0,0.2428396253,0.2610225929,0.03876125813,0.04007965326
3780,1.0,0.0,0.0,0.0,1.0,1.0,0.2465509399,0.2653688214,0.03931713104,0.04063647985
3781,1.0,0.0,0.0,0.0,1.0,1.0,0.2390691005,0.2550301748,0.03797668219,0.03903162479
3782,1.0,0.0,0.0,0.0,1.0,1.0,0.244049734,0.267211882,0.03847330809,0.04030537605
3783,1.0,0.0,0.0,0.0,1.0,1.0,0.2411299422,0.2673331364,0.03777760267,0.03986185789
3784,1.0,0.0,0.0,0.0,1.0,1.0,0.251526176,0.271625246,0.03975623846,0.04107266665
3785,1.0,0.0,0.0,0.0,1.0,1.0,0.2490246707,0.2700248998,0.03901827335,0.04032766819
3786,1.0,0.0,0.0,0.0,1.0,1.0,0.2427928515,0.2611781769,0.03840339184,0.03945553303
3787,1.0,0.0,0.0,0.0,1.0,1.0,0.2393971861,0.2612575052,0.0374237895,0.03899401426
3788,1.0,0.0,0.0,0.0,1.0,1.0,0.2581892229,0.2795641384,0.0408744812,0.04219299555
3789,1.0,0.0,0.0,0.0,1.0,1.0,0.2594227481,0.2795645314,0.04118877649,0.04224491119
3790,1.0,0.0,0.0,0.0,1.0,1.0,0.2448296893,0.2630108219,0.03865462542,0.03971362114
3791,1.0,0.0,0.0,0.0,1.0,1.0,0.2590529735,0.2858050033,0.04043287039,0.042519629
3792,1.0,0.0,0.0,0.0,1.0,1.0,0.23986589,0.26125779,0.03831684589,0.03964734077
3793,1.0,0.0,0.0,0.0,1.0,1.0,0.2469599254,0.2681427304,0.03921967745,0.040535748
3794,1.0,0.0,0.0,0.0,1.0,1.0,0.2260043832,0.2445815107,0.03538763523,0.03643614054
3795,1.0,0.0,0.0,0.0,1.0,1.0,0.07602459902,0.1254124982,0.01085484028,0.01720881462
3796,1.0,0.0,0.0,0.0,1.0,1.0,0.0905293768,0.1268230898,0.01335281134,0.01789271832
3797,1.0,0.0,0.0,0.0,1.0,1.0,0.08571827178,0.1316059817,0.01248806715,0.01833361387
3798,1.0,0.0,0.0,0.0,1.0,1.0,0.07729525137,0.1249301014,0.01157367229,0.0177641511
3799,1.0,0.0,0.0,0.0,1.0,1.0,0.1077137886,0.1281812142,0.01631659269,0.01845645905
3800,1.0,0.0,0.0,0.0,1.0,1.0,0.1525734527,0.1810582876,0.02402454615,0.02699387074
3801,1.0,0.0,0.0,0.0,1.0,1.0,0.1806423012,0.2048329435,0.0287322998,0.03114908934
3802,1.0,0.0,0.0,0.0,1.0,1.0,0.1934944928,0.2091030552,0.03040122986,0.03119432926
3803,1.0,0.0,0.0,0.0,1.0,1.0,0.2008928422,0.2139155842,0.0312140584,0.03173428774
3804,1.0,0.0,0.0,0.0,1.0,1.0,0.2042408054,0.2246133045,0.03271907568,0.03459644318
3805,1.0,0.0,0.0,0.0,1.0,1.0,0.2108457557,0.2273033915,0.03348827362,0.03454297781
3806,1.0,0.0,0.0,0.0,1.0,1.0,0.2095336687,0.2273038201,0.03349047899,0.03481948376
3807,1.0,0.0,0.0,0.0,1.0,1.0,0.2176338479,0.2334338233,0.03425711393,0.03557473421
3808,1.0,0.0,0.0,0.0,1.0,1.0,0.2198770607,0.235162755,0.03507184982,0.03613466024
3809,1.0,0.0,0.0,0.0,1.0,1.0,0.2140458454,0.2306404217,0.03418558836,0.03553146124
3810,1.0,0.0,0.0,0.0,1.0,1.0,0.2202443351,0.2307738402,0.03485697508,0.03512102365
3811,1.0,0.0,0.0,0.0,1.0,1.0,0.2247066978,0.2317044771,0.03540414572,0.03540414572
3812,1.0,0.0,0.0,0.0,1.0,1.0,0.2245002544,0.2351627672,0.03590345383,0.03616940975
3813,1.0,0.0,0.0,0.0,1.0,1.0,0.2314143384,0.2455374735,0.03699451685,0.03806680441
3814,1.0,0.0,0.0,0.0,1.0,1.0,0.239326499,0.2542131775,0.03764760494,0.03870809078
3815,1.0,0.0,0.0,0.0,1.0,1.0,0.2423396993,0.255912561,0.0387943387,0.03959697485
3816,1.0,0.0,0.0,0.0,1.0,1.0,0.2477679066,0.2620915348,0.0396438241,0.04017955065
3817,1.0,0.0,0.0,0.0,1.0,1.0,0.2473535075,0.2611785524,0.03945922852,0.03999251127
3818,1.0,0.0,0.0,0.0,1.0,1.0,0.2477678944,0.2576958311,0.03898280859,0.03898280859
3819,1.0,0.0,0.0,0.0,1.0,1.0,0.2569517742,0.2706822486,0.04068702459,0.04121541977
3820,1.0,0.0,0.0,0.0,1.0,1.0,0.2502776613,0.2672119092,0.03974401951,0.0408038497
3821,1.0,0.0,0.0,0.0,1.0,1.0,0.2498604836,0.2665181019,0.03867548704,0.03999102116
3822,1.0,0.0,0.0,0.0,1.0,1.0,0.2477391031,0.2692155372,0.03785246611,0.03966730833
3823,1.0,0.0,0.0,0.0,1.0,1.0,0.2486007889,0.2665176839,0.03838640451,0.03942382336
3824,1.0,0.0,0.0,0.0,1.0,1.0,0.2422378199,0.2684011511,0.03704476357,0.03937619925
3825,1.0,0.0,0.0,0.0,1.0,1.0,0.2430149953,0.267707799,0.03704488277,0.03913193941
3826,1.0,0.0,0.0,0.0,1.0,1.0,0.258417141,0.2789964222,0.03924489021,0.04106426239
3827,1.0,0.0,0.0,0.0,1.0,1.0,0.2550298531,0.2738680792,0.03880929947,0.04038262367
3828,1.0,0.0,0.0,0.0,1.0,1.0,0.2631920506,0.2827602158,0.03968638182,0.0412427187
3829,1.0,0.0,0.0,0.0,1.0,1.0,0.261392507,0.2832922308,0.03976899385,0.04184836149
3830,1.0,0.0,0.0,0.0,1.0,1.0,0.2605748852,0.2719327429,0.03933489323,0.03985244036
3831,1.0,0.0,0.0,0.0,1.0,1.0,0.2537175833,0.2782133388,0.03873705864,0.04109269381
3832,1.0,0.0,0.0,0.0,1.0,1.0,0.2537176687,0.2703118783,0.03887575865,0.03992646933
3833,1.0,0.0,0.0,0.0,1.0,1.0,0.2520030716,0.2693530763,0.03798168898,0.03927361965
3834,1.0,0.0,0.0,0.0,1.0,1.0,0.2541240333,0.2701674666,0.03861868382,0.03965550661
3835,1.0,0.0,0.0,0.0,1.0,1.0,0.2477103897,0.2569487338,0.03752779961,0.03778839111
3836,1.0,0.0,0.0,0.0,1.0,1.0,0.2481251712,0.2605690319,0.03762573004,0.03841513395
3837,1.0,0.0,0.0,0.0,1.0,1.0,0.2485571256,0.2615029212,0.03745055199,0.03823620081
3838,1.0,0.0,0.0,0.0,1.0,1.0,0.2468184776,0.2543383891,0.03738749027,0.03738754988
3839,1.0,0.0,0.0,0.0,1.0,1.0,0.2420251174,0.2552148551,0.03637033701,0.03741699457
3840,1.0,0.0,0.0,0.0,1.0,1.0,0.2446185923,0.2579787278,0.03678286076,0.03757107258
3841,1.0,0.0,0.0,0.0,1.0,1.0,0.2450804185,0.2587840634,0.03692787886,0.03797549009
3842,1.0,0.0,0.0,0.0,1.0,1.0,0.2455375529,0.2587841195,0.03706228733,0.03784531355
3843,1.0,0.0,0.0,0.0,1.0,1.0,0.2489899348,0.2649762433,0.03784567118,0.03943353891
3844,1.0,0.0,0.0,0.0,1.0,1.0,0.2472667864,0.264036928,0.0377176404,0.03930020332
3845,1.0,0.0,0.0,0.0,1.0,1.0,0.2494242955,0.2623532557,0.03727334738,0.03831595182
3846,1.0,0.0,0.0,0.0,1.0,1.0,0.2520181555,0.2720900282,0.03817689419,0.04000729322
3847,1.0,0.0,0.0,0.0,1.0,1.0,0.2437664238,0.2605689061,0.03670686483,0.03828001022
3848,1.0,0.0,0.0,0.0,1.0,1.0,0.2446549465,0.2604928379,0.03719115257,0.0387737751
3849,1.0,0.0,0.0,0.0,1.0,1.0,0.2451136593,0.2623533743,0.03758740425,0.03891086578
3850,1.0,0.0,0.0,0.0,1.0,1.0,0.2446547886,0.2651948484,0.03700298071,0.03857761621
3851,1.0,0.0,0.0,0.0,1.0,1.0,0.2459630722,0.2706068581,0.03762936592,0.03974932432
3852,1.0,0.0,0.0,0.0,1.0,1.0,0.2494275425,0.2660386591,0.03786832094,0.03892022371
3853,1.0,0.0,0.0,0.0,1.0,1.0,0.246390079,0.2642405475,0.03746688366,0.03878611326
3854,1.0,0.0,0.0,0.0,1.0,1.0,0.2558707294,0.2712769725,0.03938388824,0.04017686844
3855,1.0,0.0,0.0,0.0,1.0,1.0,0.2494330843,0.2686672323,0.03858190775,0.03963899612
3856,1.0,0.0,0.0,0.0,1.0,1.0,0.2498604663,0.2659230339,0.03823709488,0.03902280331
3857,1.0,0.0,0.0,0.0,1.0,1.0,0.2464609818,0.2693533649,0.0380975008,0.03993672132
3858,1.0,0.0,0.0,0.0,1.0,1.0,0.2430617916,0.2595725514,0.03759086132,0.03864234686
3859,1.0,0.0,0.0,0.0,1.0,1.0,0.2507072131,0.2728972249,0.03876537085,0.04033696651
3860,1.0,0.0,0.0,0.0,1.0,1.0,0.246437577,0.2668759755,0.03819769621,0.03952401876
3861,1.0,0.0,0.0,0.0,1.0,1.0,0.2498603498,0.2685335655,0.03878504038,0.03984045982
3862,1.0,0.0,0.0,0.0,1.0,1.0,0.2553938842,0.273868303,0.0396541357,0.04071158171
3863,1.0,0.0,0.0,0.0,1.0,1.0,0.2586787697,0.274494586,0.04074722528,0.04127645493
3864,1.0,0.0,0.0,0.0,1.0,1.0,0.2556714662,0.2690804097,0.04066079855,0.04066073895
3865,1.0,0.0,0.0,0.0,1.0,1.0,0.2548578079,0.2690806455,0.04028058052,0.04054385424
3866,1.0,0.0,0.0,0.0,1.0,1.0,0.2623950714,0.2787914057,0.04127848148,0.04180431366
3867,1.0,0.0,0.0,0.0,1.0,1.0,0.2602887039,0.2743224705,0.04100114107,0.04126399755
3868,1.0,0.0,0.0,0.0,1.0,1.0,0.2494447979,0.2717778903,0.03917515278,0.04048097134
3869,1.0,0.0,0.0,0.0,1.0,1.0,0.2556713076,0.27432219,0.04030436277,0.04108947515
3870,1.0,0.0,0.0,0.0,1.0,1.0,0.250690434,0.2681428496,0.03941804171,0.04020118713
3871,1.0,0.0,0.0,0.0,1.0,1.0,0.2557098568,0.2725750308,0.04021012783,0.04099857807
3872,1.0,0.0,0.0,0.0,1.0,1.0,0.2498604899,0.2708277128,0.03963798285,0.04068797827
3873,1.0,0.0,0.0,0.0,1.0,1.0,0.2461436779,0.2681430739,0.03862404823,0.03992015123
3874,1.0,0.0,0.0,0.0,1.0,1.0,0.2473702321,0.2664016222,0.03869348764,0.03973221779
3875,1.0,0.0,0.0,0.0,1.0,1.0,0.2709230098,0.2932389362,0.04265844822,0.04395902157
3876,1.0,0.0,0.0,0.0,1.0,1.0,0.2625792447,0.2887659084,0.0416123271,0.04343283176
3877,1.0,0.0,0.0,0.0,1.0,1.0,0.2597233932,0.2828285082,0.04100471735,0.04230237007
3878,1.0,0.0,0.0,0.0,1.0,1.0,0.2576047186,0.279912344,0.04116499424,0.04246771336
3879,1.0,0.0,0.0,0.0,1.0,1.0,0.2559745133,0.2739850579,0.04087972641,0.04140049219
3880,1.0,0.0,0.0,0.0,1.0,1.0,0.2515043024,0.2730432356,0.0398362875,0.04139846563
3881,1.0,0.0,0.0,0.0,1.0,1.0,0.2482167336,0.2722615892,0.03923207521,0.04105073214
3882,1.0,0.0,0.0,0.0,1.0,1.0,0.2543440515,0.276477908,0.04036927223,0.04166316986
3883,1.0,0.0,0.0,0.0,1.0,1.0,0.247419052,0.2703968976,0.03947031498,0.04102832079
3884,1.0,0.0,0.0,0.0,1.0,1.0,0.2457908655,0.2696089367,0.03907507658,0.04062777758
3885,1.0,0.0,0.0,0.0,1.0,1.0,0.2457910873,0.2661742481,0.03889334202,0.0399236083
3886,1.0,0.0,0.0,0.0,1.0,1.0,0.246191996,0.2669741291,0.03911554813,0.04041075706
3887,1.0,0.0,0.0,0.0,1.0,1.0,0.2502695497,0.2730433975,0.03943759203,0.04098415375
3888,1.0,0.0,0.0,0.0,1.0,1.0,0.2486336124,0.2703967551,0.0392960906,0.04084724188
3889,1.0,0.0,0.0,0.0,1.0,1.0,0.2531264997,0.2721081678,0.04027158022,0.04131084681
3890,1.0,0.0,0.0,0.0,1.0,1.0,0.2474027336,0.2697452069,0.03873997927,0.04002273083
3891,1.0,0.0,0.0,0.0,1.0,1.0,0.249860587,0.2721081552,0.03933179379,0.04087418318
3892,1.0,0.0,0.0,0.0,1.0,1.0,0.2441631549,0.2686856165,0.03868079185,0.04048591852
3893,1.0,0.0,0.0,0.0,1.0,1.0,0.2514829301,0.2762963662,0.03988957405,0.04169106483
3894,1.0,0.0,0.0,0.0,1.0,1.0,0.2416950942,0.2635514556,0.03784281015,0.03937697411
3895,1.0,0.0,0.0,0.0,1.0,1.0,0.25269502,0.2762964755,0.04012548923,0.0416688323
3896,1.0,0.0,0.0,0.0,1.0,1.0,0.2523020126,0.2762962279,0.03993606567,0.04173964262
3897,1.0,0.0,0.0,0.0,1.0,1.0,0.2474028917,0.2688154541,0.03878068924,0.04006481171
3898,1.0,0.0,0.0,0.0,1.0,1.0,0.2408490804,0.2645581162,0.03765273094,0.0391895771
3899,1.0,0.0,0.0,0.0,1.0,1.0,0.2514932995,0.2749331465,0.03957092762,0.04085576534
3900,1.0,0.0,0.0,0.0,1.0,1.0,0.2563927004,0.277431305,0.04073411226,0.04177194834
3901,1.0,0.0,0.0,0.0,1.0,1.0,0.2527136569,0.2764776505,0.0395513773,0.0410823822
3902,1.0,0.0,0.0,0.0,1.0,1.0,0.2366227307,0.2654770697,0.03666448593,0.03922849894
3903,1.0,0.0,0.0,0.0,1.0,1.0,0.2133262441,0.2445441909,0.03285849094,0.03570449352
3904,1.0,0.0,0.0,0.0,1.0,1.0,0.2139271302,0.2436802728,0.03306901455,0.03565257788
3905,1.0,0.0,0.0,0.0,1.0,1.0,0.2085645343,0.2463415254,0.03249543905,0.03639495373
3906,1.0,0.0,0.0,0.0,1.0,1.0,0.2082171603,0.2410623089,0.0324216485,0.03553408384
3907,1.0,0.0,0.0,0.0,1.0,1.0,0.2169070719,0.2480885303,0.0334803462,0.0360558033
3908,1.0,0.0,0.0,0.0,1.0,1.0,0.2152387615,0.2472114204,0.03348684311,0.03634226322
3909,1.0,0.0,0.0,0.0,1.0,1.0,0.2196761596,0.249860577,0.03404003382,0.03663849831
3910,1.0,0.0,0.0,0.0,1.0,1.0,0.2161854903,0.2445817283,0.03416204453,0.03652709723
3911,1.0,0.0,0.0,0.0,1.0,1.0,0.2219126941,0.2445815598,0.03456377983,0.03612303734
3912,1.0,0.0,0.0,0.0,1.0,1.0,0.2282060137,0.2560409561,0.0357529521,0.03784072399
3913,1.0,0.0,0.0,0.0,1.0,1.0,0.2265401167,0.2551391341,0.03550255299,0.03785198927
3914,1.0,0.0,0.0,0.0,1.0,1.0,0.2291079332,0.2568989795,0.03601664305,0.03810459375
3915,1.0,0.0,0.0,0.0,1.0,1.0,0.2278260863,0.2551396006,0.03565901518,0.03774136305
3916,1.0,0.0,0.0,0.0,1.0,1.0,0.2328150998,0.2595724599,0.03668749332,0.03852188587
3917,1.0,0.0,0.0,0.0,1.0,1.0,0.2296235934,0.2542440788,0.03607732058,0.03763467073
3918,1.0,0.0,0.0,0.0,1.0,1.0,0.2324282967,0.2612575466,0.03637242317,0.03871065378
3919,1.0,0.0,0.0,0.0,1.0,1.0,0.2291079595,0.2621777179,0.03597706556,0.03884482384
3920,1.0,0.0,0.0,0.0,1.0,1.0,0.2257871689,0.2586585498,0.03545933962,0.03832745552
3921,1.0,0.0,0.0,0.0,1.0,1.0,0.2360490356,0.2595724916,0.03655099869,0.03810638189
3922,1.0,0.0,0.0,0.0,1.0,1.0,0.2198772696,0.2498603807,0.03406000137,0.03664028645
3923,1.0,0.0,0.0,0.0,1.0,1.0,0.2300039599,0.2568494096,0.03620380163,0.0382874608
3924,1.0,0.0,0.0,0.0,1.0,1.0,0.2228374294,0.2551767202,0.03479301929,0.03738951683
3925,1.0,0.0,0.0,0.0,1.0,1.0,0.2068964331,0.241914092,0.03226590157,0.03564852476
3926,1.0,0.0,0.0,0.0,1.0,1.0,0.2187833019,0.2463660032,0.03400969505,0.03632855415
3927,1.0,0.0,0.0,0.0,1.0,1.0,0.211901729,0.2436799252,0.03312718868,0.03599643707
3928,1.0,0.0,0.0,0.0,1.0,1.0,0.2099669595,0.2418577334,0.03268951178,0.03556615114
3929,1.0,0.0,0.0,0.0,1.0,1.0,0.211291335,0.2480757675,0.03319138288,0.03661590815
3930,1.0,0.0,0.0,0.0,1.0,1.0,0.1911683243,0.2294090475,0.02976959944,0.03368663788
3931,1.0,0.0,0.0,0.0,1.0,1.0,0.1887646732,0.2246947565,0.02925956249,0.03265577555
3932,1.0,0.0,0.0,0.0,1.0,1.0,0.1442494383,0.1892324767,0.02184712887,0.02678871155
3933,1.0,0.0,0.0,0.0,1.0,1.0,0.1523121526,0.1962544482,0.02276545763,0.02762556076
3934,1.0,0.0,0.0,0.0,1.0,1.0,0.1537603581,0.1969700539,0.02325832844,0.02790993452
3935,1.0,0.0,0.0,0.0,1.0,1.0,0.1961988809,0.2328449606,0.03060883284,0.03400987387
3936,1.0,0.0,0.0,0.0,1.0,1.0,0.2055238752,0.2400792406,0.03184098005,0.03466552496
3937,1.0,0.0,0.0,0.0,1.0,1.0,0.2008843766,0.2356838139,0.03116559982,0.03425639868
3938,1.0,0.0,0.0,0.0,1.0,1.0,0.203528998,0.2375432844,0.03189694881,0.03500878811
3939,1.0,0.0,0.0,0.0,1.0,1.0,0.2084925884,0.2445444748,0.03271120787,0.03582662344
3940,1.0,0.0,0.0,0.0,1.0,1.0,0.2035591608,0.23736742,0.0315310955,0.03437405825
3941,1.0,0.0,0.0,0.0,1.0,1.0,0.2075254471,0.2418577965,0.03256201744,0.03542745113
3942,1.0,0.0,0.0,0.0,1.0,1.0,0.2045447558,0.2427721489,0.03211891651,0.03577470779
3943,1.0,0.0,0.0,0.0,1.0,1.0,0.2094543439,0.2463414536,0.03305757046,0.03644138575
3944,1.0,0.0,0.0,0.0,1.0,1.0,0.206496068,0.2410626422,0.03230583668,0.03540724516
3945,1.0,0.0,0.0,0.0,1.0,1.0,0.2124019922,0.2481007003,0.03367751837,0.03681027889
3946,1.0,0.0,0.0,0.0,1.0,1.0,0.2068381516,0.2463413266,0.03249549866,0.03639495373
3947,1.0,0.0,0.0,0.0,1.0,1.0,0.2071809848,0.2445816628,0.03242427111,0.0360558033
3948,1.0,0.0,0.0,0.0,1.0,1.0,0.2051832989,0.2454461725,0.03242087364,0.03634279966
3949,1.0,0.0,0.0,0.0,1.0,1.0,0.2035284538,0.244544557,0.03200131655,0.03590399027
3950,1.0,0.0,0.0,0.0,1.0,1.0,0.2114520171,0.2489778317,0.03342723846,0.03682225943
3951,1.0,0.0,0.0,0.0,1.0,1.0,0.2101476628,0.2445817019,0.03285175562,0.03595584631
3952,1.0,0.0,0.0,0.0,1.0,1.0,0.200884659,0.241914353,0.03134924173,0.03549456596
3953,1.0,0.0,0.0,0.0,1.0,1.0,0.1549391671,0.2056610294,0.02372634411,0.02972304821
3954,1.0,0.0,0.0,0.0,1.0,1.0,0.09342203836,0.139544762,0.01381409168,0.01928764582
3955,1.0,0.0,0.0,0.0,1.0,1.0,0.0874509194,0.1425057998,0.01285248995,0.01967221498
3956,1.0,0.0,0.0,0.0,1.0,1.0,0.08122655128,0.1438591852,0.01201015711,0.01984292269
3957,1.0,0.0,0.0,0.0,1.0,1.0,0.1087113773,0.156628667,0.0160972476,0.0218091011
3958,1.0,0.0,0.0,0.0,1.0,1.0,0.1079044591,0.1470879487,0.01593858004,0.02038049698
3959,1.0,0.0,0.0,0.0,1.0,1.0,0.09781016007,0.1349057905,0.01444679499,0.01864951849
3960,1.0,0.0,0.0,0.0,1.0,1.0,0.1008286082,0.1362874782,0.01494252682,0.01887476444
3961,1.0,0.0,0.0,0.0,1.0,1.0,0.1071456638,0.145985991,0.01600950956,0.02047121525
3962,1.0,0.0,0.0,0.0,1.0,1.0,0.1184006785,0.1647019872,0.01775664091,0.02297919989
3963,1.0,0.0,0.0,0.0,1.0,1.0,0.1102715037,0.1572157575,0.01653379202,0.02204501629
3964,1.0,0.0,0.0,0.0,1.0,1.0,0.1170674754,0.1579045268,0.01758867502,0.02231401205
3965,1.0,0.0,0.0,0.0,1.0,1.0,0.1133749052,0.1584933628,0.0170481205,0.02229362726
3966,1.0,0.0,0.0,0.0,1.0,1.0,0.1060278266,0.1497289345,0.0158560276,0.02079474926
3967,1.0,0.0,0.0,0.0,1.0,1.0,0.1135731106,0.1560468932,0.01691073179,0.02185386419
3968,1.0,0.0,0.0,0.0,1.0,1.0,0.1175815329,0.1628721593,0.01765722036,0.02285051346
3969,1.0,0.0,0.0,0.0,1.0,1.0,0.1098863011,0.1504736685,0.016459167,0.02116179466
3970,1.0,0.0,0.0,0.0,1.0,1.0,0.09244416774,0.1446559637,0.01377105713,0.02000695467
3971,1.0,0.0,0.0,0.0,1.0,1.0,0.08860311824,0.1646591793,0.01320815086,0.02271801233
3972,1.0,0.0,0.0,0.0,1.0,1.0,0.1160876314,0.1802915628,0.0167863965,0.0241304636
3973,1.0,0.0,0.0,0.0,1.0,1.0,0.1179014228,0.1790340326,0.0169942379,0.02379196882
3974,1.0,0.0,0.0,0.0,1.0,1.0,0.1072126971,0.1802913622,0.01530015469,0.02385789156
3975,1.0,0.0,0.0,0.0,1.0,1.0,0.1017611204,0.1802917711,0.01465696096,0.02407938242
3976,1.0,0.0,0.0,0.0,1.0,1.0,0.08045635065,0.1717184247,0.01184815168,0.02343285084
3977,1.0,0.0,0.0,0.0,1.0,1.0,0.08536162906,0.1570006142,0.01255768538,0.02145272493
3978,1.0,0.0,0.0,0.0,1.0,1.0,0.08209703397,0.162071616,0.01216810942,0.02222001553
3979,1.0,0.0,0.0,0.0,1.0,1.0,0.08209667945,0.1608297151,0.01208674908,0.02207154036
3980,1.0,0.0,0.0,0.0,1.0,1.0,0.08876010064,0.1577063398,0.01316815615,0.02185916901
3981,1.0,0.0,0.0,0.0,1.0,1.0,0.1017615126,0.1744125719,0.01460003853,0.02320361137
3982,1.0,0.0,0.0,0.0,1.0,1.0,0.1142737224,0.1776351655,0.01639044285,0.02367508411
3983,1.0,0.0,0.0,0.0,1.0,1.0,0.1072129106,0.1672218997,0.01540666819,0.02245718241
3984,1.0,0.0,0.0,0.0,1.0,1.0,0.1051071767,0.173815737,0.01481217146,0.02286791801
3985,1.0,0.0,0.0,0.0,1.0,1.0,0.1035786508,0.1665738508,0.01488465071,0.02219641209
3986,1.0,0.0,0.0,0.0,1.0,1.0,0.1065578346,0.1698655899,0.01541692019,0.02285963297
3987,1.0,0.0,0.0,0.0,1.0,1.0,0.1112515787,0.1632945979,0.01624721289,0.02210688591
3988,1.0,0.0,0.0,0.0,1.0,1.0,0.09578758211,0.1594437064,0.01396369934,0.02160412073
3989,1.0,0.0,0.0,0.0,1.0,1.0,0.1015765092,0.1600670022,0.01491343975,0.02183759212
3990,1.0,0.0,0.0,0.0,1.0,1.0,0.1025069345,0.1678906539,0.01485300064,0.02254474163
3991,1.0,0.0,0.0,0.0,1.0,1.0,0.1092287203,0.1691969763,0.01563811302,0.02241462469
3992,1.0,0.0,0.0,0.0,1.0,1.0,0.1130754887,0.1626544068,0.01630669832,0.02182996273
3993,1.0,0.0,0.0,0.0,1.0,1.0,0.1083953698,0.1606242485,0.01547396183,0.02124387026
3994,1.0,0.0,0.0,0.0,1.0,1.0,0.1126913913,0.1639400519,0.01611399651,0.02192556858
3995,1.0,0.0,0.0,0.0,1.0,1.0,0.1147506139,0.1685565939,0.016507864,0.02263176441
3996,1.0,0.0,0.0,0.0,1.0,1.0,0.1189815039,0.1691969113,0.01685339212,0.02229827642
3997,1.0,0.0,0.0,0.0,1.0,1.0,0.111251638,0.1646136796,0.01611191034,0.02218687534
3998,1.0,0.0,0.0,0.0,1.0,1.0,0.1158774583,0.171110861,0.01647269726,0.02264994383
3999,1.0,0.0,0.0,0.0,1.0,1.0,0.1258292642,0.1736484525,0.01788598299,0.02299624681
4000,1.0,0.0,0.0,0.0,1.0,1.0,0.1114485754,0.1749021957,0.016033113,0.0235324502
4001,1.0,0.0,0.0,0.0,1.0,1.0,0.1132460114,0.1704028386,0.01636004448,0.02311182022
4002,1.0,0.0,0.0,0.0,1.0,1.0,0.09729092192,0.1697524644,0.01439613104,0.02329552174
4003,1.0,0.0,0.0,0.0,1.0,1.0,0.08016908667,0.1659377564,0.01163083315,0.02248626947
4004,1.0,0.0,0.0,0.0,1.0,1.0,0.1214600974,0.1585828654,0.01818740368,0.02234447002
4005,1.0,0.0,0.0,0.0,1.0,1.0,0.1910945673,0.2273100866,0.02946400642,0.03285372257
4006,1.0,0.0,0.0,0.0,1.0,1.0,0.2515150011,0.2762542144,0.03948181868,0.04078060389
4007,1.0,0.0,0.0,0.0,1.0,1.0,0.2834240671,0.3054831503,0.04443180561,0.0449514389
4008,1.0,0.0,0.0,0.0,1.0,1.0,0.2766163424,0.2935421766,0.04285860062,0.04285860062
4009,1.0,0.0,0.0,0.0,1.0,1.0,0.2909559512,0.3029665231,0.04580312967,0.04502677917
4010,1.0,0.0,0.0,0.0,1.0,1.0,0.2981943224,0.3112447727,0.04743421078,0.04691290855
4011,1.0,0.0,0.0,0.0,1.0,1.0,0.2925193826,0.3060573674,0.04717898369,0.04639267921
4012,1.0,0.0,0.0,0.0,1.0,1.0,0.297394845,0.3060570384,0.04783588648,0.04626744986
4013,1.0,0.0,0.0,0.0,1.0,1.0,0.2911631768,0.3019148342,0.04623949528,0.04520040751
4014,1.0,0.0,0.0,0.0,1.0,1.0,0.2888369943,0.2984445849,0.04614090919,0.04509228468
4015,1.0,0.0,0.0,0.0,1.0,1.0,0.2925195002,0.300519133,0.04657024145,0.04527658224
4016,1.0,0.0,0.0,0.0,1.0,1.0,0.2897405535,0.3005194512,0.04610878229,0.04533165693
4017,1.0,0.0,0.0,0.0,1.0,1.0,0.3017483152,0.313817741,0.04862952232,0.04734301567
4018,1.0,0.0,0.0,0.0,1.0,1.0,0.2906290347,0.3012014444,0.04673528671,0.04569673538
4019,1.0,0.0,0.0,0.0,1.0,1.0,0.294048072,0.298467962,0.04703301191,0.04497689009
4020,1.0,0.0,0.0,0.0,1.0,1.0,0.2797790383,0.2882350493,0.04436922073,0.04334336519
4021,1.0,0.0,0.0,0.0,1.0,1.0,0.2830133307,0.2953678923,0.04523730278,0.04446184635
4022,1.0,0.0,0.0,0.0,1.0,1.0,0.2846307319,0.2919332247,0.04542684555,0.04387819767
4023,1.0,0.0,0.0,0.0,1.0,1.0,0.2866987461,0.2940535373,0.04620784521,0.04465901852
4024,1.0,0.0,0.0,0.0,1.0,1.0,0.2892277772,0.2960675418,0.04614663124,0.04435199499
4025,1.0,0.0,0.0,0.0,1.0,1.0,0.2860140252,0.2943561145,0.046194911,0.04463773966
4026,1.0,0.0,0.0,0.0,1.0,1.0,0.2903674051,0.2977790846,0.04627740383,0.04448771477
4027,1.0,0.0,0.0,0.0,1.0,1.0,0.2808890203,0.28876594,0.04427057505,0.04298359156
4028,1.0,0.0,0.0,0.0,1.0,1.0,0.2765446751,0.2877704511,0.04452580214,0.04348427057
4029,1.0,0.0,0.0,0.0,1.0,1.0,0.2778935601,0.2862985882,0.04415565729,0.04260635376
4030,1.0,0.0,0.0,0.0,1.0,1.0,0.2782628374,0.2893121851,0.04397344589,0.04293268919
4031,1.0,0.0,0.0,0.0,1.0,1.0,0.2791830084,0.2875590094,0.0439581275,0.04265761375
4032,1.0,0.0,0.0,0.0,1.0,1.0,0.2761615306,0.2900481698,0.04384851456,0.04332655668
4033,1.0,0.0,0.0,0.0,1.0,1.0,0.2737744456,0.2822983565,0.04340857267,0.04210108519
4034,1.0,0.0,0.0,0.0,1.0,1.0,0.2597887415,0.2708277444,0.04101884365,0.04049628973
4035,1.0,0.0,0.0,0.0,1.0,1.0,0.2659670807,0.2805451297,0.04213166237,0.04186999798
4036,1.0,0.0,0.0,0.0,1.0,1.0,0.2605104053,0.2733666161,0.04159408808,0.04107087851
4037,1.0,0.0,0.0,0.0,1.0,1.0,0.2637868119,0.2785899706,0.0420769453,0.04181563854
4038,1.0,0.0,0.0,0.0,1.0,1.0,0.2687024553,0.2828280126,0.04247647524,0.04221743345
4039,1.0,0.0,0.0,0.0,1.0,1.0,0.2657570436,0.2818495753,0.0427518487,0.0427518487
4040,1.0,0.0,0.0,0.0,1.0,1.0,0.2675024629,0.2838135751,0.04248803854,0.04248803854
4041,1.0,0.0,0.0,0.0,1.0,1.0,0.2588718766,0.2760693223,0.04082858562,0.04082852602
4042,1.0,0.0,0.0,0.0,1.0,1.0,0.2572818988,0.2780139993,0.04025268555,0.04076880217
4043,1.0,0.0,0.0,0.0,1.0,1.0,0.2621484725,0.2850520128,0.04131537676,0.04183185101
4044,1.0,0.0,0.0,0.0,1.0,1.0,0.2523182461,0.2733666265,0.03968775272,0.04046088457
4045,1.0,0.0,0.0,0.0,1.0,1.0,0.2596589754,0.282072542,0.04111742973,0.04189324379
4046,1.0,0.0,0.0,0.0,1.0,1.0,0.2568126484,0.2795640134,0.04064148664,0.04141801596
4047,1.0,0.0,0.0,0.0,1.0,1.0,0.2583924213,0.2810931232,0.04145395756,0.04223608971
4048,1.0,0.0,0.0,0.0,1.0,1.0,0.2604410102,0.2862982491,0.04121375084,0.0425016284
4049,1.0,0.0,0.0,0.0,1.0,1.0,0.2580257805,0.2758874031,0.04103589058,0.04129558802
4050,1.0,0.0,0.0,0.0,1.0,1.0,0.2583920067,0.2803311717,0.04146844149,0.04199010134
4051,1.0,0.0,0.0,0.0,1.0,1.0,0.2527138029,0.2793576793,0.04010015726,0.04165238142
4052,1.0,0.0,0.0,0.0,1.0,1.0,0.2596591134,0.2828279918,0.04109573364,0.0421295166
4053,1.0,0.0,0.0,0.0,1.0,1.0,0.2519183642,0.2744943065,0.0403817296,0.0411735177
4054,1.0,0.0,0.0,0.0,1.0,1.0,0.2543737388,0.2805452788,0.04012984037,0.04142433405
4055,1.0,0.0,0.0,0.0,1.0,1.0,0.2539300184,0.2820722219,0.04062134027,0.04218363762
4056,1.0,0.0,0.0,0.0,1.0,1.0,0.250674486,0.2768488508,0.04020905495,0.04151451588
4057,1.0,0.0,0.0,0.0,1.0,1.0,0.2396703123,0.2681429384,0.03803879023,0.03985017538
4058,1.0,0.0,0.0,0.0,1.0,1.0,0.1775659593,0.2245123318,0.02741920948,0.03238075972
4059,1.0,0.0,0.0,0.0,1.0,1.0,0.1806424378,0.2216945047,0.02805674076,0.03198993206
4060,1.0,0.0,0.0,0.0,1.0,1.0,0.1763722605,0.2235118251,0.02722847462,0.03189623356
4061,1.0,0.0,0.0,0.0,1.0,1.0,0.1857069253,0.230780325,0.02907824516,0.03357219696
4062,1.0,0.0,0.0,0.0,1.0,1.0,0.1806420768,0.228962957,0.02790284157,0.03285759687
4063,1.0,0.0,0.0,0.0,1.0,1.0,0.1938715603,0.2382183866,0.02997690439,0.03437012434
4064,1.0,0.0,0.0,0.0,1.0,1.0,0.2103230357,0.2551389411,0.03323024511,0.03735178709
4065,1.0,0.0,0.0,0.0,1.0,1.0,0.2441632069,0.2787916754,0.0388391614,0.04116952419
4066,1.0,0.0,0.0,0.0,1.0,1.0,0.2445614278,0.280544981,0.03858608007,0.04115849733
4067,1.0,0.0,0.0,0.0,1.0,1.0,0.2486495782,0.2845633024,0.03994774818,0.04254174232
4068,1.0,0.0,0.0,0.0,1.0,1.0,0.272428691,0.3015556628,0.04275804758,0.04427605867
4069,1.0,0.0,0.0,0.0,1.0,1.0,0.2680248831,0.2963863988,0.04292631149,0.04447788
4070,1.0,0.0,0.0,0.0,1.0,1.0,0.2679080899,0.2981092922,0.04313087463,0.04468047619
4071,1.0,0.0,0.0,0.0,1.0,1.0,0.2773568139,0.3080471464,0.04473316669,0.0462757349
4072,1.0,0.0,0.0,0.0,1.0,1.0,0.2746071357,0.3063360577,0.0441121459,0.0459074378
4073,1.0,0.0,0.0,0.0,1.0,1.0,0.2717084529,0.3029130873,0.04398041964,0.04552358389
4074,1.0,0.0,0.0,0.0,1.0,1.0,0.2755987156,0.3059514885,0.04472368956,0.04626590014
4075,1.0,0.0,0.0,0.0,1.0,1.0,0.2785066658,0.3097582634,0.04501062632,0.04655385017
4076,1.0,0.0,0.0,0.0,1.0,1.0,0.2826224161,0.313384534,0.04579460621,0.04732966423
4077,1.0,0.0,0.0,0.0,1.0,1.0,0.2774477102,0.3055724878,0.04477274418,0.04604464769
4078,1.0,0.0,0.0,0.0,1.0,1.0,0.2799070587,0.3099964568,0.04534387589,0.04688096046
4079,1.0,0.0,0.0,0.0,1.0,1.0,0.2792091102,0.3110507524,0.04512631893,0.046921134
4080,1.0,0.0,0.0,0.0,1.0,1.0,0.2558958427,0.288033453,0.04074841738,0.04254233837
4081,1.0,0.0,0.0,0.0,1.0,1.0,0.1928452433,0.2382182231,0.02979129553,0.0344542861
4082,1.0,0.0,0.0,0.0,1.0,1.0,0.1405731809,0.1818836111,0.02127218246,0.02568227053
4083,1.0,0.0,0.0,0.0,1.0,1.0,0.1491446057,0.1947440959,0.02250021696,0.02741408348
4084,1.0,0.0,0.0,0.0,1.0,1.0,0.1601129063,0.2056613777,0.02448874712,0.02938652039
4085,1.0,0.0,0.0,0.0,1.0,1.0,0.1751942831,0.2193017526,0.02681672573,0.03115844727
4086,1.0,0.0,0.0,0.0,1.0,1.0,0.1942904047,0.2409368336,0.03028422594,0.03464716673
4087,1.0,0.0,0.0,0.0,1.0,1.0,0.2142830427,0.256898825,0.03406351805,0.03796392679
4088,1.0,0.0,0.0,0.0,1.0,1.0,0.2175542671,0.2551019499,0.03419166803,0.03753370047
4089,1.0,0.0,0.0,0.0,1.0,1.0,0.2275152539,0.2647645163,0.03608065844,0.03891557455
4090,1.0,0.0,0.0,0.0,1.0,1.0,0.2321285014,0.2689470098,0.03711026907,0.03994506598
4091,1.0,0.0,0.0,0.0,1.0,1.0,0.2361142872,0.2698839906,0.03749501705,0.03980630636
4092,1.0,0.0,0.0,0.0,1.0,1.0,0.2343968215,0.2735313743,0.03692167997,0.03999847174
4093,1.0,0.0,0.0,0.0,1.0,1.0,0.2094538236,0.2534046777,0.03264015913,0.03675234318
4094,1.0,0.0,0.0,0.0,1.0,1.0,0.1595033421,0.2017055524,0.02447372675,0.02889984846
4095,1.0,0.0,0.0,0.0,1.0,1.0,0.09694751824,0.1531712246,0.01446253061,0.02103644609
4096,1.0,0.0,0.0,0.0,1.0,1.0,0.07646994306,0.1607629944,0.01126194,0.02173811197
4097,1.0,0.0,0.0,0.0,1.0,1.0,0.08180488393,0.1601421834,0.01195514202,0.02157121897
4098,1.0,0.0,0.0,0.0,1.0,1.0,0.07469124974,0.1601419315,0.01103973389,0.02181661129
4099,1.0,0.0,0.0,0.0,1.0,1.0,0.08505901866,0.1518382047,0.01248049736,0.02054077387
4100,1.0,0.0,0.0,0.0,1.0,1.0,0.07633415783,0.1595264787,0.01122707129,0.02167081833
4101,1.0,0.0,0.0,0.0,1.0,1.0,0.07278349028,0.1595265799,0.0106408596,0.02154129744
4102,1.0,0.0,0.0,0.0,1.0,1.0,0.07606346021,0.1614480149,0.01108968258,0.02166360617
4103,1.0,0.0,0.0,0.0,1.0,1.0,0.09391914046,0.1524245453,0.01386344433,0.0206643939
4104,1.0,0.0,0.0,0.0,1.0,1.0,0.1437554117,0.1887834866,0.02194899321,0.02665233612
4105,1.0,0.0,0.0,0.0,1.0,1.0,0.176771872,0.2186277404,0.02707791328,0.03098338842
4106,1.0,0.0,0.0,0.0,1.0,1.0,0.2032196744,0.2426706657,0.03167563677,0.0350509882
4107,1.0,0.0,0.0,0.0,1.0,1.0,0.2220981563,0.263011057,0.03501009941,0.03861409426
4108,1.0,0.0,0.0,0.0,1.0,1.0,0.2437660656,0.2770383438,0.03881531954,0.04088550806
4109,1.0,0.0,0.0,0.0,1.0,1.0,0.252302203,0.2850518391,0.04019612074,0.0420113802
4110,1.0,0.0,0.0,0.0,1.0,1.0,0.2672738556,0.2960019716,0.04259300232,0.0438836813
4111,1.0,0.0,0.0,0.0,1.0,1.0,0.2632676507,0.2907783122,0.04190570116,0.04319906235
4112,1.0,0.0,0.0,0.0,1.0,1.0,0.2685794649,0.2945724025,0.04265779257,0.04343342781
4113,1.0,0.0,0.0,0.0,1.0,1.0,0.2749270797,0.3071203813,0.04414701462,0.04596489668
4114,1.0,0.0,0.0,0.0,1.0,1.0,0.2781618022,0.3088552785,0.04402393103,0.0455596447
4115,1.0,0.0,0.0,0.0,1.0,1.0,0.2768181772,0.3084484813,0.04470658302,0.0465260148
4116,1.0,0.0,0.0,0.0,1.0,1.0,0.2706822009,0.2981090238,0.04328966141,0.04431420565
4117,1.0,0.0,0.0,0.0,1.0,1.0,0.2734472609,0.3022368652,0.04388123751,0.04516434669
4118,1.0,0.0,0.0,0.0,1.0,1.0,0.2738855688,0.3022364597,0.04389625788,0.04517972469
4119,1.0,0.0,0.0,0.0,1.0,1.0,0.2683391302,0.2936503686,0.04309028387,0.04412233829
4120,1.0,0.0,0.0,0.0,1.0,1.0,0.273885315,0.3022365632,0.04417592287,0.04546761513
4121,1.0,0.0,0.0,0.0,1.0,1.0,0.2125056306,0.244506436,0.03345477581,0.03580713272
4122,1.0,0.0,0.0,0.0,1.0,1.0,0.1413182333,0.1965816193,0.02187132835,0.02819555998
4123,1.0,0.0,0.0,0.0,1.0,1.0,0.1141231834,0.1671999487,0.01718211174,0.02316981554
4124,1.0,0.0,0.0,0.0,1.0,1.0,0.1032698393,0.1583087197,0.01526510715,0.02147465944
4125,1.0,0.0,0.0,0.0,1.0,1.0,0.101697612,0.1525868334,0.01512473822,0.02086174488
4126,1.0,0.0,0.0,0.0,1.0,1.0,0.09325779437,0.1455127025,0.01370364428,0.01965051889
4127,1.0,0.0,0.0,0.0,1.0,1.0,0.09309388074,0.1460723818,0.01375114918,0.019718647
4128,1.0,0.0,0.0,0.0,1.0,1.0,0.09501718968,0.1455123517,0.01404690742,0.01976972818
4129,1.0,0.0,0.0,0.0,1.0,1.0,0.08714010193,0.1452676555,0.01280546188,0.01960015297
4130,1.0,0.0,0.0,0.0,1.0,1.0,0.09264019356,0.1447071031,0.01354962587,0.01954269409
4131,1.0,0.0,0.0,0.0,1.0,1.0,0.09037503661,0.1460724241,0.013225317,0.0197083354
4132,1.0,0.0,0.0,0.0,1.0,1.0,0.08431174261,0.151838292,0.0125849247,0.02071261406
4133,1.0,0.0,0.0,0.0,1.0,1.0,0.08797909864,0.1518381053,0.01302224398,0.02057510614
4134,1.0,0.0,0.0,0.0,1.0,1.0,0.1027297503,0.1482065167,0.0152001977,0.02009528875
4135,1.0,0.0,0.0,0.0,1.0,1.0,0.1177849768,0.1584024043,0.01780730486,0.02199733257
4136,1.0,0.0,0.0,0.0,1.0,1.0,0.1251446155,0.1734105065,0.018871665,0.0240419507
4137,1.0,0.0,0.0,0.0,1.0,1.0,0.1277350929,0.1822291022,0.01932913065,0.02533686161
4138,1.0,0.0,0.0,0.0,1.0,1.0,0.1260089614,0.1841077122,0.01897245646,0.02546989918
4139,1.0,0.0,0.0,0.0,1.0,1.0,0.1225237115,0.1684668283,0.01825016737,0.02320379019
4140,1.0,0.0,0.0,0.0,1.0,1.0,0.1127844685,0.1571094886,0.01706719398,0.02179348469
4141,1.0,0.0,0.0,0.0,1.0,1.0,0.111242324,0.1552160518,0.01670390368,0.02140182257
4142,1.0,0.0,0.0,0.0,1.0,1.0,0.1129806496,0.158401934,0.01711714268,0.02212053537
4143,1.0,0.0,0.0,0.0,1.0,1.0,0.119517604,0.1665735366,0.01799070835,0.02320533991
4144,1.0,0.0,0.0,0.0,1.0,1.0,0.1210397712,0.1671999031,0.01817601919,0.02310949564
4145,1.0,0.0,0.0,0.0,1.0,1.0,0.1179898675,0.1697166596,0.01764899492,0.02335894108
4146,1.0,0.0,0.0,0.0,1.0,1.0,0.1227688961,0.1671995595,0.01847988367,0.02316486835
4147,1.0,0.0,0.0,0.0,1.0,1.0,0.1133748082,0.1608948984,0.01688838005,0.02208477259
4148,1.0,0.0,0.0,0.0,1.0,1.0,0.1120214053,0.1571092923,0.01632523537,0.02117180824
4149,1.0,0.0,0.0,0.0,1.0,1.0,0.1135728928,0.1634069814,0.01697933674,0.02246499062
4150,1.0,0.0,0.0,0.0,1.0,1.0,0.1151191265,0.164030552,0.01704198122,0.02220618725
4151,1.0,0.0,0.0,0.0,1.0,1.0,0.1178915618,0.1634067919,0.01742118597,0.02236157656
4152,1.0,0.0,0.0,0.0,1.0,1.0,0.1145743967,0.1577065636,0.01693928242,0.02163016796
4153,1.0,0.0,0.0,0.0,1.0,1.0,0.1143729407,0.1533236125,0.01714044809,0.02135962248
4154,1.0,0.0,0.0,0.0,1.0,1.0,0.115724853,0.1525863807,0.01737928391,0.02106577158
4155,1.0,0.0,0.0,0.0,1.0,1.0,0.1122178912,0.1539064981,0.01664048433,0.02106064558
4156,1.0,0.0,0.0,0.0,1.0,1.0,0.116336825,0.1531713785,0.01717865467,0.02082270384
4157,1.0,0.0,0.0,0.0,1.0,1.0,0.1022353858,0.1397684002,0.0151283145,0.01904082298
4158,1.0,0.0,0.0,0.0,1.0,1.0,0.07824814826,0.1355832233,0.01148015261,0.01826387644
4159,1.0,0.0,0.0,0.0,1.0,1.0,0.06674988318,0.1450173652,0.009766042233,0.01953208447
4160,1.0,0.0,0.0,0.0,1.0,1.0,0.07356724094,0.1436203937,0.01076811552,0.01917254925
4161,1.0,0.0,0.0,0.0,1.0,1.0,0.07436865731,0.1447605089,0.01089823246,0.0194041729
4162,1.0,0.0,0.0,0.0,1.0,1.0,0.07229217153,0.1436205885,0.0105124712,0.01918530464
4163,1.0,0.0,0.0,0.0,1.0,1.0,0.07370000851,0.1402381317,0.01073622704,0.01859200001
4164,1.0,0.0,0.0,0.0,1.0,1.0,0.08328674228,0.1507092709,0.0120934248,0.0199804306
4165,1.0,0.0,0.0,0.0,1.0,1.0,0.09868819021,0.1619648666,0.01426053047,0.02126115561
4166,1.0,0.0,0.0,0.0,1.0,1.0,0.08871889572,0.154064308,0.01278448105,0.02035075426
4167,1.0,0.0,0.0,0.0,1.0,1.0,0.09830557627,0.1685566999,0.01424473524,0.02242231369
4168,1.0,0.0,0.0,0.0,1.0,1.0,0.1025069245,0.1911280945,0.01491069794,0.02556115389
4169,1.0,0.0,0.0,0.0,1.0,1.0,0.09119009012,0.2050647082,0.01336729527,0.02753657103
4170,1.0,0.0,0.0,0.0,1.0,1.0,0.07086973489,0.2018876389,0.01051342487,0.02722704411
4171,1.0,0.0,0.0,0.0,1.0,1.0,0.06506309485,0.2090467299,0.009661912918,0.02818059921
4172,1.0,0.0,0.0,0.0,1.0,1.0,0.06892732313,0.2110375786,0.01017796993,0.02839106321
4173,1.0,0.0,0.0,0.0,1.0,1.0,0.06111682042,0.2085450584,0.009065687656,0.02826368809
4174,1.0,0.0,0.0,0.0,1.0,1.0,0.06291420133,0.2026426687,0.009343087673,0.02749550343
4175,1.0,0.0,0.0,0.0,1.0,1.0,0.05752169199,0.2062342555,0.008465111256,0.02751171589
4176,1.0,0.0,0.0,0.0,1.0,1.0,0.05402413487,0.200285164,0.008162140846,0.02747911215
4177,1.0,0.0,0.0,0.0,1.0,1.0,0.05804401893,0.2010830513,0.008513748646,0.02687144279
4178,1.0,0.0,0.0,0.0,1.0,1.0,0.05931941274,0.1955429805,0.008859395981,0.02657818794
4179,1.0,0.0,0.0,0.0,1.0,1.0,0.0628016191,0.189617175,0.00917840004,0.0251749754
4180,1.0,0.0,0.0,0.0,1.0,1.0,0.06494565415,0.1896176881,0.009585440159,0.02556121349
4181,1.0,0.0,0.0,0.0,1.0,1.0,0.06459571935,0.1888705244,0.009532272816,0.02541941404
4182,1.0,0.0,0.0,0.0,1.0,1.0,0.0665093565,0.181716814,0.01001250744,0.02489608526
4183,1.0,0.0,0.0,0.0,1.0,1.0,0.06337034558,0.1810014617,0.009235262871,0.02427560091
4184,1.0,0.0,0.0,0.0,1.0,1.0,0.07423376163,0.1824381198,0.01111155748,0.02493333817
4185,1.0,0.0,0.0,0.0,1.0,1.0,0.05836153119,0.191128236,0.008480548859,0.02544164658
4186,1.0,0.0,0.0,0.0,1.0,1.0,0.06723517737,0.1928056096,0.009891748428,0.02619975805
4187,1.0,0.0,0.0,0.0,1.0,1.0,0.1189387795,0.1588258316,0.01826155186,0.02234995365
4188,1.0,0.0,0.0,0.0,1.0,1.0,0.1697489933,0.1930742263,0.02588069439,0.02693712711
4189,1.0,0.0,0.0,0.0,1.0,1.0,0.2363545541,0.2471146977,0.03675472736,0.03544205427
4190,1.0,0.0,0.0,0.0,1.0,1.0,0.2661830678,0.26339072,0.0412851572,0.03790962696
4191,1.0,0.0,0.0,0.0,1.0,1.0,0.2862640684,0.2794136085,0.0444868803,0.04011529684
4192,1.0,0.0,0.0,0.0,1.0,1.0,0.2827038047,0.2748466458,0.04420679808,0.04004621506
4193,1.0,0.0,0.0,0.0,1.0,1.0,0.2879188273,0.2809822165,0.04526865482,0.04110604525
4194,1.0,0.0,0.0,0.0,1.0,1.0,0.2815560074,0.2764412588,0.04516106844,0.04119956493
4195,1.0,0.0,0.0,0.0,1.0,1.0,0.2781778366,0.2766311398,0.04316389561,0.04006230831
4196,1.0,0.0,0.0,0.0,1.0,1.0,0.2945375109,0.2941616882,0.04628032446,0.04316025972
4197,1.0,0.0,0.0,0.0,1.0,1.0,0.2860243893,0.2842934168,0.04474294186,0.04140007496
4198,1.0,0.0,0.0,0.0,1.0,1.0,0.2871956995,0.2878249298,0.04488825798,0.04181021452
4199,1.0,0.0,0.0,0.0,1.0,1.0,0.286495466,0.286059533,0.04520142078,0.04208415747
4200,1.0,0.0,0.0,0.0,1.0,1.0,0.2806313087,0.2825277453,0.04484784603,0.04196292162
4201,1.0,0.0,0.0,0.0,1.0,1.0,0.2733232953,0.2754647396,0.04336571693,0.04075336456
4202,1.0,0.0,0.0,0.0,1.0,1.0,0.27689455,0.2903307739,0.0436847806,0.04265081882
4203,1.0,0.0,0.0,0.0,1.0,1.0,0.2715339768,0.2815329,0.04338252544,0.04181450605
4204,1.0,0.0,0.0,0.0,1.0,1.0,0.263696414,0.2727351952,0.04191690683,0.04010570049
4205,1.0,0.0,0.0,0.0,1.0,1.0,0.2641266576,0.2762541429,0.0422155261,0.04091256857
4206,1.0,0.0,0.0,0.0,1.0,1.0,0.2628402355,0.2770383256,0.04243344069,0.04138571024
4207,1.0,0.0,0.0,0.0,1.0,1.0,0.258754901,0.2735312361,0.04181200266,0.040766716
4208,1.0,0.0,0.0,0.0,1.0,1.0,0.2616427094,0.2752851238,0.04217588902,0.04112803936
4209,1.0,0.0,0.0,0.0,1.0,1.0,0.2656538324,0.2797734602,0.04235130548,0.04106014967
4210,1.0,0.0,0.0,0.0,1.0,1.0,0.2659807547,0.2805449007,0.04320800304,0.04189860821
4211,1.0,0.0,0.0,0.0,1.0,1.0,0.2672735867,0.2815327255,0.04289531708,0.04159545898
4212,1.0,0.0,0.0,0.0,1.0,1.0,0.2659803418,0.2760695941,0.04313266277,0.04130280018
4213,1.0,0.0,0.0,0.0,1.0,1.0,0.2703804811,0.2883009081,0.04340410233,0.04262906313
4214,1.0,0.0,0.0,0.0,1.0,1.0,0.2696391533,0.2868118339,0.04350411892,0.04246217012
4215,1.0,0.0,0.0,0.0,1.0,1.0,0.2743249824,0.2907783378,0.04451137781,0.04347020388
4216,1.0,0.0,0.0,0.0,1.0,1.0,0.2743250495,0.2925194038,0.04427158833,0.0434948802
4217,1.0,0.0,0.0,0.0,1.0,1.0,0.2804887361,0.2977430307,0.04548466206,0.04470038414
4218,1.0,0.0,0.0,0.0,1.0,1.0,0.2652241498,0.2795639664,0.04270589352,0.04166424274
4219,1.0,0.0,0.0,0.0,1.0,1.0,0.2668412891,0.2787917185,0.04276001453,0.04120510817
4220,1.0,0.0,0.0,0.0,1.0,1.0,0.2583370974,0.2743225019,0.04112100601,0.04035001993
4221,1.0,0.0,0.0,0.0,1.0,1.0,0.254314878,0.2717783957,0.04052996635,0.04001373053
4222,1.0,0.0,0.0,0.0,1.0,1.0,0.2542863349,0.2743223281,0.04076898098,0.04051095247
4223,1.0,0.0,0.0,0.0,1.0,1.0,0.2543148151,0.2700243485,0.04028528929,0.0395154953
4224,1.0,0.0,0.0,0.0,1.0,1.0,0.2631812223,0.2805453692,0.04195791483,0.04118567705
4225,1.0,0.0,0.0,0.0,1.0,1.0,0.2615664366,0.2787918713,0.0419178009,0.04114156961
4226,1.0,0.0,0.0,0.0,1.0,1.0,0.262840049,0.2797730748,0.0414493084,0.04068171978
4227,1.0,0.0,0.0,0.0,1.0,1.0,0.2506691952,0.2655860349,0.04009491205,0.03931885958
4228,1.0,0.0,0.0,0.0,1.0,1.0,0.2494527527,0.2711249779,0.03983587027,0.03983587027
4229,1.0,0.0,0.0,0.0,1.0,1.0,0.2514936404,0.2667549028,0.0405523777,0.03949904442
4230,1.0,0.0,0.0,0.0,1.0,1.0,0.2519053768,0.2675809673,0.04010474682,0.03932344913
4231,1.0,0.0,0.0,0.0,1.0,1.0,0.2482273917,0.2640367434,0.03940862417,0.03863078356
4232,1.0,0.0,0.0,0.0,1.0,1.0,0.2482273181,0.2685332437,0.03959268332,0.03933221102
4233,1.0,0.0,0.0,0.0,1.0,1.0,0.2543734953,0.2748462497,0.04018360376,0.03992432356
4234,1.0,0.0,0.0,0.0,1.0,1.0,0.2362316792,0.2543382377,0.03757911921,0.03731632233
4235,1.0,0.0,0.0,0.0,1.0,1.0,0.241187587,0.2587838675,0.03797477484,0.03771466017
4236,1.0,0.0,0.0,0.0,1.0,1.0,0.2198771746,0.2390750084,0.03443056345,0.03469139338
4237,1.0,0.0,0.0,0.0,1.0,1.0,0.1548189546,0.1796750164,0.02351856232,0.0250864625
4238,1.0,0.0,0.0,0.0,1.0,1.0,0.1118384385,0.1331303231,0.01644539833,0.01801156998
4239,1.0,0.0,0.0,0.0,1.0,1.0,0.1378542297,0.1653215208,0.02113085985,0.02324396372
4240,1.0,0.0,0.0,0.0,1.0,1.0,0.1474307153,0.171546025,0.02255558968,0.0241292119
4241,1.0,0.0,0.0,0.0,1.0,1.0,0.1488895323,0.174623875,0.02277350426,0.02460587025
4242,1.0,0.0,0.0,0.0,1.0,1.0,0.1476838544,0.1727658244,0.02278757095,0.02464234829
4243,1.0,0.0,0.0,0.0,1.0,1.0,0.1474305454,0.1727660242,0.02271032333,0.02455884218
4244,1.0,0.0,0.0,0.0,1.0,1.0,0.1444976761,0.1765929397,0.02221745253,0.02486234903
4245,1.0,0.0,0.0,0.0,1.0,1.0,0.1476838402,0.1752752026,0.02277493477,0.02489352226
4246,1.0,0.0,0.0,0.0,1.0,1.0,0.1557350893,0.1778032797,0.02411454916,0.02517449856
4247,1.0,0.0,0.0,0.0,1.0,1.0,0.1537601799,0.1752755012,0.02360779047,0.02465707064
4248,1.0,0.0,0.0,0.0,1.0,1.0,0.1625801492,0.1834183957,0.02483487129,0.02561920881
4249,1.0,0.0,0.0,0.0,1.0,1.0,0.160869066,0.1815466351,0.02467632294,0.02546387911
4250,1.0,0.0,0.0,0.0,1.0,1.0,0.1284005637,0.1506791184,0.01974546909,0.02107959986
4251,1.0,0.0,0.0,0.0,1.0,1.0,0.08180502324,0.1600669938,0.01240849495,0.02211946249
4252,1.0,0.0,0.0,0.0,1.0,1.0,0.07190209886,0.1769438837,0.01053875685,0.02397572994
4253,1.0,0.0,0.0,0.0,1.0,1.0,0.07797091868,0.17432154,0.01209515333,0.0247400403
4254,1.0,0.0,0.0,0.0,1.0,1.0,0.07442644418,0.1794365584,0.01122003794,0.02484440804
4255,1.0,0.0,0.0,0.0,1.0,1.0,0.06615267816,0.2002770819,0.009941995144,0.02767634392
4256,1.0,0.0,0.0,0.0,1.0,1.0,0.06545035936,0.1902780209,0.009831011295,0.02630448341
4257,1.0,0.0,0.0,0.0,1.0,1.0,0.06213204329,0.1944440476,0.009370982647,0.02677434683
4258,1.0,0.0,0.0,0.0,1.0,1.0,0.0645956681,0.2091852719,0.0096180439,0.0288541913
4259,1.0,0.0,0.0,0.0,1.0,1.0,0.06089788052,0.2225317263,0.009151518345,0.03068447113
4260,1.0,0.0,0.0,0.0,1.0,1.0,0.06213246354,0.2147236428,0.009426474571,0.02962595224
4261,1.0,0.0,0.0,0.0,1.0,1.0,0.06068039078,0.2264362973,0.009191393852,0.03135889769
4262,1.0,0.0,0.0,0.0,1.0,1.0,0.07075703769,0.2274995485,0.01073026657,0.0313860178
4263,1.0,0.0,0.0,0.0,1.0,1.0,0.06133749895,0.2192450608,0.009280383587,0.0302977562
4264,1.0,0.0,0.0,0.0,1.0,1.0,0.06867784626,0.2209922041,0.01022440195,0.02986598015
4265,1.0,0.0,0.0,0.0,1.0,1.0,0.07281927048,0.2309464428,0.01075339317,0.03118473291
4266,1.0,0.0,0.0,0.0,1.0,1.0,0.06905215164,0.2289555874,0.01029449701,0.03115445375
4267,1.0,0.0,0.0,0.0,1.0,1.0,0.06981404156,0.2298716226,0.01022976637,0.03095847368
4268,1.0,0.0,0.0,0.0,1.0,1.0,0.06955800966,0.2428364795,0.01026380062,0.03268224001
4269,1.0,0.0,0.0,0.0,1.0,1.0,0.06955846405,0.23777031,0.01033520699,0.03209340572
4270,1.0,0.0,0.0,0.0,1.0,1.0,0.09791209409,0.2619505395,0.01411384344,0.03461885452
4271,1.0,0.0,0.0,0.0,1.0,1.0,0.08985801611,0.2659801693,0.01329153776,0.03580576181
4272,1.0,0.0,0.0,0.0,1.0,1.0,0.09352572987,0.2558573448,0.01354426146,0.03399348259
4273,1.0,0.0,0.0,0.0,0.0,1.0,0.0,0.2548779438,0.0,0.03441810608
4274,1.0,0.0,0.0,0.0,1.0,1.0,0.09571101756,0.2722057512,0.01400762796,0.03609651327
4275,1.0,0.0,0.0,0.0,1.0,1.0,0.09827544316,0.2690802727,0.01419407129,0.03561902046
4276,1.0,0.0,0.0,0.0,0.0,1.0,0.0,0.2468497497,0.0,0.03274053335
4277,1.0,0.0,0.0,0.0,0.0,1.0,0.0,0.2438639399,0.0,0.03268128633
4278,1.0,0.0,0.0,0.0,1.0,1.0,0.07099872888,0.240901047,0.01061779261,0.03294229507
4279,1.0,0.0,0.0,0.0,0.0,1.0,0.0,0.2568287534,0.0,0.03427261114
4280,1.0,0.0,0.0,0.0,1.0,1.0,0.07436847636,0.2578558811,0.01095592976,0.03447115421
4281,1.0,0.0,0.0,0.0,1.0,1.0,0.05964132661,0.2498604514,0.008811593056,0.03337717056
4282,1.0,0.0,0.0,0.0,1.0,1.0,0.06674981593,0.2282188667,0.01002115011,0.03141760826
4283,1.0,0.0,0.0,0.0,1.0,1.0,0.05996619912,0.2251706958,0.008962392807,0.03096115589
4284,1.0,0.0,0.0,0.0,1.0,1.0,0.07730481296,0.2548775734,0.01130235195,0.03417617083
4285,1.0,0.0,0.0,0.0,1.0,1.0,0.05868270775,0.2318705609,0.008691191673,0.03150564432
4286,1.0,0.0,0.0,0.0,1.0,1.0,0.07165126162,0.2428362909,0.01046741009,0.03247576952
4287,1.0,0.0,0.0,0.0,0.0,1.0,0.0,0.232663443,0.0,0.03081023693
4288,1.0,0.0,0.0,0.0,1.0,1.0,0.1163860524,0.2847014466,0.01737773418,0.03944468498
4289,1.0,0.0,0.0,0.0,1.0,1.0,0.1129002597,0.274947052,0.01679593325,0.03772193193
4290,1.0,0.0,0.0,0.0,1.0,1.0,0.1293836055,0.2930091505,0.01883399487,0.0398516655
4291,1.0,0.0,0.0,0.0,1.0,1.0,0.1459860011,0.2898383626,0.02107721567,0.03918200731
4292,1.0,0.0,0.0,0.0,1.0,1.0,0.1618684629,0.2941906962,0.02397096157,0.0406948328
4293,1.0,0.0,0.0,0.0,1.0,1.0,0.1462598115,0.2679954732,0.02233392,0.03808218241
4294,1.0,0.0,0.0,0.0,1.0,1.0,0.1520484367,0.2598548743,0.02279549837,0.0361392498
4295,1.0,0.0,0.0,0.0,1.0,1.0,0.1362038665,0.2478616991,0.02106833458,0.03530371189
4296,1.0,0.0,0.0,0.0,1.0,1.0,0.08987773299,0.2124795509,0.01394927502,0.03013044596
4297,1.0,0.0,0.0,0.0,1.0,1.0,0.08458157729,0.1817164617,0.01374542713,0.02692973614
4298,1.0,0.0,0.0,0.0,1.0,1.0,0.1690599098,0.2079129305,0.02755194902,0.03079330921
4299,1.0,0.0,0.0,0.0,1.0,1.0,0.2060538221,0.2356836797,0.03410166502,0.03571271896
4300,1.0,0.0,0.0,0.0,1.0,1.0,0.2458432757,0.2646606039,0.04128879309,0.04101896286
4301,1.0,0.0,0.0,0.0,1.0,1.0,0.2566784341,0.2785900266,0.0428122282,0.0428122282
4302,1.0,0.0,0.0,0.0,1.0,1.0,0.2554130445,0.2789537657,0.04283136129,0.04336339235
4303,1.0,0.0,0.0,0.0,1.0,1.0,0.2610006952,0.2772421798,0.04346752167,0.04293739796
4304,1.0,0.0,0.0,0.0,1.0,1.0,0.2526063428,0.2736568468,0.0418830514,0.0418830514
4305,1.0,0.0,0.0,0.0,1.0,1.0,0.2669414462,0.2877706189,0.0443200469,0.04405629635
4306,1.0,0.0,0.0,0.0,1.0,1.0,0.2589969461,0.2860469566,0.04340159893,0.04420036077
4307,1.0,0.0,0.0,0.0,1.0,1.0,0.2598227772,0.2843236827,0.0434679985,0.04400134087
4308,1.0,0.0,0.0,0.0,1.0,1.0,0.2617587342,0.2867812563,0.04378908873,0.04431980848
4309,1.0,0.0,0.0,0.0,1.0,1.0,0.2590552389,0.2855548437,0.04321855307,0.04375213385
4310,1.0,0.0,0.0,0.0,1.0,1.0,0.2695656282,0.2963860778,0.04574668407,0.04601418972
4311,1.0,0.0,0.0,0.0,1.0,1.0,0.272430995,0.3019148412,0.04568678141,0.04621803761
4312,1.0,0.0,0.0,0.0,1.0,1.0,0.271141986,0.3015558147,0.0459177494,0.04671865702
4313,1.0,0.0,0.0,0.0,1.0,1.0,0.2806004254,0.3036496742,0.0473279953,0.04653030634
4314,1.0,0.0,0.0,0.0,1.0,1.0,0.2691410773,0.3012252915,0.04533863068,0.0458688736
4315,1.0,0.0,0.0,0.0,1.0,1.0,0.2727184622,0.312762368,0.04608291388,0.04768115282
4316,1.0,0.0,0.0,0.0,1.0,1.0,0.2717233609,0.3145096459,0.04659354687,0.04820019007
4317,1.0,0.0,0.0,0.0,1.0,1.0,0.2795316193,0.3184844093,0.04717457294,0.04770165682
4318,1.0,0.0,0.0,0.0,1.0,1.0,0.2952537754,0.3278311709,0.0498906374,0.04935705662
4319,1.0,0.0,0.0,0.0,1.0,1.0,0.301569454,0.3289977578,0.04986917973,0.04830259085
4320,1.0,0.0,0.0,0.0,1.0,1.0,0.2821766448,0.322400304,0.04626214504,0.04652059078
4321,1.0,0.0,0.0,0.0,1.0,1.0,0.2693869162,0.3186626665,0.04488265514,0.04674172401
4322,1.0,0.0,0.0,0.0,1.0,1.0,0.276645564,0.318004207,0.04485172033,0.04537022114
4323,1.0,0.0,0.0,0.0,1.0,1.0,0.2749274009,0.3203338229,0.04437625408,0.04568141699
4324,1.0,0.0,0.0,0.0,1.0,1.0,0.2753729774,0.3196745313,0.04463022947,0.0456803441
4325,1.0,0.0,0.0,0.0,1.0,1.0,0.285091998,0.3294861927,0.04620343447,0.04725348949
4326,1.0,0.0,0.0,0.0,1.0,1.0,0.2825563182,0.3301074841,0.04586899281,0.04744160175
4327,1.0,0.0,0.0,0.0,1.0,1.0,0.2740407317,0.3221643827,0.04436409473,0.04592984915
4328,1.0,0.0,0.0,0.0,1.0,1.0,0.2769926159,0.3221641789,0.04467540979,0.04598170519
4329,1.0,0.0,0.0,0.0,1.0,1.0,0.276645437,0.3240942732,0.04499107599,0.04655146599
4330,1.0,0.0,0.0,0.0,1.0,1.0,0.2711167664,0.3161871206,0.04394161701,0.04524165392
4331,1.0,0.0,0.0,0.0,1.0,1.0,0.2735993865,0.3132306094,0.04421246052,0.04499262571
4332,1.0,0.0,0.0,0.0,1.0,1.0,0.2575547751,0.3038594823,0.04151469469,0.04334235191
4333,1.0,0.0,0.0,0.0,1.0,1.0,0.2659806467,0.3084919672,0.0427312851,0.04428511858
4334,1.0,0.0,0.0,0.0,1.0,1.0,0.2626737994,0.3062801688,0.04226750135,0.04407155514
4335,1.0,0.0,0.0,0.0,1.0,1.0,0.2514622606,0.2976677727,0.04104524851,0.04313671589
4336,1.0,0.0,0.0,0.0,1.0,1.0,0.201857608,0.2636904006,0.03193205595,0.03712427616
4337,1.0,0.0,0.0,0.0,1.0,1.0,0.148746378,0.2256204769,0.02296495438,0.03122204542
4338,1.0,0.0,0.0,0.0,1.0,1.0,0.1496668182,0.2192084877,0.02322101593,0.0304453373
4339,1.0,0.0,0.0,0.0,1.0,1.0,0.1514802364,0.2212789671,0.02360671759,0.03079146147
4340,1.0,0.0,0.0,0.0,1.0,1.0,0.1597803871,0.2351627919,0.02539491653,0.03316885233
4341,1.0,0.0,0.0,0.0,1.0,1.0,0.1552853519,0.225149418,0.02437883615,0.03189998865
4342,1.0,0.0,0.0,0.0,1.0,1.0,0.1580664321,0.2306401685,0.02480852604,0.03256118298
4343,1.0,0.0,0.0,0.0,1.0,1.0,0.1585890891,0.228654427,0.0248298049,0.03207182884
4344,1.0,0.0,0.0,0.0,1.0,1.0,0.1607725698,0.2286544406,0.02513206005,0.03212755919
4345,1.0,0.0,0.0,0.0,1.0,1.0,0.1553957671,0.2249668299,0.02452963591,0.03150129318
4346,1.0,0.0,0.0,0.0,1.0,1.0,0.1481874342,0.2157464685,0.02313244343,0.03007215261
4347,1.0,0.0,0.0,0.0,1.0,1.0,0.143732348,0.2136351063,0.02237695456,0.02992266417
4348,1.0,0.0,0.0,0.0,1.0,1.0,0.1080474821,0.1878649407,0.01658004522,0.02590638399
4349,1.0,0.0,0.0,0.0,1.0,1.0,0.05816849676,0.205419063,0.008656919003,0.02728247643
4350,1.0,0.0,0.0,0.0,1.0,1.0,0.06413530984,0.2050646459,0.009396135807,0.02688336372
4351,1.0,0.0,0.0,0.0,1.0,1.0,0.05260209667,0.1987078977,0.007830440998,0.02636253834
4352,1.0,0.0,0.0,0.0,1.0,1.0,0.1067199939,0.1822291573,0.01648801565,0.02538633347
4353,1.0,0.0,0.0,0.0,1.0,1.0,0.1699049443,0.2322126606,0.02684724331,0.03290110826
4354,1.0,0.0,0.0,0.0,1.0,1.0,0.2005458985,0.2580377763,0.03159499168,0.03677451611
4355,1.0,0.0,0.0,0.0,1.0,1.0,0.2226401446,0.2750262841,0.03537839651,0.03951013088
4356,1.0,0.0,0.0,0.0,1.0,1.0,0.2422402554,0.2962627682,0.03898376226,0.04285627604
4357,1.0,0.0,0.0,0.0,1.0,1.0,0.2462624165,0.2923901665,0.04005783796,0.04291915894
4358,1.0,0.0,0.0,0.0,1.0,1.0,0.2522553458,0.3041004624,0.04080861807,0.04416626692
4359,1.0,0.0,0.0,0.0,1.0,1.0,0.2466773109,0.295934201,0.03983968496,0.04292410612
4360,1.0,0.0,0.0,0.0,1.0,1.0,0.2490619654,0.2959343234,0.04014736414,0.04297834635
4361,1.0,0.0,0.0,0.0,1.0,1.0,0.2494606118,0.2966542246,0.0398748517,0.04294216633
4362,1.0,0.0,0.0,0.0,1.0,1.0,0.2510522724,0.3019516538,0.04036855698,0.04369002581
4363,1.0,0.0,0.0,0.0,1.0,1.0,0.2458689277,0.2959338799,0.0400595665,0.04344123602
4364,1.0,0.0,0.0,0.0,1.0,1.0,0.2415184944,0.2966544393,0.03889364004,0.04298776388
4365,1.0,0.0,0.0,0.0,1.0,1.0,0.2446963061,0.2948884373,0.03921914101,0.042529881
4366,1.0,0.0,0.0,0.0,1.0,1.0,0.2470709254,0.2991287313,0.0396168828,0.04345077276
4367,1.0,0.0,0.0,0.0,1.0,1.0,0.2470527879,0.2931227932,0.03950977325,0.04258853197
4368,1.0,0.0,0.0,0.0,1.0,1.0,0.2454770833,0.2938497555,0.03935927153,0.04268175364
4369,1.0,0.0,0.0,0.0,1.0,1.0,0.2458692533,0.2913567973,0.03942018747,0.04223591089
4370,1.0,0.0,0.0,0.0,1.0,1.0,0.2490567367,0.2931224441,0.04002332687,0.04286372662
4371,1.0,0.0,0.0,0.0,1.0,1.0,0.2414652542,0.2931223671,0.03862774372,0.04246491194
4372,1.0,0.0,0.0,0.0,1.0,1.0,0.2502588361,0.3008885461,0.04026138783,0.043851614
4373,1.0,0.0,0.0,0.0,1.0,1.0,0.2490571964,0.2931227143,0.0396079421,0.04241883755
4374,1.0,0.0,0.0,0.0,1.0,1.0,0.2486574739,0.290331008,0.03982448578,0.0423938036
4375,1.0,0.0,0.0,0.0,1.0,1.0,0.2430640339,0.2885710415,0.038836658,0.04190272093
4376,1.0,0.0,0.0,0.0,1.0,1.0,0.254286406,0.300186,0.0407243371,0.04381734133
4377,1.0,0.0,0.0,0.0,1.0,1.0,0.246657048,0.292818957,0.03932750225,0.04264736176
4378,1.0,0.0,0.0,0.0,1.0,1.0,0.2494582678,0.295609774,0.03989064693,0.04323631525
4379,1.0,0.0,0.0,0.0,1.0,1.0,0.2510596406,0.2910653388,0.04033881426,0.04265123606
4380,1.0,0.0,0.0,0.0,1.0,1.0,0.2450554123,0.2840519405,0.03935021162,0.041664958
4381,1.0,0.0,0.0,0.0,1.0,1.0,0.2382672261,0.2868113869,0.03809636831,0.04167580605
4382,1.0,0.0,0.0,0.0,1.0,1.0,0.2418519925,0.2858053549,0.0386184454,0.04168748856
4383,1.0,0.0,0.0,0.0,1.0,1.0,0.2406947921,0.2850518476,0.03873234987,0.04155391455
4384,1.0,0.0,0.0,0.0,1.0,1.0,0.2482689953,0.289311958,0.04012799263,0.04244303703
4385,1.0,0.0,0.0,0.0,1.0,1.0,0.2454771092,0.2875587062,0.04004067183,0.04264068604
4386,1.0,0.0,0.0,0.0,1.0,1.0,0.2438445272,0.2885715446,0.03887927532,0.04194873571
4387,1.0,0.0,0.0,0.0,1.0,1.0,0.2506639514,0.2931225539,0.0400647521,0.04263299704
4388,1.0,0.0,0.0,0.0,1.0,1.0,0.2542863862,0.2931226839,0.04078131914,0.04284620285
4389,1.0,0.0,0.0,0.0,1.0,1.0,0.2510673837,0.2948883092,0.04050832987,0.04336470366
4390,1.0,0.0,0.0,0.0,1.0,1.0,0.2563500716,0.2952087961,0.0406498909,0.04270815849
4391,1.0,0.0,0.0,0.0,1.0,1.0,0.2563506869,0.294162188,0.04083973169,0.04290753603
4392,1.0,0.0,0.0,0.0,1.0,1.0,0.2563084902,0.2948882918,0.04116183519,0.04323285818
4393,1.0,0.0,0.0,0.0,1.0,1.0,0.2594707371,0.3012502354,0.04215615988,0.0442379117
4394,1.0,0.0,0.0,0.0,1.0,1.0,0.2478356025,0.2916518405,0.03933370113,0.0421615839
4395,1.0,0.0,0.0,0.0,1.0,1.0,0.2583371385,0.2969870678,0.04200029373,0.04383778572
4396,1.0,0.0,0.0,0.0,1.0,1.0,0.2571380775,0.3051868901,0.04196149111,0.04512840509
4397,1.0,0.0,0.0,0.0,1.0,1.0,0.08435656162,0.1515546292,0.01224994659,0.01970642805
4398,1.0,0.0,0.0,0.0,1.0,1.0,0.155181247,0.1998883961,0.02208912373,0.02577066422
4399,1.0,0.0,0.0,0.0,1.0,1.0,0.1786712695,0.2135738799,0.02526271343,0.02710479498
4400,1.0,0.0,0.0,0.0,1.0,1.0,0.1812070249,0.2064963505,0.02585834265,0.02665811777
4401,1.0,0.0,0.0,0.0,1.0,1.0,0.1760377279,0.1974205868,0.02467876673,0.02547490597
4402,1.0,0.0,0.0,0.0,1.0,1.0,0.1969163309,0.2220981731,0.02817517519,0.02870672941
4403,1.0,0.0,0.0,0.0,1.0,1.0,0.184598613,0.219794351,0.0264133811,0.02828097343
4404,1.0,0.0,0.0,0.0,1.0,1.0,0.1554685156,0.1904677139,0.02217769623,0.0245539546
4405,1.0,0.0,0.0,0.0,1.0,1.0,0.1401088434,0.1809689802,0.01987975836,0.02332556248
4406,1.0,0.0,0.0,0.0,1.0,1.0,0.1309234873,0.1739917958,0.01892662048,0.02292513847
4407,1.0,0.0,0.0,0.0,1.0,1.0,0.1078007806,0.154531967,0.01590263844,0.02075427771
4408,1.0,0.0,0.0,0.0,1.0,1.0,0.1094541222,0.1323371824,0.01626509428,0.01786494255
4409,1.0,0.0,0.0,0.0,1.0,1.0,0.1571563073,0.1788885878,0.0234849453,0.02427655458
4410,1.0,0.0,0.0,0.0,1.0,1.0,0.1995442401,0.2214672263,0.03060734272,0.03087121248
4411,1.0,0.0,0.0,0.0,1.0,1.0,0.2068407795,0.2299095871,0.03151923418,0.03204900026
4412,1.0,0.0,0.0,0.0,1.0,1.0,0.2215167973,0.2385031431,0.03347325325,0.03320968151
4413,1.0,0.0,0.0,0.0,1.0,1.0,0.22955385,0.2421720465,0.03448319435,0.03342211246
4414,1.0,0.0,0.0,0.0,1.0,1.0,0.2219010858,0.2315309798,0.03314560652,0.0318197608
4415,1.0,0.0,0.0,0.0,1.0,1.0,0.2264220856,0.2431076612,0.03409141302,0.03355878592
4416,1.0,0.0,0.0,0.0,1.0,1.0,0.2178963362,0.2352771805,0.03214502335,0.03214502335
4417,1.0,0.0,0.0,0.0,1.0,1.0,0.2214980187,0.2315309875,0.03244352341,0.03165221214
4418,1.0,0.0,0.0,0.0,1.0,1.0,0.2212920954,0.2333328512,0.03226155043,0.03173267841
4419,1.0,0.0,0.0,0.0,1.0,1.0,0.2267336205,0.2294438503,0.03301125765,0.03116261959
4420,1.0,0.0,0.0,0.0,1.0,1.0,0.2263929679,0.2242845571,0.03262192011,0.0302349925
4421,1.0,0.0,0.0,0.0,1.0,1.0,0.2169476239,0.2124797253,0.03102743626,0.02864068747
4422,1.0,0.0,0.0,0.0,1.0,1.0,0.2276505957,0.2223169416,0.03273999691,0.03007823229
4423,1.0,0.0,0.0,0.0,1.0,1.0,0.2315094629,0.2186280082,0.03369057178,0.03067755699
4424,1.0,0.0,0.0,0.0,1.0,1.0,0.2418308049,0.2225317978,0.03474414349,0.03094398975
4425,1.0,0.0,0.0,0.0,1.0,1.0,0.2244028528,0.2053117797,0.03523910046,0.03138947487
4426,1.0,0.0,0.0,0.0,1.0,1.0,0.2164853595,0.2010157074,0.03525882959,0.03143918514
4427,1.0,0.0,0.0,0.0,1.0,1.0,0.215459348,0.1783391851,0.03681963682,0.02970325947
4428,1.0,0.0,0.0,0.0,1.0,1.0,0.1850815814,0.1552163647,0.03098171949,0.02540504932
4429,1.0,0.0,0.0,0.0,1.0,1.0,0.1806681384,0.1469769314,0.02732795477,0.02180427313
4430,1.0,0.0,0.0,0.0,1.0,1.0,0.1827773677,0.1343120124,0.02813208103,0.02035081387
4431,1.0,0.0,0.0,0.0,1.0,1.0,0.1891870818,0.1312007904,0.02975469828,0.02043753862
4432,1.0,0.0,0.0,0.0,1.0,1.0,0.1850817863,0.1112659783,0.02874732018,0.01724839211
4433,1.0,0.0,0.0,0.0,1.0,1.0,0.177066481,0.1258984301,0.02715754509,0.01961374283
4434,1.0,0.0,0.0,0.0,1.0,1.0,0.1778500168,0.129698235,0.02765321732,0.02043932676
4435,1.0,0.0,0.0,0.0,1.0,1.0,0.1865364847,0.1336461269,0.02901613712,0.02107483149
4436,1.0,0.0,0.0,0.0,1.0,1.0,0.1983017527,0.1180443282,0.03031855822,0.01819115877
4437,1.0,0.0,0.0,0.0,1.0,1.0,0.203808003,0.124451571,0.03257536888,0.02035957575
4438,1.0,0.0,0.0,0.0,1.0,1.0,0.1983017987,0.1318160585,0.03115355968,0.02087289095
4439,1.0,0.0,0.0,0.0,1.0,1.0,0.2107256822,0.1396855855,0.03268742561,0.0221028924
4440,1.0,0.0,0.0,0.0,1.0,1.0,0.2138805074,0.1312991487,0.03221452236,0.02017170191
4441,1.0,0.0,0.0,0.0,1.0,1.0,0.205767221,0.1239618996,0.03178817034,0.01937568188
4442,1.0,0.0,0.0,0.0,1.0,1.0,0.2072484676,0.1330054555,0.03202396631,0.02095025778
4443,1.0,0.0,0.0,0.0,1.0,1.0,0.2118278307,0.1362875115,0.03334724903,0.02182728052
4444,1.0,0.0,0.0,0.0,1.0,1.0,0.2141659183,0.1400734279,0.03303313255,0.02202212811
4445,1.0,0.0,0.0,0.0,1.0,1.0,0.2067157642,0.1351095322,0.03321874142,0.02224737406
4446,1.0,0.0,0.0,0.0,1.0,1.0,0.2002775058,0.1249304788,0.03081953526,0.01974844933
4447,1.0,0.0,0.0,0.0,1.0,1.0,0.2107141282,0.1408988387,0.03231716156,0.02223658562
4448,1.0,0.0,0.0,0.0,1.0,1.0,0.1987737644,0.1409469786,0.03205645084,0.02306866646
4449,1.0,0.0,0.0,0.0,1.0,1.0,0.2066516522,0.1493629447,0.0331197381,0.02438813448
4450,1.0,0.0,0.0,0.0,1.0,1.0,0.2032447223,0.1500992853,0.03379011154,0.02542006969
4451,1.0,0.0,0.0,0.0,1.0,1.0,0.2134913525,0.1696813604,0.03382635117,0.02724069357
4452,1.0,0.0,0.0,0.0,1.0,1.0,0.2090087368,0.1603585214,0.03322809935,0.0259783864
4453,1.0,0.0,0.0,0.0,1.0,1.0,0.2025385551,0.165952274,0.03189170361,0.02652674913
4454,1.0,0.0,0.0,0.0,1.0,1.0,0.2054928592,0.1641149543,0.03239089251,0.02620714903
4455,1.0,0.0,0.0,0.0,1.0,1.0,0.1934404138,0.1584019934,0.03008240461,0.02477371693
4456,1.0,0.0,0.0,0.0,1.0,1.0,0.193440574,0.1546305823,0.0298063159,0.02396190166
4457,1.0,0.0,0.0,0.0,1.0,1.0,0.1844545016,0.1602877639,0.02953547239,0.02561748028
4458,1.0,0.0,0.0,0.0,1.0,1.0,0.1832627424,0.1564012297,0.02837693691,0.02398872375
4459,1.0,0.0,0.0,0.0,1.0,1.0,0.1968595139,0.1729803715,0.03005689383,0.02601081133
4460,1.0,0.0,0.0,0.0,1.0,1.0,0.1995046187,0.1769441161,0.030420959,0.02661836147
4461,1.0,0.0,0.0,0.0,1.0,1.0,0.1987633066,0.1786075375,0.03135836124,0.02780836821
4462,1.0,0.0,0.0,0.0,1.0,1.0,0.1998882851,0.1904600004,0.03225594759,0.02961689234
4463,1.0,0.0,0.0,0.0,1.0,1.0,0.2016890228,0.1901920798,0.03217959404,0.02930641174
4464,1.0,0.0,0.0,0.0,1.0,1.0,0.2062904714,0.1936187596,0.03397285938,0.03075128794
4465,1.0,0.0,0.0,0.0,1.0,1.0,0.2035229603,0.2082172382,0.0324267149,0.03184765577
4466,1.0,0.0,0.0,0.0,1.0,1.0,0.2059781717,0.2114924059,0.0333891511,0.03280848265
4467,1.0,0.0,0.0,0.0,1.0,1.0,0.2005802184,0.2198771454,0.03338247538,0.0348213315
4468,1.0,0.0,0.0,0.0,1.0,1.0,0.1970978338,0.2152085234,0.03334128857,0.03481656313
4469,1.0,0.0,0.0,0.0,1.0,1.0,0.2023738965,0.221891205,0.03371274471,0.03519135714
4470,1.0,0.0,0.0,0.0,1.0,1.0,0.1981036351,0.2176817281,0.03210681677,0.03326386213
4471,1.0,0.0,0.0,0.0,1.0,1.0,0.201673137,0.2252530356,0.032548666,0.03427690268
4472,1.0,0.0,0.0,0.0,1.0,1.0,0.1890363139,0.2210659455,0.03073734045,0.03386795521
4473,1.0,0.0,0.0,0.0,1.0,1.0,0.1828464436,0.2235593456,0.03057026863,0.03531903028
4474,1.0,0.0,0.0,0.0,1.0,1.0,0.1828464666,0.2195743676,0.03061294556,0.03447669744
4475,1.0,0.0,0.0,0.0,1.0,1.0,0.1843452588,0.2163544566,0.02961015701,0.03280347586
4476,1.0,0.0,0.0,0.0,1.0,1.0,0.1800797317,0.2210301436,0.02831894159,0.03256672621
4477,1.0,0.0,0.0,0.0,1.0,1.0,0.169050551,0.2205799345,0.02697366476,0.03349477053
4478,1.0,0.0,0.0,0.0,1.0,1.0,0.1820542554,0.2282190466,0.02834409475,0.03355020285
4479,1.0,0.0,0.0,0.0,1.0,1.0,0.1813802283,0.2264360475,0.03013539314,0.03567045927
4480,1.0,0.0,0.0,0.0,1.0,1.0,0.1757259798,0.2294436894,0.02866828442,0.03523808718
4481,1.0,0.0,0.0,0.0,1.0,1.0,0.1755025108,0.2332030707,0.02817684412,0.03529524803
4482,1.0,0.0,0.0,0.0,1.0,1.0,0.1758278114,0.2341212135,0.02885848284,0.03614902496
4483,1.0,0.0,0.0,0.0,1.0,1.0,0.1724454207,0.229121014,0.02858477831,0.0356541276
4484,1.0,0.0,0.0,0.0,1.0,1.0,0.1508592047,0.2256803003,0.02443170547,0.03420436382
4485,1.0,0.0,0.0,0.0,1.0,1.0,0.1697892941,0.2239415456,0.02639687061,0.03239619732
4486,1.0,0.0,0.0,0.0,1.0,1.0,0.1681481152,0.2376721499,0.02627915144,0.0345467329
4487,1.0,0.0,0.0,0.0,1.0,1.0,0.1724454755,0.2427792588,0.02772712708,0.03577691317
4488,1.0,0.0,0.0,0.0,1.0,1.0,0.1501944606,0.2323801717,0.0241265893,0.03365802765
4489,1.0,0.0,0.0,0.0,1.0,1.0,0.1674839674,0.2428359527,0.0282304883,0.03712916374
4490,1.0,0.0,0.0,0.0,1.0,1.0,0.1768924951,0.2419909839,0.03022146225,0.03717237711
4491,1.0,0.0,0.0,0.0,1.0,1.0,0.1854085843,0.2353897747,0.03137308359,0.03645259142
4492,1.0,0.0,0.0,0.0,1.0,1.0,0.1775205414,0.2401758848,0.03019112349,0.03743702173
4493,1.0,0.0,0.0,0.0,1.0,1.0,0.1988771257,0.2647773607,0.03562140465,0.04286640882
4494,1.0,0.0,0.0,0.0,1.0,1.0,0.1918795558,0.2572638988,0.03459364176,0.04181319475
4495,1.0,0.0,0.0,0.0,1.0,1.0,0.1905292627,0.2544705807,0.03618311882,0.04380059242
4496,1.0,0.0,0.0,0.0,1.0,1.0,0.1877123791,0.2609651823,0.03361433744,0.0426992774
4497,1.0,0.0,0.0,0.0,1.0,1.0,0.2070151278,0.2703713954,0.03728228807,0.04431092739
4498,1.0,0.0,0.0,0.0,1.0,1.0,0.2005681814,0.2724041186,0.03533113003,0.0434153676
4499,1.0,0.0,0.0,0.0,1.0,1.0,0.2096970232,0.2751271,0.03725188971,0.04416143894
4500,1.0,0.0,0.0,0.0,1.0,1.0,0.2044312564,0.2633143794,0.03507310152,0.04106849432
4501,1.0,0.0,0.0,0.0,1.0,1.0,0.1975047548,0.264889756,0.03386050463,0.0411580205
4502,1.0,0.0,0.0,0.0,1.0,1.0,0.1942380413,0.2556711898,0.03303486109,0.03964179754
4503,1.0,0.0,0.0,0.0,1.0,1.0,0.201596959,0.2732559436,0.035998106,0.04454004765
4504,1.0,0.0,0.0,0.0,1.0,1.0,0.1992073991,0.2677747869,0.03362709284,0.04081231356
4505,1.0,0.0,0.0,0.0,1.0,1.0,0.196471559,0.2677749949,0.03499603271,0.04321247339
4506,1.0,0.0,0.0,0.0,1.0,1.0,0.1856603597,0.2632118866,0.0317080617,0.04089450836
4507,1.0,0.0,0.0,0.0,1.0,1.0,0.1919342557,0.2612177602,0.03395283222,0.0422116518
4508,1.0,0.0,0.0,0.0,1.0,1.0,0.196754252,0.2681901656,0.03337240219,0.04105103016
4509,1.0,0.0,0.0,0.0,1.0,1.0,0.1858612377,0.2576078445,0.0313026309,0.03927588463
4510,1.0,0.0,0.0,0.0,1.0,1.0,0.1879442615,0.251797565,0.03149122,0.0382604003
4511,1.0,0.0,0.0,0.0,1.0,1.0,0.1925369146,0.2585425933,0.03311437368,0.0403392911
4512,1.0,0.0,0.0,0.0,1.0,1.0,0.1939989319,0.2613044072,0.03320389986,0.04061549902
4513,1.0,0.0,0.0,0.0,1.0,1.0,0.1921358198,0.2600778841,0.03370803595,0.04139578342
4514,1.0,0.0,0.0,0.0,1.0,1.0,0.190450124,0.2656512558,0.03492224216,0.04419368505
4515,1.0,0.0,0.0,0.0,1.0,1.0,0.1891306982,0.2517677465,0.03200906515,0.03876322508
4516,1.0,0.0,0.0,0.0,1.0,1.0,0.1881504989,0.2565107761,0.03188604116,0.03949189186
4517,1.0,0.0,0.0,0.0,1.0,1.0,0.1821901204,0.2574320643,0.03046542406,0.03945994377
4518,1.0,0.0,0.0,0.0,1.0,1.0,0.1872862096,0.2489106813,0.03129327297,0.03831231594
4519,1.0,0.0,0.0,0.0,1.0,1.0,0.1924722372,0.2440943269,0.03169625998,0.03693044186
4520,1.0,0.0,0.0,0.0,1.0,1.0,0.197731298,0.2557165221,0.03213727474,0.03827255964
4521,1.0,0.0,0.0,0.0,1.0,1.0,0.1951895124,0.2528001315,0.03178185225,0.03796166182
4522,1.0,0.0,0.0,0.0,1.0,1.0,0.2095603076,0.2635248483,0.03430134058,0.03957849741
4523,1.0,0.0,0.0,0.0,1.0,1.0,0.2063479919,0.2624989831,0.03424006701,0.04019480944
4524,1.0,0.0,0.0,0.0,1.0,1.0,0.2135252724,0.2576687304,0.03622186184,0.040178895
4525,1.0,0.0,0.0,0.0,1.0,1.0,0.2136489027,0.262598622,0.03623569012,0.0411490202
4526,1.0,0.0,0.0,0.0,1.0,1.0,0.2006177457,0.2449225963,0.03256827593,0.03671336174
4527,1.0,0.0,0.0,0.0,1.0,1.0,0.2079869015,0.2558570362,0.03345876932,0.03790020943
4528,1.0,0.0,0.0,0.0,1.0,1.0,0.210120317,0.2488727183,0.03336751461,0.03655916452
4529,1.0,0.0,0.0,0.0,1.0,1.0,0.2153493708,0.2528230787,0.03415572643,0.03736692667
4530,1.0,0.0,0.0,0.0,1.0,1.0,0.2181617099,0.2478774491,0.0343323946,0.03667992353
4531,1.0,0.0,0.0,0.0,1.0,1.0,0.2193894768,0.2508560505,0.03392577171,0.03653550148
4532,1.0,0.0,0.0,0.0,1.0,1.0,0.2161452741,0.2449612142,0.03404802084,0.03637611866
4533,1.0,0.0,0.0,0.0,1.0,1.0,0.2028662737,0.2303404216,0.03288555145,0.03560090065
4534,1.0,0.0,0.0,0.0,1.0,1.0,0.2171898799,0.2449993772,0.03480702639,0.03716683388
4535,1.0,0.0,0.0,0.0,1.0,1.0,0.2220982557,0.2478930338,0.03528738022,0.03705173731
4536,1.0,0.0,0.0,0.0,1.0,1.0,0.221487988,0.2469439326,0.03607237339,0.03786110878
4537,1.0,0.0,0.0,0.0,1.0,1.0,0.2088385101,0.235046743,0.03294110298,0.03499996662
4538,1.0,0.0,0.0,0.0,1.0,1.0,0.2017391161,0.2322922502,0.03203588724,0.03497499228
4539,1.0,0.0,0.0,0.0,1.0,1.0,0.2082170781,0.2344842252,0.03419685364,0.03627836704
4540,1.0,0.0,0.0,0.0,1.0,1.0,0.2171140517,0.2470104458,0.03559136391,0.0382386446
4541,1.0,0.0,0.0,0.0,1.0,1.0,0.2144194029,0.2433096809,0.03495138884,0.03755104542
4542,1.0,0.0,0.0,0.0,1.0,1.0,0.2171930459,0.2329527687,0.03528034687,0.03556722403
4543,1.0,0.0,0.0,0.0,1.0,1.0,0.2215075437,0.2414378945,0.03636068106,0.03752416372
4544,1.0,0.0,0.0,0.0,1.0,1.0,0.2280956507,0.2286546009,0.03769916296,0.03568470478
4545,1.0,0.0,0.0,0.0,1.0,1.0,0.1884998181,0.1809688545,0.02875608206,0.02635973692
4546,1.0,0.0,0.0,0.0,1.0,1.0,0.2002733725,0.1853801012,0.03150975704,0.02787399292
4547,1.0,0.0,0.0,0.0,1.0,1.0,0.1855830861,0.1828247615,0.02875798941,0.02696061134
4548,1.0,0.0,0.0,0.0,1.0,1.0,0.1834538594,0.160552774,0.02855336666,0.02379447222
4549,1.0,0.0,0.0,0.0,1.0,1.0,0.1751399852,0.1507095569,0.02757161856,0.0227766037
4550,1.0,0.0,0.0,0.0,1.0,1.0,0.1684453129,0.1346902859,0.0269177556,0.02063691616
4551,1.0,0.0,0.0,0.0,1.0,1.0,0.1725115232,0.1450171379,0.02687197924,0.02161443233
4552,1.0,0.0,0.0,0.0,1.0,1.0,0.1827133914,0.1550855249,0.0289337039,0.0234362483
4553,1.0,0.0,0.0,0.0,1.0,1.0,0.193675996,0.178746442,0.03078979254,0.02701371908
4554,1.0,0.0,0.0,0.0,1.0,1.0,0.201689108,0.1930739988,0.03246551752,0.02956682444
4555,1.0,0.0,0.0,0.0,1.0,1.0,0.201689241,0.1976081969,0.03259819746,0.03026974201
4556,1.0,0.0,0.0,0.0,1.0,1.0,0.2045958608,0.2033086658,0.0331171155,0.03135871887
4557,1.0,0.0,0.0,0.0,1.0,1.0,0.2224968053,0.2216807218,0.03530591726,0.03359758854
4558,1.0,0.0,0.0,0.0,1.0,1.0,0.2266593129,0.2162969686,0.0376983881,0.03443312645
4559,1.0,0.0,0.0,0.0,1.0,1.0,0.2383011918,0.2302086693,0.03934854269,0.03611844778
4560,1.0,0.0,0.0,0.0,1.0,1.0,0.2366169879,0.2175907153,0.03900957108,0.0343517065
4561,1.0,0.0,0.0,0.0,1.0,1.0,0.2333813225,0.2237558435,0.03754782677,0.03439497948
4562,1.0,0.0,0.0,0.0,1.0,1.0,0.2307804865,0.2206315832,0.0383785367,0.03535658121
4563,1.0,0.0,0.0,0.0,1.0,1.0,0.2371862939,0.2225175205,0.03822773695,0.03443419933
4564,1.0,0.0,0.0,0.0,1.0,1.0,0.2325973558,0.2179235194,0.03826278448,0.03467565775
4565,1.0,0.0,0.0,0.0,1.0,1.0,0.2395060306,0.2212787885,0.03866577148,0.03488641977
4566,1.0,0.0,0.0,0.0,1.0,1.0,0.2358028985,0.2229238546,0.03821641207,0.03527671099
4567,1.0,0.0,0.0,0.0,1.0,1.0,0.233989027,0.2171074565,0.03906476498,0.035128057
4568,1.0,0.0,0.0,0.0,1.0,1.0,0.2327219099,0.2183966593,0.03872352839,0.03542155027
4569,1.0,0.0,0.0,0.0,1.0,1.0,0.2485001197,0.2312142664,0.04070103168,0.03683888912
4570,1.0,0.0,0.0,0.0,1.0,1.0,0.2494086672,0.234943351,0.04203039408,0.03837555647
4571,1.0,0.0,0.0,0.0,1.0,1.0,0.2476012226,0.2212787466,0.04135012627,0.03621912003
4572,1.0,0.0,0.0,0.0,1.0,1.0,0.2453828507,0.2235114454,0.03991597891,0.03583693504
4573,1.0,0.0,0.0,0.0,1.0,1.0,0.2471544381,0.2241395727,0.03939038515,0.03507757187
4574,1.0,0.0,0.0,0.0,1.0,1.0,0.2462394923,0.2115608395,0.04148161411,0.03538137674
4575,1.0,0.0,0.0,0.0,1.0,1.0,0.2435918455,0.2208910951,0.0409591794,0.03674274683
4576,1.0,0.0,0.0,0.0,1.0,1.0,0.2583834732,0.2370940111,0.04385060072,0.0395873785
4577,1.0,0.0,0.0,0.0,1.0,1.0,0.2480501798,0.2227017936,0.04089361429,0.03671467304
4578,1.0,0.0,0.0,0.0,1.0,1.0,0.2312005152,0.2053398169,0.03861892223,0.03436172009
4579,1.0,0.0,0.0,0.0,1.0,1.0,0.2377053511,0.216242822,0.04015743732,0.03620249033
4580,1.0,0.0,0.0,0.0,1.0,1.0,0.2309178745,0.215996661,0.03804439306,0.03507220745
4581,1.0,0.0,0.0,0.0,1.0,1.0,0.238917754,0.2266391008,0.03948646784,0.03677362204
4582,1.0,0.0,0.0,0.0,1.0,1.0,0.2349502866,0.2200262867,0.03729879856,0.03385579586
4583,1.0,0.0,0.0,0.0,1.0,1.0,0.2413676748,0.2186280506,0.03964060545,0.03494250774
4584,1.0,0.0,0.0,0.0,1.0,1.0,0.236522767,0.2170321281,0.03778207302,0.0338050127
4585,1.0,0.0,0.0,0.0,1.0,1.0,0.2444289216,0.2139027119,0.04100459814,0.03523355722
4586,1.0,0.0,0.0,0.0,1.0,1.0,0.2426182346,0.2117777914,0.03945922852,0.03356981277
4587,1.0,0.0,0.0,0.0,1.0,1.0,0.2466395749,0.2125681507,0.03952080011,0.03362220526
4588,1.0,0.0,0.0,0.0,1.0,1.0,0.249398586,0.2065270343,0.04120987654,0.03418898582
4589,1.0,0.0,0.0,0.0,1.0,1.0,0.2498602765,0.2054410523,0.03957742453,0.03278434277
4590,1.0,0.0,0.0,0.0,1.0,1.0,0.2526264094,0.2288100232,0.04212784767,0.03843784332
4591,1.0,0.0,0.0,0.0,1.0,1.0,0.2603281373,0.2316225971,0.04150629044,0.03686225414
4592,1.0,0.0,0.0,0.0,1.0,1.0,0.254403647,0.2198771152,0.03850978613,0.03328341246
4593,1.0,0.0,0.0,0.0,1.0,1.0,0.2426702367,0.2175043483,0.03777939081,0.03386151791
4594,1.0,0.0,0.0,0.0,1.0,1.0,0.2345262667,0.2077695484,0.03692436218,0.03294789791
4595,1.0,0.0,0.0,0.0,1.0,1.0,0.2391520684,0.2118959814,0.03934109211,0.03523087502
4596,1.0,0.0,0.0,0.0,1.0,1.0,0.2409369791,0.2154273333,0.04008805752,0.03622770309
4597,1.0,0.0,0.0,0.0,1.0,1.0,0.2357837349,0.2076306495,0.03742450476,0.03295594454
4598,1.0,0.0,0.0,0.0,1.0,1.0,0.2305054258,0.2118958613,0.03725886345,0.03413021564
4599,1.0,0.0,0.0,0.0,1.0,1.0,0.2183503027,0.1956202378,0.03612989187,0.0323113203
4600,1.0,0.0,0.0,0.0,1.0,1.0,0.2165750503,0.195620155,0.033890903,0.03055739403
4601,1.0,0.0,0.0,0.0,1.0,1.0,0.227543705,0.2121624387,0.03605139256,0.03355556726
4602,1.0,0.0,0.0,0.0,1.0,1.0,0.2238608884,0.1998881081,0.03418707848,0.03068757057
4603,1.0,0.0,0.0,0.0,1.0,1.0,0.2247881033,0.2054600858,0.03493821621,0.03171312809
4604,1.0,0.0,0.0,0.0,1.0,1.0,0.2346517377,0.2047467196,0.03574049473,0.03123980761
4605,1.0,0.0,0.0,0.0,1.0,1.0,0.235570235,0.2126838967,0.03574287891,0.03232628107
4606,1.0,0.0,0.0,0.0,1.0,1.0,0.2299751441,0.2099520798,0.03515422344,0.03198242188
4607,1.0,0.0,0.0,0.0,1.0,1.0,0.2294369559,0.2089426775,0.03479385376,0.03163081408
4608,1.0,0.0,0.0,0.0,1.0,1.0,0.2307740515,0.2082171103,0.03533786535,0.03188377619
4609,1.0,0.0,0.0,0.0,1.0,1.0,0.2287879608,0.2134221881,0.03521925211,0.03257113695
4610,1.0,0.0,0.0,0.0,1.0,1.0,0.2217129864,0.2096732844,0.03426671028,0.03212511539
4611,1.0,0.0,0.0,0.0,1.0,1.0,0.2194315149,0.2116875284,0.0338010788,0.03221666813
4612,1.0,0.0,0.0,0.0,1.0,1.0,0.2240127601,0.2156690055,0.0347405076,0.03286987543
4613,1.0,0.0,0.0,0.0,1.0,1.0,0.2219068575,0.2129093305,0.03435891867,0.03222817183
4614,1.0,0.0,0.0,0.0,1.0,1.0,0.2345629012,0.2307739947,0.0373339653,0.03598129749
4615,1.0,0.0,0.0,0.0,1.0,1.0,0.2289321971,0.2298367539,0.03561109304,0.03507953882
4616,1.0,0.0,0.0,0.0,1.0,1.0,0.2177171044,0.2181879333,0.0341771841,0.03336983919
4617,1.0,0.0,0.0,0.0,1.0,1.0,0.2152641938,0.2149152506,0.03383654356,0.03303098679
4618,1.0,0.0,0.0,0.0,1.0,1.0,0.2160956844,0.2161423629,0.03410351276,0.03330421448
4619,1.0,0.0,0.0,0.0,1.0,1.0,0.2062607382,0.2119507086,0.03270453215,0.03270453215
4620,1.0,0.0,0.0,0.0,1.0,1.0,0.2066072892,0.2109548271,0.0323972702,0.03213387728
4621,1.0,0.0,0.0,0.0,1.0,1.0,0.2089895134,0.2109548828,0.03291225433,0.03238141537
4622,1.0,0.0,0.0,0.0,1.0,1.0,0.210937417,0.2180912352,0.03314268589,0.03340572119
4623,1.0,0.0,0.0,0.0,1.0,1.0,0.2068382662,0.2173443542,0.03287303448,0.03339898586
4624,1.0,0.0,0.0,0.0,1.0,1.0,0.2055236776,0.2198084165,0.03263682127,0.03368961811
4625,1.0,0.0,0.0,0.0,1.0,1.0,0.212506052,0.2301122655,0.03355884552,0.0351319313
4626,1.0,0.0,0.0,0.0,1.0,1.0,0.2025229767,0.2213300395,0.03275001049,0.03408133984
4627,1.0,0.0,0.0,0.0,1.0,1.0,0.2057674962,0.2230586501,0.03354936838,0.03434813023
4628,1.0,0.0,0.0,0.0,1.0,1.0,0.2136960942,0.2342443554,0.03462189436,0.03595358133
4629,1.0,0.0,0.0,0.0,1.0,1.0,0.2126471606,0.2463661141,0.03411668539,0.03700351715
4630,1.0,0.0,0.0,0.0,1.0,1.0,0.2106664947,0.2533549713,0.03368538618,0.03786343336
4631,1.0,0.0,0.0,0.0,1.0,1.0,0.2208256529,0.2639372714,0.03525096178,0.03916782141
4632,1.0,0.0,0.0,0.0,1.0,1.0,0.2138192133,0.2603440275,0.03448367119,0.03892469406
4633,1.0,0.0,0.0,0.0,1.0,1.0,0.2305164737,0.2741522606,0.03727626801,0.0411863327
4634,1.0,0.0,0.0,0.0,1.0,1.0,0.2292742973,0.2766622745,0.03727483749,0.04199981689
4635,1.0,0.0,0.0,0.0,1.0,1.0,0.2406362269,0.2872956969,0.0393409133,0.04327493906
4636,1.0,0.0,0.0,0.0,1.0,1.0,0.2362027041,0.2883006283,0.03834801912,0.04304367304
4637,1.0,0.0,0.0,0.0,1.0,1.0,0.2342189285,0.2900477384,0.03847312927,0.04374343157
4638,1.0,0.0,0.0,0.0,1.0,1.0,0.2374278893,0.2893119214,0.0390907526,0.0435808301
4639,1.0,0.0,0.0,0.0,1.0,1.0,0.2390318692,0.2910652352,0.03934049606,0.04382896423
4640,1.0,0.0,0.0,0.0,1.0,1.0,0.2300175237,0.2825275589,0.03776520491,0.04255229235
4641,1.0,0.0,0.0,0.0,1.0,1.0,0.2410231398,0.2917947931,0.03920412064,0.04364717007
4642,1.0,0.0,0.0,0.0,1.0,1.0,0.2384288994,0.3005435453,0.03816390038,0.04417598248
4643,1.0,0.0,0.0,0.0,1.0,1.0,0.2436860131,0.2991161477,0.03844547272,0.04338103533
4644,1.0,0.0,0.0,0.0,1.0,1.0,0.24819473,0.3048838324,0.03885084391,0.04406571388
4645,1.0,0.0,0.0,0.0,1.0,1.0,0.2502805222,0.3063984535,0.03870099783,0.043636024
4646,1.0,0.0,0.0,0.0,1.0,1.0,0.2426973583,0.3024140933,0.03745508194,0.04265719652
4647,1.0,0.0,0.0,0.0,1.0,1.0,0.2464839708,0.3104886388,0.03771060705,0.04365134239
4648,1.0,0.0,0.0,0.0,1.0,1.0,0.2435616252,0.3097899219,0.03740161657,0.04333424568
4649,1.0,0.0,0.0,0.0,1.0,1.0,0.2418815593,0.3020290819,0.03770208359,0.04320031404
4650,1.0,0.0,0.0,0.0,1.0,1.0,0.2385223105,0.2976278674,0.03696167469,0.04216754436
4651,1.0,0.0,0.0,0.0,1.0,1.0,0.2372413745,0.301302437,0.03655487299,0.04251772165
4652,1.0,0.0,0.0,0.0,1.0,1.0,0.249013452,0.3042584882,0.0383245945,0.04301744699
4653,1.0,0.0,0.0,0.0,1.0,1.0,0.2439313449,0.2928769384,0.03739315271,0.04154801369
4654,1.0,0.0,0.0,0.0,1.0,1.0,0.2396622842,0.2976282508,0.0362907052,0.041695714
4655,1.0,0.0,0.0,0.0,1.0,1.0,0.2520033833,0.3024141849,0.03805595636,0.04245698452
4656,1.0,0.0,0.0,0.0,1.0,1.0,0.2399349568,0.2946117046,0.03607672453,0.04100811481
4657,1.0,0.0,0.0,0.0,1.0,1.0,0.2322282784,0.2916586567,0.03499108553,0.04069334269
4658,1.0,0.0,0.0,0.0,1.0,1.0,0.2498604468,0.3041780461,0.0382450819,0.04370868206
4659,1.0,0.0,0.0,0.0,1.0,1.0,0.2532366932,0.3059886339,0.03904920816,0.04399549961
4660,1.0,0.0,0.0,0.0,1.0,1.0,0.2456823084,0.3019894065,0.03777247667,0.04316848516
4661,1.0,0.0,0.0,0.0,1.0,1.0,0.2473701726,0.3030223309,0.03834569454,0.04400748014
4662,1.0,0.0,0.0,0.0,1.0,1.0,0.2415317962,0.2991158205,0.03790783882,0.04365932941
4663,1.0,0.0,0.0,0.0,1.0,1.0,0.2364451329,0.2873395468,0.03677284718,0.04198884964
4664,1.0,0.0,0.0,0.0,1.0,1.0,0.2424388395,0.285805138,0.03845822811,0.0426441431
4665,1.0,0.0,0.0,0.0,1.0,1.0,0.2306406093,0.2653689375,0.03700566292,0.04041749239
4666,1.0,0.0,0.0,0.0,1.0,1.0,0.227447631,0.2620063562,0.03617465496,0.03987133503
4667,1.0,0.0,0.0,0.0,1.0,1.0,0.2303855774,0.2689472519,0.03714334965,0.04141885042
4668,1.0,0.0,0.0,0.0,1.0,1.0,0.2161855885,0.2594369382,0.03477191925,0.03985393047
4669,1.0,0.0,0.0,0.0,1.0,1.0,0.2233850217,0.2629195705,0.03602176905,0.04029107094
4670,1.0,0.0,0.0,0.0,1.0,1.0,0.2151117592,0.2498604323,0.03513735533,0.0389213562
4671,1.0,0.0,0.0,0.0,1.0,1.0,0.2206344491,0.2567532719,0.03634482622,0.04041332006
4672,1.0,0.0,0.0,0.0,1.0,1.0,0.2195492061,0.2575878407,0.03647857904,0.04083424807
4673,1.0,0.0,0.0,0.0,1.0,1.0,0.2239276921,0.2653692149,0.03668862581,0.04154449701
4674,1.0,0.0,0.0,0.0,1.0,1.0,0.2240976215,0.2636459475,0.03671890497,0.04100722075
4675,1.0,0.0,0.0,0.0,1.0,1.0,0.2240974061,0.2584173255,0.03692293167,0.0406960845
4676,1.0,0.0,0.0,0.0,1.0,1.0,0.2211879429,0.2619226443,0.03598159552,0.0405126214
4677,1.0,0.0,0.0,0.0,1.0,1.0,0.2226481547,0.2628291983,0.03605407476,0.04059422016
4678,1.0,0.0,0.0,0.0,1.0,1.0,0.2250399037,0.2637415258,0.03648221493,0.04077422619
4679,1.0,0.0,0.0,0.0,1.0,1.0,0.2246677158,0.258476245,0.03639090061,0.04013705254
4680,1.0,0.0,0.0,0.0,1.0,1.0,0.216407878,0.2568497587,0.03507441282,0.03935837746
4681,1.0,0.0,0.0,0.0,1.0,1.0,0.2173415626,0.2603441707,0.03511077166,0.03963261843
4682,1.0,0.0,0.0,0.0,1.0,1.0,0.225413095,0.2708275697,0.03624743223,0.04131138325
4683,1.0,0.0,0.0,0.0,1.0,1.0,0.2371833977,0.2845636014,0.03808647394,0.04307717085
4684,1.0,0.0,0.0,0.0,1.0,1.0,0.2352610918,0.2835294734,0.03751432896,0.04256939888
4685,1.0,0.0,0.0,0.0,1.0,1.0,0.2490358782,0.2963260291,0.03994512558,0.04470682144
4686,1.0,0.0,0.0,0.0,1.0,1.0,0.2474026173,0.2938497231,0.03952312469,0.04371100664
4687,1.0,0.0,0.0,0.0,1.0,1.0,0.2371834754,0.2903310283,0.03757214546,0.04275453091
4688,1.0,0.0,0.0,0.0,1.0,1.0,0.2539035642,0.3057734861,0.04090690613,0.0455968976
4689,1.0,0.0,0.0,0.0,1.0,1.0,0.2531054111,0.3040258721,0.04130500555,0.04607093334
4690,1.0,0.0,0.0,0.0,1.0,1.0,0.244596314,0.3005313807,0.03922772408,0.0446831584
4691,1.0,0.0,0.0,0.0,1.0,1.0,0.2534931925,0.3121064216,0.04096293449,0.04644209146
4692,1.0,0.0,0.0,0.0,1.0,1.0,0.2571378994,0.3121061929,0.04162418842,0.04659813643
4693,1.0,0.0,0.0,0.0,1.0,1.0,0.2587550992,0.3138598806,0.0419318676,0.04691129923
4694,1.0,0.0,0.0,0.0,1.0,1.0,0.2688937015,0.3173668278,0.04359716177,0.04753667116
4695,1.0,0.0,0.0,0.0,1.0,1.0,0.2015539035,0.2790411689,0.03191751242,0.0403585434
4696,1.0,0.0,0.0,0.0,1.0,1.0,0.1027301329,0.2125249888,0.01563805342,0.02942073345
4697,1.0,0.0,0.0,0.0,1.0,1.0,0.1430205069,0.2424019554,0.02225196362,0.0344375968
4698,1.0,0.0,0.0,0.0,1.0,1.0,0.1795608617,0.2581585822,0.02788323164,0.03682690859
4699,1.0,0.0,0.0,0.0,1.0,1.0,0.1972140685,0.2717462088,0.03104358912,0.03919917345
4700,1.0,0.0,0.0,0.0,1.0,1.0,0.2145224461,0.278829833,0.0341360569,0.04075157642
4701,1.0,0.0,0.0,0.0,1.0,1.0,0.2282057631,0.2943809351,0.03606319427,0.0426440835
4702,1.0,0.0,0.0,0.0,1.0,1.0,0.2382776221,0.2969357464,0.03806972504,0.04335719347
4703,1.0,0.0,0.0,0.0,1.0,1.0,0.2445267157,0.3048835814,0.03965955973,0.04498296976
4704,1.0,0.0,0.0,0.0,1.0,1.0,0.2432851299,0.3048842739,0.03925096989,0.04482042789
4705,1.0,0.0,0.0,0.0,1.0,1.0,0.2494557971,0.3072488988,0.04064834118,0.04592728615
4706,1.0,0.0,0.0,0.0,1.0,1.0,0.2547277212,0.3072487171,0.04115664959,0.04561311007
4707,1.0,0.0,0.0,0.0,1.0,1.0,0.2546963956,0.3114457225,0.04168063402,0.04669284821
4708,1.0,0.0,0.0,0.0,1.0,1.0,0.2579728451,0.3107802335,0.04160892963,0.04605764151
4709,1.0,0.0,0.0,0.0,1.0,1.0,0.2644626645,0.3160778993,0.04298877716,0.04720854759
4710,1.0,0.0,0.0,0.0,1.0,1.0,0.2727238171,0.3165494125,0.04426181316,0.04717725515
4711,1.0,0.0,0.0,0.0,1.0,1.0,0.2662986166,0.321120336,0.04310041666,0.04735726118
4712,1.0,0.0,0.0,0.0,1.0,1.0,0.2701643613,0.3216387773,0.04388380051,0.04765295982
4713,1.0,0.0,0.0,0.0,1.0,1.0,0.2754237562,0.3247280695,0.04449397326,0.04795753956
4714,1.0,0.0,0.0,0.0,1.0,1.0,0.2651919502,0.3209885723,0.04280519485,0.04708570242
4715,1.0,0.0,0.0,0.0,1.0,1.0,0.2585623031,0.3228125347,0.04200780392,0.04766267538
4716,1.0,0.0,0.0,0.0,1.0,1.0,0.2702998986,0.327656118,0.04382526875,0.04842424393
4717,1.0,0.0,0.0,0.0,1.0,1.0,0.2648522027,0.3228123597,0.04299235344,0.04785937071
4718,1.0,0.0,0.0,0.0,1.0,1.0,0.2739335211,0.3289073669,0.04436528683,0.04866737127
4719,1.0,0.0,0.0,0.0,1.0,1.0,0.2841390835,0.3361760347,0.04617369175,0.0496635437
4720,1.0,0.0,0.0,0.0,1.0,1.0,0.2697169841,0.3246362381,0.04384970665,0.0478849411
4721,1.0,0.0,0.0,0.0,1.0,1.0,0.2676193716,0.3282840047,0.04339510202,0.04821676016
4722,1.0,0.0,0.0,0.0,1.0,1.0,0.2778053194,0.3301405642,0.04530835152,0.0490617156
4723,1.0,0.0,0.0,0.0,1.0,1.0,0.2754237924,0.3307240569,0.04431295395,0.04829311371
4724,1.0,0.0,0.0,0.0,1.0,1.0,0.2592968325,0.3204733287,0.0423297286,0.04742002487
4725,1.0,0.0,0.0,0.0,1.0,1.0,0.2638789434,0.3150415315,0.04325968027,0.04704493284
4726,1.0,0.0,0.0,0.0,1.0,1.0,0.2779905087,0.3240941448,0.04476487637,0.04769587517
4727,1.0,0.0,0.0,0.0,1.0,1.0,0.2709232167,0.3216385811,0.04374116659,0.04720842838
4728,1.0,0.0,0.0,0.0,1.0,1.0,0.2623120832,0.3185035871,0.04272568226,0.04705232382
4729,1.0,0.0,0.0,0.0,1.0,1.0,0.2647527171,0.3180044241,0.04323726892,0.047290802
4730,1.0,0.0,0.0,0.0,1.0,1.0,0.2630110633,0.3204735208,0.04289484024,0.0474524498
4731,1.0,0.0,0.0,0.0,1.0,1.0,0.2610115183,0.3143696391,0.04251849651,0.04655498266
4732,1.0,0.0,0.0,0.0,1.0,1.0,0.2676189456,0.3204733314,0.04355180264,0.04758441448
4733,1.0,0.0,0.0,0.0,1.0,1.0,0.2638788768,0.3193164376,0.04324471951,0.04783952236
4734,1.0,0.0,0.0,0.0,1.0,1.0,0.2643149986,0.3222840273,0.04277914762,0.04759186506
4735,1.0,0.0,0.0,0.0,1.0,1.0,0.2588720332,0.3175120263,0.04226487875,0.04707980156
4736,1.0,0.0,0.0,0.0,1.0,1.0,0.2547919768,0.3193165223,0.04149764776,0.04738765955
4737,1.0,0.0,0.0,0.0,1.0,1.0,0.2679423962,0.3247286475,0.04360634089,0.04815429449
4738,1.0,0.0,0.0,0.0,1.0,1.0,0.2625790024,0.31996555,0.04251623154,0.04729938507
4739,1.0,0.0,0.0,0.0,1.0,1.0,0.2502720177,0.3132311813,0.04071164131,0.04633635283
4740,1.0,0.0,0.0,0.0,1.0,1.0,0.2461678826,0.3109775625,0.03999608755,0.04612886906
4741,1.0,0.0,0.0,0.0,1.0,1.0,0.2510911985,0.3134449796,0.0406729579,0.04652136564
4742,1.0,0.0,0.0,0.0,1.0,1.0,0.2555946449,0.319965332,0.04175186157,0.04764002562
4743,1.0,0.0,0.0,0.0,1.0,1.0,0.2568582014,0.316370479,0.04176485538,0.04711937904
4744,1.0,0.0,0.0,0.0,1.0,1.0,0.2461434562,0.3102959237,0.04003745317,0.04621773958
4745,1.0,0.0,0.0,0.0,1.0,1.0,0.2617979165,0.3240945152,0.04242295027,0.0477591753
4746,1.0,0.0,0.0,0.0,1.0,1.0,0.2465729032,0.3125526946,0.04052466154,0.0464682579
4747,1.0,0.0,0.0,0.0,1.0,1.0,0.2581340141,0.3204735599,0.04205650091,0.04771798849
4748,1.0,0.0,0.0,0.0,1.0,1.0,0.2592970161,0.3240944156,0.04188132286,0.04744780064
4749,1.0,0.0,0.0,0.0,1.0,1.0,0.2560146588,0.317512256,0.04198104143,0.04736322165
4750,1.0,0.0,0.0,0.0,1.0,1.0,0.2461434518,0.3143700053,0.03997701406,0.04641628265
4751,1.0,0.0,0.0,0.0,1.0,1.0,0.257281891,0.3222841077,0.04189127684,0.04779911041
4752,1.0,0.0,0.0,0.0,1.0,1.0,0.2610112155,0.3264599049,0.04210317135,0.04769915342
4753,1.0,0.0,0.0,0.0,1.0,1.0,0.2625789761,0.3295261813,0.04258614779,0.04844176769
4754,1.0,0.0,0.0,0.0,1.0,1.0,0.2658612621,0.3349579677,0.04278981686,0.04886496067
4755,1.0,0.0,0.0,0.0,1.0,1.0,0.267502693,0.3307502207,0.04274719954,0.04825443029
4756,1.0,0.0,0.0,0.0,1.0,1.0,0.2662987812,0.3331474734,0.04301905632,0.04886114597
4757,1.0,0.0,0.0,0.0,1.0,1.0,0.2630110775,0.3295260223,0.04270231724,0.04857385159
4758,1.0,0.0,0.0,0.0,1.0,1.0,0.2679423401,0.3295264263,0.04329192638,0.04833829403
4759,1.0,0.0,0.0,0.0,1.0,1.0,0.2647528137,0.3295262837,0.04217910767,0.04797875881
4760,1.0,0.0,0.0,0.0,1.0,1.0,0.2695865486,0.3349580978,0.04331105947,0.04885697365
4761,1.0,0.0,0.0,0.0,1.0,1.0,0.2564356028,0.325272739,0.0413929224,0.04749572277
4762,1.0,0.0,0.0,0.0,1.0,1.0,0.2727236885,0.3313560038,0.04473417997,0.0495557785
4763,1.0,0.0,0.0,0.0,1.0,1.0,0.2642203035,0.3283365748,0.04189860821,0.04736363888
4764,1.0,0.0,0.0,0.0,1.0,1.0,0.2609380969,0.329526282,0.0414031744,0.04739230871
4765,1.0,0.0,0.0,0.0,1.0,1.0,0.2657569188,0.3253581517,0.04262059927,0.04732722044
4766,1.0,0.0,0.0,0.0,1.0,1.0,0.2624963198,0.3229245106,0.04179698229,0.04646992683
4767,1.0,0.0,0.0,0.0,1.0,1.0,0.2178484765,0.2957909848,0.03403532505,0.04182970524
4768,1.0,0.0,0.0,0.0,1.0,1.0,0.05111785519,0.2488808967,0.007499098778,0.03284090757
4769,1.0,0.0,0.0,0.0,1.0,1.0,0.06100717093,0.2567737547,0.008932650089,0.03415429592
4770,1.0,0.0,0.0,0.0,1.0,1.0,0.06806258111,0.2597758764,0.009924769402,0.03421425819
4771,1.0,0.0,0.0,0.0,1.0,1.0,0.06424948988,0.2625985316,0.009395301342,0.03497159481
4772,1.0,0.0,0.0,0.0,1.0,1.0,0.05889237569,0.2318098417,0.009005188942,0.03231287003
4773,1.0,0.0,0.0,0.0,1.0,1.0,0.1014922543,0.2028945573,0.0156327486,0.02861595154
4774,1.0,0.0,0.0,0.0,1.0,1.0,0.1359783596,0.2157465465,0.02068144083,0.03024661541
4775,1.0,0.0,0.0,0.0,1.0,1.0,0.1623885135,0.24168348,0.02519804239,0.03454989195
4776,1.0,0.0,0.0,0.0,1.0,1.0,0.1898942857,0.2625347142,0.02960151434,0.03765100241
4777,1.0,0.0,0.0,0.0,1.0,1.0,0.2012187087,0.2696333852,0.03126257658,0.03875523806
4778,1.0,0.0,0.0,0.0,1.0,1.0,0.2186279472,0.2855547177,0.03461760283,0.04164522886
4779,1.0,0.0,0.0,0.0,1.0,1.0,0.2345797774,0.2941617882,0.03713643551,0.04341298342
4780,1.0,0.0,0.0,0.0,1.0,1.0,0.237883448,0.2934303283,0.03742402792,0.04288172722
4781,1.0,0.0,0.0,0.0,1.0,1.0,0.2338068861,0.2888457999,0.03676509857,0.04220217466
4782,1.0,0.0,0.0,0.0,1.0,1.0,0.233806925,0.2944783729,0.03714364767,0.04315984249
4783,1.0,0.0,0.0,0.0,1.0,1.0,0.2465943057,0.3001856858,0.03924268484,0.04418051243
4784,1.0,0.0,0.0,0.0,1.0,1.0,0.2494500253,0.3047942697,0.03966999054,0.0448897481
4785,1.0,0.0,0.0,0.0,1.0,1.0,0.254696264,0.3025990787,0.04084211588,0.04523652792
4786,1.0,0.0,0.0,0.0,1.0,1.0,0.2454203747,0.2942606845,0.039106071,0.04347974062
4787,1.0,0.0,0.0,0.0,1.0,1.0,0.2307654422,0.2795640022,0.03644549847,0.04106533527
4788,1.0,0.0,0.0,0.0,1.0,1.0,0.2414110769,0.2862987016,0.03861933947,0.04248130322
4789,1.0,0.0,0.0,0.0,1.0,1.0,0.248657268,0.289493752,0.03995770216,0.04330903292
4790,1.0,0.0,0.0,0.0,1.0,1.0,0.2559349573,0.296709419,0.04056364298,0.04390114546
4791,1.0,0.0,0.0,0.0,1.0,1.0,0.2401259267,0.286553432,0.03816646338,0.04229253531
4792,1.0,0.0,0.0,0.0,1.0,1.0,0.2400619969,0.283292768,0.03818333149,0.04181987047
4793,1.0,0.0,0.0,0.0,1.0,1.0,0.238503254,0.2830589384,0.03799718618,0.04187446833
4794,1.0,0.0,0.0,0.0,1.0,1.0,0.2276596129,0.2653692745,0.0360686779,0.03939419985
4795,1.0,0.0,0.0,0.0,1.0,1.0,0.2312623301,0.2662870425,0.03671383858,0.03953796625
4796,1.0,0.0,0.0,0.0,1.0,1.0,0.2377315533,0.2732038994,0.03772825003,0.04055142403
4797,1.0,0.0,0.0,0.0,1.0,1.0,0.22927413,0.2627396133,0.03631019592,0.03912293911
4798,1.0,0.0,0.0,0.0,1.0,1.0,0.2315182632,0.2655861268,0.03653353453,0.03910636902
4799,1.0,0.0,0.0,0.0,1.0,1.0,0.2267778136,0.2611782282,0.0361006856,0.03867930174
4800,1.0,0.0,0.0,0.0,1.0,1.0,0.2291403429,0.2647643097,0.03657817841,0.03917235136
4801,1.0,0.0,0.0,0.0,1.0,1.0,0.2355477159,0.2673332925,0.03719031811,0.03951472044
4802,1.0,0.0,0.0,0.0,1.0,1.0,0.2360243024,0.2628289225,0.03713572025,0.03892850876
4803,1.0,0.0,0.0,0.0,1.0,1.0,0.233529701,0.2637417206,0.03687125444,0.03919184208
4804,1.0,0.0,0.0,0.0,1.0,1.0,0.2343969084,0.2602712207,0.0371414423,0.03868895769
4805,1.0,0.0,0.0,0.0,1.0,1.0,0.2409076788,0.2672118405,0.0380641222,0.03960728645
4806,1.0,0.0,0.0,0.0,1.0,1.0,0.2388190757,0.2672121407,0.03761029243,0.03967118263
4807,1.0,0.0,0.0,0.0,1.0,1.0,0.2420904719,0.2706824169,0.03821355104,0.04027920961
4808,1.0,0.0,0.0,0.0,1.0,1.0,0.2288672281,0.2638385893,0.03625893593,0.03938919306
4809,1.0,0.0,0.0,0.0,1.0,1.0,0.2264742143,0.2638384226,0.03550332785,0.03884786367
4810,1.0,0.0,0.0,0.0,1.0,1.0,0.2277414465,0.2585361052,0.03607189655,0.03866702318
4811,1.0,0.0,0.0,0.0,1.0,1.0,0.2187832246,0.2480883033,0.03433418274,0.03641504049
4812,1.0,0.0,0.0,0.0,1.0,1.0,0.2301346033,0.2578065604,0.03639781475,0.03795772791
4813,1.0,0.0,0.0,0.0,1.0,1.0,0.2270702874,0.2552149571,0.03573030233,0.03729522228
4814,1.0,0.0,0.0,0.0,1.0,1.0,0.2308942772,0.2578063747,0.03666627407,0.03823763132
4815,1.0,0.0,0.0,0.0,1.0,1.0,0.2208071429,0.2480881571,0.03460454941,0.03642576933
4816,1.0,0.0,0.0,0.0,1.0,1.0,0.2202442412,0.2498603967,0.03424876928,0.03632444143
4817,1.0,0.0,0.0,0.0,1.0,1.0,0.2328147302,0.2587840961,0.03682518005,0.03814041615
4818,1.0,0.0,0.0,0.0,1.0,1.0,0.2211743832,0.2426705177,0.03495043516,0.03547602892
4819,1.0,0.0,0.0,0.0,1.0,1.0,0.2329278723,0.2525472339,0.0369656682,0.0369656682
4820,1.0,0.0,0.0,0.0,1.0,1.0,0.2178484378,0.2408726956,0.03433305025,0.03511929512
4821,1.0,0.0,0.0,0.0,1.0,1.0,0.2444558796,0.2659229205,0.03871458769,0.03924131393
4822,1.0,0.0,0.0,0.0,1.0,1.0,0.2348689118,0.2516452999,0.0371106267,0.0371106267
4823,1.0,0.0,0.0,0.0,1.0,1.0,0.2477678841,0.2632936875,0.03910171986,0.03883749247
4824,1.0,0.0,0.0,0.0,1.0,1.0,0.2540386629,0.2701673636,0.03989464045,0.0401571393
4825,1.0,0.0,0.0,0.0,1.0,1.0,0.2382006149,0.2542747829,0.03775286674,0.03801679611
4826,1.0,0.0,0.0,0.0,1.0,1.0,0.2335925909,0.2516326825,0.0367873311,0.03731286526
4827,1.0,0.0,0.0,0.0,1.0,1.0,0.2544952814,0.2666354543,0.03961414099,0.03961414099
4828,1.0,0.0,0.0,0.0,1.0,1.0,0.2594866934,0.2780136923,0.04109567404,0.04189103842
4829,1.0,0.0,0.0,0.0,1.0,1.0,0.2636258415,0.2758876002,0.04144746065,0.04170978069
4830,1.0,0.0,0.0,0.0,1.0,1.0,0.2694002111,0.276477882,0.04249936342,0.04223704338
4831,1.0,0.0,0.0,0.0,1.0,1.0,0.2653981369,0.2778166417,0.04144632816,0.0417085886
4832,1.0,0.0,0.0,0.0,1.0,1.0,0.2628348716,0.2776226873,0.0412850976,0.04207396507
4833,1.0,0.0,0.0,0.0,1.0,1.0,0.2631863937,0.2705384678,0.04112410545,0.04086381197
4834,1.0,0.0,0.0,0.0,1.0,1.0,0.2678573047,0.2776228661,0.04183769226,0.04183769226
4835,1.0,0.0,0.0,0.0,1.0,1.0,0.2611608496,0.2697453201,0.04096102715,0.04096096754
4836,1.0,0.0,0.0,0.0,1.0,1.0,0.2669629427,0.2757077756,0.04179155827,0.04179149866
4837,1.0,0.0,0.0,0.0,1.0,1.0,0.2647076491,0.2689470536,0.04110568762,0.04084223509
4838,1.0,0.0,0.0,0.0,1.0,1.0,0.2634581686,0.2610999285,0.041023314,0.0399646759
4839,1.0,0.0,0.0,0.0,1.0,1.0,0.2688153038,0.2612574981,0.04145163298,0.03959161043
4840,1.0,0.0,0.0,0.0,1.0,1.0,0.2721082936,0.262828968,0.04212975502,0.04027497768
4841,1.0,0.0,0.0,0.0,1.0,1.0,0.2703970867,0.2533309271,0.04183274508,0.03865557909
4842,1.0,0.0,0.0,0.0,1.0,1.0,0.2769540352,0.2654764089,0.04292052984,0.04078775644
4843,1.0,0.0,0.0,0.0,1.0,1.0,0.2774312839,0.2689469073,0.04276233912,0.04116868973
4844,1.0,0.0,0.0,0.0,1.0,1.0,0.2816297934,0.2722616277,0.0436128974,0.04201728106
4845,1.0,0.0,0.0,0.0,1.0,1.0,0.2794324394,0.2662873516,0.04303431511,0.04065817595
4846,1.0,0.0,0.0,0.0,1.0,1.0,0.2779107871,0.2670925265,0.04269248247,0.04110145569
4847,1.0,0.0,0.0,0.0,1.0,1.0,0.2747605509,0.2636458153,0.04247128963,0.04061317444
4848,1.0,0.0,0.0,0.0,1.0,1.0,0.2714749141,0.2576416904,0.04129731655,0.03919297457
4849,1.0,0.0,0.0,0.0,1.0,1.0,0.2710061667,0.2629193958,0.0414622426,0.03987765312
4850,1.0,0.0,0.0,0.0,1.0,1.0,0.269279715,0.2585363458,0.04138731956,0.03953021765
4851,1.0,0.0,0.0,0.0,1.0,1.0,0.2781954895,0.2688155468,0.04263693094,0.04105776548
4852,1.0,0.0,0.0,0.0,1.0,1.0,0.275530903,0.2653687785,0.04281431437,0.0409528017
4853,1.0,0.0,0.0,0.0,1.0,1.0,0.2769538247,0.2645579743,0.04257839918,0.04046267271
4854,1.0,0.0,0.0,0.0,1.0,1.0,0.2779105902,0.268947139,0.04274535179,0.04115235806
4855,1.0,0.0,0.0,0.0,1.0,1.0,0.2672121244,0.2577508976,0.04098439217,0.03912144899
4856,1.0,0.0,0.0,0.0,1.0,1.0,0.2700729355,0.2594369117,0.04158896208,0.03946977854
4857,1.0,0.0,0.0,0.0,1.0,1.0,0.2661744256,0.2576959806,0.04120361805,0.03934282064
4858,1.0,0.0,0.0,0.0,1.0,1.0,0.2652625245,0.2559549298,0.04117393494,0.03904891014
4859,1.0,0.0,0.0,0.0,1.0,1.0,0.2601995468,0.2516076041,0.04030293226,0.03843456507
4860,1.0,0.0,0.0,0.0,1.0,1.0,0.2677684117,0.2585361374,0.04137778282,0.03926938772
4861,1.0,0.0,0.0,0.0,1.0,1.0,0.2567531965,0.2542133992,0.03931057453,0.03851908445
4862,1.0,0.0,0.0,0.0,1.0,1.0,0.2588607414,0.2524541697,0.04009008408,0.03876256943
4863,1.0,0.0,0.0,0.0,1.0,1.0,0.2604243328,0.2551023219,0.03996908665,0.03864556551
4864,1.0,0.0,0.0,0.0,1.0,1.0,0.263192051,0.2524725399,0.04044127464,0.03832674026
4865,1.0,0.0,0.0,0.0,1.0,1.0,0.2669800171,0.2568008556,0.04072892666,0.0391420722
4866,1.0,0.0,0.0,0.0,1.0,1.0,0.262739606,0.2550660298,0.04072624445,0.0391291976
4867,1.0,0.0,0.0,0.0,1.0,1.0,0.26296583,0.2542135427,0.04043990374,0.03858971596
4868,1.0,0.0,0.0,0.0,1.0,1.0,0.2669802881,0.2568496295,0.04069715738,0.03884726763
4869,1.0,0.0,0.0,0.0,1.0,1.0,0.2683527035,0.255954623,0.04156476259,0.03916680813
4870,1.0,0.0,0.0,0.0,1.0,1.0,0.257196395,0.2455077304,0.03943127394,0.03731423616
4871,1.0,0.0,0.0,0.0,1.0,1.0,0.2357835684,0.212381488,0.03573805094,0.03173756599
4872,1.0,0.0,0.0,0.0,1.0,1.0,0.1926852156,0.1520889016,0.02892059088,0.02270400524
4873,1.0,0.0,0.0,0.0,1.0,1.0,0.1912292249,0.1473995336,0.02812683582,0.02175843716
4874,1.0,0.0,0.0,0.0,1.0,1.0,0.2020339678,0.1594094593,0.03012275696,0.02372503281
4875,1.0,0.0,0.0,0.0,1.0,1.0,0.2091030695,0.1719470856,0.03142094612,0.02556282282
4876,1.0,0.0,0.0,0.0,1.0,1.0,0.2132846562,0.1772059926,0.03220683336,0.02661722898
4877,1.0,0.0,0.0,0.0,1.0,1.0,0.2148002534,0.1755293812,0.03219014406,0.02607136965
4878,1.0,0.0,0.0,0.0,1.0,1.0,0.2158087272,0.1789780416,0.03233057261,0.02676546574
4879,1.0,0.0,0.0,0.0,1.0,1.0,0.2269857995,0.1920635411,0.03410959244,0.02855688334
4880,1.0,0.0,0.0,0.0,1.0,1.0,0.2347566081,0.2131677429,0.03624302149,0.03251212835
4881,1.0,0.0,0.0,0.0,1.0,1.0,0.2420795218,0.2181883443,0.03718447685,0.03293484449
4882,1.0,0.0,0.0,0.0,1.0,1.0,0.2412446632,0.2174223514,0.03696399927,0.03273952007
4883,1.0,0.0,0.0,0.0,1.0,1.0,0.2325089182,0.2051485867,0.03528958559,0.03081256151
4884,1.0,0.0,0.0,0.0,1.0,1.0,0.2278973502,0.1998884341,0.03467971087,0.03017926216
4885,1.0,0.0,0.0,0.0,1.0,1.0,0.2251776413,0.2016416462,0.03440713882,0.03043705225
4886,1.0,0.0,0.0,0.0,1.0,1.0,0.2317047618,0.2058707925,0.03557652235,0.03106302023
4887,1.0,0.0,0.0,0.0,1.0,1.0,0.2307739203,0.2058709453,0.03502875566,0.03081476688
4888,1.0,0.0,0.0,0.0,1.0,1.0,0.2317043762,0.2033952563,0.03543549776,0.03067553043
4889,1.0,0.0,0.0,0.0,1.0,1.0,0.2299755327,0.2083642603,0.03507816792,0.03112196922
4890,1.0,0.0,0.0,0.0,1.0,1.0,0.2338382125,0.2083640553,0.03590106964,0.03138017654
4891,1.0,0.0,0.0,0.0,1.0,1.0,0.2290387572,0.2023516974,0.03491127491,0.03041511774
4892,1.0,0.0,0.0,0.0,1.0,1.0,0.2278519463,0.1988326369,0.03496342897,0.02993083
4893,1.0,0.0,0.0,0.0,1.0,1.0,0.2321060297,0.2041113373,0.03550320864,0.0307341218
4894,1.0,0.0,0.0,0.0,1.0,1.0,0.234756766,0.2058707885,0.03591364622,0.03089624643
4895,1.0,0.0,0.0,0.0,1.0,1.0,0.227851772,0.2023520935,0.03500777483,0.0304992795
4896,1.0,0.0,0.0,0.0,1.0,1.0,0.2303736732,0.2076307465,0.03537011147,0.03138107061
4897,1.0,0.0,0.0,0.0,1.0,1.0,0.2275436587,0.2009554119,0.03452277184,0.03000825644
4898,1.0,0.0,0.0,0.0,1.0,1.0,0.2265868424,0.1984705484,0.03450500965,0.02995783091
4899,1.0,0.0,0.0,0.0,1.0,1.0,0.2165753308,0.1869459116,0.03263646364,0.02782124281
4900,1.0,0.0,0.0,0.0,1.0,1.0,0.1638125404,0.09553468528,0.02394890785,0.01399260759
4901,1.0,0.0,0.0,0.0,1.0,1.0,0.1705470269,0.1194186276,0.02494394779,0.01743394136
4902,1.0,0.0,0.0,0.0,1.0,1.0,0.1800797909,0.126283114,0.02669042349,0.01868325472
4903,1.0,0.0,0.0,0.0,1.0,1.0,0.1820410249,0.1348166214,0.02699261904,0.01984751225
4904,1.0,0.0,0.0,0.0,1.0,1.0,0.2020149145,0.1605604095,0.03063929081,0.02392017841
4905,1.0,0.0,0.0,0.0,1.0,1.0,0.1973987585,0.1623641172,0.02995634079,0.02428889275
4906,1.0,0.0,0.0,0.0,1.0,1.0,0.1995354089,0.1641680892,0.03035956621,0.02444881201
4907,1.0,0.0,0.0,0.0,1.0,1.0,0.2020148155,0.1659721718,0.03055053949,0.02465480566
4908,1.0,0.0,0.0,0.0,1.0,1.0,0.2027334073,0.1629527966,0.03030747175,0.02392703295
4909,1.0,0.0,0.0,0.0,1.0,1.0,0.2062905254,0.167172584,0.03086358309,0.02474403381
4910,1.0,0.0,0.0,0.0,1.0,1.0,0.2016572425,0.1624090727,0.03034514189,0.0242228508
4911,1.0,0.0,0.0,0.0,1.0,1.0,0.1984581961,0.1551480581,0.02979230881,0.02308231592
4912,1.0,0.0,0.0,0.0,1.0,1.0,0.2048770356,0.1605602683,0.03083819151,0.0238660574
4913,1.0,0.0,0.0,0.0,1.0,1.0,0.202033745,0.1605601614,0.03041172028,0.02395260334
4914,1.0,0.0,0.0,0.0,1.0,1.0,0.1732610918,0.1112519709,0.0255381465,0.01639819145
4915,1.0,0.0,0.0,0.0,1.0,1.0,0.1733351071,0.08851143085,0.02523952723,0.01288825274
4916,1.0,0.0,0.0,0.0,1.0,1.0,0.1689961835,0.1021326153,0.0250442028,0.01508039236
4917,1.0,0.0,0.0,0.0,1.0,1.0,0.1757260952,0.09518509008,0.02557575703,0.01385354996
4918,1.0,0.0,0.0,0.0,1.0,1.0,0.1775567909,0.0933541588,0.02589714527,0.01361596584
4919,1.0,0.0,0.0,0.0,1.0,1.0,0.173015869,0.09152421739,0.02521687746,0.01341325045
4920,1.0,0.0,0.0,0.0,1.0,1.0,0.1939764535,0.06430225681,0.02811044455,0.009370148182
4921,1.0,0.0,0.0,0.0,1.0,1.0,0.1902819957,0.06292808574,0.02738577127,0.009039998055
4922,1.0,0.0,0.0,0.0,1.0,1.0,0.1852175754,0.06797690781,0.02714717388,0.009945034981
4923,1.0,0.0,0.0,0.0,1.0,1.0,0.1891334527,0.05531954212,0.02742117643,0.00806504488
4924,1.0,0.0,0.0,0.0,1.0,1.0,0.1961522118,0.05448099637,0.02850496769,0.007872819901
4925,1.0,0.0,0.0,0.0,1.0,1.0,0.2047274945,0.05201548947,0.02955704927,0.007523596287
4926,1.0,0.0,0.0,0.0,1.0,1.0,0.2006315638,0.05034515444,0.02902430296,0.007256090641
4927,1.0,0.0,0.0,0.0,1.0,1.0,0.207291648,0.05573062364,0.02972048521,0.007960796356
4928,1.0,0.0,0.0,0.0,1.0,1.0,0.2204092694,0.06625079937,0.03102594614,0.00936126709
4929,1.0,0.0,0.0,0.0,1.0,1.0,0.2149741227,0.06034354563,0.03033047915,0.00851380825
4930,1.0,0.0,0.0,0.0,1.0,1.0,0.2195745341,0.06435776809,0.03087705374,0.009050130844
4931,1.0,0.0,0.0,0.0,1.0,1.0,0.2341549628,0.09310379707,0.03291416168,0.01311212778
4932,1.0,0.0,0.0,0.0,1.0,1.0,0.2332663681,0.08896569311,0.03303337097,0.01262253523
4933,1.0,0.0,0.0,0.0,1.0,1.0,0.2337099998,0.08930386559,0.03306883574,0.01263606548
4934,1.0,0.0,0.0,0.0,1.0,1.0,0.2318099602,0.09428717975,0.03266996145,0.01338934898
4935,1.0,0.0,0.0,0.0,1.0,1.0,0.2239804519,0.08674415533,0.03169959784,0.01225364208
4936,1.0,0.0,0.0,0.0,1.0,1.0,0.2376032003,0.09500380312,0.03399461508,0.01348990202
4937,1.0,0.0,0.0,0.0,1.0,1.0,0.2300604985,0.08360354976,0.03273785114,0.01180708408
4938,1.0,0.0,0.0,0.0,1.0,1.0,0.2403961396,0.1033903836,0.03433269262,0.01459813118
4939,1.0,0.0,0.0,0.0,1.0,1.0,0.2323843469,0.08773749016,0.03287696838,0.01229548454
4940,1.0,0.0,0.0,0.0,1.0,1.0,0.2357177651,0.08930385803,0.03352302313,0.01260465384
4941,1.0,0.0,0.0,0.0,1.0,1.0,0.238052093,0.08517950862,0.03397512436,0.01213395596
4942,1.0,0.0,0.0,0.0,1.0,1.0,0.2296271009,0.08550362212,0.03256523609,0.01201176643
4943,1.0,0.0,0.0,0.0,1.0,1.0,0.2248270314,0.07820046116,0.03203493357,0.01103723049
4944,1.0,0.0,0.0,0.0,1.0,1.0,0.2313700961,0.07057119335,0.03307127953,0.01002979279
4945,1.0,0.0,0.0,0.0,1.0,1.0,0.2299097821,0.07467051667,0.03273916245,0.0105522275
4946,1.0,0.0,0.0,0.0,1.0,1.0,0.228443997,0.08041455663,0.03241586685,0.01134550571
4947,1.0,0.0,0.0,0.0,1.0,1.0,0.2134914428,0.06892700068,0.03028297424,0.009647667408
4948,1.0,0.0,0.0,0.0,1.0,1.0,0.2168599864,0.0667567051,0.03098636866,0.009430646896
4949,1.0,0.0,0.0,0.0,1.0,1.0,0.213491599,0.06342630843,0.03045892715,0.008895099163
4950,1.0,0.0,0.0,0.0,1.0,1.0,0.2227331278,0.07084171597,0.03135246038,0.009914875031
4951,1.0,0.0,0.0,0.0,1.0,1.0,0.2166092766,0.06484913815,0.0306828022,0.009150981903
4952,1.0,0.0,0.0,0.0,1.0,1.0,0.2013942132,0.05912742762,0.02884358168,0.008356571198
4953,1.0,0.0,0.0,0.0,1.0,1.0,0.1856373542,0.06057223696,0.0264185071,0.008539319038
4954,1.0,0.0,0.0,0.0,1.0,1.0,0.1734105604,0.07165806926,0.02493083477,0.01018679142
4955,1.0,0.0,0.0,0.0,1.0,1.0,0.1506513211,0.1089617217,0.02190935612,0.01549685001
4956,1.0,0.0,0.0,0.0,1.0,1.0,0.1984829141,0.1798995642,0.03060901165,0.02681678534
4957,1.0,0.0,0.0,0.0,1.0,1.0,0.2307741879,0.2255059461,0.03697997332,0.03475558758
4958,1.0,0.0,0.0,0.0,1.0,1.0,0.2438085507,0.247173936,0.03928416967,0.03844833374
4959,1.0,0.0,0.0,0.0,1.0,1.0,0.2439317619,0.2507493125,0.03850018978,0.03769803047
4960,1.0,0.0,0.0,0.0,1.0,1.0,0.2557493554,0.269352999,0.0408039093,0.0408039093
4961,1.0,0.0,0.0,0.0,1.0,1.0,0.2536651047,0.2685331265,0.03932458162,0.03958678246
4962,1.0,0.0,0.0,0.0,1.0,1.0,0.2600589011,0.2868431504,0.04084455967,0.04244625568
4963,1.0,0.0,0.0,0.0,1.0,1.0,0.25873889,0.2748466742,0.04037207365,0.04063594341
4964,1.0,0.0,0.0,0.0,1.0,1.0,0.2660628425,0.2850395407,0.04165577888,0.04218989611
4965,1.0,0.0,0.0,0.0,1.0,1.0,0.2648095174,0.2796269552,0.04085403681,0.0408539772
4966,1.0,0.0,0.0,0.0,1.0,1.0,0.268685573,0.2806405102,0.04218697548,0.04164958
4967,1.0,0.0,0.0,0.0,1.0,1.0,0.2797073061,0.2947990827,0.04310792685,0.04310786724
4968,1.0,0.0,0.0,0.0,1.0,1.0,0.2780016634,0.2925637989,0.04323834181,0.04270780087
4969,1.0,0.0,0.0,0.0,1.0,1.0,0.2894008509,0.3005442132,0.04524677992,0.04445761442
4970,1.0,0.0,0.0,0.0,1.0,1.0,0.2716605709,0.290909136,0.0417342186,0.04199182987
4971,1.0,0.0,0.0,0.0,1.0,1.0,0.2776228344,0.3001921439,0.04336285591,0.04388844967
4972,1.0,0.0,0.0,0.0,1.0,1.0,0.2627483917,0.2909089795,0.04113894701,0.04244083166
4973,1.0,0.0,0.0,0.0,1.0,1.0,0.2610853986,0.2891239204,0.04068559408,0.04198127985
4974,1.0,0.0,0.0,0.0,1.0,1.0,0.2527136973,0.2825276522,0.04028105736,0.04158043861
4975,1.0,0.0,0.0,0.0,1.0,1.0,0.2673873761,0.3076573798,0.04241991043,0.04474782944
4976,1.0,0.0,0.0,0.0,1.0,1.0,0.2469978277,0.278213348,0.03884404898,0.04038751125
4977,1.0,0.0,0.0,0.0,1.0,1.0,0.2689581959,0.3064491247,0.04354393482,0.04534751177
4978,1.0,0.0,0.0,0.0,1.0,1.0,0.2667322259,0.3061669016,0.04277801514,0.04483956099
4979,1.0,0.0,0.0,0.0,1.0,1.0,0.2763733687,0.3143122924,0.04450660944,0.04605913162
4980,1.0,0.0,0.0,0.0,1.0,1.0,0.2658773527,0.3012502983,0.04304903746,0.04408633709
4981,1.0,0.0,0.0,0.0,1.0,1.0,0.2685303057,0.3136547509,0.04406529665,0.0461512804
4982,1.0,0.0,0.0,0.0,1.0,1.0,0.2663039983,0.3145723686,0.0436270833,0.04599237442
4983,1.0,0.0,0.0,0.0,1.0,1.0,0.2634311064,0.312775174,0.04281127453,0.0451464653
4984,1.0,0.0,0.0,0.0,1.0,1.0,0.2805448441,0.3307503453,0.04551619291,0.04758512974
4985,1.0,0.0,0.0,0.0,1.0,1.0,0.2624318815,0.3218842956,0.04315066338,0.04676812887
4986,1.0,0.0,0.0,0.0,1.0,1.0,0.2727209899,0.3337552455,0.04504203796,0.04848641157
4987,1.0,0.0,0.0,0.0,1.0,1.0,0.2727211331,0.3319176482,0.04476892948,0.04740232229
4988,1.0,0.0,0.0,0.0,1.0,1.0,0.2711168959,0.3374497691,0.0443700552,0.04804563522
4989,1.0,0.0,0.0,0.0,1.0,1.0,0.2587554409,0.3281752619,0.0425606966,0.04681676626
4990,1.0,0.0,0.0,0.0,1.0,1.0,0.2749272197,0.3374982216,0.04528456926,0.04821479321
4991,1.0,0.0,0.0,0.0,1.0,1.0,0.2620685151,0.3337758534,0.04304724932,0.04732525349
4992,1.0,0.0,0.0,0.0,1.0,1.0,0.2721332641,0.350183189,0.04475069046,0.04927903414
4993,1.0,0.0,0.0,0.0,1.0,1.0,0.273909278,0.3503790518,0.04526650906,0.0493081212
4994,1.0,0.0,0.0,0.0,1.0,1.0,0.2685797557,0.3471343352,0.04429370165,0.04885727167
4995,1.0,0.0,0.0,0.0,1.0,1.0,0.2739090213,0.3528566428,0.04545307159,0.05005252361
4996,1.0,0.0,0.0,0.0,1.0,1.0,0.2730183639,0.3522937079,0.04548299313,0.04981470108
4997,1.0,0.0,0.0,0.0,1.0,1.0,0.277622495,0.3574930488,0.04588478804,0.05020344257
4998,1.0,0.0,0.0,0.0,1.0,1.0,0.2681430721,0.3484642452,0.04420125484,0.04875528812
4999,1.0,0.0,0.0,0.0,1.0,1.0,0.2734630195,0.3503790936,0.04525136948,0.04929167032
5000,1.0,0.0,0.0,0.0,1.0,1.0,0.281396479,0.3582905157,0.04661238194,0.05089855194
5001,1.0,0.0,0.0,0.0,1.0,1.0,0.2813961076,0.3604854443,0.04702585936,0.05107980967
5002,1.0,0.0,0.0,0.0,1.0,1.0,0.2843940442,0.3610150363,0.04676502943,0.05077344179
5003,1.0,0.0,0.0,0.0,1.0,1.0,0.2673871732,0.3465502286,0.04408049583,0.04864990711
5004,1.0,0.0,0.0,0.0,1.0,1.0,0.2665179642,0.3484645585,0.04387104511,0.04868614674
5005,1.0,0.0,0.0,0.0,1.0,1.0,0.2612178126,0.3522939672,0.0427904129,0.04890334606
5006,1.0,0.0,0.0,0.0,1.0,1.0,0.2712539059,0.3572148688,0.04476565123,0.05009490252
5007,1.0,0.0,0.0,0.0,1.0,1.0,0.268024691,0.3520762248,0.04427421093,0.04960846901
5008,1.0,0.0,0.0,0.0,1.0,1.0,0.2700753849,0.3534146793,0.0445510149,0.04961973429
5009,1.0,0.0,0.0,0.0,1.0,1.0,0.2793269481,0.3539693122,0.04649192095,0.05025434494
5010,1.0,0.0,0.0,0.0,1.0,1.0,0.2551078242,0.3363141078,0.0423822999,0.04747891426
5011,1.0,0.0,0.0,0.0,1.0,1.0,0.2733100125,0.3520763404,0.04494416714,0.04946523905
5012,1.0,0.0,0.0,0.0,1.0,1.0,0.2002220902,0.3049478099,0.03199422359,0.04132586718
5013,1.0,0.0,0.0,0.0,1.0,1.0,0.06057233776,0.301519224,0.009165048599,0.03854703903
5014,1.0,0.0,0.0,0.0,1.0,1.0,0.04970584098,0.2985621716,0.007635653019,0.03845095634
5015,1.0,0.0,0.0,0.0,1.0,1.0,0.04810161293,0.3053851762,0.007381677628,0.03909546137
5016,1.0,0.0,0.0,0.0,1.0,1.0,0.05630660743,0.2998327173,0.008710503578,0.0391972661
5017,1.0,0.0,0.0,0.0,1.0,1.0,0.06862390284,0.2994199533,0.01064646244,0.03958290815
5018,1.0,0.0,0.0,0.0,1.0,1.0,0.1098675972,0.273905426,0.01680743694,0.03551250696
5019,1.0,0.0,0.0,0.0,1.0,1.0,0.1363661296,0.2722058933,0.02163517475,0.03669762611
5020,1.0,0.0,0.0,0.0,1.0,1.0,0.1430265352,0.2814758175,0.02225542068,0.03745430708
5021,1.0,0.0,0.0,0.0,1.0,1.0,0.1467227518,0.283242699,0.02306723595,0.03799313307
5022,1.0,0.0,0.0,0.0,1.0,1.0,0.1728486918,0.2901608795,0.02744442225,0.03912872076
5023,1.0,0.0,0.0,0.0,1.0,1.0,0.191743737,0.3006288932,0.03046756983,0.04071325064
5024,1.0,0.0,0.0,0.0,1.0,1.0,0.2080057327,0.3101036158,0.03346145153,0.04271095991
5025,1.0,0.0,0.0,0.0,1.0,1.0,0.2146455423,0.3088827797,0.03457266092,0.04240548611
5026,1.0,0.0,0.0,0.0,1.0,1.0,0.2390692393,0.3247215552,0.03905373812,0.0452914834
5027,1.0,0.0,0.0,0.0,1.0,1.0,0.2341926485,0.3253993495,0.03809219599,0.04506677389
5028,1.0,0.0,0.0,0.0,1.0,1.0,0.2424877241,0.3267403551,0.0395539403,0.04543352127
5029,1.0,0.0,0.0,0.0,1.0,1.0,0.2465729192,0.3274033447,0.04029381275,0.04593491554
5030,1.0,0.0,0.0,0.0,1.0,1.0,0.2391405774,0.3216594855,0.03937280178,0.04561811686
5031,1.0,0.0,0.0,0.0,1.0,1.0,0.2436857316,0.3223393357,0.04015529156,0.04585307837
5032,1.0,0.0,0.0,0.0,1.0,1.0,0.2440882812,0.3223391941,0.03982836008,0.04547965527
5033,1.0,0.0,0.0,0.0,1.0,1.0,0.2374911407,0.3166169094,0.03908669949,0.04505825043
5034,1.0,0.0,0.0,0.0,1.0,1.0,0.2519186166,0.3217900563,0.0411003828,0.04566711187
5035,1.0,0.0,0.0,0.0,1.0,1.0,0.2403930169,0.3142185726,0.03954142332,0.04495805502
5036,1.0,0.0,0.0,0.0,1.0,1.0,0.2445265303,0.3219178309,0.04009139538,0.04628008604
5037,1.0,0.0,0.0,0.0,1.0,1.0,0.2321601584,0.3116134332,0.03810191154,0.04431718588
5038,1.0,0.0,0.0,0.0,1.0,1.0,0.2502690746,0.3256611464,0.04111140966,0.04675424099
5039,1.0,0.0,0.0,0.0,1.0,1.0,0.2399977534,0.3156129466,0.03922367096,0.04513400793
5040,1.0,0.0,0.0,0.0,1.0,1.0,0.2327691778,0.3120935579,0.03815418482,0.04482448101
5041,1.0,0.0,0.0,0.0,1.0,1.0,0.2260450602,0.2987263924,0.0375404954,0.0434397459
5042,1.0,0.0,0.0,0.0,1.0,1.0,0.2186784858,0.2924292866,0.03584134579,0.04194766283
5043,1.0,0.0,0.0,0.0,1.0,1.0,0.1853269679,0.2736114861,0.03002363443,0.0386018157
5044,1.0,0.0,0.0,0.0,1.0,1.0,0.127047354,0.2218836132,0.02001845837,0.03069502115
5045,1.0,0.0,0.0,0.0,1.0,1.0,0.07954005079,0.2181322045,0.01223796606,0.0292648077
5046,1.0,0.0,0.0,0.0,1.0,1.0,0.0641350961,0.2426626339,0.009634852409,0.03158098459
5047,1.0,0.0,0.0,0.0,1.0,1.0,0.07317354351,0.2437163184,0.01095253229,0.0317890048
5048,1.0,0.0,0.0,0.0,0.0,1.0,0.0,0.2345630509,0.0,0.03049743176
5049,1.0,0.0,0.0,0.0,1.0,1.0,0.09263988466,0.2519086316,0.01383376122,0.03272217512
5050,1.0,0.0,0.0,0.0,1.0,1.0,0.09297141586,0.244676278,0.01388913393,0.03151756525
5051,1.0,0.0,0.0,0.0,1.0,1.0,0.08180516477,0.2560045078,0.01206839085,0.03279441595
5052,1.0,0.0,0.0,0.0,1.0,1.0,0.09408627061,0.2447611115,0.01403993368,0.03178840876
5053,1.0,0.0,0.0,0.0,1.0,1.0,0.0956914864,0.2457638954,0.01425492764,0.03167748451
5054,1.0,0.0,0.0,0.0,1.0,1.0,0.09660698519,0.2367096445,0.01466423273,0.03119474649
5055,1.0,0.0,0.0,0.0,1.0,1.0,0.09037498424,0.2284440724,0.01337713003,0.02937728167
5056,1.0,0.0,0.0,0.0,1.0,1.0,0.09260568771,0.2357552389,0.01398789883,0.03087890148
5057,1.0,0.0,0.0,0.0,0.0,1.0,0.0,0.2348086617,0.0,0.03084468842
5058,1.0,0.0,0.0,0.0,1.0,1.0,0.1032697061,0.2518755096,0.015635252,0.03312557936
5059,1.0,0.0,0.0,0.0,0.0,1.0,0.0,0.2326635986,0.0,0.03046816587
5060,1.0,0.0,0.0,0.0,1.0,1.0,0.1090938803,0.2468255771,0.0163937211,0.0322586298
5061,1.0,0.0,0.0,0.0,1.0,1.0,0.1098675772,0.2427792321,0.01645082235,0.0318403244
5062,1.0,0.0,0.0,0.0,1.0,1.0,0.1090625236,0.247829007,0.01636397839,0.03272795677
5063,1.0,0.0,0.0,0.0,1.0,1.0,0.1134503599,0.2539566198,0.01692450047,0.03331166506
5064,1.0,0.0,0.0,0.0,1.0,1.0,0.1090624036,0.2498604827,0.01634484529,0.03295767307
5065,1.0,0.0,0.0,0.0,1.0,1.0,0.1156677169,0.2508802713,0.01711678505,0.03289633989
5066,1.0,0.0,0.0,0.0,1.0,1.0,0.1114551423,0.259191311,0.01637595892,0.0335572958
5067,1.0,0.0,0.0,0.0,1.0,1.0,0.09683838795,0.2570584359,0.01408904791,0.0332288146
5068,1.0,0.0,0.0,0.0,1.0,1.0,0.1136979418,0.2687575898,0.01645308733,0.03396767378
5069,1.0,0.0,0.0,0.0,1.0,1.0,0.1200807842,0.2750564589,0.01779061556,0.03585493565
5070,1.0,0.0,0.0,0.0,0.0,1.0,0.0,0.2759965295,0.0,0.0349444747
5071,1.0,0.0,0.0,0.0,1.0,1.0,0.08418246615,0.2673402466,0.01328712702,0.03675156832
5072,1.0,0.0,0.0,0.0,1.0,1.0,0.05503130831,0.2662449123,0.008730351925,0.03661125898
5073,1.0,0.0,0.0,0.0,1.0,1.0,0.05650523674,0.2835149299,0.008778095245,0.03813004494
5074,1.0,0.0,0.0,0.0,1.0,1.0,0.05806624438,0.275149906,0.009373545647,0.03863030672
5075,1.0,0.0,0.0,0.0,1.0,1.0,0.04892361527,0.277173186,0.008051693439,0.03939586878
5076,1.0,0.0,0.0,0.0,1.0,1.0,0.05178463325,0.2738469017,0.00845605135,0.0386158824
5077,1.0,0.0,0.0,0.0,1.0,1.0,0.05514170531,0.2709331499,0.008902609348,0.03755784035
5078,1.0,0.0,0.0,0.0,1.0,1.0,0.05160645983,0.2677078402,0.008448183537,0.03801673651
5079,1.0,0.0,0.0,0.0,1.0,1.0,0.0674157702,0.2665179129,0.01132619381,0.03850919008
5080,1.0,0.0,0.0,0.0,1.0,1.0,0.05918837941,0.258610184,0.009812653065,0.03728818893
5081,1.0,0.0,0.0,0.0,1.0,1.0,0.1160212929,0.2248744325,0.01976424456,0.03303456306
5082,1.0,0.0,0.0,0.0,1.0,1.0,0.1406746353,0.2101102267,0.02377349138,0.03068435192
5083,1.0,0.0,0.0,0.0,1.0,1.0,0.1899900012,0.2434539729,0.03292924166,0.03680324554
5084,1.0,0.0,0.0,0.0,1.0,1.0,0.2104089319,0.2597828038,0.03614020348,0.0394256711
5085,1.0,0.0,0.0,0.0,1.0,1.0,0.2347894074,0.2776225849,0.04013037682,0.04202842712
5086,1.0,0.0,0.0,0.0,1.0,1.0,0.2375852785,0.2740405875,0.040379107,0.04118669033
5087,1.0,0.0,0.0,0.0,1.0,1.0,0.2634311183,0.3034018011,0.04509681463,0.04646337032
5088,1.0,0.0,0.0,0.0,1.0,1.0,0.2684124289,0.3054831203,0.04593068361,0.04674124718
5089,1.0,0.0,0.0,0.0,1.0,1.0,0.2609301351,0.2966539652,0.04388010502,0.04467791319
5090,1.0,0.0,0.0,0.0,1.0,1.0,0.2646051467,0.2966540476,0.04403281212,0.04456329346
5091,1.0,0.0,0.0,0.0,1.0,1.0,0.2751628448,0.305092803,0.04686099291,0.04686099291
5092,1.0,0.0,0.0,0.0,1.0,1.0,0.2696906669,0.3001857666,0.04552900791,0.04552900791
5093,1.0,0.0,0.0,0.0,1.0,1.0,0.2715702412,0.3054829165,0.04546838999,0.04573273659
5094,1.0,0.0,0.0,0.0,1.0,1.0,0.2783255343,0.3057732804,0.04621177912,0.04594922066
5095,1.0,0.0,0.0,0.0,1.0,1.0,0.2773571811,0.3050929376,0.04597818851,0.04597818851
5096,1.0,0.0,0.0,0.0,1.0,1.0,0.2758711104,0.3057731646,0.04546648264,0.04546648264
5097,1.0,0.0,0.0,0.0,1.0,1.0,0.2800982625,0.3085995007,0.04667931795,0.04667931795
5098,1.0,0.0,0.0,0.0,1.0,1.0,0.2841865675,0.3171984956,0.04671394825,0.0469763279
5099,1.0,0.0,0.0,0.0,1.0,1.0,0.2800982484,0.3143123032,0.04598081112,0.04650336504
5100,1.0,0.0,0.0,0.0,1.0,1.0,0.2839506879,0.3183273787,0.04588609934,0.04640454054
5101,1.0,0.0,0.0,0.0,1.0,1.0,0.2862400997,0.3178437576,0.04613077641,0.04638850689
5102,1.0,0.0,0.0,0.0,1.0,1.0,0.2907756874,0.3203786795,0.046869874,0.04712599516
5103,1.0,0.0,0.0,0.0,1.0,1.0,0.281241816,0.315612943,0.04483866692,0.04559862614
5104,1.0,0.0,0.0,0.0,1.0,1.0,0.2783257864,0.3151550261,0.04540348053,0.04669332504
5105,1.0,0.0,0.0,0.0,1.0,1.0,0.280098295,0.3184837645,0.04555481672,0.04684895277
5106,1.0,0.0,0.0,0.0,1.0,1.0,0.2734320157,0.3064486668,0.04468607903,0.04519969225
5107,1.0,0.0,0.0,0.0,1.0,1.0,0.2777102011,0.313413817,0.04542434216,0.04619419575
5108,1.0,0.0,0.0,0.0,1.0,1.0,0.2731491906,0.302966907,0.04459279776,0.04485058784
5109,1.0,0.0,0.0,0.0,1.0,1.0,0.2740151202,0.3099315144,0.04457575083,0.04586404562
5110,1.0,0.0,0.0,0.0,1.0,1.0,0.2735815034,0.3036498364,0.04448127747,0.04499548674
5111,1.0,0.0,0.0,0.0,1.0,1.0,0.2738625807,0.3099313413,0.04465192556,0.04567843676
5112,1.0,0.0,0.0,0.0,1.0,1.0,0.2576686373,0.2922241081,0.0424220562,0.04345041513
5113,1.0,0.0,0.0,0.0,1.0,1.0,0.2580715813,0.2922242779,0.04242050648,0.04344892502
5114,1.0,0.0,0.0,0.0,1.0,1.0,0.2592892578,0.2932388566,0.04235500097,0.04338175058
5115,1.0,0.0,0.0,0.0,1.0,1.0,0.2584763407,0.2967091862,0.04247492552,0.04401946068
5116,1.0,0.0,0.0,0.0,1.0,1.0,0.2573134438,0.2949742526,0.04235816002,0.04390782118
5117,1.0,0.0,0.0,0.0,1.0,1.0,0.2577674608,0.2963257577,0.04253172874,0.04409730434
5118,1.0,0.0,0.0,0.0,1.0,1.0,0.2577176698,0.3001855887,0.04233658314,0.04388546944
5119,1.0,0.0,0.0,0.0,1.0,1.0,0.2602381046,0.303402077,0.04270666838,0.0445407033
5120,1.0,0.0,0.0,0.0,1.0,1.0,0.2322421923,0.2794139954,0.03796327114,0.04084324837
5121,1.0,0.0,0.0,0.0,1.0,1.0,0.1998885994,0.2599281438,0.03234702349,0.03734368086
5122,1.0,0.0,0.0,0.0,1.0,1.0,0.1328046492,0.2071088458,0.02078396082,0.02904433012
5123,1.0,0.0,0.0,0.0,1.0,1.0,0.07606393591,0.1911282304,0.01121401787,0.02503585815
5124,1.0,0.0,0.0,0.0,1.0,1.0,0.09085804533,0.2105120447,0.01369559765,0.02818137407
5125,1.0,0.0,0.0,0.0,1.0,1.0,0.105761197,0.2201153114,0.0157763958,0.02918630838
5126,1.0,0.0,0.0,0.0,1.0,1.0,0.1038152209,0.2141663235,0.0156455636,0.02863937616
5127,1.0,0.0,0.0,0.0,1.0,1.0,0.1118507409,0.2164784751,0.01638996601,0.02828598022
5128,1.0,0.0,0.0,0.0,1.0,1.0,0.1188524498,0.2176203471,0.01735842228,0.02840471268
5129,1.0,0.0,0.0,0.0,1.0,1.0,0.1321728172,0.2243642958,0.01947879791,0.02935153246
5130,1.0,0.0,0.0,0.0,1.0,1.0,0.1378539385,0.2234522306,0.02006238699,0.0290376544
5131,1.0,0.0,0.0,0.0,1.0,1.0,0.1337411594,0.2167461596,0.01957261562,0.02856534719
5132,1.0,0.0,0.0,0.0,1.0,1.0,0.1211444611,0.2178780647,0.01811027527,0.02902966738
5133,1.0,0.0,0.0,0.0,1.0,1.0,0.1175813276,0.2130284469,0.01736682653,0.02815532684
5134,1.0,0.0,0.0,0.0,1.0,1.0,0.109257896,0.2138809654,0.01625537872,0.02851361036
5135,1.0,0.0,0.0,0.0,1.0,1.0,0.1187281308,0.222098267,0.01793116331,0.0299744606
5136,1.0,0.0,0.0,0.0,1.0,1.0,0.1098677956,0.2238748154,0.01643764973,0.02969378233
5137,1.0,0.0,0.0,0.0,1.0,1.0,0.1195763427,0.2269649338,0.01765233278,0.03003525734
5138,1.0,0.0,0.0,0.0,1.0,1.0,0.1006631891,0.2118815148,0.01496177912,0.02832049131
5139,1.0,0.0,0.0,0.0,1.0,1.0,0.1067021314,0.2102001026,0.01596051455,0.02819687128
5140,1.0,0.0,0.0,0.0,1.0,1.0,0.09342220935,0.2212204955,0.01397633553,0.02953493595
5141,1.0,0.0,0.0,0.0,1.0,1.0,0.1055749635,0.2273239385,0.01580649614,0.03055918217
5142,1.0,0.0,0.0,0.0,1.0,1.0,0.09085834019,0.2119439301,0.01372671127,0.0287733078
5143,1.0,0.0,0.0,0.0,1.0,1.0,0.09165963806,0.2049634337,0.01361894608,0.02749973536
5144,1.0,0.0,0.0,0.0,1.0,1.0,0.08516965434,0.2014378317,0.01276230812,0.02708739042
5145,1.0,0.0,0.0,0.0,1.0,1.0,0.09069977782,0.1975641114,0.01361602545,0.02670836449
5146,1.0,0.0,0.0,0.0,1.0,1.0,0.07794623601,0.1929422568,0.0118573308,0.02634954453
5147,1.0,0.0,0.0,0.0,1.0,1.0,0.08690803657,0.1840059764,0.01309710741,0.02488452196
5148,1.0,0.0,0.0,0.0,1.0,1.0,0.08546698443,0.1834913516,0.01288926601,0.02472639084
5149,1.0,0.0,0.0,0.0,1.0,1.0,0.08895532075,0.1756830522,0.01347959042,0.02378755808
5150,1.0,0.0,0.0,0.0,1.0,1.0,0.09510271964,0.1717186316,0.01452988386,0.0235119462
5151,1.0,0.0,0.0,0.0,1.0,1.0,0.1165727734,0.1831039329,0.0179386735,0.0253252387
5152,1.0,0.0,0.0,0.0,1.0,1.0,0.1648910731,0.2310740202,0.02593958378,0.03255683184
5153,1.0,0.0,0.0,0.0,1.0,1.0,0.2012079549,0.2562672946,0.03195023537,0.03666418791
5154,1.0,0.0,0.0,0.0,1.0,1.0,0.2019074958,0.2610480732,0.03150618076,0.03675717115
5155,1.0,0.0,0.0,0.0,1.0,1.0,0.2035590667,0.2619355789,0.03172844648,0.03666979074
5156,1.0,0.0,0.0,0.0,1.0,1.0,0.2035593416,0.2572635141,0.03239279985,0.03690648079
5157,1.0,0.0,0.0,0.0,1.0,1.0,0.19754452,0.2498606359,0.03098744154,0.03545176983
5158,1.0,0.0,0.0,0.0,1.0,1.0,0.1933346707,0.2480365601,0.03051626682,0.03517127037
5159,1.0,0.0,0.0,0.0,1.0,1.0,0.1890391022,0.244348967,0.03004324436,0.03474569321
5160,1.0,0.0,0.0,0.0,1.0,1.0,0.1824637499,0.2370937455,0.02923130989,0.0342348814
5161,1.0,0.0,0.0,0.0,1.0,1.0,0.1384870653,0.205877494,0.02180218697,0.02889442444
5162,1.0,0.0,0.0,0.0,1.0,1.0,0.09386058624,0.1697891424,0.01415365934,0.02306520939
5163,1.0,0.0,0.0,0.0,1.0,1.0,0.08849219677,0.1769441494,0.01349842548,0.02408546209
5164,1.0,0.0,0.0,0.0,1.0,1.0,0.08037480279,0.1834909182,0.01199305058,0.02450746298
5165,1.0,0.0,0.0,0.0,1.0,1.0,0.09711872102,0.2014687606,0.01468759775,0.02723890543
5166,1.0,0.0,0.0,0.0,1.0,1.0,0.1001198725,0.2077270588,0.0150693059,0.02802360058
5167,1.0,0.0,0.0,0.0,1.0,1.0,0.1052045534,0.2065776155,0.0159317255,0.02788048983
5168,1.0,0.0,0.0,0.0,1.0,1.0,0.0981908188,0.2006754107,0.01486819983,0.02708137035
5169,1.0,0.0,0.0,0.0,1.0,1.0,0.1244857231,0.2190013037,0.01854163408,0.02913683653
5170,1.0,0.0,0.0,0.0,1.0,1.0,0.108521004,0.2116464536,0.01621836424,0.02825129032
5171,1.0,0.0,0.0,0.0,1.0,1.0,0.1264889961,0.2150195749,0.01874268055,0.02851003408
5172,1.0,0.0,0.0,0.0,1.0,1.0,0.1079043079,0.2034435335,0.01618772745,0.02733337879
5173,1.0,0.0,0.0,0.0,1.0,1.0,0.1198627317,0.2093690223,0.01808834076,0.02819645405
5174,1.0,0.0,0.0,0.0,1.0,1.0,0.1238244505,0.2170103047,0.01858901978,0.02894580364
5175,1.0,0.0,0.0,0.0,1.0,1.0,0.1189390579,0.2082171703,0.01760292053,0.02758663893
5176,1.0,0.0,0.0,0.0,1.0,1.0,0.121144346,0.2110375724,0.01779216528,0.02773487568
5177,1.0,0.0,0.0,0.0,1.0,1.0,0.1233878982,0.2113442435,0.01853960752,0.02833908796
5178,1.0,0.0,0.0,0.0,1.0,1.0,0.1258165281,0.2102003735,0.01861774921,0.0277954936
5179,1.0,0.0,0.0,0.0,1.0,1.0,0.1329045647,0.2133195622,0.01965427399,0.02830213308
5180,1.0,0.0,0.0,0.0,1.0,1.0,0.1420167146,0.2164146367,0.02095782757,0.028816998
5181,1.0,0.0,0.0,0.0,1.0,1.0,0.1334930253,0.2192453926,0.01997023821,0.02916711569
5182,1.0,0.0,0.0,0.0,1.0,1.0,0.1309003554,0.2073939423,0.01956838369,0.0277659297
5183,1.0,0.0,0.0,0.0,1.0,1.0,0.1249304348,0.2026424365,0.01850497723,0.02684515715
5184,1.0,0.0,0.0,0.0,1.0,1.0,0.1247109529,0.1991076012,0.01870089769,0.02686601877
5185,1.0,0.0,0.0,0.0,1.0,1.0,0.1405190065,0.2065777751,0.02115446329,0.02776527405
5186,1.0,0.0,0.0,0.0,1.0,1.0,0.1324351796,0.2002850664,0.0195042491,0.02626568079
5187,1.0,0.0,0.0,0.0,1.0,1.0,0.1229542428,0.1998885848,0.0183468461,0.02673399448
5188,1.0,0.0,0.0,0.0,1.0,1.0,0.1214597626,0.2080551345,0.01822257042,0.02785456181
5189,1.0,0.0,0.0,0.0,1.0,1.0,0.1357267858,0.2073941446,0.02028244734,0.02765786648
5190,1.0,0.0,0.0,0.0,1.0,1.0,0.1390068713,0.2093695804,0.02069526911,0.02776837349
5191,1.0,0.0,0.0,0.0,1.0,1.0,0.1319682029,0.2054190756,0.01984518766,0.02751874924
5192,1.0,0.0,0.0,0.0,1.0,1.0,0.1306688503,0.2121832878,0.01939320564,0.02804160118
5193,1.0,0.0,0.0,0.0,1.0,1.0,0.1249305457,0.2054188054,0.01844072342,0.02701169252
5194,1.0,0.0,0.0,0.0,1.0,1.0,0.1229541363,0.1998886214,0.01822072268,0.02655023336
5195,1.0,0.0,0.0,0.0,1.0,1.0,0.1291315368,0.2073941108,0.0189692378,0.02728450298
5196,1.0,0.0,0.0,0.0,1.0,1.0,0.1329046302,0.2082170951,0.01984453201,0.02778232098
5197,1.0,0.0,0.0,0.0,1.0,1.0,0.1357268478,0.2093694966,0.02028125525,0.02791965008
5198,1.0,0.0,0.0,0.0,1.0,1.0,0.1311324759,0.213028494,0.01950258017,0.0281996727
5199,1.0,0.0,0.0,0.0,1.0,1.0,0.1233877469,0.2181321861,0.01855552197,0.02915871143
5200,1.0,0.0,0.0,0.0,1.0,1.0,0.1185176639,0.2102001818,0.0174511075,0.02760928869
5201,1.0,0.0,0.0,0.0,1.0,1.0,0.1306691655,0.230946458,0.01955282688,0.03065031767
5202,1.0,0.0,0.0,0.0,1.0,1.0,0.1126133886,0.2113445067,0.01687043905,0.02820521593
5203,1.0,0.0,0.0,0.0,1.0,1.0,0.1193630076,0.2187530892,0.0176743269,0.02875369787
5204,1.0,0.0,0.0,0.0,1.0,1.0,0.1202870333,0.2130282475,0.01791459322,0.02818906307
5205,1.0,0.0,0.0,0.0,1.0,1.0,0.1216251303,0.2130280912,0.01816225052,0.02816462517
5206,1.0,0.0,0.0,0.0,1.0,1.0,0.1364486183,0.2238749864,0.01993870735,0.0290017724
5207,1.0,0.0,0.0,0.0,1.0,1.0,0.1329044377,0.2170103968,0.01960164309,0.02848774195
5208,1.0,0.0,0.0,0.0,1.0,1.0,0.1271372892,0.2218757517,0.01886636019,0.02908563614
5209,1.0,0.0,0.0,0.0,1.0,1.0,0.1190227582,0.2161493123,0.01776027679,0.02846872807
5210,1.0,0.0,0.0,0.0,1.0,1.0,0.1185178644,0.2307949659,0.01743996143,0.02993428707
5211,1.0,0.0,0.0,0.0,1.0,1.0,0.1249304128,0.2287878816,0.01824498177,0.02971321344
5212,1.0,0.0,0.0,0.0,1.0,1.0,0.11936284,0.233740368,0.01772481203,0.03068774939
5213,1.0,0.0,0.0,0.0,1.0,1.0,0.1104554166,0.2275148541,0.01650696993,0.02981895208
5214,1.0,0.0,0.0,0.0,1.0,1.0,0.1056759047,0.2304838903,0.01559716463,0.02987253666
5215,1.0,0.0,0.0,0.0,1.0,1.0,0.1124369495,0.2315781448,0.01670843363,0.03023439646
5216,1.0,0.0,0.0,0.0,1.0,1.0,0.07918101363,0.2098826601,0.011762321,0.02744543552
5217,1.0,0.0,0.0,0.0,1.0,1.0,0.09118327399,0.182629122,0.01369452477,0.02443540096
5218,1.0,0.0,0.0,0.0,1.0,1.0,0.1919459131,0.2648898123,0.03089654446,0.03755527735
5219,1.0,0.0,0.0,0.0,1.0,1.0,0.2429760037,0.3042579806,0.04067289829,0.04474020004
5220,1.0,0.0,0.0,0.0,1.0,1.0,0.2605181104,0.3217627365,0.04376834631,0.0474820137
5221,1.0,0.0,0.0,0.0,1.0,1.0,0.2637636863,0.316369918,0.04413831234,0.04679721594
5222,1.0,0.0,0.0,0.0,1.0,1.0,0.2805450154,0.3325477687,0.04663282633,0.04901742935
5223,1.0,0.0,0.0,0.0,1.0,1.0,0.3041092988,0.3444505721,0.05021959543,0.05048114061
5224,1.0,0.0,0.0,0.0,1.0,1.0,0.3014191612,0.3445730985,0.05095100403,0.05121916533
5225,1.0,0.0,0.0,0.0,1.0,1.0,0.300787477,0.3379407346,0.05015981197,0.04989439249
5226,1.0,0.0,0.0,0.0,1.0,1.0,0.3038302032,0.3379405534,0.0497481823,0.04922449589
5227,1.0,0.0,0.0,0.0,1.0,1.0,0.3113277436,0.3415358776,0.05134987831,0.05003321171
5228,1.0,0.0,0.0,0.0,1.0,1.0,0.3036888639,0.341627422,0.04977148771,0.04950815439
5229,1.0,0.0,0.0,0.0,1.0,1.0,0.3043169992,0.3385789356,0.0497969985,0.04901075363
5230,1.0,0.0,0.0,0.0,1.0,1.0,0.3108309798,0.3445729608,0.05036091805,0.04932790995
5231,1.0,0.0,0.0,0.0,1.0,1.0,0.3029102771,0.3442521993,0.04971081018,0.04944497347
5232,1.0,0.0,0.0,0.0,1.0,1.0,0.2942356249,0.3307245807,0.04876488447,0.04823487997
5233,1.0,0.0,0.0,0.0,1.0,1.0,0.2938582707,0.3405501932,0.04816675186,0.04869604111
5234,1.0,0.0,0.0,0.0,1.0,1.0,0.2982462067,0.3417209926,0.04933381081,0.04880899191
5235,1.0,0.0,0.0,0.0,1.0,1.0,0.3056931596,0.3532822388,0.05082315207,0.05082309246
5236,1.0,0.0,0.0,0.0,1.0,1.0,0.2972617204,0.343674415,0.04958707094,0.04958707094
5237,1.0,0.0,0.0,0.0,1.0,1.0,0.2906293952,0.3469763728,0.04834282398,0.0494171381
5238,1.0,0.0,0.0,0.0,1.0,1.0,0.285788005,0.3433193865,0.04684114456,0.04817944765
5239,1.0,0.0,0.0,0.0,1.0,1.0,0.3003170381,0.3526333377,0.04961228371,0.04987901449
5240,1.0,0.0,0.0,0.0,1.0,1.0,0.2972615255,0.353186134,0.04944747686,0.05024933815
5241,1.0,0.0,0.0,0.0,1.0,1.0,0.3109374255,0.3696822809,0.05171215534,0.05250370502
5242,1.0,0.0,0.0,0.0,1.0,1.0,0.3049416255,0.365467705,0.05059027672,0.05191463232
5243,1.0,0.0,0.0,0.0,1.0,1.0,0.3050758566,0.3627606691,0.0505168438,0.05156934261
5244,1.0,0.0,0.0,0.0,1.0,1.0,0.3050758877,0.3678241409,0.0500330925,0.05159664154
5245,1.0,0.0,0.0,0.0,1.0,1.0,0.310336207,0.3706417803,0.05094265938,0.05251014233
5246,1.0,0.0,0.0,0.0,1.0,1.0,0.3076432094,0.3715396639,0.050735116,0.0525752306
5247,1.0,0.0,0.0,0.0,1.0,1.0,0.2939536009,0.3609093723,0.04866552353,0.05129605532
5248,1.0,0.0,0.0,0.0,1.0,1.0,0.2905726789,0.3585356748,0.04782766104,0.0507183075
5249,1.0,0.0,0.0,0.0,1.0,1.0,0.2964851311,0.3636027746,0.04923552275,0.05161786079
5250,1.0,0.0,0.0,0.0,1.0,1.0,0.2869365915,0.3537350962,0.04685389996,0.04974937439
5251,1.0,0.0,0.0,0.0,1.0,1.0,0.2908341806,0.3553570717,0.04809564352,0.0510185957
5252,1.0,0.0,0.0,0.0,1.0,1.0,0.2949965825,0.3590587347,0.04845404625,0.05136656761
5253,1.0,0.0,0.0,0.0,1.0,1.0,0.2873793398,0.3522021616,0.04791301489,0.05084109306
5254,1.0,0.0,0.0,0.0,1.0,1.0,0.2803506239,0.3446979473,0.0461486578,0.04927736521
5255,1.0,0.0,0.0,0.0,1.0,1.0,0.2869362867,0.3455319367,0.04690152407,0.04900950193
5256,1.0,0.0,0.0,0.0,1.0,1.0,0.283712399,0.3374498552,0.04700571299,0.04887527227
5257,1.0,0.0,0.0,0.0,1.0,1.0,0.2779797467,0.330074263,0.04545521736,0.04703176022
5258,1.0,0.0,0.0,0.0,1.0,1.0,0.27492759,0.3300741134,0.04503953457,0.04742395878
5259,1.0,0.0,0.0,0.0,1.0,1.0,0.2756523797,0.3251859292,0.04475951195,0.04633003473
5260,1.0,0.0,0.0,0.0,1.0,1.0,0.2656539745,0.3178372094,0.04272419214,0.04506880045
5261,1.0,0.0,0.0,0.0,1.0,1.0,0.2416948593,0.3016832807,0.03865534067,0.04257315397
5262,1.0,0.0,0.0,0.0,1.0,1.0,0.2328798081,0.2899841333,0.03783547878,0.0417766571
5263,1.0,0.0,0.0,0.0,1.0,1.0,0.2345957168,0.2925637837,0.03815734386,0.04207760096
5264,1.0,0.0,0.0,0.0,1.0,1.0,0.1868737174,0.2554966411,0.02957284451,0.03590995073
5265,1.0,0.0,0.0,0.0,1.0,1.0,0.06431157891,0.2183817032,0.009874165058,0.02962261438
5266,1.0,0.0,0.0,0.0,1.0,1.0,0.06397802039,0.2130593633,0.009811580181,0.02916961908
5267,1.0,0.0,0.0,0.0,1.0,1.0,0.08698214921,0.1831038968,0.01342242956,0.02526575327
5268,1.0,0.0,0.0,0.0,1.0,1.0,0.0962300762,0.1722521795,0.01501274109,0.02396768332
5269,1.0,0.0,0.0,0.0,1.0,1.0,0.1140760155,0.1866880135,0.01770955324,0.02616780996
5270,1.0,0.0,0.0,0.0,1.0,1.0,0.106901359,0.1873953967,0.01667785645,0.0262080431
5271,1.0,0.0,0.0,0.0,1.0,1.0,0.1255582281,0.201015714,0.01977282763,0.02820920944
5272,1.0,0.0,0.0,0.0,1.0,1.0,0.1560588976,0.2239488581,0.024510324,0.03155052662
5273,1.0,0.0,0.0,0.0,1.0,1.0,0.2011860394,0.2597826644,0.03226053715,0.03746390343
5274,1.0,0.0,0.0,0.0,1.0,1.0,0.2158793924,0.2774249629,0.03550946712,0.04103314877
5275,1.0,0.0,0.0,0.0,1.0,1.0,0.227802087,0.2774252044,0.03707033396,0.04072517157
5276,1.0,0.0,0.0,0.0,1.0,1.0,0.2334697479,0.283529598,0.03761255741,0.04121923447
5277,1.0,0.0,0.0,0.0,1.0,1.0,0.2208445057,0.2694921294,0.03578788042,0.03944498301
5278,1.0,0.0,0.0,0.0,1.0,1.0,0.2229894454,0.2738684623,0.03624808788,0.04015976191
5279,1.0,0.0,0.0,0.0,1.0,1.0,0.2160086479,0.2686673463,0.03501081467,0.03919118643
5280,1.0,0.0,0.0,0.0,1.0,1.0,0.2163575326,0.264240908,0.03512108326,0.03852832317
5281,1.0,0.0,0.0,0.0,1.0,1.0,0.221741189,0.2756465885,0.03583616018,0.04025071859
5282,1.0,0.0,0.0,0.0,1.0,1.0,0.2118555563,0.2641384787,0.03404593468,0.03846418858
5283,1.0,0.0,0.0,0.0,1.0,1.0,0.2082841828,0.2605686573,0.03360438347,0.03803288937
5284,1.0,0.0,0.0,0.0,1.0,1.0,0.2070623893,0.266038658,0.03299182653,0.03844714165
5285,1.0,0.0,0.0,0.0,1.0,1.0,0.1138821225,0.1803505244,0.01769763231,0.02535778284
5286,1.0,0.0,0.0,0.0,1.0,1.0,0.09534681479,0.1590870492,0.0147870779,0.02244472504
5287,1.0,0.0,0.0,0.0,1.0,1.0,0.118377262,0.1822286674,0.01839917898,0.02549594641
5288,1.0,0.0,0.0,0.0,1.0,1.0,0.1270478598,0.1871614786,0.01965975761,0.02621299028
5289,1.0,0.0,0.0,0.0,1.0,1.0,0.1333714823,0.1924849611,0.02048397064,0.02696621418
5290,1.0,0.0,0.0,0.0,1.0,1.0,0.1261923686,0.1850819063,0.01967179775,0.02622902393
5291,1.0,0.0,0.0,0.0,1.0,1.0,0.1297758193,0.1932005199,0.01996093988,0.02696019411
5292,1.0,0.0,0.0,0.0,1.0,1.0,0.1331466978,0.1976507351,0.02065730095,0.02771735191
5293,1.0,0.0,0.0,0.0,1.0,1.0,0.08212215438,0.1749997651,0.01217472553,0.02331328392
5294,1.0,0.0,0.0,0.0,1.0,1.0,0.09164424663,0.1813656058,0.01374435425,0.02437674999
5295,1.0,0.0,0.0,0.0,1.0,1.0,0.09694764331,0.1776351016,0.01465255022,0.02424329519
5296,1.0,0.0,0.0,0.0,1.0,1.0,0.09801878033,0.1788882501,0.01469838619,0.02414733171
5297,1.0,0.0,0.0,0.0,1.0,1.0,0.1015197731,0.1813659968,0.0151103735,0.02448916435
5298,1.0,0.0,0.0,0.0,1.0,1.0,0.09819071973,0.1827774905,0.01494759321,0.02509063482
5299,1.0,0.0,0.0,0.0,1.0,1.0,0.1080959697,0.1763718638,0.01619642973,0.02389627695
5300,1.0,0.0,0.0,0.0,1.0,1.0,0.109673321,0.183491445,0.01637226343,0.02482247353
5301,1.0,0.0,0.0,0.0,1.0,1.0,0.1173722026,0.1869032987,0.01725417376,0.02483552694
5302,1.0,0.0,0.0,0.0,1.0,1.0,0.1120373008,0.1883868485,0.01652801037,0.02492314577
5303,1.0,0.0,0.0,0.0,1.0,1.0,0.1136136154,0.1935677435,0.01682621241,0.02576506138
5304,1.0,0.0,0.0,0.0,1.0,1.0,0.1170674504,0.1944436108,0.01759499311,0.02626115084
5305,1.0,0.0,0.0,0.0,1.0,1.0,0.1118381676,0.1856668013,0.01656150818,0.02471077442
5306,1.0,0.0,0.0,0.0,1.0,1.0,0.1114421544,0.1908380032,0.0166374445,0.02561634779
5307,1.0,0.0,0.0,0.0,1.0,1.0,0.121840201,0.1915926339,0.01814699173,0.02551096678
5308,1.0,0.0,0.0,0.0,1.0,1.0,0.1147766709,0.1888707836,0.01694750786,0.02503019571
5309,1.0,0.0,0.0,0.0,1.0,1.0,0.1249302795,0.1888705535,0.0185571909,0.02509135008
5310,1.0,0.0,0.0,0.0,1.0,1.0,0.1163371808,0.1920496465,0.01748979092,0.02596968412
5311,1.0,0.0,0.0,0.0,1.0,1.0,0.1174780473,0.1912993026,0.01750683784,0.02560704947
5312,1.0,0.0,0.0,0.0,1.0,1.0,0.1090942163,0.1920496159,0.0163372159,0.02582329512
5313,1.0,0.0,0.0,0.0,1.0,1.0,0.1242740198,0.2010596135,0.01875281334,0.02720475197
5314,1.0,0.0,0.0,0.0,1.0,1.0,0.09543297947,0.182777424,0.01446604729,0.02472376823
5315,1.0,0.0,0.0,0.0,1.0,1.0,0.1212495362,0.1890836798,0.01815694571,0.02541971207
5316,1.0,0.0,0.0,0.0,1.0,1.0,0.1188149462,0.1886107645,0.01798135042,0.0256498456
5317,1.0,0.0,0.0,0.0,1.0,1.0,0.1092864591,0.1822509855,0.01639813185,0.02459716797
5318,1.0,0.0,0.0,0.0,1.0,1.0,0.1253720537,0.1854433221,0.0184224844,0.02464973927
5319,1.0,0.0,0.0,0.0,1.0,1.0,0.1251506837,0.1955429963,0.01873600483,0.02612483501
5320,1.0,0.0,0.0,0.0,1.0,1.0,0.1258166019,0.1908379158,0.0185431838,0.02533352375
5321,1.0,0.0,0.0,0.0,1.0,1.0,0.1264671933,0.1947731376,0.01877516508,0.02581584454
5322,1.0,0.0,0.0,0.0,1.0,1.0,0.1225235894,0.1893473263,0.01840186119,0.0254997015
5323,1.0,0.0,0.0,0.0,1.0,1.0,0.1207734038,0.1881300404,0.01815068722,0.02525305748
5324,1.0,0.0,0.0,0.0,1.0,1.0,0.1299801572,0.1920496387,0.01928967237,0.02554577589
5325,1.0,0.0,0.0,0.0,1.0,1.0,0.1291314343,0.1888707659,0.0191565752,0.02519220114
5326,1.0,0.0,0.0,0.0,1.0,1.0,0.1198627423,0.190838361,0.01789194345,0.02552229166
5327,1.0,0.0,0.0,0.0,1.0,1.0,0.1218398493,0.1920500058,0.01803475618,0.02561467886
5328,1.0,0.0,0.0,0.0,1.0,1.0,0.1367658957,0.1944441245,0.02040755749,0.02616351843
5329,1.0,0.0,0.0,0.0,1.0,1.0,0.1425261636,0.2057677729,0.02101755142,0.0272449851
5330,1.0,0.0,0.0,0.0,1.0,1.0,0.1410145588,0.1959691575,0.02084714174,0.02605897188
5331,1.0,0.0,0.0,0.0,1.0,1.0,0.1370060187,0.1959686566,0.02024298906,0.02595251799
5332,1.0,0.0,0.0,0.0,1.0,1.0,0.1306689324,0.1932514482,0.01914924383,0.02561861277
5333,1.0,0.0,0.0,0.0,1.0,1.0,0.1229544015,0.1866664884,0.01820498705,0.02496683598
5334,1.0,0.0,0.0,0.0,1.0,1.0,0.1209850498,0.1854431595,0.01819139719,0.02504611015
5335,1.0,0.0,0.0,0.0,1.0,1.0,0.1353410334,0.1914641953,0.02035683393,0.02609854937
5336,1.0,0.0,0.0,0.0,1.0,1.0,0.1425290277,0.1929426096,0.02119588852,0.0258486867
5337,1.0,0.0,0.0,0.0,1.0,1.0,0.1281780395,0.1890833787,0.01929420233,0.02555173635
5338,1.0,0.0,0.0,0.0,1.0,1.0,0.1195171283,0.1847217902,0.01797246933,0.02474474907
5339,1.0,0.0,0.0,0.0,1.0,1.0,0.09649756567,0.1678453447,0.01441335678,0.02264964581
5340,1.0,0.0,0.0,0.0,1.0,1.0,0.1069014684,0.1628302468,0.01620841026,0.02238297462
5341,1.0,0.0,0.0,0.0,1.0,1.0,0.1698723451,0.2216945643,0.02628976107,0.03113931417
5342,1.0,0.0,0.0,0.0,1.0,1.0,0.2445956929,0.2738685494,0.03893834352,0.03971201181
5343,1.0,0.0,0.0,0.0,1.0,1.0,0.2789509509,0.3040261245,0.04474389553,0.04448825121
5344,1.0,0.0,0.0,0.0,1.0,1.0,0.2834957586,0.3096861399,0.04496413469,0.04471004009
5345,1.0,0.0,0.0,0.0,1.0,1.0,0.2844070022,0.308599413,0.04536157846,0.04510527849
5346,1.0,0.0,0.0,0.0,1.0,1.0,0.2964851857,0.3279421126,0.04738479853,0.04814910889
5347,1.0,0.0,0.0,0.0,1.0,1.0,0.2998323407,0.3239573384,0.04775923491,0.04750663042
5348,1.0,0.0,0.0,0.0,1.0,1.0,0.292636323,0.3232459401,0.04699391127,0.04750752449
5349,1.0,0.0,0.0,0.0,1.0,1.0,0.3006321016,0.3337296286,0.04803919792,0.04880577326
5350,1.0,0.0,0.0,0.0,1.0,1.0,0.287399899,0.3125463948,0.04522615671,0.04497212172
5351,1.0,0.0,0.0,0.0,1.0,1.0,0.2895274887,0.3147709586,0.04580658674,0.04580658674
5352,1.0,0.0,0.0,0.0,1.0,1.0,0.2934738916,0.3138599305,0.04591023922,0.04565519094
5353,1.0,0.0,0.0,0.0,1.0,1.0,0.2916403752,0.3125461045,0.04584109783,0.04558354616
5354,1.0,0.0,0.0,0.0,1.0,1.0,0.2904782271,0.3118824302,0.0458266139,0.04556769133
5355,1.0,0.0,0.0,0.0,1.0,1.0,0.2818098709,0.3012501546,0.04479467869,0.0442737937
5356,1.0,0.0,0.0,0.0,1.0,1.0,0.2869686036,0.3001855925,0.04498624802,0.04395204782
5357,1.0,0.0,0.0,0.0,1.0,1.0,0.2911630513,0.3085996422,0.04617410898,0.04565531015
5358,1.0,0.0,0.0,0.0,1.0,1.0,0.2952145028,0.3114457768,0.04660069942,0.04608005285
5359,1.0,0.0,0.0,0.0,1.0,1.0,0.2879187499,0.3001858841,0.04541814327,0.04437404871
5360,1.0,0.0,0.0,0.0,1.0,1.0,0.2903786683,0.3034022475,0.04524534941,0.04471921921
5361,1.0,0.0,0.0,0.0,1.0,1.0,0.307520368,0.3143121972,0.0480542779,0.04648733139
5362,1.0,0.0,0.0,0.0,1.0,1.0,0.302861109,0.3125463471,0.0468288064,0.04604834318
5363,1.0,0.0,0.0,0.0,1.0,1.0,0.3008353262,0.3053851291,0.0466876626,0.04565018415
5364,1.0,0.0,0.0,0.0,1.0,1.0,0.3045436711,0.3203788582,0.04680776596,0.04758363962
5365,1.0,0.0,0.0,0.0,1.0,1.0,0.2948610262,0.3033390621,0.04480814934,0.04506862164
5366,1.0,0.0,0.0,0.0,1.0,1.0,0.2982897486,0.3085995611,0.04524075985,0.04576075077
5367,1.0,0.0,0.0,0.0,1.0,1.0,0.2931923085,0.2945725247,0.04481399059,0.04428684711
5368,1.0,0.0,0.0,0.0,1.0,1.0,0.2853032181,0.2685334098,0.04349935055,0.04054570198
5369,1.0,0.0,0.0,0.0,1.0,1.0,0.1956680679,0.05552487465,0.02769631147,0.007874488831
5370,1.0,0.0,0.0,0.0,1.0,1.0,0.2277704145,0.06174178517,0.03154885769,0.008703172207
5371,1.0,0.0,0.0,0.0,1.0,1.0,0.236088846,0.06126840597,0.03269171715,0.008717775345
5372,1.0,0.0,0.0,0.0,1.0,1.0,0.2266173256,0.04848072806,0.03146284819,0.006991803646
5373,1.0,0.0,0.0,0.0,1.0,1.0,0.2440496267,0.04288626098,0.03389853239,0.006187796593
5374,1.0,0.0,0.0,0.0,1.0,1.0,0.2374151871,0.03901175035,0.03354156017,0.005680441856
5375,1.0,0.0,0.0,0.0,1.0,1.0,0.2364270234,0.1747276319,0.03536391258,0.02679085732
5376,1.0,0.0,0.0,0.0,1.0,1.0,0.2811465925,0.2329782702,0.04253423214,0.03579103947
5377,1.0,0.0,0.0,0.0,1.0,1.0,0.3012711049,0.2672923328,0.04674267769,0.04227846861
5378,1.0,0.0,0.0,0.0,1.0,1.0,0.3003415635,0.2656323751,0.04675602913,0.04226535559
5379,1.0,0.0,0.0,0.0,1.0,1.0,0.3097338517,0.2829545377,0.04778641462,0.04465287924
5380,1.0,0.0,0.0,0.0,1.0,1.0,0.3175796862,0.2888751663,0.04923462868,0.04581189156
5381,1.0,0.0,0.0,0.0,1.0,1.0,0.3124849814,0.2796451178,0.04764938354,0.04376488924
5382,1.0,0.0,0.0,0.0,1.0,0.0,0.2910995907,0.0,0.0409449935,0.0
5383,1.0,0.0,0.0,0.0,1.0,1.0,0.2888561364,0.06748072606,0.04012650251,0.009897887707
5384,1.0,0.0,0.0,0.0,1.0,1.0,0.288007308,0.0793780387,0.04025244713,0.01172918081
5385,1.0,0.0,0.0,0.0,1.0,0.0,0.2760363351,0.0,0.03849458694,0.0
5386,1.0,0.0,0.0,0.0,1.0,1.0,0.2910251291,0.07138898786,0.04072898626,0.01045024395
5387,1.0,0.0,0.0,0.0,1.0,1.0,0.2762374071,0.06797676264,0.03857439756,0.009911477566
5388,1.0,0.0,0.0,0.0,1.0,1.0,0.2683328817,0.05407457044,0.03687334061,0.007748782635
5389,1.0,0.0,0.0,0.0,1.0,1.0,0.2331393543,0.04458473333,0.03259390593,0.006411910057
5390,1.0,0.0,0.0,0.0,1.0,1.0,0.2243272499,0.1486623021,0.0331287384,0.02235513926
5391,1.0,0.0,0.0,0.0,1.0,1.0,0.2868116768,0.2429201125,0.04356092215,0.03741431236
5392,1.0,0.0,0.0,0.0,1.0,1.0,0.30096306,0.2739848096,0.04602187872,0.0422976017
5393,1.0,0.0,0.0,0.0,1.0,1.0,0.3061970618,0.289221856,0.04726016521,0.04487061501
5394,1.0,0.0,0.0,0.0,1.0,1.0,0.3167913007,0.3022365519,0.0484482646,0.04634177685
5395,1.0,0.0,0.0,0.0,1.0,1.0,0.317499893,0.3069959352,0.04907101393,0.04748809338
5396,1.0,0.0,0.0,0.0,1.0,1.0,0.2265644238,0.1617799013,0.03330147266,0.02417039871
5397,1.0,0.0,0.0,0.0,1.0,1.0,0.2760553325,0.1244442278,0.03712922335,0.01734507084
5398,1.0,0.0,0.0,0.0,1.0,1.0,0.3108502941,0.1419665147,0.043808043,0.02079498768
5399,1.0,0.0,0.0,0.0,1.0,1.0,0.3087081576,0.1372860157,0.04649138451,0.02179282904
5400,1.0,0.0,0.0,0.0,1.0,1.0,0.3142776323,0.1377906838,0.04660409689,0.02170997858
5401,1.0,0.0,0.0,0.0,1.0,1.0,0.3209039601,0.1512072554,0.04858565331,0.02400016785
5402,1.0,0.0,0.0,0.0,1.0,1.0,0.3174696602,0.1491706481,0.04680883884,0.02311551571
5403,1.0,0.0,0.0,0.0,1.0,1.0,0.3142776879,0.157215774,0.04611051083,0.02405768633
5404,1.0,0.0,0.0,0.0,1.0,1.0,0.2899734834,0.1672001939,0.04150885344,0.02462863922
5405,1.0,0.0,0.0,0.0,1.0,1.0,0.2331391766,0.12962691,0.03237080574,0.01830810308
5406,1.0,0.0,0.0,0.0,1.0,1.0,0.2121185122,0.1093730252,0.02951580286,0.01542270184
5407,1.0,0.0,0.0,0.0,1.0,1.0,0.2248741215,0.1154661075,0.03131908178,0.01632881165
5408,1.0,0.0,0.0,0.0,1.0,1.0,0.2193434355,0.09617269565,0.0307264924,0.01362651587
5409,1.0,0.0,0.0,0.0,1.0,1.0,0.2189254779,0.09805812674,0.03085172176,0.0139502883
5410,1.0,0.0,0.0,0.0,1.0,1.0,0.2325620535,0.09994424386,0.03236865997,0.01417803764
5411,1.0,0.0,0.0,0.0,1.0,1.0,0.2186876549,0.08517961104,0.03074872494,0.01213765144
5412,1.0,0.0,0.0,0.0,1.0,1.0,0.190547633,0.03542803083,0.02717703581,0.005062401295
5413,1.0,0.0,0.0,0.0,1.0,1.0,0.1886422761,0.1336248012,0.0277287364,0.01946341991
5414,1.0,0.0,0.0,0.0,1.0,1.0,0.2408504803,0.2167250662,0.03625208139,0.03201830387
5415,1.0,0.0,0.0,0.0,1.0,1.0,0.266401641,0.2534045148,0.04029023647,0.03765690327
5416,1.0,0.0,0.0,0.0,1.0,1.0,0.2737488173,0.2665178996,0.0414481163,0.03962337971
5417,1.0,0.0,0.0,0.0,1.0,1.0,0.2717929417,0.2673332682,0.04110699892,0.03980618715
5418,1.0,0.0,0.0,0.0,1.0,1.0,0.2831182333,0.2813114783,0.04342907667,0.04212099314
5419,1.0,0.0,0.0,0.0,1.0,1.0,0.2742217093,0.2717782193,0.04152739048,0.04048264027
5420,1.0,0.0,0.0,0.0,1.0,1.0,0.2803938836,0.2787918122,0.04257375002,0.04152905941
5421,1.0,0.0,0.0,0.0,1.0,1.0,0.2770050799,0.2815329186,0.0423193574,0.04179692268
5422,1.0,0.0,0.0,0.0,1.0,1.0,0.2628761689,0.2613381971,0.04001688957,0.03845781088
5423,1.0,0.0,0.0,0.0,1.0,1.0,0.2633259871,0.2621777209,0.0400365591,0.03873670101
5424,1.0,0.0,0.0,0.0,1.0,1.0,0.2169607374,0.1969702816,0.03196716309,0.02829879522
5425,1.0,0.0,0.0,0.0,1.0,1.0,0.2137840397,0.1871684135,0.03161525726,0.02713650465
5426,1.0,0.0,0.0,0.0,1.0,1.0,0.1689965823,0.1171510045,0.02448821068,0.01685214043
5427,1.0,0.0,0.0,0.0,1.0,1.0,0.1912628539,0.04921493824,0.02716726065,0.006924986839
5428,1.0,0.0,0.0,0.0,1.0,1.0,0.2114922005,0.05867899332,0.02989196777,0.008200407028
5429,1.0,0.0,0.0,0.0,1.0,1.0,0.2010052305,0.04902924788,0.02843159437,0.006844639778
5430,1.0,0.0,0.0,0.0,1.0,1.0,0.2216810182,0.06814361803,0.0313346386,0.009559690952
5431,1.0,0.0,0.0,0.0,1.0,1.0,0.2212648817,0.0660010154,0.03127020597,0.009275078773
5432,1.0,0.0,0.0,0.0,1.0,1.0,0.2315090959,0.07980325813,0.03244256973,0.01107794046
5433,1.0,0.0,0.0,0.0,1.0,1.0,0.2404671321,0.09690372572,0.03399294615,0.01354402304
5434,1.0,0.0,0.0,0.0,1.0,1.0,0.2413101071,0.09727406349,0.03374177217,0.01354986429
5435,1.0,0.0,0.0,0.0,1.0,1.0,0.2283368927,0.08139396119,0.03229576349,0.01138293743
5436,1.0,0.0,0.0,0.0,1.0,1.0,0.2258623661,0.07571492193,0.03161638975,0.01053875685
5437,1.0,0.0,0.0,0.0,1.0,1.0,0.2248275364,0.07467088306,0.03134983778,0.01027429104
5438,1.0,0.0,0.0,0.0,1.0,1.0,0.2322509523,0.08424411678,0.03236049414,0.01167100668
5439,1.0,0.0,0.0,0.0,1.0,1.0,0.2279102157,0.08328668682,0.03204113245,0.0115557909
5440,1.0,0.0,0.0,0.0,1.0,1.0,0.2198018676,0.06435790599,0.03111112118,0.00904083252
5441,1.0,0.0,0.0,0.0,1.0,1.0,0.2241738013,0.07165810014,0.03179931641,0.0100697875
5442,1.0,0.0,0.0,0.0,1.0,1.0,0.2250150887,0.06625094,0.03170502186,0.009247303009
5443,1.0,0.0,0.0,0.0,1.0,1.0,0.2103109596,0.04679059202,0.03003239632,0.006644368172
5444,1.0,0.0,0.0,0.0,1.0,1.0,0.1950585267,0.05072338591,0.02804207802,0.007210791111
5445,1.0,0.0,0.0,0.0,1.0,1.0,0.1687131112,0.08577300033,0.02455961704,0.01227980852
5446,1.0,0.0,0.0,0.0,1.0,1.0,0.1991831836,0.1689966526,0.02999323606,0.02468472719
5447,1.0,0.0,0.0,0.0,1.0,1.0,0.2533307304,0.239152161,0.03815150261,0.03501576185
5448,1.0,0.0,0.0,0.0,1.0,1.0,0.2775281102,0.2762539963,0.04287403822,0.04129582644
5449,1.0,0.0,0.0,0.0,1.0,1.0,0.2792308752,0.2797736518,0.04270637035,0.04140436649
5450,1.0,0.0,0.0,0.0,1.0,1.0,0.2804555547,0.2815330146,0.04312473536,0.04181796312
5451,1.0,0.0,0.0,0.0,1.0,1.0,0.2836023822,0.2832925274,0.04366785288,0.04235255718
5452,1.0,0.0,0.0,0.0,1.0,1.0,0.284105425,0.2830586681,0.04377013445,0.04220688343
5453,1.0,0.0,0.0,0.0,1.0,1.0,0.2807230225,0.2803311605,0.04338091612,0.0420742631
5454,1.0,0.0,0.0,0.0,1.0,1.0,0.2799796163,0.2760698932,0.0432844758,0.04144817591
5455,1.0,0.0,0.0,0.0,1.0,1.0,0.2845867125,0.2785901168,0.04412269592,0.04202163219
5456,1.0,0.0,0.0,0.0,1.0,1.0,0.2795050513,0.2858052009,0.04351687431,0.04298937321
5457,1.0,0.0,0.0,0.0,1.0,1.0,0.2811989749,0.2885710902,0.04351347685,0.04298919439
5458,1.0,0.0,0.0,0.0,1.0,1.0,0.2718076869,0.2770381561,0.04172074795,0.04094332457
5459,1.0,0.0,0.0,0.0,1.0,1.0,0.2751842128,0.2805451815,0.04266726971,0.04188197851
5460,1.0,0.0,0.0,0.0,1.0,1.0,0.2713490564,0.2770382092,0.0419600606,0.04117822647
5461,1.0,0.0,0.0,0.0,1.0,1.0,0.2730346297,0.2752848023,0.04252135754,0.04120898247
5462,1.0,0.0,0.0,0.0,1.0,1.0,0.2718076954,0.2772306464,0.04200702906,0.04096341133
5463,1.0,0.0,0.0,0.0,1.0,1.0,0.2739586103,0.2780136906,0.04250776768,0.04145818949
5464,1.0,0.0,0.0,0.0,1.0,1.0,0.2734959347,0.2807622204,0.04227292538,0.04149013758
5465,1.0,0.0,0.0,0.0,1.0,1.0,0.2812502622,0.2917953871,0.04394954443,0.04368793964
5466,1.0,0.0,0.0,0.0,1.0,1.0,0.2697980732,0.2782132086,0.04181498289,0.04128903151
5467,1.0,0.0,0.0,0.0,1.0,1.0,0.1696812225,0.08328673577,0.02440583706,0.01153242588
5468,1.0,0.0,0.0,0.0,1.0,1.0,0.2464903042,0.148565833,0.03397393227,0.02043747902
5469,1.0,0.0,0.0,0.0,1.0,1.0,0.2484050233,0.153015288,0.0343028307,0.0211712718
5470,1.0,0.0,0.0,0.0,1.0,1.0,0.2678114064,0.1550858544,0.03779047728,0.02218139172
5471,1.0,0.0,0.0,0.0,1.0,1.0,0.2589727102,0.1525865551,0.03887611628,0.02303767204
5472,1.0,0.0,0.0,0.0,1.0,1.0,0.2866464411,0.1723177548,0.04265546799,0.0255933404
5473,1.0,0.0,0.0,0.0,1.0,1.0,0.2786904668,0.1729803106,0.04087138176,0.02536845207
5474,1.0,0.0,0.0,0.0,1.0,1.0,0.2389556869,0.154952347,0.03610903025,0.02292639017
5475,1.0,0.0,0.0,0.0,1.0,1.0,0.1763721919,0.09617277041,0.02705079317,0.01437073946
5476,1.0,0.0,0.0,0.0,1.0,1.0,0.1565612142,0.09085821403,0.02425533533,0.01353782415
5477,1.0,0.0,0.0,0.0,1.0,1.0,0.1852115118,0.1451393075,0.02913552523,0.02171415091
5478,1.0,0.0,0.0,0.0,1.0,1.0,0.2344581107,0.2190805198,0.03791904449,0.0334905386
5479,1.0,0.0,0.0,0.0,1.0,1.0,0.2545266127,0.2489713233,0.04181778431,0.03902995586
