frame_index,face_detected,yaw,pitch,roll,left_eye_valid,right_eye_valid,left_eye_aspect_ratio,right_eye_aspect_ratio,left_eyelid_gap_ratio,right_eyelid_gap_ratio
0,1.0,0.0,0.0,0.0,1.0,1.0,0.3334528318,0.2728635658,0.05284911394,0.04994529486
1,1.0,0.0,0.0,0.0,1.0,1.0,0.3418652401,0.2786906601,0.05498683453,0.05228257179
2,1.0,0.0,0.0,0.0,1.0,1.0,0.3238308287,0.2555206918,0.05053222179,0.047524333
3,1.0,-0.7853981853,0.0,0.0,1.0,1.0,0.3431215675,0.2621485717,0.05275517702,0.04907459021
4,1.0,-0.7853981853,0.0,0.0,1.0,1.0,0.3368906616,0.2465288862,0.05152344704,0.04621493816
5,1.0,-0.7853981853,0.0,0.0,1.0,1.0,0.3400588657,0.2556712568,0.049913764,0.04687029123
6,1.0,-0.7853981853,0.0,0.0,1.0,1.0,0.3447811492,0.2540669448,0.0501832962,0.04648882151
7,1.0,-0.7853981853,0.0,0.0,1.0,1.0,0.3445613864,0.2524013605,0.04969292879,0.04598909616
8,1.0,-0.7853981853,0.0,0.0,1.0,1.0,0.3554547953,0.259751741,0.05101126432,0.04754751921
9,1.0,-0.7853981853,0.0,0.0,1.0,1.0,0.3704921508,0.2673123923,0.05150920153,0.04842483997
10,1.0,-0.7853981853,0.0,0.0,1.0,1.0,0.3598430752,0.2702573784,0.05134344101,0.04977810383
11,1.0,-0.7853981853,0.0,0.0,1.0,1.0,0.3798980443,0.2802486799,0.05333793163,0.05147731304
12,1.0,-0.7853981853,0.0,0.0,1.0,1.0,0.3695796293,0.262652075,0.05082273483,0.04772377014
13,1.0,-0.7853981853,0.0,0.0,1.0,1.0,0.3894222644,0.2831186417,0.05226135254,0.05014675856
14,1.0,-0.7853981853,0.0,0.0,1.0,1.0,0.4133288573,0.291018936,0.05683881044,0.05435401201
15,1.0,-0.7853981853,0.0,0.0,1.0,1.0,0.4422111914,0.3260471375,0.05934923887,0.05964893103
16,1.0,-0.7853981853,0.0,0.0,1.0,1.0,0.4484102413,0.332056553,0.06019312143,0.0607920289
17,1.0,-0.7853981853,0.0,0.0,1.0,1.0,0.4554979502,0.3445789605,0.06181448698,0.0633148551
18,1.0,-0.7853981853,0.0,0.0,1.0,1.0,0.454390951,0.3473469471,0.06345707178,0.06467741728
19,1.0,-0.7853981853,0.0,0.0,1.0,1.0,0.4478018316,0.3489080445,0.0619751811,0.06407099962
20,1.0,-0.7853981853,0.0,0.0,1.0,1.0,0.4451478372,0.3439112629,0.06348073483,0.06500667334
21,1.0,-0.7853981853,0.0,0.0,1.0,1.0,0.4408676249,0.3444678871,0.06282311678,0.06495785713
22,1.0,-0.7853981853,0.0,0.0,1.0,1.0,0.4257473611,0.3369640942,0.06185764074,0.06371337175
23,1.0,-0.7853981853,0.0,0.0,1.0,1.0,0.4237462938,0.3358917519,0.06153678894,0.06340157986
24,1.0,-0.7853981853,0.0,0.0,1.0,1.0,0.4098657699,0.3298811642,0.05865591764,0.06076151133
25,1.0,-0.7853981853,0.0,0.0,1.0,1.0,0.4170330674,0.3293978964,0.06071090698,0.06130903959
26,1.0,-0.7853981853,0.0,0.0,1.0,1.0,0.4233890713,0.3454661629,0.06304049492,0.06516200304
27,1.0,-0.7853981853,0.0,0.0,1.0,1.0,0.4125949945,0.3379066558,0.06126493216,0.06334680319
28,1.0,-0.7853981853,0.0,0.0,1.0,1.0,0.3973681164,0.3187322791,0.06066036224,0.06096678972
29,1.0,-0.7853981853,0.0,0.0,1.0,1.0,0.4025393803,0.3257674957,0.06123542786,0.06183576584
30,1.0,-0.7853981853,0.0,0.0,1.0,1.0,0.392707954,0.3200104683,0.0590967536,0.05998319387
31,1.0,-0.7853981853,0.0,0.0,1.0,1.0,0.3935122423,0.3210229974,0.05838412046,0.05896496773
32,1.0,-0.7853981853,0.0,0.0,1.0,1.0,0.3938978229,0.3214764636,0.05970323086,0.0600002408
33,1.0,0.0,0.0,0.0,1.0,1.0,0.383723086,0.3151108492,0.05897009373,0.05957186222
34,1.0,0.0,0.0,0.0,1.0,1.0,0.3907442415,0.3177140871,0.05992871523,0.05992877483
35,1.0,0.0,0.0,0.0,1.0,1.0,0.3843263248,0.3142900364,0.05914396048,0.05944120884
36,1.0,0.0,0.0,0.0,1.0,1.0,0.3863226866,0.3180041401,0.05819624662,0.05877530575
37,1.0,0.0,0.0,0.0,1.0,1.0,0.3793357901,0.3071532368,0.05581212044,0.05581212044
38,1.0,0.0,0.0,0.0,1.0,1.0,0.368060661,0.295362144,0.05560749769,0.05472016335
39,1.0,0.0,0.0,0.0,1.0,1.0,0.3669823918,0.2985556523,0.05543833971,0.05514353514
40,1.0,0.0,0.0,0.0,1.0,1.0,0.363964213,0.3001519214,0.05681037903,0.0571141839
41,1.0,0.0,0.0,0.0,1.0,1.0,0.3609895188,0.2950736102,0.05513203144,0.05454558134
42,1.0,0.0,0.0,0.0,1.0,1.0,0.3629094318,0.2988838383,0.05476313829,0.0547631979
43,1.0,0.0,0.0,0.0,1.0,1.0,0.3704496633,0.3061782379,0.05712199211,0.05741947889
44,1.0,0.0,0.0,0.0,1.0,1.0,0.3834516219,0.3160228267,0.06057631969,0.06087619066
45,1.0,0.0,0.0,0.0,1.0,1.0,0.372192907,0.3144661875,0.05876415968,0.06025564671
46,1.0,0.0,0.0,0.0,1.0,1.0,0.3671029274,0.3042464584,0.05671584606,0.05730968714
47,1.0,0.0,0.0,0.0,1.0,1.0,0.3641376931,0.300475106,0.05599027872,0.05569243431
48,1.0,0.0,0.0,0.0,1.0,1.0,0.3711661573,0.3049414809,0.055349648,0.05506134033
49,1.0,0.0,0.0,0.0,1.0,1.0,0.3661032038,0.3105059563,0.05353224277,0.05496352911
50,1.0,0.0,0.0,0.0,1.0,1.0,0.3834516101,0.3210231278,0.06103646755,0.0613386035
51,1.0,0.0,0.0,0.0,1.0,1.0,0.3653666101,0.3036889596,0.05578285456,0.05578285456
52,1.0,0.0,0.0,0.0,1.0,1.0,0.3741939643,0.3087446041,0.05725359917,0.05666935444
53,1.0,0.0,0.0,0.0,1.0,1.0,0.3611511749,0.2937657341,0.05479711294,0.05391800404
54,1.0,0.0,0.0,0.0,1.0,1.0,0.3509196481,0.2876207345,0.05465203524,0.05404812098
55,1.0,0.0,0.0,0.0,1.0,1.0,0.3705900636,0.2963641689,0.05646491051,0.05500209332
56,1.0,0.0,0.0,0.0,1.0,1.0,0.4001633176,0.33862689,0.06447851658,0.06416708231
57,0.0,0.0,0.0,0.0,0.0,0.0,0.0,0.0,0.0,0.0
58,0.0,0.0,0.0,0.0,0.0,0.0,0.0,0.0,0.0,0.0
59,0.0,0.0,0.0,0.0,0.0,0.0,0.0,0.0,0.0,0.0
60,0.0,0.0,0.0,0.0,0.0,0.0,0.0,0.0,0.0,0.0
61,0.0,0.0,0.0,0.0,0.0,0.0,0.0,0.0,0.0,0.0
62,0.0,0.0,0.0,0.0,0.0,0.0,0.0,0.0,0.0,0.0
63,0.0,0.0,0.0,0.0,0.0,0.0,0.0,0.0,0.0,0.0
64,0.0,0.0,0.0,0.0,0.0,0.0,0.0,0.0,0.0,0.0
65,0.0,0.0,0.0,0.0,0.0,0.0,0.0,0.0,0.0,0.0
66,0.0,0.0,0.0,0.0,0.0,0.0,0.0,0.0,0.0,0.0
67,0.0,0.0,0.0,0.0,0.0,0.0,0.0,0.0,0.0,0.0
68,0.0,0.0,0.0,0.0,0.0,0.0,0.0,0.0,0.0,0.0
69,0.0,0.0,0.0,0.0,0.0,0.0,0.0,0.0,0.0,0.0
70,0.0,0.0,0.0,0.0,0.0,0.0,0.0,0.0,0.0,0.0
71,0.0,0.0,0.0,0.0,0.0,0.0,0.0,0.0,0.0,0.0
72,0.0,0.0,0.0,0.0,0.0,0.0,0.0,0.0,0.0,0.0
73,0.0,0.0,0.0,0.0,0.0,0.0,0.0,0.0,0.0,0.0
74,0.0,0.0,0.0,0.0,0.0,0.0,0.0,0.0,0.0,0.0
75,0.0,0.0,0.0,0.0,0.0,0.0,0.0,0.0,0.0,0.0
76,0.0,0.0,0.0,0.0,0.0,0.0,0.0,0.0,0.0,0.0
77,0.0,0.0,0.0,0.0,0.0,0.0,0.0,0.0,0.0,0.0
78,0.0,0.0,0.0,0.0,0.0,0.0,0.0,0.0,0.0,0.0
79,0.0,0.0,0.0,0.0,0.0,0.0,0.0,0.0,0.0,0.0
80,0.0,0.0,0.0,0.0,0.0,0.0,0.0,0.0,0.0,0.0
81,0.0,0.0,0.0,0.0,0.0,0.0,0.0,0.0,0.0,0.0
82,0.0,0.0,0.0,0.0,0.0,0.0,0.0,0.0,0.0,0.0
83,0.0,0.0,0.0,0.0,0.0,0.0,0.0,0.0,0.0,0.0
84,0.0,0.0,0.0,0.0,0.0,0.0,0.0,0.0,0.0,0.0
85,0.0,0.0,0.0,0.0,0.0,0.0,0.0,0.0,0.0,0.0
86,0.0,0.0,0.0,0.0,0.0,0.0,0.0,0.0,0.0,0.0
87,0.0,0.0,0.0,0.0,0.0,0.0,0.0,0.0,0.0,0.0
88,0.0,0.0,0.0,0.0,0.0,0.0,0.0,0.0,0.0,0.0
89,0.0,0.0,0.0,0.0,0.0,0.0,0.0,0.0,0.0,0.0
90,0.0,0.0,0.0,0.0,0.0,0.0,0.0,0.0,0.0,0.0
91,0.0,0.0,0.0,0.0,0.0,0.0,0.0,0.0,0.0,0.0
92,0.0,0.0,0.0,0.0,0.0,0.0,0.0,0.0,0.0,0.0
93,0.0,0.0,0.0,0.0,0.0,0.0,0.0,0.0,0.0,0.0
94,0.0,0.0,0.0,0.0,0.0,0.0,0.0,0.0,0.0,0.0
95,0.0,0.0,0.0,0.0,0.0,0.0,0.0,0.0,0.0,0.0
96,0.0,0.0,0.0,0.0,0.0,0.0,0.0,0.0,0.0,0.0
97,0.0,0.0,0.0,0.0,0.0,0.0,0.0,0.0,0.0,0.0
98,0.0,0.0,0.0,0.0,0.0,0.0,0.0,0.0,0.0,0.0
99,0.0,0.0,0.0,0.0,0.0,0.0,0.0,0.0,0.0,0.0
100,0.0,0.0,0.0,0.0,0.0,0.0,0.0,0.0,0.0,0.0
101,0.0,0.0,0.0,0.0,0.0,0.0,0.0,0.0,0.0,0.0
102,0.0,0.0,0.0,0.0,0.0,0.0,0.0,0.0,0.0,0.0
103,0.0,0.0,0.0,0.0,0.0,0.0,0.0,0.0,0.0,0.0
104,0.0,0.0,0.0,0.0,0.0,0.0,0.0,0.0,0.0,0.0
105,0.0,0.0,0.0,0.0,0.0,0.0,0.0,0.0,0.0,0.0
106,0.0,0.0,0.0,0.0,0.0,0.0,0.0,0.0,0.0,0.0
107,0.0,0.0,0.0,0.0,0.0,0.0,0.0,0.0,0.0,0.0
108,0.0,0.0,0.0,0.0,0.0,0.0,0.0,0.0,0.0,0.0
109,0.0,0.0,0.0,0.0,0.0,0.0,0.0,0.0,0.0,0.0
110,0.0,0.0,0.0,0.0,0.0,0.0,0.0,0.0,0.0,0.0
111,0.0,0.0,0.0,0.0,0.0,0.0,0.0,0.0,0.0,0.0
112,0.0,0.0,0.0,0.0,0.0,0.0,0.0,0.0,0.0,0.0
113,0.0,0.0,0.0,0.0,0.0,0.0,0.0,0.0,0.0,0.0
114,0.0,0.0,0.0,0.0,0.0,0.0,0.0,0.0,0.0,0.0
115,0.0,0.0,0.0,0.0,0.0,0.0,0.0,0.0,0.0,0.0
116,0.0,0.0,0.0,0.0,0.0,0.0,0.0,0.0,0.0,0.0
117,0.0,0.0,0.0,0.0,0.0,0.0,0.0,0.0,0.0,0.0
118,0.0,0.0,0.0,0.0,0.0,0.0,0.0,0.0,0.0,0.0
119,0.0,0.0,0.0,0.0,0.0,0.0,0.0,0.0,0.0,0.0
120,0.0,0.0,0.0,0.0,0.0,0.0,0.0,0.0,0.0,0.0
121,0.0,0.0,0.0,0.0,0.0,0.0,0.0,0.0,0.0,0.0
122,0.0,0.0,0.0,0.0,0.0,0.0,0.0,0.0,0.0,0.0
123,0.0,0.0,0.0,0.0,0.0,0.0,0.0,0.0,0.0,0.0
124,0.0,0.0,0.0,0.0,0.0,0.0,0.0,0.0,0.0,0.0
125,0.0,0.0,0.0,0.0,0.0,0.0,0.0,0.0,0.0,0.0
126,0.0,0.0,0.0,0.0,0.0,0.0,0.0,0.0,0.0,0.0
127,0.0,0.0,0.0,0.0,0.0,0.0,0.0,0.0,0.0,0.0
128,0.0,0.0,0.0,0.0,0.0,0.0,0.0,0.0,0.0,0.0
129,0.0,0.0,0.0,0.0,0.0,0.0,0.0,0.0,0.0,0.0
130,0.0,0.0,0.0,0.0,0.0,0.0,0.0,0.0,0.0,0.0
131,0.0,0.0,0.0,0.0,0.0,0.0,0.0,0.0,0.0,0.0
132,0.0,0.0,0.0,0.0,0.0,0.0,0.0,0.0,0.0,0.0
133,0.0,0.0,0.0,0.0,0.0,0.0,0.0,0.0,0.0,0.0
134,0.0,0.0,0.0,0.0,0.0,0.0,0.0,0.0,0.0,0.0
135,0.0,0.0,0.0,0.0,0.0,0.0,0.0,0.0,0.0,0.0
136,1.0,-0.7853981853,0.0,-2.61799407,1.0,1.0,0.6263782356,0.6748367515,0.06969666481,0.08097112179
137,1.0,-0.7853981853,0.0,-2.61799407,1.0,1.0,0.4241661063,0.532684141,0.05439943075,0.06867933273
138,1.0,-0.7853981853,0.0,-2.61799407,1.0,1.0,0.405641622,0.4841741112,0.05948251486,0.07811558247
139,0.0,0.0,0.0,0.0,0.0,0.0,0.0,0.0,0.0,0.0
140,0.0,0.0,0.0,0.0,0.0,0.0,0.0,0.0,0.0,0.0
141,0.0,0.0,0.0,0.0,0.0,0.0,0.0,0.0,0.0,0.0
142,0.0,0.0,0.0,0.0,0.0,0.0,0.0,0.0,0.0,0.0
143,0.0,0.0,0.0,0.0,0.0,0.0,0.0,0.0,0.0,0.0
144,0.0,0.0,0.0,0.0,0.0,0.0,0.0,0.0,0.0,0.0
145,0.0,0.0,0.0,0.0,0.0,0.0,0.0,0.0,0.0,0.0
146,1.0,-0.7853981853,0.0,0.0,1.0,1.0,0.3737445225,0.3081099779,0.05871969461,0.05871969461
147,1.0,-0.7853981853,0.0,0.0,1.0,1.0,0.3765211403,0.3117525382,0.0587053299,0.0587053299
148,1.0,-0.7853981853,0.0,0.0,1.0,1.0,0.3701635563,0.3038425321,0.05820524693,0.05733215809
149,1.0,-0.7853981853,0.0,0.0,1.0,1.0,0.3737600887,0.3132808164,0.05687880516,0.05715763569
150,1.0,0.0,0.0,0.0,1.0,1.0,0.35784723,0.3038425644,0.05500173569,0.05472391844
151,1.0,0.0,0.0,0.0,1.0,1.0,0.3653873308,0.3121331668,0.05911171436,0.05882191658
152,1.0,0.0,0.0,0.0,1.0,1.0,0.3699642192,0.322147385,0.05987626314,0.05958563089
153,1.0,0.0,0.0,0.0,1.0,1.0,0.3657152695,0.3205758314,0.05900466442,0.05900466442
154,1.0,0.0,0.0,0.0,1.0,1.0,0.3664016642,0.3293982381,0.05766397715,0.05852037668
155,1.0,0.0,0.0,0.0,1.0,1.0,0.3598348506,0.3235373043,0.05756193399,0.05813759565
156,1.0,0.0,0.0,0.0,1.0,1.0,0.3577141409,0.3245777109,0.05709391832,0.05795460939
157,1.0,0.0,0.0,0.0,1.0,1.0,0.3546698755,0.3227707951,0.05579584837,0.05636817217
158,1.0,0.0,0.0,0.0,1.0,1.0,0.3565575508,0.3212494266,0.05714160204,0.05714166164
159,1.0,0.0,0.0,0.0,1.0,1.0,0.3494926325,0.3277391879,0.05629175901,0.0580149889
160,1.0,0.0,0.0,0.0,1.0,1.0,0.3546409171,0.3309627399,0.05652344227,0.05766528845
161,1.0,0.0,0.0,0.0,1.0,1.0,0.3618366178,0.3422525325,0.05756407976,0.05952012539
162,1.0,0.0,0.0,0.0,1.0,1.0,0.3548933814,0.3460849482,0.05767530203,0.06050246954
163,1.0,0.0,0.0,0.0,1.0,1.0,0.356500231,0.3374739639,0.05618029833,0.05813682079
164,1.0,0.0,0.0,0.0,1.0,1.0,0.3631128013,0.3422524558,0.05751293898,0.05946725607
165,1.0,0.0,0.0,0.0,1.0,1.0,0.3736890509,0.3470731309,0.05891913176,0.06003081799
166,1.0,0.0,0.0,0.0,1.0,1.0,0.3635949393,0.3379521773,0.05693036318,0.05859655142
167,1.0,0.0,0.0,0.0,1.0,1.0,0.3656708228,0.3469401603,0.05873882771,0.06156283617
168,1.0,0.0,0.0,0.0,1.0,1.0,0.359448341,0.3347335416,0.0569999218,0.0586681962
169,1.0,0.0,0.0,0.0,1.0,1.0,0.3753362299,0.3499625387,0.05991256237,0.06186324358
170,1.0,0.0,0.0,0.0,1.0,1.0,0.3780723109,0.3515384307,0.05926883221,0.06118959188
171,1.0,0.0,0.0,0.0,1.0,1.0,0.3635931353,0.3305114994,0.05728876591,0.05784225464
172,1.0,0.0,0.0,0.0,1.0,1.0,0.374029236,0.3494883811,0.05948728323,0.0611474514
173,1.0,0.0,0.0,0.0,1.0,1.0,0.3712716158,0.3421654253,0.06006771326,0.06120640039
174,1.0,0.0,0.0,0.0,1.0,1.0,0.3655001174,0.3394927649,0.05946749449,0.06089013815
175,1.0,0.0,0.0,0.0,1.0,1.0,0.3573815359,0.3288897669,0.05778169632,0.05834817886
176,1.0,0.0,0.0,0.0,1.0,1.0,0.3583236372,0.3299437867,0.05565077066,0.05619633198
177,1.0,0.0,0.0,0.0,1.0,1.0,0.3597990513,0.333679583,0.05702382326,0.0575748086
178,1.0,0.0,0.0,0.0,1.0,1.0,0.3483034199,0.3187320655,0.05644029379,0.05532813072
179,1.0,0.0,0.0,0.0,1.0,1.0,0.3471014308,0.3127284016,0.05469167233,0.05331742764
180,1.0,0.0,0.0,0.0,1.0,1.0,0.3282520143,0.2943338772,0.05385458469,0.05158704519
181,1.0,0.0,0.0,0.0,1.0,1.0,0.3238609415,0.2883003626,0.05139249563,0.04973465204
182,1.0,0.0,0.0,0.0,1.0,1.0,0.307385316,0.2642757137,0.04948478937,0.04665714502
183,1.0,0.0,0.0,0.0,1.0,1.0,0.310590452,0.2700759947,0.05063867569,0.04724395275
184,1.0,0.0,0.0,0.0,1.0,1.0,0.3087012768,0.2724283943,0.05136370659,0.04795837402
185,1.0,0.0,0.0,0.0,1.0,1.0,0.2998325038,0.2689527112,0.05139881372,0.0478540659
186,1.0,0.0,0.0,0.0,1.0,1.0,0.2962570188,0.2681836035,0.05018627644,0.04643672705
187,1.0,0.0,0.0,0.0,1.0,1.0,0.2894463718,0.2616781449,0.04950690269,0.04513865709
188,1.0,0.0,0.0,0.0,1.0,1.0,0.289493469,0.2635511626,0.04966038465,0.04552197456
189,1.0,0.0,0.0,0.0,1.0,1.0,0.2937550027,0.2650545581,0.05111563206,0.04612153769
190,1.0,0.0,0.0,0.0,1.0,1.0,0.2855549182,0.2607971299,0.0498983264,0.0454955101
191,1.0,0.0,0.0,0.0,1.0,1.0,0.2792309135,0.2498604695,0.04790115356,0.04322785139
192,1.0,0.0,0.0,0.0,1.0,1.0,0.2923538233,0.2650546887,0.05036467314,0.04597240686
193,1.0,0.0,0.0,0.0,1.0,1.0,0.289668937,0.2624796078,0.05095255375,0.04648298025
194,1.0,0.0,0.0,0.0,1.0,1.0,0.3343265335,0.334882209,0.0638615489,0.06521308422
195,0.0,0.0,0.0,0.0,0.0,0.0,0.0,0.0,0.0,0.0
196,0.0,0.0,0.0,0.0,0.0,0.0,0.0,0.0,0.0,0.0
197,0.0,0.0,0.0,0.0,0.0,0.0,0.0,0.0,0.0,0.0
198,0.0,0.0,0.0,0.0,0.0,0.0,0.0,0.0,0.0,0.0
199,0.0,0.0,0.0,0.0,0.0,0.0,0.0,0.0,0.0,0.0
200,1.0,0.0,0.0,0.0,1.0,1.0,0.1948596697,0.1336704189,0.03209525347,0.02243220806
201,0.0,0.0,0.0,0.0,0.0,0.0,0.0,0.0,0.0,0.0
202,1.0,0.0,0.0,0.0,1.0,1.0,0.2906176917,0.2979815232,0.04787790775,0.0470020771
203,1.0,0.0,0.0,0.0,1.0,1.0,0.2648926833,0.2399320001,0.04674452543,0.04158252478
204,1.0,0.0,0.0,0.0,1.0,1.0,0.2543732411,0.2163221762,0.04453909397,0.03706806898
205,1.0,0.0,0.0,0.0,1.0,1.0,0.2245002601,0.1893140349,0.03977239132,0.03270173073
206,1.0,0.0,0.0,0.0,1.0,1.0,0.1890834645,0.1550859488,0.03207218647,0.02577233315
207,1.0,0.0,0.0,0.0,1.0,1.0,0.1934947842,0.1619786564,0.03376966715,0.0276030302
208,1.0,0.0,0.0,0.0,1.0,1.0,0.226383705,0.1933853766,0.03945934772,0.03302896023
209,1.0,0.0,0.0,0.0,1.0,1.0,0.2627483959,0.2269917987,0.04670190811,0.0396079421
210,1.0,0.0,0.0,0.0,1.0,1.0,0.2687023926,0.2356542107,0.04746466875,0.04080802202
211,1.0,0.0,0.0,0.0,1.0,1.0,0.2624142807,0.2341927233,0.04752916098,0.04166138172
212,1.0,0.0,0.0,0.0,1.0,1.0,0.219146832,0.1880305066,0.03836888075,0.03226470947
213,1.0,0.0,0.0,0.0,1.0,1.0,0.2012299711,0.1660031057,0.03510153294,0.02837371826
214,1.0,0.0,0.0,0.0,1.0,1.0,0.2563927498,0.222283973,0.04637759924,0.03928804398
215,1.0,0.0,0.0,0.0,1.0,1.0,0.2719899129,0.2440879705,0.0485303998,0.04249995947
216,1.0,0.0,0.0,0.0,1.0,1.0,0.2759292266,0.2523342899,0.04962950945,0.04414719343
217,1.0,0.0,0.0,0.0,1.0,1.0,0.288055733,0.2620685986,0.05182170868,0.04609555006
218,1.0,0.0,0.0,0.0,1.0,1.0,0.2816897963,0.2612918372,0.05078440905,0.04590678215
219,1.0,0.0,0.0,0.0,1.0,1.0,0.2685306978,0.2490466609,0.04839003086,0.04380869865
220,1.0,0.0,0.0,0.0,1.0,1.0,0.2698175797,0.2506743669,0.04838526249,0.04409068823
221,1.0,0.0,0.0,0.0,1.0,1.0,0.2697680029,0.2432417085,0.04872524738,0.04314827919
222,1.0,0.0,0.0,0.0,1.0,1.0,0.2776225543,0.2449289555,0.04930627346,0.04321551323
223,1.0,0.0,0.0,0.0,1.0,1.0,0.2722786587,0.239140344,0.048440516,0.04205912352
224,1.0,0.0,0.0,0.0,1.0,1.0,0.2374090532,0.1988856412,0.04159730673,0.0346159339
225,1.0,0.0,0.0,0.0,1.0,1.0,0.1777936885,0.1483271017,0.0303273797,0.02473300695
226,1.0,0.0,0.0,0.0,1.0,1.0,0.1784096984,0.1547176273,0.03105127811,0.02622777224
227,1.0,0.0,0.0,0.0,1.0,1.0,0.2071382969,0.184294256,0.03503185511,0.03036093712
228,1.0,0.0,0.0,0.0,1.0,1.0,0.2452413454,0.2280957769,0.0429353714,0.03852421045
229,1.0,0.0,0.0,0.0,1.0,1.0,0.2548914699,0.2377981807,0.04453152418,0.04042989016
230,1.0,0.0,0.0,0.0,1.0,1.0,0.2628348291,0.2515373094,0.04531472921,0.04329431057
231,1.0,0.0,0.0,0.0,1.0,1.0,0.2745535294,0.2607238082,0.04928851128,0.04688417912
232,1.0,0.0,0.0,0.0,1.0,1.0,0.2848324986,0.2724230734,0.04843038321,0.04671096802
233,1.0,0.0,0.0,0.0,1.0,1.0,0.3101715963,0.2857937769,0.05268776417,0.05005341768
234,1.0,0.0,0.0,0.0,1.0,1.0,0.3266727897,0.2984910194,0.05392760038,0.05188709497
235,1.0,0.0,0.0,0.0,1.0,1.0,0.3354894103,0.297531231,0.05373001099,0.05091691017
236,1.0,0.0,0.0,0.0,1.0,1.0,0.3537846361,0.3119174979,0.05712473392,0.05455416441
237,1.0,0.0,0.0,0.0,1.0,1.0,0.3514138077,0.3073994017,0.05727773905,0.05529290438
238,1.0,0.0,0.0,0.0,1.0,1.0,0.3566914945,0.2992060952,0.05757147074,0.05443638563
239,1.0,0.0,0.0,0.0,1.0,1.0,0.3688309333,0.3083721861,0.05988794565,0.0569666028
240,1.0,0.0,0.0,0.0,1.0,1.0,0.3735556453,0.3072819503,0.05802446604,0.05523490906
241,1.0,0.0,0.0,0.0,1.0,1.0,0.3742117137,0.3087448277,0.05774176121,0.05545496941
242,1.0,0.0,0.0,0.0,1.0,1.0,0.3234318748,0.2619895411,0.05011552572,0.04720181227
243,1.0,0.0,0.0,0.0,1.0,1.0,0.3007000775,0.2392109505,0.04557985067,0.04265809059
244,1.0,-0.7853981853,0.0,0.0,1.0,1.0,0.327019746,0.2579727796,0.04790681601,0.0450720787
245,1.0,-0.7853981853,0.0,0.0,1.0,1.0,0.3460390594,0.2597232907,0.04953795671,0.04604113102
246,1.0,-0.7853981853,0.0,0.0,1.0,1.0,0.3596316121,0.2742573392,0.05252039433,0.04977220297
247,1.0,-0.7853981853,0.0,0.0,1.0,1.0,0.3743939882,0.3021961996,0.05416542292,0.05477750301
248,1.0,-0.7853981853,0.0,0.0,1.0,1.0,0.3853271049,0.2897178109,0.05258971453,0.05049800873
249,1.0,-0.7853981853,0.0,0.0,1.0,1.0,0.3943988091,0.2838550817,0.05429655313,0.05151998997
250,1.0,-0.7853981853,0.0,0.0,1.0,1.0,0.404837003,0.2855548719,0.05334973335,0.05031853914
251,1.0,-0.7853981853,0.0,0.0,1.0,1.0,0.4053683829,0.2947742955,0.05318015814,0.05165195465
252,1.0,-0.7853981853,0.0,0.0,1.0,1.0,0.4183710383,0.3022367817,0.05562871695,0.05439251661
253,1.0,-0.7853981853,0.0,0.0,1.0,1.0,0.4194608713,0.310590291,0.05594015121,0.05594015121
254,1.0,-0.7853981853,0.0,0.0,1.0,1.0,0.4271521119,0.3123257742,0.05608564615,0.05577582121
255,1.0,-0.7853981853,0.0,0.0,1.0,1.0,0.4122395068,0.3014188356,0.05358123779,0.05326974392
256,1.0,-0.7853981853,0.0,0.0,1.0,1.0,0.4226935319,0.2972791456,0.0513997674,0.05047088861
257,1.0,-0.7853981853,0.0,0.0,1.0,1.0,0.4453606562,0.3154200845,0.05196177959,0.05257308483
258,1.0,-0.7853981853,0.0,0.0,1.0,1.0,0.4518754844,0.3120934257,0.05151838064,0.05091226101
259,1.0,-0.7853981853,0.0,0.0,1.0,1.0,0.4598246582,0.3269547201,0.05262333155,0.05448055267
260,1.0,-0.7853981853,0.0,0.0,1.0,1.0,0.4656034666,0.3337584704,0.0534003973,0.05585557222
261,1.0,-0.7853981853,0.0,0.0,1.0,1.0,0.4739898769,0.3437333151,0.05350339413,0.05625504255
262,1.0,-0.7853981853,0.0,0.0,1.0,1.0,0.484824081,0.345463009,0.05551153421,0.05799245834
263,1.0,-0.7853981853,0.0,0.0,1.0,1.0,0.4772236694,0.3294248465,0.05455905199,0.05518251657
264,1.0,-0.7853981853,0.0,0.0,1.0,1.0,0.4674806324,0.3287883495,0.05337804556,0.05399161577
265,1.0,-0.7853981853,0.0,0.0,1.0,1.0,0.4556481195,0.3079562824,0.05179989338,0.05025815964
266,1.0,-0.7853981853,0.0,0.0,1.0,1.0,0.4592736869,0.3148423835,0.05426514149,0.05303180218
267,1.0,-0.7853981853,0.0,0.0,1.0,1.0,0.4596915335,0.3343718805,0.05512344837,0.0563621521
268,1.0,-0.7853981853,0.0,0.0,1.0,1.0,0.433217917,0.2951251082,0.05249577761,0.05003988743
269,1.0,-0.7853981853,0.0,0.0,1.0,1.0,0.4173494655,0.298765741,0.05332481861,0.05238932371
270,1.0,-0.7853981853,0.0,0.0,1.0,1.0,0.4059859131,0.2986033308,0.05291640759,0.05291646719
271,1.0,-0.7853981853,0.0,0.0,1.0,1.0,0.3911378207,0.2837920008,0.04939985275,0.04879373312
272,1.0,-0.7853981853,0.0,0.0,1.0,1.0,0.3817560278,0.2611780389,0.04996067286,0.04654717445
273,1.0,-0.7853981853,0.0,0.0,1.0,1.0,0.3698171139,0.2342705198,0.04926383495,0.0433396697
274,1.0,-0.7853981853,0.0,0.0,1.0,1.0,0.3218157434,0.184537213,0.04345905781,0.03458356857
275,1.0,-0.7853981853,0.0,0.0,1.0,1.0,0.2475891187,0.09860723795,0.03304600716,0.01788729429
276,1.0,0.0,0.0,0.0,1.0,1.0,0.2024457804,0.08383474812,0.02647316456,0.01421189308
277,1.0,0.0,0.0,0.0,1.0,1.0,0.2138803417,0.1228822733,0.03011620045,0.02110952139
278,1.0,0.0,0.0,0.0,1.0,1.0,0.2342736541,0.1720353076,0.03451693058,0.02922809124
279,1.0,0.0,0.0,0.0,1.0,1.0,0.2397250587,0.182007224,0.03672623634,0.03078526258
280,1.0,0.0,0.0,0.0,1.0,1.0,0.2260221554,0.1846428043,0.03511834145,0.02990549803
281,1.0,0.0,0.0,0.0,1.0,1.0,0.2193466645,0.1836428768,0.03409361839,0.02859461308
282,1.0,0.0,0.0,0.0,1.0,1.0,0.2121055383,0.1959339339,0.03448814154,0.03007370234
283,1.0,0.0,0.0,0.0,1.0,1.0,0.2328794414,0.2579203219,0.03954035044,0.03954035044
284,1.0,0.0,0.0,0.0,1.0,1.0,0.2442001875,0.268789395,0.04105871916,0.03861153126
285,1.0,0.0,0.0,0.0,1.0,1.0,0.2502642153,0.2877772285,0.04298526049,0.04104399681
286,1.0,0.7853981853,0.0,0.0,1.0,1.0,0.2656325774,0.312070389,0.04464685917,0.04269349575
287,1.0,0.7853981853,0.0,0.0,1.0,1.0,0.270299987,0.3144080307,0.04612737894,0.04299527407
288,1.0,0.7853981853,0.0,0.0,1.0,1.0,0.2855547906,0.3310389964,0.0490809083,0.04480063915
289,1.0,0.7853981853,0.0,0.0,1.0,1.0,0.2920667061,0.3388665846,0.04953825474,0.04524302483
290,1.0,0.7853981853,0.0,0.0,1.0,1.0,0.2944482675,0.346127283,0.05126303434,0.04686909914
291,1.0,0.7853981853,0.0,0.0,1.0,1.0,0.289668699,0.3426034661,0.04986840487,0.04578560591
292,1.0,0.7853981853,0.0,0.0,1.0,1.0,0.2809877777,0.3338657604,0.04794752598,0.0445022583
293,1.0,0.7853981853,0.0,0.0,1.0,1.0,0.2891786771,0.3374738752,0.04958456755,0.0452350378
294,1.0,0.7853981853,0.0,0.0,1.0,1.0,0.2879747942,0.3396370097,0.04858928919,0.04487359524
295,1.0,0.7853981853,0.0,0.0,1.0,1.0,0.2886900447,0.3338656413,0.04934066534,0.04472404718
296,1.0,0.7853981853,0.0,0.0,1.0,1.0,0.2978135302,0.3439636999,0.05077594519,0.0456122756
297,1.0,0.7853981853,0.0,0.0,1.0,1.0,0.3035216638,0.3474455916,0.05154907703,0.04613786936
298,1.0,0.7853981853,0.0,0.0,1.0,1.0,0.3023521024,0.3446353308,0.05202281475,0.04624253511
299,1.0,0.7853981853,0.0,0.0,1.0,1.0,0.3023521202,0.3504533953,0.0521735549,0.04695618153
300,1.0,0.7853981853,0.0,0.0,1.0,1.0,0.2981386579,0.3498046857,0.05074554682,0.04642063379
301,1.0,0.7853981853,0.0,0.0,1.0,1.0,0.301016284,0.3498042924,0.05177265406,0.04682803154
302,1.0,0.7853981853,0.0,0.0,1.0,1.0,0.2938557121,0.3480961086,0.05189871788,0.04779374599
303,1.0,0.7853981853,0.0,0.0,1.0,1.0,0.2755934672,0.3239718167,0.04813832045,0.04436850548
304,1.0,0.7853981853,0.0,0.0,1.0,1.0,0.244419607,0.2981167952,0.0419126153,0.03990310431
305,1.0,0.7853981853,0.0,0.0,1.0,1.0,0.1978589756,0.2628966725,0.03401762247,0.0351806283
306,1.0,0.7853981853,0.0,0.0,1.0,1.0,0.1314612066,0.1951700839,0.02239859104,0.02613168955
307,1.0,0.7853981853,0.0,0.0,1.0,1.0,0.1584873924,0.216478218,0.02785098553,0.03040874004
308,1.0,0.7853981853,0.0,0.0,1.0,1.0,0.2347993984,0.2850121499,0.04131531715,0.04077172279
309,1.0,0.0,0.0,0.0,1.0,1.0,0.2692563318,0.3111815036,0.04872316122,0.04679620266
310,1.0,0.0,0.0,0.0,1.0,1.0,0.2805716661,0.3248185933,0.05010902882,0.04929643869
311,1.0,0.0,0.0,0.0,1.0,1.0,0.2840194192,0.3213755842,0.05054020882,0.04972070456
312,1.0,0.0,0.0,0.0,1.0,1.0,0.2905532656,0.321126399,0.05209374428,0.05100274086
313,1.0,0.0,0.0,0.0,1.0,1.0,0.285334379,0.3118947511,0.05074650049,0.04964929819
314,1.0,0.0,0.0,0.0,1.0,1.0,0.2739667172,0.2947507693,0.04872536659,0.04736429453
315,1.0,0.0,0.0,0.0,1.0,1.0,0.2782270837,0.3005194357,0.04874300957,0.04765379429
316,1.0,0.0,0.0,0.0,1.0,1.0,0.2915038035,0.3144502139,0.05172199011,0.05062735081
317,1.0,0.0,0.0,0.0,1.0,1.0,0.2853321141,0.3018790246,0.05069965124,0.0490373373
318,1.0,0.0,0.0,0.0,1.0,1.0,0.284894925,0.2994961208,0.05045592785,0.04854679108
319,1.0,0.0,0.0,0.0,1.0,1.0,0.2822138981,0.2937551128,0.04929387569,0.04738748074
320,1.0,0.0,0.0,0.0,1.0,1.0,0.2781465526,0.2906542922,0.04899197817,0.04733127356
321,1.0,0.0,0.0,0.0,1.0,1.0,0.2846511284,0.2967626984,0.05007588863,0.04840672016
322,1.0,0.0,0.0,0.0,1.0,1.0,0.2877892117,0.2951370258,0.05072855949,0.04852294922
323,1.0,0.0,0.0,0.0,1.0,1.0,0.2640931945,0.2693413119,0.04621255398,0.04399877787
324,1.0,0.0,0.0,0.0,1.0,1.0,0.2316371039,0.2291824973,0.03966289759,0.03688931465
325,1.0,0.0,0.0,0.0,1.0,1.0,0.2055707249,0.1960036379,0.03438985348,0.03103476763
326,1.0,0.0,0.0,0.0,1.0,1.0,0.1558452406,0.1430360204,0.02613484859,0.02244186401
327,1.0,0.0,0.0,0.0,1.0,1.0,0.1466756775,0.1438310376,0.02417814732,0.02192902565
328,1.0,0.0,0.0,0.0,1.0,1.0,0.18050107,0.1793866235,0.03028398752,0.02747988701
329,1.0,0.0,0.0,0.0,1.0,1.0,0.2018740103,0.2146948898,0.0340693593,0.03239381313
330,1.0,0.0,0.0,0.0,1.0,1.0,0.2090337704,0.2347175318,0.03572833538,0.03461182117
331,1.0,0.7853981853,0.0,0.0,1.0,1.0,0.2266948882,0.2677078309,0.03830450773,0.03774529696
332,1.0,0.7853981853,0.0,0.0,1.0,1.0,0.2481947585,0.3031094182,0.04180055857,0.0415199995
333,1.0,0.7853981853,0.0,0.0,1.0,1.0,0.2527512667,0.3067394454,0.04355382919,0.04298454523
334,1.0,0.7853981853,0.0,0.0,1.0,1.0,0.2557895013,0.3133838981,0.04329061508,0.04243046045
335,1.0,0.7853981853,0.0,0.0,1.0,1.0,0.254464296,0.3120620653,0.04292559624,0.04179596901
336,1.0,0.7853981853,0.0,0.0,1.0,1.0,0.2527899859,0.3125914006,0.0439338088,0.04277002811
337,1.0,0.7853981853,0.0,0.0,1.0,1.0,0.2574836013,0.3104648689,0.04337155819,0.04165947437
338,1.0,0.7853981853,0.0,0.0,1.0,1.0,0.2452721661,0.300252347,0.0416572094,0.04052364826
339,1.0,0.7853981853,0.0,0.0,1.0,1.0,0.2544032367,0.3056144517,0.04287481308,0.04120439291
340,1.0,0.7853981853,0.0,0.0,1.0,1.0,0.2420905441,0.3002438155,0.04210573435,0.04153674841
341,1.0,0.7853981853,0.0,0.0,1.0,1.0,0.2240973742,0.2744369592,0.03870952129,0.03786188364
342,1.0,0.7853981853,0.0,0.0,1.0,1.0,0.2291404843,0.2762686519,0.03952533007,0.03812372684
343,1.0,0.7853981853,0.0,0.0,1.0,1.0,0.1779374582,0.2230157468,0.02990502119,0.03018444777
344,1.0,0.7853981853,0.0,0.0,1.0,1.0,0.1788821041,0.2214211714,0.03035706282,0.03035706282
345,1.0,0.7853981853,0.0,0.0,1.0,1.0,0.165491836,0.2058851469,0.02839970589,0.02867817879
346,1.0,0.0,0.0,0.0,1.0,1.0,0.1992558517,0.2383286015,0.03469455242,0.03414386511
347,1.0,0.0,0.0,0.0,1.0,1.0,0.2460399997,0.2896933572,0.04407453537,0.04380077124
348,1.0,0.0,0.0,0.0,1.0,1.0,0.2650959964,0.2998325703,0.04786550999,0.04704022408
349,1.0,0.0,0.0,0.0,1.0,1.0,0.2776229886,0.3001679565,0.05076467991,0.04911822081
350,1.0,0.0,0.0,0.0,1.0,1.0,0.2722983953,0.2891362287,0.04964989424,0.04798567295
351,1.0,0.0,0.0,0.0,1.0,1.0,0.2802174174,0.2937547143,0.05035626888,0.04867768288
352,1.0,0.0,0.0,0.0,1.0,1.0,0.2779696627,0.2927656236,0.04996490479,0.04884207249
353,1.0,0.0,0.0,0.0,1.0,1.0,0.2904629074,0.3068755356,0.05260390043,0.05175542831
354,1.0,0.0,0.0,0.0,1.0,1.0,0.2734176764,0.2822347012,0.04934030771,0.04738903046
355,1.0,0.0,0.0,0.0,1.0,1.0,0.2864541525,0.2944482282,0.05191034079,0.049913764
356,1.0,0.0,0.0,0.0,1.0,1.0,0.3062052983,0.317855449,0.05443525314,0.05360633135
357,1.0,0.0,0.0,0.0,1.0,1.0,0.3182932998,0.3162169548,0.05603510141,0.05407392979
358,1.0,0.0,0.0,0.0,1.0,1.0,0.3032562625,0.296501052,0.05442523956,0.05208438635
359,1.0,0.0,0.0,0.0,1.0,1.0,0.31039568,0.3031093441,0.05303275585,0.05136680603
360,1.0,0.0,0.0,0.0,1.0,1.0,0.3260475877,0.3189006488,0.05537331104,0.05398195982
361,1.0,0.0,0.0,0.0,1.0,1.0,0.3353391677,0.3197570542,0.05445772409,0.05312293768
362,1.0,0.0,0.0,0.0,1.0,1.0,0.3494317815,0.3245776959,0.05758923292,0.05513286591
363,1.0,0.0,0.0,0.0,1.0,1.0,0.3477757127,0.3182935918,0.05730599165,0.0545771718
364,1.0,0.0,0.0,0.0,1.0,1.0,0.3500961365,0.318869415,0.05665796995,0.05422979593
365,1.0,0.0,0.0,0.0,1.0,1.0,0.3588601472,0.3236286191,0.05807161331,0.05535793304
366,1.0,0.0,0.0,0.0,1.0,1.0,0.3626665809,0.3278422386,0.05849140882,0.05604290962
367,1.0,0.0,0.0,0.0,1.0,1.0,0.3471833821,0.3098920101,0.05537897348,0.05236333609
368,1.0,0.0,0.0,0.0,1.0,1.0,0.3567605916,0.3197571834,0.05708503723,0.05435371399
369,1.0,0.0,0.0,0.0,1.0,1.0,0.3499326026,0.3101162285,0.05608409643,0.0528011322
370,1.0,0.0,0.0,0.0,1.0,1.0,0.3525429846,0.3133298333,0.05787175894,0.05478149652
371,1.0,0.0,0.0,0.0,1.0,1.0,0.3550533447,0.3169748774,0.05697518587,0.05368816853
372,1.0,0.0,0.0,0.0,1.0,1.0,0.3566400924,0.3133300591,0.05700463057,0.05293291807
373,1.0,0.0,0.0,0.0,1.0,1.0,0.3597311198,0.3171306324,0.05826193094,0.05441445112
374,1.0,0.0,0.0,0.0,1.0,1.0,0.3515455388,0.3113279515,0.05747967958,0.05414754152
375,1.0,0.0,0.0,0.0,1.0,1.0,0.3406014872,0.2969121115,0.05401426554,0.04992228746
376,1.0,0.0,0.0,0.0,1.0,1.0,0.3374739709,0.2887995062,0.05352288485,0.04885673523
377,1.0,0.0,0.0,0.0,1.0,1.0,0.336019108,0.2929962057,0.05334740877,0.04924380779
378,1.0,0.0,0.0,0.0,1.0,1.0,0.3451063296,0.3103361326,0.05516958237,0.05325776339
379,1.0,0.0,0.0,0.0,1.0,1.0,0.3314296853,0.2954324574,0.05290007591,0.05152964592
380,1.0,0.0,0.0,0.0,1.0,1.0,0.3325759099,0.2973418278,0.05294537544,0.05212664604
381,1.0,0.0,0.0,0.0,1.0,1.0,0.3286302357,0.2998325131,0.05412310362,0.05356508493
382,1.0,0.0,0.0,0.0,1.0,1.0,0.3231528118,0.2964182228,0.05337262154,0.05254727602
383,1.0,0.0,0.0,0.0,1.0,1.0,0.3342450086,0.3078778549,0.0548684597,0.05378735065
384,1.0,0.0,0.0,0.0,1.0,1.0,0.3380950085,0.3168578957,0.0561169982,0.05502206087
385,1.0,0.0,0.0,0.0,1.0,1.0,0.3304211496,0.318869333,0.05578160286,0.05550539494
386,1.0,0.0,0.0,0.0,1.0,1.0,0.3271493501,0.3155288908,0.05654269457,0.05569458008
387,1.0,0.0,0.0,0.0,1.0,1.0,0.3136459389,0.3159525805,0.05512881279,0.05598574877
388,1.0,0.0,0.0,0.0,1.0,1.0,0.3165729077,0.3160487122,0.05494356155,0.05494356155
389,1.0,0.0,0.0,0.0,1.0,1.0,0.295516103,0.3035216252,0.05050390959,0.05135506392
390,1.0,0.0,0.0,0.0,1.0,1.0,0.289788677,0.292478952,0.04987710714,0.04959374666
391,1.0,0.0,0.0,0.0,1.0,1.0,0.3009777395,0.3091918733,0.05241733789,0.05270218849
392,1.0,0.0,0.0,0.0,1.0,1.0,0.3075204493,0.3164898505,0.05281090736,0.05337274075
393,1.0,0.0,0.0,0.0,1.0,1.0,0.3045299243,0.3148240701,0.05370539427,0.05399107933
394,1.0,0.0,0.0,0.0,1.0,1.0,0.2958349644,0.3081614972,0.05368101597,0.05368101597
395,1.0,0.0,0.0,0.0,1.0,1.0,0.2901603007,0.3028609893,0.05103456974,0.05103456974
396,1.0,0.0,0.0,0.0,1.0,1.0,0.2915037145,0.3008350813,0.05135941505,0.05079501867
397,1.0,0.0,0.0,0.0,1.0,1.0,0.2938585364,0.3032204734,0.05217462778,0.05131459236
398,1.0,0.0,0.0,0.0,1.0,1.0,0.2857830668,0.2984911687,0.05080473423,0.05052089691
399,1.0,0.0,0.0,0.0,1.0,1.0,0.2857829435,0.2978136666,0.05086046457,0.05029219389
400,1.0,0.0,0.0,0.0,1.0,1.0,0.2920957393,0.3038171618,0.05180984735,0.05124980211
401,1.0,0.0,0.0,0.0,1.0,1.0,0.2775335657,0.2886900239,0.04879444838,0.04823035002
402,1.0,0.0,0.0,0.0,1.0,1.0,0.2320132532,0.2404157046,0.04060697556,0.03975510597
403,1.0,0.0,0.0,0.0,1.0,1.0,0.1242918189,0.1527922422,0.02059304714,0.02397817373
404,1.0,0.0,0.0,0.0,1.0,1.0,0.1100932036,0.1610822374,0.01797246933,0.02471220493
405,1.0,0.0,0.0,0.0,1.0,1.0,0.2058160092,0.2012767812,0.03581124544,0.03323286772
406,1.0,0.0,0.0,0.0,1.0,1.0,0.2458173361,0.2439314839,0.04282587767,0.04057186842
407,1.0,0.0,0.0,0.0,1.0,1.0,0.2727207456,0.2742575394,0.04754465818,0.04558694363
408,1.0,0.0,0.0,0.0,1.0,1.0,0.2610721169,0.2736563824,0.04630565643,0.04573744535
409,1.0,0.0,0.0,0.0,1.0,1.0,0.267064263,0.261922552,0.04705327749,0.04387784004
410,1.0,0.0,0.0,0.0,1.0,1.0,0.2452411523,0.2295539229,0.04166519642,0.03709918261
411,1.0,0.0,0.0,0.0,1.0,1.0,0.2464609654,0.2240740042,0.04153609276,0.03609341383
412,1.0,0.0,0.0,0.0,1.0,1.0,0.2397988686,0.2328449292,0.0408217907,0.03711074591
413,1.0,0.0,0.0,0.0,1.0,1.0,0.2401256448,0.2525281952,0.04135733843,0.03968071938
414,1.0,0.0,0.0,0.0,1.0,1.0,0.2332570783,0.2462657151,0.04000210762,0.03805762529
415,1.0,0.0,0.0,0.0,1.0,1.0,0.239280164,0.2608036379,0.04097396135,0.03985905647
416,1.0,0.0,0.0,0.0,1.0,1.0,0.2401887544,0.2680984465,0.04113763571,0.04058539867
417,1.0,0.0,0.0,0.0,1.0,1.0,0.2278020614,0.2617583962,0.03930085897,0.03957760334
418,1.0,0.0,0.0,0.0,1.0,1.0,0.220844416,0.2591144258,0.03796434402,0.03879565001
419,1.0,0.0,0.0,0.0,1.0,1.0,0.2276596943,0.2693665452,0.0390162468,0.04012310505
420,1.0,0.0,0.0,0.0,1.0,1.0,0.2172698167,0.2563623146,0.03742384911,0.03825551271
421,1.0,0.0,0.0,0.0,1.0,1.0,0.2272926998,0.2693664263,0.03886455297,0.03996706009
422,1.0,0.0,0.0,0.0,1.0,1.0,0.2327248139,0.272910413,0.04039317369,0.04094654322
423,1.0,0.0,0.0,0.0,1.0,1.0,0.2247548636,0.2710664798,0.03869688511,0.04034358263
424,1.0,0.0,0.0,0.0,1.0,1.0,0.2162253694,0.254470265,0.03691327572,0.03773355484
425,1.0,0.0,0.0,0.0,1.0,1.0,0.218879441,0.2572092122,0.03756517172,0.03867000341
426,1.0,0.0,0.0,0.0,1.0,1.0,0.2219210214,0.2654194174,0.03818005323,0.03982806206
427,1.0,0.0,0.0,0.0,1.0,1.0,0.2245937172,0.2627210111,0.03859317303,0.03942018747
428,1.0,0.0,0.0,0.0,1.0,1.0,0.2258351533,0.2645583611,0.03887701035,0.03970426321
429,1.0,0.0,0.0,0.0,1.0,1.0,0.2290388018,0.270069551,0.0395205617,0.04062598944
430,1.0,0.0,0.0,0.0,1.0,1.0,0.2219206366,0.2672497672,0.03905963898,0.04102665186
431,1.0,0.0,0.0,0.0,1.0,1.0,0.1788638001,0.2198769031,0.03180140257,0.03375411034
432,1.0,0.0,0.0,0.0,1.0,1.0,0.1883930825,0.2297987612,0.03241801262,0.03461587429
433,1.0,0.0,0.0,0.0,1.0,1.0,0.2293021215,0.2631980761,0.03970068693,0.04052209854
434,1.0,0.0,0.0,0.0,1.0,1.0,0.2494655389,0.2760697775,0.04390519857,0.04390525818
435,1.0,0.0,0.0,0.0,1.0,1.0,0.2721486305,0.2909334138,0.047976017,0.04687309265
436,1.0,0.0,0.0,0.0,1.0,1.0,0.2812894306,0.2913627075,0.05058294535,0.048604846
437,1.0,0.0,0.0,0.0,1.0,1.0,0.2830697182,0.2974530449,0.05002081394,0.04890304804
438,1.0,0.0,0.0,0.0,1.0,1.0,0.2821390806,0.2984681087,0.04988473654,0.04932105541
439,1.0,0.0,0.0,0.0,1.0,1.0,0.2966598964,0.3161503852,0.0520786047,0.0518001318
440,1.0,0.0,0.0,0.0,1.0,1.0,0.2971313887,0.3190785917,0.05221420527,0.05277264118
441,1.0,0.0,0.0,0.0,1.0,1.0,0.2934869797,0.3150784251,0.05160373449,0.05188268423
442,1.0,0.0,0.0,0.0,1.0,1.0,0.3042464166,0.3158774417,0.05388057232,0.0527639389
443,1.0,0.0,0.0,0.0,1.0,1.0,0.3010936567,0.3114926901,0.05319738388,0.05208331347
444,1.0,0.0,0.0,0.0,1.0,1.0,0.2977737202,0.3112739364,0.05262213945,0.05178236961
445,1.0,0.0,0.0,0.0,1.0,1.0,0.2982461529,0.3098269963,0.052957654,0.0523942709
446,1.0,0.0,0.0,0.0,1.0,1.0,0.2947073534,0.3008355106,0.05177432299,0.05064880848
447,1.0,0.0,0.0,0.0,1.0,1.0,0.2848728934,0.2898380885,0.05034899712,0.04894256592
448,1.0,0.0,0.0,0.0,1.0,1.0,0.2668335966,0.2708922173,0.04717463255,0.04494148493
449,1.0,0.0,0.0,0.0,1.0,1.0,0.2671616894,0.2696086307,0.04685002565,0.04430991411
450,1.0,0.0,0.0,0.0,1.0,1.0,0.2806876917,0.2770559986,0.04959130287,0.04672467709
451,1.0,0.0,0.0,0.0,1.0,1.0,0.2892692307,0.2937546095,0.05015093088,0.04902392626
452,1.0,0.0,0.0,0.0,1.0,1.0,0.2806874557,0.282234561,0.04768496752,0.04685807228
453,1.0,0.0,0.0,0.0,1.0,1.0,0.2885655683,0.2850866368,0.05042976141,0.0492964983
454,1.0,0.0,0.0,0.0,1.0,1.0,0.2688267749,0.2556330261,0.04649102688,0.04420930147
455,1.0,0.0,0.0,0.0,1.0,1.0,0.2397991399,0.2220982947,0.04040020704,0.03729248047
456,1.0,0.0,0.0,0.0,1.0,1.0,0.252384373,0.2306404481,0.04214566946,0.03877401352
457,1.0,0.0,0.0,0.0,1.0,1.0,0.2708607708,0.2415315289,0.04456311464,0.04089647532
458,1.0,0.0,0.0,0.0,1.0,1.0,0.2835668594,0.2473866691,0.04503655434,0.04144465923
459,1.0,0.0,0.0,0.0,1.0,1.0,0.2611970968,0.2163221695,0.04025012255,0.03605741262
460,1.0,0.0,0.0,0.0,1.0,1.0,0.2737683491,0.2248744148,0.04200035334,0.03883594275
461,1.0,0.0,0.0,0.0,1.0,1.0,0.3032657075,0.2449291087,0.04564416409,0.04277348518
462,1.0,0.0,0.0,0.0,1.0,1.0,0.3200570342,0.2465942805,0.04511487484,0.04179352522
463,1.0,0.0,0.0,0.0,1.0,1.0,0.3422610662,0.2506744891,0.0487472415,0.04442054033
464,1.0,-0.7853981853,0.0,0.0,1.0,1.0,0.3485233704,0.2571853605,0.05100166798,0.04740154743
465,1.0,-0.7853981853,0.0,0.0,1.0,1.0,0.3463916805,0.2586977764,0.05016988516,0.04751378298
466,1.0,-0.7853981853,0.0,0.0,1.0,1.0,0.340974183,0.2547278015,0.05016952753,0.04716533422
467,1.0,-0.7853981853,0.0,0.0,1.0,1.0,0.3409740939,0.2563502573,0.04831969738,0.04571563005
468,1.0,-0.7853981853,0.0,0.0,1.0,1.0,0.3486184069,0.2547281709,0.04994887114,0.04640227556
469,1.0,-0.7853981853,0.0,0.0,1.0,1.0,0.3470992239,0.2555949136,0.05085229874,0.04666447639
470,1.0,-0.7853981853,0.0,0.0,1.0,1.0,0.3470991755,0.2506744856,0.05107164383,0.04626494646
471,1.0,-0.7853981853,0.0,0.0,1.0,1.0,0.3304277787,0.2449287853,0.04764485359,0.04382145405
472,1.0,-0.7853981853,0.0,0.0,1.0,1.0,0.3311401634,0.2506745374,0.04883593321,0.04558026791
473,1.0,0.0,0.0,0.0,1.0,1.0,0.3284737756,0.2457909143,0.04816657305,0.04434847832
474,1.0,0.0,0.0,0.0,1.0,1.0,0.3295082298,0.2401885012,0.04894047976,0.04392850399
475,1.0,0.0,0.0,0.0,1.0,1.0,0.333476337,0.2563084564,0.04999172688,0.04703360796
476,1.0,0.0,0.0,0.0,1.0,1.0,0.3217047821,0.242629753,0.04882413149,0.04495388269
477,1.0,0.0,0.0,0.0,1.0,1.0,0.3220206527,0.2433705788,0.04804682732,0.0439452529
478,1.0,0.0,0.0,0.0,1.0,1.0,0.3063123171,0.2261033036,0.04605454206,0.04074054956
479,1.0,0.0,0.0,0.0,1.0,1.0,0.2827499522,0.201500219,0.04201823473,0.0364741087
480,1.0,0.0,0.0,0.0,1.0,1.0,0.2412442761,0.1343514076,0.03473651409,0.02393615246
481,1.0,0.0,0.0,0.0,1.0,1.0,0.2139479616,0.1059013408,0.03025358915,0.01844030619
482,1.0,0.0,0.0,0.0,1.0,1.0,0.2547597904,0.1698079756,0.03760254383,0.03037124872
483,1.0,0.0,0.0,0.0,1.0,1.0,0.3009682584,0.2267104448,0.04581588507,0.04091733694
484,1.0,0.0,0.0,0.0,1.0,1.0,0.308539773,0.2571852734,0.04656255245,0.04513424635
485,1.0,0.0,0.0,0.0,1.0,1.0,0.3283364468,0.2887279426,0.05104458332,0.05104464293
486,1.0,0.0,0.0,0.0,1.0,1.0,0.3122163757,0.2832814411,0.04966521263,0.04938781261
487,1.0,0.0,0.0,0.0,1.0,1.0,0.3124337284,0.2899023817,0.05097568035,0.05097568035
488,1.0,0.0,0.0,0.0,1.0,1.0,0.3046874165,0.291503898,0.05227464437,0.05227464437
489,1.0,0.0,0.0,0.0,1.0,1.0,0.2893559575,0.2799739314,0.04978686571,0.04921460152
490,1.0,0.0,0.0,0.0,1.0,1.0,0.2926815785,0.2921957186,0.05080598593,0.05080604553
491,1.0,0.0,0.0,0.0,1.0,1.0,0.2951042849,0.2978468425,0.05128771067,0.05100435019
492,1.0,0.0,0.0,0.0,1.0,1.0,0.3137407282,0.3187588843,0.05491220951,0.05434608459
493,1.0,0.0,0.0,0.0,1.0,1.0,0.3046683693,0.3114926156,0.05381578207,0.05324631929
494,1.0,0.0,0.0,0.0,1.0,1.0,0.3048054706,0.3163218574,0.05454623699,0.05397212505
495,1.0,0.0,0.0,0.0,1.0,1.0,0.3024201857,0.3159748552,0.05389106274,0.05302649736
496,1.0,0.0,0.0,0.0,1.0,1.0,0.2974340469,0.3097585066,0.05347806215,0.05204045773
497,1.0,0.0,0.0,0.0,1.0,1.0,0.2960133018,0.3097587116,0.05271989107,0.05130267143
498,1.0,0.0,0.0,0.0,1.0,1.0,0.3015695028,0.326872385,0.05474674702,0.05474674702
499,1.0,0.0,0.0,0.0,1.0,1.0,0.3007875965,0.3189346933,0.05325657129,0.05269300938
500,1.0,0.0,0.0,0.0,1.0,1.0,0.302379104,0.3138179045,0.05419355631,0.05248212814
501,1.0,0.0,0.0,0.0,1.0,1.0,0.3093510078,0.3201599206,0.05595391989,0.05423223972
502,1.0,0.0,0.0,0.0,1.0,1.0,0.3043172852,0.3189346332,0.05442076921,0.05356150866
503,1.0,0.0,0.0,0.0,1.0,1.0,0.3012670624,0.3155233746,0.05451363325,0.05335992575
504,1.0,0.0,0.0,0.0,1.0,1.0,0.3033450531,0.3189346783,0.05582857132,0.05494707823
505,1.0,0.0,0.0,0.0,1.0,1.0,0.2969587312,0.3121124162,0.05342274904,0.0525611043
506,1.0,0.0,0.0,0.0,1.0,1.0,0.2846409868,0.3039541538,0.05098521709,0.05069881678
507,1.0,0.0,0.0,0.0,1.0,1.0,0.3003089458,0.3178494976,0.0544026494,0.05382698774
508,1.0,0.0,0.0,0.0,1.0,1.0,0.3012445856,0.31861382,0.05476939678,0.05419886112
509,1.0,0.0,0.0,0.0,1.0,1.0,0.3015424244,0.3214872046,0.05605739355,0.05576843023
510,1.0,0.0,0.0,0.0,1.0,1.0,0.3047831762,0.323739447,0.0556421876,0.05507731438
511,1.0,0.0,0.0,0.0,1.0,1.0,0.3010743683,0.3231527101,0.05485385656,0.05485379696
512,1.0,0.0,0.0,0.0,1.0,1.0,0.3038428209,0.3243223016,0.05607748032,0.05579280853
513,1.0,0.0,0.0,0.0,1.0,1.0,0.2990579126,0.3214872249,0.0550724268,0.0550724268
514,1.0,0.0,0.0,0.0,1.0,1.0,0.2970477718,0.3170985992,0.05461674929,0.05433225632
515,1.0,0.0,0.0,0.0,1.0,1.0,0.3059515586,0.3253220095,0.05597341061,0.05568641424
516,1.0,0.0,0.0,0.0,1.0,1.0,0.3059518114,0.3253215289,0.05468559265,0.05440509319
517,1.0,0.0,0.0,0.0,1.0,1.0,0.300146864,0.3175483922,0.05429267883,0.05400842428
518,1.0,0.0,0.0,0.0,1.0,1.0,0.2993572887,0.3152603665,0.054297328,0.05401009321
519,1.0,0.0,0.0,0.0,1.0,1.0,0.3066821359,0.3259770644,0.05608248711,0.05608254671
520,1.0,0.0,0.0,0.0,1.0,1.0,0.2982710829,0.3192195002,0.0551789999,0.0551789403
521,1.0,0.0,0.0,0.0,1.0,1.0,0.2880279598,0.3064955447,0.05249118805,0.0527780652
522,1.0,0.0,0.0,0.0,1.0,1.0,0.2839683933,0.299832347,0.05142325163,0.05171048641
523,1.0,0.0,0.0,0.0,1.0,1.0,0.2923645834,0.3025064938,0.05238133669,0.05152726173
524,1.0,0.0,0.0,0.0,1.0,1.0,0.2934868616,0.3021566386,0.05268865824,0.05183422565
525,1.0,0.0,0.0,0.0,1.0,1.0,0.2957209577,0.3087976908,0.05390202999,0.05361378193
526,1.0,0.0,0.0,0.0,1.0,1.0,0.2976392976,0.3041066674,0.0542910099,0.05286234617
527,1.0,0.0,0.0,0.0,1.0,1.0,0.3026258873,0.3109014883,0.05523127317,0.05409836769
528,1.0,0.0,0.0,0.0,1.0,1.0,0.3046510499,0.314157163,0.05600112677,0.05514401197
529,1.0,0.0,0.0,0.0,1.0,1.0,0.2806544569,0.2916406433,0.05130881071,0.05073875189
530,1.0,0.0,0.0,0.0,1.0,1.0,0.2844448669,0.2955863817,0.05207753181,0.05150830746
531,1.0,0.0,0.0,0.0,1.0,1.0,0.2831235882,0.2978793135,0.05168294907,0.05168294907
532,1.0,0.0,0.0,0.0,1.0,1.0,0.2884192035,0.3001571056,0.05296134949,0.05239492655
533,1.0,0.0,0.0,0.0,1.0,1.0,0.2857756583,0.2969121132,0.0521979928,0.05163365602
534,1.0,0.0,0.0,0.0,1.0,1.0,0.2915041226,0.3060181347,0.05325996876,0.052978158
535,1.0,0.0,0.0,0.0,1.0,1.0,0.284003018,0.2975312926,0.05182218552,0.05125582218
536,1.0,0.0,0.0,0.0,1.0,1.0,0.2983642151,0.3145786407,0.05498456955,0.05469965935
537,1.0,0.0,0.0,0.0,1.0,1.0,0.2975081987,0.3106817924,0.0549403429,0.05408191681
538,1.0,0.0,0.0,0.0,1.0,1.0,0.2665179414,0.2690805701,0.04820799828,0.04619932175
539,1.0,0.0,0.0,0.0,1.0,1.0,0.2556325329,0.2567532189,0.04542499781,0.04366666079
540,1.0,0.0,0.0,0.0,1.0,1.0,0.229601327,0.2285956197,0.03993731737,0.03788173199
541,1.0,0.0,0.0,0.0,1.0,1.0,0.2460936999,0.2480757469,0.04285115004,0.04051911831
542,1.0,0.0,0.0,0.0,1.0,1.0,0.2430205027,0.2649765307,0.04284608364,0.04227858782
543,1.0,0.0,0.0,0.0,1.0,1.0,0.2474346014,0.2832353132,0.04339027405,0.04452466965
544,1.0,0.0,0.0,0.0,1.0,1.0,0.2498602789,0.2884418697,0.04394161701,0.04479765892
545,1.0,0.0,0.0,0.0,1.0,1.0,0.242976156,0.285554562,0.04307025671,0.04364448786
546,1.0,0.0,0.0,0.0,1.0,1.0,0.2406948013,0.2823700856,0.04154497385,0.04182010889
547,1.0,0.0,0.0,0.0,1.0,1.0,0.2416234001,0.2924292266,0.0434435606,0.04457193613
548,1.0,0.0,0.0,0.0,1.0,1.0,0.2392363748,0.289801261,0.04203343391,0.04313963652
549,1.0,0.7853981853,0.0,0.0,1.0,1.0,0.2343191166,0.2815591195,0.04111415148,0.04223287106
550,1.0,0.7853981853,0.0,0.0,1.0,1.0,0.2419030569,0.2941752733,0.04182010889,0.04292064905
551,1.0,0.7853981853,0.0,0.0,1.0,1.0,0.242629529,0.2896112098,0.04224264622,0.04280221462
552,1.0,0.7853981853,0.0,0.0,1.0,1.0,0.2458435098,0.2971825552,0.04379928112,0.04494434595
553,1.0,0.7853981853,0.0,0.0,1.0,1.0,0.2453912618,0.2921445996,0.0430791378,0.04336446524
554,1.0,0.7853981853,0.0,0.0,1.0,1.0,0.2466155147,0.2910251986,0.04338294268,0.04338294268
555,1.0,0.7853981853,0.0,0.0,1.0,1.0,0.2409078094,0.2883005071,0.04190325737,0.0424695015
556,1.0,0.7853981853,0.0,0.0,1.0,1.0,0.2418005172,0.2918214737,0.04159754515,0.04242944717
557,1.0,0.7853981853,0.0,0.0,1.0,1.0,0.2357326624,0.286099821,0.04120093584,0.0423297286
558,1.0,0.7853981853,0.0,0.0,1.0,1.0,0.2102389208,0.2574898306,0.03646337986,0.03786575794
559,1.0,0.0,0.0,0.0,1.0,1.0,0.1966899973,0.2348312541,0.03445595503,0.03501623869
560,1.0,0.0,0.0,0.0,1.0,1.0,0.1703227949,0.2048666322,0.03045397997,0.03074133396
561,1.0,0.0,0.0,0.0,1.0,1.0,0.1945114736,0.2368081124,0.03464853764,0.03577536345
562,1.0,0.0,0.0,0.0,1.0,1.0,0.2257306287,0.2697769867,0.04052102566,0.04163885117
563,1.0,0.0,0.0,0.0,1.0,1.0,0.2517912346,0.2895907835,0.04563266039,0.04591262341
564,1.0,0.0,0.0,0.0,1.0,1.0,0.2655005338,0.2988025131,0.04821616411,0.04821622372
565,1.0,0.0,0.0,0.0,1.0,1.0,0.2838111179,0.3133842707,0.05226802826,0.05198699236
566,1.0,0.0,0.0,0.0,1.0,1.0,0.2948662884,0.3146391153,0.0535748601,0.05272895098
567,1.0,0.0,0.0,0.0,1.0,1.0,0.2862250692,0.3038843203,0.05154627562,0.05070126057
568,1.0,0.0,0.0,0.0,1.0,1.0,0.2922897842,0.3062263067,0.0521633029,0.05104148388
569,1.0,0.0,0.0,0.0,1.0,1.0,0.2844324751,0.3018445979,0.05136209726,0.05107825994
570,1.0,0.0,0.0,0.0,1.0,1.0,0.2954326317,0.3135834701,0.05321800709,0.05293494463
571,1.0,0.0,0.0,0.0,1.0,1.0,0.2891466854,0.3014982236,0.0522185564,0.05136716366
572,1.0,0.0,0.0,0.0,1.0,1.0,0.2884823784,0.297176013,0.05203640461,0.05089896917
573,1.0,0.0,0.0,0.0,1.0,1.0,0.2898540737,0.3001681537,0.05239778757,0.05125248432
574,1.0,0.0,0.0,0.0,1.0,1.0,0.291114764,0.3051101605,0.05319344997,0.05262452364
575,1.0,0.0,0.0,0.0,1.0,1.0,0.2884503533,0.2975314476,0.05166339874,0.0505464077
576,1.0,0.0,0.0,0.0,1.0,1.0,0.2893535636,0.3028110864,0.05146366358,0.05090725422
577,1.0,0.0,0.0,0.0,1.0,1.0,0.2893533536,0.2975314083,0.05227059126,0.05114042759
578,1.0,0.0,0.0,0.0,1.0,1.0,0.2884503775,0.293565439,0.0527163744,0.05072170496
579,1.0,0.0,0.0,0.0,1.0,1.0,0.2943238756,0.3011565144,0.05276852846,0.05135762691
580,1.0,0.0,0.0,0.0,1.0,1.0,0.2929400918,0.3001624501,0.05311655998,0.05169630051
581,1.0,0.0,0.0,0.0,1.0,1.0,0.3001468158,0.3154383832,0.05401802063,0.05373519659
582,1.0,0.0,0.0,0.0,1.0,1.0,0.2930218094,0.3075207473,0.05200850964,0.05172741413
583,1.0,0.0,0.0,0.0,1.0,1.0,0.2956097534,0.3110847134,0.05501687527,0.05472576618
584,1.0,0.0,0.0,0.0,1.0,1.0,0.2913735539,0.3131584438,0.05230873823,0.05287116766
585,1.0,0.0,0.0,0.0,1.0,1.0,0.2947881175,0.31463886,0.05344986916,0.05344980955
586,1.0,0.0,0.0,0.0,1.0,1.0,0.2987201991,0.3196868165,0.05356520414,0.05413508415
587,1.0,0.0,0.0,0.0,1.0,1.0,0.2961896545,0.3140141336,0.05437928438,0.05408853292
588,1.0,0.0,0.0,0.0,1.0,1.0,0.2907181525,0.3129564714,0.05363643169,0.05392634869
589,1.0,0.0,0.0,0.0,1.0,1.0,0.302483484,0.3214870052,0.0557307601,0.05544340611
590,1.0,0.0,0.0,0.0,1.0,1.0,0.2993649064,0.319219517,0.05419772863,0.05391538143
591,1.0,0.0,0.0,0.0,1.0,1.0,0.2949687481,0.3158773937,0.05307394266,0.05335628986
592,1.0,0.0,0.0,0.0,1.0,1.0,0.3020121884,0.3198217033,0.05537194014,0.05480110645
593,1.0,0.0,0.0,0.0,1.0,1.0,0.3040425368,0.3220791743,0.05559307337,0.05530792475
594,1.0,0.0,0.0,0.0,1.0,1.0,0.2949688245,0.3091921115,0.05446374416,0.05359464884
595,1.0,0.0,0.0,0.0,1.0,1.0,0.3060790799,0.3154382035,0.05619710684,0.05447673798
596,1.0,0.0,0.0,0.0,1.0,1.0,0.2964183549,0.3166549249,0.05455446243,0.05484008789
597,1.0,0.0,0.0,0.0,1.0,1.0,0.2922899366,0.3064954863,0.05410170555,0.05351990461
598,1.0,0.0,0.0,0.0,1.0,1.0,0.3018657528,0.3170987182,0.05539292097,0.05481892824
599,1.0,0.0,0.0,0.0,1.0,1.0,0.3080042495,0.3181556119,0.05650269985,0.05506128073
600,1.0,0.0,0.0,0.0,1.0,1.0,0.3112503636,0.3259767443,0.05718034506,0.05660563707
601,1.0,0.0,0.0,0.0,1.0,1.0,0.3007725305,0.3121181873,0.05559897423,0.05444067717
602,1.0,0.0,0.0,0.0,1.0,1.0,0.2988986973,0.3156130757,0.05458557606,0.05458551645
603,1.0,0.0,0.0,0.0,1.0,1.0,0.2882109444,0.2981942326,0.05345600843,0.05230647326
604,1.0,0.0,0.0,0.0,1.0,1.0,0.2770107455,0.284609253,0.05106651783,0.04990589619
605,1.0,0.0,0.0,0.0,1.0,1.0,0.2714339931,0.2789139111,0.04903489351,0.04761767387
606,1.0,0.0,0.0,0.0,1.0,1.0,0.2781464312,0.2787224897,0.05132848024,0.04900860786
607,1.0,0.0,0.0,0.0,1.0,1.0,0.2835408782,0.289312373,0.05158412457,0.05015915632
608,1.0,0.0,0.0,0.0,1.0,1.0,0.2842161903,0.2871772692,0.05184519291,0.05042088032
609,1.0,0.0,0.0,0.0,1.0,1.0,0.2873593527,0.289312478,0.05206298828,0.05034667253
610,1.0,0.0,0.0,0.0,1.0,1.0,0.2932118156,0.2949171886,0.05268156528,0.05098211765
611,1.0,0.0,0.0,0.0,1.0,1.0,0.2900095992,0.2962512191,0.05268126726,0.05154830217
612,1.0,0.0,0.0,0.0,1.0,1.0,0.2900095035,0.2985344871,0.05395328999,0.05337315798
613,1.0,0.0,0.0,0.0,1.0,1.0,0.2936751074,0.30246237,0.05313962698,0.05256813765
614,1.0,0.0,0.0,0.0,1.0,1.0,0.286232554,0.2941501483,0.05247497559,0.05102539062
615,1.0,0.0,0.0,0.0,1.0,1.0,0.2737325053,0.2774369957,0.04930990934,0.0475897789
616,1.0,0.0,0.0,0.0,1.0,1.0,0.2490673354,0.2481834153,0.04513370991,0.04254639149
617,1.0,0.0,0.0,0.0,1.0,1.0,0.2372372822,0.2396620211,0.04316812754,0.04112637043
618,1.0,0.0,0.0,0.0,1.0,1.0,0.2430642658,0.2558299453,0.0431214571,0.04255408049
619,1.0,0.0,0.0,0.0,1.0,1.0,0.263641918,0.271807505,0.04781937599,0.04666006565
620,1.0,0.0,0.0,0.0,1.0,1.0,0.2697681314,0.2675272786,0.04761654139,0.04560858011
621,1.0,0.0,0.0,0.0,1.0,1.0,0.2839413643,0.2789139642,0.04902869463,0.04680013657
622,1.0,0.0,0.0,0.0,1.0,1.0,0.2853220042,0.2836700901,0.0500446558,0.04918676615
623,1.0,0.0,0.0,0.0,1.0,1.0,0.2980213777,0.2893121689,0.0509237051,0.04951697588
624,1.0,0.0,0.0,0.0,1.0,1.0,0.3143005636,0.2991750061,0.05302274227,0.05105888844
625,1.0,0.0,0.0,0.0,1.0,1.0,0.3216978845,0.3014710286,0.05353873968,0.05130797625
626,1.0,0.0,0.0,0.0,1.0,1.0,0.3306168848,0.3063864384,0.05586701632,0.05330175161
627,1.0,0.0,0.0,0.0,1.0,1.0,0.3322908938,0.3001624056,0.05463850498,0.05125880241
628,1.0,0.0,0.0,0.0,1.0,1.0,0.3300284633,0.2972198636,0.05455434322,0.05117988586
629,1.0,0.0,0.0,0.0,1.0,1.0,0.3297652604,0.2982207382,0.05310642719,0.05038303137
630,1.0,0.0,0.0,0.0,1.0,1.0,0.330861639,0.2978789982,0.05373716354,0.05095279217
631,1.0,0.0,0.0,0.0,1.0,1.0,0.3368712707,0.3082692128,0.05344587564,0.05180972815
632,1.0,0.0,0.0,0.0,1.0,1.0,0.3380085988,0.3066470806,0.05357581377,0.05140018463
633,1.0,0.0,0.0,0.0,1.0,1.0,0.342466042,0.3041066762,0.0549826622,0.05189692974
634,1.0,0.0,0.0,0.0,1.0,1.0,0.3331474871,0.2991751995,0.05410915613,0.05155950785
635,1.0,0.0,0.0,0.0,1.0,1.0,0.3325607526,0.2955159931,0.05270391703,0.04963648319
636,1.0,0.0,0.0,0.0,1.0,1.0,0.3366913861,0.2988363996,0.05389380455,0.05105727911
637,1.0,0.0,0.0,0.0,1.0,1.0,0.3446349431,0.3034607402,0.05437844992,0.05131095648
638,1.0,0.0,0.0,0.0,1.0,1.0,0.3355142501,0.2952145374,0.05263751745,0.04985243082
639,1.0,0.0,0.0,0.0,1.0,1.0,0.3343456809,0.2895734902,0.05302286148,0.04988712072
640,1.0,0.0,0.0,0.0,1.0,1.0,0.3480199943,0.302762504,0.0566419363,0.05402767658
641,1.0,0.0,0.0,0.0,1.0,1.0,0.3239948149,0.2721255143,0.05140477419,0.04791975021
642,1.0,0.0,0.0,0.0,1.0,1.0,0.283974565,0.2256265037,0.04358363152,0.03820639849
643,1.0,0.0,0.0,0.0,1.0,1.0,0.2636100394,0.2083580767,0.04015362263,0.03553158045
644,1.0,0.0,0.0,0.0,1.0,1.0,0.2791738105,0.2204649655,0.04252392054,0.03827148676
645,1.0,0.0,0.0,0.0,1.0,1.0,0.3023520916,0.2409658128,0.04652273655,0.04278945923
646,1.0,0.0,0.0,0.0,1.0,1.0,0.3206664393,0.2522709011,0.0491258502,0.04618418217
647,1.0,0.0,0.0,0.0,1.0,1.0,0.3395419905,0.2649313042,0.05422598124,0.05116230249
648,1.0,-0.7853981853,0.0,0.0,1.0,1.0,0.3334741191,0.2595326336,0.04880237579,0.04621875286
649,1.0,-0.7853981853,0.0,0.0,1.0,1.0,0.3268365621,0.247434631,0.04852199554,0.04526746273
650,1.0,-0.7853981853,0.0,0.0,1.0,1.0,0.3304606499,0.2506742439,0.04812455177,0.0451900959
651,1.0,-0.7853981853,0.0,0.0,1.0,1.0,0.3378970972,0.2506743247,0.04744571447,0.0440158844
652,1.0,-0.7853981853,0.0,0.0,1.0,1.0,0.34156847,0.2571379871,0.0497931838,0.04684686661
653,1.0,-0.7853981853,0.0,0.0,1.0,1.0,0.3359119991,0.2457642392,0.04827868938,0.0447024703
654,1.0,-0.7853981853,0.0,0.0,1.0,1.0,0.3341852031,0.2482060851,0.04811763763,0.04483014345
655,1.0,-0.7853981853,0.0,0.0,1.0,1.0,0.3276177955,0.2449290336,0.04785591364,0.04512995481
656,1.0,-0.7853981853,0.0,0.0,1.0,1.0,0.3362222756,0.2482274898,0.0497366786,0.04609745741
657,1.0,-0.7853981853,0.0,0.0,1.0,1.0,0.3256835872,0.2441632535,0.04780119658,0.04481363297
658,1.0,-0.7853981853,0.0,0.0,1.0,1.0,0.3273502768,0.241695039,0.04659438133,0.04309982061
659,1.0,-0.7853981853,0.0,0.0,1.0,1.0,0.3263894956,0.2409655939,0.05054956675,0.04678189754
660,1.0,-0.7853981853,0.0,0.0,1.0,1.0,0.3162533637,0.2352583031,0.04807013273,0.0446805954
661,1.0,-0.7853981853,0.0,0.0,1.0,1.0,0.3185146846,0.2311411642,0.04640036821,0.04223620892
662,1.0,-0.7853981853,0.0,0.0,1.0,1.0,0.3135899875,0.2311413331,0.04684054852,0.04291200638
663,1.0,-0.7853981853,0.0,0.0,1.0,1.0,0.3157214022,0.2310185672,0.04586911201,0.04199701548
664,1.0,-0.7853981853,0.0,0.0,1.0,1.0,0.334859203,0.2434125392,0.04805999994,0.04452186823
665,1.0,-0.7853981853,0.0,0.0,1.0,1.0,0.3195707964,0.2298714418,0.04529386759,0.04085326195
666,1.0,-0.7853981853,0.0,0.0,1.0,1.0,0.3199873512,0.2349681881,0.04571855068,0.04215610027
667,1.0,-0.7853981853,0.0,0.0,1.0,1.0,0.3238066313,0.2333133841,0.04632681608,0.04187232256
668,1.0,-0.7853981853,0.0,0.0,1.0,1.0,0.3222018268,0.2416410663,0.04510098696,0.0422282815
669,1.0,-0.7853981853,0.0,0.0,1.0,1.0,0.3178653676,0.2385032165,0.0438542366,0.04132419825
670,1.0,-0.7853981853,0.0,0.0,1.0,1.0,0.3283590385,0.2424875079,0.04630500078,0.04283207655
671,1.0,-0.7853981853,0.0,0.0,1.0,1.0,0.31529427,0.2385766478,0.04585963488,0.04350787401
672,1.0,-0.7853981853,0.0,0.0,1.0,1.0,0.3254927725,0.2419030096,0.04732894897,0.04413491488
673,1.0,0.0,0.0,0.0,1.0,1.0,0.329572087,0.2435747004,0.04791867733,0.04394906759
674,1.0,0.0,0.0,0.0,1.0,1.0,0.321181697,0.2428550985,0.04805999994,0.04410213232
675,1.0,0.0,0.0,0.0,1.0,1.0,0.3203461822,0.2427664915,0.04936486483,0.04445719719
676,1.0,0.0,0.0,0.0,1.0,1.0,0.30488222,0.2337404486,0.0455982089,0.04132336378
677,1.0,0.0,0.0,0.0,1.0,1.0,0.3012019498,0.2239009581,0.04432284832,0.03971785307
678,1.0,0.0,0.0,0.0,1.0,1.0,0.2900340036,0.2296453549,0.04233682156,0.04062050581
679,1.0,0.0,0.0,0.0,1.0,1.0,0.2994509229,0.2434124456,0.04516476393,0.04343873262
680,1.0,0.0,0.0,0.0,1.0,1.0,0.296826625,0.2531054027,0.04558211565,0.04500514269
681,1.0,0.0,0.0,0.0,1.0,1.0,0.296263209,0.2602381029,0.04753869772,0.04667955637
682,1.0,0.0,0.0,0.0,1.0,1.0,0.2822987489,0.2555206312,0.04567164183,0.0448205471
683,1.0,0.0,0.0,0.0,1.0,1.0,0.2358824312,0.210408689,0.03851139545,0.03651446104
684,1.0,0.0,0.0,0.0,1.0,1.0,0.2052425206,0.1769848248,0.03384399414,0.03001821041
685,1.0,0.0,0.0,0.0,1.0,1.0,0.1936632575,0.1837464128,0.03236562014,0.03092080355
686,1.0,0.0,0.0,0.0,1.0,1.0,0.2378040665,0.236445409,0.04113632441,0.04056102037
687,1.0,0.0,0.0,0.0,1.0,1.0,0.2612920461,0.2624796736,0.0451155901,0.0439876914
688,1.0,0.0,0.0,0.0,1.0,1.0,0.2664102079,0.2699836961,0.04755264521,0.04639989138
689,1.0,0.0,0.0,0.0,1.0,1.0,0.277712399,0.2853135674,0.04932546616,0.04846513271
690,1.0,0.0,0.0,0.0,1.0,1.0,0.2725749963,0.2804556686,0.04868084192,0.04781156778
691,1.0,0.0,0.0,0.0,1.0,1.0,0.2366228615,0.2420252116,0.04149669409,0.04033595324
692,1.0,0.0,0.0,0.0,1.0,1.0,0.1740410096,0.1653622791,0.02958542109,0.02665615082
693,1.0,0.0,0.0,0.0,1.0,1.0,0.1736680002,0.1665734802,0.0300514698,0.02739983797
694,1.0,0.0,0.0,0.0,1.0,1.0,0.2197121126,0.2238333956,0.03840589523,0.03725081682
695,1.0,0.0,0.0,0.0,1.0,1.0,0.2514621308,0.2566135811,0.04428946972,0.0428789854
696,1.0,0.0,0.0,0.0,1.0,1.0,0.2686499911,0.2766912754,0.04816991091,0.04730975628
697,1.0,0.0,0.0,0.0,1.0,1.0,0.2787666992,0.2822342189,0.04958879948,0.04789823294
698,1.0,0.0,0.0,0.0,1.0,1.0,0.2826548458,0.2853190099,0.05143767595,0.04916411638
699,1.0,0.0,0.0,0.0,1.0,1.0,0.2815331153,0.28861749,0.05083507299,0.04942291975
700,1.0,0.0,0.0,0.0,1.0,1.0,0.287123587,0.2916404362,0.0514113903,0.05000674725
701,1.0,0.0,0.0,0.0,1.0,1.0,0.2735815209,0.2789138508,0.04880142212,0.04739093781
702,1.0,0.0,0.0,0.0,1.0,1.0,0.2812892911,0.2812996927,0.05109256506,0.04852366447
703,1.0,0.0,0.0,0.0,1.0,1.0,0.27770993,0.2779905216,0.05050170422,0.04793381691
704,1.0,0.0,0.0,0.0,1.0,1.0,0.2750036392,0.2822343073,0.05024880171,0.04881310463
705,1.0,0.0,0.0,0.0,1.0,1.0,0.2804077914,0.281809798,0.05021196604,0.04824835062
706,1.0,0.0,0.0,0.0,1.0,1.0,0.2784047009,0.281093168,0.05004167557,0.04807376862
707,1.0,0.0,0.0,0.0,1.0,1.0,0.2842162087,0.2890539903,0.05139511824,0.04998314381
708,1.0,0.0,0.0,0.0,1.0,1.0,0.2810929643,0.2893120822,0.05026191473,0.04914498329
709,1.0,0.0,0.0,0.0,1.0,1.0,0.289760906,0.2923203119,0.05270254612,0.05044782162
710,1.0,0.0,0.0,0.0,1.0,1.0,0.2866496425,0.2899020786,0.05165100098,0.04999375343
711,1.0,0.0,0.0,0.0,1.0,1.0,0.2771951647,0.2804884576,0.05008846521,0.0484188199
712,1.0,0.0,0.0,0.0,1.0,1.0,0.283810882,0.2905723918,0.05202281475,0.05090403557
713,1.0,0.0,0.0,0.0,1.0,1.0,0.2929662002,0.2969588248,0.05399125814,0.05230402946
714,1.0,0.0,0.0,0.0,1.0,1.0,0.2833548618,0.2850974933,0.05078703165,0.0491309762
715,1.0,0.0,0.0,0.0,1.0,1.0,0.2899616032,0.2885487586,0.05299454927,0.05045759678
716,1.0,0.0,0.0,0.0,1.0,1.0,0.2739904152,0.2712302186,0.04935830832,0.04627341032
717,1.0,0.0,0.0,0.0,1.0,1.0,0.2674561388,0.2638791751,0.04874265194,0.04560720921
718,1.0,0.0,0.0,0.0,1.0,1.0,0.2732849588,0.2752561024,0.04997205734,0.04797315598
719,1.0,0.0,0.0,0.0,1.0,1.0,0.262353296,0.2688265877,0.04757666588,0.04616069794
720,1.0,0.0,0.0,0.0,1.0,1.0,0.2624320146,0.268952816,0.04724359512,0.0458291173
721,1.0,0.0,0.0,0.0,1.0,1.0,0.2625117247,0.2715151973,0.04757583141,0.04671603441
722,1.0,0.0,0.0,0.0,1.0,1.0,0.2589966254,0.2681835703,0.04719096422,0.0466119647
723,1.0,0.0,0.0,0.0,1.0,1.0,0.258175777,0.2706128526,0.04648995399,0.04648995399
724,1.0,0.0,0.0,0.0,1.0,1.0,0.2609301473,0.2698493174,0.04811269045,0.04723793268
725,1.0,0.0,0.0,0.0,1.0,1.0,0.2704185991,0.2815092575,0.04901248217,0.04843920469
726,1.0,0.0,0.0,0.0,1.0,1.0,0.2593490203,0.2748463716,0.04724174738,0.04752975702
727,1.0,0.0,0.0,0.0,1.0,1.0,0.2640930339,0.2774369126,0.04832303524,0.04803365469
728,1.0,0.0,0.0,0.0,1.0,1.0,0.2546965207,0.2660630827,0.04594814777,0.04536652565
729,1.0,0.0,0.0,0.0,1.0,1.0,0.2155657781,0.2180912014,0.03839206696,0.03693783283
730,1.0,0.0,0.0,0.0,1.0,1.0,0.1510191795,0.1450800251,0.02571672201,0.02340507507
731,1.0,0.0,0.0,0.0,1.0,1.0,0.1317757316,0.1659725525,0.02212548256,0.02643567324
732,1.0,0.0,0.0,0.0,1.0,1.0,0.1395772104,0.1725655517,0.02341496944,0.02775108814
733,1.0,0.0,0.0,0.0,1.0,1.0,0.1511181835,0.180902545,0.02537572384,0.02912443876
734,1.0,0.0,0.0,0.0,1.0,1.0,0.1496582652,0.1773204925,0.02516466379,0.02863568068
735,1.0,0.0,0.0,0.0,1.0,1.0,0.1588857639,0.1891799571,0.02719533443,0.03099679947
736,1.0,0.0,0.0,0.0,1.0,1.0,0.1306569712,0.1683456276,0.02291637659,0.02827346325
737,1.0,0.0,0.0,0.0,1.0,1.0,0.1668490046,0.1683089178,0.0290774107,0.02792584896
738,1.0,0.0,0.0,0.0,1.0,1.0,0.2402503146,0.2380429255,0.04300564528,0.0404253602
739,1.0,0.0,0.0,0.0,1.0,1.0,0.2662065819,0.2654257269,0.04791915417,0.04539710283
740,1.0,0.0,0.0,0.0,1.0,1.0,0.2774524238,0.2821006128,0.05076557398,0.04908275604
741,1.0,0.0,0.0,0.0,1.0,1.0,0.2870902594,0.3034022526,0.05311954021,0.05311954021
742,1.0,0.0,0.0,0.0,1.0,1.0,0.2844564586,0.2985346448,0.05199635029,0.05171531439
743,1.0,0.0,0.0,0.0,1.0,1.0,0.2846804039,0.2952897699,0.05201143026,0.0508928895
744,1.0,0.0,0.0,0.0,1.0,1.0,0.2853345388,0.2923203429,0.0528216362,0.0511084795
745,1.0,0.0,0.0,0.0,1.0,1.0,0.2759767552,0.2827366987,0.05085349083,0.04941695929
746,1.0,0.0,0.0,0.0,1.0,1.0,0.2844565867,0.2946237101,0.0519939661,0.0508697629
747,1.0,0.0,0.0,0.0,1.0,1.0,0.2829469762,0.2905727091,0.05279231071,0.05165702105
748,1.0,0.0,0.0,0.0,1.0,1.0,0.2836049138,0.2871413811,0.05241852999,0.05073666573
749,1.0,0.0,0.0,0.0,1.0,1.0,0.2948428763,0.2995174067,0.05451244116,0.05311471224
750,1.0,0.0,0.0,0.0,1.0,1.0,0.288592492,0.2950734815,0.0527562499,0.05164563656
751,1.0,0.0,0.0,0.0,1.0,1.0,0.2877413639,0.2899021277,0.0517680645,0.04984050989
752,1.0,0.0,0.0,0.0,1.0,1.0,0.2884192912,0.291099605,0.0519836545,0.05003774166
753,1.0,0.0,0.0,0.0,1.0,1.0,0.2897156804,0.2894822476,0.0520670414,0.04931211472
754,1.0,0.0,0.0,0.0,1.0,1.0,0.2853344053,0.2855548905,0.05105382204,0.0485701561
755,1.0,0.0,0.0,0.0,1.0,1.0,0.2938633734,0.2966084596,0.05348712206,0.05125850439
756,1.0,0.0,0.0,0.0,1.0,1.0,0.2864348584,0.2929961228,0.05156201124,0.04989874363
757,1.0,0.0,0.0,0.0,1.0,1.0,0.2882111683,0.2897406014,0.05253767967,0.05027800798
758,1.0,0.0,0.0,0.0,1.0,1.0,0.2910548742,0.2936674234,0.05353271961,0.05126678944
759,1.0,0.0,0.0,0.0,1.0,1.0,0.2904096312,0.2939534451,0.05277311802,0.05052745342
760,1.0,0.0,0.0,0.0,1.0,1.0,0.2882110759,0.295586673,0.05252486467,0.05111294985
761,1.0,0.0,0.0,0.0,1.0,1.0,0.2864347283,0.2913682521,0.05262923241,0.05064857006
762,1.0,0.0,0.0,0.0,1.0,1.0,0.2871069968,0.2883635558,0.05243331194,0.04988247156
763,1.0,0.0,0.0,0.0,1.0,1.0,0.2859988369,0.2867252881,0.05148226023,0.0489641428
764,1.0,0.0,0.0,0.0,1.0,1.0,0.2851119038,0.2857882533,0.05084890127,0.04836177826
765,1.0,0.0,0.0,0.0,1.0,1.0,0.2848879021,0.2834480171,0.05139088631,0.04858255386
766,1.0,0.0,0.0,0.0,1.0,1.0,0.2789140029,0.280889063,0.05045294762,0.04821062088
767,1.0,0.0,0.0,0.0,1.0,1.0,0.2771039592,0.2727236129,0.05035424232,0.04724246264
768,1.0,0.0,0.0,0.0,1.0,1.0,0.2738411153,0.2750907232,0.04977816343,0.04752826691
769,1.0,0.0,0.0,0.0,1.0,1.0,0.2735641747,0.2678242518,0.0494351387,0.04606455564
770,1.0,0.0,0.0,0.0,1.0,1.0,0.2698652418,0.2597234632,0.04813367128,0.04421579838
771,1.0,0.0,0.0,0.0,1.0,1.0,0.2793470202,0.2743568429,0.05001592636,0.04668158293
772,1.0,0.0,0.0,0.0,1.0,1.0,0.2842013233,0.2737745347,0.05043894053,0.04651594162
773,1.0,0.0,0.0,0.0,1.0,1.0,0.2941395484,0.2912280592,0.05266833305,0.04983669519
774,1.0,0.0,0.0,0.0,1.0,1.0,0.2928298861,0.2881723763,0.05245190859,0.04931622744
775,1.0,0.0,0.0,0.0,1.0,1.0,0.2905728239,0.284841103,0.05189567804,0.04875910282
776,1.0,0.0,0.0,0.0,1.0,1.0,0.2811933412,0.2716604116,0.04916971922,0.04551714659
777,1.0,0.0,0.0,0.0,1.0,1.0,0.2352581,0.209780521,0.04172623158,0.03539538383
778,1.0,0.0,0.0,0.0,1.0,1.0,0.1609271565,0.1364487551,0.02723670006,0.02207607031
779,1.0,0.0,0.0,0.0,1.0,1.0,0.1323300792,0.1308363452,0.02174419165,0.02059984207
780,1.0,0.0,0.0,0.0,1.0,1.0,0.1351065784,0.1290190589,0.02229893208,0.02029776573
781,1.0,0.0,0.0,0.0,1.0,1.0,0.1351068124,0.1381045814,0.02227377892,0.0217025876
782,1.0,0.0,0.0,0.0,1.0,1.0,0.1321000293,0.134961239,0.02176320553,0.0211905241
783,1.0,0.0,0.0,0.0,1.0,1.0,0.1322286884,0.1453736622,0.02189153433,0.0227444768
784,1.0,0.0,0.0,0.0,1.0,1.0,0.1314145306,0.1440800905,0.021715343,0.0225725174
785,1.0,0.0,0.0,0.0,1.0,1.0,0.1279562213,0.1464385139,0.02111035585,0.02282202244
786,1.0,0.0,0.0,0.0,1.0,1.0,0.1292986753,0.1446081287,0.02154916525,0.02300518751
787,1.0,0.0,0.0,0.0,1.0,1.0,0.1255935591,0.1591700945,0.02041447163,0.02472734451
788,1.0,0.0,0.0,0.0,1.0,1.0,0.1332589313,0.1519297935,0.02202016115,0.0240483284
789,1.0,0.0,0.0,0.0,1.0,1.0,0.1253593841,0.1466572657,0.02118486166,0.02350652218
790,1.0,0.0,0.0,0.0,1.0,1.0,0.1591575558,0.1402092818,0.02645593882,0.0221888423
791,1.0,0.0,0.0,0.0,1.0,1.0,0.2146454318,0.1932718449,0.0363933444,0.03155982494
792,1.0,0.0,0.0,0.0,1.0,1.0,0.2543440106,0.2430149109,0.04392278194,0.03998100758
793,1.0,0.0,0.0,0.0,1.0,1.0,0.2791377754,0.2768723521,0.04910570383,0.04628354311
794,1.0,0.0,0.0,0.0,1.0,1.0,0.2855548995,0.2853138114,0.05010604858,0.04757261276
795,1.0,0.0,0.0,0.0,1.0,1.0,0.2802921996,0.2826703909,0.04934948683,0.0473755002
796,1.0,0.0,0.0,0.0,1.0,1.0,0.281893998,0.2826703364,0.04945749044,0.04720938206
797,1.0,0.0,0.0,0.0,1.0,1.0,0.2839506938,0.2809876951,0.04981613159,0.04700160027
798,1.0,0.0,0.0,0.0,1.0,1.0,0.2800370036,0.2776225294,0.04895102978,0.04641902447
799,1.0,0.0,0.0,0.0,1.0,1.0,0.272283659,0.2690804107,0.04805868864,0.04551440477
800,1.0,0.0,0.0,0.0,1.0,1.0,0.2731591421,0.2667429577,0.04780554771,0.04443109035
801,1.0,0.0,0.0,0.0,1.0,1.0,0.274325335,0.2708926932,0.04807251692,0.04526126385
802,1.0,0.0,0.0,0.0,1.0,1.0,0.2658770738,0.2573813659,0.0465541482,0.04318881035
803,1.0,0.0,0.0,0.0,1.0,1.0,0.2635185609,0.2599899522,0.04602122307,0.04321503639
804,1.0,0.0,0.0,0.0,1.0,1.0,0.270380404,0.2641621744,0.04712831974,0.04404252768
805,1.0,0.0,0.0,0.0,1.0,1.0,0.2775334074,0.275014145,0.0483481884,0.0458329916
806,1.0,0.0,0.0,0.0,1.0,1.0,0.2837329037,0.2798441149,0.05063599348,0.04779136181
807,1.0,0.0,0.0,0.0,1.0,1.0,0.2809933946,0.2739333265,0.0498098135,0.0466966629
808,1.0,0.0,0.0,0.0,1.0,1.0,0.2811935172,0.2781779469,0.04935306311,0.04709690809
809,1.0,0.0,0.0,0.0,1.0,1.0,0.2779796217,0.273933499,0.04914081097,0.04686844349
810,1.0,0.0,0.0,0.0,1.0,1.0,0.2814427685,0.28057436,0.0496044755,0.04763162136
811,1.0,0.0,0.0,0.0,1.0,1.0,0.2731593278,0.2716604527,0.04885560274,0.04655653238
812,1.0,0.0,0.0,0.0,1.0,1.0,0.2741689852,0.272273039,0.04950541258,0.04720282555
813,1.0,0.0,0.0,0.0,1.0,1.0,0.276645567,0.2748467206,0.04931181669,0.0470315218
814,1.0,0.0,0.0,0.0,1.0,1.0,0.2734474228,0.2748465233,0.0485933423,0.04688829184
815,1.0,0.0,0.0,0.0,1.0,1.0,0.273885409,0.2748468015,0.04870927334,0.04700022936
816,1.0,0.0,0.0,0.0,1.0,1.0,0.2752085453,0.269849377,0.04913014174,0.04654437304
817,1.0,0.0,0.0,0.0,1.0,1.0,0.2684584953,0.2641623386,0.04757767916,0.04499816895
818,1.0,0.0,0.0,0.0,1.0,1.0,0.2709525685,0.2641623655,0.04786211252,0.04499614239
819,1.0,0.0,0.0,0.0,1.0,1.0,0.27183523,0.2668575011,0.04795831442,0.04508650303
820,1.0,0.0,0.0,0.0,1.0,1.0,0.269457257,0.2634584939,0.04740935564,0.04453611374
821,1.0,0.0,0.0,0.0,1.0,1.0,0.2693301653,0.2616778848,0.04771339893,0.04455161095
822,1.0,0.0,0.0,0.0,1.0,1.0,0.2688938411,0.2667432367,0.04781961441,0.04551506042
823,1.0,0.0,0.0,0.0,1.0,1.0,0.2672736046,0.2668578275,0.04718643427,0.04489862919
824,1.0,0.0,0.0,0.0,1.0,1.0,0.2730182886,0.2693410259,0.04795897007,0.04538971186
825,1.0,0.0,0.0,0.0,1.0,1.0,0.2681430731,0.2634582141,0.04683250189,0.0439941287
826,1.0,0.0,0.0,0.0,1.0,1.0,0.2725748754,0.272728738,0.04735803604,0.04538476467
827,1.0,0.0,0.0,0.0,1.0,1.0,0.2700755369,0.2675273054,0.04804325104,0.04574179649
828,1.0,0.0,0.0,0.0,1.0,1.0,0.2731594369,0.2708924602,0.04894089699,0.04634988308
829,1.0,0.0,0.0,0.0,1.0,1.0,0.2712542411,0.2676471027,0.04777783155,0.04493385553
830,1.0,0.0,0.0,0.0,1.0,1.0,0.2712540615,0.2684312968,0.04790067673,0.04533457756
831,1.0,0.0,0.0,0.0,1.0,1.0,0.2683389437,0.2624796462,0.04724216461,0.04413038492
832,1.0,0.0,0.0,0.0,1.0,1.0,0.2684586594,0.2608712326,0.04763942957,0.0441955924
833,1.0,0.0,0.0,0.0,1.0,1.0,0.2669519482,0.2617588934,0.04688817263,0.04402917624
834,1.0,0.0,0.0,0.0,1.0,1.0,0.2616424908,0.2549947377,0.04614198208,0.04270285368
835,1.0,0.0,0.0,0.0,1.0,1.0,0.2601510405,0.2498603683,0.04538404942,0.04164993763
836,1.0,0.0,0.0,0.0,1.0,1.0,0.257282076,0.2412447786,0.04480189085,0.04020684958
837,1.0,0.0,0.0,0.0,1.0,1.0,0.2589312944,0.2455672929,0.04552030563,0.04146116972
838,1.0,0.0,0.0,0.0,1.0,1.0,0.247795648,0.2359792407,0.04364812374,0.03957426548
839,1.0,0.0,0.0,0.0,1.0,1.0,0.2386728899,0.2188435554,0.0416072607,0.03669530153
840,1.0,0.0,0.0,0.0,1.0,1.0,0.2068377958,0.182189844,0.03538453579,0.02972304821
841,1.0,0.0,0.0,0.0,1.0,1.0,0.1965844752,0.1757638414,0.03351658583,0.02872848511
842,1.0,0.0,0.0,0.0,1.0,1.0,0.1651549216,0.1409929403,0.0273514986,0.02227598429
843,1.0,0.0,0.0,0.0,1.0,1.0,0.1668573227,0.1422690869,0.0278775692,0.02275717258
844,1.0,0.0,0.0,0.0,1.0,1.0,0.1674194646,0.1430298836,0.02770417929,0.02266705036
845,1.0,0.0,0.0,0.0,1.0,1.0,0.1595033413,0.1387125364,0.02699279785,0.02239829302
846,1.0,0.0,0.0,0.0,1.0,1.0,0.1478766088,0.13028431,0.02487748861,0.02087420225
847,1.0,0.0,0.0,0.0,1.0,1.0,0.1510192464,0.128042437,0.02492827177,0.02016669512
848,1.0,0.0,0.0,0.0,1.0,1.0,0.186562553,0.1688952393,0.03133624792,0.02713942528
849,1.0,0.0,0.0,0.0,1.0,1.0,0.2543734667,0.2395921186,0.04409265518,0.03982561827
850,1.0,0.0,0.0,0.0,1.0,1.0,0.2839322621,0.289668815,0.0503063798,0.04915654659
851,1.0,0.0,0.0,0.0,1.0,1.0,0.2836914651,0.2950569791,0.04927259684,0.04898941517
852,1.0,0.0,0.0,0.0,1.0,1.0,0.2841709195,0.2930565699,0.05029290915,0.04943561554
853,1.0,0.0,0.0,0.0,1.0,1.0,0.288084081,0.2978137293,0.05146872997,0.05089366436
854,1.0,0.0,0.0,0.0,1.0,1.0,0.2908342002,0.3011785894,0.05178648233,0.05121427774
855,1.0,0.0,0.0,0.0,1.0,1.0,0.292168948,0.2974926309,0.05119651556,0.04979771376
856,1.0,0.0,0.0,0.0,1.0,1.0,0.289647256,0.2934604232,0.05104649067,0.04908317327
857,1.0,0.0,0.0,0.0,1.0,1.0,0.2864743397,0.2923535363,0.0507261157,0.04901623726
858,1.0,0.0,0.0,0.0,1.0,1.0,0.2843937874,0.2906539621,0.04968088865,0.04854536057
859,1.0,0.0,0.0,0.0,1.0,1.0,0.2774424284,0.2744230883,0.04891371727,0.04633933306
860,1.0,0.0,0.0,0.0,1.0,1.0,0.2785328552,0.2840877696,0.0480799675,0.04694867134
861,1.0,0.0,0.0,0.0,1.0,1.0,0.2785331246,0.2780016856,0.0487408638,0.0467338562
862,1.0,0.0,0.0,0.0,1.0,1.0,0.2719791933,0.2772423943,0.04719382524,0.04605662823
863,1.0,0.0,0.0,0.0,1.0,1.0,0.2745178428,0.2755311553,0.04757332802,0.04586410522
864,1.0,0.0,0.0,0.0,1.0,1.0,0.2764413939,0.2797074343,0.04830735922,0.04687815905
865,1.0,0.0,0.0,0.0,1.0,1.0,0.2731698631,0.2721083501,0.04791355133,0.04561829567
866,1.0,0.0,0.0,0.0,1.0,1.0,0.2736175976,0.2721083023,0.04753452539,0.04525744915
867,1.0,0.0,0.0,0.0,1.0,1.0,0.2731699828,0.2738195852,0.04825335741,0.04623073339
868,1.0,0.0,0.0,0.0,1.0,1.0,0.2653241309,0.2626520556,0.04621613026,0.0436643362
869,1.0,0.0,0.0,0.0,1.0,1.0,0.2687025387,0.2686855915,0.04749852419,0.0454711318
870,1.0,0.0,0.0,0.0,1.0,1.0,0.2661912363,0.2669742937,0.04624074697,0.04425495863
871,1.0,0.0,0.0,0.0,1.0,1.0,0.267824142,0.2694741224,0.04637783766,0.04468113184
872,1.0,0.0,0.0,0.0,1.0,1.0,0.264126631,0.2617583948,0.0459690094,0.0436989069
873,1.0,0.0,0.0,0.0,1.0,1.0,0.2693301704,0.2693411622,0.04726529121,0.0452721715
874,1.0,0.0,0.0,0.0,1.0,1.0,0.2661912665,0.2677684368,0.04655963182,0.04484575987
875,1.0,0.0,0.0,0.0,1.0,1.0,0.2678241603,0.2703969931,0.04769557714,0.04595065117
876,1.0,0.0,0.0,0.0,1.0,1.0,0.2710904457,0.2721080386,0.04722481966,0.04523336887
877,1.0,0.0,0.0,0.0,1.0,1.0,0.2706484846,0.2668575539,0.04674172401,0.04420745373
878,1.0,0.0,0.0,0.0,1.0,1.0,0.2755395889,0.278001953,0.04764276743,0.04595130682
879,1.0,0.0,0.0,0.0,1.0,1.0,0.2682625979,0.2668577932,0.04654377699,0.04455715418
880,1.0,0.0,0.0,0.0,1.0,1.0,0.2764411125,0.2755308066,0.04801875353,0.0457456708
881,1.0,0.0,0.0,0.0,1.0,1.0,0.2725747958,0.2753566817,0.04774016142,0.04603523016
882,1.0,0.0,0.0,0.0,1.0,1.0,0.2725748199,0.2676471704,0.04784941673,0.04500126839
883,1.0,0.0,0.0,0.0,1.0,1.0,0.2737531166,0.2770561399,0.04754197598,0.04585409164
884,1.0,0.0,0.0,0.0,1.0,1.0,0.2588130297,0.2609463725,0.04537338018,0.04366117716
885,1.0,0.0,0.0,0.0,1.0,1.0,0.2734627996,0.2770560612,0.04779267311,0.04637026787
886,1.0,0.0,0.0,0.0,1.0,1.0,0.2709529354,0.2738196424,0.04776036739,0.04575836658
887,1.0,0.0,0.0,0.0,1.0,1.0,0.2653241241,0.2694742058,0.04574942589,0.04434609413
888,1.0,0.0,0.0,0.0,1.0,1.0,0.2778933579,0.2872544446,0.04868143797,0.0481120944
889,1.0,0.0,0.0,0.0,1.0,1.0,0.2755392274,0.2840876431,0.04756480455,0.04672044516
890,1.0,0.0,0.0,0.0,1.0,1.0,0.2685794628,0.2764780153,0.04704385996,0.04590344429
891,1.0,0.0,0.0,0.0,1.0,1.0,0.2727237779,0.2816296217,0.04831057787,0.04744267464
892,1.0,0.0,0.0,0.0,1.0,1.0,0.2658611663,0.2696088896,0.04645043612,0.0450168252
893,1.0,0.0,0.0,0.0,1.0,1.0,0.2661914542,0.275708035,0.04647344351,0.04561805725
894,1.0,0.0,0.0,0.0,1.0,1.0,0.266517761,0.2730433113,0.0463501811,0.04493707418
895,1.0,0.0,0.0,0.0,1.0,1.0,0.2660851306,0.2738196982,0.04605770111,0.04493433237
896,1.0,0.0,0.0,0.0,1.0,1.0,0.2643685621,0.2694742769,0.04606932402,0.04438388348
897,1.0,0.0,0.0,0.0,1.0,1.0,0.2724282076,0.2855548772,0.0481492877,0.0478644371
898,1.0,0.0,0.0,0.0,1.0,1.0,0.2595324334,0.2676471334,0.04551589489,0.0446677804
899,1.0,0.0,0.0,0.0,1.0,1.0,0.2647954824,0.2736568304,0.04633003473,0.04548257589
900,1.0,0.0,0.0,0.0,1.0,1.0,0.2728688653,0.2855549331,0.04819697142,0.04791176319
901,1.0,0.0,0.0,0.0,1.0,1.0,0.2679083805,0.2821553873,0.04670965672,0.04642993212
902,1.0,0.0,0.0,0.0,1.0,1.0,0.2754873231,0.28628067,0.04830169678,0.04745918512
903,1.0,0.0,0.0,0.0,1.0,1.0,0.2775335698,0.2879747736,0.04849231243,0.0476514101
904,1.0,0.0,0.0,0.0,1.0,1.0,0.2698175057,0.2826704248,0.0476731658,0.04739105701
905,1.0,0.0,0.0,0.0,1.0,1.0,0.2730103639,0.2853136925,0.04785126448,0.04729163647
906,1.0,0.0,0.0,0.0,1.0,1.0,0.2743250086,0.2855546353,0.04783922434,0.04699993134
907,1.0,0.0,0.0,0.0,1.0,1.0,0.2690804827,0.2819370552,0.04694205523,0.04666262865
908,1.0,0.0,0.0,0.0,1.0,1.0,0.2754874213,0.2853139535,0.04869371653,0.04784440994
909,1.0,0.0,0.0,0.0,1.0,1.0,0.2657753468,0.2759402103,0.04702740908,0.04618257284
910,1.0,0.0,0.0,0.0,1.0,1.0,0.263852924,0.2787557925,0.04671502113,0.04643183947
911,1.0,0.0,0.0,0.0,1.0,1.0,0.2730104453,0.2862807784,0.04821628332,0.04765236378
912,1.0,0.0,0.0,0.0,1.0,1.0,0.2714139355,0.2855550204,0.04781353474,0.0472510457
913,1.0,0.0,0.0,0.0,1.0,1.0,0.2725748186,0.2862808521,0.04827529192,0.04771071672
914,1.0,0.0,0.0,0.0,1.0,1.0,0.267273828,0.2797074473,0.04647117853,0.04618954659
915,1.0,0.0,0.0,0.0,1.0,1.0,0.2571853689,0.2670924276,0.04478818178,0.04393780231
916,1.0,0.0,0.0,0.0,1.0,1.0,0.2605103031,0.2680164066,0.04475522041,0.04362928867
917,1.0,0.0,0.0,0.0,1.0,1.0,0.2539565297,0.2584762886,0.04412204027,0.04269874096
918,1.0,0.0,0.0,0.0,1.0,1.0,0.2539565363,0.2593054254,0.04359328747,0.0424683094
919,1.0,0.0,0.0,0.0,1.0,1.0,0.255974579,0.261022714,0.04430794716,0.0428968668
920,1.0,0.0,0.0,0.0,1.0,1.0,0.2576051455,0.2661741284,0.04499220848,0.0441378355
921,1.0,0.0,0.0,0.0,1.0,1.0,0.2592354154,0.2661745295,0.04536235332,0.0442211628
922,1.0,0.0,0.0,0.0,1.0,1.0,0.2498606824,0.2575882575,0.04333400726,0.04220843315
923,1.0,0.0,0.0,0.0,1.0,1.0,0.2620686457,0.2652627914,0.04631662369,0.04459053278
924,1.0,0.0,0.0,0.0,1.0,1.0,0.2514936014,0.2575879155,0.04400277138,0.04285979271
925,1.0,0.0,0.0,0.0,1.0,1.0,0.2547594349,0.2593053373,0.04436910152,0.04294705391
926,1.0,0.0,0.0,0.0,1.0,1.0,0.2465943809,0.2575880226,0.04316991568,0.0428839922
927,1.0,0.0,0.0,0.0,1.0,1.0,0.2453624006,0.2550661698,0.04235190153,0.04150485992
928,1.0,0.0,0.0,0.0,1.0,1.0,0.252302174,0.2635512843,0.04450464249,0.04421746731
929,1.0,0.0,0.0,0.0,1.0,1.0,0.2256266344,0.2234664853,0.03884094954,0.03653919697
930,1.0,0.0,0.0,0.0,1.0,1.0,0.1285513186,0.1397686723,0.0206810832,0.021263659
931,1.0,0.0,0.0,0.0,1.0,1.0,0.1240317238,0.1691072009,0.01992851496,0.02570486069
932,1.0,0.0,0.0,0.0,1.0,1.0,0.1251568468,0.158308228,0.0199893713,0.02404516935
933,1.0,0.0,0.0,0.0,1.0,1.0,0.1206530788,0.1596064398,0.01967597008,0.02466839552
934,1.0,0.0,0.0,0.0,1.0,1.0,0.1293605411,0.1390200034,0.02151060104,0.0218052268
935,1.0,0.0,0.0,0.0,1.0,1.0,0.1812545043,0.1791111809,0.03077584505,0.02876245975
936,1.0,0.0,0.0,0.0,1.0,1.0,0.2427928586,0.2411240041,0.04205137491,0.03974717855
937,1.0,0.0,0.0,0.0,1.0,1.0,0.2749272902,0.2909336991,0.04755967855,0.04755973816
938,1.0,0.0,0.0,0.0,1.0,1.0,0.2880557366,0.3055727024,0.05128109455,0.05128109455
939,1.0,0.0,0.0,0.0,1.0,1.0,0.2814428011,0.2991525523,0.05004948378,0.05004948378
940,1.0,0.0,0.0,0.0,1.0,1.0,0.2828004159,0.2964447338,0.04939866066,0.04911798239
941,1.0,0.0,0.0,0.0,1.0,1.0,0.2800369376,0.2896685934,0.04949939251,0.0486459136
942,1.0,0.0,0.0,0.0,1.0,1.0,0.2844071631,0.2927660299,0.04964971542,0.04880821705
943,1.0,0.0,0.0,0.0,1.0,1.0,0.2769154134,0.2807796733,0.04913920164,0.0474447608
944,1.0,0.0,0.0,0.0,1.0,1.0,0.2724282443,0.2734956291,0.04793798923,0.0459523797
945,1.0,0.0,0.0,0.0,1.0,1.0,0.2752089112,0.2751844244,0.0484380722,0.04617196321
946,1.0,0.0,0.0,0.0,1.0,1.0,0.2799736769,0.2831179573,0.04853588343,0.04684275389
947,1.0,0.0,0.0,0.0,1.0,1.0,0.2722783194,0.278954097,0.04774332047,0.04659986496
948,1.0,0.0,0.0,0.0,1.0,1.0,0.279974104,0.2848238776,0.04905933142,0.04763317108
949,1.0,0.0,0.0,0.0,1.0,1.0,0.2827690131,0.2882348204,0.04985898733,0.04842621088
950,1.0,0.0,0.0,0.0,1.0,1.0,0.2795190331,0.2848237869,0.04901230335,0.04758745432
951,1.0,0.0,0.0,0.0,1.0,1.0,0.2739092907,0.2781952011,0.04809093475,0.04637336731
952,1.0,0.0,0.0,0.0,1.0,1.0,0.2746433737,0.2789538474,0.04813158512,0.04642277956
953,1.0,0.0,0.0,0.0,1.0,1.0,0.2612920547,0.2644568874,0.0456828475,0.0439696908
954,1.0,0.0,0.0,0.0,1.0,1.0,0.2607240471,0.2608712829,0.04595828056,0.0436887145
955,1.0,0.0,0.0,0.0,1.0,1.0,0.2555204633,0.2507130938,0.04467117786,0.04156118631
956,1.0,0.0,0.0,0.0,1.0,1.0,0.247835641,0.2387745271,0.04271799326,0.03908836842
957,1.0,0.0,0.0,0.0,1.0,1.0,0.2474346369,0.2362624282,0.04336285591,0.03939497471
958,1.0,0.0,0.0,0.0,1.0,1.0,0.2486493716,0.2405436983,0.04282617569,0.03948909044
959,1.0,0.0,0.0,0.0,1.0,1.0,0.2482484175,0.2422376598,0.04341828823,0.04031699896
960,1.0,0.0,0.0,0.0,1.0,1.0,0.2498604482,0.240543547,0.04364144802,0.03998118639
961,1.0,0.0,0.0,0.0,1.0,1.0,0.2498605591,0.2404801577,0.04313546419,0.03975230455
962,1.0,0.0,0.0,0.0,1.0,1.0,0.2547279029,0.2515601499,0.04350781441,0.04101371765
963,1.0,0.0,0.0,0.0,1.0,1.0,0.2478226862,0.2464611687,0.04255276918,0.04059308767
964,1.0,0.0,0.0,0.0,1.0,1.0,0.2498605773,0.24223772,0.04352831841,0.04041916132
965,1.0,0.0,0.0,0.0,1.0,1.0,0.2445959651,0.234562884,0.0420473814,0.03842741251
966,1.0,0.0,0.0,0.0,1.0,1.0,0.2445959831,0.2388497865,0.04247158766,0.03965890408
967,1.0,0.0,0.0,0.0,1.0,1.0,0.2608659466,0.2541242074,0.04521125555,0.04210293293
968,1.0,0.0,0.0,0.0,1.0,1.0,0.2523020607,0.2498603112,0.04364573956,0.04139304161
969,1.0,0.0,0.0,0.0,1.0,1.0,0.255176406,0.2464379006,0.04405629635,0.04066741467
970,1.0,0.0,0.0,0.0,1.0,1.0,0.2527139202,0.2532829959,0.04399055243,0.04200381041
971,1.0,0.0,0.0,0.0,1.0,1.0,0.2555949463,0.2515715738,0.04464566708,0.04206991196
972,1.0,0.0,0.0,0.0,1.0,1.0,0.2502720943,0.2395923264,0.04324609041,0.03983193636
973,1.0,0.0,0.0,0.0,1.0,1.0,0.2535651963,0.2507190957,0.0434846282,0.04122567177
974,1.0,0.0,0.0,0.0,1.0,1.0,0.2486255635,0.2490018195,0.04268544912,0.04098933935
975,1.0,0.0,0.0,0.0,1.0,1.0,0.2560147652,0.2515719929,0.04433262348,0.04177498817
976,1.0,0.0,0.0,0.0,1.0,1.0,0.256812158,0.2593053259,0.04439324141,0.0426967144
977,1.0,0.0,0.0,0.0,1.0,1.0,0.2506796361,0.2558706795,0.0434268713,0.04229152203
978,1.0,0.0,0.0,0.0,1.0,1.0,0.2584482101,0.2601288004,0.04399102926,0.04232048988
979,1.0,0.0,0.0,0.0,1.0,1.0,0.2571854406,0.2600586054,0.04436826706,0.04296416044
980,1.0,0.0,0.0,0.0,1.0,1.0,0.2608657044,0.2677682447,0.04473811388,0.04389923811
981,1.0,0.0,0.0,0.0,1.0,1.0,0.2645582367,0.2721082482,0.04588651657,0.04503673315
982,1.0,0.0,0.0,0.0,1.0,1.0,0.2608657413,0.2677683935,0.04508149624,0.04423618317
983,1.0,0.0,0.0,0.0,1.0,1.0,0.2624962331,0.2660631974,0.0452221036,0.04381769896
984,1.0,0.0,0.0,0.0,1.0,1.0,0.2632674907,0.2694739301,0.04554635286,0.04442173243
985,1.0,0.0,0.0,0.0,1.0,1.0,0.2713929557,0.2770562971,0.04752761126,0.04638928175
986,1.0,0.0,0.0,0.0,1.0,1.0,0.2672738622,0.270257131,0.04604178667,0.0443674922
987,1.0,0.0,0.0,0.0,1.0,1.0,0.2660850461,0.2719570026,0.04604917765,0.04492604733
988,1.0,0.0,0.0,0.0,1.0,1.0,0.2697679869,0.2770560617,0.04665541649,0.04581224918
989,1.0,0.0,0.0,0.0,1.0,1.0,0.2765447301,0.2828927099,0.04808330536,0.04695850611
990,1.0,0.0,0.0,0.0,1.0,1.0,0.2716928731,0.2768723593,0.0474293828,0.0463001132
991,1.0,0.0,0.0,0.0,1.0,1.0,0.2712541317,0.2802490895,0.04706561565,0.04650533199
992,1.0,0.0,0.0,0.0,1.0,1.0,0.2728687557,0.2804555877,0.04760986567,0.04648298025
993,1.0,0.0,0.0,0.0,1.0,1.0,0.2693303973,0.2770559863,0.04631793499,0.04548078775
994,1.0,0.0,0.0,0.0,1.0,1.0,0.2668413018,0.2719569235,0.04625421762,0.0448525548
995,1.0,0.0,0.0,0.0,1.0,1.0,0.2648928276,0.2694740765,0.04588377476,0.04447627068
996,1.0,0.0,0.0,0.0,1.0,1.0,0.2652239728,0.2676470957,0.04620927572,0.04451870918
997,1.0,0.0,0.0,0.0,1.0,1.0,0.2645579623,0.2686853878,0.04569554329,0.04428517818
998,1.0,0.0,0.0,0.0,1.0,1.0,0.2702074526,0.2770560775,0.0467004776,0.04585647583
999,1.0,0.0,0.0,0.0,1.0,1.0,0.2694574092,0.2755310522,0.04657691717,0.04544776678
1000,1.0,0.0,0.0,0.0,1.0,1.0,0.2665178284,0.2728849998,0.04617196321,0.04504579306
1001,1.0,0.0,0.0,0.0,1.0,1.0,0.2709526695,0.2789541031,0.04683482647,0.04571306705
1002,1.0,0.0,0.0,0.0,1.0,1.0,0.2673873731,0.2772426772,0.04597598314,0.04541534185
1003,1.0,0.0,0.0,0.0,1.0,1.0,0.2661911459,0.2747608236,0.04625195265,0.04540073872
1004,1.0,0.0,0.0,0.0,1.0,1.0,0.2677076027,0.2831182281,0.04602921009,0.04630815983
1005,1.0,0.0,0.0,0.0,1.0,1.0,0.2725753014,0.2831185085,0.04759776592,0.04703110456
1006,1.0,0.0,0.0,0.0,1.0,1.0,0.2665177033,0.2772426263,0.0460549593,0.04549336433
1007,1.0,0.0,0.0,0.0,1.0,1.0,0.2494501914,0.2515836356,0.04250121117,0.04082351923
1008,1.0,0.0,0.0,0.0,1.0,1.0,0.2275955526,0.2126839332,0.03896677494,0.03473126888
1009,1.0,0.0,0.0,0.0,1.0,1.0,0.2151119225,0.1978060372,0.0365961194,0.03209191561
1010,1.0,0.0,0.0,0.0,1.0,1.0,0.2197119442,0.2074966459,0.03740483522,0.03374874592
1011,1.0,0.0,0.0,0.0,1.0,1.0,0.217126,0.2057676713,0.03667986393,0.0333198905
1012,1.0,0.0,0.0,0.0,1.0,1.0,0.1463030415,0.1235473454,0.0233605504,0.01885730028
1013,1.0,0.0,0.0,0.0,1.0,1.0,0.1255935733,0.1300389474,0.02050423622,0.02021545172
1014,1.0,0.0,0.0,0.0,1.0,1.0,0.1326692086,0.1393273354,0.02134162188,0.02134162188
1015,1.0,0.0,0.0,0.0,1.0,1.0,0.128794233,0.13447007,0.02120190859,0.02091914415
1016,1.0,0.0,0.0,0.0,1.0,1.0,0.1341765677,0.1263031278,0.02272486687,0.02010273933
1017,1.0,0.0,0.0,0.0,1.0,1.0,0.1786523104,0.1707232363,0.0297305584,0.02692580223
1018,1.0,0.0,0.0,0.0,1.0,1.0,0.2312759493,0.2203627505,0.03944313526,0.03578048944
1019,1.0,0.0,0.0,0.0,1.0,1.0,0.2535408372,0.2532835441,0.04325968027,0.04130607843
1020,1.0,0.0,0.0,0.0,1.0,1.0,0.2600838721,0.2618400401,0.04514878988,0.04344505072
1021,1.0,0.0,0.0,0.0,1.0,1.0,0.2666268149,0.2705387903,0.0456739068,0.04399269819
1022,1.0,0.0,0.0,0.0,1.0,1.0,0.2642206273,0.2680166652,0.04577416182,0.04406827688
1023,1.0,0.0,0.0,0.0,1.0,1.0,0.2621488626,0.2661744063,0.04508173466,0.04367291927
1024,1.0,0.0,0.0,0.0,1.0,1.0,0.262579291,0.2714747794,0.04505771399,0.04421287775
1025,1.0,0.0,0.0,0.0,1.0,1.0,0.2637868773,0.2696089687,0.04564458132,0.04451060295
1026,1.0,0.0,0.0,0.0,1.0,1.0,0.2612919886,0.2688156777,0.04514175653,0.0440132618
1027,1.0,0.0,0.0,0.0,1.0,1.0,0.2641267675,0.2711798681,0.04586613178,0.04501676559
1028,1.0,0.0,0.0,0.0,1.0,1.0,0.2661910952,0.2721083104,0.04561758041,0.04449814558
1029,1.0,0.0,0.0,0.0,1.0,1.0,0.2703408672,0.2764780138,0.0461306572,0.04501235485
1030,1.0,0.0,0.0,0.0,1.0,1.0,0.2675023784,0.2747604734,0.04558181763,0.04474288225
1031,1.0,0.0,0.0,0.0,1.0,1.0,0.2681429708,0.2702573553,0.04684150219,0.04513818026
1032,1.0,0.0,0.0,0.0,1.0,1.0,0.2665175821,0.2789538188,0.04627323151,0.04599112272
1033,1.0,0.0,0.0,0.0,1.0,1.0,0.2739090608,0.2816293531,0.0470264554,0.04590672255
1034,1.0,0.0,0.0,0.0,1.0,1.0,0.2703407293,0.2730433165,0.04629200697,0.04460865259
1035,1.0,0.0,0.0,0.0,1.0,1.0,0.2731697132,0.2816299558,0.04710257053,0.0462564826
1036,1.0,0.0,0.0,0.0,1.0,1.0,0.271835151,0.2833470055,0.04711323977,0.0465490222
1037,1.0,0.0,0.0,0.0,1.0,1.0,0.2727236705,0.2816295142,0.04676753283,0.04592734575
1038,1.0,0.0,0.0,0.0,1.0,1.0,0.2690179852,0.2772422144,0.04667556286,0.04582685232
1039,1.0,0.0,0.0,0.0,1.0,1.0,0.2629250997,0.2686856075,0.04524642229,0.04412227869
1040,1.0,0.0,0.0,0.0,1.0,1.0,0.2648925864,0.2755313418,0.04614448547,0.04557836056
1041,1.0,0.0,0.0,0.0,1.0,1.0,0.2669518762,0.2755309587,0.04656898975,0.04571712017
1042,1.0,0.0,0.0,0.0,1.0,1.0,0.2705136369,0.28045549,0.04717242718,0.04660743475
1043,1.0,0.0,0.0,0.0,1.0,1.0,0.2778937494,0.291645748,0.04795581102,0.04795575142
1044,1.0,0.0,0.0,0.0,1.0,1.0,0.2793269609,0.2940534,0.04892843962,0.04892843962
1045,1.0,0.0,0.0,0.0,1.0,1.0,0.2797788267,0.2933515674,0.04816073179,0.0478823781
1046,1.0,0.0,0.0,0.0,1.0,1.0,0.2733100256,0.2889542253,0.04718142748,0.04746061563
1047,1.0,0.0,0.0,0.0,1.0,1.0,0.2804307078,0.2933515144,0.04826569557,0.04826569557
1048,1.0,0.0,0.0,0.0,1.0,1.0,0.2820610936,0.2967626667,0.04862618446,0.04890727997
1049,1.0,0.0,0.0,0.0,1.0,1.0,0.2776227829,0.2875106962,0.04744100571,0.04688286781
1050,1.0,0.0,0.0,0.0,1.0,1.0,0.2721251739,0.2818495129,0.04635769129,0.0457957983
1051,1.0,0.0,0.0,0.0,1.0,1.0,0.2673874659,0.2799123778,0.0458329916,0.04555350542
1052,1.0,0.0,0.0,0.0,1.0,1.0,0.2706481227,0.2816294882,0.04673969746,0.04617655277
1053,1.0,0.0,0.0,0.0,1.0,1.0,0.2743564698,0.2840877793,0.04685235023,0.04629456997
1054,1.0,0.0,0.0,0.0,1.0,1.0,0.2698983153,0.2747602542,0.04679632187,0.04537820816
1055,1.0,0.0,0.0,0.0,1.0,1.0,0.2774423091,0.2872543957,0.0480466485,0.04748469591
1056,1.0,0.0,0.0,0.0,1.0,1.0,0.275539188,0.2797071854,0.04782032967,0.04640555382
1057,1.0,0.0,0.0,0.0,1.0,1.0,0.2830134211,0.2947504999,0.04901170731,0.04873162508
1058,1.0,0.0,0.0,0.0,1.0,1.0,0.2774425172,0.2889541456,0.04736745358,0.04709041119
1059,1.0,0.0,0.0,0.0,1.0,1.0,0.2793271676,0.2913626486,0.04773843288,0.04746246338
1060,1.0,0.0,0.0,0.0,1.0,1.0,0.2756524306,0.2862807573,0.04793506861,0.04737442732
1061,1.0,0.0,0.0,0.0,1.0,1.0,0.279518842,0.2923539085,0.04803574085,0.04803574085
1062,1.0,0.0,0.0,0.0,1.0,1.0,0.2744832653,0.2853137946,0.04759579897,0.04731583595
1063,1.0,0.0,0.0,0.0,1.0,1.0,0.2760978357,0.2872544062,0.04796761274,0.04740655422
1064,1.0,0.0,0.0,0.0,1.0,1.0,0.2786128741,0.2862806695,0.04856020212,0.04771316051
1065,1.0,0.0,0.0,0.0,1.0,1.0,0.2765446464,0.2836256052,0.04799425602,0.04715228081
1066,1.0,0.0,0.0,0.0,1.0,1.0,0.2661913597,0.2703971649,0.04597014189,0.0445600152
1067,1.0,0.0,0.0,0.0,1.0,1.0,0.2697678318,0.2797074181,0.04670196772,0.04613935947
1068,1.0,0.0,0.0,0.0,1.0,1.0,0.2644629528,0.2711798963,0.04557573795,0.0444573164
1069,1.0,0.0,0.0,0.0,1.0,1.0,0.2705135893,0.2770563211,0.04655212164,0.04543709755
1070,1.0,0.0,0.0,0.0,1.0,1.0,0.2755395101,0.2838552371,0.04765218496,0.04708826542
1071,1.0,0.0,0.0,0.0,1.0,1.0,0.2733103987,0.2785609283,0.04738432169,0.04626280069
1072,1.0,0.0,0.0,0.0,1.0,1.0,0.2688937334,0.2761168407,0.04657065868,0.04572898149
1073,1.0,0.0,0.0,0.0,1.0,1.0,0.2588132235,0.266062757,0.04461526871,0.0437734127
1074,1.0,0.0,0.0,0.0,1.0,1.0,0.2719792051,0.2780015053,0.04641294479,0.04557412863
1075,1.0,0.0,0.0,0.0,1.0,1.0,0.271393355,0.2753564613,0.04659187794,0.04519689083
1076,1.0,0.0,0.0,0.0,1.0,1.0,0.2734627737,0.2770560671,0.04738688469,0.04597657919
1077,1.0,0.0,0.0,0.0,1.0,1.0,0.2715341523,0.2772424482,0.04652029276,0.0453993082
1078,1.0,0.0,0.0,0.0,1.0,1.0,0.2706481739,0.2762958742,0.04670453072,0.04557907581
1079,1.0,0.0,0.0,0.0,1.0,1.0,0.2613671834,0.2619227033,0.0442327261,0.04228538275
1080,1.0,0.0,0.0,0.0,1.0,1.0,0.2661911814,0.2755308764,0.04568147659,0.04512095451
1081,1.0,0.0,0.0,0.0,1.0,1.0,0.2621484889,0.2652627079,0.04497373104,0.04356831312
1082,1.0,0.0,0.0,0.0,1.0,1.0,0.2658612554,0.2713264168,0.04593878984,0.04480457306
1083,1.0,0.0,0.0,0.0,1.0,1.0,0.2654252875,0.2728854058,0.046192348,0.04562216997
1084,1.0,0.0,0.0,0.0,1.0,1.0,0.258448167,0.2627396754,0.04430294037,0.04290091991
1085,1.0,0.0,0.0,0.0,1.0,1.0,0.2661910678,0.2721083823,0.04610645771,0.04497504234
1086,1.0,0.0,0.0,0.0,1.0,1.0,0.2710904823,0.2762963289,0.0463809371,0.04526335001
1087,1.0,0.0,0.0,0.0,1.0,1.0,0.2694575254,0.275531228,0.04668587446,0.04555410147
1088,1.0,0.0,0.0,0.0,1.0,1.0,0.2734628383,0.2797072405,0.04702365398,0.04590404034
1089,1.0,0.0,0.0,0.0,1.0,1.0,0.2715342512,0.281629927,0.04668295383,0.04612052441
1090,1.0,0.0,0.0,0.0,1.0,1.0,0.2719792571,0.2799121535,0.04710131884,0.0462500453
1091,1.0,0.0,0.0,0.0,1.0,1.0,0.2746432672,0.2831180133,0.04710334539,0.04626715183
1092,1.0,0.0,0.0,0.0,1.0,1.0,0.2698984021,0.2772422066,0.04635536671,0.04551249743
1093,1.0,0.0,0.0,0.0,1.0,1.0,0.2293527219,0.2174223488,0.03880190849,0.03511995077
1094,1.0,0.0,0.0,0.0,1.0,1.0,0.181095636,0.1563875352,0.03002679348,0.02464461327
1095,1.0,0.0,0.0,0.0,1.0,1.0,0.1708889781,0.142519518,0.0283998251,0.0226624608
1096,1.0,0.0,0.0,0.0,1.0,1.0,0.1725530452,0.1540358639,0.0288952589,0.02460390329
1097,1.0,0.0,0.0,0.0,1.0,1.0,0.1903695857,0.1707231118,0.03142994642,0.02693998814
1098,1.0,0.0,0.0,0.0,1.0,1.0,0.2113879905,0.1984707402,0.03504514694,0.03140044212
1099,1.0,0.0,0.0,0.0,1.0,1.0,0.2289690679,0.2116875256,0.03911584616,0.03483313322
1100,1.0,0.0,0.0,0.0,1.0,1.0,0.2420396703,0.2343516596,0.04136955738,0.03827381134
1101,1.0,0.0,0.0,0.0,1.0,1.0,0.2338069094,0.2213297229,0.03971409798,0.03579860926
1102,1.0,0.0,0.0,0.0,1.0,1.0,0.2399976325,0.2318293344,0.04096627235,0.03787976503
1103,1.0,0.0,0.0,0.0,1.0,1.0,0.2486333675,0.2404152823,0.04256659746,0.03920608759
1104,1.0,0.0,0.0,0.0,1.0,1.0,0.2384291973,0.2326288807,0.04107934237,0.03798431158
1105,1.0,0.0,0.0,0.0,1.0,1.0,0.2560145365,0.2558710476,0.04392135143,0.04195058346
1106,1.0,0.0,0.0,0.0,1.0,1.0,0.2617197102,0.2601289138,0.0453594923,0.04309153557
1107,1.0,0.0,0.0,0.0,1.0,1.0,0.2543441742,0.2532833796,0.04388386011,0.04163342714
1108,1.0,0.0,0.0,0.0,1.0,1.0,0.2583923722,0.2668577921,0.0444226861,0.04386389256
1109,1.0,0.0,0.0,0.0,1.0,1.0,0.2531052579,0.2609461666,0.04348474741,0.04264849424
1110,1.0,0.0,0.0,0.0,1.0,1.0,0.2510751657,0.2592407149,0.0429880023,0.04215598106
1111,1.0,0.0,0.0,0.0,1.0,1.0,0.2551420434,0.2635516926,0.04386562109,0.04302746058
1112,1.0,0.0,0.0,0.0,1.0,1.0,0.2535168179,0.2626517759,0.04344171286,0.04288476706
1113,1.0,0.0,0.0,0.0,1.0,1.0,0.2559348953,0.2635516248,0.04445207119,0.0433267355
1114,1.0,0.0,0.0,0.0,1.0,1.0,0.2527137927,0.2636455166,0.04335671663,0.04279720783
1115,1.0,0.0,0.0,0.0,1.0,1.0,0.2486415303,0.2584175929,0.04274809361,0.04218935966
1116,1.0,0.0,0.0,0.0,1.0,1.0,0.2514829295,0.2575351623,0.04337245226,0.04225313663
1117,1.0,0.0,0.0,0.0,1.0,1.0,0.2530846585,0.2609464535,0.04341977835,0.04231351614
1118,1.0,0.0,0.0,0.0,1.0,1.0,0.2542862282,0.26606303,0.04396265745,0.04340618849
1119,1.0,0.0,0.0,0.0,1.0,1.0,0.2550410986,0.2641621795,0.04421705008,0.04338794947
1120,1.0,0.0,0.0,0.0,1.0,1.0,0.255041055,0.2692100179,0.04452180862,0.04452180862
1121,1.0,0.0,0.0,0.0,1.0,1.0,0.2506636988,0.2634582412,0.04338771105,0.04310959578
1122,1.0,0.0,0.0,0.0,1.0,1.0,0.2486573487,0.260059086,0.0430495739,0.04249411821
1123,1.0,0.0,0.0,0.0,1.0,1.0,0.2438444313,0.2575355111,0.04208141565,0.04180461168
1124,1.0,0.0,0.0,0.0,1.0,1.0,0.2348770194,0.2379621541,0.04012161493,0.03873807192
1125,1.0,0.0,0.0,0.0,1.0,1.0,0.2281156225,0.2249602304,0.03867262602,0.03644686937
1126,1.0,0.0,0.0,0.0,1.0,1.0,0.2211743148,0.2159072741,0.03712314367,0.03461104631
1127,1.0,0.0,0.0,0.0,1.0,1.0,0.1807866292,0.1760581144,0.0295316577,0.02758139372
1128,1.0,0.0,0.0,0.0,1.0,1.0,0.1807863065,0.1742800079,0.0292366147,0.02703011036
1129,1.0,0.0,0.0,0.0,1.0,1.0,0.1784720039,0.1754339299,0.02951961756,0.02783274651
1130,1.0,0.0,0.0,0.0,1.0,1.0,0.1772657177,0.1770941311,0.02916550636,0.02805447578
1131,1.0,0.0,0.0,0.0,1.0,1.0,0.1805010499,0.178222102,0.02968686819,0.02803760767
1132,1.0,0.0,0.0,0.0,1.0,1.0,0.175487356,0.1747274024,0.02868539095,0.0273193717
1133,1.0,0.0,0.0,0.0,1.0,1.0,0.1772660614,0.1783455452,0.02884101868,0.02774226665
1134,1.0,0.0,0.0,0.0,1.0,1.0,0.163759988,0.1695166543,0.02706891298,0.02678984404
1135,1.0,0.0,0.0,0.0,1.0,1.0,0.1759814625,0.1847556774,0.02934908867,0.02907216549
1136,1.0,0.0,0.0,0.0,1.0,1.0,0.1839770474,0.1953136122,0.03066658974,0.03066658974
1137,1.0,0.0,0.0,0.0,1.0,1.0,0.189127721,0.1978063793,0.03212738037,0.03157347441
1138,1.0,0.0,0.0,0.0,1.0,1.0,0.1799320951,0.1915308632,0.03004777431,0.03004783392
1139,1.0,0.0,0.0,0.0,1.0,1.0,0.167919157,0.1863072736,0.02846026421,0.02928125858
1140,1.0,0.0,0.0,0.0,1.0,1.0,0.1590751723,0.1793423474,0.02727401257,0.02837598324
1141,1.0,0.0,0.0,0.0,1.0,1.0,0.1652367828,0.1863069981,0.02813529968,0.02922791243
1142,1.0,0.0,0.0,0.0,1.0,1.0,0.1267584582,0.1486625745,0.02135705948,0.02272611856
1143,1.0,0.0,0.0,0.0,1.0,1.0,0.09285339218,0.1548951835,0.01513016224,0.02310794592
1144,1.0,0.0,0.0,0.0,1.0,1.0,0.09269692072,0.1610210814,0.01547962427,0.0244859457
1145,1.0,0.0,0.0,0.0,1.0,1.0,0.08228667224,0.1803500915,0.01339370012,0.02678740025
1146,1.0,0.0,0.0,0.0,1.0,1.0,0.07714359729,0.1949668467,0.01255363226,0.02873396873
1147,1.0,0.0,0.0,0.0,1.0,1.0,0.07089464529,0.1995083893,0.01159501076,0.02969455719
1148,1.0,0.0,0.0,0.0,1.0,1.0,0.07004636109,0.1919079697,0.01133060455,0.02791196108
1149,1.0,0.0,0.0,0.0,1.0,1.0,0.06408889549,0.2018103207,0.01039779186,0.0295072794
1150,1.0,0.0,0.0,0.0,1.0,1.0,0.06345686414,0.2124801522,0.01008194685,0.03024578094
1151,1.0,0.0,0.0,0.0,1.0,1.0,0.0599314289,0.2273236798,0.009572923183,0.03266042471
1152,1.0,0.0,0.0,0.0,1.0,1.0,0.05241863669,0.2351627511,0.008429348469,0.03371715546
1153,1.0,0.0,0.0,0.0,1.0,1.0,0.05542834285,0.2440046073,0.009076714516,0.03545594215
1154,1.0,0.0,0.0,0.0,1.0,1.0,0.06431182137,0.2469211013,0.01018732786,0.03469204903
1155,1.0,0.0,0.0,0.0,1.0,1.0,0.06353838239,0.2498601472,0.01026582718,0.03551417589
1156,1.0,0.0,0.0,0.0,1.0,1.0,0.07028657962,0.2430550389,0.01117807627,0.0340795517
1157,1.0,0.0,0.0,0.0,1.0,1.0,0.07163226277,0.2672922484,0.01163721085,0.03823655844
1158,1.0,0.0,0.0,0.0,1.0,1.0,0.08455545275,0.2584764051,0.01378911734,0.03723049164
1159,1.0,0.0,0.0,0.0,1.0,1.0,0.07622875343,0.2739787033,0.01210874319,0.03820979595
1160,1.0,0.0,0.0,0.0,1.0,1.0,0.08314539918,0.2546838211,0.01344108582,0.03620862961
1161,1.0,0.0,0.0,0.0,1.0,1.0,0.1006151858,0.2307872976,0.01632189751,0.03291577101
1162,1.0,0.0,0.0,0.0,1.0,1.0,0.1164074059,0.2120027508,0.01922494173,0.03075993061
1163,1.0,0.0,0.0,0.0,1.0,1.0,0.1698722026,0.2220983325,0.02777981758,0.03236484528
1164,1.0,0.0,0.0,0.0,1.0,1.0,0.2188322103,0.2589796695,0.03642588854,0.038600564
1165,1.0,0.0,0.0,0.0,1.0,1.0,0.268024709,0.2947995336,0.04589700699,0.0453440547
1166,1.0,0.0,0.0,0.0,1.0,1.0,0.2917033898,0.3112141151,0.05048257113,0.04827564955
1167,1.0,0.0,0.0,0.0,1.0,1.0,0.3174327825,0.3279419137,0.05446982384,0.05096435547
1168,1.0,0.0,0.0,0.0,1.0,1.0,0.340434938,0.3435585432,0.05934780836,0.05390310287
1169,1.0,0.0,0.0,0.0,1.0,1.0,0.3512813184,0.3486023895,0.06109565496,0.05487793684
1170,1.0,0.0,0.0,0.0,1.0,1.0,0.3576128879,0.3566976495,0.06106799841,0.05520123243
1171,1.0,0.0,0.0,0.0,1.0,1.0,0.3637160662,0.3554712492,0.0629311204,0.05566978455
1172,1.0,0.0,0.0,0.0,1.0,1.0,0.3734348642,0.3662337692,0.06423103809,0.05703502893
1173,1.0,0.0,0.0,0.0,1.0,1.0,0.3628648239,0.3643799297,0.06260746717,0.05667054653
1174,1.0,0.0,0.0,0.0,1.0,1.0,0.3695284863,0.3657750061,0.06417512894,0.05767637491
1175,1.0,0.0,0.0,0.0,1.0,1.0,0.3667246647,0.3665775955,0.06297087669,0.05729538202
1176,1.0,0.0,0.0,0.0,1.0,1.0,0.3647251,0.356697594,0.06215691566,0.05569911003
1177,1.0,0.0,0.0,0.0,1.0,1.0,0.3641499141,0.3643797928,0.06248635054,0.05680578947
1178,1.0,0.0,0.0,0.0,1.0,1.0,0.3761680458,0.3674923804,0.06456446648,0.05781084299
1179,1.0,0.0,0.0,0.0,1.0,1.0,0.3667241795,0.3661149351,0.06342923641,0.05744022131
1180,1.0,0.0,0.0,0.0,1.0,1.0,0.3615673343,0.3591743779,0.06260418892,0.05658984184
1181,1.0,0.0,0.0,0.0,1.0,1.0,0.3634337992,0.364847957,0.0619379878,0.05633145571
1182,1.0,0.0,0.0,0.0,1.0,1.0,0.3702799833,0.3713204334,0.06437218189,0.05837136507
1183,1.0,0.0,0.0,0.0,1.0,1.0,0.3706847549,0.3722060742,0.06425035,0.05855733156
1184,1.0,0.0,0.0,0.0,1.0,1.0,0.366566246,0.3635898986,0.06315124035,0.05694407225
1185,1.0,0.0,0.0,0.0,1.0,1.0,0.3716280445,0.3700352521,0.06426727772,0.05852419138
1186,1.0,0.0,0.0,0.0,1.0,1.0,0.3747906057,0.3695851979,0.06464451551,0.05809825659
1187,1.0,0.0,0.0,0.0,1.0,1.0,0.3720319179,0.3695851963,0.06453627348,0.05824673176
1188,1.0,0.0,0.0,0.0,1.0,1.0,0.3735934747,0.3673905515,0.06430900097,0.057987988
1189,1.0,0.0,0.0,0.0,1.0,1.0,0.3657266276,0.3686754057,0.06358551979,0.05782991648
1190,1.0,0.0,0.0,0.0,1.0,1.0,0.371040724,0.3691319127,0.06460404396,0.05828112364
1191,1.0,0.0,0.0,0.0,1.0,1.0,0.3734002681,0.3656495225,0.06330960989,0.05657458305
1192,1.0,0.0,0.0,0.0,1.0,1.0,0.3694619719,0.3656493113,0.06296348572,0.05650568008
1193,1.0,0.0,0.0,0.0,1.0,1.0,0.3688791726,0.3673907977,0.06418538094,0.05787658691
1194,1.0,0.0,0.0,0.0,1.0,1.0,0.3694620078,0.3691321103,0.06404525042,0.0580239296
1195,1.0,0.0,0.0,0.0,1.0,1.0,0.3589764734,0.3599391424,0.06201463938,0.05627769232
1196,1.0,0.0,0.0,0.0,1.0,1.0,0.3666213973,0.3647083942,0.06237113476,0.05640518665
1197,1.0,0.0,0.0,0.0,1.0,1.0,0.3464516527,0.3531598194,0.05855226517,0.05396527052
1198,1.0,0.0,0.0,0.0,1.0,1.0,0.2312897571,0.2591837882,0.03872102499,0.03928631544
1199,1.0,0.0,0.0,0.0,1.0,1.0,0.07687998617,0.2286176177,0.01206994057,0.03171879053
1200,1.0,0.0,0.0,0.0,1.0,1.0,0.0588954639,0.232801647,0.009127140045,0.03208339214
1201,1.0,0.0,0.0,0.0,1.0,1.0,0.1750723304,0.2252529429,0.02908760309,0.0336060524
1202,1.0,0.0,0.0,0.0,1.0,1.0,0.2552473026,0.2790411058,0.04292351007,0.04264473915
1203,1.0,0.0,0.0,0.0,1.0,1.0,0.2983887757,0.3096860728,0.05083078146,0.0480979085
1204,1.0,0.0,0.0,0.0,1.0,1.0,0.3336769797,0.3384075325,0.05766326189,0.05299526453
1205,1.0,0.0,0.0,0.0,1.0,1.0,0.3373709577,0.3343079515,0.05827617645,0.05253064632
1206,1.0,0.0,0.0,0.0,1.0,1.0,0.2486173634,0.2753934121,0.0409886837,0.04126191139
1207,1.0,0.0,0.0,0.0,1.0,1.0,0.06745790475,0.2181325083,0.01059424877,0.03066760302
1208,1.0,0.0,0.0,0.0,1.0,1.0,0.05827131952,0.2223167245,0.009077072144,0.03108209372
1209,1.0,0.0,0.0,0.0,1.0,1.0,0.1857069287,0.2274847026,0.03005337715,0.03333193064
1210,1.0,0.0,0.0,0.0,1.0,1.0,0.2560146263,0.2814312318,0.04354315996,0.04354315996
1211,1.0,0.0,0.0,0.0,1.0,1.0,0.3038300982,0.3114459375,0.05084258318,0.0473639369
1212,1.0,0.0,0.0,0.0,1.0,1.0,0.3299895866,0.3319947458,0.05705142021,0.05241090059
1213,1.0,0.0,0.0,0.0,1.0,1.0,0.3368371603,0.3371816919,0.05833750963,0.05340754986
1214,1.0,0.0,0.0,0.0,1.0,1.0,0.3326194886,0.3348826932,0.05631917715,0.05176001787
1215,1.0,0.0,0.0,0.0,1.0,1.0,0.3236741651,0.3302651584,0.05514293909,0.05137699842
1216,1.0,0.0,0.0,0.0,1.0,1.0,0.2477954533,0.2724112168,0.04173147678,0.04200971127
1217,1.0,0.0,0.0,0.0,1.0,1.0,0.1362102548,0.1980025891,0.02264398336,0.02972018719
1218,1.0,0.0,0.0,0.0,1.0,1.0,0.1468775689,0.2013802549,0.02403134108,0.0298320055
1219,1.0,0.0,0.0,0.0,1.0,1.0,0.2273689171,0.2570505822,0.03796041012,0.03905278444
1220,1.0,0.0,0.0,0.0,1.0,1.0,0.2657751461,0.2893122975,0.04628944397,0.04573512077
1221,1.0,0.0,0.0,0.0,1.0,1.0,0.2816898332,0.299832689,0.04842680693,0.0467852354
1222,1.0,0.0,0.0,0.0,1.0,1.0,0.2663039428,0.2860595792,0.04493904114,0.04385620356
1223,1.0,0.0,0.0,0.0,1.0,1.0,0.1988938817,0.2389176649,0.03332173824,0.03637623787
1224,1.0,0.0,0.0,0.0,1.0,1.0,0.05961583645,0.2061105389,0.009338915348,0.02911543846
1225,1.0,0.0,0.0,0.0,1.0,1.0,0.07126448876,0.2264362474,0.01142472029,0.03232365847
1226,1.0,0.0,0.0,0.0,1.0,1.0,0.07621386093,0.2343649318,0.01214027405,0.03338575363
1227,1.0,0.0,0.0,0.0,1.0,1.0,0.08721144762,0.2342441625,0.01396787167,0.03352284431
1228,1.0,0.0,0.0,0.0,1.0,1.0,0.08576674247,0.2352767898,0.01341795921,0.03313398361
1229,1.0,0.0,0.0,0.0,1.0,1.0,0.08652400328,0.2459256641,0.01358968019,0.03466761112
1230,1.0,0.0,0.0,0.0,1.0,1.0,0.08416351843,0.2333328767,0.01340252161,0.03350633383
1231,1.0,0.0,0.0,0.0,1.0,1.0,0.09118337448,0.2438638445,0.01434612274,0.03431820869
1232,1.0,0.0,0.0,0.0,1.0,1.0,0.08714023515,0.2342441311,0.01370090246,0.03355312347
1233,1.0,0.0,0.0,0.0,1.0,1.0,0.08926720585,0.2361961488,0.0142223835,0.03374326229
1234,1.0,0.0,0.0,0.0,1.0,1.0,0.07581965133,0.2238129552,0.01213443279,0.03199076653
1235,1.0,0.0,0.0,0.0,1.0,1.0,0.06098280633,0.1972581075,0.009721279144,0.02835375071
1236,1.0,0.0,0.0,0.0,1.0,1.0,0.1861704043,0.2273102251,0.0315169692,0.03483462334
1237,1.0,0.0,0.0,0.0,1.0,1.0,0.2578689154,0.2805452767,0.04341638088,0.04314672947
1238,1.0,0.0,0.0,0.0,1.0,1.0,0.3014193333,0.3084484815,0.05099517107,0.0480427742
1239,1.0,0.0,0.0,0.0,1.0,1.0,0.3137046518,0.3217382202,0.05410188437,0.05111140013
1240,1.0,0.0,0.0,0.0,1.0,1.0,0.2903139836,0.3032791098,0.04973524809,0.04783284664
1241,1.0,0.0,0.0,0.0,1.0,1.0,0.05660540023,0.1991074875,0.008844614029,0.02819228172
1242,1.0,0.0,0.0,0.0,1.0,1.0,0.061154541,0.1983326473,0.009667634964,0.02817428112
1243,1.0,0.0,0.0,0.0,1.0,1.0,0.1142220026,0.1634776048,0.01864230633,0.0241253376
1244,1.0,0.0,0.0,0.0,1.0,1.0,0.2106667476,0.2409368289,0.03526717424,0.03690749407
1245,1.0,0.0,0.0,0.0,1.0,1.0,0.2779798553,0.2883004366,0.04703193903,0.04485702515
1246,1.0,0.0,0.0,0.0,1.0,1.0,0.2930219106,0.2970850139,0.05037695169,0.04710924625
1247,1.0,0.0,0.0,0.0,1.0,1.0,0.2952538493,0.3084485634,0.05043065548,0.04827320576
1248,1.0,0.0,0.0,0.0,1.0,1.0,0.2979410134,0.3056712077,0.05171954632,0.04870939255
1249,1.0,0.0,0.0,0.0,1.0,1.0,0.2952540067,0.3056714164,0.05049270391,0.04806256294
1250,1.0,0.0,0.0,0.0,1.0,1.0,0.2839856263,0.2950568726,0.04865735769,0.0465067625
1251,1.0,0.0,0.0,0.0,1.0,1.0,0.2770107018,0.2892221379,0.04714220762,0.04526722431
1252,1.0,0.0,0.0,0.0,1.0,1.0,0.2641838015,0.2808777475,0.04487121105,0.04406028986
1253,1.0,0.0,0.0,0.0,1.0,1.0,0.2390318041,0.2603440667,0.04082262516,0.04082262516
1254,1.0,0.0,0.0,0.0,1.0,1.0,0.2462622544,0.268947291,0.04155915976,0.04182910919
1255,1.0,0.0,0.0,0.0,1.0,1.0,0.245055209,0.2664018649,0.04175543785,0.04175549746
1256,1.0,0.0,0.0,0.0,1.0,1.0,0.2426761279,0.2690805186,0.04160034657,0.04214769602
1257,1.0,0.0,0.0,0.0,1.0,1.0,0.2446633849,0.2681428941,0.04223507643,0.04251110554
1258,1.0,0.0,0.0,0.0,1.0,1.0,0.2518530588,0.2741524763,0.04339194298,0.04339194298
1259,1.0,0.0,0.0,0.0,1.0,1.0,0.2470710085,0.2714746598,0.04262405634,0.0431740284
1260,1.0,0.0,0.0,0.0,1.0,1.0,0.255041199,0.273984986,0.04448437691,0.04420632124
1261,1.0,0.0,0.0,0.0,1.0,1.0,0.2430640188,0.2654764812,0.04164898396,0.04192298651
1262,1.0,0.0,0.0,0.0,1.0,1.0,0.1887288667,0.2238892425,0.03196239471,0.0347416997
1263,1.0,0.0,0.0,0.0,1.0,1.0,0.1257688803,0.1758276761,0.02070212364,0.02622264624
1264,1.0,0.0,0.0,0.0,1.0,1.0,0.1375071652,0.1837210047,0.02298820019,0.02803438902
1265,1.0,0.0,0.0,0.0,1.0,1.0,0.2109212214,0.2428220595,0.03554815054,0.03773570061
1266,1.0,0.0,0.0,0.0,1.0,1.0,0.275162792,0.2943559068,0.04797434807,0.04742288589
1267,1.0,0.0,0.0,0.0,1.0,1.0,0.3047273007,0.3200267794,0.0520786047,0.05045956373
1268,1.0,0.0,0.0,0.0,1.0,1.0,0.315281418,0.328583387,0.05403149128,0.05187016726
1269,1.0,0.0,0.0,0.0,1.0,1.0,0.3190041255,0.3314476214,0.05455374718,0.05240386724
1270,1.0,0.0,0.0,0.0,1.0,1.0,0.3127184078,0.3263483998,0.0542165041,0.05230939388
1271,1.0,0.0,0.0,0.0,1.0,1.0,0.3147849092,0.3246485944,0.05495232344,0.05247944593
1272,1.0,0.0,0.0,0.0,1.0,1.0,0.3137965665,0.3246485959,0.05374455452,0.05132603645
1273,1.0,0.0,0.0,0.0,1.0,1.0,0.3063060598,0.3166040105,0.05304479599,0.05058395863
1274,1.0,0.0,0.0,0.0,1.0,1.0,0.2999901639,0.3148925143,0.05212759972,0.05048149824
1275,1.0,0.0,0.0,0.0,1.0,1.0,0.2893954637,0.3029130419,0.05058938265,0.04893070459
1276,1.0,0.0,0.0,0.0,1.0,1.0,0.2816895663,0.2936502469,0.0473344326,0.04572987556
1277,1.0,0.0,0.0,0.0,1.0,1.0,0.2807955435,0.2926449387,0.04862934351,0.04698091745
1278,1.0,0.0,0.0,0.0,1.0,1.0,0.2839681926,0.2926449086,0.04839015007,0.04622751474
1279,1.0,0.0,0.0,0.0,1.0,1.0,0.2773570393,0.2884987728,0.04769426584,0.04604965448
1280,1.0,0.0,0.0,0.0,1.0,1.0,0.288727538,0.2970850338,0.04922544956,0.04679125547
1281,1.0,0.0,0.0,0.0,1.0,1.0,0.2807954511,0.2884987826,0.04888725281,0.0464015007
1282,1.0,0.0,0.0,0.0,1.0,1.0,0.2728633162,0.2867812244,0.04706716537,0.04569894075
1283,1.0,0.0,0.0,0.0,1.0,1.0,0.2686499239,0.2793576564,0.04600447416,0.04408758879
1284,1.0,0.0,0.0,0.0,1.0,1.0,0.2634314584,0.2757081027,0.04567140341,0.04428738356
1285,1.0,0.0,0.0,0.0,1.0,1.0,0.2676794406,0.2816299789,0.04649442434,0.04511886835
1286,1.0,0.0,0.0,0.0,1.0,1.0,0.2622537228,0.2766621706,0.04444897175,0.04336482286
1287,1.0,0.0,0.0,0.0,1.0,1.0,0.2618347651,0.2766621472,0.04547744989,0.04436820745
1288,1.0,0.0,0.0,0.0,1.0,1.0,0.2610008002,0.2801203722,0.04406929016,0.04353183508
1289,1.0,0.0,0.0,0.0,1.0,1.0,0.262592095,0.2801203002,0.04454541206,0.04373550415
1290,1.0,0.0,0.0,0.0,1.0,1.0,0.262174675,0.2808775822,0.04507738352,0.04453098774
1291,1.0,0.0,0.0,0.0,1.0,1.0,0.2692631742,0.2857993403,0.04645568132,0.04563587904
1292,1.0,0.0,0.0,0.0,1.0,1.0,0.2705494102,0.2833468788,0.04656678438,0.04519718885
1293,1.0,0.0,0.0,0.0,1.0,1.0,0.2732975553,0.2843243169,0.04627764225,0.04439425468
1294,1.0,0.0,0.0,0.0,1.0,1.0,0.2696908398,0.2816297505,0.04573231936,0.04411822557
1295,1.0,0.0,0.0,0.0,1.0,1.0,0.2681043549,0.2781948926,0.04581409693,0.04391640425
1296,1.0,0.0,0.0,0.0,1.0,1.0,0.2685305437,0.2791546639,0.04572278261,0.04382896423
1297,1.0,0.0,0.0,0.0,1.0,1.0,0.275162841,0.2848237943,0.0469917655,0.04510128498
1298,1.0,0.0,0.0,0.0,1.0,1.0,0.2753239874,0.2867815064,0.04674762487,0.04512631893
1299,1.0,0.0,0.0,0.0,1.0,1.0,0.2810434906,0.2882349035,0.04822933674,0.04579079151
1300,1.0,0.0,0.0,0.0,1.0,1.0,0.2869060852,0.2967624832,0.04925340414,0.04708838463
1301,1.0,0.0,0.0,0.0,1.0,1.0,0.2932115341,0.3001739284,0.05052989721,0.04781329632
1302,1.0,0.0,0.0,0.0,1.0,1.0,0.2878137912,0.2943561411,0.04983311892,0.04709506035
1303,1.0,0.0,0.0,0.0,1.0,1.0,0.2893954863,0.2960675733,0.04951268435,0.0468070507
1304,1.0,0.0,0.0,0.0,1.0,1.0,0.2952537039,0.3063358572,0.05064553022,0.04847890139
1305,1.0,0.0,0.0,0.0,1.0,1.0,0.2855549026,0.2946630159,0.04857385159,0.04614514112
1306,1.0,0.0,0.0,0.0,1.0,1.0,0.2851024103,0.2981092611,0.04986983538,0.04793041945
1307,1.0,0.0,0.0,0.0,1.0,1.0,0.2686497613,0.2810933028,0.04546183348,0.04383826256
1308,1.0,0.0,0.0,0.0,1.0,1.0,0.2080806007,0.2355824398,0.03542673588,0.03682142496
1309,1.0,0.0,0.0,0.0,1.0,1.0,0.1568407161,0.1987941691,0.02567851543,0.02977615595
1310,1.0,0.0,0.0,0.0,1.0,1.0,0.0933736469,0.1621234894,0.01499050856,0.02359616756
1311,1.0,0.0,0.0,0.0,1.0,1.0,0.08112897468,0.1723175715,0.01311886311,0.02512127161
1312,1.0,0.0,0.0,0.0,1.0,1.0,0.0872114947,0.1929424215,0.01411598921,0.02823191881
1313,1.0,0.0,0.0,0.0,1.0,1.0,0.08343161164,0.1890837105,0.01328152418,0.02711647749
1314,1.0,0.0,0.0,0.0,1.0,1.0,0.08630751333,0.1659380534,0.01401412487,0.02438461781
1315,1.0,0.0,0.0,0.0,1.0,1.0,0.168779897,0.2038572655,0.02797973156,0.0309971571
1316,1.0,0.0,0.0,0.0,1.0,1.0,0.2253170605,0.2515954466,0.03836810589,0.03973835707
1317,1.0,0.0,0.0,0.0,1.0,1.0,0.2661991938,0.2764781221,0.04564446211,0.04400455952
1318,1.0,0.0,0.0,0.0,1.0,1.0,0.2823818152,0.295057063,0.04830008745,0.04694336653
1319,1.0,0.0,0.0,0.0,1.0,1.0,0.2903139669,0.2991527247,0.04903972149,0.04716390371
1320,1.0,0.0,0.0,0.0,1.0,1.0,0.2923647582,0.2974532808,0.04892754555,0.04653435946
1321,1.0,0.0,0.0,0.0,1.0,1.0,0.3004652715,0.3076511899,0.05182051659,0.0493658185
1322,1.0,0.0,0.0,0.0,1.0,1.0,0.2984115762,0.3076513198,0.05092048645,0.04876512289
1323,1.0,0.0,0.0,0.0,1.0,1.0,0.3004650947,0.3059518017,0.05122792721,0.04853177071
1324,1.0,0.0,0.0,0.0,1.0,1.0,0.3025254529,0.311050702,0.05103850365,0.04890072346
1325,1.0,0.0,0.0,0.0,1.0,1.0,0.3041089595,0.3138180488,0.05133348703,0.04919463396
1326,1.0,0.0,0.0,0.0,1.0,1.0,0.3058229008,0.316150263,0.05210524797,0.04995661974
1327,1.0,0.0,0.0,0.0,1.0,1.0,0.3037675944,0.3127505741,0.05162411928,0.04921674728
1328,1.0,0.0,0.0,0.0,1.0,1.0,0.3053412328,0.3178495046,0.05188578367,0.05001360178
1329,1.0,0.0,0.0,0.0,1.0,1.0,0.3067905646,0.3121124689,0.0516949892,0.04876387119
1330,1.0,0.0,0.0,0.0,1.0,1.0,0.3020465487,0.3046244023,0.05150061846,0.0479953289
1331,1.0,0.0,0.0,0.0,1.0,1.0,0.3042467864,0.3144501291,0.05161392689,0.04947441816
1332,1.0,0.0,0.0,0.0,1.0,1.0,0.2987205084,0.3091054435,0.05031043291,0.04816949368
1333,1.0,0.0,0.0,0.0,1.0,1.0,0.302378945,0.3108230646,0.05095797777,0.04854416847
1334,1.0,0.0,0.0,0.0,1.0,1.0,0.3030056112,0.3138179737,0.05151104927,0.04962319136
1335,1.0,0.0,0.0,0.0,1.0,1.0,0.3066649518,0.3142576459,0.05198121071,0.04928791523
1336,1.0,0.0,0.0,0.0,1.0,1.0,0.3018984614,0.3108227538,0.05155801773,0.04911571741
1337,1.0,0.0,0.0,0.0,1.0,1.0,0.3050757312,0.3118948169,0.05143815279,0.04849123955
1338,1.0,0.0,0.0,0.0,1.0,1.0,0.3007873487,0.3101712815,0.05128371716,0.04884159565
1339,1.0,0.0,0.0,0.0,1.0,1.0,0.3030052871,0.3125404395,0.05145615339,0.04903155565
1340,1.0,0.0,0.0,0.0,1.0,1.0,0.3039703775,0.3118948158,0.05128163099,0.04859673977
1341,1.0,0.0,0.0,0.0,1.0,1.0,0.3100630873,0.3206399125,0.05252307653,0.05012351274
1342,1.0,0.0,0.0,0.0,1.0,1.0,0.3053413531,0.3148926187,0.05162286758,0.04896187782
1343,1.0,0.0,0.0,0.0,1.0,1.0,0.3020467512,0.3114699283,0.05063486099,0.04824888706
1344,1.0,0.0,0.0,0.0,1.0,1.0,0.2984117831,0.3127502406,0.05076980591,0.04942661524
1345,1.0,0.0,0.0,0.0,1.0,1.0,0.3025251765,0.3121124816,0.0507876873,0.04866045713
1346,1.0,0.0,0.0,0.0,1.0,1.0,0.3093511367,0.3166039688,0.05164361,0.04899519682
1347,1.0,0.0,0.0,0.0,1.0,1.0,0.3100045786,0.3125403781,0.05049610138,0.04786610603
1348,1.0,0.0,0.0,0.0,1.0,1.0,0.3105061835,0.3164320059,0.05065709352,0.04828250408
1349,1.0,0.0,0.0,0.0,1.0,1.0,0.3115142246,0.3147029951,0.05114018917,0.04847663641
1350,1.0,0.0,0.0,0.0,1.0,1.0,0.3121233073,0.3187877004,0.05132466555,0.04919725657
1351,1.0,0.0,0.0,0.0,1.0,1.0,0.3137404618,0.3198904828,0.05130940676,0.04892909527
1352,1.0,0.0,0.0,0.0,1.0,1.0,0.3011350766,0.3071200032,0.04896992445,0.04685223103
1353,1.0,0.0,0.0,0.0,1.0,1.0,0.3152708855,0.3192663948,0.05135416985,0.04870712757
1354,1.0,0.0,0.0,0.0,1.0,1.0,0.3070180282,0.3145097035,0.05062168837,0.0484675765
1355,1.0,0.0,0.0,0.0,1.0,1.0,0.3087706813,0.3168960579,0.0507901907,0.04865163565
1356,1.0,0.0,0.0,0.0,1.0,1.0,0.3081476663,0.320378273,0.05059289932,0.04925441742
1357,1.0,0.0,0.0,0.0,1.0,1.0,0.3085306617,0.3168963761,0.04977542162,0.04818683863
1358,1.0,0.0,0.0,0.0,1.0,1.0,0.3145782203,0.3232463793,0.05230522156,0.05039834976
1359,1.0,0.0,0.0,0.0,1.0,1.0,0.3029608234,0.3085997175,0.04975938797,0.04759597778
1360,1.0,0.0,0.0,0.0,1.0,1.0,0.3033135388,0.3090144535,0.04877179861,0.04663962126
1361,1.0,0.0,0.0,0.0,1.0,1.0,0.3019661103,0.3145096339,0.04906123877,0.04799467325
1362,1.0,0.0,0.0,0.0,1.0,1.0,0.3100581713,0.3162567258,0.05038768053,0.04851144552
1363,1.0,0.0,0.0,0.0,1.0,1.0,0.3034608602,0.3110151699,0.05022668839,0.04858887196
1364,1.0,0.0,0.0,0.0,1.0,1.0,0.3066283026,0.3114458902,0.05010414124,0.04793745279
1365,1.0,0.0,0.0,0.0,1.0,1.0,0.2993335081,0.302322407,0.04836314917,0.04567635059
1366,1.0,0.0,0.0,0.0,1.0,1.0,0.2974926056,0.3023225576,0.04832148552,0.04614979029
1367,1.0,0.0,0.0,0.0,1.0,1.0,0.3059857043,0.3096861603,0.04941093922,0.047262609
1368,1.0,0.0,0.0,0.0,1.0,1.0,0.2993335806,0.3037174747,0.04880213737,0.04663318396
1369,1.0,0.0,0.0,0.0,1.0,1.0,0.2908077743,0.2934306261,0.04709434509,0.04465842247
1370,1.0,0.0,0.0,0.0,1.0,1.0,0.2949449514,0.2955337811,0.04920995235,0.04639792442
1371,1.0,0.0,0.0,0.0,1.0,1.0,0.2905937987,0.2969870841,0.04635459185,0.04474693537
1372,1.0,0.0,0.0,0.0,1.0,1.0,0.2855549726,0.2912040493,0.04655766487,0.04436665773
1373,1.0,0.0,0.0,0.0,1.0,1.0,0.2971313763,0.2962632562,0.04810297489,0.04536986351
1374,1.0,0.0,0.0,0.0,1.0,1.0,0.2903786072,0.2919516129,0.04764145613,0.04514855146
1375,1.0,0.0,0.0,0.0,1.0,1.0,0.2877183053,0.2901604833,0.04696708918,0.04449510574
1376,1.0,0.0,0.0,0.0,1.0,1.0,0.285310659,0.2881601691,0.04601180553,0.0435321331
1377,1.0,0.0,0.0,0.0,1.0,1.0,0.2877441477,0.2915038485,0.04628157616,0.04409068823
1378,1.0,0.0,0.0,0.0,1.0,1.0,0.2838551137,0.2878828185,0.04532420635,0.04315298796
1379,1.0,0.0,0.0,0.0,1.0,1.0,0.2911492456,0.2910464316,0.04903244972,0.04559159279
1380,1.0,0.0,0.0,0.0,1.0,1.0,0.2945544726,0.293631408,0.04996848106,0.04650241137
1381,1.0,0.0,0.0,0.0,1.0,1.0,0.3000041687,0.2969353816,0.04868537188,0.0456250906
1382,1.0,0.0,0.0,0.0,1.0,1.0,0.2967627151,0.3016498314,0.05037140846,0.04805546999
1383,1.0,0.0,0.0,0.0,1.0,1.0,0.3046243122,0.3096097435,0.05025374889,0.04827749729
1384,1.0,0.0,0.0,0.0,1.0,1.0,0.3041778758,0.304976944,0.04946738482,0.04692339897
1385,1.0,0.0,0.0,0.0,1.0,1.0,0.307120187,0.3123257013,0.04955500364,0.04759520292
1386,1.0,0.0,0.0,0.0,1.0,1.0,0.3093922428,0.3118698846,0.04995673895,0.04799222946
1387,1.0,0.0,0.0,0.0,1.0,1.0,0.3077927703,0.3079463258,0.04990983009,0.04790198803
1388,1.0,0.0,0.0,0.0,1.0,1.0,0.3128842354,0.316302885,0.05027902126,0.04855519533
1389,1.0,0.0,0.0,0.0,1.0,1.0,0.3084698329,0.3093512365,0.05005913973,0.04834282398
1390,1.0,0.0,0.0,0.0,1.0,1.0,0.3034020545,0.3013021818,0.04933279753,0.04759162664
1391,1.0,0.0,0.0,0.0,1.0,1.0,0.3058788524,0.3089187295,0.04987758398,0.04929769039
1392,1.0,0.0,0.0,0.0,1.0,1.0,0.2947071925,0.295373815,0.04667890072,0.04609900713
1393,1.0,0.0,0.0,0.0,1.0,1.0,0.2940632219,0.2946115089,0.04773420095,0.04773414135
1394,1.0,0.0,0.0,0.0,1.0,1.0,0.3129182571,0.3047542269,0.04750001431,0.04634851217
1395,1.0,0.0,0.0,0.0,1.0,1.0,0.2996390659,0.2921446566,0.04538524151,0.04450684786
1396,1.0,0.0,0.0,0.0,1.0,1.0,0.3050117533,0.2937294102,0.04641962051,0.04495996237
1397,1.0,0.0,0.0,0.0,1.0,1.0,0.3017547377,0.2861000483,0.04521101713,0.04319524765
1398,1.0,0.0,0.0,0.0,1.0,1.0,0.316013937,0.3005842333,0.04811877012,0.04637956619
1399,1.0,0.0,0.0,0.0,1.0,1.0,0.3152084344,0.3059128203,0.04712736607,0.04626530409
1400,1.0,0.0,0.0,0.0,1.0,1.0,0.3261537275,0.3054895462,0.05068039894,0.04801297188
1401,1.0,0.0,0.0,0.0,1.0,1.0,0.3191335156,0.29983258,0.04965656996,0.04727780819
1402,1.0,0.0,0.0,0.0,1.0,1.0,0.3166169165,0.2987057242,0.04833012819,0.04629218578
1403,1.0,0.0,0.0,0.0,1.0,1.0,0.3215258448,0.3009684972,0.0492734313,0.04719567299
1404,1.0,0.0,0.0,0.0,1.0,1.0,0.3209039014,0.3032657384,0.04898577929,0.04692012072
1405,1.0,0.0,0.0,0.0,1.0,1.0,0.3208328578,0.3051732317,0.04867517948,0.04720014334
1406,1.0,0.0,0.0,0.0,1.0,1.0,0.3235184356,0.3047540838,0.0500176549,0.0479336381
1407,1.0,0.0,0.0,0.0,1.0,1.0,0.3149988521,0.2945125463,0.04788398743,0.045814991
1408,1.0,0.0,0.0,0.0,1.0,1.0,0.3175614913,0.2971825054,0.04864215851,0.04685163498
1409,1.0,0.0,0.0,0.0,1.0,1.0,0.3227159669,0.3067781754,0.04821252823,0.04645931721
1410,1.0,0.0,0.0,0.0,1.0,1.0,0.3149992397,0.2975438165,0.04728853703,0.04553711414
1411,1.0,0.0,0.0,0.0,1.0,1.0,0.3113642887,0.2899147596,0.04674470425,0.043859303
1412,1.0,0.0,0.0,0.0,1.0,1.0,0.3203586308,0.3021129546,0.04771494865,0.04542922974
1413,1.0,0.0,0.0,0.0,1.0,1.0,0.3188881466,0.3067784755,0.04751062393,0.04606211185
1414,1.0,0.0,0.0,0.0,1.0,1.0,0.3143876583,0.3029197361,0.04605644941,0.04463493824
1415,1.0,0.0,0.0,0.0,1.0,1.0,0.3128022879,0.2975438774,0.04781961441,0.04548698664
1416,1.0,0.0,0.0,0.0,1.0,1.0,0.3088485639,0.2956367522,0.04558563232,0.04388684034
1417,1.0,0.0,0.0,0.0,1.0,1.0,0.3147099053,0.3059127605,0.04653191566,0.04540383816
1418,1.0,0.0,0.0,0.0,1.0,1.0,0.3070802152,0.2967690122,0.04568719864,0.04398459196
1419,1.0,0.0,0.0,0.0,1.0,1.0,0.3079566262,0.3021127408,0.04598873854,0.04486018419
1420,1.0,0.0,0.0,0.0,1.0,1.0,0.3163964821,0.3111473949,0.04909276962,0.04764896631
1421,1.0,0.0,0.0,0.0,1.0,1.0,0.3050732328,0.3017181922,0.04821258783,0.04732519388
1422,1.0,0.0,0.0,0.0,1.0,1.0,0.3123259085,0.3090864054,0.04943966866,0.04856711626
1423,1.0,0.0,0.0,0.0,1.0,1.0,0.3195997671,0.3090865573,0.05063301325,0.0488769412
1424,1.0,0.0,0.0,0.0,1.0,1.0,0.3033689436,0.297586475,0.04649454355,0.04535353184
1425,1.0,0.0,0.0,0.0,1.0,1.0,0.3202630125,0.3183404794,0.04980075359,0.04922831059
1426,1.0,0.0,0.0,0.0,1.0,1.0,0.311393215,0.3069444309,0.04954510927,0.04865503311
1427,1.0,0.0,0.0,0.0,1.0,1.0,0.3062508749,0.3020291904,0.04922407866,0.04863458872
1428,1.0,0.0,0.0,0.0,1.0,1.0,0.3056901997,0.2994652128,0.04911220074,0.04793584347
1429,1.0,0.0,0.0,0.0,1.0,1.0,0.2994651071,0.2928764878,0.04576230049,0.04492002726
1430,1.0,0.0,0.0,0.0,1.0,1.0,0.3009268783,0.2972791283,0.04645222425,0.04588913918
1431,1.0,0.0,0.0,0.0,1.0,1.0,0.2974747717,0.2936316359,0.04610085487,0.04525750875
1432,1.0,0.0,0.0,0.0,1.0,1.0,0.2949172284,0.2899841194,0.04737347364,0.04649621248
1433,1.0,0.0,0.0,0.0,1.0,1.0,0.3036280468,0.2991029696,0.04819619656,0.04704862833
1434,1.0,0.0,0.0,0.0,1.0,1.0,0.2956608866,0.2871125246,0.04644191265,0.04501730204
1435,1.0,0.0,0.0,0.0,1.0,1.0,0.3025335102,0.2961982079,0.04887145758,0.04741698503
1436,1.0,0.0,0.0,0.0,1.0,1.0,0.3030798285,0.2951252622,0.04901611805,0.04755735397
1437,1.0,0.0,0.0,0.0,1.0,1.0,0.299471893,0.293631686,0.04878664017,0.04731714725
1438,1.0,0.0,0.0,0.0,1.0,1.0,0.307936284,0.3034668131,0.04884767532,0.04770499468
1439,1.0,0.0,0.0,0.0,1.0,1.0,0.3007327974,0.2936318269,0.04977172613,0.04798358679
1440,1.0,0.0,0.0,0.0,1.0,1.0,0.3025337818,0.2933145112,0.04974234104,0.0479658246
1441,1.0,0.0,0.0,0.0,1.0,1.0,0.2998326477,0.2947995331,0.04798573256,0.04684323072
1442,1.0,0.0,0.0,0.0,1.0,1.0,0.2973250729,0.2987462462,0.04784876108,0.04756051302
1443,1.0,0.0,0.0,0.0,1.0,1.0,0.3062806524,0.3048841863,0.04866570234,0.04809653759
1444,1.0,0.0,0.0,0.0,1.0,1.0,0.3087560384,0.3084919079,0.04849654436,0.04793590307
1445,1.0,0.0,0.0,0.0,1.0,1.0,0.3005437959,0.3030800982,0.04735434055,0.04707419872
1446,1.0,0.0,0.0,0.0,1.0,1.0,0.2992981508,0.3077991615,0.04783529043,0.04840475321
1447,1.0,0.0,0.0,0.0,1.0,1.0,0.3023673592,0.2998325983,0.04789930582,0.04732567072
1448,1.0,0.0,0.0,0.0,1.0,1.0,0.306544232,0.3063983501,0.04688149691,0.04660403728
1449,1.0,0.0,0.0,0.0,1.0,1.0,0.3068305243,0.3102958258,0.04818636179,0.04846811295
1450,1.0,0.0,0.0,0.0,1.0,1.0,0.309737224,0.3125526337,0.0500394702,0.05003941059
1451,1.0,0.0,0.0,0.0,1.0,1.0,0.3005439076,0.3066881461,0.04749119282,0.04777222872
1452,1.0,0.0,0.0,0.0,1.0,1.0,0.2943683099,0.2962630081,0.04664701223,0.04636764526
1453,1.0,0.0,0.0,0.0,1.0,1.0,0.3015860671,0.3023224279,0.04772996902,0.04717499018
1454,1.0,0.0,0.0,0.0,1.0,1.0,0.3034954467,0.3090149599,0.04687088728,0.04714030027
1455,1.0,0.0,0.0,0.0,1.0,1.0,0.3034952631,0.3030222825,0.0474947691,0.04667592049
1456,1.0,0.0,0.0,0.0,1.0,1.0,0.297557433,0.299478254,0.0452902317,0.04502379894
1457,1.0,0.0,0.0,0.0,1.0,1.0,0.2935424558,0.2987655211,0.04596066475,0.04596066475
1458,1.0,0.0,0.0,0.0,1.0,1.0,0.3012257004,0.3019517609,0.04708409309,0.04653978348
1459,1.0,0.0,0.0,0.0,1.0,1.0,0.3000068024,0.2994782523,0.04744893312,0.04662138224
1460,1.0,0.0,0.0,0.0,1.0,1.0,0.2987842767,0.2987658303,0.0476552248,0.04681921005
1461,1.0,0.0,0.0,0.0,1.0,1.0,0.2952894615,0.2987654792,0.04793912172,0.04765546322
1462,1.0,0.0,0.0,0.0,1.0,1.0,0.3017512138,0.2984197025,0.04879111052,0.0476629734
1463,1.0,0.0,0.0,0.0,1.0,1.0,0.290330657,0.2944781949,0.04660320282,0.04660320282
1464,1.0,0.0,0.0,0.0,1.0,1.0,0.2893586621,0.2922557036,0.04555499554,0.04527556896
1465,1.0,0.0,0.0,0.0,1.0,1.0,0.2918725533,0.294059706,0.04625636339,0.0456956625
1466,1.0,0.0,0.0,0.0,1.0,1.0,0.2847873107,0.2816610097,0.04395502806,0.04284924269
1467,1.0,0.0,0.0,0.0,1.0,1.0,0.2761378801,0.2788297618,0.04400742054,0.04372352362
1468,1.0,0.0,0.0,0.0,1.0,1.0,0.2575138774,0.2507692348,0.04108047485,0.03964412212
1469,1.0,0.0,0.0,0.0,1.0,1.0,0.2425655306,0.2378745263,0.03710860014,0.03599250317
1470,1.0,0.0,0.0,0.0,1.0,1.0,0.2102145072,0.1965198247,0.03226786852,0.02972048521
1471,1.0,0.0,0.0,0.0,1.0,1.0,0.1972829772,0.1760382393,0.03018683195,0.02648466825
1472,1.0,0.0,0.0,0.0,1.0,1.0,0.1759318818,0.1512567439,0.0266340971,0.0223839879
1473,1.0,0.0,0.0,0.0,1.0,1.0,0.1414304095,0.1133981313,0.02125090361,0.01671737432
1474,1.0,0.0,0.0,0.0,1.0,1.0,0.1392352756,0.1114762133,0.0208517909,0.01656717062
1475,1.0,0.0,0.0,0.0,1.0,1.0,0.1380442213,0.1183549311,0.02148503065,0.01804745197
1476,1.0,0.0,0.0,0.0,1.0,1.0,0.1451395885,0.1188926397,0.02219951153,0.01798439026
1477,1.0,0.0,0.0,0.0,1.0,1.0,0.1524881655,0.1194185571,0.02346897125,0.01837933064
1478,1.0,0.0,0.0,0.0,1.0,1.0,0.1575208115,0.1208117417,0.02484226227,0.01884585619
1479,1.0,0.0,0.0,0.0,1.0,1.0,0.1614343012,0.1116589063,0.02513384819,0.0172265172
1480,1.0,0.0,0.0,0.0,1.0,1.0,0.1588397831,0.117262809,0.02482688427,0.01813197136
1481,1.0,0.0,0.0,0.0,1.0,1.0,0.1527923948,0.1118509001,0.02429246902,0.01771920919
1482,1.0,0.0,0.0,0.0,1.0,1.0,0.1584701337,0.1126642979,0.02479767799,0.01747107506
1483,1.0,0.0,0.0,0.0,1.0,1.0,0.1518137644,0.1072126511,0.02365523577,0.01661497355
1484,1.0,0.0,0.0,0.0,1.0,1.0,0.1545901794,0.1050137246,0.02475351095,0.01669418812
1485,1.0,0.0,0.0,0.0,1.0,1.0,0.1548687954,0.1060559844,0.02434766293,0.01670360565
1486,1.0,0.0,0.0,0.0,1.0,1.0,0.1566691764,0.1096507245,0.02493846416,0.01748555899
1487,1.0,0.0,0.0,0.0,1.0,1.0,0.1554287282,0.1072128752,0.02444982529,0.01677370071
1488,1.0,0.0,0.0,0.0,1.0,1.0,0.1590430823,0.109030017,0.02478289604,0.01689743996
1489,1.0,0.0,0.0,0.0,1.0,1.0,0.1599824726,0.1150435052,0.02511316538,0.01805889606
1490,1.0,0.0,0.0,0.0,1.0,1.0,0.1614898607,0.11144845,0.0257678628,0.01775115728
1491,1.0,0.0,0.0,0.0,1.0,1.0,0.1545899703,0.1132462364,0.02470135689,0.01809519529
1492,1.0,0.0,0.0,0.0,1.0,1.0,0.1545898887,0.1154590765,0.02438002825,0.01814329624
1493,1.0,0.0,0.0,0.0,1.0,1.0,0.1515399999,0.1104453276,0.02376270294,0.01725620031
1494,1.0,0.0,0.0,0.0,1.0,1.0,0.1527924895,0.1053957755,0.0244691968,0.01669663191
1495,1.0,0.0,0.0,0.0,1.0,1.0,0.1502783269,0.1162988581,0.02326440811,0.01793885231
1496,1.0,0.0,0.0,0.0,1.0,1.0,0.1417391293,0.1124834296,0.02199465036,0.01720094681
1497,1.0,0.0,0.0,0.0,1.0,1.0,0.1463921591,0.1134898392,0.02253699303,0.01725053787
1498,1.0,0.0,0.0,0.0,1.0,1.0,0.2382088032,0.2181883748,0.03877079487,0.03483760357
1499,1.0,0.0,0.0,0.0,1.0,1.0,0.2953275773,0.2923537206,0.04854297638,0.04717171192
1500,1.0,0.0,0.0,0.0,1.0,1.0,0.3172571509,0.3208909284,0.05231332779,0.05204224586
1501,1.0,0.0,0.0,0.0,1.0,1.0,0.3435071554,0.3474882664,0.05733323097,0.05733323097
1502,1.0,0.0,0.0,0.0,1.0,1.0,0.3522621505,0.3564673501,0.05963927507,0.05936187506
1503,1.0,0.0,0.0,0.0,1.0,1.0,0.3500501114,0.3507974053,0.05990964174,0.05934971571
1504,1.0,0.0,0.0,0.0,1.0,1.0,0.3549571885,0.3614647108,0.05877923965,0.05877923965
1505,1.0,0.0,0.0,0.0,1.0,1.0,0.3479904952,0.3514703863,0.05782544613,0.05782544613
1506,1.0,0.0,0.0,0.0,1.0,1.0,0.3336978596,0.3364787559,0.05588698387,0.05588698387
1507,1.0,0.0,0.0,0.0,1.0,1.0,0.2095603776,0.169548276,0.03323531151,0.02698594332
1508,1.0,0.0,0.0,0.0,1.0,1.0,0.1680798228,0.1466572187,0.02603322268,0.02267408371
1509,1.0,0.0,0.0,0.0,1.0,1.0,0.1656732983,0.1479318007,0.02561169863,0.02282780409
1510,1.0,0.0,0.0,0.0,1.0,1.0,0.1719467967,0.1509947595,0.02641838789,0.02311611176
1511,1.0,0.0,0.0,0.0,1.0,1.0,0.1629913994,0.1312215317,0.02513843775,0.02016597986
1512,1.0,0.0,0.0,0.0,1.0,1.0,0.1488530655,0.1168411524,0.02356350422,0.01823365688
1513,1.0,0.0,0.0,0.0,1.0,1.0,0.23689161,0.2044311425,0.03817093372,0.03259855509
1514,1.0,0.0,0.0,0.0,1.0,1.0,0.2747608318,0.2593053319,0.04416930676,0.04168474674
1515,1.0,0.0,0.0,0.0,1.0,1.0,0.21851592,0.1773203438,0.03380960226,0.02743566036
1516,1.0,0.0,0.0,0.0,1.0,1.0,0.1665737432,0.1263233381,0.02483296394,0.01876264811
1517,1.0,0.0,0.0,0.0,1.0,1.0,0.1714370802,0.1354555629,0.02604317665,0.02050209045
1518,1.0,0.0,0.0,0.0,1.0,1.0,0.1677897002,0.1185471165,0.02614027262,0.018468678
1519,1.0,0.0,0.0,0.0,1.0,1.0,0.162364459,0.1162989142,0.02555507421,0.01817250252
1520,1.0,0.0,0.0,0.0,1.0,1.0,0.2747608638,0.2472845954,0.04498034716,0.04048228264
1521,1.0,0.0,0.0,0.0,1.0,1.0,0.3069958399,0.2994900538,0.04979968071,0.04841631651
1522,1.0,0.0,0.0,0.0,1.0,1.0,0.3168551993,0.3155236087,0.05191594362,0.05108749866
1523,1.0,0.0,0.0,0.0,1.0,1.0,0.3102294026,0.3021960423,0.05033189058,0.04869949818
1524,1.0,0.0,0.0,0.0,1.0,1.0,0.2554704044,0.214413237,0.04049807787,0.03393083811
1525,1.0,0.0,0.0,0.0,1.0,1.0,0.1710757222,0.1194981529,0.026237607,0.01822817326
1526,1.0,0.0,0.0,0.0,1.0,1.0,0.1841548103,0.1312213826,0.02860885859,0.02027612925
1527,1.0,0.0,0.0,0.0,1.0,1.0,0.2562671315,0.2249603179,0.04147690535,0.03622317314
1528,1.0,0.0,0.0,0.0,1.0,1.0,0.2826704248,0.2616782374,0.04646390676,0.04286849499
1529,1.0,0.0,0.0,0.0,1.0,1.0,0.2940507157,0.2872151254,0.04948812723,0.04809802771
1530,1.0,0.0,0.0,0.0,1.0,1.0,0.2981666131,0.2958213743,0.0493413806,0.04879009724
1531,1.0,0.0,0.0,0.0,1.0,1.0,0.3063865294,0.2991749675,0.05141097307,0.05003631115
1532,1.0,0.0,0.0,0.0,1.0,1.0,0.2552834215,0.2422886591,0.0429880023,0.04045921564
1533,1.0,0.0,0.0,0.0,1.0,1.0,0.1361246125,0.08839821496,0.02146440744,0.01383888721
1534,1.0,0.0,0.0,0.0,1.0,1.0,0.138960033,0.08987783199,0.02207630873,0.01415145397
1535,1.0,0.0,0.0,0.0,1.0,1.0,0.2282988792,0.2019418736,0.03775793314,0.03300321102
1536,1.0,0.0,0.0,0.0,1.0,1.0,0.2578664565,0.2481606981,0.04261159897,0.04066199064
1537,1.0,0.0,0.0,0.0,1.0,1.0,0.2683065571,0.2616782144,0.0448204875,0.04341983795
1538,1.0,0.0,0.0,0.0,1.0,1.0,0.290535349,0.2831754722,0.04918986559,0.04778450727
1539,1.0,0.0,0.0,0.0,1.0,1.0,0.2966832259,0.2915041668,0.05009007454,0.04897081852
1540,1.0,0.0,0.0,0.0,1.0,1.0,0.2993417628,0.2925995607,0.05107307434,0.0496776104
1541,1.0,0.0,0.0,0.0,1.0,1.0,0.3009772651,0.2942437919,0.05087822676,0.04949575663
1542,1.0,0.0,0.0,0.0,1.0,1.0,0.2986839502,0.2909559031,0.05029684305,0.04891502857
1543,1.0,0.0,0.0,0.0,1.0,1.0,0.294917398,0.2883635499,0.0495262146,0.04842561483
1544,1.0,0.0,0.0,0.0,1.0,1.0,0.2933683408,0.2886175953,0.04960668087,0.04904615879
1545,1.0,0.0,0.0,0.0,1.0,1.0,0.2897888929,0.2860244647,0.04829603434,0.04774719477
1546,1.0,0.0,0.0,0.0,1.0,1.0,0.2935654173,0.2827368638,0.04935628176,0.04769259691
1547,1.0,0.0,0.0,0.0,1.0,1.0,0.290956159,0.2853193683,0.04893040657,0.0478246212
1548,1.0,0.0,0.0,0.0,1.0,1.0,0.290956001,0.2869686633,0.04904812574,0.04821681976
1549,1.0,0.0,0.0,0.0,1.0,1.0,0.2846093362,0.2787223013,0.04762101173,0.04679042101
1550,1.0,0.0,0.0,0.0,1.0,1.0,0.2869684579,0.2827367649,0.04801815748,0.04746621847
1551,1.0,0.0,0.0,0.0,1.0,1.0,0.2895273554,0.2850865116,0.04896426201,0.04813432693
1552,1.0,0.0,0.0,0.0,1.0,1.0,0.2916404274,0.2919163059,0.04887205362,0.04859751463
1553,1.0,0.0,0.0,0.0,1.0,1.0,0.2934740961,0.2893123717,0.04930490255,0.04820924997
1554,1.0,0.0,0.0,0.0,1.0,1.0,0.286724992,0.2869683765,0.04808950424,0.04781472683
1555,1.0,0.0,0.0,0.0,1.0,1.0,0.2789905268,0.277990312,0.04715418816,0.04659938812
1556,1.0,0.0,0.0,0.0,1.0,1.0,0.281766172,0.2824511947,0.04689413309,0.0466183424
1557,1.0,0.0,0.0,0.0,1.0,1.0,0.271514897,0.2683063914,0.04524880648,0.04441601038
1558,1.0,0.0,0.0,0.0,1.0,1.0,0.2710633728,0.2699833627,0.04531019926,0.04475420713
1559,1.0,0.0,0.0,0.0,1.0,1.0,0.2801091354,0.2783682549,0.04730677605,0.04646700621
1560,1.0,0.0,0.0,0.0,1.0,1.0,0.2771563102,0.2725749987,0.04632306099,0.04548078775
1561,1.0,0.0,0.0,0.0,1.0,1.0,0.2838750276,0.2785604801,0.04692012072,0.04580956697
1562,1.0,0.0,0.0,0.0,1.0,1.0,0.2836477927,0.2836254143,0.04754656553,0.04698723555
1563,1.0,0.0,0.0,0.0,1.0,1.0,0.2739335869,0.2699831894,0.04584467411,0.0447332263
1564,1.0,0.0,0.0,0.0,1.0,1.0,0.2769738565,0.273495906,0.0472459197,0.04610747099
1565,1.0,0.0,0.0,0.0,1.0,1.0,0.2727263309,0.2708924613,0.04550307989,0.04467070103
1566,1.0,0.0,0.0,0.0,1.0,1.0,0.2719682738,0.2675274596,0.04530918598,0.04419732094
1567,1.0,0.0,0.0,0.0,1.0,1.0,0.2791085641,0.2701192869,0.0461512804,0.04421675205
1568,1.0,0.0,0.0,0.0,1.0,1.0,0.2779016998,0.2751840351,0.04718244076,0.04632973671
1569,1.0,0.0,0.0,0.0,1.0,1.0,0.285081352,0.2817216236,0.0478925705,0.0467787385
1570,1.0,0.0,0.0,0.0,1.0,1.0,0.2666298203,0.2667429365,0.04514431953,0.04486036301
1571,1.0,0.0,0.0,0.0,1.0,1.0,0.1776010004,0.1394978337,0.02882736921,0.02232706547
1572,1.0,0.0,0.0,0.0,1.0,1.0,0.1345748133,0.1076041218,0.02125841379,0.01672327518
1573,1.0,0.0,0.0,0.0,1.0,1.0,0.1242645421,0.09381036798,0.01987969875,0.014767766
1574,1.0,0.0,0.0,0.0,1.0,1.0,0.1978416554,0.1631031898,0.03214877844,0.02605158091
1575,1.0,0.0,0.0,0.0,1.0,1.0,0.2460682697,0.2370691946,0.04049247503,0.03855109215
1576,1.0,0.0,0.0,0.0,1.0,1.0,0.2710634676,0.2699833031,0.04515808821,0.04460394382
1577,1.0,0.0,0.0,0.0,1.0,1.0,0.2791830193,0.279108328,0.04645180702,0.04590207338
1578,1.0,0.0,0.0,0.0,1.0,1.0,0.2801086459,0.283398946,0.04693281651,0.04693287611
1579,1.0,0.0,0.0,0.0,1.0,1.0,0.2832024376,0.2831751204,0.04725325108,0.04670381546
1580,1.0,0.0,0.0,0.0,1.0,1.0,0.2864954588,0.2831753764,0.04792028666,0.04681873322
1581,1.0,0.0,0.0,0.0,1.0,1.0,0.2832026525,0.2831751176,0.04763561487,0.04708170891
1582,1.0,0.0,0.0,0.0,1.0,1.0,0.2779903288,0.2731808068,0.04657405615,0.04546517134
1583,1.0,0.0,0.0,0.0,1.0,1.0,0.2787222908,0.2748467382,0.04668003321,0.04557520151
1584,1.0,0.0,0.0,0.0,1.0,1.0,0.2803715029,0.2791084053,0.04701030254,0.0461807251
1585,1.0,0.0,0.0,0.0,1.0,1.0,0.2808348928,0.2781780206,0.0465542078,0.04573267698
1586,1.0,0.0,0.0,0.0,1.0,1.0,0.2799098192,0.275765759,0.04648810625,0.0451207757
1587,1.0,0.0,0.0,0.0,1.0,1.0,0.2793784098,0.2776228358,0.04590666294,0.04508686066
1588,1.0,0.0,0.0,0.0,1.0,1.0,0.2767942528,0.2766912482,0.04607093334,0.04551917315
1589,1.0,0.0,0.0,0.0,1.0,1.0,0.2784516754,0.2757659551,0.04614299536,0.04531902075
1590,1.0,0.0,0.0,0.0,1.0,1.0,0.2749701183,0.2724232542,0.04615455866,0.04504907131
1591,1.0,0.0,0.0,0.0,1.0,1.0,0.2806317216,0.2772540509,0.04727447033,0.04616862535
1592,1.0,0.0,0.0,0.0,1.0,1.0,0.2787223545,0.2739335005,0.04719793797,0.04608082771
1593,1.0,0.0,0.0,0.0,1.0,1.0,0.2803714929,0.2798436682,0.04734534025,0.04678833485
1594,1.0,0.0,0.0,0.0,1.0,1.0,0.2787222337,0.2791082185,0.04673683643,0.04618370533
1595,1.0,0.0,0.0,0.0,1.0,1.0,0.2824868713,0.2800448899,0.04715192318,0.04604893923
1596,1.0,0.0,0.0,0.0,1.0,1.0,0.284609292,0.2817217872,0.04748421907,0.04637992382
1597,1.0,0.0,0.0,0.0,1.0,1.0,0.2796453082,0.276691166,0.04648959637,0.04538923502
1598,1.0,0.0,0.0,0.0,1.0,1.0,0.2758789665,0.2759400332,0.04691195488,0.04606920481
1599,1.0,0.0,0.0,0.0,1.0,1.0,0.2815562772,0.2757657938,0.04704082012,0.0453902483
1600,1.0,0.0,0.0,0.0,1.0,1.0,0.2789904506,0.2783680694,0.04742091894,0.04630511999
1601,1.0,0.0,0.0,0.0,1.0,1.0,0.2758787517,0.2768725066,0.04629254341,0.04546099901
1602,1.0,0.0,0.0,0.0,1.0,1.0,0.2706129127,0.2702572265,0.04544043541,0.04432535172
1603,1.0,0.0,0.0,0.0,1.0,1.0,0.2739334097,0.2718077711,0.04571723938,0.04460895061
1604,1.0,0.0,0.0,0.0,1.0,1.0,0.2727264227,0.2718075837,0.0460703969,0.04522758722
1605,1.0,0.0,0.0,0.0,1.0,1.0,0.269400099,0.2659535087,0.04493743181,0.04355055094
1606,1.0,0.0,0.0,0.0,1.0,1.0,0.2731807005,0.2727292134,0.04576635361,0.04492920637
1607,1.0,0.0,0.0,0.0,1.0,1.0,0.2731807032,0.2727288242,0.04560285807,0.04476863146
1608,1.0,0.0,0.0,0.0,1.0,1.0,0.2689528222,0.2659529909,0.04518294334,0.04378837347
1609,1.0,0.0,0.0,0.0,1.0,1.0,0.2657378771,0.2644570494,0.0445497036,0.04314875603
1610,1.0,0.0,0.0,0.0,1.0,1.0,0.2657380128,0.2566595311,0.04448801279,0.04224961996
1611,1.0,0.0,0.0,0.0,1.0,1.0,0.2674091953,0.2617587023,0.04496330023,0.04327720404
1612,1.0,0.0,0.0,0.0,1.0,1.0,0.2607239271,0.2558296308,0.04359143972,0.04191482067
1613,1.0,0.0,0.0,0.0,1.0,1.0,0.2565680463,0.2524364112,0.04276186228,0.0410849452
1614,1.0,0.0,0.0,0.0,1.0,1.0,0.265632512,0.2643574428,0.04451644421,0.0431252718
1615,1.0,0.0,0.0,0.0,1.0,1.0,0.2657377258,0.2669742563,0.0447845459,0.04393959045
1616,1.0,0.0,0.0,0.0,1.0,1.0,0.2599219703,0.2558296406,0.0431213975,0.0417303443
1617,1.0,0.0,0.0,0.0,1.0,1.0,0.257432041,0.2584762886,0.04265773296,0.04182130098
1618,1.0,0.0,0.0,0.0,1.0,1.0,0.2632758948,0.2644570875,0.04379469156,0.04295784235
1619,1.0,0.0,0.0,0.0,1.0,1.0,0.2692099214,0.2678916199,0.04457479715,0.04346042871
1620,1.0,0.0,0.0,0.0,1.0,1.0,0.2650549033,0.2627402636,0.04396915436,0.04284894466
1621,1.0,0.0,0.0,0.0,1.0,1.0,0.2490132556,0.2421327965,0.04099154472,0.03931844234
1622,1.0,0.0,0.0,0.0,1.0,1.0,0.2171959921,0.2074964943,0.03653925657,0.03425556421
1623,1.0,0.0,0.0,0.0,1.0,1.0,0.2009098973,0.175859856,0.03377574682,0.02890974283
1624,1.0,0.0,0.0,0.0,1.0,1.0,0.1910195041,0.1694858492,0.0319737792,0.02769160271
1625,1.0,0.0,0.0,0.0,1.0,1.0,0.1943836501,0.1724392,0.03173547983,0.02752286196
1626,1.0,0.0,0.0,0.0,1.0,1.0,0.1909434946,0.1630666249,0.03145486116,0.02635401487
1627,1.0,0.0,0.0,0.0,1.0,1.0,0.2015965982,0.1712330844,0.03323733807,0.02760392427
1628,1.0,0.0,0.0,0.0,1.0,1.0,0.2127191537,0.1923324929,0.03578162193,0.03180587292
1629,1.0,0.0,0.0,0.0,1.0,1.0,0.2200452419,0.2036530099,0.03647404909,0.03313285112
1630,1.0,0.0,0.0,0.0,1.0,1.0,0.2185758797,0.2063694,0.03617674112,0.03341513872
1631,1.0,0.0,0.0,0.0,1.0,1.0,0.2220985088,0.2085044117,0.0367744565,0.03370988369
1632,1.0,0.0,0.0,0.0,1.0,1.0,0.223581302,0.2097805486,0.03685677052,0.03383123875
1633,1.0,0.0,0.0,0.0,1.0,1.0,0.2192653407,0.2099521105,0.03593802452,0.03370928764
1634,1.0,0.0,0.0,0.0,1.0,1.0,0.1846984688,0.156602399,0.02983760834,0.02481812239
1635,1.0,0.0,0.0,0.0,1.0,1.0,0.1854633131,0.1571561624,0.02990114689,0.02464079857
1636,1.0,0.0,0.0,0.0,1.0,1.0,0.2067221109,0.1858612143,0.03301692009,0.02892392874
1637,1.0,0.0,0.0,0.0,1.0,1.0,0.2426972701,0.2309057626,0.04012274742,0.0373365283
1638,1.0,0.0,0.0,0.0,1.0,1.0,0.2553196954,0.2498603021,0.04266214371,0.0406973958
1639,1.0,0.0,0.0,0.0,1.0,1.0,0.2698492489,0.2626520202,0.04492360353,0.04270517826
1640,1.0,0.0,0.0,0.0,1.0,1.0,0.2623950525,0.2567059039,0.04374068975,0.04179048538
1641,1.0,0.0,0.0,0.0,1.0,1.0,0.2713715683,0.2703969572,0.04604959488,0.04436486959
1642,1.0,0.0,0.0,0.0,1.0,1.0,0.2523844213,0.2463659192,0.04136329889,0.03888148069
1643,1.0,0.0,0.0,0.0,1.0,1.0,0.2659669172,0.2610225651,0.04440391064,0.04192173481
1644,1.0,0.0,0.0,0.0,1.0,1.0,0.2676188632,0.2636459099,0.04484212399,0.04235094786
1645,1.0,0.0,0.0,0.0,1.0,1.0,0.2602197148,0.2568010743,0.04230773449,0.03988242149
1646,1.0,0.0,0.0,0.0,1.0,1.0,0.2668579882,0.2586583035,0.04333120584,0.04057121277
1647,1.0,0.0,0.0,0.0,1.0,1.0,0.2546240222,0.2462911532,0.04033178091,0.03786247969
1648,1.0,0.0,0.0,0.0,1.0,1.0,0.2540111448,0.2481724549,0.04326146841,0.04156494141
1649,1.0,0.0,0.0,0.0,1.0,1.0,0.2414759654,0.2319524009,0.04016000032,0.03792887926
1650,1.0,0.0,0.0,0.0,1.0,1.0,0.2638789965,0.2440109724,0.04360204935,0.03978687525
1651,1.0,0.0,0.0,0.0,1.0,1.0,0.2683065452,0.2362628014,0.04325526953,0.03757804632
1652,1.0,0.0,0.0,0.0,1.0,1.0,0.2677687824,0.2220980675,0.04321658611,0.03523385525
1653,1.0,0.0,0.0,0.0,1.0,1.0,0.2828608658,0.2358820863,0.04678416252,0.03827792406
1654,1.0,0.0,0.0,0.0,1.0,1.0,0.2899669511,0.2350606474,0.04753607512,0.03797262907
1655,1.0,0.0,0.0,0.0,1.0,1.0,0.2757078849,0.2149146876,0.04348236322,0.03342705965
1656,1.0,0.0,0.0,0.0,1.0,1.0,0.2690474982,0.1998885707,0.04480159283,0.03273963928
1657,1.0,0.0,0.0,0.0,1.0,1.0,0.2326740544,0.1445624307,0.03687661886,0.02262890339
1658,1.0,0.0,0.0,0.0,1.0,1.0,0.2234890313,0.1158773379,0.03598773479,0.01842570305
1659,1.0,0.0,0.0,0.0,1.0,1.0,0.2382182024,0.110046877,0.03802871704,0.01744174957
1660,1.0,0.0,0.0,0.0,1.0,1.0,0.2521114671,0.1074666813,0.04021781683,0.01723617315
1661,1.0,0.0,0.0,0.0,1.0,1.0,0.2491785522,0.1100468117,0.03962683678,0.01764404774
1662,1.0,0.0,0.0,0.0,1.0,1.0,0.2667613719,0.1035782214,0.0422527194,0.01649588346
1663,1.0,0.0,0.0,0.0,1.0,1.0,0.2687267908,0.0936977954,0.04258859158,0.0148768425
1664,1.0,0.0,0.0,0.0,1.0,1.0,0.2585711775,0.0881860197,0.04124301672,0.0140401721
1665,1.0,0.0,0.0,0.0,1.0,1.0,0.2476177764,0.08268757205,0.03991633654,0.01330542564
1666,1.0,0.0,0.0,0.0,1.0,1.0,0.2385649468,0.07242323457,0.03852659464,0.01167470217
1667,1.0,0.0,0.0,0.0,1.0,1.0,0.2320134055,0.08987814314,0.03758728504,0.01445668936
1668,1.0,0.0,0.0,0.0,1.0,1.0,0.2242226279,0.1266655234,0.03633016348,0.02055895329
1669,1.0,0.0,0.0,0.0,1.0,1.0,0.2442698476,0.1637017005,0.0406794548,0.02721512318
1670,1.0,0.0,0.0,0.0,1.0,1.0,0.2446909684,0.159704897,0.04064720869,0.02662110329
1671,1.0,0.0,0.0,0.0,1.0,1.0,0.256753022,0.1745601563,0.04302543402,0.02945369482
1672,1.0,0.0,0.0,0.0,1.0,1.0,0.2363898205,0.1494011651,0.04005736113,0.02562493086
1673,1.0,0.0,0.0,0.0,1.0,1.0,0.2207249445,0.1345401723,0.03644800186,0.0224519372
1674,1.0,0.0,0.0,0.0,1.0,1.0,0.2476951002,0.1671422918,0.04029870033,0.02761733532
1675,1.0,0.0,0.0,0.0,1.0,1.0,0.2928518601,0.2348688635,0.04865431786,0.03988522291
1676,1.0,0.0,0.0,0.0,1.0,1.0,0.2993250651,0.2498604845,0.05030107498,0.0429122448
1677,1.0,0.0,0.0,0.0,1.0,1.0,0.308175537,0.2707519065,0.05180209875,0.0463643074
1678,1.0,0.0,0.0,0.0,1.0,1.0,0.313384422,0.2740942629,0.05311399698,0.04708480835
1679,1.0,0.0,0.0,0.0,1.0,1.0,0.3115806291,0.280248917,0.05238056183,0.04751461744
1680,1.0,0.0,0.0,0.0,1.0,1.0,0.3095913618,0.2841221122,0.05326926708,0.04921615124
1681,1.0,0.0,0.0,0.0,1.0,1.0,0.2917831046,0.2615986223,0.04887777567,0.04382145405
1682,1.0,0.0,0.0,0.0,1.0,1.0,0.2945375558,0.2739334405,0.04973381758,0.04610157013
1683,1.0,0.0,0.0,0.0,1.0,1.0,0.2919163694,0.2740944248,0.04989314079,0.04622864723
1684,1.0,0.0,0.0,0.0,1.0,1.0,0.3003329127,0.2828931412,0.05133032799,0.04762321711
1685,1.0,0.0,0.0,0.0,1.0,1.0,0.2949450245,0.2806652087,0.04950559139,0.0463938117
1686,1.0,0.0,0.0,0.0,1.0,1.0,0.3053389299,0.2903781158,0.05142831802,0.04833692312
1687,1.0,0.0,0.0,0.0,1.0,1.0,0.2971761044,0.2809879076,0.05011373758,0.04675418139
1688,1.0,0.0,0.0,0.0,1.0,1.0,0.2954432448,0.2780017704,0.0494582653,0.04606682062
1689,1.0,0.0,0.0,0.0,1.0,1.0,0.2942520507,0.2833466965,0.04997897148,0.04739379883
1690,1.0,0.0,0.0,0.0,1.0,1.0,0.2920665212,0.2757079737,0.04942417145,0.04571020603
1691,1.0,0.0,0.0,0.0,1.0,1.0,0.2956334032,0.2806652516,0.05008864403,0.0466734767
1692,1.0,0.0,0.0,0.0,1.0,1.0,0.2955160941,0.2768725939,0.05010950565,0.04616832733
1693,1.0,0.0,0.0,0.0,1.0,1.0,0.3035217876,0.2745908303,0.05171346664,0.04599928856
1694,1.0,0.0,0.0,0.0,1.0,1.0,0.2919906264,0.26515834,0.04959446192,0.04420995712
1695,1.0,0.0,0.0,0.0,1.0,1.0,0.2988364949,0.2804556852,0.05082112551,0.04658603668
1696,1.0,0.0,0.0,0.0,1.0,1.0,0.3021567051,0.2797073277,0.05163514614,0.04652839899
1697,1.0,0.0,0.0,0.0,1.0,1.0,0.298490915,0.2736570237,0.05111038685,0.04622912407
1698,1.0,0.0,0.0,0.0,1.0,1.0,0.2942518067,0.2791544971,0.04958152771,0.04616212845
1699,1.0,0.0,0.0,0.0,1.0,1.0,0.2998322357,0.2848235652,0.05070143938,0.04783695936
1700,1.0,0.0,0.0,0.0,1.0,1.0,0.3011784612,0.2802490533,0.05031079054,0.04665696621
1701,1.0,0.0,0.0,0.0,1.0,1.0,0.3003416934,0.2819370044,0.0507016778,0.04783713818
1702,1.0,0.0,0.0,0.0,1.0,1.0,0.2938529813,0.2821552902,0.0495749712,0.04784560204
1703,1.0,0.0,0.0,0.0,1.0,1.0,0.291362666,0.2809876786,0.04915994406,0.04773086309
1704,1.0,0.0,0.0,0.0,1.0,1.0,0.2862894622,0.2823764033,0.04814225435,0.04756569862
1705,1.0,0.0,0.0,0.0,1.0,1.0,0.28289255,0.2780015993,0.04664337635,0.04552620649
1706,1.0,0.0,0.0,0.0,1.0,1.0,0.2416611337,0.2230587244,0.03933215141,0.03624176979
1707,1.0,0.0,0.0,0.0,1.0,1.0,0.2093899413,0.1724388612,0.03416413069,0.02813518047
1708,1.0,0.0,0.0,0.0,1.0,1.0,0.1778366933,0.1338536514,0.02845084667,0.0213381052
1709,1.0,0.0,0.0,0.0,1.0,1.0,0.1623641404,0.1189808311,0.02549821138,0.01841533184
1710,1.0,0.0,0.0,0.0,1.0,1.0,0.1632841733,0.112664475,0.02542370558,0.01732164621
1711,1.0,0.0,0.0,0.0,1.0,1.0,0.1626579314,0.1198592504,0.02521377802,0.01820993423
1712,1.0,0.0,0.0,0.0,1.0,1.0,0.1822089204,0.1322788976,0.0285654664,0.02036345005
1713,1.0,0.0,0.0,0.0,1.0,1.0,0.2077690448,0.1635451802,0.0326411128,0.02532505989
1714,1.0,0.0,0.0,0.0,1.0,1.0,0.2222989765,0.1757260249,0.03440123796,0.0268497467
1715,1.0,0.0,0.0,0.0,1.0,1.0,0.2407033759,0.1926008027,0.03824430704,0.03076171875
1716,1.0,0.0,0.0,0.0,1.0,1.0,0.2402168943,0.1919341787,0.03772431612,0.03056490421
1717,1.0,0.0,0.0,0.0,1.0,1.0,0.2520793157,0.1998882092,0.03892320395,0.03124821186
1718,1.0,0.0,0.0,0.0,1.0,1.0,0.2537713034,0.2070761217,0.04068732262,0.0337203145
1719,1.0,0.0,0.0,0.0,1.0,1.0,0.255394174,0.2086377454,0.04173719883,0.03450274467
1720,1.0,0.0,0.0,0.0,1.0,1.0,0.2722674836,0.2289691606,0.04456114769,0.03791850805
1721,1.0,0.0,0.0,0.0,1.0,1.0,0.2700730171,0.2288283653,0.04339385033,0.03758955002
1722,1.0,0.0,0.0,0.0,1.0,1.0,0.2705387186,0.227913101,0.04324221611,0.03718274832
1723,1.0,0.0,0.0,0.0,1.0,1.0,0.2803311692,0.2362622743,0.04511910677,0.03895372152
1724,1.0,0.0,0.0,0.0,1.0,1.0,0.2761840978,0.2404801927,0.04470461607,0.03939598799
1725,1.0,0.0,0.0,0.0,1.0,1.0,0.271005764,0.2327465755,0.04381853342,0.03795742989
1726,1.0,0.0,0.0,0.0,1.0,1.0,0.2696636537,0.2439716606,0.04339909554,0.03933048248
1727,1.0,0.0,0.0,0.0,1.0,1.0,0.2579756382,0.2307737769,0.04095810652,0.03607565165
1728,1.0,0.0,0.0,0.0,1.0,1.0,0.2502862054,0.2358820876,0.04002159834,0.03675448895
1729,1.0,0.0,0.0,0.0,1.0,1.0,0.2519743058,0.2342440005,0.04054135084,0.0367320776
1730,1.0,0.0,0.0,0.0,1.0,1.0,0.2549946927,0.2271456337,0.04110223055,0.03586095572
1731,1.0,0.0,0.0,0.0,1.0,1.0,0.2601995159,0.2305048591,0.04286777973,0.03718990088
1732,1.0,0.0,0.0,0.0,1.0,1.0,0.264101204,0.2314497532,0.04337900877,0.0374250412
1733,1.0,0.0,0.0,0.0,1.0,1.0,0.2740944642,0.2430613836,0.04559481144,0.03975641727
1734,1.0,0.0,0.0,0.0,1.0,1.0,0.2776227558,0.2490017885,0.04630744457,0.04069441557
1735,1.0,0.0,0.0,0.0,1.0,1.0,0.2780906682,0.2395922688,0.04610919952,0.03912299871
1736,1.0,0.0,0.0,0.0,1.0,1.0,0.2659532781,0.2228484762,0.04379123449,0.0368180871
1737,1.0,0.0,0.0,0.0,1.0,1.0,0.2870192524,0.2396619115,0.04686331749,0.03933167458
1738,1.0,0.0,0.0,0.0,1.0,1.0,0.2824142742,0.2372412897,0.04589545727,0.03875005245
1739,1.0,0.0,0.0,0.0,1.0,1.0,0.2821954712,0.2272975007,0.04630619287,0.03748589754
1740,1.0,0.0,0.0,0.0,1.0,1.0,0.2701193156,0.2049705497,0.04499483109,0.03402739763
1741,1.0,0.0,0.0,0.0,1.0,1.0,0.2224845993,0.1392950671,0.03527003527,0.02204376459
1742,1.0,0.0,0.0,0.0,1.0,1.0,0.2061783859,0.1178919768,0.03339743614,0.01896297932
1743,1.0,0.0,0.0,0.0,1.0,1.0,0.2334339415,0.1567067587,0.03797274828,0.02531510592
1744,1.0,0.0,0.0,0.0,1.0,1.0,0.2541244374,0.192332526,0.04183161259,0.03144389391
1745,1.0,0.0,0.0,0.0,1.0,1.0,0.275233532,0.2198084072,0.0452863574,0.036229074
1746,1.0,0.0,0.0,0.0,1.0,1.0,0.2686855951,0.2240125999,0.04400461912,0.0364369154
1747,1.0,0.0,0.0,0.0,1.0,1.0,0.2658273852,0.2161422292,0.04326999187,0.03512173891
1748,1.0,0.0,0.0,0.0,1.0,1.0,0.2532831539,0.1998883965,0.04167878628,0.03266716003
1749,1.0,0.0,0.0,0.0,1.0,1.0,0.2563559558,0.2159070012,0.04176217318,0.03498989344
1750,1.0,0.0,0.0,0.0,1.0,1.0,0.2707517939,0.2354614245,0.044885993,0.0385132432
1751,1.0,0.0,0.0,0.0,1.0,1.0,0.2743888954,0.2381218379,0.0459985137,0.03958660364
1752,1.0,0.0,0.0,0.0,1.0,1.0,0.2766165498,0.2415318936,0.04701775312,0.04058080912
1753,1.0,0.0,0.0,0.0,1.0,1.0,0.2712299325,0.2389969235,0.04594773054,0.03982138634
1754,1.0,0.0,0.0,0.0,1.0,1.0,0.270922974,0.2406062417,0.04591149092,0.04003256559
1755,1.0,0.0,0.0,0.0,1.0,1.0,0.2683840741,0.2397986906,0.04479694366,0.03930032253
1756,1.0,0.0,0.0,0.0,1.0,1.0,0.2671778015,0.2389235665,0.04614031315,0.04044389725
1757,1.0,0.0,0.0,0.0,1.0,1.0,0.2671775988,0.2397307293,0.04535651207,0.03975689411
1758,1.0,0.0,0.0,0.0,1.0,1.0,0.2712301627,0.2431975318,0.04626995325,0.04094189405
1759,1.0,0.0,0.0,0.0,1.0,1.0,0.28037167,0.2506959409,0.04771894217,0.04210489988
1760,1.0,0.0,0.0,0.0,1.0,1.0,0.2864957402,0.2632758819,0.04864293337,0.04389047623
1761,1.0,0.0,0.0,0.0,1.0,1.0,0.2855546804,0.2583016635,0.04882609844,0.04343253374
1762,1.0,0.0,0.0,0.0,1.0,1.0,0.2900536248,0.2607973979,0.04919874668,0.04357606173
1763,1.0,0.0,0.0,0.0,1.0,1.0,0.2940507096,0.2632757395,0.0511085391,0.04507887363
1764,1.0,0.0,0.0,0.0,1.0,1.0,0.2925996557,0.2647528656,0.04957598448,0.04456269741
1765,1.0,0.0,0.0,0.0,1.0,1.0,0.3051610182,0.287667969,0.05230671167,0.04843205214
1766,1.0,0.0,0.0,0.0,1.0,1.0,0.3012902111,0.282736844,0.05153918266,0.04765993357
1767,1.0,0.0,0.0,0.0,1.0,1.0,0.3030563309,0.2895734151,0.05335444212,0.04966509342
1768,1.0,0.0,0.0,0.0,1.0,1.0,0.2846200402,0.2607969433,0.04861134291,0.04330319166
1769,1.0,0.0,0.0,0.0,1.0,1.0,0.1833506736,0.07880921235,0.02927726507,0.01262944937
1770,1.0,0.0,0.0,0.0,1.0,1.0,0.1956199834,0.09746333889,0.03158944845,0.01579475403
1771,1.0,0.0,0.0,0.0,1.0,1.0,0.1945814629,0.09102065541,0.03129404783,0.01450908184
1772,1.0,0.0,0.0,0.0,1.0,1.0,0.1834983671,0.0754971282,0.02940303087,0.0119895339
1773,1.0,0.0,0.0,0.0,1.0,1.0,0.184512334,0.1068369225,0.02992326021,0.01717817783
1774,1.0,0.0,0.0,0.0,1.0,1.0,0.255710108,0.2175654527,0.04275900126,0.0357722044
1775,1.0,0.0,0.0,0.0,1.0,1.0,0.2758789325,0.2490191593,0.04744380713,0.04204601049
1776,1.0,0.0,0.0,0.0,1.0,1.0,0.2895273368,0.2674092746,0.04981923103,0.04503434896
1777,1.0,0.0,0.0,0.0,1.0,1.0,0.2936672463,0.2779904257,0.0507568121,0.04711127281
1778,1.0,0.0,0.0,0.0,1.0,1.0,0.285086906,0.2707517525,0.04902750254,0.04564625025
1779,1.0,0.0,0.0,0.0,1.0,1.0,0.2848493905,0.2658445535,0.04768955708,0.04355454445
1780,1.0,0.0,0.0,0.0,1.0,1.0,0.2836697559,0.2633665002,0.048414886,0.04391121864
1781,1.0,0.0,0.0,0.0,1.0,1.0,0.2767182467,0.2632759261,0.04755234718,0.04391604662
1782,1.0,0.0,0.0,0.0,1.0,1.0,0.277712354,0.2630982731,0.04775583744,0.04414641857
1783,1.0,0.0,0.0,0.0,1.0,1.0,0.2795188302,0.2615205228,0.04751068354,0.04336726665
1784,1.0,0.0,0.0,0.0,1.0,1.0,0.2724260423,0.2549252376,0.04642087221,0.04222619534
1785,1.0,0.0,0.0,0.0,1.0,1.0,0.2719794595,0.2532368734,0.0459459424,0.0415173769
1786,1.0,0.0,0.0,0.0,1.0,1.0,0.2736175383,0.2549252624,0.04611337185,0.04169535637
1787,1.0,0.0,0.0,0.0,1.0,1.0,0.2698981905,0.2540667417,0.04644465446,0.04250389338
1788,1.0,0.0,0.0,0.0,1.0,1.0,0.2750905945,0.2573816218,0.0471150279,0.04293328524
1789,1.0,0.0,0.0,0.0,1.0,1.0,0.2687026855,0.254925113,0.04545146227,0.04184854031
1790,1.0,0.0,0.0,0.0,1.0,1.0,0.2788000448,0.2599217085,0.04744303226,0.04300391674
1791,1.0,0.0,0.0,0.0,1.0,1.0,0.2725751076,0.2565684467,0.04662716389,0.04246407747
1792,1.0,0.0,0.0,0.0,1.0,1.0,0.2690176765,0.2498604394,0.04588001966,0.04143106937
1793,1.0,0.0,0.0,0.0,1.0,1.0,0.2629251283,0.2481721042,0.04533082247,0.04138898849
1794,1.0,0.0,0.0,0.0,1.0,1.0,0.2660851863,0.2582447133,0.04587119818,0.04307413101
1795,1.0,0.0,0.0,0.0,1.0,1.0,0.2640342037,0.2582447716,0.04548054934,0.04296928644
1796,1.0,0.0,0.0,0.0,1.0,1.0,0.2681432096,0.2650545659,0.0459651351,0.04373645782
1797,1.0,0.0,0.0,0.0,1.0,1.0,0.2659805169,0.2632759034,0.04619204998,0.04395246506
1798,1.0,0.0,0.0,0.0,1.0,1.0,0.261566503,0.2549251006,0.04474169016,0.04170364141
1799,1.0,0.0,0.0,0.0,1.0,1.0,0.2466574169,0.2464838241,0.04249900579,0.04029119015
1800,1.0,0.0,0.0,0.0,1.0,1.0,0.2466573448,0.2473366709,0.04241478443,0.04048681259
1801,1.0,0.0,0.0,0.0,1.0,1.0,0.2466570466,0.239798964,0.04218500853,0.03917181492
1802,1.0,0.0,0.0,0.0,1.0,1.0,0.2482691651,0.2465065701,0.04321783781,0.04072445631
1803,1.0,0.0,0.0,0.0,1.0,1.0,0.2542581569,0.2557494244,0.04430764914,0.04235696793
1804,1.0,0.0,0.0,0.0,1.0,1.0,0.2486570909,0.2490190147,0.04357653856,0.04160857201
1805,1.0,0.0,0.0,0.0,1.0,1.0,0.2482588154,0.2507017012,0.04274404049,0.04108941555
1806,1.0,0.0,0.0,0.0,1.0,1.0,0.2498606201,0.2574832632,0.04377543926,0.04265296459
1807,1.0,0.0,0.0,0.0,1.0,1.0,0.2510597834,0.2549253134,0.04486244917,0.04314798117
1808,1.0,0.0,0.0,0.0,1.0,1.0,0.2450859657,0.2481608298,0.04405319691,0.04176473618
1809,1.0,0.0,0.0,0.0,1.0,1.0,0.2395488939,0.2355585334,0.04262709618,0.03952175379
1810,1.0,0.0,0.0,0.0,1.0,1.0,0.2399297305,0.239730885,0.04184275866,0.03934878111
1811,1.0,0.0,0.0,0.0,1.0,1.0,0.2405032043,0.2346664103,0.04156291485,0.03825992346
1812,1.0,0.0,0.0,0.0,1.0,1.0,0.2458689654,0.2439316066,0.04357087612,0.04074162245
1813,1.0,0.0,0.0,0.0,1.0,1.0,0.2534471806,0.2532367907,0.04419618845,0.0416944623
1814,1.0,0.0,0.0,0.0,1.0,1.0,0.2452520773,0.2414192798,0.04247760773,0.03970128298
1815,1.0,0.0,0.0,0.0,1.0,1.0,0.2510755322,0.2447613147,0.04387176037,0.04075825214
1816,1.0,0.0,0.0,0.0,1.0,1.0,0.249453088,0.2490076243,0.04285424948,0.04089355469
1817,1.0,0.0,0.0,0.0,1.0,1.0,0.2617775954,0.2583014673,0.04577243328,0.04322952032
1818,1.0,0.0,0.0,0.0,1.0,1.0,0.2607945275,0.252384509,0.04539883137,0.04229706526
1819,1.0,0.0,0.0,0.0,1.0,1.0,0.2523020731,0.2414193698,0.04359406233,0.04021906853
1820,1.0,0.0,0.0,0.0,1.0,1.0,0.2557656711,0.2447956779,0.04486304522,0.04143404961
1821,1.0,0.0,0.0,0.0,1.0,1.0,0.2584480498,0.2447956542,0.04531282187,0.04158455133
1822,1.0,0.0,0.0,0.0,1.0,1.0,0.2576558026,0.2431075144,0.04501748085,0.04128992558
1823,1.0,0.0,0.0,0.0,1.0,1.0,0.2453323539,0.2328631153,0.04240071774,0.03898590803
1824,1.0,0.0,0.0,0.0,1.0,1.0,0.2480248107,0.2414194448,0.0429726243,0.04042822123
1825,1.0,0.0,0.0,0.0,1.0,1.0,0.2284437665,0.2076542711,0.03943639994,0.03464770317
1826,1.0,0.0,0.0,0.0,1.0,1.0,0.2258899987,0.2093426099,0.03923493624,0.0350009799
1827,1.0,0.0,0.0,0.0,1.0,1.0,0.2171259919,0.1920696267,0.03719729185,0.03208619356
1828,1.0,0.0,0.0,0.0,1.0,1.0,0.2211744362,0.1948063442,0.03732597828,0.03227430582
1829,1.0,0.0,0.0,0.0,1.0,1.0,0.2199101878,0.1951769533,0.03737658262,0.03235578537
1830,1.0,0.0,0.0,0.0,1.0,1.0,0.2217305293,0.1998885577,0.03795152903,0.0334200263
1831,1.0,0.0,0.0,0.0,1.0,1.0,0.2166275056,0.1941483577,0.03792136908,0.0330376029
1832,1.0,0.0,0.0,0.0,1.0,1.0,0.2088388423,0.1893140205,0.03508412838,0.0309073925
1833,1.0,0.0,0.0,0.0,1.0,1.0,0.2015402811,0.1824921999,0.03399062157,0.0298115015
1834,1.0,0.0,0.0,0.0,1.0,1.0,0.2077402149,0.1907721057,0.0356580615,0.03172725439
1835,1.0,0.0,0.0,0.0,1.0,1.0,0.205139831,0.1914185077,0.034545362,0.03122901917
1836,1.0,0.0,0.0,0.0,1.0,1.0,0.2064419308,0.1961363053,0.03498643637,0.03193211555
1837,1.0,0.0,0.0,0.0,1.0,1.0,0.2008763081,0.1871807807,0.03393799067,0.03032165766
1838,1.0,0.0,0.0,0.0,1.0,1.0,0.2051836331,0.1936636889,0.03456771374,0.03122246265
1839,1.0,0.0,0.0,0.0,1.0,1.0,0.2038338015,0.1933851005,0.03447622061,0.03141778708
1840,1.0,0.0,0.0,0.0,1.0,1.0,0.2067809093,0.1950963782,0.0359044075,0.03248494864
1841,1.0,0.0,0.0,0.0,1.0,1.0,0.2045064443,0.1929953675,0.03466290236,0.03130835295
1842,1.0,0.0,0.0,0.0,1.0,1.0,0.2058158108,0.196441953,0.03471082449,0.03165626526
1843,1.0,0.0,0.0,0.0,1.0,1.0,0.2103227533,0.2046639567,0.03583222628,0.03333234787
1844,1.0,0.0,0.0,0.0,1.0,1.0,0.2141659909,0.2073671576,0.03667837381,0.03389972448
1845,1.0,0.0,0.0,0.0,1.0,1.0,0.2266272155,0.2219101175,0.03854727745,0.03632873297
1846,1.0,0.0,0.0,0.0,1.0,1.0,0.2255233626,0.2245370404,0.03829443455,0.03664147854
1847,1.0,0.0,0.0,0.0,1.0,1.0,0.223366276,0.2194718993,0.03799182177,0.03605061769
1848,1.0,0.0,0.0,0.0,1.0,1.0,0.224630274,0.2194721557,0.03836190701,0.03613805771
1849,1.0,0.0,0.0,0.0,1.0,1.0,0.2177646864,0.2110308738,0.03692483902,0.03444480896
1850,1.0,0.0,0.0,0.0,1.0,1.0,0.163208606,0.1455327522,0.02756309509,0.02358490229
1851,1.0,0.0,0.0,0.0,1.0,1.0,0.1216249304,0.1309231049,0.01936358213,0.01992487907
1852,1.0,0.0,0.0,0.0,1.0,1.0,0.1282238572,0.1406620958,0.02057617903,0.02142173052
1853,1.0,0.0,0.0,0.0,1.0,1.0,0.1160530976,0.1321727362,0.01896637678,0.02066487074
1854,1.0,0.0,0.0,0.0,1.0,1.0,0.1184904228,0.1070830691,0.01928329468,0.01676809788
1855,1.0,0.0,0.0,0.0,1.0,1.0,0.1920111027,0.1728487995,0.03256517649,0.02811181545
1856,1.0,0.0,0.0,0.0,1.0,1.0,0.2202982574,0.2086375536,0.03781884909,0.03448188305
1857,1.0,0.0,0.0,0.0,1.0,1.0,0.246262388,0.2498604653,0.04257118702,0.04146546125
1858,1.0,0.0,0.0,0.0,1.0,1.0,0.2514622009,0.2548911616,0.0439068079,0.04250848293
1859,1.0,0.0,0.0,0.0,1.0,1.0,0.2462623048,0.2498604783,0.0424747467,0.04109573364
1860,1.0,0.0,0.0,0.0,1.0,1.0,0.2450243944,0.2447958237,0.04169929028,0.03977894783
1861,1.0,0.0,0.0,0.0,1.0,1.0,0.2345957865,0.233875838,0.040320158,0.03838694096
1862,1.0,0.0,0.0,0.0,1.0,1.0,0.235352593,0.2338760348,0.04071205854,0.03876006603
1863,1.0,0.0,0.0,0.0,1.0,1.0,0.2317548282,0.2305110179,0.04028600454,0.03832763433
1864,1.0,0.0,0.0,0.0,1.0,1.0,0.2362023201,0.2347679971,0.04122835398,0.03926509619
1865,1.0,0.0,0.0,0.0,1.0,1.0,0.2292743275,0.2271458755,0.03920078278,0.03726834059
1866,1.0,0.0,0.0,0.0,1.0,1.0,0.2344969385,0.2296016937,0.03987669945,0.03740161657
1867,1.0,0.0,0.0,0.0,1.0,1.0,0.235258291,0.2286858883,0.03976142406,0.03701925278
1868,1.0,0.0,0.0,0.0,1.0,1.0,0.2333640524,0.2312897769,0.0397747159,0.03758025169
1869,1.0,0.0,0.0,0.0,1.0,1.0,0.2308889857,0.2245367376,0.03926897049,0.0365228653
1870,1.0,0.0,0.0,0.0,1.0,1.0,0.2251578127,0.2192651034,0.0393859148,0.03655236959
1871,1.0,0.0,0.0,0.0,1.0,1.0,0.2213746647,0.2141662644,0.03759551048,0.03483116627
1872,1.0,0.0,0.0,0.0,1.0,1.0,0.2289043911,0.221160213,0.03905916214,0.03603345156
1873,1.0,0.0,0.0,0.0,1.0,1.0,0.228768128,0.2211603568,0.03893333673,0.03617215157
1874,1.0,0.0,0.0,0.0,1.0,1.0,0.2280279262,0.2226650194,0.03908210993,0.03631037474
1875,1.0,0.0,0.0,0.0,1.0,1.0,0.2336358572,0.2260643382,0.03983879089,0.03679555655
1876,1.0,0.0,0.0,0.0,1.0,1.0,0.2401883697,0.2380429884,0.0413902998,0.03916805983
1877,1.0,0.0,0.0,0.0,1.0,1.0,0.2258900033,0.2168280548,0.03886759281,0.03579175472
1878,1.0,0.0,0.0,0.0,1.0,1.0,0.2308890258,0.228686076,0.03970652819,0.03748518229
1879,1.0,0.0,0.0,0.0,1.0,1.0,0.2287683399,0.2226648142,0.0386698842,0.03592735529
1880,1.0,0.0,0.0,0.0,1.0,1.0,0.2247935735,0.2141660466,0.03828763962,0.03470677137
1881,1.0,0.0,0.0,0.0,1.0,1.0,0.2255234161,0.214407648,0.03833001852,0.03502100706
1882,1.0,0.0,0.0,0.0,1.0,1.0,0.226777612,0.2166023108,0.03882223368,0.03521728516
1883,1.0,0.0,0.0,0.0,1.0,1.0,0.2256805971,0.2110307932,0.03830951452,0.03420490026
1884,1.0,0.0,0.0,0.0,1.0,1.0,0.2150903812,0.2015823858,0.03661894798,0.03276431561
1885,1.0,0.0,0.0,0.0,1.0,1.0,0.2089595358,0.1931126191,0.03565347195,0.03150773048
1886,1.0,0.0,0.0,0.0,1.0,1.0,0.2095601588,0.1941482709,0.03540718555,0.03132176399
1887,1.0,0.0,0.0,0.0,1.0,1.0,0.2121992552,0.1941483442,0.03624367714,0.03181695938
1888,1.0,0.0,0.0,0.0,1.0,1.0,0.2086213245,0.1941483277,0.03557753563,0.03171640635
1889,1.0,0.0,0.0,0.0,1.0,1.0,0.213473041,0.1981943895,0.03625422716,0.03213441372
1890,1.0,0.0,0.0,0.0,1.0,1.0,0.2133642518,0.2009012767,0.03619104624,0.03238141537
1891,1.0,0.0,0.0,0.0,1.0,1.0,0.2163572765,0.2025896968,0.03723806143,0.03334754705
1892,1.0,0.0,0.0,0.0,1.0,1.0,0.2202984052,0.2059658253,0.03712028265,0.03329902887
1893,1.0,0.0,0.0,0.0,1.0,1.0,0.2185274983,0.2096145297,0.03849875927,0.03538489342
1894,1.0,0.0,0.0,0.0,1.0,1.0,0.2167072854,0.2015821166,0.0375213623,0.0333212018
1895,1.0,0.0,0.0,0.0,1.0,1.0,0.2148637128,0.1937690708,0.03579825163,0.03091663122
1896,1.0,0.0,0.0,0.0,1.0,1.0,0.1863646086,0.1625390261,0.03175598383,0.02641648054
1897,1.0,0.0,0.0,0.0,1.0,1.0,0.1733889873,0.1494012087,0.0300501585,0.02466386557
1898,1.0,0.0,0.0,0.0,1.0,1.0,0.1495874667,0.1227688081,0.02547180653,0.01987361908
1899,1.0,0.0,0.0,0.0,1.0,1.0,0.1387183488,0.1087111929,0.02294582129,0.01714026928
1900,1.0,0.0,0.0,0.0,1.0,1.0,0.1146619527,0.0934729015,0.01894146204,0.01470082998
1901,1.0,0.0,0.0,0.0,1.0,1.0,0.1140760606,0.09706806512,0.01871782541,0.0150859952
1902,1.0,0.0,0.0,0.0,1.0,1.0,0.1180848585,0.1057800897,0.01930773258,0.01622962952
1903,1.0,0.0,0.0,0.0,1.0,1.0,0.1121999223,0.1057802906,0.01830649376,0.01633501053
1904,1.0,0.0,0.0,0.0,1.0,1.0,0.1188994617,0.1144817856,0.0190897584,0.01742976904
1905,1.0,0.0,0.0,0.0,1.0,1.0,0.1177849132,0.1294894893,0.01879960299,0.01962900162
1906,1.0,0.0,0.0,0.0,1.0,1.0,0.121507536,0.1240315132,0.01983499527,0.01927626133
1907,1.0,0.0,0.0,0.0,1.0,1.0,0.1242832535,0.1280872196,0.02019536495,0.01991480589
1908,1.0,0.0,0.0,0.0,1.0,1.0,0.1238551306,0.1258293362,0.02044641972,0.01987850666
1909,1.0,0.0,0.0,0.0,1.0,1.0,0.1148586144,0.1258290083,0.01919531822,0.0200548172
1910,1.0,0.0,0.0,0.0,1.0,1.0,0.1234305399,0.1285514314,0.01982790232,0.01955246925
1911,1.0,0.0,0.0,0.0,1.0,1.0,0.1208305352,0.127626545,0.01929610968,0.01957178116
1912,1.0,0.0,0.0,0.0,1.0,1.0,0.1225567162,0.1339832885,0.01951849461,0.02034324408
1913,1.0,0.0,0.0,0.0,1.0,1.0,0.1294611394,0.143556195,0.02199101448,0.02316391468
1914,1.0,0.0,0.0,0.0,1.0,1.0,0.1277354933,0.1461275474,0.02060031891,0.02254891396
1915,1.0,0.0,0.0,0.0,1.0,1.0,0.1467228366,0.1557098153,0.02363288403,0.02391088009
1916,1.0,0.0,0.0,0.0,1.0,1.0,0.1415446215,0.1531991591,0.0231949687,0.02376067638
1917,1.0,0.0,0.0,0.0,1.0,1.0,0.1432706733,0.1575206618,0.02325832844,0.02437919378
1918,1.0,0.0,0.0,0.0,1.0,1.0,0.1420440462,0.1558270396,0.02377355099,0.02491927147
1919,1.0,0.0,0.0,0.0,1.0,1.0,0.1358965611,0.1527922698,0.02216202021,0.02384519577
1920,1.0,0.0,0.0,0.0,1.0,1.0,0.1417894556,0.1563872215,0.02311730385,0.02452683449
1921,1.0,0.0,0.0,0.0,1.0,1.0,0.1368388385,0.1562764114,0.02251625061,0.02451133728
1922,1.0,0.0,0.0,0.0,1.0,1.0,0.1500037303,0.1629125203,0.02387869358,0.02471160889
1923,1.0,0.0,0.0,0.0,1.0,1.0,0.1392949226,0.1519299408,0.02257400751,0.02342057228
1924,1.0,0.0,0.0,0.0,1.0,1.0,0.1472311998,0.1580931679,0.02370119095,0.02425885201
1925,1.0,0.0,0.0,0.0,1.0,1.0,0.1427776911,0.1616747951,0.02279567719,0.02446365356
1926,1.0,0.0,0.0,0.0,1.0,1.0,0.147487046,0.1574213548,0.02359247208,0.02387005091
1927,1.0,0.0,0.0,0.0,1.0,1.0,0.1475449788,0.1585829544,0.02358222008,0.02414369583
1928,1.0,0.0,0.0,0.0,1.0,1.0,0.1523972156,0.1665738771,0.02402764559,0.02514523268
1929,1.0,0.0,0.0,0.0,1.0,1.0,0.1600532475,0.1752751834,0.02495366335,0.02606266737
1930,1.0,0.0,0.0,0.0,1.0,1.0,0.1532120668,0.1640871995,0.02403479815,0.0245937109
1931,1.0,0.0,0.0,0.0,1.0,1.0,0.1582742544,0.1709570322,0.02475845814,0.0253148675
1932,1.0,0.0,0.0,0.0,1.0,1.0,0.1437918059,0.1622230455,0.02267098427,0.02435034513
1933,1.0,0.0,0.0,0.0,1.0,1.0,0.1537601123,0.1779311583,0.02378588915,0.02599859238
1934,1.0,0.0,0.0,0.0,1.0,1.0,0.1466087731,0.1671998538,0.02301311493,0.02497762442
1935,1.0,0.0,0.0,0.0,1.0,1.0,0.1626580262,0.186207908,0.02550542355,0.02777254581
1936,1.0,0.0,0.0,0.0,1.0,1.0,0.1570550979,0.1834182451,0.0245872736,0.02738130093
1937,1.0,0.0,0.0,0.0,1.0,1.0,0.1602706061,0.1817167111,0.02488350868,0.0268406868
1938,1.0,0.0,0.0,0.0,1.0,1.0,0.1677636742,0.1927761345,0.02646839619,0.02900254726
1939,1.0,0.0,0.0,0.0,1.0,1.0,0.1549934669,0.1790043424,0.02413320541,0.02662974596
1940,1.0,0.0,0.0,0.0,1.0,1.0,0.156106778,0.174060133,0.02419865131,0.02586752176
1941,1.0,0.0,0.0,0.0,1.0,1.0,0.1520892012,0.1747146157,0.02339851856,0.02590548992
1942,1.0,0.0,0.0,0.0,1.0,1.0,0.1617279075,0.1817166187,0.02460026741,0.02653509378
1943,1.0,0.0,0.0,0.0,1.0,1.0,0.1744481969,0.1998885024,0.02696180344,0.02977031469
1944,1.0,0.0,0.0,0.0,1.0,1.0,0.1744481544,0.1987527992,0.02670794725,0.02921181917
1945,1.0,0.0,0.0,0.0,1.0,1.0,0.1456022063,0.1740602009,0.02254343033,0.02588319778
1946,1.0,0.0,0.0,0.0,1.0,1.0,0.1515400254,0.1778035187,0.02332293987,0.02637714148
1947,1.0,0.0,0.0,0.0,1.0,1.0,0.1471905559,0.1753735359,0.02266961336,0.02602803707
1948,1.0,0.0,0.0,0.0,1.0,1.0,0.162952524,0.1942313401,0.02518373728,0.02882140875
1949,1.0,0.0,0.0,0.0,1.0,1.0,0.155710056,0.1945478979,0.0241830349,0.0286822319
1950,1.0,0.0,0.0,0.0,1.0,1.0,0.1563875161,0.1836095822,0.02440708876,0.02721250057
1951,1.0,0.0,0.0,0.0,1.0,1.0,0.1554286765,0.1848025432,0.024276793,0.02766424417
1952,1.0,0.0,0.0,0.0,1.0,1.0,0.1602709656,0.1957082148,0.02509450912,0.02904194593
1953,1.0,0.0,0.0,0.0,1.0,1.0,0.1445620261,0.1803504178,0.02272319794,0.02693122625
1954,1.0,0.0,0.0,0.0,1.0,1.0,0.159043093,0.179823702,0.02462625504,0.02658516169
1955,1.0,0.0,0.0,0.0,1.0,1.0,0.1466087473,0.175931421,0.02305918932,0.02643364668
1956,1.0,0.0,0.0,0.0,1.0,1.0,0.1499162666,0.1715460204,0.02378970385,0.0260553956
1957,1.0,0.0,0.0,0.0,1.0,1.0,0.1440638053,0.1734880432,0.02258509398,0.02597284317
1958,1.0,0.0,0.0,0.0,1.0,1.0,0.1555483745,0.1834178858,0.0243729353,0.02745449543
1959,1.0,0.0,0.0,0.0,1.0,1.0,0.1612571516,0.1957860557,0.02516716719,0.02903908491
1960,1.0,0.0,0.0,0.0,1.0,1.0,0.1653881436,0.182054855,0.0256511569,0.02703028917
1961,1.0,0.0,0.0,0.0,1.0,1.0,0.1627411498,0.1906344953,0.02538216114,0.02841699123
1962,1.0,0.0,0.0,0.0,1.0,1.0,0.1701176945,0.1961867403,0.02655017376,0.02931582928
1963,1.0,0.0,0.0,0.0,1.0,1.0,0.1766868101,0.1901923913,0.02711504698,0.02793675661
1964,1.0,0.0,0.0,0.0,1.0,1.0,0.1674644457,0.1771399193,0.02609181404,0.02636939287
1965,1.0,0.0,0.0,0.0,1.0,1.0,0.1559925291,0.1527450475,0.02393007278,0.02253884077
1966,1.0,0.0,0.0,0.0,1.0,1.0,0.1540361655,0.151035057,0.02373975515,0.02235949039
1967,1.0,0.0,0.0,0.0,1.0,1.0,0.14200701,0.1197835285,0.02169787884,0.0175780654
1968,1.0,0.0,0.0,0.0,1.0,1.0,0.1806219424,0.1491971014,0.02925014496,0.02312153578
1969,1.0,0.0,0.0,0.0,1.0,1.0,0.2722731712,0.2711797958,0.04528915882,0.04390841722
1970,1.0,0.0,0.0,0.0,1.0,1.0,0.315784471,0.3253219576,0.05366414785,0.05366420746
1971,1.0,0.0,0.0,0.0,1.0,1.0,0.3395849193,0.3498047358,0.05748963356,0.05721718073
1972,1.0,0.0,0.0,0.0,1.0,1.0,0.3179302185,0.3236448822,0.0534479022,0.05289971828
1973,1.0,0.0,0.0,0.0,1.0,1.0,0.1523313274,0.1119066496,0.0232296586,0.01643073559
1974,1.0,0.0,0.0,0.0,1.0,1.0,0.1684040115,0.1211443995,0.02574974298,0.01791286469
1975,1.0,0.0,0.0,0.0,1.0,1.0,0.1692747991,0.1183551246,0.02630323172,0.01762878895
1976,1.0,0.0,0.0,0.0,1.0,1.0,0.1560531311,0.1017615969,0.02486491203,0.01564538479
1977,1.0,0.0,0.0,0.0,1.0,1.0,0.2644116084,0.2507076267,0.04350250959,0.04049289227
1978,1.0,0.0,0.0,0.0,1.0,1.0,0.3125290738,0.3137782343,0.05271935463,0.05189561844
1979,1.0,0.0,0.0,0.0,1.0,1.0,0.3298812356,0.3370599869,0.05541157722,0.05513721704
1980,1.0,0.0,0.0,0.0,1.0,1.0,0.3298648508,0.3331472144,0.05494773388,0.05412763357
1981,1.0,0.0,0.0,0.0,1.0,1.0,0.3249818576,0.3253216098,0.0541651845,0.05280423164
1982,1.0,0.0,0.0,0.0,1.0,1.0,0.3255509537,0.3241434463,0.05468541384,0.05249804258
1983,1.0,0.0,0.0,0.0,1.0,1.0,0.3130390778,0.315078141,0.05158275366,0.04997074604
1984,1.0,0.0,0.0,0.0,1.0,1.0,0.2665178683,0.268143186,0.04396373034,0.04231512547
1985,1.0,0.0,0.0,0.0,1.0,1.0,0.2606515886,0.2584761886,0.04330974817,0.0413787365
1986,1.0,0.0,0.0,0.0,1.0,1.0,0.2342703645,0.2171933985,0.03892827034,0.03444737196
1987,1.0,0.0,0.0,0.0,1.0,1.0,0.1685805813,0.1459038401,0.02740186453,0.02236884832
1988,1.0,0.0,0.0,0.0,1.0,1.0,0.1541600691,0.1331372687,0.02435696125,0.01997816563
1989,1.0,0.0,0.0,0.0,1.0,1.0,0.1499165257,0.1331374203,0.02467447519,0.02070385218
1990,1.0,0.0,0.0,0.0,1.0,1.0,0.1582593889,0.1339832486,0.02551108599,0.02051979303
1991,1.0,0.0,0.0,0.0,1.0,1.0,0.1682733762,0.1486625708,0.02787351608,0.02336871624
1992,1.0,0.0,0.0,0.0,1.0,1.0,0.164873915,0.1527927096,0.02728974819,0.02391374111
1993,1.0,0.0,0.0,0.0,1.0,1.0,0.1859026588,0.164168408,0.03025579453,0.02525949478
1994,1.0,0.0,0.0,0.0,1.0,1.0,0.1741838549,0.1570552541,0.02905297279,0.02482193708
1995,1.0,0.0,0.0,0.0,1.0,1.0,0.1998882807,0.1695165578,0.03302252293,0.02686578035
1996,1.0,0.0,0.0,0.0,1.0,1.0,0.2060178785,0.1849503669,0.03324359655,0.02857303619
1997,1.0,0.0,0.0,0.0,1.0,1.0,0.2121058908,0.1949266818,0.03508162498,0.03087180853
1998,1.0,0.0,0.0,0.0,1.0,1.0,0.1330126059,0.1088884772,0.0199971199,0.01555329561
1999,1.0,0.0,0.0,0.0,1.0,1.0,0.148268944,0.1524241301,0.02320551872,0.02263247967
2000,1.0,0.0,0.0,0.0,1.0,1.0,0.1538995544,0.16910705,0.02370560169,0.02482116222
2001,1.0,0.0,0.0,0.0,1.0,1.0,0.1772320394,0.1831041218,0.0267367363,0.02646112442
2002,1.0,0.0,0.0,0.0,1.0,1.0,0.166876086,0.1805078598,0.02586555481,0.02670902014
2003,1.0,0.0,0.0,0.0,1.0,1.0,0.1565610507,0.1748071483,0.02420032024,0.02588868141
2004,1.0,0.0,0.0,0.0,1.0,1.0,0.1494661465,0.1602879493,0.02357828617,0.02414643764
2005,1.0,0.0,0.0,0.0,1.0,1.0,0.144584881,0.1565164019,0.02257561684,0.02342218161
2006,1.0,0.0,0.0,0.0,1.0,1.0,0.1451093111,0.1742319063,0.02256828547,0.02567142248
2007,1.0,0.0,0.0,0.0,1.0,1.0,0.1505513487,0.1710074899,0.02323186398,0.02519118786
2008,1.0,0.0,0.0,0.0,1.0,1.0,0.1650620405,0.1895493234,0.02596074343,0.02824300528
2009,1.0,0.0,0.0,0.0,1.0,1.0,0.1559926483,0.1691071544,0.02444839478,0.02530127764
2010,1.0,0.0,0.0,0.0,1.0,1.0,0.142519846,0.1608951748,0.02167534828,0.02332156897
2011,1.0,0.0,0.0,0.0,1.0,1.0,0.1296572284,0.1268228042,0.02045041323,0.01903021336
2012,1.0,0.0,0.0,0.0,1.0,1.0,0.2043151984,0.1742801723,0.03333932161,0.02722716331
2013,1.0,0.0,0.0,0.0,1.0,1.0,0.2793783538,0.2791547822,0.04690891504,0.04523360729
2014,1.0,0.0,0.0,0.0,1.0,1.0,0.3101718151,0.3121124527,0.05138003826,0.04974889755
2015,1.0,0.0,0.0,0.0,1.0,1.0,0.3217158728,0.3286302467,0.05408859253,0.05326491594
2016,1.0,0.0,0.0,0.0,1.0,1.0,0.3277391363,0.3325845935,0.05586135387,0.05447864532
2017,1.0,0.0,0.0,0.0,1.0,1.0,0.3245362889,0.3297821718,0.0556216836,0.05423802137
2018,1.0,0.0,0.0,0.0,1.0,1.0,0.3272079251,0.3342729916,0.05451273918,0.05343329906
2019,1.0,0.0,0.0,0.0,1.0,1.0,0.3401664269,0.346090637,0.05778497458,0.05640918016
2020,1.0,0.0,0.0,0.0,1.0,1.0,0.3293430973,0.3354059528,0.05576944351,0.05466508865
2021,1.0,0.0,0.0,0.0,1.0,1.0,0.3386266979,0.3399464524,0.05599170923,0.05436092615
2022,1.0,0.0,0.0,0.0,1.0,1.0,0.336945225,0.3376495662,0.05646985769,0.05456030369
2023,1.0,0.0,0.0,0.0,1.0,1.0,0.3189708796,0.3173904697,0.05356401205,0.05164122581
2024,1.0,0.0,0.0,0.0,1.0,1.0,0.3315222742,0.3342727894,0.05590194464,0.05425775051
2025,1.0,0.0,0.0,0.0,1.0,1.0,0.3326064469,0.3370601487,0.05605429411,0.05496054888
2026,1.0,0.0,0.0,0.0,1.0,1.0,0.3418286824,0.3499730205,0.05714100599,0.05659681559
2027,1.0,0.0,0.0,0.0,1.0,1.0,0.3298812213,0.3252418023,0.05630463362,0.0535172224
2028,1.0,0.0,0.0,0.0,1.0,1.0,0.3261167435,0.3280996109,0.05416321754,0.05254638195
2029,1.0,0.0,0.0,0.0,1.0,1.0,0.321826943,0.3230520971,0.05389797688,0.05200207233
2030,1.0,0.0,0.0,0.0,1.0,1.0,0.3299127143,0.3303525195,0.05595511198,0.05403512716
2031,1.0,0.0,0.0,0.0,1.0,1.0,0.3261506241,0.3275760812,0.055164814,0.05352622271
2032,1.0,0.0,0.0,0.0,1.0,1.0,0.3342186112,0.3348129224,0.05711889267,0.05519658327
2033,1.0,0.0,0.0,0.0,1.0,1.0,0.3223484907,0.3213692993,0.05428224802,0.05210000277
2034,1.0,0.0,0.0,0.0,1.0,1.0,0.3233964815,0.324143326,0.05449843407,0.05258142948
2035,1.0,0.0,0.0,0.0,1.0,1.0,0.3125289706,0.3112738785,0.05314826965,0.05121058226
2036,1.0,0.0,0.0,0.0,1.0,1.0,0.2937606556,0.2923537452,0.0492349267,0.04730951786
2037,1.0,0.0,0.0,0.0,1.0,1.0,0.2900021613,0.2853133232,0.04864704609,0.04644823074
2038,1.0,0.0,0.0,0.0,1.0,1.0,0.2775308178,0.277242445,0.04649180174,0.04483139515
2039,1.0,0.0,0.0,0.0,1.0,1.0,0.26717735,0.262740124,0.04437029362,0.04190534353
2040,1.0,0.0,0.0,0.0,1.0,1.0,0.2668493759,0.2644573839,0.0447280407,0.04278337955
2041,1.0,0.0,0.0,0.0,1.0,1.0,0.263534429,0.2627400782,0.04350697994,0.04186522961
2042,1.0,0.0,0.0,0.0,1.0,1.0,0.2602198807,0.2575880407,0.04287648201,0.04096472263
2043,1.0,0.0,0.0,0.0,1.0,1.0,0.2577596056,0.2524542614,0.0423758626,0.03991532326
2044,1.0,0.0,0.0,0.0,1.0,1.0,0.2531917504,0.2455375846,0.04053354263,0.03786689043
2045,1.0,0.0,0.0,0.0,1.0,1.0,0.2618767416,0.2507191659,0.0439350605,0.04059827328
2046,1.0,0.0,0.0,0.0,1.0,1.0,0.257381405,0.2446551015,0.04252117872,0.03893172741
2047,1.0,0.0,0.0,0.0,1.0,1.0,0.2486088818,0.2351627594,0.04118543863,0.03759211302
2048,1.0,0.0,0.0,0.0,1.0,1.0,0.2414759276,0.2317045225,0.04002547264,0.03724592924
2049,1.0,0.0,0.0,0.0,1.0,1.0,0.2490189912,0.2317045674,0.04092955589,0.03705787659
2050,1.0,0.0,0.0,0.0,1.0,1.0,0.2439714856,0.2315777265,0.04022121429,0.0368925333
2051,1.0,0.0,0.0,0.0,1.0,1.0,0.2341644089,0.2154272748,0.0387198329,0.03423058987
2052,1.0,0.0,0.0,0.0,1.0,1.0,0.2043533114,0.1719470429,0.03333717585,0.02689385414
2053,1.0,0.0,0.0,0.0,1.0,1.0,0.2077205632,0.1730483016,0.03415638208,0.02743709087
2054,1.0,0.0,0.0,0.0,1.0,1.0,0.1815592501,0.1443236611,0.02943623066,0.0224276185
2055,1.0,0.0,0.0,0.0,1.0,1.0,0.1708888525,0.1294239488,0.02765339613,0.02011156082
2056,1.0,0.0,0.0,0.0,1.0,1.0,0.172913813,0.1353035674,0.02801257372,0.02100944519
2057,1.0,0.0,0.0,0.0,1.0,1.0,0.171184849,0.1285512685,0.02795916796,0.02005147934
2058,1.0,0.0,0.0,0.0,1.0,1.0,0.1596331654,0.1217501413,0.02567011118,0.01869452
2059,1.0,0.0,0.0,0.0,1.0,1.0,0.1648386433,0.124930045,0.02665489912,0.01935982704
2060,1.0,0.0,0.0,0.0,1.0,1.0,0.1599106362,0.1217503722,0.02575165033,0.01875394583
2061,1.0,0.0,0.0,0.0,1.0,1.0,0.1651252583,0.1235673789,0.0267713666,0.01916265488
2062,1.0,0.0,0.0,0.0,1.0,1.0,0.1671538427,0.1235676162,0.02664655447,0.01887470484
2063,1.0,0.0,0.0,0.0,1.0,1.0,0.1619304007,0.1199332092,0.02606666088,0.01849895716
2064,1.0,0.0,0.0,0.0,1.0,1.0,0.1607494549,0.1185471298,0.02599346638,0.01836496592
2065,1.0,0.0,0.0,0.0,1.0,1.0,0.1557800714,0.1171506621,0.02499639988,0.01797491312
2066,1.0,0.0,0.0,0.0,1.0,1.0,0.1425261268,0.1051073566,0.02251380682,0.01584303379
2067,1.0,0.0,0.0,0.0,1.0,1.0,0.1384661703,0.1032630348,0.02216345072,0.01591217518
2068,1.0,0.0,0.0,0.0,1.0,1.0,0.1366910292,0.0995754683,0.02184092999,0.0153170228
2069,1.0,0.0,0.0,0.0,1.0,1.0,0.1378540603,0.09545222586,0.02144873142,0.01439321041
2070,1.0,0.0,0.0,0.0,1.0,1.0,0.1355483834,0.09956838031,0.02120476961,0.0149846673
2071,1.0,0.0,0.0,0.0,1.0,1.0,0.1412256438,0.107082838,0.02217143774,0.01620215178
2072,1.0,0.0,0.0,0.0,1.0,1.0,0.1432958408,0.1225729945,0.0225161314,0.01852589846
2073,1.0,0.0,0.0,0.0,1.0,1.0,0.1464385535,0.1381801141,0.02261209488,0.02063345909
2074,1.0,0.0,0.0,0.0,1.0,1.0,0.1496390338,0.1506794664,0.02296626568,0.02239924669
2075,1.0,0.0,0.0,0.0,1.0,1.0,0.1823801368,0.1772594393,0.02849435806,0.02678465843
2076,1.0,0.0,0.0,0.0,1.0,1.0,0.1914989471,0.1765929232,0.02994084358,0.02680414915
2077,1.0,0.0,0.0,0.0,1.0,1.0,0.1653621874,0.1590018487,0.02579164505,0.02380764484
2078,1.0,0.0,0.0,0.0,1.0,1.0,0.1746772047,0.1647020457,0.02780592442,0.02522599697
2079,1.0,0.0,0.0,0.0,1.0,1.0,0.1789238075,0.1690786894,0.02816277742,0.02560251951
2080,1.0,0.0,0.0,0.0,1.0,1.0,0.1777591761,0.1665739569,0.02794766426,0.02538108826
2081,1.0,0.0,0.0,0.0,1.0,1.0,0.1782790024,0.1690783717,0.0280469656,0.0254971981
2082,1.0,0.0,0.0,0.0,1.0,1.0,0.1728762944,0.164701673,0.02717792988,0.02491307259
2083,1.0,0.0,0.0,0.0,1.0,1.0,0.1786007878,0.1715462664,0.02838259935,0.02637577057
2084,1.0,0.0,0.0,0.0,1.0,1.0,0.1741315116,0.162787958,0.02721399069,0.02437919378
2085,1.0,0.0,0.0,0.0,1.0,1.0,0.1813866294,0.1709573677,0.02847790718,0.02591496706
2086,1.0,0.0,0.0,0.0,1.0,1.0,0.1838682361,0.1665735912,0.02875077724,0.02505016327
2087,1.0,0.0,0.0,0.0,1.0,1.0,0.1853507397,0.1665736813,0.02896040678,0.02498549223
2088,1.0,0.0,0.0,0.0,1.0,1.0,0.1883004491,0.1703167127,0.0291929841,0.02554386854
2089,1.0,0.0,0.0,0.0,1.0,1.0,0.1686899378,0.1510350041,0.02630847692,0.02291381359
2090,1.0,0.0,0.0,0.0,1.0,1.0,0.1958613367,0.1817168144,0.02973014116,0.02667379379
2091,1.0,0.0,0.0,0.0,1.0,1.0,0.1973306555,0.1900079041,0.03037697077,0.02812677622
2092,1.0,0.0,0.0,0.0,1.0,1.0,0.2057135614,0.19190825,0.03192168474,0.02853184938
2093,1.0,0.0,0.0,0.0,1.0,1.0,0.1925528993,0.1799761124,0.02930521965,0.02623516321
2094,1.0,0.0,0.0,0.0,1.0,1.0,0.1847394416,0.1672143306,0.02808237076,0.02443170547
2095,1.0,0.0,0.0,0.0,1.0,1.0,0.164743358,0.1487720142,0.02494764328,0.02162128687
2096,1.0,0.0,0.0,0.0,1.0,1.0,0.1747657802,0.1465347584,0.02738195658,0.02224785089
2097,1.0,0.0,0.0,0.0,1.0,1.0,0.1724455834,0.1474272568,0.02625888586,0.02174121141
2098,1.0,0.0,0.0,0.0,1.0,1.0,0.1717506855,0.1433163131,0.02652722597,0.02144753933
2099,1.0,0.0,0.0,0.0,1.0,1.0,0.1702750996,0.1506793862,0.02594041824,0.02227497101
2100,1.0,0.0,0.0,0.0,1.0,1.0,0.1656535355,0.1539065153,0.02503073215,0.0225276351
2101,1.0,0.0,0.0,0.0,1.0,1.0,0.1693347664,0.1652922047,0.02608573437,0.02438443899
2102,1.0,0.0,0.0,0.0,1.0,1.0,0.1656535283,0.1621232374,0.02549022436,0.02407407761
2103,1.0,0.0,0.0,0.0,1.0,1.0,0.1681134052,0.1589151446,0.02584034204,0.02356863022
2104,1.0,0.0,0.0,0.0,1.0,1.0,0.1696472311,0.1710586343,0.02610594034,0.02525466681
2105,1.0,0.0,0.0,0.0,1.0,1.0,0.1638430284,0.1577065457,0.02519106865,0.02323174477
2106,1.0,0.0,0.0,0.0,1.0,1.0,0.159251783,0.1556821144,0.02442884445,0.02274405956
2107,1.0,0.0,0.0,0.0,1.0,1.0,0.1602709681,0.1371411364,0.02518594265,0.02065807581
2108,1.0,0.0,0.0,0.0,1.0,1.0,0.1407157227,0.1131444467,0.02230101824,0.017154634
2109,1.0,0.0,0.0,0.0,1.0,1.0,0.1752494635,0.1448465021,0.02823913097,0.02236759663
2110,1.0,0.0,0.0,0.0,1.0,1.0,0.2655034258,0.2542747633,0.04372012615,0.04009991884
2111,1.0,0.0,0.0,0.0,1.0,1.0,0.3160485055,0.3194094217,0.05238652229,0.05101519823
2112,1.0,0.0,0.0,0.0,1.0,1.0,0.3298485696,0.3371404631,0.05502635241,0.05420100689
2113,1.0,0.0,0.0,0.0,1.0,1.0,0.3276587182,0.333147285,0.05495983362,0.05357897282
2114,1.0,0.0,0.0,0.0,1.0,1.0,0.2731918008,0.2578063847,0.04457336664,0.04042059183
2115,1.0,0.0,0.0,0.0,1.0,1.0,0.1569520846,0.1104251099,0.02419912815,0.01641088724
2116,1.0,0.0,0.0,0.0,1.0,1.0,0.1443436596,0.1083049096,0.02227282524,0.0160703063
2117,1.0,0.0,0.0,0.0,1.0,1.0,0.2332029077,0.2031831387,0.03660815954,0.03055268526
2118,1.0,0.0,0.0,0.0,1.0,1.0,0.2889143636,0.2795642791,0.04714649916,0.04385721684
2119,1.0,0.0,0.0,0.0,1.0,1.0,0.3080357591,0.3075203254,0.05032902956,0.04814076424
2120,1.0,0.0,0.0,0.0,1.0,1.0,0.3177033166,0.3239569897,0.05320423841,0.05209583044
2121,1.0,0.0,0.0,0.0,1.0,1.0,0.3209521655,0.3268072548,0.0532861352,0.05218178034
2122,1.0,0.0,0.0,0.0,1.0,1.0,0.3121181644,0.3187875912,0.05159783363,0.05077445507
2123,1.0,0.0,0.0,0.0,1.0,1.0,0.3137783939,0.3170645471,0.05177372694,0.05040407181
2124,1.0,0.0,0.0,0.0,1.0,1.0,0.3204823956,0.3223455823,0.05263459682,0.05127799511
2125,1.0,0.0,0.0,0.0,1.0,1.0,0.3227194308,0.3246485801,0.05405592918,0.05267691612
2126,1.0,0.0,0.0,0.0,1.0,1.0,0.3155265333,0.3167721448,0.0523545146,0.05125802755
2127,1.0,0.0,0.0,0.0,1.0,1.0,0.3138742702,0.3150785737,0.05266010761,0.05155152082
2128,1.0,0.0,0.0,0.0,1.0,1.0,0.3211322922,0.3213694308,0.05376076698,0.05238932371
2129,1.0,0.0,0.0,0.0,1.0,1.0,0.3215450241,0.3223454678,0.05423736572,0.05283951759
2130,1.0,0.0,0.0,0.0,1.0,1.0,0.3232025962,0.3229489187,0.05359768867,0.05222338438
2131,1.0,0.0,0.0,0.0,1.0,1.0,0.3220794262,0.322948684,0.05327242613,0.05217397213
2132,1.0,0.0,0.0,0.0,1.0,1.0,0.3209521226,0.3201602791,0.053617239,0.05250602961
2133,1.0,0.0,0.0,0.0,1.0,1.0,0.3209521966,0.3235479225,0.05263668299,0.05209118128
2134,1.0,0.0,0.0,0.0,1.0,1.0,0.3170984772,0.3150782587,0.05294090509,0.0515550375
2135,1.0,0.0,0.0,0.0,1.0,1.0,0.3159633529,0.3161498307,0.05240786076,0.05130451918
2136,1.0,0.0,0.0,0.0,1.0,1.0,0.3091920194,0.3125403747,0.05050593615,0.04968690872
2137,1.0,0.0,0.0,0.0,1.0,1.0,0.3086756591,0.3131812956,0.05034428835,0.04980003834
2138,1.0,0.0,0.0,0.0,1.0,1.0,0.3001680038,0.3005194905,0.04887545109,0.04778325558
2139,1.0,0.0,0.0,0.0,1.0,1.0,0.3014983016,0.3022369303,0.04971832037,0.04834491014
2140,1.0,0.0,0.0,0.0,1.0,1.0,0.307648485,0.3121123989,0.05047059059,0.04992496967
2141,1.0,0.0,0.0,0.0,1.0,1.0,0.297176161,0.2977788515,0.04867297411,0.04731339216
2142,1.0,0.0,0.0,0.0,1.0,1.0,0.3006584133,0.3015262918,0.04958832264,0.04849845171
2143,1.0,0.0,0.0,0.0,1.0,1.0,0.2945375525,0.2940535106,0.0492220521,0.04783940315
2144,1.0,0.0,0.0,0.0,1.0,1.0,0.288875179,0.2848239633,0.04688715935,0.04500091076
2145,1.0,0.0,0.0,0.0,1.0,1.0,0.2855550621,0.2865295662,0.04753828049,0.04643273354
2146,1.0,0.0,0.0,0.0,1.0,1.0,0.2862642336,0.2838551692,0.0473035574,0.04566293955
2147,1.0,0.0,0.0,0.0,1.0,1.0,0.2862637226,0.2865293044,0.04714560509,0.04578304291
2148,1.0,0.0,0.0,0.0,1.0,1.0,0.2872151616,0.2831181484,0.04725688696,0.04534471035
2149,1.0,0.0,0.0,0.0,1.0,1.0,0.2774372579,0.2738198012,0.04507356882,0.04344439507
2150,1.0,0.0,0.0,0.0,1.0,1.0,0.2801090529,0.2797075758,0.04651886225,0.045142591
2151,1.0,0.0,0.0,0.0,1.0,1.0,0.2850811177,0.2848239436,0.04762369394,0.04623931646
2152,1.0,0.0,0.0,0.0,1.0,1.0,0.2900534848,0.2892218056,0.04881924391,0.04714542627
2153,1.0,0.0,0.0,0.0,1.0,1.0,0.2891364286,0.2857990724,0.04721671343,0.04557907581
2154,1.0,0.0,0.0,0.0,1.0,1.0,0.2936591942,0.2926445278,0.04808807373,0.04672187567
2155,1.0,0.0,0.0,0.0,1.0,1.0,0.299333579,0.2977789388,0.0490617156,0.04742634296
2156,1.0,0.0,0.0,0.0,1.0,1.0,0.3025064997,0.3029129422,0.0505040288,0.04938793182
2157,1.0,0.0,0.0,0.0,1.0,1.0,0.2995014883,0.3005193898,0.05009454489,0.04843395948
2158,1.0,0.0,0.0,0.0,1.0,1.0,0.302310602,0.3012016941,0.0496558547,0.04775643349
2159,1.0,0.0,0.0,0.0,1.0,1.0,0.3089185067,0.3097584728,0.05094569921,0.04931104183
2160,1.0,0.0,0.0,0.0,1.0,1.0,0.3028110583,0.3022369472,0.05053776503,0.04860466719
2161,1.0,0.0,0.0,0.0,1.0,1.0,0.3019660684,0.3046246215,0.05035513639,0.04871314764
2162,1.0,0.0,0.0,0.0,1.0,1.0,0.3062541535,0.3046243759,0.05111771822,0.04891908169
2163,1.0,0.0,0.0,0.0,1.0,1.0,0.3123257898,0.3161501729,0.05209416151,0.05099743605
2164,1.0,0.0,0.0,0.0,1.0,1.0,0.3143939765,0.3172290926,0.05219101906,0.05109226704
2165,1.0,0.0,0.0,0.0,1.0,1.0,0.3128402663,0.3150781028,0.05179494619,0.05070447922
2166,1.0,0.0,0.0,0.0,1.0,1.0,0.3138744091,0.3150782572,0.0518104434,0.0507196784
2167,1.0,0.0,0.0,0.0,1.0,1.0,0.317779583,0.3167721385,0.05239158869,0.05076283216
2168,1.0,0.0,0.0,0.0,1.0,1.0,0.3161330936,0.3206401261,0.05289870501,0.05179667473
2169,1.0,0.0,0.0,0.0,1.0,1.0,0.3122220926,0.3150781332,0.05182099342,0.05099844933
2170,1.0,0.0,0.0,0.0,1.0,1.0,0.3105704278,0.3110509134,0.05197423697,0.05059194565
2171,1.0,0.0,0.0,0.0,1.0,1.0,0.3066281658,0.311470173,0.05068558455,0.0498636961
2172,1.0,0.0,0.0,0.0,1.0,1.0,0.2998325973,0.3029127924,0.04918563366,0.04836583138
2173,1.0,0.0,0.0,0.0,1.0,1.0,0.3094298901,0.3127505354,0.05130773783,0.05048459768
2174,1.0,0.0,0.0,0.0,1.0,1.0,0.3033131187,0.3076513694,0.04981660843,0.0492721796
2175,1.0,0.0,0.0,0.0,1.0,1.0,0.3043225321,0.3052905097,0.05015212297,0.04905593395
2176,1.0,0.0,0.0,0.0,1.0,1.0,0.2958211183,0.2960674657,0.04890120029,0.04779613018
2177,1.0,0.0,0.0,0.0,1.0,1.0,0.2619227504,0.2560407514,0.04198348522,0.04005002975
2178,1.0,0.0,0.0,0.0,1.0,1.0,0.2146688356,0.1792478274,0.03470826149,0.02816492319
2179,1.0,0.0,0.0,0.0,1.0,1.0,0.1759578567,0.124018531,0.02804285288,0.01906919479
2180,1.0,0.0,0.0,0.0,1.0,1.0,0.1521274226,0.0977313082,0.02410972118,0.01485830545
2181,1.0,0.0,0.0,0.0,1.0,1.0,0.141764771,0.09369780972,0.02276033163,0.01450973749
2182,1.0,0.0,0.0,0.0,1.0,1.0,0.1515906696,0.1028836656,0.02443516254,0.01591128111
2183,1.0,0.0,0.0,0.0,1.0,1.0,0.1404911685,0.09288493878,0.02232599258,0.01413035393
2184,1.0,0.0,0.0,0.0,1.0,1.0,0.1427776424,0.08173875077,0.02268230915,0.01247525215
2185,1.0,0.0,0.0,0.0,1.0,1.0,0.1389598071,0.09624291273,0.02217578888,0.01478391886
2186,1.0,0.0,0.0,0.0,1.0,1.0,0.1445620137,0.09845793174,0.02287787199,0.01496946812
2187,1.0,0.0,0.0,0.0,1.0,1.0,0.1427773403,0.09323133569,0.02264589071,0.01415365934
2188,1.0,0.0,0.0,0.0,1.0,1.0,0.1425259118,0.1025067695,0.02277761698,0.01574748755
2189,1.0,0.0,0.0,0.0,1.0,1.0,0.1420167762,0.1091984571,0.02234870195,0.0164821744
2190,1.0,0.0,0.0,0.0,1.0,1.0,0.1470812872,0.1106392625,0.02354198694,0.01701825857
2191,1.0,0.0,0.0,0.0,1.0,1.0,0.1445399767,0.1087950176,0.02271097898,0.01634079218
2192,1.0,0.0,0.0,0.0,1.0,1.0,0.1370060969,0.1043372659,0.02183574438,0.01595687866
2193,1.0,0.0,0.0,0.0,1.0,1.0,0.1266656672,0.107603849,0.02044558525,0.01652443409
2194,1.0,0.0,0.0,0.0,1.0,1.0,0.1333743763,0.09596058344,0.02108025551,0.01450973749
2195,1.0,0.0,0.0,0.0,1.0,1.0,0.2185758573,0.1960714235,0.03631585836,0.03132593632
2196,1.0,0.0,0.0,0.0,1.0,1.0,0.2658616652,0.2652626864,0.0441236496,0.04221701622
2197,1.0,0.0,0.0,0.0,1.0,1.0,0.2983653607,0.3038842221,0.04936110973,0.04855185747
2198,1.0,0.0,0.0,0.0,1.0,1.0,0.2924412415,0.2991641065,0.04916441441,0.04835402966
2199,1.0,0.0,0.0,0.0,1.0,1.0,0.2947071043,0.3008353175,0.05043894053,0.04934245348
2200,1.0,0.0,0.0,0.0,1.0,1.0,0.2899020674,0.2958212679,0.04874277115,0.04766559601
2201,1.0,0.0,0.0,0.0,1.0,1.0,0.3118258947,0.3219678145,0.05298388004,0.05216872692
2202,1.0,0.0,0.0,0.0,1.0,1.0,0.3004751954,0.3089491058,0.05111122131,0.05001795292
2203,1.0,0.0,0.0,0.0,1.0,1.0,0.3006323824,0.3079089134,0.05132257938,0.04995757341
2204,1.0,0.0,0.0,0.0,1.0,1.0,0.2928303733,0.2991638118,0.04958200455,0.04823458195
2205,1.0,0.0,0.0,0.0,1.0,1.0,0.2889758364,0.2961307676,0.04927074909,0.04790967703
2206,1.0,0.0,0.0,0.0,1.0,1.0,0.2857829947,0.2927659274,0.04837888479,0.04702752829
2207,1.0,0.0,0.0,0.0,1.0,1.0,0.2864743548,0.2930564678,0.04783189297,0.04648828506
2208,1.0,0.0,0.0,0.0,1.0,1.0,0.2919718016,0.3008524777,0.04935228825,0.04799646139
2209,1.0,0.0,0.0,0.0,1.0,1.0,0.2917029577,0.3015264606,0.04967612028,0.04831886292
2210,1.0,0.0,0.0,0.0,1.0,1.0,0.2972614048,0.3066084575,0.04996156693,0.04888135195
2211,1.0,0.0,0.0,0.0,1.0,1.0,0.2913029812,0.3029131965,0.04880309105,0.047724545
2212,1.0,0.0,0.0,0.0,1.0,1.0,0.2894822427,0.3001737228,0.04871720076,0.04790073633
2213,1.0,0.0,0.0,0.0,1.0,1.0,0.2621487329,0.2757081297,0.04367303848,0.04367303848
2214,1.0,0.0,0.0,0.0,1.0,1.0,0.2436447956,0.2568493655,0.04053962231,0.04053962231
2215,1.0,0.0,0.0,0.0,1.0,1.0,0.2313980537,0.2472305467,0.03795158863,0.03795158863
2216,1.0,0.0,0.0,0.0,1.0,1.0,0.2257333192,0.2507433663,0.03797364235,0.03907430172
2217,1.0,0.0,0.0,0.0,1.0,1.0,0.2088383021,0.2274714749,0.03471457958,0.03499013186
2218,1.0,0.0,0.0,0.0,1.0,1.0,0.2164080174,0.239938149,0.03565603495,0.03620040417
2219,1.0,0.0,0.0,0.0,1.0,1.0,0.2260043896,0.2535348917,0.03786176443,0.0387031436
2220,1.0,0.0,0.0,0.0,1.0,1.0,0.2374090306,0.2675088744,0.04061812162,0.04090219736
2221,1.0,0.0,0.0,0.0,1.0,1.0,0.2498605194,0.2876621419,0.04234242439,0.04345667362
2222,1.0,0.0,0.0,0.0,1.0,1.0,0.229380153,0.2695124273,0.03929919004,0.04042202234
2223,1.0,0.0,0.0,0.0,1.0,1.0,0.2246300062,0.2696606924,0.03839176893,0.03978282213
2224,1.0,0.7853981853,0.0,0.0,1.0,1.0,0.2401254483,0.2820393723,0.04091095924,0.04118740559
2225,1.0,0.7853981853,0.0,0.0,1.0,1.0,0.2360248005,0.2812116488,0.04049116373,0.04132884741
2226,1.0,0.0,0.0,0.0,1.0,1.0,0.2339118865,0.2793117756,0.04012572765,0.04124814272
2227,1.0,0.0,0.0,0.0,1.0,1.0,0.1895780738,0.240175887,0.03189432621,0.03469204903
2228,1.0,0.0,0.0,0.0,1.0,1.0,0.1305891593,0.188419318,0.02158975601,0.02648341656
2229,1.0,0.0,0.0,0.0,1.0,1.0,0.1102830519,0.1876500924,0.01821839809,0.02618896961
2230,1.0,0.0,0.0,0.0,1.0,1.0,0.08079851855,0.198236415,0.0129929781,0.02711576223
2231,1.0,0.0,0.0,0.0,1.0,1.0,0.07946106221,0.2115002827,0.01269882917,0.02878397703
2232,1.0,0.0,0.0,0.0,1.0,1.0,0.08002614661,0.2078671598,0.01280659437,0.02817463875
2233,1.0,0.0,0.0,0.0,1.0,1.0,0.08386906823,0.2112643073,0.0136000514,0.02946686745
2234,1.0,0.0,0.0,0.0,1.0,1.0,0.09022740275,0.2104088245,0.01460129023,0.02920258045
2235,1.0,0.0,0.0,0.0,1.0,1.0,0.08516973566,0.2092327358,0.01377570629,0.02895712852
2236,1.0,0.0,0.0,0.0,1.0,1.0,0.08487442807,0.2063623699,0.01364463568,0.02840316296
2237,1.0,0.0,0.0,0.0,1.0,1.0,0.08502174543,0.197470296,0.01362097263,0.02724200487
2238,1.0,0.0,0.0,0.0,1.0,1.0,0.0800947325,0.1978487944,0.01296454668,0.02733826637
2239,1.0,0.0,0.0,0.0,1.0,1.0,0.08401601872,0.1966112908,0.01339131594,0.02678263187
2240,1.0,0.0,0.0,0.0,1.0,1.0,0.08401601189,0.1920413274,0.01341360807,0.02598887682
2241,1.0,0.0,0.0,0.0,1.0,1.0,0.07687980942,0.1986594945,0.01220798492,0.02691316605
2242,1.0,0.0,0.0,0.0,1.0,1.0,0.08226590275,0.202755419,0.01300144196,0.02738595009
2243,1.0,0.0,0.0,0.0,1.0,1.0,0.07974267967,0.2106261269,0.01246219873,0.02824765444
2244,1.0,0.0,0.0,0.0,1.0,1.0,0.08299249614,0.2097595146,0.01303553581,0.02828991413
2245,1.0,0.0,0.0,0.0,1.0,1.0,0.07835359593,0.2063626549,0.01256626844,0.02848351002
2246,1.0,0.0,0.0,0.0,1.0,1.0,0.07448185886,0.1950129203,0.01185530424,0.02646762133
2247,1.0,0.0,0.0,0.0,1.0,1.0,0.06662955252,0.19865972,0.01047587395,0.02674102783
2248,1.0,0.0,0.0,0.0,1.0,1.0,0.07287604574,0.2002931035,0.01157057285,0.02727347612
2249,1.0,0.0,0.0,0.0,1.0,1.0,0.07249856524,0.1974700382,0.01171785593,0.02734154463
2250,1.0,0.0,0.0,0.0,1.0,1.0,0.07200095636,0.2098827622,0.01162242889,0.02905607224
2251,1.0,0.0,0.0,0.0,1.0,1.0,0.06928549696,0.2121268084,0.01098054647,0.02854943275
2252,1.0,0.0,0.0,0.0,1.0,1.0,0.07224898891,0.209560581,0.01179760695,0.02921307087
2253,1.0,0.0,0.0,0.0,1.0,1.0,0.07249843081,0.2135904575,0.0117226243,0.0295856595
2254,1.0,0.0,0.0,0.0,1.0,1.0,0.07249833092,0.2164781793,0.01158571243,0.02951598167
2255,1.0,0.0,0.0,0.0,1.0,1.0,0.07089495179,0.2153272422,0.01132965088,0.02929121256
2256,1.0,0.0,0.0,0.0,1.0,1.0,0.07754283226,0.2115756136,0.01250517368,0.0291787982
2257,1.0,0.0,0.0,0.0,1.0,1.0,0.08183559111,0.2193896148,0.01309853792,0.0300988555
2258,1.0,0.0,0.0,0.0,1.0,1.0,0.09228274791,0.2264038894,0.01463675499,0.03065437078
2259,1.0,0.0,0.0,0.0,1.0,1.0,0.09451816841,0.2293804032,0.01501137018,0.03113472462
2260,1.0,0.0,0.0,0.0,1.0,1.0,0.09643756383,0.2271458369,0.01532816887,0.03065627813
2261,1.0,0.0,0.0,0.0,1.0,1.0,0.1027792105,0.231275795,0.01624852419,0.03137654066
2262,1.0,0.0,0.0,0.0,1.0,1.0,0.1130427941,0.2322353218,0.01807022095,0.03212481737
2263,1.0,0.0,0.0,0.0,1.0,1.0,0.1138152955,0.2298714898,0.01768058538,0.03176981211
2264,1.0,0.0,0.0,0.0,1.0,1.0,0.1050140173,0.2049634114,0.01623517275,0.02939116955
2265,1.0,0.0,0.0,0.0,1.0,1.0,0.1191139989,0.2171867078,0.0177012682,0.0312538743
2266,1.0,0.0,0.0,0.0,1.0,1.0,0.1174718093,0.1878650848,0.01768773794,0.02807575464
2267,1.0,0.0,0.0,0.0,1.0,1.0,0.115823149,0.1972581401,0.01756888628,0.0297537446
2268,1.0,0.0,0.0,0.0,1.0,1.0,0.1172527062,0.1854433365,0.01765185595,0.02661794424
2269,1.0,0.0,0.0,0.0,1.0,1.0,0.1108469413,0.1836917671,0.01664441824,0.02537596226
2270,1.0,0.0,0.0,0.0,1.0,1.0,0.1019108709,0.1619097991,0.01622974873,0.02306336164
2271,1.0,0.0,0.0,0.0,1.0,1.0,0.233372253,0.2554544981,0.03738749027,0.03711658716
2272,1.0,0.0,0.0,0.0,1.0,1.0,0.2952145554,0.321762599,0.04768198729,0.04768198729
2273,1.0,0.0,0.0,0.0,1.0,1.0,0.321715581,0.3407992595,0.05322366953,0.05214303732
2274,1.0,0.0,0.0,0.0,1.0,1.0,0.3375599793,0.3536758162,0.05579400063,0.05497348309
2275,1.0,0.0,0.0,0.0,1.0,1.0,0.334250474,0.3541882439,0.0536082983,0.0536082983
2276,1.0,0.0,0.0,0.0,1.0,1.0,0.3232027426,0.338971517,0.05249476433,0.05222553015
2277,1.0,0.0,0.0,0.0,1.0,1.0,0.3391845176,0.3510149104,0.05521571636,0.0544115901
2278,1.0,0.0,0.0,0.0,1.0,1.0,0.3282480819,0.3482373023,0.05746221542,0.05717629194
2279,1.0,0.0,0.0,0.0,1.0,1.0,0.3266784006,0.3434508734,0.05504852533,0.05450350046
2280,1.0,0.0,0.0,0.0,1.0,1.0,0.2869684668,0.2963257168,0.04667836428,0.04533702135
2281,1.0,0.0,0.0,0.0,1.0,1.0,0.1911975205,0.1764813796,0.02981036901,0.02574533224
2282,1.0,0.0,0.0,0.0,1.0,1.0,0.1771816258,0.1604271803,0.02799367905,0.02364516258
2283,1.0,0.0,0.0,0.0,1.0,1.0,0.2352608038,0.2234668831,0.03877466917,0.03492474556
2284,1.0,0.0,0.0,0.0,1.0,1.0,0.2650908637,0.2698842171,0.04301267862,0.04140973091
2285,1.0,0.0,0.0,0.0,1.0,1.0,0.2850866998,0.2887662409,0.04618191719,0.04432404041
2286,1.0,0.0,0.0,0.0,1.0,1.0,0.2943337738,0.3005195022,0.04968982935,0.04777872562
2287,1.0,0.0,0.0,0.0,1.0,1.0,0.2938586671,0.3029131293,0.04988956451,0.04851895571
2288,1.0,0.0,0.0,0.0,1.0,1.0,0.3007872574,0.3116904025,0.05120652914,0.04985189438
2289,1.0,0.0,0.0,0.0,1.0,1.0,0.2955422017,0.3049145825,0.05077177286,0.04913401604
2290,1.0,0.0,0.0,0.0,1.0,1.0,0.3055615965,0.3163216762,0.0533053875,0.05219489336
2291,1.0,0.0,0.0,0.0,1.0,1.0,0.3034873094,0.3112740318,0.05205100775,0.05041587353
2292,1.0,0.0,0.0,0.0,1.0,1.0,0.2846409083,0.2961307716,0.04909038544,0.04853880405
2293,1.0,0.0,0.0,0.0,1.0,1.0,0.291302808,0.2998325346,0.04816943407,0.04710489511
2294,1.0,0.0,0.0,0.0,1.0,1.0,0.2862402967,0.2978134346,0.04777467251,0.04724085331
2295,1.0,0.0,0.0,0.0,1.0,1.0,0.2963091584,0.3018447796,0.05039912462,0.04903692007
2296,1.0,0.0,0.0,0.0,1.0,1.0,0.2942357062,0.303522013,0.04958546162,0.04877704382
2297,1.0,0.0,0.0,0.0,1.0,1.0,0.2966087101,0.307260736,0.04935419559,0.04881769419
2298,1.0,0.0,0.0,0.0,1.0,1.0,0.3004753075,0.3106372485,0.05051702261,0.04970657825
2299,1.0,0.0,0.0,0.0,1.0,1.0,0.2988684593,0.3085525544,0.04975092411,0.04921597242
2300,1.0,0.0,0.0,0.0,1.0,1.0,0.2913026607,0.2971314425,0.04871684313,0.04737108946
2301,1.0,0.0,0.0,0.0,1.0,1.0,0.2778938585,0.2710352245,0.04624998569,0.04327481985
2302,1.0,0.0,0.0,0.0,1.0,1.0,0.1854632809,0.1551481466,0.02973639965,0.02367901802
2303,1.0,0.0,0.0,0.0,1.0,1.0,0.1524280819,0.1294899797,0.02469730377,0.01992624998
2304,1.0,0.0,0.0,0.0,1.0,1.0,0.2130786534,0.1777174184,0.03501492739,0.0280675292
2305,1.0,0.0,0.0,0.0,1.0,1.0,0.2690178271,0.2669741498,0.0448923111,0.04244363308
2306,1.0,0.0,0.0,0.0,1.0,1.0,0.2825561958,0.2862810503,0.04797101021,0.04632633924
2307,1.0,0.0,0.0,0.0,1.0,1.0,0.2904225029,0.3001738343,0.04940831661,0.04858022928
2308,1.0,0.0,0.0,0.0,1.0,1.0,0.2931913153,0.3032205035,0.04993766546,0.04938584566
2309,1.0,0.0,0.0,0.0,1.0,1.0,0.2922437857,0.2988196453,0.04885625839,0.04777657986
2310,1.0,0.0,0.0,0.0,1.0,1.0,0.30825393,0.3131586807,0.05333268642,0.05168324709
2311,1.0,0.0,0.0,0.0,1.0,1.0,0.313612596,0.3208909758,0.05416339636,0.05252206326
2312,1.0,0.0,0.0,0.0,1.0,1.0,0.3056015019,0.312325794,0.0524520874,0.05084645748
2313,1.0,0.0,0.0,0.0,1.0,1.0,0.3129094218,0.3145783481,0.05504220724,0.05257761478
2314,1.0,0.0,0.0,0.0,1.0,1.0,0.3142898793,0.3189010088,0.05442231894,0.05278968811
2315,1.0,0.0,0.0,0.0,1.0,1.0,0.3089759701,0.3148244231,0.05344611406,0.05153733492
2316,1.0,0.0,0.0,0.0,1.0,1.0,0.3052955248,0.3089492808,0.05204445124,0.05012708902
2317,1.0,0.0,0.0,0.0,1.0,1.0,0.2995070531,0.3097584495,0.05159986019,0.05075854063
2318,1.0,0.0,0.0,0.0,1.0,1.0,0.302762393,0.3183151427,0.05122417212,0.05122417212
2319,1.0,0.0,0.0,0.0,1.0,1.0,0.2978791501,0.3159747396,0.05050963163,0.05078566074
2320,1.0,0.0,0.0,0.0,1.0,1.0,0.2980507163,0.3104068514,0.05050909519,0.04996007681
2321,1.0,0.0,0.0,0.0,1.0,1.0,0.2922439534,0.3076514075,0.05024927855,0.05024927855
2322,1.0,0.0,0.0,0.0,1.0,1.0,0.3043173831,0.3173902273,0.05186283588,0.05131685734
2323,1.0,0.0,0.0,0.0,1.0,1.0,0.2977403981,0.3144502309,0.05044311285,0.05044311285
2324,1.0,0.0,0.0,0.0,1.0,1.0,0.3019317009,0.3116904971,0.05105257034,0.05023354292
2325,1.0,0.0,0.0,0.0,1.0,1.0,0.3069023911,0.3202911403,0.05179709196,0.05179715157
2326,1.0,0.0,0.0,0.0,1.0,1.0,0.2999929518,0.3163217977,0.05131018162,0.0515846014
2327,1.0,0.0,0.0,0.0,1.0,1.0,0.2996709435,0.313384312,0.05010074377,0.05010068417
2328,1.0,0.0,0.0,0.0,1.0,1.0,0.2934739635,0.3012017278,0.04894584417,0.04785817862
2329,1.0,0.0,0.0,0.0,1.0,1.0,0.2910997235,0.3063359947,0.04934304953,0.04906892776
2330,1.0,0.0,0.0,0.0,1.0,1.0,0.2867117958,0.3001737759,0.0483134985,0.04804056883
2331,1.0,0.0,0.0,0.0,1.0,1.0,0.2319523953,0.234744125,0.03787332773,0.03675937653
2332,1.0,0.0,0.0,0.0,1.0,1.0,0.1167490524,0.1508589615,0.01852160692,0.02245038748
2333,1.0,0.0,0.0,0.0,1.0,1.0,0.1570797114,0.1750848258,0.0255920887,0.02699828148
2334,1.0,0.0,0.0,0.0,1.0,1.0,0.214880161,0.2244361114,0.03598886728,0.03570985794
2335,1.0,0.0,0.0,0.0,1.0,1.0,0.2690178236,0.2808774583,0.04575896263,0.04520428181
2336,1.0,0.0,0.0,0.0,1.0,1.0,0.2883317904,0.3018791045,0.0496493578,0.04937040806
2337,1.0,0.0,0.0,0.0,1.0,1.0,0.2938585304,0.3018793944,0.05048948526,0.04910242558
2338,1.0,0.0,0.0,0.0,1.0,1.0,0.2915038727,0.29777897,0.04989844561,0.04770511389
2339,1.0,0.0,0.0,0.0,1.0,1.0,0.2940479733,0.3029128374,0.05033272505,0.04868245125
2340,1.0,0.0,0.0,0.0,1.0,1.0,0.3023787861,0.3114698199,0.05263257027,0.05041646957
2341,1.0,0.0,0.0,0.0,1.0,1.0,0.3010936636,0.3089491589,0.05187648535,0.04970365763
2342,1.0,0.0,0.0,0.0,1.0,1.0,0.3047271827,0.311690565,0.05346089602,0.05096793175
2343,1.0,0.0,0.0,0.0,1.0,1.0,0.3036279476,0.3083024279,0.05239772797,0.0496686697
2344,1.0,0.0,0.0,0.0,1.0,1.0,0.3056932127,0.3110510818,0.05288368464,0.05014359951
2345,1.0,0.0,0.0,0.0,1.0,1.0,0.3082540359,0.3172292047,0.05228352547,0.05012750626
2346,1.0,0.0,0.0,0.0,1.0,1.0,0.2991959013,0.3035850976,0.05163252354,0.04888617992
2347,1.0,0.0,0.0,0.0,1.0,1.0,0.3034869136,0.3069960076,0.05203843117,0.04904150963
2348,1.0,0.0,0.0,0.0,1.0,1.0,0.3039700489,0.3069959291,0.05193603039,0.04894500971
2349,1.0,0.0,0.0,0.0,1.0,1.0,0.2955424779,0.2960674237,0.05064761639,0.04710769653
2350,1.0,0.0,0.0,0.0,1.0,1.0,0.2921691402,0.293650835,0.05028235912,0.04698520899
2351,1.0,0.0,0.0,0.0,1.0,1.0,0.2887633203,0.2956828877,0.04979205132,0.04730248451
2352,1.0,0.0,0.0,0.0,1.0,1.0,0.295655011,0.2946631739,0.05042141676,0.04685902596
2353,1.0,0.0,0.0,0.0,1.0,1.0,0.2878394787,0.2912165722,0.04989600182,0.0468467474
2354,1.0,0.0,0.0,0.0,1.0,1.0,0.2891864874,0.2902158368,0.04943394661,0.04590296745
2355,1.0,0.0,0.0,0.0,1.0,1.0,0.2855547553,0.2922245324,0.04946631193,0.04644340277
2356,1.0,0.0,0.0,0.0,1.0,1.0,0.2860089437,0.2942609295,0.04921400547,0.0462064743
2357,1.0,0.0,0.0,0.0,1.0,1.0,0.2800984375,0.2826005804,0.04731041193,0.04408466816
2358,1.0,0.0,0.0,0.0,1.0,1.0,0.2932970004,0.2902158404,0.05025207996,0.04615545273
2359,1.0,0.0,0.0,0.0,1.0,1.0,0.2896472929,0.2894932861,0.04916256666,0.04538077116
2360,1.0,0.0,0.0,0.0,1.0,1.0,0.2853268337,0.2826010351,0.0487818718,0.04469406605
2361,1.0,0.0,0.0,0.0,1.0,1.0,0.2857801888,0.2857993774,0.04875808954,0.04498678446
2362,1.0,0.0,0.0,0.0,1.0,1.0,0.2803506334,0.2816298206,0.04795837402,0.04443603754
2363,1.0,0.0,0.0,0.0,1.0,1.0,0.2835182886,0.2848239206,0.04867595434,0.04541277885
2364,1.0,0.0,0.0,0.0,1.0,1.0,0.2809930933,0.282600862,0.04750627279,0.04426723719
2365,1.0,0.0,0.0,0.0,1.0,1.0,0.2823463049,0.2835788231,0.04782444239,0.04456371069
2366,1.0,0.0,0.0,0.0,1.0,1.0,0.2798436909,0.2810931957,0.0480415225,0.044472754
2367,1.0,0.0,0.0,0.0,1.0,1.0,0.2846407491,0.2853078082,0.04776346684,0.0442751646
2368,1.0,0.0,0.0,0.0,1.0,1.0,0.2841865,0.2870367071,0.04891109467,0.04561364651
2369,1.0,0.0,0.0,0.0,1.0,1.0,0.2832814547,0.285064141,0.04879319668,0.04550373554
2370,1.0,0.0,0.0,0.0,1.0,1.0,0.2857826392,0.2875107093,0.04871940613,0.04572552443
2371,1.0,0.0,0.0,0.0,1.0,1.0,0.2788767102,0.2808777902,0.04716110229,0.04443502426
2372,1.0,0.0,0.0,0.0,1.0,1.0,0.2823463161,0.2892223289,0.04850310087,0.04657405615
2373,1.0,0.0,0.0,0.0,1.0,1.0,0.2894824975,0.2960676144,0.04952442646,0.0478643775
2374,1.0,0.0,0.0,0.0,1.0,1.0,0.2862479221,0.2875106971,0.0478925705,0.04545736313
2375,1.0,0.0,0.0,0.0,1.0,1.0,0.2725750664,0.2758873917,0.04653930664,0.04404610395
2376,1.0,0.0,0.0,0.0,1.0,1.0,0.2781615562,0.2808776225,0.04736840725,0.04488986731
2377,1.0,0.0,0.0,0.0,1.0,1.0,0.2795186422,0.2791544093,0.04698503017,0.0442533493
2378,1.0,0.0,0.0,0.0,1.0,1.0,0.2753729636,0.2739846925,0.04696762562,0.04392850399
2379,1.0,0.0,0.0,0.0,1.0,1.0,0.2718352524,0.2741527009,0.04666823149,0.0441532135
2380,1.0,0.0,0.0,0.0,1.0,1.0,0.2572333913,0.2585361979,0.04334247112,0.04113394022
2381,1.0,0.0,0.0,0.0,1.0,1.0,0.2224671902,0.2305051267,0.03647148609,0.03565496206
2382,1.0,0.0,0.0,0.0,1.0,1.0,0.2254134076,0.2279429866,0.03758770227,0.03592938185
2383,1.0,0.0,0.0,0.0,1.0,1.0,0.2158262976,0.2226824756,0.03553164005,0.03471165895
2384,1.0,0.0,0.0,0.0,1.0,1.0,0.1992130404,0.2020148561,0.03230971098,0.03121447563
2385,1.0,0.0,0.0,0.0,1.0,1.0,0.09719345741,0.1755774577,0.01480066776,0.0254124403
2386,1.0,0.0,0.0,0.0,1.0,1.0,0.106362974,0.1620717619,0.01623666286,0.02351510525
2387,1.0,0.0,0.0,0.0,1.0,1.0,0.1008287452,0.1473060518,0.01588171721,0.02201151848
2388,1.0,0.0,0.0,0.0,1.0,1.0,0.2022480425,0.2030665976,0.03316515684,0.03178322315
2389,1.0,0.0,0.0,0.0,1.0,1.0,0.2445269903,0.2532834376,0.04080188274,0.04052805901
2390,1.0,0.0,0.0,0.0,1.0,1.0,0.2648926628,0.2789540831,0.04431128502,0.04431134462
2391,1.0,0.0,0.0,0.0,1.0,1.0,0.2688936377,0.2814128947,0.04513853788,0.04486662149
2392,1.0,0.0,0.0,0.0,1.0,1.0,0.2740405016,0.2862809758,0.04622143507,0.04594957829
2393,1.0,0.0,0.0,0.0,1.0,1.0,0.2763728562,0.2862809155,0.04637610912,0.04556727409
2394,1.0,0.0,0.0,0.0,1.0,1.0,0.2768181765,0.2896686604,0.04694706202,0.04667407274
2395,1.0,0.0,0.0,0.0,1.0,1.0,0.2747660034,0.2836254296,0.04623907804,0.04542791843
2396,1.0,0.0,0.0,0.0,1.0,1.0,0.2696394763,0.2787556706,0.04535126686,0.04453653097
2397,1.0,0.0,0.0,0.0,1.0,1.0,0.2684584513,0.2736569826,0.04491400719,0.04356122017
2398,1.0,0.0,0.0,0.0,1.0,1.0,0.2644627925,0.2721082806,0.04480469227,0.04370516539
2399,1.0,0.0,0.0,0.0,1.0,1.0,0.259658841,0.2635512326,0.04315036535,0.04179340601
2400,1.0,0.0,0.0,0.0,1.0,1.0,0.2645583473,0.2705384273,0.04427289963,0.04290640354
2401,1.0,0.0,0.0,0.0,1.0,1.0,0.2673872897,0.2730432437,0.04543280602,0.04404765368
2402,1.0,0.0,0.0,0.0,1.0,1.0,0.2624964552,0.268815515,0.04452395439,0.04314118624
2403,1.0,0.0,0.0,0.0,1.0,1.0,0.2778937024,0.2875108559,0.04705840349,0.04623281956
2404,1.0,0.0,0.0,0.0,1.0,1.0,0.264892801,0.2781952253,0.04429221153,0.04402047396
2405,1.0,0.0,0.0,0.0,1.0,1.0,0.2669516068,0.2772426285,0.04479253292,0.04424637556
2406,1.0,0.0,0.0,0.0,1.0,1.0,0.2700757218,0.2797072549,0.0458112359,0.04498827457
2407,1.0,0.0,0.0,0.0,1.0,1.0,0.2712541144,0.280665415,0.04641354084,0.04530847073
2408,1.0,0.0,0.0,0.0,1.0,1.0,0.2699459213,0.2780018942,0.04581958055,0.04445588589
2409,1.0,0.0,0.0,0.0,1.0,1.0,0.2740405978,0.2823762638,0.04703468084,0.04565125704
2410,1.0,0.0,0.0,0.0,1.0,1.0,0.2668414119,0.2806651783,0.04580640793,0.04552876949
2411,1.0,0.0,0.0,0.0,1.0,1.0,0.2643685211,0.2755311664,0.04495954514,0.04413712025
2412,1.0,0.0,0.0,0.0,1.0,1.0,0.2696394087,0.2814127318,0.04513639212,0.04459583759
2413,1.0,0.0,0.0,0.0,1.0,1.0,0.2652239687,0.2781953586,0.0455904007,0.04503446817
2414,1.0,0.0,0.0,0.0,1.0,1.0,0.2624144917,0.2696088382,0.04476320744,0.04338157177
2415,1.0,0.0,0.0,0.0,1.0,1.0,0.2644625583,0.2730435108,0.04451811314,0.04342567921
2416,1.0,0.0,0.0,0.0,1.0,1.0,0.2640340867,0.2703967849,0.044524014,0.04315823317
2417,1.0,0.0,0.0,0.0,1.0,1.0,0.2653243547,0.2686855257,0.0445689559,0.04292833805
2418,1.0,0.0,0.0,0.0,1.0,1.0,0.2616424854,0.2661745832,0.04424786568,0.04259890318
2419,1.0,0.0,0.0,0.0,1.0,1.0,0.2628400603,0.2696089246,0.04487264156,0.04348772764
2420,1.0,0.0,0.0,0.0,1.0,1.0,0.2612180327,0.2652628782,0.04413104057,0.04248636961
2421,1.0,0.0,0.0,0.0,1.0,1.0,0.2668412654,0.2721080384,0.04565048218,0.04399043322
2422,1.0,0.0,0.0,0.0,1.0,1.0,0.2616422378,0.266974169,0.04405403137,0.04268592596
2423,1.0,0.0,0.0,0.0,1.0,1.0,0.2628402051,0.2669740871,0.04421764612,0.0425799489
2424,1.0,0.0,0.0,0.0,1.0,1.0,0.2600172059,0.2651579407,0.04458725452,0.04347258806
2425,1.0,0.0,0.0,0.0,1.0,1.0,0.2595951993,0.2660629228,0.04364734888,0.04255616665
2426,1.0,0.0,0.0,0.0,1.0,1.0,0.2596588703,0.262652351,0.04325729609,0.04189705849
2427,1.0,0.0,0.0,0.0,1.0,1.0,0.2612917619,0.2626519022,0.04302883148,0.04141527414
2428,1.0,0.0,0.0,0.0,1.0,1.0,0.2653238582,0.2677686067,0.04478400946,0.0431355834
2429,1.0,0.0,0.0,0.0,1.0,1.0,0.2612917455,0.2618399634,0.04330396652,0.04140943289
2430,1.0,0.0,0.0,0.0,1.0,1.0,0.2612919421,0.2618401879,0.04349064827,0.0415879488
2431,1.0,0.0,0.0,0.0,1.0,1.0,0.2668412194,0.2676474208,0.04507935047,0.04316693544
2432,1.0,0.0,0.0,0.0,1.0,1.0,0.2647957113,0.2650545778,0.04388654232,0.04201328754
2433,1.0,0.0,0.0,0.0,1.0,1.0,0.2651254249,0.2624796701,0.04492008686,0.04246985912
2434,1.0,0.0,0.0,0.0,1.0,1.0,0.2586980082,0.2583019107,0.04392778873,0.04174506664
2435,1.0,0.0,0.0,0.0,1.0,1.0,0.2534931911,0.2515601239,0.04264444113,0.04019987583
2436,1.0,0.0,0.0,0.0,1.0,1.0,0.2587553246,0.2617587066,0.04315984249,0.04154133797
2437,1.0,0.0,0.0,0.0,1.0,1.0,0.2575050637,0.2583017944,0.0438426733,0.04192459583
2438,1.0,0.0,0.0,0.0,1.0,1.0,0.2572821893,0.262740052,0.04302334785,0.04219597578
2439,1.0,0.0,0.0,0.0,1.0,1.0,0.259788793,0.266287366,0.04347389936,0.04264318943
2440,1.0,0.0,0.0,0.0,1.0,1.0,0.2660743437,0.2733665843,0.04387658834,0.04305392504
2441,1.0,0.0,0.0,0.0,1.0,1.0,0.2615206505,0.2629191881,0.04281646013,0.04118013382
2442,1.0,0.0,0.0,0.0,1.0,1.0,0.2710632588,0.2744945553,0.04508596659,0.04314976931
2443,1.0,0.0,0.0,0.0,1.0,1.0,0.2740946945,0.277038438,0.04536587,0.04370611906
2444,1.0,0.0,0.0,0.0,1.0,1.0,0.2795760516,0.2858052722,0.04625695944,0.0451489687
2445,1.0,0.0,0.0,0.0,1.0,1.0,0.2774367901,0.283292462,0.04630285501,0.04490822554
2446,1.0,0.0,0.0,0.0,1.0,1.0,0.279108513,0.2822983248,0.0460922718,0.04443621635
2447,1.0,0.0,0.0,0.0,1.0,1.0,0.2850759352,0.2885709235,0.04710310698,0.04544055462
2448,1.0,0.0,0.0,0.0,1.0,1.0,0.2786424508,0.282298537,0.04661923647,0.04494428635
2449,1.0,0.0,0.0,0.0,1.0,1.0,0.2869846959,0.2928188085,0.0480312705,0.0466350317
2450,1.0,0.0,0.0,0.0,1.0,1.0,0.2855548588,0.2963256919,0.04690569639,0.04608756304
2451,1.0,0.0,0.0,0.0,1.0,1.0,0.2900533848,0.3015857171,0.04782170057,0.04700189829
2452,1.0,0.0,0.0,0.0,1.0,1.0,0.3011561909,0.3116727395,0.04993623495,0.04911315441
2453,1.0,0.0,0.0,0.0,1.0,1.0,0.2999985155,0.3127625396,0.0508928895,0.05033051968
2454,1.0,0.0,0.0,0.0,1.0,1.0,0.3082856762,0.3208732953,0.0514754653,0.0506451726
2455,1.0,0.0,0.0,0.0,1.0,1.0,0.3098271333,0.3208732511,0.05207020044,0.05123031139
2456,1.0,0.0,0.0,0.0,1.0,1.0,0.3049143185,0.3065663754,0.05284178257,0.05078685284
2457,1.0,0.0,0.0,0.0,1.0,1.0,0.3071291859,0.3147706961,0.05159622431,0.05045592785
2458,1.0,0.0,0.0,0.0,1.0,1.0,0.306608442,0.3147707571,0.05149024725,0.05035233498
2459,1.0,0.0,0.0,0.0,1.0,1.0,0.3127505532,0.3183275167,0.05208528042,0.05066990852
2460,1.0,0.0,0.0,0.0,1.0,1.0,0.3087012858,0.3170273718,0.05221474171,0.05106085539
2461,1.0,0.0,0.0,0.0,1.0,1.0,0.3133844792,0.3283882775,0.05280929804,0.05252385139
2462,1.0,0.0,0.0,0.0,1.0,1.0,0.3173903882,0.3325544546,0.05386543274,0.05357891321
2463,1.0,0.0,0.0,0.0,1.0,1.0,0.3116900404,0.3283881389,0.05233758688,0.05233764648
2464,1.0,0.0,0.0,0.0,1.0,1.0,0.3195493688,0.3277739317,0.0519810915,0.05059862137
2465,1.0,0.0,0.0,0.0,1.0,1.0,0.3166039749,0.3295652144,0.05239516497,0.0521119833
2466,1.0,0.0,0.0,0.0,1.0,1.0,0.306335875,0.3204732856,0.05121731758,0.05064505339
2467,1.0,0.0,0.0,0.0,1.0,1.0,0.3058123057,0.3175124245,0.05138617754,0.05052495003
2468,1.0,0.0,0.0,0.0,1.0,1.0,0.3132834469,0.3259827869,0.0525135994,0.05194276571
2469,1.0,0.0,0.0,0.0,1.0,1.0,0.3121122342,0.3265326662,0.05259561539,0.0520208478
2470,1.0,0.0,0.0,0.0,1.0,1.0,0.3091059223,0.3204731623,0.05067771673,0.04983305931
2471,1.0,0.0,0.0,0.0,1.0,1.0,0.3160627682,0.3307506382,0.05173003674,0.05145043135
2472,1.0,0.0,0.0,0.0,1.0,1.0,0.3072552525,0.3186623323,0.05168873072,0.05110788345
2473,1.0,0.0,0.0,0.0,1.0,1.0,0.3109371799,0.3224008736,0.05181312561,0.05124384165
2474,1.0,0.0,0.0,0.0,1.0,1.0,0.29965933,0.3118700197,0.04975801706,0.04918283224
2475,1.0,0.0,0.0,0.0,1.0,1.0,0.3072553395,0.316187347,0.04959380627,0.04847931862
2476,1.0,0.0,0.0,0.0,1.0,1.0,0.3107073312,0.3168521315,0.05159980059,0.05016648769
2477,1.0,0.0,0.0,0.0,1.0,1.0,0.3031238017,0.3143698709,0.05001378059,0.04944217205
2478,1.0,0.0,0.0,0.0,1.0,1.0,0.3099312148,0.3166732383,0.05171632767,0.05026370287
2479,1.0,0.0,0.0,0.0,1.0,1.0,0.3060571468,0.3191647506,0.05045330524,0.04988324642
2480,1.0,0.0,0.0,0.0,1.0,1.0,0.3107075149,0.3173408887,0.05185937881,0.0501306653
2481,1.0,0.0,0.0,0.0,1.0,1.0,0.3117843946,0.3216385669,0.05190783739,0.05104267597
2482,1.0,0.0,0.0,0.0,1.0,1.0,0.3118947234,0.3193162194,0.0523263216,0.05116993189
2483,1.0,0.0,0.0,0.0,1.0,1.0,0.3108982766,0.3159999286,0.05100804567,0.04956716299
2484,1.0,0.0,0.0,0.0,1.0,1.0,0.3132056171,0.3153220416,0.05104464293,0.04903721809
2485,1.0,0.0,0.0,0.0,1.0,1.0,0.3167247509,0.319674437,0.05115061998,0.04944556952
2486,1.0,0.0,0.0,0.0,1.0,1.0,0.3184841571,0.3245419078,0.0519695878,0.05053395033
2487,1.0,0.0,0.0,0.0,1.0,1.0,0.317113603,0.32258128,0.0502601862,0.04884839058
2488,1.0,0.0,0.0,0.0,1.0,1.0,0.310541022,0.3125594664,0.04920750856,0.0472278595
2489,1.0,0.0,0.0,0.0,1.0,1.0,0.3122134537,0.3156131781,0.04909336567,0.04740047455
2490,1.0,0.0,0.0,0.0,1.0,1.0,0.3134449557,0.3207162019,0.04976499081,0.04891186953
2491,1.0,0.0,0.0,0.0,1.0,1.0,0.3147708563,0.3176664567,0.050303936,0.04859870672
2492,1.0,0.0,0.0,0.0,1.0,1.0,0.3118823906,0.3164900698,0.04995691776,0.04853773117
2493,1.0,0.0,0.0,0.0,1.0,1.0,0.3136545236,0.3176662316,0.04983615875,0.04814678431
2494,1.0,0.0,0.0,0.0,1.0,1.0,0.3189706861,0.321511566,0.05258899927,0.05112820864
2495,1.0,0.0,0.0,0.0,1.0,1.0,0.3172831849,0.3148426058,0.05112856627,0.04885619879
2496,1.0,0.0,0.0,0.0,1.0,1.0,0.3149652053,0.3226979727,0.05246889591,0.05129635334
2497,1.0,0.0,0.0,0.0,1.0,1.0,0.3149651929,0.3226982725,0.05189812183,0.05073839426
2498,1.0,0.0,0.0,0.0,1.0,1.0,0.3168109796,0.3258253038,0.05282866955,0.05195301771
2499,1.0,0.0,0.0,0.0,1.0,1.0,0.3191198877,0.3282299752,0.05345696211,0.05228209496
2500,1.0,0.0,0.0,0.0,1.0,1.0,0.3179244546,0.3337619864,0.05317032337,0.05317032337
2501,1.0,0.0,0.0,0.0,1.0,1.0,0.326672733,0.3374499761,0.05322772264,0.0526522994
2502,1.0,0.0,0.0,0.0,1.0,1.0,0.32490693,0.3392939932,0.05321764946,0.05321764946
2503,1.0,0.0,0.0,0.0,1.0,1.0,0.32376273,0.3356062574,0.0537828207,0.05319827795
2504,1.0,0.0,0.0,0.0,1.0,1.0,0.317924528,0.3288607053,0.0520824194,0.05150693655
2505,1.0,0.0,0.0,0.0,1.0,1.0,0.3249068921,0.3356057451,0.05200910568,0.05144375563
2506,1.0,0.0,0.0,0.0,1.0,1.0,0.3191200801,0.32886051,0.05185693502,0.05100214481
2507,1.0,0.0,0.0,0.0,1.0,1.0,0.3208087082,0.3325348428,0.05310606956,0.05281424522
2508,1.0,0.0,0.0,0.0,1.0,1.0,0.319681023,0.3258255336,0.05315566063,0.05198740959
2509,1.0,0.0,0.0,0.0,1.0,1.0,0.319821536,0.3270900535,0.05380117893,0.05263155699
2510,1.0,0.0,0.0,0.0,1.0,1.0,0.3243800375,0.3398834225,0.05422228575,0.05422228575
2511,1.0,0.0,0.0,0.0,1.0,1.0,0.3244260502,0.333147301,0.05430984497,0.05372589827
2512,1.0,0.0,0.0,0.0,1.0,1.0,0.3238607195,0.3349581513,0.05338561535,0.05309867859
2513,1.0,0.0,0.0,0.0,1.0,1.0,0.3192663721,0.3277154739,0.05384677649,0.05296880007
2514,1.0,0.0,0.0,0.0,1.0,1.0,0.3220619917,0.3331470626,0.05312412977,0.05312407017
2515,1.0,0.0,0.0,0.0,1.0,1.0,0.3214988758,0.3349780306,0.05314129591,0.05285251141
2516,1.0,0.0,0.0,0.0,1.0,1.0,0.3214987393,0.3301076196,0.05383962393,0.05296182632
2517,1.0,0.0,0.0,0.0,1.0,1.0,0.3072490695,0.3155171181,0.05078232288,0.05049043894
2518,1.0,0.0,0.0,0.0,1.0,1.0,0.3085994965,0.3121001706,0.05160498619,0.05072540045
2519,1.0,0.0,0.0,0.0,1.0,1.0,0.3061671335,0.3150415625,0.05054736137,0.05054736137
2520,1.0,0.0,0.0,0.0,1.0,1.0,0.3119950905,0.3204731862,0.05090111494,0.05090111494
2521,1.0,0.0,0.0,0.0,1.0,1.0,0.3080589385,0.3157079823,0.05002844334,0.04974418879
2522,1.0,0.0,0.0,0.0,1.0,1.0,0.3084696079,0.3180040499,0.05017185211,0.05017185211
2523,1.0,0.0,0.0,0.0,1.0,1.0,0.3132053252,0.3191649268,0.04976755381,0.04892879725
2524,1.0,0.0,0.0,0.0,1.0,1.0,0.3178435384,0.3216385352,0.05133193731,0.05047643185
2525,1.0,0.0,0.0,0.0,1.0,1.0,0.3201751543,0.3246364762,0.05078607798,0.04994434118
2526,1.0,0.0,0.0,0.0,1.0,1.0,0.3136545534,0.3153220008,0.05135571957,0.04961484671
2527,1.0,0.0,0.0,0.0,1.0,1.0,0.3114457157,0.3196743649,0.0509250164,0.05006188154
2528,1.0,0.0,0.0,0.0,1.0,1.0,0.3133103637,0.3276555977,0.05105346441,0.05105340481
2529,1.0,0.0,0.0,0.0,1.0,1.0,0.3126548573,0.3221644456,0.05056202412,0.04999393225
2530,1.0,0.0,0.0,0.0,1.0,1.0,0.3108982789,0.3215117759,0.05155712366,0.05097460747
2531,1.0,0.0,0.0,0.0,1.0,1.0,0.3114456393,0.32085405,0.05012214184,0.04927265644
2532,1.0,0.0,0.0,0.0,1.0,1.0,0.317761959,0.32389313,0.05103236437,0.0498920083
2533,1.0,0.0,0.0,0.0,1.0,1.0,0.3219443644,0.3251860948,0.05172502995,0.05030399561
2534,1.0,0.0,0.0,0.0,1.0,1.0,0.3159870806,0.3226981921,0.05050528049,0.04965406656
2535,1.0,0.0,0.0,0.0,1.0,1.0,0.3136547991,0.3171660209,0.05033123493,0.04890942574
2536,1.0,0.0,0.0,0.0,1.0,1.0,0.3083387194,0.3079463128,0.04917109013,0.04719293118
2537,1.0,0.0,0.0,0.0,1.0,1.0,0.313099472,0.3153217156,0.0500022769,0.04830724001
2538,1.0,0.0,0.0,0.0,1.0,1.0,0.3098094025,0.3136931147,0.05102920532,0.04958766699
2539,1.0,0.0,0.0,0.0,1.0,1.0,0.3067070803,0.3075208087,0.0487318635,0.04705148935
2540,1.0,0.0,0.0,0.0,1.0,1.0,0.3113304304,0.3141630699,0.04984223843,0.04842633009
2541,1.0,0.0,0.0,0.0,1.0,1.0,0.3116726698,0.320988848,0.05091482401,0.05006152391
2542,1.0,0.0,0.0,0.0,1.0,1.0,0.3127626014,0.3204733673,0.04975408316,0.04919815063
2543,1.0,0.0,0.0,0.0,1.0,1.0,0.3104721935,0.3155171185,0.0513215661,0.04987996817
2544,1.0,0.0,0.0,0.0,1.0,1.0,0.3103527251,0.3118696163,0.05120778084,0.04947197437
2545,1.0,0.0,0.0,0.0,1.0,1.0,0.3010576949,0.3068139929,0.0488473773,0.04742741585
2546,1.0,0.0,0.0,0.0,1.0,1.0,0.3000071465,0.3071013228,0.04754149914,0.04671227932
2547,1.0,0.0,0.0,0.0,1.0,1.0,0.3064487996,0.3185034505,0.0516269803,0.05104035139
2548,1.0,0.0,0.0,0.0,1.0,1.0,0.3047076522,0.3209887223,0.0510185957,0.05131018162
2549,1.0,0.0,0.0,0.0,1.0,1.0,0.306449187,0.318662713,0.05179458857,0.05179458857
2550,1.0,0.0,0.0,0.0,1.0,1.0,0.3032788031,0.3193161459,0.05013257265,0.05041742325
2551,1.0,0.0,0.0,0.0,1.0,1.0,0.310590428,0.3221644724,0.05043762922,0.04959231615
2552,1.0,0.0,0.0,0.0,1.0,1.0,0.318238789,0.3259050046,0.05351817608,0.05207175016
2553,1.0,0.0,0.0,0.0,1.0,1.0,0.3147032183,0.3240941425,0.05024981499,0.04942148924
2554,1.0,0.0,0.0,0.0,1.0,1.0,0.3210644107,0.331336579,0.05529373884,0.05440187454
2555,1.0,0.0,0.0,0.0,1.0,1.0,0.3215596404,0.3307244429,0.05369710922,0.05282634497
2556,1.0,0.0,0.0,0.0,1.0,1.0,0.3245611964,0.3313565239,0.05652672052,0.0553303957
2557,1.0,0.0,0.0,0.0,1.0,1.0,0.3031237783,0.3125529027,0.05002629757,0.04916870594
2558,1.0,0.0,0.0,0.0,1.0,1.0,0.2909987851,0.3035342231,0.04839020967,0.04723805189
2559,1.0,0.0,0.0,0.0,1.0,1.0,0.2954100454,0.3024626504,0.04695338011,0.04526644945
2560,1.0,0.0,0.0,0.0,1.0,1.0,0.2932171193,0.299832418,0.04562646151,0.04423540831
2561,1.0,0.0,0.0,0.0,1.0,1.0,0.3101104966,0.3151225866,0.05011123419,0.0483931303
2562,1.0,0.0,0.0,0.0,1.0,1.0,0.2945912646,0.3032655356,0.0471393466,0.04598253965
2563,1.0,0.0,0.0,0.0,1.0,1.0,0.3021990363,0.3005981672,0.04871845245,0.04607707262
2564,1.0,0.0,0.0,0.0,1.0,1.0,0.2868600619,0.282285466,0.04469805956,0.04213577509
2565,1.0,0.0,0.0,0.0,1.0,1.0,0.3018573766,0.2869123193,0.04770839214,0.04392665625
2566,1.0,0.0,0.0,0.0,1.0,1.0,0.3163971141,0.3040127265,0.04837453365,0.04552894831
2567,1.0,0.0,0.0,0.0,1.0,1.0,0.3217254606,0.303676619,0.04794603586,0.04482525587
2568,1.0,0.0,0.0,0.0,1.0,1.0,0.3211818404,0.2998324391,0.0490578413,0.04588347673
2569,1.0,0.0,0.0,0.0,1.0,1.0,0.3256187115,0.3069447297,0.05083137751,0.04818695784
2570,1.0,0.0,0.0,0.0,1.0,1.0,0.3300397778,0.3151223479,0.05089861155,0.04859805107
2571,1.0,0.0,0.0,0.0,1.0,1.0,0.3269548414,0.312093371,0.05135250092,0.04901832342
2572,1.0,0.0,0.0,0.0,1.0,1.0,0.3169872539,0.3020701442,0.04833310843,0.04605859518
2573,1.0,0.0,0.0,0.0,1.0,1.0,0.307228809,0.2946118836,0.04575115442,0.04462152719
2574,1.0,0.0,0.0,0.0,1.0,1.0,0.2743568888,0.2498602398,0.04102563858,0.03838819265
2575,1.0,0.0,0.0,0.0,1.0,1.0,0.2640407591,0.2316711753,0.03874439001,0.0347263813
2576,1.0,0.0,0.0,0.0,1.0,1.0,0.2417077879,0.2063244009,0.0361686945,0.03128880262
2577,1.0,0.0,0.0,0.0,1.0,1.0,0.2171866612,0.1843078852,0.03260266781,0.02798634768
2578,1.0,0.0,0.0,0.0,1.0,1.0,0.2216737689,0.1852898241,0.03235554695,0.02761375904
2579,1.0,0.0,0.0,0.0,1.0,1.0,0.2187457802,0.1820543042,0.03333556652,0.02816277742
2580,1.0,0.0,0.0,0.0,1.0,1.0,0.196519564,0.1622227964,0.02940505743,0.02436417341
2581,1.0,0.0,0.0,0.0,1.0,1.0,0.1864627954,0.1517669111,0.0278313756,0.02282172441
2582,1.0,0.0,0.0,0.0,1.0,1.0,0.1638128182,0.1235674935,0.02475786209,0.01891613007
2583,1.0,0.0,0.0,0.0,1.0,1.0,0.1777589503,0.1321725417,0.0269997716,0.02011209726
2584,1.0,0.0,0.0,0.0,1.0,1.0,0.1765862393,0.1303621129,0.02691876888,0.01998096704
2585,1.0,0.0,0.0,0.0,1.0,1.0,0.1490074733,0.1108472045,0.02297079563,0.01708805561
2586,1.0,0.0,0.0,0.0,1.0,1.0,0.1479321532,0.1114486409,0.02303898335,0.01741969585
2587,1.0,0.0,0.0,0.0,1.0,1.0,0.1370353302,0.1047208859,0.02118378878,0.01609963179
2588,1.0,0.0,0.0,0.0,1.0,1.0,0.1430393271,0.1090300763,0.02212697268,0.01702076197
2589,1.0,0.0,0.0,0.0,1.0,1.0,0.1490879676,0.1194185897,0.02255874872,0.01810270548
2590,1.0,0.0,0.0,0.0,1.0,1.0,0.1501946291,0.1147507306,0.02314037085,0.01771235466
2591,1.0,0.0,0.0,0.0,1.0,1.0,0.1506514564,0.1230927637,0.02356421947,0.01925361156
2592,1.0,0.0,0.0,0.0,1.0,1.0,0.1522087347,0.1153201797,0.02356731892,0.01788842678
2593,1.0,0.0,0.0,0.0,1.0,1.0,0.1581984269,0.1106395316,0.0240701437,0.01699072123
2594,1.0,0.0,0.0,0.0,1.0,1.0,0.1539031459,0.1124833106,0.02372276783,0.01743477583
2595,1.0,0.0,0.0,0.0,1.0,1.0,0.156921871,0.1150299848,0.02392429113,0.01737356186
2596,1.0,0.0,0.0,0.0,1.0,1.0,0.1570290382,0.1114619471,0.02415913343,0.01705348492
2597,1.0,0.0,0.0,0.0,1.0,1.0,0.1548953855,0.1110490532,0.02397465706,0.01712471247
2598,1.0,0.0,0.0,0.0,1.0,1.0,0.1551815939,0.1122969109,0.0239340663,0.01709574461
2599,1.0,0.0,0.0,0.0,1.0,1.0,0.1544761511,0.1144397183,0.0239008069,0.01727765799
2600,1.0,0.0,0.0,0.0,1.0,1.0,0.1514863347,0.1172421999,0.0233694911,0.01738464832
2601,1.0,0.0,0.0,0.0,1.0,1.0,0.1427777177,0.1268520738,0.02177393436,0.01842403412
2602,1.0,0.0,0.0,0.0,1.0,1.0,0.1366144221,0.1181507983,0.02147626877,0.01723748446
2603,1.0,0.0,0.0,0.0,1.0,1.0,0.1370349621,0.1357510469,0.02131175995,0.01960682869
2604,1.0,0.0,0.0,0.0,1.0,1.0,0.1427775367,0.1441881894,0.02297288179,0.02122807503
2605,1.0,0.0,0.0,0.0,1.0,1.0,0.1430298135,0.1536108929,0.02273267508,0.02217137814
2606,1.0,0.0,0.0,0.0,1.0,1.0,0.1442673613,0.1582125966,0.02358436584,0.0233001709
2607,1.0,0.0,0.0,0.0,1.0,1.0,0.1455325872,0.1665736922,0.02320629358,0.02404510975
2608,1.0,0.0,0.0,0.0,1.0,1.0,0.1395382307,0.1659309206,0.02219152451,0.02385592461
2609,1.0,0.0,0.0,0.0,1.0,1.0,0.1464698,0.1723174242,0.02452933788,0.02597224712
2610,1.0,0.0,0.0,0.0,1.0,1.0,0.1427773785,0.1742322457,0.02302634716,0.0255536437
2611,1.0,0.0,0.0,0.0,1.0,1.0,0.1358125555,0.1729070922,0.02184534073,0.02548623085
2612,1.0,0.0,0.0,0.0,1.0,1.0,0.128270689,0.1594438401,0.02045887709,0.02330034971
2613,1.0,0.0,0.0,0.0,1.0,1.0,0.1192318017,0.1493421376,0.01879662275,0.02156084776
2614,1.0,0.0,0.0,0.0,1.0,1.0,0.2440494856,0.2462908481,0.0395347476,0.03711426258
2615,1.0,0.0,0.0,0.0,1.0,1.0,0.3131584622,0.326603051,0.05141866207,0.0500510931
2616,1.0,0.0,0.0,0.0,1.0,1.0,0.3420014688,0.3597282045,0.05634522438,0.05552470684
2617,1.0,0.0,0.0,0.0,1.0,1.0,0.3089489277,0.3188181868,0.0502358079,0.04886323214
2618,1.0,0.0,0.0,0.0,1.0,1.0,0.125384685,0.1524247588,0.01958060265,0.02241837978
2619,1.0,0.0,0.0,0.0,1.0,1.0,0.1152508358,0.1359394317,0.01791250706,0.01987171173
2620,1.0,0.0,0.0,0.0,1.0,1.0,0.2515955216,0.2535082925,0.0391625762,0.03754210472
2621,1.0,0.0,0.0,0.0,1.0,1.0,0.3110507132,0.3189707895,0.0504412055,0.04961431026
2622,1.0,0.0,0.0,0.0,1.0,1.0,0.3217965543,0.3278872071,0.0518321991,0.05128371716
2623,1.0,0.0,0.0,0.0,1.0,1.0,0.3325845895,0.3360491416,0.05264490843,0.05157595873
2624,1.0,0.0,0.0,0.0,1.0,1.0,0.3320240829,0.3308495889,0.052960217,0.05161595345
2625,1.0,0.0,0.0,0.0,1.0,1.0,0.342045883,0.3428119726,0.05560058355,0.05451571941
2626,1.0,0.0,0.0,0.0,1.0,1.0,0.3386537957,0.3404876897,0.05487412214,0.0538033843
2627,1.0,0.0,0.0,0.0,1.0,1.0,0.3369828125,0.3404138134,0.05487400293,0.05433863401
2628,1.0,0.0,0.0,0.0,1.0,1.0,0.3380947664,0.3354062875,0.05497425795,0.05309718847
2629,1.0,0.0,0.0,0.0,1.0,1.0,0.3402009485,0.3454446126,0.05548393726,0.0546875
2630,1.0,0.0,0.0,0.0,1.0,1.0,0.3299130479,0.3370997982,0.05462294817,0.05328410864
2631,1.0,0.0,0.0,0.0,1.0,1.0,0.3131368299,0.3246485019,0.05139762163,0.05086499453
2632,1.0,0.0,0.0,0.0,1.0,1.0,0.2838947485,0.3026477125,0.04676103592,0.04703444242
2633,1.0,0.0,0.0,0.0,1.0,1.0,0.2626630749,0.275464634,0.04251623154,0.04171407223
2634,1.0,0.0,0.0,0.0,1.0,1.0,0.2711167962,0.3005316222,0.04542338848,0.04622972012
2635,1.0,0.0,0.0,0.0,1.0,1.0,0.2653524954,0.3016174022,0.04428291321,0.04481327534
2636,1.0,0.0,0.0,0.0,1.0,1.0,0.2784049594,0.3109773138,0.04763358831,0.04629552364
2637,1.0,0.0,0.0,0.0,1.0,1.0,0.285326954,0.3190102167,0.04855555296,0.04692804813
2638,1.0,0.0,0.0,0.0,1.0,1.0,0.2783253726,0.3116340885,0.04803174734,0.04612141848
2639,1.0,0.0,0.0,0.0,1.0,1.0,0.276036426,0.3095288885,0.04668748379,0.04454094172
2640,1.0,0.0,0.0,0.0,1.0,1.0,0.2711417264,0.3116342742,0.0465516448,0.04573976994
2641,1.0,0.0,0.0,0.0,1.0,1.0,0.2462851831,0.2871529444,0.04167705774,0.04140818119
2642,1.0,0.0,0.0,0.0,1.0,1.0,0.1646334033,0.1920497648,0.02731925249,0.02704334259
2643,1.0,0.0,0.0,0.0,1.0,1.0,0.1120066518,0.1665734348,0.01788914204,0.02229255438
2644,1.0,0.0,0.0,0.0,1.0,1.0,0.1015197159,0.1802271259,0.0158752203,0.02408647537
2645,1.0,0.0,0.0,0.0,1.0,1.0,0.1073347796,0.1739922278,0.01696789265,0.02392190695
2646,1.0,0.0,0.0,0.0,1.0,1.0,0.1058434778,0.1764887178,0.01705402136,0.02488213778
2647,1.0,0.0,0.0,0.0,1.0,1.0,0.1157247118,0.1725227255,0.01822680235,0.02402627468
2648,1.0,0.0,0.0,0.0,1.0,1.0,0.1158524464,0.1710581367,0.01858383417,0.02468591928
2649,1.0,0.0,0.0,0.0,1.0,1.0,0.1160529221,0.1678453355,0.01806974411,0.02373343706
2650,1.0,0.0,0.0,0.0,1.0,1.0,0.1186075822,0.1773818499,0.01869404316,0.02556681633
2651,1.0,0.0,0.0,0.0,1.0,1.0,0.1174782168,0.1773819801,0.01765495539,0.02450615168
2652,1.0,0.0,0.0,0.0,1.0,1.0,0.113772048,0.1806685136,0.01752978563,0.02535074949
2653,1.0,0.0,0.0,0.0,1.0,1.0,0.1147771285,0.1749998295,0.01767241955,0.02446949482
2654,1.0,0.0,0.0,0.0,1.0,1.0,0.1172721409,0.1794363803,0.01786696911,0.02480047941
2655,1.0,0.0,0.0,0.0,1.0,1.0,0.1284493025,0.1876346172,0.01992714405,0.02675151825
2656,1.0,0.0,0.0,0.0,1.0,1.0,0.1197902128,0.1792893018,0.01816093922,0.02547949553
2657,1.0,0.0,0.0,0.0,1.0,1.0,0.1242347301,0.1710584495,0.0185046792,0.0245808959
2658,1.0,0.0,0.0,0.0,1.0,1.0,0.1309229924,0.1653210716,0.01956564188,0.02425038815
2659,1.0,0.0,0.0,0.0,1.0,1.0,0.1333806665,0.1616741339,0.02002090216,0.02413475513
2660,1.0,0.0,0.0,0.0,1.0,1.0,0.1332588797,0.1528998688,0.01957255602,0.02229100466
2661,1.0,0.0,0.0,0.0,1.0,1.0,0.1430391334,0.156046718,0.02151805162,0.02317333221
2662,1.0,0.0,0.0,0.0,1.0,1.0,0.1324125259,0.1521704594,0.01996397972,0.02215176821
2663,1.0,0.0,0.0,0.0,1.0,1.0,0.1313656762,0.1572153949,0.02046555281,0.02323108912
2664,1.0,0.0,0.0,0.0,1.0,1.0,0.1366908075,0.1540493175,0.02133727074,0.02272284031
2665,1.0,0.0,0.0,0.0,1.0,1.0,0.1315502799,0.1598373301,0.02076917887,0.02346652746
2666,1.0,0.0,0.0,0.0,1.0,1.0,0.1317756882,0.1635116261,0.02065294981,0.02387160063
2667,1.0,0.0,0.0,0.0,1.0,1.0,0.1270769769,0.1610819244,0.0201921463,0.02401220798
2668,1.0,0.0,0.0,0.0,1.0,1.0,0.1290728167,0.1604270713,0.02026563883,0.02382582426
2669,1.0,0.0,0.0,0.0,1.0,1.0,0.1318706025,0.1587559746,0.02069687843,0.02396482229
2670,1.0,0.0,0.0,0.0,1.0,1.0,0.1382765789,0.1689968646,0.02147173882,0.02527689934
2671,1.0,0.0,0.0,0.0,1.0,1.0,0.1369340808,0.1684039692,0.0212392211,0.02537673712
2672,1.0,0.0,0.0,0.0,1.0,1.0,0.1336153262,0.1526421121,0.02070528269,0.02318990231
2673,1.0,0.0,0.0,0.0,1.0,1.0,0.1344381013,0.1689967479,0.02090525627,0.02558147907
2674,1.0,0.0,0.0,0.0,1.0,1.0,0.1336057567,0.1725654481,0.02086883783,0.02601832151
2675,1.0,0.0,0.0,0.0,1.0,1.0,0.1338380052,0.1732611588,0.02118933201,0.02614277601
2676,1.0,0.0,0.0,0.0,1.0,1.0,0.1363660849,0.1940311514,0.02146404982,0.02879989147
2677,1.0,0.0,0.0,0.0,1.0,1.0,0.1275148532,0.1801966574,0.02046024799,0.02681952715
2678,1.0,0.0,0.0,0.0,1.0,1.0,0.1156522163,0.1869324342,0.0186111331,0.02805554867
2679,1.0,0.0,0.0,0.0,1.0,1.0,0.1279149728,0.1914989133,0.02039510012,0.02855312824
2680,1.0,0.0,0.0,0.0,1.0,1.0,0.1153204766,0.1913429236,0.01839274168,0.02870374918
2681,1.0,0.0,0.0,0.0,1.0,1.0,0.1120061592,0.1744482387,0.01734280586,0.02561408281
2682,1.0,0.0,0.0,0.0,1.0,1.0,0.1738894829,0.1924719286,0.02872824669,0.0304017067
2683,1.0,0.0,0.0,0.0,1.0,1.0,0.2588718579,0.2721084914,0.04420989752,0.04448974133
2684,1.0,0.0,0.0,0.0,1.0,1.0,0.3076458123,0.3262782368,0.05342406034,0.05370670557
2685,1.0,0.0,0.0,0.0,1.0,1.0,0.3076456656,0.3372241628,0.05473792553,0.05589640141
2686,1.0,0.0,0.0,0.0,1.0,1.0,0.3363816253,0.3691317609,0.06137722731,0.06255757809
2687,1.0,0.0,0.0,0.0,1.0,1.0,0.3417862837,0.3717224556,0.06085622311,0.06114470959
2688,1.0,0.0,0.0,0.0,1.0,1.0,0.3433567518,0.3721695609,0.06053447723,0.06053441763
2689,1.0,0.0,0.0,0.0,1.0,1.0,0.3380468071,0.3690518367,0.05878919363,0.05935716629
2690,1.0,0.0,0.0,0.0,1.0,1.0,0.3413124293,0.3704224706,0.06029957533,0.06116515398
2691,1.0,0.0,0.0,0.0,1.0,1.0,0.2528099593,0.2624433597,0.04409050941,0.04291474819
2692,1.0,0.0,0.0,0.0,1.0,1.0,0.1226752634,0.1825901358,0.01996082067,0.02788639069
2693,1.0,0.0,0.0,0.0,1.0,1.0,0.1220557152,0.17982373,0.0203704834,0.02804630995
2694,1.0,0.0,0.0,0.0,1.0,1.0,0.2243301293,0.2276309198,0.03836542368,0.03664761782
2695,1.0,0.0,0.0,0.0,1.0,1.0,0.2776228136,0.284563205,0.04832100868,0.04661554098
2696,1.0,0.0,0.0,0.0,1.0,1.0,0.3028611431,0.3091918539,0.05246990919,0.05108910799
2697,1.0,0.0,0.0,0.0,1.0,1.0,0.3113278123,0.3198215672,0.05465137959,0.05381059647
2698,1.0,0.0,0.0,0.0,1.0,1.0,0.3230679339,0.3348130367,0.05685842037,0.05629825592
2699,1.0,0.0,0.0,0.0,1.0,1.0,0.3131159815,0.3287197992,0.05437874794,0.05437874794
2700,1.0,0.0,0.0,0.0,1.0,1.0,0.317488744,0.3314303055,0.05546528101,0.05461639166
2701,1.0,0.0,0.0,0.0,1.0,1.0,0.3284329677,0.343242944,0.05868339539,0.05727952719
2702,1.0,0.0,0.0,0.0,1.0,1.0,0.3204557881,0.33654681,0.05767726898,0.05653518438
2703,1.0,0.0,0.0,0.0,1.0,1.0,0.3151964684,0.3331471602,0.05569821596,0.05485850573
2704,1.0,0.0,0.0,0.0,1.0,1.0,0.3106156236,0.3262784719,0.05457520485,0.05372691154
2705,1.0,0.0,0.0,0.0,1.0,1.0,0.3133296179,0.3280483296,0.05535107851,0.05478346348
2706,1.0,0.0,0.0,0.0,1.0,1.0,0.3213640283,0.3320178851,0.05631840229,0.05519199371
2707,1.0,0.0,0.0,0.0,1.0,1.0,0.3085096668,0.3184662246,0.05593073368,0.05476546288
2708,1.0,0.0,0.0,0.0,1.0,1.0,0.3106154632,0.3189344228,0.05497670174,0.05326759815
2709,1.0,0.0,0.0,0.0,1.0,1.0,0.3175647073,0.3274622463,0.05569219589,0.05427867174
2710,1.0,0.0,0.0,0.0,1.0,1.0,0.3061497706,0.3148927306,0.05349630117,0.05208110809
2711,1.0,0.0,0.0,0.0,1.0,1.0,0.3171308113,0.3280997274,0.05487746,0.05404597521
2712,1.0,0.0,0.0,0.0,1.0,1.0,0.3121285139,0.3170989087,0.05572032928,0.05375045538
2713,1.0,0.0,0.0,0.0,1.0,1.0,0.3127183929,0.3183042014,0.05554574728,0.05387103558
2714,1.0,0.0,0.0,0.0,1.0,1.0,0.313796417,0.3232517676,0.05566233397,0.05454909801
2715,1.0,0.0,0.0,0.0,1.0,1.0,0.3132109172,0.3216026639,0.05529248714,0.05418109894
2716,1.0,0.0,0.0,0.0,1.0,1.0,0.3078848161,0.3160487139,0.05403608084,0.05292767286
2717,1.0,0.0,0.0,0.0,1.0,1.0,0.3191364052,0.3276860969,0.05753070116,0.05612754822
2718,1.0,0.0,0.0,0.0,1.0,1.0,0.3116370235,0.3177033286,0.05523788929,0.05356401205
2719,1.0,0.0,0.0,0.0,1.0,1.0,0.3095754112,0.319357898,0.05580711365,0.05467396975
2720,1.0,0.0,0.0,0.0,1.0,1.0,0.3051255359,0.3096632064,0.05422544479,0.05228883028
2721,1.0,0.0,0.0,0.0,1.0,1.0,0.3108683978,0.3221883809,0.05531227589,0.05420601368
2722,1.0,0.0,0.0,0.0,1.0,1.0,0.3144662637,0.3206678363,0.05681174994,0.05540549755
2723,1.0,0.0,0.0,0.0,1.0,1.0,0.3144663584,0.3217156862,0.05611199141,0.05472302437
2724,1.0,0.0,0.0,0.0,1.0,1.0,0.3166702195,0.3255508466,0.056204319,0.05483341217
2725,1.0,0.0,0.0,0.0,1.0,1.0,0.324896007,0.3353173599,0.05835705996,0.05724543333
2726,1.0,0.0,0.0,0.0,1.0,1.0,0.3092024885,0.3199535237,0.05499583483,0.05388480425
2727,1.0,0.0,0.0,0.0,1.0,1.0,0.3142899412,0.32819958,0.05644279718,0.05616056919
2728,1.0,0.0,0.0,0.0,1.0,1.0,0.3175066886,0.3287637896,0.05688381195,0.05604314804
2729,1.0,0.0,0.0,0.0,1.0,1.0,0.317579548,0.3260476466,0.05776399374,0.05634826422
2730,1.0,0.0,0.0,0.0,1.0,1.0,0.3253634771,0.3304075268,0.05879843235,0.05654776096
2731,1.0,0.0,0.0,0.0,1.0,1.0,0.3269201243,0.3347965245,0.05863523483,0.05668073893
2732,1.0,0.0,0.0,0.0,1.0,1.0,0.3315976973,0.3369455392,0.05987989902,0.05792123079
2733,1.0,0.0,0.0,0.0,1.0,1.0,0.3339203959,0.3402010769,0.05975693464,0.05782037973
2734,1.0,0.0,0.0,0.0,1.0,1.0,0.3454289243,0.3557882827,0.0627977252,0.06140226126
2735,1.0,0.0,0.0,0.0,1.0,1.0,0.3354661994,0.3457087169,0.06204992533,0.06033426523
2736,1.0,0.0,0.0,0.0,1.0,1.0,0.3424445281,0.3478449584,0.06150585413,0.05927938223
2737,1.0,0.0,0.0,0.0,1.0,1.0,0.3336622997,0.345708335,0.06074768305,0.05934143066
2738,1.0,0.0,0.0,0.0,1.0,1.0,0.339316551,0.3445789677,0.0612680912,0.05876171589
2739,1.0,0.0,0.0,0.0,1.0,1.0,0.3339278199,0.3391550544,0.05959790945,0.05764842033
2740,1.0,0.0,0.0,0.0,1.0,1.0,0.3273486741,0.3320514252,0.05848675966,0.05707406998
2741,1.0,0.0,0.0,0.0,1.0,1.0,0.3169343552,0.3271199219,0.05604809523,0.05521571636
2742,1.0,0.0,0.0,0.0,1.0,1.0,0.3157795688,0.3254763698,0.05470752716,0.05416047573
2743,1.0,0.0,0.0,0.0,1.0,1.0,0.3206345536,0.3304341787,0.05727547407,0.05671668053
2744,1.0,0.0,0.0,0.0,1.0,1.0,0.3190041933,0.3276859624,0.05756366253,0.05671298504
2745,1.0,0.0,0.0,0.0,1.0,1.0,0.319070498,0.3315144451,0.05714046955,0.05686044693
2746,1.0,0.0,0.0,0.0,1.0,1.0,0.3154488411,0.3276858798,0.05666214228,0.05610114336
2747,1.0,0.0,0.0,0.0,1.0,1.0,0.3111472527,0.3227706768,0.05390286446,0.05363059044
2748,1.0,0.0,0.0,0.0,1.0,1.0,0.3200721324,0.325551065,0.05791115761,0.05677568913
2749,1.0,0.0,0.0,0.0,1.0,1.0,0.3143784027,0.3260474269,0.0572244525,0.05665504932
2750,1.0,0.0,0.0,0.0,1.0,1.0,0.3163587683,0.3260475032,0.05521517992,0.05466580391
2751,1.0,0.0,0.0,0.0,1.0,1.0,0.319441802,0.3276859056,0.05621761084,0.05566102266
2752,1.0,0.0,0.0,0.0,1.0,1.0,0.3199482085,0.3287637184,0.05605697632,0.05550193787
2753,1.0,0.0,0.0,0.0,1.0,1.0,0.3161985505,0.3270598348,0.05544012785,0.05488294363
2754,1.0,0.0,0.0,0.0,1.0,1.0,0.3157793597,0.3227704643,0.05582928658,0.05499184132
2755,1.0,0.0,0.0,0.0,1.0,1.0,0.3140192545,0.3237393731,0.05406975746,0.05352079868
2756,1.0,0.0,0.0,0.0,1.0,1.0,0.314019232,0.3232518895,0.05502593517,0.05474662781
2757,1.0,0.0,0.0,0.0,1.0,1.0,0.3139275499,0.3248187806,0.0548542738,0.05457437038
2758,1.0,0.0,0.0,0.0,1.0,1.0,0.3160351184,0.323739653,0.05623400211,0.05566316843
2759,1.0,0.0,0.0,0.0,1.0,1.0,0.3161173971,0.3226674935,0.05516946316,0.05433356762
2760,1.0,0.0,0.0,0.0,1.0,1.0,0.3161172268,0.3259771441,0.054641366,0.0543654561
2761,1.0,0.0,0.0,0.0,1.0,1.0,0.3134249975,0.3220790626,0.05428403616,0.05373007059
2762,1.0,0.0,0.0,0.0,1.0,1.0,0.3097314445,0.3143937941,0.05487567186,0.05374413729
2763,1.0,0.0,0.0,0.0,1.0,1.0,0.3225034515,0.3292864153,0.0565354228,0.05569583178
2764,1.0,0.0,0.0,0.0,1.0,1.0,0.31619877,0.3253995315,0.05544435978,0.05460846424
2765,1.0,0.0,0.0,0.0,1.0,1.0,0.3146096499,0.323739533,0.05440706015,0.05358272791
2766,1.0,0.0,0.0,0.0,1.0,1.0,0.3076431292,0.3121179589,0.05466783047,0.0532515645
2767,1.0,0.0,0.0,0.0,1.0,1.0,0.3087447739,0.3170987788,0.05492651463,0.05407714844
2768,1.0,0.0,0.0,0.0,1.0,1.0,0.3066648332,0.3094299545,0.05306994915,0.05142015219
2769,1.0,0.0,0.0,0.0,1.0,1.0,0.255632809,0.2260640248,0.04347503185,0.03730434179
2770,1.0,0.0,0.0,0.0,1.0,1.0,0.1363691116,0.1272354408,0.02203208208,0.02000284195
2771,1.0,0.0,0.0,0.0,1.0,1.0,0.166284963,0.1356385746,0.02777940035,0.02199202776
2772,1.0,0.0,0.0,0.0,1.0,1.0,0.2184211058,0.1831167597,0.03770303726,0.03056228161
2773,1.0,0.0,0.0,0.0,1.0,1.0,0.256350615,0.2371557435,0.04448229074,0.03941464424
2774,1.0,0.0,0.0,0.0,1.0,1.0,0.281193291,0.2757656385,0.04866206646,0.04588139057
2775,1.0,0.0,0.0,0.0,1.0,1.0,0.3017485321,0.3011564204,0.0524635911,0.05052047968
2776,1.0,0.0,0.0,0.0,1.0,1.0,0.3056931093,0.3090379324,0.05413305759,0.05273061991
2777,1.0,0.0,0.0,0.0,1.0,1.0,0.3071533477,0.3117070033,0.05376982689,0.05265539885
2778,1.0,0.0,0.0,0.0,1.0,1.0,0.3119276984,0.3133562561,0.05431514978,0.05265241861
2779,1.0,0.0,0.0,0.0,1.0,1.0,0.3086275346,0.312325566,0.05408865213,0.05324792862
2780,1.0,0.0,0.0,0.0,1.0,1.0,0.3129241553,0.3183041826,0.05513906479,0.05429512262
2781,1.0,0.0,0.0,0.0,1.0,1.0,0.3168766727,0.3183040588,0.05565679073,0.05425131321
2782,1.0,0.0,0.0,0.0,1.0,1.0,0.3153616393,0.3183039554,0.05508095026,0.05369001627
2783,1.0,0.0,0.0,0.0,1.0,1.0,0.308744656,0.3143939714,0.05441206694,0.05329018831
2784,1.0,0.0,0.0,0.0,1.0,1.0,0.3092372317,0.3150054938,0.05312818289,0.05230659246
2785,1.0,0.0,0.0,0.0,1.0,1.0,0.3053188737,0.3041068686,0.05325525999,0.05131369829
2786,1.0,0.0,0.0,0.0,1.0,1.0,0.3071535923,0.3067595106,0.05357992649,0.05163657665
2787,1.0,0.0,0.0,0.0,1.0,1.0,0.3049415655,0.3100581209,0.0531219244,0.05228757858
2788,1.0,0.0,0.0,0.0,1.0,1.0,0.3098427037,0.3106819594,0.05483311415,0.05314600468
2789,1.0,0.0,0.0,0.0,1.0,1.0,0.299673014,0.3011563949,0.05186319351,0.05020803213
2790,1.0,0.0,0.0,0.0,1.0,1.0,0.3001519705,0.2995015928,0.05194240808,0.05000835657
2791,1.0,0.0,0.0,0.0,1.0,1.0,0.2939535993,0.2928828411,0.05125820637,0.04904162884
2792,1.0,0.0,0.0,0.0,1.0,1.0,0.2917028722,0.2888753214,0.05163925886,0.04909968376
2793,1.0,0.0,0.0,0.0,1.0,1.0,0.2891866063,0.2805743018,0.05066478252,0.04704588652
2794,1.0,0.0,0.0,0.0,1.0,1.0,0.2837333753,0.277073029,0.04927361012,0.0465053916
2795,1.0,0.0,0.0,0.0,1.0,1.0,0.290775588,0.2888753467,0.05131971836,0.04879581928
2796,1.0,0.0,0.0,0.0,1.0,1.0,0.2871589869,0.2815093804,0.04983371496,0.04704970121
2797,1.0,0.0,0.0,0.0,1.0,1.0,0.2860138234,0.2807797787,0.04891312122,0.04616522789
2798,1.0,0.0,0.0,0.0,1.0,1.0,0.2880556285,0.2862640372,0.05061036348,0.04837346077
2799,1.0,0.0,0.0,0.0,1.0,1.0,0.2864643916,0.2881721718,0.04955327511,0.04762613773
2800,1.0,0.0,0.0,0.0,1.0,1.0,0.2850973271,0.2824508721,0.05035126209,0.0478053689
2801,1.0,0.0,0.0,0.0,1.0,1.0,0.2873792634,0.2824510734,0.05080389977,0.04769927263
2802,1.0,0.0,0.0,0.0,1.0,1.0,0.2811933602,0.2817218864,0.04923242331,0.04726314545
2803,1.0,0.0,0.0,0.0,1.0,1.0,0.2786126033,0.2776224464,0.04803550243,0.04608052969
2804,1.0,0.0,0.0,0.0,1.0,1.0,0.2784273649,0.2742576119,0.04854732752,0.04574114084
2805,1.0,0.0,0.0,0.0,1.0,1.0,0.281193531,0.2811987693,0.04882490635,0.04631388187
2806,1.0,0.0,0.0,0.0,1.0,1.0,0.2759294958,0.273495783,0.04876697063,0.04593163729
2807,1.0,0.0,0.0,0.0,1.0,1.0,0.2770887431,0.2751840957,0.04860270023,0.04579329491
2808,1.0,0.0,0.0,0.0,1.0,1.0,0.2825899826,0.2766912744,0.04976981878,0.04639559984
2809,1.0,0.0,0.0,0.0,1.0,1.0,0.2750464977,0.2742577015,0.04750978947,0.04502379894
2810,1.0,0.0,0.0,0.0,1.0,1.0,0.2786907843,0.2768724157,0.04835391045,0.04557490349
2811,1.0,0.0,0.0,0.0,1.0,1.0,0.284170823,0.2793054919,0.04891330004,0.04613417387
2812,1.0,0.0,0.0,0.0,1.0,1.0,0.2839509382,0.2791083587,0.04883515835,0.04607605934
2813,1.0,0.0,0.0,0.0,1.0,1.0,0.2793270912,0.26998354,0.04776763916,0.04445427656
2814,1.0,0.0,0.0,0.0,1.0,1.0,0.2768180194,0.2708925208,0.04825162888,0.04516577721
2815,1.0,0.0,0.0,0.0,1.0,1.0,0.2715526195,0.2683064791,0.04739266634,0.04486876726
2816,1.0,0.0,0.0,0.0,1.0,1.0,0.2768179935,0.274257648,0.04824817181,0.04572355747
2817,1.0,0.0,0.0,0.0,1.0,1.0,0.2777126741,0.2716600248,0.04848510027,0.04566609859
2818,1.0,0.0,0.0,0.0,1.0,1.0,0.277712669,0.2699831415,0.04816353321,0.04508322477
2819,1.0,0.0,0.0,0.0,1.0,1.0,0.2692042407,0.2624795657,0.04688173532,0.04379373789
2820,1.0,0.0,0.0,0.0,1.0,1.0,0.2703803054,0.263275544,0.04675489664,0.04369354248
2821,1.0,0.0,0.0,0.0,1.0,1.0,0.2802324245,0.2725749249,0.04816240072,0.04510003328
2822,1.0,0.0,0.0,0.0,1.0,1.0,0.2800368781,0.2707519059,0.04878717661,0.04542255402
2823,1.0,0.0,0.0,0.0,1.0,1.0,0.2733103409,0.26495271,0.04700547457,0.04394590855
2824,1.0,0.0,0.0,0.0,1.0,1.0,0.2716927927,0.2667429634,0.04647147655,0.0437053442
2825,1.0,0.0,0.0,0.0,1.0,1.0,0.2784272818,0.2716602413,0.0478309989,0.0447897315
2826,1.0,0.0,0.0,0.0,1.0,1.0,0.280036903,0.2742576421,0.04838335514,0.04532462358
2827,1.0,0.0,0.0,0.0,1.0,1.0,0.2760977228,0.2733372544,0.04728019238,0.04506826401
2828,1.0,0.0,0.0,0.0,1.0,1.0,0.2797792112,0.2751841212,0.04831945896,0.04552638531
2829,1.0,0.0,0.0,0.0,1.0,1.0,0.2775337348,0.2724231877,0.04785388708,0.04508775473
2830,1.0,0.0,0.0,0.0,1.0,1.0,0.2777123961,0.2725749326,0.04822611809,0.04542225599
2831,1.0,0.0,0.0,0.0,1.0,1.0,0.2756525391,0.2725749323,0.04736232758,0.04486954212
2832,1.0,0.0,0.0,0.0,1.0,1.0,0.2823463926,0.2841221767,0.0484649539,0.04681271315
2833,1.0,0.0,0.0,0.0,1.0,1.0,0.2883006525,0.2874647545,0.04990851879,0.04769033194
2834,1.0,0.0,0.0,0.0,1.0,1.0,0.2823461436,0.281721908,0.04901987314,0.04679173231
2835,1.0,0.0,0.0,0.0,1.0,1.0,0.2781618139,0.2742577156,0.0475513339,0.04506319761
2836,1.0,0.0,0.0,0.0,1.0,1.0,0.2769927847,0.2744228678,0.04724365473,0.04475712776
2837,1.0,0.0,0.0,0.0,1.0,1.0,0.2777125304,0.2751845044,0.04805761576,0.045543015
2838,1.0,0.0,0.0,0.0,1.0,1.0,0.2788763646,0.2785608112,0.04824006557,0.04600936174
2839,1.0,0.0,0.0,0.0,1.0,1.0,0.2804886266,0.2793052946,0.04844623804,0.04621881247
2840,1.0,0.0,0.0,0.0,1.0,1.0,0.2768181035,0.2733373368,0.04763740301,0.04514473677
2841,1.0,0.0,0.0,0.0,1.0,1.0,0.2804885009,0.2793052994,0.04811096191,0.04589897394
2842,1.0,0.0,0.0,0.0,1.0,1.0,0.278427493,0.273337208,0.04801982641,0.04524409771
2843,1.0,0.0,0.0,0.0,1.0,1.0,0.2816462112,0.2807796098,0.04819309711,0.04626536369
2844,1.0,0.0,0.0,0.0,1.0,1.0,0.2813963282,0.2776228816,0.04804211855,0.04555720091
2845,1.0,0.0,0.0,0.0,1.0,1.0,0.2756526005,0.2785604538,0.04739516973,0.04573214054
2846,1.0,0.0,0.0,0.0,1.0,1.0,0.2784274946,0.2776229173,0.04833722115,0.04610198736
2847,1.0,0.0,0.0,0.0,1.0,1.0,0.2760979027,0.2759401832,0.04786014557,0.0459009409
2848,1.0,0.0,0.0,0.0,1.0,1.0,0.278427453,0.2826706287,0.04812318087,0.04673236609
2849,1.0,0.0,0.0,0.0,1.0,1.0,0.2747663458,0.2800450639,0.04777401686,0.04665648937
2850,1.0,0.0,0.0,0.0,1.0,1.0,0.2754871229,0.2774371552,0.0477065444,0.04604238272
2851,1.0,0.0,0.0,0.0,1.0,1.0,0.2791379281,0.2783678008,0.04845070839,0.0462230444
2852,1.0,0.0,0.0,0.0,1.0,1.0,0.2807421834,0.2783681364,0.04807764292,0.04560506344
2853,1.0,0.0,0.0,0.0,1.0,1.0,0.28119338,0.2783680328,0.04817658663,0.04569894075
2854,1.0,0.0,0.0,0.0,1.0,1.0,0.2795865754,0.2809881008,0.0482480526,0.04630708694
2855,1.0,0.0,0.0,0.0,1.0,1.0,0.277088907,0.2766908471,0.04798161983,0.04576277733
2856,1.0,0.0,0.0,0.0,1.0,1.0,0.286013854,0.2848409495,0.04943656921,0.04749244452
2857,1.0,0.0,0.0,0.0,1.0,1.0,0.2809933541,0.2815093111,0.0481903553,0.04627364874
2858,1.0,0.0,0.0,0.0,1.0,1.0,0.2821003339,0.2809880134,0.04890477657,0.04666918516
2859,1.0,0.0,0.0,0.0,1.0,1.0,0.2795867484,0.2826705461,0.0484598279,0.04678881168
2860,1.0,0.0,0.0,0.0,1.0,1.0,0.277264429,0.2734960337,0.04716277122,0.04442077875
2861,1.0,0.0,0.0,0.0,1.0,1.0,0.2765443862,0.2768727718,0.04691457748,0.04499417543
2862,1.0,0.0,0.0,0.0,1.0,1.0,0.277442333,0.2768724088,0.04773306847,0.045779109
2863,1.0,0.0,0.0,0.0,1.0,1.0,0.2724284358,0.270119477,0.04642754793,0.04395508766
2864,1.0,0.0,0.0,0.0,1.0,1.0,0.2680248946,0.271034851,0.04623186588,0.04456079006
2865,1.0,0.0,0.0,0.0,1.0,1.0,0.2696395936,0.2708926253,0.04584252834,0.04419547319
2866,1.0,0.0,0.0,0.0,1.0,1.0,0.2724288071,0.2744228642,0.04669308662,0.04475897551
2867,1.0,0.0,0.0,0.0,1.0,1.0,0.2667321197,0.2692098134,0.0459240675,0.04426413774
2868,1.0,0.0,0.0,0.0,1.0,1.0,0.2603722053,0.2608712367,0.04397529364,0.04206335545
2869,1.0,0.0,0.0,0.0,1.0,1.0,0.2643683565,0.2625652568,0.0452465415,0.04276353121
2870,1.0,0.0,0.0,0.0,1.0,1.0,0.267161822,0.2641624706,0.0455339551,0.04306524992
2871,1.0,0.0,0.0,0.0,1.0,1.0,0.2587552256,0.2566135049,0.04383444786,0.04164272547
2872,1.0,0.0,0.0,0.0,1.0,1.0,0.2639428107,0.2624797642,0.04505866766,0.04286068678
2873,1.0,0.0,0.0,0.0,1.0,1.0,0.2551081828,0.2456538093,0.04330551624,0.04001641273
2874,1.0,0.0,0.0,0.0,1.0,1.0,0.2322760326,0.2166027303,0.03900301456,0.03488302231
2875,1.0,0.0,0.0,0.0,1.0,1.0,0.2136963307,0.1865396932,0.03594446182,0.03013807535
2876,1.0,0.0,0.0,0.0,1.0,1.0,0.1913123439,0.1619783904,0.03188854456,0.02584069967
2877,1.0,0.0,0.0,0.0,1.0,1.0,0.1800645476,0.1476839824,0.02961450815,0.0233656168
2878,1.0,0.0,0.0,0.0,1.0,1.0,0.1778249497,0.1471780934,0.02945971489,0.02345865965
2879,1.0,0.0,0.0,0.0,1.0,1.0,0.1758887668,0.1464698752,0.02933001518,0.02329951525
2880,1.0,0.0,0.0,0.0,1.0,1.0,0.1755995963,0.1476841786,0.02961933613,0.02380627394
2881,1.0,0.0,0.0,0.0,1.0,1.0,0.1705362665,0.1442493413,0.02845484018,0.02298277617
2882,1.0,0.0,0.0,0.0,1.0,1.0,0.1723748655,0.1457519685,0.02904415131,0.02345871925
2883,1.0,0.0,0.0,0.0,1.0,1.0,0.167680415,0.1336057502,0.02748274803,0.02095216513
2884,1.0,0.0,0.0,0.0,1.0,1.0,0.163275205,0.1326846922,0.02718669176,0.02114522457
2885,1.0,0.0,0.0,0.0,1.0,1.0,0.1651971599,0.1279561696,0.02723163366,0.02015137672
2886,1.0,0.0,0.0,0.0,1.0,1.0,0.1665734629,0.132228773,0.02775424719,0.02115923166
2887,1.0,0.0,0.0,0.0,1.0,1.0,0.1710454199,0.1323300062,0.02780896425,0.02072036266
2888,1.0,0.0,0.0,0.0,1.0,1.0,0.1621166949,0.1284004896,0.0266919136,0.02036291361
2889,1.0,0.0,0.0,0.0,1.0,1.0,0.1660202703,0.1375537038,0.02807450294,0.02217882872
2890,1.0,0.0,0.0,0.0,1.0,1.0,0.161254542,0.125803833,0.02672594786,0.02004444599
2891,1.0,0.0,0.0,0.0,1.0,1.0,0.1528557293,0.1209851604,0.02502799034,0.01897728443
2892,1.0,0.0,0.0,0.0,1.0,1.0,0.1502541368,0.1147769153,0.02454483509,0.01792597771
2893,1.0,0.0,0.0,0.0,1.0,1.0,0.1520518908,0.1102590191,0.02458971739,0.01712995768
2894,1.0,0.0,0.0,0.0,1.0,1.0,0.1580750792,0.1174784949,0.02569979429,0.0185149312
2895,1.0,0.0,0.0,0.0,1.0,1.0,0.1474304541,0.119576204,0.02365928888,0.01843225956
2896,1.0,0.0,0.0,0.0,1.0,1.0,0.1348729255,0.1082430092,0.02178603411,0.01675850153
2897,1.0,0.0,0.0,0.0,1.0,1.0,0.141014819,0.125391171,0.02193593979,0.01864552498
2898,1.0,0.0,0.0,0.0,1.0,1.0,0.1503582936,0.1304420835,0.02394634485,0.02000230551
2899,1.0,0.0,0.0,0.0,1.0,1.0,0.1514308822,0.1406624048,0.02374893427,0.02123433352
2900,1.0,0.0,0.0,0.0,1.0,1.0,0.158840018,0.1493632241,0.02471637726,0.02249467373
2901,1.0,0.0,0.0,0.0,1.0,1.0,0.1594853219,0.1337543286,0.02566432953,0.02053147554
2902,1.0,0.0,0.0,0.0,1.0,1.0,0.1568787394,0.140947104,0.02482950687,0.0214817524
2903,1.0,0.0,0.0,0.0,1.0,1.0,0.157156189,0.1382991779,0.0247900486,0.02089047432
2904,1.0,0.0,0.0,0.0,1.0,1.0,0.1580937146,0.1584021845,0.02433747053,0.02349823713
2905,1.0,0.0,0.0,0.0,1.0,1.0,0.1569522783,0.150292144,0.02418780327,0.02224165201
2906,1.0,0.0,0.0,0.0,1.0,1.0,0.1519295208,0.1463061321,0.02349060774,0.02179253101
2907,1.0,0.0,0.0,0.0,1.0,1.0,0.1702345349,0.1665737681,0.02661800385,0.02518695593
2908,1.0,0.0,0.0,0.0,1.0,1.0,0.1597623054,0.1543539578,0.02449244261,0.02278363705
2909,1.0,0.0,0.0,0.0,1.0,1.0,0.1574211794,0.1615068317,0.02460134029,0.0243152976
2910,1.0,0.0,0.0,0.0,1.0,1.0,0.1599108027,0.1602881402,0.0243806839,0.02354955673
2911,1.0,0.0,0.0,0.0,1.0,1.0,0.1604943935,0.1622225157,0.02465808392,0.02437782288
2912,1.0,0.0,0.0,0.0,1.0,1.0,0.1590432446,0.1628301336,0.02445936203,0.02418136597
2913,1.0,0.0,0.0,0.0,1.0,1.0,0.1650785486,0.1678305852,0.02586096525,0.02501761913
2914,1.0,0.0,0.0,0.0,1.0,1.0,0.1716393354,0.1752754311,0.02651190758,0.02595961094
2915,1.0,0.0,0.0,0.0,1.0,1.0,0.1665734932,0.1653349012,0.02616488934,0.02477312088
2916,1.0,0.0,0.0,0.0,1.0,1.0,0.1618312029,0.1690503951,0.02501016855,0.02501016855
2917,1.0,0.0,0.0,0.0,1.0,1.0,0.1733545029,0.1801965618,0.02720636129,0.02692872286
2918,1.0,0.0,0.0,0.0,1.0,1.0,0.1778364628,0.1813802973,0.02757513523,0.02702367306
2919,1.0,0.0,0.0,0.0,1.0,1.0,0.160270792,0.1609587751,0.02477896214,0.02394372225
2920,1.0,0.0,0.0,0.0,1.0,1.0,0.1745905023,0.1739772077,0.02699518204,0.02589339018
2921,1.0,0.0,0.0,0.0,1.0,1.0,0.155148303,0.1578065915,0.0235235095,0.02297639847
2922,1.0,0.0,0.0,0.0,1.0,1.0,0.1500065346,0.1390199479,0.02290153503,0.02041822672
2923,1.0,0.0,0.0,0.0,1.0,1.0,0.1453406801,0.1454412597,0.02286577225,0.02201890945
2924,1.0,0.0,0.0,0.0,1.0,1.0,0.1564960611,0.1517672024,0.02471774817,0.02303248644
2925,1.0,0.0,0.0,0.0,1.0,1.0,0.1558270634,0.1388114788,0.02414244413,0.02081245184
2926,1.0,0.0,0.0,0.0,1.0,1.0,0.1583623339,0.1440802066,0.02510744333,0.0220387578
2927,1.0,0.0,0.0,0.0,1.0,1.0,0.1568785605,0.1399218479,0.0242176652,0.02095240355
2928,1.0,0.0,0.0,0.0,1.0,1.0,0.1614895969,0.1369608983,0.02526009083,0.02076947689
2929,1.0,0.0,0.0,0.0,1.0,1.0,0.1612003707,0.1419871919,0.02501386404,0.02140074968
2930,1.0,0.0,0.0,0.0,1.0,1.0,0.1644879235,0.1443637365,0.02521193027,0.0213752985
2931,1.0,0.0,0.0,0.0,1.0,1.0,0.1593314949,0.1328847254,0.0249119401,0.02009940147
2932,1.0,0.0,0.0,0.0,1.0,1.0,0.1580937348,0.1221125068,0.02414870262,0.01804214716
2933,1.0,0.0,0.0,0.0,1.0,1.0,0.1512666873,0.1044193132,0.02371704578,0.01581138372
2934,1.0,0.0,0.0,0.0,1.0,1.0,0.244191712,0.2263229301,0.03965610266,0.03540724516
2935,1.0,0.0,0.0,0.0,1.0,1.0,0.298801919,0.2895909595,0.04933351278,0.04649829865
2936,1.0,0.0,0.0,0.0,1.0,1.0,0.2972698913,0.2815329914,0.04927134514,0.04530698061
2937,1.0,0.0,0.0,0.0,1.0,1.0,0.1735017583,0.1110493874,0.02726197243,0.01703876257
2938,1.0,0.0,0.0,0.0,1.0,1.0,0.1791113352,0.1112515472,0.02904468775,0.01771724224
2939,1.0,0.0,0.0,0.0,1.0,1.0,0.2078406482,0.139627939,0.03398054838,0.02245670557
2940,1.0,0.0,0.0,0.0,1.0,1.0,0.2850579643,0.2436801668,0.04832714796,0.04066556692
2941,1.0,0.0,0.0,0.0,1.0,1.0,0.3365641806,0.3112449517,0.05779469013,0.05280733109
2942,1.0,0.0,0.0,0.0,1.0,1.0,0.3443455484,0.3251606787,0.05871397257,0.05441778898
2943,1.0,0.0,0.0,0.0,1.0,1.0,0.357764002,0.3386812401,0.06323242188,0.05917161703
2944,1.0,0.0,0.0,0.0,1.0,1.0,0.3505381493,0.3276315672,0.06167513132,0.0567985177
2945,1.0,0.0,0.0,0.0,1.0,1.0,0.3369456869,0.3090380031,0.0589877367,0.05357336998
2946,1.0,0.0,0.0,0.0,1.0,1.0,0.1981350173,0.1345402518,0.03304105997,0.02251470089
2947,1.0,0.0,0.0,0.0,1.0,1.0,0.2053397105,0.1090300848,0.03326022625,0.01766031981
2948,1.0,0.0,0.0,0.0,1.0,1.0,0.1991772945,0.1112456073,0.03238016367,0.01821386814
2949,1.0,0.0,0.0,0.0,1.0,1.0,0.2571966381,0.2054602525,0.0432497859,0.0342515111
2950,1.0,0.0,0.0,0.0,1.0,1.0,0.3071290498,0.2667429656,0.05124372244,0.04473209381
2951,1.0,0.0,0.0,0.0,1.0,1.0,0.3421363116,0.3125344865,0.05618315935,0.05175489187
2952,1.0,0.0,0.0,0.0,1.0,1.0,0.3464732362,0.320544739,0.05781626701,0.05420273542
2953,1.0,0.0,0.0,0.0,1.0,1.0,0.3487202385,0.321012817,0.05823397636,0.05405449867
2954,1.0,0.0,0.0,0.0,1.0,1.0,0.3555062878,0.329848713,0.05901867151,0.05567795038
2955,1.0,0.0,0.0,0.0,1.0,1.0,0.3530366516,0.3315143707,0.05898267031,0.05621355772
2956,1.0,0.0,0.0,0.0,1.0,1.0,0.348138824,0.3304077341,0.05834060907,0.05610752106
2957,1.0,0.0,0.0,0.0,1.0,1.0,0.3510642349,0.3314815413,0.0578327775,0.05506569147
2958,1.0,0.0,0.0,0.0,1.0,1.0,0.3381949892,0.3225623145,0.05606138706,0.05383008718
2959,1.0,0.0,0.0,0.0,1.0,1.0,0.3297651824,0.3146391898,0.05491942167,0.0526663065
2960,1.0,0.0,0.0,0.0,1.0,1.0,0.3342612424,0.3231527443,0.05716943741,0.05545437336
2961,1.0,0.0,0.0,0.0,1.0,1.0,0.3359329997,0.3231526932,0.05731981993,0.05532354116
2962,1.0,0.0,0.0,0.0,1.0,1.0,0.3246919489,0.3051988612,0.05404239893,0.05122768879
2963,1.0,0.0,0.0,0.0,1.0,1.0,0.2820724614,0.2429678503,0.04622036219,0.04022884369
2964,1.0,0.0,0.0,0.0,1.0,1.0,0.1908843111,0.1147770641,0.02983212471,0.01829332113
2965,1.0,0.0,0.0,0.0,1.0,1.0,0.1684043332,0.09052897709,0.02629572153,0.01429110765
2966,1.0,0.0,0.0,0.0,1.0,1.0,0.1748565947,0.09085850839,0.02722162008,0.01432716846
2967,1.0,0.0,0.0,0.0,1.0,1.0,0.1738955714,0.08904126165,0.02721124887,0.01403528452
2968,1.0,0.0,0.0,0.0,1.0,1.0,0.1714373045,0.0887185469,0.02679497004,0.01396757364
2969,1.0,0.0,0.0,0.0,1.0,1.0,0.1763722718,0.09002327102,0.027366817,0.01396846771
2970,1.0,0.0,0.0,0.0,1.0,1.0,0.1729452339,0.09449284505,0.02733701468,0.01496344805
2971,1.0,0.0,0.0,0.0,1.0,1.0,0.1705036872,0.09052899301,0.02682721615,0.01426976919
2972,1.0,0.0,0.0,0.0,1.0,1.0,0.1684245586,0.0881859411,0.02601128817,0.01372021437
2973,1.0,0.0,0.0,0.0,1.0,1.0,0.1699607478,0.09002324507,0.02650284767,0.01411563158
2974,1.0,0.0,0.0,0.0,1.0,1.0,0.1680959201,0.09483745685,0.02582806349,0.01459848881
2975,1.0,0.0,0.0,0.0,1.0,1.0,0.1714371236,0.09631004283,0.02638888359,0.01487886906
2976,1.0,0.0,0.0,0.0,1.0,1.0,0.1763721569,0.09701562975,0.02729874849,0.01507121325
2977,1.0,0.0,0.0,0.0,1.0,1.0,0.1777590394,0.09812687398,0.02774381638,0.01528739929
2978,1.0,0.0,0.0,0.0,1.0,1.0,0.1790590013,0.09267563698,0.02790683508,0.01452296972
2979,1.0,0.0,0.0,0.0,1.0,1.0,0.1705470365,0.09002313569,0.02614283562,0.01377415657
2980,1.0,0.0,0.0,0.0,1.0,1.0,0.1738158639,0.09200656869,0.02762103081,0.01467370987
2981,1.0,0.0,0.0,0.0,1.0,1.0,0.1792479178,0.09347318511,0.0280982852,0.01475870609
2982,1.0,0.0,0.0,0.0,1.0,1.0,0.1808863847,0.09301380369,0.02812027931,0.01448619366
2983,1.0,0.0,0.0,0.0,1.0,1.0,0.1805561311,0.09449271485,0.02837485075,0.01490396261
2984,1.0,0.0,0.0,0.0,1.0,1.0,0.1759454538,0.09561447366,0.02768343687,0.01512598991
2985,1.0,0.0,0.0,0.0,1.0,1.0,0.1800796896,0.09886540855,0.02770757675,0.01523911953
2986,1.0,0.0,0.0,0.0,1.0,1.0,0.1807307447,0.103202985,0.02866590023,0.01633954048
2987,1.0,0.0,0.0,0.0,1.0,1.0,0.1901110084,0.1020934218,0.02973681688,0.01614284515
2988,1.0,0.0,0.0,0.0,1.0,1.0,0.1901109634,0.1114484224,0.02937561274,0.01734560728
2989,1.0,0.0,0.0,0.0,1.0,1.0,0.1966116047,0.1154590475,0.03091675043,0.01832103729
2990,1.0,0.0,0.0,0.0,1.0,1.0,0.1746770852,0.09233975458,0.0271140933,0.01425588131
2991,1.0,0.0,0.0,0.0,1.0,1.0,0.2273865655,0.1624965327,0.03617995977,0.02608317137
2992,1.0,0.0,0.0,0.0,1.0,1.0,0.2991527927,0.2668576718,0.04933393002,0.04400807619
2993,1.0,0.0,0.0,0.0,1.0,1.0,0.3303523934,0.3152603286,0.0547016263,0.05220258236
2994,1.0,0.0,0.0,0.0,1.0,1.0,0.3337008321,0.3253215223,0.05492126942,0.05300855637
2995,1.0,0.0,0.0,0.0,1.0,1.0,0.3425706752,0.3342614271,0.05726057291,0.05559277534
2996,1.0,0.0,0.0,0.0,1.0,1.0,0.3241885391,0.303884526,0.05416113138,0.0505130291
2997,1.0,0.0,0.0,0.0,1.0,1.0,0.2303679801,0.1648201437,0.03686535358,0.02665644884
2998,1.0,0.0,0.0,0.0,1.0,1.0,0.1808859869,0.09449255325,0.02754884958,0.0144701004
2999,1.0,0.0,0.0,0.0,1.0,1.0,0.2118957838,0.1478049004,0.03374624252,0.02362239361
3000,1.0,0.0,0.0,0.0,1.0,1.0,0.2843386998,0.2558296332,0.04648172855,0.04175001383
3001,1.0,0.0,0.0,0.0,1.0,1.0,0.3170181091,0.300835062,0.05240106583,0.04964309931
3002,1.0,0.0,0.0,0.0,1.0,1.0,0.3209523637,0.308552378,0.05325740576,0.05077385902
3003,1.0,0.0,0.0,0.0,1.0,1.0,0.3243221384,0.3219681164,0.0552111268,0.0540844202
3004,1.0,0.0,0.0,0.0,1.0,1.0,0.318230222,0.3169369334,0.052978158,0.05215036869
3005,1.0,0.0,0.0,0.0,1.0,1.0,0.3214870711,0.3236446599,0.05255866051,0.05255866051
3006,1.0,0.0,0.0,0.0,1.0,1.0,0.3153496935,0.3152599565,0.05224430561,0.05196785927
3007,1.0,0.0,0.0,0.0,1.0,1.0,0.3166548362,0.3164900551,0.0530796051,0.05252671242
3008,1.0,0.0,0.0,0.0,1.0,1.0,0.3193578789,0.3154386435,0.05347234011,0.05264121294
3009,1.0,0.0,0.0,0.0,1.0,1.0,0.3156131957,0.3121182572,0.05334770679,0.05223631859
3010,1.0,0.0,0.0,0.0,1.0,1.0,0.3171782287,0.309827173,0.05314922333,0.0514883399
3011,1.0,0.0,0.0,0.0,1.0,1.0,0.322615228,0.317548414,0.05375635624,0.05264794827
3012,1.0,0.0,0.0,0.0,1.0,1.0,0.3143940309,0.3125345815,0.05257755518,0.05174738169
3013,1.0,0.0,0.0,0.0,1.0,1.0,0.3171783232,0.3142057632,0.05308830738,0.05198228359
3014,1.0,0.0,0.0,0.0,1.0,1.0,0.3177032023,0.3131587474,0.05324411392,0.05213493109
3015,1.0,0.0,0.0,0.0,1.0,1.0,0.3041779806,0.2934603913,0.05016970634,0.04824012518
3016,1.0,0.0,0.0,0.0,1.0,1.0,0.3001681695,0.2910833642,0.04961460829,0.04795151949
3017,1.0,0.0,0.0,0.0,1.0,1.0,0.3063615104,0.3011786758,0.05030733347,0.04920774698
3018,1.0,0.0,0.0,0.0,1.0,1.0,0.3041777303,0.2941501852,0.05067282915,0.04900234938
3019,1.0,0.0,0.0,0.0,1.0,1.0,0.3018448486,0.2944481959,0.05052572489,0.04912221432
3020,1.0,0.0,0.0,0.0,1.0,1.0,0.3070069941,0.3018447705,0.051610291,0.05048835278
3021,1.0,0.0,0.0,0.0,1.0,1.0,0.3020013582,0.2951371233,0.05013048649,0.04874569178
3022,1.0,0.0,0.0,0.0,1.0,1.0,0.3058492373,0.300167897,0.05113786459,0.05002009869
3023,1.0,0.0,0.0,0.0,1.0,1.0,0.3064955974,0.2974927598,0.05120921135,0.04953932762
3024,1.0,0.0,0.0,0.0,1.0,1.0,0.2979910609,0.2903783612,0.04985481501,0.04817432165
3025,1.0,0.0,0.0,0.0,1.0,1.0,0.3030132823,0.2927659259,0.05043524504,0.04848474264
3026,1.0,0.0,0.0,0.0,1.0,1.0,0.3011786098,0.2903786565,0.04916632175,0.04724365473
3027,1.0,0.0,0.0,0.0,1.0,1.0,0.2966304631,0.2828929163,0.04899799824,0.04649239779
3028,1.0,0.0,0.0,0.0,1.0,1.0,0.2884637143,0.2727292692,0.04767775536,0.04515367746
3029,1.0,0.0,0.0,0.0,1.0,1.0,0.2956332081,0.2850753045,0.04947644472,0.04778969288
3030,1.0,0.0,0.0,0.0,1.0,1.0,0.2905942269,0.2793054374,0.04788696766,0.04594933987
3031,1.0,0.0,0.0,0.0,1.0,1.0,0.2836251676,0.2708923443,0.04711574316,0.04515260458
3032,1.0,0.0,0.0,0.0,1.0,1.0,0.2841054141,0.2684311233,0.04736500978,0.04482758045
3033,1.0,0.0,0.0,0.0,1.0,1.0,0.2872345771,0.2759401661,0.04693162441,0.0450104475
3034,1.0,0.0,0.0,0.0,1.0,1.0,0.2886903489,0.2701197195,0.04767668247,0.04460978508
3035,1.0,0.0,0.0,0.0,1.0,1.0,0.2860353838,0.2725751592,0.04665625095,0.04446071386
3036,1.0,0.0,0.0,0.0,1.0,1.0,0.2882036058,0.2725752015,0.04763072729,0.04512381554
3037,1.0,0.0,0.0,0.0,1.0,1.0,0.2841053237,0.2718077817,0.04657071829,0.04463028908
3038,1.0,0.0,0.0,0.0,1.0,1.0,0.2853138336,0.2684310405,0.04666221142,0.04390108585
3039,1.0,0.0,0.0,0.0,1.0,1.0,0.2874874696,0.2718076119,0.04720944166,0.0447100997
3040,1.0,0.0,0.0,0.0,1.0,1.0,0.2843530022,0.2744230356,0.04648065567,0.04455542564
3041,1.0,0.0,0.0,0.0,1.0,1.0,0.2903783553,0.2778107028,0.04747116566,0.0452631712
3042,1.0,0.0,0.0,0.0,1.0,1.0,0.2915741962,0.2776230019,0.04836988449,0.04613316059
3043,1.0,0.0,0.0,0.0,1.0,1.0,0.2877178936,0.2742574751,0.0481492877,0.04589670897
3044,1.0,0.0,0.0,0.0,1.0,1.0,0.2898885708,0.2776226517,0.04771602154,0.04577410221
3045,1.0,0.0,0.0,0.0,1.0,1.0,0.2932594697,0.2809879117,0.04804885387,0.04611587524
3046,1.0,0.0,0.0,0.0,1.0,1.0,0.2944481839,0.2833985991,0.04830801487,0.046651721
3047,1.0,0.0,0.0,0.0,1.0,1.0,0.2894006932,0.2793053329,0.04731792212,0.04566729069
3048,1.0,0.0,0.0,0.0,1.0,1.0,0.292765752,0.2819371818,0.04786193371,0.04593646526
3049,1.0,0.0,0.0,0.0,1.0,1.0,0.2954429922,0.2853135841,0.04884433746,0.04716968536
3050,1.0,0.0,0.0,0.0,1.0,1.0,0.2964445862,0.2836255791,0.04914039373,0.04717481136
3051,1.0,0.0,0.0,0.0,1.0,1.0,0.2942516528,0.2819373679,0.0483854413,0.04643899202
3052,1.0,0.0,0.0,0.0,1.0,1.0,0.2828926785,0.2701192717,0.0463360548,0.04439383745
3053,1.0,0.0,0.0,0.0,1.0,1.0,0.2879746804,0.2727289867,0.04734039307,0.04483413696
3054,1.0,0.0,0.0,0.0,1.0,1.0,0.2908699065,0.2768726951,0.04839611053,0.04614514112
3055,1.0,0.0,0.0,0.0,1.0,1.0,0.2874876807,0.2727292653,0.04777050018,0.04524147511
3056,1.0,0.0,0.0,0.0,1.0,1.0,0.2886901627,0.2718076708,0.0475718379,0.04478985071
3057,1.0,0.0,0.0,0.0,1.0,1.0,0.2879749886,0.2710350295,0.0477206707,0.04491353035
3058,1.0,0.0,0.0,0.0,1.0,1.0,0.2877437004,0.2693411669,0.04668468237,0.04392230511
3059,1.0,0.0,0.0,0.0,1.0,1.0,0.2908696826,0.2785607451,0.04818511009,0.04622411728
3060,1.0,0.0,0.0,0.0,1.0,1.0,0.2928517739,0.2787556549,0.04772853851,0.04550856352
3061,1.0,0.0,0.0,0.0,1.0,1.0,0.2950571612,0.283118529,0.04854142666,0.0465773344
3062,1.0,0.0,0.0,0.0,1.0,1.0,0.2991526788,0.2855546183,0.04872226715,0.04650759697
3063,1.0,0.0,0.0,0.0,1.0,1.0,0.2950570066,0.2814130252,0.04843705893,0.04619723558
3064,1.0,0.0,0.0,0.0,1.0,1.0,0.3054321211,0.2930567979,0.0505117774,0.04854744673
3065,1.0,0.0,0.0,0.0,1.0,1.0,0.2996623468,0.2892217317,0.04924696684,0.047288239
3066,1.0,0.0,0.0,0.0,1.0,1.0,0.3059515729,0.2957534711,0.05044329166,0.04876190424
3067,1.0,0.0,0.0,0.0,1.0,1.0,0.3060895982,0.2930566494,0.05042254925,0.04819393158
3068,1.0,0.0,0.0,0.0,1.0,1.0,0.2991528426,0.2875107088,0.04905796051,0.04682803154
3069,1.0,0.0,0.0,0.0,1.0,1.0,0.2969478138,0.2811990111,0.04822260141,0.04574263096
3070,1.0,0.0,0.0,0.0,1.0,1.0,0.2974526984,0.2838552251,0.04889947176,0.04666411877
3071,1.0,0.0,0.0,0.0,1.0,1.0,0.2913629355,0.2787557238,0.04782420397,0.04559975863
3072,1.0,0.0,0.0,0.0,1.0,1.0,0.2833730633,0.2728853237,0.04644173384,0.04449510574
3073,1.0,0.0,0.0,0.0,1.0,1.0,0.2920664857,0.2804558079,0.04949295521,0.04720431566
3074,1.0,0.0,0.0,0.0,1.0,1.0,0.2908698348,0.2821551959,0.04768937826,0.04602575302
3075,1.0,0.0,0.0,0.0,1.0,1.0,0.2959431523,0.2838547719,0.04897886515,0.04673975706
3076,1.0,0.0,0.0,0.0,1.0,1.0,0.3011785108,0.2903785122,0.04991644621,0.0479644537
3077,1.0,0.0,0.0,0.0,1.0,1.0,0.2903784064,0.2814127988,0.04767024517,0.04573017359
3078,1.0,0.0,0.0,0.0,1.0,1.0,0.2913627579,0.2806648898,0.04768490791,0.04546695948
3079,1.0,0.0,0.0,0.0,1.0,1.0,0.2944482288,0.2821550195,0.04920399189,0.0466734767
3080,1.0,0.0,0.0,0.0,1.0,1.0,0.2915741864,0.2845870422,0.0484841466,0.047082901
3081,1.0,0.0,0.0,0.0,1.0,1.0,0.2821954229,0.280455578,0.04652816057,0.04569727182
3082,1.0,0.0,0.0,0.0,1.0,1.0,0.2939536468,0.2855546442,0.04824709892,0.04631716013
3083,1.0,0.0,0.0,0.0,1.0,1.0,0.2886902041,0.2736567387,0.04855126143,0.04571199417
3084,1.0,0.0,0.0,0.0,1.0,1.0,0.2821955969,0.2719568784,0.04652810097,0.04431241751
3085,1.0,0.0,0.0,0.0,1.0,1.0,0.2833734163,0.2677685183,0.04640859365,0.0436295867
3086,1.0,0.0,0.0,0.0,1.0,1.0,0.2865066686,0.2759405863,0.04725652933,0.04505860806
3087,1.0,0.0,0.0,0.0,1.0,1.0,0.2874648995,0.2793053368,0.04784160852,0.04617273808
3088,1.0,0.0,0.0,0.0,1.0,1.0,0.2826705069,0.2745909178,0.04734885693,0.04537600279
3089,1.0,0.0,0.0,0.0,1.0,1.0,0.2862722802,0.2768725631,0.04876983166,0.04677343369
3090,1.0,0.0,0.0,0.0,1.0,1.0,0.2867525849,0.2811990871,0.0474768281,0.04608863592
3091,1.0,0.0,0.0,0.0,1.0,1.0,0.2836479524,0.2768725005,0.04735273123,0.04568147659
3092,1.0,0.0,0.0,0.0,1.0,1.0,0.2898381677,0.2833988028,0.04813492298,0.04675173759
3093,1.0,0.0,0.0,0.0,1.0,1.0,0.290106453,0.282892792,0.04774409533,0.04608821869
3094,1.0,0.0,0.0,0.0,1.0,1.0,0.2895734877,0.2841223351,0.04865276814,0.04726266861
3095,1.0,0.0,0.0,0.0,1.0,1.0,0.2917835563,0.2811989426,0.04767847061,0.04548633099
3096,1.0,0.0,0.0,0.0,1.0,1.0,0.2936591934,0.2896686643,0.0482249856,0.04685491323
3097,1.0,0.0,0.0,0.0,1.0,1.0,0.3033129113,0.3001679496,0.05006539822,0.04897111654
3098,1.0,0.0,0.0,0.0,1.0,1.0,0.2988362403,0.2978135021,0.0490758419,0.04825794697
3099,1.0,0.0,0.0,0.0,1.0,1.0,0.2983409508,0.2968141626,0.04956686497,0.04874074459
3100,1.0,0.0,0.0,0.0,1.0,1.0,0.2993335209,0.2968139077,0.04918056726,0.04836088419
3101,1.0,0.0,0.0,0.0,1.0,1.0,0.3028110241,0.3041779755,0.05028170347,0.05000692606
3102,1.0,0.0,0.0,0.0,1.0,1.0,0.2999981126,0.2978133533,0.05021262169,0.04910296202
3103,1.0,0.0,0.0,0.0,1.0,1.0,0.297492883,0.2947505591,0.04898869991,0.04788780212
3104,1.0,0.0,0.0,0.0,1.0,1.0,0.2939535284,0.2930566161,0.04884654284,0.04828828573
3105,1.0,0.0,0.0,0.0,1.0,1.0,0.2986645258,0.2981384458,0.04896020889,0.04813963175
3106,1.0,0.0,0.0,0.0,1.0,1.0,0.292273814,0.2889539088,0.04760885239,0.04651433229
3107,1.0,0.0,0.0,0.0,1.0,1.0,0.2915743394,0.2872548595,0.04775863886,0.04665440321
3108,1.0,0.0,0.0,0.0,1.0,1.0,0.2978133718,0.2950573881,0.04809999466,0.04701304436
3109,1.0,0.0,0.0,0.0,1.0,1.0,0.2929689678,0.2894006805,0.04830259085,0.04747450352
3110,1.0,0.0,0.0,0.0,1.0,1.0,0.2687574079,0.2507073467,0.04407316446,0.04076766968
3111,1.0,0.0,0.0,0.0,1.0,1.0,0.2395922052,0.2085041422,0.03885424137,0.03358113766
3112,1.0,0.0,0.0,0.0,1.0,1.0,0.2177175106,0.1821899497,0.03515690565,0.02906668186
3113,1.0,0.0,0.0,0.0,1.0,1.0,0.1761669177,0.1236057448,0.02777439356,0.01924955845
3114,1.0,0.0,0.0,0.0,1.0,1.0,0.1544428216,0.09527027917,0.02406680584,0.01466137171
3115,1.0,0.0,0.0,0.0,1.0,1.0,0.1472859936,0.08180457679,0.02334028482,0.01278156042
3116,1.0,0.0,0.0,0.0,1.0,1.0,0.1517012219,0.09415033757,0.02349495888,0.01437336206
3117,1.0,0.0,0.0,0.0,1.0,1.0,0.1463468998,0.0832867901,0.02281588316,0.01279914379
3118,1.0,0.0,0.0,0.0,1.0,1.0,0.1453407704,0.08571882524,0.02261120081,0.0131201148
3119,1.0,0.0,0.0,0.0,1.0,1.0,0.1491972584,0.08603259098,0.02328574657,0.01318591833
3120,1.0,0.0,0.0,0.0,1.0,1.0,0.1504536354,0.09118984789,0.02358591557,0.01403921843
3121,1.0,0.0,0.0,0.0,1.0,1.0,0.1500066564,0.09553502066,0.02303653955,0.01443254948
3122,1.0,0.0,0.0,0.0,1.0,1.0,0.1530676357,0.1025069155,0.02384704351,0.0157110095
3123,1.0,0.0,0.0,0.0,1.0,1.0,0.1530679043,0.1003088907,0.02361994982,0.01528346539
3124,1.0,0.0,0.0,0.0,1.0,1.0,0.1527923146,0.09666119641,0.02373254299,0.01479792595
3125,1.0,0.0,0.0,0.0,1.0,1.0,0.1519723004,0.09561471218,0.02375328541,0.01481091976
3126,1.0,0.0,0.0,0.0,1.0,1.0,0.1515399391,0.09335466876,0.02360284328,0.01433032751
3127,1.0,0.0,0.0,0.0,1.0,1.0,0.152920132,0.09254106569,0.02371573448,0.01411652565
3128,1.0,0.0,0.0,0.0,1.0,1.0,0.1483964361,0.09085836377,0.02318358421,0.01396602392
3129,1.0,0.0,0.0,0.0,1.0,1.0,0.1501844528,0.09233949368,0.02347993851,0.01425564289
3130,1.0,0.0,0.0,0.0,1.0,1.0,0.1479319216,0.08722398533,0.02280282974,0.01334798336
3131,1.0,0.0,0.0,0.0,1.0,1.0,0.1481994316,0.09085847222,0.02301716805,0.01403486729
3132,1.0,0.0,0.0,0.0,1.0,1.0,0.1502781603,0.09335426628,0.02340108156,0.0143789649
3133,1.0,0.0,0.0,0.0,1.0,1.0,0.1458643093,0.07966565512,0.02263528109,0.01229572296
3134,1.0,0.0,0.0,0.0,1.0,1.0,0.1491969771,0.08358990919,0.02332931757,0.01292955875
3135,1.0,0.0,0.0,0.0,1.0,1.0,0.1456023469,0.08389504496,0.02259141207,0.01282972097
3136,1.0,0.0,0.0,0.0,1.0,1.0,0.1473999091,0.08177240281,0.02302187681,0.01263391972
3137,1.0,0.0,0.0,0.0,1.0,1.0,0.1443239023,0.08237157605,0.02244973183,0.01262795925
3138,1.0,0.0,0.0,0.0,1.0,1.0,0.1458644862,0.09118980983,0.02289777994,0.01413440704
3139,1.0,0.0,0.0,0.0,1.0,1.0,0.1476652472,0.09119014928,0.02313804626,0.01410859823
3140,1.0,0.0,0.0,0.0,1.0,1.0,0.1446078275,0.09439203701,0.02228993177,0.01438975334
3141,1.0,0.0,0.0,0.0,1.0,1.0,0.1502783896,0.09152394505,0.02352100611,0.01416927576
3142,1.0,0.0,0.0,0.0,1.0,1.0,0.1459041103,0.0918603541,0.02257210016,0.01410752535
3143,1.0,0.0,0.0,0.0,1.0,1.0,0.1490076801,0.09737187471,0.02333843708,0.01508456469
3144,1.0,0.0,0.0,0.0,1.0,1.0,0.1469237496,0.0940433854,0.02313894033,0.0145689249
3145,1.0,0.0,0.0,0.0,1.0,1.0,0.1487375369,0.09068998164,0.02340888977,0.01398819685
3146,1.0,0.0,0.0,0.0,1.0,1.0,0.1448733839,0.09659998417,0.02265715599,0.01491349936
3147,1.0,0.0,0.0,0.0,1.0,1.0,0.1388114461,0.09017501359,0.02153521776,0.01378250122
3148,1.0,0.0,0.0,0.0,1.0,1.0,0.1464382781,0.09660036595,0.02271485329,0.01476466656
3149,1.0,0.0,0.0,0.0,1.0,1.0,0.1495517987,0.09994404747,0.02341032028,0.01541650295
3150,1.0,0.0,0.0,0.0,1.0,1.0,0.1459038412,0.09773157463,0.02272951603,0.01505833864
3151,1.0,0.0,0.0,0.0,1.0,1.0,0.1446080435,0.09660036154,0.02222585678,0.01462966204
3152,1.0,0.0,0.0,0.0,1.0,1.0,0.1456750328,0.0950960333,0.02247339487,0.01450812817
3153,1.0,0.0,0.0,0.0,1.0,1.0,0.1475189622,0.09581106797,0.02305704355,0.01469886303
3154,1.0,0.0,0.0,0.0,1.0,1.0,0.1440971097,0.0924014658,0.02223539352,0.01396840811
3155,1.0,0.0,0.0,0.0,1.0,1.0,0.1406625459,0.09768979064,0.02204167843,0.01508110762
3156,1.0,0.0,0.0,0.0,1.0,1.0,0.1427775744,0.09581105708,0.02210903168,0.01464360952
3157,1.0,0.0,0.0,0.0,1.0,1.0,0.145674727,0.09805830211,0.02238553762,0.01473480463
3158,1.0,0.0,0.0,0.0,1.0,1.0,0.1425132384,0.09428684469,0.02215945721,0.0143892169
3159,1.0,0.0,0.0,0.0,1.0,1.0,0.1425129581,0.09358086067,0.02210611105,0.01435464621
3160,1.0,0.0,0.0,0.0,1.0,1.0,0.1427773343,0.0920539828,0.02219861746,0.01412642002
3161,1.0,0.0,0.0,0.0,1.0,1.0,0.1393273174,0.09768987945,0.02157610655,0.01495945454
3162,1.0,0.0,0.0,0.0,1.0,1.0,0.1377254921,0.09205396433,0.02146631479,0.01421421766
3163,1.0,0.0,0.0,0.0,1.0,1.0,0.1395868649,0.09275133326,0.02146458626,0.0140235424
3164,1.0,0.0,0.0,0.0,1.0,1.0,0.1374697429,0.09275090558,0.02133619785,0.01412796974
3165,1.0,0.0,0.0,0.0,1.0,1.0,0.137725824,0.09500428134,0.02103346586,0.01421183348
3166,1.0,0.0,0.0,0.0,1.0,1.0,0.1328843697,0.09727407325,0.02028042078,0.01456767321
3167,1.0,0.0,0.0,0.0,1.0,1.0,0.1382407251,0.1037156989,0.02116686106,0.01573210955
3168,1.0,0.0,0.0,0.0,1.0,1.0,0.1350089429,0.1022155669,0.02052760124,0.01539570093
3169,1.0,0.0,0.0,0.0,1.0,1.0,0.1433233294,0.1060013165,0.02131295204,0.01591366529
3170,1.0,0.0,0.0,0.0,1.0,1.0,0.1473660042,0.1074874128,0.02209329605,0.01614511013
3171,1.0,0.0,0.0,0.0,1.0,1.0,0.140073158,0.1068103676,0.02094215155,0.01584810019
3172,1.0,0.0,0.0,0.0,1.0,1.0,0.1430498117,0.1138360103,0.02171307802,0.01708096266
3173,1.0,0.0,0.0,0.0,1.0,1.0,0.1593038372,0.1263883902,0.02410465479,0.01865237951
3174,1.0,0.0,0.0,0.0,1.0,1.0,0.1706826623,0.1292053446,0.02558994293,0.01933461428
3175,1.0,0.0,0.0,0.0,1.0,1.0,0.1710074148,0.1263235298,0.02518045902,0.01902520657
3176,1.0,0.0,0.0,0.0,1.0,1.0,0.1817167977,0.1289600503,0.0274220705,0.02014678717
3177,1.0,0.0,0.0,0.0,1.0,1.0,0.1820544602,0.1298210617,0.02746367455,0.02045768499
3178,1.0,0.0,0.0,0.0,1.0,1.0,0.1843079022,0.1331372731,0.02740031481,0.02062082291
3179,1.0,0.0,0.0,0.0,1.0,1.0,0.1659451307,0.1133193398,0.02498412132,0.01731848717
3180,1.0,0.0,0.0,0.0,1.0,1.0,0.1534792438,0.1032636963,0.02350199223,0.01566803455
3181,1.0,0.0,0.0,0.0,1.0,1.0,0.2217070839,0.1786004002,0.03475677967,0.02730888128
3182,1.0,0.0,0.0,0.0,1.0,1.0,0.2710059613,0.2630108149,0.04405456781,0.04209029675
3183,1.0,0.0,0.0,0.0,1.0,1.0,0.31761163,0.3140606955,0.0511790514,0.05034464598
3184,1.0,0.0,0.0,0.0,1.0,1.0,0.3158858071,0.3125403818,0.05160367489,0.05132168531
3185,1.0,0.0,0.0,0.0,1.0,1.0,0.1870613414,0.1515397449,0.02924275398,0.02339416742
3186,1.0,0.0,0.0,0.0,1.0,1.0,0.1376043047,0.1414305172,0.02086567879,0.02059113979
3187,1.0,0.0,0.0,0.0,1.0,1.0,0.1835711965,0.1641419952,0.02897882462,0.02414900064
3188,1.0,0.0,0.0,0.0,1.0,1.0,0.2619894563,0.2752847916,0.04278451204,0.04146403074
3189,1.0,0.0,0.0,0.0,1.0,1.0,0.3015972743,0.3205108652,0.05013591051,0.04960256815
3190,1.0,0.0,0.0,0.0,1.0,1.0,0.3072717008,0.3217381693,0.05120080709,0.0506618619
3191,1.0,0.0,0.0,0.0,1.0,1.0,0.3037519641,0.3183154637,0.05081725121,0.05081725121
3192,1.0,0.0,0.0,0.0,1.0,1.0,0.2494499368,0.2421326049,0.04107761383,0.03810489178
3193,1.0,0.0,0.0,0.0,1.0,1.0,0.1380347698,0.1322789991,0.02160310745,0.01968890429
3194,1.0,0.0,0.0,0.0,1.0,1.0,0.142526116,0.1438312653,0.02274495363,0.02190256119
3195,1.0,0.0,0.0,0.0,1.0,1.0,0.1540361514,0.1480653068,0.02438086271,0.02267980576
3196,1.0,0.0,0.0,0.0,1.0,1.0,0.1650782155,0.1453732795,0.02600389719,0.02261209488
3197,1.0,0.0,0.0,0.0,1.0,1.0,0.1716393558,0.1361247684,0.02700924873,0.02138233185
3198,1.0,0.0,0.0,0.0,1.0,1.0,0.15656111,0.1128404127,0.02438646555,0.01786452532
3199,1.0,0.0,0.0,0.0,1.0,1.0,0.1852795617,0.1337281616,0.0295355916,0.02158373594
3200,1.0,0.0,0.0,0.0,1.0,1.0,0.2559127431,0.2230589699,0.04135084152,0.03604227304
3201,1.0,0.0,0.0,0.0,1.0,1.0,0.2939536079,0.2802489232,0.04855293036,0.04605591297
3202,1.0,0.0,0.0,0.0,1.0,1.0,0.3122222107,0.3112739718,0.05259042978,0.05147743225
3203,1.0,0.0,0.0,0.0,1.0,1.0,0.3134539065,0.3110844614,0.0525599122,0.05173432827
3204,1.0,0.0,0.0,0.0,1.0,1.0,0.3200824905,0.3193580156,0.05480408669,0.05396527052
3205,1.0,0.0,0.0,0.0,1.0,1.0,0.3067594652,0.3014984484,0.05117118359,0.04979562759
3206,1.0,0.0,0.0,0.0,1.0,1.0,0.3204820698,0.3236448138,0.05367976427,0.05340307951
3207,1.0,0.0,0.0,0.0,1.0,1.0,0.3171780702,0.3158773356,0.05301302671,0.05218476057
3208,1.0,0.0,0.0,0.0,1.0,1.0,0.312939934,0.3133562454,0.0524135232,0.05213910341
3209,1.0,0.0,0.0,0.0,1.0,1.0,0.3063862832,0.303816746,0.05133670568,0.05023854971
3210,1.0,0.0,0.0,0.0,1.0,1.0,0.2583017235,0.2327469513,0.04200202227,0.03733515739
3211,1.0,0.0,0.0,0.0,1.0,1.0,0.1630670557,0.12493041,0.02614021301,0.01967543364
3212,1.0,0.0,0.0,0.0,1.0,1.0,0.1957669126,0.1544274611,0.03177434206,0.02480626106
3213,1.0,0.0,0.0,0.0,1.0,1.0,0.2556709643,0.23973078,0.04203110933,0.03875595331
3214,1.0,0.0,0.0,0.0,1.0,1.0,0.2899514498,0.2843805859,0.04871547222,0.04708254337
3215,1.0,0.0,0.0,0.0,1.0,1.0,0.3109012145,0.3094300231,0.05137717724,0.0503012538
3216,1.0,0.0,0.0,0.0,1.0,1.0,0.3218270515,0.3172569253,0.05416440964,0.05253124237
3217,1.0,0.0,0.0,0.0,1.0,1.0,0.3175643683,0.3145781708,0.05346828699,0.05211120844
3218,1.0,0.0,0.0,0.0,1.0,1.0,0.3256608196,0.3239233602,0.05491501093,0.05383294821
3219,1.0,0.0,0.0,0.0,1.0,1.0,0.3207887399,0.3254763401,0.05349493027,0.05322611332
3220,1.0,0.0,0.0,0.0,1.0,1.0,0.3143406092,0.3145786043,0.05267626047,0.05186587572
3221,1.0,0.0,0.0,0.0,1.0,1.0,0.3119172836,0.3110846989,0.05165362358,0.05084234476
3222,1.0,0.0,0.0,0.0,1.0,1.0,0.318970782,0.3177032678,0.05305498838,0.05223876238
3223,1.0,0.0,0.0,0.0,1.0,1.0,0.3145783452,0.3154384469,0.0529062748,0.05235517025
3224,1.0,0.0,0.0,0.0,1.0,1.0,0.3107920051,0.3143939231,0.05233424902,0.05233424902
3225,1.0,0.0,0.0,0.0,1.0,1.0,0.2795760021,0.2650548907,0.04647046328,0.04368782043
3226,1.0,0.0,0.0,0.0,1.0,1.0,0.1704196993,0.1173720188,0.02654266357,0.01824808121
3227,1.0,0.0,0.0,0.0,1.0,1.0,0.1501842641,0.1050140854,0.02329140902,0.01608222723
3228,1.0,0.0,0.0,0.0,1.0,1.0,0.2061238431,0.160749482,0.03338855505,0.02581304312
3229,1.0,0.0,0.0,0.0,1.0,1.0,0.2645089438,0.2473194343,0.04336756468,0.04007381201
3230,1.0,0.0,0.0,0.0,1.0,1.0,0.2900536532,0.2874649757,0.04866683483,0.04783254862
3231,1.0,0.0,0.0,0.0,1.0,1.0,0.2921196032,0.2921955627,0.04846507311,0.04792046547
3232,1.0,0.0,0.0,0.0,1.0,1.0,0.3058844983,0.305477369,0.05139112473,0.05056673288
3233,1.0,0.0,0.0,0.0,1.0,1.0,0.3102843952,0.309429876,0.0528331399,0.05199891329
3234,1.0,0.0,0.0,0.0,1.0,1.0,0.3080246002,0.3087975031,0.05254852772,0.05198949575
3235,1.0,0.0,0.0,0.0,1.0,1.0,0.307520853,0.3061206702,0.05190736055,0.05107903481
3236,1.0,0.0,0.0,0.0,1.0,1.0,0.3075202867,0.3071373322,0.05091673136,0.05010426044
3237,1.0,0.0,0.0,0.0,1.0,1.0,0.3113012782,0.3094297864,0.05251222849,0.05168312788
3238,1.0,0.0,0.0,0.0,1.0,1.0,0.3068891028,0.3054772743,0.05109912157,0.05027937889
3239,1.0,0.0,0.0,0.0,1.0,1.0,0.3009775162,0.3064953531,0.05141943693,0.05141943693
3240,1.0,0.0,0.0,0.0,1.0,1.0,0.2988525965,0.2998324843,0.05007737875,0.04925644398
3241,1.0,0.0,0.0,0.0,1.0,1.0,0.3011348506,0.3094298637,0.0500626564,0.05060386658
3242,1.0,0.0,0.0,0.0,1.0,1.0,0.3032562376,0.3028107255,0.05076807737,0.04994922876
3243,1.0,0.0,0.0,0.0,1.0,1.0,0.303895357,0.3034611596,0.05096167326,0.05014413595
3244,1.0,0.0,0.0,0.0,1.0,1.0,0.3021187695,0.3038172459,0.05052345991,0.04997730255
3245,1.0,0.0,0.0,0.0,1.0,1.0,0.304747819,0.3064952721,0.05034190416,0.04980057478
3246,1.0,0.0,0.0,0.0,1.0,1.0,0.3063863229,0.3098270757,0.05042612553,0.05015647411
3247,1.0,0.0,0.0,0.0,1.0,1.0,0.2883634396,0.2881723641,0.04752206802,0.0467120409
3248,1.0,0.0,0.0,0.0,1.0,1.0,0.2594866261,0.247319541,0.04261004925,0.04013592005
3249,1.0,0.0,0.0,0.0,1.0,1.0,0.2418275025,0.2173444035,0.03955286741,0.03512740135
3250,1.0,0.0,0.0,0.0,1.0,1.0,0.2087117152,0.171725347,0.03353762627,0.02726638317
3251,1.0,0.0,0.0,0.0,1.0,1.0,0.1992014828,0.1533627547,0.03198593855,0.02454096079
3252,1.0,0.0,0.0,0.0,1.0,1.0,0.1766778091,0.1292381508,0.02822339535,0.02075248957
3253,1.0,0.0,0.0,0.0,1.0,1.0,0.1622133429,0.1227384192,0.02600097656,0.01957058907
3254,1.0,0.0,0.0,0.0,1.0,1.0,0.152013202,0.1191507076,0.02403604984,0.01851052046
3255,1.0,0.0,0.0,0.0,1.0,1.0,0.1379761012,0.1070829997,0.0221247673,0.01701903343
3256,1.0,0.0,0.0,0.0,1.0,1.0,0.1485896019,0.1142218077,0.02368628979,0.01804667711
3257,1.0,0.0,0.0,0.0,1.0,1.0,0.1453090531,0.1096510154,0.02286475897,0.01700913906
3258,1.0,0.0,0.0,0.0,1.0,1.0,0.1361248141,0.1068245096,0.02163428068,0.01679503918
3259,1.0,0.0,0.0,0.0,1.0,1.0,0.1473998785,0.1086349381,0.02272826433,0.01663041115
3260,1.0,0.0,0.0,0.0,1.0,1.0,0.1443238124,0.1134895514,0.02254074812,0.0174690485
3261,1.0,0.0,0.0,0.0,1.0,1.0,0.1412446605,0.112256221,0.02236545086,0.01755267382
3262,1.0,0.0,0.0,0.0,1.0,1.0,0.1440478107,0.1132459683,0.02292895317,0.01783359051
3263,1.0,0.0,0.0,0.0,1.0,1.0,0.145602042,0.1130757629,0.02254712582,0.01725834608
3264,1.0,0.0,0.0,0.0,1.0,1.0,0.1450801168,0.1090300026,0.02269613743,0.0168119669
3265,1.0,0.0,0.0,0.0,1.0,1.0,0.1463470461,0.1104456341,0.02299928665,0.01710921526
3266,1.0,0.0,0.0,0.0,1.0,1.0,0.1483964274,0.1162987795,0.02309203148,0.01780593395
3267,1.0,0.0,0.0,0.0,1.0,1.0,0.143032603,0.1126640592,0.02242028713,0.01737570763
3268,1.0,0.0,0.0,0.0,1.0,1.0,0.1476650083,0.113075417,0.02328377962,0.01760482788
3269,1.0,0.0,0.0,0.0,1.0,1.0,0.1471351264,0.1167231671,0.02273702621,0.01774597168
3270,1.0,0.0,0.0,0.0,1.0,1.0,0.1460858867,0.1176879765,0.02287399769,0.01813185215
3271,1.0,0.0,0.0,0.0,1.0,1.0,0.1483962068,0.1176876965,0.02305310965,0.01805365086
3272,1.0,0.0,0.0,0.0,1.0,1.0,0.143288987,0.1162986222,0.02268379927,0.01814705133
3273,1.0,0.0,0.0,0.0,1.0,1.0,0.1430329841,0.1185471921,0.02237868309,0.01818269491
3274,1.0,0.0,0.0,0.0,1.0,1.0,0.1422692945,0.1176879324,0.02235257626,0.01816147566
3275,1.0,0.0,0.0,0.0,1.0,1.0,0.139208115,0.1167232949,0.02225291729,0.01825881004
3276,1.0,0.0,0.0,0.0,1.0,1.0,0.1425230117,0.1090299852,0.02230614424,0.01672959328
3277,1.0,0.0,0.0,0.0,1.0,1.0,0.1384120603,0.1112517293,0.02144920826,0.01699221134
3278,1.0,0.0,0.0,0.0,1.0,1.0,0.1443046001,0.1053953756,0.02270722389,0.01625943184
3279,1.0,0.0,0.0,0.0,1.0,1.0,0.1432827836,0.1050138557,0.02317893505,0.01659727097
3280,1.0,0.0,0.0,0.0,1.0,1.0,0.1412448654,0.1086349736,0.02223330736,0.01688605547
3281,1.0,0.0,0.0,0.0,1.0,1.0,0.1460860639,0.1090301277,0.02283501625,0.01670855284
3282,1.0,0.0,0.0,0.0,1.0,1.0,0.142777071,0.1090298528,0.02275568247,0.01706677675
3283,1.0,0.0,0.0,0.0,1.0,1.0,0.1463468529,0.1122557785,0.02327102423,0.01759511232
3284,1.0,0.0,0.0,0.0,1.0,1.0,0.1425229085,0.112664354,0.02256792784,0.01749014854
3285,1.0,0.0,0.0,0.0,1.0,1.0,0.1438045386,0.1148991739,0.02255600691,0.01776283979
3286,1.0,0.0,0.0,0.0,1.0,1.0,0.1456019499,0.1171503606,0.02282881737,0.0180375576
3287,1.0,0.0,0.0,0.0,1.0,1.0,0.1368608367,0.1126644632,0.02137154341,0.01743465662
3288,1.0,0.0,0.0,0.0,1.0,1.0,0.1376044613,0.1116592562,0.02175819874,0.01746380329
3289,1.0,0.0,0.0,0.0,1.0,1.0,0.1384121934,0.1144813605,0.02171349525,0.017765522
3290,1.0,0.0,0.0,0.0,1.0,1.0,0.1420070422,0.1148992051,0.02257490158,0.01800274849
3291,1.0,0.0,0.0,0.0,1.0,1.0,0.1381635139,0.1162985898,0.02180975676,0.01812756062
3292,1.0,0.0,0.0,0.0,1.0,1.0,0.1381633088,0.118547131,0.02155512571,0.01819592714
3293,1.0,0.0,0.0,0.0,1.0,1.0,0.1340935635,0.1144812533,0.02133202553,0.01791882515
3294,1.0,0.0,0.0,0.0,1.0,1.0,0.1427775539,0.1203707869,0.02280980349,0.01881808043
3295,1.0,0.0,0.0,0.0,1.0,1.0,0.1392080049,0.1162986879,0.0220426321,0.0180862546
3296,1.0,0.0,0.0,0.0,1.0,1.0,0.1397070093,0.1185469572,0.02227550745,0.01856291294
3297,1.0,0.0,0.0,0.0,1.0,1.0,0.1363690955,0.1153201346,0.02158933878,0.0178964138
3298,1.0,0.0,0.0,0.0,1.0,1.0,0.1358809916,0.1185468092,0.02157336473,0.01845091581
3299,1.0,0.0,0.0,0.0,1.0,1.0,0.1339833043,0.1180154415,0.02114999294,0.01829189062
3300,1.0,0.0,0.0,0.0,1.0,1.0,0.1373553679,0.1212561875,0.02163332701,0.0187869072
3301,1.0,0.0,0.0,0.0,1.0,1.0,0.1333772579,0.1217500101,0.02113360167,0.018879354
3302,1.0,0.0,0.0,0.0,1.0,1.0,0.1364484046,0.1167233245,0.02158182859,0.01793819666
3303,1.0,0.0,0.0,0.0,1.0,1.0,0.1340932959,0.1208115186,0.02122801542,0.01868063211
3304,1.0,0.0,0.0,0.0,1.0,1.0,0.1387127507,0.1235675063,0.02204680443,0.01922029257
3305,1.0,0.0,0.0,0.0,1.0,1.0,0.1338538666,0.1208116988,0.02097934484,0.01846182346
3306,1.0,0.0,0.0,0.0,1.0,1.0,0.1351558589,0.1231197149,0.02136957645,0.01912015676
3307,1.0,0.0,0.0,0.0,1.0,1.0,0.1361246236,0.1226420455,0.02130532265,0.01878231764
3308,1.0,0.0,0.0,0.0,1.0,1.0,0.1389594889,0.1213090373,0.02182435989,0.01874661446
3309,1.0,0.0,0.0,0.0,1.0,1.0,0.1392080492,0.1258422686,0.02217137814,0.01961314678
3310,1.0,0.0,0.0,0.0,1.0,1.0,0.136448698,0.1231198597,0.02165520191,0.01912409067
3311,1.0,0.0,0.0,0.0,1.0,1.0,0.1377320385,0.1267407092,0.0216884613,0.01946401596
3312,1.0,0.0,0.0,0.0,1.0,1.0,0.1364486719,0.1244791986,0.02149230242,0.01925933361
3313,1.0,0.0,0.0,0.0,1.0,1.0,0.1329047661,0.1253844308,0.02105170488,0.01936751604
3314,1.0,0.0,0.0,0.0,1.0,1.0,0.1326690558,0.1226753855,0.02100813389,0.0190474391
3315,1.0,0.0,0.0,0.0,1.0,1.0,0.1282706401,0.128133561,0.02009260654,0.01953446865
3316,1.0,0.0,0.0,0.0,1.0,1.0,0.1280424307,0.1244724862,0.02005165815,0.01893764734
3317,1.0,0.0,0.0,0.0,1.0,1.0,0.1262637229,0.1240183862,0.01993793249,0.01909554005
3318,1.0,0.0,0.0,0.0,1.0,1.0,0.1280423088,0.1267408052,0.02006757259,0.01951014996
3319,1.0,0.0,0.0,0.0,1.0,1.0,0.1264669616,0.1280873764,0.02018171549,0.01990145445
3320,1.0,0.0,0.0,0.0,1.0,1.0,0.1280426064,0.1290190303,0.01991170645,0.0196351409
3321,1.0,0.0,0.0,0.0,1.0,1.0,0.1293604935,0.1294897724,0.02081125975,0.02024108171
3322,1.0,0.0,0.0,0.0,1.0,1.0,0.1282707873,0.1281334735,0.02015805244,0.01959806681
3323,1.0,0.0,0.0,0.0,1.0,1.0,0.1300519557,0.1317942422,0.02061063051,0.02032828331
3324,1.0,0.0,0.0,0.0,1.0,1.0,0.1271692499,0.1294898815,0.01990711689,0.01990711689
3325,1.0,0.0,0.0,0.0,1.0,1.0,0.1256034311,0.1304415124,0.01980912685,0.0200920105
3326,1.0,0.0,0.0,0.0,1.0,1.0,0.1314583372,0.1286047963,0.02052104473,0.01967769861
3327,1.0,0.0,0.0,0.0,1.0,1.0,0.1291918191,0.1314083993,0.02030193806,0.02002000809
3328,1.0,0.0,0.0,0.0,1.0,1.0,0.1285514972,0.1267675759,0.01997262239,0.01941001415
3329,1.0,0.0,0.0,0.0,1.0,1.0,0.1292539614,0.1253910343,0.02025574446,0.01939982176
3330,1.0,0.0,0.0,0.0,1.0,1.0,0.1362876258,0.1295574946,0.02141684294,0.01998907328
3331,1.0,0.0,0.0,0.0,1.0,1.0,0.1354552238,0.1226082206,0.02126580477,0.01896685362
3332,1.0,0.0,0.0,0.0,1.0,1.0,0.1391630169,0.1221537234,0.02181863785,0.01870161295
3333,1.0,0.0,0.0,0.0,1.0,1.0,0.1376045932,0.1207506217,0.02158766985,0.01846313477
3334,1.0,0.0,0.0,0.0,1.0,1.0,0.141997218,0.1249306278,0.02202475071,0.01891875267
3335,1.0,0.0,0.0,0.0,1.0,1.0,0.1401767015,0.117471862,0.0220644474,0.01805275679
3336,1.0,0.0,0.0,0.0,1.0,1.0,0.1422562651,0.1230656332,0.02225595713,0.01883196831
3337,1.0,0.0,0.0,0.0,1.0,1.0,0.1448731036,0.1212010998,0.02242666483,0.01845234632
3338,1.0,0.0,0.0,0.0,1.0,1.0,0.1446077773,0.1226078249,0.02263450623,0.01890981197
3339,1.0,0.0,0.0,0.0,1.0,1.0,0.1459442813,0.1202335386,0.02273929119,0.01842170954
3340,1.0,0.0,0.0,0.0,1.0,1.0,0.1449003354,0.1268230828,0.02249997854,0.01932692528
3341,1.0,0.0,0.0,0.0,1.0,1.0,0.1480652794,0.1164765281,0.02307069302,0.01787984371
3342,1.0,0.0,0.0,0.0,1.0,1.0,0.1530509809,0.1174717398,0.02383834124,0.01809418201
3343,1.0,0.0,0.0,0.0,1.0,1.0,0.1490881659,0.1226080664,0.02347379923,0.01912677288
3344,1.0,0.0,0.0,0.0,1.0,1.0,0.1417255385,0.1193363519,0.02223789692,0.01848345995
3345,1.0,0.0,0.0,0.0,1.0,1.0,0.1388112858,0.1160398867,0.02158546448,0.01784396172
3346,1.0,0.0,0.0,0.0,1.0,1.0,0.1464860117,0.1141682023,0.02276039124,0.01757442951
3347,1.0,0.0,0.0,0.0,1.0,1.0,0.1425131565,0.1156070824,0.02236759663,0.01801025867
3348,1.0,0.0,0.0,0.0,1.0,1.0,0.141725677,0.125398143,0.02235156298,0.01944875717
3349,1.0,0.0,0.0,0.0,1.0,1.0,0.1398852084,0.1202336722,0.02185165882,0.01840138435
3350,1.0,0.0,0.0,0.0,1.0,1.0,0.1388113249,0.1306087682,0.02163636684,0.01990544796
3351,1.0,0.0,0.0,0.0,1.0,1.0,0.1288417389,0.1221120746,0.02006459236,0.01863133907
3352,1.0,0.0,0.0,0.0,1.0,1.0,0.1286043422,0.1253977789,0.01992833614,0.01907426119
3353,1.0,0.0,0.0,0.0,1.0,1.0,0.1244792937,0.1318964102,0.01964581013,0.0202152133
3354,1.0,0.0,0.0,0.0,1.0,1.0,0.1213089231,0.1332590226,0.01901090145,0.02042967081
3355,1.0,0.0,0.0,0.0,1.0,1.0,0.1078533406,0.1379825161,0.01702207327,0.02099388838
3356,1.0,0.0,0.0,0.0,1.0,1.0,0.1050138324,0.1398472073,0.01636844873,0.0211660862
3357,1.0,0.0,0.0,0.0,1.0,1.0,0.09364162625,0.1403709985,0.01455658674,0.02099502087
3358,1.0,0.0,0.0,0.0,1.0,1.0,0.09442150321,0.1499162934,0.01484292746,0.02268445492
3359,1.0,0.0,0.0,0.0,1.0,1.0,0.08813430494,0.1573192603,0.01378810406,0.02343970537
3360,1.0,0.0,0.0,0.0,1.0,1.0,0.09535309797,0.1550229248,0.01490026712,0.0234541297
3361,1.0,0.0,0.0,0.0,1.0,1.0,0.08224387957,0.1579042148,0.01281273365,0.02367568016
3362,1.0,0.0,0.0,0.0,1.0,1.0,0.07742153197,0.1721258609,0.01233482361,0.02607131004
3363,1.0,0.0,0.0,0.0,1.0,1.0,0.07646953941,0.1815467886,0.01208502054,0.0272616744
3364,1.0,0.0,0.0,0.0,1.0,1.0,0.06591676531,0.1919077991,0.01053637266,0.02876144648
3365,1.0,0.0,0.0,0.0,1.0,1.0,0.05814931928,0.2111227471,0.009006202221,0.03067743778
3366,1.0,0.0,0.0,0.0,1.0,1.0,0.05382995991,0.223813362,0.008445322514,0.03265523911
3367,1.0,0.0,0.0,0.0,1.0,1.0,0.07113465875,0.209008841,0.01107960939,0.03046894073
3368,1.0,0.0,0.0,0.0,1.0,1.0,0.07403293358,0.2212503932,0.01164162159,0.03215295076
3369,1.0,0.0,0.0,0.0,1.0,1.0,0.08782443588,0.2307871813,0.01383578777,0.03348261118
3370,1.0,0.0,0.0,0.0,1.0,1.0,0.08490838057,0.2353898687,0.01328682899,0.03377068043
3371,1.0,0.0,0.0,0.0,1.0,1.0,0.07988420447,0.2411106529,0.0124937892,0.0344274044
3372,1.0,0.0,0.0,0.0,1.0,1.0,0.07100845838,0.2527996986,0.01108700037,0.03575545549
3373,1.0,0.0,0.0,0.0,1.0,1.0,0.08089025676,0.2716735916,0.01257479191,0.03828316927
3374,1.0,0.0,0.0,0.0,1.0,1.0,0.08388166456,0.2818423538,0.01296669245,0.03890007734
3375,1.0,0.0,0.0,0.0,1.0,1.0,0.09501714431,0.2636323236,0.0148190856,0.03677338362
3376,1.0,0.0,0.0,0.0,1.0,1.0,0.07960144444,0.2736569497,0.01258975267,0.03860867023
3377,1.0,0.0,0.0,0.0,1.0,1.0,0.06790637246,0.2644438334,0.01089763641,0.03800201416
3378,1.0,0.0,0.0,0.0,1.0,1.0,0.1841516987,0.2489317041,0.03114849329,0.03794455528
3379,1.0,0.0,0.0,0.0,1.0,1.0,0.2764412597,0.3163703582,0.04647034407,0.04839521646
3380,1.0,0.0,0.0,0.0,1.0,1.0,0.3299127529,0.3526401967,0.0561516881,0.05477547646
3381,1.0,0.0,0.0,0.0,1.0,1.0,0.3428507691,0.3612020951,0.05844473839,0.05679064989
3382,1.0,0.0,0.0,0.0,1.0,1.0,0.3470730649,0.3659925869,0.06028115749,0.05804848671
3383,1.0,0.0,0.0,0.0,1.0,1.0,0.2637870146,0.3016175017,0.04507166147,0.047311306
3384,1.0,0.0,0.0,0.0,1.0,1.0,0.07390234385,0.2450366178,0.011726439,0.03545850515
3385,1.0,0.0,0.0,0.0,1.0,1.0,0.1302148815,0.2080624916,0.02114516497,0.03075665236
3386,1.0,0.0,0.0,0.0,1.0,1.0,0.241244522,0.2863169562,0.04085403681,0.04474490881
3387,1.0,0.0,0.0,0.0,1.0,1.0,0.286936531,0.3197515892,0.0495428443,0.05093449354
3388,1.0,0.0,0.0,0.0,1.0,1.0,0.3213640635,0.34876349,0.05509245396,0.05536788702
3389,1.0,0.0,0.0,0.0,1.0,1.0,0.3304734467,0.3562026484,0.05734729767,0.05734735727
3390,1.0,0.0,0.0,0.0,1.0,1.0,0.3304735163,0.3510150834,0.05583798885,0.05502480268
3391,1.0,0.0,0.0,0.0,1.0,1.0,0.3352861189,0.3544732235,0.0566855669,0.05560070276
3392,1.0,0.0,0.0,0.0,1.0,1.0,0.3358254773,0.3562026204,0.05773895979,0.0569101572
3393,1.0,0.0,0.0,0.0,1.0,1.0,0.3266783621,0.3471744341,0.0557487011,0.05464476347
3394,1.0,0.0,0.0,0.0,1.0,1.0,0.3342237542,0.3539690212,0.05633866787,0.05552214384
3395,1.0,0.0,0.0,0.0,1.0,1.0,0.3352863423,0.3562023725,0.05677974224,0.05596470833
3396,1.0,0.0,0.0,0.0,1.0,1.0,0.33099477,0.3517198865,0.05604797602,0.0552276969
3397,1.0,0.0,0.0,0.0,1.0,1.0,0.3396162145,0.3564440544,0.056871593,0.05524665117
3398,1.0,0.0,0.0,0.0,1.0,1.0,0.3369085561,0.3534614668,0.05785024166,0.05618953705
3399,1.0,0.0,0.0,0.0,1.0,1.0,0.3358383146,0.3552020506,0.05657756329,0.0554894805
3400,1.0,0.0,0.0,0.0,1.0,1.0,0.3342237584,0.3534610427,0.05641484261,0.05532467365
3401,1.0,0.0,0.0,0.0,1.0,1.0,0.3331471741,0.3527441686,0.05618703365,0.05510652065
3402,1.0,0.0,0.0,0.0,1.0,1.0,0.319310365,0.3406400921,0.05475616455,0.05393481255
3403,1.0,0.0,0.0,0.0,1.0,1.0,0.2778935486,0.3103530547,0.04719042778,0.04884624481
3404,1.0,0.0,0.0,0.0,1.0,1.0,0.1597750671,0.2167906763,0.02614152431,0.03281587362
3405,1.0,0.0,0.0,0.0,1.0,1.0,0.09212239378,0.2059919248,0.01482462883,0.03020870686
3406,1.0,0.0,0.0,0.0,1.0,1.0,0.09633175428,0.2058773028,0.01560854912,0.03065961599
3407,1.0,0.0,0.0,0.0,1.0,1.0,0.1878146442,0.2389971623,0.03048092127,0.03592395782
3408,1.0,0.0,0.0,0.0,1.0,1.0,0.2531053258,0.2862988034,0.04241257906,0.04485952854
3409,1.0,0.0,0.0,0.0,1.0,1.0,0.305918922,0.3205104656,0.05179822445,0.05044221878
3410,1.0,0.0,0.0,0.0,1.0,1.0,0.3235831375,0.3417335274,0.05371403694,0.05265563726
3411,1.0,0.0,0.0,0.0,1.0,1.0,0.3268018111,0.3411885783,0.05493307114,0.05279970169
3412,1.0,0.0,0.0,0.0,1.0,1.0,0.3177876603,0.3331474472,0.05469691753,0.05305600166
3413,1.0,0.0,0.0,0.0,1.0,1.0,0.3226045533,0.3405633787,0.05548214912,0.05412232876
3414,1.0,0.0,0.0,0.0,1.0,1.0,0.3183644226,0.3360193257,0.0552752614,0.05362522602
3415,1.0,0.0,0.0,0.0,1.0,1.0,0.3220949851,0.3388519538,0.05592983961,0.05428487062
3416,1.0,0.0,0.0,0.0,1.0,1.0,0.3257321323,0.3389112837,0.05625033379,0.05378085375
3417,1.0,0.0,0.0,0.0,1.0,1.0,0.3172833683,0.3297130216,0.054068923,0.05190616846
3418,1.0,0.0,0.0,0.0,1.0,1.0,0.323116219,0.3320063182,0.05531805754,0.05260634422
3419,1.0,0.0,0.0,0.0,1.0,1.0,0.3261843607,0.3308499363,0.05537557602,0.05237495899
3420,1.0,0.0,0.0,0.0,1.0,1.0,0.3179301448,0.3238612186,0.05302923918,0.05058175325
3421,1.0,0.0,0.0,0.0,1.0,1.0,0.3229214815,0.3291265488,0.054436028,0.05198639631
3422,1.0,0.0,0.0,0.0,1.0,1.0,0.2624959771,0.2783909817,0.04346162081,0.04346162081
3423,1.0,0.0,0.0,0.0,1.0,1.0,0.1545353945,0.2006049006,0.02511870861,0.03057932854
3424,1.0,0.0,0.0,0.0,1.0,1.0,0.1852050927,0.2277881211,0.03062176704,0.03558754921
3425,1.0,0.0,0.0,0.0,1.0,1.0,0.2681431077,0.2840877143,0.04460072517,0.04487097263
3426,1.0,0.0,0.0,0.0,1.0,1.0,0.2955866519,0.3022370989,0.04903882742,0.04768419266
3427,1.0,0.0,0.0,0.0,1.0,1.0,0.3250612254,0.3331474968,0.05467969179,0.0533195138
3428,1.0,0.0,0.0,0.0,1.0,1.0,0.3218265184,0.3337116811,0.05372601748,0.053186059
3429,1.0,0.0,0.0,0.0,1.0,1.0,0.3159528002,0.3275765672,0.05206900835,0.05206900835
3430,1.0,0.0,0.0,0.0,1.0,1.0,0.3109013979,0.319687146,0.05152130127,0.05125159025
3431,1.0,0.0,0.0,0.0,1.0,1.0,0.3105063283,0.3192195863,0.05084979534,0.0505849123
3432,1.0,0.0,0.0,0.0,1.0,1.0,0.3004752365,0.3064956897,0.04976612329,0.04896777868
3433,1.0,0.0,0.0,0.0,1.0,1.0,0.2961307425,0.3041781402,0.04845917225,0.04793250561
3434,1.0,0.0,0.0,0.0,1.0,1.0,0.2885482253,0.2965013639,0.04734456539,0.04708015919
3435,1.0,0.0,0.0,0.0,1.0,1.0,0.2906293138,0.2991639293,0.04800903797,0.04774230719
3436,1.0,0.0,0.0,0.0,1.0,1.0,0.2885487348,0.2948351937,0.04817652702,0.04763817787
3437,1.0,0.0,0.0,0.0,1.0,1.0,0.2908342301,0.2931698007,0.04832106829,0.04698628187
3438,1.0,0.0,0.0,0.0,1.0,1.0,0.2816462544,0.2891361855,0.04617714882,0.04564940929
3439,1.0,0.0,0.0,0.0,1.0,1.0,0.2853246628,0.2917836485,0.04688221216,0.04608762264
3440,1.0,0.0,0.0,0.0,1.0,1.0,0.2827687492,0.2920668692,0.04626637697,0.04600054026
3441,1.0,0.0,0.0,0.0,1.0,1.0,0.2965555371,0.2998323811,0.04857230186,0.04749888182
3442,1.0,0.0,0.0,0.0,1.0,1.0,0.2925997635,0.3018789606,0.04869395494,0.04842036963
3443,1.0,0.0,0.0,0.0,1.0,1.0,0.3034019893,0.311906485,0.04995036125,0.04968327284
3444,1.0,0.0,0.0,0.0,1.0,1.0,0.3095045007,0.3198217701,0.05274665356,0.05274671316
3445,1.0,0.0,0.0,0.0,1.0,1.0,0.2904780226,0.3015560484,0.04784595966,0.04730540514
3446,1.0,0.0,0.0,0.0,1.0,1.0,0.2916403319,0.296762326,0.04894930124,0.04784929752
3447,1.0,0.0,0.0,0.0,1.0,1.0,0.2888372174,0.2974529306,0.04799860716,0.0477258563
3448,1.0,0.0,0.0,0.0,1.0,1.0,0.2864849838,0.2944483192,0.04737496376,0.04710578918
3449,1.0,0.0,0.0,0.0,1.0,1.0,0.2709524006,0.2795052418,0.04510378838,0.04456371069
3450,1.0,0.0,0.0,0.0,1.0,1.0,0.2788765268,0.286752551,0.04744839668,0.04689985514
3451,1.0,0.0,0.0,0.0,1.0,1.0,0.2788765027,0.2857935487,0.04715043306,0.04660534859
3452,1.0,0.0,0.0,0.0,1.0,1.0,0.2987200766,0.3066467647,0.05124247074,0.05151504278
3453,1.0,0.0,0.0,0.0,1.0,1.0,0.3141791499,0.3150055705,0.05331766605,0.05195748806
3454,1.0,0.0,0.0,0.0,1.0,1.0,0.3102549557,0.311084523,0.05246692896,0.05137389898
3455,1.0,0.0,0.0,0.0,1.0,1.0,0.3184769642,0.3145783489,0.05479604006,0.05286854506
3456,1.0,0.0,0.0,0.0,1.0,1.0,0.3177463759,0.3139693339,0.05328321457,0.05192393064
3457,1.0,0.0,0.0,0.0,1.0,1.0,0.3126838195,0.3100576965,0.05263078213,0.0518040657
3458,1.0,0.0,0.0,0.0,1.0,1.0,0.315183402,0.3106816847,0.05295997858,0.05186235905
3459,1.0,0.0,0.0,0.0,1.0,1.0,0.3168162713,0.3135503619,0.05340230465,0.05285179615
3460,1.0,0.0,0.0,0.0,1.0,1.0,0.3205446081,0.3172569839,0.05310434103,0.05255967379
3461,1.0,0.0,0.0,0.0,1.0,1.0,0.315094753,0.3106814482,0.05250865221,0.05168819427
3462,1.0,0.0,0.0,0.0,1.0,1.0,0.3116006108,0.3106817866,0.05270719528,0.05298751593
3463,1.0,0.0,0.0,0.0,1.0,1.0,0.3063615287,0.2955161646,0.05027425289,0.04890066385
3464,1.0,0.0,0.0,0.0,1.0,1.0,0.3080356373,0.297846654,0.04977095127,0.04868894815
3465,1.0,0.0,0.0,0.0,1.0,1.0,0.3203553952,0.2975309931,0.0522300601,0.04923766851
3466,1.0,0.0,0.0,0.0,1.0,1.0,0.3264840772,0.3063859264,0.05333060026,0.05088174343
3467,1.0,0.0,0.0,0.0,1.0,1.0,0.331464562,0.3054773398,0.05380755663,0.05025684834
3468,1.0,0.0,0.0,0.0,1.0,1.0,0.3275198144,0.2971760739,0.05293637514,0.04884332418
3469,1.0,0.0,0.0,0.0,1.0,1.0,0.3308961153,0.3014984659,0.05425280333,0.05010086298
3470,1.0,0.0,0.0,0.0,1.0,1.0,0.3314561776,0.3041781754,0.05416226387,0.0502935648
3471,1.0,0.0,0.0,0.0,1.0,1.0,0.320766943,0.300167652,0.05198216438,0.04897260666
3472,1.0,0.0,0.0,0.0,1.0,1.0,0.3214283221,0.2985129292,0.05215066671,0.04916286469
3473,1.0,0.0,0.0,0.0,1.0,1.0,0.3121121764,0.280044942,0.04983258247,0.04547566175
3474,1.0,0.0,0.0,0.0,1.0,1.0,0.3102898276,0.2692099504,0.0492631793,0.04354757071
3475,1.0,0.0,0.0,0.0,1.0,1.0,0.3118946583,0.2708926182,0.05061000586,0.04501777887
3476,1.0,0.0,0.0,0.0,1.0,1.0,0.3044771816,0.256568108,0.04935115576,0.0426594615
3477,1.0,0.0,0.0,0.0,1.0,1.0,0.305528932,0.2599218456,0.04923009872,0.04311108589
3478,1.0,0.0,0.0,0.0,1.0,1.0,0.3022366524,0.259921912,0.04834926128,0.04258030653
3479,1.0,0.0,0.0,0.0,1.0,1.0,0.2974115646,0.25153717,0.04769420624,0.04159379005
3480,1.0,0.0,0.0,0.0,1.0,1.0,0.3006869466,0.2548576832,0.0484495163,0.04211801291
3481,1.0,0.0,0.0,0.0,1.0,1.0,0.3003501758,0.2591145488,0.04798465967,0.04246920347
3482,1.0,0.0,0.0,0.0,1.0,1.0,0.2962570785,0.2490303081,0.04797798395,0.04136031866
3483,1.0,0.0,0.0,0.0,1.0,1.0,0.265016686,0.1995529106,0.04233884811,0.03293019533
3484,1.0,0.0,0.0,0.0,1.0,1.0,0.2023738682,0.1099045227,0.03108507395,0.01745128632
3485,1.0,0.0,0.0,0.0,1.0,1.0,0.2366169405,0.1654364696,0.03689932823,0.02671068907
3486,1.0,0.0,0.0,0.0,1.0,1.0,0.2823381009,0.2306405799,0.04493260384,0.03804111481
3487,1.0,0.0,0.0,0.0,1.0,1.0,0.3047704674,0.2647528101,0.04889559746,0.04370552301
3488,1.0,0.0,0.0,0.0,1.0,1.0,0.3146391531,0.2752564117,0.05116558075,0.04596698284
3489,1.0,0.0,0.0,0.0,1.0,1.0,0.3150785292,0.2810929519,0.05090248585,0.04679739475
3490,1.0,0.0,0.0,0.0,1.0,1.0,0.3067425462,0.2820206802,0.04967933893,0.04667675495
3491,1.0,0.0,0.0,0.0,1.0,1.0,0.3116902477,0.282954435,0.05022412539,0.04667568207
3492,1.0,0.0,0.0,0.0,1.0,1.0,0.3060897604,0.277253531,0.04989260435,0.04603344202
3493,1.0,0.0,0.0,0.0,1.0,1.0,0.3038844588,0.2787221634,0.04969543219,0.04665845633
3494,1.0,0.0,0.0,0.0,1.0,1.0,0.3000009756,0.2791081147,0.04948800802,0.0464297533
3495,1.0,0.0,0.0,0.0,1.0,1.0,0.2994960489,0.2807796126,0.04941302538,0.04663699865
3496,1.0,0.0,0.0,0.0,1.0,1.0,0.3009968859,0.2888751915,0.04992192984,0.04799121618
3497,1.0,0.0,0.0,0.0,1.0,1.0,0.3051986103,0.2891363206,0.05043071508,0.04793691635
3498,1.0,0.0,0.0,0.0,1.0,1.0,0.2922734955,0.27762291,0.04850161076,0.04599297047
3499,1.0,0.0,0.0,0.0,1.0,1.0,0.2843531181,0.2676470933,0.04660648108,0.04357290268
3500,1.0,0.0,0.0,0.0,1.0,1.0,0.271349243,0.2414193847,0.04460948706,0.03962212801
3501,1.0,0.0,0.0,0.0,1.0,1.0,0.2710350649,0.2524186266,0.04452610016,0.04118663073
3502,1.0,0.0,0.0,0.0,1.0,1.0,0.2724230608,0.2549250991,0.04495126009,0.04164195061
3503,1.0,0.0,0.0,0.0,1.0,1.0,0.2846092573,0.2766911697,0.04707151651,0.04515582323
3504,1.0,0.0,0.0,0.0,1.0,1.0,0.2694002026,0.2616784251,0.04465299845,0.0427235961
3505,1.0,0.0,0.0,0.0,1.0,1.0,0.2650546825,0.2644568636,0.04357498884,0.04274231195
3506,1.0,0.0,0.0,0.0,1.0,1.0,0.2942435648,0.2920666481,0.04942727089,0.04777050018
3507,1.0,0.0,0.0,0.0,1.0,1.0,0.3128401317,0.3106371476,0.05332988501,0.05164575577
3508,1.0,0.0,0.0,0.0,1.0,1.0,0.3178552835,0.3163216523,0.05331277847,0.05166393518
3509,1.0,0.0,0.0,0.0,1.0,1.0,0.3150057038,0.3167720312,0.05285018682,0.05174332857
3510,1.0,0.0,0.0,0.0,1.0,1.0,0.3048294648,0.3052900468,0.05105918646,0.04994314909
3511,1.0,0.0,0.0,0.0,1.0,1.0,0.3143002693,0.3138177479,0.05203562975,0.05065900087
3512,1.0,0.0,0.0,0.0,1.0,1.0,0.3127392527,0.3116903277,0.05298274755,0.05158108473
3513,1.0,0.0,0.0,0.0,1.0,1.0,0.3143002228,0.3155234607,0.05243289471,0.05132323503
3514,1.0,0.0,0.0,0.0,1.0,1.0,0.3142056982,0.3131812185,0.05273413658,0.05133163929
3515,1.0,0.0,0.0,0.0,1.0,1.0,0.3136812094,0.3205108397,0.05248951912,0.05193114281
3516,1.0,0.0,0.0,0.0,1.0,1.0,0.3130577951,0.3121125099,0.05290424824,0.05177265406
3517,1.0,0.0,0.0,0.0,1.0,1.0,0.313058062,0.3125403352,0.05181372166,0.0504283309
3518,1.0,0.0,0.0,0.0,1.0,1.0,0.312118096,0.311469881,0.05288100243,0.05119329691
3519,1.0,0.0,0.0,0.0,1.0,1.0,0.3091920689,0.3131812851,0.05186164379,0.0513009429
3520,1.0,0.0,0.0,0.0,1.0,1.0,0.3193582718,0.3201601969,0.05414110422,0.05301898718
3521,1.0,0.0,0.0,0.0,1.0,1.0,0.30790063,0.3072605747,0.05110907555,0.04974246025
3522,1.0,0.0,0.0,0.0,1.0,1.0,0.3068893494,0.3028612123,0.05090457201,0.04899907112
3523,1.0,0.0,0.0,0.0,1.0,1.0,0.2627485119,0.2601285339,0.04257756472,0.04096066952
3524,1.0,0.0,0.0,0.0,1.0,1.0,0.1845122542,0.182996356,0.03021675348,0.02909761667
3525,1.0,0.0,0.0,0.0,1.0,1.0,0.1142737964,0.1572154237,0.01757001877,0.02342665195
3526,1.0,0.0,0.0,0.0,1.0,1.0,0.1221945343,0.1602878251,0.01853054762,0.02350890636
3527,1.0,0.0,0.0,0.0,1.0,1.0,0.1211444146,0.1616742987,0.01872479916,0.02423208952
3528,1.0,0.0,0.0,0.0,1.0,1.0,0.1337409704,0.1590872779,0.02030587196,0.02332431078
3529,1.0,0.0,0.0,0.0,1.0,1.0,0.1349615083,0.1441143468,0.0203641057,0.02118963003
3530,1.0,0.0,0.0,0.0,1.0,1.0,0.1402413432,0.1263029481,0.02186745405,0.01909941435
3531,1.0,0.0,0.0,0.0,1.0,1.0,0.2219068713,0.1970731042,0.03550219536,0.03082364798
3532,1.0,0.0,0.0,0.0,1.0,1.0,0.2671942766,0.2532834243,0.04304814339,0.04032361507
3533,1.0,0.0,0.0,0.0,1.0,1.0,0.2973129215,0.2896688905,0.04837286472,0.04673314095
3534,1.0,0.0,0.0,0.0,1.0,1.0,0.2948353012,0.290106272,0.04814422131,0.04705619812
3535,1.0,0.0,0.0,0.0,1.0,1.0,0.2986647407,0.2891362726,0.04919743538,0.04754835367
3536,1.0,0.0,0.0,0.0,1.0,1.0,0.2981670638,0.290807511,0.04942315817,0.04804259539
3537,1.0,0.0,0.0,0.0,1.0,1.0,0.2848407227,0.2716602597,0.04712885618,0.04464840889
3538,1.0,0.0,0.0,0.0,1.0,1.0,0.2628348635,0.2389238868,0.04256987572,0.03850269318
3539,1.0,0.0,0.0,0.0,1.0,1.0,0.2422888173,0.2185220828,0.04015749693,0.03597444296
3540,1.0,0.0,0.0,0.0,1.0,1.0,0.2254127746,0.2019074259,0.03727173805,0.03288686275
3541,1.0,0.0,0.0,0.0,1.0,1.0,0.2235816856,0.2080748612,0.0368720293,0.03356999159
3542,1.0,0.0,0.0,0.0,1.0,1.0,0.2209987316,0.2131915077,0.03698247671,0.03449857235
3543,1.0,0.0,0.0,0.0,1.0,1.0,0.232927713,0.2353632754,0.03867250681,0.03784966469
3544,1.0,0.0,0.0,0.0,1.0,1.0,0.2272977855,0.2367099029,0.03779095411,0.03751307726
3545,1.0,0.0,0.0,0.0,1.0,1.0,0.2441256946,0.2611783244,0.04149281979,0.04177135229
3546,1.0,0.0,0.0,0.0,1.0,1.0,0.2705492058,0.2780019205,0.04625242949,0.04434800148
3547,1.0,0.0,0.0,0.0,1.0,1.0,0.2889759942,0.297453221,0.04968029261,0.04803347588
3548,1.0,0.0,0.0,0.0,1.0,1.0,0.2993650131,0.3154385066,0.05145651102,0.05092048645
3549,1.0,0.0,0.0,0.0,1.0,1.0,0.3021932232,0.3187585833,0.0515204668,0.0515204668
3550,1.0,0.0,0.0,0.0,1.0,1.0,0.3042463042,0.3154385856,0.05211424828,0.05130422115
3551,1.0,0.0,0.0,0.0,1.0,1.0,0.3137964419,0.3232520622,0.05484163761,0.05374485254
3552,1.0,0.0,0.0,0.0,1.0,1.0,0.3106586654,0.3193579538,0.05443948507,0.05306470394
3553,1.0,0.0,0.0,0.0,1.0,1.0,0.3127184412,0.3253995679,0.05385357141,0.05304169655
3554,1.0,0.0,0.0,0.0,1.0,1.0,0.310551942,0.3236447122,0.05436700583,0.0532631278
3555,1.0,0.0,0.0,0.0,1.0,1.0,0.3215318449,0.3399462547,0.05582273006,0.05499780178
3556,1.0,0.0,0.0,0.0,1.0,1.0,0.3141105938,0.3241433928,0.05519706011,0.05352437496
3557,1.0,0.0,0.0,0.0,1.0,1.0,0.3059189582,0.3195496082,0.05247950554,0.05165523291
3558,1.0,0.0,0.0,0.0,1.0,1.0,0.2866861279,0.3049145134,0.04930502176,0.04903262854
3559,1.0,0.0,0.0,0.0,1.0,1.0,0.2518918875,0.2741525772,0.04291266203,0.04374325275
3560,1.0,0.0,0.0,0.0,1.0,1.0,0.1975641659,0.2277878487,0.03268039227,0.03542661667
3561,1.0,0.0,0.0,0.0,1.0,1.0,0.1568406569,0.1956203493,0.02592504025,0.03033781052
3562,1.0,0.0,0.0,0.0,1.0,1.0,0.1329225233,0.1767964765,0.02172738314,0.02695292234
3563,1.0,0.0,0.0,0.0,1.0,1.0,0.1245095151,0.1695805443,0.0201818943,0.02563649416
3564,1.0,0.0,0.0,0.0,1.0,1.0,0.1293397646,0.1683840822,0.02105492353,0.02542990446
3565,1.0,0.0,0.0,0.0,1.0,1.0,0.1259801359,0.1683839428,0.02092915773,0.02595210075
3566,1.0,0.0,0.0,0.0,1.0,1.0,0.1112394638,0.1690233678,0.01769989729,0.02505213022
3567,1.0,0.0,0.0,0.0,1.0,1.0,0.1078164244,0.1801969106,0.01737308502,0.02674907446
3568,1.0,0.0,0.0,0.0,1.0,1.0,0.1016384382,0.1812172704,0.01661729813,0.02741843462
3569,1.0,0.0,0.0,0.0,1.0,1.0,0.09738139967,0.182554643,0.01579004526,0.02742481232
3570,1.0,0.0,0.0,0.0,1.0,1.0,0.08788186101,0.1995153205,0.01414352655,0.02967369556
3571,1.0,0.0,0.0,0.0,1.0,1.0,0.09054202164,0.1953793886,0.01425611973,0.02851212025
3572,1.0,0.0,0.0,0.0,1.0,1.0,0.08736384238,0.19537942,0.01403599977,0.02919483185
3573,1.0,0.0,0.0,0.0,1.0,1.0,0.08169346606,0.2010154209,0.01318544149,0.03001791239
3574,1.0,0.0,0.0,0.0,1.0,1.0,0.08531847097,0.1909046111,0.01375502348,0.02863281965
3575,1.0,0.0,0.0,0.0,1.0,1.0,0.08458141179,0.1887834119,0.01347953081,0.02805942297
3576,1.0,0.0,0.0,0.0,1.0,1.0,0.07912977909,0.1973071062,0.01280373335,0.02978259325
3577,1.0,0.0,0.0,0.0,1.0,1.0,0.07926603749,0.2035898733,0.01273924112,0.0304633975
3578,1.0,0.0,0.0,0.0,1.0,1.0,0.08271241875,0.1924852714,0.01300567389,0.02817898989
3579,1.0,0.0,0.0,0.0,1.0,1.0,0.0784544825,0.1878516021,0.01258921623,0.02818894386
3580,1.0,0.0,0.0,0.0,1.0,1.0,0.08728000349,0.1867088972,0.01402646303,0.02805292606
3581,1.0,0.0,0.0,0.0,1.0,1.0,0.07448192447,0.1987735779,0.01171976328,0.02916306257
3582,1.0,0.0,0.0,0.0,1.0,1.0,0.07661210578,0.1946476322,0.01204717159,0.02847516537
3583,1.0,0.0,0.0,0.0,1.0,1.0,0.07287616417,0.1976507518,0.01163458824,0.02936339378
3584,1.0,0.0,0.0,0.0,1.0,1.0,0.07967819586,0.1932009169,0.01264053583,0.02857863903
3585,1.0,0.0,0.0,0.0,1.0,1.0,0.07300287137,0.2032447564,0.01133906841,0.02942752838
3586,1.0,0.0,0.0,0.0,1.0,1.0,0.08645689715,0.1995155222,0.0136013031,0.02910679579
3587,1.0,0.0,0.0,0.0,1.0,1.0,0.08576679186,0.212287799,0.0133664012,0.03082448244
3588,1.0,0.0,0.0,0.0,1.0,1.0,0.09007130442,0.2088383733,0.01407814026,0.03032201529
3589,1.0,0.0,0.0,0.0,1.0,1.0,0.096331855,0.2054408303,0.0150051713,0.02974236012
3590,1.0,0.0,0.0,0.0,1.0,1.0,0.09994412604,0.2043467059,0.01585400105,0.03006792068
3591,1.0,0.0,0.0,0.0,1.0,1.0,0.09909003796,0.2028386625,0.0160253644,0.03039288521
3592,1.0,0.0,0.0,0.0,1.0,1.0,0.09943008141,0.2020929163,0.01574099064,0.02985352278
3593,1.0,0.0,0.0,0.0,1.0,1.0,0.09633166462,0.1991506958,0.01498550177,0.02890062332
3594,1.0,0.0,0.0,0.0,1.0,1.0,0.100626081,0.1973534791,0.0161088109,0.02976042032
3595,1.0,0.0,0.0,0.0,1.0,1.0,0.08513131421,0.1926196271,0.01341557503,0.02844101191
3596,1.0,0.0,0.0,0.0,1.0,1.0,0.1384870194,0.1784717117,0.02226883173,0.02682989836
3597,1.0,0.0,0.0,0.0,1.0,1.0,0.2551420518,0.272108464,0.04248827696,0.04302954674
3598,1.0,0.0,0.0,0.0,1.0,1.0,0.3118260847,0.3207669898,0.05318415165,0.05182045698
3599,1.0,0.0,0.0,0.0,1.0,1.0,0.3230198241,0.3354058036,0.05392003059,0.05285227299
3600,1.0,0.0,0.0,0.0,1.0,1.0,0.3363352993,0.3466077222,0.05753046274,0.05616718531
3601,1.0,0.0,0.0,0.0,1.0,1.0,0.3358122717,0.3427141975,0.05683040619,0.05493611097
3602,1.0,0.0,0.0,0.0,1.0,1.0,0.3251001784,0.3428118331,0.05505853891,0.05478596687
3603,1.0,0.0,0.0,0.0,1.0,1.0,0.3294160414,0.3394012001,0.05525499582,0.05337744951
3604,1.0,0.0,0.0,0.0,1.0,1.0,0.3241433661,0.3449250963,0.05444276333,0.05470961332
3605,1.0,0.0,0.0,0.0,1.0,1.0,0.3236288808,0.3444020372,0.05506545305,0.05506539345
3606,1.0,0.0,0.0,0.0,1.0,1.0,0.3320826265,0.3513394321,0.05686408281,0.05631732941
3607,1.0,0.0,0.0,0.0,1.0,1.0,0.330994185,0.3474089628,0.05554819107,0.05500632524
3608,1.0,0.0,0.0,0.0,1.0,1.0,0.3288691405,0.3438758514,0.05644333363,0.05589270592
3609,1.0,0.0,0.0,0.0,1.0,1.0,0.3390108393,0.3477788828,0.05710047483,0.0554844141
3610,1.0,0.0,0.0,0.0,1.0,1.0,0.3379990526,0.3404880528,0.05688387156,0.05470651388
3611,1.0,0.0,0.0,0.0,1.0,1.0,0.3379522138,0.3427143337,0.05753779411,0.05535632372
3612,1.0,0.0,0.0,0.0,1.0,1.0,0.3363662151,0.3416459866,0.0573040247,0.05511057377
3613,1.0,0.0,0.0,0.0,1.0,1.0,0.3288695448,0.3382465844,0.05548387766,0.05385994911
3614,1.0,0.0,0.0,0.0,1.0,1.0,0.3229214048,0.3382993929,0.05594146252,0.05510240793
3615,1.0,0.0,0.0,0.0,1.0,1.0,0.3246187951,0.3416457958,0.055593431,0.05504566431
3616,1.0,0.0,0.0,0.0,1.0,1.0,0.318293495,0.3337118615,0.05437928438,0.05356359482
3617,1.0,0.0,0.0,0.0,1.0,1.0,0.3126218987,0.3331476244,0.0534325242,0.05289280415
3618,1.0,0.0,0.0,0.0,1.0,1.0,0.3099535564,0.330896401,0.0528550148,0.0528550148
3619,1.0,0.0,0.0,0.0,1.0,1.0,0.3056927171,0.3257566052,0.05267983675,0.05213397741
3620,1.0,0.0,0.0,0.0,1.0,1.0,0.3081344149,0.3274619503,0.05133056641,0.05106461048
3621,1.0,0.0,0.0,0.0,1.0,1.0,0.3098429567,0.3280478141,0.05245399475,0.05191594362
3622,1.0,0.0,0.0,0.0,1.0,1.0,0.3065380174,0.3235480819,0.05093967915,0.05067437887
3623,1.0,0.0,0.0,0.0,1.0,1.0,0.3009593447,0.3194090142,0.05112713575,0.05085366964
3624,1.0,0.0,0.0,0.0,1.0,1.0,0.3116191068,0.3245608951,0.05248606205,0.05139827728
3625,1.0,0.0,0.0,0.0,1.0,1.0,0.3121235035,0.3297127793,0.0515691638,0.05130195618
3626,1.0,0.0,0.0,0.0,1.0,1.0,0.3130388104,0.3308500549,0.05123388767,0.05123394728
3627,1.0,0.0,0.0,0.0,1.0,1.0,0.3156991913,0.3308494261,0.05258899927,0.05231648684
3628,1.0,0.0,0.0,0.0,1.0,1.0,0.3110095324,0.322455032,0.05173939466,0.05146992207
3629,1.0,0.0,0.0,0.0,1.0,1.0,0.3069025936,0.3207667941,0.05161619186,0.0513459444
3630,1.0,0.0,0.0,0.0,1.0,1.0,0.3083902742,0.3196870398,0.05202531815,0.05175292492
3631,1.0,0.0,0.0,0.0,1.0,1.0,0.2929122949,0.3055723353,0.0498124361,0.04953867197
3632,1.0,0.0,0.0,0.0,1.0,1.0,0.286247753,0.2957529258,0.04785746336,0.04704630375
3633,1.0,0.0,0.0,0.0,1.0,1.0,0.2876206736,0.2998322434,0.04929977655,0.04874891043
3634,1.0,0.0,0.0,0.0,1.0,1.0,0.300475356,0.3129566197,0.05071532726,0.05044412613
3635,1.0,0.0,0.0,0.0,1.0,1.0,0.28739993,0.3035848772,0.0494710803,0.04947113991
3636,1.0,0.0,0.0,0.0,1.0,1.0,0.294048091,0.3127507488,0.04963606596,0.0499073267
3637,1.0,0.0,0.0,0.0,1.0,1.0,0.2995120753,0.3129564527,0.05092900991,0.05065667629
3638,1.0,0.0,0.0,0.0,1.0,1.0,0.2931055125,0.3133841892,0.04946798086,0.05000859499
3639,1.0,0.0,0.0,0.0,1.0,1.0,0.2983887089,0.3140137323,0.05011367798,0.05011367798
3640,1.0,0.0,0.0,0.0,1.0,1.0,0.3065380762,0.3180039179,0.05175203085,0.05094337463
3641,1.0,0.0,0.0,0.0,1.0,1.0,0.2951803712,0.309351142,0.05077773333,0.05022579432
3642,1.0,0.0,0.0,0.0,1.0,1.0,0.2991957855,0.311690409,0.05054181814,0.04946649075
3643,1.0,0.0,0.0,0.0,1.0,1.0,0.2931056902,0.3110509611,0.04957723618,0.04957723618
3644,1.0,0.0,0.0,0.0,1.0,1.0,0.2931053817,0.3066083867,0.04942476749,0.0488846302
3645,1.0,0.0,0.0,0.0,1.0,1.0,0.2919714999,0.3059515539,0.04920899868,0.04866826534
3646,1.0,0.0,0.0,0.0,1.0,1.0,0.292636589,0.3114699915,0.05026584864,0.04999119043
3647,1.0,0.0,0.0,0.0,1.0,1.0,0.2990329044,0.3172291748,0.05044525862,0.0501755476
3648,1.0,0.0,0.0,0.0,1.0,1.0,0.3022313167,0.3184660814,0.0515448451,0.05127209425
3649,1.0,0.0,0.0,0.0,1.0,1.0,0.2988683554,0.3144505819,0.05042165518,0.05015063286
3650,1.0,0.0,0.0,0.0,1.0,1.0,0.2837123755,0.3018788699,0.04785108566,0.04812294245
3651,1.0,0.0,0.0,0.0,1.0,1.0,0.2256264924,0.2366169169,0.03730362654,0.0370272994
3652,1.0,0.0,0.0,0.0,1.0,1.0,0.1648562894,0.1677895052,0.0272102356,0.02607649565
3653,1.0,0.0,0.0,0.0,1.0,1.0,0.1801711273,0.1786007449,0.02978461981,0.02781778574
3654,1.0,0.0,0.0,0.0,1.0,1.0,0.2235813413,0.2277880011,0.03730893135,0.03591680527
3655,1.0,0.0,0.0,0.0,1.0,1.0,0.2662988194,0.2813114695,0.04487609863,0.04459905624
3656,1.0,0.0,0.0,0.0,1.0,1.0,0.2727234947,0.2880334013,0.04576474428,0.04549068213
3657,1.0,0.0,0.0,0.0,1.0,1.0,0.2788002036,0.2974121354,0.04729324579,0.04756987095
3658,1.0,0.0,0.0,0.0,1.0,1.0,0.2887999297,0.3046241438,0.04836595058,0.04836589098
3659,1.0,0.0,0.0,0.0,1.0,1.0,0.2802322365,0.3005193973,0.04737854004,0.04792630672
3660,1.0,0.0,0.0,0.0,1.0,1.0,0.2793268576,0.2991526264,0.04771763086,0.04854512215
3661,1.0,0.0,0.0,0.0,1.0,1.0,0.283255461,0.2957529905,0.04841321707,0.0478630662
3662,1.0,0.0,0.0,0.0,1.0,1.0,0.2869365893,0.3052901026,0.04879790545,0.04907202721
3663,1.0,0.0,0.0,0.0,1.0,1.0,0.2813961446,0.2981095681,0.0476962924,0.04742223024
3664,1.0,0.0,0.0,0.0,1.0,1.0,0.287620852,0.3056710838,0.04912370443,0.04884922504
3665,1.0,0.0,0.0,0.0,1.0,1.0,0.2813964465,0.2994904667,0.04788613319,0.04816132784
3666,1.0,0.0,0.0,0.0,1.0,1.0,0.2744832981,0.2867814928,0.04690420628,0.04607647657
3667,1.0,0.0,0.0,0.0,1.0,1.0,0.2552117265,0.2717781442,0.04319626093,0.04319626093
3668,1.0,0.0,0.0,0.0,1.0,1.0,0.2386729152,0.2489898835,0.03958052397,0.03930562735
3669,1.0,0.0,0.0,0.0,1.0,1.0,0.2254632276,0.2199473875,0.03772252798,0.03518891335
3670,1.0,0.0,0.0,0.0,1.0,1.0,0.2090668107,0.1956205777,0.03459894657,0.03094220161
3671,1.0,0.0,0.0,0.0,1.0,1.0,0.1741834373,0.1600530089,0.02876889706,0.02513790131
3672,1.0,0.0,0.0,0.0,1.0,1.0,0.1537601777,0.1402097597,0.02548903227,0.02209055424
3673,1.0,0.0,0.0,0.0,1.0,1.0,0.1852708545,0.1648017091,0.03050220013,0.02602481842
3674,1.0,0.0,0.0,0.0,1.0,1.0,0.2461434589,0.238620983,0.04202520847,0.0389226675
3675,1.0,0.0,0.0,0.0,1.0,1.0,0.2660851753,0.2677686668,0.04456114769,0.04265916348
3676,1.0,0.0,0.0,0.0,1.0,1.0,0.2823463027,0.2872545452,0.04801785946,0.04610806704
3677,1.0,0.0,0.0,0.0,1.0,1.0,0.2896472935,0.2921955812,0.0493324995,0.04770612717
3678,1.0,0.0,0.0,0.0,1.0,1.0,0.3034870607,0.3087976708,0.0521531105,0.05078786612
3679,1.0,0.0,0.0,0.0,1.0,1.0,0.2991960004,0.3091921743,0.05168271065,0.05085802078
3680,1.0,0.0,0.0,0.0,1.0,1.0,0.3018982413,0.3087977008,0.05163007975,0.05054312944
3681,1.0,0.0,0.0,0.0,1.0,1.0,0.2953621002,0.3018449744,0.04992467165,0.04857540131
3682,1.0,0.0,0.0,0.0,1.0,1.0,0.2948910574,0.30016776,0.05033910275,0.04870647192
3683,1.0,0.0,0.0,0.0,1.0,1.0,0.298079332,0.3025065624,0.05081188679,0.04918152094
3684,1.0,0.0,0.0,0.0,1.0,1.0,0.2990327886,0.3008353324,0.05105745792,0.04914623499
3685,1.0,0.0,0.0,0.0,1.0,1.0,0.2953620301,0.2965011117,0.04944354296,0.04757273197
3686,1.0,0.0,0.0,0.0,1.0,1.0,0.2903678544,0.2958215867,0.04947757721,0.04838413
3687,1.0,0.0,0.0,0.0,1.0,1.0,0.291503914,0.2994960779,0.04958641529,0.04849660397
3688,1.0,0.0,0.0,0.0,1.0,1.0,0.289693626,0.2951371006,0.04852074385,0.04744243622
3689,1.0,0.0,0.0,0.0,1.0,1.0,0.2945216049,0.302861006,0.04959738255,0.04878425598
3690,1.0,0.0,0.0,0.0,1.0,1.0,0.2921691241,0.2948354727,0.04969549179,0.04806613922
3691,1.0,0.0,0.0,0.0,1.0,1.0,0.2919717518,0.3005079014,0.0493965745,0.0483109355
3692,1.0,0.0,0.0,0.0,1.0,1.0,0.2919715354,0.297131594,0.04942208529,0.04779285192
3693,1.0,0.0,0.0,0.0,1.0,1.0,0.2921692238,0.2968142538,0.04891139269,0.04730772972
3694,1.0,0.0,0.0,0.0,1.0,1.0,0.2980790432,0.3031640232,0.05021989346,0.04887712002
3695,1.0,0.0,0.0,0.0,1.0,1.0,0.3035460998,0.3102296631,0.05148178339,0.05066031218
3696,1.0,0.0,0.0,0.0,1.0,1.0,0.3106154573,0.3164898338,0.0524584651,0.05164307356
3697,1.0,0.0,0.0,0.0,1.0,1.0,0.3085094038,0.3108630567,0.051222682,0.04962193966
3698,1.0,0.0,0.0,0.0,1.0,1.0,0.3182936216,0.3216027816,0.05369490385,0.05235254765
3699,1.0,0.0,0.0,0.0,1.0,1.0,0.3225545566,0.3211324093,0.05546075106,0.05354833603
3700,1.0,0.0,0.0,0.0,1.0,1.0,0.3069090464,0.3067597087,0.05158978701,0.049718678
3701,1.0,0.0,0.0,0.0,1.0,1.0,0.3096185382,0.3011565092,0.05253779888,0.04954344034
3702,1.0,0.0,0.0,0.0,1.0,1.0,0.310865724,0.300496379,0.05185735226,0.048633039
3703,1.0,0.0,0.0,0.0,1.0,1.0,0.3156978748,0.3117074407,0.05236274004,0.05049270391
3704,1.0,0.0,0.0,0.0,1.0,1.0,0.3219356679,0.3129398349,0.05608153343,0.05329138041
3705,1.0,0.0,0.0,0.0,1.0,1.0,0.3127284857,0.302811234,0.05183064938,0.04889184237
3706,1.0,0.0,0.0,0.0,1.0,1.0,0.3178207388,0.3094297416,0.05400788784,0.0512663722
3707,1.0,0.0,0.0,0.0,1.0,1.0,0.3157817486,0.3057503855,0.05360263586,0.05060964823
3708,1.0,0.0,0.0,0.0,1.0,1.0,0.3190558344,0.3080247375,0.05430233479,0.05104416609
3709,1.0,0.0,0.0,0.0,1.0,1.0,0.3142698173,0.3070181273,0.05391710997,0.05145388842
3710,1.0,0.0,0.0,0.0,1.0,1.0,0.3173846135,0.309663174,0.05411094427,0.05165141821
3711,1.0,0.0,0.0,0.0,1.0,1.0,0.3119737106,0.3024629331,0.05179291964,0.0491232276
3712,1.0,0.0,0.0,0.0,1.0,1.0,0.3130780611,0.3008190496,0.0523223877,0.04910260439
3713,1.0,0.0,0.0,0.0,1.0,1.0,0.3100045683,0.2978472243,0.0526330471,0.04934352636
3714,1.0,0.0,0.0,0.0,1.0,1.0,0.3176399381,0.3024630284,0.05333298445,0.04956197739
3715,1.0,0.0,0.0,0.0,1.0,1.0,0.3116192011,0.2995015213,0.05370950699,0.05037003756
3716,1.0,0.0,0.0,0.0,1.0,1.0,0.312980937,0.3044656671,0.05231136084,0.04961490631
3717,1.0,0.0,0.0,0.0,1.0,1.0,0.3101159263,0.2995013252,0.05361199379,0.05027860403
3718,1.0,0.0,0.0,0.0,1.0,1.0,0.303688697,0.2905355102,0.05127286911,0.04747492075
3719,1.0,0.0,0.0,0.0,1.0,1.0,0.2827849458,0.2658451004,0.04841256142,0.04370963573
3720,1.0,0.0,0.0,0.0,1.0,1.0,0.2669518368,0.2413615107,0.04548180103,0.03938055038
3721,1.0,0.0,0.0,0.0,1.0,1.0,0.2703406764,0.2481492356,0.04540205002,0.03989881277
3722,1.0,0.0,0.0,0.0,1.0,1.0,0.2818099159,0.2634584212,0.04793423414,0.04319655895
3723,1.0,0.0,0.0,0.0,1.0,1.0,0.2820409827,0.261758546,0.04761707783,0.04263389111
3724,1.0,0.0,0.0,0.0,1.0,1.0,0.2792197991,0.2634583234,0.04669833183,0.04257786274
3725,1.0,0.0,0.0,0.0,1.0,1.0,0.2775308116,0.2532368704,0.04660785198,0.04161417484
3726,1.0,0.0,0.0,0.0,1.0,1.0,0.2770234551,0.2541241918,0.04695367813,0.04189282656
3727,1.0,0.0,0.0,0.0,1.0,1.0,0.2782630854,0.2599899498,0.04666846991,0.04252630472
3728,1.0,0.0,0.0,0.0,1.0,1.0,0.2801088387,0.2609463939,0.04728996754,0.04281282425
3729,1.0,0.0,0.0,0.0,1.0,1.0,0.2801090762,0.2609464972,0.04711967707,0.04265862703
3730,1.0,0.0,0.0,0.0,1.0,1.0,0.2613798783,0.2310353493,0.0434397459,0.03759205341
3731,1.0,0.0,0.0,0.0,1.0,1.0,0.1907864658,0.1342005442,0.03064334393,0.02136600018
3732,1.0,0.0,0.0,0.0,1.0,1.0,0.1538993156,0.09267552491,0.02419030666,0.01451420784
3733,1.0,0.0,0.0,0.0,1.0,1.0,0.1548687056,0.09381062561,0.02479177713,0.01499038935
3734,1.0,0.0,0.0,0.0,1.0,1.0,0.2072014172,0.1472859985,0.03314363956,0.02339547873
3735,1.0,0.0,0.0,0.0,1.0,1.0,0.2573811461,0.2185223077,0.04217553139,0.03532892466
3736,1.0,0.0,0.0,0.0,1.0,1.0,0.2974624894,0.2781782036,0.04946410656,0.04538744688
3737,1.0,0.0,0.0,0.0,1.0,1.0,0.3143403711,0.3024624676,0.05458045006,0.05150157213
3738,1.0,0.0,0.0,0.0,1.0,1.0,0.3187322557,0.3086510192,0.05351901054,0.05082958937
3739,1.0,0.0,0.0,0.0,1.0,1.0,0.3141791309,0.3070180045,0.05340731144,0.05122739077
3740,1.0,0.0,0.0,0.0,1.0,1.0,0.3147722678,0.3066472089,0.05302852392,0.05087512732
3741,1.0,0.0,0.0,0.0,1.0,1.0,0.3161985938,0.3147590797,0.05452990532,0.05315977335
3742,1.0,0.0,0.0,0.0,1.0,1.0,0.3214764363,0.3233490401,0.05572372675,0.05462032557
3743,1.0,0.0,0.0,0.0,1.0,1.0,0.3222984464,0.325551289,0.05621510744,0.0553843379
3744,1.0,0.0,0.0,0.0,1.0,1.0,0.3167805232,0.3190399076,0.05511927605,0.05401682854
3745,1.0,0.0,0.0,0.0,1.0,1.0,0.3289102614,0.3249819046,0.05656558275,0.0543794632
3746,1.0,0.0,0.0,0.0,1.0,1.0,0.3243592435,0.3227705236,0.05668270588,0.05500733852
3747,1.0,0.0,0.0,0.0,1.0,1.0,0.3257320979,0.3217157147,0.05557703972,0.05340820551
3748,1.0,0.0,0.0,0.0,1.0,1.0,0.3199483905,0.3228717846,0.05655038357,0.05571049452
3749,1.0,0.0,0.0,0.0,1.0,1.0,0.3145207142,0.3139695352,0.05405831337,0.05241191387
3750,1.0,0.0,0.0,0.0,1.0,1.0,0.3219356513,0.320544546,0.0547619462,0.05312722921
3751,1.0,0.0,0.0,0.0,1.0,1.0,0.3241433119,0.3239233988,0.05520820618,0.05385506153
3752,1.0,0.0,0.0,0.0,1.0,1.0,0.3156132209,0.310901595,0.05365025997,0.05175358057
3753,1.0,0.0,0.0,0.0,1.0,1.0,0.308744675,0.3102844782,0.05202883482,0.05095613003
3754,1.0,0.0,0.0,0.0,1.0,1.0,0.3218407562,0.3244940409,0.05513322353,0.05405217409
3755,1.0,0.0,0.0,0.0,1.0,1.0,0.3161985634,0.3227704949,0.05425995588,0.05371463299
3756,1.0,0.0,0.0,0.0,1.0,1.0,0.3106907654,0.3222955516,0.05351638794,0.05406248569
3757,1.0,0.0,0.0,0.0,1.0,1.0,0.314110304,0.3200828287,0.05310833454,0.05257189274
3758,1.0,0.0,0.0,0.0,1.0,1.0,0.3176092941,0.3282477852,0.05360686779,0.05360680819
3759,1.0,0.0,0.0,0.0,1.0,1.0,0.3151966039,0.3276859317,0.05328845978,0.05355620384
3760,1.0,0.0,0.0,0.0,1.0,1.0,0.3076431846,0.3139693436,0.05171442032,0.05117851496
3761,1.0,0.0,0.0,0.0,1.0,1.0,0.3025686386,0.3051101948,0.05057495832,0.04976791143
3762,1.0,0.0,0.0,0.0,1.0,1.0,0.3091219753,0.3160485609,0.05296045542,0.05241167545
3763,1.0,0.0,0.0,0.0,1.0,1.0,0.3085092361,0.3143938072,0.05371266603,0.05315315723
3764,1.0,0.0,0.0,0.0,1.0,1.0,0.3144309507,0.3226672143,0.05525654554,0.05497461557
3765,1.0,0.0,0.0,0.0,1.0,1.0,0.2987022508,0.3044658306,0.05009108782,0.04982036352
3766,1.0,0.0,0.0,0.0,1.0,1.0,0.3101162511,0.3133562621,0.05350279808,0.05267113447
3767,1.0,0.0,0.0,0.0,1.0,1.0,0.3107238006,0.3183040341,0.05313903093,0.05286514759
3768,1.0,0.0,0.0,0.0,1.0,1.0,0.3175644434,0.3199533871,0.05296230316,0.05215579271
3769,1.0,0.0,0.0,0.0,1.0,1.0,0.3133299511,0.3172568022,0.0535248518,0.05297583342
3770,1.0,0.0,0.0,0.0,1.0,1.0,0.2967349882,0.2988364411,0.04871499538,0.04817962646
3771,1.0,0.0,0.0,0.0,1.0,1.0,0.2967348856,0.305849169,0.04911470413,0.04938453436
3772,1.0,0.0,0.0,0.0,1.0,1.0,0.3085092401,0.309038079,0.05264234543,0.05154567957
3773,1.0,0.0,0.0,0.0,1.0,1.0,0.3077698502,0.3100579502,0.05226457119,0.05171442032
3774,1.0,0.0,0.0,0.0,1.0,1.0,0.3067753068,0.3084088331,0.05210542679,0.05128276348
3775,1.0,0.0,0.0,0.0,1.0,1.0,0.3245359126,0.3216028463,0.05593550205,0.05426585674
3776,1.0,0.0,0.0,0.0,1.0,1.0,0.3123256605,0.3166548728,0.05417776108,0.05334424973
3777,1.0,0.0,0.0,0.0,1.0,1.0,0.3102265621,0.3166547145,0.05217546225,0.05163758993
3778,1.0,0.0,0.0,0.0,1.0,1.0,0.3075206119,0.3094298156,0.05388742685,0.0524840951
3779,1.0,0.0,0.0,0.0,1.0,1.0,0.3041779984,0.3098267259,0.05062752962,0.0498238802
3780,1.0,0.0,0.0,0.0,1.0,1.0,0.3009591376,0.3087977464,0.05126345158,0.05098932981
3781,1.0,0.0,0.0,0.0,1.0,1.0,0.2979106756,0.301811741,0.05036568642,0.04955333471
3782,1.0,0.0,0.0,0.0,1.0,1.0,0.2908345134,0.2895735865,0.04799753428,0.04640644789
3783,1.0,0.0,0.0,0.0,1.0,1.0,0.2862401547,0.2902670056,0.04902505875,0.04820340872
3784,1.0,0.0,0.0,0.0,1.0,1.0,0.2839502964,0.2836697492,0.0481826663,0.04682159424
3785,1.0,0.0,0.0,0.0,1.0,1.0,0.2915038951,0.2968636323,0.04893684387,0.04839903116
3786,1.0,0.0,0.0,0.0,1.0,1.0,0.2876207266,0.293565543,0.04798102379,0.0477129817
3787,1.0,0.0,0.0,0.0,1.0,1.0,0.2862481,0.2944485471,0.04807525873,0.047532022
3788,1.0,0.0,0.0,0.0,1.0,1.0,0.289269095,0.2937550239,0.04848814011,0.0473985672
3789,1.0,0.0,0.0,0.0,1.0,1.0,0.2916404432,0.2998324822,0.04851490259,0.04824233055
3790,1.0,0.0,0.0,0.0,1.0,1.0,0.2876685495,0.2957529857,0.04777038097,0.0474973321
3791,1.0,0.0,0.0,0.0,1.0,1.0,0.2958876593,0.3008526006,0.04881578684,0.04800218344
3792,1.0,0.0,0.0,0.0,1.0,1.0,0.2914355756,0.2967624232,0.04774492979,0.04693561792
3793,1.0,0.0,0.0,0.0,1.0,1.0,0.2983652785,0.3018446476,0.04932135344,0.04851275682
3794,1.0,0.0,0.0,0.0,1.0,1.0,0.3048869919,0.3140140009,0.05065852404,0.05038762093
3795,1.0,0.0,0.0,0.0,1.0,1.0,0.3063863437,0.3133843048,0.05048394203,0.04994398355
3796,1.0,0.0,0.0,0.0,1.0,1.0,0.3031096847,0.3099963323,0.05026710033,0.04972362518
3797,1.0,0.0,0.0,0.0,1.0,1.0,0.3013141685,0.306996026,0.04975736141,0.04894173145
3798,1.0,0.0,0.0,0.0,1.0,1.0,0.3051103409,0.3127504619,0.05029684305,0.05002492666
3799,1.0,0.0,0.0,0.0,1.0,1.0,0.3061203612,0.3131809579,0.05061000586,0.05006283522
3800,1.0,0.0,0.0,0.0,1.0,1.0,0.304177811,0.3105904683,0.05006170273,0.04923653603
3801,1.0,0.0,0.0,0.0,1.0,1.0,0.3136813486,0.3211262362,0.05076146126,0.05049139261
3802,1.0,0.0,0.0,0.0,1.0,1.0,0.3102294236,0.3147030757,0.05059105158,0.04977065325
3803,1.0,0.0,0.0,0.0,1.0,1.0,0.3112739828,0.3095159833,0.0503500104,0.04871708155
3804,1.0,0.0,0.0,0.0,1.0,1.0,0.3068753812,0.3151550826,0.05046248436,0.04991102219
3805,1.0,0.0,0.0,0.0,1.0,1.0,0.3113841615,0.3181612064,0.05060333014,0.05005913973
3806,1.0,0.0,0.0,0.0,1.0,1.0,0.3136811296,0.3181613495,0.05206441879,0.05095666647
3807,1.0,0.0,0.0,0.0,1.0,1.0,0.3164899001,0.3176921213,0.0514383316,0.05008471012
3808,1.0,0.0,0.0,0.0,1.0,1.0,0.3148243409,0.3118945567,0.05156260729,0.04938000441
3809,1.0,0.0,0.0,0.0,1.0,1.0,0.3148243625,0.3138177715,0.05149161816,0.050129354
3810,1.0,0.0,0.0,0.0,1.0,1.0,0.3144866629,0.3161497185,0.05138832331,0.05004304647
3811,1.0,0.0,0.0,0.0,1.0,1.0,0.3127393578,0.3093509566,0.05002325773,0.04817050695
3812,1.0,0.0,0.0,0.0,1.0,1.0,0.3102845462,0.3089489992,0.05136805773,0.04947549105
3813,1.0,0.0,0.0,0.0,1.0,1.0,0.307645602,0.3068754054,0.0514318943,0.04979914427
3814,1.0,0.0,0.0,0.0,1.0,1.0,0.3085095738,0.3131584858,0.05058205128,0.04952824116
3815,1.0,0.0,0.0,0.0,1.0,1.0,0.3071454828,0.3112738439,0.04960340261,0.04855358601
3816,1.0,0.0,0.0,0.0,1.0,1.0,0.3061497203,0.3108630948,0.05040979385,0.0496096611
3817,1.0,0.0,0.0,0.0,1.0,1.0,0.3113013722,0.3140137894,0.0505271554,0.04946345091
3818,1.0,0.0,0.0,0.0,1.0,1.0,0.3139693075,0.3190786412,0.05121618509,0.0506799221
3819,1.0,0.0,0.0,0.0,1.0,1.0,0.3072664948,0.3095917223,0.05041515827,0.04987311363
3820,1.0,0.0,0.0,0.0,1.0,1.0,0.3119064071,0.3108230893,0.05114680529,0.04977190495
3821,1.0,0.0,0.0,0.0,1.0,1.0,0.3084277499,0.3095158832,0.05002635717,0.04893296957
3822,1.0,0.0,0.0,0.0,1.0,1.0,0.3055729525,0.3067255053,0.04945337772,0.04863369465
3823,1.0,0.0,0.0,0.0,1.0,1.0,0.3149859687,0.3118951612,0.05057674646,0.04948323965
3824,1.0,0.0,0.0,0.0,1.0,1.0,0.3163450685,0.3156131518,0.05322867632,0.05264371634
3825,1.0,0.0,0.0,0.0,1.0,1.0,0.3034324011,0.3107804677,0.05547958612,0.0551661849
3826,1.0,0.0,0.0,0.0,1.0,1.0,0.2949744655,0.3041006883,0.05299270153,0.05330437422
3827,1.0,0.0,0.0,0.0,1.0,1.0,0.3120208952,0.3186137621,0.05666095018,0.05607068539
3828,1.0,0.0,0.0,0.0,1.0,1.0,0.3073855904,0.3051867643,0.0561504364,0.05486696959
3829,1.0,0.0,0.0,0.0,1.0,1.0,0.3084918492,0.3019898252,0.05864745378,0.05761861801
3830,1.0,0.0,0.0,0.0,1.0,1.0,0.3234558744,0.3193164407,0.06118643284,0.06084269285
3831,1.0,0.0,0.0,0.0,1.0,1.0,0.3402354129,0.3360797766,0.06428903341,0.06395417452
3832,1.0,0.0,0.0,0.0,1.0,1.0,0.324818507,0.3296404342,0.05781495571,0.05972093344
3833,1.0,0.0,0.0,0.0,1.0,1.0,0.3225150457,0.315974578,0.05873125792,0.0593765974
3834,1.0,0.0,0.0,0.0,1.0,1.0,0.3319574593,0.3205107326,0.05712783337,0.05712783337
3835,1.0,0.0,0.0,0.0,1.0,1.0,0.3343457889,0.321126413,0.05878609419,0.05910211802
3836,1.0,0.0,0.0,0.0,1.0,1.0,0.3241916355,0.3068756088,0.05857431889,0.05922156572
3837,1.0,0.0,0.0,0.0,1.0,1.0,0.326096708,0.3044657594,0.05941778421,0.05909657478
3838,1.0,0.0,0.0,0.0,1.0,1.0,0.3384073894,0.3060181465,0.06308758259,0.06145322323
3839,1.0,0.0,0.0,0.0,1.0,1.0,0.3226269692,0.2962515669,0.05955636501,0.05890899897
3840,1.0,0.0,0.0,0.0,1.0,1.0,0.3158020616,0.2754238683,0.0567445159,0.05384284258
3841,1.0,0.0,0.0,0.0,1.0,1.0,0.3217627471,0.279449106,0.05924814939,0.05626916885
3842,1.0,0.0,0.0,0.0,1.0,1.0,0.3258656369,0.2770728672,0.05746734142,0.05393576622
3843,1.0,0.0,0.0,0.0,1.0,1.0,0.3182576949,0.2681835522,0.05527406931,0.05204170942
3844,1.0,0.0,0.0,0.0,1.0,1.0,0.3312758486,0.2793053362,0.05734097958,0.05377739668
3845,1.0,0.0,0.0,0.0,1.0,1.0,0.3399587377,0.2867525529,0.05986022949,0.05593496561
3846,1.0,0.0,0.0,0.0,1.0,1.0,0.3288125703,0.2860356249,0.05610895157,0.05388998985
3847,1.0,0.0,0.0,0.0,1.0,1.0,0.3343925503,0.3025523195,0.05667698383,0.05636042356
3848,1.0,0.0,0.0,0.0,1.0,1.0,0.3282027563,0.2896689756,0.05574500561,0.05385535955
3849,1.0,0.0,0.0,0.0,1.0,1.0,0.326348304,0.2899402529,0.05610340834,0.05419075489
3850,1.0,0.0,0.0,0.0,1.0,1.0,0.3277740512,0.2853193037,0.05758816004,0.05444127321
3851,1.0,0.0,0.0,0.0,1.0,1.0,0.3278026248,0.2945371827,0.05754363537,0.05566716194
3852,1.0,0.0,0.0,0.0,1.0,1.0,0.3431184691,0.3060178826,0.06064498425,0.05846792459
3853,1.0,0.0,0.0,0.0,1.0,1.0,0.3372458126,0.3031095434,0.06079137325,0.05857503414
3854,1.0,0.0,0.0,0.0,1.0,1.0,0.3509626965,0.312118164,0.06100964546,0.05822241306
3855,1.0,0.0,0.0,0.0,1.0,1.0,0.3403118017,0.3119061219,0.05971044302,0.05845332146
3856,1.0,0.0,0.0,0.0,1.0,1.0,0.3408400851,0.3051986504,0.0606675148,0.05750769377
3857,1.0,0.0,0.0,0.0,1.0,1.0,0.3414466375,0.310229555,0.06182217598,0.05956822634
3858,1.0,0.0,0.0,0.0,1.0,1.0,0.3361758122,0.30633574,0.05915230513,0.05723387003
3859,1.0,0.0,0.0,0.0,1.0,1.0,0.3355657733,0.3114698354,0.05799406767,0.05705362558
3860,1.0,0.0,0.0,0.0,1.0,1.0,0.3361593717,0.3125403437,0.05966603756,0.05838292837
3861,1.0,0.0,0.0,0.0,1.0,1.0,0.3450668951,0.3240513354,0.06172537804,0.06076592207
3862,1.0,0.0,0.0,0.0,1.0,1.0,0.3438941154,0.3268722429,0.05973261595,0.0594214797
3863,1.0,0.0,0.0,0.0,1.0,1.0,0.3373340469,0.3110506293,0.05872112513,0.05715936422
3864,1.0,0.0,0.0,0.0,1.0,1.0,0.3427689114,0.3138180615,0.05888825655,0.05702865124
3865,1.0,0.0,0.0,0.0,1.0,1.0,0.3468544853,0.3302951911,0.0634920001,0.0631647706
3866,1.0,0.0,0.0,0.0,1.0,1.0,0.3349679749,0.313413617,0.05868256092,0.0574067831
3867,1.0,0.0,0.0,0.0,1.0,1.0,0.3319313519,0.3138598288,0.05765777826,0.0567073822
3868,1.0,0.0,0.0,0.0,1.0,1.0,0.3313465764,0.3057733191,0.05928397179,0.05638420582
3869,1.0,0.0,0.0,0.0,1.0,1.0,0.3289755978,0.307520729,0.05884099007,0.05628269911
3870,1.0,0.0,0.0,0.0,1.0,1.0,0.3260591622,0.3029664593,0.05905085802,0.05584150553
3871,1.0,0.0,0.0,0.0,1.0,1.0,0.3073822386,0.2797732661,0.05492925644,0.05107456446
3872,1.0,0.0,0.0,0.0,1.0,1.0,0.2712510031,0.2302288028,0.0471047163,0.04078197479
3873,1.0,0.0,0.0,0.0,1.0,1.0,0.2755220482,0.2329657956,0.04865294695,0.04165703058
3874,1.0,0.0,0.0,0.0,1.0,1.0,0.281660957,0.243636238,0.04993420839,0.04413539171
3875,1.0,0.0,0.0,0.0,1.0,1.0,0.2634891997,0.2159507152,0.04549598694,0.03796559572
3876,1.0,0.0,0.0,0.0,1.0,1.0,0.2268106248,0.1683842559,0.03926366568,0.02968716621
3877,1.0,0.0,0.0,0.0,1.0,1.0,0.2489382511,0.1951465468,0.04319304228,0.03423452377
3878,1.0,0.0,0.0,0.0,1.0,1.0,0.2635893128,0.2317546853,0.04603070021,0.04091614485
3879,1.0,0.0,0.0,0.0,1.0,1.0,0.3090495967,0.2758317694,0.05491131544,0.04945236444
3880,1.0,0.0,0.0,0.0,1.0,1.0,0.3171132996,0.2977061908,0.0574786067,0.05424952507
3881,1.0,0.0,0.0,0.0,1.0,1.0,0.3202437824,0.303339373,0.05770665407,0.0548530221
3882,1.0,0.0,0.0,0.0,1.0,1.0,0.3261337532,0.3145096264,0.06018030643,0.05823898315
3883,1.0,0.0,0.0,0.0,1.0,1.0,0.3471011824,0.327403551,0.06298798323,0.06013929844
3884,1.0,0.0,0.0,0.0,1.0,1.0,0.3343205143,0.3129740311,0.06012177467,0.05727386475
3885,1.0,0.0,0.0,0.0,1.0,1.0,0.338971339,0.3210013406,0.05985242128,0.05707579851
3886,1.0,0.0,0.0,0.0,1.0,1.0,0.3360646479,0.3125401837,0.05896282196,0.05589181185
3887,1.0,0.0,0.0,0.0,1.0,1.0,0.3395318044,0.3250780953,0.06124222279,0.05904376507
3888,1.0,0.0,0.0,0.0,1.0,1.0,0.3460965384,0.3296403874,0.06333017349,0.06074523926
3889,1.0,0.0,0.0,0.0,1.0,1.0,0.3373117681,0.3225151676,0.06071037054,0.05846184492
3890,1.0,0.0,0.0,0.0,1.0,1.0,0.3426151477,0.3290417458,0.06251692772,0.06057339907
3891,1.0,0.0,0.0,0.0,1.0,1.0,0.3349381679,0.3171987574,0.05987912416,0.05731749535
3892,1.0,0.0,0.0,0.0,1.0,1.0,0.3385206296,0.3249070637,0.05980849266,0.05822628736
3893,1.0,0.0,0.0,0.0,1.0,1.0,0.3337485712,0.3154264779,0.06140929461,0.05908566713
3894,1.0,0.0,0.0,0.0,1.0,1.0,0.337333941,0.3167246558,0.06126534939,0.05865836143
3895,1.0,0.0,0.0,0.0,1.0,1.0,0.3465217649,0.3361431758,0.06193935871,0.0609613657
3896,1.0,0.0,0.0,0.0,1.0,1.0,0.3379408504,0.3225149246,0.06089681387,0.05895328522
3897,1.0,0.0,0.0,0.0,1.0,1.0,0.3289072653,0.3152362051,0.05940324068,0.05776226521
3898,1.0,0.0,0.0,0.0,1.0,1.0,0.3271553369,0.3118824825,0.05830085278,0.0563788414
3899,1.0,0.0,0.0,0.0,1.0,1.0,0.3260209681,0.3149648494,0.05898910761,0.05769973993
3900,1.0,0.0,0.0,0.0,1.0,1.0,0.3395990391,0.3227364462,0.06042098999,0.05822956562
3901,1.0,0.0,0.0,0.0,1.0,1.0,0.3477846983,0.3296772732,0.06345582008,0.06089198589
3902,1.0,0.0,0.0,0.0,1.0,1.0,0.3401980213,0.3232458562,0.06202113628,0.05945026875
3903,1.0,0.0,0.0,0.0,1.0,1.0,0.3495409086,0.3348826933,0.06297308207,0.06107449532
3904,1.0,0.0,0.0,0.0,1.0,1.0,0.333735865,0.3243800529,0.06026494503,0.05898946524
3905,1.0,0.0,0.0,0.0,1.0,1.0,0.3460282331,0.3331472098,0.06294310093,0.06134551764
3906,1.0,0.0,0.0,0.0,1.0,1.0,0.3313845982,0.3162570944,0.06044083834,0.05819040537
3907,1.0,0.0,0.0,0.0,1.0,1.0,0.3279143504,0.31736672,0.06018406153,0.05794322491
3908,1.0,0.0,0.0,0.0,1.0,1.0,0.3355016126,0.3207427915,0.06102603674,0.05813533068
3909,1.0,0.0,0.0,0.0,1.0,1.0,0.3384634545,0.3225149491,0.06155478954,0.05865430832
3910,1.0,0.0,0.0,0.0,1.0,1.0,0.3378645486,0.327281983,0.06264567375,0.06100571156
3911,1.0,0.0,0.0,0.0,1.0,1.0,0.3414462929,0.3231410857,0.06441920996,0.06139957905
3912,1.0,0.0,0.0,0.0,1.0,1.0,0.3337423783,0.3225150674,0.06080192327,0.05917620659
3913,1.0,0.0,0.0,0.0,1.0,1.0,0.3402355693,0.3278309906,0.06292235851,0.06062829494
3914,1.0,0.0,0.0,0.0,1.0,1.0,0.3460965181,0.3278872044,0.0647020936,0.06173110008
3915,1.0,0.0,0.0,0.0,1.0,1.0,0.3390334051,0.3226271034,0.06396567822,0.06130045652
3916,1.0,0.0,0.0,0.0,1.0,1.0,0.3378644149,0.3125464601,0.06314527988,0.05851686001
3917,1.0,0.0,0.0,0.0,1.0,1.0,0.33374204,0.3118825833,0.06041413546,0.05686038733
3918,1.0,0.0,0.0,0.0,1.0,1.0,0.3301887238,0.3001858462,0.06043177843,0.05523335934
3919,1.0,0.0,0.0,0.0,1.0,1.0,0.3266033107,0.2895909682,0.0605506897,0.054264009
3920,1.0,0.0,0.0,0.0,1.0,1.0,0.3156131915,0.2774250486,0.05790990591,0.05191922188
3921,1.0,0.0,0.0,0.0,1.0,1.0,0.3210549192,0.2868434065,0.05923765898,0.05321347713
3922,1.0,0.0,0.0,0.0,1.0,1.0,0.325982764,0.2868113747,0.06040108204,0.05409544706
3923,1.0,0.0,0.0,0.0,1.0,1.0,0.3248628033,0.2967093172,0.06135338545,0.05733025074
3924,1.0,0.0,0.0,0.0,1.0,1.0,0.333147136,0.3095159775,0.06396955252,0.06090724468
3925,1.0,0.0,0.0,0.0,1.0,1.0,0.3343141423,0.3131815474,0.06265461445,0.06003040075
3926,1.0,0.0,0.0,0.0,1.0,1.0,0.323596856,0.2948355579,0.06220328808,0.05734366179
3927,1.0,0.0,0.0,0.0,1.0,1.0,0.3309736096,0.3102841398,0.06699448824,0.06270414591
3928,1.0,0.0,0.0,0.0,1.0,1.0,0.3203553503,0.2952147632,0.06303519011,0.05876719952
3929,1.0,0.0,0.0,0.0,1.0,1.0,0.326935847,0.2991639406,0.06376850605,0.05914282799
3930,1.0,0.0,0.0,0.0,1.0,1.0,0.3302348258,0.3118946839,0.06308221817,0.0604121089
3931,1.0,0.0,0.0,0.0,1.0,1.0,0.3421510865,0.3201057698,0.06351363659,0.0601708293
3932,1.0,0.0,0.0,0.0,1.0,1.0,0.334332824,0.3110150252,0.06369841099,0.06031018496
3933,1.0,0.0,0.0,0.0,1.0,1.0,0.3266032736,0.3044075281,0.06361067295,0.06013470888
3934,1.0,0.0,0.0,0.0,1.0,1.0,0.3295458674,0.3030222518,0.06176519394,0.05771499872
3935,1.0,0.0,0.0,0.0,1.0,1.0,0.3259441835,0.2948884852,0.06107902527,0.05635470152
3936,1.0,0.0,0.0,0.0,1.0,1.0,0.32756375,0.2936317235,0.05955094099,0.05447560549
3937,1.0,0.0,0.0,0.0,1.0,1.0,0.3294864184,0.2930018896,0.06147104502,0.05566543341
3938,1.0,0.0,0.0,0.0,1.0,1.0,0.3206095488,0.2825276845,0.06023734808,0.05384343863
3939,1.0,0.0,0.0,0.0,1.0,1.0,0.3188949307,0.2795641728,0.06360840797,0.05685669184
3940,1.0,0.0,0.0,0.0,1.0,1.0,0.3150604956,0.279564306,0.06112295389,0.05433154106
3941,1.0,0.0,0.0,0.0,1.0,1.0,0.3096862481,0.2760697095,0.06249326468,0.05610191822
3942,1.0,0.0,0.0,0.0,1.0,1.0,0.3044076861,0.2620915406,0.06116211414,0.05303072929
3943,1.0,0.0,0.0,0.0,1.0,1.0,0.2996563265,0.2559974111,0.06033653021,0.05181843042
3944,1.0,0.0,0.0,0.0,1.0,1.0,0.2878253921,0.2437236129,0.05705034733,0.04865026474
3945,1.0,0.0,0.0,0.0,1.0,1.0,0.2888053532,0.2472485462,0.05955284834,0.05125153065
3946,1.0,0.0,0.0,0.0,1.0,1.0,0.264660618,0.2109548825,0.05551785231,0.04456037283
3947,1.0,0.0,0.0,0.0,1.0,1.0,0.2485291992,0.1953134454,0.05181270838,0.04108005762
3948,1.0,0.0,0.0,0.0,1.0,1.0,0.228595718,0.1842942599,0.04792189598,0.03863471746
3949,1.0,0.0,0.0,0.0,1.0,1.0,0.2162427765,0.1504536789,0.04413384199,0.03115332127
3950,1.0,0.0,0.0,0.0,1.0,1.0,0.2068441875,0.139414921,0.04165744781,0.02838605642
3951,1.0,0.0,0.0,0.0,1.0,1.0,0.1947443139,0.1331370882,0.03702306747,0.02549695969
3952,1.0,0.0,0.0,0.0,1.0,1.0,0.2020730669,0.1382208146,0.04083549976,0.02869522572
3953,1.0,0.0,0.0,0.0,1.0,1.0,0.1909646915,0.1380347286,0.03858029842,0.0284845233
3954,1.0,0.0,0.0,0.0,1.0,1.0,0.1777591447,0.1338536859,0.03498953581,0.02677768469
3955,1.0,0.0,0.0,0.0,1.0,1.0,0.1624801503,0.1207502295,0.02983635664,0.0225507021
3956,1.0,0.0,0.0,0.0,1.0,1.0,0.1627878134,0.1282303794,0.02912265062,0.02302724123
3957,1.0,0.0,0.0,0.0,1.0,1.0,0.1569215742,0.1263448087,0.02911394835,0.02322191
3958,1.0,0.0,0.0,0.0,1.0,1.0,0.1465347209,0.1225369646,0.02744400501,0.02251815796
3959,1.0,0.0,0.0,0.0,1.0,1.0,0.1581984905,0.1378541426,0.03067314625,0.02598196268
3960,1.0,0.0,0.0,0.0,1.0,1.0,0.232428321,0.2233186158,0.0448743701,0.04211288691
3961,1.0,0.0,0.0,0.0,1.0,1.0,0.2827945615,0.2770192589,0.05560034513,0.05283761024
3962,1.0,0.0,0.0,0.0,1.0,1.0,0.3017514291,0.3019898528,0.05699640512,0.05534911156
3963,1.0,0.0,0.0,0.0,1.0,1.0,0.3072665231,0.3178498517,0.05937856436,0.05969780684
3964,1.0,0.0,0.0,0.0,1.0,1.0,0.2775309836,0.2840880304,0.0531039238,0.05247175694
3965,1.0,0.0,0.0,0.0,1.0,1.0,0.2860353439,0.2932387444,0.05339848995,0.05308437347
3966,1.0,0.0,0.0,0.0,1.0,1.0,0.2936672453,0.2994960275,0.0562209487,0.05528908968
3967,1.0,0.0,0.0,0.0,1.0,1.0,0.30276253,0.3112739458,0.05504280329,0.05474686623
3968,1.0,0.0,0.0,0.0,1.0,1.0,0.3050760998,0.3054775191,0.0532386899,0.05102044344
3969,1.0,0.0,0.0,0.0,1.0,1.0,0.2991958258,0.311492718,0.05167645216,0.05140161514
3970,1.0,0.0,0.0,0.0,1.0,1.0,0.2960127668,0.3075205299,0.05194962025,0.05139106512
3971,1.0,0.0,0.0,0.0,1.0,1.0,0.2901090168,0.3045437682,0.05013227463,0.04985684156
3972,1.0,0.0,0.0,0.0,1.0,1.0,0.2903676113,0.3087013939,0.05114877224,0.05114877224
3973,1.0,0.0,0.0,0.0,1.0,1.0,0.2937656454,0.3116902926,0.05103391409,0.05103391409
3974,1.0,0.0,0.0,0.0,1.0,1.0,0.2934867899,0.3089493898,0.05126398802,0.05070984364
3975,1.0,0.0,0.0,0.0,1.0,1.0,0.2900588278,0.2984909883,0.05068558455,0.04903280735
3976,1.0,0.0,0.0,0.0,1.0,1.0,0.2886928141,0.3038843501,0.05006486177,0.04897648096
3977,1.0,0.0,0.0,0.0,1.0,1.0,0.2987380042,0.3135830144,0.05203419924,0.05094438791
3978,1.0,0.0,0.0,0.0,1.0,1.0,0.2754873101,0.2889542063,0.04696589708,0.04641973972
3979,1.0,0.0,0.0,0.0,1.0,1.0,0.2653241391,0.2694742778,0.04483819008,0.0434628129
3980,1.0,0.0,0.0,0.0,1.0,1.0,0.2584482426,0.2584174912,0.04334628582,0.04142588377
3981,1.0,0.0,0.0,0.0,1.0,1.0,0.2527137205,0.2507190776,0.0426980257,0.0402187705
3982,1.0,0.0,0.0,0.0,1.0,1.0,0.249860225,0.2532832119,0.04207336903,0.03991580009
3983,1.0,0.0,0.0,0.0,1.0,1.0,0.2558571166,0.2694742395,0.04316425323,0.04262471199
3984,1.0,0.0,0.0,0.0,1.0,1.0,0.250251683,0.2728849443,0.04304540157,0.04304534197
3985,1.0,0.0,0.0,0.0,1.0,1.0,0.2526234202,0.2815327883,0.04351663589,0.04351663589
3986,1.0,0.0,0.0,0.0,1.0,1.0,0.2392366181,0.2764414981,0.04128175974,0.04236811399
3987,1.0,0.0,0.0,0.0,1.0,1.0,0.2408103233,0.2786213168,0.04171705246,0.04226237535
3988,1.0,0.0,0.0,0.0,1.0,1.0,0.236460982,0.2743923545,0.0405061841,0.04077625275
3989,1.0,0.0,0.0,0.0,1.0,1.0,0.2386490131,0.2745723516,0.04050499201,0.04077684879
3990,1.0,0.0,0.0,0.0,1.0,1.0,0.2263487851,0.2580979608,0.03880757093,0.03853434324
3991,1.0,0.0,0.0,0.0,1.0,1.0,0.1960006817,0.2339517954,0.03326165676,0.03436124325
3992,1.0,0.0,0.0,0.0,1.0,1.0,0.1717030232,0.2074310309,0.02933388948,0.03044080734
3993,1.0,0.0,0.0,0.0,1.0,1.0,0.1784717307,0.2112031054,0.0301246047,0.03067237139
3994,1.0,0.0,0.0,0.0,1.0,1.0,0.1684634234,0.2017741575,0.02869004011,0.0295176506
3995,1.0,0.0,0.0,0.0,1.0,1.0,0.1406740654,0.1653067945,0.0235722661,0.02384638786
3996,1.0,0.0,0.0,0.0,1.0,1.0,0.1220813307,0.1578068021,0.02036768198,0.02281188965
3997,1.0,0.0,0.0,0.0,1.0,1.0,0.109391952,0.1550857565,0.01793497801,0.02201104164
3998,1.0,0.0,0.0,0.0,1.0,1.0,0.1007701978,0.1564011818,0.01672422886,0.02248173952
3999,1.0,0.0,0.0,0.0,1.0,1.0,0.09994408364,0.1558065899,0.01630806923,0.0222877264
4000,1.0,0.0,0.0,0.0,1.0,1.0,0.09758863909,0.1501060386,0.01601624489,0.02181518078
4001,1.0,0.0,0.0,0.0,1.0,1.0,0.09808400636,0.1376590618,0.01580685377,0.01989483833
4002,1.0,0.0,0.0,0.0,1.0,1.0,0.1803868678,0.1862757647,0.03036516905,0.02845025063
4003,1.0,0.0,0.0,0.0,1.0,1.0,0.2406359235,0.2489959,0.04067772627,0.03905063868
4004,1.0,0.0,0.0,0.0,1.0,1.0,0.2783256767,0.2913628596,0.04735457897,0.04627835751
4005,1.0,0.0,0.0,0.0,1.0,1.0,0.3043827137,0.3196869566,0.05235356092,0.05127412081
4006,1.0,0.0,0.0,0.0,1.0,1.0,0.3102793017,0.3220791533,0.05342626572,0.05208384991
4007,1.0,0.0,0.0,0.0,1.0,1.0,0.3094640746,0.3152602036,0.05255848169,0.05041319132
4008,1.0,0.0,0.0,0.0,1.0,1.0,0.3205754643,0.3309187467,0.0546978116,0.05308908224
4009,1.0,0.0,0.0,0.0,1.0,1.0,0.3116368703,0.3202911489,0.0534273982,0.05153858662
4010,1.0,0.0,0.0,0.0,1.0,1.0,0.316780012,0.3241433507,0.05390810966,0.05175185204
4011,1.0,0.0,0.0,0.0,1.0,1.0,0.3067906947,0.3140139428,0.05267286301,0.05050081015
4012,1.0,0.0,0.0,0.0,1.0,1.0,0.3111468466,0.3180042157,0.05323517323,0.05081540346
4013,1.0,0.0,0.0,0.0,1.0,1.0,0.3106583581,0.3190787781,0.05267113447,0.05027705431
4014,1.0,0.0,0.0,0.0,1.0,1.0,0.2995170221,0.3076514074,0.05075657368,0.04835236073
4015,1.0,0.0,0.0,0.0,1.0,1.0,0.307884857,0.3161497795,0.05208915472,0.04968500137
4016,1.0,0.0,0.0,0.0,1.0,1.0,0.3003092071,0.3087009308,0.05127412081,0.04910373688
4017,1.0,0.0,0.0,0.0,1.0,1.0,0.3056016023,0.3173900725,0.05234873295,0.05021202564
4018,1.0,0.0,0.0,0.0,1.0,1.0,0.303096765,0.3158772199,0.05160540342,0.05001753569
4019,1.0,0.0,0.0,0.0,1.0,1.0,0.2962465481,0.3068759327,0.05091434717,0.049038589
4020,1.0,0.0,0.0,0.0,1.0,1.0,0.2957851675,0.304829659,0.05121642351,0.04932945967
4021,1.0,0.0,0.0,0.0,1.0,1.0,0.3054717833,0.3163217357,0.05131471157,0.04947268963
4022,1.0,0.0,0.0,0.0,1.0,1.0,0.3047272064,0.3129566119,0.05196195841,0.05007731915
4023,1.0,0.0,0.0,0.0,1.0,1.0,0.3090897359,0.3230520783,0.05267977715,0.05134272575
4024,1.0,0.0,0.0,0.0,1.0,1.0,0.2965378124,0.3089489101,0.05087077618,0.04925578833
4025,1.0,0.0,0.0,0.0,1.0,1.0,0.3018657024,0.314639282,0.0515421629,0.04993987083
4026,1.0,0.0,0.0,0.0,1.0,1.0,0.2960726862,0.3112739008,0.05042695999,0.04935973883
4027,1.0,0.0,0.0,0.0,1.0,1.0,0.3080041557,0.3224550124,0.05184179544,0.05051928759
4028,1.0,0.0,0.0,0.0,1.0,1.0,0.320634763,0.3320294425,0.05406880379,0.05222254992
4029,1.0,0.0,0.0,0.0,1.0,1.0,0.3093509766,0.3240511654,0.05202311277,0.05068922043
4030,1.0,0.0,0.0,0.0,1.0,1.0,0.3129241559,0.3234497822,0.05273348093,0.05085021257
4031,1.0,0.0,0.0,0.0,1.0,1.0,0.3116371736,0.3286299371,0.05336213112,0.05228406191
4032,1.0,0.0,0.0,0.0,1.0,1.0,0.3086050452,0.3258315289,0.05273389816,0.05166316032
4033,1.0,0.0,0.0,0.0,1.0,1.0,0.3069151305,0.3195494779,0.05211418867,0.05024343729
4034,1.0,0.0,0.0,0.0,1.0,1.0,0.3143783948,0.3292081255,0.05381095409,0.05220466852
4035,1.0,0.0,0.0,0.0,1.0,1.0,0.313304876,0.3280994247,0.05366063118,0.05231904984
4036,1.0,0.0,0.0,0.0,1.0,1.0,0.3101715286,0.322455426,0.05249243975,0.05063670874
4037,1.0,0.0,0.0,0.0,1.0,1.0,0.3100629255,0.3218540511,0.0527946949,0.05091875792
4038,1.0,0.0,0.0,0.0,1.0,1.0,0.3105522348,0.3218540601,0.05247306824,0.05060851574
4039,1.0,0.0,0.0,0.0,1.0,1.0,0.3110430224,0.3229486317,0.05262380838,0.05075383186
4040,1.0,0.0,0.0,0.0,1.0,1.0,0.3100632539,0.3246487381,0.05337744951,0.05175173283
4041,1.0,0.0,0.0,0.0,1.0,1.0,0.2996758524,0.3178496503,0.05053657293,0.04947817326
4042,1.0,0.0,0.0,0.0,1.0,1.0,0.3094639821,0.321249051,0.05286073685,0.05097281933
4043,1.0,0.0,0.0,0.0,1.0,1.0,0.3076432559,0.3194089059,0.05253732204,0.05063176155
4044,1.0,0.0,0.0,0.0,1.0,1.0,0.3054294597,0.3205106337,0.05140930414,0.05006349087
4045,1.0,0.0,0.0,0.0,1.0,1.0,0.2999927088,0.3118949179,0.05051964521,0.0488987565
4046,1.0,0.0,0.0,0.0,1.0,1.0,0.3101161924,0.3176917532,0.05204635859,0.04988896847
4047,1.0,0.0,0.0,0.0,1.0,1.0,0.3032015228,0.3153411917,0.05092459917,0.04930794239
4048,1.0,0.0,0.0,0.0,1.0,1.0,0.305787186,0.3216196948,0.05100619793,0.04993242025
4049,1.0,0.0,0.0,0.0,1.0,1.0,0.3096184486,0.3211262892,0.0521813035,0.05055904388
4050,1.0,0.0,0.0,0.0,1.0,1.0,0.3040374489,0.3134140733,0.05056709051,0.04841530323
4051,1.0,0.0,0.0,0.0,1.0,1.0,0.309122312,0.3211268091,0.05156046152,0.04995757341
4052,1.0,0.0,0.0,0.0,1.0,1.0,0.3171302877,0.3308498648,0.05317479372,0.05156350136
4053,1.0,0.0,0.0,0.0,1.0,1.0,0.3129243565,0.3245610145,0.05247783661,0.05060362816
4054,1.0,0.0,0.0,0.0,1.0,1.0,0.3034869863,0.3148926472,0.05154764652,0.04965847731
4055,1.0,0.0,0.0,0.0,1.0,1.0,0.3109376836,0.3189346092,0.05312258005,0.05068325996
4056,1.0,0.0,0.0,0.0,1.0,1.0,0.3061779289,0.3189344052,0.05221098661,0.05058789253
4057,1.0,0.0,0.0,0.0,1.0,1.0,0.3050762045,0.317692251,0.05197900534,0.05008393526
4058,1.0,0.0,0.0,0.0,1.0,1.0,0.2615666754,0.2690804378,0.04359686375,0.04144388437
4059,1.0,0.0,0.0,0.0,1.0,1.0,0.2200759979,0.210875274,0.03627967834,0.03246074915
4060,1.0,0.0,0.0,0.0,1.0,1.0,0.1811071988,0.1677762909,0.02946323156,0.02537107468
4061,1.0,0.0,0.0,0.0,1.0,1.0,0.1761728167,0.1665737662,0.02843135595,0.02515083551
4062,1.0,0.0,0.0,0.0,1.0,1.0,0.2042411883,0.2023957258,0.03323930502,0.03078716993
4063,1.0,0.0,0.0,0.0,1.0,1.0,0.2387464136,0.241124162,0.03950339556,0.03759634495
4064,1.0,0.0,0.0,0.0,1.0,1.0,0.2876207155,0.2882351028,0.04980099201,0.04701882601
4065,1.0,0.0,0.0,0.0,1.0,1.0,0.3064101939,0.3138178469,0.05253815651,0.05061262846
4066,1.0,0.0,0.0,0.0,1.0,1.0,0.3056929385,0.3108629646,0.05208843946,0.05019921064
4067,1.0,0.0,0.0,0.0,1.0,1.0,0.3072768486,0.309826994,0.05263638496,0.05046582222
4068,1.0,0.0,0.0,0.0,1.0,1.0,0.2869211733,0.2910829168,0.0495197773,0.04759395123
4069,1.0,0.0,0.0,0.0,1.0,1.0,0.2193895062,0.1985193635,0.03652894497,0.03138786554
4070,1.0,0.0,0.0,0.0,1.0,1.0,0.156840533,0.1214108586,0.02625077963,0.01926916838
4071,1.0,0.0,0.0,0.0,1.0,1.0,0.1743994717,0.1350123619,0.02891838551,0.02141070366
4072,1.0,0.0,0.0,0.0,1.0,1.0,0.2248330996,0.1998886176,0.03741949797,0.031683743
4073,1.0,0.0,0.0,0.0,1.0,1.0,0.2607240841,0.2549253022,0.04350614548,0.04055202007
4074,1.0,0.0,0.0,0.0,1.0,1.0,0.283712444,0.2800447536,0.04716908932,0.04475700855
4075,1.0,0.0,0.0,0.0,1.0,1.0,0.2896470547,0.2895735048,0.04920125008,0.04730892181
4076,1.0,0.0,0.0,0.0,1.0,1.0,0.2834955588,0.2815092953,0.04780840874,0.04564756155
4077,1.0,0.0,0.0,0.0,1.0,1.0,0.2944212379,0.2938558156,0.04999566078,0.04783374071
4078,1.0,0.0,0.0,0.0,1.0,1.0,0.2932974212,0.2961921365,0.04941630363,0.04807341099
4079,1.0,0.0,0.0,0.0,1.0,1.0,0.2910997061,0.2908075293,0.0489602685,0.04732823372
4080,1.0,0.0,0.0,0.0,1.0,1.0,0.3030565409,0.3112739905,0.05054926872,0.04974263906
4081,1.0,0.0,0.0,0.0,1.0,1.0,0.2951802899,0.3004967486,0.05011713505,0.04930001497
4082,1.0,0.0,0.0,0.0,1.0,1.0,0.3118257537,0.3166546546,0.05199676752,0.05119681358
4083,1.0,0.0,0.0,0.0,1.0,1.0,0.3060338136,0.3014984247,0.05155360699,0.04911160469
4084,1.0,0.0,0.0,0.0,1.0,1.0,0.3082538385,0.3110844057,0.05252587795,0.05090135336
4085,1.0,0.0,0.0,0.0,1.0,1.0,0.3067832957,0.3051102246,0.05263280869,0.05071389675
4086,1.0,0.0,0.0,0.0,1.0,1.0,0.3106155312,0.3064954503,0.05277138948,0.05031055212
4087,1.0,0.0,0.0,0.0,1.0,1.0,0.3001518894,0.2906874833,0.05063325167,0.04794001579
4088,1.0,0.0,0.0,0.0,1.0,1.0,0.304591652,0.2991857783,0.05321645737,0.05127632618
4089,1.0,0.0,0.0,0.0,1.0,1.0,0.309237336,0.3037519776,0.05291354656,0.05073153973
4090,1.0,0.0,0.0,0.0,1.0,1.0,0.3048057691,0.298852728,0.05084186792,0.04896873236
4091,1.0,0.0,0.0,0.0,1.0,1.0,0.2988688167,0.2998328141,0.0499997735,0.04919332266
4092,1.0,0.0,0.0,0.0,1.0,1.0,0.3001521536,0.3067594861,0.05069237947,0.05015307665
4093,1.0,0.0,0.0,0.0,1.0,1.0,0.2982458461,0.303109426,0.05073934793,0.04992973804
4094,1.0,0.0,0.0,0.0,1.0,1.0,0.3007875025,0.3044659678,0.05077856779,0.04943525791
4095,1.0,0.0,0.0,0.0,1.0,1.0,0.3036891721,0.3125345985,0.05118685961,0.0506451726
4096,1.0,0.0,0.0,0.0,1.0,1.0,0.2832293311,0.285799252,0.04780703783,0.04588377476
4097,1.0,0.0,0.0,0.0,1.0,1.0,0.30552067,0.3131813583,0.05078309774,0.04943245649
4098,1.0,0.0,0.0,0.0,1.0,1.0,0.2993497583,0.3121122873,0.05044227839,0.04962867498
4099,1.0,0.0,0.0,0.0,1.0,1.0,0.2919714966,0.3035849739,0.04944086075,0.04835432768
4100,1.0,0.0,0.0,0.0,1.0,1.0,0.2850971014,0.2957528879,0.04770535231,0.04663330317
4101,1.0,0.0,0.0,0.0,1.0,1.0,0.2954729523,0.3046242417,0.04952484369,0.04817169905
4102,1.0,0.0,0.0,0.0,1.0,1.0,0.2967847179,0.3021962782,0.05040365458,0.04876893759
4103,1.0,0.0,0.0,0.0,1.0,1.0,0.2915041104,0.3001679344,0.04954725504,0.04873049259
4104,1.0,0.0,0.0,0.0,1.0,1.0,0.2980507566,0.3093508878,0.05018204451,0.0496365428
4105,1.0,0.0,0.0,0.0,1.0,1.0,0.3032013842,0.3112739574,0.05163806677,0.05054521561
4106,1.0,0.0,0.0,0.0,1.0,1.0,0.3029104505,0.3083025436,0.05082124472,0.04946237803
4107,1.0,0.0,0.0,0.0,1.0,1.0,0.301748298,0.3048298119,0.05081892014,0.04920566082
4108,1.0,0.0,0.0,0.0,1.0,1.0,0.3039704801,0.3071372062,0.05093443394,0.04933434725
4109,1.0,0.0,0.0,0.0,1.0,1.0,0.3086275589,0.3121180426,0.0521672368,0.05081576109
4110,1.0,0.0,0.0,0.0,1.0,1.0,0.3055620832,0.3127392761,0.05291581154,0.05208897591
4111,1.0,0.0,0.0,0.0,1.0,1.0,0.2971311761,0.3104580102,0.05057048798,0.05057054758
4112,1.0,0.0,0.0,0.0,1.0,1.0,0.2991958598,0.305477352,0.05074942112,0.04966968298
4113,1.0,0.0,0.0,0.0,1.0,1.0,0.3001519882,0.3081612447,0.05097705126,0.05016356707
4114,1.0,0.0,0.0,0.0,1.0,1.0,0.2932969745,0.3004964278,0.04892444611,0.04812675714
4115,1.0,0.0,0.0,0.0,1.0,1.0,0.2880838828,0.2961309817,0.04830682278,0.04749721289
4116,1.0,0.0,0.0,0.0,1.0,1.0,0.2964850133,0.3085523782,0.05207896233,0.05151897669
4117,1.0,0.0,0.0,0.0,1.0,1.0,0.3136459675,0.3195496773,0.05469232798,0.05327546597
4118,1.0,0.0,0.0,0.0,1.0,1.0,0.3105704012,0.3089490283,0.05459296703,0.05314099789
4119,1.0,0.0,0.0,0.0,1.0,1.0,0.3304075536,0.3270599062,0.05710023642,0.05596393347
4120,1.0,0.0,0.0,0.0,1.0,1.0,0.3083200165,0.2923897474,0.05268472433,0.04883694649
4121,1.0,0.0,0.0,0.0,1.0,1.0,0.3325668115,0.3308009378,0.05644237995,0.05555582047
4122,1.0,0.0,0.0,0.0,1.0,1.0,0.3274330254,0.3129743235,0.05657237768,0.05361050367
4123,1.0,0.0,0.0,0.0,1.0,1.0,0.3158689379,0.3129563321,0.05715560913,0.05451762676
4124,1.0,0.0,0.0,0.0,1.0,1.0,0.3297990668,0.3141105495,0.05741596222,0.05129551888
4125,1.0,0.0,0.0,0.0,1.0,1.0,0.2877703352,0.2782537798,0.04859942198,0.04277914762
4126,1.0,0.0,0.0,0.0,1.0,1.0,0.2862722446,0.3027507375,0.05479747057,0.05319523811
4127,1.0,0.0,0.0,0.0,1.0,1.0,0.2998325093,0.3131585237,0.05387061834,0.05114990473
4128,1.0,0.0,0.0,0.0,1.0,1.0,0.2745717479,0.2936504327,0.04765486717,0.04656565189
4129,1.0,0.0,0.0,0.0,1.0,1.0,0.294139331,0.3157958773,0.05106806755,0.04996985197
4130,1.0,0.0,0.0,0.0,1.0,1.0,0.2775336736,0.2952895739,0.04678583145,0.04570406675
4131,1.0,0.0,0.0,0.0,1.0,1.0,0.2346802352,0.2400794795,0.03863865137,0.03647702932
4132,1.0,0.0,0.0,0.0,1.0,1.0,0.1540179923,0.1379162017,0.02516239882,0.02105987072
4133,1.0,0.0,0.0,0.0,1.0,1.0,0.201218972,0.1882750542,0.03299885988,0.02918076515
4134,1.0,0.0,0.0,0.0,1.0,1.0,0.2543443277,0.25841752,0.04154646397,0.0402148366
4135,1.0,0.0,0.0,0.0,1.0,1.0,0.3009590904,0.3062263562,0.05032283068,0.04897731543
4136,1.0,0.0,0.0,0.0,1.0,1.0,0.2972617956,0.3048295841,0.04989790916,0.04935842752
4137,1.0,0.0,0.0,0.0,1.0,1.0,0.2983887799,0.3054773258,0.04976791143,0.04923278093
4138,1.0,0.0,0.0,0.0,1.0,1.0,0.3078928309,0.3087979018,0.0518424511,0.05048531294
4139,1.0,0.0,0.0,0.0,1.0,1.0,0.307892663,0.3110844856,0.05298501253,0.05215275288
4140,1.0,0.0,0.0,0.0,1.0,1.0,0.3122248245,0.3166547263,0.05289280415,0.05234754086
4141,1.0,0.0,0.0,0.0,1.0,1.0,0.3075205386,0.3096634502,0.05104070902,0.05024325848
4142,1.0,0.0,0.0,0.0,1.0,1.0,0.3075206917,0.3172569506,0.05252403021,0.05279755592
4143,1.0,0.0,0.0,0.0,1.0,1.0,0.3011139619,0.3100578263,0.05187636614,0.05187636614
4144,1.0,0.0,0.0,0.0,1.0,1.0,0.3087448809,0.3145783338,0.05351823568,0.05296647549
4145,1.0,0.0,0.0,0.0,1.0,1.0,0.3027156748,0.3106819064,0.0521787405,0.0521787405
4146,1.0,0.0,0.0,0.0,1.0,1.0,0.314431473,0.3253996871,0.05335956812,0.05335950851
4147,1.0,0.0,0.0,0.0,1.0,1.0,0.3145207424,0.3184495439,0.05477654934,0.054220438
4148,1.0,0.0,0.0,0.0,1.0,1.0,0.3188013044,0.3206678235,0.05311459303,0.05231785774
4149,1.0,0.0,0.0,0.0,1.0,1.0,0.3280794602,0.3249009453,0.05610460043,0.05391514301
4150,1.0,0.0,0.0,0.0,1.0,1.0,0.3286054657,0.3205443577,0.05609536171,0.05335897207
4151,1.0,0.0,0.0,0.0,1.0,1.0,0.3285838558,0.3189009099,0.05581790209,0.05308169127
4152,1.0,0.0,0.0,0.0,1.0,1.0,0.3320777207,0.3265505177,0.0574555397,0.05495750904
4153,1.0,0.0,0.0,0.0,1.0,1.0,0.3373914234,0.3375164157,0.05788916349,0.05625075102
4154,1.0,0.0,0.0,0.0,1.0,1.0,0.331035557,0.3266150643,0.05788785219,0.05539506674
4155,1.0,0.0,0.0,0.0,1.0,1.0,0.3307619891,0.3238322471,0.05729681253,0.05426669121
4156,1.0,0.0,0.0,0.0,1.0,1.0,0.326510882,0.3276318065,0.05553942919,0.0536429882
4157,1.0,0.0,0.0,0.0,1.0,1.0,0.325957251,0.3226673146,0.05630713701,0.05382293463
4158,1.0,0.0,0.0,0.0,1.0,1.0,0.3235374886,0.3226676719,0.05602097511,0.05407965183
4159,1.0,0.0,0.0,0.0,1.0,1.0,0.3283878741,0.3281993839,0.0566059947,0.05441832542
4160,1.0,0.0,0.0,0.0,1.0,1.0,0.3194419863,0.3151834428,0.05483996868,0.05239659548
4161,1.0,0.0,0.0,0.0,1.0,1.0,0.3119276822,0.3084089218,0.0541806221,0.05169278383
4162,1.0,0.0,0.0,0.0,1.0,1.0,0.3094638288,0.3117069957,0.05322170258,0.05132091045
4163,1.0,0.0,0.0,0.0,1.0,1.0,0.3125237575,0.3193582531,0.05521672964,0.05409562588
4164,1.0,0.0,0.0,0.0,1.0,1.0,0.3056932774,0.3090382468,0.05195569992,0.05060970783
4165,1.0,0.0,0.0,0.0,1.0,1.0,0.3012671069,0.30675926,0.05112117529,0.05030971766
4166,1.0,0.0,0.0,0.0,1.0,1.0,0.2955425064,0.2958873967,0.04962646961,0.04802560806
4167,1.0,0.0,0.0,0.0,1.0,1.0,0.296013061,0.301156221,0.05104154348,0.04994386435
4168,1.0,0.0,0.0,0.0,1.0,1.0,0.300151869,0.307775247,0.05169439316,0.05114448071
4169,1.0,0.0,0.0,0.0,1.0,1.0,0.2990330052,0.2995015787,0.05145001411,0.04979920387
4170,1.0,0.0,0.0,0.0,1.0,1.0,0.2976047397,0.3018115706,0.05033278465,0.04925608635
4171,1.0,0.0,0.0,0.0,1.0,1.0,0.2969589836,0.301156223,0.04989755154,0.04882442951
4172,1.0,0.0,0.0,0.0,1.0,1.0,0.2963087825,0.2978468028,0.0506067276,0.04923897982
4173,1.0,0.0,0.0,0.0,1.0,1.0,0.2988685864,0.3038168645,0.05090630054,0.05008518696
4174,1.0,0.0,0.0,0.0,1.0,1.0,0.2964851574,0.3018115461,0.04954749346,0.04874831438
4175,1.0,0.0,0.0,0.0,1.0,1.0,0.2990331639,0.3028108904,0.05172902346,0.05062246323
4176,1.0,0.0,0.0,0.0,1.0,1.0,0.2963086944,0.2971762784,0.04980540276,0.04819011688
4177,1.0,0.0,0.0,0.0,1.0,1.0,0.2940480155,0.2998326835,0.04946374893,0.04865288734
4178,1.0,0.0,0.0,0.0,1.0,1.0,0.2905724196,0.297176363,0.04881870747,0.04801404476
4179,1.0,0.0,0.0,0.0,1.0,1.0,0.2969586254,0.3044659394,0.0503154397,0.04977446795
4180,1.0,0.0,0.0,0.0,1.0,1.0,0.2790649967,0.2750142584,0.0475962162,0.04538244009
4181,1.0,0.0,0.0,0.0,1.0,1.0,0.2043151827,0.1606874376,0.0333160162,0.02526462078
4182,1.0,0.0,0.0,0.0,1.0,1.0,0.1561069286,0.1077462573,0.02442991734,0.01628655195
4183,1.0,0.0,0.0,0.0,1.0,1.0,0.1721953253,0.1188927246,0.0275631547,0.01818597317
4184,1.0,0.0,0.0,0.0,1.0,1.0,0.1671663636,0.118892787,0.02668619156,0.01816934347
4185,1.0,0.0,0.0,0.0,1.0,1.0,0.1578067562,0.09596066988,0.02539676428,0.01495581865
4186,1.0,0.0,0.0,0.0,1.0,1.0,0.1597046699,0.1017288893,0.02592629194,0.01589030027
4187,1.0,0.0,0.0,0.0,1.0,1.0,0.2395358829,0.2144133817,0.04049342871,0.0346288681
4188,1.0,0.0,0.0,0.0,1.0,1.0,0.2864642626,0.2772539054,0.04868525267,0.04516911507
4189,1.0,0.0,0.0,0.0,1.0,1.0,0.2961895992,0.2968641497,0.05034935474,0.04846465588
4190,1.0,0.0,0.0,0.0,1.0,1.0,0.2934868948,0.2912280562,0.05042093992,0.04796802998
4191,1.0,0.0,0.0,0.0,1.0,1.0,0.2930217697,0.2948354163,0.05027717352,0.0481030345
4192,1.0,0.0,0.0,0.0,1.0,1.0,0.2946055928,0.2981668861,0.05145287514,0.04951649904
4193,1.0,0.0,0.0,0.0,1.0,1.0,0.2971314934,0.3031640454,0.05007696152,0.04873800278
4194,1.0,0.0,0.0,0.0,1.0,1.0,0.288548527,0.2927660664,0.04923546314,0.04786020517
4195,1.0,0.0,0.0,0.0,1.0,1.0,0.3020819715,0.3148243786,0.05085301399,0.05112355947
4196,1.0,0.0,0.0,0.0,1.0,1.0,0.3054292979,0.3181554774,0.05265313387,0.05265313387
4197,1.0,0.0,0.0,0.0,1.0,1.0,0.3015974272,0.3087977401,0.05037927628,0.04984331131
4198,1.0,0.0,0.0,0.0,1.0,1.0,0.3081349539,0.3158771045,0.0526214242,0.05153077841
4199,1.0,0.0,0.0,0.0,1.0,1.0,0.3018983606,0.3119064941,0.05168443918,0.05059635639
4200,1.0,0.0,0.0,0.0,1.0,1.0,0.3066648287,0.3163218555,0.05187916756,0.05053520203
4201,1.0,0.0,0.0,0.0,1.0,1.0,0.3047272324,0.3125345066,0.05213063955,0.05050998926
4202,1.0,0.0,0.0,0.0,1.0,1.0,0.3048612602,0.3104578144,0.05282396078,0.05091792345
4203,1.0,0.0,0.0,0.0,1.0,1.0,0.3117383468,0.3177031788,0.05398231745,0.05208337307
4204,1.0,0.0,0.0,0.0,1.0,1.0,0.311982412,0.3166548625,0.05397027731,0.05207186937
4205,1.0,0.0,0.0,0.0,1.0,1.0,0.3092024428,0.3150057426,0.05270498991,0.05084168911
4206,1.0,0.0,0.0,0.0,1.0,1.0,0.3078812525,0.318304182,0.05232018232,0.05125784874
4207,1.0,0.0,0.0,0.0,1.0,1.0,0.3057115376,0.3170985212,0.05263310671,0.05155342817
4208,1.0,0.0,0.0,0.0,1.0,1.0,0.3178273365,0.3287637713,0.05489218235,0.05381584167
4209,1.0,0.0,0.0,0.0,1.0,1.0,0.3107641974,0.3216023354,0.0535556078,0.0524790287
4210,1.0,0.0,0.0,0.0,1.0,1.0,0.314132586,0.3243221151,0.05286997557,0.05155479908
4211,1.0,0.0,0.0,0.0,1.0,1.0,0.3133975486,0.3260471689,0.05346423388,0.05293220282
4212,1.0,0.0,0.0,0.0,1.0,1.0,0.3149567586,0.3249010584,0.0554420948,0.05406975746
4213,1.0,0.0,0.0,0.0,1.0,1.0,0.2985756235,0.3148241446,0.0516346097,0.05136281252
4214,1.0,0.0,0.0,0.0,1.0,1.0,0.3043828242,0.315438624,0.05256575346,0.0514819026
4215,1.0,0.0,0.0,0.0,1.0,1.0,0.315365496,0.32981593,0.05378592014,0.05298316479
4216,1.0,0.0,0.0,0.0,1.0,1.0,0.3035280502,0.3142057497,0.0517963171,0.05045449734
4217,1.0,0.0,0.0,0.0,1.0,1.0,0.3097084801,0.321968077,0.05304419994,0.05196171999
4218,1.0,0.0,0.0,0.0,1.0,1.0,0.2975377577,0.3106372473,0.05118894577,0.0500997901
4219,1.0,0.0,0.0,0.0,1.0,1.0,0.2964850634,0.3110508924,0.05000555515,0.0491990447
4220,1.0,0.0,0.0,0.0,1.0,1.0,0.3067904528,0.3169370798,0.05300027132,0.05163431168
4221,1.0,0.0,0.0,0.0,1.0,1.0,0.3110429229,0.3158771402,0.05279475451,0.05065077543
4222,1.0,0.0,0.0,0.0,1.0,1.0,0.2850995033,0.2964447058,0.0487075448,0.04761916399
4223,1.0,0.0,0.0,0.0,1.0,1.0,0.288514984,0.2947505711,0.04909831285,0.04719948769
4224,1.0,0.0,0.0,0.0,1.0,1.0,0.2917030952,0.2920665806,0.049439013,0.04673743248
4225,1.0,0.0,0.0,0.0,1.0,1.0,0.295542478,0.2981385238,0.05074888468,0.04802042246
4226,1.0,0.0,0.0,0.0,1.0,1.0,0.267161439,0.267768404,0.04481816292,0.04238826036
4227,1.0,0.0,0.0,0.0,1.0,1.0,0.2591748275,0.2592411006,0.04379123449,0.04160165787
4228,1.0,0.0,0.0,0.0,1.0,1.0,0.2636960976,0.2668577458,0.04408067465,0.04272019863
4229,1.0,0.0,0.0,0.0,1.0,1.0,0.2596589101,0.2540951886,0.04364168644,0.04117137194
4230,1.0,0.0,0.0,0.0,1.0,1.0,0.2624145747,0.2659534685,0.0437836647,0.0424323082
4231,1.0,0.0,0.0,0.0,1.0,1.0,0.2449611257,0.2404799902,0.04047453403,0.03804606199
4232,1.0,0.0,0.0,0.0,1.0,1.0,0.1616998376,0.1267407784,0.02630829811,0.01959127188
4233,1.0,0.0,0.0,0.0,1.0,1.0,0.1324349358,0.1272355547,0.02035325766,0.01872503757
4234,1.0,0.0,0.0,0.0,1.0,1.0,0.1277745759,0.1304419402,0.02063751221,0.02007210255
4235,1.0,0.0,0.0,0.0,1.0,1.0,0.12536536,0.131313762,0.01993179321,0.01993185282
4236,1.0,0.0,0.0,0.0,1.0,1.0,0.1293602907,0.1295572441,0.01972693205,0.01891624928
4237,1.0,0.0,0.0,0.0,1.0,1.0,0.1325611299,0.1386089792,0.0208093524,0.020809412
4238,1.0,0.0,0.0,0.0,1.0,1.0,0.1362070799,0.1281812156,0.0213380456,0.01912111044
4239,1.0,0.0,0.0,0.0,1.0,1.0,0.1298207297,0.1249305324,0.02008825541,0.01843720675
4240,1.0,0.0,0.0,0.0,1.0,1.0,0.133614867,0.1263233762,0.02046364546,0.01855373383
4241,1.0,0.0,0.0,0.0,1.0,1.0,0.1342008527,0.1327672929,0.02091002464,0.01980948448
4242,1.0,0.0,0.0,0.0,1.0,1.0,0.1339640374,0.1281336215,0.02080756426,0.01916486025
4243,1.0,0.0,0.0,0.0,1.0,1.0,0.1310457563,0.1272020232,0.02077257633,0.01938778162
4244,1.0,0.0,0.0,0.0,1.0,1.0,0.1540236023,0.1235868929,0.02491897345,0.01910454035
4245,1.0,0.0,0.0,0.0,1.0,1.0,0.2427927493,0.2342441186,0.03966355324,0.03667521477
4246,1.0,0.0,0.0,0.0,1.0,1.0,0.2910996792,0.2978137756,0.04828852415,0.04748374224
4247,1.0,0.0,0.0,0.0,1.0,1.0,0.3176394646,0.3292475322,0.05392342806,0.05365109444
4248,1.0,0.0,0.0,0.0,1.0,1.0,0.3246184952,0.3409466288,0.05514520407,0.05541688204
4249,1.0,0.0,0.0,0.0,1.0,1.0,0.3261843544,0.3392751018,0.05393302441,0.0539329648
4250,1.0,0.0,0.0,0.0,1.0,1.0,0.3299894728,0.3458328781,0.05546325445,0.05546319485
4251,1.0,0.0,0.0,0.0,1.0,1.0,0.3246996624,0.3359052806,0.05366885662,0.05314528942
4252,1.0,0.0,0.0,0.0,1.0,1.0,0.329451733,0.3425241165,0.05496895313,0.05470466614
4253,1.0,0.0,0.0,0.0,1.0,1.0,0.3182934708,0.328719988,0.05352604389,0.05299079418
4254,1.0,0.0,0.0,0.0,1.0,1.0,0.316543207,0.3264167517,0.05233860016,0.05154156685
4255,1.0,0.0,0.0,0.0,1.0,1.0,0.318293536,0.3292475525,0.05438059568,0.05356490612
4256,1.0,0.0,0.0,0.0,1.0,1.0,0.3145208053,0.3259047296,0.05292439461,0.05238705873
4257,1.0,0.0,0.0,0.0,1.0,1.0,0.3204558757,0.3309411513,0.05417853594,0.05364215374
4258,1.0,0.0,0.0,0.0,1.0,1.0,0.3146096262,0.3237392499,0.05310183764,0.05229723454
4259,1.0,0.0,0.0,0.0,1.0,1.0,0.3087448524,0.3148242084,0.05152785778,0.05019980669
4260,1.0,0.0,0.0,0.0,1.0,1.0,0.3097311563,0.3208911104,0.05164802074,0.05111557245
4261,1.0,0.0,0.0,0.0,1.0,1.0,0.3118257535,0.3225623144,0.0516526103,0.05112284422
4262,1.0,0.0,0.0,0.0,1.0,1.0,0.3033451686,0.3114926885,0.05038243532,0.04958689213
4263,1.0,0.0,0.0,0.0,1.0,1.0,0.3049414488,0.3142058764,0.05090516806,0.05010563135
4264,1.0,0.0,0.0,0.0,1.0,1.0,0.3012672074,0.310863386,0.05069202185,0.04988741875
4265,1.0,0.0,0.0,0.0,1.0,1.0,0.2948911786,0.3058492201,0.04971337318,0.0491759181
4266,1.0,0.0,0.0,0.0,1.0,1.0,0.3030054985,0.3114930098,0.05065906048,0.04959815741
4267,1.0,0.0,0.0,0.0,1.0,1.0,0.303970415,0.3158769861,0.05080771446,0.0502756834
4268,1.0,0.0,0.0,0.0,1.0,1.0,0.2996733136,0.3075204805,0.04966771603,0.04861092567
4269,1.0,0.0,0.0,0.0,1.0,1.0,0.2928301823,0.3025067099,0.04919821024,0.04839605093
4270,1.0,0.0,0.0,0.0,1.0,1.0,0.2969586927,0.3048295132,0.04980659485,0.04900324345
4271,1.0,0.0,0.0,0.0,1.0,1.0,0.2919716638,0.3025063897,0.04839980602,0.0481338501
4272,1.0,0.0,0.0,0.0,1.0,1.0,0.3003091532,0.3071375289,0.05004400015,0.04898488522
4273,1.0,0.0,0.0,0.0,1.0,1.0,0.2993572446,0.3054775388,0.05046892166,0.04913383722
4274,1.0,0.0,0.0,0.0,1.0,1.0,0.2944215258,0.3075204902,0.04906767607,0.0488024354
4275,1.0,0.0,0.0,0.0,1.0,1.0,0.2901605689,0.3005081026,0.04812145233,0.04758679867
4276,1.0,0.0,0.0,0.0,1.0,1.0,0.2901092091,0.2974926971,0.04821878672,0.04715901613
4277,1.0,0.0,0.0,0.0,1.0,1.0,0.2919720847,0.3055725832,0.04905730486,0.04878771305
4278,1.0,0.0,0.0,0.0,1.0,1.0,0.2926368373,0.2991641425,0.04929059744,0.04821318388
4279,1.0,0.0,0.0,0.0,1.0,1.0,0.289646957,0.2981668749,0.04876095057,0.04795724154
4280,1.0,0.0,0.0,0.0,1.0,1.0,0.2960131377,0.3008350422,0.0498945713,0.04828500748
4281,1.0,0.0,0.0,0.0,1.0,1.0,0.2841710056,0.2903783535,0.04670995474,0.04564833641
4282,1.0,0.0,0.0,0.0,1.0,1.0,0.2765444628,0.2855549158,0.04528343678,0.04448902607
4283,1.0,0.0,0.0,0.0,1.0,1.0,0.2850917909,0.2862810593,0.04666769505,0.04481166601
4284,1.0,0.0,0.0,0.0,1.0,1.0,0.27977925,0.2836255651,0.04695683718,0.04559969902
4285,1.0,0.0,0.0,0.0,1.0,1.0,0.2809419937,0.2855546652,0.04668402672,0.04507416487
4286,1.0,0.0,0.0,0.0,1.0,1.0,0.2795187114,0.2831185127,0.04604053497,0.04443448782
4287,1.0,0.0,0.0,0.0,1.0,1.0,0.2818522305,0.2882351591,0.04623860121,0.04490995407
4288,1.0,0.0,0.0,0.0,1.0,1.0,0.281395938,0.2889546093,0.04708945751,0.04600703716
4289,1.0,0.0,0.0,0.0,1.0,1.0,0.2910995796,0.2947507767,0.04877912998,0.04715317488
4290,1.0,0.0,0.0,0.0,1.0,1.0,0.2896932404,0.2947504875,0.04864937067,0.0470277071
4291,1.0,0.0,0.0,0.0,1.0,1.0,0.2929120561,0.2981387481,0.04919153452,0.04756987095
4292,1.0,0.0,0.0,0.0,1.0,1.0,0.2966086989,0.2988196826,0.04961585999,0.04772830009
4293,1.0,0.0,0.0,0.0,1.0,1.0,0.2998327803,0.3028612888,0.05082923174,0.04918956757
4294,1.0,0.0,0.0,0.0,1.0,1.0,0.3030564531,0.3133843332,0.0504155159,0.04961103201
4295,1.0,0.0,0.0,0.0,1.0,1.0,0.298702505,0.3083024136,0.0499304533,0.0491207242
4296,1.0,0.0,0.0,0.0,1.0,1.0,0.2894824664,0.3001736744,0.04829078913,0.04748141766
4297,1.0,0.0,0.0,0.0,1.0,1.0,0.2777122508,0.2862808811,0.04743856192,0.04661118984
4298,1.0,0.0,0.0,0.0,1.0,1.0,0.2619896219,0.2659530559,0.04450398684,0.0431303978
4299,1.0,0.0,0.0,0.0,1.0,1.0,0.2424874328,0.2455376228,0.04081743956,0.03916269541
4300,1.0,0.0,0.0,0.0,1.0,1.0,0.2384287243,0.2370687687,0.03997576237,0.03805911541
4301,1.0,0.0,0.0,0.0,1.0,1.0,0.2254130899,0.2159073308,0.03681522608,0.03356683254
4302,1.0,0.0,0.0,0.0,1.0,1.0,0.2164081984,0.2047469211,0.03552258015,0.03199744225
4303,1.0,0.0,0.0,0.0,1.0,1.0,0.2015538485,0.1777176301,0.03321868181,0.02772802114
4304,1.0,0.0,0.0,0.0,1.0,1.0,0.2018909378,0.1812369438,0.03307163715,0.02815186977
4305,1.0,0.0,0.0,0.0,1.0,1.0,0.2028816825,0.1799692372,0.03345495462,0.02824473381
4306,1.0,0.0,0.0,0.0,1.0,1.0,0.2032199684,0.184107825,0.03339964151,0.02874559164
4307,1.0,0.0,0.0,0.0,1.0,1.0,0.2055238385,0.1852113759,0.03435117006,0.02936470509
4308,1.0,0.0,0.0,0.0,1.0,1.0,0.2042049356,0.1887058939,0.03388464451,0.0297523737
4309,1.0,0.0,0.0,0.0,1.0,1.0,0.2028818452,0.1865158625,0.03349757195,0.02910447121
4310,1.0,0.0,0.0,0.0,1.0,1.0,0.2104960198,0.193553648,0.03454738855,0.02992290258
4311,1.0,0.0,0.0,0.0,1.0,1.0,0.2032198467,0.1788475681,0.03325492144,0.02780330181
4312,1.0,0.0,0.0,0.0,1.0,1.0,0.1955427976,0.1724388954,0.03148764372,0.02637428045
4313,1.0,0.0,0.0,0.0,1.0,1.0,0.1791295932,0.1495643633,0.02879345417,0.02287328243
4314,1.0,0.0,0.0,0.0,1.0,1.0,0.1874997898,0.152546658,0.03074198961,0.02388000488
4315,1.0,0.0,0.0,0.0,1.0,1.0,0.1815650338,0.1507930046,0.02966278791,0.02340370417
4316,1.0,0.0,0.0,0.0,1.0,1.0,0.1794298872,0.1442858738,0.02884197235,0.02210325003
4317,1.0,0.0,0.0,0.0,1.0,1.0,0.1657365791,0.1302090021,0.02692657709,0.02012693882
4318,1.0,0.0,0.0,0.0,1.0,1.0,0.1618460097,0.1271373647,0.02643996477,0.01962554455
4319,1.0,0.0,0.0,0.0,1.0,1.0,0.1623885472,0.1289034273,0.02636313438,0.01984030008
4320,1.0,0.0,0.0,0.0,1.0,1.0,0.1601129014,0.1240441458,0.02584904432,0.01904666424
4321,1.0,0.0,0.0,0.0,1.0,1.0,0.15763016,0.1271374325,0.02575743198,0.01972907782
4322,1.0,0.0,0.0,0.0,1.0,1.0,0.158695205,0.1240442807,0.02616363764,0.01948356628
4323,1.0,0.0,0.0,0.0,1.0,1.0,0.1536303159,0.1227073623,0.02446985245,0.01855409145
4324,1.0,0.0,0.0,0.0,1.0,1.0,0.1533713952,0.1222722456,0.02459871769,0.01865178347
4325,1.0,0.0,0.0,0.0,1.0,1.0,0.1415590423,0.1146313865,0.02263116837,0.01745057106
4326,1.0,0.0,0.0,0.0,1.0,1.0,0.1405993172,0.1160066662,0.02264362574,0.01773297787
4327,1.0,0.0,0.0,0.0,1.0,1.0,0.1311022372,0.1064387547,0.02113950253,0.01619780064
4328,1.0,0.0,0.0,0.0,1.0,1.0,0.1197960363,0.1010264641,0.01921319962,0.01537054777
4329,1.0,0.0,0.0,0.0,1.0,1.0,0.12726338,0.1038845676,0.02013677359,0.0155724287
4330,1.0,0.0,0.0,0.0,1.0,1.0,0.1232185182,0.1006628808,0.0196184516,0.01525878906
4331,1.0,0.0,0.0,0.0,1.0,1.0,0.1210927914,0.106055798,0.0194414258,0.01615554094
4332,1.0,0.0,0.0,0.0,1.0,1.0,0.1225891666,0.1038844692,0.01961398125,0.01580011845
4333,1.0,0.0,0.0,0.0,1.0,1.0,0.1266416471,0.1118507264,0.02017825842,0.01690608263
4334,1.0,0.0,0.0,0.0,1.0,1.0,0.12279829,0.1078535094,0.01984059811,0.01653385162
4335,1.0,0.0,0.0,0.0,1.0,1.0,0.1330316476,0.1132463232,0.02145069838,0.01732558012
4336,1.0,0.0,0.0,0.0,1.0,1.0,0.1317760136,0.1154588605,0.02086275816,0.01734042168
4337,1.0,0.0,0.0,0.0,1.0,1.0,0.1302876161,0.1208714616,0.02099955082,0.01851278543
4338,1.0,0.0,0.0,0.0,1.0,1.0,0.1285730519,0.1154589389,0.02073758841,0.01769608259
4339,1.0,0.0,0.0,0.0,1.0,1.0,0.1316423203,0.1226418714,0.02117717266,0.01866930723
4340,1.0,0.0,0.0,0.0,1.0,1.0,0.1301354817,0.1175814893,0.02099138498,0.01791268587
4341,1.0,0.0,0.0,0.0,1.0,1.0,0.1314144328,0.1153204129,0.02114641666,0.0175293088
4342,1.0,0.0,0.0,0.0,1.0,1.0,0.1321000833,0.1130754935,0.0215690136,0.01759576797
4343,1.0,0.0,0.0,0.0,1.0,1.0,0.1338380772,0.1185470963,0.02166152,0.01828575134
4344,1.0,0.0,0.0,0.0,1.0,1.0,0.1321002546,0.1157442753,0.02085345984,0.01728641987
4345,1.0,0.0,0.0,0.0,1.0,1.0,0.1316422714,0.1157438583,0.02112179995,0.0175088048
4346,1.0,0.0,0.0,0.0,1.0,1.0,0.1370761243,0.1189813747,0.02160507441,0.01777637005
4347,1.0,0.0,0.0,0.0,1.0,1.0,0.129524657,0.116171635,0.02078717947,0.01769727468
4348,1.0,0.0,0.0,0.0,1.0,1.0,0.1358124051,0.1194183353,0.0213689208,0.01780742407
4349,1.0,0.0,0.0,0.0,1.0,1.0,0.1271374238,0.117035158,0.02032732964,0.01778644323
4350,1.0,0.0,0.0,0.0,1.0,1.0,0.1352495151,0.1180152796,0.02161687613,0.01796728373
4351,1.0,0.0,0.0,0.0,1.0,1.0,0.1397448726,0.1226082523,0.02204698324,0.01841902733
4352,1.0,0.0,0.0,0.0,1.0,1.0,0.1427772534,0.1240049606,0.02241581678,0.01854151487
4353,1.0,0.0,0.0,0.0,1.0,1.0,0.1432827142,0.1277064501,0.02276557684,0.01939290762
4354,1.0,0.0,0.0,0.0,1.0,1.0,0.143029819,0.130038784,0.02264201641,0.019567132
4355,1.0,0.0,0.0,0.0,1.0,1.0,0.148131673,0.1393274252,0.02324301004,0.02100270987
4356,1.0,0.0,0.0,0.0,1.0,1.0,0.1437918246,0.129557623,0.02258080244,0.01951432228
4357,1.0,0.0,0.0,0.0,1.0,1.0,0.1453089843,0.1351096601,0.02308112383,0.02054780722
4358,1.0,0.0,0.0,0.0,1.0,1.0,0.1458258333,0.1318965593,0.02267718315,0.0196351409
4359,1.0,0.0,0.0,0.0,1.0,1.0,0.1448207887,0.1403710393,0.02246367931,0.02079969645
4360,1.0,0.0,0.0,0.0,1.0,1.0,0.1519722913,0.1374697192,0.02310931683,0.02011871338
4361,1.0,0.0,0.0,0.0,1.0,1.0,0.1481314943,0.1388113261,0.02295428514,0.02074182034
4362,1.0,0.0,0.0,0.0,1.0,1.0,0.1450517418,0.1369606769,0.02240484953,0.020219028
4363,1.0,0.0,0.0,0.0,1.0,1.0,0.1432827484,0.1290793035,0.02226281166,0.01923948526
4364,1.0,0.0,0.0,0.0,1.0,1.0,0.1468208886,0.1372858792,0.02320915461,0.02097207308
4365,1.0,0.0,0.0,0.0,1.0,1.0,0.1457886505,0.13911611,0.02280217409,0.02087903023
4366,1.0,0.0,0.0,0.0,1.0,1.0,0.1447953319,0.1349610846,0.02268952131,0.02047592402
4367,1.0,0.0,0.0,0.0,1.0,1.0,0.1453086928,0.1364549702,0.02287083864,0.02063953876
4368,1.0,0.0,0.0,0.0,1.0,1.0,0.1412637595,0.1359534504,0.0221349597,0.02047485113
4369,1.0,0.0,0.0,0.0,1.0,1.0,0.1468205692,0.1372857722,0.02269130945,0.02050417662
4370,1.0,0.0,0.0,0.0,1.0,1.0,0.1478050559,0.14094666,0.023227036,0.02129137516
4371,1.0,0.0,0.0,0.0,1.0,1.0,0.1468206914,0.1433024502,0.02301156521,0.02162533998
4372,1.0,0.0,0.0,0.0,1.0,1.0,0.1422695985,0.1449003645,0.02223944664,0.02168339491
4373,1.0,0.0,0.0,0.0,1.0,1.0,0.150892885,0.1493632148,0.02339613438,0.02229511738
4374,1.0,0.0,0.0,0.0,1.0,1.0,0.1470808368,0.1469766528,0.02295184135,0.02212226391
4375,1.0,0.0,0.0,0.0,1.0,1.0,0.1677505504,0.1665736513,0.02637243271,0.02526205778
4376,1.0,0.0,0.0,0.0,1.0,1.0,0.1578066332,0.1508249438,0.02458447218,0.02267235518
4377,1.0,0.0,0.0,0.0,1.0,1.0,0.155116226,0.1599102815,0.02420502901,0.02420496941
4378,1.0,0.0,0.0,0.0,1.0,1.0,0.1503585722,0.1550229829,0.0236903429,0.0236903429
4379,1.0,0.0,0.0,0.0,1.0,1.0,0.1513237838,0.1537603668,0.02391964197,0.02336341143
4380,1.0,0.0,0.0,0.0,1.0,1.0,0.1589218735,0.1567390666,0.02517205477,0.02377361059
4381,1.0,0.0,0.0,0.0,1.0,1.0,0.1538966803,0.1499162638,0.02426451445,0.02259105444
4382,1.0,0.0,0.0,0.0,1.0,1.0,0.1478050888,0.1331374917,0.0234375596,0.02036833763
4383,1.0,0.0,0.0,0.0,1.0,1.0,0.1544430048,0.1512072197,0.02440291643,0.02300047874
4384,1.0,0.0,0.0,0.0,1.0,1.0,0.1544430092,0.1422564007,0.02425324917,0.02174431086
4385,1.0,0.0,0.0,0.0,1.0,1.0,0.1465615464,0.1495513834,0.02330607176,0.02302521467
4386,1.0,0.0,0.0,0.0,1.0,1.0,0.16478238,0.1659521817,0.02590751648,0.02506273985
4387,1.0,0.0,0.0,0.0,1.0,1.0,0.1483271586,0.1435563592,0.02304047346,0.02166903019
4388,1.0,0.0,0.0,0.0,1.0,1.0,0.1570553434,0.1585829469,0.02464556694,0.02408540249
4389,1.0,0.0,0.0,0.0,1.0,1.0,0.1453090488,0.1409471682,0.02267467976,0.02129209042
4390,1.0,0.0,0.0,0.0,1.0,1.0,0.1468209404,0.1377906504,0.02289259434,0.02068603039
4391,1.0,0.0,0.0,0.0,1.0,1.0,0.1555076069,0.1513753781,0.02442157269,0.02277517319
4392,1.0,0.0,0.0,0.0,1.0,1.0,0.162781348,0.1550227626,0.02574443817,0.02352982759
4393,1.0,0.0,0.0,0.0,1.0,1.0,0.1651097763,0.1543252703,0.02634990215,0.02354669571
4394,1.0,0.0,0.0,0.0,1.0,1.0,0.168032227,0.1555906466,0.02703595161,0.02393805981
4395,1.0,0.0,0.0,0.0,1.0,1.0,0.1689444769,0.166573486,0.02598083019,0.02461344004
4396,1.0,0.0,0.0,0.0,1.0,1.0,0.1600529968,0.1671929035,0.02464681864,0.02464681864
4397,1.0,0.0,0.0,0.0,1.0,1.0,0.1727429817,0.1917746745,0.02659446001,0.02822268009
4398,1.0,0.0,0.0,0.0,1.0,1.0,0.1680635403,0.204431652,0.02561938763,0.02943509817
4399,1.0,0.0,0.0,0.0,1.0,1.0,0.1677762998,0.2048663801,0.02568930387,0.02955651283
4400,1.0,0.0,0.0,0.0,1.0,1.0,0.1636095063,0.207899036,0.02551269531,0.03022700548
4401,1.0,0.0,0.0,0.0,1.0,1.0,0.1470808075,0.1805077166,0.02257490158,0.02583879232
4402,1.0,0.0,0.0,0.0,1.0,1.0,0.1224894777,0.150106273,0.0186625123,0.02136719227
4403,1.0,0.0,0.0,0.0,1.0,1.0,0.1742618953,0.1708607419,0.02731597424,0.02490574121
4404,1.0,0.0,0.0,0.0,1.0,1.0,0.2486175253,0.2560407091,0.04102432728,0.03965681791
4405,1.0,0.0,0.0,0.0,1.0,1.0,0.2967349921,0.3032790816,0.04989719391,0.04825222492
4406,1.0,0.0,0.0,0.0,1.0,1.0,0.3022702399,0.3114699387,0.05122196674,0.0501204133
4407,1.0,0.0,0.0,0.0,1.0,1.0,0.1458645053,0.1188015711,0.02253079414,0.01752394438
4408,1.0,0.0,0.0,0.0,1.0,1.0,0.151539997,0.1211444492,0.02319264412,0.0176705718
4409,1.0,0.0,0.0,0.0,1.0,1.0,0.1772924155,0.148268888,0.0283818841,0.02253854275
4410,1.0,0.0,0.0,0.0,1.0,1.0,0.2734789351,0.2785903599,0.0452465415,0.04387551546
4411,1.0,0.0,0.0,0.0,1.0,1.0,0.3075206116,0.3187873012,0.05073392391,0.04992431402
4412,1.0,0.0,0.0,0.0,1.0,1.0,0.31586892,0.3240509376,0.05221688747,0.05087798834
4413,1.0,0.0,0.0,0.0,1.0,1.0,0.3309944249,0.3393371777,0.05533742905,0.0542576313
4414,1.0,0.0,0.0,0.0,1.0,1.0,0.3277912445,0.33819512,0.05522423983,0.05441212654
4415,1.0,0.0,0.0,0.0,1.0,1.0,0.3267404928,0.3365122768,0.05476814508,0.0536942482
4416,1.0,0.0,0.0,0.0,1.0,1.0,0.3228715981,0.3258315695,0.05404990911,0.05242025852
4417,1.0,0.0,0.0,0.0,1.0,1.0,0.330486293,0.336478919,0.0563352108,0.05497449636
4418,1.0,0.0,0.0,0.0,1.0,1.0,0.3331470706,0.3399463064,0.05524075031,0.05363184214
4419,1.0,0.0,0.0,0.0,1.0,1.0,0.3282720218,0.3348469245,0.05580043793,0.05441921949
4420,1.0,0.0,0.0,0.0,1.0,1.0,0.326116756,0.3286297476,0.05491346121,0.05300098658
4421,1.0,0.0,0.0,0.0,1.0,1.0,0.321190671,0.3291678741,0.05286616087,0.05179280043
4422,1.0,0.0,0.0,0.0,1.0,1.0,0.3255512115,0.3303236523,0.05521982908,0.0538392663
4423,1.0,0.0,0.0,0.0,1.0,1.0,0.3206066401,0.3252418433,0.05334848166,0.05225968361
4424,1.0,0.0,0.0,0.0,1.0,1.0,0.3162997303,0.3212489791,0.05258178711,0.0512265563
4425,1.0,0.0,0.0,0.0,1.0,1.0,0.3189709209,0.3235481977,0.05338954926,0.05229437351
4426,1.0,0.0,0.0,0.0,1.0,1.0,0.3228212887,0.3258315125,0.05396467447,0.05260193348
4427,1.0,0.0,0.0,0.0,1.0,1.0,0.3152712724,0.3213695528,0.05311030149,0.05228900909
4428,1.0,0.0,0.0,0.0,1.0,1.0,0.294917105,0.2930566457,0.04939007759,0.04746937752
4429,1.0,0.0,0.0,0.0,1.0,1.0,0.1349157675,0.09439151553,0.02097612619,0.0140760541
4430,1.0,0.0,0.0,0.0,1.0,1.0,0.134676483,0.1194185784,0.0206797123,0.01768660545
4431,1.0,0.0,0.0,0.0,1.0,1.0,0.229601567,0.2054602716,0.0372877717,0.03235262632
4432,1.0,0.0,0.0,0.0,1.0,1.0,0.2801715752,0.2819370434,0.04615712166,0.04507738352
4433,1.0,0.0,0.0,0.0,1.0,1.0,0.302910495,0.3051987705,0.05074882507,0.04939186573
4434,1.0,0.0,0.0,0.0,1.0,1.0,0.3083900714,0.3164902423,0.05131494999,0.05104631186
4435,1.0,0.0,0.0,0.0,1.0,1.0,0.3128269037,0.3193582496,0.05260241032,0.05206292868
4436,1.0,0.0,0.0,0.0,1.0,1.0,0.3223481339,0.3281499581,0.05478399992,0.05423343182
4437,1.0,0.0,0.0,0.0,1.0,1.0,0.3213069477,0.3320405447,0.05410021544,0.05437207222
4438,1.0,0.0,0.0,0.0,1.0,1.0,0.3165436679,0.3264843844,0.05294001102,0.05267125368
4439,1.0,0.0,0.0,0.0,1.0,1.0,0.3261167607,0.329815862,0.05420285463,0.05339384079
4440,1.0,0.0,0.0,0.0,1.0,1.0,0.3127288877,0.3198212708,0.0520221591,0.0514857769
4441,1.0,0.0,0.0,0.0,1.0,1.0,0.3161172927,0.3259770374,0.05294692516,0.05267953873
4442,1.0,0.0,0.0,0.0,1.0,1.0,0.309122287,0.3214871705,0.05221551657,0.05221551657
4443,1.0,0.0,0.0,0.0,1.0,1.0,0.3072717469,0.3190784153,0.05153471231,0.05126345158
4444,1.0,0.0,0.0,0.0,1.0,1.0,0.3114087582,0.3218543882,0.05195665359,0.051684618
4445,1.0,0.0,0.0,0.0,1.0,1.0,0.3196923489,0.326998473,0.053214252,0.05240792036
4446,1.0,0.0,0.0,0.0,1.0,1.0,0.3064101199,0.3148241401,0.05091458559,0.05038142204
4447,1.0,0.0,0.0,0.0,1.0,1.0,0.3052957418,0.3135834222,0.05142015219,0.05060827732
4448,1.0,0.0,0.0,0.0,1.0,1.0,0.3015972785,0.3079090089,0.04980742931,0.04848277569
4449,1.0,0.0,0.0,0.0,1.0,1.0,0.2954731888,0.2994959249,0.04867136478,0.04734152555
4450,1.0,0.0,0.0,0.0,1.0,1.0,0.2996704115,0.305572653,0.0491784215,0.04811513424
4451,1.0,0.0,0.0,0.0,1.0,1.0,0.3050243516,0.3099963432,0.05009204149,0.04875981808
4452,1.0,0.0,0.0,0.0,1.0,1.0,0.295769643,0.2988193935,0.04859447479,0.04725944996
4453,1.0,0.0,0.0,0.0,1.0,1.0,0.2920446648,0.2961309094,0.04815119505,0.04708117247
4454,1.0,0.0,0.0,0.0,1.0,1.0,0.3037519464,0.3106370676,0.05088311434,0.0503359437
4455,1.0,0.0,0.0,0.0,1.0,1.0,0.3087704783,0.3163218566,0.05187511444,0.05132913589
4456,1.0,0.0,0.0,0.0,1.0,1.0,0.3117230956,0.3166552076,0.05195218325,0.05141663551
4457,1.0,0.0,0.0,0.0,1.0,1.0,0.3122250899,0.3187587631,0.0529333353,0.05238759518
4458,1.0,0.0,0.0,0.0,1.0,1.0,0.317053329,0.3248185382,0.05277264118,0.05223685503
4459,1.0,0.0,0.0,0.0,1.0,1.0,0.3234439849,0.3270599208,0.05461847782,0.05379921198
4460,1.0,0.0,0.0,0.0,1.0,1.0,0.3144309295,0.3205449284,0.05192011595,0.05165529251
4461,1.0,0.0,0.0,0.0,1.0,1.0,0.3230678398,0.3309627798,0.05348873138,0.05322527885
4462,1.0,0.0,0.0,0.0,1.0,1.0,0.3191090058,0.3205447068,0.05236935616,0.05183762312
4463,1.0,0.0,0.0,0.0,1.0,1.0,0.3038951882,0.3085526076,0.05132889748,0.05050545931
4464,1.0,0.0,0.0,0.0,1.0,1.0,0.2918438604,0.2967625482,0.04941773415,0.04803729057
4465,1.0,0.0,0.0,0.0,1.0,1.0,0.2728741512,0.2636458107,0.04521757364,0.04167640209
4466,1.0,0.0,0.0,0.0,1.0,1.0,0.2706481828,0.2601285137,0.045106709,0.04130250216
4467,1.0,0.0,0.0,0.0,1.0,1.0,0.275989987,0.2678918039,0.04599452019,0.04245644808
4468,1.0,0.0,0.0,0.0,1.0,1.0,0.2778054134,0.2610228675,0.04611122608,0.04147285223
4469,1.0,0.0,0.0,0.0,1.0,1.0,0.2832026179,0.2669741822,0.04737764597,0.04297041893
4470,1.0,0.0,0.0,0.0,1.0,1.0,0.2438910153,0.2069019978,0.03974330425,0.03279519081
4471,1.0,0.0,0.0,0.0,1.0,1.0,0.1757457722,0.1136551937,0.02722644806,0.01732593775
4472,1.0,0.0,0.0,0.0,1.0,1.0,0.2061239906,0.1492223116,0.03202044964,0.02314084768
4473,1.0,0.0,0.0,0.0,1.0,1.0,0.2616779481,0.2363544156,0.04195010662,0.03789043427
4474,1.0,0.0,0.0,0.0,1.0,1.0,0.2867598713,0.2783681334,0.04700005054,0.04589414597
4475,1.0,0.0,0.0,0.0,1.0,1.0,0.31344951,0.2924790077,0.05130374432,0.04906100035
4476,1.0,0.0,0.0,0.0,1.0,1.0,0.3203785082,0.2994961344,0.05240023136,0.05069154501
4477,1.0,0.0,0.0,0.0,1.0,1.0,0.3340082269,0.3100581249,0.05435615778,0.05267506838
4478,1.0,0.0,0.0,0.0,1.0,1.0,0.3328535533,0.309591102,0.0539740324,0.05254614353
4479,1.0,0.0,0.0,0.0,1.0,1.0,0.3381902221,0.3091918794,0.05417776108,0.05275207758
4480,1.0,0.0,0.0,0.0,1.0,1.0,0.3470905015,0.3292473626,0.05548292398,0.05605190992
4481,1.0,0.0,0.0,0.0,1.0,1.0,0.3573226725,0.3386267655,0.05725932121,0.05839318037
4482,1.0,0.0,0.0,0.0,1.0,1.0,0.34732374,0.3281993233,0.05572772026,0.05658066273
4483,1.0,0.0,0.0,0.0,1.0,1.0,0.3480200864,0.3276318101,0.05561089516,0.05646646023
4484,1.0,0.0,0.0,0.0,1.0,1.0,0.3481001596,0.3253995408,0.05594193935,0.05651861429
4485,1.0,0.0,0.0,0.0,1.0,1.0,0.346616783,0.3210128111,0.05542331934,0.05571049452
4486,1.0,0.0,0.0,0.0,1.0,1.0,0.3488700659,0.3221883945,0.05594354868,0.05594354868
4487,1.0,0.0,0.0,0.0,1.0,1.0,0.3481810285,0.3210126479,0.05516457558,0.05545037985
4488,1.0,0.0,0.0,0.0,1.0,1.0,0.347866946,0.3226673346,0.05471777916,0.05528479815
4489,1.0,0.0,0.0,0.0,1.0,1.0,0.3546407009,0.3292863194,0.05645048618,0.0567355752
4490,1.0,0.0,0.0,0.0,1.0,1.0,0.3544119718,0.3288064525,0.05614423752,0.05670565367
4491,1.0,0.0,0.0,0.0,1.0,1.0,0.3514910587,0.3265501975,0.05605864525,0.05605864525
4492,1.0,0.0,0.0,0.0,1.0,1.0,0.3225759523,0.2824507947,0.05075132847,0.0481852293
4493,1.0,0.0,0.0,0.0,1.0,1.0,0.2545748239,0.1854635677,0.03861767054,0.03089416027
4494,1.0,0.0,0.0,0.0,1.0,1.0,0.2171864619,0.1013420973,0.03229957819,0.01657855511
4495,1.0,0.0,0.0,0.0,1.0,1.0,0.2148700035,0.07797044352,0.0320981741,0.0129570365
4496,1.0,0.0,0.0,0.0,1.0,1.0,0.217777254,0.08561648388,0.03334647417,0.01458907127
4497,1.0,0.0,0.0,0.0,1.0,1.0,0.2190556703,0.07592932176,0.03312522173,0.01271772385
4498,1.0,0.0,0.0,0.0,1.0,1.0,0.2184465648,0.0763460812,0.03362709284,0.01309370995
4499,1.0,0.0,0.0,0.0,1.0,1.0,0.2154137682,0.08675719109,0.03218156099,0.01449620724
4500,1.0,0.0,0.0,0.0,1.0,1.0,0.2099994639,0.08788165446,0.03175443411,0.01499509811
4501,1.0,0.0,0.0,0.0,1.0,1.0,0.214305319,0.09444914809,0.03255456686,0.01627731323
4502,1.0,0.0,0.0,0.0,1.0,1.0,0.2182687768,0.08838608208,0.0334200263,0.01524424553
4503,1.0,0.0,0.0,0.0,1.0,1.0,0.2197623793,0.08214593448,0.03313678503,0.0138310194
4504,1.0,0.0,0.0,0.0,1.0,1.0,0.2176048786,0.08556847798,0.03294509649,0.01457744837
4505,1.0,0.0,0.0,0.0,1.0,1.0,0.2176048919,0.08586266493,0.03326714039,0.01471996307
4506,1.0,0.0,0.0,0.0,1.0,1.0,0.2310846744,0.07237337762,0.0355488658,0.01244211197
4507,1.0,0.0,0.0,0.0,1.0,1.0,0.2301980697,0.07435295778,0.03540402651,0.01268643141
4508,1.0,0.0,0.0,0.0,1.0,1.0,0.2276723105,0.07608199933,0.0349599719,0.01303589344
4509,1.0,0.0,0.0,0.0,1.0,1.0,0.231671595,0.08242822111,0.03528296947,0.0139965415
4510,1.0,0.0,0.0,0.0,1.0,1.0,0.2144396039,0.0855687768,0.03282380104,0.01465350389
4511,1.0,0.0,0.0,0.0,1.0,1.0,0.2199543816,0.08299885872,0.0339422822,0.01429152489
4512,1.0,0.0,0.0,0.0,1.0,1.0,0.2145804526,0.08472772343,0.03273022175,0.01444846392
4513,1.0,0.0,0.0,0.0,1.0,1.0,0.2236103587,0.08299856903,0.03404217958,0.01420891285
4514,1.0,0.0,0.0,0.0,1.0,1.0,0.229443738,0.08155186065,0.03478819132,0.01385635138
4515,1.0,0.0,0.0,0.0,1.0,1.0,0.2165133694,0.08818623831,0.03261786699,0.01485282183
4516,1.0,0.0,0.0,0.0,1.0,1.0,0.2192950068,0.07981674436,0.03338384628,0.01358991861
4517,1.0,0.0,0.0,0.0,1.0,1.0,0.2216662866,0.07539624082,0.03396815062,0.01281249523
4518,1.0,0.0,0.0,0.0,1.0,1.0,0.2162533931,0.06814398,0.03275966644,0.01151019335
4519,1.0,0.0,0.0,0.0,1.0,1.0,0.2118277941,0.07384182572,0.03224939108,0.01260656118
4520,1.0,0.0,0.0,0.0,1.0,1.0,0.2192950141,0.07089446298,0.03363597393,0.01220417023
4521,1.0,0.0,0.0,0.0,1.0,1.0,0.2148512516,0.07701190949,0.03279525042,0.01317667961
4522,1.0,0.0,0.0,0.0,1.0,1.0,0.2225246811,0.06720415253,0.03385150433,0.01138114929
4523,1.0,0.0,0.0,0.0,1.0,1.0,0.2174359901,0.07701185742,0.03371280432,0.01330769062
4524,1.0,0.0,0.0,0.0,1.0,1.0,0.2225244507,0.0674364022,0.03360909224,0.01129961014
4525,1.0,0.0,0.0,0.0,1.0,1.0,0.224442878,0.07212470807,0.03434103727,0.01232755184
4526,1.0,0.0,0.0,0.0,1.0,1.0,0.2144396109,0.07872312821,0.03275704384,0.0134537816
4527,1.0,0.0,0.0,0.0,1.0,1.0,0.222524745,0.08043479906,0.03438997269,0.01393389702
4528,1.0,0.0,0.0,0.0,1.0,1.0,0.2210306236,0.07926602463,0.03362840414,0.01345133781
4529,1.0,0.0,0.0,0.0,1.0,1.0,0.2248743733,0.0792660175,0.03429931402,0.01348519325
4530,1.0,0.0,0.0,0.0,1.0,1.0,0.2171865827,0.07608213151,0.03347748518,0.01303547621
4531,1.0,0.0,0.0,0.0,1.0,1.0,0.2220983405,0.07163810494,0.03338211775,0.01200580597
4532,1.0,0.0,0.0,0.0,1.0,1.0,0.2236104524,0.0716382147,0.03382867575,0.01206064224
4533,1.0,0.0,0.0,0.0,1.0,1.0,0.2171863294,0.08126950018,0.03303861618,0.01374173164
4534,1.0,0.0,0.0,0.0,1.0,1.0,0.2182689074,0.07435270264,0.03333193064,0.01257252693
4535,1.0,0.0,0.0,0.0,1.0,1.0,0.2171863146,0.07312987438,0.03363204002,0.01250040531
4536,1.0,0.0,0.0,0.0,1.0,1.0,0.2253078287,0.06964763421,0.03503674269,0.01197838783
4537,1.0,0.0,0.0,0.0,1.0,1.0,0.2276718248,0.06964753534,0.03515738249,0.01191776991
4538,1.0,0.0,0.0,0.0,1.0,1.0,0.2152644779,0.08531816932,0.03272372484,0.01431661844
4539,1.0,0.0,0.0,0.0,1.0,1.0,0.2098067648,0.0771500167,0.03218322992,0.01287329197
4540,1.0,0.0,0.0,0.0,1.0,1.0,0.2079764568,0.06686401265,0.03172492981,0.01116245985
4541,1.0,0.0,0.0,0.0,1.0,1.0,0.2107139608,0.06862367752,0.03154277802,0.01128596067
4542,1.0,0.0,0.0,0.0,1.0,1.0,0.2154134094,0.06334465847,0.0323253274,0.01048386097
4543,1.0,0.0,0.0,0.0,1.0,1.0,0.2236106343,0.05297391578,0.03379493952,0.008816063404
4544,1.0,0.0,0.0,0.0,1.0,1.0,0.2100986172,0.06068043279,0.03118896484,0.009910523891
4545,1.0,0.0,0.0,0.0,1.0,1.0,0.217953303,0.05335110344,0.0323113203,0.008732795715
4546,1.0,0.0,0.0,0.0,1.0,1.0,0.2192453094,0.05953350929,0.03304833174,0.00982517004
4547,1.0,0.0,0.0,0.0,1.0,1.0,0.2316975369,0.06448032454,0.03420811892,0.01043641567
4548,1.0,0.0,0.0,0.0,1.0,1.0,0.2300304404,0.07321890153,0.03432297707,0.01183545589
4549,1.0,0.0,0.0,0.0,1.0,1.0,0.2273240651,0.09069011644,0.03374099731,0.01425266266
4550,1.0,0.0,0.0,0.0,1.0,1.0,0.2033412999,0.1110491349,0.03107792139,0.01700490713
4551,1.0,0.0,0.0,0.0,1.0,1.0,0.1922699955,0.132501691,0.03018170595,0.01993131638
4552,1.0,0.0,0.0,0.0,1.0,1.0,0.1737379995,0.1466361788,0.02766627073,0.02167665958
4553,1.0,0.0,0.0,0.0,1.0,1.0,0.1545899178,0.1505183977,0.02422040701,0.0211224556
4554,1.0,0.0,0.0,0.0,1.0,1.0,0.1508926938,0.1554250204,0.02387350798,0.02218830585
4555,1.0,0.0,0.0,0.0,1.0,1.0,0.1645099735,0.1582127366,0.0261734724,0.02307766676
4556,1.0,0.0,0.0,0.0,1.0,1.0,0.1721953468,0.1408989752,0.02751725912,0.02127623558
4557,1.0,0.0,0.0,0.0,1.0,1.0,0.1785340913,0.1200744737,0.02804028988,0.01869356632
4558,1.0,0.0,0.0,0.0,1.0,1.0,0.1727429487,0.09892099126,0.02856862545,0.01690798998
4559,1.0,0.0,0.0,0.0,1.0,1.0,0.2441521024,0.1753987931,0.04102897644,0.03128826618
4560,1.0,0.0,0.0,0.0,1.0,1.0,0.3069841734,0.2466157492,0.0482737422,0.04169094563
4561,1.0,0.0,0.0,0.0,1.0,1.0,0.3365642588,0.2778002984,0.05526417494,0.04881203175
4562,1.0,0.0,0.0,0.0,1.0,1.0,0.3393692272,0.2866989437,0.05502581596,0.04924809933
4563,1.0,0.0,0.0,0.0,1.0,1.0,0.3223453786,0.2660851799,0.0517064333,0.04486697912
4564,1.0,0.0,0.0,0.0,1.0,1.0,0.2054411339,0.09005573639,0.03267145157,0.01501119137
4565,1.0,0.0,0.0,0.0,1.0,1.0,0.1998883616,0.09005565132,0.03118950129,0.01472836733
4566,1.0,0.0,0.0,0.0,1.0,1.0,0.2463414684,0.1710456352,0.03984338045,0.02902877331
4567,1.0,0.0,0.0,0.0,1.0,1.0,0.3075207731,0.2597232604,0.04966384172,0.04359376431
4568,1.0,0.0,0.0,0.0,1.0,1.0,0.3197542867,0.2864852038,0.05263584852,0.0485022068
4569,1.0,0.0,0.0,0.0,1.0,1.0,0.3427125803,0.3139273266,0.0570666194,0.05351704359
4570,1.0,0.0,0.0,0.0,1.0,1.0,0.3488537362,0.3266781312,0.05908900499,0.05656862259
4571,1.0,0.0,0.0,0.0,1.0,1.0,0.3436096985,0.3159526712,0.05847162008,0.05509829521
4572,1.0,0.0,0.0,0.0,1.0,1.0,0.3462119479,0.3225038197,0.05832254887,0.05557149649
4573,1.0,0.0,0.0,0.0,1.0,1.0,0.3361686974,0.3088888713,0.05721062422,0.05356478691
4574,1.0,0.0,0.0,0.0,1.0,1.0,0.3369453082,0.3111166254,0.05811023712,0.05418008566
4575,1.0,0.0,0.0,0.0,1.0,1.0,0.3294160986,0.305918906,0.05713754892,0.05297702551
4576,1.0,0.0,0.0,0.0,1.0,1.0,0.3288896779,0.3066468452,0.05604159832,0.05141681433
4577,1.0,0.0,0.0,0.0,1.0,1.0,0.3156964821,0.2995119385,0.05460822582,0.05131524801
4578,1.0,0.0,0.0,0.0,1.0,1.0,0.307648636,0.2789138178,0.05206626654,0.0472817421
4579,1.0,0.0,0.0,0.0,1.0,1.0,0.3213095783,0.2841224207,0.05272728205,0.04717707634
4580,1.0,0.0,0.0,0.0,1.0,1.0,0.3224551323,0.2860246104,0.05302506685,0.04830557108
4581,1.0,0.0,0.0,0.0,1.0,1.0,0.3229490532,0.2881725442,0.05374318361,0.0489345789
4582,1.0,0.0,0.0,0.0,1.0,1.0,0.3224007625,0.281509404,0.05318677425,0.04730820656
4583,1.0,0.0,0.0,0.0,1.0,1.0,0.3197544413,0.2801711292,0.05351346731,0.04790991545
4584,1.0,0.0,0.0,0.0,1.0,1.0,0.3105228024,0.275765702,0.05049616098,0.04552930593
4585,1.0,0.0,0.0,0.0,1.0,1.0,0.2689468185,0.2066643984,0.04259324074,0.03352504969
4586,1.0,0.0,0.0,0.0,1.0,1.0,0.2215077684,0.1550857828,0.03479111195,0.02504956722
4587,1.0,0.0,0.0,0.0,1.0,1.0,0.2002458178,0.1258037221,0.03144395351,0.0202139616
4588,1.0,0.0,0.0,0.0,1.0,1.0,0.1794326886,0.1038153341,0.02823293209,0.01665747166
4589,1.0,0.0,0.0,0.0,1.0,1.0,0.1696135222,0.1060561524,0.02633970976,0.01671016216
4590,1.0,0.0,0.0,0.0,1.0,1.0,0.1622712581,0.09666118678,0.02506238222,0.01509433985
4591,1.0,0.0,0.0,0.0,1.0,1.0,0.1575209051,0.1021325752,0.02475762367,0.01593589783
4592,1.0,0.0,0.0,0.0,1.0,1.0,0.151375419,0.1025067858,0.02395439148,0.01616197824
4593,1.0,0.0,0.0,0.0,1.0,1.0,0.1486626987,0.1050136063,0.02321559191,0.01622289419
4594,1.0,0.0,0.0,0.0,1.0,1.0,0.1337544754,0.1108402349,0.0209338665,0.01715409756
4595,1.0,0.0,0.0,0.0,1.0,1.0,0.1323639611,0.1298489276,0.01944327354,0.01859790087
4596,1.0,0.0,0.0,0.0,1.0,1.0,0.1656107921,0.1157891028,0.02541863918,0.01684725285
4597,1.0,0.0,0.0,0.0,1.0,1.0,0.190547751,0.09454174141,0.03187847137,0.01531416178
4598,1.0,0.0,0.0,0.0,1.0,1.0,0.1706365978,0.1385945046,0.0288169384,0.02248352766
4599,1.0,0.0,0.0,0.0,1.0,1.0,0.1796321125,0.1007341761,0.02969485521,0.01611101627
4600,1.0,0.0,0.0,0.0,1.0,1.0,0.1640875632,0.1167930976,0.02504628897,0.01736164093
4601,1.0,0.0,0.0,0.0,1.0,1.0,0.17642757,0.07303603224,0.02795380354,0.0113004446
4602,1.0,0.0,0.0,0.0,1.0,1.0,0.172809161,0.184950312,0.0282779336,0.03031861782
4603,1.0,0.0,0.0,0.0,1.0,1.0,0.2040027284,0.1789541612,0.03330862522,0.02966988087
4604,1.0,0.0,0.0,0.0,1.0,1.0,0.2219068894,0.1890834182,0.03401517868,0.02953255177
4605,1.0,0.0,0.0,0.0,1.0,1.0,0.2915737985,0.2677075647,0.046433568,0.04428637028
4606,1.0,0.0,0.0,0.0,1.0,1.0,0.318080341,0.2995071826,0.05038911104,0.04879790545
4607,1.0,0.0,0.0,0.0,1.0,1.0,0.334829983,0.318449779,0.05326336622,0.05219274759
4608,1.0,0.0,0.0,0.0,1.0,1.0,0.341603021,0.3287200935,0.0547298789,0.05364608765
4609,1.0,0.0,0.0,0.0,1.0,1.0,0.3184659632,0.3095915821,0.05094343424,0.04985958338
4610,1.0,0.0,0.0,0.0,1.0,1.0,0.2356840454,0.2118960542,0.03701227903,0.03339457512
4611,1.0,0.0,0.0,0.0,1.0,1.0,0.2002459198,0.1594092135,0.03097712994,0.02461576462
4612,1.0,0.0,0.0,0.0,1.0,1.0,0.1952316963,0.1551481134,0.03032833338,0.02392876148
4613,1.0,0.0,0.0,0.0,1.0,1.0,0.2433423601,0.2279429269,0.03878194094,0.03601181507
4614,1.0,0.0,0.0,0.0,1.0,1.0,0.2903781971,0.2828929851,0.04572141171,0.04439234734
4615,1.0,0.0,0.0,0.0,1.0,1.0,0.2953092106,0.293351639,0.04725503922,0.04698187113
4616,1.0,0.0,0.0,0.0,1.0,1.0,0.2485195483,0.2246946567,0.03900587559,0.03507721424
4617,1.0,0.0,0.0,0.0,1.0,1.0,0.2377852678,0.2304913826,0.03679591417,0.03420871496
4618,1.0,0.0,0.0,0.0,1.0,1.0,0.2331397139,0.1548153425,0.03836923838,0.02484560013
4619,1.0,0.0,0.0,0.0,1.0,1.0,0.1995045143,0.09194867221,0.03444284201,0.01523435116
4620,1.0,0.0,0.0,0.0,1.0,1.0,0.1937694997,0.07506504218,0.02768057585,0.0101980567
4621,1.0,0.0,0.0,0.0,1.0,1.0,0.2065121864,0.08393759999,0.03305751085,0.013410151
4622,1.0,0.0,0.0,0.0,1.0,1.0,0.1543850527,0.0846304445,0.02410429716,0.01332086325
4623,1.0,0.0,0.0,0.0,1.0,1.0,0.2429265004,0.2009949624,0.03893125057,0.03341346979
4624,1.0,0.0,0.0,0.0,1.0,1.0,0.2054738945,0.1476447417,0.03200632334,0.02423781157
4625,1.0,0.0,0.0,0.0,1.0,1.0,0.188870521,0.134756249,0.02915328741,0.02186501026
4626,1.0,0.0,0.0,0.0,1.0,1.0,0.2294125964,0.159606597,0.03520268202,0.02571326494
4627,1.0,0.0,0.0,0.0,1.0,1.0,0.2373189945,0.169580125,0.03634077311,0.02777260542
4628,1.0,0.0,0.0,0.0,1.0,1.0,0.2438637003,0.1653622851,0.03580111265,0.02670413256
4629,1.0,0.0,0.0,0.0,1.0,1.0,0.2341552519,0.1492454554,0.03545284271,0.02565282583
4630,1.0,0.0,0.0,0.0,1.0,1.0,0.2454769211,0.1603199929,0.03654289246,0.02726215124
4631,1.0,0.0,0.0,0.0,1.0,1.0,0.2198774326,0.1379158871,0.03240144253,0.02268099785
4632,1.0,0.0,0.0,0.0,1.0,1.0,0.207866931,0.1377185698,0.03123039007,0.02208214998
4633,1.0,0.0,0.0,0.0,1.0,1.0,0.1859902422,0.1112661361,0.03216832876,0.02014940977
4634,1.0,0.0,0.0,0.0,1.0,1.0,0.21084397,0.1157893488,0.03331810236,0.01861900091
4635,1.0,0.0,0.0,0.0,1.0,1.0,0.2050668489,0.1485656721,0.03035694361,0.02361094952
4636,1.0,0.0,0.0,0.0,1.0,1.0,0.198441114,0.1820685244,0.02883279324,0.02823209763
4637,1.0,0.0,0.0,0.0,1.0,1.0,0.2277705962,0.190802605,0.03539556265,0.03203910589
4638,1.0,0.0,0.0,0.0,1.0,1.0,0.2227797062,0.151375271,0.03233295679,0.02462047338
4639,1.0,0.0,0.0,0.0,1.0,1.0,0.2254958774,0.131683184,0.03378158808,0.02233016491
4640,1.0,0.0,0.0,0.0,1.0,1.0,0.2941684645,0.2148637883,0.04444867373,0.03644239902
4641,1.0,0.0,0.0,0.0,1.0,1.0,0.3258653135,0.2522864242,0.0497879982,0.04339069128
4642,1.0,0.0,0.0,0.0,1.0,1.0,0.3547567564,0.2998328879,0.05531710386,0.05138599873
4643,1.0,0.0,0.0,0.0,1.0,1.0,0.3619888336,0.316216779,0.05701088905,0.05367362499
4644,1.0,0.0,0.0,0.0,1.0,1.0,0.3494551925,0.3104579756,0.05675655603,0.05306738615
4645,1.0,0.0,0.0,0.0,1.0,1.0,0.35023163,0.324818504,0.05652016401,0.05376309156
4646,1.0,0.0,0.0,0.0,1.0,1.0,0.341065834,0.3170988602,0.05478298664,0.05205750465
4647,1.0,0.0,0.0,0.0,1.0,1.0,0.3342501317,0.3249817769,0.0545156002,0.05370599031
4648,1.0,0.0,0.0,0.0,1.0,1.0,0.3119063137,0.2998324927,0.05047428608,0.04803198576
4649,1.0,0.0,0.0,0.0,1.0,1.0,0.3014983882,0.2913624047,0.04985338449,0.04737442732
4650,1.0,0.0,0.0,0.0,1.0,1.0,0.2358615438,0.1936633212,0.03898984194,0.03141623735
4651,1.0,0.0,0.0,0.0,1.0,1.0,0.153760622,0.1106395554,0.02421206236,0.01689213514
4652,1.0,0.0,0.0,0.0,1.0,1.0,0.2109548916,0.16419404,0.03458887339,0.02608340979
4653,1.0,0.0,0.0,0.0,1.0,1.0,0.2728738785,0.2652626893,0.04587650299,0.04283648729
4654,1.0,0.0,0.0,0.0,1.0,1.0,0.2964308087,0.2998327732,0.05031806231,0.04866832495
4655,1.0,0.0,0.0,0.0,1.0,1.0,0.3066470909,0.317228875,0.05193471909,0.05111032724
4656,1.0,0.0,0.0,0.0,1.0,1.0,0.3153578502,0.3263485606,0.05324673653,0.05242758989
4657,1.0,0.0,0.0,0.0,1.0,1.0,0.3202720035,0.3303239968,0.05561769009,0.05449974537
4658,1.0,0.0,0.0,0.0,1.0,1.0,0.3149366777,0.3264170004,0.05424898863,0.05369544029
4659,1.0,0.0,0.0,0.0,1.0,1.0,0.3021187685,0.309758347,0.05127650499,0.050167799
4660,1.0,0.0,0.0,0.0,1.0,1.0,0.2980508852,0.3121125757,0.05126476288,0.05098617077
4661,1.0,0.0,0.0,0.0,1.0,1.0,0.3044550934,0.320290774,0.05175465345,0.05175465345
4662,1.0,0.0,0.0,0.0,1.0,1.0,0.3050761757,0.3220794616,0.05250561237,0.05305254459
4663,1.0,0.0,0.0,0.0,1.0,1.0,0.29630861,0.3085524772,0.05073136091,0.05045717955
4664,1.0,0.0,0.0,0.0,1.0,1.0,0.2233850621,0.2016117875,0.03708285093,0.03213852644
4665,1.0,0.0,0.0,0.0,1.0,1.0,0.1390976955,0.1374231979,0.02298533916,0.02185022831
4666,1.0,0.0,0.0,0.0,1.0,1.0,0.1378540351,0.1227073622,0.02269279957,0.01957255602
4667,1.0,0.0,0.0,0.0,1.0,1.0,0.2108455935,0.1871809603,0.03511703014,0.03013986349
4668,1.0,0.0,0.0,0.0,1.0,1.0,0.2502668037,0.2406682799,0.04200607538,0.03927838802
4669,1.0,0.0,0.0,0.0,1.0,1.0,0.2795865975,0.2855546404,0.04734766483,0.04680341482
4670,1.0,0.0,0.0,0.0,1.0,1.0,0.2887631572,0.2924785397,0.0493350029,0.04796457291
4671,1.0,0.0,0.0,0.0,1.0,1.0,0.2885153048,0.296192453,0.05063068867,0.05007123947
4672,1.0,0.0,0.0,0.0,1.0,1.0,0.2907756918,0.3018117409,0.04914623499,0.04914623499
4673,1.0,0.0,0.0,0.0,1.0,1.0,0.2928300893,0.3014709425,0.05034589767,0.05034589767
4674,1.0,0.0,0.0,0.0,1.0,1.0,0.2873794542,0.2975312118,0.05005085468,0.05032891035
4675,1.0,0.0,0.0,0.0,1.0,1.0,0.2734474218,0.2810931077,0.04691398144,0.04691398144
4676,1.0,0.0,0.0,0.0,1.0,1.0,0.2809932155,0.2867249267,0.04784023762,0.04756838083
4677,1.0,0.0,0.0,0.0,1.0,1.0,0.2825895811,0.2893118669,0.04814004898,0.04786807299
4678,1.0,0.0,0.0,0.0,1.0,1.0,0.2825898212,0.2869684472,0.04816073179,0.04734444618
4679,1.0,0.0,0.0,0.0,1.0,1.0,0.2850973733,0.2928825838,0.04905843735,0.04878276587
4680,1.0,0.0,0.0,0.0,1.0,1.0,0.287158715,0.2886175814,0.04929119349,0.04818975925
4681,1.0,0.0,0.0,0.0,1.0,1.0,0.2850974258,0.2886177623,0.04824405909,0.04743093252
4682,1.0,0.0,0.0,0.0,1.0,1.0,0.2832554445,0.2898382765,0.048566401,0.0480145812
4683,1.0,0.0,0.0,0.0,1.0,1.0,0.2885488312,0.2938557693,0.04963892698,0.04908424616
4684,1.0,0.0,0.0,0.0,1.0,1.0,0.2797788678,0.2822343844,0.047929883,0.04709875584
4685,1.0,0.0,0.0,0.0,1.0,1.0,0.2890143724,0.2958215459,0.04860383272,0.04806083441
4686,1.0,0.0,0.0,0.0,1.0,1.0,0.2876445439,0.2921955513,0.04796200991,0.04769098759
4687,1.0,0.0,0.0,0.0,1.0,1.0,0.2834719584,0.284840928,0.04856234789,0.04745239019
4688,1.0,0.0,0.0,0.0,1.0,1.0,0.2661909594,0.2641621532,0.04468399286,0.04303920269
4689,1.0,0.0,0.0,0.0,1.0,1.0,0.1209287757,0.1396278936,0.01887005568,0.02109009027
4690,1.0,0.0,0.0,0.0,1.0,1.0,0.1577132664,0.1689963776,0.02507328987,0.02620017529
4691,1.0,0.0,0.0,0.0,1.0,1.0,0.1526679749,0.1647432389,0.02432560921,0.02545702457
4692,1.0,0.0,0.0,0.0,1.0,1.0,0.1351555707,0.1502786124,0.0214471817,0.02342265844
4693,1.0,0.0,0.0,0.0,1.0,1.0,0.1184009496,0.1182136727,0.01891767979,0.01836127043
4694,1.0,0.0,0.0,0.0,1.0,1.0,0.2049701979,0.1776014838,0.03327155113,0.02804714441
4695,1.0,0.0,0.0,0.0,1.0,1.0,0.2654254864,0.2633664746,0.0442070961,0.04256981611
4696,1.0,0.0,0.0,0.0,1.0,1.0,0.2959513272,0.3035217149,0.0505708456,0.05001813173
4697,1.0,0.0,0.0,0.0,1.0,1.0,0.3046683185,0.3114927679,0.05167794228,0.05113112926
4698,1.0,0.0,0.0,0.0,1.0,1.0,0.3116193651,0.3187586313,0.0527176857,0.05244445801
4699,1.0,0.0,0.0,0.0,1.0,1.0,0.3132339393,0.3210126552,0.05409264565,0.05409258604
4700,1.0,0.0,0.0,0.0,1.0,1.0,0.3095044901,0.316048428,0.05338281393,0.05310475826
4701,1.0,0.0,0.0,0.0,1.0,1.0,0.3106157086,0.3166550314,0.05228787661,0.0520169735
4702,1.0,0.0,0.0,0.0,1.0,1.0,0.3164630679,0.3231530015,0.05361324549,0.05306619406
4703,1.0,0.0,0.0,0.0,1.0,1.0,0.3181503908,0.322188476,0.05403840542,0.05349254608
4704,1.0,0.0,0.0,0.0,1.0,1.0,0.316117297,0.3205445842,0.05333948135,0.05253130198
4705,1.0,0.0,0.0,0.0,1.0,1.0,0.3143405686,0.323739747,0.05298852921,0.05298858881
4706,1.0,0.0,0.0,0.0,1.0,1.0,0.3045300053,0.3186139175,0.05070656538,0.05124598742
4707,1.0,0.0,0.0,0.0,1.0,1.0,0.3062805879,0.3175483703,0.05171531439,0.05171531439
4708,1.0,0.0,0.0,0.0,1.0,1.0,0.3012902854,0.3112740351,0.05008178949,0.04981255531
4709,1.0,0.0,0.0,0.0,1.0,1.0,0.2902130294,0.2964444499,0.04849666357,0.04767930508
4710,1.0,0.0,0.0,0.0,1.0,1.0,0.2839136886,0.2909337194,0.04732990265,0.0465092063
4711,1.0,0.0,0.0,0.0,1.0,1.0,0.2788000873,0.2929399159,0.04620951414,0.04593932629
4712,1.0,0.0,0.0,0.0,1.0,1.0,0.2724285365,0.2848061176,0.04601454735,0.04438090324
4713,1.0,0.0,0.0,0.0,1.0,1.0,0.2402662087,0.2589794934,0.03996294737,0.03940796852
4714,0.0,0.0,0.0,0.0,0.0,0.0,0.0,0.0,0.0,0.0
4715,0.0,0.0,0.0,0.0,0.0,0.0,0.0,0.0,0.0,0.0
4716,0.0,0.0,0.0,0.0,0.0,0.0,0.0,0.0,0.0,0.0
4717,0.0,0.0,0.0,0.0,0.0,0.0,0.0,0.0,0.0,0.0
4718,0.0,0.0,0.0,0.0,0.0,0.0,0.0,0.0,0.0,0.0
4719,0.0,0.0,0.0,0.0,0.0,0.0,0.0,0.0,0.0,0.0
4720,0.0,0.0,0.0,0.0,0.0,0.0,0.0,0.0,0.0,0.0
4721,1.0,0.7853981853,0.0,0.0,1.0,1.0,0.1419444175,0.1842549065,0.02291232347,0.02071523666
4722,1.0,0.7853981853,0.0,0.0,1.0,1.0,0.1215814965,0.1825327291,0.01967382431,0.02034074068
4723,1.0,0.7853981853,0.0,-2.61799407,1.0,1.0,0.2981942692,0.2880334606,0.03041085601,0.02773734927
4724,1.0,0.7853981853,0.0,0.0,1.0,1.0,0.1787910003,0.2023867216,0.03285169601,0.02660983801
4725,1.0,0.7853981853,0.0,0.0,1.0,1.0,0.2809817726,0.3051177783,0.04937452078,0.03968709707
4726,1.0,0.7853981853,0.0,0.0,1.0,1.0,0.2824866712,0.3559655684,0.05416953564,0.04941785336
4727,1.0,0.7853981853,0.0,0.0,1.0,1.0,0.2360246558,0.3159672272,0.04808992147,0.0467633009
4728,1.0,0.7853981853,0.0,0.0,1.0,1.0,0.2115487337,0.278383524,0.04070866108,0.03910595179
4729,1.0,0.7853981853,0.0,0.0,1.0,1.0,0.2127522732,0.2382928581,0.04003500938,0.03196597099
4730,1.0,0.7853981853,0.0,0.0,1.0,1.0,0.2177173242,0.2677931558,0.03959047794,0.03491443396
4731,1.0,0.7853981853,0.0,0.0,1.0,1.0,0.2302380609,0.2690805341,0.04301083088,0.03649401665
4732,1.0,0.7853981853,0.0,0.0,1.0,1.0,0.2381281059,0.2672925745,0.04456144571,0.03740555048
4733,1.0,0.7853981853,0.0,0.0,1.0,1.0,0.2058710831,0.1975640635,0.03724431992,0.02705782652
4734,1.0,0.7853981853,0.0,0.0,1.0,1.0,0.1908196084,0.1309946891,0.03412699699,0.01824611425
4735,1.0,0.7853981853,0.0,0.0,1.0,1.0,0.2307870691,0.1138898218,0.04038149118,0.01635283232
4736,1.0,0.7853981853,0.0,0.0,1.0,1.0,0.1865870874,0.1187677277,0.03085285425,0.01619011164
4737,1.0,0.7853981853,0.0,0.0,1.0,1.0,0.2056099134,0.149039761,0.03668576479,0.02169245481
4738,1.0,0.7853981853,0.0,0.0,1.0,1.0,0.1682733689,0.1549353775,0.0311127305,0.02231317759
4739,1.0,0.7853981853,0.0,0.0,1.0,1.0,0.2562672217,0.2562125325,0.0462141633,0.03727936745
4740,1.0,0.7853981853,0.0,0.0,1.0,1.0,0.256705836,0.2913266015,0.04750490189,0.04338783026
4741,1.0,0.7853981853,0.0,0.0,1.0,1.0,0.2316587186,0.2551317924,0.04369080067,0.0377613306
4742,1.0,0.7853981853,0.0,0.0,1.0,1.0,0.2438500362,0.2773782407,0.04411423206,0.03914362192
4743,1.0,0.7853981853,0.0,0.0,1.0,1.0,0.2194314386,0.2085792204,0.0393448472,0.0295086503
4744,1.0,0.7853981853,0.0,0.0,1.0,1.0,0.1735870532,0.1665737029,0.02986222506,0.02232128382
4745,1.0,0.7853981853,0.0,0.0,1.0,1.0,0.2602379305,0.2978334626,0.04623222351,0.04226136208
4746,1.0,0.7853981853,0.0,0.0,1.0,1.0,0.2848804709,0.3480546892,0.05555719137,0.05494326353
4747,1.0,0.0,0.0,0.0,1.0,1.0,0.3003015886,0.3596477686,0.05640798807,0.05582046509
4748,1.0,0.0,0.0,0.0,1.0,1.0,0.2963644654,0.3412274598,0.05302578211,0.05161553621
4749,1.0,0.0,0.0,0.0,1.0,1.0,0.1779374459,0.1399994839,0.02979809046,0.0200510025
4750,1.0,0.0,0.0,0.0,1.0,1.0,0.1852055829,0.1316058987,0.03026175499,0.0188113451
4751,1.0,0.0,0.0,0.0,1.0,1.0,0.2737529898,0.263391138,0.04558682442,0.03938275576
4752,1.0,0.0,0.0,0.0,1.0,1.0,0.3007874907,0.3085994818,0.05077648163,0.04728388786
4753,1.0,0.0,0.0,0.0,1.0,1.0,0.326709565,0.322736428,0.05525547266,0.05062818527
4754,1.0,0.0,0.0,0.0,1.0,1.0,0.3224522346,0.3144501285,0.05453908443,0.05019766092
4755,1.0,0.0,0.0,0.0,1.0,1.0,0.3277652712,0.3178498106,0.05549734831,0.05112320185
4756,1.0,0.0,0.0,0.0,1.0,1.0,0.3288069223,0.3172289175,0.0553213954,0.05093944073
4757,1.0,0.0,0.0,0.0,1.0,1.0,0.3191085875,0.3167725049,0.05371201038,0.05098557472
4758,1.0,0.0,0.0,0.0,1.0,1.0,0.3207884115,0.3195494822,0.0537994504,0.05082565546
4759,1.0,0.0,0.0,0.0,1.0,1.0,0.3289100866,0.3331472953,0.05590587854,0.05347520113
4760,1.0,0.0,0.0,0.0,1.0,1.0,0.3156966877,0.318004226,0.05386471748,0.05115795135
4761,1.0,0.0,0.0,0.0,1.0,1.0,0.313612283,0.318004213,0.05372220278,0.05128031969
4762,1.0,0.0,0.0,0.0,1.0,1.0,0.3069149782,0.3068753576,0.05279910564,0.04954993725
4763,1.0,0.0,0.0,0.0,1.0,1.0,0.3093512632,0.3157021501,0.05349242687,0.05129784346
4764,1.0,0.0,0.0,0.0,1.0,1.0,0.3100628539,0.3108634089,0.05408024788,0.05106061697
4765,1.0,0.0,0.0,0.0,1.0,1.0,0.3161175466,0.3140137578,0.05418914557,0.05090492964
4766,1.0,0.0,0.0,0.0,1.0,1.0,0.3196340697,0.322667575,0.05603092909,0.0532977581
4767,1.0,0.0,0.0,0.0,1.0,1.0,0.3192013678,0.3162168617,0.05567741394,0.05216383934
4768,1.0,0.0,0.0,0.0,1.0,1.0,0.3201945843,0.3125288801,0.05579650402,0.05200445652
4769,1.0,0.0,0.0,0.0,1.0,1.0,0.3187073783,0.3086511439,0.05616009235,0.0515255332
4770,1.0,0.0,0.0,0.0,1.0,1.0,0.3234390344,0.3185922919,0.05747157335,0.0536583066
4771,1.0,0.0,0.0,0.0,1.0,1.0,0.3264741484,0.3143404923,0.05770158768,0.05307453871
4772,1.0,0.0,0.0,0.0,1.0,1.0,0.3264430202,0.3218269731,0.05674946308,0.05352205038
4773,1.0,0.0,0.0,0.0,1.0,1.0,0.3165156803,0.3109013849,0.05551755428,0.05223578215
4774,1.0,0.0,0.0,0.0,1.0,1.0,0.3176520031,0.3147590209,0.05691099167,0.0538572073
4775,1.0,0.0,0.0,0.0,1.0,1.0,0.3066824043,0.2998327142,0.0531206131,0.04934555292
4776,1.0,0.0,0.0,0.0,1.0,1.0,0.2987376015,0.2893120144,0.05157780647,0.04752719402
4777,1.0,0.0,0.0,0.0,1.0,1.0,0.3013941028,0.2909557946,0.05179679394,0.04750275612
4778,1.0,0.0,0.0,0.0,1.0,1.0,0.2922163192,0.27853276,0.051261127,0.04635310173
4779,1.0,0.0,0.0,0.0,1.0,1.0,0.2922164029,0.2810930971,0.05106818676,0.04645031691
4780,1.0,0.0,0.0,0.0,1.0,1.0,0.2815331303,0.2728740397,0.04958450794,0.04572790861
4781,1.0,0.0,0.0,0.0,1.0,1.0,0.2819744994,0.2679426567,0.04859507084,0.04400551319
4782,1.0,0.0,0.0,0.0,1.0,1.0,0.2814883583,0.2680623746,0.04914808273,0.04473030567
4783,1.0,0.0,0.0,0.0,1.0,1.0,0.2771827386,0.2672925505,0.04764699936,0.04383522272
4784,1.0,0.0,0.0,0.0,1.0,1.0,0.2764751836,0.267292453,0.04695653915,0.04344826937
4785,1.0,0.0,0.0,0.0,1.0,1.0,0.2795863187,0.2698490787,0.04824948311,0.0449219346
4786,1.0,0.0,0.0,0.0,1.0,1.0,0.2818523248,0.2675274413,0.04761373997,0.04350912571
4787,1.0,0.0,0.0,0.0,1.0,1.0,0.2940479905,0.2841221983,0.04961621761,0.04609155655
4788,1.0,0.0,0.0,0.0,1.0,1.0,0.2956549074,0.2908075674,0.05020159483,0.04747325182
4789,1.0,0.0,0.0,0.0,1.0,1.0,0.2969587112,0.2948352631,0.0506157279,0.04816657305
4790,1.0,0.0,0.0,0.0,1.0,1.0,0.3039704089,0.2958873759,0.05218338966,0.04917806387
4791,1.0,0.0,0.0,0.0,1.0,1.0,0.3015972298,0.2924788818,0.05220735073,0.04859727621
4792,1.0,0.0,0.0,0.0,1.0,1.0,0.2535652398,0.2293239977,0.04248869419,0.03697067499
4793,1.0,0.0,0.0,0.0,1.0,1.0,0.1586417345,0.09588750244,0.02567070723,0.0148319602
4794,1.0,0.0,0.0,0.0,1.0,1.0,0.1515909361,0.09957550642,0.02453625202,0.01540648937
4795,1.0,0.0,0.0,0.0,1.0,1.0,0.2141659589,0.1711849794,0.03545224667,0.02720761299
4796,1.0,0.0,0.0,0.0,1.0,1.0,0.2687022509,0.2515721189,0.0449795723,0.04031711817
4797,1.0,0.0,0.0,0.0,1.0,1.0,0.2985554164,0.2988364407,0.05131602287,0.04939508438
4798,1.0,0.0,0.0,0.0,1.0,1.0,0.2964850341,0.2981668182,0.05075889826,0.048848629
4799,1.0,0.0,0.0,0.0,1.0,1.0,0.3061782781,0.3087977408,0.05215632915,0.05026465654
4800,1.0,0.0,0.0,0.0,1.0,1.0,0.3072768249,0.3148241923,0.05283343792,0.05147176981
4801,1.0,0.0,0.0,0.0,1.0,1.0,0.3054295841,0.3091918739,0.0524135232,0.05076700449
4802,1.0,0.0,0.0,0.0,1.0,1.0,0.306410205,0.3075204701,0.0528421402,0.05090546608
4803,1.0,0.0,0.0,0.0,1.0,1.0,0.3006319301,0.3055726662,0.05171865225,0.04979300499
4804,1.0,0.0,0.0,0.0,1.0,1.0,0.3011140182,0.3083022467,0.05134290457,0.04970425367
4805,1.0,0.0,0.0,0.0,1.0,1.0,0.3045919517,0.3098270067,0.05178022385,0.05016207695
4806,1.0,0.0,0.0,0.0,1.0,1.0,0.3080039387,0.3110847263,0.05366331339,0.05147302151
4807,1.0,0.0,0.0,0.0,1.0,1.0,0.3118381535,0.3156132083,0.05523508787,0.0530257225
4808,1.0,0.0,0.0,0.0,1.0,1.0,0.3021934548,0.3117072887,0.05218309164,0.0513677597
4809,1.0,0.0,0.0,0.0,1.0,1.0,0.3007723076,0.3119174892,0.05228626728,0.05201399326
4810,1.0,0.0,0.0,0.0,1.0,1.0,0.298271211,0.3060177595,0.05167996883,0.05086815357
4811,1.0,0.0,0.0,0.0,1.0,1.0,0.2999880875,0.3088891311,0.05170935392,0.05117350817
4812,1.0,0.0,0.0,0.0,1.0,1.0,0.2960730583,0.2962512489,0.05058133602,0.04870790243
4813,1.0,0.0,0.0,0.0,1.0,1.0,0.2974714568,0.3014711468,0.05102050304,0.04967081547
4814,1.0,0.0,0.0,0.0,1.0,1.0,0.3010934377,0.3084082444,0.05216044188,0.05106806755
4815,1.0,0.0,0.0,0.0,1.0,1.0,0.3009412105,0.3094299147,0.05202805996,0.05120658875
4816,1.0,0.0,0.0,0.0,1.0,1.0,0.3028612571,0.3048297569,0.05222541094,0.0503013134
4817,1.0,0.0,0.0,0.0,1.0,1.0,0.3018984548,0.3044659253,0.05243164301,0.05077588558
4818,1.0,0.0,0.0,0.0,1.0,1.0,0.3044551007,0.3084084436,0.05210965872,0.05101835728
4819,1.0,0.0,0.0,0.0,1.0,1.0,0.2985552421,0.298836335,0.05106961727,0.0491579175
4820,1.0,0.0,0.0,0.0,1.0,1.0,0.3004649768,0.2985131165,0.05246186256,0.04997682571
4821,1.0,0.0,0.0,0.0,1.0,1.0,0.3045918718,0.3038168621,0.05313783884,0.05064696074
4822,1.0,0.0,0.0,0.0,1.0,1.0,0.3033449724,0.3031638252,0.0525354743,0.05032342672
4823,1.0,0.0,0.0,0.0,1.0,1.0,0.3007874067,0.303816921,0.05213719606,0.05048203468
4824,1.0,0.0,0.0,0.0,1.0,1.0,0.299195934,0.2948353121,0.05191075802,0.04887342453
4825,1.0,0.0,0.0,0.0,1.0,1.0,0.3049415316,0.3075206046,0.05311363935,0.05116707087
4826,1.0,0.0,0.0,0.0,1.0,1.0,0.2970876277,0.2971315764,0.05122810602,0.04900085926
4827,1.0,0.0,0.0,0.0,1.0,1.0,0.3038951828,0.3005079119,0.05173063278,0.04924094677
4828,1.0,0.0,0.0,0.0,1.0,1.0,0.3078927176,0.3072608558,0.05280858278,0.05032020807
4829,1.0,0.0,0.0,0.0,1.0,1.0,0.3067754754,0.3018449802,0.0523865819,0.04962939024
4830,1.0,0.0,0.0,0.0,1.0,1.0,0.3092734295,0.3076512196,0.05203813314,0.04957318306
4831,1.0,0.0,0.0,0.0,1.0,1.0,0.311408635,0.3099966249,0.05291116238,0.05069500208
4832,1.0,0.0,0.0,0.0,1.0,1.0,0.3111933391,0.3097583378,0.05264163017,0.05041342974
4833,1.0,0.0,0.0,0.0,1.0,1.0,0.31119353,0.3091058865,0.05272233486,0.05021178722
4834,1.0,0.0,0.0,0.0,1.0,1.0,0.3079004841,0.3018789861,0.05095499754,0.0482301116
4835,1.0,0.0,0.0,0.0,1.0,1.0,0.307266639,0.3091058947,0.05125635862,0.04960292578
4836,1.0,0.0,0.0,0.0,1.0,1.0,0.3054771269,0.3039540098,0.05059278011,0.04866808653
4837,1.0,0.0,0.0,0.0,1.0,1.0,0.3046073115,0.3056713551,0.05023795366,0.04833710194
4838,1.0,0.0,0.0,0.0,1.0,1.0,0.3068896724,0.3087012466,0.05083745718,0.04920625687
4839,1.0,0.0,0.0,0.0,1.0,1.0,0.3091563613,0.3121124188,0.05275732279,0.05108249187
4840,1.0,0.0,0.0,0.0,1.0,1.0,0.3106817887,0.3087014108,0.0524404645,0.05022078753
4841,1.0,0.0,0.0,0.0,1.0,1.0,0.3056144133,0.313618074,0.05026894808,0.04945379496
4842,1.0,0.0,0.0,0.0,1.0,1.0,0.3127392412,0.3153411429,0.05212455988,0.05046981573
4843,1.0,0.0,0.0,0.0,1.0,1.0,0.3077750475,0.3101715282,0.05133599043,0.04967999458
4844,1.0,0.0,0.0,0.0,1.0,1.0,0.3056146736,0.3108229559,0.05079865456,0.04970026016
4845,1.0,0.0,0.0,0.0,1.0,1.0,0.3094300944,0.3159749782,0.05160707235,0.05077916384
4846,1.0,0.0,0.0,0.0,1.0,1.0,0.3100577756,0.3148927204,0.05151087046,0.05041491985
4847,1.0,0.0,0.0,0.0,1.0,1.0,0.3082856846,0.3073885381,0.05091494322,0.0489987731
4848,1.0,0.0,0.0,0.0,1.0,1.0,0.3105704888,0.3148924638,0.05207902193,0.05097091198
4849,1.0,0.0,0.0,0.0,1.0,1.0,0.3171781137,0.3234497693,0.05287128687,0.0520452261
4850,1.0,0.0,0.0,0.0,1.0,1.0,0.3131586102,0.3129737919,0.05214488506,0.05020326376
4851,1.0,0.0,0.0,0.0,1.0,1.0,0.3102294863,0.3151550379,0.05047208071,0.04938077927
4852,1.0,0.0,0.0,0.0,1.0,1.0,0.3119062635,0.3116724159,0.05147737265,0.04954004288
4853,1.0,0.0,0.0,0.0,1.0,1.0,0.3137783458,0.3159747648,0.05167508125,0.05030798912
4854,1.0,0.0,0.0,0.0,1.0,1.0,0.31034428,0.3095157761,0.05096435547,0.0490463376
4855,1.0,0.0,0.0,0.0,1.0,1.0,0.3116903471,0.3121060972,0.05061644316,0.04896587133
4856,1.0,0.0,0.0,0.0,1.0,1.0,0.3094720294,0.3138597008,0.05111145973,0.04999423027
4857,1.0,0.0,0.0,0.0,1.0,1.0,0.3101133345,0.3156129793,0.05076181889,0.04965829849
4858,1.0,0.0,0.0,0.0,1.0,1.0,0.311163046,0.3173665745,0.05091279745,0.05008268356
4859,1.0,0.0,0.0,0.0,1.0,1.0,0.3069956657,0.3072487221,0.04938107729,0.04773503542
4860,1.0,0.0,0.0,0.0,1.0,1.0,0.308175546,0.3107806717,0.05019879341,0.04881209135
4861,1.0,0.0,0.0,0.0,1.0,1.0,0.3132834002,0.3171989327,0.05070257187,0.0493248105
4862,1.0,0.0,0.0,0.0,1.0,1.0,0.3093510757,0.3136545637,0.05044925213,0.04906326532
4863,1.0,0.0,0.0,0.0,1.0,1.0,0.3168551573,0.3191202896,0.0520247817,0.05036443472
4864,1.0,0.0,0.0,0.0,1.0,1.0,0.3089489744,0.3075203341,0.05081671476,0.04887288809
4865,1.0,0.0,0.0,0.0,1.0,1.0,0.3099962635,0.3096861733,0.05160111189,0.04962730408
4866,1.0,0.0,0.0,0.0,1.0,1.0,0.3138179328,0.3114458676,0.05117660761,0.04922968149
4867,1.0,0.0,0.0,0.0,1.0,1.0,0.3115806199,0.3121067237,0.05047017336,0.04909127951
4868,1.0,0.0,0.0,0.0,1.0,1.0,0.3184662347,0.3162571145,0.051628232,0.0497059226
4869,1.0,0.0,0.0,0.0,1.0,1.0,0.3157020495,0.3208735719,0.05160695314,0.05050307512
4870,1.0,0.0,0.0,0.0,1.0,1.0,0.3127504679,0.3162569731,0.05098080635,0.05014961958
4871,1.0,0.0,0.0,0.0,1.0,1.0,0.3121124117,0.309686029,0.05141603947,0.049449265
4872,1.0,0.0,0.0,0.0,1.0,1.0,0.3176920556,0.3125466314,0.05203795433,0.04978770018
4873,1.0,0.0,0.0,0.0,1.0,1.0,0.3176119613,0.315426406,0.0511624217,0.04949402809
4874,1.0,0.0,0.0,0.0,1.0,1.0,0.3164322666,0.3176797684,0.0506157279,0.04923278093
4875,1.0,0.0,0.0,0.0,1.0,1.0,0.3215593385,0.3241919646,0.05187112093,0.05074965954
4876,1.0,0.0,0.0,0.0,1.0,1.0,0.3191935468,0.3217625551,0.05190312862,0.05076861382
4877,1.0,0.0,0.0,0.0,1.0,1.0,0.3174492573,0.3211204295,0.05107867718,0.0499560833
4878,1.0,0.0,0.0,0.0,1.0,1.0,0.3208736857,0.319316198,0.05207526684,0.05036783218
4879,1.0,0.0,0.0,0.0,1.0,1.0,0.3221768363,0.3170272206,0.05234223604,0.04980957508
4880,1.0,0.0,0.0,0.0,1.0,1.0,0.3210642618,0.3147707768,0.05149370432,0.04900205135
4881,1.0,0.0,0.0,0.0,1.0,1.0,0.3214988099,0.3181678152,0.05177098513,0.04980146885
4882,1.0,0.0,0.0,0.0,1.0,1.0,0.3133101484,0.3109774254,0.05126941204,0.04955089092
4883,1.0,0.0,0.0,0.0,1.0,1.0,0.3203114875,0.3198212999,0.05115526915,0.04919850826
4884,1.0,0.0,0.0,0.0,1.0,1.0,0.306845902,0.3012756685,0.04855066538,0.04633122683
4885,1.0,0.0,0.0,0.0,1.0,1.0,0.3050925396,0.3041778803,0.04893904924,0.04725152254
4886,1.0,0.0,0.0,0.0,1.0,1.0,0.3093921433,0.3091797947,0.05015659332,0.04846596718
4887,1.0,0.0,0.0,0.0,1.0,1.0,0.3157049476,0.3240941096,0.05047106743,0.04991334677
4888,1.0,0.0,0.0,0.0,1.0,1.0,0.3129737279,0.320473287,0.05086654425,0.04974246025
4889,1.0,0.0,0.0,0.0,1.0,1.0,0.3132056116,0.312788097,0.05153697729,0.04893112183
4890,1.0,0.0,0.0,0.0,1.0,1.0,0.3041780076,0.3130120513,0.05235475302,0.05115807056
4891,1.0,0.0,0.0,0.0,1.0,1.0,0.3121182918,0.3147032764,0.05325084925,0.05155134201
4892,1.0,0.0,0.0,0.0,1.0,1.0,0.2995069397,0.3049145771,0.05818480253,0.05691993237
4893,1.0,0.0,0.0,0.0,1.0,1.0,0.2954729398,0.2923203863,0.0596280694,0.05832475424
4894,1.0,0.0,0.0,0.0,1.0,1.0,0.2869848206,0.3032792333,0.05289453268,0.05412471294
4895,1.0,0.0,0.0,0.0,1.0,1.0,0.3001624209,0.3110509354,0.05465769768,0.05495804548
4896,1.0,0.0,0.0,0.0,1.0,1.0,0.3013147046,0.3252424213,0.054946661,0.05764895678
4897,1.0,0.0,0.0,0.0,1.0,1.0,0.2876929202,0.3186373744,0.05513936281,0.05832660198
4898,1.0,0.0,0.0,0.0,1.0,1.0,0.2769739653,0.3121062373,0.05003470182,0.05365163088
4899,1.0,0.0,0.0,0.0,1.0,1.0,0.2757079953,0.3168518817,0.04879504442,0.0533695817
4900,1.0,0.0,0.0,0.0,1.0,1.0,0.2795642215,0.3368491589,0.04846674204,0.05513095856
4901,1.0,0.0,0.0,0.0,1.0,1.0,0.2744582612,0.3251861064,0.0494377017,0.05503439903
4902,1.0,0.0,0.0,0.0,1.0,1.0,0.2646077847,0.3163700632,0.04834067822,0.0541908145
4903,1.0,0.0,0.0,0.0,1.0,1.0,0.2727291605,0.3188182162,0.05049240589,0.05582386255
4904,1.0,0.0,0.0,0.0,1.0,1.0,0.2584175995,0.3073825175,0.04698580503,0.05320906639
4905,1.0,0.0,0.0,0.0,1.0,1.0,0.2721168436,0.3114458246,0.05155408382,0.05632764101
4906,1.0,0.0,0.0,0.0,1.0,1.0,0.2824509695,0.3284878083,0.0521786809,0.05804491043
4907,1.0,0.0,0.0,0.0,1.0,1.0,0.2584762989,0.297325087,0.0487164855,0.05391293764
4908,1.0,0.0,0.0,0.0,1.0,1.0,0.2721167748,0.3138596499,0.05108332634,0.05644392967
4909,1.0,0.0,0.0,0.0,1.0,1.0,0.2558297786,0.2944783464,0.04754543304,0.05229997635
4910,1.0,0.0,0.0,0.0,1.0,1.0,0.258799387,0.3016172859,0.04868751764,0.05413281918
4911,1.0,0.0,0.0,0.0,1.0,1.0,0.2640035604,0.3080716934,0.04999577999,0.05583941936
4912,1.0,0.0,0.0,0.0,1.0,1.0,0.2569992056,0.2987653893,0.04958701134,0.05444848537
4913,1.0,0.0,0.0,0.0,1.0,1.0,0.260575028,0.3048838637,0.04881131649,0.0542704463
4914,1.0,0.0,0.0,0.0,1.0,1.0,0.2734958106,0.311015101,0.05115228891,0.0562043786
4915,1.0,0.0,0.0,0.0,1.0,1.0,0.2629220758,0.3033392833,0.04970580339,0.0551224947
4916,1.0,0.0,0.0,0.0,1.0,1.0,0.2678569204,0.3050929326,0.05061286688,0.05504155159
4917,1.0,0.0,0.0,0.0,1.0,1.0,0.2690805882,0.310780551,0.0503462553,0.05503690243
4918,1.0,0.0,0.0,0.0,1.0,1.0,0.2721251745,0.3110149957,0.05185574293,0.05594134331
4919,1.0,0.0,0.0,0.0,1.0,1.0,0.2620685101,0.3022366203,0.05038589239,0.055080235
4920,1.0,0.0,0.0,0.0,1.0,1.0,0.2621485101,0.30364978,0.04900151491,0.0535954237
4921,1.0,0.0,0.0,0.0,1.0,1.0,0.2597234132,0.3019147709,0.04962211847,0.05464714766
4922,1.0,0.0,0.0,0.0,1.0,1.0,0.275989497,0.311245119,0.05257707834,0.05599933863
4923,1.0,0.0,0.0,0.0,1.0,1.0,0.2727236137,0.3149648138,0.05280649662,0.05660092831
4924,1.0,0.0,0.0,0.0,1.0,1.0,0.264557907,0.3057731989,0.04896861315,0.05289822817
4925,1.0,0.0,0.0,0.0,1.0,1.0,0.2609380546,0.3096858673,0.04978168011,0.05510419607
4926,1.0,0.0,0.0,0.0,1.0,1.0,0.2667372985,0.3127625269,0.05019593239,0.05546343327
4927,1.0,0.0,0.0,0.0,1.0,1.0,0.2736366262,0.3143120762,0.05140858889,0.05579715967
4928,1.0,0.0,0.0,0.0,1.0,1.0,0.2675026117,0.309267641,0.05080544949,0.05516904593
4929,1.0,0.0,0.0,0.0,1.0,1.0,0.2697167171,0.3125461099,0.05080962181,0.05517363548
4930,1.0,0.0,0.0,0.0,1.0,1.0,0.2709231128,0.3194644009,0.05105572939,0.05572545528
4931,1.0,0.0,0.0,0.0,1.0,1.0,0.26818365,0.3213753443,0.05017536879,0.05671995878
4932,1.0,0.0,0.0,0.0,1.0,1.0,0.2660743164,0.311445811,0.04928636551,0.05452305079
4933,1.0,0.0,0.0,0.0,1.0,1.0,0.2751365641,0.3162569529,0.05077981949,0.05536836386
4934,1.0,0.0,0.0,0.0,1.0,1.0,0.2660743564,0.3121061213,0.04973238707,0.05532723665
4935,1.0,0.0,0.0,0.0,1.0,1.0,0.2665176762,0.3156130485,0.04884719849,0.0549530983
4936,1.0,0.0,0.0,0.0,1.0,1.0,0.2734789051,0.3162570332,0.05029499531,0.05517214537
4937,1.0,0.0,0.0,0.0,1.0,1.0,0.27438925,0.3121060787,0.04999232292,0.05393105745
4938,1.0,0.0,0.0,0.0,1.0,1.0,0.2671777364,0.3180041901,0.04828584194,0.05424702168
4939,1.0,0.0,0.0,0.0,1.0,1.0,0.2742270889,0.3162570198,0.05118906498,0.05581456423
4940,1.0,0.0,0.0,0.0,1.0,1.0,0.2656539286,0.3032792366,0.05038446188,0.05407118797
4941,1.0,0.0,0.0,0.0,1.0,1.0,0.2762034788,0.3183155412,0.05180895329,0.05570214987
4942,1.0,0.0,0.0,0.0,1.0,1.0,0.277533552,0.3159746567,0.05116802454,0.05442148447
4943,1.0,0.0,0.0,0.0,1.0,1.0,0.2715526621,0.3114699311,0.05039554834,0.05427211523
4944,1.0,0.0,0.0,0.0,1.0,1.0,0.2705134238,0.3142576642,0.05021387339,0.05502480268
4945,1.0,0.0,0.0,0.0,1.0,1.0,0.2710904723,0.3180043393,0.05050259829,0.05537033081
4946,1.0,0.0,0.0,0.0,1.0,1.0,0.269639604,0.310823094,0.05032396317,0.05454272032
4947,1.0,0.0,0.0,0.0,1.0,1.0,0.2660852847,0.308190423,0.0500164032,0.05398112535
4948,1.0,0.0,0.0,0.0,1.0,1.0,0.2631809459,0.3116724707,0.04811096191,0.05283349752
4949,1.0,0.0,0.0,0.0,1.0,1.0,0.2482482766,0.2994843302,0.04594516754,0.05131542683
4950,1.0,0.0,0.0,0.0,1.0,1.0,0.2645115901,0.3055725934,0.04893249273,0.0530346036
4951,1.0,0.0,0.0,0.0,1.0,1.0,0.265125261,0.3097586766,0.04907286167,0.05383145809
4952,1.0,0.0,0.0,0.0,1.0,1.0,0.2591144401,0.2998326833,0.04816067219,0.05204945803
4953,1.0,0.0,0.0,0.0,1.0,1.0,0.2670509946,0.3121125835,0.05051696301,0.05535691977
4954,1.0,0.0,0.0,0.0,1.0,1.0,0.271552777,0.3150782749,0.05199879408,0.05722939968
4955,1.0,0.0,0.0,0.0,1.0,1.0,0.2713934653,0.3210011221,0.05085402727,0.0563352108
4956,1.0,0.0,0.0,0.0,1.0,1.0,0.2746069809,0.3302949532,0.05336368084,0.05987900496
4957,1.0,0.0,0.0,0.0,1.0,1.0,0.2654254756,0.3196094373,0.05146360397,0.05749946833
4958,1.0,0.0,0.0,0.0,1.0,1.0,0.2770888539,0.3360193865,0.05428189039,0.06118482351
4959,1.0,0.0,0.0,0.0,1.0,1.0,0.2672738457,0.3313939102,0.05233824253,0.05995106697
4960,1.0,0.0,0.0,0.0,1.0,1.0,0.2736176748,0.3272817855,0.05276930332,0.05877298117
4961,1.0,0.0,0.0,0.0,1.0,1.0,0.2773494201,0.3296406444,0.0515679121,0.05736547709
4962,1.0,0.0,0.0,0.0,1.0,1.0,0.270648341,0.3313938303,0.05293953419,0.06027448177
4963,1.0,0.0,0.0,0.0,1.0,1.0,0.2731697871,0.3337358003,0.05406647921,0.06118899584
4964,1.0,0.0,0.0,0.0,1.0,1.0,0.2743565274,0.3325607402,0.05383718014,0.06056684256
4965,1.0,0.0,0.0,0.0,1.0,1.0,0.2748054178,0.3331472823,0.05328828096,0.06026655436
4966,1.0,0.0,0.0,0.0,1.0,1.0,0.2693301642,0.3349006241,0.05183398724,0.05964028835
4967,1.0,0.0,0.0,0.0,1.0,1.0,0.2791828949,0.3349193919,0.05324876308,0.05955040455
4968,1.0,0.0,0.0,0.0,1.0,1.0,0.2695311811,0.32833677,0.05055999756,0.05715483427
4969,1.0,0.0,0.0,0.0,1.0,1.0,0.2655281537,0.3313753331,0.05054110289,0.05870306492
4970,1.0,0.0,0.0,0.0,1.0,1.0,0.2589312287,0.319464674,0.04942059517,0.05634582043
4971,1.0,0.0,0.0,0.0,1.0,1.0,0.2606519945,0.3218841868,0.04890447855,0.05638027191
4972,1.0,0.0,0.0,0.0,1.0,1.0,0.2630980688,0.3302041934,0.04888629913,0.05749517679
4973,1.0,0.0,0.0,0.0,1.0,1.0,0.2646548101,0.3296403218,0.04955989122,0.05787116289
4974,1.0,0.0,0.0,0.0,1.0,1.0,0.2609378929,0.3186374793,0.04942929745,0.05689036846
4975,1.0,0.0,0.0,0.0,1.0,1.0,0.260580559,0.317198578,0.04855251312,0.05500566959
4976,1.0,0.0,0.0,0.0,1.0,1.0,0.2383536296,0.2906181288,0.04608309269,0.05212163925
4977,1.0,0.0,0.0,0.0,1.0,1.0,0.2395356605,0.2898740461,0.04523438215,0.05084973574
4978,1.0,0.0,0.0,0.0,1.0,1.0,0.20222828,0.2534817235,0.03815764189,0.0441493392
4979,1.0,0.0,0.0,0.0,1.0,1.0,0.1941963866,0.2237016476,0.03541880846,0.03786146641
4980,1.0,0.0,0.0,0.0,1.0,1.0,0.1716727175,0.1842039666,0.03215378523,0.03215384483
4981,1.0,0.0,0.0,0.0,1.0,1.0,0.1415296747,0.1488138967,0.02511358261,0.02511352301
4982,1.0,0.0,0.0,0.0,1.0,1.0,0.1225235898,0.1398472894,0.02120637894,0.02272111177
4983,1.0,0.0,0.0,0.0,1.0,1.0,0.1282236773,0.1510348428,0.02206987143,0.0244884491
4984,1.0,0.0,0.0,0.0,1.0,1.0,0.1275513566,0.1449004339,0.02267086506,0.02422362566
4985,1.0,0.0,0.0,0.0,1.0,1.0,0.1090941759,0.1286596783,0.01921713352,0.0213868022
4986,1.0,0.0,0.0,0.0,1.0,1.0,0.112415039,0.1305241764,0.01987153292,0.02173453569
4987,1.0,0.0,0.0,0.0,1.0,1.0,0.1190230103,0.1366278598,0.02103275061,0.02257925272
4988,1.0,0.0,0.0,0.0,1.0,1.0,0.125584181,0.1435766317,0.02279680967,0.02437996864
4989,1.0,0.0,0.0,0.0,1.0,1.0,0.1202869713,0.1459861228,0.02110815048,0.02421230078
4990,1.0,0.0,0.0,0.0,1.0,1.0,0.1266898577,0.1473055886,0.02239733934,0.02457481623
4991,1.0,0.0,0.0,0.0,1.0,1.0,0.1317366058,0.1523314512,0.02326661348,0.02543818951
4992,1.0,0.0,0.0,0.0,1.0,1.0,0.1264671493,0.1467580871,0.02241301537,0.02459204197
4993,1.0,0.0,0.0,0.0,1.0,1.0,0.1211975718,0.1516008361,0.0209286809,0.02456849813
4994,1.0,0.0,0.0,0.0,1.0,1.0,0.1180998187,0.144114374,0.02065992355,0.02374351025
4995,1.0,0.0,0.0,0.0,1.0,1.0,0.1143728933,0.1374698373,0.02069097757,0.02355587482
4996,1.0,0.0,0.0,0.0,1.0,1.0,0.1185179044,0.1553439361,0.02096021175,0.02596563101
4997,1.0,0.0,0.0,0.0,1.0,1.0,0.110258779,0.1357733698,0.01938021183,0.02250605822
4998,1.0,0.0,0.0,0.0,1.0,1.0,0.09941181057,0.1206875009,0.01763147116,0.02015024424
4999,1.0,0.0,0.0,0.0,1.0,1.0,0.09672035606,0.1121048036,0.01654404402,0.01807588339
5000,1.0,0.0,0.0,0.0,1.0,1.0,0.09794892761,0.1167929759,0.01711452007,0.01933306456
5001,1.0,0.0,0.0,0.0,1.0,1.0,0.1004921004,0.1181510371,0.0174459815,0.01934921741
5002,1.0,0.0,0.0,0.0,1.0,1.0,0.1021324094,0.1157653561,0.01753407717,0.01878654957
5003,1.0,0.0,0.0,0.0,1.0,1.0,0.09791192434,0.1151700037,0.01643007994,0.01829010248
5004,1.0,0.0,0.0,0.0,1.0,1.0,0.09571089593,0.1225000255,0.01595067978,0.01932489872
5005,1.0,0.0,0.0,0.0,1.0,1.0,0.1078011714,0.1210264161,0.01800334454,0.01891875267
5006,1.0,0.0,0.0,0.0,1.0,1.0,0.1001228098,0.121086042,0.01728963852,0.01945084333
5007,1.0,0.0,0.0,0.0,1.0,1.0,0.09886546743,0.1292716716,0.01697993279,0.02068471909
5008,1.0,0.0,0.0,0.0,1.0,1.0,0.0947593896,0.1148780376,0.01641815901,0.01858651638
5009,1.0,0.0,0.0,0.0,1.0,1.0,0.09976922064,0.12634452,0.01765877008,0.0207567811
5010,1.0,0.0,0.0,0.0,1.0,1.0,0.1013421146,0.1131445216,0.01788669825,0.01850348711
5011,1.0,0.0,0.0,0.0,1.0,1.0,0.09643754212,0.1140050514,0.01688879728,0.01842415333
5012,1.0,0.0,0.0,0.0,1.0,1.0,0.1008448061,0.1083042956,0.01713085175,0.01743668318
5013,1.0,0.0,0.0,0.0,1.0,1.0,0.1020933281,0.1049031445,0.01763671637,0.01701790094
5014,1.0,0.0,0.0,0.0,1.0,1.0,0.1155940569,0.1108401674,0.0201087594,0.01825249195
5015,1.0,0.0,0.0,0.0,1.0,1.0,0.1102586371,0.1060012394,0.01882767677,0.01700562239
5016,1.0,0.0,0.0,0.0,1.0,1.0,0.1108565405,0.105013944,0.01930528879,0.01749545336
5017,1.0,0.0,0.0,0.0,1.0,1.0,0.1126913134,0.09103428506,0.01867038012,0.0143853426
5018,1.0,0.0,0.0,0.0,1.0,1.0,0.1287294216,0.1235050838,0.02151656151,0.0194246769
5019,1.0,0.0,0.0,0.0,1.0,1.0,0.1185178494,0.1150300383,0.01994222403,0.01815634966
5020,1.0,0.0,0.0,0.0,1.0,1.0,0.1176847558,0.1077468691,0.01991027594,0.01723581553
5021,1.0,0.0,0.0,0.0,1.0,1.0,0.1190230523,0.09474243419,0.02021098137,0.01515817642
5022,1.0,0.0,0.0,0.0,1.0,1.0,0.1302843941,0.1033256387,0.02137756348,0.01610636711
5023,0.0,0.0,0.0,0.0,0.0,0.0,0.0,0.0,0.0,0.0
5024,1.0,0.0,0.0,0.0,1.0,1.0,0.08622627222,0.0557458675,0.01501661539,0.009556055069
5025,1.0,0.0,0.0,0.0,1.0,1.0,0.07438600804,0.05552444224,0.01179504395,0.008468210697
5026,1.0,0.0,0.0,0.0,1.0,1.0,0.09672031349,0.0816274695,0.01513051987,0.01216369867
5027,1.0,0.0,0.0,0.0,1.0,1.0,0.07702130798,0.0634564242,0.01268225908,0.009662628174
5028,1.0,0.0,0.0,0.0,1.0,1.0,0.08390818695,0.06345689476,0.01330417395,0.009460806847
5029,1.0,0.0,0.0,0.0,1.0,1.0,0.07920092114,0.07626262767,0.01266050339,0.01145476103
5030,1.0,0.0,0.0,0.0,1.0,1.0,0.122417787,0.09068263795,0.01913160086,0.01342064142
5031,1.0,0.0,0.0,0.0,1.0,1.0,0.1447605113,0.1274188207,0.02184253931,0.01914960146
5032,1.0,0.0,0.0,0.0,1.0,1.0,0.1170174895,0.08959135539,0.01993083954,0.01470303535
5033,1.0,0.0,0.0,0.0,1.0,1.0,0.1208116422,0.1064047036,0.02028506994,0.01721161604
5034,1.0,0.0,0.0,0.0,1.0,1.0,0.1197151885,0.09880406993,0.01973730326,0.0155506134
5035,1.0,0.0,0.0,0.0,1.0,1.0,0.1142738604,0.1131442992,0.01848578453,0.01760548353
5036,1.0,0.0,0.0,0.0,1.0,1.0,0.1215779827,0.1096042106,0.02000385523,0.01735627651
5037,1.0,0.0,0.0,0.0,1.0,1.0,0.1192826038,0.1150300684,0.01939922571,0.01792955399
5038,1.0,0.0,0.0,0.0,1.0,1.0,0.1149636577,0.111906665,0.01838511229,0.01719897985
5039,1.0,0.0,0.0,0.0,1.0,1.0,0.1166955327,0.1084668234,0.02024573088,0.0182865262
5040,1.0,0.0,0.0,0.0,1.0,1.0,0.1262833294,0.09335461574,0.02105778456,0.01534211636
5041,1.0,0.0,0.0,0.0,1.0,1.0,0.172742934,0.142256384,0.02813977003,0.02239698172
5042,1.0,0.0,0.0,0.0,1.0,1.0,0.1742147626,0.1393273647,0.02811050415,0.02219247818
5043,1.0,0.0,0.0,0.0,1.0,1.0,0.1838680739,0.1519297533,0.02956688404,0.02429753542
5044,1.0,0.0,0.0,0.0,1.0,1.0,0.1729628835,0.1547179392,0.02875387669,0.02578961849
5045,1.0,0.0,0.0,0.0,1.0,1.0,0.1476653108,0.1603582124,0.02494508028,0.0261619091
5046,1.0,0.0,0.0,0.0,1.0,1.0,0.1401169622,0.1604271967,0.02417576313,0.02662396431
5047,1.0,0.0,0.0,0.0,1.0,1.0,0.1619351773,0.1545531203,0.02822381258,0.02645981312
5048,1.0,0.0,0.0,0.0,1.0,1.0,0.2353525794,0.2371555854,0.04331868887,0.04153841734
5049,1.0,0.0,0.0,0.0,1.0,1.0,0.308408611,0.3135832929,0.05768084526,0.05768084526
5050,1.0,0.0,0.0,0.0,1.0,1.0,0.3063740588,0.3064953586,0.05362915993,0.05333924294
5051,1.0,0.0,0.0,0.0,1.0,1.0,0.3225090575,0.3084086959,0.05671930313,0.05524224043
5052,1.0,0.0,0.0,0.0,1.0,1.0,0.320767037,0.3064954884,0.05609458685,0.05432313681
5053,1.0,0.0,0.0,0.0,1.0,1.0,0.3151697407,0.3018447397,0.05419135094,0.05216276646
5054,1.0,0.0,0.0,0.0,1.0,1.0,0.3185669399,0.3102844302,0.05416500568,0.05332309008
5055,1.0,0.0,0.0,0.0,1.0,1.0,0.3211323133,0.306538143,0.052716434,0.05164057016
5056,1.0,0.0,0.0,0.0,1.0,1.0,0.3150949636,0.3017484329,0.0518528223,0.05104261637
5057,1.0,0.0,0.0,0.0,1.0,1.0,0.3119172381,0.2982458857,0.05131161213,0.05050563812
5058,1.0,0.0,0.0,0.0,1.0,1.0,0.3090378349,0.2953622415,0.0512611866,0.05044323206
5059,1.0,0.0,0.0,0.0,1.0,1.0,0.3068893491,0.2912384936,0.05084496737,0.04975736141
5060,1.0,0.0,0.0,0.0,1.0,1.0,0.3044655626,0.2857827982,0.04998230934,0.0486240983
5061,1.0,0.0,0.0,0.0,1.0,1.0,0.3134535444,0.296012891,0.05221641064,0.05084949732
5062,1.0,0.0,0.0,0.0,1.0,1.0,0.3124278632,0.2957207735,0.05187213421,0.05078577995
5063,1.0,0.0,0.0,0.0,1.0,1.0,0.3070069243,0.2920449534,0.05014890432,0.04905879498
5064,1.0,0.0,0.0,0.0,1.0,1.0,0.3032204604,0.2958216071,0.0499471426,0.04938912392
5065,1.0,0.0,0.0,0.0,1.0,1.0,0.3080356399,0.3014981665,0.05067557096,0.04984933138
5066,1.0,0.0,0.0,0.0,1.0,1.0,0.3073912465,0.3072609352,0.0509146452,0.05063647032
5067,1.0,0.0,0.0,0.0,1.0,1.0,0.3057115868,0.301178849,0.05001890659,0.04919445515
5068,1.0,0.0,0.0,0.0,1.0,1.0,0.3137785607,0.3152599717,0.0530551672,0.05277436972
5069,1.0,0.0,0.0,0.0,1.0,1.0,0.3070070887,0.3055725805,0.05093336105,0.05010294914
5070,1.0,0.0,0.0,0.0,1.0,1.0,0.3016556215,0.3028610336,0.04970031977,0.04915416241
5071,1.0,0.0,0.0,0.0,1.0,1.0,0.3138742914,0.3129567926,0.05258357525,0.05147659779
5072,1.0,0.0,0.0,0.0,1.0,1.0,0.3157844278,0.3198214383,0.05349910259,0.05294758081
5073,1.0,0.0,0.0,0.0,1.0,1.0,0.3004857917,0.3041781498,0.05030781031,0.0497609973
5074,1.0,0.0,0.0,0.0,1.0,1.0,0.3141567023,0.3192197657,0.05278128386,0.05223435163
5075,1.0,0.0,0.0,0.0,1.0,1.0,0.3060178682,0.3087975871,0.05173790455,0.05118751526
5076,1.0,0.0,0.0,0.0,1.0,1.0,0.308269404,0.3164900293,0.05178034306,0.05178034306
5077,1.0,0.0,0.0,0.0,1.0,1.0,0.3072718778,0.3100578368,0.05161780119,0.05107444525
5078,1.0,0.0,0.0,0.0,1.0,1.0,0.3087705535,0.3087974169,0.05212754011,0.05103009939
5079,1.0,0.0,0.0,0.0,1.0,1.0,0.31100961,0.3154385407,0.05379807949,0.05323767662
5080,1.0,0.0,0.0,0.0,1.0,1.0,0.3011344921,0.3058492567,0.05123573542,0.05068188906
5081,1.0,0.0,0.0,0.0,1.0,1.0,0.3019662773,0.3072607552,0.05038940907,0.04984164238
5082,1.0,0.0,0.0,0.0,1.0,1.0,0.3063863936,0.3112738258,0.05174767971,0.05119419098
5083,1.0,0.0,0.0,0.0,1.0,1.0,0.3016261856,0.3045437635,0.05131804943,0.05020844936
5084,1.0,0.0,0.0,0.0,1.0,1.0,0.2960703445,0.3005078512,0.05017006397,0.04933851957
5085,1.0,0.0,0.0,0.0,1.0,1.0,0.2942436021,0.2964446817,0.0493696332,0.04826641083
5086,1.0,0.0,0.0,0.0,1.0,1.0,0.2883634619,0.2923540224,0.04855233431,0.04744893312
5087,1.0,0.0,0.0,0.0,1.0,1.0,0.3001571022,0.3095911313,0.05065655708,0.05038267374
5088,1.0,0.0,0.0,0.0,1.0,1.0,0.2929958879,0.3011784206,0.04942440987,0.04914981127
5089,1.0,0.0,0.0,0.0,1.0,1.0,0.287891592,0.2903784906,0.04831200838,0.04721403122
5090,1.0,0.0,0.0,0.0,1.0,1.0,0.2544641517,0.2455379621,0.04256278276,0.03976267576
5091,1.0,0.0,0.0,0.0,1.0,1.0,0.1659909764,0.1100469539,0.0267098546,0.01715058088
5092,1.0,0.0,0.0,0.0,1.0,1.0,0.1531989486,0.1131444133,0.02387392521,0.01705282927
5093,1.0,0.0,0.0,0.0,1.0,1.0,0.1581847425,0.1174717167,0.0246771574,0.0176666379
5094,1.0,0.0,0.0,0.0,1.0,1.0,0.1551482245,0.1174718411,0.02434849739,0.01783668995
5095,1.0,0.0,0.0,0.0,1.0,1.0,0.1537603193,0.1056015953,0.02372008562,0.01581341028
5096,1.0,0.0,0.0,0.0,1.0,1.0,0.1522789038,0.09313794423,0.02457034588,0.01468575001
5097,1.0,0.0,0.0,0.0,1.0,1.0,0.2446547614,0.2240742519,0.03985130787,0.0356118679
5098,1.0,0.0,0.0,0.0,1.0,1.0,0.2876926971,0.2840877905,0.04809826612,0.04615211487
5099,1.0,0.0,0.0,0.0,1.0,1.0,0.2975313066,0.2944483085,0.05026602745,0.04859972
5100,1.0,0.0,0.0,0.0,1.0,1.0,0.3021567061,0.3052902621,0.05113136768,0.05028855801
5101,1.0,0.0,0.0,0.0,1.0,1.0,0.3071374418,0.312112099,0.05236786604,0.05180168152
5102,1.0,0.0,0.0,0.0,1.0,1.0,0.3004965524,0.3029130637,0.05016982555,0.04906111956
5103,1.0,0.0,0.0,0.0,1.0,1.0,0.3054774217,0.3093508062,0.05162841082,0.05106717348
5104,1.0,0.0,0.0,0.0,1.0,1.0,0.3023104615,0.3038843122,0.05111354589,0.0502756238
5105,1.0,0.0,0.0,0.0,1.0,1.0,0.3018119108,0.3099967227,0.05147433281,0.05147433281
5106,1.0,0.0,0.0,0.0,1.0,1.0,0.2995014748,0.3042521507,0.05073237419,0.05017185211
5107,1.0,0.0,0.0,0.0,1.0,1.0,0.3066283325,0.3127505369,0.05102521181,0.05074936152
5108,1.0,0.0,0.0,0.0,1.0,1.0,0.3046076926,0.3095911826,0.05148345232,0.05120509863
5109,1.0,0.0,0.0,0.0,1.0,1.0,0.3019657794,0.3055724079,0.05084455013,0.05001556873
5110,1.0,0.0,0.0,0.0,1.0,1.0,0.3079006672,0.3144501352,0.05240082741,0.05184036493
5111,1.0,0.0,0.0,0.0,1.0,1.0,0.3072664929,0.3015264506,0.05208903551,0.04984861612
5112,1.0,0.0,0.0,0.0,1.0,1.0,0.3039622579,0.3025522774,0.05177092552,0.05008280277
5113,1.0,0.0,0.0,0.0,1.0,1.0,0.2995015255,0.3029130423,0.05135351419,0.05021864176
5114,1.0,0.0,0.0,0.0,1.0,1.0,0.2970425292,0.2994957923,0.05058205128,0.04974365234
5115,1.0,0.0,0.0,0.0,1.0,1.0,0.2937606097,0.303584465,0.05010050535,0.04982054234
5116,1.0,0.0,0.0,0.0,1.0,1.0,0.2981937858,0.304251676,0.05167794228,0.0508261323
5117,1.0,0.0,0.0,0.0,1.0,1.0,0.2973949596,0.3079085119,0.05086654425,0.05086648464
5118,1.0,0.0,0.0,0.0,1.0,1.0,0.305385011,0.3157019996,0.05193418264,0.05193418264
5119,1.0,0.0,0.0,0.0,1.0,1.0,0.304747741,0.3127504426,0.05088293552,0.05033582449
5120,1.0,0.0,0.0,0.0,1.0,1.0,0.3134537863,0.3246485064,0.05227911472,0.05227911472
5121,1.0,0.0,0.0,0.0,1.0,1.0,0.3169749325,0.327519795,0.0532104969,0.05266755819
5122,1.0,0.0,0.0,0.0,1.0,1.0,0.3088889412,0.3201603429,0.05284327269,0.05228996277
5123,1.0,0.0,0.0,0.0,1.0,1.0,0.3182936249,0.3309188906,0.05512213707,0.05457091331
5124,1.0,0.0,0.0,0.0,1.0,1.0,0.3158689653,0.3258317083,0.05309087038,0.05254638195
5125,1.0,0.0,0.0,0.0,1.0,1.0,0.3078923188,0.3184659946,0.05299144983,0.05215913057
5126,1.0,0.0,0.0,0.0,1.0,1.0,0.3183644096,0.3287202737,0.05550593138,0.05467748642
5127,1.0,0.0,0.0,0.0,1.0,1.0,0.3023788339,0.3142057592,0.05056446791,0.05003219843
5128,1.0,0.0,0.0,0.0,1.0,1.0,0.3115348761,0.3193579894,0.05319422483,0.05211412907
5129,1.0,0.0,0.0,0.0,1.0,1.0,0.2821007812,0.2848412222,0.04829734564,0.04719340801
5130,1.0,0.0,0.0,0.0,1.0,1.0,0.2605803836,0.2541244709,0.0428391695,0.04039901495
5131,1.0,0.0,0.0,0.0,1.0,1.0,0.2622297785,0.2498604644,0.04294884205,0.03943729401
5132,1.0,0.0,0.0,0.0,1.0,1.0,0.2667373004,0.2617586636,0.0437720418,0.04161047935
5133,1.0,0.0,0.0,0.0,1.0,1.0,0.2564355629,0.2472846567,0.04190737009,0.03868377209
5134,1.0,0.0,0.0,0.0,1.0,1.0,0.2539834133,0.2472844826,0.04157787561,0.03887802362
5135,1.0,0.0,0.0,0.0,1.0,1.0,0.2494474884,0.2412446315,0.04137283564,0.03835892677
5136,1.0,0.0,0.0,0.0,1.0,1.0,0.2453914893,0.2421328017,0.04172688723,0.03896349669
5137,1.0,0.0,0.0,0.0,1.0,1.0,0.2486494981,0.2515604846,0.04182744026,0.04019784927
5138,1.0,0.0,0.0,0.0,1.0,1.0,0.2418520279,0.2515601073,0.04106909037,0.04025316238
5139,1.0,0.0,0.0,0.0,1.0,1.0,0.2365828763,0.2438497287,0.03999835253,0.03863781691
5140,1.0,0.0,0.0,0.0,1.0,1.0,0.217910905,0.2141662841,0.03709948063,0.03431010246
5141,1.0,0.0,0.0,0.0,1.0,1.0,0.1587743443,0.152792244,0.02619969845,0.02344179153
5142,1.0,0.0,0.0,0.0,1.0,1.0,0.142052887,0.1513752875,0.02339869738,0.02312010527
5143,1.0,0.0,0.0,0.0,1.0,1.0,0.129994909,0.1354554291,0.02157396078,0.02073341608
5144,1.0,0.0,0.0,0.0,1.0,1.0,0.1257801022,0.1336249456,0.02077794075,0.02049714327
5145,1.0,0.0,0.0,0.0,1.0,1.0,0.1093406703,0.1309231407,0.01813137531,0.02011448145
5146,1.0,0.0,0.0,0.0,1.0,1.0,0.1242916408,0.1372858553,0.02031755447,0.02087420225
5147,1.0,0.0,0.0,0.0,1.0,1.0,0.1146617908,0.1377909036,0.01866453886,0.02089321613
5148,1.0,0.0,0.0,0.0,1.0,1.0,0.1619784168,0.1508248087,0.02587139606,0.02284389734
5149,1.0,0.0,0.0,0.0,1.0,1.0,0.218060212,0.2228719006,0.03600144386,0.03491044044
5150,1.0,0.0,0.0,0.0,1.0,1.0,0.2416413694,0.2533550157,0.04045343399,0.0399030447
5151,1.0,0.0,0.0,0.0,1.0,1.0,0.2647956566,0.293238768,0.04484015703,0.04620718956
5152,1.0,0.0,0.0,0.0,1.0,1.0,0.2659803212,0.2994841024,0.04522871971,0.04714751244
5153,1.0,0.0,0.0,0.0,1.0,1.0,0.2576052229,0.2916518441,0.04293572903,0.04456609488
5154,1.0,0.0,0.0,0.0,1.0,1.0,0.2641266269,0.297324942,0.04401284456,0.04509955645
5155,1.0,0.0,0.0,0.0,1.0,1.0,0.2708164632,0.3033394576,0.04582351446,0.04718732834
5156,1.0,0.0,0.0,0.0,1.0,1.0,0.269639443,0.3015859262,0.04511785507,0.04646867514
5157,1.0,0.0,0.0,0.0,1.0,1.0,0.2728686941,0.299832713,0.04604405165,0.04658895731
5158,1.0,0.0,0.0,0.0,1.0,1.0,0.2660853678,0.290330866,0.04466688633,0.04493921995
5159,1.0,0.0,0.0,0.0,1.0,1.0,0.2612920792,0.2782135815,0.04393571615,0.04311192036
5160,1.0,0.0,0.0,0.0,1.0,1.0,0.218211208,0.2228971143,0.03595095873,0.03402996063
5161,1.0,0.0,0.0,0.0,1.0,1.0,0.1727847659,0.1528995297,0.02813607454,0.02261918783
5162,1.0,0.0,0.0,0.0,1.0,1.0,0.1485659708,0.1390201688,0.02443009615,0.02054345608
5163,1.0,0.0,0.0,0.0,1.0,1.0,0.09771565894,0.1320019488,0.01553052664,0.01907259226
5164,1.0,0.0,0.0,0.0,1.0,1.0,0.1053830788,0.1295572888,0.01680672169,0.01897537708
5165,1.0,0.0,0.0,0.0,1.0,1.0,0.1121819568,0.1309228643,0.01824778318,0.01963019371
5166,1.0,0.0,0.0,0.0,1.0,1.0,0.1012949885,0.123119617,0.01676011086,0.01899474859
5167,1.0,0.0,0.0,0.0,1.0,1.0,0.1208863476,0.1258422956,0.01967811584,0.01912385225
5168,1.0,0.0,0.0,0.0,1.0,1.0,0.1189811209,0.1262831997,0.01928913593,0.01928913593
5169,1.0,0.0,0.0,0.0,1.0,1.0,0.1259801705,0.1253777892,0.02091860771,0.01952397823
5170,1.0,0.0,0.0,0.0,1.0,1.0,0.1295573187,0.1294243574,0.02118039131,0.01980507374
5171,1.0,0.0,0.0,0.0,1.0,1.0,0.1352884453,0.120870901,0.0222877264,0.01866590977
5172,1.0,0.0,0.0,0.0,1.0,1.0,0.1398884763,0.1138153497,0.02386105061,0.01839882135
5173,1.0,0.0,0.0,0.0,1.0,1.0,0.2084925565,0.1889404566,0.03470879793,0.02947497368
5174,1.0,0.0,0.0,0.0,1.0,1.0,0.2614913224,0.2626517034,0.04380983114,0.04139083624
5175,1.0,0.0,0.0,0.0,1.0,1.0,0.2825899108,0.302196093,0.04775202274,0.04829156399
5176,1.0,0.0,0.0,0.0,1.0,1.0,0.3007875451,0.3201601817,0.05119413137,0.05119413137
5177,1.0,0.0,0.0,0.0,1.0,1.0,0.267908331,0.2736568399,0.045573771,0.0439363718
5178,1.0,0.0,0.0,0.0,1.0,1.0,0.1617983385,0.1280873361,0.02652901411,0.01962041855
5179,1.0,0.0,0.0,0.0,1.0,1.0,0.159307157,0.1280876088,0.02625119686,0.01961934566
5180,1.0,0.0,0.0,0.0,1.0,1.0,0.2116079869,0.1935538795,0.03539389372,0.0299487114
5181,1.0,0.0,0.0,0.0,1.0,1.0,0.2695125683,0.2764777375,0.04482251406,0.04295486212
5182,1.0,0.0,0.0,0.0,1.0,1.0,0.2966596853,0.3076513723,0.05037510395,0.0487588048
5183,1.0,0.0,0.0,0.0,1.0,1.0,0.3014191837,0.3138181464,0.05120718479,0.04959011078
5184,1.0,0.0,0.0,0.0,1.0,1.0,0.3012671802,0.3116905883,0.05094569921,0.04959797859
5185,1.0,0.0,0.0,0.0,1.0,1.0,0.2896472148,0.2991527031,0.04908388853,0.04746574163
5186,1.0,0.0,0.0,0.0,1.0,1.0,0.2939532815,0.3093509648,0.05035328865,0.04953676462
5187,1.0,0.0,0.0,0.0,1.0,1.0,0.2839506402,0.2963864069,0.04776918888,0.04641979933
5188,1.0,0.0,0.0,0.0,1.0,1.0,0.2905723626,0.3015265216,0.04903674126,0.04795902967
5189,1.0,0.0,0.0,0.0,1.0,1.0,0.2887635346,0.3015264045,0.0485278368,0.04798859358
5190,1.0,0.0,0.0,0.0,1.0,1.0,0.2928301133,0.3066083296,0.04983729124,0.04902470112
5191,1.0,0.0,0.0,0.0,1.0,1.0,0.2901090572,0.3005079572,0.04927575588,0.04819279909
5192,1.0,0.0,0.0,0.0,1.0,1.0,0.2773571768,0.2913628378,0.0466131568,0.04607737064
5193,1.0,0.0,0.0,0.0,1.0,1.0,0.2397364588,0.2395921486,0.04001384974,0.03785091639
5194,1.0,0.0,0.0,0.0,1.0,1.0,0.1495763071,0.1186388923,0.02433139086,0.01824855804
5195,1.0,0.0,0.0,0.0,1.0,1.0,0.141812589,0.1146309822,0.02326089144,0.01772254705
5196,1.0,0.0,0.0,0.0,1.0,1.0,0.1707587941,0.1422692157,0.02816796303,0.02209252119
5197,1.0,0.0,0.0,0.0,1.0,1.0,0.2365828696,0.235162839,0.03958469629,0.03662258387
5198,1.0,0.0,0.0,0.0,1.0,1.0,0.280600516,0.2853135398,0.04846304655,0.04601264
5199,1.0,0.0,0.0,0.0,1.0,1.0,0.2965375825,0.3028612551,0.05170327425,0.04924124479
5200,1.0,0.0,0.0,0.0,1.0,1.0,0.3023390852,0.308552523,0.05225479603,0.04981803894
5201,1.0,0.0,0.0,0.0,1.0,1.0,0.3047274254,0.307908919,0.05208128691,0.04938274622
5202,1.0,0.0,0.0,0.0,1.0,1.0,0.2922897866,0.2958212216,0.05068826675,0.04823553562
5203,1.0,0.0,0.0,0.0,1.0,1.0,0.2886926655,0.2934602115,0.04957336187,0.04714858532
5204,1.0,0.0,0.0,0.0,1.0,1.0,0.2898070382,0.2938562087,0.05015331507,0.04798454046
5205,1.0,0.0,0.0,0.0,1.0,1.0,0.2972376567,0.3041777757,0.05076688528,0.04888659716
5206,1.0,0.0,0.0,0.0,1.0,1.0,0.2982707803,0.3011562189,0.05200964212,0.04955893755
5207,1.0,0.0,0.0,0.0,1.0,1.0,0.2985752177,0.3004966055,0.05140280724,0.0489679575
5208,1.0,0.0,0.0,0.0,1.0,1.0,0.3017183268,0.3054772863,0.05281740427,0.05061668158
5209,1.0,0.0,0.0,0.0,1.0,1.0,0.2981068269,0.3038168165,0.0521672368,0.05024522543
5210,1.0,0.0,0.0,0.0,1.0,1.0,0.3013313731,0.3048297409,0.0518604517,0.04968827963
5211,1.0,0.0,0.0,0.0,1.0,1.0,0.300856391,0.3038172985,0.05243366957,0.05023753643
5212,1.0,0.0,0.0,0.0,1.0,1.0,0.3004651894,0.2998326387,0.05131953955,0.04861849546
5213,1.0,0.0,0.0,0.0,1.0,1.0,0.3053410984,0.3087977187,0.05152851343,0.04940366745
5214,1.0,0.0,0.0,0.0,1.0,1.0,0.3058230402,0.3087976511,0.05305206776,0.05086433887
5215,1.0,0.0,0.0,0.0,1.0,1.0,0.3070386926,0.3084086222,0.05326807499,0.05082207918
5216,1.0,0.0,0.0,0.0,1.0,1.0,0.3069150994,0.3051099412,0.05354064703,0.05079495907
5217,1.0,0.0,0.0,0.0,1.0,1.0,0.2977731617,0.2981668285,0.04987740517,0.0474897027
5218,1.0,0.0,0.0,0.0,1.0,1.0,0.3037673709,0.3054772974,0.05168998241,0.04927957058
5219,1.0,0.0,0.0,0.0,1.0,1.0,0.3036279734,0.3048298988,0.05243813992,0.04998010397
5220,1.0,0.0,0.0,0.0,1.0,1.0,0.3052092254,0.3087976718,0.05272310972,0.05081087351
5221,1.0,0.0,0.0,0.0,1.0,1.0,0.3089756174,0.3127391063,0.05368262529,0.05176538229
5222,1.0,0.0,0.0,0.0,1.0,1.0,0.3083719658,0.3087973329,0.05380427837,0.05132097006
5223,1.0,0.0,0.0,0.0,1.0,1.0,0.3014189564,0.3014979923,0.0520684123,0.0496019721
5224,1.0,0.0,0.0,0.0,1.0,1.0,0.3077646167,0.3087976643,0.05226051807,0.05010545254
5225,1.0,0.0,0.0,0.0,1.0,1.0,0.3014191757,0.3025064666,0.05115556717,0.04873234034
5226,1.0,0.0,0.0,0.0,1.0,1.0,0.3007872862,0.3014981572,0.0517398119,0.04954975843
5227,1.0,0.0,0.0,0.0,1.0,1.0,0.3061783362,0.3064955646,0.05211383104,0.04968363047
5228,1.0,0.0,0.0,0.0,1.0,1.0,0.3041090628,0.308161287,0.052113235,0.05021327734
5229,1.0,0.0,0.0,0.0,1.0,1.0,0.3018979111,0.3048300299,0.05178928375,0.04988133907
5230,1.0,0.0,0.0,0.0,1.0,1.0,0.2850972671,0.2865067259,0.04803490639,0.04641574621
5231,1.0,0.0,0.0,0.0,1.0,1.0,0.2957775979,0.2948354022,0.05060744286,0.04815870523
5232,1.0,0.0,0.0,0.0,1.0,1.0,0.294235426,0.2968142846,0.05015009642,0.04824227095
5233,1.0,0.0,0.0,0.0,1.0,1.0,0.2878266699,0.2915040303,0.04853546619,0.04692655802
5234,1.0,0.0,0.0,0.0,1.0,1.0,0.2885150081,0.2884296076,0.0495864749,0.04712086916
5235,1.0,0.0,0.0,0.0,1.0,1.0,0.2793965746,0.2809878405,0.0478516221,0.04566413164
5236,1.0,0.0,0.0,0.0,1.0,1.0,0.2738854506,0.2718078612,0.04639238119,0.04367941618
5237,1.0,0.0,0.0,0.0,1.0,1.0,0.2735990911,0.2676469918,0.04742985964,0.04408186674
5238,1.0,0.0,0.0,0.0,1.0,1.0,0.2640339636,0.2609464559,0.04504954815,0.04228579998
5239,1.0,0.0,0.0,0.0,1.0,1.0,0.2725750988,0.2685574561,0.04553741217,0.04282683134
5240,1.0,0.0,0.0,0.0,1.0,1.0,0.2804884253,0.2795049881,0.04724144936,0.04479795694
5241,1.0,0.0,0.0,0.0,1.0,1.0,0.2834722537,0.2776227313,0.04806387424,0.04531735182
5242,1.0,0.0,0.0,0.0,1.0,1.0,0.2813962673,0.2795049465,0.04759806395,0.04513609409
5243,1.0,0.0,0.0,0.0,1.0,1.0,0.2860191306,0.2836252432,0.04798656702,0.04580533504
5244,1.0,0.0,0.0,0.0,1.0,1.0,0.2913030271,0.2927657328,0.04992735386,0.04799640179
5245,1.0,0.0,0.0,0.0,1.0,1.0,0.2802325627,0.2802486204,0.04700618982,0.045104146
5246,1.0,0.0,0.0,0.0,1.0,1.0,0.2813487088,0.2862806311,0.0468287468,0.04601192474
5247,1.0,0.0,0.0,0.0,1.0,1.0,0.2876685315,0.2862809198,0.04801774025,0.04637140036
5248,1.0,0.0,0.0,0.0,1.0,1.0,0.2804306226,0.2853137362,0.04700672626,0.04618686438
5249,1.0,0.0,0.0,0.0,1.0,1.0,0.2825218718,0.2826705289,0.04842042923,0.04702103138
5250,1.0,0.0,0.0,0.0,1.0,1.0,0.2778938336,0.2817219679,0.04625195265,0.04544049501
5251,1.0,0.0,0.0,0.0,1.0,1.0,0.242389525,0.2310353918,0.04061847925,0.03755819798
5252,1.0,0.0,0.0,0.0,1.0,1.0,0.2110307516,0.1793422254,0.03483241796,0.02870190144
5253,1.0,0.0,0.0,0.0,1.0,1.0,0.1885741561,0.1490395984,0.03087186813,0.02385550737
5254,1.0,0.0,0.0,0.0,1.0,1.0,0.1838835547,0.1420259623,0.02971631289,0.02228724957
5255,1.0,0.0,0.0,0.0,1.0,1.0,0.1796941871,0.1377325418,0.02910882235,0.02162373066
5256,1.0,0.0,0.0,0.0,1.0,1.0,0.176877205,0.1342009894,0.02886343002,0.02129733562
5257,1.0,0.0,0.0,0.0,1.0,1.0,0.1824917437,0.1350121139,0.03014945984,0.02169632912
5258,1.0,0.0,0.0,0.0,1.0,1.0,0.1705944902,0.1271374757,0.02758580446,0.02006238699
5259,1.0,0.0,0.0,0.0,1.0,1.0,0.16742794,0.1188149708,0.02721196413,0.01888179779
5260,1.0,0.0,0.0,0.0,1.0,1.0,0.1584478811,0.112437552,0.02574402094,0.01782286167
5261,1.0,0.0,0.0,0.0,1.0,1.0,0.1513784804,0.1116397523,0.02436542511,0.0174434185
5262,1.0,0.0,0.0,0.0,1.0,1.0,0.1489636196,0.1052986672,0.02427196503,0.01665174961
5263,1.0,0.0,0.0,0.0,1.0,1.0,0.1469765698,0.1106524646,0.02403658628,0.01753258705
5264,1.0,0.0,0.0,0.0,1.0,1.0,0.1477436655,0.1106525988,0.02409625053,0.01757609844
5265,1.0,0.0,0.0,0.0,1.0,1.0,0.1430266424,0.1020936304,0.02320235968,0.01612848043
5266,1.0,0.0,0.0,0.0,1.0,1.0,0.1330254179,0.09561451425,0.0213341713,0.01487779617
5267,1.0,0.0,0.0,0.0,1.0,1.0,0.1430266171,0.1060557023,0.02293813229,0.01650422812
5268,1.0,0.0,0.0,0.0,1.0,1.0,0.1338381784,0.1003025022,0.02191370726,0.01593726873
5269,1.0,0.0,0.0,0.0,1.0,1.0,0.1332589718,0.09922264143,0.02180784941,0.01578199863
5270,1.0,0.0,0.0,0.0,1.0,1.0,0.1395381455,0.101728738,0.02247446775,0.01601302624
5271,1.0,0.0,0.0,0.0,1.0,1.0,0.1427776369,0.107853286,0.02317005396,0.01695364714
5272,1.0,0.0,0.0,0.0,1.0,1.0,0.1400604482,0.1045516524,0.02275156975,0.01657211781
5273,1.0,0.0,0.0,0.0,1.0,1.0,0.1558920189,0.1160067,0.02546948195,0.01839464903
5274,1.0,0.0,0.0,0.0,1.0,1.0,0.1504352939,0.1160066228,0.02443820238,0.01825839281
5275,1.0,0.0,0.0,0.0,1.0,1.0,0.1485185658,0.1128400461,0.02441710234,0.01809734106
5276,1.0,0.0,0.0,0.0,1.0,1.0,0.1435185277,0.1098675201,0.02359628677,0.01762610674
5277,1.0,0.0,0.0,0.0,1.0,1.0,0.1358126036,0.1096510565,0.0218180418,0.01706284285
5278,1.0,0.0,0.0,0.0,1.0,1.0,0.1377938587,0.1074670123,0.02227902412,0.01692080498
5279,1.0,0.0,0.0,0.0,1.0,1.0,0.1345402773,0.1064385065,0.02177649736,0.01668584347
5280,1.0,0.0,0.0,0.0,1.0,1.0,0.1358128139,0.1056754831,0.02185279131,0.01652961969
5281,1.0,0.0,0.0,0.0,1.0,1.0,0.1415290609,0.1060559537,0.02266728878,0.01651078463
5282,1.0,0.0,0.0,0.0,1.0,1.0,0.1410360102,0.1038847413,0.02336502075,0.01673054695
5283,1.0,0.0,0.0,0.0,1.0,1.0,0.1427773994,0.110652533,0.02347069979,0.01774615049
5284,1.0,0.0,0.0,0.0,1.0,1.0,0.1447953078,0.1050141097,0.02345347404,0.01658910513
5285,1.0,0.0,0.0,0.0,1.0,1.0,0.1407662997,0.1024607355,0.02294814587,0.01635056734
5286,1.0,0.0,0.0,0.0,1.0,1.0,0.1410146016,0.1046346618,0.02285331488,0.01656866074
5287,1.0,0.0,0.0,0.0,1.0,1.0,0.1397452739,0.105395675,0.02264028788,0.01662194729
5288,1.0,0.0,0.0,0.0,1.0,1.0,0.1465612107,0.1039563382,0.02371007204,0.01628279686
5289,1.0,0.0,0.0,0.0,1.0,1.0,0.144304683,0.1057802538,0.02337270975,0.01673597097
5290,1.0,0.0,0.0,0.0,1.0,1.0,0.1448209709,0.1043373677,0.02388089895,0.01680505276
5291,1.0,0.0,0.0,0.0,1.0,1.0,0.1455671305,0.1126646181,0.02366626263,0.01789402962
5292,1.0,0.0,0.0,0.0,1.0,1.0,0.1448206463,0.1076043714,0.02400553226,0.01748555899
5293,1.0,0.0,0.0,0.0,1.0,1.0,0.1478678439,0.1148992314,0.02377790213,0.01804822683
5294,1.0,0.0,0.0,0.0,1.0,1.0,0.1443046483,0.1126643175,0.0231474638,0.01771777868
5295,1.0,0.0,0.0,0.0,1.0,1.0,0.1476043663,0.1144812716,0.0235657692,0.01788723469
5296,1.0,0.0,0.0,0.0,1.0,1.0,0.1519726186,0.1162985283,0.02430593967,0.01830089092
5297,1.0,0.0,0.0,0.0,1.0,1.0,0.1534857567,0.116298751,0.02483081818,0.01847875118
5298,1.0,0.0,0.0,0.0,1.0,1.0,0.1430327976,0.1112514343,0.0228894949,0.01745319366
5299,1.0,0.0,0.0,0.0,1.0,1.0,0.1476651322,0.1130755839,0.02332216501,0.01763385534
5300,1.0,0.0,0.0,0.0,1.0,1.0,0.1409927343,0.103956758,0.02249580622,0.01623117924
5301,1.0,0.0,0.0,0.0,1.0,1.0,0.1496490769,0.1126646392,0.02386182547,0.01761233807
5302,1.0,0.0,0.0,0.0,1.0,1.0,0.1450804008,0.1120697736,0.02318364382,0.01745927334
5303,1.0,0.0,0.0,0.0,1.0,1.0,0.1456020833,0.1032632314,0.02339535952,0.01617455482
5304,1.0,0.0,0.0,0.0,1.0,1.0,0.1517010815,0.1108474955,0.02446615696,0.01755809784
5305,1.0,0.0,0.0,0.0,1.0,1.0,0.1543122241,0.1076041396,0.02432900667,0.01669085026
5306,1.0,0.0,0.0,0.0,1.0,1.0,0.1514305378,0.1094280801,0.02422678471,0.01710128784
5307,1.0,0.0,0.0,0.0,1.0,1.0,0.1494663317,0.10472127,0.02431893349,0.01670098305
5308,1.0,0.0,0.0,0.0,1.0,1.0,0.1530676246,0.1171505814,0.0244448185,0.01840549707
5309,1.0,0.0,0.0,0.0,1.0,1.0,0.1568468045,0.1096040237,0.02477002144,0.01699334383
5310,1.0,0.0,0.0,0.0,1.0,1.0,0.1533440078,0.1065582665,0.0241035223,0.01644712687
5311,1.0,0.0,0.0,0.0,1.0,1.0,0.1541786859,0.1087956394,0.02439278364,0.01693153381
5312,1.0,0.0,0.0,0.0,1.0,1.0,0.1497357189,0.1079981405,0.02384334803,0.01694887877
5313,1.0,0.0,0.0,0.0,1.0,1.0,0.1543123585,0.1090303606,0.02427041531,0.01693290472
5314,1.0,0.0,0.0,0.0,1.0,1.0,0.1517011048,0.1053954354,0.02448815107,0.01670950651
5315,1.0,0.0,0.0,0.0,1.0,1.0,0.1543125443,0.1025066591,0.02469009161,0.01607722044
5316,1.0,0.0,0.0,0.0,1.0,1.0,0.1522446468,0.1021328727,0.02424138784,0.01597082615
5317,1.0,0.0,0.0,0.0,1.0,1.0,0.1538993348,0.09553463359,0.02430099249,0.01486647129
5318,1.0,0.0,0.0,0.0,1.0,1.0,0.1530677816,0.1028835625,0.02448087931,0.01612854004
5319,1.0,0.0,0.0,0.0,1.0,1.0,0.1575206139,0.09957533228,0.02481359243,0.01540154219
5320,1.0,0.0,0.0,0.0,1.0,1.0,0.15571041,0.0999441422,0.0247977376,0.01557064056
5321,1.0,0.0,0.0,0.0,1.0,1.0,0.1566692515,0.09666152218,0.02470779419,0.01505190134
5322,1.0,0.0,0.0,0.0,1.0,1.0,0.157618018,0.09518471108,0.02517926693,0.01487863064
5323,1.0,0.0,0.0,0.0,1.0,1.0,0.156951915,0.09588738002,0.02497953176,0.01493030787
5324,1.0,0.0,0.0,0.0,1.0,1.0,0.1608506561,0.08634873716,0.02542793751,0.01342821121
5325,1.0,0.0,0.0,0.0,1.0,1.0,0.1558267644,0.09301365637,0.02476775646,0.01451903582
5326,1.0,0.0,0.0,0.0,1.0,1.0,0.1596951613,0.09335449432,0.02523225546,0.01445895433
5327,1.0,0.0,0.0,0.0,1.0,1.0,0.1599829082,0.09518467668,0.02528458834,0.0147729516
5328,1.0,0.0,0.0,0.0,1.0,1.0,0.1620713308,0.09002309872,0.02594155073,0.01412373781
5329,1.0,0.0,0.0,0.0,1.0,1.0,0.1596953441,0.09119006002,0.02576607466,0.01447534561
5330,1.0,0.0,0.0,0.0,1.0,1.0,0.1629523894,0.09002299245,0.02572715282,0.01400697231
5331,1.0,0.0,0.0,0.0,1.0,1.0,0.1623640093,0.09737209172,0.02588146925,0.0152413249
5332,1.0,0.0,0.0,0.0,1.0,1.0,0.1629910752,0.09301380429,0.02575212717,0.01443254948
5333,1.0,0.0,0.0,0.0,1.0,1.0,0.1626995292,0.08871862981,0.02657532692,0.01430982351
5334,1.0,0.0,0.0,0.0,1.0,1.0,0.1689450035,0.09200641264,0.02736771107,0.0146921277
5335,1.0,0.0,0.0,0.0,1.0,1.0,0.1659788179,0.0893658732,0.02624899149,0.01383006573
5336,1.0,0.0,0.0,0.0,1.0,1.0,0.1722557414,0.0908584016,0.02681612968,0.01396673918
5337,1.0,0.0,0.0,0.0,1.0,1.0,0.1701181305,0.08808041521,0.02690052986,0.01373046637
5338,1.0,0.0,0.0,0.0,1.0,1.0,0.168644707,0.08448534447,0.02672582865,0.01322227716
5339,1.0,0.0,0.0,0.0,1.0,1.0,0.1704196363,0.08479024913,0.0270626545,0.01324945688
5340,1.0,0.0,0.0,0.0,1.0,1.0,0.1708140279,0.08634899367,0.02639710903,0.01319855452
5341,1.0,0.0,0.0,0.0,1.0,1.0,0.1713842727,0.08634907095,0.02663433552,0.01317703724
5342,1.0,0.0,0.0,0.0,1.0,1.0,0.171384381,0.0918600841,0.02663689852,0.01401937008
5343,1.0,0.0,0.0,0.0,1.0,1.0,0.1720054217,0.0977310395,0.02674978971,0.01492351294
5344,1.0,0.0,0.0,0.0,1.0,1.0,0.1747656369,0.1021735661,0.02783966064,0.01594984531
5345,1.0,0.0,0.0,0.0,1.0,1.0,0.18004649,0.1025546277,0.02806055546,0.01574826241
5346,1.0,0.0,0.0,0.0,1.0,1.0,0.181883847,0.1137421364,0.02804398537,0.01727956533
5347,1.0,0.0,0.0,0.0,1.0,1.0,0.1885392014,0.1114619921,0.02924245596,0.01703447104
5348,1.0,0.0,0.0,0.0,1.0,1.0,0.1910695738,0.1128997724,0.02925699949,0.01716035604
5349,1.0,0.0,0.0,0.0,1.0,1.0,0.1875126095,0.1054968249,0.02839142084,0.01618313789
5350,1.0,0.0,0.0,0.0,1.0,1.0,0.1927089972,0.1083952463,0.02928632498,0.01694011688
5351,1.0,0.0,0.0,0.0,1.0,1.0,0.1983769736,0.1074669699,0.0298499465,0.0170571208
5352,1.0,0.0,0.0,0.0,1.0,1.0,0.1991223838,0.1078536283,0.0296459794,0.01710349321
5353,1.0,0.0,0.0,0.0,1.0,1.0,0.1713878965,0.1003091983,0.02549535036,0.01575559378
5354,1.0,0.0,0.0,0.0,1.0,1.0,0.2064064802,0.1736617985,0.03165578842,0.0272128582
5355,1.0,0.0,0.0,0.0,1.0,1.0,0.2653689439,0.2746695142,0.04382395744,0.04410856962
5356,1.0,0.0,0.0,0.0,1.0,1.0,0.305110134,0.3230336063,0.05008745193,0.04900443554
5357,1.0,0.0,0.0,0.0,1.0,1.0,0.3589767174,0.3695117264,0.06001752615,0.05552279949
5358,1.0,0.0,0.0,0.0,1.0,1.0,0.3725920535,0.4019894919,0.06335431337,0.05927568674
5359,1.0,0.0,0.0,0.0,1.0,1.0,0.3709930125,0.4157983673,0.06226241589,0.0585051775
5360,1.0,0.7853981853,0.0,0.0,1.0,1.0,0.392063826,0.4341206518,0.06593185663,0.06079787016
5361,1.0,0.7853981853,0.0,0.0,1.0,1.0,0.3805873747,0.4264029383,0.06546658278,0.06079041958
5362,1.0,0.7853981853,0.0,0.0,1.0,1.0,0.3792091708,0.429172357,0.0644711256,0.05982708931
5363,1.0,0.7853981853,0.0,0.0,1.0,1.0,0.3696350163,0.4203078312,0.06425863504,0.05984598398
5364,1.0,0.7853981853,0.0,0.0,1.0,1.0,0.3637211751,0.4128971334,0.0628824234,0.05850797892
5365,1.0,0.7853981853,0.0,0.0,1.0,1.0,0.3641499693,0.4203077339,0.0631673336,0.05933898687
5366,1.0,0.7853981853,0.0,0.0,1.0,1.0,0.3634334965,0.4186849332,0.06385493279,0.05972635746
5367,1.0,0.7853981853,0.0,0.0,1.0,1.0,0.3341691334,0.3963953112,0.05957973003,0.05766665936
5368,1.0,0.7853981853,0.0,0.0,1.0,1.0,0.3443712741,0.4061402369,0.0608638525,0.05869978666
5369,1.0,0.7853981853,0.0,0.0,1.0,1.0,0.3331475436,0.3997766245,0.06053841114,0.05997258425
5370,1.0,0.7853981853,0.0,0.0,1.0,1.0,0.2430645175,0.3266657314,0.04193890095,0.04635345936
5371,1.0,0.7853981853,0.0,0.0,1.0,1.0,0.1075235068,0.2498603287,0.01755034924,0.03337448835
5372,1.0,0.0,0.0,0.0,1.0,1.0,0.1992351022,0.2951107041,0.03417992592,0.04202449322
5373,1.0,0.0,0.0,0.0,1.0,1.0,0.2530844232,0.3299684591,0.0443431139,0.04886215925
5374,1.0,0.0,0.0,0.0,1.0,1.0,0.2799070996,0.3548201534,0.04895919561,0.05283159018
5375,1.0,0.0,0.0,0.0,1.0,1.0,0.2976044953,0.3590588048,0.05242228508,0.0543846488
5376,1.0,0.0,0.0,0.0,1.0,1.0,0.3142007242,0.3693591914,0.05613493919,0.0575453639
5377,1.0,0.0,0.0,0.0,1.0,1.0,0.3105523687,0.3639273022,0.05557620525,0.05670464039
5378,1.0,0.0,0.0,0.0,1.0,1.0,0.3034871697,0.3566848975,0.05412399769,0.05582422018
5379,1.0,0.0,0.0,0.0,1.0,1.0,0.3140192085,0.3566848272,0.05644226074,0.05644226074
5380,1.0,0.0,0.0,0.0,1.0,1.0,0.3105064082,0.3525305544,0.05435073376,0.05491685867
5381,1.0,0.0,0.0,0.0,1.0,1.0,0.3083719489,0.3533740131,0.05506837368,0.0559155941
5382,1.0,0.0,0.0,0.0,1.0,1.0,0.3118257451,0.3498049609,0.05552321672,0.05580800772
5383,1.0,0.0,0.0,0.0,1.0,1.0,0.3066650724,0.3462352512,0.05407881737,0.0543590188
5384,1.0,0.0,0.0,0.0,1.0,1.0,0.3109375038,0.3538950486,0.05561065674,0.05646187067
5385,1.0,0.0,0.0,0.0,1.0,1.0,0.3036278206,0.34088138,0.05429083109,0.05400812626
5386,1.0,0.0,0.0,0.0,1.0,1.0,0.3065381704,0.3440105259,0.05400061607,0.05343806744
5387,1.0,0.0,0.0,0.0,1.0,1.0,0.3075206992,0.3450030316,0.05489259958,0.05433243513
5388,1.0,0.0,0.0,0.0,1.0,1.0,0.300146809,0.3409650191,0.05341428518,0.0528550148
5389,1.0,0.0,0.0,0.0,1.0,1.0,0.3137047149,0.3616162937,0.05573093891,0.05573099852
5390,1.0,0.0,0.0,0.0,1.0,1.0,0.3111167706,0.3632659367,0.05410033464,0.05522155762
5391,1.0,0.0,0.0,0.0,1.0,1.0,0.2999958441,0.362061948,0.05152386427,0.05376398563
5392,1.0,0.0,0.0,0.0,1.0,1.0,0.2263836904,0.284155194,0.03815203905,0.04097813368
5393,1.0,0.0,0.0,0.0,1.0,1.0,0.121971993,0.1908807499,0.0191437602,0.02542978525
5394,1.0,0.0,0.0,0.0,1.0,1.0,0.1381633641,0.1948068312,0.02190446854,0.02617162466
5395,1.0,0.0,0.0,0.0,1.0,1.0,0.2440107623,0.3029196648,0.04113137722,0.04423034191
5396,1.0,0.0,0.0,0.0,1.0,1.0,0.2853190174,0.3312754243,0.04817855358,0.04929250479
5397,1.0,0.0,0.0,0.0,1.0,1.0,0.3261164763,0.3595777928,0.05604207516,0.0543692112
5398,1.0,0.0,0.0,0.0,1.0,1.0,0.316463005,0.3488961314,0.05431175232,0.05320334435
5399,1.0,0.0,0.0,0.0,1.0,1.0,0.3234440001,0.3556407627,0.05541491508,0.05402952433
5400,1.0,0.0,0.0,0.0,1.0,1.0,0.3240999371,0.3590051885,0.05578970909,0.05469042063
5401,1.0,0.0,0.0,0.0,1.0,1.0,0.3262179741,0.3499852403,0.05736792088,0.05455577374
5402,1.0,0.0,0.0,0.0,1.0,1.0,0.3229705463,0.3499851395,0.05672228336,0.05474692583
5403,1.0,0.0,0.0,0.0,1.0,1.0,0.3197569831,0.3445729376,0.0558052659,0.05356186628
5404,1.0,0.0,0.0,0.0,1.0,1.0,0.3268319178,0.3503380183,0.05712670088,0.05436688662
5405,1.0,0.0,0.0,0.0,1.0,1.0,0.3242703894,0.3490957224,0.05764728785,0.05486238003
5406,1.0,0.0,0.0,0.0,1.0,1.0,0.3268613579,0.3526400285,0.05889862776,0.05635017157
5407,1.0,0.0,0.0,0.0,1.0,1.0,0.3152812887,0.3456852169,0.05705779791,0.05506080389
5408,1.0,0.0,0.0,0.0,1.0,1.0,0.3149565321,0.349804841,0.05728280544,0.05558139086
5409,1.0,0.0,0.0,0.0,1.0,1.0,0.3152813028,0.3499850768,0.05627501011,0.05458676815
5410,1.0,0.0,0.0,0.0,1.0,1.0,0.3210806125,0.3510584169,0.05744206905,0.05518943071
5411,1.0,0.0,0.0,0.0,1.0,1.0,0.3087200364,0.3444505754,0.05515879393,0.05376589298
5412,1.0,0.0,0.0,0.0,1.0,1.0,0.3043825325,0.333147211,0.05422914028,0.05199289322
5413,1.0,0.0,0.0,0.0,1.0,1.0,0.3090893194,0.3378897595,0.05499511957,0.0530410409
5414,1.0,0.0,0.0,0.0,1.0,1.0,0.3051257549,0.3319703409,0.05462747812,0.05239778757
5415,1.0,0.0,0.0,0.0,1.0,1.0,0.3075206648,0.3331474244,0.05475014448,0.05251544714
5416,1.0,0.0,0.0,0.0,1.0,1.0,0.3127183951,0.3402356319,0.05596393347,0.05399537086
5417,1.0,0.0,0.0,0.0,1.0,1.0,0.3127184808,0.330801183,0.05579268932,0.0527086854
5418,1.0,0.0,0.0,0.0,1.0,1.0,0.311838358,0.3378398646,0.05580174923,0.0535697341
5419,1.0,0.0,0.0,0.0,1.0,1.0,0.3100629304,0.3308015562,0.05486470461,0.05235826969
5420,1.0,0.0,0.0,0.0,1.0,1.0,0.3054294137,0.3295652197,0.05375182629,0.05178189278
5421,1.0,0.0,0.0,0.0,1.0,1.0,0.3089755072,0.3366916839,0.05506831408,0.05338263512
5422,1.0,0.0,0.0,0.0,1.0,1.0,0.3129092402,0.34127283,0.05533862114,0.05396205187
5423,1.0,0.0,0.0,0.0,1.0,1.0,0.3101718509,0.3372242677,0.05546867847,0.05406790972
5424,1.0,0.0,0.0,0.0,1.0,1.0,0.3190704933,0.3430140911,0.05571204424,0.05380040407
5425,1.0,0.0,0.0,0.0,1.0,1.0,0.3132109728,0.3372240292,0.05584985018,0.05416589975
5426,1.0,0.0,0.0,0.0,1.0,1.0,0.3164378858,0.3442136266,0.05644190311,0.05504482985
5427,1.0,0.0,0.0,0.0,1.0,1.0,0.3069151952,0.3349009637,0.05428063869,0.05316722393
5428,1.0,0.0,0.0,0.0,1.0,1.0,0.3086048313,0.3337234486,0.05480384827,0.05369108915
5429,1.0,0.0,0.0,0.0,1.0,1.0,0.3107640488,0.3371819483,0.05506616831,0.05395931005
5430,1.0,0.0,0.0,0.0,1.0,1.0,0.3028139272,0.3250778111,0.05324947834,0.05186986923
5431,1.0,0.0,0.0,0.0,1.0,1.0,0.3087199008,0.3377425723,0.05466878414,0.05411660671
5432,1.0,0.0,0.0,0.0,1.0,1.0,0.3070387531,0.3314122345,0.05450296402,0.05311256647
5433,1.0,0.0,0.0,0.0,1.0,1.0,0.3081219605,0.3348824331,0.05504238605,0.05392479897
5434,1.0,0.0,0.0,0.0,1.0,1.0,0.3058229549,0.3302352489,0.05399399996,0.05260241032
5435,1.0,0.0,0.0,0.0,1.0,1.0,0.3003016396,0.3238609698,0.05277574062,0.05112653971
5436,1.0,0.0,0.0,0.0,1.0,1.0,0.302339021,0.3250781569,0.05406367779,0.05266308784
5437,1.0,0.0,0.0,0.0,1.0,1.0,0.2999880597,0.326806944,0.05383527279,0.05271947384
5438,1.0,0.0,0.0,0.0,1.0,1.0,0.3049939916,0.3331476319,0.05401098728,0.05318009853
5439,1.0,0.0,0.0,0.0,1.0,1.0,0.3029558278,0.3268071242,0.05375725031,0.05237174034
5440,1.0,0.0,0.0,0.0,1.0,1.0,0.3211371295,0.3440985971,0.05687052011,0.05520606041
5441,1.0,0.0,0.0,0.0,1.0,1.0,0.3075208239,0.3319824561,0.05511343479,0.05342626572
5442,1.0,0.0,0.0,0.0,1.0,1.0,0.2995173172,0.3255223626,0.05313813686,0.05173975229
5443,1.0,0.0,0.0,0.0,1.0,1.0,0.3047272812,0.3319826519,0.0536031127,0.05276989937
5444,1.0,0.0,0.0,0.0,1.0,1.0,0.3148711333,0.3354529306,0.05575811863,0.05381631851
5445,1.0,0.0,0.0,0.0,1.0,1.0,0.306915363,0.3290846924,0.05379068851,0.05213558674
5446,1.0,0.0,0.0,0.0,1.0,1.0,0.3095752542,0.3290846055,0.05479031801,0.05256539583
5447,1.0,0.0,0.0,0.0,1.0,1.0,0.3036278334,0.3256024008,0.05343198776,0.05204057693
5448,1.0,0.0,0.0,0.0,1.0,1.0,0.301093548,0.3227363136,0.05263727903,0.05125933886
5449,1.0,0.0,0.0,0.0,1.0,1.0,0.2947878554,0.3157958242,0.05145126581,0.05007559061
5450,1.0,0.0,0.0,0.0,1.0,1.0,0.2995171723,0.3192663557,0.05144441128,0.04981988668
5451,1.0,0.0,0.0,0.0,1.0,1.0,0.3006195719,0.3192658834,0.05257093906,0.05064421892
5452,1.0,0.0,0.0,0.0,1.0,1.0,0.299517366,0.3157957226,0.05312687159,0.05088990927
5453,1.0,0.0,0.0,0.0,1.0,1.0,0.3081220429,0.3274035747,0.05432504416,0.05239474773
5454,1.0,0.0,0.0,0.0,1.0,1.0,0.3070386944,0.3268071695,0.05372267962,0.0518040061
5455,1.0,0.0,0.0,0.0,1.0,1.0,0.3017184578,0.3205108867,0.0532092452,0.05154645443
5456,1.0,0.0,0.0,0.0,1.0,1.0,0.3028134458,0.3239570082,0.05386763811,0.05247211456
5457,1.0,0.0,0.0,0.0,1.0,1.0,0.3068054663,0.3252425161,0.05467897654,0.05302208662
5458,1.0,0.0,0.0,0.0,1.0,1.0,0.2998326715,0.3172287363,0.05167996883,0.05006492138
5459,1.0,0.0,0.0,0.0,1.0,1.0,0.3081221752,0.3245611905,0.05397641659,0.05178451538
5460,1.0,0.0,0.0,0.0,1.0,1.0,0.3001468696,0.3176919047,0.05217415094,0.05053514242
5461,1.0,0.0,0.0,0.0,1.0,1.0,0.3009240844,0.3200266199,0.05280488729,0.05116325617
5462,1.0,0.0,0.0,0.0,1.0,1.0,0.3012446321,0.3211266775,0.05196142197,0.05060827732
5463,1.0,0.0,0.0,0.0,1.0,1.0,0.2985754312,0.3159744537,0.05235123634,0.05069798231
5464,1.0,0.0,0.0,0.0,1.0,1.0,0.3046511877,0.324051187,0.05389499664,0.05224514008
5465,1.0,0.0,0.0,0.0,1.0,1.0,0.3001417303,0.322345787,0.0532194376,0.05184787512
5466,1.0,0.0,0.0,0.0,1.0,1.0,0.2982706482,0.3176919139,0.05289155245,0.05123007298
5467,1.0,0.0,0.0,0.0,1.0,1.0,0.2951475464,0.3142574433,0.05098885298,0.04937016964
5468,1.0,0.0,0.0,0.0,1.0,1.0,0.296537786,0.3136180345,0.05216938257,0.0502371788
5469,1.0,0.0,0.0,0.0,1.0,1.0,0.291830575,0.3118947743,0.05121213198,0.0498355031
5470,1.0,0.0,0.0,0.0,1.0,1.0,0.289806882,0.307388572,0.05047899485,0.04884183407
5471,1.0,0.0,0.0,0.0,1.0,1.0,0.2884824213,0.3081901171,0.04953849316,0.04791426659
5472,1.0,0.0,0.0,0.0,1.0,1.0,0.2860089935,0.2984441793,0.04984200001,0.04762673378
5473,1.0,0.0,0.0,0.0,1.0,1.0,0.2982462397,0.3151551198,0.05209362507,0.05015397072
5474,1.0,0.0,0.0,0.0,1.0,1.0,0.2855550262,0.2994842327,0.04951232672,0.04731172323
5475,1.0,0.0,0.0,0.0,1.0,1.0,0.2855550411,0.2991410006,0.04931849241,0.04740053415
5476,1.0,0.0,0.0,0.0,1.0,1.0,0.2866860883,0.301225484,0.04955822229,0.0473678112
5477,1.0,0.0,0.0,0.0,1.0,1.0,0.2889382107,0.3043281457,0.04995948076,0.04804843664
5478,1.0,0.0,0.0,0.0,1.0,1.0,0.2857803327,0.3015555935,0.05030989647,0.04864215851
5479,1.0,0.0,0.0,0.0,1.0,1.0,0.2842015053,0.2998327324,0.04828947783,0.04667985439
5480,1.0,0.0,0.0,0.0,1.0,1.0,0.2880559046,0.3029668305,0.05018597841,0.04824507236
5481,1.0,0.0,0.0,0.0,1.0,1.0,0.2805450609,0.3005317731,0.04847365618,0.04737204313
5482,1.0,0.0,0.0,0.0,1.0,1.0,0.2857832093,0.3005312822,0.04960519075,0.04766523838
5483,1.0,0.0,0.0,0.0,1.0,1.0,0.2846411674,0.2977433907,0.04827564955,0.04637718201
5484,1.0,0.0,0.0,0.0,1.0,1.0,0.2675924452,0.2807620185,0.04559803009,0.04367524385
5485,1.0,0.0,0.0,0.0,1.0,1.0,0.2518785008,0.2648699807,0.04253834486,0.04090231657
5486,1.0,0.0,0.0,0.0,1.0,1.0,0.2164915625,0.2329657413,0.03665292263,0.03610169888
5487,1.0,0.0,0.0,0.0,1.0,1.0,0.2149865196,0.2328449341,0.03575003147,0.03547716141
5488,1.0,0.0,0.0,0.0,1.0,1.0,0.2206558594,0.2356839022,0.03737324476,0.03654885292
5489,1.0,0.0,0.0,0.0,1.0,1.0,0.2251577168,0.2419141352,0.03760164976,0.0370606184
5490,1.0,0.0,0.0,0.0,1.0,1.0,0.2368807884,0.2445817801,0.03979414701,0.03788620234
5491,1.0,0.0,0.0,0.0,1.0,1.0,0.2405767527,0.2525092816,0.04028862715,0.03866624832
5492,1.0,0.0,0.0,0.0,1.0,1.0,0.2657750709,0.2828282672,0.04459524155,0.04352712631
5493,1.0,0.0,0.0,0.0,1.0,1.0,0.2769155049,0.2925197031,0.04656374454,0.04495811462
5494,1.0,0.0,0.0,0.0,1.0,1.0,0.2896471972,0.3123257915,0.04951304197,0.04896897078
5495,1.0,0.0,0.0,0.0,1.0,1.0,0.295253665,0.3198906685,0.05009913445,0.04956334829
5496,1.0,0.0,0.0,0.0,1.0,1.0,0.3004653429,0.3228436849,0.05111020803,0.05057215691
5497,1.0,0.0,0.0,0.0,1.0,1.0,0.3094636251,0.3274034952,0.05262380838,0.05101293325
5498,1.0,0.0,0.0,0.0,1.0,1.0,0.3055618393,0.3233491518,0.05152744055,0.05018562078
5499,1.0,0.0,0.0,0.0,1.0,1.0,0.3130203958,0.3308497161,0.05364984274,0.05228823423
5500,1.0,0.0,0.0,0.0,1.0,1.0,0.3141104379,0.3308498222,0.05448412895,0.05283308029
5501,1.0,0.0,0.0,0.0,1.0,1.0,0.3084892345,0.3297126192,0.05331963301,0.05223143101
5502,1.0,0.0,0.0,0.0,1.0,1.0,0.3034298421,0.3245610167,0.0517899394,0.05045515299
5503,1.0,0.0,0.0,0.0,1.0,1.0,0.3105523878,0.3279956744,0.05336540937,0.05174005032
5504,1.0,0.0,0.0,0.0,1.0,1.0,0.3111468743,0.3314299362,0.05337268114,0.05202490091
5505,1.0,0.0,0.0,0.0,1.0,1.0,0.3090896169,0.3268722008,0.05288201571,0.05127137899
5506,1.0,0.0,0.0,0.0,1.0,1.0,0.3075205703,0.3285837273,0.05257719755,0.05150419474
5507,1.0,0.0,0.0,0.0,1.0,1.0,0.3065579846,0.3291677305,0.05228829384,0.05148798227
5508,1.0,0.0,0.0,0.0,1.0,1.0,0.3142898959,0.3337177201,0.05436605215,0.05300688744
5509,1.0,0.0,0.0,0.0,1.0,1.0,0.3157792425,0.3365818274,0.05359232426,0.05252051353
5510,1.0,0.0,0.0,0.0,1.0,1.0,0.3185036885,0.3348467925,0.05441015959,0.05280190706
5511,1.0,0.0,0.0,0.0,1.0,1.0,0.3104446049,0.3337179141,0.05313050747,0.05285948515
5512,1.0,0.0,0.0,0.0,1.0,1.0,0.3052090978,0.3194092948,0.05215853453,0.05026680231
5513,1.0,0.0,0.0,0.0,1.0,1.0,0.2687712156,0.288033758,0.04503971338,0.04477000237
5514,1.0,0.0,0.0,0.0,1.0,1.0,0.2614911129,0.2810929143,0.04432499409,0.0440530777
5515,1.0,0.0,0.0,0.0,1.0,1.0,0.2295134335,0.2436803478,0.03839236498,0.03757554293
5516,1.0,0.0,0.0,0.0,1.0,1.0,0.1892628726,0.2113516325,0.03130590916,0.03240442276
5517,1.0,0.0,0.0,0.0,1.0,1.0,0.1728487636,0.1801970813,0.02767819166,0.02658206224
5518,1.0,0.0,0.0,0.0,1.0,1.0,0.1506957624,0.1584936527,0.02426868677,0.0237107873
5519,1.0,0.0,0.0,0.0,1.0,1.0,0.1332589185,0.1357733547,0.02122652531,0.02010935545
5520,1.0,0.0,0.0,0.0,1.0,1.0,0.1415444098,0.147857505,0.02258890867,0.02176249027
5521,1.0,0.0,0.0,0.0,1.0,1.0,0.1410361474,0.1459859319,0.02225738764,0.0214330554
5522,1.0,0.0,0.0,0.0,1.0,1.0,0.1435185181,0.1454413037,0.0229383707,0.02155655622
5523,1.0,0.0,0.0,0.0,1.0,1.0,0.1435186763,0.1504738025,0.02290797234,0.02235597372
5524,1.0,0.0,0.0,0.0,1.0,1.0,0.1447466064,0.153472246,0.02328425646,0.02272987366
5525,1.0,0.0,0.0,0.0,1.0,1.0,0.1437672549,0.14730574,0.02311784029,0.02200371027
5526,1.0,0.0,0.0,0.0,1.0,1.0,0.1403326088,0.1486159046,0.0225880146,0.02203708887
5527,1.0,0.0,0.0,0.0,1.0,1.0,0.1437552136,0.1523312701,0.02314472198,0.02259367704
5528,1.0,0.0,0.0,0.0,1.0,1.0,0.1363659201,0.1366279854,0.02188062668,0.02021884918
5529,1.0,0.0,0.0,0.0,1.0,1.0,0.1318709326,0.138180706,0.0209710598,0.02014327049
5530,1.0,0.0,0.0,0.0,1.0,1.0,0.132228315,0.1384997672,0.02131158113,0.02048134804
5531,1.0,0.0,0.0,0.0,1.0,1.0,0.1300644288,0.134253244,0.02114754915,0.02003449202
5532,1.0,0.0,0.0,0.0,1.0,1.0,0.1383842999,0.1430431437,0.02193313837,0.02085006237
5533,1.0,0.0,0.0,0.0,1.0,1.0,0.1331434253,0.1347561673,0.02118396759,0.0198084116
5534,1.0,0.0,0.0,0.0,1.0,1.0,0.139337012,0.1435763286,0.02228289843,0.02118247747
5535,1.0,0.0,0.0,0.0,1.0,1.0,0.1346400991,0.1379827764,0.02131259441,0.02021962404
5536,1.0,0.0,0.0,0.0,1.0,1.0,0.1262271499,0.1356116807,0.02008974552,0.02008968592
5537,1.0,0.0,0.0,0.0,1.0,1.0,0.1320999641,0.1403708281,0.02098703384,0.02071088552
5538,1.0,0.0,0.0,0.0,1.0,1.0,0.1310457153,0.1371416,0.02061331272,0.02006363869
5539,1.0,0.0,0.0,0.0,1.0,1.0,0.1368389159,0.143042602,0.02177077532,0.02121955156
5540,1.0,0.0,0.0,0.0,1.0,1.0,0.1331436792,0.1379825373,0.02108544111,0.02026391029
5541,1.0,0.0,0.0,0.0,1.0,1.0,0.1331436149,0.1393274538,0.02109640837,0.02054846287
5542,1.0,0.0,0.0,0.0,1.0,1.0,0.137854214,0.141987209,0.02178305387,0.02096617222
5543,1.0,0.0,0.0,0.0,1.0,1.0,0.1427774477,0.146976807,0.02276033163,0.02193766832
5544,1.0,0.0,0.0,0.0,1.0,1.0,0.1329136757,0.1374698383,0.0211583972,0.02033406496
5545,1.0,0.0,0.0,0.0,1.0,1.0,0.1349672748,0.1414652512,0.02201271057,0.02145546675
5546,1.0,0.0,0.0,0.0,1.0,1.0,0.137380334,0.1391166724,0.02178961039,0.02070015669
5547,1.0,0.0,0.0,0.0,1.0,1.0,0.1317758272,0.1414652735,0.02106463909,0.02106463909
5548,1.0,0.0,0.0,0.0,1.0,1.0,0.1432645834,0.1409468177,0.02311992645,0.02119326591
5549,1.0,0.0,0.0,0.0,1.0,1.0,0.1236423464,0.1377907252,0.01951652765,0.02032971382
5550,1.0,0.0,0.0,0.0,1.0,1.0,0.1302874845,0.1372859614,0.02058821917,0.02031731606
5551,1.0,0.0,0.0,0.0,1.0,1.0,0.1400927207,0.1419872813,0.02247154713,0.02110135555
5552,1.0,0.0,0.0,0.0,1.0,1.0,0.1435096535,0.1506513046,0.02304911613,0.02250033617
5553,1.0,0.0,0.0,0.0,1.0,1.0,0.1244982561,0.1351096698,0.01963341236,0.01990604401
5554,1.0,0.0,0.0,0.0,1.0,1.0,0.1322286744,0.1364552966,0.02120679617,0.02038055658
5555,1.0,0.0,0.0,0.0,1.0,1.0,0.1348726957,0.1401433821,0.02158105373,0.02102774382
5556,1.0,0.0,0.0,0.0,1.0,1.0,0.1348727595,0.1369606547,0.0213946104,0.02029746771
5557,1.0,0.0,0.0,0.0,1.0,1.0,0.1474870308,0.1480651967,0.02319449186,0.02183008194
5558,1.0,0.0,0.0,0.0,1.0,1.0,0.1393370426,0.143302267,0.02208769321,0.02126961946
5559,1.0,0.0,0.0,0.0,1.0,1.0,0.132913477,0.1401429035,0.02110683918,0.02083271742
5560,1.0,0.0,0.0,0.0,1.0,1.0,0.113925814,0.1401434993,0.0180478096,0.0207824111
5561,1.0,0.0,0.0,0.0,1.0,1.0,0.1120215637,0.1473058793,0.01759135723,0.02171432972
5562,1.0,0.0,0.0,0.0,1.0,1.0,0.1155220318,0.1491703197,0.01823782921,0.02210646868
5563,1.0,0.0,0.0,0.0,1.0,1.0,0.1147769593,0.148413385,0.01794666052,0.02181208134
5564,1.0,0.0,0.0,0.0,1.0,1.0,0.1134118515,0.1489734643,0.01772916317,0.02188444138
5565,1.0,0.0,0.0,0.0,1.0,1.0,0.117067648,0.1528994092,0.01841568947,0.02253854275
5566,1.0,0.0,0.0,0.0,1.0,1.0,0.1231705313,0.1502919327,0.01933318377,0.02209508419
5567,1.0,0.0,0.0,0.0,1.0,1.0,0.1238245669,0.1521705707,0.01942402124,0.0224763751
5568,1.0,0.0,0.0,0.0,1.0,1.0,0.1306687711,0.1559279139,0.02044391632,0.02293038368
5569,1.0,0.0,0.0,0.0,1.0,1.0,0.1313652374,0.1596851715,0.02061581612,0.02368032932
5570,1.0,0.0,0.0,0.0,1.0,1.0,0.1353036248,0.1634068777,0.02044343948,0.02344179153
5571,1.0,0.0,0.0,0.0,1.0,1.0,0.1345748206,0.1533234142,0.021071136,0.02275681496
5572,1.0,0.0,0.0,0.0,1.0,1.0,0.1467715059,0.1351099303,0.02334111929,0.0202845335
5573,1.0,0.0,0.0,0.0,1.0,1.0,0.2409519713,0.2381341281,0.03935599327,0.03658443689
5574,1.0,0.0,0.0,0.0,1.0,1.0,0.3065171749,0.3244716089,0.05153846741,0.05126434565
5575,1.0,0.0,0.0,0.0,1.0,1.0,0.3217156591,0.3325728355,0.05412524939,0.05302625895
5576,1.0,0.0,0.0,0.0,1.0,1.0,0.315357849,0.3291676468,0.05384939909,0.05329710245
5577,1.0,0.0,0.0,0.0,1.0,1.0,0.3124278436,0.3256803221,0.05275321007,0.05220085382
5578,1.0,0.0,0.0,0.0,1.0,1.0,0.3107922795,0.3239567432,0.05128896236,0.05074900389
5579,1.0,0.0,0.0,0.0,1.0,1.0,0.2373887574,0.2227017915,0.03775894642,0.03365474939
5580,1.0,0.0,0.0,0.0,1.0,1.0,0.1376044082,0.1397690362,0.02167671919,0.02082109451
5581,1.0,0.0,0.0,0.0,1.0,1.0,0.1897895635,0.1641420732,0.03077965975,0.02541440725
5582,1.0,0.0,0.0,0.0,1.0,1.0,0.2583016539,0.2445064664,0.04347407818,0.0389277935
5583,1.0,0.0,0.0,0.0,1.0,1.0,0.3058493342,0.3029665155,0.05143731833,0.04890757799
5584,1.0,0.0,0.0,0.0,1.0,1.0,0.3298810633,0.3331470835,0.05532097816,0.05313003063
5585,1.0,0.0,0.0,0.0,1.0,1.0,0.3369830922,0.3411066538,0.05602186918,0.05465549231
5586,1.0,0.0,0.0,0.0,1.0,1.0,0.3389051562,0.3354062402,0.05607652664,0.05389887094
5587,1.0,0.0,0.0,0.0,1.0,1.0,0.3462118347,0.3414759654,0.05812501907,0.05620580912
5588,1.0,0.0,0.0,0.0,1.0,1.0,0.3435071949,0.3342612768,0.05831426382,0.05553734303
5589,1.0,0.0,0.0,0.0,1.0,1.0,0.3458333598,0.3370999131,0.05839151144,0.05559766293
5590,1.0,0.0,0.0,0.0,1.0,1.0,0.3544818151,0.3387370526,0.05993789434,0.05605304241
5591,1.0,0.0,0.0,0.0,1.0,1.0,0.3516859499,0.3410260224,0.05861407518,0.05506998301
5592,1.0,0.0,0.0,0.0,1.0,1.0,0.3485655059,0.3354059252,0.05772042274,0.05416423082
5593,1.0,0.0,0.0,0.0,1.0,1.0,0.3483398043,0.3392754051,0.05834388733,0.05534487963
5594,1.0,0.0,0.0,0.0,1.0,1.0,0.3428506616,0.3365122555,0.05738449097,0.05413627625
5595,1.0,0.0,0.0,0.0,1.0,1.0,0.3363816281,0.334272744,0.05818164349,0.05538445711
5596,1.0,0.0,0.0,0.0,1.0,1.0,0.3390962517,0.335960952,0.05649662018,0.05379343033
5597,1.0,0.0,0.0,0.0,1.0,1.0,0.3353069335,0.3314647035,0.05568867922,0.05299842358
5598,1.0,0.0,0.0,0.0,1.0,1.0,0.328806658,0.3241430676,0.05477440357,0.05206274986
5599,1.0,0.0,0.0,0.0,1.0,1.0,0.3347802825,0.3308963196,0.05610406399,0.05364096165
5600,1.0,0.0,0.0,0.0,1.0,1.0,0.3271789207,0.3196865217,0.05576723814,0.05271524191
5601,1.0,0.0,0.0,0.0,1.0,1.0,0.3353177697,0.3269362387,0.05771124363,0.05406928062
5602,1.0,0.0,0.0,0.0,1.0,1.0,0.3364133585,0.3297820204,0.05716180801,0.05438697338
5603,1.0,0.0,0.0,0.0,1.0,1.0,0.3375163986,0.328630059,0.05709540844,0.05376946926
5604,1.0,0.0,0.0,0.0,1.0,1.0,0.3281997667,0.3206398996,0.05514138937,0.05209332705
5605,1.0,0.0,0.0,0.0,1.0,1.0,0.328719849,0.3308256329,0.05470281839,0.05249261856
5606,1.0,0.0,0.0,0.0,1.0,1.0,0.3320348365,0.3268070603,0.0555203557,0.05273038149
5607,1.0,0.0,0.0,0.0,1.0,1.0,0.3269674699,0.3249935877,0.0545887351,0.05233770609
5608,1.0,0.0,0.0,0.0,1.0,1.0,0.3365642269,0.3284382207,0.0558193922,0.05270254612
5609,1.0,0.0,0.0,0.0,1.0,1.0,0.3263137705,0.3289975062,0.05354112387,0.0518591404
5610,1.0,0.0,0.0,0.0,1.0,1.0,0.3376957107,0.3319703696,0.05544090271,0.05264085531
5611,1.0,0.0,0.0,0.0,1.0,1.0,0.3204448892,0.3158953896,0.05235821009,0.05009412766
5612,1.0,0.0,0.0,0.0,1.0,1.0,0.3226819493,0.3224008625,0.05210053921,0.05069243908
5613,1.0,0.0,0.0,0.0,1.0,1.0,0.3313846811,0.3301406706,0.05287754536,0.05147123337
5614,1.0,0.0,0.0,0.0,1.0,1.0,0.3384635198,0.3434444802,0.05388647318,0.05332219601
5615,1.0,0.0,0.0,0.0,1.0,1.0,0.3331473144,0.3313168072,0.05268007517,0.05154103041
5616,1.0,0.0,0.0,0.0,1.0,1.0,0.3257846905,0.31901,0.05476939678,0.05353170633
5617,1.0,0.0,0.0,0.0,1.0,1.0,0.326954729,0.3193706214,0.05745208263,0.05549353361
5618,1.0,0.0,0.0,0.0,1.0,1.0,0.3337725593,0.3395050354,0.05809360743,0.05809354782
5619,1.0,0.0,0.0,0.0,1.0,1.0,0.3337361126,0.3474761237,0.06217050552,0.06381517649
5620,1.0,0.0,0.0,0.0,1.0,1.0,0.3080143133,0.3168165768,0.05975151062,0.06037390232
5621,1.0,0.0,0.0,0.0,1.0,1.0,0.3062263305,0.3138178644,0.0588029623,0.05944913626
5622,1.0,0.0,0.0,0.0,1.0,1.0,0.3117990684,0.3194092179,0.06014549732,0.06047058105
5623,1.0,0.0,0.0,0.0,1.0,1.0,0.3156133897,0.3226268092,0.06078380346,0.06213450432
5624,1.0,0.0,0.0,0.0,1.0,1.0,0.3180830854,0.320873587,0.06062990427,0.06062996387
5625,1.0,0.0,0.0,0.0,1.0,1.0,0.3162568962,0.3156134397,0.06107091904,0.06073355675
5626,1.0,0.0,0.0,0.0,1.0,1.0,0.3154268446,0.3158951874,0.06141853333,0.06107348204
5627,1.0,0.0,0.0,0.0,1.0,1.0,0.3237629377,0.3096860189,0.0616170764,0.05893802643
5628,1.0,0.0,0.0,0.0,1.0,1.0,0.2929400697,0.2722619764,0.05619990826,0.05223286152
5629,1.0,0.0,0.0,0.0,1.0,1.0,0.2416230535,0.1914989401,0.04271167517,0.03397524357
5630,1.0,0.0,0.0,0.0,1.0,1.0,0.236662126,0.182379871,0.04421007633,0.0340077281
5631,1.0,0.0,0.0,0.0,1.0,1.0,0.2611153736,0.2256801934,0.0483186245,0.04198718071
5632,1.0,0.0,0.0,0.0,1.0,1.0,0.3001857004,0.2772303421,0.05586445332,0.05159246922
5633,1.0,0.0,0.0,0.0,1.0,1.0,0.3130993257,0.2931224276,0.05770862103,0.05412220955
5634,1.0,0.0,0.0,0.0,1.0,1.0,0.3307635605,0.304100684,0.06045842171,0.05588316917
5635,1.0,0.0,0.0,0.0,1.0,1.0,0.328310252,0.3114202882,0.05999857187,0.05701524019
5636,1.0,0.0,0.0,0.0,1.0,1.0,0.325441211,0.3087561392,0.05825847387,0.05507493019
5637,1.0,0.0,0.0,0.0,1.0,1.0,0.3295650443,0.3098629144,0.05894845724,0.05542439222
5638,1.0,0.0,0.0,0.0,1.0,1.0,0.3301728249,0.3116538947,0.06059759855,0.05699449778
5639,1.0,0.0,0.0,0.0,1.0,1.0,0.3373342438,0.3170270536,0.06261724234,0.05895340443
5640,1.0,0.0,0.0,0.0,1.0,1.0,0.3337487171,0.3091796559,0.06090086699,0.0566213131
5641,1.0,0.0,0.0,0.0,1.0,1.0,0.3361595537,0.3175122498,0.06112504005,0.05783873796
5642,1.0,0.0,0.0,0.0,1.0,1.0,0.3301076081,0.3191647083,0.05942934752,0.0574592948
5643,1.0,0.0,0.0,0.0,1.0,1.0,0.3474694352,0.3337619524,0.0615593195,0.05990451574
5644,1.0,0.0,0.0,0.0,1.0,1.0,0.3381289749,0.3245421121,0.05991965532,0.05826443434
5645,1.0,0.0,0.0,0.0,1.0,1.0,0.3368694776,0.3233486249,0.05964159966,0.05799400806
5646,1.0,0.0,0.0,0.0,1.0,1.0,0.3442521785,0.3294866495,0.06195306778,0.05995464325
5647,1.0,0.0,0.0,0.0,1.0,1.0,0.3319178613,0.3228126313,0.05860728025,0.05763053894
5648,1.0,0.0,0.0,0.0,1.0,1.0,0.3393975684,0.3250971785,0.06047344208,0.05846881866
5649,1.0,0.0,0.0,0.0,1.0,1.0,0.3368905871,0.3238929546,0.06031781435,0.05864226818
5650,1.0,0.0,0.0,0.0,1.0,1.0,0.3368284287,0.3215116785,0.06129878759,0.05861908197
5651,1.0,0.0,0.0,0.0,1.0,1.0,0.3343790401,0.315999745,0.06032776833,0.05732798576
5652,1.0,0.0,0.0,0.0,1.0,1.0,0.3313069186,0.3111815981,0.05916601419,0.05587899685
5653,1.0,0.0,0.0,0.0,1.0,1.0,0.338669146,0.3173412762,0.0609215498,0.05761063099
5654,1.0,0.0,0.0,0.0,1.0,1.0,0.3362095371,0.3089183707,0.06042009592,0.05612790585
5655,1.0,0.0,0.0,0.0,1.0,1.0,0.3410505259,0.3199652333,0.06081008911,0.05788338184
5656,1.0,0.0,0.0,0.0,1.0,1.0,0.3458213058,0.3283364342,0.06289941072,0.05993556976
5657,1.0,0.0,0.0,0.0,1.0,1.0,0.3452617044,0.3277154568,0.0619994998,0.05906265974
5658,1.0,0.0,0.0,0.0,1.0,1.0,0.3325447635,0.3145727287,0.05991500616,0.05698442459
5659,1.0,0.0,0.0,0.0,1.0,1.0,0.3337554214,0.3150414646,0.05916494131,0.05625516176
5660,1.0,0.0,0.0,0.0,1.0,1.0,0.3446349941,0.3349578345,0.0622985363,0.06065911055
5661,1.0,0.0,0.0,0.0,1.0,1.0,0.3374028421,0.3180042031,0.0593817234,0.05617189407
5662,1.0,0.0,0.0,0.0,1.0,1.0,0.3319381688,0.310295976,0.05953252316,0.0559540391
5663,1.0,0.0,0.0,0.0,1.0,1.0,0.3440700447,0.3240942941,0.06202805042,0.05874615908
5664,1.0,0.0,0.0,0.0,1.0,1.0,0.3517890276,0.3379406275,0.06288915873,0.0606315732
5665,1.0,0.0,0.0,0.0,1.0,1.0,0.3488106541,0.3385789851,0.06276595592,0.06081467867
5666,1.0,0.0,0.0,0.0,1.0,1.0,0.3512532257,0.33495811,0.06319129467,0.06025975943
5667,1.0,0.0,0.0,0.0,1.0,1.0,0.3619598702,0.3433334926,0.06626856327,0.06297165155
5668,1.0,0.0,0.0,0.0,1.0,1.0,0.3492675382,0.3319574936,0.0643941164,0.06142205
5669,1.0,0.0,0.0,0.0,1.0,1.0,0.3494423313,0.3277155055,0.06307411194,0.05915242434
5670,1.0,0.0,0.0,0.0,1.0,1.0,0.3560400717,0.3373568914,0.06692296267,0.06352585554
5671,1.0,0.0,0.0,0.0,1.0,1.0,0.3535931698,0.340311555,0.06379467249,0.0618417263
5672,1.0,0.0,0.0,0.0,1.0,1.0,0.351789262,0.3301405432,0.06342560053,0.05952244997
5673,1.0,0.0,0.0,0.0,1.0,1.0,0.3470790976,0.3277154069,0.06423687935,0.06087362766
5674,1.0,0.0,0.0,0.0,1.0,1.0,0.3452616644,0.3229246834,0.06129652262,0.05774784088
5675,1.0,0.0,0.0,0.0,1.0,1.0,0.3361759013,0.3091798612,0.06093859673,0.05665642023
5676,1.0,0.0,0.0,0.0,1.0,1.0,0.3422002196,0.3176797452,0.06112635136,0.05756872892
5677,1.0,0.0,0.0,0.0,1.0,1.0,0.3451958206,0.3212493669,0.06334257126,0.05969464779
5678,1.0,0.0,0.0,0.0,1.0,1.0,0.3355395209,0.3101104931,0.06033247709,0.056460917
5679,1.0,0.0,0.0,0.0,1.0,1.0,0.3492673581,0.3236625966,0.06294578314,0.05874937773
5680,1.0,0.0,0.0,0.0,1.0,1.0,0.3515893722,0.3254410346,0.06424194574,0.05967652798
5681,1.0,0.0,0.0,0.0,1.0,1.0,0.3493545155,0.3235602504,0.06379359961,0.05918991566
5682,1.0,0.0,0.0,0.0,1.0,1.0,0.355793991,0.3259830568,0.0652499795,0.05967593193
5683,1.0,0.0,0.0,0.0,1.0,1.0,0.3534828342,0.3254413247,0.06478404999,0.06018018723
5684,1.0,0.0,0.0,0.0,1.0,1.0,0.3349193741,0.3136544595,0.06236416101,0.05840450525
5685,1.0,0.0,0.0,0.0,1.0,1.0,0.3498048187,0.3225151353,0.06486469507,0.06023150682
5686,1.0,0.0,0.0,0.0,1.0,1.0,0.3378895499,0.3118826346,0.06208735704,0.05751252174
5687,1.0,0.0,0.0,0.0,1.0,1.0,0.3474764856,0.3189710271,0.06357479095,0.05898690224
5688,1.0,0.0,0.0,0.0,1.0,1.0,0.3532661784,0.3220034599,0.06651085615,0.06116330624
5689,1.0,0.0,0.0,0.0,1.0,1.0,0.3480200348,0.318484202,0.06542366743,0.060726583
5690,1.0,0.0,0.0,0.0,1.0,1.0,0.3437796606,0.3173666296,0.06239193678,0.05821102858
5691,1.0,0.0,0.0,0.0,1.0,1.0,0.354412119,0.3278870051,0.06725722551,0.06288546324
5692,1.0,0.0,0.0,0.0,1.0,1.0,0.3522183459,0.3242866876,0.06453478336,0.05994850397
5693,1.0,0.0,0.0,0.0,1.0,1.0,0.3474763109,0.3260590631,0.06264966726,0.05942028761
5694,1.0,0.0,0.0,0.0,1.0,1.0,0.3390334706,0.3088551381,0.06287717819,0.05829232931
5695,1.0,0.0,0.0,0.0,1.0,1.0,0.3291054271,0.3008522492,0.06179189682,0.05756402016
5696,1.0,0.0,0.0,0.0,1.0,1.0,0.3302654005,0.3008525133,0.0601208806,0.0557141304
5697,1.0,0.0,0.0,0.0,1.0,1.0,0.3314300917,0.3011785155,0.06111127138,0.05667829514
5698,1.0,0.0,0.0,0.0,1.0,1.0,0.3296768723,0.3042518691,0.06023317575,0.05674600601
5699,1.0,0.0,0.0,0.0,1.0,1.0,0.340679457,0.314892736,0.06190264225,0.05811268091
5700,1.0,0.0,0.0,0.0,1.0,1.0,0.3325606699,0.3047075416,0.06161314249,0.05704915524
5701,1.0,0.0,0.0,0.0,1.0,1.0,0.3390335532,0.3092677094,0.06234037876,0.05746996403
5702,1.0,0.0,0.0,0.0,1.0,1.0,0.3319638079,0.3143120736,0.06129103899,0.05834120512
5703,1.0,0.0,0.0,0.0,1.0,1.0,0.3426151381,0.3237629633,0.06345957518,0.06050032377
5704,1.0,0.0,0.0,0.0,1.0,1.0,0.3498942635,0.324906878,0.06476330757,0.06111001968
5705,1.0,0.0,0.0,0.0,1.0,1.0,0.351688845,0.3307761961,0.06483995914,0.06153178215
5706,1.0,0.0,0.0,0.0,1.0,1.0,0.3557643705,0.3301404209,0.06593769789,0.06219899654
5707,1.0,0.0,0.0,0.0,1.0,1.0,0.3551128936,0.3319314626,0.06294727325,0.05905365944
5708,1.0,0.0,0.0,0.0,1.0,1.0,0.3562910013,0.3319315343,0.06413191557,0.0598564744
5709,1.0,0.0,0.0,0.0,1.0,1.0,0.3607560865,0.3319314063,0.06503748894,0.06039196253
5710,1.0,0.0,0.0,0.0,1.0,1.0,0.3557645542,0.3282837227,0.06323051453,0.05866748095
5711,1.0,0.0,0.0,0.0,1.0,1.0,0.3494424878,0.3301403026,0.06449049711,0.06114900112
5712,1.0,0.0,0.0,0.0,1.0,1.0,0.3422497078,0.3259048427,0.06345611811,0.06075584888
5713,1.0,0.0,0.0,0.0,1.0,1.0,0.3349777072,0.3020291164,0.06146961451,0.05542343855
5714,1.0,0.0,0.0,0.0,1.0,1.0,0.3410502563,0.3100460925,0.06253802776,0.05685281754
5715,1.0,0.0,0.0,0.0,1.0,1.0,0.3289072423,0.3001985415,0.05942064524,0.05383968353
5716,1.0,0.0,0.0,0.0,1.0,1.0,0.3235081611,0.2991031909,0.05835980177,0.05346935987
5717,1.0,0.0,0.0,0.0,1.0,1.0,0.3167629264,0.29027869,0.05831289291,0.05295073986
5718,1.0,0.0,0.0,0.0,1.0,1.0,0.3198215476,0.2933143404,0.0593894124,0.05466520786
5719,1.0,0.0,0.0,0.0,1.0,1.0,0.3083577061,0.2866046287,0.05575793982,0.05116611719
5720,1.0,0.0,0.0,0.0,1.0,1.0,0.3108572769,0.2786213664,0.05671197176,0.05110669136
5721,1.0,0.0,0.0,0.0,1.0,1.0,0.304100779,0.2748464805,0.0588362813,0.05298703909
5722,1.0,0.0,0.0,0.0,1.0,1.0,0.3124364054,0.2792034148,0.05855304003,0.05223196745
5723,1.0,0.0,0.0,0.0,1.0,1.0,0.2998327657,0.2569486599,0.05519020557,0.04763436317
5724,1.0,0.0,0.0,0.0,1.0,1.0,0.2954100178,0.2542747102,0.05602824688,0.04831176996
5725,1.0,0.0,0.0,0.0,1.0,1.0,0.278213478,0.2260222752,0.05183845758,0.04226320982
5726,1.0,0.0,0.0,0.0,1.0,1.0,0.2680565051,0.2126469892,0.04988521338,0.0396438241
5727,1.0,0.0,0.0,0.0,1.0,1.0,0.2582038748,0.203786749,0.04817128181,0.03768497705
5728,1.0,0.0,0.0,0.0,1.0,1.0,0.2555490997,0.2091030201,0.04857075214,0.03925579786
5729,1.0,0.0,0.0,0.0,1.0,1.0,0.2348510419,0.1898582367,0.04405403137,0.03511077166
5730,1.0,0.0,0.0,0.0,1.0,1.0,0.2384632019,0.1924720008,0.04503917694,0.03609758615
5731,1.0,0.0,0.0,0.0,1.0,1.0,0.2347445914,0.190541238,0.04365032911,0.03505253792
5732,1.0,0.0,0.0,0.0,1.0,1.0,0.2347442606,0.1941361912,0.04364645481,0.03571075201
5733,1.0,0.0,0.0,0.0,1.0,1.0,0.2337979817,0.1858167192,0.04422754049,0.03477430344
5734,1.0,0.0,0.0,0.0,1.0,1.0,0.2183504851,0.1809024777,0.04072338343,0.03343951702
5735,1.0,0.0,0.0,0.0,1.0,1.0,0.2276307543,0.1851485667,0.04397118092,0.03538310528
5736,1.0,0.0,0.0,0.0,1.0,1.0,0.223889362,0.1792478437,0.04224401712,0.03345727921
5737,1.0,0.0,0.0,0.0,1.0,1.0,0.2315998287,0.1840129148,0.04433476925,0.03478574753
5738,1.0,0.0,0.0,0.0,1.0,1.0,0.2195203573,0.1774370774,0.0411221385,0.03276395798
5739,1.0,0.0,0.0,0.0,1.0,1.0,0.2205175809,0.1810583578,0.04105186462,0.03310632706
5740,1.0,0.0,0.0,0.0,1.0,1.0,0.219346714,0.1773201807,0.04147022963,0.03310924768
5741,1.0,0.0,0.0,0.0,1.0,1.0,0.2127615594,0.1701950433,0.04125773907,0.03259015083
5742,1.0,0.0,0.0,0.0,1.0,1.0,0.2211154938,0.1743631801,0.04159319401,0.03227633238
5743,1.0,0.0,0.0,0.0,1.0,1.0,0.2187389257,0.1780822932,0.04138970375,0.03297716379
5744,1.0,0.0,0.0,0.0,1.0,1.0,0.2088120937,0.1683843791,0.03952521086,0.03141748905
5745,1.0,0.0,0.0,0.0,1.0,1.0,0.2146813008,0.1732610791,0.03971970081,0.03170907497
5746,1.0,0.0,0.0,0.0,1.0,1.0,0.2052906539,0.1635117527,0.03866821527,0.03018838167
5747,1.0,0.0,0.0,0.0,1.0,1.0,0.1923385035,0.1513753732,0.03579497337,0.02776622772
5748,1.0,0.0,0.0,0.0,1.0,1.0,0.1888429852,0.1495517583,0.03588950634,0.02776360512
5749,1.0,0.0,0.0,0.0,1.0,1.0,0.1886072354,0.1482686313,0.0368668437,0.02790850401
5750,1.0,0.0,0.0,0.0,1.0,1.0,0.1841076085,0.1402096428,0.03589493036,0.0266648531
5751,1.0,0.0,0.0,0.0,1.0,1.0,0.1871746513,0.1545901367,0.03630328178,0.02945363522
5752,1.0,0.0,0.0,0.0,1.0,1.0,0.1926197121,0.152331342,0.03604894876,0.02788692713
5753,1.0,0.0,0.0,0.0,1.0,1.0,0.1737380018,0.131313338,0.03297567368,0.02447676659
5754,1.0,0.0,0.0,0.0,1.0,1.0,0.1844847207,0.1391164654,0.034263134,0.0252815485
5755,1.0,0.0,0.0,0.0,1.0,1.0,0.1625710163,0.1235267681,0.02900826931,0.02175623178
5756,1.0,0.0,0.0,0.0,1.0,1.0,0.1745347485,0.129557217,0.03190720081,0.02351057529
5757,1.0,0.0,0.0,0.0,1.0,1.0,0.1748564009,0.1305239212,0.03270220757,0.02409631014
5758,1.0,0.0,0.0,0.0,1.0,1.0,0.1734105131,0.1325018626,0.03167390823,0.02384060621
5759,1.0,0.0,0.0,0.0,1.0,1.0,0.1596853321,0.123483366,0.02910798788,0.02191662788
5760,1.0,0.0,0.0,0.0,1.0,1.0,0.1646809089,0.1307864241,0.02978140116,0.02293509245
5761,1.0,0.0,0.0,0.0,1.0,1.0,0.1696813577,0.1326183114,0.0310562849,0.02354818583
5762,1.0,0.0,0.0,0.0,1.0,1.0,0.189930689,0.1501062159,0.03507244587,0.02690023184
5763,1.0,0.0,0.0,0.0,1.0,1.0,0.1888852405,0.153472211,0.03412413597,0.02716678381
5764,1.0,0.0,0.0,0.0,1.0,1.0,0.175827735,0.1452020219,0.03187268972,0.02583366632
5765,1.0,0.0,0.0,0.0,1.0,1.0,0.1662622512,0.1225370202,0.02985364199,0.02146780491
5766,1.0,0.0,0.0,0.0,1.0,1.0,0.1460286061,0.1234833464,0.02582800388,0.02146744728
5767,1.0,0.0,0.0,0.0,1.0,1.0,0.1301954814,0.1108331619,0.02305829525,0.01932829618
5768,1.0,0.0,0.0,0.0,1.0,1.0,0.1425024968,0.1215009793,0.02421098948,0.02028489113
5769,1.0,0.0,0.0,0.0,1.0,1.0,0.1425021575,0.1180441746,0.0246270299,0.01996785402
5770,1.0,0.0,0.0,0.0,1.0,1.0,0.1268521398,0.1189810262,0.02235233784,0.02032029629
5771,1.0,0.0,0.0,0.0,1.0,1.0,0.1374475514,0.123436908,0.02352577448,0.02083712816
5772,1.0,0.0,0.0,0.0,1.0,1.0,0.1473657748,0.1322218276,0.02713102102,0.02365267277
5773,1.0,0.0,0.0,0.0,1.0,1.0,0.1471453957,0.1368286264,0.02507549524,0.02247029543
5774,1.0,0.0,0.0,0.0,1.0,1.0,0.1276301518,0.1157892199,0.02187258005,0.01918059587
5775,1.0,0.0,0.0,0.0,1.0,1.0,0.1141095339,0.1052044067,0.01983088255,0.01777940989
5776,1.0,0.0,0.0,0.0,1.0,1.0,0.1143344401,0.106936252,0.01964455843,0.01761239767
5777,1.0,0.0,0.0,0.0,1.0,1.0,0.1059138694,0.1121822289,0.01767355204,0.01767355204
5778,0.0,0.0,0.0,0.0,0.0,0.0,0.0,0.0,0.0,0.0
5779,0.0,0.0,0.0,0.0,0.0,0.0,0.0,0.0,0.0,0.0
5780,0.0,0.0,0.0,0.0,0.0,0.0,0.0,0.0,0.0,0.0
5781,1.0,0.0,0.0,0.0,1.0,1.0,0.09769001161,0.1572827454,0.01777273417,0.02700084448
5782,1.0,0.0,0.0,0.0,1.0,1.0,0.1320693812,0.1443637861,0.02249693871,0.02371293306
5783,1.0,0.0,0.0,0.0,1.0,1.0,0.134639823,0.1453732028,0.02194482088,0.02250748873
5784,1.0,0.0,0.0,0.0,1.0,1.0,0.1277744551,0.1475191271,0.02052730322,0.02249568701
5785,1.0,0.0,0.0,0.0,1.0,1.0,0.1297520031,0.1425131545,0.02121627331,0.02207642794
5786,1.0,0.0,0.0,0.0,1.0,1.0,0.127551407,0.1433024136,0.02042031288,0.02181893587
5787,1.0,0.0,0.0,0.0,1.0,1.0,0.1255844336,0.1401430047,0.02007651329,0.0211918354
5788,1.0,0.0,0.0,0.0,1.0,1.0,0.1227385333,0.1406621664,0.01955026388,0.02122598886
5789,1.0,0.0,0.0,0.0,1.0,1.0,0.1281777517,0.1464382384,0.02054572105,0.02221161127
5790,1.0,0.0,0.0,0.0,1.0,1.0,0.1218829492,0.1435561662,0.01934820414,0.02183586359
5791,1.0,0.0,0.0,0.0,1.0,1.0,0.1344077758,0.1484676884,0.02152723074,0.02263116837
5792,1.0,0.0,0.0,0.0,1.0,1.0,0.1366021966,0.1466574437,0.02172935009,0.02227944136
5793,1.0,0.0,0.0,0.0,1.0,1.0,0.1358125317,0.1394150876,0.02171570063,0.02143734694
5794,1.0,0.0,0.0,0.0,1.0,1.0,0.1373147223,0.1339832633,0.02236664295,0.02095103264
5795,1.0,0.0,0.0,0.0,1.0,1.0,0.13613074,0.1402096251,0.02222412825,0.02194285393
5796,1.0,0.0,0.0,0.0,1.0,1.0,0.1402725607,0.1412253351,0.0224865675,0.02192437649
5797,1.0,0.0,0.0,0.0,1.0,1.0,0.1370060225,0.143302249,0.02181601524,0.02181601524
5798,1.0,0.0,0.0,0.0,1.0,1.0,0.1382208098,0.1401430309,0.02198892832,0.02142506838
5799,1.0,0.0,0.0,0.0,1.0,1.0,0.1399924905,0.1396278884,0.02231746912,0.02147001028
5800,1.0,0.0,0.0,0.0,1.0,1.0,0.136448406,0.1414648789,0.02151715755,0.02151715755
5801,1.0,0.0,0.0,0.0,1.0,1.0,0.1382205311,0.1364552801,0.02162635326,0.02051734924
5802,1.0,0.0,0.0,0.0,1.0,1.0,0.148929231,0.1467581286,0.02365905046,0.02251887321
5803,1.0,0.0,0.0,0.0,1.0,1.0,0.1489293019,0.1379825812,0.02351129055,0.02096188068
5804,1.0,0.0,0.0,0.0,1.0,1.0,0.1538994444,0.1597618597,0.02378761768,0.02406746149
5805,1.0,0.0,0.0,0.0,1.0,1.0,0.1474584916,0.1433160882,0.02319562435,0.02176380157
5806,1.0,0.0,0.0,0.0,1.0,1.0,0.14854055,0.144957466,0.02319127321,0.02175980806
5807,1.0,0.0,0.0,0.0,1.0,1.0,0.1490078646,0.1514308705,0.02330476046,0.02273637056
5808,1.0,0.0,0.0,0.0,1.0,1.0,0.1595439229,0.1627878263,0.02496254444,0.02467560768
5809,1.0,0.0,0.0,0.0,1.0,1.0,0.1592515579,0.1634065879,0.02478063107,0.02449578047
5810,1.0,0.0,0.0,0.0,1.0,1.0,0.1598372457,0.1640307787,0.02505356073,0.02476561069
5811,1.0,0.0,0.0,0.0,1.0,1.0,0.1513752597,0.1577065359,0.02405071259,0.02405071259
5812,1.0,0.0,0.0,0.0,1.0,1.0,0.1538996112,0.1596852752,0.02429419756,0.02429419756
5813,1.0,0.0,0.0,0.0,1.0,1.0,0.1689965497,0.1791453685,0.02657061815,0.02714204788
5814,1.0,0.0,0.0,0.0,1.0,1.0,0.1554286164,0.1621735845,0.0247246623,0.0247246623
5815,1.0,0.0,0.0,0.0,1.0,1.0,0.1527924527,0.1628305818,0.02442711592,0.02500188351
5816,1.0,0.0,0.0,0.0,1.0,1.0,0.1471905257,0.1627879221,0.02312493324,0.02455240488
5817,1.0,0.0,0.0,0.0,1.0,1.0,0.1448465161,0.1646805577,0.02279770374,0.02479249239
5818,1.0,0.0,0.0,0.0,1.0,1.0,0.1650619545,0.1829168546,0.02621096373,0.0279392004
5819,1.0,0.0,0.0,0.0,1.0,1.0,0.138862021,0.1525866426,0.02182924747,0.02297818661
5820,1.0,0.0,0.0,0.0,1.0,1.0,0.1459444237,0.1761470485,0.02301198244,0.02679878473
5821,1.0,0.0,0.0,0.0,1.0,1.0,0.1372859313,0.1634067718,0.0215909481,0.02475762367
5822,1.0,0.0,0.0,0.0,1.0,1.0,0.1372860608,0.1653069324,0.02123087645,0.02462780476
5823,1.0,0.0,0.0,0.0,1.0,1.0,0.1317946451,0.1506793262,0.02060425282,0.02260744572
5824,1.0,0.0,0.0,0.0,1.0,1.0,0.1349610865,0.1634067115,0.02116942406,0.02460229397
5825,1.0,0.0,0.0,0.0,1.0,1.0,0.1333808174,0.163406513,0.02077770233,0.02447777987
5826,1.0,0.0,0.0,0.0,1.0,1.0,0.1331375297,0.1608300427,0.02068841457,0.0238058567
5827,1.0,0.0,0.0,0.0,1.0,1.0,0.1342264152,0.1556824306,0.02114254236,0.02314251661
5828,1.0,0.0,0.0,0.0,1.0,1.0,0.1253717022,0.1393275866,0.02021026611,0.02134889364
5829,1.0,0.0,0.0,0.0,1.0,1.0,0.1361309571,0.1216548148,0.02187913656,0.01800179482
5830,1.0,0.0,0.0,0.0,1.0,1.0,0.2324285876,0.2353758674,0.03765904903,0.03496909142
5831,1.0,0.0,0.0,0.0,1.0,1.0,0.3028611445,0.3214986009,0.05065941811,0.04905962944
5832,1.0,0.0,0.0,0.0,1.0,1.0,0.3331473772,0.3621669463,0.05744975805,0.05690258741
5833,1.0,0.0,0.0,0.0,1.0,1.0,0.2601514386,0.2660385679,0.04376119375,0.04099148512
5834,1.0,0.0,0.0,0.0,1.0,1.0,0.1382765531,0.1438592412,0.0216987133,0.02087473869
5835,1.0,0.0,0.0,0.0,1.0,1.0,0.17133298,0.1461278223,0.02828001976,0.02245765924
5836,1.0,0.0,0.0,0.0,1.0,1.0,0.2605102035,0.2719329293,0.04368793964,0.04231411219
5837,1.0,0.0,0.0,0.0,1.0,1.0,0.3112226533,0.3268068504,0.05337917805,0.05200338364
5838,1.0,0.0,0.0,0.0,1.0,1.0,0.3289501051,0.3508313389,0.05748069286,0.05638056993
5839,1.0,0.0,0.0,0.0,1.0,1.0,0.337861393,0.3648480187,0.05819612741,0.05711340904
5840,1.0,0.0,0.0,0.0,1.0,1.0,0.332626829,0.3606233632,0.0573849678,0.05657672882
5841,1.0,0.0,0.0,0.0,1.0,1.0,0.2131040149,0.2193022365,0.03581750393,0.03387397528
5842,1.0,0.0,0.0,0.0,1.0,1.0,0.1255840296,0.1566291627,0.019705832,0.02299022675
5843,1.0,0.0,0.0,0.0,1.0,1.0,0.1323303874,0.1506512111,0.02144867182,0.02314198017
5844,1.0,0.0,0.0,0.0,1.0,1.0,0.1258038459,0.1446078555,0.02017384768,0.02213519812
5845,1.0,0.0,0.0,0.0,1.0,1.0,0.1594853891,0.1381046319,0.02480614185,0.02094739676
5846,1.0,0.0,0.0,0.0,1.0,1.0,0.2351631013,0.2220983241,0.03772801161,0.03550869226
5847,1.0,0.0,0.0,0.0,1.0,1.0,0.3143545365,0.3045438113,0.05094224215,0.05011165142
5848,1.0,0.0,0.0,0.0,1.0,1.0,0.3286755151,0.3219678368,0.05409282446,0.05298888683
5849,1.0,0.0,0.0,0.0,1.0,1.0,0.3436617346,0.3432426083,0.05690449476,0.0560798049
5850,1.0,0.0,0.0,0.0,1.0,1.0,0.3402007764,0.3442891731,0.05700397491,0.05618572235
5851,1.0,0.0,0.0,0.0,1.0,1.0,0.3450843175,0.3516554961,0.05853676796,0.05770838261
5852,1.0,0.0,0.0,0.0,1.0,1.0,0.3419577364,0.347928534,0.05786168575,0.05702310801
5853,1.0,0.0,0.0,0.0,1.0,1.0,0.3409079564,0.3484450714,0.05688881874,0.05688881874
5854,1.0,0.0,0.0,0.0,1.0,1.0,0.3376040927,0.3450452044,0.05682337284,0.05710464716
5855,1.0,0.0,0.0,0.0,1.0,1.0,0.2567530255,0.2507313073,0.04144459963,0.04005390406
5856,1.0,0.0,0.0,0.0,1.0,1.0,0.1438312219,0.1230655333,0.02187335491,0.01850819588
5857,1.0,0.0,0.0,0.0,1.0,1.0,0.1567390517,0.1473056868,0.02334570885,0.02169775963
5858,1.0,0.0,0.0,0.0,1.0,1.0,0.1647228033,0.1425058687,0.02496403456,0.02103710175
5859,1.0,0.0,0.0,0.0,1.0,1.0,0.1650621266,0.1449570051,0.02577513456,0.02152645588
5860,1.0,0.0,0.0,0.0,1.0,1.0,0.1622130658,0.1398474075,0.02641451359,0.02130204439
5861,1.0,0.0,0.0,0.0,1.0,1.0,0.1832008602,0.1338872813,0.02807325125,0.01973462105
5862,1.0,0.0,0.0,0.0,1.0,1.0,0.2006248979,0.1301160493,0.03049641848,0.01930505037
5863,1.0,0.0,0.0,0.0,1.0,1.0,0.1800123562,0.1033253836,0.02706229687,0.0155043602
5864,1.0,0.0,0.0,0.0,1.0,1.0,0.2009457963,0.1580935865,0.03168463707,0.02418041229
5865,1.0,0.0,0.0,0.0,1.0,1.0,0.2910375545,0.2899407373,0.04929298162,0.04604291916
5866,1.0,0.0,0.0,0.0,1.0,1.0,0.3161175003,0.3331469828,0.05427992344,0.05153846741
5867,1.0,0.0,0.0,0.0,1.0,1.0,0.3168575739,0.3442135039,0.05403769016,0.05296236277
5868,1.0,0.0,0.0,0.0,1.0,1.0,0.3158613738,0.3354527506,0.05540120602,0.05347180367
5869,1.0,0.0,0.0,0.0,1.0,1.0,0.3210232109,0.3394655222,0.0556344986,0.05399012566
5870,1.0,0.0,0.0,0.0,1.0,1.0,0.306178341,0.320026418,0.0531488061,0.05149644613
5871,1.0,0.0,0.0,0.0,1.0,1.0,0.2706822039,0.2628288866,0.04628133774,0.04162579775
5872,1.0,0.0,0.0,0.0,1.0,1.0,0.1729803137,0.1382992497,0.02773410082,0.02101069689
5873,1.0,0.0,0.0,0.0,1.0,1.0,0.1917435911,0.1517008751,0.0320302248,0.02409350872
5874,1.0,0.0,0.0,0.0,1.0,1.0,0.2478089924,0.2180910227,0.04239571095,0.03565728664
5875,1.0,0.0,0.0,0.0,1.0,1.0,0.2892276876,0.2766909984,0.0507439971,0.04651528597
5876,1.0,0.0,0.0,0.0,1.0,1.0,0.3051606604,0.2924786271,0.05380195379,0.04981660843
5877,1.0,0.0,0.0,0.0,1.0,1.0,0.3125287632,0.2951369316,0.0549480319,0.05036902428
5878,1.0,0.0,0.0,0.0,1.0,1.0,0.3181503905,0.3087978243,0.05542987585,0.05207049847
5879,1.0,0.0,0.0,0.0,1.0,1.0,0.3167021622,0.3084085249,0.05634093285,0.05294346809
5880,1.0,0.0,0.0,0.0,1.0,1.0,0.3241434904,0.313356422,0.05731290579,0.05337965488
5881,1.0,0.0,0.0,0.0,1.0,1.0,0.3195706988,0.3183043642,0.05752778053,0.05442583561
5882,1.0,0.0,0.0,0.0,1.0,1.0,0.3200723931,0.3168168374,0.05657476187,0.05380153656
5883,1.0,0.0,0.0,0.0,1.0,1.0,0.3216415829,0.3227708044,0.05757439137,0.05532759428
5884,1.0,0.0,0.0,0.0,1.0,1.0,0.3247794599,0.3222955927,0.05744624138,0.05494856834
5885,1.0,0.0,0.0,0.0,1.0,1.0,0.3273763491,0.3218264837,0.05761122704,0.05511838198
5886,1.0,0.0,0.0,0.0,1.0,1.0,0.3172071865,0.3073941053,0.05622577667,0.05283528566
5887,1.0,0.0,0.0,0.0,1.0,1.0,0.3119277532,0.2998325738,0.05469298363,0.05106538534
5888,1.0,0.0,0.0,0.0,1.0,1.0,0.314018966,0.3041064467,0.05482816696,0.05148839951
5889,1.0,0.0,0.0,0.0,1.0,1.0,0.3220423282,0.3141568767,0.05737000704,0.05454391241
5890,1.0,0.0,0.0,0.0,1.0,1.0,0.318364157,0.3102842556,0.05640351772,0.05331677198
5891,1.0,0.0,0.0,0.0,1.0,1.0,0.3194421207,0.3092737013,0.05610370636,0.05277079344
5892,1.0,0.0,0.0,0.0,1.0,1.0,0.3198850407,0.3096631386,0.05552178621,0.05220705271
5893,1.0,0.0,0.0,0.0,1.0,1.0,0.3150239475,0.3031095846,0.05566519499,0.05227446556
5894,1.0,0.0,0.0,0.0,1.0,1.0,0.3180043091,0.3081610534,0.05427610874,0.05122995377
5895,1.0,0.0,0.0,0.0,1.0,1.0,0.317488952,0.3064957459,0.05432802439,0.05100184679
5896,1.0,0.0,0.0,0.0,1.0,1.0,0.3102841857,0.3001677904,0.05318427086,0.05010515451
5897,1.0,0.0,0.0,0.0,1.0,1.0,0.3040373237,0.2915038637,0.05119693279,0.04765671492
5898,1.0,0.0,0.0,0.0,1.0,1.0,0.3065381012,0.2975313378,0.05306339264,0.05002331734
5899,1.0,0.0,0.0,0.0,1.0,1.0,0.3097314207,0.3041064266,0.05356770754,0.05108255148
5900,1.0,0.0,0.0,0.0,1.0,1.0,0.3051606842,0.2941501438,0.05187088251,0.04830306768
5901,1.0,0.0,0.0,0.0,1.0,1.0,0.3122252948,0.3075207428,0.05328088999,0.05053442717
5902,1.0,0.0,0.0,0.0,1.0,1.0,0.3140633584,0.295442919,0.05279892683,0.04812401533
5903,1.0,0.0,0.0,0.0,1.0,1.0,0.2384456359,0.1932716208,0.03952664137,0.03111666441
5904,1.0,0.0,0.0,0.0,1.0,1.0,0.1928747717,0.1348169235,0.03093516827,0.02109217644
5905,1.0,0.0,0.0,0.0,1.0,1.0,0.2290388458,0.1665736553,0.03732466698,0.02657967806
5906,1.0,0.0,0.0,0.0,1.0,1.0,0.2681835589,0.2344578441,0.04475551844,0.03808385134
5907,1.0,0.0,0.0,0.0,1.0,1.0,0.2945372761,0.2728850333,0.04887235165,0.04393023252
5908,1.0,0.0,0.0,0.0,1.0,1.0,0.3047478593,0.2870018725,0.05117589235,0.0467736721
5909,1.0,0.0,0.0,0.0,1.0,1.0,0.3055204414,0.2954428131,0.05196511745,0.04837173223
5910,1.0,0.0,0.0,0.0,1.0,1.0,0.3097781302,0.2961309728,0.05270695686,0.04882329702
5911,1.0,0.0,0.0,0.0,1.0,1.0,0.3058845669,0.2917835379,0.05173677206,0.04814016819
5912,1.0,0.0,0.0,0.0,1.0,1.0,0.3107920055,0.2994960393,0.0526316762,0.04930758476
5913,1.0,0.0,0.0,0.0,1.0,1.0,0.3083901905,0.2974929171,0.05215513706,0.04860532284
5914,1.0,0.0,0.0,0.0,1.0,1.0,0.3103955963,0.2984911078,0.052736938,0.04914754629
5915,1.0,0.0,0.0,0.0,1.0,1.0,0.3103956752,0.2968140097,0.05336397886,0.04945248365
5916,1.0,0.0,0.0,0.0,1.0,1.0,0.3086514124,0.3028609603,0.0522916913,0.04980152845
5917,1.0,0.0,0.0,0.0,1.0,1.0,0.3037518548,0.2903784145,0.05199170113,0.04807835817
5918,1.0,0.0,0.0,0.0,1.0,1.0,0.3024626172,0.2937550089,0.05105757713,0.0482827425
5919,1.0,0.0,0.0,0.0,1.0,1.0,0.3036072368,0.2964444586,0.05115735531,0.04839205742
5920,1.0,0.0,0.0,0.0,1.0,1.0,0.3011561576,0.2940534307,0.05126202106,0.04872709513
5921,1.0,0.0,0.0,0.0,1.0,1.0,0.2996681638,0.2974533529,0.05079078674,0.04883730412
5922,1.0,0.0,0.0,0.0,1.0,1.0,0.3068891917,0.304914574,0.0519580245,0.05001312494
5923,1.0,0.0,0.0,0.0,1.0,1.0,0.3016259969,0.2984909119,0.05110919476,0.04917532206
5924,1.0,0.0,0.0,0.0,1.0,1.0,0.2988528644,0.2981389304,0.05038803816,0.04846066236
5925,1.0,0.0,0.0,0.0,1.0,1.0,0.2959514633,0.302861247,0.05146425962,0.05062055588
5926,1.0,0.0,0.0,0.0,1.0,1.0,0.2934742332,0.304251896,0.04926025867,0.04898655415
5927,1.0,0.0,0.0,0.0,1.0,1.0,0.2978793317,0.3032206172,0.05079174042,0.0496815443
5928,1.0,0.0,0.0,0.0,1.0,1.0,0.3019314427,0.3102293825,0.05117279291,0.05062550306
5929,1.0,0.0,0.0,0.0,1.0,1.0,0.2977405464,0.30388439,0.0508967042,0.0495210886
5930,1.0,0.0,0.0,0.0,1.0,1.0,0.302081917,0.3166037332,0.05138081312,0.05056089163
5931,1.0,0.0,0.0,0.0,1.0,1.0,0.2894385345,0.3025988556,0.04853868484,0.04692959785
5932,1.0,0.0,0.0,0.0,1.0,1.0,0.2659805564,0.2855551008,0.0450347662,0.04367011786
5933,1.0,0.0,0.0,0.0,1.0,1.0,0.226677393,0.2339964666,0.038636446,0.03453868628
5934,0.0,0.0,0.0,0.0,0.0,0.0,0.0,0.0,0.0,0.0
5935,0.0,0.0,0.0,0.0,0.0,0.0,0.0,0.0,0.0,0.0
5936,0.0,0.0,0.0,0.0,0.0,0.0,0.0,0.0,0.0,0.0
5937,0.0,0.0,0.0,0.0,0.0,0.0,0.0,0.0,0.0,0.0
5938,0.0,0.0,0.0,0.0,0.0,0.0,0.0,0.0,0.0,0.0
5939,0.0,0.0,0.0,0.0,0.0,0.0,0.0,0.0,0.0,0.0
5940,0.0,0.0,0.0,0.0,0.0,0.0,0.0,0.0,0.0,0.0
5941,0.0,0.0,0.0,0.0,0.0,0.0,0.0,0.0,0.0,0.0
5942,0.0,0.0,0.0,0.0,0.0,0.0,0.0,0.0,0.0,0.0
5943,0.0,0.0,0.0,0.0,0.0,0.0,0.0,0.0,0.0,0.0
5944,0.0,0.0,0.0,0.0,0.0,0.0,0.0,0.0,0.0,0.0
5945,0.0,0.0,0.0,0.0,0.0,0.0,0.0,0.0,0.0,0.0
5946,0.0,0.0,0.0,0.0,0.0,0.0,0.0,0.0,0.0,0.0
5947,0.0,0.0,0.0,0.0,0.0,0.0,0.0,0.0,0.0,0.0
5948,0.0,0.0,0.0,0.0,0.0,0.0,0.0,0.0,0.0,0.0
5949,0.0,0.0,0.0,0.0,0.0,0.0,0.0,0.0,0.0,0.0
5950,0.0,0.0,0.0,0.0,0.0,0.0,0.0,0.0,0.0,0.0
5951,1.0,0.0,0.0,0.0,1.0,1.0,0.2645140093,0.3206873024,0.05278474092,0.0488858819
5952,1.0,0.0,0.0,0.0,1.0,1.0,0.2529077201,0.3185472403,0.04896986485,0.04719984531
5953,1.0,0.7853981853,0.0,0.0,1.0,1.0,0.2837729487,0.3822565895,0.05509567261,0.05812287331
5954,1.0,0.7853981853,0.0,0.0,1.0,1.0,0.2813360232,0.3611265018,0.05484676361,0.05605882406
5955,1.0,0.7853981853,0.0,0.0,1.0,1.0,0.2772840885,0.3405504741,0.05271524191,0.05329453945
5956,1.0,0.7853981853,0.0,0.0,1.0,1.0,0.2868913636,0.3518636642,0.05174505711,0.05286997557
5957,1.0,0.0,0.0,0.0,1.0,1.0,0.2909175321,0.3569438367,0.05430614948,0.05547404289
5958,1.0,0.0,0.0,0.0,1.0,1.0,0.2333638812,0.2461032133,0.04312795401,0.03896391392
5959,1.0,0.0,0.0,0.0,1.0,1.0,0.1282236016,0.06851010244,0.02172267437,0.01011741161
5960,1.0,0.0,0.0,0.0,1.0,1.0,0.2282057279,0.2235593798,0.03789287806,0.03291428089
5961,1.0,0.0,0.0,0.0,1.0,1.0,0.2894385188,0.3181679088,0.04898822308,0.04790562391
5962,1.0,0.0,0.0,0.0,1.0,1.0,0.3218269548,0.3473237233,0.05445957184,0.05363851786
5963,1.0,0.0,0.0,0.0,1.0,1.0,0.3336821608,0.3492858494,0.05563408136,0.0540292263
5964,1.0,0.0,0.0,0.0,1.0,1.0,0.3110429012,0.3246490614,0.0519323349,0.05035066605
5965,1.0,0.0,0.0,0.0,1.0,1.0,0.3283652097,0.3376491375,0.05533009768,0.05371850729
5966,1.0,0.0,0.0,0.0,1.0,1.0,0.3045300684,0.2991523551,0.05110365152,0.04784166813
5967,1.0,0.0,0.0,0.0,1.0,1.0,0.2111258401,0.1518584896,0.03512197733,0.02435874939
5968,1.0,0.0,0.0,0.0,1.0,1.0,0.1530832553,0.0817727126,0.02495372295,0.01290714741
5969,1.0,0.0,0.0,0.0,1.0,1.0,0.2337677229,0.1788474553,0.03955364227,0.0292353034
5970,1.0,0.0,0.0,0.0,1.0,1.0,0.2839137547,0.2549252895,0.04696846008,0.04099559784
5971,1.0,0.0,0.0,0.0,1.0,1.0,0.304249094,0.2860354341,0.05025118589,0.04592847824
5972,1.0,0.0,0.0,0.0,1.0,1.0,0.3111167064,0.2948351843,0.05284374952,0.04846286774
5973,1.0,0.0,0.0,0.0,1.0,1.0,0.3250609479,0.3014982535,0.05478554964,0.04933428764
5974,1.0,0.0,0.0,0.0,1.0,1.0,0.3294338287,0.3096632407,0.05642271042,0.05151641369
5975,1.0,0.0,0.0,0.0,1.0,1.0,0.3363353963,0.3125290645,0.05731660128,0.05215537548
5976,1.0,0.0,0.0,0.0,1.0,1.0,0.3395849476,0.3080248355,0.05876880884,0.05236274004
5977,1.0,0.0,0.0,0.0,1.0,1.0,0.3401326345,0.3145787838,0.05982410908,0.05443716049
5978,1.0,0.0,0.0,0.0,1.0,1.0,0.3411173135,0.3145784347,0.06171804667,0.05537319183
5979,1.0,0.0,0.0,0.0,1.0,1.0,0.3443590504,0.3139694109,0.06196576357,0.05504864454
5980,1.0,0.0,0.0,0.0,1.0,1.0,0.3475622689,0.3180042939,0.06219524145,0.05617636442
5981,1.0,0.0,0.0,0.0,1.0,1.0,0.3383934417,0.3143406457,0.062512815,0.05669772625
5982,1.0,0.0,0.0,0.0,1.0,1.0,0.3336769439,0.3043901631,0.05931890011,0.05282205343
5983,1.0,0.0,0.0,0.0,1.0,1.0,0.3336771287,0.303752101,0.05934971571,0.05256688595
5984,1.0,0.0,0.0,0.0,1.0,1.0,0.3331472486,0.3047479307,0.06101149321,0.054297328
5985,1.0,0.0,0.0,0.0,1.0,1.0,0.33420829,0.3113014905,0.05869209766,0.05310237408
5986,1.0,0.0,0.0,0.0,1.0,1.0,0.3320931092,0.3096631245,0.05916333199,0.05324697495
5987,1.0,0.0,0.0,0.0,1.0,1.0,0.3342032261,0.3086510622,0.05840313435,0.05231368542
5988,1.0,0.0,0.0,0.0,1.0,1.0,0.3368198621,0.3147593138,0.06051021814,0.05485504866
5989,1.0,0.0,0.0,0.0,1.0,1.0,0.3331473151,0.3076459139,0.0585514307,0.05244654417
5990,1.0,0.0,0.0,0.0,1.0,1.0,0.3419966169,0.3218267813,0.06244158745,0.05673915148
5991,1.0,0.0,0.0,0.0,1.0,1.0,0.3394038204,0.3163819148,0.0591750741,0.05317574739
5992,1.0,0.0,0.0,0.0,1.0,1.0,0.3331473198,0.3141569615,0.06077688932,0.05507016182
5993,1.0,0.0,0.0,0.0,1.0,1.0,0.3246593843,0.3054772157,0.05673360825,0.05117148161
5994,1.0,0.0,0.0,0.0,1.0,1.0,0.3252902756,0.3086511563,0.05798220634,0.05294024944
5995,1.0,0.0,0.0,0.0,1.0,1.0,0.3195708926,0.3043904073,0.05695009232,0.05220425129
5996,1.0,0.0,0.0,0.0,1.0,1.0,0.3269205499,0.3121235124,0.05775952339,0.05308371782
5997,1.0,0.0,0.0,0.0,1.0,1.0,0.3017183432,0.2776227579,0.05354166031,0.04740667343
5998,1.0,0.0,0.0,0.0,1.0,1.0,0.2655521218,0.2158262722,0.04650497437,0.03664028645
5999,1.0,0.0,0.0,0.0,1.0,1.0,0.1881304102,0.1422815348,0.03164875507,0.02317136526
6000,1.0,0.0,0.0,0.0,1.0,1.0,0.2264745465,0.1682561144,0.0390406847,0.02829033136
6001,1.0,0.0,0.0,0.0,1.0,1.0,0.2759294244,0.2333135497,0.04801875353,0.03936421871
6002,1.0,0.0,0.0,0.0,1.0,1.0,0.3031482285,0.2752562326,0.05199408531,0.04549485445
6003,1.0,0.0,0.0,0.0,1.0,1.0,0.3174329241,0.3024628997,0.05554068089,0.05059152842
6004,1.0,0.0,0.0,0.0,1.0,1.0,0.3200107543,0.3028110357,0.05555027723,0.05007731915
6005,1.0,0.0,0.0,0.0,1.0,1.0,0.3178606501,0.3054771514,0.05481052399,0.05017477274
6006,1.0,0.0,0.0,0.0,1.0,1.0,0.3233490206,0.3098918161,0.05667972565,0.05179816484
6007,1.0,0.0,0.0,0.0,1.0,1.0,0.3117379682,0.298513362,0.05394667387,0.04906713963
6008,1.0,0.0,0.0,0.0,1.0,1.0,0.3113526852,0.3073942579,0.05492901802,0.05135864019
6009,1.0,0.0,0.0,0.0,1.0,1.0,0.3185723165,0.3137781903,0.05606859922,0.05194586515
6010,1.0,0.0,0.0,0.0,1.0,1.0,0.3185719491,0.3137784195,0.05600517988,0.05188721418
6011,1.0,0.0,0.0,0.0,1.0,1.0,0.3160230243,0.3166548443,0.05665838718,0.05358821154
6012,1.0,0.0,0.0,0.0,1.0,1.0,0.3160230217,0.3193579615,0.057041049,0.05423110723
6013,1.0,0.0,0.0,0.0,1.0,1.0,0.3104446405,0.3058495221,0.05446201563,0.05084979534
6014,1.0,0.0,0.0,0.0,1.0,1.0,0.3044552934,0.2991638194,0.05278164148,0.04946547747
6015,1.0,0.0,0.0,0.0,1.0,1.0,0.3077646291,0.3011563653,0.05445635319,0.0510879159
6016,1.0,0.0,0.0,0.0,1.0,1.0,0.3072766011,0.2985132138,0.0535505414,0.04996216297
6017,1.0,0.0,0.0,0.0,1.0,1.0,0.3064325662,0.2981937272,0.05423462391,0.05061894655
6018,1.0,0.0,0.0,0.0,1.0,1.0,0.3122274184,0.309662907,0.05539679527,0.05261301994
6019,1.0,0.0,0.0,0.0,1.0,1.0,0.3015694585,0.3021565173,0.05327171087,0.05076146126
6020,1.0,0.0,0.0,0.0,1.0,1.0,0.2993575676,0.2952143867,0.05271351337,0.04992437363
6021,1.0,0.0,0.0,0.0,1.0,1.0,0.3080041124,0.3024626924,0.05511897802,0.05174434185
6022,1.0,0.0,0.0,0.0,1.0,1.0,0.311042607,0.309037805,0.05515533686,0.0526355505
6023,1.0,0.0,0.0,0.0,1.0,1.0,0.3042464466,0.3008187126,0.05462956429,0.05179899931
6024,1.0,0.0,0.0,0.0,1.0,1.0,0.3063059456,0.2975312325,0.05403113365,0.05041050911
6025,1.0,0.0,0.0,0.0,1.0,1.0,0.3080041772,0.3096632129,0.05540639162,0.05342757702
6026,1.0,0.0,0.0,0.0,1.0,1.0,0.2998324744,0.2965556216,0.05338466167,0.05032616854
6027,1.0,0.0,0.0,0.0,1.0,1.0,0.2952538539,0.2915036065,0.05183583498,0.04850941896
6028,1.0,0.0,0.0,0.0,1.0,1.0,0.2466362716,0.2166026145,0.04304111004,0.03572696447
6029,1.0,0.0,0.0,0.0,1.0,1.0,0.1572550982,0.1098288088,0.02580726147,0.01720482111
6030,1.0,0.0,0.0,0.0,1.0,1.0,0.1604042516,0.1300387371,0.02614444494,0.02011108398
6031,1.0,0.0,0.0,0.0,1.0,1.0,0.1568789489,0.1314082934,0.02561736107,0.02043634653
6032,1.0,0.0,0.0,0.0,1.0,1.0,0.1454666929,0.1126644471,0.02444982529,0.01783400774
6033,1.0,0.0,0.0,0.0,1.0,1.0,0.2202719184,0.1884760337,0.0377445817,0.03070265055
6034,1.0,0.0,0.0,0.0,1.0,1.0,0.2661992445,0.2608714001,0.04594814777,0.04237133265
6035,1.0,0.0,0.0,0.0,1.0,1.0,0.2862328729,0.2934603501,0.0499330759,0.04827779531
6036,1.0,0.0,0.0,0.0,1.0,1.0,0.2922897429,0.3054771828,0.05154287815,0.05098861456
6037,1.0,0.0,0.0,0.0,1.0,1.0,0.3006194856,0.3071372745,0.05252546072,0.05087542534
6038,1.0,0.0,0.0,0.0,1.0,1.0,0.309686029,0.3156133405,0.0541383028,0.05249780416
6039,1.0,0.0,0.0,0.0,1.0,1.0,0.3054723382,0.3150054808,0.05370360613,0.05260193348
6040,1.0,0.0,0.0,0.0,1.0,1.0,0.3059517063,0.3123255821,0.05425029993,0.05285924673
6041,1.0,0.0,0.0,0.0,1.0,1.0,0.3073995758,0.3160488063,0.05338066816,0.05228567123
6042,1.0,0.0,0.0,0.0,1.0,1.0,0.2955424928,0.2955162401,0.05178850889,0.04956108332
6043,1.0,0.0,0.0,0.0,1.0,1.0,0.2905170339,0.2879186625,0.05024892092,0.04751801491
6044,1.0,0.0,0.0,0.0,1.0,1.0,0.2715525287,0.2532371781,0.04810357094,0.04269552231
6045,1.0,0.0,0.0,0.0,1.0,1.0,0.2724285682,0.2549252058,0.04685091972,0.04186087847
6046,1.0,0.0,0.0,0.0,1.0,1.0,0.2754873287,0.2581890663,0.0475242734,0.04282706976
6047,1.0,0.0,0.0,0.0,1.0,1.0,0.2722837888,0.2548575482,0.04739326239,0.04265391827
6048,1.0,0.0,0.0,0.0,1.0,1.0,0.2683391558,0.2448631247,0.04680204391,0.04119694233
6049,1.0,0.0,0.0,0.0,1.0,1.0,0.275652296,0.2431973685,0.04770171642,0.04072779417
6050,1.0,0.0,0.0,0.0,1.0,1.0,0.2675923667,0.2440111159,0.04570066929,0.04019463062
6051,1.0,0.0,0.0,0.0,1.0,1.0,0.2559351556,0.2282060852,0.04404711723,0.03819274902
6052,1.0,0.0,0.0,0.0,1.0,1.0,0.2543148904,0.2265403045,0.04331195354,0.0375186801
6053,1.0,0.0,0.0,0.0,1.0,1.0,0.2539297454,0.216322068,0.04304093122,0.03559154272
6054,1.0,0.0,0.0,0.0,1.0,1.0,0.2539565301,0.2194718558,0.04307854176,0.03613036871
