frame_index,face_detected,yaw,pitch,roll,left_eye_valid,right_eye_valid,left_eye_aspect_ratio,right_eye_aspect_ratio,left_eyelid_gap_ratio,right_eyelid_gap_ratio
0,1.0,0.0,0.0,0.0,1.0,1.0,0.1708446552,0.1445183498,0.0271897316,0.022567451
1,1.0,0.0,0.0,0.0,1.0,1.0,0.1617982625,0.1430234739,0.02602386475,0.02249979973
2,1.0,0.0,0.0,0.0,1.0,1.0,0.1614744642,0.1383309282,0.02591121197,0.02181994915
3,1.0,0.0,0.0,0.0,1.0,1.0,0.166290873,0.1417890817,0.0265314579,0.02219974995
4,1.0,0.0,0.0,0.0,1.0,1.0,0.1625802001,0.138811241,0.02565133572,0.0216011405
5,1.0,0.0,0.0,0.0,1.0,1.0,0.1545528672,0.1275511333,0.02456963062,0.01992869377
6,1.0,0.0,0.0,0.0,1.0,1.0,0.1513785027,0.1327928098,0.02405077219,0.02077108622
7,1.0,0.0,0.0,0.0,1.0,1.0,0.1487061255,0.1324346528,0.02346771955,0.02046597004
8,1.0,0.0,0.0,0.0,1.0,1.0,0.1506007354,0.1310457619,0.02413535118,0.02056992054
9,1.0,0.0,0.0,0.0,1.0,1.0,0.1538934221,0.1284491147,0.02431690693,0.01994526386
10,1.0,0.0,0.0,0.0,1.0,1.0,0.1516393862,0.1319684859,0.02431595325,0.02072381973
11,1.0,0.0,0.0,0.0,1.0,1.0,0.1499164853,0.1262452306,0.02366346121,0.01958352327
12,1.0,0.0,0.0,0.0,1.0,1.0,0.1520521285,0.1345400007,0.02412086725,0.02086853981
13,1.0,0.0,0.0,0.0,1.0,1.0,0.1560022077,0.1327927678,0.02490031719,0.02079582214
14,1.0,0.0,0.0,0.0,1.0,1.0,0.1517923783,0.1340715073,0.02435004711,0.02106690407
15,1.0,0.0,0.0,0.0,1.0,1.0,0.1513784366,0.1332589067,0.02407163382,0.02078914642
16,1.0,0.0,0.0,0.0,1.0,1.0,0.1545528072,0.1315056222,0.02452808619,0.02044010162
17,1.0,0.0,0.0,0.0,1.0,1.0,0.1588856564,0.1305890279,0.02557116747,0.02062189579
18,1.0,0.0,0.0,0.0,1.0,1.0,0.1517924338,0.1327930438,0.02416992188,0.02063947916
19,1.0,0.0,0.0,0.0,1.0,1.0,0.1561094239,0.1336060365,0.02497720718,0.02090489864
20,1.0,0.0,0.0,0.0,1.0,1.0,0.1549389992,0.1340715932,0.02479797602,0.02098292112
21,1.0,0.0,0.0,0.0,1.0,1.0,0.1523119693,0.1350124519,0.02418768406,0.02092647552
22,1.0,0.0,0.0,0.0,1.0,1.0,0.1520519907,0.1350122969,0.02401602268,0.02077788115
23,1.0,0.0,0.0,0.0,1.0,1.0,0.1540237022,0.1332588397,0.02445352077,0.02064961195
24,1.0,0.0,0.0,0.0,1.0,1.0,0.1537605252,0.1302090791,0.02471983433,0.02032518387
25,1.0,0.0,0.0,0.0,1.0,1.0,0.1520517068,0.1319686633,0.02420604229,0.02039837837
26,1.0,0.0,0.0,0.0,1.0,1.0,0.1488892089,0.1302093453,0.02357554436,0.02005285025
27,1.0,0.0,0.0,0.0,1.0,1.0,0.1691361728,0.1358126776,0.02712494135,0.02137118578
28,1.0,0.0,0.0,0.0,1.0,1.0,0.1605942737,0.1310457162,0.02553141117,0.02037078142
29,1.0,0.0,0.0,0.0,1.0,1.0,0.165140107,0.1319685641,0.02635931969,0.02059322596
30,1.0,0.0,0.0,0.0,1.0,1.0,0.1645736552,0.1315056546,0.02616047859,0.02043789625
31,1.0,0.0,0.0,0.0,1.0,1.0,0.1645734061,0.1350123145,0.02630376816,0.02109783888
32,1.0,0.0,0.0,0.0,1.0,1.0,0.1614745632,0.1354877897,0.02586823702,0.02096688747
33,1.0,0.0,0.0,0.0,1.0,1.0,0.1625807778,0.1372473478,0.02612030506,0.02144610882
34,1.0,0.0,0.0,0.0,1.0,1.0,0.1688478504,0.1425261758,0.02707839012,0.02215504646
35,1.0,0.0,0.0,0.0,1.0,1.0,0.172258723,0.146561477,0.02787846327,0.0229100585
36,1.0,0.0,0.0,0.0,1.0,1.0,0.1680021987,0.1359662874,0.02710747719,0.02129870653
37,1.0,0.0,0.0,0.0,1.0,1.0,0.1742619346,0.1420257815,0.02797693014,0.02221691608
38,1.0,0.0,0.0,0.0,1.0,1.0,0.1790807659,0.1432765303,0.02872288227,0.02243119478
39,1.0,0.0,0.0,0.0,1.0,1.0,0.1872888764,0.1520133311,0.03022831678,0.02390789986
40,1.0,0.0,0.0,0.0,1.0,1.0,0.1906942925,0.1555074057,0.03065818548,0.02436226606
41,1.0,0.0,0.0,0.0,1.0,1.0,0.1917435557,0.1607495132,0.03120577335,0.02540647984
42,1.0,0.0,0.0,0.0,1.0,1.0,0.1992129991,0.168308723,0.03221672773,0.02648323774
43,1.0,0.0,0.0,0.0,1.0,1.0,0.196168256,0.1665734261,0.0314592123,0.02603513002
44,1.0,0.0,0.0,0.0,1.0,1.0,0.1795605786,0.1542999236,0.02912735939,0.02418124676
45,1.0,0.0,0.0,0.0,1.0,1.0,0.1832591189,0.1577131251,0.02972298861,0.02449393272
46,1.0,0.0,0.0,0.0,1.0,1.0,0.183570752,0.1571561859,0.02961695194,0.02440661192
47,1.0,0.0,0.0,0.0,1.0,1.0,0.1860215362,0.1578067078,0.03014707565,0.02466577291
48,1.0,0.0,0.0,0.0,1.0,1.0,0.1894033709,0.1624969369,0.0306546092,0.02545434237
49,1.0,0.0,0.0,0.0,1.0,1.0,0.1811068674,0.1607495148,0.0294701457,0.02510422468
50,1.0,0.0,0.0,0.0,1.0,1.0,0.1843301007,0.1618811293,0.03002357483,0.02534097433
51,1.0,0.0,0.0,0.0,1.0,1.0,0.1884470115,0.1607491814,0.03071039915,0.0252263546
52,1.0,0.0,0.0,0.0,1.0,1.0,0.1809480292,0.1548430836,0.02929842472,0.02409589291
53,1.0,0.0,0.0,0.0,1.0,1.0,0.1821808676,0.1566026974,0.02947324514,0.02451515198
54,1.0,0.0,0.0,0.0,1.0,1.0,0.1818711205,0.1548427958,0.02923583984,0.02404439449
55,1.0,0.0,0.0,0.0,1.0,1.0,0.1798657738,0.1530834637,0.02890706062,0.02372556925
56,1.0,0.0,0.0,0.0,1.0,1.0,0.1719655625,0.144795268,0.02781111002,0.02257925272
57,1.0,0.0,0.0,0.0,1.0,1.0,0.1693970498,0.1453090064,0.02729958296,0.02238565683
58,1.0,0.0,0.0,0.0,1.0,1.0,0.1767718127,0.1483271838,0.02844071388,0.02297139168
59,1.0,0.0,0.0,0.0,1.0,1.0,0.1662908082,0.1422692426,0.02667081356,0.02177208662
60,1.0,0.0,0.0,0.0,1.0,1.0,0.1761729238,0.1483269152,0.02863770723,0.02313041687
61,1.0,0.0,0.0,0.0,1.0,1.0,0.1781687187,0.1523972708,0.0287707448,0.02356463671
62,1.0,0.0,0.0,0.0,1.0,1.0,0.168273341,0.145308947,0.02713567019,0.02247601748
63,1.0,0.0,0.0,0.0,1.0,1.0,0.1691363757,0.1488530232,0.02723670006,0.02310991287
64,1.0,0.0,0.0,0.0,1.0,1.0,0.1696843794,0.1430296268,0.02733695507,0.02214294672
65,1.0,0.0,0.0,0.0,1.0,1.0,0.1733722887,0.1495641512,0.0277634263,0.02313619852
66,1.0,0.0,0.0,0.0,1.0,1.0,0.1828038657,0.1589218074,0.02939516306,0.02472490072
67,1.0,0.0,0.0,0.0,1.0,1.0,0.1859027134,0.1601219916,0.02975475788,0.02484118938
68,1.0,0.0,0.0,0.0,1.0,1.0,0.1773755791,0.1630668709,0.02843910456,0.02543109655
69,1.0,0.0,0.0,0.0,1.0,1.0,0.1843794271,0.1642440247,0.0294085741,0.02583563328
70,1.0,0.0,0.0,0.0,1.0,1.0,0.186859782,0.1642440266,0.03021842241,0.02605992556
71,1.0,0.0,0.0,0.0,1.0,1.0,0.1744787927,0.1579874737,0.02800816298,0.02501702309
72,1.0,0.0,0.0,0.0,1.0,1.0,0.1806424507,0.1654365048,0.02875345945,0.02606618404
73,1.0,0.0,0.0,0.0,1.0,1.0,0.1860213103,0.1711372884,0.03006100655,0.02732819319
74,1.0,0.0,0.0,0.0,1.0,1.0,0.1867646903,0.1660146978,0.02977442741,0.02655553818
75,1.0,0.0,0.0,0.0,1.0,1.0,0.1881304284,0.1632087526,0.03016096354,0.02612155676
76,1.0,0.0,0.0,0.0,1.0,1.0,0.1843300095,0.1643151933,0.02922677994,0.026009202
77,1.0,0.0,0.0,0.0,1.0,1.0,0.192135663,0.1632421878,0.03059452772,0.02630054951
78,1.0,0.0,0.0,0.0,1.0,1.0,0.1894915979,0.1609841838,0.0303170681,0.02575612068
79,1.0,0.0,0.0,0.0,1.0,1.0,0.1855151428,0.1537603709,0.02926069498,0.02425211668
80,1.0,0.0,0.0,0.0,1.0,1.0,0.1918123136,0.1593072528,0.03018993139,0.02515828609
81,1.0,0.0,0.0,0.0,1.0,1.0,0.1971919611,0.1682563212,0.03136205673,0.02680516243
82,1.0,0.0,0.0,0.0,1.0,1.0,0.2086373772,0.1732365805,0.03308224678,0.02774643898
83,1.0,0.0,0.0,0.0,1.0,1.0,0.2099665784,0.172661346,0.03325557709,0.02766871452
84,1.0,0.0,0.0,0.0,1.0,1.0,0.2234049796,0.1824637434,0.03589057922,0.02995371819
85,1.0,0.0,0.0,0.0,1.0,1.0,0.2298543884,0.1959039257,0.03666162491,0.03204500675
86,1.0,0.0,0.0,0.0,1.0,1.0,0.2485833991,0.2189413226,0.0399338007,0.03583103418
87,1.0,0.0,0.0,0.0,1.0,1.0,0.2443455027,0.2134572547,0.03922361135,0.03513789177
88,1.0,0.0,0.0,0.0,1.0,1.0,0.2481722416,0.2174866323,0.03954184055,0.03523796797
89,1.0,0.0,0.0,0.0,1.0,1.0,0.2519743531,0.2224670603,0.04029458761,0.0362380743
90,1.0,0.0,0.0,0.0,1.0,1.0,0.2477534559,0.2184212066,0.03964740038,0.03560179472
91,1.0,0.0,0.0,0.0,1.0,1.0,0.2269916958,0.1959037544,0.03593015671,0.03163999319
92,1.0,0.0,0.0,0.0,1.0,1.0,0.2486090739,0.231778248,0.03917831182,0.0370747447
93,1.0,0.0,0.0,0.0,1.0,1.0,0.3056544319,0.2909769998,0.05045890808,0.04912406206
94,1.0,0.0,0.0,0.0,1.0,1.0,0.3203337186,0.3083722639,0.05203956366,0.05073863268
95,1.0,0.0,0.0,0.0,1.0,1.0,0.3203339729,0.3067907373,0.0532348752,0.05163782835
96,1.0,0.0,0.0,0.0,1.0,1.0,0.2876682262,0.2718353491,0.04638421535,0.04426383972
97,1.0,0.0,0.0,0.0,1.0,1.0,0.237325634,0.212002873,0.03846514225,0.03413105011
98,1.0,0.0,0.0,0.0,1.0,1.0,0.1760675675,0.1340715444,0.02824860811,0.02132493258
99,1.0,0.0,0.0,0.0,1.0,1.0,0.1745601322,0.1332590334,0.02806359529,0.02091014385
100,1.0,0.0,0.0,0.0,1.0,1.0,0.2397310603,0.2178714709,0.03898978233,0.03459656239
101,1.0,0.0,0.0,0.0,1.0,1.0,0.2948108667,0.2905354135,0.05074477196,0.04879307747
102,1.0,0.0,0.0,0.0,1.0,1.0,0.3106153451,0.31211791,0.05468267202,0.05326604843
103,1.0,0.0,0.0,0.0,1.0,1.0,0.3284105521,0.3358783525,0.05855435133,0.05770987272
104,1.0,0.0,0.0,0.0,1.0,1.0,0.3209655089,0.322667781,0.05893057585,0.05688846111
105,1.0,0.0,0.0,0.0,1.0,1.0,0.3207883335,0.33091902,0.05663669109,0.05635213852
106,1.0,0.0,0.0,0.0,1.0,1.0,0.31807776,0.3269987946,0.05777662992,0.05719006062
107,1.0,0.0,0.0,0.0,1.0,1.0,0.3141101086,0.3226677403,0.0575735569,0.05670130253
108,1.0,0.0,0.0,0.0,1.0,1.0,0.3065583021,0.3168165153,0.05757319927,0.05698567629
109,1.0,0.0,0.0,0.0,1.0,1.0,0.3045916406,0.3121178618,0.05684739351,0.05566304922
110,1.0,0.0,0.0,0.0,1.0,1.0,0.3056931592,0.3131583928,0.05710285902,0.05562347174
111,1.0,0.0,0.0,0.0,1.0,1.0,0.3023789637,0.315260339,0.05629700422,0.05570441484
112,1.0,0.0,0.0,0.0,1.0,1.0,0.2901603773,0.2937549274,0.05325567722,0.05148053169
113,1.0,0.0,0.0,0.0,1.0,1.0,0.2995123175,0.3085525374,0.05496001244,0.05407828093
114,1.0,0.0,0.0,0.0,1.0,1.0,0.2939535229,0.3025068758,0.0556897521,0.05448567867
115,1.0,0.0,0.0,0.0,1.0,1.0,0.2932970669,0.2984910635,0.05465048552,0.05286842585
116,1.0,0.0,0.0,0.0,1.0,1.0,0.2998324515,0.3054770289,0.05585730076,0.05437958241
117,1.0,0.0,0.0,0.0,1.0,1.0,0.3082540829,0.3133564979,0.05698126554,0.05580639839
118,1.0,0.0,0.0,0.0,1.0,1.0,0.3114318118,0.3199532562,0.05780541897,0.0572155714
119,1.0,0.0,0.0,0.0,1.0,1.0,0.2987025834,0.3025068496,0.05494123697,0.0537533164
120,1.0,0.0,0.0,0.0,1.0,1.0,0.3022311206,0.3044656657,0.05636960268,0.05487835407
121,1.0,0.0,0.0,0.0,1.0,1.0,0.3118259954,0.3139694819,0.05741041899,0.05623275042
122,1.0,0.0,0.0,0.0,1.0,1.0,0.3078849954,0.3086513212,0.05679172277,0.0550442934
123,1.0,0.0,0.0,0.0,1.0,1.0,0.316358697,0.3174122817,0.05818343163,0.05644661188
124,1.0,0.0,0.0,0.0,1.0,1.0,0.3080090733,0.3123258118,0.05675768852,0.05558747053
125,1.0,0.0,0.0,0.0,1.0,1.0,0.3128402475,0.3218542677,0.05784416199,0.05784416199
126,1.0,0.0,0.0,0.0,1.0,1.0,0.2607240973,0.2578559655,0.04400938749,0.04113918543
127,1.0,0.0,0.0,0.0,1.0,1.0,0.3424530868,0.3273367317,0.06374120712,0.0585449338
128,1.0,0.0,0.0,0.0,1.0,1.0,0.3118558703,0.2852883937,0.05905038118,0.05442595482
129,1.0,0.0,0.0,0.0,1.0,1.0,0.2863365063,0.2803777917,0.0529500246,0.04957741499
130,1.0,0.0,0.0,0.0,1.0,1.0,0.2876622407,0.2891104553,0.05079036951,0.04916244745
131,1.0,0.0,0.0,0.0,1.0,1.0,0.2972794146,0.2979820363,0.05311125517,0.05245959759
132,1.0,0.0,0.0,0.0,1.0,1.0,0.3003992131,0.2971315675,0.05273604393,0.0510777235
133,1.0,0.0,0.0,0.0,1.0,1.0,0.3120786199,0.299436138,0.05961281061,0.05697178841
134,1.0,0.0,0.0,0.0,1.0,1.0,0.3151394174,0.3281748822,0.06027168036,0.06061607599
135,1.0,0.0,0.0,0.0,1.0,1.0,0.2993252687,0.3068462625,0.05631661415,0.05568027496
136,1.0,0.0,0.0,0.0,1.0,1.0,0.3093895912,0.3018116544,0.05940169096,0.05691367388
137,1.0,0.0,0.0,0.0,1.0,1.0,0.3165728624,0.312325504,0.05631840229,0.05454921722
138,1.0,0.0,0.0,0.0,1.0,1.0,0.3093115469,0.3055724791,0.05566626787,0.05416983366
139,1.0,0.0,0.0,0.0,1.0,1.0,0.3048298811,0.293754741,0.05440205336,0.05172652006
140,1.0,0.0,0.0,0.0,1.0,1.0,0.3121236768,0.3034606485,0.05733913183,0.05466520786
141,1.0,0.0,0.0,0.0,1.0,1.0,0.3132580505,0.3021964282,0.05665928125,0.05366146564
142,1.0,0.0,0.0,0.0,1.0,1.0,0.3113013665,0.2991641196,0.05726343393,0.05394822359
143,1.0,0.0,0.0,0.0,1.0,1.0,0.3144866021,0.3028611516,0.05643928051,0.05318886042
144,1.0,0.0,0.0,0.0,1.0,1.0,0.3081474835,0.2938559059,0.05620962381,0.05264079571
145,1.0,0.0,0.0,0.0,1.0,1.0,0.3080248166,0.2958215275,0.05591225624,0.05264079571
146,1.0,0.0,0.0,0.0,1.0,1.0,0.3111936051,0.3001681158,0.05586963892,0.05291360617
147,1.0,0.0,0.0,0.0,1.0,1.0,0.3018116149,0.2877181091,0.05366456509,0.05014556646
148,1.0,0.0,0.0,0.0,1.0,1.0,0.2954013489,0.2776227552,0.05316454172,0.04873418808
149,1.0,0.0,0.0,0.0,1.0,1.0,0.3045301177,0.2898382497,0.05591160059,0.05174797773
150,1.0,0.0,0.0,0.0,1.0,1.0,0.2983652899,0.2833987573,0.05437362194,0.05021387339
151,1.0,0.0,0.0,0.0,1.0,1.0,0.2944346779,0.2750145593,0.05313640833,0.04841321707
152,1.0,0.0,0.0,0.0,1.0,1.0,0.2818098612,0.253236686,0.05066138506,0.0441814065
153,1.0,0.0,0.0,0.0,1.0,1.0,0.2431975878,0.2097803576,0.04372954369,0.03684061766
154,1.0,0.0,0.0,0.0,1.0,1.0,0.2077204708,0.1741187461,0.03610724211,0.02959609032
155,1.0,0.0,0.0,0.0,1.0,1.0,0.2151340842,0.181559465,0.03732830286,0.03086197376
156,1.0,0.0,0.0,0.0,1.0,1.0,0.2566134501,0.2220981199,0.04481357336,0.03773772717
157,1.0,0.0,0.0,0.0,1.0,1.0,0.2886899708,0.2670922723,0.05157768726,0.04675173759
158,1.0,0.0,0.0,0.0,1.0,1.0,0.3048299639,0.2855548395,0.0547503233,0.05026257038
159,1.0,0.0,0.0,0.0,1.0,1.0,0.3062538564,0.285075632,0.05540418625,0.05063825846
160,1.0,0.0,0.0,0.0,1.0,1.0,0.3124278611,0.3001680511,0.05743682384,0.05382823944
161,1.0,0.0,0.0,0.0,1.0,1.0,0.3091565002,0.2915036075,0.055996418,0.05184847116
162,1.0,0.0,0.0,0.0,1.0,1.0,0.3129402019,0.2948352264,0.05591982603,0.05182093382
163,1.0,0.0,0.0,0.0,1.0,1.0,0.3130388191,0.2998324751,0.05714589357,0.05357426405
164,1.0,0.0,0.0,0.0,1.0,1.0,0.3086511656,0.2961310947,0.05530261993,0.05149877071
165,1.0,0.0,0.0,0.0,1.0,1.0,0.3134540695,0.2961309316,0.05632615089,0.05190259218
166,1.0,0.0,0.0,0.0,1.0,1.0,0.3133562006,0.302552201,0.05581992865,0.05229449272
167,1.0,0.0,0.0,0.0,1.0,1.0,0.312528979,0.2924791736,0.05737143755,0.05229175091
168,1.0,0.0,0.0,0.0,1.0,1.0,0.3175647611,0.3048298395,0.05805695057,0.05393105745
169,1.0,0.0,0.0,0.0,1.0,1.0,0.3179301849,0.2994961994,0.05742269754,0.05241662264
170,1.0,0.0,0.0,0.0,1.0,1.0,0.3107921092,0.2981389397,0.05605238676,0.05192226171
171,1.0,0.0,0.0,0.0,1.0,1.0,0.2990066365,0.283855313,0.05344474316,0.04931092262
172,1.0,0.0,0.0,0.0,1.0,1.0,0.2929960126,0.2836254583,0.05360865593,0.05003476143
173,1.0,0.0,0.0,0.0,1.0,1.0,0.2944343988,0.2892223015,0.05368834734,0.05040746927
174,1.0,0.0,0.0,0.0,1.0,1.0,0.3006452236,0.2981387978,0.05526566505,0.05257707834
175,1.0,0.0,0.0,0.0,1.0,1.0,0.2908343269,0.291083401,0.0542140007,0.05181783438
176,1.0,0.0,0.0,0.0,1.0,1.0,0.2947073625,0.2994960406,0.05412977934,0.05236464739
177,1.0,0.0,0.0,0.0,1.0,1.0,0.2798437317,0.2870018442,0.05344337225,0.05191642046
178,1.0,0.0,0.0,0.0,1.0,1.0,0.2841864129,0.2879751815,0.05379587412,0.05137813091
179,1.0,0.0,0.0,0.0,1.0,1.0,0.2809414994,0.2889541978,0.05255663395,0.0513484478
180,1.0,0.0,0.0,0.0,1.0,1.0,0.2809414653,0.2916458603,0.05132752657,0.05044257641
181,1.0,0.0,0.0,0.0,1.0,1.0,0.2806876411,0.2998328042,0.05211722851,0.05241847038
182,1.0,0.0,0.0,0.0,1.0,1.0,0.2830134241,0.2998325519,0.05204987526,0.05175244808
183,1.0,0.0,0.0,0.0,1.0,1.0,0.2853221404,0.3012256391,0.05229860544,0.05170089006
184,1.0,0.0,0.0,0.0,1.0,1.0,0.2727233473,0.2935421978,0.05044549704,0.05074757338
185,1.0,0.0,0.0,0.0,1.0,1.0,0.285086679,0.3022787856,0.05280023813,0.05249679089
186,1.0,0.0,0.0,0.0,1.0,1.0,0.2865067166,0.3112144991,0.05173921585,0.05264168978
187,1.0,0.0,0.0,0.0,1.0,1.0,0.2789140897,0.2994779473,0.05085611343,0.05115878582
188,1.0,0.0,0.0,0.0,1.0,1.0,0.2803108407,0.3030223773,0.05013680458,0.05103212595
189,1.0,0.0,0.0,0.0,1.0,1.0,0.2772538398,0.3047942717,0.05146598816,0.05300688744
190,1.0,0.0,0.0,0.0,1.0,1.0,0.2884294477,0.3112141784,0.05200630426,0.05291342735
191,1.0,0.0,0.0,0.0,1.0,1.0,0.2819795013,0.3030218704,0.04977738857,0.05036640167
192,1.0,0.0,0.0,0.0,1.0,1.0,0.2784515184,0.3030224083,0.05101519823,0.05192619562
193,1.0,0.0,0.0,0.0,1.0,1.0,0.2839324608,0.3025992325,0.05259764194,0.05259764194
194,1.0,0.0,0.0,0.0,1.0,1.0,0.2832558739,0.3039539715,0.0525547266,0.05285328627
195,1.0,0.0,0.0,0.0,1.0,1.0,0.2846411595,0.3091059269,0.05302727222,0.05362308025
196,1.0,0.0,0.0,0.0,1.0,1.0,0.2873792747,0.315974676,0.05420148373,0.05540597439
197,1.0,0.0,0.0,0.0,1.0,1.0,0.2876206086,0.3140605953,0.05322945118,0.05382418633
198,1.0,0.0,0.0,0.0,1.0,1.0,0.2837126146,0.3101717329,0.05286121368,0.0540626049
199,1.0,0.0,0.0,0.0,1.0,1.0,0.2850973966,0.309758601,0.05315881968,0.05405473709
200,1.0,0.0,0.0,0.0,1.0,1.0,0.2855549026,0.3080470586,0.05252504349,0.05311518908
201,1.0,0.0,0.0,0.0,1.0,1.0,0.2917726792,0.320026724,0.05444127321,0.05624592304
202,1.0,0.0,0.0,0.0,1.0,1.0,0.2917030819,0.3167725069,0.05534076691,0.05655044317
203,1.0,0.0,0.0,0.0,1.0,1.0,0.2955423867,0.3152603143,0.05508702993,0.05567938089
204,1.0,0.0,0.0,0.0,1.0,1.0,0.2890147288,0.293754833,0.0539944768,0.05248624086
205,1.0,0.0,0.0,0.0,1.0,1.0,0.288331688,0.2964446001,0.05338031054,0.05248063803
206,1.0,0.0,0.0,0.0,1.0,1.0,0.2913681029,0.2991525788,0.0536134243,0.05271488428
207,1.0,0.0,0.0,0.0,1.0,1.0,0.2993420529,0.3046246866,0.05440539122,0.05291891098
208,1.0,0.0,0.0,0.0,1.0,1.0,0.2975310855,0.2977787902,0.05438309908,0.05227988958
209,1.0,0.0,0.0,0.0,1.0,1.0,0.3019657869,0.3063354614,0.05460995436,0.05312597752
210,1.0,0.0,0.0,0.0,1.0,1.0,0.2903221528,0.2925193369,0.05250930786,0.05069857836
211,1.0,0.0,0.0,0.0,1.0,1.0,0.2917112168,0.2991410159,0.05309933424,0.05219423771
212,1.0,0.0,0.0,0.0,1.0,1.0,0.2970428083,0.302913301,0.05380541086,0.0526163578
213,1.0,0.0,0.0,0.0,1.0,1.0,0.2954018026,0.3005194122,0.05372816324,0.05223566294
214,1.0,0.0,0.0,0.0,1.0,1.0,0.3011347743,0.3069958185,0.05601686239,0.05450290442
215,1.0,0.0,0.0,0.0,1.0,1.0,0.2986841285,0.3001734769,0.05416870117,0.05238282681
216,1.0,0.0,0.0,0.0,1.0,1.0,0.3004855984,0.3059516919,0.0552996397,0.05409753323
217,1.0,0.0,0.0,0.0,1.0,1.0,0.302462938,0.305290312,0.05564433336,0.05413222313
218,1.0,0.0,0.0,0.0,1.0,1.0,0.2970427211,0.2950571249,0.05306142569,0.05071616173
219,1.0,0.0,0.0,0.0,1.0,1.0,0.2993418933,0.3097587851,0.0549723506,0.05437159538
220,1.0,0.0,0.0,0.0,1.0,1.0,0.296608384,0.305951522,0.05389142036,0.05271989107
221,1.0,0.0,0.0,0.0,1.0,1.0,0.2979104067,0.3025517979,0.05623960495,0.05382066965
222,1.0,0.0,0.0,0.0,1.0,1.0,0.2837125056,0.2877700643,0.05291986465,0.05021369457
223,1.0,0.0,0.0,0.0,1.0,1.0,0.2821005838,0.2949739464,0.05224007368,0.05074745417
224,1.0,0.0,0.0,0.0,1.0,1.0,0.2887634023,0.2953677335,0.05376183987,0.05137240887
225,1.0,0.0,0.0,0.0,1.0,1.0,0.286247964,0.2956826773,0.05260211229,0.05081897974
226,1.0,0.0,0.0,0.0,1.0,1.0,0.2869366603,0.2956826311,0.05224096775,0.05018651485
227,1.0,0.0,0.0,0.0,1.0,1.0,0.2853248576,0.297084994,0.05259227753,0.05140370131
228,1.0,0.0,0.0,0.0,1.0,1.0,0.2940480635,0.3046245189,0.05420953035,0.05272841454
229,1.0,0.0,0.0,0.0,1.0,1.0,0.3036277695,0.3163216549,0.05686098337,0.05567640066
230,1.0,0.0,0.0,0.0,1.0,1.0,0.2931280744,0.3071375559,0.05592375994,0.0550313592
231,1.0,0.0,0.0,0.0,1.0,1.0,0.3133975752,0.321012869,0.06037372351,0.05827116966
232,1.0,0.0,0.0,0.0,1.0,1.0,0.3064435843,0.3193580206,0.05805015564,0.05687147379
233,1.0,0.0,0.0,0.0,1.0,1.0,0.3044142655,0.3189010643,0.05765640736,0.05706810951
234,1.0,0.0,0.0,0.0,1.0,1.0,0.3063060106,0.3187588779,0.05785697699,0.05726051331
235,1.0,0.0,0.0,0.0,1.0,1.0,0.3173582285,0.3238322727,0.05931323767,0.05813288689
236,1.0,0.0,0.0,0.0,1.0,1.0,0.2986282037,0.3028107737,0.05540567636,0.05451202393
237,1.0,0.0,0.0,0.0,1.0,1.0,0.3107922847,0.3142057203,0.05611038208,0.05551970005
238,1.0,0.0,0.0,0.0,1.0,1.0,0.3090219575,0.3123255999,0.0557333827,0.0557333827
239,1.0,0.0,0.0,0.0,1.0,1.0,0.3094096055,0.3084087005,0.05683219433,0.05623078346
240,1.0,0.0,0.0,0.0,1.0,1.0,0.3106819998,0.3100578093,0.05450415611,0.05421572924
241,1.0,0.0,0.0,0.0,1.0,1.0,0.3181159647,0.3168165115,0.05888164043,0.05888164043
242,1.0,0.0,0.0,0.0,1.0,1.0,0.3187100082,0.3206679236,0.05871075392,0.05931293964
243,1.0,0.0,0.0,0.0,1.0,1.0,0.3191630766,0.3092733085,0.05599588156,0.05484133959
244,1.0,0.0,0.0,0.0,1.0,1.0,0.31699637,0.31252895,0.05877906084,0.05847448111
245,1.0,0.0,0.0,0.0,1.0,1.0,0.3167362407,0.3040371817,0.05830532312,0.05679476261
246,1.0,0.0,0.0,0.0,1.0,1.0,0.3156995693,0.3052957893,0.05798763037,0.05708622932
247,1.0,0.0,0.0,0.0,1.0,1.0,0.3153539918,0.3098918038,0.05740749836,0.05710846186
248,1.0,0.0,0.0,0.0,1.0,1.0,0.3143209814,0.3092736025,0.05816227198,0.05755639076
249,1.0,0.0,0.0,0.0,1.0,1.0,0.3175182503,0.3119175637,0.05783295631,0.05723369122
250,1.0,0.0,0.0,0.0,1.0,1.0,0.3149263664,0.3072714797,0.0584295392,0.05752122402
251,1.0,0.0,0.0,0.0,1.0,1.0,0.3153577725,0.3020822411,0.05913352966,0.05701082945
252,1.0,0.0,0.0,0.0,1.0,1.0,0.3230194083,0.3119275031,0.06071460247,0.05891120434
253,1.0,0.0,0.0,0.0,1.0,1.0,0.3213639295,0.315528859,0.06248939037,0.06155204773
254,1.0,0.0,0.0,0.0,1.0,1.0,0.3083898835,0.2924412683,0.05691301823,0.05423128605
255,1.0,0.0,0.0,0.0,1.0,1.0,0.2999136073,0.2821004307,0.05497306585,0.05200153589
256,1.0,0.0,0.0,0.0,1.0,1.0,0.2941445133,0.2797789825,0.05381858349,0.05143988132
257,1.0,0.0,0.0,0.0,1.0,1.0,0.2973950136,0.2813962926,0.0558552742,0.05310827494
258,1.0,0.0,0.0,0.0,1.0,1.0,0.3014447493,0.290834472,0.05701476336,0.0551853776
259,1.0,0.0,0.0,0.0,1.0,1.0,0.2979107477,0.2866988244,0.05530267954,0.05322134495
260,1.0,0.0,0.0,0.0,1.0,1.0,0.2929958892,0.2881128162,0.05363249779,0.05273866653
261,1.0,0.0,0.0,0.0,1.0,1.0,0.2957698182,0.2871773216,0.05526679754,0.05374848843
262,1.0,0.0,0.0,0.0,1.0,1.0,0.2825045421,0.2772537454,0.05213707685,0.05062144995
263,1.0,0.0,0.0,0.0,1.0,1.0,0.2640967461,0.2515488905,0.0483044982,0.04498362541
264,1.0,0.0,0.0,0.0,1.0,1.0,0.2477816317,0.2285412212,0.043610394,0.03922009468
265,1.0,0.0,0.0,0.0,1.0,1.0,0.2494447019,0.232978109,0.04448318481,0.0409245491
266,1.0,0.0,0.0,0.0,1.0,1.0,0.251107688,0.2355587304,0.04606610537,0.04271030426
267,1.0,0.0,0.0,0.0,1.0,1.0,0.2661745937,0.2371555108,0.04719316959,0.04262602329
268,1.0,0.0,0.0,0.0,1.0,1.0,0.266999062,0.2176486087,0.04587978125,0.03874981403
269,1.0,0.0,0.0,0.0,1.0,1.0,0.2593250893,0.2027335121,0.04307079315,0.03583985567
270,1.0,0.0,0.0,0.0,1.0,1.0,0.2913430257,0.2226829915,0.04563194513,0.03837925196
271,1.0,0.0,0.0,0.0,1.0,1.0,0.2973706338,0.2351629749,0.04466193914,0.04022538662
272,1.0,0.0,0.0,0.0,1.0,1.0,0.3190138317,0.2524189517,0.04900175333,0.04590040445
273,1.0,0.0,0.0,0.0,1.0,1.0,0.3345071535,0.2591771703,0.04924160242,0.04593878984
274,1.0,0.0,0.0,0.0,1.0,1.0,0.3546735139,0.2690805573,0.05265676975,0.04900431633
275,1.0,-0.7853981853,0.0,0.0,1.0,1.0,0.3660806717,0.272125146,0.05251455307,0.0492323637
276,1.0,-0.7853981853,0.0,0.0,1.0,1.0,0.3708619688,0.2746808816,0.05312204361,0.04982066154
277,1.0,-0.7853981853,0.0,0.0,1.0,1.0,0.3628547539,0.2675275818,0.05246901512,0.0487869978
278,1.0,-0.7853981853,0.0,0.0,1.0,1.0,0.3727470445,0.2797071627,0.05186116695,0.04973816872
279,1.0,-0.7853981853,0.0,0.0,1.0,1.0,0.3967081449,0.2965752008,0.05605816841,0.05358046293
280,1.0,-0.7853981853,0.0,0.0,1.0,1.0,0.390990528,0.2970849583,0.0535274744,0.05202388763
281,1.0,-0.7853981853,0.0,0.0,1.0,1.0,0.4113388895,0.3081900153,0.05584400892,0.05342906713
282,1.0,-0.7853981853,0.0,0.0,1.0,1.0,0.4011137077,0.3029669286,0.05638158321,0.05450224876
283,1.0,-0.7853981853,0.0,0.0,1.0,1.0,0.4069314592,0.2963863938,0.05595707893,0.05288255215
284,1.0,-0.7853981853,0.0,0.0,1.0,1.0,0.4113383966,0.3177712704,0.05762988329,0.05794143677
285,1.0,-0.7853981853,0.0,0.0,1.0,1.0,0.4158749685,0.3137184499,0.05632019043,0.05541181564
286,1.0,-0.7853981853,0.0,0.0,1.0,1.0,0.4162489517,0.3137182494,0.05769401789,0.05645984411
287,1.0,-0.7853981853,0.0,0.0,1.0,1.0,0.4127160222,0.3159745118,0.05556803942,0.05526763201
288,1.0,-0.7853981853,0.0,0.0,1.0,1.0,0.4202323501,0.3172288543,0.05893695354,0.05800145864
289,1.0,-0.7853981853,0.0,0.0,1.0,1.0,0.4245417878,0.3178495455,0.05947327614,0.05792444944
290,1.0,-0.7853981853,0.0,0.0,1.0,1.0,0.4190854364,0.3143004065,0.05839073658,0.05777931213
291,1.0,-0.7853981853,0.0,0.0,1.0,1.0,0.4410580912,0.3375599323,0.06228715181,0.06259399652
292,1.0,-0.7853981853,0.0,0.0,1.0,1.0,0.4399661174,0.3511108126,0.06331056356,0.06544113159
293,1.0,-0.7853981853,0.0,0.0,1.0,1.0,0.4404675247,0.350936882,0.06442397833,0.06657147408
294,1.0,-0.7853981853,0.0,0.0,1.0,1.0,0.4304016626,0.3453487865,0.06152153015,0.06418353319
295,1.0,-0.7853981853,0.0,0.0,1.0,1.0,0.41455289,0.3363202308,0.0609831214,0.06400209665
296,1.0,-0.7853981853,0.0,0.0,1.0,1.0,0.4092363167,0.3304605483,0.05881226063,0.06058549881
297,1.0,0.0,0.0,0.0,1.0,1.0,0.4082228385,0.3428507359,0.06143242121,0.06415605545
298,1.0,0.0,0.0,0.0,1.0,1.0,0.3977779926,0.3288486059,0.05885720253,0.06033599377
299,1.0,0.0,0.0,0.0,1.0,1.0,0.3897823106,0.3165434451,0.05633622408,0.05691403151
300,1.0,0.0,0.0,0.0,1.0,1.0,0.4021425312,0.3368726051,0.06284576654,0.06500220299
301,1.0,0.0,0.0,0.0,1.0,1.0,0.3878428506,0.3228718127,0.06082171202,0.06206941605
302,1.0,0.0,0.0,0.0,1.0,1.0,0.3888405297,0.322188363,0.05664604902,0.05782616138
303,1.0,0.0,0.0,0.0,1.0,1.0,0.4009615923,0.3363816023,0.06092399359,0.06242460012
304,1.0,0.0,0.0,0.0,1.0,1.0,0.3978075001,0.3304606065,0.05981272459,0.06070101261
305,1.0,0.0,0.0,0.0,1.0,1.0,0.3879607699,0.3228716363,0.05930542946,0.05990749598
306,1.0,0.0,0.0,0.0,1.0,1.0,0.3923948271,0.3282957363,0.05949383974,0.0597884059
307,1.0,0.0,0.0,0.0,1.0,1.0,0.3955116949,0.3347644182,0.05947965384,0.06035429239
308,1.0,0.0,0.0,0.0,1.0,1.0,0.3920138158,0.3309840605,0.05970060825,0.06029176712
309,1.0,0.0,0.0,0.0,1.0,1.0,0.3974612159,0.3363816589,0.06166034937,0.06225901842
310,1.0,0.0,0.0,0.0,1.0,1.0,0.3947698849,0.3390389217,0.05869758129,0.06041556597
311,1.0,0.0,0.0,0.0,1.0,1.0,0.3905420467,0.3352758293,0.06039518118,0.06247776747
312,1.0,0.0,0.0,0.0,1.0,1.0,0.3931595378,0.3406455762,0.05920213461,0.06213283539
313,1.0,0.0,0.0,0.0,1.0,1.0,0.3880762364,0.3293979758,0.05771106482,0.05945104361
314,1.0,0.0,0.0,0.0,1.0,1.0,0.4001669546,0.3422526513,0.0591314435,0.06143903732
315,1.0,0.0,0.0,0.0,1.0,1.0,0.4044205065,0.3437570204,0.05983328819,0.06183731556
316,1.0,0.0,0.0,0.0,1.0,1.0,0.4051790993,0.3459606706,0.06109941006,0.06284511089
317,1.0,0.0,0.0,0.0,1.0,1.0,0.4009389891,0.3379521336,0.05989795923,0.06105536222
318,1.0,0.0,0.0,0.0,1.0,1.0,0.4001631653,0.3422528958,0.05791670084,0.05959552526
319,1.0,0.0,0.0,0.0,1.0,1.0,0.3861919343,0.3272365512,0.05942708254,0.06062161922
320,1.0,0.0,0.0,0.0,1.0,1.0,0.3863226715,0.3251390152,0.0579226017,0.05849897861
321,1.0,0.0,0.0,0.0,1.0,1.0,0.3770751769,0.3185920499,0.05883932114,0.05913949013
322,1.0,0.0,0.0,0.0,1.0,1.0,0.3889928916,0.3250613065,0.05891662836,0.05862498283
323,1.0,0.0,0.0,0.0,1.0,1.0,0.3519436322,0.2890543818,0.05428975821,0.05308997631
324,1.0,0.0,0.0,0.0,1.0,1.0,0.3255831506,0.2432853028,0.04833757877,0.04335737228
325,1.0,0.0,0.0,0.0,1.0,1.0,0.2733004784,0.1720352052,0.03973633051,0.03045487404
326,1.0,0.0,0.0,0.0,1.0,1.0,0.2121831736,0.1073224732,0.0317363739,0.01898247004
327,1.0,0.0,0.0,0.0,1.0,1.0,0.2261789417,0.1361365638,0.03430515528,0.02404296398
328,1.0,0.0,0.0,0.0,1.0,1.0,0.2254382794,0.1529757778,0.03510272503,0.02632701397
329,1.0,0.0,0.0,0.0,1.0,1.0,0.2564940995,0.1802270074,0.04089170694,0.03102123737
330,1.0,0.0,0.0,0.0,1.0,1.0,0.2520795084,0.1936634038,0.04023373127,0.03173363209
331,1.0,0.0,0.0,0.0,1.0,1.0,0.2529130645,0.2187393781,0.04096800089,0.03475219011
332,1.0,0.0,0.0,0.0,1.0,1.0,0.2603589387,0.2543707653,0.04362142086,0.03968143463
333,1.0,0.0,0.0,0.0,1.0,1.0,0.2605100004,0.279041254,0.04385662079,0.04220169783
334,1.0,0.0,0.0,0.0,1.0,1.0,0.2523180258,0.2896109551,0.04253566265,0.04225945473
335,1.0,0.7853981853,0.0,0.0,1.0,1.0,0.2735994202,0.3095284083,0.04607337713,0.04498922825
336,1.0,0.7853981853,0.0,0.0,1.0,1.0,0.2853244325,0.3453669225,0.04819744825,0.04874205589
337,1.0,0.7853981853,0.0,0.0,1.0,1.0,0.282309639,0.3423285916,0.04740387201,0.04740393162
338,1.0,0.7853981853,0.0,0.0,1.0,1.0,0.2803714315,0.3445656462,0.04694598913,0.04722213745
339,1.0,0.7853981853,0.0,0.0,1.0,1.0,0.2977059244,0.364715392,0.05124509335,0.050963521
340,1.0,0.7853981853,0.0,0.0,1.0,1.0,0.2855547548,0.3520303904,0.04934424162,0.04878354073
341,1.0,0.7853981853,0.0,0.0,1.0,1.0,0.2895276142,0.3589831896,0.04898619652,0.04870939255
342,1.0,0.7853981853,0.0,0.0,1.0,1.0,0.2906874971,0.3665988316,0.0486779809,0.04895144701
343,1.0,0.7853981853,0.0,0.0,1.0,1.0,0.2949172866,0.3660507806,0.04957318306,0.04902237654
344,1.0,0.7853981853,0.0,0.0,1.0,1.0,0.2917111186,0.3679950407,0.04904037714,0.04904031754
345,1.0,0.7853981853,0.0,0.0,1.0,1.0,0.2917108579,0.3695417646,0.04871481657,0.04871487617
346,1.0,0.7853981853,0.0,0.0,1.0,1.0,0.2834238473,0.3590428512,0.04851043224,0.04851037264
347,1.0,0.7853981853,0.0,0.0,1.0,1.0,0.2980215879,0.3685440322,0.05025058985,0.04914003611
348,1.0,0.7853981853,0.0,0.0,1.0,1.0,0.2962514732,0.378449502,0.05077552795,0.05049651861
349,1.0,0.7853981853,0.0,0.0,1.0,1.0,0.2799096186,0.3542327442,0.04709929228,0.0465452075
350,1.0,0.7853981853,0.0,0.0,1.0,1.0,0.2834484157,0.3626663659,0.04838132858,0.04810160398
351,1.0,0.7853981853,0.0,0.0,1.0,1.0,0.2862640504,0.3694514298,0.04806637764,0.04806631804
352,1.0,0.7853981853,0.0,0.0,1.0,1.0,0.2805740845,0.3624583476,0.04762762785,0.04762762785
353,1.0,0.7853981853,0.0,0.0,1.0,1.0,0.2841224074,0.3612702282,0.04816681147,0.04731678963
354,1.0,0.7853981853,0.0,0.0,1.0,1.0,0.2843531372,0.3594481662,0.04799729586,0.04657721519
355,1.0,0.7853981853,0.0,0.0,1.0,1.0,0.2788358956,0.3616402812,0.04712051153,0.04683667421
356,1.0,0.7853981853,0.0,0.0,1.0,1.0,0.2881726278,0.37048261,0.04873180389,0.04845005274
357,1.0,0.7853981853,0.0,0.0,1.0,1.0,0.2891785886,0.3736851927,0.04879152775,0.04822087288
358,1.0,0.7853981853,0.0,0.0,1.0,1.0,0.2843528617,0.3606679828,0.04775989056,0.04691207409
359,1.0,0.7853981853,0.0,0.0,1.0,1.0,0.2991528448,0.3704069969,0.05087137222,0.04884803295
360,1.0,0.7853981853,0.0,0.0,1.0,1.0,0.3016863701,0.3715314744,0.05099487305,0.04871577024
361,1.0,0.7853981853,0.0,0.0,1.0,1.0,0.2915739741,0.3628413516,0.04926759005,0.0475589633
362,1.0,0.7853981853,0.0,0.0,1.0,1.0,0.2855550933,0.3547799335,0.04889172316,0.04716604948
363,1.0,0.7853981853,0.0,0.0,1.0,1.0,0.2821952356,0.3526174184,0.04776906967,0.04634743929
364,1.0,0.7853981853,0.0,0.0,1.0,1.0,0.2872348405,0.3650136711,0.04884648323,0.04798948765
365,1.0,0.7853981853,0.0,0.0,1.0,1.0,0.2828931249,0.3504531003,0.04707306623,0.0456635952
366,1.0,0.7853981853,0.0,0.0,1.0,1.0,0.2948351829,0.3710374568,0.05004554987,0.04891461134
367,1.0,0.7853981853,0.0,0.0,1.0,1.0,0.2879188805,0.3615001794,0.04794871807,0.04684638977
368,1.0,0.7853981853,0.0,0.0,1.0,1.0,0.2938557213,0.3663208304,0.0486356616,0.04753655195
369,1.0,0.7853981853,0.0,0.0,1.0,1.0,0.2812997906,0.3521236781,0.0476731658,0.04683184624
370,1.0,0.7853981853,0.0,0.0,1.0,1.0,0.2890950107,0.3548435324,0.04848879576,0.0468262434
371,1.0,0.7853981853,0.0,0.0,1.0,1.0,0.2862640666,0.3479069012,0.04790091515,0.04568582773
372,1.0,0.7853981853,0.0,0.0,1.0,1.0,0.2940505104,0.3569435459,0.04951334,0.04728806019
373,1.0,0.7853981853,0.0,0.0,1.0,1.0,0.2770729895,0.3449958412,0.04614055157,0.04531663656
374,1.0,0.7853981853,0.0,0.0,1.0,1.0,0.2829547642,0.3485448913,0.04734486341,0.04596048594
375,1.0,0.7853981853,0.0,0.0,1.0,1.0,0.2785327282,0.3393935459,0.04744023085,0.04548680782
376,1.0,0.7853981853,0.0,0.0,1.0,1.0,0.2832025575,0.3435579995,0.04770964384,0.04576796293
377,1.0,0.7853981853,0.0,0.0,1.0,1.0,0.2701642316,0.3296478757,0.04566472769,0.0439838171
378,1.0,0.7853981853,0.0,0.0,1.0,1.0,0.2544336342,0.3197366944,0.04264730215,0.04208981991
379,1.0,0.7853981853,0.0,0.0,1.0,1.0,0.216627812,0.2897539527,0.03746587038,0.03916883469
380,1.0,0.7853981853,0.0,0.0,1.0,1.0,0.1345719073,0.1969850646,0.02233213186,0.02587252855
381,1.0,0.7853981853,0.0,0.0,1.0,1.0,0.08980030456,0.1596620332,0.01435482502,0.02046889067
382,1.0,0.0,0.0,0.0,1.0,1.0,0.1054687896,0.1447603728,0.01706361771,0.01977211237
383,1.0,0.0,0.0,0.0,1.0,1.0,0.1253479823,0.1665734735,0.02049618959,0.02377557755
384,1.0,0.0,0.0,0.0,1.0,1.0,0.1645529819,0.1852895956,0.0268342495,0.02796405554
385,1.0,0.0,0.0,0.0,1.0,1.0,0.1847561455,0.192063229,0.02961587906,0.03046196699
386,1.0,0.0,0.0,0.0,1.0,1.0,0.2439439607,0.2116875823,0.03765320778,0.03428131342
387,1.0,0.0,0.0,0.0,1.0,1.0,0.2661237496,0.2164283035,0.03842961788,0.03501361609
388,1.0,-0.7853981853,0.0,0.0,1.0,1.0,0.3247433034,0.2644568674,0.04851841927,0.04640883207
389,1.0,-0.7853981853,0.0,0.0,1.0,1.0,0.3506447953,0.2831183178,0.04951483011,0.049218297
390,1.0,-0.7853981853,0.0,0.0,1.0,1.0,0.3759855082,0.2947510311,0.05327135324,0.05236852169
391,1.0,-0.7853981853,0.0,0.0,1.0,1.0,0.3822654192,0.3038843931,0.05392897129,0.05423021317
392,1.0,-0.7853981853,0.0,0.0,1.0,1.0,0.386172908,0.302395491,0.05243545771,0.05273342133
393,1.0,-0.7853981853,0.0,0.0,1.0,1.0,0.3901329449,0.3055286977,0.05390632153,0.05360347033
394,1.0,-0.7853981853,0.0,0.0,1.0,1.0,0.3872416392,0.3012254088,0.05307757854,0.05307757854
395,1.0,-0.7853981853,0.0,0.0,1.0,1.0,0.4060935867,0.3157052117,0.05461007357,0.05491352081
396,1.0,-0.7853981853,0.0,0.0,1.0,1.0,0.414734494,0.3255624444,0.05599534512,0.05691325665
397,1.0,-0.7853981853,0.0,0.0,1.0,1.0,0.4253439324,0.3278869955,0.05557632446,0.05679106712
398,1.0,-0.7853981853,0.0,0.0,1.0,1.0,0.4253436108,0.3313846612,0.05538111925,0.05689430237
399,1.0,-0.7853981853,0.0,0.0,1.0,1.0,0.4298423717,0.3331474622,0.0551686883,0.05697751045
400,1.0,-0.7853981853,0.0,0.0,1.0,1.0,0.4321911495,0.3296406867,0.05490612984,0.05609977245
401,1.0,-0.7853981853,0.0,0.0,1.0,1.0,0.436162437,0.3331470114,0.05660647154,0.0575145483
402,1.0,-0.7853981853,0.0,0.0,1.0,1.0,0.4268329084,0.3355015362,0.05616885424,0.05831736326
403,1.0,-0.7853981853,0.0,0.0,1.0,1.0,0.4200886166,0.3331473686,0.05514806509,0.05726915598
404,1.0,-0.7853981853,0.0,0.0,1.0,1.0,0.4103823056,0.3266382703,0.05458658934,0.05642658472
405,1.0,-0.7853981853,0.0,0.0,1.0,1.0,0.415676966,0.3243805337,0.05534207821,0.05594694614
406,1.0,-0.7853981853,0.0,0.0,1.0,1.0,0.4137174892,0.3285120455,0.05528330803,0.05678552389
407,1.0,-0.7853981853,0.0,0.0,1.0,1.0,0.4068918228,0.3187128547,0.05370908976,0.05400258303
408,1.0,-0.7853981853,0.0,0.0,1.0,1.0,0.4059541199,0.3182387741,0.05575340986,0.05605643988
409,1.0,-0.7853981853,0.0,0.0,1.0,1.0,0.3935853029,0.3065878568,0.05414557457,0.05384141207
410,1.0,-0.7853981853,0.0,0.0,1.0,1.0,0.4077102631,0.3166037982,0.05665159225,0.05665159225
411,1.0,-0.7853981853,0.0,0.0,1.0,1.0,0.3922836207,0.3046246459,0.05441242456,0.05441248417
412,1.0,-0.7853981853,0.0,0.0,1.0,1.0,0.3980174747,0.3069957261,0.05486953259,0.05456638336
413,1.0,-0.7853981853,0.0,0.0,1.0,1.0,0.3913740961,0.3051469722,0.05452352762,0.05483162403
414,1.0,-0.7853981853,0.0,0.0,1.0,1.0,0.3984558635,0.311580444,0.0548043251,0.05540984869
415,1.0,-0.7853981853,0.0,0.0,1.0,1.0,0.4126442403,0.3251193704,0.05506652594,0.05595463514
416,1.0,-0.7853981853,0.0,0.0,1.0,1.0,0.4028758772,0.3165186338,0.05607956648,0.0566958189
417,1.0,-0.7853981853,0.0,0.0,1.0,1.0,0.3962542575,0.3047700804,0.054666996,0.05436331034
418,1.0,-0.7853981853,0.0,0.0,1.0,1.0,0.4024302104,0.313817785,0.05515873432,0.05576485395
419,1.0,-0.7853981853,0.0,0.0,1.0,1.0,0.399330518,0.3067251353,0.05276745558,0.052472651
420,1.0,-0.7853981853,0.0,0.0,1.0,1.0,0.3980079698,0.3158856583,0.05250328779,0.05337828398
421,1.0,-0.7853981853,0.0,0.0,1.0,1.0,0.3926772808,0.3027568591,0.05408281088,0.05377727747
422,1.0,-0.7853981853,0.0,0.0,1.0,1.0,0.4055386815,0.314257656,0.05655366182,0.05655366182
423,1.0,-0.7853981853,0.0,0.0,1.0,1.0,0.4055067955,0.3149857466,0.05318933725,0.05347836018
424,1.0,-0.7853981853,0.0,0.0,1.0,1.0,0.4006572462,0.3098779654,0.05422633886,0.05422633886
425,1.0,-0.7853981853,0.0,0.0,1.0,1.0,0.388854075,0.2969481979,0.05318635702,0.05228996277
426,1.0,-0.7853981853,0.0,0.0,1.0,1.0,0.388005989,0.2949447925,0.05274480581,0.05185580254
427,1.0,-0.7853981853,0.0,0.0,1.0,1.0,0.3838205058,0.2994962069,0.05193549395,0.05193549395
428,1.0,-0.7853981853,0.0,0.0,1.0,1.0,0.3805362071,0.2946425676,0.05203509331,0.05145037174
429,1.0,-0.7853981853,0.0,0.0,1.0,1.0,0.3825818953,0.2981385442,0.05216217041,0.05157607794
430,1.0,-0.7853981853,0.0,0.0,1.0,1.0,0.3933971933,0.3064954328,0.05607372522,0.0557706356
431,1.0,-0.7853981853,0.0,0.0,1.0,1.0,0.381857211,0.2951372781,0.0548042655,0.05388575792
432,1.0,-0.7853981853,0.0,0.0,1.0,1.0,0.3746551728,0.2911490524,0.05146032572,0.05086541176
433,1.0,-0.7853981853,0.0,0.0,1.0,1.0,0.3821711484,0.2964445924,0.05318558216,0.05228918791
434,1.0,-0.7853981853,0.0,0.0,1.0,1.0,0.3727823128,0.2882349689,0.05087053776,0.04940873384
435,1.0,-0.7853981853,0.0,0.0,1.0,1.0,0.3715874958,0.2855548586,0.05176377296,0.04997879267
436,1.0,-0.7853981853,0.0,0.0,1.0,1.0,0.3759856015,0.287001813,0.05146861076,0.04943311214
437,1.0,-0.7853981853,0.0,0.0,1.0,1.0,0.3726731646,0.2910835351,0.05150765181,0.05062973499
438,1.0,-0.7853981853,0.0,0.0,1.0,1.0,0.3717373218,0.2836253388,0.05265247822,0.05054634809
439,1.0,-0.7853981853,0.0,0.0,1.0,1.0,0.3586665631,0.2778109118,0.05155843496,0.04944783449
440,1.0,-0.7853981853,0.0,0.0,1.0,1.0,0.3817166132,0.2916403178,0.05448973179,0.05214613676
441,1.0,-0.7853981853,0.0,0.0,1.0,1.0,0.3872079754,0.2936671612,0.05650615692,0.05354768038
442,1.0,-0.7853981853,0.0,0.0,1.0,1.0,0.3668965529,0.2786905336,0.05303257704,0.05042439699
443,1.0,0.0,0.0,0.0,1.0,1.0,0.3600350737,0.2714141523,0.05163991451,0.04797154665
444,1.0,0.0,0.0,0.0,1.0,1.0,0.3724512958,0.3001469187,0.0564314723,0.05416285992
445,1.0,0.0,0.0,0.0,1.0,1.0,0.3810024679,0.3158613189,0.05807864666,0.05639523268
446,1.0,0.0,0.0,0.0,1.0,1.0,0.3801560994,0.3264427444,0.05948138237,0.0578366518
447,1.0,0.0,0.0,0.0,1.0,1.0,0.3629644595,0.3248188208,0.05739545822,0.05657941103
448,1.0,0.0,0.0,0.0,1.0,1.0,0.3547504805,0.3174329539,0.05701524019,0.05537062883
449,1.0,0.0,0.0,0.0,1.0,1.0,0.3617508427,0.330536491,0.05862295628,0.05753231049
450,1.0,0.0,0.0,0.0,1.0,1.0,0.3591216313,0.339554129,0.05917036533,0.05917036533
451,1.0,0.0,0.0,0.0,1.0,1.0,0.3480045363,0.3380949249,0.05733591318,0.0579007864
452,1.0,0.0,0.0,0.0,1.0,1.0,0.3455699119,0.3364459178,0.05852633715,0.05852633715
453,1.0,0.0,0.0,0.0,1.0,1.0,0.3458332737,0.3369453403,0.05974715948,0.05917543173
454,1.0,0.0,0.0,0.0,1.0,1.0,0.3326039274,0.3396795579,0.05763143301,0.05876141787
455,1.0,0.0,0.0,0.0,1.0,1.0,0.3228715919,0.3331472934,0.05562466383,0.05646324158
456,1.0,0.0,0.0,0.0,1.0,1.0,0.3192438821,0.3336952315,0.05617541075,0.05730456114
457,1.0,0.0,0.0,0.0,1.0,1.0,0.3218815315,0.333700662,0.05687785149,0.05716222525
458,1.0,0.0,0.0,0.0,1.0,1.0,0.3176397678,0.3331469928,0.05538648367,0.05594587326
459,1.0,0.0,0.0,0.0,1.0,1.0,0.2947284002,0.2872546577,0.05189210176,0.04899311066
460,1.0,0.0,0.0,0.0,1.0,1.0,0.2927986194,0.2811989842,0.05037266016,0.04671436548
461,1.0,0.0,0.0,0.0,1.0,1.0,0.283229382,0.2770561114,0.04882854223,0.04574167728
462,1.0,0.0,0.0,0.0,1.0,1.0,0.2680247581,0.2714744165,0.04601377249,0.04351902008
463,1.0,0.0,0.0,0.0,1.0,1.0,0.2757632545,0.2963860838,0.04830163717,0.04802238941
464,1.0,0.0,0.0,0.0,1.0,1.0,0.2800982567,0.3230341113,0.04902011156,0.05041277409
465,1.0,0.0,0.0,0.0,1.0,1.0,0.2696906419,0.3125524564,0.04661911726,0.0471675396
466,1.0,0.0,0.0,0.0,1.0,1.0,0.2611293602,0.3059885119,0.04530036449,0.04557001591
467,1.0,0.0,0.0,0.0,1.0,1.0,0.2770886714,0.3306422673,0.04788261652,0.04871296883
468,1.0,0.7853981853,0.0,0.0,1.0,1.0,0.274325248,0.3318758282,0.04711002111,0.04793649912
469,1.0,0.7853981853,0.0,0.0,1.0,1.0,0.2783458701,0.3331475827,0.04803043604,0.04774963856
470,1.0,0.7853981853,0.0,0.0,1.0,1.0,0.2589313707,0.3152999109,0.04427921772,0.04484325647
471,1.0,0.7853981853,0.0,0.0,1.0,1.0,0.2121992202,0.2804755593,0.03695392609,0.04005688429
472,1.0,0.7853981853,0.0,0.0,1.0,1.0,0.2065618319,0.2739782206,0.03660112619,0.03997969627
473,1.0,0.7853981853,0.0,0.0,1.0,1.0,0.2188216826,0.2788706528,0.03862780333,0.04081952572
474,1.0,0.0,0.0,0.0,1.0,1.0,0.2256805915,0.2798435253,0.04036349058,0.04228550196
475,1.0,0.0,0.0,0.0,1.0,1.0,0.228974508,0.2750263584,0.04143494368,0.04283475876
476,1.0,0.0,0.0,0.0,1.0,1.0,0.2040330784,0.2291139621,0.03566879034,0.03539007902
477,1.0,0.0,0.0,0.0,1.0,1.0,0.1524851555,0.1800464975,0.02576625347,0.02744668722
478,1.0,0.0,0.0,0.0,1.0,1.0,0.1696225461,0.1828689579,0.02882856131,0.02854591608
479,1.0,0.0,0.0,0.0,1.0,1.0,0.2081481601,0.2220982696,0.03606551886,0.03549307585
480,1.0,0.0,0.0,0.0,1.0,1.0,0.2542863096,0.2610226542,0.04464429617,0.04294896126
481,1.0,0.0,0.0,0.0,1.0,1.0,0.2866862135,0.3049144951,0.05143934488,0.05115514994
482,1.0,0.0,0.0,0.0,1.0,1.0,0.2932118072,0.3114927497,0.05206340551,0.05234330893
483,1.0,0.0,0.0,0.0,1.0,1.0,0.2878392134,0.301178792,0.05220210552,0.05191212893
484,1.0,0.0,0.0,0.0,1.0,1.0,0.3108312943,0.3154384854,0.05731236935,0.05584281683
485,1.0,0.0,0.0,0.0,1.0,1.0,0.307271754,0.3085526669,0.05659735203,0.05481010675
486,1.0,0.0,0.0,0.0,1.0,1.0,0.2857881895,0.2814129251,0.05247008801,0.04947179556
487,1.0,0.0,0.0,0.0,1.0,1.0,0.2802022112,0.2806651291,0.05150949955,0.04911369085
488,1.0,0.0,0.0,0.0,1.0,1.0,0.2802922255,0.2824510569,0.05123633146,0.04947966337
489,1.0,0.0,0.0,0.0,1.0,1.0,0.2897888123,0.2862810973,0.05319023132,0.05107474327
490,1.0,0.0,0.0,0.0,1.0,1.0,0.3022704251,0.2925998634,0.05754709244,0.05507194996
491,1.0,0.0,0.0,0.0,1.0,1.0,0.313038986,0.307645837,0.05840206146,0.05748951435
492,1.0,0.0,0.0,0.0,1.0,1.0,0.3326011384,0.3241001164,0.06120425463,0.06120425463
493,1.0,0.0,0.0,0.0,1.0,1.0,0.3391846108,0.3305119327,0.06209748983,0.06300187111
494,1.0,0.0,0.0,0.0,1.0,1.0,0.3479228745,0.3299745081,0.06278789043,0.06278789043
495,1.0,0.0,0.0,0.0,1.0,1.0,0.3556298851,0.3304607552,0.06156051159,0.06216698885
496,1.0,0.0,0.0,0.0,1.0,1.0,0.3647599781,0.3364786919,0.06178474426,0.06240254641
497,1.0,0.0,0.0,0.0,1.0,1.0,0.3833735219,0.3404880214,0.06319177151,0.06319183111
498,1.0,0.0,0.0,0.0,1.0,1.0,0.3910445944,0.3524522445,0.06480079889,0.06700277328
499,1.0,0.0,0.0,0.0,1.0,1.0,0.3883547977,0.341312669,0.06342452765,0.06497901678
500,1.0,0.0,0.0,0.0,1.0,1.0,0.403814882,0.3641499523,0.06611454487,0.06942027807
501,1.0,0.0,0.0,0.0,1.0,1.0,0.4128532024,0.3708123242,0.06469345093,0.06820631027
502,1.0,0.0,0.0,0.0,1.0,1.0,0.4144718245,0.3731889272,0.06480318308,0.06863242388
503,1.0,0.0,0.0,0.0,1.0,1.0,0.4046025066,0.3656105374,0.06267946959,0.06584215164
504,1.0,0.0,0.0,0.0,1.0,1.0,0.4102675792,0.3688035848,0.0641118288,0.06762480736
505,1.0,0.0,0.0,0.0,1.0,1.0,0.4053807713,0.3603754598,0.06254291534,0.06484866142
506,1.0,0.0,0.0,0.0,1.0,1.0,0.4158876484,0.3676295038,0.06507712603,0.06771546602
507,1.0,0.0,0.0,0.0,1.0,1.0,0.4039096174,0.3647480305,0.06291919947,0.06643098593
508,1.0,0.0,0.0,0.0,1.0,1.0,0.4046474918,0.3635789745,0.0627823472,0.06597959995
509,1.0,0.0,0.0,0.0,1.0,1.0,0.4009006035,0.3599275678,0.06496822834,0.06800413132
510,1.0,0.0,0.0,0.0,1.0,1.0,0.387731051,0.3439637379,0.05931091309,0.0610383749
511,1.0,0.0,0.0,0.0,1.0,1.0,0.3842552062,0.3407934886,0.05871957541,0.06016588211
512,1.0,0.0,0.0,0.0,1.0,1.0,0.3944916699,0.3434563312,0.06119257212,0.06177812815
513,1.0,0.0,0.0,0.0,1.0,1.0,0.3812791585,0.3309628094,0.06064063311,0.06064063311
514,1.0,0.0,0.0,0.0,1.0,1.0,0.3823624685,0.3353391345,0.05857223272,0.05915212631
515,1.0,0.0,0.0,0.0,1.0,1.0,0.3814521419,0.3353178802,0.05948066711,0.06006383896
516,1.0,0.0,0.0,0.0,1.0,1.0,0.3851232736,0.3435581464,0.06077104807,0.06195682287
517,1.0,0.0,0.0,0.0,1.0,1.0,0.3799377554,0.3353390672,0.0602491498,0.06054592133
518,1.0,0.0,0.0,0.0,1.0,1.0,0.3695414753,0.3249818086,0.05911797285,0.05941653252
519,1.0,0.0,0.0,0.0,1.0,1.0,0.3778607021,0.3254761574,0.05891007185,0.05832099915
520,1.0,0.0,0.0,0.0,1.0,1.0,0.361198371,0.3090379349,0.05604743958,0.05516713858
521,1.0,0.0,0.0,0.0,1.0,1.0,0.3396071617,0.2850972693,0.05415642262,0.0523904562
522,1.0,0.0,0.0,0.0,1.0,1.0,0.3514910783,0.3026263617,0.05727767944,0.05640989542
523,1.0,0.0,0.0,0.0,1.0,1.0,0.3521163865,0.3095756459,0.05702269077,0.05673474073
524,1.0,0.0,0.0,0.0,1.0,1.0,0.3499787582,0.3215868419,0.05902075768,0.05990165472
525,1.0,0.0,0.0,0.0,1.0,1.0,0.3394986334,0.3081347234,0.05688530207,0.05601459742
526,1.0,0.0,0.0,0.0,1.0,1.0,0.3404877944,0.325696598,0.05931657553,0.06020188332
527,1.0,0.0,0.0,0.0,1.0,1.0,0.313618086,0.301471078,0.05336678028,0.05395323038
528,1.0,0.0,0.0,0.0,1.0,1.0,0.3044771793,0.2850866411,0.05146872997,0.05059635639
529,1.0,0.0,0.0,0.0,1.0,1.0,0.3008526017,0.2935651227,0.05118221045,0.05147129297
530,1.0,0.0,0.0,0.0,1.0,1.0,0.291294564,0.2827369073,0.05001717806,0.04944229126
531,1.0,0.0,0.0,0.0,1.0,1.0,0.2999981598,0.2998324958,0.05174356699,0.05145770311
532,1.0,0.0,0.0,0.0,1.0,1.0,0.2991858205,0.3117070581,0.05195742846,0.0530807972
533,1.0,0.0,0.0,0.0,1.0,1.0,0.2998325351,0.3139692269,0.05222213268,0.05277472734
534,1.0,0.0,0.0,0.0,1.0,1.0,0.3007871796,0.3110844831,0.05230081081,0.05202412605
535,1.0,0.0,0.0,0.0,1.0,1.0,0.2893953896,0.30547754,0.05119520426,0.05147498846
536,1.0,0.0,0.0,0.0,1.0,1.0,0.2830697191,0.3011558981,0.04927027225,0.0500959754
537,1.0,0.0,0.0,0.0,1.0,1.0,0.2893955548,0.3018448825,0.05153298378,0.05068814754
538,1.0,0.0,0.0,0.0,1.0,1.0,0.3111468464,0.3201603489,0.05512696505,0.05262124538
539,1.0,0.0,0.0,0.0,1.0,1.0,0.288658679,0.3005079386,0.05266362429,0.05039852858
540,1.0,0.0,0.0,0.0,1.0,1.0,0.2965376898,0.3032206294,0.05388778448,0.0510365963
541,1.0,0.0,0.0,0.0,1.0,1.0,0.2991958012,0.3066082837,0.05336463451,0.05137765408
542,1.0,0.0,0.0,0.0,1.0,1.0,0.306049206,0.3116903374,0.05505895615,0.05276483297
543,1.0,0.0,0.0,0.0,1.0,1.0,0.3049415227,0.3048298732,0.05447512865,0.05219346285
544,1.0,0.0,0.0,0.0,1.0,1.0,0.3138346669,0.3114925785,0.05557030439,0.05329042673
545,1.0,0.0,0.0,0.0,1.0,1.0,0.2980213052,0.288690085,0.05195826292,0.04908764362
546,1.0,0.0,0.0,0.0,1.0,1.0,0.2811988288,0.2716252845,0.04887038469,0.04592639208
547,1.0,0.0,0.0,0.0,1.0,1.0,0.2988984653,0.2875105155,0.05185890198,0.04950165749
548,1.0,0.0,0.0,0.0,1.0,1.0,0.3081754719,0.2924788715,0.05337947607,0.05160999298
549,1.0,0.0,0.0,0.0,1.0,1.0,0.3172291261,0.2985129039,0.0537648797,0.05231952667
550,1.0,0.0,0.0,0.0,1.0,1.0,0.3268396261,0.2949964349,0.0535621047,0.05158877373
551,1.0,0.0,0.0,0.0,1.0,1.0,0.3372456501,0.3004752839,0.05574023724,0.05428868532
552,1.0,0.0,0.0,0.0,1.0,1.0,0.3390646152,0.2963091132,0.05416673422,0.05246520042
553,1.0,0.0,0.0,0.0,1.0,1.0,0.3461348724,0.3004754589,0.05366742611,0.05254352093
554,1.0,0.0,0.0,0.0,1.0,1.0,0.3582560158,0.3202094876,0.05875718594,0.05966109037
555,1.0,0.0,0.0,0.0,1.0,1.0,0.3592461586,0.3127285704,0.05712354183,0.05683064461
556,1.0,0.0,0.0,0.0,1.0,1.0,0.3514318662,0.3086510175,0.05593854189,0.05593848228
557,1.0,0.0,0.0,0.0,1.0,1.0,0.3514315702,0.3086511245,0.05555737019,0.05555737019
558,1.0,0.0,0.0,0.0,1.0,1.0,0.3546104976,0.3094299584,0.05510443449,0.05423438549
559,1.0,0.0,0.0,0.0,1.0,1.0,0.3595776741,0.3123257614,0.0576094389,0.05613231659
560,1.0,0.0,0.0,0.0,1.0,1.0,0.3602746388,0.3119172341,0.05566042662,0.05396515131
561,1.0,0.0,0.0,0.0,1.0,1.0,0.3534945902,0.3076458426,0.05583912134,0.05439996719
562,1.0,0.0,0.0,0.0,1.0,1.0,0.3528511018,0.302762693,0.05594152212,0.05363470316
563,1.0,0.0,0.0,0.0,1.0,1.0,0.3510324725,0.3119174159,0.05495238304,0.05438292027
564,1.0,0.0,0.0,0.0,1.0,1.0,0.3609349765,0.3178553006,0.05710214376,0.0562325716
565,1.0,0.0,0.0,0.0,1.0,1.0,0.340355465,0.3011787916,0.05443239212,0.05383098125
566,1.0,0.0,0.0,0.0,1.0,1.0,0.3393978325,0.2931696257,0.05328536034,0.05181336403
567,1.0,0.0,0.0,0.0,1.0,1.0,0.3498521685,0.2984907775,0.05374133587,0.0517078042
568,1.0,0.0,0.0,0.0,1.0,1.0,0.3581491694,0.3080247289,0.05608570576,0.05520474911
569,1.0,0.0,0.0,0.0,1.0,1.0,0.3475485202,0.2905355206,0.05286902189,0.05111646652
570,1.0,0.0,0.0,0.0,1.0,1.0,0.3686702933,0.3117069022,0.05634015799,0.05545979738
571,1.0,0.0,0.0,0.0,1.0,1.0,0.3423831284,0.2920667096,0.05065339804,0.05065339804
572,1.0,0.0,0.0,0.0,1.0,1.0,0.3247429807,0.2668576153,0.04850828648,0.04730308056
573,1.0,0.0,0.0,0.0,1.0,1.0,0.3297545404,0.2667429837,0.04620963335,0.04506868124
574,1.0,-0.7853981853,0.0,0.0,1.0,1.0,0.3671416602,0.2737745649,0.05348324776,0.0493234992
575,1.0,-0.7853981853,0.0,0.0,1.0,1.0,0.381643605,0.2888748566,0.05590671301,0.05374449492
576,1.0,-0.7853981853,0.0,0.0,1.0,1.0,0.3937843186,0.3018449619,0.05567902327,0.05446863174
577,1.0,-0.7853981853,0.0,0.0,1.0,1.0,0.4066620015,0.3114927255,0.05756038427,0.05695128441
578,1.0,-0.7853981853,0.0,0.0,1.0,1.0,0.3889133442,0.2986445908,0.05384558439,0.05294311047
579,1.0,-0.7853981853,0.0,0.0,1.0,1.0,0.3798093927,0.3030675735,0.05250281096,0.0534029007
580,1.0,-0.7853981853,0.0,0.0,1.0,1.0,0.387297046,0.3016864381,0.055770576,0.05546075106
581,1.0,-0.7853981853,0.0,0.0,1.0,1.0,0.4027761184,0.3153499344,0.0573695302,0.05767470598
582,1.0,-0.7853981853,0.0,0.0,1.0,1.0,0.3925620977,0.3062539909,0.05524647236,0.05554509163
583,1.0,-0.7853981853,0.0,0.0,1.0,1.0,0.3963305235,0.3058491409,0.05552101135,0.05521923304
584,1.0,-0.7853981853,0.0,0.0,1.0,1.0,0.4014943082,0.3129564998,0.05832880735,0.05801689625
585,1.0,-0.7853981853,0.0,0.0,1.0,1.0,0.3950532585,0.3190789682,0.0554985404,0.05700671673
586,1.0,-0.7853981853,0.0,0.0,1.0,1.0,0.3912251306,0.311906369,0.05422407389,0.05511301756
587,1.0,-0.7853981853,0.0,0.0,1.0,1.0,0.3866760936,0.3057501308,0.05526208878,0.05616801977
588,1.0,-0.7853981853,0.0,0.0,1.0,1.0,0.3749246028,0.2855548107,0.05323970318,0.05232703686
589,1.0,-0.7853981853,0.0,0.0,1.0,1.0,0.3870853219,0.2788767357,0.05497992039,0.05197560787
590,1.0,-0.7853981853,0.0,0.0,1.0,1.0,0.3214834033,0.2042051763,0.04507184029,0.03771322966
591,1.0,-0.7853981853,0.0,0.0,1.0,1.0,0.2791137989,0.1528751885,0.0393384099,0.02814209461
592,1.0,-0.7853981853,0.0,0.0,1.0,1.0,0.2773878283,0.1610939909,0.03867703676,0.02893388271
593,1.0,0.0,0.0,0.0,1.0,1.0,0.2843688705,0.1943359824,0.04061454535,0.03527832031
594,1.0,0.0,0.0,0.0,1.0,1.0,0.3034020619,0.2281682708,0.04387032986,0.04071623087
595,1.0,0.0,0.0,0.0,1.0,1.0,0.3225212925,0.2631758502,0.04990005493,0.0487396121
596,1.0,0.0,0.0,0.0,1.0,1.0,0.3331472894,0.2812893954,0.05421173573,0.05245351791
597,1.0,0.0,0.0,0.0,1.0,1.0,0.3366179428,0.2967094808,0.05390739441,0.05279588699
598,1.0,0.0,0.0,0.0,1.0,1.0,0.3263132957,0.3030056365,0.05285054445,0.05285060406
599,1.0,0.0,0.0,0.0,1.0,1.0,0.3475596038,0.3289303135,0.05734443665,0.05707007647
600,1.0,0.0,0.0,0.0,1.0,1.0,0.3331475455,0.3260474132,0.05696743727,0.05725508928
601,1.0,0.0,0.0,0.0,1.0,1.0,0.3194264021,0.3233489756,0.05635732412,0.05751931667
602,1.0,0.0,0.0,0.0,1.0,1.0,0.3048867215,0.3160487789,0.05354696512,0.05469238758
603,1.0,0.0,0.0,0.0,1.0,1.0,0.311722764,0.3231529326,0.05517661572,0.05517667532
604,1.0,0.0,0.0,0.0,1.0,1.0,0.2985552901,0.3163215789,0.05310094357,0.05338490009
605,1.0,0.0,0.0,0.0,1.0,1.0,0.3055617483,0.3184661587,0.05469471216,0.05355525017
606,1.0,0.0,0.0,0.0,1.0,1.0,0.3061781899,0.321248981,0.05492824316,0.05378979445
607,1.0,0.0,0.0,0.0,1.0,1.0,0.3053412844,0.3297478083,0.05502271652,0.05502271652
608,1.0,0.0,0.0,0.0,1.0,1.0,0.2917624038,0.3192197273,0.05229175091,0.05312621593
609,1.0,0.0,0.0,0.0,1.0,1.0,0.2951480139,0.3241431239,0.05314320326,0.05398666859
610,1.0,0.0,0.0,0.0,1.0,1.0,0.2993647784,0.3264170552,0.05376964808,0.05432975292
611,1.0,0.0,0.0,0.0,1.0,1.0,0.29951728,0.3246487571,0.05392640829,0.05421024561
612,1.0,0.0,0.0,0.0,1.0,1.0,0.3078850923,0.3308731732,0.05560624599,0.05532103777
613,1.0,0.0,0.0,0.0,1.0,1.0,0.3028612717,0.3291267206,0.05410856009,0.05439335108
614,1.0,0.0,0.0,0.0,1.0,1.0,0.3030051489,0.3268723823,0.05442601442,0.05442607403
615,1.0,0.0,0.0,0.0,1.0,1.0,0.295542506,0.3206400514,0.05376976728,0.05434793234
616,1.0,0.0,0.0,0.0,1.0,1.0,0.3039706459,0.3263483938,0.0554638505,0.05575418472
617,1.0,0.0,0.0,0.0,1.0,1.0,0.3033450183,0.3206399433,0.05482673645,0.05424958467
618,1.0,0.0,0.0,0.0,1.0,1.0,0.3017485261,0.3195495919,0.05460637808,0.05431747437
619,1.0,0.0,0.0,0.0,1.0,1.0,0.307764479,0.3218539289,0.0561337471,0.05497634411
620,1.0,0.0,0.0,0.0,1.0,1.0,0.3059189201,0.3212491982,0.05466371775,0.05409133434
621,1.0,0.0,0.0,0.0,1.0,1.0,0.2999931304,0.3144502872,0.05492120981,0.05433380604
622,1.0,0.0,0.0,0.0,1.0,1.0,0.299512351,0.3116904923,0.05419957638,0.05333006382
623,1.0,0.0,0.0,0.0,1.0,1.0,0.3001519745,0.3184662432,0.05510771275,0.05510771275
624,1.0,0.0,0.0,0.0,1.0,1.0,0.2951803383,0.3116904372,0.05312418938,0.05312418938
625,1.0,0.0,0.0,0.0,1.0,1.0,0.3054292664,0.3129565338,0.05554407835,0.05409008265
626,1.0,0.0,0.0,0.0,1.0,1.0,0.3093511225,0.3213694309,0.05617922544,0.05502682924
627,1.0,0.0,0.0,0.0,1.0,1.0,0.303005261,0.3184664343,0.0552380085,0.05437046289
628,1.0,0.0,0.0,0.0,1.0,1.0,0.3056931653,0.3219677746,0.05526685715,0.05498045683
629,1.0,0.0,0.0,0.0,1.0,1.0,0.3054294953,0.3207667763,0.05554169416,0.0552508831
630,1.0,0.0,0.0,0.0,1.0,1.0,0.2956549263,0.308302045,0.05305856466,0.05248177052
631,1.0,0.0,0.0,0.0,1.0,1.0,0.2924411756,0.3093510521,0.0527561307,0.0527561307
632,1.0,0.0,0.0,0.0,1.0,1.0,0.2948908648,0.3106373946,0.0525342226,0.05225032568
633,1.0,0.0,0.0,0.0,1.0,1.0,0.293575876,0.3106371542,0.05275845528,0.05304676294
634,1.0,0.0,0.0,0.0,1.0,1.0,0.2853269067,0.3045437914,0.05127155781,0.05184447765
635,1.0,0.0,0.0,0.0,1.0,1.0,0.287379516,0.3055726486,0.05130541325,0.05159044266
636,1.0,0.0,0.0,0.0,1.0,1.0,0.2816897942,0.3005075497,0.05048012733,0.05076527596
637,1.0,0.0,0.0,0.0,1.0,1.0,0.2812420471,0.3055726118,0.04986321926,0.05099004507
638,1.0,0.0,0.0,0.0,1.0,1.0,0.2866861941,0.3041779713,0.05181711912,0.05210340023
639,1.0,0.0,0.0,0.0,1.0,1.0,0.264275215,0.2811986769,0.04671275616,0.04699587822
640,1.0,0.0,0.0,0.0,1.0,1.0,0.1889492169,0.2030666972,0.03252857924,0.03281390667
641,1.0,0.0,0.0,0.0,1.0,1.0,0.106770734,0.1832310043,0.01743024588,0.02828836441
642,1.0,0.0,0.0,0.0,1.0,1.0,0.1096948583,0.1788669227,0.01807028055,0.02782249451
643,1.0,0.0,0.0,0.0,1.0,1.0,0.1085978182,0.1833507314,0.01829427481,0.02915656567
644,1.0,0.0,0.0,0.0,1.0,1.0,0.1723748699,0.1812367642,0.0298370719,0.02955013514
645,1.0,0.0,0.0,0.0,1.0,1.0,0.224630138,0.2343520215,0.03939056396,0.03881973028
646,1.0,0.0,0.0,0.0,1.0,1.0,0.2619898164,0.2721082209,0.04676055908,0.0458945632
647,1.0,0.0,0.0,0.0,1.0,1.0,0.2841864958,0.3008354548,0.05066668987,0.05123597383
648,1.0,0.0,0.0,0.0,1.0,1.0,0.2809932719,0.3045436703,0.04977732897,0.05119144917
649,1.0,0.0,0.0,0.0,1.0,1.0,0.2887277446,0.3071376156,0.05180954933,0.05266356468
650,1.0,0.0,0.0,0.0,1.0,1.0,0.2939535983,0.3142056719,0.05263376236,0.05348724127
651,1.0,0.0,0.0,0.0,1.0,1.0,0.2894382798,0.3106372498,0.05169016123,0.05254691839
652,1.0,0.0,0.0,0.0,1.0,1.0,0.2936670413,0.3121126022,0.05154258013,0.05211216211
653,1.0,0.0,0.0,0.0,1.0,1.0,0.2880837056,0.3087014979,0.05065739155,0.05122345686
654,1.0,0.0,0.0,0.0,1.0,1.0,0.295834917,0.3201602721,0.05186790228,0.05298936367
655,1.0,0.0,0.0,0.0,1.0,1.0,0.297773387,0.3219675634,0.05241054296,0.05352562666
656,1.0,0.0,0.0,0.0,1.0,1.0,0.2991961135,0.3195496591,0.05277425051,0.05277425051
657,1.0,0.0,0.0,0.0,1.0,1.0,0.3031481074,0.3258313021,0.05334430933,0.05362212658
658,1.0,0.0,0.0,0.0,1.0,1.0,0.2988835985,0.3207668042,0.05254727602,0.05282533169
659,1.0,0.0,0.0,0.0,1.0,1.0,0.2996758246,0.3247346434,0.0524469614,0.0529961586
660,1.0,0.0,0.0,0.0,1.0,1.0,0.3006194612,0.3207670535,0.05352908373,0.05324888229
661,1.0,0.0,0.0,0.0,1.0,1.0,0.2933997727,0.320766829,0.05214858055,0.05298519135
662,1.0,0.0,0.0,0.0,1.0,1.0,0.2877894745,0.3173902328,0.05138641596,0.05250346661
663,1.0,0.0,0.0,0.0,1.0,1.0,0.2951474343,0.3218541083,0.05215102434,0.05242699385
664,1.0,0.0,0.0,0.0,1.0,1.0,0.2943238061,0.31784977,0.05186903477,0.05186903477
665,1.0,0.0,0.0,0.0,1.0,1.0,0.2936747427,0.3083022537,0.05192583799,0.05080914497
666,1.0,0.0,0.0,0.0,1.0,1.0,0.2948914249,0.3125402073,0.05165815353,0.05082041025
667,1.0,0.0,0.0,0.0,1.0,1.0,0.2866862584,0.3063359527,0.050085783,0.04953235388
668,1.0,0.0,0.0,0.0,1.0,1.0,0.2724310697,0.291933188,0.04835838079,0.04779607058
669,1.0,0.0,0.0,0.0,1.0,1.0,0.2498603667,0.2644571262,0.0437425971,0.04290676117
670,1.0,0.0,0.0,0.0,1.0,1.0,0.2275152406,0.2376293762,0.03854686022,0.03744548559
671,1.0,0.0,0.0,0.0,1.0,1.0,0.2220983287,0.2332029523,0.03748673201,0.03665977716
672,1.0,0.0,0.0,0.0,1.0,1.0,0.2244648812,0.2340243661,0.03765285015,0.03655350208
673,1.0,0.0,0.0,0.0,1.0,1.0,0.19754446,0.2041870692,0.03292030096,0.0318043828
674,1.0,0.0,0.0,0.0,1.0,1.0,0.1186947191,0.1665736553,0.0189319849,0.0246938467
675,1.0,0.0,0.0,0.0,1.0,1.0,0.1338385827,0.1776784779,0.02149993181,0.02680504322
676,1.0,0.0,0.0,0.0,1.0,1.0,0.1227381807,0.1665735596,0.01949995756,0.02479285002
677,1.0,0.0,0.0,0.0,1.0,1.0,0.1697163699,0.1726979223,0.02710491419,0.02573603392
678,1.0,0.0,0.0,0.0,1.0,1.0,0.2249967528,0.2298369553,0.03778928518,0.03614628315
679,1.0,0.0,0.0,0.0,1.0,1.0,0.2554482125,0.2584176216,0.04393833876,0.04146689177
680,1.0,0.0,0.0,0.0,1.0,1.0,0.284201372,0.2961309011,0.04923212528,0.04813808203
681,1.0,0.0,0.0,0.0,1.0,1.0,0.2909767546,0.3001677883,0.05063951015,0.04926341772
682,1.0,0.0,0.0,0.0,1.0,1.0,0.2744498094,0.2906541881,0.04769521952,0.04714387655
683,1.0,0.0,0.0,0.0,1.0,1.0,0.2764751004,0.2886900447,0.04806411266,0.04723542929
684,1.0,0.0,0.0,0.0,1.0,1.0,0.2796531881,0.2937549778,0.04800909758,0.04746353626
685,1.0,0.0,0.0,0.0,1.0,1.0,0.2728634853,0.2870016992,0.04718244076,0.04663378
686,1.0,0.0,0.0,0.0,1.0,1.0,0.2722886886,0.2850759854,0.0475897193,0.04676455259
687,1.0,0.0,0.0,0.0,1.0,1.0,0.2699916598,0.2802487969,0.04693609476,0.04556363821
688,1.0,0.0,0.0,0.0,1.0,1.0,0.2719999302,0.2843529265,0.04739814997,0.04657143354
689,1.0,0.0,0.0,0.0,1.0,1.0,0.2669414074,0.2811987926,0.04627215862,0.0457212925
690,1.0,0.0,0.0,0.0,1.0,1.0,0.270549466,0.2787560367,0.04693603516,0.04527950287
691,1.0,0.0,0.0,0.0,1.0,1.0,0.266095367,0.2793055851,0.04621291161,0.04566282034
692,1.0,0.0,0.0,0.0,1.0,1.0,0.2644195053,0.2740944632,0.04651916027,0.04541152716
693,1.0,0.0,0.0,0.0,1.0,1.0,0.2715701378,0.2843527968,0.04757279158,0.04674303532
694,1.0,0.0,0.0,0.0,1.0,1.0,0.2732847214,0.2857935007,0.04822742939,0.04712510109
695,1.0,0.0,0.0,0.0,1.0,1.0,0.2694419287,0.2824508074,0.04755121469,0.04672181606
696,1.0,0.0,0.0,0.0,1.0,1.0,0.2681808142,0.2838945341,0.04760211706,0.0473253727
697,1.0,0.0,0.0,0.0,1.0,1.0,0.2830971318,0.298166761,0.05022221804,0.04966723919
698,1.0,0.0,0.0,0.0,1.0,1.0,0.2826545491,0.2938557522,0.04973161221,0.04863256216
699,1.0,0.0,0.0,0.0,1.0,1.0,0.2826547845,0.2988366691,0.05054455996,0.05026531219
700,1.0,0.0,0.0,0.0,1.0,1.0,0.2790954724,0.2928825801,0.04942554235,0.04887324572
701,1.0,0.0,0.0,0.0,1.0,1.0,0.2790952791,0.2945374044,0.04898101091,0.04870736599
702,1.0,0.0,0.0,0.0,1.0,1.0,0.2725751724,0.2898383229,0.04747486115,0.04747486115
703,1.0,0.0,0.0,0.0,1.0,1.0,0.2754369239,0.288172153,0.04824179411,0.04769039154
704,1.0,0.0,0.0,0.0,1.0,1.0,0.279279156,0.2915036725,0.04928427935,0.04845356941
705,1.0,0.0,0.0,0.0,1.0,1.0,0.2698651972,0.2848410582,0.04757779837,0.04730117321
706,1.0,0.0,0.0,0.0,1.0,1.0,0.2698647842,0.2848409973,0.04681736231,0.0465452075
707,1.0,0.0,0.0,0.0,1.0,1.0,0.2616835116,0.2750144131,0.04607588053,0.04552078247
708,1.0,0.0,0.0,0.0,1.0,1.0,0.2719999164,0.2833988,0.04806947708,0.04723107815
709,1.0,0.0,0.0,0.0,1.0,1.0,0.2691411618,0.2791079868,0.04744189978,0.04633206129
710,1.0,0.0,0.0,0.0,1.0,1.0,0.2585305304,0.2734958786,0.0450797081,0.04452997446
711,1.0,0.0,0.0,0.0,1.0,1.0,0.2651580903,0.2774367336,0.04664921761,0.04582107067
712,1.0,0.0,0.0,0.0,1.0,1.0,0.259348848,0.2742579076,0.04572373629,0.04544496536
713,1.0,0.0,0.0,0.0,1.0,1.0,0.2589390992,0.2724232262,0.04504770041,0.0447730422
714,1.0,0.0,0.0,0.0,1.0,1.0,0.2702893261,0.2857933069,0.04699033499,0.0467171073
715,1.0,0.0,0.0,0.0,1.0,1.0,0.268295988,0.2865066408,0.04708749056,0.04736286402
716,1.0,0.0,0.0,0.0,1.0,1.0,0.2670382201,0.2829546908,0.04706501961,0.04706507921
717,1.0,0.0,0.0,0.0,1.0,1.0,0.2862177311,0.3041063653,0.05001860857,0.05001860857
718,1.0,0.0,0.0,0.0,1.0,1.0,0.2724334522,0.2855549846,0.04856127501,0.04772883654
719,1.0,0.0,0.0,0.0,1.0,1.0,0.2779697715,0.2855545868,0.0493337512,0.04767078161
720,1.0,0.0,0.0,0.0,1.0,1.0,0.2833307442,0.2952148834,0.04984325171,0.04902172089
721,1.0,0.0,0.0,0.0,1.0,1.0,0.2715704617,0.2833986673,0.04772418737,0.04689174891
722,1.0,0.0,0.0,0.0,1.0,1.0,0.2671463619,0.2748465615,0.04675090313,0.04537588358
723,1.0,0.0,0.0,0.0,1.0,1.0,0.2746069787,0.2809878211,0.04785436392,0.04646325111
724,1.0,0.0,0.0,0.0,1.0,1.0,0.2734472719,0.2809876926,0.04711562395,0.04601347446
725,1.0,0.0,0.0,0.0,1.0,1.0,0.2684584643,0.2762964696,0.04694861174,0.04581737518
726,1.0,0.0,0.0,0.0,1.0,1.0,0.2664100379,0.2693412477,0.04642796516,0.04473972321
727,1.0,0.0,0.0,0.0,1.0,1.0,0.2659803417,0.2736564746,0.04598927498,0.0448743701
728,1.0,0.0,0.0,0.0,1.0,1.0,0.2690804393,0.2783680434,0.04650789499,0.04595422745
729,1.0,0.0,0.0,0.0,1.0,1.0,0.2653525389,0.2718074783,0.04663532972,0.04495978355
730,1.0,0.0,0.0,0.0,1.0,1.0,0.2657750524,0.2725749821,0.04648947716,0.04509758949
731,1.0,0.0,0.0,0.0,1.0,1.0,0.2690805905,0.2744229027,0.04646027088,0.04480093718
732,1.0,0.0,0.0,0.0,1.0,1.0,0.2654519005,0.2742575033,0.04635983706,0.04552197456
733,1.0,0.0,0.0,0.0,1.0,1.0,0.264699909,0.2736566995,0.04641640186,0.04529112577
734,1.0,0.0,0.0,0.0,1.0,1.0,0.2646997252,0.2744232455,0.04576605558,0.04493397474
735,1.0,0.0,0.0,0.0,1.0,1.0,0.2686499137,0.2811987723,0.04635727406,0.04580539465
736,1.0,0.0,0.0,0.0,1.0,1.0,0.2682207629,0.2795051721,0.04715967178,0.04631757736
737,1.0,0.0,0.0,0.0,1.0,1.0,0.2625919991,0.2718079858,0.04593640566,0.04482287169
738,1.0,0.0,0.0,0.0,1.0,1.0,0.2622536425,0.2708923166,0.04537075758,0.0445407629
739,1.0,0.0,0.0,0.0,1.0,1.0,0.2582288798,0.2650546043,0.04501849413,0.04362905025
740,1.0,0.0,0.0,0.0,1.0,1.0,0.259823127,0.2693408701,0.04530388117,0.04419207573
741,1.0,0.0,0.0,0.0,1.0,1.0,0.2506586064,0.2583590331,0.04345291853,0.04206907749
742,1.0,0.0,0.0,0.0,1.0,1.0,0.2502589317,0.2583590816,0.04350501299,0.04211950302
743,1.0,0.0,0.0,0.0,1.0,1.0,0.2518528007,0.256613481,0.04365265369,0.04199498892
744,1.0,0.0,0.0,0.0,1.0,1.0,0.2434537725,0.2456257035,0.04178881645,0.03986436129
745,1.0,0.0,0.0,0.0,1.0,1.0,0.2490621869,0.2507074189,0.04319518805,0.04098004103
746,1.0,0.0,0.0,0.0,1.0,1.0,0.2494608082,0.2498605997,0.04346746206,0.04123836756
747,1.0,0.0,0.0,0.0,1.0,1.0,0.246239609,0.2430613406,0.04229402542,0.0395296216
748,1.0,0.0,0.0,0.0,1.0,1.0,0.2482587529,0.2473194057,0.04339313507,0.04087352753
749,1.0,0.0,0.0,0.0,1.0,1.0,0.2578689765,0.2591771256,0.04451012611,0.04229837656
750,1.0,0.0,0.0,0.0,1.0,1.0,0.2614168855,0.2591143341,0.04580724239,0.04301410913
751,1.0,0.0,0.0,0.0,1.0,1.0,0.2622535391,0.2650547943,0.04584997892,0.04389297962
752,1.0,0.0,0.0,0.0,1.0,1.0,0.2650279226,0.2658445191,0.04598748684,0.04377114773
753,1.0,0.0,0.0,0.0,1.0,1.0,0.2546966474,0.2609465039,0.04364955425,0.04226821661
754,1.0,0.0,0.0,0.0,1.0,1.0,0.2458435275,0.2481609456,0.04205679893,0.04013264179
755,1.0,0.0,0.0,0.0,1.0,1.0,0.2542860802,0.2584173642,0.04375374317,0.04181534052
756,1.0,0.0,0.0,0.0,1.0,1.0,0.2361143671,0.2507193825,0.04032641649,0.04032641649
757,1.0,0.0,0.0,0.0,1.0,1.0,0.2392802756,0.252472285,0.04078930616,0.04023432732
758,1.0,0.0,0.0,0.0,1.0,1.0,0.2200757974,0.2402169483,0.03686362505,0.03797233105
759,1.0,0.0,0.0,0.0,1.0,1.0,0.1948911556,0.2086554012,0.03291225433,0.03347486258
760,1.0,0.0,0.0,0.0,1.0,1.0,0.1724330332,0.197022321,0.02856057882,0.03050154448
761,1.0,0.0,0.0,0.0,1.0,1.0,0.1782337155,0.2023958898,0.02950614691,0.03116071224
762,1.0,0.0,0.0,0.0,1.0,1.0,0.2025447119,0.2336823521,0.03361308575,0.03581720591
763,1.0,0.0,0.0,0.0,1.0,1.0,0.2248743435,0.2597113192,0.03653520346,0.03924149275
764,1.0,0.0,0.0,0.0,1.0,1.0,0.2560553124,0.2802010058,0.04250794649,0.04305648804
765,1.0,0.0,0.0,0.0,1.0,1.0,0.2795185297,0.3019515783,0.04616880417,0.04590040445
766,1.0,0.0,0.0,0.0,1.0,1.0,0.2823101065,0.3005314457,0.04766255617,0.04711467028
767,1.0,0.0,0.0,0.0,1.0,1.0,0.2818526136,0.2994839701,0.04741412401,0.04686903954
768,1.0,0.0,0.0,0.0,1.0,1.0,0.2707845155,0.2903305675,0.04494154453,0.04494154453
769,1.0,0.0,0.0,0.0,1.0,1.0,0.2679426333,0.2878253883,0.04466634989,0.04466634989
770,1.0,0.0,0.0,0.0,1.0,1.0,0.2785330267,0.2910654214,0.04614382982,0.04505807161
771,1.0,0.0,0.0,0.0,1.0,1.0,0.2752562157,0.2890372235,0.04566633701,0.04512268305
772,1.0,0.0,0.0,0.0,1.0,1.0,0.2743564903,0.287295937,0.04536533356,0.04455524683
773,1.0,0.0,0.0,0.0,1.0,1.0,0.2658615888,0.2785901898,0.04466664791,0.04411518574
774,1.0,0.0,0.0,0.0,1.0,1.0,0.2653242104,0.2810929585,0.04450523853,0.04423218966
775,1.0,0.0,0.0,0.0,1.0,1.0,0.266518142,0.2757082697,0.04471504688,0.04362440109
776,1.0,0.0,0.0,0.0,1.0,1.0,0.2680250502,0.2781951465,0.04553663731,0.0444393158
777,1.0,0.0,0.0,0.0,1.0,1.0,0.2563502805,0.268946861,0.04308766127,0.04226952791
778,1.0,0.0,0.0,0.0,1.0,1.0,0.2555575647,0.2670922516,0.04313129187,0.04258185625
779,1.0,0.0,0.0,0.0,1.0,1.0,0.261217701,0.2688153217,0.04429650307,0.04292082787
780,1.0,0.0,0.0,0.0,1.0,1.0,0.2583370654,0.2705385012,0.04400897026,0.04318380356
781,1.0,0.0,0.0,0.0,1.0,1.0,0.2583373068,0.2705382813,0.04384624958,0.04302406311
782,1.0,0.0,0.0,0.0,1.0,1.0,0.2543440264,0.2655857331,0.04289442301,0.0417945385
783,1.0,0.0,0.0,0.0,1.0,1.0,0.2583372218,0.2678916122,0.04421144724,0.04310613871
784,1.0,0.0,0.0,0.0,1.0,1.0,0.25351699,0.267211732,0.04311335087,0.04256057739
785,1.0,0.0,0.0,0.0,1.0,1.0,0.2498602091,0.2620063041,0.04266119003,0.04210352898
786,1.0,0.0,0.0,0.0,1.0,1.0,0.2580259186,0.2662873599,0.04395902157,0.04284614325
787,1.0,0.0,0.0,0.0,1.0,1.0,0.2547597678,0.2576416022,0.04355692863,0.04160243273
788,1.0,0.0,0.0,0.0,1.0,1.0,0.2684584855,0.2686855837,0.04581451416,0.0433306098
789,1.0,0.0,0.0,0.0,1.0,1.0,0.2675924389,0.2745909692,0.04638051987,0.04498356581
790,1.0,0.0,0.0,0.0,1.0,1.0,0.2712541605,0.2745908527,0.04633742571,0.04440671206
791,1.0,0.0,0.0,0.0,1.0,1.0,0.2667320954,0.2728849181,0.04535794258,0.04371845722
792,1.0,0.0,0.0,0.0,1.0,1.0,0.273159323,0.283855205,0.04699760675,0.04616826773
793,1.0,0.0,0.0,0.0,1.0,1.0,0.2675923548,0.2770563135,0.04595166445,0.04512125254
794,1.0,0.0,0.0,0.0,1.0,1.0,0.2682206986,0.2802488694,0.04651486874,0.04596114159
795,1.0,0.0,0.0,0.0,1.0,1.0,0.2717081884,0.2815095323,0.04691833258,0.04636961222
796,1.0,0.0,0.0,0.0,1.0,1.0,0.2685305709,0.278368188,0.04628372192,0.0454621315
797,1.0,0.0,0.0,0.0,1.0,1.0,0.2765749345,0.2895731491,0.04759323597,0.0473228097
798,1.0,0.0,0.0,0.0,1.0,1.0,0.2696906066,0.2789140398,0.04683512449,0.04628413916
799,1.0,0.0,0.0,0.0,1.0,1.0,0.2684123531,0.276512246,0.04656136036,0.04546582699
800,1.0,0.0,0.0,0.0,1.0,1.0,0.2566347993,0.2641624687,0.0443020463,0.04320144653
801,1.0,0.0,0.0,0.0,1.0,1.0,0.2630111603,0.2744228763,0.04554915428,0.04472094774
802,1.0,0.0,0.0,0.0,1.0,1.0,0.2699911942,0.2748462308,0.0475153923,0.04584819078
803,1.0,0.0,0.0,0.0,1.0,1.0,0.2605858285,0.2615205871,0.04546386003,0.04352331161
804,1.0,0.0,0.0,0.0,1.0,1.0,0.2613437603,0.2648519277,0.04590785503,0.04423844814
805,1.0,0.0,0.0,0.0,1.0,1.0,0.2594705432,0.2548912469,0.0454582572,0.04265218973
806,1.0,0.0,0.0,0.0,1.0,1.0,0.2598868437,0.2616784873,0.0462039113,0.04420751333
807,1.0,0.0,0.0,0.0,1.0,1.0,0.2546964881,0.2549596511,0.04492276907,0.04264819622
808,1.0,0.0,0.0,0.0,1.0,1.0,0.2544032211,0.2550300518,0.04518550634,0.04342508316
809,1.0,0.0,0.0,0.0,1.0,1.0,0.2452719126,0.2454769137,0.04335767031,0.04129302502
810,1.0,0.0,0.0,0.0,1.0,1.0,0.2381221334,0.2384633285,0.04292118549,0.04110759497
811,1.0,0.0,0.0,0.0,1.0,1.0,0.2423398289,0.2376296553,0.04341185093,0.04071730375
812,1.0,0.0,0.0,0.0,1.0,1.0,0.2444197478,0.2446184524,0.04380011559,0.04200005531
813,1.0,0.0,0.0,0.0,1.0,1.0,0.2460684756,0.2480886414,0.0438015461,0.04200148582
814,1.0,0.0,0.0,0.0,1.0,1.0,0.2431528621,0.2454460574,0.04382127523,0.04200798273
815,1.0,0.0,0.0,0.0,1.0,1.0,0.2431975472,0.245476859,0.04337340593,0.04159092903
816,1.0,0.0,0.0,0.0,1.0,1.0,0.2395358431,0.2455076067,0.04363423586,0.04243052006
817,1.0,0.0,0.0,0.0,1.0,1.0,0.2319239514,0.2419141474,0.04130584002,0.0407114625
818,1.0,0.0,0.0,0.0,1.0,1.0,0.2327008023,0.2463165814,0.04105734825,0.04105740786
819,1.0,0.0,0.0,0.0,1.0,1.0,0.2279132481,0.2355829109,0.04048401117,0.03958439827
820,1.0,0.0,0.0,0.0,1.0,1.0,0.2262249598,0.2329658281,0.03969162703,0.03880298138
821,1.0,0.0,0.0,0.0,1.0,1.0,0.2296016181,0.2382184398,0.04008549452,0.03920125961
822,1.0,0.0,0.0,0.0,1.0,1.0,0.2330914006,0.2454143311,0.0410182476,0.0407230854
823,1.0,0.0,0.0,0.0,1.0,1.0,0.224127614,0.2340240988,0.03950411081,0.0389187932
824,1.0,0.0,0.0,0.0,1.0,1.0,0.2278261914,0.2419144017,0.04012161493,0.04012161493
825,1.0,0.0,0.0,0.0,1.0,1.0,0.2219129204,0.2374562842,0.03973031044,0.04002904892
826,1.0,0.0,0.0,0.0,1.0,1.0,0.2230299791,0.2436362574,0.03909468651,0.04027044773
827,1.0,0.0,0.0,0.0,1.0,1.0,0.2211605735,0.2390751952,0.0380358696,0.03861653805
828,1.0,0.0,0.0,0.0,1.0,1.0,0.2183654614,0.2408728975,0.03871285915,0.03990405798
829,1.0,0.0,0.0,0.0,1.0,1.0,0.2171962058,0.2345257749,0.03814226389,0.03873819113
830,1.0,0.0,0.0,0.0,1.0,1.0,0.2273772918,0.2382179467,0.04032087326,0.04001992941
831,1.0,0.0,0.0,0.0,1.0,1.0,0.226449291,0.2320131074,0.04016256332,0.03925663233
832,1.0,0.0,0.0,0.0,1.0,1.0,0.2305109982,0.2330853495,0.0404908061,0.03901302814
833,1.0,0.0,0.0,0.0,1.0,1.0,0.2318031888,0.2348511962,0.04090756178,0.03942543268
834,1.0,0.0,0.0,0.0,1.0,1.0,0.2327009769,0.2357837395,0.04113250971,0.03965288401
835,1.0,0.0,0.0,0.0,1.0,1.0,0.2411300403,0.2455076387,0.04306423664,0.04187625647
836,1.0,0.0,0.0,0.0,1.0,1.0,0.2465289836,0.2533548695,0.04347670078,0.04259538651
837,1.0,0.0,0.0,0.0,1.0,1.0,0.2447957599,0.2525091621,0.04272896051,0.04213958979
838,1.0,0.0,0.0,0.0,1.0,1.0,0.2490136504,0.2516198426,0.04305827618,0.04188656807
839,1.0,0.0,0.0,0.0,1.0,1.0,0.2545586085,0.2560408147,0.04393738508,0.04275786877
840,1.0,0.0,0.0,0.0,1.0,1.0,0.2455674356,0.247192959,0.04310905933,0.04190319777
841,1.0,0.0,0.0,0.0,1.0,1.0,0.2464378053,0.2419142295,0.0435667038,0.04144883156
842,1.0,0.0,0.0,0.0,1.0,1.0,0.2511419981,0.2419143004,0.04444652796,0.04142290354
843,1.0,0.0,0.0,0.0,1.0,1.0,0.2515717119,0.2489774903,0.04369109869,0.04190778732
844,1.0,0.0,0.0,0.0,1.0,1.0,0.245145844,0.2401482542,0.04227274656,0.04020345211
845,1.0,0.0,0.0,0.0,1.0,1.0,0.2524187985,0.2463413423,0.04406017065,0.04167854786
846,1.0,0.0,0.0,0.0,1.0,1.0,0.2511418366,0.2454458826,0.04403245449,0.04163610935
847,1.0,0.0,0.0,0.0,1.0,1.0,0.2442699445,0.2410003608,0.04235780239,0.04056805372
848,1.0,0.0,0.0,0.0,1.0,1.0,0.2477103034,0.2471932102,0.0425850749,0.04110646248
849,1.0,0.0,0.0,0.0,1.0,1.0,0.2464379465,0.2445445928,0.04301691055,0.04122453928
850,1.0,0.0,0.0,0.0,1.0,1.0,0.2494332687,0.2534042605,0.04347229004,0.04257899523
851,1.0,0.0,0.0,0.0,1.0,1.0,0.2630111006,0.2666354431,0.04590862989,0.04472386837
852,1.0,0.0,0.0,0.0,1.0,1.0,0.2621208909,0.2682712105,0.04655331373,0.04595261812
853,1.0,0.0,0.0,0.0,1.0,1.0,0.2599898772,0.2692158425,0.04598701,0.04568839073
854,1.0,0.0,0.0,0.0,1.0,1.0,0.2595515327,0.2655858322,0.0460729599,0.04547458887
855,1.0,0.0,0.0,0.0,1.0,1.0,0.2599218986,0.2778171258,0.0459253788,0.04711061716
856,1.0,0.0,0.0,0.0,1.0,1.0,0.2599219363,0.2735316435,0.04604876041,0.04634588957
857,1.0,0.0,0.0,0.0,1.0,1.0,0.2611604823,0.2708275146,0.04636114836,0.0460639596
858,1.0,0.0,0.0,0.0,1.0,1.0,0.2586791804,0.2692159039,0.04626047611,0.0459600687
859,1.0,0.0,0.0,0.0,1.0,1.0,0.2607241122,0.2770382299,0.04578375816,0.0463706851
860,1.0,0.0,0.0,0.0,1.0,1.0,0.2652940865,0.2793581305,0.04696816206,0.0475590229
861,1.0,0.0,0.0,0.0,1.0,1.0,0.2680623508,0.2828283181,0.04797160625,0.04826772213
862,1.0,0.0,0.0,0.0,1.0,1.0,0.255247093,0.2725747819,0.04609596729,0.04669457674
863,1.0,0.0,0.0,0.0,1.0,1.0,0.2535897729,0.2797732806,0.04538220167,0.04716187716
864,1.0,0.0,0.0,0.0,1.0,1.0,0.2490410658,0.2689471114,0.04491335154,0.04579985142
865,1.0,0.0,0.0,0.0,1.0,1.0,0.2502667016,0.2732039317,0.04498302937,0.04615145922
866,1.0,0.0,0.0,0.0,1.0,1.0,0.251905122,0.277816919,0.04493683577,0.04639583826
867,1.0,0.0,0.0,0.0,1.0,1.0,0.2461919386,0.2785901753,0.04455578327,0.04721146822
868,1.0,0.0,0.0,0.0,1.0,1.0,0.2392104147,0.2744944555,0.04242932796,0.04533547163
869,1.0,0.0,0.0,0.0,1.0,1.0,0.2412448369,0.2789962287,0.04411804676,0.04741936922
870,1.0,0.0,0.0,0.0,1.0,1.0,0.2375723925,0.276441194,0.04294228554,0.04619991779
871,1.0,0.0,0.0,0.0,1.0,1.0,0.2338070318,0.2774250078,0.04165780544,0.04576486349
872,1.0,0.0,0.0,0.0,1.0,1.0,0.2323904465,0.2799856782,0.04113030434,0.04544472694
873,1.0,0.0,0.0,0.0,1.0,1.0,0.2266272395,0.2829959978,0.04019242525,0.04568630457
874,1.0,0.0,0.0,0.0,1.0,1.0,0.2286307086,0.2915034924,0.04074835777,0.04686051607
875,1.0,0.0,0.0,0.0,1.0,1.0,0.2318964807,0.2991033494,0.04120033979,0.04758358002
876,1.0,0.0,0.0,0.0,1.0,1.0,0.2371834279,0.3016497073,0.04217541218,0.04828357697
877,1.0,0.0,0.0,0.0,1.0,1.0,0.2306406037,0.2980154692,0.04047137499,0.04707306623
878,1.0,0.0,0.0,0.0,1.0,1.0,0.2364966016,0.2983945593,0.04188984632,0.0476282239
879,1.0,0.0,0.0,0.0,1.0,1.0,0.2409077119,0.3041779849,0.04296445847,0.04877048731
880,1.0,0.0,0.0,0.0,1.0,1.0,0.2462392004,0.3073822197,0.04445141554,0.04968100786
881,1.0,0.0,0.0,0.0,1.0,1.0,0.2458434661,0.3098631216,0.04378801584,0.04951196909
882,1.0,0.0,0.0,0.0,1.0,1.0,0.2558958563,0.3158951782,0.04577195644,0.05095368624
883,1.0,0.0,0.0,0.0,1.0,1.0,0.2510674397,0.3163702654,0.04491704702,0.05067569017
884,1.0,0.0,0.0,0.0,1.0,1.0,0.250261622,0.318818219,0.04526036978,0.05164319277
885,1.0,0.0,0.0,0.0,1.0,1.0,0.2494583183,0.3193161017,0.04497081041,0.05135369301
886,1.0,0.0,0.0,0.0,1.0,1.0,0.2462394782,0.3139039779,0.04380100965,0.04981285334
887,1.0,0.0,0.0,0.0,1.0,1.0,0.2494555821,0.3228122318,0.04479038715,0.05147981644
888,1.0,0.0,0.0,0.0,1.0,1.0,0.262333255,0.336768678,0.04711920023,0.05376797915
889,1.0,0.0,0.0,0.0,1.0,1.0,0.2614913794,0.3313369421,0.04690849781,0.05266416073
890,1.0,0.0,0.0,0.0,1.0,1.0,0.253063525,0.323455839,0.04522752762,0.05095261335
891,1.0,0.0,0.0,0.0,1.0,1.0,0.2510523812,0.3211202699,0.04553836584,0.05130267143
892,1.0,0.0,0.0,0.0,1.0,1.0,0.2636757712,0.3295647291,0.04689061642,0.05166387558
893,1.0,0.0,0.0,0.0,1.0,1.0,0.2490569939,0.3276559164,0.04422366619,0.0510712266
894,1.0,0.0,0.0,0.0,1.0,1.0,0.2086926391,0.289801206,0.03675997257,0.0448012352
895,1.0,0.0,0.0,0.0,1.0,1.0,0.1406499109,0.2680495656,0.02430284023,0.04002821445
896,1.0,0.0,0.0,0.0,1.0,1.0,0.1160969133,0.254684199,0.01992183924,0.03811132908
897,1.0,0.0,0.0,0.0,1.0,1.0,0.1149360568,0.2555823355,0.01985663176,0.0385620594
898,1.0,0.0,0.0,0.0,1.0,1.0,0.1178743143,0.2584763242,0.02052557468,0.03902751207
899,1.0,0.0,0.0,0.0,1.0,1.0,0.1198015197,0.2517533658,0.0208914876,0.03806263208
900,1.0,0.0,0.0,0.0,1.0,1.0,0.199240292,0.2868767489,0.03527641296,0.04445403814
901,1.0,0.0,0.0,0.0,1.0,1.0,0.2570450729,0.3259047814,0.04611390829,0.05155587196
902,1.0,0.0,0.0,0.0,1.0,1.0,0.2759295618,0.34287423,0.04936629534,0.05395847559
903,1.0,0.0,0.0,0.0,1.0,1.0,0.2830419158,0.3409649149,0.05086231232,0.05431061983
904,1.0,0.0,0.0,0.0,1.0,1.0,0.2762033625,0.3391608115,0.04942303896,0.0537083149
905,1.0,0.0,0.0,0.0,1.0,1.0,0.2773568487,0.3427687046,0.05040001869,0.05503451824
906,1.0,0.0,0.0,0.0,1.0,1.0,0.2862402091,0.3458212599,0.05081349611,0.05421996117
907,1.0,0.0,0.0,0.0,1.0,1.0,0.2947070056,0.3517889156,0.05312895775,0.05630517006
908,1.0,0.0,0.0,0.0,1.0,1.0,0.2953621957,0.3510581162,0.05299067497,0.0561414361
909,1.0,0.0,0.0,0.0,1.0,1.0,0.2931054974,0.3528496113,0.05310291052,0.0571654439
910,1.0,0.0,0.0,0.0,1.0,1.0,0.2910376058,0.3462351861,0.05221837759,0.05566132069
911,1.0,0.0,0.0,0.0,1.0,1.0,0.2816897744,0.3426658142,0.05097961426,0.05529993773
912,1.0,0.0,0.0,0.0,1.0,1.0,0.2762034424,0.3343328436,0.04949963093,0.05379152298
913,1.0,0.0,0.0,0.0,1.0,1.0,0.2631812969,0.3217627776,0.04698377848,0.05159562826
914,1.0,0.0,0.0,0.0,1.0,1.0,0.2486417449,0.3034020033,0.04403012991,0.04892235994
915,1.0,0.0,0.0,0.0,1.0,1.0,0.2576557632,0.3073820683,0.04580819607,0.04989296198
916,1.0,0.0,0.0,0.0,1.0,1.0,0.2514935463,0.3051866569,0.04498797655,0.04995417595
917,1.0,0.0,0.0,0.0,1.0,1.0,0.2311411159,0.2880954327,0.04144304991,0.04728013277
918,1.0,0.0,0.0,0.0,1.0,1.0,0.2478486201,0.29457237,0.04467833042,0.04874002934
919,1.0,0.0,0.0,0.0,1.0,1.0,0.2449928528,0.2917948529,0.04386353493,0.04851132631
920,1.0,0.0,0.0,0.0,1.0,1.0,0.2426298122,0.2904953676,0.04360216856,0.04851102829
921,1.0,0.0,0.0,0.0,1.0,1.0,0.2462393762,0.2939536007,0.04453963041,0.04948848486
922,1.0,0.0,0.0,0.0,1.0,1.0,0.2442365425,0.2887660956,0.04347604513,0.04776644707
923,1.0,0.0,0.0,0.0,1.0,1.0,0.2365828194,0.2801204915,0.04286700487,0.04724121094
924,1.0,0.0,0.0,0.0,1.0,1.0,0.2401882823,0.2870366799,0.04299867153,0.04790455103
925,1.0,0.0,0.0,0.0,1.0,1.0,0.2418004797,0.2835786833,0.04362553358,0.04769724607
926,1.0,0.0,0.0,0.0,1.0,1.0,0.254727893,0.291503869,0.04555594921,0.04874777794
927,1.0,0.0,0.0,0.0,1.0,1.0,0.2526952683,0.2949743134,0.0457418561,0.04984688759
928,1.0,0.0,0.0,0.0,1.0,1.0,0.2494555781,0.2890371423,0.04452377558,0.04799312353
929,1.0,0.0,0.0,0.0,1.0,1.0,0.2534935439,0.2929400839,0.04606771469,0.04988223314
930,1.0,0.0,0.0,0.0,1.0,1.0,0.2486416125,0.2942608644,0.04347485304,0.04802125692
931,1.0,0.0,0.0,0.0,1.0,1.0,0.2442002915,0.2880337488,0.04434120655,0.0487459898
932,1.0,0.0,0.0,0.0,1.0,1.0,0.2534701303,0.2946628931,0.04574024677,0.04950362444
933,1.0,0.0,0.0,0.0,1.0,1.0,0.2470528677,0.2939535891,0.04426413774,0.04886305332
934,1.0,0.0,0.0,0.0,1.0,1.0,0.2522552817,0.2936505246,0.0462782383,0.05008596182
935,1.0,0.0,0.0,0.0,1.0,1.0,0.245869206,0.2929399398,0.04437369108,0.04898393154
936,1.0,0.0,0.0,0.0,1.0,1.0,0.2474653982,0.2946633695,0.04535418749,0.05003601313
937,1.0,0.0,0.0,0.0,1.0,1.0,0.2506639154,0.2956823718,0.04489964247,0.04921686649
938,1.0,0.0,0.0,0.0,1.0,1.0,0.2494605691,0.2991408338,0.04508477449,0.04999786615
939,1.0,0.0,0.0,0.0,1.0,1.0,0.2486576054,0.2939534753,0.04442346096,0.04872244596
940,1.0,0.0,0.0,0.0,1.0,1.0,0.2482585987,0.2912170446,0.04543501139,0.04953891039
941,1.0,0.0,0.0,0.0,1.0,1.0,0.2558570598,0.3005195527,0.04613780975,0.05046325922
942,1.0,0.0,0.0,0.0,1.0,1.0,0.2526589142,0.2960674523,0.04558748007,0.04991537333
943,1.0,0.0,0.0,0.0,1.0,1.0,0.2554844438,0.2946629915,0.04618877172,0.04967468977
944,1.0,0.0,0.0,0.0,1.0,1.0,0.2539035186,0.2935422597,0.04593217373,0.04915034771
945,1.0,0.0,0.0,0.0,1.0,1.0,0.2510754979,0.2890372547,0.04524636269,0.04845738411
946,1.0,0.0,0.0,0.0,1.0,1.0,0.2385764835,0.2801206244,0.04289865494,0.04695665836
947,1.0,0.0,0.0,0.0,1.0,1.0,0.2307652647,0.2698840725,0.04095041752,0.04469943047
948,1.0,0.0,0.0,0.0,1.0,1.0,0.2396035824,0.281532965,0.0432100296,0.04735344648
949,1.0,0.0,0.0,0.0,1.0,1.0,0.2334222513,0.2762542824,0.0417932868,0.04620808363
950,1.0,0.0,0.0,0.0,1.0,1.0,0.2412446303,0.2743220677,0.04313546419,0.04606980085
951,1.0,0.0,0.0,0.0,1.0,1.0,0.2344782961,0.2685332271,0.04215079546,0.04514014721
952,1.0,0.0,0.0,0.0,1.0,1.0,0.2469979918,0.2758879291,0.04508394003,0.04747253656
953,1.0,0.0,0.0,0.0,1.0,1.0,0.2374910955,0.2654764267,0.04203772545,0.04466503859
954,1.0,0.0,0.0,0.0,1.0,1.0,0.240729317,0.263838626,0.04192018509,0.04365479946
955,1.0,0.0,0.0,0.0,1.0,1.0,0.244863351,0.2700245423,0.04323071241,0.04528927803
956,1.0,0.0,0.0,0.0,1.0,1.0,0.2465291131,0.2646602647,0.04392075539,0.04510772228
957,1.0,0.0,0.0,0.0,1.0,1.0,0.2502831009,0.2639368695,0.04409593344,0.04469180107
958,1.0,0.0,0.0,0.0,1.0,1.0,0.2439716045,0.2586585929,0.04324167967,0.04383814335
959,1.0,0.0,0.0,0.0,1.0,1.0,0.2460424239,0.2560409019,0.04231446981,0.04231452942
960,1.0,0.0,0.0,0.0,1.0,1.0,0.2545266057,0.2595724189,0.0452414155,0.04433661699
961,1.0,0.0,0.0,0.0,1.0,1.0,0.2473195182,0.2516199585,0.04319709539,0.04230946302
962,1.0,0.0,0.0,0.0,1.0,1.0,0.2447613319,0.24544604,0.04236072302,0.0408898592
963,1.0,0.0,0.0,0.0,1.0,1.0,0.2468810365,0.2445815131,0.04315137863,0.04136574268
964,1.0,0.0,0.0,0.0,1.0,1.0,0.2420793585,0.2322644861,0.04182094336,0.03943115473
965,1.0,0.0,0.0,0.0,1.0,1.0,0.2417173854,0.2340243899,0.04129731655,0.03895425797
966,1.0,0.0,0.0,0.0,1.0,1.0,0.2515834273,0.2428218232,0.04309344292,0.04073214531
967,1.0,0.0,0.0,0.0,1.0,1.0,0.2472664132,0.2374558139,0.04266017675,0.03997528553
968,1.0,0.0,0.0,0.0,1.0,1.0,0.252472366,0.2471927543,0.0430983305,0.04131489992
969,1.0,0.0,0.0,0.0,1.0,1.0,0.257196761,0.246341506,0.0438195467,0.04117274284
970,1.0,0.0,0.0,0.0,1.0,1.0,0.2619224913,0.2437237338,0.04500818253,0.04115885496
971,1.0,0.0,0.0,0.0,1.0,1.0,0.2571966465,0.2454460205,0.04435050488,0.04137396812
972,1.0,0.0,0.0,0.0,1.0,1.0,0.2559124204,0.2454460992,0.04394328594,0.04127109051
973,1.0,0.0,0.0,0.0,1.0,1.0,0.2589225881,0.2481134121,0.04480981827,0.04242002964
974,1.0,0.0,0.0,0.0,1.0,1.0,0.2670922666,0.2533796851,0.04694437981,0.04361283779
975,1.0,0.0,0.0,0.0,1.0,1.0,0.2576417803,0.2454458773,0.04419332743,0.04122728109
976,1.0,0.0,0.0,0.0,1.0,1.0,0.2584762549,0.2463411924,0.04586946964,0.04281151295
977,1.0,0.0,0.0,0.0,1.0,1.0,0.2515835991,0.2419145449,0.04329830408,0.04062926769
978,1.0,0.0,0.0,0.0,1.0,1.0,0.2576415627,0.2445816524,0.04467886686,0.04168027639
979,1.0,0.0,0.0,0.0,1.0,1.0,0.2498603217,0.2356837698,0.04335534573,0.04004347324
980,1.0,0.0,0.0,0.0,1.0,1.0,0.2584763986,0.243723688,0.04431265593,0.0410630703
981,1.0,0.0,0.0,0.0,1.0,1.0,0.2584763199,0.2463659062,0.04436576366,0.04170382023
982,1.0,0.0,0.0,0.0,1.0,1.0,0.2601994457,0.2489839206,0.04480433464,0.04213392735
983,1.0,0.0,0.0,0.0,1.0,1.0,0.2524543179,0.2436800253,0.04427969456,0.04185336828
984,1.0,0.0,0.0,0.0,1.0,1.0,0.2533066899,0.2454458682,0.04353797436,0.04116857052
985,1.0,0.0,0.0,0.0,1.0,1.0,0.2559126065,0.2445817051,0.04447257519,0.04176813364
986,1.0,0.0,0.0,0.0,1.0,1.0,0.259305283,0.2480884339,0.04579305649,0.04245716333
987,1.0,0.0,0.0,0.0,1.0,1.0,0.2593056178,0.2507434521,0.04540997744,0.04270339012
988,1.0,0.0,0.0,0.0,1.0,1.0,0.2571965036,0.2454463435,0.04375010729,0.04081392288
989,1.0,0.0,0.0,0.0,1.0,1.0,0.2575880243,0.2489776285,0.04466986656,0.0419896841
990,1.0,0.0,0.0,0.0,1.0,1.0,0.2528708,0.2428223132,0.04338568449,0.0407294631
991,1.0,0.0,0.0,0.0,1.0,1.0,0.2584172555,0.2533796979,0.04521024227,0.04311442375
992,1.0,0.0,0.0,0.0,1.0,1.0,0.2571461239,0.2498604651,0.04504162073,0.04263943434
993,1.0,0.0,0.0,0.0,1.0,1.0,0.2550296887,0.2542747101,0.04441189766,0.04321157932
994,1.0,0.0,0.0,0.0,1.0,1.0,0.2575353217,0.2481133358,0.04488587379,0.04221057892
995,1.0,0.0,0.0,0.0,1.0,1.0,0.2554316393,0.248100844,0.04361248016,0.04127091169
996,1.0,0.0,0.0,0.0,1.0,1.0,0.2494305927,0.2427722081,0.04324305058,0.04085719585
997,1.0,0.0,0.0,0.0,1.0,1.0,0.255829968,0.2533797216,0.04475229979,0.04296219349
998,1.0,0.0,0.0,0.0,1.0,1.0,0.2605745914,0.2533798202,0.04545843601,0.04306596518
999,1.0,0.0,0.0,0.0,1.0,1.0,0.2545586343,0.2516199906,0.04451066256,0.04271829128
1000,1.0,0.0,0.0,0.0,1.0,1.0,0.2498605039,0.2420793499,0.0439991951,0.04162085056
1001,1.0,0.0,0.0,0.0,1.0,1.0,0.2490133963,0.2446188695,0.04308569431,0.04103404284
1002,1.0,0.0,0.0,0.0,1.0,1.0,0.2515602407,0.2472305705,0.04336583614,0.04131478071
1003,1.0,0.0,0.0,0.0,1.0,1.0,0.2557495493,0.2498603728,0.04520374537,0.04282456636
1004,1.0,0.0,0.0,0.0,1.0,1.0,0.25699926,0.2515836211,0.04570603371,0.04361492395
1005,1.0,0.0,0.0,0.0,1.0,1.0,0.2612369021,0.2542137105,0.04590880871,0.04324316978
1006,1.0,0.0,0.0,0.0,1.0,1.0,0.2569991716,0.2524542434,0.04560250044,0.04351615906
1007,1.0,0.0,0.0,0.0,1.0,1.0,0.2511417547,0.2411846718,0.04444694519,0.0420280695
1008,1.0,0.0,0.0,0.0,1.0,1.0,0.2554320281,0.2472486484,0.04373782873,0.04168301821
1009,1.0,0.0,0.0,0.0,1.0,1.0,0.255029985,0.2446183675,0.04445523024,0.04205220938
1010,1.0,0.0,0.0,0.0,1.0,1.0,0.2485659567,0.2333192098,0.04289019108,0.03991168737
1011,1.0,0.0,0.0,0.0,1.0,1.0,0.2159073242,0.1963816464,0.03722900152,0.03362619877
1012,1.0,0.0,0.0,0.0,1.0,1.0,0.1706794161,0.134676469,0.02878755331,0.02255517244
1013,1.0,0.0,0.0,0.0,1.0,1.0,0.15554848,0.1384121612,0.02680385113,0.02372294664
1014,1.0,0.0,0.0,0.0,1.0,1.0,0.163029529,0.1382205084,0.02781355381,0.02358102798
1015,1.0,0.0,0.0,0.0,1.0,1.0,0.1612575005,0.139706914,0.02742087841,0.02350360155
1016,1.0,0.0,0.0,0.0,1.0,1.0,0.1639015708,0.137915794,0.02731156349,0.02285856009
1017,1.0,0.0,0.0,0.0,1.0,1.0,0.1597686098,0.1369342277,0.02713620663,0.02321654558
1018,1.0,0.0,0.0,0.0,1.0,1.0,0.1578067112,0.1337281279,0.02704423666,0.02283734083
1019,1.0,0.0,0.0,0.0,1.0,1.0,0.1579012991,0.1253778856,0.02632516623,0.02094042301
1020,1.0,0.0,0.0,0.0,1.0,1.0,0.1785341977,0.1478048031,0.03078216314,0.02535003424
1021,1.0,0.0,0.0,0.0,1.0,1.0,0.2182489369,0.1928748811,0.03781867027,0.03301632404
1022,1.0,0.0,0.0,0.0,1.0,1.0,0.2597516995,0.2377146485,0.04487270117,0.04071235657
1023,1.0,0.0,0.0,0.0,1.0,1.0,0.2906541869,0.2789540619,0.05136483908,0.04896181822
1024,1.0,0.0,0.0,0.0,1.0,1.0,0.2957531925,0.2943561425,0.05198508501,0.05138754845
1025,1.0,0.0,0.0,0.0,1.0,1.0,0.3025521275,0.2970847247,0.05416125059,0.05263984203
1026,1.0,0.0,0.0,0.0,1.0,1.0,0.3066083076,0.3039542225,0.05391025543,0.0527189374
1027,1.0,0.0,0.0,0.0,1.0,1.0,0.2988197835,0.2977790716,0.05278158188,0.05188697577
1028,1.0,0.0,0.0,0.0,1.0,1.0,0.2937550332,0.2936505112,0.0515395999,0.05065095425
1029,1.0,0.0,0.0,0.0,1.0,1.0,0.283855031,0.2772423728,0.0497122407,0.04822385311
1030,1.0,0.0,0.0,0.0,1.0,1.0,0.2850702187,0.2783913361,0.04980278015,0.04772764444
1031,1.0,0.0,0.0,0.0,1.0,1.0,0.2811991155,0.2749328617,0.04944944382,0.04736417532
1032,1.0,0.0,0.0,0.0,1.0,1.0,0.2804556211,0.2732037762,0.04892235994,0.04684686661
1033,1.0,0.0,0.0,0.0,1.0,1.0,0.2855545552,0.2789538767,0.05011975765,0.04805606604
1034,1.0,0.0,0.0,0.0,1.0,1.0,0.2802491413,0.2711798127,0.04936730862,0.04728555679
1035,1.0,0.0,0.0,0.0,1.0,1.0,0.2824142206,0.2721082794,0.04929661751,0.04693508148
1036,1.0,0.0,0.0,0.0,1.0,1.0,0.2824142441,0.2696090247,0.04949736595,0.04653346539
1037,1.0,0.0,0.0,0.0,1.0,1.0,0.2853136488,0.2730435959,0.04988789558,0.04693597555
1038,1.0,0.0,0.0,0.0,1.0,1.0,0.2831468877,0.2721082182,0.04995930195,0.04728293419
1039,1.0,0.0,0.0,0.0,1.0,1.0,0.2785604826,0.2678918257,0.04822534323,0.04559493065
1040,1.0,0.0,0.0,0.0,1.0,1.0,0.2567057719,0.2463656732,0.04414904118,0.04150009155
1041,1.0,0.0,0.0,0.0,1.0,1.0,0.2368921305,0.213915758,0.04037171602,0.03595143557
1042,1.0,0.0,0.0,0.0,1.0,1.0,0.2146568611,0.1897895801,0.03740936518,0.03262096643
1043,1.0,0.0,0.0,0.0,1.0,1.0,0.1831436965,0.1636407857,0.0317401886,0.02811270952
1044,1.0,0.0,0.0,0.0,1.0,1.0,0.178847255,0.1536244683,0.03041559458,0.02594274282
1045,1.0,0.0,0.0,0.0,1.0,1.0,0.1908656145,0.1659909811,0.03250777721,0.02807486057
1046,1.0,0.0,0.0,0.0,1.0,1.0,0.2289319683,0.2085043155,0.04023694992,0.03633338213
1047,1.0,0.0,0.0,0.0,1.0,1.0,0.2383677771,0.22132991,0.0409578681,0.03744721413
1048,1.0,0.0,0.0,0.0,1.0,1.0,0.244795689,0.234351982,0.04293513298,0.04027020931
1049,1.0,0.0,0.0,0.0,1.0,1.0,0.2645088766,0.2490075665,0.04651385546,0.04298114777
1050,1.0,0.0,0.0,0.0,1.0,1.0,0.2607239707,0.2481494202,0.04624044895,0.04297995567
1051,1.0,0.0,0.0,0.0,1.0,1.0,0.2627485258,0.2541239921,0.04694730043,0.04427301884
1052,1.0,0.0,0.0,0.0,1.0,1.0,0.2602885125,0.2541242761,0.04568457603,0.04363465309
1053,1.0,0.0,0.0,0.0,1.0,1.0,0.2650546386,0.2568011074,0.04646164179,0.04379826784
1054,1.0,0.0,0.0,0.0,1.0,1.0,0.2636255638,0.253282926,0.04671084881,0.04375445843
1055,1.0,0.0,0.0,0.0,1.0,1.0,0.2620385182,0.2550299557,0.04690885544,0.04450327158
1056,1.0,0.0,0.0,0.0,1.0,1.0,0.2222894919,0.2126473359,0.03887784481,0.03616547585
1057,1.0,0.0,0.0,0.0,1.0,1.0,0.1438045799,0.1369604898,0.02469754219,0.02284520864
1058,1.0,0.0,0.0,0.0,1.0,1.0,0.1394152176,0.1560467201,0.02313774824,0.02524113655
1059,1.0,0.0,0.0,0.0,1.0,1.0,0.1369340808,0.1548949999,0.02296918631,0.02505731583
1060,1.0,0.0,0.0,0.0,1.0,1.0,0.1810836906,0.1743628947,0.03043490648,0.02838635445
1061,1.0,0.0,0.0,0.0,1.0,1.0,0.225736191,0.2213052106,0.03903669119,0.03695076704
1062,1.0,0.0,0.0,0.0,1.0,1.0,0.249019323,0.247248796,0.04357224703,0.04180580378
1063,1.0,0.0,0.0,0.0,1.0,1.0,0.2639723726,0.2670920258,0.04689311981,0.04571336508
1064,1.0,0.0,0.0,0.0,1.0,1.0,0.2597886794,0.2652629294,0.04559016228,0.04500943422
1065,1.0,0.0,0.0,0.0,1.0,1.0,0.2672926029,0.2714745764,0.04758501053,0.0464027524
1066,1.0,0.0,0.0,0.0,1.0,1.0,0.2681835991,0.2785898857,0.04725599289,0.04696244001
1067,1.0,0.0,0.0,0.0,1.0,1.0,0.2699836865,0.2768489135,0.04795086384,0.04735517502
1068,1.0,0.0,0.0,0.0,1.0,1.0,0.271514928,0.280331198,0.04792249203,0.04733449221
1069,1.0,0.0,0.0,0.0,1.0,1.0,0.2746810759,0.2853075386,0.04899662733,0.04870140553
1070,1.0,0.0,0.0,0.0,1.0,1.0,0.2713715743,0.2803309346,0.04852849245,0.04764074087
1071,1.0,0.0,0.0,0.0,1.0,1.0,0.2656323998,0.2760694045,0.04789984226,0.047301054
1072,1.0,0.0,0.0,0.0,1.0,1.0,0.2656323114,0.2768490393,0.047937572,0.04763799906
1073,1.0,0.0,0.0,0.0,1.0,1.0,0.2677375527,0.281311624,0.04742926359,0.04742926359
1074,1.0,0.0,0.0,0.0,1.0,1.0,0.2721250957,0.2828280715,0.0489435792,0.04835033417
1075,1.0,0.0,0.0,0.0,1.0,1.0,0.2697169761,0.2793579833,0.047709167,0.04712378979
1076,1.0,0.0,0.0,0.0,1.0,1.0,0.274356765,0.2857991377,0.04884624481,0.04855543375
1077,1.0,0.0,0.0,0.0,1.0,1.0,0.2749699526,0.280120604,0.04928177595,0.04780632257
1078,1.0,0.0,0.0,0.0,1.0,1.0,0.2716768536,0.2870369885,0.04861873388,0.04891341925
1079,1.0,0.0,0.0,0.0,1.0,1.0,0.2758791059,0.2835790354,0.04929059744,0.04840517044
1080,1.0,0.0,0.0,0.0,1.0,1.0,0.2749700436,0.2828281585,0.0491271615,0.04795044661
1081,1.0,0.0,0.0,0.0,1.0,1.0,0.2694002952,0.282298556,0.04893839359,0.04863631725
1082,1.0,0.0,0.0,0.0,1.0,1.0,0.2619569458,0.2743220652,0.04669249058,0.04669249058
1083,1.0,0.0,0.0,0.0,1.0,1.0,0.2715149987,0.2813112454,0.04864436388,0.04804748297
1084,1.0,0.0,0.0,0.0,1.0,1.0,0.2565679423,0.2647647571,0.04480552673,0.0442199111
1085,1.0,0.0,0.0,0.0,1.0,1.0,0.255356626,0.2648695782,0.04536527395,0.04506480694
1086,1.0,0.0,0.0,0.0,1.0,1.0,0.2524012556,0.259572272,0.04314982891,0.04257065058
1087,1.0,0.0,0.0,0.0,1.0,1.0,0.2456257841,0.2587206801,0.04361331463,0.04391402006
1088,1.0,0.0,0.0,0.0,1.0,1.0,0.2515600442,0.263198042,0.04436123371,0.04436123371
1089,1.0,0.0,0.0,0.0,1.0,1.0,0.2451458942,0.2516451154,0.04295575619,0.04235500097
1090,1.0,0.0,0.0,0.0,1.0,1.0,0.2447265095,0.261502824,0.04222542048,0.04311126471
1091,1.0,0.0,0.0,0.0,1.0,1.0,0.2490076457,0.2605687832,0.04413062334,0.04413062334
1092,1.0,0.0,0.0,0.0,1.0,1.0,0.2502835697,0.2604927699,0.04453933239,0.04423832893
1093,1.0,0.0,0.0,0.0,1.0,1.0,0.2540952713,0.2666353252,0.04496586323,0.04526561499
1094,1.0,0.0,0.0,0.0,1.0,1.0,0.2455967673,0.2587207667,0.04327237606,0.04387336969
1095,1.0,0.0,0.0,0.0,1.0,1.0,0.2455967329,0.2596415,0.04282987118,0.04342472553
1096,1.0,0.0,0.0,0.0,1.0,1.0,0.2408910309,0.2597117746,0.04209762812,0.04329192638
1097,1.0,0.0,0.0,0.0,1.0,1.0,0.2395921214,0.2596414425,0.04151839018,0.04329776764
1098,1.0,0.0,0.0,0.0,1.0,1.0,0.2336579695,0.2579205773,0.04071700573,0.04279744625
1099,1.0,0.0,0.0,0.0,1.0,1.0,0.2325848273,0.2605686826,0.0408860445,0.04325628281
1100,1.0,0.0,0.0,0.0,1.0,1.0,0.2365346231,0.2648697973,0.04248636961,0.04487997293
1101,1.0,0.0,0.0,0.0,1.0,1.0,0.2486175015,0.2736988802,0.04466801882,0.04615694284
1102,1.0,0.0,0.0,0.0,1.0,1.0,0.2477955471,0.278791414,0.04351127148,0.04612189531
1103,1.0,0.0,0.0,0.0,1.0,1.0,0.2572335935,0.287558856,0.0466375351,0.04871690273
1104,1.0,0.0,0.0,0.0,1.0,1.0,0.2502667741,0.2803313139,0.045540452,0.04761046171
1105,1.0,0.0,0.0,0.0,1.0,1.0,0.2555573467,0.2862984204,0.04618310928,0.04853641987
1106,1.0,0.0,0.0,0.0,1.0,1.0,0.2445958406,0.2803313739,0.04386770725,0.04677289724
1107,1.0,0.0,0.0,0.0,1.0,1.0,0.2527135036,0.2858053114,0.04581278563,0.04817736149
1108,1.0,0.0,0.0,0.0,1.0,1.0,0.238503229,0.2735316867,0.04185014963,0.0444124341
1109,1.0,0.0,0.0,0.0,1.0,1.0,0.25265894,0.2870369132,0.04628616571,0.04862976074
1110,1.0,0.0,0.0,0.0,1.0,1.0,0.2406948959,0.2808773838,0.04388797283,0.04737573862
1111,1.0,0.0,0.0,0.0,1.0,1.0,0.2474503182,0.2862984469,0.04498702288,0.04820036888
1112,1.0,0.0,0.0,0.0,1.0,1.0,0.2490570406,0.2907785095,0.04508090019,0.04857105017
1113,1.0,0.0,0.0,0.0,1.0,1.0,0.2518788008,0.2915037772,0.04498028755,0.04844027758
1114,1.0,0.0,0.0,0.0,1.0,1.0,0.2603725014,0.296001845,0.0470932126,0.04972571135
1115,1.0,0.0,0.0,0.0,1.0,1.0,0.2641262883,0.2980791551,0.04726374149,0.04959779978
1116,1.0,0.0,0.0,0.0,1.0,1.0,0.2482164512,0.2952088854,0.04440563917,0.04881685972
1117,1.0,0.0,0.0,0.0,1.0,1.0,0.140332501,0.2024890589,0.02354961634,0.03130376339
1118,1.0,0.0,0.0,0.0,1.0,1.0,0.08760732597,0.2278422337,0.01431953907,0.03477615118
1119,1.0,0.0,0.0,0.0,1.0,1.0,0.09888470484,0.2394099364,0.01606875658,0.0361546874
1120,1.0,0.0,0.0,0.0,1.0,1.0,0.09276785469,0.2432606129,0.01538699865,0.03745138645
1121,1.0,0.0,0.0,0.0,1.0,1.0,0.1001167786,0.2114924042,0.01692825556,0.03298091888
1122,1.0,0.0,0.0,0.0,1.0,1.0,0.1369792973,0.2039305273,0.02367317677,0.03244107962
1123,1.0,0.0,0.0,0.0,1.0,1.0,0.1998884595,0.2544368823,0.03531861305,0.04125452042
1124,1.0,0.0,0.0,0.0,1.0,1.0,0.2523345254,0.3016173132,0.04471093416,0.04938656092
1125,1.0,0.0,0.0,0.0,1.0,1.0,0.2610854778,0.3030799249,0.04585695267,0.04906988144
1126,1.0,0.0,0.0,0.0,1.0,1.0,0.271090217,0.3125464544,0.04884588718,0.05208271742
1127,1.0,0.0,0.0,0.0,1.0,1.0,0.258448105,0.2977061021,0.04706943035,0.0500485301
1128,1.0,0.0,0.0,0.0,1.0,1.0,0.2617196747,0.3012500781,0.04761087894,0.05058652163
1129,1.0,0.0,0.0,0.0,1.0,1.0,0.2592353509,0.2994782113,0.04655641317,0.04948449135
1130,1.0,0.0,0.0,0.0,1.0,1.0,0.26292497,0.3012500194,0.04704135656,0.04967099428
1131,1.0,0.0,0.0,0.0,1.0,1.0,0.2617196462,0.3019512152,0.04730808735,0.0505604744
1132,1.0,0.0,0.0,0.0,1.0,1.0,0.2706484455,0.3072486851,0.0484418869,0.05077636242
1133,1.0,0.0,0.0,0.0,1.0,1.0,0.2667374332,0.3094359479,0.04780876637,0.05135017633
1134,1.0,0.0,0.0,0.0,1.0,1.0,0.2704758921,0.3094358522,0.04862862825,0.05159384012
1135,1.0,0.0,0.0,0.0,1.0,1.0,0.2737744482,0.3147708738,0.04905414581,0.05230474472
1136,1.0,0.0,0.0,0.0,1.0,1.0,0.2676191798,0.3098628327,0.04788631201,0.05113786459
1137,1.0,0.0,0.0,0.0,1.0,1.0,0.268384054,0.3076573082,0.04739129543,0.0502986908
1138,1.0,0.0,0.0,0.0,1.0,1.0,0.2666269271,0.308338213,0.04804241657,0.05128449202
1139,1.0,0.0,0.0,0.0,1.0,1.0,0.2682624877,0.3083383529,0.0484854579,0.05144190788
1140,1.0,0.0,0.0,0.0,1.0,1.0,0.2703410621,0.3118824466,0.04826450348,0.05148208141
1141,1.0,0.0,0.0,0.0,1.0,1.0,0.2662985576,0.3058791658,0.04766702652,0.05060946941
1142,1.0,0.0,0.0,0.0,1.0,1.0,0.2679423766,0.3058788147,0.04797029495,0.05061894655
1143,1.0,0.0,0.0,0.0,1.0,1.0,0.2675023356,0.3083383349,0.04816246033,0.05141270161
1144,1.0,0.0,0.0,0.0,1.0,1.0,0.2620685844,0.3001859006,0.04790949821,0.05058771372
1145,1.0,0.0,0.0,0.0,1.0,1.0,0.2571855125,0.3019513466,0.04616481066,0.04996311665
1146,1.0,0.0,0.0,0.0,1.0,1.0,0.2543438493,0.2977057914,0.04596167803,0.04949718714
1147,1.0,0.0,0.0,0.0,1.0,1.0,0.254343831,0.2994779154,0.04591715336,0.04974359274
1148,1.0,0.0,0.0,0.0,1.0,1.0,0.2506745403,0.2959340176,0.04566729069,0.04952228069
1149,1.0,0.0,0.0,0.0,1.0,1.0,0.2482275076,0.2952088488,0.04467523098,0.04879003763
1150,1.0,0.0,0.0,0.0,1.0,1.0,0.2379623752,0.2883696256,0.04266226292,0.04736983776
1151,1.0,0.0,0.0,0.0,1.0,1.0,0.2404549349,0.2906175615,0.04325991869,0.04826271534
1152,1.0,0.0,0.0,0.0,1.0,1.0,0.2367955599,0.287339506,0.04232102633,0.04699099064
1153,1.0,0.0,0.0,0.0,1.0,1.0,0.2376521713,0.2880950446,0.04264897108,0.0473228097
1154,1.0,0.0,0.0,0.0,1.0,1.0,0.2373472332,0.2870738469,0.04276245832,0.04712599516
1155,1.0,0.0,0.0,0.0,1.0,1.0,0.2338435053,0.2878252467,0.04172843695,0.04658728838
1156,1.0,0.0,0.0,0.0,1.0,1.0,0.2370469423,0.2888455828,0.04240196943,0.04669946432
1157,1.0,0.0,0.0,0.0,1.0,1.0,0.2438829524,0.2973692658,0.04434007406,0.0489769578
1158,1.0,0.0,0.0,0.0,1.0,1.0,0.2361140926,0.2952086628,0.04185932875,0.04759347439
1159,1.0,0.0,0.0,0.0,1.0,1.0,0.2418520906,0.2998326982,0.04400235415,0.04895627499
1160,1.0,0.0,0.0,0.0,1.0,1.0,0.2381921929,0.2962631054,0.04286646843,0.0480799675
1161,1.0,0.0,0.0,0.0,1.0,1.0,0.2394161411,0.2980478377,0.04383218288,0.04912734032
1162,1.0,0.0,0.0,0.0,1.0,1.0,0.2450246706,0.299832294,0.04455339909,0.04924315214
1163,1.0,0.0,0.0,0.0,1.0,1.0,0.2413564776,0.3001920934,0.04309922457,0.0483058095
1164,1.0,0.0,0.0,0.0,1.0,1.0,0.2393482306,0.3019896634,0.04290193319,0.04869955778
1165,1.0,0.0,0.0,0.0,1.0,1.0,0.2373472049,0.2991162053,0.04277479649,0.0485945344
1166,1.0,0.0,0.0,0.0,1.0,1.0,0.2369645558,0.2991161337,0.04249972105,0.04828196764
1167,1.0,0.0,0.0,0.0,1.0,1.0,0.2397361745,0.2973248514,0.04285210371,0.04806387424
1168,1.0,0.0,0.0,0.0,1.0,1.0,0.2325033557,0.2901605767,0.04100352526,0.04612898827
1169,1.0,0.0,0.0,0.0,1.0,1.0,0.2289046586,0.2827603574,0.04046440125,0.04530870914
1170,1.0,0.0,0.0,0.0,1.0,1.0,0.2311412703,0.2792032772,0.04034769535,0.04460972548
1171,1.0,0.0,0.0,0.0,1.0,1.0,0.1942902783,0.2507624618,0.03449362516,0.04063230753
1172,1.0,0.0,0.0,0.0,1.0,1.0,0.1415876485,0.2204651955,0.02426713705,0.03425949812
1173,1.0,0.0,0.0,0.0,1.0,1.0,0.1131441832,0.220850377,0.01881325245,0.03363585472
1174,1.0,0.0,0.0,0.0,1.0,1.0,0.1040375192,0.218161462,0.0177423358,0.03403031826
1175,1.0,0.0,0.0,0.0,1.0,1.0,0.1047523751,0.2254376633,0.01777893305,0.03497493267
1176,1.0,0.0,0.0,0.0,1.0,1.0,0.1131442296,0.2189788082,0.01948720217,0.03454554081
1177,1.0,0.0,0.0,0.0,1.0,1.0,0.1264050734,0.2031834983,0.02200525999,0.03256779909
1178,1.0,0.0,0.0,0.0,1.0,1.0,0.1581608961,0.2178269795,0.02778255939,0.03517150879
1179,1.0,0.0,0.0,0.0,1.0,1.0,0.1929039335,0.2498603465,0.03430992365,0.04081696272
1180,1.0,0.0,0.0,0.0,1.0,1.0,0.2008925687,0.2535079422,0.03585523367,0.04153233767
1181,1.0,0.0,0.0,0.0,1.0,1.0,0.2333134062,0.2796272809,0.04155230522,0.04567807913
1182,1.0,0.0,0.0,0.0,1.0,1.0,0.2436860446,0.2926939545,0.04394441843,0.04869520664
1183,1.0,0.0,0.0,0.0,1.0,1.0,0.2461678872,0.2916521406,0.04360032082,0.04766970873
1184,1.0,0.0,0.0,0.0,1.0,1.0,0.2469976906,0.2923898195,0.04433125257,0.04844146967
1185,1.0,0.0,0.0,0.0,1.0,1.0,0.2461921762,0.2952087435,0.04432088137,0.04872357845
1186,1.0,0.0,0.0,0.0,1.0,1.0,0.2396037743,0.2916521889,0.04320287704,0.04852920771
1187,1.0,0.0,0.0,0.0,1.0,1.0,0.2429312329,0.2944782743,0.04376572371,0.04846537113
1188,1.0,0.0,0.0,0.0,1.0,1.0,0.2347792009,0.2891242693,0.04214525223,0.04741340876
1189,1.0,0.0,0.0,0.0,1.0,1.0,0.2298881653,0.2837697531,0.04109996557,0.04634666443
1190,1.0,0.0,0.0,0.0,1.0,1.0,0.2268468325,0.2768238891,0.03997993469,0.04461532831
1191,1.0,0.0,0.0,0.0,1.0,1.0,0.2261030557,0.2748463713,0.04141139984,0.04621273279
1192,1.0,0.0,0.0,0.0,1.0,1.0,0.2252032452,0.2758317185,0.03981512785,0.04475569725
1193,1.0,0.0,0.0,0.0,1.0,1.0,0.2230159973,0.2750261862,0.03963196278,0.04491621256
1194,1.0,0.0,0.0,0.0,1.0,1.0,0.2306404109,0.2847870333,0.04146152735,0.04675447941
1195,1.0,0.0,0.0,0.0,1.0,1.0,0.226474516,0.2794138458,0.03997796774,0.04519248009
1196,1.0,0.0,0.0,0.0,1.0,1.0,0.2177001541,0.2704585141,0.03830057383,0.04381358624
1197,1.0,0.0,0.0,0.0,1.0,1.0,0.2195497036,0.2740403736,0.0389560461,0.04447960854
1198,1.0,0.0,0.0,0.0,1.0,1.0,0.2091089427,0.2642409279,0.03697955608,0.04280310869
1199,1.0,0.0,0.0,0.0,1.0,1.0,0.2074003707,0.2624435056,0.03694456816,0.04247176647
1200,1.0,0.0,0.0,0.0,1.0,1.0,0.2031654928,0.2624431039,0.03588438034,0.04225087166
1201,1.0,0.0,0.0,0.0,1.0,1.0,0.1985644899,0.2579785834,0.03504991531,0.04176783562
1202,1.0,0.0,0.0,0.0,1.0,1.0,0.200216638,0.2589133854,0.03532975912,0.04141110182
1203,1.0,0.0,0.0,0.0,1.0,1.0,0.2054316353,0.2642408305,0.03637671471,0.04243952036
1204,1.0,0.0,0.0,0.0,1.0,1.0,0.198236654,0.2561744961,0.03425782919,0.04053837061
1205,1.0,0.0,0.0,0.0,1.0,1.0,0.2025445737,0.2607236837,0.03537887335,0.0417586565
1206,1.0,0.0,0.0,0.0,1.0,1.0,0.1925833499,0.2544036158,0.03322410583,0.0400981307
1207,1.0,0.0,0.0,0.0,1.0,1.0,0.1985645901,0.2571027961,0.03507876396,0.04150986671
1208,1.0,0.0,0.0,0.0,1.0,1.0,0.2002195216,0.2616718219,0.03526031971,0.0419626236
1209,1.0,0.0,0.0,0.0,1.0,1.0,0.2051400758,0.2606460602,0.03610426188,0.04188096523
1210,1.0,0.0,0.0,0.0,1.0,1.0,0.2021895741,0.2588484503,0.03520667553,0.04121762514
1211,1.0,0.0,0.0,0.0,1.0,1.0,0.2005459249,0.2570510681,0.03508913517,0.04112911224
1212,1.0,0.0,0.0,0.0,1.0,1.0,0.208764808,0.2632936098,0.03679060936,0.04258441925
1213,1.0,0.0,0.0,0.0,1.0,1.0,0.2062077848,0.2597827614,0.03644871712,0.04232752323
1214,1.0,0.0,0.0,0.0,1.0,1.0,0.2031924181,0.2642411295,0.03556936979,0.04250973463
1215,1.0,0.0,0.0,0.0,1.0,1.0,0.2166276649,0.2712770756,0.0386005044,0.04444909096
1216,1.0,0.0,0.0,0.0,1.0,1.0,0.2230026091,0.2728974228,0.04000192881,0.04496568441
1217,1.0,0.0,0.0,0.0,1.0,1.0,0.2255740538,0.2748468132,0.03958880901,0.04450136423
1218,1.0,0.0,0.0,0.0,1.0,1.0,0.2293799802,0.2802007898,0.04106420279,0.04605060816
1219,1.0,0.0,0.0,0.0,1.0,1.0,0.2539037748,0.297369493,0.04571986198,0.0492143631
1220,1.0,0.0,0.0,0.0,1.0,1.0,0.2502641717,0.2977060411,0.04396992922,0.0476577282
1221,1.0,0.0,0.0,0.0,1.0,1.0,0.2462157851,0.3012503688,0.04385876656,0.04905259609
1222,1.0,0.0,0.0,0.0,1.0,1.0,0.2470164072,0.2973692169,0.04438573122,0.04934996367
1223,1.0,0.0,0.0,0.0,1.0,1.0,0.2547276893,0.3008883142,0.04594767094,0.05004495382
1224,1.0,0.0,0.0,0.0,1.0,1.0,0.2453623657,0.2916521528,0.04354596138,0.04761022329
1225,1.0,0.0,0.0,0.0,1.0,1.0,0.2329276819,0.28299613,0.04113262892,0.04609191418
1226,1.0,0.0,0.0,0.0,1.0,1.0,0.2266944005,0.2786212233,0.04002708197,0.04528611898
1227,1.0,0.0,0.0,0.0,1.0,1.0,0.2217302817,0.2778229959,0.0395308733,0.04543101788
1228,1.0,0.0,0.0,0.0,1.0,1.0,0.2091855689,0.2661556933,0.03675061464,0.04287570715
1229,1.0,0.0,0.0,0.0,1.0,1.0,0.2208070393,0.2733979678,0.03930312395,0.04462230206
1230,1.0,0.0,0.0,0.0,1.0,1.0,0.2208072257,0.2706068685,0.0385838747,0.04351556301
1231,1.0,0.0,0.0,0.0,1.0,1.0,0.221730264,0.2752086893,0.03903394938,0.04427736998
1232,1.0,0.0,0.0,0.0,1.0,1.0,0.2254130465,0.2760191684,0.0397452116,0.04471337795
1233,1.0,0.0,0.0,0.0,1.0,1.0,0.2245003602,0.2742151774,0.03991228342,0.04493826628
1234,1.0,0.0,0.0,0.0,1.0,1.0,0.2213637988,0.2722492519,0.0395796299,0.04489630461
1235,1.0,0.0,0.0,0.0,1.0,1.0,0.220440821,0.270607011,0.0387660861,0.04372113943
1236,1.0,0.0,0.0,0.0,1.0,1.0,0.2197119274,0.2686670616,0.03888124228,0.04385101795
1237,1.0,0.0,0.0,0.0,1.0,1.0,0.220998594,0.2714311359,0.03918993473,0.04416179657
1238,1.0,0.0,0.0,0.0,1.0,1.0,0.2197118121,0.2696335802,0.03921329975,0.04422557354
1239,1.0,0.0,0.0,0.0,1.0,1.0,0.2200757475,0.2696336037,0.03890627623,0.04387927055
1240,1.0,0.0,0.0,0.0,1.0,1.0,0.2200760509,0.2696338155,0.0392884016,0.04431021214
1241,1.0,0.0,0.0,0.0,1.0,1.0,0.2177000633,0.2704579802,0.03887414932,0.04446965456
1242,1.0,0.0,0.0,0.0,1.0,1.0,0.2187832469,0.2686671999,0.03834062815,0.04356890917
1243,1.0,0.0,0.0,0.0,1.0,1.0,0.2184208198,0.264240987,0.03859686852,0.04298293591
1244,1.0,0.0,0.0,0.0,1.0,1.0,0.2222812709,0.2730620244,0.03856742382,0.04370975494
1245,1.0,0.0,0.0,0.0,1.0,1.0,0.2222811024,0.2766313693,0.0401403904,0.04608714581
1246,1.0,0.0,0.0,0.0,1.0,1.0,0.2257331813,0.2748465754,0.04076325893,0.04548943043
1247,1.0,0.0,0.0,0.0,1.0,1.0,0.2242969141,0.2730616513,0.03966730833,0.04462575912
1248,1.0,0.0,0.0,0.0,1.0,1.0,0.2189880381,0.2704584362,0.03946328163,0.04480421543
1249,1.0,0.0,0.0,0.0,1.0,1.0,0.2279720622,0.2784162756,0.04048186541,0.04576212168
1250,1.0,0.0,0.0,0.0,1.0,1.0,0.239603553,0.2853019526,0.04270464182,0.04709213972
1251,1.0,0.0,0.0,0.0,1.0,1.0,0.2350663253,0.285301798,0.04163366556,0.04687422514
1252,1.0,0.0,0.0,0.0,1.0,1.0,0.2255741534,0.2764416251,0.04041284323,0.04601758718
1253,1.0,0.0,0.0,0.0,1.0,1.0,0.2336356198,0.2813114077,0.04241031408,0.04741710424
1254,1.0,0.0,0.0,0.0,1.0,1.0,0.2328794442,0.2768487246,0.04148304462,0.04580420256
1255,1.0,0.0,0.0,0.0,1.0,1.0,0.2347790302,0.2795642457,0.04197943211,0.04664385319
1256,1.0,0.0,0.0,0.0,1.0,1.0,0.2266273694,0.2690807322,0.04055327177,0.04492950439
1257,1.0,0.0,0.0,0.0,1.0,1.0,0.210755418,0.2595724845,0.03722476959,0.04275035858
1258,1.0,0.0,0.0,0.0,1.0,1.0,0.2087650345,0.2587208071,0.03674852848,0.04224634171
1259,1.0,0.0,0.0,0.0,1.0,1.0,0.2201054491,0.2673334991,0.03906774521,0.04427683353
1260,1.0,0.0,0.0,0.0,1.0,1.0,0.212752423,0.2595723949,0.03753757477,0.04277539253
1261,1.0,0.0,0.0,0.0,1.0,1.0,0.2179113552,0.271932978,0.03897833824,0.04513275623
1262,1.0,0.0,0.0,0.0,1.0,1.0,0.192903906,0.2329661152,0.0340385437,0.0384401083
1263,1.0,0.0,0.0,0.0,1.0,1.0,0.1395771922,0.1862429797,0.02400583029,0.02993321419
1264,1.0,0.0,0.0,0.0,1.0,1.0,0.1247167047,0.1830479529,0.02140617371,0.02932351828
1265,1.0,0.0,0.0,0.0,1.0,1.0,0.1238697276,0.1944367543,0.02144861221,0.03143835068
1266,1.0,0.0,0.0,0.0,1.0,1.0,0.1168838802,0.199164052,0.02035778761,0.03245443106
1267,1.0,0.0,0.0,0.0,1.0,1.0,0.1289601098,0.1835336568,0.02235263586,0.02970546484
1268,1.0,0.0,0.0,0.0,1.0,1.0,0.1410976906,0.1905409136,0.02422183752,0.03056561947
1269,1.0,0.0,0.0,0.0,1.0,1.0,0.1765678663,0.2248743945,0.03060591221,0.03638064861
1270,1.0,0.0,0.0,0.0,1.0,1.0,0.2139328682,0.2585966333,0.0381346941,0.04308342934
1271,1.0,0.0,0.0,0.0,1.0,1.0,0.2302635217,0.2733664979,0.04002004862,0.0445613265
1272,1.0,0.0,0.0,0.0,1.0,1.0,0.2360243901,0.2768490674,0.0421898365,0.04626339674
1273,1.0,0.0,0.0,0.0,1.0,1.0,0.2322761476,0.2751078478,0.04126423597,0.04591375589
1274,1.0,0.0,0.0,0.0,1.0,1.0,0.2392800436,0.2793578357,0.04292905331,0.04701751471
1275,1.0,0.0,0.0,0.0,1.0,1.0,0.233529897,0.2758878326,0.04137074947,0.04599964619
1276,1.0,0.0,0.0,0.0,1.0,1.0,0.2377315115,0.2776226926,0.04235476255,0.04610037804
1277,1.0,0.0,0.0,0.0,1.0,1.0,0.2356405016,0.2768488397,0.04265916348,0.04677802324
1278,1.0,0.0,0.0,0.0,1.0,1.0,0.2384291854,0.2830587286,0.0418599844,0.04644733667
1279,1.0,0.0,0.0,0.0,1.0,1.0,0.1998882463,0.2418579636,0.03606677055,0.0408757329
1280,1.0,0.0,0.0,0.0,1.0,1.0,0.1754875053,0.2167248454,0.03052639961,0.0351780057
1281,1.0,0.0,0.0,0.0,1.0,1.0,0.1757813587,0.2159505609,0.03077852726,0.03546851873
1282,1.0,0.0,0.0,0.0,1.0,1.0,0.2087652317,0.2489837967,0.0364997983,0.04081076384
1283,1.0,0.0,0.0,0.0,1.0,1.0,0.2307655222,0.2708275383,0.0405125618,0.04422140121
1284,1.0,0.0,0.0,0.0,1.0,1.0,0.2429309603,0.2828281508,0.04245048761,0.04643917084
1285,1.0,0.0,0.0,0.0,1.0,1.0,0.2514832114,0.2887658839,0.04468500614,0.04814440012
1286,1.0,0.0,0.0,0.0,1.0,1.0,0.245024587,0.2826007692,0.04375898838,0.04721361399
1287,1.0,0.0,0.0,0.0,1.0,1.0,0.236582891,0.2791544809,0.04219847918,0.04650443792
1288,1.0,0.0,0.0,0.0,1.0,1.0,0.2289042709,0.2705384982,0.04089093208,0.04521042109
1289,1.0,0.0,0.0,0.0,1.0,1.0,0.2310105205,0.2747607469,0.04287588596,0.04763990641
1290,1.0,0.0,0.0,0.0,1.0,1.0,0.2256805435,0.2741525836,0.04183864594,0.04721790552
1291,1.0,0.0,0.0,0.0,1.0,1.0,0.2391009172,0.2840880425,0.04300457239,0.04759174585
1292,1.0,0.0,0.0,0.0,1.0,1.0,0.244696557,0.2811990147,0.04300123453,0.04635196924
1293,1.0,0.0,0.0,0.0,1.0,1.0,0.2356280298,0.2814130027,0.0455738306,0.05046766996
1294,1.0,0.0,0.0,0.0,1.0,1.0,0.2313821323,0.2713260882,0.0403009057,0.04421901703
1295,1.0,0.0,0.0,0.0,1.0,1.0,0.1985862824,0.2358823576,0.03555560112,0.03934431076
1296,1.0,0.0,0.0,0.0,1.0,1.0,0.1881110424,0.2261897151,0.03214508295,0.0360584259
1297,1.0,0.0,0.0,0.0,1.0,1.0,0.2121992554,0.2481254974,0.03738170862,0.04080599546
1298,1.0,0.0,0.0,0.0,1.0,1.0,0.2359131268,0.2730435711,0.04172426462,0.04482537508
1299,1.0,0.0,0.0,0.0,1.0,1.0,0.2534469423,0.2909332976,0.04416030645,0.04721540213
1300,1.0,0.0,0.0,0.0,1.0,1.0,0.2718608941,0.3035218077,0.04783463478,0.05004662275
1301,1.0,0.0,0.0,0.0,1.0,1.0,0.273149074,0.3079088059,0.04878604412,0.05160605907
1302,1.0,0.0,0.0,0.0,1.0,1.0,0.2660954338,0.2978135239,0.04733264446,0.04986834526
1303,1.0,0.0,0.0,0.0,1.0,1.0,0.2672558245,0.2988196958,0.04750227928,0.04975092411
1304,1.0,0.0,0.0,0.0,1.0,1.0,0.2693869838,0.3025522816,0.04681718349,0.04931044579
1305,1.0,0.0,0.0,0.0,1.0,1.0,0.2721409355,0.3025519785,0.04743999243,0.04938197136
1306,1.0,0.0,0.0,0.0,1.0,1.0,0.2702492882,0.301879313,0.04736965895,0.04961198568
1307,1.0,0.0,0.0,0.0,1.0,1.0,0.2631810579,0.2970850122,0.04508042336,0.04784607887
1308,1.0,0.0,0.0,0.0,1.0,1.0,0.2579202402,0.2970847091,0.04471850395,0.04835188389
1309,1.0,0.0,0.0,0.0,1.0,1.0,0.2655519624,0.2977788749,0.04595398903,0.04846060276
1310,1.0,0.0,0.0,0.0,1.0,1.0,0.265980508,0.2988022184,0.04616218805,0.04868012667
1311,1.0,0.0,0.0,0.0,1.0,1.0,0.2607942366,0.2974115312,0.04483765364,0.04790109396
1312,1.0,0.0,0.0,0.0,1.0,1.0,0.262495966,0.2987843496,0.04524517059,0.04805546999
1313,1.0,0.0,0.0,0.0,1.0,1.0,0.262925067,0.2984444241,0.0451798439,0.04826664925
1314,1.0,0.0,0.0,0.0,1.0,1.0,0.2661910609,0.2984444699,0.04553866386,0.0480530858
1315,1.0,0.0,0.0,0.0,1.0,1.0,0.2560145801,0.28830046,0.0439158082,0.04644942284
1316,1.0,0.0,0.0,0.0,1.0,1.0,0.2727236758,0.304708002,0.04673314095,0.0489718318
1317,1.0,0.0,0.0,0.0,1.0,1.0,0.2827690761,0.3118946824,0.04782158136,0.04974538088
1318,1.0,0.0,0.0,0.0,1.0,1.0,0.2697682425,0.2998326051,0.04651647806,0.04875820875
1319,1.0,0.0,0.0,0.0,1.0,1.0,0.2650908272,0.2987844424,0.0465618372,0.04945391417
1320,1.0,0.0,0.0,0.0,1.0,1.0,0.2676191982,0.3050929624,0.04470360279,0.04801499844
1321,1.0,0.0,0.0,0.0,1.0,1.0,0.2686314319,0.3019516206,0.04649728537,0.04938530922
1322,1.0,0.0,0.0,0.0,1.0,1.0,0.2727264215,0.2991284052,0.04644238949,0.04814141989
1323,1.0,0.0,0.0,0.0,1.0,1.0,0.2704758617,0.3026479398,0.04614663124,0.04839771986
1324,1.0,0.0,0.0,0.0,1.0,1.0,0.2701643745,0.3019514597,0.04557019472,0.04780673981
1325,1.0,0.0,0.0,0.0,1.0,1.0,0.2680620464,0.2980788634,0.04589498043,0.04816138744
1326,1.0,0.0,0.0,0.0,1.0,1.0,0.2701643335,0.2966541519,0.04577237368,0.04717642069
1327,1.0,0.0,0.0,0.0,1.0,1.0,0.2791826799,0.3050927957,0.04674559832,0.04812866449
1328,1.0,0.0,0.0,0.0,1.0,1.0,0.2725750456,0.3026479627,0.04630738497,0.04827195406
1329,1.0,0.0,0.0,0.0,1.0,1.0,0.2766164701,0.3022786466,0.04730004072,0.04870778322
1330,1.0,0.0,0.0,0.0,1.0,1.0,0.2746809754,0.3033396348,0.046004951,0.04794496298
1331,1.0,0.0,0.0,0.0,1.0,1.0,0.2783679433,0.3054831568,0.04631382227,0.04826682806
1332,1.0,0.0,0.0,0.0,1.0,1.0,0.2816762491,0.3080717812,0.04723668098,0.04894405603
1333,1.0,0.0,0.0,0.0,1.0,1.0,0.2752336943,0.304883984,0.04570859671,0.04827970266
1334,1.0,0.0,0.0,0.0,1.0,1.0,0.2767683842,0.3005569569,0.04524558783,0.04636281729
1335,1.0,0.0,0.0,0.0,1.0,1.0,0.2693412434,0.2965972059,0.04544848204,0.04716354609
1336,1.0,0.0,0.0,0.0,1.0,1.0,0.2710350654,0.2983945987,0.04400712252,0.04565739632
1337,1.0,0.0,0.0,0.0,1.0,1.0,0.265827516,0.2936318182,0.04411888123,0.0461242795
1338,1.0,0.0,0.0,0.0,1.0,1.0,0.2593706186,0.2855547068,0.04212117195,0.04380601645
1339,1.0,0.0,0.0,0.0,1.0,1.0,0.2628289757,0.288929678,0.0427300334,0.04469788074
1340,1.0,0.0,0.0,0.0,1.0,1.0,0.2624622659,0.2910463123,0.04313886166,0.04542434216
1341,1.0,0.0,0.0,0.0,1.0,1.0,0.2598899991,0.2847674206,0.04205608368,0.04374957085
1342,1.0,0.0,0.0,0.0,1.0,1.0,0.2603440891,0.2858182875,0.04235804081,0.04406374693
1343,1.0,0.0,0.0,0.0,1.0,1.0,0.2595040989,0.287943388,0.04202222824,0.04400980473
1344,1.0,0.0,0.0,0.0,1.0,1.0,0.2591145816,0.2901003581,0.04169404507,0.04396313429
1345,1.0,0.0,0.0,0.0,1.0,1.0,0.2555890159,0.2882285729,0.04113966227,0.04369318485
1346,1.0,0.0,0.0,0.0,1.0,1.0,0.254274722,0.2847467327,0.04112029076,0.04311925173
1347,1.0,0.0,0.0,0.0,1.0,1.0,0.2572995024,0.2860854207,0.04207158089,0.0440749526
1348,1.0,0.0,0.0,0.0,1.0,1.0,0.2722557452,0.2987264031,0.04393333197,0.04591745138
1349,1.0,0.0,0.0,0.0,1.0,1.0,0.2719326941,0.2990897002,0.04403591156,0.04603761435
1350,1.0,0.0,0.0,0.0,1.0,1.0,0.2727350142,0.3002054686,0.04405033588,0.04575550556
1351,1.0,0.0,0.0,0.0,1.0,1.0,0.2735314091,0.3009473066,0.04401946068,0.04571253061
1352,1.0,0.0,0.0,0.0,1.0,1.0,0.2730524839,0.3020700667,0.04480165243,0.04652476311
1353,1.0,0.0,0.0,0.0,1.0,1.0,0.2704989494,0.298340966,0.04477727413,0.04652190208
1354,1.0,0.0,0.0,0.0,1.0,1.0,0.2760695771,0.2998328937,0.04431951046,0.0454415679
1355,1.0,0.0,0.0,0.0,1.0,1.0,0.2762543445,0.2979819366,0.04450148344,0.04563528299
1356,1.0,0.0,0.0,0.0,1.0,1.0,0.2658089517,0.2930693192,0.04330873489,0.04504108429
1357,1.0,0.0,0.0,0.0,1.0,1.0,0.2680563508,0.2957148662,0.04485803843,0.04693752527
1358,1.0,0.0,0.0,0.0,1.0,1.0,0.2701670612,0.2946116395,0.04448616505,0.04593998194
1359,1.0,0.0,0.0,0.0,1.0,1.0,0.2703117677,0.2968267323,0.04385775328,0.04558897018
1360,1.0,0.0,0.0,0.0,1.0,1.0,0.2733822648,0.2964761956,0.04381740093,0.04523998499
1361,1.0,0.0,0.0,0.0,1.0,1.0,0.2741830026,0.296826701,0.04461568594,0.04547923803
1362,1.0,0.0,0.0,0.0,1.0,1.0,0.2761379646,0.3024627519,0.04423874617,0.04595124722
1363,1.0,0.0,0.0,0.0,1.0,1.0,0.2736987991,0.3013296123,0.04571312666,0.04748260975
1364,1.0,0.0,0.0,0.0,1.0,1.0,0.2694925679,0.2922893891,0.04265505075,0.0437849164
1365,1.0,0.0,0.0,0.0,1.0,1.0,0.2690120337,0.2960612462,0.04395258427,0.04569905996
1366,1.0,0.0,0.0,0.0,1.0,1.0,0.2677078842,0.2960611009,0.04253804684,0.04452311993
1367,1.0,0.0,0.0,0.0,1.0,1.0,0.270167395,0.3005839861,0.04397904873,0.04599112272
1368,1.0,0.0,0.0,0.0,1.0,1.0,0.2703115397,0.2987055007,0.04339838028,0.04539704323
1369,1.0,0.0,0.0,0.0,1.0,1.0,0.2681866452,0.2941753528,0.04361909628,0.04536384344
1370,1.0,0.0,0.0,0.0,1.0,1.0,0.2709438027,0.2904036822,0.04415619373,0.0450334549
1371,1.0,0.0,0.0,0.0,1.0,1.0,0.2683184725,0.2933963594,0.04364389181,0.04540133476
1372,1.0,0.0,0.0,0.0,1.0,1.0,0.2796272989,0.3021130175,0.04539990425,0.04657155275
1373,1.0,0.0,0.0,0.0,1.0,1.0,0.2748464175,0.3017183476,0.04429930449,0.04602527618
1374,1.0,0.0,0.0,0.0,1.0,1.0,0.2824898709,0.3047541631,0.04539471865,0.04625666142
1375,1.0,0.0,0.0,0.0,1.0,1.0,0.278707302,0.3024628566,0.04567778111,0.0468416214
1376,1.0,0.0,0.0,0.0,1.0,1.0,0.2768235254,0.3028614521,0.04455935955,0.04629552364
1377,1.0,0.0,0.0,0.0,1.0,1.0,0.2785326894,0.3029197966,0.04495453835,0.04612988234
1378,1.0,0.0,0.0,0.0,1.0,1.0,0.2748921326,0.3029196923,0.04419189692,0.04594784975
1379,1.0,0.0,0.0,0.0,1.0,1.0,0.2806403945,0.3025131197,0.04571282864,0.04659759998
1380,1.0,0.0,0.0,0.0,1.0,1.0,0.2832353007,0.3063423826,0.04520350695,0.04606729746
1381,1.0,0.0,0.0,0.0,1.0,1.0,0.2829958987,0.2990751067,0.04613006115,0.04613006115
1382,1.0,0.0,0.0,0.0,1.0,1.0,0.286326478,0.3097131737,0.04604566097,0.04720407724
1383,1.0,0.0,0.0,0.0,1.0,1.0,0.2878538488,0.3054899757,0.04496324062,0.04524248838
1384,1.0,0.0,0.0,0.0,1.0,1.0,0.2837699255,0.3024627722,0.04616439342,0.04674512148
1385,1.0,0.0,0.0,0.0,1.0,1.0,0.279414021,0.3028611068,0.04605156183,0.04723232985
1386,1.0,0.0,0.0,0.0,1.0,1.0,0.2802006123,0.3059130612,0.0463219285,0.04750216007
1387,1.0,0.0,0.0,0.0,1.0,1.0,0.2814312169,0.3040130308,0.04588115215,0.04705762863
1388,1.0,0.0,0.0,0.0,1.0,1.0,0.2808651332,0.3044279856,0.04638499022,0.04789102077
1389,1.0,0.0,0.0,0.0,1.0,1.0,0.2803537399,0.2998324842,0.0459920764,0.04658931494
1390,1.0,0.0,0.0,0.0,1.0,1.0,0.2826887079,0.3005981588,0.04538726807,0.0459728837
1391,1.0,0.0,0.0,0.0,1.0,1.0,0.2811497801,0.2967692062,0.04484903812,0.04484903812
1392,1.0,0.0,0.0,0.0,1.0,1.0,0.2813785626,0.3009901639,0.04541522264,0.0460050106
1393,1.0,0.0,0.0,0.0,1.0,1.0,0.2777244061,0.2952020673,0.04520124197,0.04549860954
1394,1.0,0.0,0.0,0.0,1.0,1.0,0.2772174006,0.2940666514,0.04493260384,0.04522824287
1395,1.0,0.0,0.0,0.0,1.0,1.0,0.2757083062,0.2963458757,0.04379689693,0.04408496618
1396,1.0,0.0,0.0,0.0,1.0,1.0,0.2822165345,0.3113648136,0.04715394974,0.04865568876
1397,1.0,0.0,0.0,0.0,1.0,1.0,0.2750260045,0.3063420408,0.04440271854,0.04643422365
1398,1.0,0.0,0.0,0.0,1.0,1.0,0.2715871952,0.2990606077,0.04371392727,0.04517108202
1399,1.0,0.0,0.0,0.0,1.0,1.0,0.2852952284,0.3106372384,0.045758605,0.04692441225
1400,1.0,0.0,0.0,0.0,1.0,1.0,0.2780265507,0.3060304321,0.04520475864,0.04668200016
1401,1.0,0.0,0.0,0.0,1.0,1.0,0.2829304193,0.3155101889,0.04455691576,0.04658222198
1402,1.0,0.0,0.0,0.0,1.0,1.0,0.271408,0.3037519484,0.04329919815,0.04534715414
1403,1.0,0.0,0.0,0.0,1.0,1.0,0.2704159105,0.301387862,0.04442512989,0.04652625322
1404,1.0,0.0,0.0,0.0,1.0,1.0,0.2839943986,0.3155101071,0.04625177383,0.04773420095
1405,1.0,0.0,0.0,0.0,1.0,1.0,0.2699225033,0.2994438478,0.04374325275,0.04551661015
1406,1.0,0.0,0.0,0.0,1.0,1.0,0.2699226218,0.29475716,0.04341983795,0.04429990053
1407,1.0,0.0,0.0,0.0,1.0,1.0,0.2767124063,0.303332535,0.04442942142,0.04559862614
1408,1.0,0.0,0.0,0.0,1.0,1.0,0.2689406995,0.2994437412,0.04326611757,0.04502016306
1409,1.0,0.0,0.0,0.0,1.0,1.0,0.2767128083,0.3002198308,0.04426342249,0.04513698816
1410,1.0,0.0,0.0,0.0,1.0,1.0,0.2783255638,0.3048491915,0.04603683949,0.04723262787
1411,1.0,0.0,0.0,0.0,1.0,1.0,0.2768238315,0.3005984855,0.0445677042,0.04543590546
1412,1.0,0.0,0.0,0.0,1.0,1.0,0.2771262457,0.3025128612,0.04528391361,0.04616034031
1413,1.0,0.0,0.0,0.0,1.0,1.0,0.2797011834,0.3040128672,0.04709434509,0.04799425602
1414,1.0,0.0,0.0,0.0,1.0,1.0,0.2751568946,0.3047539905,0.04572916031,0.04749935865
1415,1.0,0.0,0.0,0.0,1.0,1.0,0.276932565,0.3059131196,0.04548686743,0.04694479704
1416,1.0,0.0,0.0,0.0,1.0,1.0,0.2761381853,0.3051731297,0.04647064209,0.04796969891
1417,1.0,0.0,0.0,0.0,1.0,1.0,0.2804828192,0.3028608313,0.04606568813,0.04664874077
1418,1.0,0.0,0.0,0.0,1.0,1.0,0.2730618825,0.300212452,0.04538869858,0.04687196016
1419,1.0,0.0,0.0,0.0,1.0,1.0,0.2707934037,0.3005984311,0.04475522041,0.04622745514
1420,1.0,0.0,0.0,0.0,1.0,1.0,0.2797012645,0.3051731902,0.04676783085,0.04766148329
1421,1.0,0.0,0.0,0.0,1.0,1.0,0.2804190036,0.3063422649,0.04659253359,0.04778718948
1422,1.0,0.0,0.0,0.0,1.0,1.0,0.2688027987,0.2982827276,0.04346245527,0.04492092133
1423,1.0,0.0,0.0,0.0,1.0,1.0,0.2724108334,0.300990308,0.04394006729,0.04539507627
1424,1.0,0.0,0.0,0.0,1.0,1.0,0.2697768475,0.3040934314,0.04370218515,0.0460485816
1425,1.0,0.0,0.0,0.0,1.0,1.0,0.2715871833,0.304517608,0.04467511177,0.04646217823
1426,1.0,0.0,0.0,0.0,1.0,1.0,0.2710962368,0.3033324591,0.04295271635,0.04467082024
1427,1.0,0.0,0.0,0.0,1.0,1.0,0.2701194309,0.3040935536,0.04435420036,0.04642403126
1428,1.0,0.0,0.0,0.0,1.0,1.0,0.2689406302,0.3033328002,0.04322230816,0.04555869102
1429,1.0,0.0,0.0,0.0,1.0,1.0,0.2666387909,0.2955548824,0.04314011335,0.0446074605
1430,1.0,0.0,0.0,0.0,1.0,1.0,0.2680984563,0.3057115278,0.04285150766,0.04547506571
1431,1.0,0.0,0.0,0.0,1.0,1.0,0.2714308392,0.3052771376,0.04407846928,0.04583001137
1432,1.0,0.0,0.0,0.0,1.0,1.0,0.2669991568,0.3002198411,0.04416912794,0.04625815153
1433,1.0,0.0,0.0,0.0,1.0,1.0,0.2745325105,0.3025132674,0.04458123446,0.04603815079
1434,1.0,0.0,0.0,0.0,1.0,1.0,0.2774251973,0.3051732251,0.04477334023,0.04592138529
1435,1.0,0.0,0.0,0.0,1.0,1.0,0.2746692488,0.2983125946,0.04473763704,0.04531490803
1436,1.0,0.0,0.0,0.0,1.0,1.0,0.266635326,0.2933966609,0.04361021519,0.04476547241
1437,1.0,0.0,0.0,0.0,1.0,1.0,0.2820292464,0.2987055759,0.04596751928,0.0456802845
1438,1.0,0.0,0.0,0.0,1.0,1.0,0.2680561175,0.2933967029,0.0433806181,0.04452979565
1439,1.0,0.0,0.0,0.0,1.0,1.0,0.2693528622,0.2904038909,0.04386007786,0.04443722963
1440,1.0,0.0,0.0,0.0,1.0,1.0,0.2772306358,0.2960610123,0.04650366306,0.04650360346
1441,1.0,0.0,0.0,0.0,1.0,1.0,0.281532814,0.2930695697,0.0442854166,0.04317831993
1442,1.0,0.0,0.0,0.0,1.0,1.0,0.2820293398,0.2975870057,0.04569172859,0.04540622234
1443,1.0,0.0,0.0,0.0,1.0,1.0,0.2858084307,0.2979470464,0.04632312059,0.04545998573
1444,1.0,0.0,0.0,0.0,1.0,1.0,0.2797013428,0.2933970021,0.04554533958,0.04496514797
1445,1.0,0.0,0.0,0.0,1.0,1.0,0.2774251099,0.3002127063,0.04546749592,0.04605042934
1446,1.0,0.0,0.0,0.0,1.0,1.0,0.27772089,0.2990756096,0.04580175877,0.0460935235
1447,1.0,0.0,0.0,0.0,1.0,1.0,0.2855547643,0.3009682793,0.04708367586,0.04678940773
1448,1.0,0.0,0.0,0.0,1.0,1.0,0.2875836623,0.3036042656,0.04759907722,0.04730528593
1449,1.0,0.0,0.0,0.0,1.0,1.0,0.2709437755,0.2956363459,0.04404294491,0.04520964622
1450,1.0,0.0,0.0,0.0,1.0,1.0,0.2742150346,0.2959884764,0.04516327381,0.04575753212
1451,1.0,0.0,0.0,0.0,1.0,1.0,0.2786215535,0.3005985349,0.04538244009,0.04596799612
1452,1.0,0.0,0.0,0.0,1.0,1.0,0.2835039689,0.306342396,0.04587513208,0.04645586014
1453,1.0,0.0,0.0,0.0,1.0,1.0,0.2786214125,0.3025129253,0.04545944929,0.04633927345
1454,1.0,0.0,0.0,0.0,1.0,1.0,0.2781211585,0.3005983144,0.04588103294,0.04647302628
1455,1.0,0.0,0.0,0.0,1.0,1.0,0.2771259626,0.2971826112,0.04542785883,0.04601407051
1456,1.0,0.0,0.0,0.0,1.0,1.0,0.2832640945,0.3085397734,0.0463821888,0.04754906893
1457,1.0,0.0,0.0,0.0,1.0,1.0,0.2784158401,0.3032657352,0.04478907585,0.04565042257
1458,1.0,0.0,0.0,0.0,1.0,1.0,0.274846571,0.3013584684,0.04514712095,0.04631978273
1459,1.0,0.0,0.0,0.0,1.0,1.0,0.2771263822,0.2994513674,0.04438793659,0.04496067762
1460,1.0,0.0,0.0,0.0,1.0,1.0,0.2766314641,0.3032656718,0.044906497,0.04606533051
1461,1.0,0.0,0.0,0.0,1.0,1.0,0.2794136032,0.301358524,0.04589343071,0.04648184776
1462,1.0,0.0,0.0,0.0,1.0,1.0,0.2819853306,0.3013583262,0.04677289724,0.04677289724
1463,1.0,0.0,0.0,0.0,1.0,1.0,0.2784160506,0.2983125436,0.04581540823,0.04610908031
1464,1.0,0.0,0.0,0.0,1.0,1.0,0.2797735027,0.3024627949,0.04667586088,0.04726296663
1465,1.0,0.0,0.0,0.0,1.0,1.0,0.2771416924,0.2998326762,0.04671043158,0.04729431868
1466,1.0,0.0,0.0,0.0,1.0,1.0,0.274322147,0.2953741379,0.04492068291,0.0454929471
1467,1.0,0.0,0.0,0.0,1.0,1.0,0.2700727018,0.2954557505,0.04474163055,0.0461665988
1468,1.0,0.0,0.0,0.0,1.0,1.0,0.2643572424,0.2896935121,0.0441622138,0.04558688402
1469,1.0,0.0,0.0,0.0,1.0,1.0,0.2689527714,0.289590705,0.0458356142,0.0464014411
1470,1.0,0.0,0.0,0.0,1.0,1.0,0.2617976748,0.2832923927,0.04509663582,0.04566389322
1471,1.0,0.0,0.0,0.0,1.0,1.0,0.2621483541,0.2822984753,0.04582446814,0.04611092806
1472,1.0,0.0,0.0,0.0,1.0,1.0,0.2474029331,0.2700245361,0.04374289513,0.04461193085
1473,1.0,0.0,0.0,0.0,1.0,1.0,0.246192222,0.2690805783,0.04340904951,0.04427146912
1474,1.0,0.0,0.0,0.0,1.0,1.0,0.2514724826,0.2689471877,0.0450245738,0.04473596811
1475,1.0,0.0,0.0,0.0,1.0,1.0,0.253903668,0.2768485663,0.04609423876,0.04668134451
1476,1.0,0.0,0.0,0.0,1.0,1.0,0.2531053379,0.2785899077,0.04544603825,0.04661130905
1477,1.0,0.0,0.0,0.0,1.0,1.0,0.2543149237,0.2768489585,0.04591190815,0.04649680853
1478,1.0,0.0,0.0,0.0,1.0,1.0,0.2534933261,0.2803312064,0.04570668936,0.0468711853
1479,1.0,0.0,0.0,0.0,1.0,1.0,0.2547278746,0.2803311138,0.04593205452,0.04710227251
1480,1.0,0.0,0.0,0.0,1.0,1.0,0.2502670134,0.2752849374,0.04545080662,0.04633617401
1481,1.0,0.0,0.0,0.0,1.0,1.0,0.2543150325,0.2803311825,0.04589891434,0.04706829786
1482,1.0,0.0,0.0,0.0,1.0,1.0,0.2523020215,0.2760693442,0.04526168108,0.04613769054
1483,1.0,0.0,0.0,0.0,1.0,1.0,0.2595951516,0.2803311002,0.04680562019,0.04709815979
1484,1.0,0.0,0.0,0.0,1.0,1.0,0.2514723622,0.2776226512,0.04573321342,0.04690587521
1485,1.0,0.0,0.0,0.0,1.0,1.0,0.2522707279,0.2766622618,0.04575932026,0.0466337204
1486,1.0,0.0,0.0,0.0,1.0,1.0,0.2559349957,0.2793579166,0.04609024525,0.04696536064
1487,1.0,0.0,0.0,0.0,1.0,1.0,0.2466154741,0.2690806291,0.04455071688,0.04513692856
1488,1.0,0.0,0.0,0.0,1.0,1.0,0.2531053329,0.2751074194,0.04607099295,0.04666161537
1489,1.0,0.0,0.0,0.0,1.0,1.0,0.2576048371,0.2785898366,0.04748547077,0.04808652401
1490,1.0,0.0,0.0,0.0,1.0,1.0,0.2567670171,0.2751075408,0.04679954052,0.04679954052
1491,1.0,0.0,0.0,0.0,1.0,1.0,0.2608659316,0.2783916685,0.0471637845,0.04745858908
1492,1.0,0.0,0.0,0.0,1.0,1.0,0.2539296367,0.2716254648,0.04598063231,0.04598069191
1493,1.0,0.0,0.0,0.0,1.0,1.0,0.2612177513,0.274932756,0.0477488637,0.04715567827
1494,1.0,0.0,0.0,0.0,1.0,1.0,0.2636964911,0.2793577808,0.04788678885,0.04759114981
1495,1.0,0.0,0.0,0.0,1.0,1.0,0.2603724368,0.2774312846,0.04770058393,0.04770058393
1496,1.0,0.0,0.0,0.0,1.0,1.0,0.2636067957,0.282600662,0.04793035984,0.04822438955
1497,1.0,0.0,0.0,0.0,1.0,1.0,0.2643684848,0.2808773326,0.04861611128,0.04831963778
1498,1.0,0.0,0.0,0.0,1.0,1.0,0.2433706321,0.2585364339,0.04395765066,0.04366463423
1499,1.0,0.0,0.0,0.0,1.0,1.0,0.2025446196,0.216960611,0.03646683693,0.03646683693
1500,1.0,0.0,0.0,0.0,1.0,1.0,0.1140184837,0.1721884222,0.01885479689,0.0271037221
1501,1.0,0.0,0.0,0.0,1.0,1.0,0.1220558791,0.1716024045,0.02042847872,0.02694189548
1502,1.0,0.0,0.0,0.0,1.0,1.0,0.127814809,0.1796749798,0.02136600018,0.02848803997
1503,1.0,0.0,0.0,0.0,1.0,1.0,0.1222721245,0.1759316203,0.01982563734,0.0270088315
1504,1.0,0.0,0.0,0.0,1.0,1.0,0.1224894017,0.167192948,0.02043557167,0.02665507793
1505,1.0,0.0,0.0,0.0,1.0,1.0,0.1602555201,0.1623643338,0.02772134542,0.02682709694
1506,1.0,0.0,0.0,0.0,1.0,1.0,0.2098829026,0.2199474813,0.03760719299,0.03730869293
1507,1.0,0.0,0.0,0.0,1.0,1.0,0.2551420837,0.2722617003,0.04597711563,0.04626995325
1508,1.0,0.0,0.0,0.0,1.0,1.0,0.2655521299,0.2831184083,0.04793304205,0.04822355509
1509,1.0,0.0,0.0,0.0,1.0,1.0,0.2664099681,0.285064133,0.04868763685,0.04898273945
1510,1.0,0.0,0.0,0.0,1.0,1.0,0.2575547633,0.2739850106,0.04671496153,0.04671496153
1511,1.0,0.0,0.0,0.0,1.0,1.0,0.2619898424,0.2696088342,0.04724341631,0.04578524828
1512,1.0,0.0,0.0,0.0,1.0,1.0,0.2640340087,0.272108236,0.04784876108,0.04667454958
1513,1.0,0.0,0.0,0.0,1.0,1.0,0.258755105,0.2669741508,0.04731452465,0.04613167048
1514,1.0,0.0,0.0,0.0,1.0,1.0,0.2579728542,0.2567057376,0.04672676325,0.04408180714
1515,1.0,0.0,0.0,0.0,1.0,1.0,0.2735994113,0.2787559713,0.05017989874,0.04840880632
1516,1.0,0.0,0.0,0.0,1.0,1.0,0.2655521823,0.2721082935,0.04829698801,0.04654073715
1517,1.0,0.0,0.0,0.0,1.0,1.0,0.2668414882,0.2713263436,0.04863709211,0.04657369852
1518,1.0,0.0,0.0,0.0,1.0,1.0,0.2612178298,0.2680166983,0.04737657309,0.0456110239
1519,1.0,0.0,0.0,0.0,1.0,1.0,0.2641265842,0.2705384384,0.04743540287,0.04597133398
1520,1.0,0.0,0.0,0.0,1.0,1.0,0.263607081,0.2713263631,0.04730117321,0.04585021734
1521,1.0,0.0,0.0,0.0,1.0,1.0,0.2575546955,0.2627400315,0.04668349028,0.044921875
1522,1.0,0.0,0.0,0.0,1.0,1.0,0.255934727,0.2575880903,0.04567795992,0.04336518049
1523,1.0,0.0,0.0,0.0,1.0,1.0,0.2591745667,0.2706821396,0.04686355591,0.04569196701
1524,1.0,0.0,0.0,0.0,1.0,1.0,0.2567225346,0.2653690356,0.04641121626,0.04495173693
1525,1.0,0.0,0.0,0.0,1.0,1.0,0.2559347677,0.2680166432,0.04553627968,0.04467171431
1526,1.0,0.0,0.0,0.0,1.0,1.0,0.2494525753,0.2594371052,0.04475432634,0.04358434677
1527,1.0,0.0,0.0,0.0,1.0,1.0,0.2583923037,0.2662873073,0.04646295309,0.04500186443
1528,1.0,0.0,0.0,0.0,1.0,1.0,0.2534933549,0.2610997861,0.04577714205,0.04402768612
1529,1.0,0.0,0.0,0.0,1.0,1.0,0.257554915,0.263645905,0.04661715031,0.04485797882
1530,1.0,0.0,0.0,0.0,1.0,1.0,0.2624143385,0.2706820701,0.046656847,0.04492878914
1531,1.0,0.0,0.0,0.0,1.0,1.0,0.2514829475,0.2602710113,0.04590207338,0.04442131519
1532,1.0,0.0,0.0,0.0,1.0,1.0,0.2587551564,0.2688154285,0.04696667194,0.04579252005
1533,1.0,0.0,0.0,0.0,1.0,1.0,0.2535169674,0.2662872378,0.04536044598,0.04477888346
1534,1.0,0.0,0.0,0.0,1.0,1.0,0.2075254624,0.2111495814,0.03675121069,0.03528112173
1535,1.0,0.0,0.0,0.0,1.0,1.0,0.1222724119,0.1559282205,0.02014857531,0.02423667908
1536,1.0,0.0,0.0,0.0,1.0,1.0,0.1200742276,0.1808690092,0.02004462481,0.02859306335
1537,1.0,0.0,0.0,0.0,1.0,1.0,0.129524591,0.1616745819,0.02180820704,0.02593415976
1538,1.0,0.0,0.0,0.0,1.0,1.0,0.2068383369,0.2191757128,0.03648030758,0.03648024797
1539,1.0,0.0,0.0,0.0,1.0,1.0,0.2466364744,0.2670919935,0.04407274723,0.04464882612
1540,1.0,0.0,0.0,0.0,1.0,1.0,0.2717081879,0.2872543283,0.04988718033,0.04930371046
1541,1.0,0.0,0.0,0.0,1.0,1.0,0.2738855146,0.2882348884,0.04889160395,0.04831975698
1542,1.0,0.0,0.0,0.0,1.0,1.0,0.2740150667,0.294053566,0.04829907417,0.04829907417
1543,1.0,0.0,0.0,0.0,1.0,1.0,0.2783254001,0.2954430837,0.04986673594,0.04958343506
1544,1.0,0.0,0.0,0.0,1.0,1.0,0.2721410363,0.2906540327,0.04849457741,0.04849457741
1545,1.0,0.0,0.0,0.0,1.0,1.0,0.2776224841,0.2937548978,0.05020153522,0.04991471767
1546,1.0,0.0,0.0,0.0,1.0,1.0,0.276036279,0.2930569218,0.04993468523,0.04964774847
1547,1.0,0.0,0.0,0.0,1.0,1.0,0.277712424,0.2926447063,0.04993528128,0.04964494705
1548,1.0,0.0,0.0,0.0,1.0,1.0,0.2768180159,0.2926448043,0.05040037632,0.05010735989
1549,1.0,0.0,0.0,0.0,1.0,1.0,0.2848651177,0.3005194154,0.05123484135,0.05065590143
1550,1.0,0.0,0.0,0.0,1.0,1.0,0.2703406772,0.2865530885,0.04800254107,0.04771161079
1551,1.0,0.0,0.0,0.0,1.0,1.0,0.2650908189,0.2840515319,0.04720330238,0.04749643803
1552,1.0,0.0,0.0,0.0,1.0,1.0,0.2773494253,0.2935424543,0.04967749119,0.04938352108
1553,1.0,0.0,0.0,0.0,1.0,1.0,0.2724255476,0.2875586509,0.04898047447,0.04839038849
1554,1.0,0.0,0.0,0.0,1.0,1.0,0.2722787802,0.2920902773,0.0493953228,0.04909950495
1555,1.0,0.0,0.0,0.0,1.0,1.0,0.2679425536,0.2875588732,0.04824656248,0.04854255915
1556,1.0,0.0,0.0,0.0,1.0,1.0,0.2698981911,0.2830588371,0.04897987843,0.04808938503
1557,1.0,0.0,0.0,0.0,1.0,1.0,0.2698985992,0.2893119531,0.04852777719,0.04852771759
1558,1.0,0.0,0.0,0.0,1.0,1.0,0.2739090177,0.2900477179,0.04870045185,0.04812067747
1559,1.0,0.0,0.0,0.0,1.0,1.0,0.2734628998,0.2917950229,0.0491745472,0.04888182878
1560,1.0,0.0,0.0,0.0,1.0,1.0,0.2743568651,0.2910654374,0.04928183556,0.04869508743
1561,1.0,0.0,0.0,0.0,1.0,1.0,0.268702586,0.2865530245,0.04809057713,0.04809051752
1562,1.0,0.0,0.0,0.0,1.0,1.0,0.2653239959,0.281311604,0.04750865698,0.04692578316
1563,1.0,0.0,0.0,0.0,1.0,1.0,0.2539566507,0.2744945517,0.04516202211,0.04545336962
1564,1.0,0.0,0.0,0.0,1.0,1.0,0.2572331929,0.2770383651,0.04599684477,0.0462898612
1565,1.0,0.0,0.0,0.0,1.0,1.0,0.259659041,0.276069596,0.04567456245,0.04538726807
1566,1.0,0.0,0.0,0.0,1.0,1.0,0.2539036965,0.2793582158,0.04506897926,0.04621726274
1567,1.0,0.0,0.0,0.0,1.0,1.0,0.2603724593,0.2810928048,0.04676955938,0.04706001282
1568,1.0,0.0,0.0,0.0,1.0,1.0,0.2567224425,0.2732036913,0.04606670141,0.04577696323
1569,1.0,0.0,0.0,0.0,1.0,1.0,0.2543150497,0.2758876315,0.04488021135,0.04545193911
1570,1.0,0.0,0.0,0.0,1.0,1.0,0.2433703397,0.2716253821,0.04380810261,0.04556047916
1571,1.0,0.0,0.0,0.0,1.0,1.0,0.2405163217,0.2664014864,0.04286259413,0.04431056976
1572,1.0,0.0,0.0,0.0,1.0,1.0,0.2498606631,0.2722619138,0.0450515151,0.04592347145
1573,1.0,0.0,0.0,0.0,1.0,1.0,0.2433706868,0.2743226243,0.04383575916,0.04588145018
1574,1.0,0.0,0.0,0.0,1.0,1.0,0.2555204627,0.2774311141,0.04595905542,0.04683172703
1575,1.0,0.0,0.0,0.0,1.0,1.0,0.2474186817,0.2662870045,0.04471206665,0.04530036449
1576,1.0,0.0,0.0,0.0,1.0,1.0,0.2482163854,0.2725748397,0.04464298487,0.04612123966
1577,1.0,0.0,0.0,0.0,1.0,1.0,0.2589313136,0.2708279506,0.04569160938,0.04510957003
1578,1.0,0.0,0.0,0.0,1.0,1.0,0.2579725023,0.2747605087,0.04728651047,0.04758393764
1579,1.0,0.0,0.0,0.0,1.0,1.0,0.2583921136,0.2774311725,0.04633367062,0.04691648483
1580,1.0,0.0,0.0,0.0,1.0,1.0,0.261642463,0.2810928115,0.04741042852,0.04770487547
1581,1.0,0.0,0.0,0.0,1.0,1.0,0.266841238,0.2816298793,0.04803860188,0.04774749279
1582,1.0,0.0,0.0,0.0,1.0,1.0,0.2685796224,0.2853078121,0.04814851284,0.04814851284
1583,1.0,0.0,0.0,0.0,1.0,1.0,0.2721332632,0.2884986197,0.04900425673,0.04900425673
1584,1.0,0.0,0.0,0.0,1.0,1.0,0.275819986,0.2894935975,0.04974859953,0.04916334152
1585,1.0,0.0,0.0,0.0,1.0,1.0,0.2690176886,0.2870370142,0.04835146666,0.04864454269
1586,1.0,0.0,0.0,0.0,1.0,1.0,0.2669519704,0.2870369884,0.04826021194,0.04884874821
1587,1.0,0.0,0.0,0.0,1.0,1.0,0.2657567451,0.2862982953,0.0477026701,0.04828798771
1588,1.0,0.0,0.0,0.0,1.0,1.0,0.2396705014,0.2585362949,0.04340201616,0.04399251938
1589,1.0,0.0,0.0,0.0,1.0,1.0,0.1511183893,0.1714372813,0.02639091015,0.02819031477
1590,1.0,0.0,0.0,0.0,1.0,1.0,0.1136132358,0.1953795642,0.01930826902,0.03137594461
1591,1.0,0.0,0.0,0.0,1.0,1.0,0.1204998482,0.2085300559,0.02011913061,0.03284156322
1592,1.0,0.0,0.0,0.0,1.0,1.0,0.1174784465,0.19691609,0.01956981421,0.03096115589
1593,1.0,0.0,0.0,0.0,1.0,1.0,0.1139712341,0.1957862751,0.0192283392,0.03106123209
1594,1.0,0.0,0.0,0.0,1.0,1.0,0.1395771582,0.1647429167,0.0241830349,0.02687001228
1595,1.0,0.0,0.0,0.0,1.0,1.0,0.1911682607,0.2062903781,0.03364145756,0.03423166275
1596,1.0,0.0,0.0,0.0,1.0,1.0,0.2396036097,0.256849376,0.04273742437,0.04303008318
1597,1.0,0.0,0.0,0.0,1.0,1.0,0.2636066616,0.2860469218,0.0477488637,0.04862767458
1598,1.0,0.0,0.0,0.0,1.0,1.0,0.2645581008,0.2862983242,0.04796504974,0.04885327816
1599,1.0,0.0,0.0,0.0,1.0,1.0,0.2734627627,0.2877704403,0.04900538921,0.04871374369
1600,1.0,0.0,0.0,0.0,1.0,1.0,0.2700758132,0.2877700962,0.04863846302,0.04863840342
1601,1.0,0.0,0.0,0.0,1.0,1.0,0.2765446601,0.2892219726,0.04964619875,0.0490655303
1602,1.0,0.0,0.0,0.0,1.0,1.0,0.2728686292,0.2833470908,0.04956138134,0.04838836193
1603,1.0,0.0,0.0,0.0,1.0,1.0,0.2823462492,0.2984681828,0.05094730854,0.05065786839
1604,1.0,0.0,0.0,0.0,1.0,1.0,0.2809414708,0.2899404964,0.05043417215,0.04927480221
1605,1.0,0.0,0.0,0.0,1.0,1.0,0.2743566824,0.2862985443,0.04851204157,0.04764574766
1606,1.0,0.0,0.0,0.0,1.0,1.0,0.2743564463,0.2853077931,0.04840701818,0.04754263163
1607,1.0,0.0,0.0,0.0,1.0,1.0,0.2759895971,0.2826005546,0.05015164614,0.04866784811
1608,1.0,0.0,0.0,0.0,1.0,1.0,0.2731592414,0.2909332953,0.04930394888,0.04930394888
1609,1.0,0.0,0.0,0.0,1.0,1.0,0.27155249,0.2892220427,0.04887008667,0.04887008667
1610,1.0,0.0,0.0,0.0,1.0,1.0,0.2623333513,0.2877705903,0.04750972986,0.04867565632
1611,1.0,0.0,0.0,0.0,1.0,1.0,0.2644625435,0.2904951027,0.04743474722,0.04888981581
1612,1.0,0.0,0.0,0.0,1.0,1.0,0.2632678119,0.2925195302,0.04750025272,0.04925948381
1613,1.0,0.0,0.0,0.0,1.0,1.0,0.2737529721,0.2981093464,0.04948401451,0.05065524578
1614,1.0,0.0,0.0,0.0,1.0,1.0,0.2612919924,0.2917948059,0.0454980135,0.04748851061
1615,1.0,0.0,0.0,0.0,1.0,1.0,0.2645581979,0.2952894722,0.04661560059,0.04862982035
1616,1.0,0.0,0.0,0.0,1.0,1.0,0.2645579765,0.2970369163,0.04687190056,0.04918658733
1617,1.0,0.0,0.0,0.0,1.0,1.0,0.2596587797,0.2966541298,0.04599422216,0.04859769344
1618,1.0,0.0,0.0,0.0,1.0,1.0,0.2609380944,0.2903308647,0.04629904032,0.04804617167
1619,1.0,0.0,0.0,0.0,1.0,1.0,0.2576051125,0.2893121927,0.0463603735,0.04841428995
1620,1.0,0.0,0.0,0.0,1.0,1.0,0.2551767626,0.2832928096,0.04557579756,0.04703658819
1621,1.0,0.0,0.0,0.0,1.0,1.0,0.25231781,0.2850519922,0.04472583532,0.04704928398
1622,1.0,0.0,0.0,0.0,1.0,1.0,0.2596589384,0.2913566197,0.04602473974,0.04776149988
1623,1.0,0.0,0.0,0.0,1.0,1.0,0.2535409734,0.2850519538,0.0452311039,0.04727375507
1624,1.0,0.0,0.0,0.0,1.0,1.0,0.2636964264,0.2910656117,0.0472151041,0.04838091135
1625,1.0,0.0,0.0,0.0,1.0,1.0,0.2625793248,0.2895910082,0.04658055305,0.047745049
1626,1.0,0.0,0.0,0.0,1.0,1.0,0.2543733881,0.2797734347,0.04579716921,0.04697906971
1627,1.0,0.0,0.0,0.0,1.0,1.0,0.2453025944,0.2784160779,0.04350411892,0.04585570097
1628,1.0,0.0,0.0,0.0,1.0,1.0,0.2515042821,0.2797730699,0.04460465908,0.04635381699
1629,1.0,0.0,0.0,0.0,1.0,1.0,0.2510913633,0.2825276302,0.04414659739,0.04616636038
1630,1.0,0.0,0.0,0.0,1.0,1.0,0.2518918596,0.2830587279,0.04477727413,0.04679948092
1631,1.0,0.0,0.0,0.0,1.0,1.0,0.256350228,0.2838135273,0.04613059759,0.04759043455
1632,1.0,0.0,0.0,0.0,1.0,1.0,0.2603722967,0.2952896845,0.04648691416,0.04879683256
1633,1.0,0.0,0.0,0.0,1.0,1.0,0.2555577378,0.2893120914,0.04562389851,0.04794865847
1634,1.0,0.0,0.0,0.0,1.0,1.0,0.2624140554,0.2963257925,0.04711049795,0.04914617538
1635,1.0,0.0,0.0,0.0,1.0,1.0,0.2623333696,0.2952897751,0.04689121246,0.04861730337
1636,1.0,0.0,0.0,0.0,1.0,1.0,0.2631808579,0.2963259073,0.04698318243,0.0487126708
1637,1.0,0.0,0.0,0.0,1.0,1.0,0.2531056399,0.2903310901,0.04533874989,0.04795444012
1638,1.0,0.0,0.0,0.0,1.0,1.0,0.2494579914,0.2840516982,0.0449796319,0.04701095819
1639,1.0,0.0,0.0,0.0,1.0,1.0,0.2583369923,0.2935421094,0.04654556513,0.04887282848
1640,1.0,0.0,0.0,0.0,1.0,1.0,0.2527136,0.2868115595,0.04526025057,0.04759627581
1641,1.0,0.0,0.0,0.0,1.0,1.0,0.2636068821,0.2970367658,0.0473805666,0.04941529036
1642,1.0,0.0,0.0,0.0,1.0,1.0,0.2599516685,0.2942607224,0.04652160406,0.048833251
1643,1.0,0.0,0.0,0.0,1.0,1.0,0.2673875185,0.2977432103,0.04802584648,0.05007570982
1644,1.0,0.0,0.0,0.0,1.0,1.0,0.2685796135,0.2998322934,0.04824525118,0.04999959469
1645,1.0,0.0,0.0,0.0,1.0,1.0,0.2677074919,0.3005313759,0.04790341854,0.04993569851
1646,1.0,0.0,0.0,0.0,1.0,1.0,0.2678242844,0.2970367576,0.04758292437,0.04932373762
1647,1.0,0.0,0.0,0.0,1.0,1.0,0.2672737533,0.302966767,0.04787641764,0.05048787594
1648,1.0,0.0,0.0,0.0,1.0,1.0,0.2721332492,0.3012252385,0.04874306917,0.05019372702
1649,1.0,0.0,0.0,0.0,1.0,1.0,0.2746433402,0.3053847141,0.04945725203,0.05150574446
1650,1.0,0.0,0.0,0.0,1.0,1.0,0.2758200001,0.3064492203,0.04923975468,0.0509776473
1651,1.0,0.0,0.0,0.0,1.0,1.0,0.2644626647,0.2970369722,0.04753798246,0.04957950115
1652,1.0,0.0,0.0,0.0,1.0,1.0,0.2745179288,0.2977429019,0.04874795675,0.04991549253
1653,1.0,0.0,0.0,0.0,1.0,1.0,0.2649912262,0.2942607702,0.04735469818,0.04940086603
1654,1.0,0.0,0.0,0.0,1.0,1.0,0.2745176744,0.2970369649,0.04861110449,0.04948437214
1655,1.0,0.0,0.0,0.0,1.0,1.0,0.2667373731,0.2956095742,0.0474896431,0.04924851656
1656,1.0,0.0,0.0,0.0,1.0,1.0,0.2712299979,0.2980790405,0.04808050394,0.04953747988
1657,1.0,0.0,0.0,0.0,1.0,1.0,0.27762279,0.3001795667,0.04963189363,0.05050772429
1658,1.0,0.0,0.0,0.0,1.0,1.0,0.2881126184,0.3123257946,0.05112218857,0.05198872089
1659,1.0,0.0,0.0,0.0,1.0,1.0,0.2823097864,0.3088553078,0.05038243532,0.05154067278
1660,1.0,0.0,0.0,0.0,1.0,1.0,0.277712478,0.3095156875,0.04921263456,0.05121546984
1661,1.0,0.0,0.0,0.0,1.0,1.0,0.2728683186,0.3071200843,0.04869294167,0.05099797249
1662,1.0,0.0,0.0,0.0,1.0,1.0,0.2712540905,0.3032789612,0.04823660851,0.0505335927
1663,1.0,0.0,0.0,0.0,1.0,1.0,0.2807420435,0.311245021,0.05108636618,0.05254602432
1664,1.0,0.0,0.0,0.0,1.0,1.0,0.2799738786,0.3064491896,0.05049490929,0.05166924
1665,1.0,0.0,0.0,0.0,1.0,1.0,0.2721332351,0.3008702384,0.04848623276,0.0502179265
1666,1.0,0.0,0.0,0.0,1.0,1.0,0.2721331512,0.3015557939,0.04855817556,0.05058145523
1667,1.0,0.0,0.0,0.0,1.0,1.0,0.2774424402,0.298802308,0.04940515757,0.05027192831
1668,1.0,0.0,0.0,0.0,1.0,1.0,0.2718351726,0.2977432958,0.04859668016,0.04976069927
1669,1.0,0.0,0.0,0.0,1.0,1.0,0.2764414224,0.3008702037,0.04886889458,0.05031472445
1670,1.0,0.0,0.0,0.0,1.0,1.0,0.2771700587,0.3025993639,0.05016547441,0.05164092779
1671,1.0,0.0,0.0,0.0,1.0,1.0,0.2853220104,0.3060574736,0.05173313618,0.05232435465
1672,1.0,0.0,0.0,0.0,1.0,1.0,0.2736177488,0.2977432604,0.0492118597,0.05039060116
1673,1.0,0.0,0.0,0.0,1.0,1.0,0.2719793472,0.2949739339,0.04764592648,0.04879397154
1674,1.0,0.0,0.0,0.0,1.0,1.0,0.265967236,0.2917951502,0.04824256897,0.05004042387
1675,1.0,0.0,0.0,0.0,1.0,1.0,0.1795197632,0.2060893256,0.03088140488,0.03355383873
1676,1.0,0.0,0.0,0.0,1.0,1.0,0.1054865139,0.2128088157,0.01764416695,0.03349405527
1677,1.0,0.0,0.0,0.0,1.0,1.0,0.1104553171,0.2206317303,0.01857364178,0.03505027294
1678,1.0,0.0,0.0,0.0,1.0,1.0,0.1036988619,0.2160448036,0.01747494936,0.03464859724
1679,1.0,0.0,0.0,0.0,1.0,1.0,0.1220958172,0.1832309063,0.02091759443,0.02958345413
1680,1.0,0.0,0.0,0.0,1.0,1.0,0.1677145476,0.1858166684,0.02947080135,0.03097438812
1681,1.0,0.0,0.0,0.0,1.0,1.0,0.223755788,0.2489836589,0.04002922773,0.04210478067
1682,1.0,0.0,0.0,0.0,1.0,1.0,0.2514832714,0.2772426756,0.04506975412,0.04710513353
1683,1.0,0.0,0.0,0.0,1.0,1.0,0.2707848926,0.2946632264,0.04820346832,0.04995632172
1684,1.0,0.0,0.0,0.0,1.0,1.0,0.2795187113,0.2947506299,0.04975938797,0.05033797026
1685,1.0,0.0,0.0,0.0,1.0,1.0,0.2786125207,0.2947508299,0.05013245344,0.05071544647
1686,1.0,0.0,0.0,0.0,1.0,1.0,0.2792559192,0.2947508144,0.04968827963,0.05055999756
1687,1.0,0.0,0.0,0.0,1.0,1.0,0.2813486292,0.2957533275,0.05030560493,0.05089056492
1688,1.0,0.0,0.0,0.0,1.0,1.0,0.2836912496,0.3011785223,0.05143153667,0.05290949345
1689,1.0,0.0,0.0,0.0,1.0,1.0,0.28532223,0.2994959273,0.05119204521,0.05206954479
1690,1.0,0.0,0.0,0.0,1.0,1.0,0.2895272554,0.3021963266,0.05166459084,0.05224841833
1691,1.0,0.0,0.0,0.0,1.0,1.0,0.2939536612,0.3021958444,0.05281579494,0.05252230167
1692,1.0,0.0,0.0,0.0,1.0,1.0,0.2778052436,0.2906542578,0.04932689667,0.04991072416
1693,1.0,0.0,0.0,0.0,1.0,1.0,0.2902666972,0.2964446848,0.05145519972,0.05116289854
1694,1.0,0.0,0.0,0.0,1.0,1.0,0.2848493686,0.2964444111,0.05003833771,0.05061674118
1695,1.0,0.0,0.0,0.0,1.0,1.0,0.2733234261,0.2862810126,0.04860806465,0.04948657751
1696,1.0,0.0,0.0,0.0,1.0,1.0,0.2832026404,0.290378387,0.0506131649,0.0506131649
1697,1.0,0.0,0.0,0.0,1.0,1.0,0.2839138597,0.2937548898,0.05139958858,0.05169665813
1698,1.0,0.0,0.0,0.0,1.0,1.0,0.2791829685,0.288954125,0.04978525639,0.05007982254
1699,1.0,0.0,0.0,0.0,1.0,1.0,0.2824869666,0.2984681032,0.04992067814,0.05108839273
1700,1.0,0.0,0.0,0.0,1.0,1.0,0.2740668533,0.2879748537,0.04891228676,0.04979097843
1701,1.0,0.0,0.0,0.0,1.0,1.0,0.2791830696,0.2967627119,0.05015075207,0.05163449049
1702,1.0,0.0,0.0,0.0,1.0,1.0,0.2822726516,0.2998324993,0.05048209429,0.05194956064
1703,1.0,0.0,0.0,0.0,1.0,1.0,0.2813485027,0.2998324685,0.05002701283,0.05148130655
1704,1.0,0.0,0.0,0.0,1.0,1.0,0.284393911,0.2988196543,0.05086392164,0.05144524574
1705,1.0,0.0,0.0,0.0,1.0,1.0,0.2797128504,0.2981383732,0.0497315526,0.05118566751
1706,1.0,0.0,0.0,0.0,1.0,1.0,0.2721335898,0.2971311291,0.04874563217,0.05106675625
1707,1.0,0.0,0.0,0.0,1.0,1.0,0.2758197586,0.2971315463,0.04949462414,0.05124157667
1708,1.0,0.0,0.0,0.0,1.0,1.0,0.2725751456,0.2937550921,0.04859513044,0.05033069849
1709,1.0,0.0,0.0,0.0,1.0,1.0,0.2823097122,0.3021960608,0.05049288273,0.0519438386
1710,1.0,0.0,0.0,0.0,1.0,1.0,0.2722788041,0.2957533092,0.04908049107,0.05113774538
1711,1.0,0.0,0.0,0.0,1.0,1.0,0.2767184267,0.2991525599,0.04991471767,0.05167639256
1712,1.0,0.0,0.0,0.0,1.0,1.0,0.274197683,0.3015265212,0.0494107604,0.05204206705
1713,1.0,0.0,0.0,0.0,1.0,1.0,0.2768945636,0.3025520291,0.04982346296,0.05247676373
1714,1.0,0.0,0.0,0.0,1.0,1.0,0.273310046,0.3005079,0.04911619425,0.05173188448
1715,1.0,0.0,0.0,0.0,1.0,1.0,0.2708167283,0.2994960148,0.04989171028,0.0528613925
1716,1.0,0.0,0.0,0.0,1.0,1.0,0.2706482743,0.2991524792,0.04874753952,0.05168408155
1717,1.0,0.0,0.0,0.0,1.0,1.0,0.264126466,0.2920666645,0.04670268297,0.04987388849
1718,1.0,0.0,0.0,0.0,1.0,1.0,0.2490302888,0.2755312549,0.0444419384,0.04770106077
1719,1.0,0.0,0.0,0.0,1.0,1.0,0.2560555308,0.2855546956,0.0446164608,0.0483584404
1720,1.0,0.0,0.0,0.0,1.0,1.0,0.2494476984,0.2719569639,0.04355233908,0.04614812136
1721,1.0,0.0,0.0,0.0,1.0,1.0,0.1922701213,0.2324284652,0.03388148546,0.03835642338
1722,1.0,0.0,0.0,0.0,1.0,1.0,0.1959337682,0.1558064698,0.03307133913,0.02487933636
1723,1.0,0.0,0.0,0.0,1.0,1.0,0.262177577,0.2936102839,0.04717224836,0.0478054285
1724,1.0,0.0,0.0,0.0,1.0,1.0,0.1621200223,0.1721885944,0.02719807625,0.02749693394
1725,1.0,0.0,0.0,0.0,1.0,1.0,0.1013077721,0.1609978713,0.01587045193,0.02350050211
1726,1.0,0.0,0.0,0.0,1.0,1.0,0.1037878346,0.2098827498,0.01590722799,0.03093081713
1727,1.0,0.0,0.0,0.0,1.0,1.0,0.133137335,0.1546304015,0.02114289999,0.02374953032
1728,1.0,0.0,0.0,0.0,1.0,1.0,0.1342261116,0.1525867167,0.0207144618,0.02239406109
1729,1.0,0.0,0.0,0.0,1.0,1.0,0.1553903801,0.1443636581,0.02539014816,0.02250486612
1730,1.0,0.0,0.0,0.0,1.0,1.0,0.1541787468,0.1633702221,0.02481341362,0.02481341362
1731,1.0,0.0,0.0,0.0,1.0,1.0,0.1371074359,0.1564010365,0.02298587561,0.02480053902
1732,1.0,0.0,0.0,0.0,1.0,1.0,0.1063235875,0.1834182661,0.01796174049,0.02933752537
1733,1.0,0.0,0.0,0.0,1.0,1.0,0.1114551318,0.1854433439,0.01841372252,0.0286771059
1734,1.0,0.0,0.0,0.0,1.0,1.0,0.1179898276,0.1623642209,0.02129590511,0.02818572521
1735,1.0,0.0,0.0,0.0,1.0,1.0,0.08282637088,0.2114203679,0.01396155357,0.0341283679
1736,1.0,0.0,0.0,0.0,1.0,1.0,0.08204372732,0.2376719953,0.01370286942,0.03643715382
1737,1.0,0.0,0.0,0.0,1.0,1.0,0.08933565635,0.1979662642,0.01509338617,0.03238785267
1738,1.0,0.0,0.0,0.0,1.0,1.0,0.09119019851,0.2330786532,0.01553344727,0.03883349895
1739,1.0,0.0,0.0,0.0,1.0,1.0,0.0668773417,0.2653559109,0.01106315851,0.04210138321
1740,1.0,0.0,0.0,0.0,1.0,1.0,0.07518741291,0.2734324412,0.01234066486,0.04364383221
1741,1.0,0.0,0.0,0.0,1.0,1.0,0.07787845277,0.2489244933,0.01222962141,0.03872716427
1742,1.0,0.0,0.0,0.0,1.0,1.0,0.09237019452,0.2128777207,0.01457923651,0.03440690041
1743,1.0,0.0,0.0,0.0,1.0,1.0,0.08390836506,0.2094418697,0.01363837719,0.0345505476
1744,1.0,0.0,0.0,0.0,1.0,1.0,0.09660018556,0.1860276774,0.01532065868,0.03005212545
1745,1.0,0.0,0.0,0.0,1.0,1.0,0.0879660536,0.1776788119,0.01312804222,0.02681469917
1746,1.0,0.0,0.0,0.0,1.0,1.0,0.1030729552,0.1826938355,0.01576519012,0.02871525288
1747,1.0,0.0,0.0,0.0,1.0,1.0,0.1067544446,0.1798996548,0.01605808735,0.02740949392
1748,1.0,0.0,0.0,0.0,1.0,1.0,0.109030162,0.1840125326,0.01719844341,0.02923727036
1749,1.0,0.0,0.0,0.0,1.0,1.0,0.1309003486,0.1749023735,0.02116620541,0.02803093195
1750,1.0,0.0,0.0,0.0,1.0,1.0,0.1787908639,0.1991640139,0.0285654664,0.031422019
1751,1.0,0.0,0.0,0.0,1.0,1.0,0.2578660401,0.2697453673,0.04341894388,0.04427027702
1752,1.0,0.0,0.0,0.0,1.0,1.0,0.2793780529,0.2843240515,0.04793572426,0.04707974195
1753,1.0,0.0,0.0,0.0,1.0,1.0,0.2958872863,0.2998324732,0.0512162447,0.05036264658
1754,1.0,0.0,0.0,0.0,1.0,1.0,0.291843744,0.2964447877,0.05099332333,0.04985380173
1755,1.0,0.0,0.0,0.0,1.0,1.0,0.2077204195,0.236616669,0.03544306755,0.03892922401
1756,1.0,0.0,0.0,0.0,1.0,1.0,0.1052043074,0.192619412,0.01758116484,0.03106004
1757,1.0,0.0,0.0,0.0,1.0,1.0,0.1225233527,0.1894247926,0.02013069391,0.03019607067
1758,1.0,0.0,0.0,0.0,1.0,1.0,0.2086378133,0.2489774885,0.0353808403,0.04023140669
1759,1.0,0.0,0.0,0.0,1.0,1.0,0.2733235208,0.295367694,0.04745030403,0.04916536808
1760,1.0,0.0,0.0,0.0,1.0,1.0,0.3082693962,0.3150781043,0.05370122194,0.05257064104
1761,1.0,0.0,0.0,0.0,1.0,1.0,0.3190401248,0.3263486273,0.05689299107,0.05573195219
1762,1.0,0.0,0.0,0.0,1.0,1.0,0.2951042928,0.3125400642,0.05210894346,0.0523968339
1763,1.0,0.0,0.0,0.0,1.0,1.0,0.3052480752,0.3114700593,0.05365496874,0.05250114202
1764,1.0,0.0,0.0,0.0,1.0,1.0,0.2975312914,0.3108231226,0.05219936371,0.05219936371
1765,1.0,0.0,0.0,0.0,1.0,1.0,0.2942438627,0.3118947273,0.05188947916,0.05246919394
1766,1.0,0.0,0.0,0.0,1.0,1.0,0.2908946013,0.3097584329,0.05125927925,0.05183196068
1767,1.0,0.0,0.0,0.0,1.0,1.0,0.2967350996,0.3076511159,0.05206304789,0.05177688599
1768,1.0,0.0,0.0,0.0,1.0,1.0,0.2969120976,0.3069959297,0.05311447382,0.05224376917
1769,1.0,0.0,0.0,0.0,1.0,1.0,0.2927167058,0.3049144832,0.053578794,0.05328279734
1770,1.0,0.0,0.0,0.0,1.0,1.0,0.2922438758,0.3015264984,0.05220282078,0.05133759975
1771,1.0,0.0,0.0,0.0,1.0,1.0,0.2647954457,0.2806650092,0.04676491022,0.04676491022
1772,1.0,0.0,0.0,0.0,1.0,1.0,0.1597045561,0.1798997705,0.02703624964,0.02878057957
1773,1.0,0.0,0.0,0.0,1.0,1.0,0.09053573654,0.1957861456,0.01495891809,0.03079771996
1774,1.0,0.0,0.0,0.0,1.0,1.0,0.09228291721,0.1973068509,0.01499468088,0.03027230501
1775,1.0,0.0,0.0,0.0,1.0,1.0,0.08285551208,0.2149533846,0.01384174824,0.03373914957
1776,1.0,0.0,0.0,0.0,1.0,1.0,0.08615852227,0.2167906237,0.01424658298,0.03362202644
1777,1.0,0.0,0.0,0.0,1.0,1.0,0.1314611026,0.2123355867,0.02202624083,0.03275698423
1778,1.0,0.0,0.0,0.0,1.0,1.0,0.2199101697,0.2648699097,0.03827738762,0.04284781218
1779,1.0,0.0,0.0,0.0,1.0,1.0,0.2778001446,0.3164322092,0.04897290468,0.05150598288
1780,1.0,0.0,0.0,0.0,1.0,1.0,0.3009413762,0.3411064239,0.05363380909,0.05645662546
1781,1.0,0.0,0.0,0.0,1.0,1.0,0.3076431836,0.3394655813,0.05472838879,0.05586266518
1782,1.0,0.0,0.0,0.0,1.0,1.0,0.2998326429,0.3331472241,0.05377483368,0.05519741774
1783,1.0,0.0,0.0,0.0,1.0,1.0,0.3034874318,0.3376952282,0.05345267057,0.05541157722
1784,1.0,0.0,0.0,0.0,1.0,1.0,0.3067905494,0.3438759063,0.05542844534,0.05799990892
1785,1.0,0.0,0.0,0.0,1.0,1.0,0.3073993882,0.3404876543,0.05420291424,0.0558706522
1786,1.0,0.0,0.0,0.0,1.0,1.0,0.3022314153,0.3388519173,0.05395340919,0.0565226078
1787,1.0,0.0,0.0,0.0,1.0,1.0,0.3080143593,0.3434508382,0.05519121885,0.05749082565
1788,1.0,0.0,0.0,0.0,1.0,1.0,0.3119275721,0.3404878191,0.05549931526,0.05691516399
1789,1.0,0.0,0.0,0.0,1.0,1.0,0.3066648091,0.3404878205,0.05487501621,0.05714964867
1790,1.0,0.0,0.0,0.0,1.0,1.0,0.3003093098,0.3370999015,0.05358928442,0.05642467737
1791,1.0,0.0,0.0,0.0,1.0,1.0,0.3049414626,0.337100069,0.05405664444,0.05632084608
1792,1.0,0.0,0.0,0.0,1.0,1.0,0.3123258165,0.3444020671,0.05496776104,0.05750465393
1793,1.0,0.0,0.0,0.0,1.0,1.0,0.3044551153,0.3303523337,0.05426466465,0.05596929789
1794,1.0,0.0,0.0,0.0,1.0,1.0,0.2811934487,0.3189346675,0.05004584789,0.05347758532
1795,1.0,0.0,0.0,0.0,1.0,1.0,0.1972799582,0.2620067652,0.03420245647,0.04268240929
1796,1.0,0.0,0.0,0.0,1.0,1.0,0.1053833038,0.2206797704,0.0178360343,0.03480905294
1797,1.0,0.0,0.0,0.0,1.0,1.0,0.08624624921,0.2552922898,0.01456648111,0.04027205706
1798,1.0,0.0,0.0,0.0,1.0,1.0,0.09116542102,0.2389967628,0.01534694433,0.03751468658
1799,1.0,0.0,0.0,0.0,1.0,1.0,0.1486773032,0.2313195886,0.02590727806,0.03770947456
1800,1.0,0.0,0.0,0.0,1.0,1.0,0.2425830978,0.2919331936,0.04305541515,0.04879611731
1801,1.0,0.0,0.0,0.0,1.0,1.0,0.2791375979,0.3144502354,0.04991298914,0.05306845903
1802,1.0,0.0,0.0,0.0,1.0,1.0,0.3038305572,0.3359609895,0.05404478312,0.056604743
1803,1.0,0.0,0.0,0.0,1.0,1.0,0.3022312443,0.3308962144,0.05367130041,0.05565911531
1804,1.0,0.0,0.0,0.0,1.0,1.0,0.3102267866,0.3404877166,0.05585467815,0.0578700304
1805,1.0,0.0,0.0,0.0,1.0,1.0,0.3130207805,0.3415601406,0.05747556686,0.05922609568
1806,1.0,0.0,0.0,0.0,1.0,1.0,0.3063061109,0.3359329564,0.05512875319,0.057117939
1807,1.0,0.0,0.0,0.0,1.0,1.0,0.3125240656,0.3404138174,0.05654156208,0.05826359987
1808,1.0,0.0,0.0,0.0,1.0,1.0,0.3077649498,0.3353833524,0.0551289916,0.05683398247
1809,1.0,0.0,0.0,0.0,1.0,1.0,0.3088608241,0.337060243,0.0551751256,0.0568728447
1810,1.0,0.0,0.0,0.0,1.0,1.0,0.3052090836,0.3325904558,0.05439263582,0.0560836792
1811,1.0,0.0,0.0,0.0,1.0,1.0,0.3063057784,0.3381952653,0.05561685562,0.05762374401
1812,1.0,0.0,0.0,0.0,1.0,1.0,0.306790647,0.3353833101,0.05484944582,0.05654585361
1813,1.0,0.0,0.0,0.0,1.0,1.0,0.3063060004,0.3365124315,0.05538976192,0.05710285902
1814,1.0,0.0,0.0,0.0,1.0,1.0,0.3110427735,0.3387369923,0.05616992712,0.05759555101
1815,1.0,0.0,0.0,0.0,1.0,1.0,0.3168577115,0.3442894794,0.0568125248,0.05822581053
1816,1.0,0.0,0.0,0.0,1.0,1.0,0.3115348429,0.3392754148,0.05552875996,0.05721998215
1817,1.0,0.0,0.0,0.0,1.0,1.0,0.3055617838,0.3342728842,0.05379408598,0.05547517538
1818,1.0,0.0,0.0,0.0,1.0,1.0,0.3125238285,0.3415600917,0.05627351999,0.05798745155
1819,1.0,0.0,0.0,0.0,1.0,1.0,0.3120285675,0.3444019632,0.05555647612,0.05753052235
1820,1.0,0.0,0.0,0.0,1.0,1.0,0.3077644629,0.3348299012,0.05548131466,0.05691128969
1821,1.0,0.0,0.0,0.0,1.0,1.0,0.3105521126,0.3387372077,0.05593812466,0.0573579073
1822,1.0,0.0,0.0,0.0,1.0,1.0,0.3061781884,0.3348299514,0.05455547571,0.05625152588
1823,1.0,0.0,0.0,0.0,1.0,1.0,0.3092372469,0.3365121432,0.05530911684,0.05701965094
1824,1.0,0.0,0.0,0.0,1.0,1.0,0.3039703457,0.3314647059,0.05423748493,0.0559412837
1825,1.0,0.0,0.0,0.0,1.0,1.0,0.3028614132,0.3314645796,0.05432718992,0.05632865429
1826,1.0,0.0,0.0,0.0,1.0,1.0,0.2964851762,0.3280996092,0.05287265778,0.05543100834
1827,1.0,0.0,0.0,0.0,1.0,1.0,0.2964851869,0.3292082266,0.05286967754,0.0554279089
1828,1.0,0.0,0.0,0.0,1.0,1.0,0.3055618982,0.3359611164,0.05551534891,0.05753934383
1829,1.0,0.0,0.0,0.0,1.0,1.0,0.3041092865,0.3331472651,0.05470943451,0.05641907454
1830,1.0,0.0,0.0,0.0,1.0,1.0,0.3034869104,0.3359611455,0.05379933119,0.05605274439
1831,1.0,0.0,0.0,0.0,1.0,1.0,0.3065380531,0.3342726474,0.05464410782,0.05635172129
1832,1.0,0.0,0.0,0.0,1.0,1.0,0.3161986844,0.3398774206,0.05612134933,0.05696737766
1833,1.0,0.0,0.0,0.0,1.0,1.0,0.3003095384,0.3297823164,0.05322301388,0.05519419909
1834,1.0,0.0,0.0,0.0,1.0,1.0,0.2950732713,0.3230518238,0.05213791132,0.05381977558
1835,1.0,0.0,0.0,0.0,1.0,1.0,0.2987202278,0.3280994672,0.05369788408,0.05569726229
1836,1.0,0.0,0.0,0.0,1.0,1.0,0.3083720297,0.3353831594,0.05523449183,0.05665075779
1837,1.0,0.0,0.0,0.0,1.0,1.0,0.3041092299,0.3303525853,0.05451476574,0.05593442917
1838,1.0,0.0,0.0,0.0,1.0,1.0,0.3120284113,0.3404141037,0.05638164282,0.05809891224
1839,1.0,0.0,0.0,0.0,1.0,1.0,0.312028857,0.3376042646,0.05544263124,0.0568497777
1840,1.0,0.0,0.0,0.0,1.0,1.0,0.3009411601,0.3286754205,0.05426645279,0.05598014593
1841,1.0,0.0,0.0,0.0,1.0,1.0,0.3063060487,0.3353832469,0.05458629131,0.05627453327
1842,1.0,0.0,0.0,0.0,1.0,1.0,0.3168574846,0.3392754547,0.05705118179,0.05761891603
1843,1.0,0.0,0.0,0.0,1.0,1.0,0.3088610137,0.3348299402,0.05537825823,0.05651420355
1844,1.0,0.0,0.0,0.0,1.0,1.0,0.3141103506,0.3381948981,0.05538737774,0.05622655153
1845,1.0,0.0,0.0,0.0,1.0,1.0,0.3116370063,0.3376039714,0.0560234189,0.0571551919
1846,1.0,0.0,0.0,0.0,1.0,1.0,0.3189371354,0.3426180856,0.05722010136,0.05806994438
1847,1.0,0.0,0.0,0.0,1.0,1.0,0.3099533514,0.337060185,0.05529594421,0.05670660734
1848,1.0,0.0,0.0,0.0,1.0,1.0,0.3098429151,0.3393372965,0.05549889803,0.0572065115
1849,1.0,0.0,0.0,0.0,1.0,1.0,0.3086277356,0.335405993,0.05548995733,0.05692750216
1850,1.0,0.0,0.0,0.0,1.0,1.0,0.3076432315,0.3371001184,0.05492550135,0.05663305521
1851,1.0,0.0,0.0,0.0,1.0,1.0,0.2985553457,0.3314477765,0.05343312025,0.05571907759
1852,1.0,0.0,0.0,0.0,1.0,1.0,0.3086274659,0.33654654,0.05499446392,0.05641919374
1853,1.0,0.0,0.0,0.0,1.0,1.0,0.3092372631,0.3359609977,0.05581879616,0.05725741386
1854,1.0,0.0,0.0,0.0,1.0,1.0,0.3039702291,0.3325845338,0.05429530144,0.05600094795
1855,1.0,0.0,0.0,0.0,1.0,1.0,0.2947071998,0.3218540798,0.05274736881,0.05446738005
1856,1.0,0.0,0.0,0.0,1.0,1.0,0.272133537,0.3073882495,0.04804092646,0.05118638277
1857,1.0,0.0,0.0,0.0,1.0,1.0,0.2620685383,0.3008698664,0.04589450359,0.04960024357
1858,1.0,0.0,0.0,0.0,1.0,1.0,0.2400620493,0.2853077324,0.04244035482,0.04763710499
1859,1.0,0.0,0.0,0.0,1.0,1.0,0.2310184727,0.2722616812,0.0405998826,0.04549491405
1860,1.0,0.0,0.0,0.0,1.0,1.0,0.2215514297,0.2680163607,0.03838521242,0.04407185316
1861,1.0,0.0,0.0,0.0,1.0,1.0,0.2126471213,0.2593705451,0.03717124462,0.04288989305
1862,1.0,0.0,0.0,0.0,1.0,1.0,0.2061041037,0.2576959358,0.03566837311,0.04189622402
1863,1.0,0.0,0.0,0.0,1.0,1.0,0.2068383971,0.2559544763,0.03560066223,0.04186630249
1864,1.0,0.0,0.0,0.0,1.0,1.0,0.2078049242,0.2559546236,0.03616565466,0.04219323397
1865,1.0,0.0,0.0,0.0,1.0,1.0,0.2054771249,0.2576957103,0.03619080782,0.04284995794
1866,1.0,0.0,0.0,0.0,1.0,1.0,0.2080804658,0.253330948,0.03626972437,0.04169595242
1867,1.0,0.0,0.0,0.0,1.0,1.0,0.2028569743,0.2516078883,0.03534924984,0.04138451815
1868,1.0,0.0,0.0,0.0,1.0,1.0,0.2015266632,0.2489959753,0.03540050983,0.04144454002
1869,1.0,0.0,0.0,0.0,1.0,1.0,0.1824638576,0.2384635053,0.03207689524,0.03930145502
1870,1.0,0.0,0.0,0.0,1.0,1.0,0.17870834,0.2340244158,0.03069388866,0.03779894114
1871,1.0,0.0,0.0,0.0,1.0,1.0,0.1698718835,0.2261894736,0.03003644943,0.03761851788
1872,1.0,0.0,0.0,0.0,1.0,1.0,0.146340958,0.21973529,0.0248363018,0.03499656916
1873,1.0,0.0,0.0,0.0,1.0,1.0,0.1284760967,0.2161916654,0.02213251591,0.03506708145
1874,1.0,0.0,0.0,0.0,1.0,1.0,0.1073226009,0.2248743617,0.01845932007,0.03634178638
1875,1.0,0.0,0.0,0.0,1.0,1.0,0.1201332263,0.2134041467,0.02065116167,0.03441864252
1876,1.0,0.0,0.0,0.0,1.0,1.0,0.1230592239,0.2136616168,0.02161997557,0.03535163403
1877,1.0,0.0,0.0,0.0,1.0,1.0,0.1205938355,0.2191759659,0.02098846436,0.03593915701
1878,1.0,0.0,0.0,0.0,1.0,1.0,0.1112338227,0.220724959,0.0192540288,0.03592163324
1879,1.0,0.0,0.0,0.0,1.0,1.0,0.1084537138,0.2250514799,0.01860076189,0.03634297848
1880,1.0,0.0,0.0,0.0,1.0,1.0,0.1143640618,0.2197355381,0.01974517107,0.03548407555
1881,1.0,0.0,0.0,0.0,1.0,1.0,0.1132701793,0.220517596,0.02000105381,0.03647249937
1882,1.0,0.0,0.0,0.0,1.0,1.0,0.1044948726,0.2273099061,0.01807039976,0.03672367334
1883,1.0,0.0,0.0,0.0,1.0,1.0,0.1134591252,0.2185159272,0.01975607872,0.03544473648
1884,1.0,0.0,0.0,0.0,1.0,1.0,0.1080478906,0.2198773418,0.01833438873,0.0346634388
1885,1.0,0.0,0.0,0.0,1.0,1.0,0.1078655228,0.2164856422,0.01851713657,0.03471964598
1886,1.0,0.0,0.0,0.0,1.0,1.0,0.1188616576,0.2095604091,0.02051109076,0.03379994631
1887,1.0,0.0,0.0,0.0,1.0,1.0,0.1101219844,0.2157071735,0.01911407709,0.03475296497
1888,1.0,0.0,0.0,0.0,1.0,1.0,0.1106765094,0.2121119073,0.01904547215,0.03405100107
1889,1.0,0.0,0.0,0.0,1.0,1.0,0.1073228384,0.2175043724,0.01827824116,0.03455722332
1890,1.0,0.0,0.0,0.0,1.0,1.0,0.1084536003,0.2167250004,0.01877170801,0.03494429588
1891,1.0,0.0,0.0,0.0,1.0,1.0,0.09622998218,0.2218976277,0.01651805639,0.03564423323
1892,1.0,0.0,0.0,0.0,1.0,1.0,0.09438225337,0.2281333176,0.01598727703,0.03597140312
1893,1.0,0.0,0.0,0.0,1.0,1.0,0.09623024789,0.2253288219,0.01651299,0.03592294455
1894,1.0,0.0,0.0,0.0,1.0,1.0,0.1117906667,0.2157069113,0.01939105988,0.0347302556
1895,1.0,0.0,0.0,0.0,1.0,1.0,0.1051163581,0.2238894715,0.01809859276,0.03591001034
1896,1.0,0.0,0.0,0.0,1.0,1.0,0.1089994741,0.222897176,0.01879394054,0.0358530879
1897,1.0,0.0,0.0,0.0,1.0,1.0,0.09927110294,0.2281332457,0.01698338985,0.03626960516
1898,1.0,0.0,0.0,0.0,1.0,1.0,0.1139859009,0.218739122,0.0198135376,0.03531980515
1899,1.0,0.0,0.0,0.0,1.0,1.0,0.112148755,0.2205176134,0.0195196867,0.03559470177
1900,1.0,0.0,0.0,0.0,1.0,1.0,0.1141746555,0.2222958495,0.01980119944,0.03587174416
1901,1.0,0.0,0.0,0.0,1.0,1.0,0.108453716,0.22289726,0.01903235912,0.03630787134
1902,1.0,0.0,0.0,0.0,1.0,1.0,0.1130818017,0.2195201176,0.01984232664,0.03589117527
1903,1.0,0.0,0.0,0.0,1.0,1.0,0.1108625526,0.2095605399,0.01918327808,0.03400671482
1904,1.0,0.0,0.0,0.0,1.0,1.0,0.1058231359,0.2167246203,0.01837146282,0.03528487682
1905,1.0,0.0,0.0,0.0,1.0,1.0,0.1002784444,0.2220981822,0.01740294695,0.03596609831
1906,1.0,0.0,0.0,0.0,1.0,1.0,0.105292424,0.2238896258,0.01827847958,0.03626686335
1907,1.0,0.0,0.0,0.0,1.0,1.0,0.1011239874,0.2190806255,0.01740944386,0.03510904312
1908,1.0,0.0,0.0,0.0,1.0,1.0,0.1103064689,0.2213048282,0.01886492968,0.03544312716
1909,1.0,0.0,0.0,0.0,1.0,1.0,0.1132700433,0.215182236,0.01972353458,0.03509628773
1910,1.0,0.0,0.0,0.0,1.0,1.0,0.104494737,0.2123812568,0.01809811592,0.03473669291
1911,1.0,0.0,0.0,0.0,1.0,1.0,0.09994424875,0.2172698021,0.01724326611,0.03507101536
1912,1.0,0.0,0.0,0.0,1.0,1.0,0.1093662823,0.2220982446,0.01863253117,0.03554522991
1913,1.0,0.0,0.0,0.0,1.0,1.0,0.09742430431,0.2220982247,0.01654559374,0.03537344933
1914,1.0,0.0,0.0,0.0,1.0,1.0,0.09791815563,0.2228971512,0.01660996675,0.03551101685
1915,1.0,0.0,0.0,0.0,1.0,1.0,0.09162946934,0.2235115472,0.01563423872,0.03561139107
1916,1.0,0.0,0.0,0.0,1.0,1.0,0.09960649868,0.229113791,0.01708525419,0.03677672148
1917,1.0,0.0,0.0,0.0,1.0,1.0,0.1012948327,0.2136486608,0.01747447252,0.03436642885
1918,1.0,0.0,0.0,0.0,1.0,1.0,0.09742456828,0.223701628,0.01651847363,0.0353153348
1919,1.0,0.0,0.0,0.0,1.0,1.0,0.09824995512,0.224512506,0.01669454575,0.03569191694
1920,1.0,0.0,0.0,0.0,1.0,1.0,0.1078654982,0.2110734484,0.01840639114,0.03364920616
1921,1.0,0.0,0.0,0.0,1.0,1.0,0.1012950444,0.2200933966,0.01733481884,0.0352473259
1922,1.0,0.0,0.0,0.0,1.0,1.0,0.1056459505,0.217735577,0.01825791597,0.03535652161
1923,1.0,0.0,0.0,0.0,1.0,1.0,0.1058231531,0.2128773872,0.01794999838,0.03362065554
1924,1.0,0.0,0.0,0.0,1.0,1.0,0.09960631285,0.2190807299,0.01692974567,0.03472042084
1925,1.0,0.0,0.0,0.0,1.0,1.0,0.09927122787,0.2193021598,0.01684403419,0.03483003378
1926,1.0,0.0,0.0,0.0,1.0,1.0,0.102636373,0.2146813919,0.01740509272,0.03395414352
1927,1.0,0.0,0.0,0.0,1.0,1.0,0.09910416554,0.2245122068,0.01727873087,0.03631466627
1928,1.0,0.0,0.0,0.0,1.0,1.0,0.09791828433,0.2162431729,0.0165964365,0.0340513587
1929,1.0,0.0,0.0,0.0,1.0,1.0,0.09623032916,0.2180601713,0.0163346529,0.03438866138
1930,1.0,0.0,0.0,0.0,1.0,1.0,0.09301034298,0.2216943607,0.01569545269,0.03481549025
1931,1.0,0.0,0.0,0.0,1.0,1.0,0.08808640988,0.2235112533,0.0149537921,0.03537142277
1932,1.0,0.0,0.0,0.0,1.0,1.0,0.08300466022,0.2269795593,0.01406562328,0.03559458256
1933,1.0,0.0,0.0,0.0,1.0,1.0,0.08029701664,0.2343014176,0.01352852583,0.03684365749
1934,1.0,0.0,0.0,0.0,1.0,1.0,0.07634647791,0.2340700135,0.01269876957,0.03636455536
1935,1.0,0.0,0.0,0.0,1.0,1.0,0.07371511896,0.236999908,0.01223498583,0.03670501709
1936,1.0,0.0,0.0,0.0,1.0,1.0,0.07885812457,0.2324706574,0.01318436861,0.03640031815
1937,1.0,0.0,0.0,0.0,1.0,1.0,0.08513137589,0.2243272768,0.01428961754,0.0351524353
1938,1.0,0.0,0.0,0.0,1.0,1.0,0.09428681256,0.2216941354,0.01563990116,0.03469216824
1939,1.0,0.0,0.0,0.0,1.0,1.0,0.08414542599,0.2251488114,0.01412057877,0.03544551134
1940,1.0,0.0,0.0,0.0,1.0,1.0,0.08758001671,0.2214882204,0.01457715034,0.03458499908
1941,1.0,0.0,0.0,0.0,1.0,1.0,0.07474059437,0.224966696,0.01231056452,0.0349277854
1942,1.0,0.0,0.0,0.0,1.0,1.0,0.0778114027,0.2303545386,0.01275402308,0.03514432907
1943,1.0,0.0,0.0,0.0,1.0,1.0,0.06778827859,0.2304983821,0.01116234064,0.03577667475
1944,1.0,0.0,0.0,0.0,1.0,1.0,0.07967822352,0.2247816171,0.01328217983,0.03493791819
1945,1.0,0.0,0.0,0.0,1.0,1.0,0.07849017693,0.2322123685,0.01284009218,0.0356669426
1946,1.0,0.0,0.0,0.0,1.0,1.0,0.07890326335,0.2237559478,0.01291787624,0.03444772959
1947,1.0,0.0,0.0,0.0,1.0,1.0,0.08487460382,0.2360307257,0.01397544146,0.03650730848
1948,1.0,0.0,0.0,0.0,1.0,1.0,0.08372289153,0.2312140598,0.01336091757,0.03451567888
1949,1.0,0.0,0.0,0.0,1.0,1.0,0.07918110471,0.23383161,0.0126439333,0.03484106064
1950,1.0,0.0,0.0,0.0,1.0,1.0,0.08667720967,0.2366103163,0.01381224394,0.03523534536
1951,1.0,0.0,0.0,0.0,1.0,1.0,0.08637128079,0.2394888312,0.0137873292,0.03573459387
1952,1.0,0.0,0.0,0.0,1.0,1.0,0.09021532486,0.2367098659,0.01472848654,0.03638792038
1953,1.0,0.0,0.0,0.0,1.0,1.0,0.09247504762,0.2413101671,0.01471155882,0.03593015671
1954,1.0,0.0,0.0,0.0,1.0,1.0,0.08876024845,0.2310736941,0.01384133101,0.03404968977
1955,1.0,0.0,0.0,0.0,1.0,1.0,0.09569128777,0.2247816972,0.01522123814,0.03410685062
1956,1.0,0.0,0.0,0.0,1.0,1.0,0.09552176639,0.2173506404,0.01533704996,0.03323030472
1957,1.0,0.0,0.0,0.0,1.0,1.0,0.09117702106,0.2239489715,0.01496142149,0.03481411934
1958,1.0,0.0,0.0,0.0,1.0,1.0,0.09133726418,0.2194347633,0.01474422216,0.03374165297
1959,1.0,0.0,0.0,0.0,1.0,1.0,0.1639844421,0.2149534762,0.02654224634,0.03268885612
1960,1.0,0.0,0.0,0.0,1.0,1.0,0.2656322937,0.3019513965,0.04441618919,0.04746979475
1961,1.0,0.0,0.0,0.0,1.0,1.0,0.3078923309,0.3371406335,0.05267065763,0.05432528257
1962,1.0,0.0,0.0,0.0,1.0,1.0,0.3009590646,0.3419144442,0.05215579271,0.05438709259
1963,1.0,0.0,0.0,0.0,1.0,1.0,0.1231949876,0.2210303047,0.01980280876,0.03207498789
1964,1.0,0.0,0.0,0.0,1.0,1.0,0.07890329524,0.2449612026,0.01253128052,0.03480911255
1965,1.0,0.0,0.0,0.0,1.0,1.0,0.08561651151,0.2382389432,0.01385653019,0.03478270769
1966,1.0,0.0,0.0,0.0,1.0,1.0,0.09871005656,0.2155284545,0.01583367586,0.03195017576
1967,1.0,0.0,0.0,0.0,1.0,1.0,0.09603197212,0.2096206571,0.01520031691,0.03152650595
1968,1.0,0.0,0.0,0.0,1.0,1.0,0.103016698,0.2002624872,0.01656019688,0.03108662367
1969,1.0,0.0,0.0,0.0,1.0,1.0,0.1106460896,0.1953793662,0.01740902662,0.02968090773
1970,1.0,0.0,0.0,0.0,1.0,1.0,0.110847385,0.1855026496,0.0176627636,0.02837622166
1971,1.0,0.0,0.0,0.0,1.0,1.0,0.1430296669,0.1803504095,0.02324610949,0.02755093575
1972,1.0,0.0,0.0,0.0,1.0,1.0,0.2498604676,0.2742150179,0.04109925032,0.04249715805
1973,1.0,0.0,0.0,0.0,1.0,1.0,0.2996651568,0.3132053591,0.05054086447,0.05025851727
1974,1.0,0.0,0.0,0.0,1.0,1.0,0.3124279039,0.3279955332,0.05224043131,0.05224043131
1975,1.0,0.0,0.0,0.0,1.0,1.0,0.330962889,0.3515275917,0.05572366714,0.05627530813
1976,1.0,0.0,0.0,0.0,1.0,1.0,0.3101716608,0.3285363472,0.05209904909,0.05237472057
1977,1.0,0.0,0.0,0.0,1.0,1.0,0.162741088,0.1932005624,0.02653735876,0.02999871969
1978,1.0,0.0,0.0,0.0,1.0,1.0,0.1172632309,0.1885738922,0.01872503757,0.02880769968
1979,1.0,0.0,0.0,0.0,1.0,1.0,0.1828247104,0.2186279591,0.03017252684,0.03419554234
1980,1.0,0.0,0.0,0.0,1.0,1.0,0.2659529783,0.2809818636,0.04387199879,0.04415148497
1981,1.0,0.0,0.0,0.0,1.0,1.0,0.303816969,0.3123257823,0.05143916607,0.05059593916
1982,1.0,0.0,0.0,0.0,1.0,1.0,0.3071454306,0.3233493019,0.05195742846,0.05140769482
1983,1.0,0.0,0.0,0.0,1.0,1.0,0.3213067184,0.3354288411,0.05510276556,0.05427205563
1984,1.0,0.0,0.0,0.0,1.0,1.0,0.321420311,0.3354056963,0.05574500561,0.05491298437
1985,1.0,0.0,0.0,0.0,1.0,1.0,0.3267407009,0.3387936371,0.05696332455,0.0558463335
1986,1.0,0.0,0.0,0.0,1.0,1.0,0.3187321447,0.3325844664,0.05488866568,0.05433702469
1987,1.0,0.0,0.0,0.0,1.0,1.0,0.3320829713,0.3427141553,0.05797475576,0.05658113956
1988,1.0,0.0,0.0,0.0,1.0,1.0,0.3191763977,0.3314476501,0.05613982677,0.05528926849
1989,1.0,0.0,0.0,0.0,1.0,1.0,0.3196925474,0.3297475361,0.05548727512,0.05436623096
1990,1.0,0.0,0.0,0.0,1.0,1.0,0.3288277742,0.3399463419,0.05767661333,0.05682426691
1991,1.0,0.0,0.0,0.0,1.0,1.0,0.3315223281,0.3439858144,0.05743300915,0.05658835173
1992,1.0,0.0,0.0,0.0,1.0,1.0,0.329881165,0.3382988147,0.05695301294,0.05554324389
1993,1.0,0.0,0.0,0.0,1.0,1.0,0.3315220368,0.3417336521,0.05790191889,0.0564827919
1994,1.0,0.0,0.0,0.0,1.0,1.0,0.3255139761,0.3360191136,0.05664986372,0.05551111698
1995,1.0,0.0,0.0,0.0,1.0,1.0,0.3255509769,0.3360190999,0.05670022964,0.05528271198
1996,1.0,0.0,0.0,0.0,1.0,1.0,0.3276860682,0.3371817347,0.05712246895,0.05569434166
1997,1.0,0.0,0.0,0.0,1.0,1.0,0.3212494353,0.330849603,0.05620151758,0.05449837446
1998,1.0,0.0,0.0,0.0,1.0,1.0,0.3212490801,0.3302949299,0.05562448502,0.05421984196
1999,1.0,0.0,0.0,0.0,1.0,1.0,0.3190399145,0.3297129896,0.05529594421,0.05416750908
2000,1.0,0.0,0.0,0.0,1.0,1.0,0.3233967957,0.3274621296,0.05687093735,0.05487042665
2001,1.0,0.0,0.0,0.0,1.0,1.0,0.3239681321,0.3286302171,0.05673098564,0.05502909422
2002,1.0,0.0,0.0,0.0,1.0,1.0,0.3222955336,0.3240510919,0.05750405788,0.05518066883
2003,1.0,0.0,0.0,0.0,1.0,1.0,0.3190401125,0.3223455978,0.05619412661,0.05418717861
2004,1.0,0.0,0.0,0.0,1.0,1.0,0.3255879474,0.3359900349,0.05706858635,0.05593293905
2005,1.0,0.0,0.0,0.0,1.0,1.0,0.3174889454,0.3240509234,0.05470770597,0.05303293467
2006,1.0,0.0,0.0,0.0,1.0,1.0,0.3234442034,0.3269361817,0.05609613657,0.05413275957
2007,1.0,0.0,0.0,0.0,1.0,1.0,0.3174888071,0.322345681,0.05543714762,0.05345726013
2008,1.0,0.0,0.0,0.0,1.0,1.0,0.3055204013,0.314257367,0.05329793692,0.05188041925
2009,1.0,0.0,0.0,0.0,1.0,1.0,0.2955866598,0.3039538273,0.05112487078,0.04999500513
2010,1.0,0.0,0.0,0.0,1.0,1.0,0.2770728916,0.2897685379,0.04814219475,0.04785561562
2011,1.0,0.0,0.0,0.0,1.0,1.0,0.2733235257,0.2877704552,0.04789453745,0.04818308353
2012,1.0,0.0,0.0,0.0,1.0,1.0,0.2606519611,0.2751078281,0.04537838697,0.0456674099
2013,1.0,0.0,0.0,0.0,1.0,1.0,0.2602890117,0.2743226768,0.04445457458,0.04473954439
2014,1.0,0.0,0.0,0.0,1.0,1.0,0.2615208665,0.2751075048,0.04498440027,0.0452708602
2015,1.0,0.0,0.0,0.0,1.0,1.0,0.2662987748,0.2783910406,0.04638648033,0.04610008001
2016,1.0,0.0,0.0,0.0,1.0,1.0,0.26387928,0.2810931137,0.04603666067,0.04661208391
2017,1.0,0.0,0.0,0.0,1.0,1.0,0.265632454,0.2793577758,0.04581725597,0.04610359669
2018,1.0,0.0,0.0,0.0,1.0,1.0,0.2630982814,0.2785902883,0.04516667128,0.04545074701
2019,1.0,0.0,0.0,0.0,1.0,1.0,0.2630980539,0.2793580658,0.04551559687,0.04608815908
2020,1.0,0.0,0.0,0.0,1.0,1.0,0.2671773972,0.2828282202,0.0459190011,0.04620248079
2021,1.0,0.0,0.0,0.0,1.0,1.0,0.2626633961,0.2766620451,0.04564702511,0.04593408108
2022,1.0,0.0,0.0,0.0,1.0,1.0,0.2701641105,0.2810931641,0.04718691111,0.04689747095
2023,1.0,0.0,0.0,0.0,1.0,1.0,0.2680623219,0.2810927729,0.04658430815,0.04658424854
2024,1.0,0.0,0.0,0.0,1.0,1.0,0.2630978819,0.2795641136,0.04618626833,0.04647678137
2025,1.0,0.0,0.0,0.0,1.0,1.0,0.263534351,0.2795643777,0.04542821646,0.04571396112
2026,1.0,0.0,0.0,0.0,1.0,1.0,0.2704762463,0.2838135971,0.04702198505,0.04673522711
2027,1.0,0.0,0.0,0.0,1.0,1.0,0.2638790603,0.2813113496,0.04543566704,0.04571962357
2028,1.0,0.0,0.0,0.0,1.0,1.0,0.2671774405,0.2810929363,0.04641604424,0.04641604424
2029,1.0,0.0,0.0,0.0,1.0,1.0,0.2692711074,0.2838136333,0.04641824961,0.04641824961
2030,1.0,0.0,0.0,0.0,1.0,1.0,0.2728741577,0.2880335059,0.04768937826,0.04768931866
2031,1.0,0.0,0.0,0.0,1.0,1.0,0.277072969,0.2904951388,0.04800885916,0.04800885916
2032,1.0,0.0,0.0,0.0,1.0,1.0,0.2806316719,0.2949744965,0.04899543524,0.04870891571
2033,1.0,0.0,0.0,0.0,1.0,1.0,0.3004855223,0.3118945969,0.05272054672,0.05186098814
2034,1.0,0.0,0.0,0.0,1.0,1.0,0.3026130528,0.3136180795,0.05278277397,0.05192691088
2035,1.0,0.0,0.0,0.0,1.0,1.0,0.3076457908,0.3159747575,0.05518853664,0.05372852087
2036,1.0,0.0,0.0,0.0,1.0,1.0,0.3048867331,0.3142575524,0.05274200439,0.05161386728
2037,1.0,0.0,0.0,0.0,1.0,1.0,0.3055207686,0.3148925031,0.05472230911,0.05355793238
2038,1.0,0.0,0.0,0.0,1.0,1.0,0.2990202223,0.3118949502,0.0528216958,0.05196046829
2039,1.0,0.0,0.0,0.0,1.0,1.0,0.3082692166,0.3194093649,0.05471503735,0.05356317759
2040,1.0,0.0,0.0,0.0,1.0,1.0,0.3043902931,0.3131811532,0.05218213797,0.05106592178
2041,1.0,0.0,0.0,0.0,1.0,1.0,0.3078928095,0.3161497673,0.05341100693,0.05201274157
2042,1.0,0.0,0.0,0.0,1.0,1.0,0.3061499747,0.310406834,0.05403310061,0.05203187466
2043,1.0,0.0,0.0,0.0,1.0,1.0,0.3050244819,0.311469804,0.05344480276,0.05173909664
2044,1.0,0.0,0.0,0.0,1.0,1.0,0.2978792065,0.3069958704,0.05210310221,0.05124896765
2045,1.0,0.0,0.0,0.0,1.0,1.0,0.2995068594,0.309105471,0.05232167244,0.051184237
2046,1.0,0.0,0.0,0.0,1.0,1.0,0.3011349351,0.3073886942,0.0526150465,0.05090862513
2047,1.0,0.0,0.0,0.0,1.0,1.0,0.2995067062,0.3108227714,0.05194169283,0.05109483004
2048,1.0,0.0,0.0,0.0,1.0,1.0,0.2944344526,0.3012015414,0.05142593384,0.05028313398
2049,1.0,0.0,0.0,0.0,1.0,1.0,0.2981940708,0.3029129756,0.05158871412,0.05017143488
2050,1.0,0.0,0.0,0.0,1.0,1.0,0.2972195608,0.306725074,0.05186891556,0.05072891712
2051,1.0,0.0,0.0,0.0,1.0,1.0,0.2855549387,0.2984447084,0.04986661673,0.04929345846
2052,1.0,0.0,0.0,0.0,1.0,1.0,0.2806312686,0.2929398587,0.04882740974,0.0485419035
2053,1.0,0.0,0.0,0.0,1.0,1.0,0.2613672369,0.2776226662,0.04562777281,0.04591470957
2054,1.0,0.0,0.0,0.0,1.0,1.0,0.2235813556,0.2463657059,0.03868180513,0.0407024622
2055,1.0,0.0,0.0,0.0,1.0,1.0,0.1998884317,0.2302284208,0.03338760138,0.03649997711
2056,1.0,0.0,0.0,0.0,1.0,1.0,0.1829488354,0.214933726,0.03099000454,0.03443330526
2057,1.0,0.0,0.0,0.0,1.0,1.0,0.1750722649,0.2105967831,0.02963286638,0.03394836187
2058,1.0,0.0,0.0,0.0,1.0,1.0,0.1586144593,0.1984453487,0.02644002438,0.03127318621
2059,1.0,0.0,0.0,0.0,1.0,1.0,0.1405733677,0.1738157065,0.0237801671,0.02784013748
2060,1.0,0.0,0.0,0.0,1.0,1.0,0.1191044648,0.161674439,0.01973628998,0.02517092228
2061,1.0,0.0,0.0,0.0,1.0,1.0,0.1141230145,0.1604941495,0.01896321774,0.02528429031
2062,1.0,0.0,0.0,0.0,1.0,1.0,0.1179898275,0.1580001163,0.01959598064,0.02478313446
2063,1.0,0.0,0.0,0.0,1.0,1.0,0.1123941397,0.161082182,0.01844853163,0.02497643232
2064,1.0,0.0,0.0,0.0,1.0,1.0,0.1106647552,0.1647432996,0.01825338602,0.02566885948
2065,1.0,0.0,0.0,0.0,1.0,1.0,0.1108565811,0.1579998898,0.01831108332,0.02460551262
2066,1.0,0.0,0.0,0.0,1.0,1.0,0.115056072,0.1653620259,0.01912802458,0.02597981691
2067,1.0,0.0,0.0,0.0,1.0,1.0,0.1009887661,0.1684244806,0.01662194729,0.02607929707
2068,1.0,0.0,0.0,0.0,1.0,1.0,0.1093141447,0.1641150378,0.01806557178,0.02552115917
2069,1.0,0.0,0.0,0.0,1.0,1.0,0.1073924203,0.164743091,0.01763242483,0.02559542656
2070,1.0,0.0,0.0,0.0,1.0,1.0,0.1081870348,0.1689963675,0.01787942648,0.02639341354
2071,1.0,0.0,0.0,0.0,1.0,1.0,0.1023734502,0.1684040075,0.01693093777,0.02640074492
2072,1.0,0.0,0.0,0.0,1.0,1.0,0.1033907536,0.1757259849,0.01733255386,0.02773201466
2073,1.0,0.0,0.0,0.0,1.0,1.0,0.105113622,0.1702346366,0.01733255386,0.02642506361
2074,1.0,0.0,0.0,0.0,1.0,1.0,0.09750673062,0.1721260821,0.01603454351,0.02662873268
2075,1.0,0.0,0.0,0.0,1.0,1.0,0.09054177666,0.1721260237,0.014939785,0.02671921253
2076,1.0,0.0,0.0,0.0,1.0,1.0,0.09085825276,0.1746237571,0.0149063468,0.02694612741
2077,1.0,0.0,0.0,0.0,1.0,1.0,0.08490848951,0.1778036438,0.01389324665,0.02749705315
2078,1.0,0.0,0.0,0.0,1.0,1.0,0.08942360722,0.1778032381,0.01463919878,0.02726912498
2079,1.0,0.0,0.0,0.0,1.0,1.0,0.0997692889,0.1734103067,0.01644933224,0.02683830261
2080,1.0,0.0,0.0,0.0,1.0,1.0,0.08926696468,0.179004776,0.01461076736,0.02750271559
2081,1.0,0.0,0.0,0.0,1.0,1.0,0.09133734464,0.1740603476,0.01509654522,0.02699965239
2082,1.0,0.0,0.0,0.0,1.0,1.0,0.08828987383,0.1778033964,0.01448118687,0.02751427889
2083,1.0,0.0,0.0,0.0,1.0,1.0,0.09182141663,0.1784718995,0.01513558626,0.02765160799
2084,1.0,0.0,0.0,0.0,1.0,1.0,0.0878243411,0.1808687544,0.01433938742,0.02781838179
2085,1.0,0.0,0.0,0.0,1.0,1.0,0.08813413435,0.1765931278,0.0145804286,0.02741122246
2086,1.0,0.0,0.0,0.0,1.0,1.0,0.08683099441,0.1815465849,0.01420563459,0.0281213522
2087,1.0,0.0,0.0,0.0,1.0,1.0,0.08490837435,0.1796750354,0.01388460398,0.02776920795
2088,1.0,0.0,0.0,0.0,1.0,1.0,0.08891820122,0.1859862435,0.01441651583,0.02854472399
2089,1.0,0.0,0.0,0.0,1.0,1.0,0.08891845442,0.1796749721,0.01456397772,0.02796280384
2090,1.0,0.0,0.0,0.0,1.0,1.0,0.09053546386,0.1834182607,0.01487541199,0.02858418226
2091,1.0,0.0,0.0,0.0,1.0,1.0,0.0915106714,0.1881078609,0.01480478048,0.02873873711
2092,1.0,0.0,0.0,0.0,1.0,1.0,0.09167551284,0.1791454751,0.01475018263,0.02747583389
2093,1.0,0.0,0.0,0.0,1.0,1.0,0.09886566411,0.1904598717,0.01598274708,0.02935016155
2094,1.0,0.0,0.0,0.0,1.0,1.0,0.09958856607,0.2021343605,0.01602745056,0.03091007471
2095,1.0,0.0,0.0,0.0,1.0,1.0,0.1017613984,0.2059917777,0.01593637466,0.03073441982
2096,1.0,0.0,0.0,0.0,1.0,1.0,0.1050137629,0.1983625863,0.01678591967,0.0300989151
2097,1.0,0.0,0.0,0.0,1.0,1.0,0.1028307136,0.2002696645,0.0162203908,0.02987962961
2098,1.0,0.0,0.0,0.0,1.0,1.0,0.09672016332,0.203308478,0.01575875282,0.0312256813
2099,1.0,0.0,0.0,0.0,1.0,1.0,0.09149823378,0.2059915151,0.01449757814,0.03011029959
2100,1.0,0.0,0.0,0.0,1.0,1.0,0.1473753104,0.1998886408,0.02437341213,0.03025668859
2101,1.0,0.0,0.0,0.0,1.0,1.0,0.2364092718,0.2802007626,0.04013937712,0.04346132278
2102,1.0,0.0,0.0,0.0,1.0,1.0,0.2976045077,0.3244715766,0.05061888695,0.05061888695
2103,1.0,0.0,0.0,0.0,1.0,1.0,0.3305116407,0.3486024918,0.05663269758,0.05500686169
2104,1.0,0.0,0.0,0.0,1.0,1.0,0.3453483612,0.354750556,0.05841118097,0.05598860979
2105,1.0,0.0,0.0,0.0,1.0,1.0,0.3015972093,0.321126494,0.05043619871,0.05016791821
2106,1.0,0.0,0.0,0.0,1.0,1.0,0.09750652477,0.2055455899,0.01577603817,0.03070694208
2107,1.0,0.0,0.0,0.0,1.0,1.0,0.09182136414,0.2058774797,0.01428455114,0.03021734953
2108,1.0,0.0,0.0,0.0,1.0,1.0,0.2005568473,0.2410629191,0.03319841623,0.03790158033
2109,1.0,0.0,0.0,0.0,1.0,1.0,0.2841708008,0.2984680929,0.04895883799,0.04868066311
2110,1.0,0.0,0.0,0.0,1.0,1.0,0.3192437298,0.3275197791,0.05433940887,0.05297410488
2111,1.0,0.0,0.0,0.0,1.0,1.0,0.3192437103,0.3320181544,0.05491769314,0.05408984423
2112,1.0,0.0,0.0,0.0,1.0,1.0,0.3154435066,0.327520011,0.05341488123,0.05286991596
2113,1.0,0.0,0.0,0.0,1.0,1.0,0.3073941085,0.3186143081,0.05139905214,0.0522236824
2114,1.0,0.0,0.0,0.0,1.0,1.0,0.2817664607,0.2954434622,0.04732120037,0.04871302843
2115,1.0,0.0,0.0,0.0,1.0,1.0,0.2808347841,0.300852528,0.04600059986,0.04789477587
2116,1.0,0.0,0.0,0.0,1.0,1.0,0.2812997785,0.3036497445,0.04667168856,0.04804438353
2117,1.0,0.0,0.0,0.0,1.0,1.0,0.2422889227,0.2732286878,0.0393576622,0.04154419899
2118,1.0,0.0,0.0,0.0,1.0,1.0,0.1017287326,0.1822509368,0.01561444998,0.02547621727
2119,1.0,0.0,0.0,0.0,1.0,1.0,0.110271444,0.1933789797,0.01761674881,0.02824270725
2120,1.0,0.0,0.0,0.0,1.0,1.0,0.1090938359,0.1778034373,0.01694571972,0.02596527338
2121,1.0,0.0,0.0,0.0,1.0,1.0,0.1116493796,0.1690784869,0.01772463322,0.02572929859
2122,1.0,0.0,0.0,0.0,1.0,1.0,0.1201515595,0.1634774499,0.01888406277,0.02517873049
2123,1.0,0.0,0.0,0.0,1.0,1.0,0.1263031519,0.1623180931,0.01940119267,0.02502471209
2124,1.0,0.0,0.0,0.0,1.0,1.0,0.1385546284,0.1563874065,0.02127802372,0.02468252182
2125,1.0,0.0,0.0,0.0,1.0,1.0,0.1281815168,0.1285512232,0.01984840631,0.02042365074
2126,1.0,0.0,0.0,0.0,1.0,1.0,0.1614343492,0.1323302866,0.02472084761,0.02110993862
2127,1.0,0.0,0.0,0.0,1.0,1.0,0.2476647268,0.2196760025,0.03993719816,0.03710478544
2128,1.0,0.0,0.0,0.0,1.0,1.0,0.305146715,0.2843805583,0.04979103804,0.04839241505
2129,1.0,0.0,0.0,0.0,1.0,1.0,0.3449849265,0.3234440458,0.05684310198,0.05572855473
2130,1.0,0.0,0.0,0.0,1.0,1.0,0.3482903623,0.3304606091,0.0570884347,0.05653685331
2131,1.0,0.0,0.0,0.0,1.0,1.0,0.3530366741,0.3320829043,0.05876135826,0.05738198757
2132,1.0,0.0,0.0,0.0,1.0,1.0,0.3375819843,0.3224006432,0.05591672659,0.05509036779
2133,1.0,0.0,0.0,0.0,1.0,1.0,0.3174699849,0.3001570407,0.0517925024,0.05069631338
2134,1.0,0.0,0.0,0.0,1.0,1.0,0.339184545,0.3219354625,0.05652958155,0.05515748262
2135,1.0,0.0,0.0,0.0,1.0,1.0,0.3391548782,0.3304606639,0.05678027868,0.05623167753
2136,1.0,0.0,0.0,0.0,1.0,1.0,0.3342503911,0.3288065506,0.05594491959,0.05594491959
2137,1.0,0.0,0.0,0.0,1.0,1.0,0.3265502181,0.3287637682,0.05512863398,0.05568552017
2138,1.0,0.0,0.0,0.0,1.0,1.0,0.31377816,0.3123253745,0.05297136307,0.0518502593
2139,1.0,0.0,0.0,0.0,1.0,1.0,0.2072655956,0.1784715999,0.03320902586,0.0281432271
2140,1.0,0.0,0.0,0.0,1.0,1.0,0.1265114438,0.1244657384,0.02031260729,0.01944208145
2141,1.0,0.0,0.0,0.0,1.0,1.0,0.2009368534,0.1773204712,0.03283196688,0.02826404572
2142,1.0,0.0,0.0,0.0,1.0,1.0,0.2747199324,0.2751075614,0.04554653168,0.0441493988
2143,1.0,0.0,0.0,0.0,1.0,1.0,0.3173352168,0.3235483694,0.05333358049,0.05250883102
2144,1.0,0.0,0.0,0.0,1.0,1.0,0.3298973782,0.3359611214,0.05681204796,0.05569255352
2145,1.0,0.0,0.0,0.0,1.0,1.0,0.334229176,0.3410257173,0.05851703882,0.05738073587
2146,1.0,0.0,0.0,0.0,1.0,1.0,0.3396795624,0.3477788489,0.05727362633,0.05672293901
2147,1.0,0.0,0.0,0.0,1.0,1.0,0.3309629191,0.3387937955,0.05546569824,0.05491650105
2148,1.0,0.0,0.0,0.0,1.0,1.0,0.3374952053,0.352345946,0.05788522959,0.05816489458
2149,1.0,0.0,0.0,0.0,1.0,1.0,0.3320620813,0.3489576446,0.05716639757,0.05772686005
2150,1.0,0.0,0.0,0.0,1.0,1.0,0.3277390622,0.3433456204,0.05624645948,0.05624645948
2151,1.0,0.0,0.0,0.0,1.0,1.0,0.3202722461,0.3398775154,0.05462014675,0.05544352531
2152,1.0,0.0,0.0,0.0,1.0,1.0,0.3107239568,0.3269984489,0.0532194972,0.05349379778
2153,1.0,0.0,0.0,0.0,1.0,1.0,0.3226545505,0.3420019726,0.05509966612,0.05536848307
2154,1.0,0.0,0.0,0.0,1.0,1.0,0.3231635338,0.3375598853,0.05532407761,0.05505418777
2155,1.0,0.0,0.0,0.0,1.0,1.0,0.3258710266,0.3426180669,0.0560682416,0.05499517918
2156,1.0,0.0,0.0,0.0,1.0,1.0,0.315041421,0.3264843581,0.0548415184,0.05295044184
2157,1.0,0.0,0.0,0.0,1.0,1.0,0.3242701733,0.3359330936,0.05553603172,0.05392634869
2158,1.0,0.0,0.0,0.0,1.0,1.0,0.3147848025,0.3308961281,0.05361658335,0.05254423618
2159,1.0,0.0,0.0,0.0,1.0,1.0,0.3231161177,0.3398774858,0.0557218194,0.05517548323
2160,1.0,0.0,0.0,0.0,1.0,1.0,0.3193764883,0.3370998491,0.05521804094,0.05466860533
2161,1.0,0.0,0.0,0.0,1.0,1.0,0.312425231,0.3252422339,0.05333393812,0.0522454977
2162,1.0,0.0,0.0,0.0,1.0,1.0,0.2615206018,0.2638386482,0.04292792082,0.04128736258
2163,1.0,0.0,0.0,0.0,1.0,1.0,0.1796553778,0.1782095419,0.0282022357,0.02655941248
2164,1.0,0.0,0.0,0.0,1.0,1.0,0.1964123192,0.1846793214,0.03111594915,0.02808690071
2165,1.0,0.0,0.0,0.0,1.0,1.0,0.2613144141,0.2419700568,0.04377478361,0.0392267108
2166,1.0,0.0,0.0,0.0,1.0,1.0,0.3144867134,0.3087013879,0.05347174406,0.0506721735
2167,1.0,0.0,0.0,0.0,1.0,1.0,0.3260476362,0.325756879,0.05564576387,0.05340874195
2168,1.0,0.0,0.0,0.0,1.0,1.0,0.3320511403,0.3297478987,0.05580717325,0.05359703302
2169,1.0,0.0,0.0,0.0,1.0,1.0,0.3292670231,0.3285359644,0.05405664444,0.05187249184
2170,1.0,0.0,0.0,0.0,1.0,1.0,0.3276039436,0.3268071343,0.05366045237,0.05148136616
2171,1.0,0.0,0.0,0.0,1.0,1.0,0.3192888728,0.3187873404,0.05229699612,0.05039036274
2172,1.0,0.0,0.0,0.0,1.0,1.0,0.3292670985,0.3320064211,0.05381190777,0.05272477865
2173,1.0,0.0,0.0,0.0,1.0,1.0,0.3320352155,0.3320064963,0.05415815115,0.05279737711
2174,1.0,0.0,0.0,0.0,1.0,1.0,0.3281749894,0.3320066189,0.0544745326,0.05337405205
2175,1.0,0.0,0.0,0.0,1.0,1.0,0.3314895626,0.3308735056,0.05488240719,0.05323600769
2176,1.0,0.0,0.0,0.0,1.0,1.0,0.3249009794,0.3331473841,0.05363059044,0.05335837603
2177,1.0,0.0,0.0,0.0,1.0,1.0,0.3220794263,0.3320062613,0.05376726389,0.05376720428
2178,1.0,0.0,0.0,0.0,1.0,1.0,0.3336927078,0.3399463433,0.05631369352,0.05520951748
2179,1.0,0.0,0.0,0.0,1.0,1.0,0.328271908,0.3308961183,0.05602627993,0.05436211824
2180,1.0,0.0,0.0,0.0,1.0,1.0,0.3326009873,0.337695351,0.05616110563,0.05477786064
2181,1.0,0.0,0.0,0.0,1.0,1.0,0.3304344077,0.3365123507,0.05572587252,0.05490231514
2182,1.0,0.0,0.0,0.0,1.0,1.0,0.3336846311,0.3404140166,0.0577249527,0.05660951138
2183,1.0,0.0,0.0,0.0,1.0,1.0,0.3315222416,0.3342727495,0.05610096455,0.05445092916
2184,1.0,0.0,0.0,0.0,1.0,1.0,0.330421045,0.3354058084,0.05622929335,0.05511581898
2185,1.0,0.0,0.0,0.0,1.0,1.0,0.3174125355,0.3241434382,0.05477309227,0.0539304018
2186,1.0,0.0,0.0,0.0,1.0,1.0,0.2750142322,0.2785898214,0.04696309566,0.0458176136
2187,1.0,0.0,0.0,0.0,1.0,1.0,0.1490076679,0.1282299251,0.02377849817,0.01971870661
2188,1.0,0.0,0.0,0.0,1.0,1.0,0.1446079366,0.1463061853,0.02267062664,0.02209669352
2189,1.0,0.0,0.0,0.0,1.0,1.0,0.1388621685,0.1457516723,0.02167439461,0.02195954323
2190,1.0,0.0,0.0,0.0,1.0,1.0,0.1578064995,0.1390199902,0.02498620749,0.02125263214
2191,1.0,0.0,0.0,0.0,1.0,1.0,0.2135250058,0.183911866,0.03441387415,0.02863001823
2192,1.0,0.0,0.0,0.0,1.0,1.0,0.2720996176,0.2489582398,0.04445010424,0.03932118416
2193,1.0,0.0,0.0,0.0,1.0,1.0,0.3115806159,0.2991287654,0.051225245,0.04758632183
2194,1.0,0.0,0.0,0.0,1.0,1.0,0.3197545169,0.3197515643,0.05207967758,0.0498983264
2195,1.0,0.0,0.0,0.0,1.0,1.0,0.3347884886,0.3411061417,0.05549877882,0.05441051722
2196,1.0,0.0,0.0,0.0,1.0,1.0,0.3155262465,0.3187872873,0.05146074295,0.04984414577
2197,1.0,0.0,0.0,0.0,1.0,1.0,0.2358824815,0.2188559329,0.03730064631,0.03315609694
2198,1.0,0.0,0.0,0.0,1.0,1.0,0.1812275241,0.1678308497,0.02800571918,0.02467828989
2199,1.0,0.0,0.0,0.0,1.0,1.0,0.2205426947,0.2123356347,0.03433150053,0.0316067338
2200,1.0,0.0,0.0,0.0,1.0,1.0,0.2855548704,0.2805451071,0.04556691647,0.04288649559
2201,1.0,0.0,0.0,0.0,1.0,1.0,0.3108632867,0.3157957472,0.05019056797,0.04911118746
2202,1.0,0.0,0.0,0.0,1.0,1.0,0.3204821762,0.3302655964,0.05219578743,0.05138868093
2203,1.0,0.0,0.0,0.0,1.0,1.0,0.3288065026,0.3365469398,0.05475193262,0.05366778374
2204,1.0,0.0,0.0,0.0,1.0,1.0,0.3288485343,0.3433455571,0.05473601818,0.05419939756
2205,1.0,0.0,0.0,0.0,1.0,1.0,0.3309943956,0.338195384,0.05447566509,0.05341279507
2206,1.0,0.0,0.0,0.0,1.0,1.0,0.3352862469,0.3460903382,0.05815631151,0.05704325438
2207,1.0,0.0,0.0,0.0,1.0,1.0,0.3255880495,0.3331470752,0.05663317442,0.05522435904
2208,1.0,0.0,0.0,0.0,1.0,1.0,0.3304474137,0.3382466008,0.05591267347,0.05454230309
2209,1.0,0.0,0.0,0.0,1.0,1.0,0.3223482417,0.3291676219,0.05435472727,0.05271589756
2210,1.0,0.0,0.0,0.0,1.0,1.0,0.3239682859,0.329747804,0.05475026369,0.05310773849
2211,1.0,0.0,0.0,0.0,1.0,1.0,0.3251005118,0.3325845743,0.05577850342,0.05439782143
2212,1.0,0.0,0.0,0.0,1.0,1.0,0.3278166405,0.3320293399,0.0582023263,0.05621498823
2213,1.0,0.0,0.0,0.0,1.0,1.0,0.3218267207,0.326416945,0.05644279718,0.05502462387
2214,1.0,0.0,0.0,0.0,1.0,1.0,0.3185923006,0.3286756503,0.05646020174,0.05617362261
2215,1.0,0.0,0.0,0.0,1.0,1.0,0.3288487074,0.334830125,0.05758529902,0.05617392063
2216,1.0,0.0,0.0,0.0,1.0,1.0,0.3260473488,0.3331470464,0.05714321136,0.05628174543
2217,1.0,0.0,0.0,0.0,1.0,1.0,0.3216596036,0.3308734909,0.05597692728,0.05540573597
2218,1.0,0.0,0.0,0.0,1.0,1.0,0.3238778649,0.3348469187,0.05719166994,0.05690282583
2219,1.0,0.0,0.0,0.0,1.0,1.0,0.318004485,0.3269362112,0.05624181032,0.05538094044
2220,1.0,0.0,0.0,0.0,1.0,1.0,0.314759542,0.3190788158,0.05614858866,0.05470144749
2221,1.0,0.0,0.0,0.0,1.0,1.0,0.3164628629,0.3230517846,0.05485540628,0.05373591185
2222,1.0,0.0,0.0,0.0,1.0,1.0,0.3191765121,0.3259049154,0.05609035492,0.05524051189
2223,1.0,0.0,0.0,0.0,1.0,1.0,0.3250609052,0.3320292392,0.05639469624,0.05555301905
2224,1.0,0.0,0.0,0.0,1.0,1.0,0.3224007163,0.3297820029,0.0561273694,0.05500477552
2225,1.0,0.0,0.0,0.0,1.0,1.0,0.3169749434,0.3247344838,0.05623054504,0.05536991358
2226,1.0,0.0,0.0,0.0,1.0,1.0,0.3203340281,0.3286754496,0.05637907982,0.05525147915
2227,1.0,0.0,0.0,0.0,1.0,1.0,0.3224523062,0.326417073,0.05682069063,0.05484187603
2228,1.0,0.0,0.0,0.0,1.0,1.0,0.3230198089,0.330896356,0.05692148209,0.05523073673
2229,1.0,0.0,0.0,0.0,1.0,1.0,0.3225038046,0.3308963296,0.05702930689,0.05533534288
2230,1.0,0.0,0.0,0.0,1.0,1.0,0.3085094241,0.315974571,0.05461782217,0.05234205723
2231,1.0,0.0,0.0,0.0,1.0,1.0,0.3139273227,0.3183156953,0.05550676584,0.05267482996
2232,1.0,0.0,0.0,0.0,1.0,1.0,0.3201465305,0.3268071079,0.05558085442,0.05332374573
2233,1.0,0.0,0.0,0.0,1.0,1.0,0.3157844812,0.3175309938,0.05605608225,0.05287766457
2234,1.0,0.0,0.0,0.0,1.0,1.0,0.3136459931,0.3205106206,0.05441021919,0.05243676901
2235,1.0,0.0,0.0,0.0,1.0,1.0,0.3185213224,0.3200267253,0.05598753691,0.05341666937
2236,1.0,0.0,0.0,0.0,1.0,1.0,0.2782632689,0.2744945204,0.049231112,0.04544407129
2237,1.0,0.0,0.0,0.0,1.0,1.0,0.263718558,0.2570504727,0.04514044523,0.04111510515
2238,1.0,0.0,0.0,0.0,1.0,1.0,0.2766164363,0.2672120273,0.04730516672,0.04336309433
2239,1.0,0.0,0.0,0.0,1.0,1.0,0.2767942533,0.2645579641,0.04689663649,0.04296511412
2240,1.0,0.0,0.0,0.0,1.0,1.0,0.2783048933,0.2718079579,0.04969531298,0.04706442356
2241,1.0,0.0,0.0,0.0,1.0,1.0,0.2728739259,0.2600588293,0.04670608044,0.04304838181
2242,1.0,0.0,0.0,0.0,1.0,1.0,0.2742921525,0.2581891429,0.04668086767,0.04332655668
2243,1.0,0.0,0.0,0.0,1.0,1.0,0.2325850432,0.2019077409,0.04021054506,0.03496575356
2244,1.0,0.0,0.0,0.0,1.0,1.0,0.1496489522,0.1130112558,0.02377265692,0.01811254025
2245,1.0,0.0,0.0,0.0,1.0,1.0,0.1353966516,0.1024165422,0.02190983295,0.01672071218
2246,1.0,0.0,0.0,0.0,1.0,1.0,0.1386609712,0.1056758674,0.0227035284,0.01739627123
2247,1.0,0.0,0.0,0.0,1.0,1.0,0.1407156115,0.1182136268,0.02355158329,0.01992827654
2248,1.0,0.0,0.0,0.0,1.0,1.0,0.1404621887,0.1177910995,0.02251672745,0.0190525651
2249,1.0,0.0,0.0,0.0,1.0,1.0,0.1407156895,0.1204364589,0.02256965637,0.01938676834
2250,1.0,0.0,0.0,0.0,1.0,1.0,0.1491171752,0.1253715831,0.02420908213,0.02046245337
2251,1.0,0.0,0.0,0.0,1.0,1.0,0.1422627695,0.1231452875,0.0228189826,0.01993048191
2252,1.0,0.0,0.0,0.0,1.0,1.0,0.1448468174,0.1191505468,0.02323317528,0.01945775747
2253,1.0,0.0,0.0,0.0,1.0,1.0,0.1471348931,0.1217958179,0.02330940962,0.0193297863
2254,1.0,0.0,0.0,0.0,1.0,1.0,0.1427776773,0.1231456006,0.0229446888,0.02004027367
2255,1.0,0.0,0.0,0.0,1.0,1.0,0.1502781101,0.1276266738,0.0236017704,0.0201895237
2256,1.0,0.0,0.0,0.0,1.0,1.0,0.1518139894,0.1226752305,0.02408707142,0.01949906349
2257,1.0,0.0,0.0,0.0,1.0,1.0,0.152365253,0.1280871714,0.02406996489,0.0203447938
2258,1.0,0.0,0.0,0.0,1.0,1.0,0.1512666111,0.1280874061,0.02398210764,0.02027064562
2259,1.0,0.0,0.0,0.0,1.0,1.0,0.1481992139,0.1226753292,0.02366626263,0.01962572336
2260,1.0,0.0,0.0,0.0,1.0,1.0,0.138911371,0.1208710918,0.02214294672,0.01926726103
2261,1.0,0.0,0.0,0.0,1.0,1.0,0.1399215155,0.1253844389,0.02198946476,0.01970487833
2262,1.0,0.0,0.0,0.0,1.0,1.0,0.1448465599,0.1249303045,0.02356719971,0.02032673359
2263,1.0,0.0,0.0,0.0,1.0,1.0,0.1359534232,0.1217033514,0.02133661509,0.01902997494
2264,1.0,0.0,0.0,0.0,1.0,1.0,0.1336249771,0.1226421663,0.02093279362,0.01921230555
2265,1.0,0.0,0.0,0.0,1.0,1.0,0.1354552994,0.1286043538,0.02131021023,0.02015829086
2266,1.0,0.0,0.0,0.0,1.0,1.0,0.1378541884,0.1336249682,0.02197855711,0.0211109519
2267,1.0,0.0,0.0,0.0,1.0,1.0,0.1373552468,0.1381044623,0.02162581682,0.02162581682
2268,1.0,0.0,0.0,0.0,1.0,1.0,0.1396680104,0.1367846328,0.02222043276,0.02164322138
2269,1.0,0.0,0.0,0.0,1.0,1.0,0.1278991401,0.13276722,0.02014279366,0.02071833611
2270,1.0,0.0,0.0,0.0,1.0,1.0,0.1299639745,0.1332590755,0.02070873976,0.02100044489
2271,1.0,0.0,0.0,0.0,1.0,1.0,0.1292540325,0.1359533871,0.02054286003,0.02141082287
2272,1.0,0.0,0.0,0.0,1.0,1.0,0.1276658625,0.1364549962,0.02023798227,0.02139443159
2273,1.0,0.0,0.0,0.0,1.0,1.0,0.1290189663,0.1346111264,0.02051097155,0.02108871937
2274,1.0,0.0,0.0,0.0,1.0,1.0,0.1305985577,0.1359535836,0.02084565163,0.02142471075
2275,1.0,0.0,0.0,0.0,1.0,1.0,0.1290190375,0.1382992242,0.02026498318,0.02140665054
2276,1.0,0.0,0.0,0.0,1.0,1.0,0.1287847921,0.1327673482,0.02029550076,0.02058136463
2277,1.0,0.0,0.0,0.0,1.0,1.0,0.1228674517,0.1356120103,0.01923269033,0.02095496655
2278,1.0,0.0,0.0,0.0,1.0,1.0,0.1242451191,0.1361179687,0.01974868774,0.0212007761
2279,1.0,0.0,0.0,0.0,1.0,1.0,0.1251569683,0.1425130207,0.02009421587,0.02242398262
2280,1.0,0.0,0.0,0.0,1.0,1.0,0.1210331059,0.1403710729,0.0189576149,0.02154278755
2281,1.0,0.0,0.0,0.0,1.0,1.0,0.1244726126,0.1403709115,0.01958316565,0.02159905434
2282,1.0,0.0,0.0,0.0,1.0,1.0,0.1240181921,0.1435766295,0.0198392272,0.02246505022
2283,1.0,0.0,0.0,0.0,1.0,1.0,0.1199328456,0.1417117204,0.01911407709,0.02201014757
2284,1.0,0.0,0.0,0.0,1.0,1.0,0.119715127,0.145440999,0.01925736666,0.02275872231
2285,1.0,0.0,0.0,0.0,1.0,1.0,0.1199329312,0.1435766301,0.01884645224,0.02198755741
2286,1.0,0.0,0.0,0.0,1.0,1.0,0.1162988192,0.1425132039,0.0183313489,0.02205491066
2287,1.0,0.0,0.0,0.0,1.0,1.0,0.1130758948,0.1467579663,0.01754611731,0.0223570466
2288,1.0,0.0,0.0,0.0,1.0,1.0,0.114066769,0.1430425119,0.01775699854,0.02170294523
2289,1.0,0.0,0.0,0.0,1.0,1.0,0.1116592504,0.1470874675,0.0174946785,0.02237021923
2290,1.0,0.0,0.0,0.0,1.0,1.0,0.108634733,0.1497293074,0.01724332571,0.02299118042
2291,1.0,0.0,0.0,0.0,1.0,1.0,0.1046347495,0.1536178759,0.01618784666,0.02316534519
2292,1.0,0.0,0.0,0.0,1.0,1.0,0.1090303157,0.156516192,0.01694667339,0.02344280481
2293,1.0,0.0,0.0,0.0,1.0,1.0,0.1026451972,0.1566288202,0.01606190205,0.02367019653
2294,1.0,0.0,0.0,0.0,1.0,1.0,0.09976610437,0.1603583062,0.01592993736,0.02446383238
2295,1.0,0.0,0.0,0.0,1.0,1.0,0.1033904656,0.1609586758,0.01573997736,0.0237480402
2296,1.0,0.0,0.0,0.0,1.0,1.0,0.1082426102,0.1765934874,0.01669925451,0.02616226673
2297,1.0,0.0,0.0,0.0,1.0,1.0,0.1012095408,0.1829164931,0.01547664404,0.02680766582
2298,1.0,0.0,0.0,0.0,1.0,1.0,0.1013925796,0.171007157,0.01556706429,0.0250185132
2299,1.0,0.0,0.0,0.0,1.0,1.0,0.1613682368,0.1830479716,0.02551078796,0.0274309516
2300,1.0,0.0,0.0,0.0,1.0,1.0,0.2536149007,0.2629192772,0.04063332081,0.04036593437
2301,1.0,0.0,0.0,0.0,1.0,1.0,0.3315302472,0.3370600577,0.05464082956,0.05357462168
2302,1.0,0.0,0.0,0.0,1.0,1.0,0.3535002109,0.3564674317,0.05950212479,0.05787932873
2303,1.0,0.0,0.0,0.0,1.0,1.0,0.3643127766,0.3743724559,0.06058961153,0.06005334854
2304,1.0,0.0,0.0,0.0,1.0,1.0,0.3616719604,0.3664618456,0.06052750349,0.05944663286
2305,1.0,0.0,0.0,0.0,1.0,1.0,0.3649011512,0.3706540974,0.06095188856,0.06041252613
2306,1.0,0.0,0.0,0.0,1.0,1.0,0.3546404783,0.3626737313,0.06050539017,0.05968034267
2307,1.0,0.0,0.0,0.0,1.0,1.0,0.3606399427,0.3731248248,0.06175494194,0.06203186512
2308,1.0,0.0,0.0,0.0,1.0,1.0,0.3641757367,0.3731248969,0.06121122837,0.06148570776
2309,1.0,0.0,0.0,0.0,1.0,1.0,0.3646170281,0.3710304638,0.06184029579,0.06128823757
2310,1.0,0.0,0.0,0.0,1.0,1.0,0.3654914665,0.3747905591,0.06121450663,0.06094366312
2311,1.0,0.0,0.0,0.0,1.0,1.0,0.3591492387,0.3660163453,0.0621997714,0.06163686514
2312,1.0,0.0,0.0,0.0,1.0,1.0,0.3581062367,0.3643447533,0.05937772989,0.05883789062
2313,1.0,0.0,0.0,0.0,1.0,1.0,0.3597339582,0.3655676385,0.06011146307,0.05929547548
2314,1.0,0.0,0.0,0.0,1.0,1.0,0.3526487361,0.3626735397,0.06027877331,0.0602787137
2315,1.0,0.0,0.0,0.0,1.0,1.0,0.3549573041,0.3655674806,0.05910181999,0.05937415361
2316,1.0,0.0,0.0,0.0,1.0,1.0,0.3544818836,0.3588598712,0.06080847979,0.06024539471
2317,1.0,0.0,0.0,0.0,1.0,1.0,0.3484143257,0.3526457526,0.05791985989,0.0573759675
2318,1.0,0.0,0.0,0.0,1.0,1.0,0.2701193714,0.2672119056,0.04354512691,0.04191219807
2319,1.0,0.0,0.0,0.0,1.0,1.0,0.1162987239,0.1441142196,0.01814132929,0.02182626724
2320,1.0,0.0,0.0,0.0,1.0,1.0,0.111851162,0.1473057078,0.01748776436,0.02228271961
2321,1.0,0.0,0.0,0.0,1.0,1.0,0.1936091307,0.1995288325,0.03134959936,0.03134959936
2322,1.0,0.0,0.0,0.0,1.0,1.0,0.2536400409,0.2524542414,0.04104483128,0.03968572617
2323,1.0,0.0,0.0,0.0,1.0,1.0,0.3080247251,0.3089492083,0.05115228891,0.0497918725
2324,1.0,0.0,0.0,0.0,1.0,1.0,0.330434404,0.3370599281,0.05451250076,0.05397540331
2325,1.0,0.0,0.0,0.0,1.0,1.0,0.3390964995,0.3409468197,0.05739086866,0.05601787567
2326,1.0,0.0,0.0,0.0,1.0,1.0,0.3390675473,0.3414759158,0.05780494213,0.05642861128
2327,1.0,0.0,0.0,0.0,1.0,1.0,0.337473979,0.3409466697,0.05728161335,0.05618000031
2328,1.0,0.0,0.0,0.0,1.0,1.0,0.3369455761,0.3414759265,0.05685037374,0.05630105734
2329,1.0,0.0,0.0,0.0,1.0,1.0,0.3293054761,0.3325899905,0.05426639318,0.05399501324
2330,1.0,0.0,0.0,0.0,1.0,1.0,0.3309626492,0.3392751452,0.05660766363,0.05688786507
2331,1.0,0.0,0.0,0.0,1.0,1.0,0.3374741248,0.3413935071,0.05799776316,0.05771887302
2332,1.0,0.0,0.0,0.0,1.0,1.0,0.3347882442,0.338144473,0.05543833971,0.05516660213
2333,1.0,0.0,0.0,0.0,1.0,1.0,0.337494959,0.346472921,0.05763846636,0.05791687965
2334,1.0,0.0,0.0,0.0,1.0,1.0,0.3315063329,0.3376042101,0.05629295111,0.05629295111
2335,1.0,0.0,0.0,0.0,1.0,1.0,0.3385995544,0.3459607352,0.05786782503,0.05786788464
2336,1.0,0.0,0.0,0.0,1.0,1.0,0.2265169982,0.2149149834,0.03688532114,0.03463280201
2337,1.0,0.0,0.0,0.0,1.0,1.0,0.1358812442,0.1438310246,0.02171748877,0.0222889781
2338,1.0,0.0,0.0,0.0,1.0,1.0,0.1349158256,0.1341165094,0.02149826288,0.02064967155
2339,1.0,0.0,0.0,0.0,1.0,1.0,0.214288451,0.2083643187,0.03517061472,0.03320109844
2340,1.0,0.0,0.0,0.0,1.0,1.0,0.264411641,0.2601288036,0.04426586628,0.04231703281
2341,1.0,0.0,0.0,0.0,1.0,1.0,0.2967349738,0.3021961295,0.05083554983,0.04999756813
2342,1.0,0.0,0.0,0.0,1.0,1.0,0.3125287296,0.3163216142,0.05279356241,0.05169373751
2343,1.0,0.0,0.0,0.0,1.0,1.0,0.3233489343,0.3286753602,0.0548568368,0.05430269241
2344,1.0,0.0,0.0,0.0,1.0,1.0,0.314063792,0.3213695161,0.05290275812,0.05262720585
2345,1.0,0.0,0.0,0.0,1.0,1.0,0.1960374761,0.1880673213,0.03150099516,0.02953225374
2346,1.0,0.0,0.0,0.0,1.0,1.0,0.1120868245,0.1383842825,0.01761782169,0.02114140987
2347,1.0,0.0,0.0,0.0,1.0,1.0,0.1051076488,0.1438591822,0.01648032665,0.02197372913
2348,1.0,0.0,0.0,0.0,1.0,1.0,0.1878258437,0.1856107774,0.03025370836,0.02886599302
2349,1.0,0.0,0.0,0.0,1.0,1.0,0.2469207442,0.2412448828,0.04080915451,0.03886592388
2350,1.0,0.0,0.0,0.0,1.0,1.0,0.2988528157,0.3025521572,0.05034279823,0.04896730185
2351,1.0,0.0,0.0,0.0,1.0,1.0,0.3342236817,0.3342611267,0.05673480034,0.05481618643
2352,1.0,0.0,0.0,0.0,1.0,1.0,0.3374527274,0.3426180192,0.05780339241,0.0566971302
2353,1.0,0.0,0.0,0.0,1.0,1.0,0.3304477089,0.3331474339,0.05636495352,0.05525976419
2354,1.0,0.0,0.0,0.0,1.0,1.0,0.3288275276,0.3359329426,0.05626296997,0.05570870638
2355,1.0,0.0,0.0,0.0,1.0,1.0,0.3239680552,0.3275761818,0.05485832691,0.05376118422
2356,1.0,0.0,0.0,0.0,1.0,1.0,0.3277391665,0.3348130491,0.05564719439,0.05537170172
2357,1.0,0.0,0.0,0.0,1.0,1.0,0.321771605,0.3303524598,0.05373072624,0.05345934629
2358,1.0,0.0,0.0,0.0,1.0,1.0,0.3228213299,0.3309189233,0.05454987288,0.05454987288
2359,1.0,0.0,0.0,0.0,1.0,1.0,0.3309838549,0.3409469602,0.0562979579,0.0562980175
2360,1.0,0.0,0.0,0.0,1.0,1.0,0.330434524,0.3353608537,0.0562954545,0.05601811409
2361,1.0,0.0,0.0,0.0,1.0,1.0,0.3298971409,0.3331473515,0.05638891459,0.05555558205
2362,1.0,0.0,0.0,0.0,1.0,1.0,0.3260821244,0.3314814106,0.05550289154,0.05522537231
2363,1.0,0.0,0.0,0.0,1.0,1.0,0.3260820136,0.3353834363,0.05487817526,0.05487823486
2364,1.0,0.0,0.0,0.0,1.0,1.0,0.3336897931,0.3364786599,0.05634123087,0.05551671982
2365,1.0,0.0,0.0,0.0,1.0,1.0,0.3288276911,0.3331472904,0.0557564497,0.05493247509
2366,1.0,0.0,0.0,0.0,1.0,1.0,0.326646792,0.3275761719,0.05600667,0.05461347103
2367,1.0,0.0,0.0,0.0,1.0,1.0,0.3261167956,0.3309188489,0.05484396219,0.054025352
2368,1.0,0.0,0.0,0.0,1.0,1.0,0.3298808461,0.333147204,0.0558347702,0.05472916365
2369,1.0,0.0,0.0,0.0,1.0,1.0,0.3315141673,0.3365127142,0.05570667982,0.05488348007
2370,1.0,0.0,0.0,0.0,1.0,1.0,0.3260820981,0.3320293733,0.05550670624,0.05495166779
2371,1.0,0.0,0.0,0.0,1.0,1.0,0.183967979,0.1835339973,0.02953016758,0.0286783576
2372,1.0,0.0,0.0,0.0,1.0,1.0,0.1102191,0.1364620635,0.01689302921,0.02032881975
2373,1.0,0.0,0.0,0.0,1.0,1.0,0.1122760511,0.1463061508,0.0178077817,0.02247869968
2374,1.0,0.0,0.0,0.0,1.0,1.0,0.1055876679,0.137982899,0.01653891802,0.02110141516
2375,1.0,0.0,0.0,0.0,1.0,1.0,0.1785341269,0.1695800896,0.02911138535,0.02682811022
2376,1.0,0.0,0.0,0.0,1.0,1.0,0.2498603405,0.2351629592,0.04142838717,0.03832834959
2377,1.0,0.0,0.0,0.0,1.0,1.0,0.2855549297,0.2899405896,0.04766660929,0.0471123457
2378,1.0,0.0,0.0,0.0,1.0,1.0,0.3075205014,0.3106371785,0.05185031891,0.05074709654
2379,1.0,0.0,0.0,0.0,1.0,1.0,0.2998323563,0.3021961754,0.05081522465,0.0497045517
2380,1.0,0.0,0.0,0.0,1.0,1.0,0.2954015575,0.2998326177,0.04993581772,0.04910355806
2381,1.0,0.0,0.0,0.0,1.0,1.0,0.3014711179,0.3042519572,0.05107188225,0.0496840477
2382,1.0,0.0,0.0,0.0,1.0,1.0,0.3026134892,0.3076513702,0.05180609226,0.05068594217
2383,1.0,0.0,0.0,0.0,1.0,1.0,0.2988526703,0.2994960432,0.05056190491,0.04918044806
2384,1.0,0.0,0.0,0.0,1.0,1.0,0.3047479368,0.30765133,0.05214107037,0.05073940754
2385,1.0,0.0,0.0,0.0,1.0,1.0,0.2937604414,0.2940533844,0.04945117235,0.04779356718
2386,1.0,0.0,0.0,0.0,1.0,1.0,0.287891866,0.287974902,0.04890036583,0.04723328352
2387,1.0,0.0,0.0,0.0,1.0,1.0,0.2855548557,0.2836254778,0.04832315445,0.046656847
2388,1.0,0.0,0.0,0.0,1.0,1.0,0.2839138754,0.284586932,0.04743689299,0.04606586695
2389,1.0,0.0,0.0,0.0,1.0,1.0,0.2853192007,0.2889543417,0.04753988981,0.04671549797
2390,1.0,0.0,0.0,0.0,1.0,1.0,0.2869687179,0.2872544269,0.04827219248,0.04688501358
2391,1.0,0.0,0.0,0.0,1.0,1.0,0.2848492733,0.2889541959,0.04829013348,0.04745268822
2392,1.0,0.0,0.0,0.0,1.0,1.0,0.2824870237,0.282155519,0.04715007544,0.04577142
2393,1.0,0.0,0.0,0.0,1.0,1.0,0.2855549523,0.2823765805,0.04802435637,0.04606986046
2394,1.0,0.0,0.0,0.0,1.0,1.0,0.2767941653,0.2797075507,0.04606425762,0.04523676634
2395,1.0,0.0,0.0,0.0,1.0,1.0,0.2817666302,0.2814125903,0.0473524332,0.04595965147
2396,1.0,0.0,0.0,0.0,1.0,1.0,0.2836699105,0.2855549864,0.0478656292,0.04675251245
2397,1.0,0.0,0.0,0.0,1.0,1.0,0.2998326795,0.3015263974,0.05110299587,0.04970669746
2398,1.0,0.0,0.0,0.0,1.0,1.0,0.3047478712,0.3055723365,0.05118227005,0.04980635643
2399,1.0,0.0,0.0,0.0,1.0,1.0,0.3092737254,0.3135831739,0.05230641365,0.05148047209
2400,1.0,0.0,0.0,0.0,1.0,1.0,0.2995069012,0.3045439666,0.05039465427,0.04957306385
2401,1.0,0.0,0.0,0.0,1.0,1.0,0.2983652081,0.3045440067,0.05035865307,0.04980832338
2402,1.0,0.0,0.0,0.0,1.0,1.0,0.3004860574,0.3045439107,0.0511251092,0.05029153824
2403,1.0,0.0,0.0,0.0,1.0,1.0,0.2801088211,0.2797069263,0.04701834917,0.04562723637
2404,1.0,0.0,0.0,0.0,1.0,1.0,0.2775311317,0.2797073671,0.04598653316,0.04489159584
2405,1.0,0.0,0.0,0.0,1.0,1.0,0.2794491933,0.2811991182,0.04736512899,0.04625070095
2406,1.0,0.0,0.0,0.0,1.0,1.0,0.2869685235,0.2862807299,0.04859232903,0.04719597101
2407,1.0,0.0,0.0,0.0,1.0,1.0,0.2867250564,0.2877182733,0.04836422205,0.04725879431
2408,1.0,0.0,0.0,0.0,1.0,1.0,0.2782628631,0.279505024,0.04651743174,0.04541647434
2409,1.0,0.0,0.0,0.0,1.0,1.0,0.2198083426,0.2111497519,0.03596937656,0.03372132778
2410,1.0,0.0,0.0,0.0,1.0,1.0,0.165991485,0.1635779987,0.02664762735,0.02552562952
2411,1.0,0.0,0.0,0.0,1.0,1.0,0.1645318072,0.1653752944,0.02600711584,0.02545374632
2412,1.0,0.0,0.0,0.0,1.0,1.0,0.2219102346,0.2134222808,0.03721857071,0.03494560719
2413,1.0,0.0,0.0,0.0,1.0,1.0,0.2745176315,0.272729194,0.04627531767,0.04461276531
2414,1.0,0.0,0.0,0.0,1.0,1.0,0.2957700652,0.2958211952,0.050822258,0.04942595959
2415,1.0,0.0,0.0,0.0,1.0,1.0,0.300156938,0.3075204994,0.05047297478,0.05020016432
2416,1.0,0.0,0.0,0.0,1.0,1.0,0.3034022799,0.3058492106,0.05175733566,0.05065017939
2417,1.0,0.0,0.0,0.0,1.0,1.0,0.3050244602,0.3142058389,0.05172336102,0.05172336102
2418,1.0,0.0,0.0,0.0,1.0,1.0,0.3066468522,0.3125343594,0.05202233791,0.05147182941
2419,1.0,0.0,0.0,0.0,1.0,1.0,0.31100944,0.3175484534,0.05288559198,0.05233472586
2420,1.0,0.0,0.0,0.0,1.0,1.0,0.3158690992,0.3208911586,0.05371719599,0.05289077759
2421,1.0,0.0,0.0,0.0,1.0,1.0,0.3136460637,0.320291246,0.05274176598,0.05219525099
2422,1.0,0.0,0.0,0.0,1.0,1.0,0.3169753868,0.3204193649,0.05424124002,0.05341100693
2423,1.0,0.0,0.0,0.0,1.0,1.0,0.3146692085,0.319686656,0.05301958323,0.0521954298
2424,1.0,0.0,0.0,0.0,1.0,1.0,0.3189711564,0.3186142611,0.05400127172,0.05261659622
2425,1.0,0.0,0.0,0.0,1.0,1.0,0.3260819453,0.3309188143,0.0563223362,0.05575913191
2426,1.0,0.0,0.0,0.0,1.0,1.0,0.3150949805,0.3212491533,0.05381327868,0.05297243595
2427,1.0,0.0,0.0,0.0,1.0,1.0,0.3123254464,0.3184663222,0.05337971449,0.05281788111
2428,1.0,0.0,0.0,0.0,1.0,1.0,0.3135505259,0.3180042862,0.05405330658,0.05320870876
2429,1.0,0.0,0.0,0.0,1.0,1.0,0.3119172121,0.3157020605,0.05301254988,0.05190235376
2430,1.0,0.0,0.0,0.0,1.0,1.0,0.313550512,0.3207669498,0.0533118248,0.05275648832
2431,1.0,0.0,0.0,0.0,1.0,1.0,0.3162169663,0.3180044179,0.05388915539,0.05277228355
2432,1.0,0.0,0.0,0.0,1.0,1.0,0.321190796,0.3219678041,0.05473071337,0.05334162712
2433,1.0,0.0,0.0,0.0,1.0,1.0,0.3162996397,0.3247344071,0.05446314812,0.05418241024
2434,1.0,0.0,0.0,0.0,1.0,1.0,0.3162998946,0.318614255,0.05392277241,0.05281096697
2435,1.0,0.0,0.0,0.0,1.0,1.0,0.3162997991,0.3192198266,0.05403590202,0.05320030451
2436,1.0,0.0,0.0,0.0,1.0,1.0,0.3136459911,0.3152602226,0.05290108919,0.05153059959
2437,1.0,0.0,0.0,0.0,1.0,1.0,0.310395811,0.3196865457,0.05234903097,0.05207490921
2438,1.0,0.0,0.0,0.0,1.0,1.0,0.3162996133,0.3219677877,0.05412751436,0.05356949568
2439,1.0,0.0,0.0,0.0,1.0,1.0,0.3217717417,0.3269984278,0.05429166555,0.05346900225
2440,1.0,0.0,0.0,0.0,1.0,1.0,0.3190400625,0.3236447763,0.05521970987,0.05437451601
2441,1.0,0.0,0.0,0.0,1.0,1.0,0.3217716711,0.3242335305,0.05460429192,0.05350112915
2442,1.0,0.0,0.0,0.0,1.0,1.0,0.3152712168,0.3225621799,0.05405211449,0.05377346277
2443,1.0,0.0,0.0,0.0,1.0,1.0,0.3157847836,0.3202910172,0.05407220125,0.05323600769
2444,1.0,0.0,0.0,0.0,1.0,1.0,0.313136799,0.3186139396,0.05349117517,0.05265969038
2445,1.0,0.0,0.0,0.0,1.0,1.0,0.3158689051,0.3169368654,0.05301880836,0.05138742924
2446,1.0,0.0,0.0,0.0,1.0,1.0,0.3098918162,0.313583131,0.05303651094,0.05192577839
2447,1.0,0.0,0.0,0.0,1.0,1.0,0.3115145656,0.3125344233,0.05340987444,0.05201894045
2448,1.0,0.0,0.0,0.0,1.0,1.0,0.3147591897,0.3158768378,0.0538238883,0.0524366498
2449,1.0,0.0,0.0,0.0,1.0,1.0,0.3092736138,0.3089488292,0.05316108465,0.05120247602
2450,1.0,0.0,0.0,0.0,1.0,1.0,0.3060183835,0.3089490406,0.05199867487,0.0506156683
2451,1.0,0.0,0.0,0.0,1.0,1.0,0.3092736815,0.3095912824,0.05336147547,0.05167633295
2452,1.0,0.0,0.0,0.0,1.0,1.0,0.3066469404,0.3068755935,0.0514242053,0.04979169369
2453,1.0,0.0,0.0,0.0,1.0,1.0,0.3105064236,0.3119063041,0.05300575495,0.05134928226
2454,1.0,0.0,0.0,0.0,1.0,1.0,0.3082692029,0.3079085462,0.05345457792,0.05148518085
2455,1.0,0.0,0.0,0.0,1.0,1.0,0.30524826,0.3097585328,0.05115491152,0.04977977276
2456,1.0,0.0,0.0,0.0,1.0,1.0,0.3096631669,0.3106373603,0.05135840178,0.0499997139
2457,1.0,0.0,0.0,0.0,1.0,1.0,0.3081476006,0.310637089,0.05188179016,0.0505092144
2458,1.0,0.0,0.0,0.0,1.0,1.0,0.3052482965,0.3066084482,0.05107092857,0.04969805479
2459,1.0,0.0,0.0,0.0,1.0,1.0,0.3037521022,0.3049142199,0.05057799816,0.04894638062
2460,1.0,0.0,0.0,0.0,1.0,1.0,0.3060180759,0.3038844891,0.05174016953,0.04953849316
2461,1.0,0.0,0.0,0.0,1.0,1.0,0.3034019635,0.3018452787,0.05146294832,0.04953658581
2462,1.0,0.0,0.0,0.0,1.0,1.0,0.3103958556,0.3075208316,0.05263769627,0.05070859194
2463,1.0,0.0,0.0,0.0,1.0,1.0,0.307769669,0.3064956597,0.05111014843,0.04949617386
2464,1.0,0.0,0.0,0.0,1.0,1.0,0.3055204609,0.3031643002,0.05047696829,0.04886603355
2465,1.0,0.0,0.0,0.0,1.0,1.0,0.3038955081,0.2994960678,0.05059784651,0.04816263914
2466,1.0,0.0,0.0,0.0,1.0,1.0,0.3022701301,0.3055725792,0.05072760582,0.04936397076
2467,1.0,0.0,0.0,0.0,1.0,1.0,0.3046074402,0.3099964385,0.05055969954,0.05001312494
2468,1.0,0.0,0.0,0.0,1.0,1.0,0.3009966877,0.3063358963,0.04930990934,0.04876506329
2469,1.0,0.0,0.0,0.0,1.0,1.0,0.302810728,0.3052903795,0.04968702793,0.0486010313
2470,1.0,0.0,0.0,0.0,1.0,1.0,0.3093115908,0.3069956456,0.05126994848,0.0496160388
2471,1.0,0.0,0.0,0.0,1.0,1.0,0.3030134467,0.3077864854,0.04935234785,0.04853433371
2472,1.0,0.0,0.0,0.0,1.0,1.0,0.3045435707,0.308190148,0.04986476898,0.04876279831
2473,1.0,0.0,0.0,0.0,1.0,1.0,0.3090709503,0.3175313568,0.05049675703,0.05022239685
2474,1.0,0.0,0.0,0.0,1.0,1.0,0.3073913882,0.3134138552,0.04914951324,0.04834377766
2475,1.0,0.0,0.0,0.0,1.0,1.0,0.3102295811,0.315154977,0.05112498999,0.05001956224
2476,1.0,0.0,0.0,0.0,1.0,1.0,0.3124306022,0.3214986792,0.05127424002,0.05072289705
2477,1.0,0.0,0.0,0.0,1.0,1.0,0.3038846285,0.3075205285,0.04780733585,0.04674488306
2478,1.0,0.0,0.0,0.0,1.0,1.0,0.3084281898,0.311672484,0.04902607203,0.04795444012
2479,1.0,0.0,0.0,0.0,1.0,1.0,0.3067427539,0.3162568581,0.04948288202,0.04921096563
2480,1.0,0.0,0.0,0.0,1.0,1.0,0.3010166157,0.3103528786,0.04844403267,0.04817181826
2481,1.0,0.0,0.0,0.0,1.0,1.0,0.3038845018,0.3138601028,0.04822725058,0.0479593277
2482,1.0,0.0,0.0,0.0,1.0,1.0,0.3090711995,0.318637564,0.04957610369,0.04930669069
2483,1.0,0.0,0.0,0.0,1.0,1.0,0.3057115934,0.3036499516,0.04869574308,0.04682284594
2484,1.0,0.0,0.0,0.0,1.0,1.0,0.3062262711,0.3105905335,0.05016201735,0.04933518171
2485,1.0,0.0,0.0,0.0,1.0,1.0,0.3110506985,0.3123254652,0.05343991518,0.05256384611
2486,1.0,0.0,0.0,0.0,1.0,1.0,0.3091056368,0.3075205645,0.05667543411,0.05541598797
2487,1.0,0.0,0.0,0.0,1.0,1.0,0.3115808996,0.3227362771,0.0599809885,0.06096422672
2488,1.0,0.0,0.0,0.0,1.0,1.0,0.3303803653,0.3308733928,0.06542521715,0.06378138065
2489,1.0,0.0,0.0,0.0,1.0,1.0,0.3125402235,0.3116725111,0.06289207935,0.06185537577
2490,1.0,0.0,0.0,0.0,1.0,1.0,0.3083199737,0.307520642,0.06390434504,0.06318634748
2491,1.0,0.0,0.0,0.0,1.0,1.0,0.304976655,0.3095284434,0.05374860764,0.05374860764
2492,1.0,0.0,0.0,0.0,1.0,1.0,0.3146719824,0.3180044379,0.05591791868,0.05560028553
2493,1.0,0.0,0.0,0.0,1.0,1.0,0.3254413282,0.3295261272,0.05781447887,0.05749851465
2494,1.0,0.0,0.0,0.0,1.0,1.0,0.3236120326,0.3224006131,0.05781775713,0.05749827623
2495,1.0,0.0,0.0,0.0,1.0,1.0,0.3319637092,0.3337423814,0.05748230219,0.05748236179
2496,1.0,0.0,0.0,0.0,1.0,1.0,0.3360342359,0.3331473643,0.06196224689,0.06068468094
2497,1.0,0.0,0.0,0.0,1.0,1.0,0.3251196268,0.3244717998,0.06045758724,0.05981785059
2498,1.0,0.0,0.0,0.0,1.0,1.0,0.3314475341,0.325160874,0.06189626455,0.06030917168
2499,1.0,0.0,0.0,0.0,1.0,1.0,0.3268072438,0.3198907556,0.05963355303,0.05837148428
2500,1.0,0.0,0.0,0.0,1.0,1.0,0.3372242017,0.323246143,0.06251174212,0.059920609
2501,1.0,0.0,0.0,0.0,1.0,1.0,0.3437232584,0.3378898716,0.0652167201,0.0635445714
2502,1.0,0.0,0.0,0.0,1.0,1.0,0.3378896497,0.3272194775,0.06210958958,0.06014823914
2503,1.0,0.0,0.0,0.0,1.0,1.0,0.3386088476,0.3264600468,0.05935961008,0.05712562799
2504,1.0,0.0,0.0,0.0,1.0,1.0,0.3416273879,0.3222839683,0.06228500605,0.05897200108
2505,1.0,0.0,0.0,0.0,1.0,1.0,0.3264232685,0.3200461683,0.05811554193,0.05583012104
2506,1.0,0.0,0.0,0.0,1.0,1.0,0.347469652,0.3262326859,0.06175595522,0.05743962526
2507,1.0,0.0,0.0,0.0,1.0,1.0,0.3306563434,0.3149185988,0.05586409569,0.05270797014
2508,1.0,0.0,0.0,0.0,1.0,1.0,0.3518906466,0.3349980502,0.06514555216,0.06078010798
2509,1.0,0.0,0.0,0.0,1.0,1.0,0.3398838466,0.3244458887,0.05922538042,0.0557038784
2510,1.0,0.0,0.0,0.0,1.0,1.0,0.3398467102,0.3263104688,0.06036436558,0.05679446459
2511,1.0,0.0,0.0,0.0,1.0,1.0,0.3356060794,0.3219177514,0.05876499414,0.05553615093
2512,1.0,0.0,0.0,0.0,1.0,1.0,0.3460313657,0.3312756588,0.06119531393,0.05761474371
2513,1.0,0.0,0.0,0.0,1.0,1.0,0.3374738003,0.3230134968,0.05938601494,0.05547046661
2514,1.0,0.0,0.0,0.0,1.0,1.0,0.3343654341,0.3244454482,0.05997806787,0.05702829361
2515,1.0,0.0,0.0,0.0,1.0,1.0,0.3368285677,0.328118619,0.05918067694,0.05627012253
2516,1.0,0.0,0.0,0.0,1.0,1.0,0.348896097,0.3343854752,0.06291502714,0.05898278952
2517,1.0,0.0,0.0,0.0,1.0,1.0,0.3276256983,0.3200459957,0.05892080069,0.05660367012
2518,1.0,0.0,0.0,0.0,1.0,1.0,0.3343786767,0.3262331441,0.05969566107,0.05705726147
2519,1.0,0.0,0.0,0.0,1.0,1.0,0.3393280541,0.3356903909,0.05924916267,0.05698281527
2520,1.0,0.0,0.0,0.0,1.0,1.0,0.337449906,0.3325137094,0.06052738428,0.05788135529
2521,1.0,0.0,0.0,0.0,1.0,1.0,0.3511049374,0.3350405081,0.0617582798,0.05783718824
2522,1.0,0.0,0.0,0.0,1.0,1.0,0.3381013641,0.3268135458,0.06088161469,0.05753642321
2523,1.0,0.0,0.0,0.0,1.0,1.0,0.3465956825,0.3356616491,0.06187546253,0.0582742095
2524,1.0,0.0,0.0,0.0,1.0,1.0,0.3473105369,0.3356335842,0.06105655432,0.05845844746
2525,1.0,0.0,0.0,0.0,1.0,1.0,0.3442521244,0.3325211815,0.060590446,0.05765867233
2526,1.0,0.0,0.0,0.0,1.0,1.0,0.3385497068,0.3343719264,0.06134963036,0.05939161777
2527,1.0,0.0,0.0,0.0,1.0,1.0,0.3349482924,0.3368488234,0.06176060438,0.06043237448
2528,1.0,0.0,0.0,0.0,1.0,1.0,0.3379408308,0.3356060317,0.06227344275,0.06028598547
2529,1.0,0.0,0.0,0.0,1.0,1.0,0.3427171804,0.3337552478,0.06290864944,0.06027370691
2530,1.0,0.0,0.0,0.0,1.0,1.0,0.3385202984,0.3349777601,0.06169599295,0.05973744392
2531,1.0,0.0,0.0,0.0,1.0,1.0,0.3444504268,0.342299642,0.06219345331,0.06025999784
2532,1.0,0.0,0.0,0.0,1.0,1.0,0.3473240304,0.3470791099,0.06276988983,0.06116861105
2533,1.0,0.0,0.0,0.0,1.0,1.0,0.354411717,0.3530635755,0.06632447243,0.06466639042
2534,1.0,0.0,0.0,0.0,1.0,1.0,0.3566913607,0.3523211259,0.06937873363,0.06731796265
2535,1.0,0.0,0.0,0.0,1.0,1.0,0.3490959927,0.3470788308,0.06447815895,0.06251430511
2536,1.0,0.0,0.0,0.0,1.0,1.0,0.3524348656,0.351058338,0.06850337982,0.06679928303
2537,1.0,0.0,0.0,0.0,1.0,1.0,0.3647088601,0.3574516917,0.06759130955,0.06531655788
2538,1.0,0.0,0.0,0.0,1.0,1.0,0.3407988526,0.34220021,0.06272798777,0.06142795086
2539,1.0,0.0,0.0,0.0,1.0,1.0,0.3443903434,0.3416275686,0.0644736886,0.06247967482
2540,1.0,0.0,0.0,0.0,1.0,1.0,0.3468544272,0.3435580081,0.06418478489,0.06186884642
2541,1.0,0.0,0.0,0.0,1.0,1.0,0.3457530244,0.3392941369,0.06241357327,0.05981302261
2542,1.0,0.0,0.0,0.0,1.0,1.0,0.334371851,0.3337759281,0.058791399,0.05717629194
2543,1.0,0.0,0.0,0.0,1.0,1.0,0.3498978798,0.3414122755,0.06178331375,0.05882555246
2544,1.0,0.0,0.0,0.0,1.0,1.0,0.3468212982,0.3433198135,0.06134164333,0.05936288834
2545,1.0,0.0,0.0,0.0,1.0,1.0,0.3506487201,0.342014207,0.06252294779,0.0601824522
2546,1.0,0.0,0.0,0.0,1.0,1.0,0.3350297409,0.3356905321,0.05946981907,0.0588015914
2547,1.0,0.0,0.0,0.0,1.0,1.0,0.3456013303,0.3420145564,0.05978256464,0.05816686153
2548,1.0,0.0,0.0,0.0,1.0,1.0,0.337498208,0.3344139023,0.0597063899,0.05805701017
2549,1.0,0.0,0.0,0.0,1.0,1.0,0.3331471264,0.3287140806,0.05885642767,0.05720323324
2550,1.0,0.0,0.0,0.0,1.0,1.0,0.3300395975,0.3287137446,0.05736005306,0.05606377125
2551,1.0,0.0,0.0,0.0,1.0,1.0,0.328788591,0.3268135944,0.05766123533,0.05635070801
2552,1.0,0.0,0.0,0.0,1.0,1.0,0.3287884759,0.3242464152,0.0557718277,0.05387049913
2553,1.0,0.0,0.0,0.0,1.0,1.0,0.334399637,0.3274032728,0.05706477165,0.05482065678
2554,1.0,0.0,0.0,0.0,1.0,1.0,0.3337687386,0.3318759698,0.05838567019,0.0567548275
2555,1.0,0.0,0.0,0.0,1.0,1.0,0.333147356,0.3325066463,0.058172822,0.05685818195
2556,1.0,0.0,0.0,0.0,1.0,1.0,0.3350086749,0.3306139614,0.05836242437,0.05641698837
2557,1.0,0.0,0.0,0.0,1.0,1.0,0.3325279949,0.3255755709,0.05991351604,0.05757051706
2558,1.0,0.0,0.0,0.0,1.0,1.0,0.3331474486,0.3356617876,0.0591276288,0.05814760923
2559,1.0,0.0,0.0,0.0,1.0,1.0,0.3282026126,0.321249223,0.0577454567,0.05578798056
2560,1.0,0.0,0.0,0.0,1.0,1.0,0.3232947279,0.3212492343,0.05758440495,0.05626815557
2561,1.0,0.0,0.0,0.0,1.0,1.0,0.3203339385,0.3169872033,0.05633473396,0.05472517014
2562,1.0,0.0,0.0,0.0,1.0,1.0,0.3148424538,0.3020701191,0.05629807711,0.05302494764
2563,1.0,0.0,0.0,0.0,1.0,1.0,0.3137994578,0.2998324519,0.05753445625,0.05387616158
2564,1.0,0.0,0.0,0.0,1.0,1.0,0.3152359825,0.3027506843,0.05748170614,0.05421572924
2565,1.0,0.0,0.0,0.0,1.0,1.0,0.3169401018,0.3020294397,0.05673396587,0.05318814516
2566,1.0,0.0,0.0,0.0,1.0,1.0,0.3061352475,0.2965375712,0.054933846,0.05234873295
2567,1.0,0.0,0.0,0.0,1.0,1.0,0.3072424525,0.2976277855,0.05584937334,0.05322116613
2568,1.0,0.0,0.0,0.0,1.0,1.0,0.3120999072,0.3075206147,0.05514538288,0.05355161428
2569,1.0,0.0,0.0,0.0,1.0,1.0,0.320541887,0.3118698404,0.05703878403,0.05479568243
2570,1.0,0.0,0.0,0.0,1.0,1.0,0.3105410511,0.3023672691,0.05456644297,0.0523712039
2571,1.0,0.0,0.0,0.0,1.0,1.0,0.3135502032,0.3066877712,0.05531054735,0.05342495441
2572,1.0,0.0,0.0,0.0,1.0,1.0,0.3105407843,0.3023674437,0.05501687527,0.05280357599
2573,1.0,0.0,0.0,0.0,1.0,1.0,0.3010797371,0.295124856,0.05277252197,0.05089890957
2574,1.0,0.0,0.0,0.0,1.0,1.0,0.3037175307,0.2940594046,0.05409616232,0.05126547813
2575,1.0,0.0,0.0,0.0,1.0,1.0,0.2911342343,0.2816606813,0.0528062582,0.04990828037
2576,1.0,0.0,0.0,0.0,1.0,1.0,0.2911342757,0.2834782733,0.05207359791,0.04953342676
2577,1.0,0.0,0.0,0.0,1.0,1.0,0.2772303879,0.2679660919,0.05027610064,0.04739397764
2578,1.0,0.0,0.0,0.0,1.0,1.0,0.2744947415,0.2597114128,0.04983836412,0.04632407427
2579,1.0,0.0,0.0,0.0,1.0,1.0,0.2449786051,0.2263229744,0.04466307163,0.04045569897
2580,1.0,0.0,0.0,0.0,1.0,1.0,0.2164856544,0.1998885137,0.03870981932,0.03483885527
2581,1.0,0.0,0.0,0.0,1.0,1.0,0.237616913,0.2276506261,0.04203134775,0.03946453333
2582,1.0,0.0,0.0,0.0,1.0,1.0,0.2362316322,0.2247815182,0.04112017155,0.03827339411
2583,1.0,0.0,0.0,0.0,1.0,1.0,0.2548306103,0.2461857936,0.0456314683,0.04336601496
2584,1.0,0.0,0.0,0.0,1.0,1.0,0.240872519,0.2351627697,0.04190707207,0.04003065825
2585,1.0,0.0,0.0,0.0,1.0,1.0,0.2589134176,0.2424573388,0.04512280226,0.04133629799
2586,1.0,0.0,0.0,0.0,1.0,1.0,0.2589134108,0.2397185788,0.04478889704,0.04071718454
2587,1.0,0.0,0.0,0.0,1.0,1.0,0.2530003234,0.2369998778,0.04486066103,0.04104274511
2588,1.0,0.0,0.0,0.0,1.0,1.0,0.2348416227,0.2227221783,0.04020196199,0.03708553314
2589,1.0,0.0,0.0,0.0,1.0,1.0,0.250317255,0.233951786,0.04441267252,0.04052251577
2590,1.0,0.0,0.0,0.0,1.0,1.0,0.2516842545,0.2433099943,0.04369521141,0.04116219282
2591,1.0,0.0,0.0,0.0,1.0,1.0,0.2480497194,0.2368079822,0.04433983564,0.04110336304
2592,1.0,0.0,0.0,0.0,1.0,1.0,0.2650849133,0.2498606072,0.04711991549,0.04361778498
2593,1.0,0.0,0.0,0.0,1.0,1.0,0.2632935619,0.2462128777,0.04768919945,0.04379624128
2594,1.0,0.0,0.0,0.0,1.0,1.0,0.2557130724,0.2416232194,0.0446036458,0.04146254063
2595,1.0,0.0,0.0,0.0,1.0,1.0,0.2480626896,0.2379624875,0.04488706589,0.04228496552
2596,1.0,0.0,0.0,0.0,1.0,1.0,0.2570507063,0.2498604858,0.0456277132,0.04371327162
2597,1.0,0.0,0.0,0.0,1.0,1.0,0.2672303029,0.2507624212,0.04682248831,0.04338884354
2598,1.0,0.0,0.0,0.0,1.0,1.0,0.2631040012,0.2516581823,0.04683333635,0.04400449991
2599,1.0,0.0,0.0,0.0,1.0,1.0,0.2688762564,0.2525662465,0.04904466867,0.04517269135
2600,1.0,0.0,0.0,0.0,1.0,1.0,0.2604927398,0.2480498951,0.04691660404,0.04372501373
2601,1.0,0.0,0.0,0.0,1.0,1.0,0.2680564626,0.2507626646,0.04678964615,0.04307126999
2602,1.0,0.0,0.0,0.0,1.0,1.0,0.2489712041,0.2362316127,0.04301017523,0.03993803263
2603,1.0,0.0,0.0,0.0,1.0,1.0,0.2345258955,0.2204652055,0.04111623764,0.03795349598
2604,1.0,0.0,0.0,0.0,1.0,1.0,0.2445063571,0.234301355,0.04321265221,0.04037386179
2605,1.0,0.0,0.0,0.0,1.0,1.0,0.2458520754,0.231622712,0.04317563772,0.03973412514
2606,1.0,0.0,0.0,0.0,1.0,1.0,0.2525471747,0.2443888986,0.04508346319,0.04284524918
2607,1.0,0.0,0.0,0.0,1.0,1.0,0.2604181267,0.2462652477,0.0474525094,0.04392558336
2608,1.0,0.0,0.0,0.0,1.0,1.0,0.2587208775,0.2471349231,0.04592138529,0.04277610779
2609,1.0,0.0,0.0,0.0,1.0,1.0,0.2533796967,0.2389969556,0.04611456394,0.04227167368
2610,1.0,0.0,0.0,0.0,1.0,1.0,0.2661652634,0.2525663852,0.05012077093,0.04646956921
2611,1.0,0.0,0.0,0.0,1.0,1.0,0.2400794742,0.2316223538,0.04398423433,0.04137772322
2612,1.0,0.0,0.0,0.0,1.0,1.0,0.2354801239,0.2249668215,0.04286473989,0.03991985321
2613,1.0,0.0,0.0,0.0,1.0,1.0,0.2572993426,0.2435916313,0.04668360949,0.04319030046
2614,1.0,0.0,0.0,0.0,1.0,1.0,0.2459361337,0.2348513095,0.04573267698,0.04313790798
2615,1.0,0.0,0.0,0.0,1.0,1.0,0.2507431611,0.2391521484,0.04614138603,0.04354190826
2616,1.0,0.0,0.0,0.0,1.0,1.0,0.2653385116,0.2516452152,0.04943722486,0.04647099972
2617,1.0,0.0,0.0,0.0,1.0,1.0,0.2336128102,0.2222954937,0.0432485342,0.04064708948
2618,1.0,0.0,0.0,0.0,1.0,1.0,0.2139156549,0.2048325089,0.03956532478,0.03761947155
2619,1.0,0.0,0.0,0.0,1.0,1.0,0.2269097156,0.2166621281,0.04273593426,0.0404523015
2620,1.0,0.0,0.0,0.0,1.0,1.0,0.2481253911,0.2296964649,0.04478186369,0.04102396965
2621,1.0,0.0,0.0,0.0,1.0,1.0,0.2326284795,0.2211308776,0.04268205166,0.04015278816
2622,1.0,0.0,0.0,0.0,1.0,1.0,0.242447594,0.2171931706,0.04446309805,0.03934502602
2623,1.0,0.0,0.0,0.0,1.0,1.0,0.2603280012,0.236999969,0.0454211235,0.04097431898
2624,1.0,0.0,0.0,0.0,1.0,1.0,0.2484899216,0.2229237146,0.04535496235,0.04001909494
2625,1.0,0.0,0.0,0.0,1.0,1.0,0.2628163028,0.2508178504,0.05086368322,0.04692351818
2626,1.0,0.0,0.0,0.0,1.0,1.0,0.2452505042,0.2201835982,0.04479086399,0.03872895241
2627,1.0,0.0,0.0,0.0,1.0,1.0,0.2339117052,0.2227016292,0.04163324833,0.03879463673
2628,1.0,0.0,0.0,0.0,1.0,1.0,0.2458234965,0.2343013297,0.04913568497,0.04590773582
2629,1.0,0.0,0.0,0.0,1.0,1.0,0.2391403497,0.2256264908,0.05018377304,0.04672282934
2630,1.0,0.0,0.0,0.0,1.0,1.0,0.2338070896,0.2105848131,0.0448127389,0.03976339102
2631,1.0,0.0,0.0,0.0,1.0,1.0,0.2382774054,0.2224785764,0.040548563,0.0366063714
2632,1.0,0.0,0.0,0.0,1.0,1.0,0.2506852313,0.237069131,0.04345619678,0.03973954916
2633,1.0,0.0,0.0,0.0,1.0,1.0,0.2477954708,0.22683561,0.04295241833,0.03808444738
2634,1.0,0.0,0.0,0.0,1.0,1.0,0.2478092871,0.228541362,0.04330873489,0.03843289614
2635,1.0,0.0,0.0,0.0,1.0,1.0,0.2560147773,0.2405439001,0.04450267553,0.04050886631
2636,1.0,0.0,0.0,0.0,1.0,1.0,0.2490413508,0.2387746128,0.04336380959,0.03994035721
2637,1.0,0.0,0.0,0.0,1.0,1.0,0.2519050444,0.2371555308,0.04442733526,0.04038846493
2638,1.0,0.0,0.0,0.0,1.0,1.0,0.2547921839,0.2395922085,0.04522371292,0.04084718227
2639,1.0,0.0,0.0,0.0,1.0,1.0,0.2543736905,0.2370688795,0.04421675205,0.03965240717
2640,1.0,0.0,0.0,0.0,1.0,1.0,0.255142017,0.2379621789,0.04442352057,0.03961330652
2641,1.0,0.0,0.0,0.0,1.0,1.0,0.2486415568,0.2328631554,0.04343283176,0.03889083862
2642,1.0,0.0,0.0,0.0,1.0,1.0,0.2571382173,0.2473193037,0.04542011023,0.04170644283
2643,1.0,0.0,0.0,0.0,1.0,1.0,0.2518786394,0.2414192366,0.04354715347,0.03991824389
2644,1.0,0.0,0.0,0.0,1.0,1.0,0.252695232,0.2431076495,0.04364579916,0.04028844833
2645,1.0,0.0,0.0,0.0,1.0,1.0,0.2442003891,0.2320735568,0.04194188118,0.03805315495
2646,1.0,0.0,0.0,0.0,1.0,1.0,0.2582290097,0.2515370425,0.04632616043,0.04289454222
2647,1.0,0.0,0.0,0.0,1.0,1.0,0.2566785455,0.2473536401,0.04537522793,0.04197210073
2648,1.0,0.0,0.0,0.0,1.0,1.0,0.2598871532,0.2523674929,0.04506576061,0.04200571775
2649,1.0,0.0,0.0,0.0,1.0,1.0,0.2634314308,0.2557098868,0.04607254267,0.04272174835
2650,1.0,0.0,0.0,0.0,1.0,1.0,0.2602380591,0.2531918856,0.04544818401,0.04238110781
2651,1.0,0.0,0.0,0.0,1.0,1.0,0.259470739,0.2582446957,0.04476547241,0.04255473614
2652,1.0,0.0,0.0,0.0,1.0,1.0,0.2581758065,0.2573314216,0.04507708549,0.04286473989
2653,1.0,0.0,0.0,0.0,1.0,1.0,0.2566348632,0.25656797,0.04553103447,0.04326862097
2654,1.0,0.0,0.0,0.0,1.0,1.0,0.2594092407,0.2599222044,0.04547822475,0.04324620962
2655,1.0,0.0,0.0,0.0,1.0,1.0,0.2554484188,0.2532143353,0.04458749294,0.0420794487
2656,1.0,0.0,0.0,0.0,1.0,1.0,0.2601722109,0.2581890811,0.04588192701,0.0433639884
2657,1.0,0.0,0.0,0.0,1.0,1.0,0.2640930274,0.2606516192,0.0459330678,0.04318255186
2658,1.0,0.0,0.0,0.0,1.0,1.0,0.2550408697,0.248194846,0.04464554787,0.04157620668
2659,1.0,0.0,0.0,0.0,1.0,1.0,0.2494631055,0.2390689975,0.04442930222,0.04075044394
2660,1.0,0.0,0.0,0.0,1.0,1.0,0.2518403673,0.2457098414,0.04521423578,0.04208618402
2661,1.0,0.0,0.0,0.0,1.0,1.0,0.2554131721,0.2490246218,0.04447507858,0.04116010666
2662,1.0,0.0,0.0,0.0,1.0,1.0,0.2518400799,0.2481946482,0.04452121258,0.04172116518
2663,1.0,0.0,0.0,0.0,1.0,1.0,0.2554128624,0.2481945687,0.04501950741,0.04166400433
2664,1.0,0.0,0.0,0.0,1.0,1.0,0.2482790061,0.2423395208,0.04411482811,0.04074299335
2665,1.0,0.0,0.0,0.0,1.0,1.0,0.2510445164,0.2457096728,0.04465317726,0.04156392813
2666,1.0,0.0,0.0,0.0,1.0,1.0,0.2553776402,0.2548576034,0.04590165615,0.04335159063
2667,1.0,0.0,0.0,0.0,1.0,1.0,0.2617584825,0.2599218564,0.04631668329,0.04350960255
2668,1.0,0.0,0.0,0.0,1.0,1.0,0.2613437496,0.2623949602,0.04584747553,0.0436245203
2669,1.0,0.0,0.0,0.0,1.0,1.0,0.2490573316,0.2397310577,0.04402500391,0.04033255577
2670,1.0,0.0,0.0,0.0,1.0,1.0,0.2595325941,0.2524184326,0.044955194,0.04132521152
2671,1.0,0.0,0.0,0.0,1.0,1.0,0.2579203959,0.2524015936,0.04587483406,0.04272097349
2672,1.0,0.0,0.0,0.0,1.0,1.0,0.2586981091,0.2473368893,0.04633957148,0.04231005907
2673,1.0,0.0,0.0,0.0,1.0,1.0,0.2635185189,0.254925371,0.04724496603,0.04349994659
2674,1.0,0.0,0.0,0.0,1.0,1.0,0.26037244,0.2540952191,0.04606193304,0.0429148078
2675,1.0,0.0,0.0,0.0,1.0,1.0,0.266409955,0.2608710008,0.04692429304,0.04379600286
2676,1.0,0.0,0.0,0.0,1.0,1.0,0.2647956365,0.2583589564,0.04709869623,0.04365241528
2677,1.0,0.0,0.0,0.0,1.0,1.0,0.2649912078,0.2567059522,0.04673701525,0.04327499866
2678,1.0,0.0,0.0,0.0,1.0,1.0,0.2648927215,0.2549595667,0.04731160402,0.04353827238
2679,1.0,0.0,0.0,0.0,1.0,1.0,0.2636964872,0.2541244953,0.04769974947,0.04387199879
2680,1.0,0.0,0.0,0.0,1.0,1.0,0.2657570285,0.2584171638,0.04739832878,0.04390883446
2681,1.0,0.0,0.0,0.0,1.0,1.0,0.2713929577,0.2617588445,0.0487485528,0.04495382309
2682,1.0,0.0,0.0,0.0,1.0,1.0,0.2688933176,0.260058815,0.04754668474,0.04382318258
2683,1.0,0.0,0.0,0.0,1.0,1.0,0.2713929923,0.2643573481,0.04841119051,0.04493254423
2684,1.0,0.0,0.0,0.0,1.0,1.0,0.2730180424,0.2668574758,0.04869782925,0.04550927877
2685,1.0,0.0,0.0,0.0,1.0,1.0,0.2712538726,0.2676473362,0.04874193668,0.0458406806
2686,1.0,0.0,0.0,0.0,1.0,1.0,0.2697678427,0.266063048,0.04859983921,0.04567217827
2687,1.0,0.0,0.0,0.0,1.0,1.0,0.2749274426,0.2685574345,0.04926455021,0.04578703642
2688,1.0,0.0,0.0,0.0,1.0,1.0,0.2705135673,0.2643574615,0.04845136404,0.04496979713
2689,1.0,0.0,0.0,0.0,1.0,1.0,0.2753731758,0.2702573803,0.04922121763,0.04603630304
2690,1.0,0.0,0.0,0.0,1.0,1.0,0.2700754242,0.2651578971,0.04872328043,0.04551398754
2691,1.0,0.0,0.0,0.0,1.0,1.0,0.2693300915,0.2643575607,0.04804098606,0.04485756159
2692,1.0,0.0,0.0,0.0,1.0,1.0,0.2632677599,0.2558299042,0.04763740301,0.04410868883
2693,1.0,0.0,0.0,0.0,1.0,1.0,0.265653898,0.2574834877,0.04841089249,0.04486864805
2694,1.0,0.0,0.0,0.0,1.0,1.0,0.2640342349,0.254124663,0.04778635502,0.04368203878
2695,1.0,0.0,0.0,0.0,1.0,1.0,0.2746431637,0.2710351654,0.04935419559,0.04672592878
2696,1.0,0.0,0.0,0.0,1.0,1.0,0.2702074822,0.2703969889,0.04965847731,0.04726529121
2697,1.0,0.0,0.0,0.0,1.0,1.0,0.2709526924,0.2659531895,0.04862290621,0.04571133852
2698,1.0,0.0,0.0,0.0,1.0,1.0,0.2730182257,0.2677688289,0.04936122894,0.04612928629
2699,1.0,0.0,0.0,0.0,1.0,1.0,0.2708163127,0.2684310118,0.04838681221,0.04579466581
2700,1.0,0.0,0.0,0.0,1.0,1.0,0.2793270871,0.2693412034,0.05065745115,0.0465580225
2701,1.0,0.0,0.0,0.0,1.0,1.0,0.2777121752,0.2727287241,0.05112665892,0.04785692692
2702,1.0,0.0,0.0,0.0,1.0,1.0,0.281601686,0.2823764421,0.05113232136,0.0487678051
2703,1.0,0.0,0.0,0.0,1.0,1.0,0.2813964828,0.2795049858,0.05147749186,0.04881483316
2704,1.0,0.0,0.0,0.0,1.0,1.0,0.2797790788,0.2795050734,0.05077844858,0.0484303236
2705,1.0,0.0,0.0,0.0,1.0,1.0,0.2811438078,0.274590707,0.05043661594,0.04693812132
2706,1.0,0.0,0.0,0.0,1.0,1.0,0.2760979721,0.2719572563,0.05010247231,0.04687952995
2707,1.0,0.0,0.0,0.0,1.0,1.0,0.281396001,0.2753566067,0.05103248358,0.04751306772
2708,1.0,0.0,0.0,0.0,1.0,1.0,0.275373154,0.2668576305,0.04879879951,0.04506707191
2709,1.0,0.0,0.0,0.0,1.0,1.0,0.2828006287,0.2770564694,0.05137962103,0.04758453369
2710,1.0,0.0,0.0,0.0,1.0,1.0,0.2765445641,0.2702573543,0.05028110743,0.04675263166
2711,1.0,0.0,0.0,0.0,1.0,1.0,0.2832556401,0.2795049235,0.05233681202,0.04906576872
2712,1.0,0.0,0.0,0.0,1.0,1.0,0.2830132612,0.2787560143,0.05082172155,0.04762727022
2713,1.0,0.0,0.0,0.0,1.0,1.0,0.2772646505,0.270257079,0.04969799519,0.04594171047
2714,1.0,0.0,0.0,0.0,1.0,1.0,0.2804884656,0.2770559175,0.05114758015,0.04791408777
2715,1.0,0.0,0.0,0.0,1.0,1.0,0.2811437993,0.2728851962,0.04973858595,0.04600101709
2716,1.0,0.0,0.0,0.0,1.0,1.0,0.2813961084,0.273656749,0.05100935698,0.0471983552
2717,1.0,0.0,0.0,0.0,1.0,1.0,0.2802323612,0.2780018567,0.05040895939,0.04749518633
2718,1.0,0.0,0.0,0.0,1.0,1.0,0.2802326546,0.2702572157,0.05043804646,0.04635632038
2719,1.0,0.0,0.0,0.0,1.0,1.0,0.2871773313,0.27781101,0.05150681734,0.04772382975
2720,1.0,0.0,0.0,0.0,1.0,1.0,0.2894382036,0.2853134666,0.05250358582,0.04902267456
2721,1.0,0.0,0.0,0.0,1.0,1.0,0.2873795966,0.287001828,0.05316835642,0.05021452904
2722,1.0,0.0,0.0,0.0,1.0,1.0,0.2896935815,0.2879748398,0.05300277472,0.05005812645
2723,1.0,0.0,0.0,0.0,1.0,1.0,0.2935760061,0.2903782318,0.05290085077,0.04972100258
2724,1.0,0.0,0.0,0.0,1.0,1.0,0.2937657649,0.2901064203,0.05236333609,0.04923290014
2725,1.0,0.0,0.0,0.0,1.0,1.0,0.2917030579,0.2910832627,0.05398869514,0.05103850365
2726,1.0,0.0,0.0,0.0,1.0,1.0,0.3001519334,0.2961309669,0.05427479744,0.05081045628
2727,1.0,0.0,0.0,0.0,1.0,1.0,0.2948910496,0.2934604513,0.05366271734,0.0507620573
2728,1.0,0.0,0.0,0.0,1.0,1.0,0.2993498071,0.2988199032,0.05409312248,0.05147576332
2729,1.0,0.0,0.0,0.0,1.0,1.0,0.3004750898,0.2998324608,0.05417323112,0.05127626657
2730,1.0,0.0,0.0,0.0,1.0,1.0,0.296608647,0.2923538428,0.05387753248,0.05036377907
2731,1.0,0.0,0.0,0.0,1.0,1.0,0.2869365636,0.2814130146,0.05200821161,0.04820990562
2732,1.0,0.0,0.0,0.0,1.0,1.0,0.273018121,0.2635513629,0.04844307899,0.04440617561
2733,1.0,0.0,0.0,0.0,1.0,1.0,0.2706481323,0.2549943816,0.04752832651,0.04266095161
2734,1.0,0.0,0.0,0.0,1.0,1.0,0.2799739863,0.266063223,0.05035758018,0.04567319155
2735,1.0,0.0,0.0,0.0,1.0,1.0,0.2834719,0.2736566087,0.05132585764,0.04721981287
2736,1.0,0.0,0.0,0.0,1.0,1.0,0.2790652387,0.2677685921,0.04988306761,0.045532763
2737,1.0,0.0,0.0,0.0,1.0,1.0,0.2834721873,0.2719569437,0.05118876696,0.04680114985
2738,1.0,0.0,0.0,0.0,1.0,1.0,0.2832557155,0.2804556852,0.05191904306,0.0486741066
2739,1.0,0.0,0.0,0.0,1.0,1.0,0.2654257802,0.249001765,0.04717123508,0.04222112894
2740,1.0,0.0,0.0,0.0,1.0,1.0,0.2540389966,0.2196006422,0.04378348589,0.03658223152
2741,1.0,0.0,0.0,0.0,1.0,1.0,0.1781536768,0.1354554529,0.02957737446,0.02188724279
2742,1.0,0.0,0.0,0.0,1.0,1.0,0.1321726465,0.1433163436,0.02202391624,0.02292901278
2743,1.0,0.0,0.0,0.0,1.0,1.0,0.1453407854,0.1473058262,0.02427983284,0.02368032932
2744,1.0,0.0,0.0,0.0,1.0,1.0,0.1468207096,0.1530511239,0.02464365959,0.02464365959
2745,1.0,0.0,0.0,0.0,1.0,1.0,0.1342007545,0.1475193184,0.02289962769,0.02410489321
2746,1.0,0.0,0.0,0.0,1.0,1.0,0.129980285,0.1427775804,0.0222235322,0.02342480421
2747,1.0,0.0,0.0,0.0,1.0,1.0,0.1789018588,0.1522448649,0.03082418442,0.02519285679
2748,1.0,0.0,0.0,0.0,1.0,1.0,0.2440108016,0.2236512952,0.04254209995,0.03729718924
2749,1.0,0.0,0.0,0.0,1.0,1.0,0.28023218,0.2721084554,0.0516525507,0.04747265577
2750,1.0,0.0,0.0,0.0,1.0,1.0,0.2935761811,0.2968141439,0.0524251461,0.05070626736
2751,1.0,0.0,0.0,0.0,1.0,1.0,0.2958347584,0.2951371059,0.05379992723,0.05118262768
2752,1.0,0.0,0.0,0.0,1.0,1.0,0.2980792528,0.300835333,0.05356627703,0.05156111717
2753,1.0,0.0,0.0,0.0,1.0,1.0,0.2950735464,0.2991641381,0.05437225103,0.05232596397
2754,1.0,0.0,0.0,0.0,1.0,1.0,0.3023790347,0.308552349,0.05486369133,0.05313110352
2755,1.0,0.0,0.0,0.0,1.0,1.0,0.3007873999,0.3085524842,0.05533498526,0.05387109518
2756,1.0,0.0,0.0,0.0,1.0,1.0,0.3044550753,0.3119065184,0.05568999052,0.05423218012
2757,1.0,0.0,0.0,0.0,1.0,1.0,0.3038302436,0.3106375815,0.05587667227,0.05411219597
2758,1.0,0.0,0.0,0.0,1.0,1.0,0.2976044746,0.3011784737,0.05408293009,0.05176919699
2759,1.0,0.0,0.0,0.0,1.0,1.0,0.3020824109,0.304914397,0.05494856834,0.05261027813
2760,1.0,0.0,0.0,0.0,1.0,1.0,0.289693079,0.2947508414,0.05153292418,0.04981523752
2761,1.0,0.0,0.0,0.0,1.0,1.0,0.2880836458,0.287974762,0.05172657967,0.0491258502
2762,1.0,0.0,0.0,0.0,1.0,1.0,0.2938585213,0.294053457,0.05238133669,0.04979103804
2763,1.0,0.0,0.0,0.0,1.0,1.0,0.2880839351,0.2870021277,0.05283468962,0.05017822981
2764,1.0,0.0,0.0,0.0,1.0,1.0,0.2874001858,0.2889541837,0.05129694939,0.04899144173
2765,1.0,0.0,0.0,0.0,1.0,1.0,0.2880837459,0.288954359,0.05207484961,0.04945659637
2766,1.0,0.0,0.0,0.0,1.0,1.0,0.2896929894,0.294053166,0.05177152157,0.04975819588
2767,1.0,0.0,0.0,0.0,1.0,1.0,0.2869363841,0.2906538296,0.05140805244,0.0493863821
2768,1.0,0.0,0.0,0.0,1.0,1.0,0.2844070179,0.2862810466,0.05029439926,0.04802125692
2769,1.0,0.0,0.0,0.0,1.0,1.0,0.2885149695,0.2937549858,0.0510520339,0.04907768965
2770,1.0,0.0,0.0,0.0,1.0,1.0,0.2866986683,0.2937549866,0.05165374279,0.05021095276
2771,1.0,0.0,0.0,0.0,1.0,1.0,0.2880555026,0.2994959885,0.0517398119,0.05088227987
2772,1.0,0.0,0.0,0.0,1.0,1.0,0.2928301602,0.3011786084,0.05175000429,0.05034375191
2773,1.0,0.0,0.0,0.0,1.0,1.0,0.289901946,0.2988195004,0.05154561996,0.0504065156
2774,1.0,0.0,0.0,0.0,1.0,1.0,0.2876208231,0.2957534924,0.05156576633,0.05012542009
2775,1.0,0.0,0.0,0.0,1.0,1.0,0.2855547537,0.2930568451,0.05063939095,0.0492169857
2776,1.0,0.0,0.0,0.0,1.0,1.0,0.2841862024,0.2886901711,0.05119532347,0.04918205738
2777,1.0,0.0,0.0,0.0,1.0,1.0,0.2855546728,0.2930570304,0.05062133074,0.04919946194
2778,1.0,0.0,0.0,0.0,1.0,1.0,0.2832555538,0.2879747428,0.05028623343,0.04857194424
2779,1.0,0.0,0.0,0.0,1.0,1.0,0.2839504619,0.2903782425,0.05077457428,0.04934024811
2780,1.0,0.0,0.0,0.0,1.0,1.0,0.2853246876,0.2940534125,0.05079203844,0.04964417219
2781,1.0,0.0,0.0,0.0,1.0,1.0,0.2793269243,0.2875106739,0.05001193285,0.04856652021
2782,1.0,0.0,0.0,0.0,1.0,1.0,0.2781616331,0.2831181804,0.04960614443,0.04787570238
2783,1.0,0.0,0.0,0.0,1.0,1.0,0.2864743843,0.2957533692,0.05090928078,0.04976528883
2784,1.0,0.0,0.0,0.0,1.0,1.0,0.2848650888,0.2950571504,0.05052757263,0.04938572645
2785,1.0,0.0,0.0,0.0,1.0,1.0,0.2818521933,0.2943561509,0.04990386963,0.04933029413
2786,1.0,0.0,0.0,0.0,1.0,1.0,0.2811936127,0.29235397,0.05011707544,0.04925793409
2787,1.0,0.0,0.0,0.0,1.0,1.0,0.2811936001,0.291362809,0.05042862892,0.04956412315
2788,1.0,0.0,0.0,0.0,1.0,1.0,0.2757629991,0.2886902521,0.0490180254,0.04845136404
2789,1.0,0.0,0.0,0.0,1.0,1.0,0.2782444901,0.2906541661,0.04960501194,0.0487498045
2790,1.0,0.0,0.0,0.0,1.0,1.0,0.2741690123,0.2845866295,0.0483622551,0.04723751545
2791,1.0,0.0,0.0,0.0,1.0,1.0,0.2706821405,0.2828930095,0.04828888178,0.04771745205
2792,1.0,0.0,0.0,0.0,1.0,1.0,0.273885624,0.2870018742,0.04854172468,0.04825782776
2793,1.0,0.0,0.0,0.0,1.0,1.0,0.2652242502,0.2761168987,0.0465323925,0.04624861479
2794,1.0,0.0,0.0,0.0,1.0,1.0,0.2713930873,0.2770559479,0.04739785194,0.04626256227
2795,1.0,0.0,0.0,0.0,1.0,1.0,0.2698985092,0.2642591962,0.04698801041,0.04442501068
2796,1.0,0.0,0.0,0.0,1.0,1.0,0.2625790138,0.2583592269,0.04522997141,0.04296851158
2797,1.0,0.0,0.0,0.0,1.0,1.0,0.2687022077,0.270257583,0.0466144681,0.04519337416
2798,1.0,0.0,0.0,0.0,1.0,1.0,0.2670640522,0.2668575896,0.04598063231,0.04428803921
2799,1.0,0.0,0.0,0.0,1.0,1.0,0.2571854577,0.257483617,0.04502898455,0.0433190465
2800,1.0,0.0,0.0,0.0,1.0,1.0,0.2563503283,0.2600589491,0.04492968321,0.04350787401
2801,1.0,0.0,0.0,0.0,1.0,1.0,0.2534935762,0.2616778174,0.04390484095,0.04334545135
2802,1.0,0.0,0.0,0.0,1.0,1.0,0.258337344,0.2675274069,0.04500001669,0.04471874237
2803,1.0,0.0,0.0,0.0,1.0,1.0,0.2603723267,0.2675271818,0.04551947117,0.0449540019
2804,1.0,0.0,0.0,0.0,1.0,1.0,0.257138045,0.2624799352,0.04454392195,0.04370349646
2805,1.0,0.0,0.0,0.0,1.0,1.0,0.2562672203,0.2573814467,0.0452170372,0.04352140427
2806,1.0,0.0,0.0,0.0,1.0,1.0,0.2368806327,0.2294639124,0.04118216038,0.03807944059
2807,1.0,0.0,0.0,0.0,1.0,1.0,0.2290045352,0.2257361218,0.04008638859,0.03750944138
2808,1.0,0.0,0.0,0.0,1.0,1.0,0.2147561946,0.2124250474,0.0370606184,0.03477996588
2809,1.0,0.0,0.0,0.0,1.0,1.0,0.2008845598,0.2069022358,0.03406202793,0.03321754932
2810,1.0,0.0,0.0,0.0,1.0,1.0,0.1872916478,0.192472252,0.03172504902,0.03060209751
2811,1.0,0.0,0.0,0.0,1.0,1.0,0.1785312362,0.1854090397,0.03022032976,0.02965551615
2812,1.0,0.0,0.0,0.0,1.0,1.0,0.1809620807,0.1913824,0.03079986572,0.0305172801
2813,1.0,0.0,0.0,0.0,1.0,1.0,0.1596447184,0.1707232788,0.02682602406,0.02682602406
2814,1.0,0.0,0.0,0.0,1.0,1.0,0.162116829,0.1695481719,0.02737003565,0.02680569887
2815,1.0,0.0,0.0,0.0,1.0,1.0,0.1487464365,0.1624092333,0.02499455214,0.0255562067
2816,1.0,0.0,0.0,0.0,1.0,1.0,0.1449191218,0.1659724898,0.02451825142,0.02592736483
2817,1.0,0.0,0.0,0.0,1.0,1.0,0.1382027479,0.1604942006,0.02298653126,0.02466845512
2818,1.0,0.0,0.0,0.0,1.0,1.0,0.1343786266,0.1502784125,0.02228212357,0.02311772108
2819,1.0,0.0,0.0,0.0,1.0,1.0,0.132476307,0.1599104708,0.02195513248,0.02445632219
2820,1.0,0.0,0.0,0.0,1.0,1.0,0.1319060662,0.1574209844,0.02171206474,0.02393889427
2821,1.0,0.0,0.0,0.0,1.0,1.0,0.1320330238,0.1557101114,0.02202308178,0.02397453785
2822,1.0,0.0,0.0,0.0,1.0,1.0,0.129711155,0.159331192,0.02175432444,0.02454334497
2823,1.0,0.0,0.0,0.0,1.0,1.0,0.1339284814,0.1647429842,0.02197283506,0.0247194171
2824,1.0,0.0,0.0,0.0,1.0,1.0,0.1198654249,0.1550228203,0.01946264505,0.02330034971
2825,1.0,0.0,0.0,0.0,1.0,1.0,0.118267467,0.1586705404,0.01984232664,0.02431380749
2826,1.0,0.0,0.0,0.0,1.0,1.0,0.1099388003,0.1586706485,0.01811683178,0.02388125658
2827,1.0,0.0,0.0,0.0,1.0,1.0,0.1149359535,0.1684039118,0.01900577545,0.02534097433
2828,1.0,0.0,0.0,0.0,1.0,1.0,0.107322631,0.1653486188,0.01752567291,0.02464544773
2829,1.0,0.0,0.0,0.0,1.0,1.0,0.11179065,0.1616741992,0.01879394054,0.02468454838
2830,1.0,0.0,0.0,0.0,1.0,1.0,0.1215988469,0.1604942832,0.02019435167,0.02434384823
2831,1.0,0.0,0.0,0.0,1.0,1.0,0.1245150994,0.164742956,0.02096575499,0.02515888214
2832,1.0,0.0,0.0,0.0,1.0,1.0,0.1920112533,0.2284437743,0.03179585934,0.03478515148
2833,1.0,0.0,0.0,0.0,1.0,1.0,0.2502694019,0.2709756157,0.04191631079,0.04219031334
2834,1.0,0.0,0.0,0.0,1.0,1.0,0.2664101163,0.2887658989,0.04454404116,0.04508394003
2835,1.0,0.0,0.0,0.0,1.0,1.0,0.2763730274,0.2967093354,0.04622608423,0.04595732689
2836,1.0,0.0,0.0,0.0,1.0,1.0,0.2160509191,0.243591427,0.03546828032,0.03682202101
2837,1.0,0.0,0.0,0.0,1.0,1.0,0.1568406382,0.1908025296,0.02583682537,0.02886027098
2838,1.0,0.0,0.0,0.0,1.0,1.0,0.2002168532,0.2320132931,0.03370982409,0.03592026234
2839,1.0,0.0,0.0,0.0,1.0,1.0,0.2612176887,0.2815330822,0.04424458742,0.04396981001
2840,1.0,0.0,0.0,0.0,1.0,1.0,0.3072770285,0.3274619702,0.0523301363,0.05179059505
2841,1.0,0.0,0.0,0.0,1.0,1.0,0.3220950787,0.3467451108,0.05425006151,0.05425006151
2842,1.0,0.0,0.0,0.0,1.0,1.0,0.334193464,0.3528433965,0.05677348375,0.05570727587
2843,1.0,0.0,0.0,0.0,1.0,1.0,0.3394331612,0.3545319679,0.05875152349,0.05711954832
2844,1.0,0.0,0.0,0.0,1.0,1.0,0.3357377133,0.3555061593,0.0580816865,0.05700612068
2845,1.0,0.0,0.0,0.0,1.0,1.0,0.3393452766,0.3593311818,0.05839216709,0.05732566118
2846,1.0,0.0,0.0,0.0,1.0,1.0,0.342444417,0.3581331536,0.05930197239,0.05769193172
2847,1.0,0.0,0.0,0.0,1.0,1.0,0.3414239423,0.3593313412,0.05872386694,0.05738931894
2848,1.0,0.0,0.0,0.0,1.0,1.0,0.3439436009,0.3614650492,0.06006348133,0.0584474802
2849,1.0,0.0,0.0,0.0,1.0,1.0,0.350034902,0.3702249917,0.06057745218,0.05924898386
2850,1.0,0.0,0.0,0.0,1.0,1.0,0.3464936245,0.3664624103,0.05958044529,0.05825650692
2851,1.0,0.0,0.0,0.0,1.0,1.0,0.3449538473,0.3631305601,0.05958682299,0.05799072981
2852,1.0,0.0,0.0,0.0,1.0,1.0,0.347564761,0.3664617568,0.06079316139,0.05944216251
2853,1.0,0.0,0.0,0.0,1.0,1.0,0.3469646071,0.363584672,0.0597833395,0.05793166161
2854,1.0,0.0,0.0,0.0,1.0,1.0,0.3455435507,0.3643448679,0.0595933795,0.05825716257
2855,1.0,0.0,0.0,0.0,1.0,1.0,0.3434613826,0.3626740386,0.058814466,0.05748987198
2856,1.0,0.0,0.0,0.0,1.0,1.0,0.3481026531,0.3689214752,0.05991971493,0.05858820677
2857,1.0,0.0,0.0,0.0,1.0,1.0,0.34548623,0.3655680094,0.05993795395,0.05833250284
2858,1.0,0.0,0.0,0.0,1.0,1.0,0.335737739,0.3562201406,0.05888491869,0.05752187967
2859,1.0,0.0,0.0,0.0,1.0,1.0,0.3341885057,0.3504754945,0.05807232857,0.05671548843
2860,1.0,0.0,0.0,0.0,1.0,1.0,0.3336669971,0.3521523059,0.05778229237,0.0567022562
2861,1.0,0.0,0.0,0.0,1.0,1.0,0.3294864322,0.3444021457,0.057718575,0.05606943369
2862,1.0,0.0,0.0,0.0,1.0,1.0,0.3326267994,0.3487983406,0.05786895752,0.05651050806
2863,1.0,0.0,0.0,0.0,1.0,1.0,0.3310455489,0.3444022514,0.05627155304,0.05466377735
2864,1.0,0.0,0.0,0.0,1.0,1.0,0.3216952225,0.3393375712,0.05555653572,0.05420809984
2865,1.0,0.0,0.0,0.0,1.0,1.0,0.3252527159,0.3438757651,0.0546541214,0.05385822058
2866,1.0,0.0,0.0,0.0,1.0,1.0,0.2199100295,0.2471738376,0.03695166111,0.03805470467
2867,1.0,0.0,0.0,0.0,1.0,1.0,0.0927318555,0.1733349041,0.01456028223,0.02534562349
2868,1.0,0.0,0.0,0.0,1.0,1.0,0.09380406761,0.1671859383,0.01490807533,0.02466613054
2869,1.0,0.0,0.0,0.0,1.0,1.0,0.1542651747,0.1761607288,0.02582281828,0.02692168951
2870,1.0,0.0,0.0,0.0,1.0,1.0,0.2211881098,0.2427721738,0.03723824024,0.03778988123
2871,1.0,0.0,0.0,0.0,1.0,1.0,0.2754871392,0.2877704695,0.04673606157,0.0453774929
2872,1.0,0.0,0.0,0.0,1.0,1.0,0.3084890668,0.3224550409,0.05295270681,0.05160188675
2873,1.0,0.0,0.0,0.0,1.0,1.0,0.3163586814,0.3325843887,0.05499345064,0.05389904976
2874,1.0,0.0,0.0,0.0,1.0,1.0,0.325290238,0.3432426201,0.05555182695,0.05474668741
2875,1.0,0.0,0.0,0.0,1.0,1.0,0.3231636613,0.3376491131,0.05546653271,0.05411362648
2876,1.0,0.0,0.0,0.0,1.0,1.0,0.3116367706,0.3286300855,0.05330991745,0.05223298073
2877,1.0,0.0,0.0,0.0,1.0,1.0,0.320010678,0.331464935,0.05451768637,0.0529063344
2878,1.0,0.0,0.0,0.0,1.0,1.0,0.3168576877,0.3280995984,0.05443394184,0.05280905962
2879,1.0,0.0,0.0,0.0,1.0,1.0,0.3172830769,0.3286301398,0.05374455452,0.05213224888
2880,1.0,0.0,0.0,0.0,1.0,1.0,0.2339117891,0.2472302404,0.03980487585,0.03924816847
2881,1.0,0.0,0.0,0.0,1.0,1.0,0.08880065802,0.1815463511,0.01422286034,0.02705127001
2882,1.0,0.0,0.0,0.0,1.0,1.0,0.08929724025,0.1808688917,0.01450502872,0.02705740929
2883,1.0,0.0,0.0,0.0,1.0,1.0,0.1668489586,0.1920636318,0.02772313356,0.02964454889
2884,1.0,0.0,0.0,0.0,1.0,1.0,0.2295136135,0.2507373673,0.03856551647,0.0391125679
2885,1.0,0.0,0.0,0.0,1.0,1.0,0.2766453208,0.2857991783,0.0473062396,0.04566556215
2886,1.0,0.0,0.0,0.0,1.0,1.0,0.3115346587,0.3246486302,0.05361801386,0.05198502541
2887,1.0,0.0,0.0,0.0,1.0,1.0,0.3263482359,0.3348299309,0.05662661791,0.05417644978
2888,1.0,0.0,0.0,0.0,1.0,1.0,0.3305241914,0.3415598951,0.05662196875,0.05473452806
2889,1.0,0.0,0.0,0.0,1.0,1.0,0.3310651576,0.3409468564,0.05711591244,0.05496060848
2890,1.0,0.0,0.0,0.0,1.0,1.0,0.3242286685,0.3331470884,0.05635052919,0.05416208506
2891,1.0,0.0,0.0,0.0,1.0,1.0,0.33262439,0.3404138112,0.0571218729,0.05469685793
2892,1.0,0.0,0.0,0.0,1.0,1.0,0.3190043216,0.3292082406,0.05533832312,0.05315750837
2893,1.0,0.0,0.0,0.0,1.0,1.0,0.3263485964,0.3353831321,0.05662542582,0.0544474721
2894,1.0,0.0,0.0,0.0,1.0,1.0,0.3242284441,0.3331474695,0.05598437786,0.05381023884
2895,1.0,0.0,0.0,0.0,1.0,1.0,0.3294864033,0.3404137929,0.05683708191,0.05494248867
2896,1.0,0.0,0.0,0.0,1.0,1.0,0.3321031001,0.3420909285,0.057028234,0.05487620831
2897,1.0,0.0,0.0,0.0,1.0,1.0,0.3321029543,0.342617996,0.05785536766,0.0559450388
2898,1.0,0.0,0.0,0.0,1.0,1.0,0.3279175912,0.3376039481,0.0563800931,0.05449169874
2899,1.0,0.0,0.0,0.0,1.0,1.0,0.329468821,0.3415602175,0.05685114861,0.05521911383
2900,1.0,0.0,0.0,0.0,1.0,1.0,0.3258022581,0.3359610175,0.05626374483,0.05408930779
2901,1.0,0.0,0.0,0.0,1.0,1.0,0.3215319004,0.328629984,0.05479586124,0.05236649513
2902,1.0,0.0,0.0,0.0,1.0,1.0,0.3263163579,0.3376492391,0.05654656887,0.05463433266
2903,1.0,0.0,0.0,0.0,1.0,1.0,0.3189371171,0.3275198006,0.05551427603,0.0533156991
2904,1.0,0.0,0.0,0.0,1.0,1.0,0.3173582201,0.3258315352,0.05509704351,0.05290412903
2905,1.0,0.0,0.0,0.0,1.0,1.0,0.318503311,0.3264169391,0.05569928885,0.05322986841
2906,1.0,0.0,0.0,0.0,1.0,1.0,0.3084891237,0.3180039294,0.05333590508,0.05143100023
2907,1.0,0.0,0.0,0.0,1.0,1.0,0.3147850327,0.3258314746,0.05476886034,0.05285191536
2908,1.0,0.0,0.0,0.0,1.0,1.0,0.3100630196,0.3207666779,0.05347323418,0.05157315731
2909,1.0,0.0,0.0,0.0,1.0,1.0,0.3141102684,0.3190786921,0.05392229557,0.05147129297
2910,1.0,0.0,0.0,0.0,1.0,1.0,0.3084890692,0.3167720621,0.05294722319,0.05051594973
2911,1.0,0.0,0.0,0.0,1.0,1.0,0.3168576194,0.3258313015,0.054425776,0.0522595644
2912,1.0,0.0,0.0,0.0,1.0,1.0,0.311738246,0.3196870221,0.05403804779,0.05159413815
2913,1.0,0.0,0.0,0.0,1.0,1.0,0.3094639569,0.3212490841,0.05306410789,0.05116891861
2914,1.0,0.0,0.0,0.0,1.0,1.0,0.3094637014,0.320160116,0.05319106579,0.05129140615
2915,1.0,0.0,0.0,0.0,1.0,1.0,0.3063057751,0.3212489291,0.05402851105,0.05263602734
2916,1.0,0.0,0.0,0.0,1.0,1.0,0.3073995244,0.3201599132,0.05295729637,0.05132776499
2917,1.0,0.0,0.0,0.0,1.0,1.0,0.3004652387,0.3144504667,0.05157876015,0.05022144318
2918,1.0,0.0,0.0,0.0,1.0,1.0,0.3047270861,0.3150781385,0.05222463608,0.05033046007
2919,1.0,0.0,0.0,0.0,1.0,1.0,0.3023789354,0.3104067613,0.05157601833,0.04940438271
2920,1.0,0.0,0.0,0.0,1.0,1.0,0.2988836789,0.3066084243,0.05189079046,0.0496943593
2921,1.0,0.0,0.0,0.0,1.0,1.0,0.3092372373,0.3166040372,0.05350977182,0.05102735758
2922,1.0,0.0,0.0,0.0,1.0,1.0,0.3072767334,0.3172290543,0.0533336997,0.05113440752
2923,1.0,0.0,0.0,0.0,1.0,1.0,0.3063062749,0.3123259292,0.05237317085,0.04994350672
2924,1.0,0.0,0.0,0.0,1.0,1.0,0.2966598281,0.3059516018,0.05103451014,0.04912412167
2925,1.0,0.0,0.0,0.0,1.0,1.0,0.2977736889,0.3076512278,0.05167907476,0.04975479841
2926,1.0,0.0,0.0,0.0,1.0,1.0,0.300941198,0.3161502518,0.05140316486,0.05032104254
2927,1.0,0.0,0.0,0.0,1.0,1.0,0.3072766218,0.3240511192,0.05256694555,0.0514831543
2928,1.0,0.0,0.0,0.0,1.0,1.0,0.3052093921,0.3144505603,0.05275654793,0.05056977272
2929,1.0,0.0,0.0,0.0,1.0,1.0,0.3099535023,0.32234581,0.05323147774,0.05133038759
2930,1.0,0.0,0.0,0.0,1.0,1.0,0.309350957,0.3189343783,0.05323886871,0.05105471611
2931,1.0,0.0,0.0,0.0,1.0,1.0,0.3041092025,0.313817952,0.05241376162,0.05022984743
2932,1.0,0.0,0.0,0.0,1.0,1.0,0.2988838734,0.3076512699,0.05139708519,0.04922151566
2933,1.0,0.0,0.0,0.0,1.0,1.0,0.2839682385,0.2933518391,0.04882419109,0.04691493511
2934,1.0,0.0,0.0,0.0,1.0,1.0,0.2796527692,0.2848239451,0.04861932993,0.04613316059
2935,1.0,0.0,0.0,0.0,1.0,1.0,0.2642757575,0.2730434007,0.04470127821,0.04307574034
2936,1.0,0.0,0.0,0.0,1.0,1.0,0.256308399,0.2619227669,0.04379588366,0.04186779261
2937,1.0,0.0,0.0,0.0,1.0,1.0,0.2450244573,0.2550660189,0.04177045822,0.04039645195
2938,1.0,0.0,0.0,0.0,1.0,1.0,0.233257135,0.2446549835,0.0393704772,0.03855025768
2939,1.0,0.0,0.0,0.0,1.0,1.0,0.2325036904,0.2489957432,0.03937339783,0.03937333822
2940,1.0,0.0,0.0,0.0,1.0,1.0,0.2336357761,0.2498604671,0.03989166021,0.03989166021
2941,1.0,0.0,0.0,0.0,1.0,1.0,0.2217358584,0.2411242687,0.03768742085,0.03824168444
2942,1.0,0.0,0.0,0.0,1.0,1.0,0.2087652215,0.2234669571,0.03502136469,0.03502136469
2943,1.0,0.0,0.0,0.0,1.0,1.0,0.2189881413,0.2322644599,0.0370079875,0.03672969341
2944,1.0,0.0,0.0,0.0,1.0,1.0,0.2031922338,0.217963322,0.03434044123,0.03434044123
2945,1.0,0.0,0.0,0.0,1.0,1.0,0.1869816402,0.2027337804,0.031244874,0.03152137995
2946,1.0,0.0,0.0,0.0,1.0,1.0,0.1751086105,0.1945343197,0.02906554937,0.02988821268
2947,1.0,0.0,0.0,0.0,1.0,1.0,0.1489958216,0.1671725676,0.0245539546,0.02565741539
2948,1.0,0.0,0.0,0.0,1.0,1.0,0.1461368071,0.1659722123,0.02415144444,0.0255394578
2949,1.0,0.0,0.0,0.0,1.0,1.0,0.1410977285,0.1605599319,0.02324211597,0.02462553978
2950,1.0,0.0,0.0,0.0,1.0,1.0,0.1164887947,0.1377909724,0.01926648617,0.02094191313
2951,1.0,0.0,0.0,0.0,1.0,1.0,0.1219656856,0.1495513534,0.01993590593,0.0227047801
2952,1.0,0.0,0.0,0.0,1.0,1.0,0.1053835721,0.1477277887,0.01721704006,0.02249318361
2953,1.0,0.0,0.0,0.0,1.0,1.0,0.09892085319,0.1519297112,0.01598066092,0.02286887169
2954,1.0,0.0,0.0,0.0,1.0,1.0,0.1025069961,0.1598372795,0.01652604342,0.02396273613
2955,1.0,0.0,0.0,0.0,1.0,1.0,0.1021573682,0.1543254499,0.01674211025,0.02343899012
2956,1.0,0.0,0.0,0.0,1.0,1.0,0.1028583045,0.1573198277,0.01657170057,0.02347666025
2957,1.0,0.0,0.0,0.0,1.0,1.0,0.1048484416,0.1586703436,0.0170250535,0.02388995886
2958,1.0,0.0,0.0,0.0,1.0,1.0,0.1082307607,0.1561628626,0.01778745651,0.02362394333
2959,1.0,0.0,0.0,0.0,1.0,1.0,0.1014660134,0.1641420739,0.0165514946,0.0248273015
2960,1.0,0.0,0.0,0.0,1.0,1.0,0.1072656953,0.1598371934,0.01732283831,0.02392196655
2961,1.0,0.0,0.0,0.0,1.0,1.0,0.109153776,0.1665737529,0.01758569479,0.02500474453
2962,1.0,0.0,0.0,0.0,1.0,1.0,0.104671253,0.1689966943,0.0171430707,0.02571463585
2963,1.0,0.0,0.0,0.0,1.0,1.0,0.1093405629,0.1726974018,0.01762014627,0.0258795619
2964,1.0,0.0,0.0,0.0,1.0,1.0,0.1116214959,0.1708603672,0.01793152094,0.02565586567
2965,1.0,0.0,0.0,0.0,1.0,1.0,0.1078166695,0.1720651107,0.01727688313,0.0257781744
2966,1.0,0.0,0.0,0.0,1.0,1.0,0.111239264,0.1733350338,0.0182620883,0.02640980482
2967,1.0,0.0,0.0,0.0,1.0,1.0,0.1033907617,0.1684244355,0.01668286324,0.02530229092
2968,1.0,0.0,0.0,0.0,1.0,1.0,0.1097158714,0.1714911547,0.01773649454,0.02577334642
2969,1.0,0.0,0.0,0.0,1.0,1.0,0.1075788074,0.1671927636,0.01702475548,0.02471333742
2970,1.0,0.0,0.0,0.0,1.0,1.0,0.1057430194,0.1708606941,0.01721078157,0.02581620216
2971,1.0,0.0,0.0,0.0,1.0,1.0,0.1070215679,0.1721259733,0.01698946953,0.02548414469
2972,1.0,0.0,0.0,0.0,1.0,1.0,0.1080015438,0.1671861078,0.01753807068,0.02533274889
2973,1.0,0.0,0.0,0.0,1.0,1.0,0.1121822081,0.1671860014,0.01835608482,0.02530914545
2974,1.0,0.0,0.0,0.0,1.0,1.0,0.1091541164,0.1714910263,0.01791775227,0.02603673935
2975,1.0,0.0,0.0,0.0,1.0,1.0,0.1102950191,0.1702347996,0.01804494858,0.02581816912
2976,1.0,0.0,0.0,0.0,1.0,1.0,0.1104823823,0.1696134552,0.01803058386,0.02579766512
2977,1.0,0.0,0.0,0.0,1.0,1.0,0.1095278926,0.1696469533,0.01774013042,0.02550143003
2978,1.0,0.0,0.0,0.0,1.0,1.0,0.1129506756,0.1678031784,0.01865893602,0.02572673559
2979,1.0,0.0,0.0,0.0,1.0,1.0,0.1093404387,0.167802795,0.01782715321,0.02534800768
2980,1.0,0.0,0.0,0.0,1.0,1.0,0.1112389925,0.1678030088,0.01821440458,0.02550023794
2981,1.0,0.0,0.0,0.0,1.0,1.0,0.1089683417,0.1671858856,0.01778584719,0.02528917789
2982,1.0,0.0,0.0,0.0,1.0,1.0,0.1119919598,0.1629127253,0.01832491159,0.02471083403
2983,1.0,0.0,0.0,0.0,1.0,1.0,0.1121824182,0.1702345953,0.01815712452,0.02558499575
2984,1.0,0.0,0.0,0.0,1.0,1.0,0.1121823418,0.1684041596,0.01827561855,0.02547508478
2985,1.0,0.0,0.0,0.0,1.0,1.0,0.1101079977,0.1696133864,0.01814693213,0.02596408129
2986,1.0,0.0,0.0,0.0,1.0,1.0,0.108047714,0.1671796878,0.01786285639,0.02567791939
2987,1.0,0.0,0.0,0.0,1.0,1.0,0.1076321852,0.1678031469,0.01784479618,0.02577584982
2988,1.0,0.0,0.0,0.0,1.0,1.0,0.1066529855,0.1671931269,0.01750200987,0.02540618181
2989,1.0,0.0,0.0,0.0,1.0,1.0,0.1091538667,0.1684241941,0.01769566536,0.02516102791
2990,1.0,0.0,0.0,0.0,1.0,1.0,0.1062872753,0.1678027807,0.0171173811,0.02512383461
2991,1.0,0.0,0.0,0.0,1.0,1.0,0.107632169,0.1653489681,0.01740300655,0.02486145496
2992,1.0,0.0,0.0,0.0,1.0,1.0,0.1053835332,0.1714911154,0.0171058774,0.0256587863
2993,1.0,0.0,0.0,0.0,1.0,1.0,0.1070211723,0.1622227025,0.01740831137,0.02442783117
2994,1.0,0.0,0.0,0.0,1.0,1.0,0.1047525364,0.1696469284,0.01674747467,0.0252584815
2995,1.0,0.0,0.0,0.0,1.0,1.0,0.1098864103,0.1634425265,0.0176358819,0.02435427904
2996,1.0,0.0,0.0,0.0,1.0,1.0,0.1147182935,0.1715460182,0.01835137606,0.02558076382
2997,1.0,0.0,0.0,0.0,1.0,1.0,0.1095041818,0.1671995634,0.01776105165,0.02509093285
2998,1.0,0.0,0.0,0.0,1.0,1.0,0.113374729,0.1690784983,0.0179232955,0.02481687069
2999,1.0,0.0,0.0,0.0,1.0,1.0,0.1172726556,0.1690788408,0.01890087128,0.02538925409
3000,1.0,0.0,0.0,0.0,1.0,1.0,0.1159282159,0.1741451553,0.01852339506,0.0258204937
3001,1.0,0.0,0.0,0.0,1.0,1.0,0.1159281676,0.1722524253,0.01857441664,0.02561020851
3002,1.0,0.0,0.0,0.0,1.0,1.0,0.1110491216,0.1703593002,0.0177308917,0.02532982826
3003,1.0,0.0,0.0,0.0,1.0,1.0,0.1145745913,0.1716600412,0.01782488823,0.02468061447
3004,1.0,0.0,0.0,0.0,1.0,1.0,0.1147768842,0.1748074771,0.01816827059,0.02571511269
3005,1.0,0.0,0.0,0.0,1.0,1.0,0.1165428561,0.1799764355,0.01809132099,0.02576643229
3006,1.0,0.0,0.0,0.0,1.0,1.0,0.1126133821,0.1831037965,0.01803469658,0.02705198526
3007,1.0,0.0,0.0,0.0,1.0,1.0,0.1096734181,0.1697526278,0.01693290472,0.02430689335
3008,1.0,0.0,0.0,0.0,1.0,1.0,0.1506954384,0.1596852169,0.02345365286,0.02291452885
3009,1.0,0.0,0.0,0.0,1.0,1.0,0.2498605549,0.2560406823,0.03980332613,0.03847652674
3010,1.0,0.0,0.0,0.0,1.0,1.0,0.3126292122,0.3256802609,0.05125892162,0.05019658804
3011,1.0,0.0,0.0,0.0,1.0,1.0,0.3374529025,0.3610998631,0.05649286509,0.05703347921
3012,1.0,0.0,0.0,0.0,1.0,1.0,0.3428037235,0.36466152,0.05706840754,0.05787223577
3013,1.0,0.0,0.0,0.0,1.0,1.0,0.2981667083,0.3092679738,0.0480248332,0.04748827219
3014,1.0,0.0,0.0,0.0,1.0,1.0,0.1357043097,0.1463061759,0.02087104321,0.02171713114
3015,1.0,0.0,0.0,0.0,1.0,1.0,0.1448732734,0.1457516377,0.02200675011,0.02144956589
3016,1.0,0.0,0.0,0.0,1.0,1.0,0.2127955955,0.1987938356,0.03349852562,0.02992898226
3017,1.0,0.0,0.0,0.0,1.0,1.0,0.2886178161,0.3043285123,0.04689598083,0.04716396332
3018,1.0,0.0,0.0,0.0,1.0,1.0,0.3320514585,0.3510149841,0.05483293533,0.05510437489
3019,1.0,0.0,0.0,0.0,1.0,1.0,0.3511110181,0.3696565322,0.05797541142,0.05824506283
3020,1.0,0.0,0.0,0.0,1.0,1.0,0.3489855672,0.3632784437,0.05747765303,0.05747765303
3021,1.0,0.0,0.0,0.0,1.0,1.0,0.3489079402,0.3632785345,0.05723708868,0.05696964264
3022,1.0,0.0,0.0,0.0,1.0,1.0,0.3470728251,0.3600682986,0.05743318796,0.05690145493
3023,1.0,0.0,0.0,0.0,1.0,1.0,0.3592243337,0.3789829668,0.05933105946,0.0595947504
3024,1.0,0.0,0.0,0.0,1.0,1.0,0.347907329,0.3660164335,0.05790805817,0.05764478445
3025,1.0,0.0,0.0,0.0,1.0,1.0,0.3384688453,0.3543172813,0.05662190914,0.05662196875
3026,1.0,0.0,0.0,0.0,1.0,1.0,0.3400657973,0.3608152631,0.05634570122,0.05634564161
3027,1.0,0.0,0.0,0.0,1.0,1.0,0.2019243838,0.1988137835,0.03245532513,0.0302734971
3028,1.0,0.0,0.0,0.0,1.0,1.0,0.1214113602,0.1578064791,0.01868361235,0.02274519205
3029,1.0,0.0,0.0,0.0,1.0,1.0,0.1110492915,0.1647227713,0.01772016287,0.02464205027
3030,1.0,0.0,0.0,0.0,1.0,1.0,0.1483811401,0.1537602623,0.02422785759,0.02339243889
3031,1.0,0.0,0.0,0.0,1.0,1.0,0.2285870251,0.232140178,0.03694009781,0.03532230854
3032,1.0,0.0,0.0,0.0,1.0,1.0,0.2977406109,0.3093510133,0.04991555214,0.04910606146
3033,1.0,0.0,0.0,0.0,1.0,1.0,0.3230677783,0.3415599011,0.05365550518,0.05365550518
3034,1.0,0.0,0.0,0.0,1.0,1.0,0.3384435366,0.3559885874,0.05776226521,0.05776232481
3035,1.0,0.0,0.0,0.0,1.0,1.0,0.3404693071,0.3586037171,0.05784958601,0.05758297443
3036,1.0,0.0,0.0,0.0,1.0,1.0,0.3498832236,0.3689994244,0.05991345644,0.05991345644
3037,1.0,0.0,0.0,0.0,1.0,1.0,0.344689503,0.359535295,0.05830687284,0.0580406189
3038,1.0,0.0,0.0,0.0,1.0,1.0,0.3400326946,0.3564672593,0.05749619007,0.05749613047
3039,1.0,0.0,0.0,0.0,1.0,1.0,0.3390106847,0.3538292258,0.05758100748,0.05730938911
3040,1.0,0.0,0.0,0.0,1.0,1.0,0.3256968166,0.3431419079,0.05479568243,0.05533289909
3041,1.0,0.0,0.0,0.0,1.0,1.0,0.3315297926,0.3460904945,0.05556833744,0.05556839705
3042,1.0,0.0,0.0,0.0,1.0,1.0,0.3331474244,0.3411064216,0.05599570274,0.05489772558
3043,1.0,0.0,0.0,0.0,1.0,1.0,0.3211320279,0.3297478692,0.05389434099,0.05334442854
3044,1.0,0.0,0.0,0.0,1.0,1.0,0.3199532659,0.33087322,0.05360388756,0.05360388756
3045,1.0,0.0,0.0,0.0,1.0,1.0,0.3194263124,0.329168003,0.0532527566,0.05297827721
3046,1.0,0.0,0.0,0.0,1.0,1.0,0.3287421061,0.3376953264,0.05512750149,0.0548504591
3047,1.0,0.0,0.0,0.0,1.0,1.0,0.3242781875,0.3337177641,0.05451858044,0.05451858044
3048,1.0,0.0,0.0,0.0,1.0,1.0,0.3176263233,0.3291265847,0.05311381817,0.05311381817
3049,1.0,0.0,0.0,0.0,1.0,1.0,0.3210728076,0.3342843448,0.05446636677,0.05474567413
3050,1.0,0.0,0.0,0.0,1.0,1.0,0.32494179,0.3376950628,0.05512452126,0.05512446165
3051,1.0,0.0,0.0,0.0,1.0,1.0,0.31733502,0.3285835732,0.05328333378,0.05273401737
3052,1.0,0.0,0.0,0.0,1.0,1.0,0.3183041503,0.325679848,0.05326259136,0.05215865374
3053,1.0,0.0,0.0,0.0,1.0,1.0,0.2469406162,0.2357837095,0.04125463963,0.03735214472
3054,1.0,0.0,0.0,0.0,1.0,1.0,0.1260398116,0.1131443017,0.02007693052,0.01696640253
3055,1.0,0.0,0.0,0.0,1.0,1.0,0.1615261826,0.1527921687,0.02616733313,0.02316892147
3056,1.0,0.0,0.0,0.0,1.0,1.0,0.2343967575,0.232508988,0.03934049606,0.03660851717
3057,1.0,0.0,0.0,0.0,1.0,1.0,0.3009415059,0.3106372878,0.05090582371,0.04929822683
3058,1.0,0.0,0.0,0.0,1.0,1.0,0.3146098057,0.3213690866,0.0535659194,0.05167210102
3059,1.0,0.0,0.0,0.0,1.0,1.0,0.3205162092,0.3269359015,0.05529254675,0.05256873369
3060,1.0,0.0,0.0,0.0,1.0,1.0,0.3252898092,0.3309189967,0.05605459213,0.05361747742
3061,1.0,0.0,0.0,0.0,1.0,1.0,0.3331472907,0.3415601601,0.05750310421,0.05506193638
3062,1.0,0.0,0.0,0.0,1.0,1.0,0.3331473708,0.3387368706,0.05821305513,0.05520671606
3063,1.0,0.0,0.0,0.0,1.0,1.0,0.333147221,0.339810243,0.05809503794,0.05564033985
3064,1.0,0.0,0.0,0.0,1.0,1.0,0.3279173481,0.329247488,0.05620008707,0.05297327042
3065,1.0,0.0,0.0,0.0,1.0,1.0,0.3373312572,0.3482903675,0.05849045515,0.05631405115
3066,1.0,0.0,0.0,0.0,1.0,1.0,0.3315529534,0.3421817252,0.05681222677,0.05517345667
3067,1.0,0.0,0.0,0.0,1.0,1.0,0.3267097713,0.335989767,0.05583739281,0.0541869998
3068,1.0,0.0,0.0,0.0,1.0,1.0,0.3266468531,0.3342844818,0.05599093437,0.05459815264
3069,1.0,0.0,0.0,0.0,1.0,1.0,0.3168964724,0.3246484719,0.05416542292,0.05305427313
3070,1.0,0.0,0.0,0.0,1.0,1.0,0.3077698142,0.3195493598,0.052980721,0.05242300034
3071,1.0,0.0,0.0,0.0,1.0,1.0,0.3115141356,0.3218542111,0.05351746082,0.05296003819
3072,1.0,0.0,0.0,0.0,1.0,1.0,0.3212491605,0.3320180712,0.05553507805,0.05497413874
3073,1.0,0.0,0.0,0.0,1.0,1.0,0.3320619311,0.3422744932,0.05676394701,0.05565094948
3074,1.0,0.0,0.0,0.0,1.0,1.0,0.3298971538,0.3405632071,0.05589985847,0.05479836464
3075,1.0,0.0,0.0,0.0,1.0,1.0,0.3315222968,0.3405629641,0.0574311018,0.0560234189
3076,1.0,0.0,0.0,0.0,1.0,1.0,0.3315222021,0.3411062891,0.05764901638,0.05651861429
3077,1.0,0.0,0.0,0.0,1.0,1.0,0.3298811963,0.3400162627,0.05657619238,0.05545586348
3078,1.0,0.0,0.0,0.0,1.0,1.0,0.3293617526,0.3382464123,0.05666357279,0.05554699898
3079,1.0,0.0,0.0,0.0,1.0,1.0,0.3282720241,0.3371404881,0.05661004782,0.05520880222
3080,1.0,0.0,0.0,0.0,1.0,1.0,0.3228715425,0.3269358881,0.05507391691,0.05341339111
3081,1.0,0.0,0.0,0.0,1.0,1.0,0.3195603827,0.3280480563,0.05410671234,0.05327856541
3082,1.0,0.0,0.0,0.0,1.0,1.0,0.3190402436,0.3308730609,0.05488461256,0.05432450771
3083,1.0,0.0,0.0,0.0,1.0,1.0,0.3174121979,0.3280479396,0.05377715826,0.05322557688
3084,1.0,0.0,0.0,0.0,1.0,1.0,0.3238781913,0.3320064267,0.05472034216,0.05361485481
3085,1.0,0.0,0.0,0.0,1.0,1.0,0.3168960756,0.3257563831,0.05439454317,0.05327874422
3086,1.0,0.0,0.0,0.0,1.0,1.0,0.3228214819,0.3263482583,0.0551481843,0.05347698927
3087,1.0,0.0,0.0,0.0,1.0,1.0,0.3174119604,0.3263485415,0.05493509769,0.05409002304
3088,1.0,0.0,0.0,0.0,1.0,1.0,0.3174887354,0.3264167413,0.05402338505,0.05347210169
3089,1.0,0.0,0.0,0.0,1.0,1.0,0.3185213504,0.3280478135,0.05399280787,0.05316632986
3090,1.0,0.0,0.0,0.0,1.0,1.0,0.3180041601,0.3286302075,0.05472522974,0.05416685343
3091,1.0,0.0,0.0,0.0,1.0,1.0,0.3202722913,0.3331471226,0.05541032553,0.05513179302
3092,1.0,0.0,0.0,0.0,1.0,1.0,0.3170529138,0.3259052508,0.05382984877,0.05328345299
3093,1.0,0.0,0.0,0.0,1.0,1.0,0.3158689813,0.3303528445,0.05457574129,0.05513554811
3094,1.0,0.0,0.0,0.0,1.0,1.0,0.3142490179,0.3236448032,0.05352157354,0.05324572325
3095,1.0,0.0,0.0,0.0,1.0,1.0,0.3228716139,0.3292076972,0.05520015955,0.05409055948
3096,1.0,0.0,0.0,0.0,1.0,1.0,0.3153577143,0.3219679932,0.05321276188,0.05239415169
3097,1.0,0.0,0.0,0.0,1.0,1.0,0.3202093703,0.3280998,0.05561423302,0.05477166176
3098,1.0,0.0,0.0,0.0,1.0,1.0,0.3233489882,0.3303238203,0.05581104755,0.05496537685
3099,1.0,0.0,0.0,0.0,1.0,1.0,0.3189007833,0.3251609549,0.05336260796,0.05226236582
3100,1.0,0.0,0.0,0.0,1.0,1.0,0.324408871,0.3348468221,0.05507469177,0.0547965169
3101,1.0,0.0,0.0,0.0,1.0,1.0,0.3101715429,0.3138179073,0.05161565542,0.05025017262
3102,1.0,0.0,0.0,0.0,1.0,1.0,0.314063775,0.3252422282,0.05297702551,0.05297702551
3103,1.0,0.0,0.0,0.0,1.0,1.0,0.3134538323,0.3240513054,0.05255633593,0.05228120089
3104,1.0,0.0,0.0,0.0,1.0,1.0,0.3162167347,0.3246484972,0.05305463076,0.05250483751
3105,1.0,0.0,0.0,0.0,1.0,1.0,0.3189707839,0.3263482985,0.05372083187,0.05289435387
3106,1.0,0.0,0.0,0.0,1.0,1.0,0.3195606241,0.3275199048,0.05497574806,0.05441474915
3107,1.0,0.0,0.0,0.0,1.0,1.0,0.3255137542,0.3331472282,0.05477964878,0.05395382643
3108,1.0,0.0,0.0,0.0,1.0,1.0,0.3222422543,0.3314475177,0.05470585823,0.05415046215
3109,1.0,0.0,0.0,0.0,1.0,1.0,0.3189709211,0.3246488253,0.05353218317,0.0524340868
3110,1.0,0.0,0.0,0.0,1.0,1.0,0.3206066934,0.3269360352,0.05395108461,0.05312526226
3111,1.0,0.0,0.0,0.0,1.0,1.0,0.3205448577,0.3257566048,0.05320489407,0.05211347342
3112,1.0,0.0,0.0,0.0,1.0,1.0,0.3211907695,0.3314477622,0.05431777239,0.05376636982
3113,1.0,0.0,0.0,0.0,1.0,1.0,0.3287852204,0.3365469821,0.05540531874,0.0545784235
3114,1.0,0.0,0.0,0.0,1.0,1.0,0.3222422572,0.3331473708,0.0537340641,0.05346131325
3115,1.0,0.0,0.0,0.0,1.0,1.0,0.3244091963,0.3342843725,0.05456197262,0.05401080847
3116,1.0,0.0,0.0,0.0,1.0,1.0,0.3200185066,0.3280478141,0.05512148142,0.05455607176
3117,1.0,0.0,0.0,0.0,1.0,1.0,0.318901053,0.3257565832,0.05373966694,0.05290859938
3118,1.0,0.0,0.0,0.0,1.0,1.0,0.3189010526,0.3212491544,0.05354869366,0.05216854811
3119,1.0,0.0,0.0,0.0,1.0,1.0,0.3173351352,0.3274624993,0.05365616083,0.05310302973
3120,1.0,0.0,0.0,0.0,1.0,1.0,0.3178555063,0.3246486825,0.05376750231,0.05293601751
3121,1.0,0.0,0.0,0.0,1.0,1.0,0.3217155549,0.3274622722,0.05419379473,0.05281835794
3122,1.0,0.0,0.0,0.0,1.0,1.0,0.3184497902,0.3269361096,0.05412477255,0.05356961489
3123,1.0,0.0,0.0,0.0,1.0,1.0,0.3239233787,0.3320180465,0.05433779955,0.05351865292
3124,1.0,0.0,0.0,0.0,1.0,1.0,0.3184497402,0.325756618,0.05362445116,0.05252444744
3125,1.0,0.0,0.0,0.0,1.0,1.0,0.3255511459,0.3320179308,0.05536854267,0.05426114798
3126,1.0,0.0,0.0,0.0,1.0,1.0,0.3238780093,0.3292077108,0.0544899106,0.05366426706
3127,1.0,0.0,0.0,0.0,1.0,1.0,0.3271789491,0.3325846818,0.05524915457,0.05414968729
3128,1.0,0.0,0.0,0.0,1.0,1.0,0.3222956305,0.3286300424,0.05470365286,0.05359852314
3129,1.0,0.0,0.0,0.0,1.0,1.0,0.3293616333,0.3381950577,0.05544137955,0.05489516258
3130,1.0,0.0,0.0,0.0,1.0,1.0,0.3249818852,0.3308960699,0.05450844765,0.05368667841
3131,1.0,0.0,0.0,0.0,1.0,1.0,0.3239232495,0.3325845812,0.05473661423,0.05418652296
3132,1.0,0.0,0.0,0.0,1.0,1.0,0.3211321568,0.3297481281,0.05411612988,0.05356395245
3133,1.0,0.0,0.0,0.0,1.0,1.0,0.3363976785,0.3427142524,0.05721879005,0.05611312389
3134,1.0,0.0,0.0,0.0,1.0,1.0,0.3206067926,0.3263482867,0.0541639924,0.05305856466
3135,1.0,0.0,0.0,0.0,1.0,1.0,0.3211908471,0.3314474596,0.05454188585,0.0539881587
3136,1.0,0.0,0.0,0.0,1.0,1.0,0.3211321504,0.3297478696,0.05368024111,0.05313247442
3137,1.0,0.0,0.0,0.0,1.0,1.0,0.320146664,0.3286302292,0.05397421122,0.05315226316
3138,1.0,0.0,0.0,0.0,1.0,1.0,0.3178552094,0.3263483349,0.05361443758,0.05306172371
3139,1.0,0.0,0.0,0.0,1.0,1.0,0.3150948659,0.3201602369,0.05292278528,0.05209589005
3140,1.0,0.0,0.0,0.0,1.0,1.0,0.3101714823,0.3189345448,0.05246645212,0.05191129446
3141,1.0,0.0,0.0,0.0,1.0,1.0,0.304249047,0.3127505421,0.05139863491,0.05084598064
3142,1.0,0.0,0.0,0.0,1.0,1.0,0.3014711083,0.3032203972,0.05094182491,0.04955750704
3143,1.0,0.0,0.0,0.0,1.0,1.0,0.2900022982,0.2947505626,0.04839932919,0.04757893085
3144,1.0,0.0,0.0,0.0,1.0,1.0,0.2944343919,0.2981388122,0.05018180609,0.04906672239
3145,1.0,0.0,0.0,0.0,1.0,1.0,0.2911629442,0.2940532429,0.04883617163,0.04746437073
3146,1.0,0.0,0.0,0.0,1.0,1.0,0.2923203111,0.2981386355,0.04886323214,0.04804432392
3147,1.0,0.0,0.0,0.0,1.0,1.0,0.2900018725,0.2947507549,0.0489474535,0.04811787605
3148,1.0,0.0,0.0,0.0,1.0,1.0,0.2946238703,0.2988197972,0.04984563589,0.04874408245
3149,1.0,0.0,0.0,0.0,1.0,1.0,0.2927988417,0.2981385725,0.04917812347,0.04835391045
3150,1.0,0.0,0.0,0.0,1.0,1.0,0.2932787276,0.2981386048,0.04951298237,0.0486831665
3151,1.0,0.0,0.0,0.0,1.0,1.0,0.2900021842,0.2957528409,0.04821544886,0.04739814997
3152,1.0,0.0,0.0,0.0,1.0,1.0,0.2972195313,0.3032205363,0.05007606745,0.04925066233
3153,1.0,0.0,0.0,0.0,1.0,1.0,0.2822725644,0.2872546475,0.04772824049,0.04689580202
3154,1.0,0.0,0.0,0.0,1.0,1.0,0.2789901986,0.2840881506,0.04664856195,0.04555100203
3155,1.0,0.0,0.0,0.0,1.0,1.0,0.2745177449,0.2797072926,0.04619991779,0.04536998272
3156,1.0,0.0,0.0,0.0,1.0,1.0,0.264411736,0.2627399683,0.04379481077,0.04214215279
3157,1.0,0.0,0.0,0.0,1.0,1.0,0.2697170222,0.2721084109,0.04548823833,0.04437196255
3158,1.0,0.0,0.0,0.0,1.0,1.0,0.2618769634,0.2619228984,0.04407835007,0.04240453243
3159,1.0,0.0,0.0,0.0,1.0,1.0,0.2607237016,0.2541833711,0.04351705313,0.04100650549
3160,1.0,0.0,0.0,0.0,1.0,1.0,0.261160785,0.2602711978,0.04309076071,0.04143339396
3161,1.0,0.0,0.0,0.0,1.0,1.0,0.2523675285,0.2420793592,0.04187166691,0.03882139921
3162,1.0,0.0,0.0,0.0,1.0,1.0,0.2303797806,0.2093899964,0.03782838583,0.03309983015
3163,1.0,0.0,0.0,0.0,1.0,1.0,0.2281518868,0.2076303868,0.03738969564,0.03292524815
3164,1.0,0.0,0.0,0.0,1.0,1.0,0.2238068211,0.2002429609,0.03643661737,0.03143006563
3165,1.0,0.0,0.0,0.0,1.0,1.0,0.2180911467,0.1920636087,0.03607618809,0.0306789875
3166,1.0,0.0,0.0,0.0,1.0,1.0,0.2080748521,0.1825220572,0.03400814533,0.02871179581
3167,1.0,0.0,0.0,0.0,1.0,1.0,0.1892231309,0.1606244518,0.03076398373,0.02517050505
3168,1.0,0.0,0.0,0.0,1.0,1.0,0.188898208,0.1533442007,0.03079515696,0.02379626036
3169,1.0,0.0,0.0,0.0,1.0,1.0,0.1845657848,0.156952302,0.03020846844,0.02479380369
3170,1.0,0.0,0.0,0.0,1.0,1.0,0.1738922318,0.1422563087,0.02782458067,0.02192240953
3171,1.0,0.0,0.0,0.0,1.0,1.0,0.1654008309,0.1336249035,0.02633178234,0.02044910192
3172,1.0,0.0,0.0,0.0,1.0,1.0,0.1639294221,0.1322790318,0.02629584074,0.02035808563
3173,1.0,0.0,0.0,0.0,1.0,1.0,0.1501845058,0.1170347572,0.02423673868,0.01817750931
3174,1.0,0.0,0.0,0.0,1.0,1.0,0.1476652888,0.1160400704,0.02355861664,0.01781260967
3175,1.0,0.0,0.0,0.0,1.0,1.0,0.1404621741,0.1145975353,0.02232569456,0.01745980978
3176,1.0,0.0,0.0,0.0,1.0,1.0,0.1373552639,0.1183551875,0.02183926105,0.01810365915
3177,1.0,0.0,0.0,0.0,1.0,1.0,0.1391628512,0.1179115738,0.02208811045,0.01807206869
3178,1.0,0.0,0.0,0.0,1.0,1.0,0.1344704639,0.1164763548,0.02133768797,0.01787751913
3179,1.0,0.0,0.0,0.0,1.0,1.0,0.137355348,0.1253982885,0.02146780491,0.0189256072
3180,1.0,0.0,0.0,0.0,1.0,1.0,0.1422632031,0.124458584,0.02263277769,0.01890832186
3181,1.0,0.0,0.0,0.0,1.0,1.0,0.1399580483,0.1230653001,0.02204269171,0.01865142584
3182,1.0,0.0,0.0,0.0,1.0,1.0,0.1404620746,0.1216549331,0.02210789919,0.01842325926
3183,1.0,0.0,0.0,0.0,1.0,1.0,0.1358810355,0.1226079134,0.02156293392,0.01872569323
3184,1.0,0.0,0.0,0.0,1.0,1.0,0.1374232209,0.1263233507,0.02186346054,0.019307971
3185,1.0,0.0,0.0,0.0,1.0,1.0,0.1363689079,0.1216546962,0.02169185877,0.01855224371
3186,1.0,0.0,0.0,0.0,1.0,1.0,0.138411745,0.117911474,0.02186328173,0.01788812876
3187,1.0,0.0,0.0,0.0,1.0,1.0,0.1409928704,0.1230654017,0.02241665125,0.01872777939
3188,1.0,0.0,0.0,0.0,1.0,1.0,0.1435462552,0.1193361218,0.02289378643,0.01831501722
3189,1.0,0.0,0.0,0.0,1.0,1.0,0.1409928273,0.1221540118,0.02250128984,0.0187985301
3190,1.0,0.0,0.0,0.0,1.0,1.0,0.1445623589,0.1226080652,0.02292400599,0.01867878437
3191,1.0,0.0,0.0,0.0,1.0,1.0,0.1460859965,0.1295570802,0.02324962616,0.01984721422
3192,1.0,0.0,0.0,0.0,1.0,1.0,0.1437917049,0.1249300562,0.02292627096,0.01896369457
3193,1.0,0.0,0.0,0.0,1.0,1.0,0.1448205437,0.1267949866,0.02324587107,0.01951509714
3194,1.0,0.0,0.0,0.0,1.0,1.0,0.1391628478,0.1239908406,0.02206146717,0.01890981197
3195,1.0,0.0,0.0,0.0,1.0,1.0,0.139116633,0.1230373354,0.02162331343,0.01849359274
3196,1.0,0.0,0.0,0.0,1.0,1.0,0.1399218065,0.1230374909,0.02204841375,0.01861232519
3197,1.0,0.0,0.0,0.0,1.0,1.0,0.1508248865,0.1301161386,0.02377206087,0.01976233721
3198,1.0,0.0,0.0,0.0,1.0,1.0,0.1479975701,0.1263660065,0.02342242002,0.01908493042
3199,1.0,0.0,0.0,0.0,1.0,1.0,0.1503749426,0.1268230645,0.02378797531,0.01943647861
3200,1.0,0.0,0.0,0.0,1.0,1.0,0.1443636408,0.1258839808,0.02219301462,0.01877874136
3201,1.0,0.0,0.0,0.0,1.0,1.0,0.1448731929,0.1206223084,0.02255678177,0.01798832417
3202,1.0,0.0,0.0,0.0,1.0,1.0,0.1398852433,0.1197051612,0.02180963755,0.01807904243
3203,1.0,0.0,0.0,0.0,1.0,1.0,0.1417258951,0.1239764908,0.02214628458,0.01869487762
3204,1.0,0.0,0.0,0.0,1.0,1.0,0.1422562838,0.1263445701,0.0223942399,0.0192360878
3205,1.0,0.0,0.0,0.0,1.0,1.0,0.145903826,0.1287161702,0.02261942625,0.01922655106
3206,1.0,0.0,0.0,0.0,1.0,1.0,0.1438047679,0.129141192,0.02282840014,0.01968944073
3207,1.0,0.0,0.0,0.0,1.0,1.0,0.148467771,0.1320015831,0.02340364456,0.01997870207
3208,1.0,0.0,0.0,0.0,1.0,1.0,0.146923244,0.1320015307,0.02305305004,0.01992237568
3209,1.0,0.0,0.0,0.0,1.0,1.0,0.1427776414,0.1301953286,0.02213150263,0.01929408312
3210,1.0,0.0,0.0,0.0,1.0,1.0,0.1454064902,0.1301954803,0.02247524261,0.01934581995
3211,1.0,0.0,0.0,0.0,1.0,1.0,0.1475189385,0.1345401361,0.02252721786,0.01971131563
3212,1.0,0.0,0.0,0.0,1.0,1.0,0.1485412003,0.1326180664,0.02315050364,0.01972073317
3213,1.0,0.0,0.0,0.0,1.0,1.0,0.1459038874,0.1326183427,0.0222736001,0.01921099424
3214,1.0,0.0,0.0,0.0,1.0,1.0,0.1348167142,0.1518384941,0.02092140913,0.02203726768
3215,1.0,0.0,0.0,0.0,1.0,1.0,0.2076544853,0.1988138554,0.03369671106,0.03040921688
3216,1.0,0.0,0.0,0.0,1.0,1.0,0.2748057176,0.3034017752,0.04503506422,0.0455711484
3217,1.0,0.0,0.0,0.0,1.0,1.0,0.3138873907,0.3619883156,0.05362868309,0.05469584465
3218,1.0,0.0,0.0,0.0,1.0,1.0,0.313887157,0.3627868514,0.05338394642,0.05418074131
3219,1.0,0.0,0.0,0.0,1.0,1.0,0.248269156,0.3016834537,0.04248982668,0.04439640045
3220,1.0,0.0,0.0,0.0,1.0,1.0,0.08357086077,0.2107255435,0.01339572668,0.02870517969
3221,1.0,0.0,0.0,0.0,1.0,1.0,0.09677414648,0.2298715407,0.01581317186,0.03135365248
3222,1.0,0.0,0.0,0.0,1.0,1.0,0.1703967785,0.2402507962,0.02799993753,0.03365379572
3223,1.0,0.0,0.0,0.0,1.0,1.0,0.2478869698,0.3031396655,0.04301261902,0.04520434141
3224,1.0,0.0,0.0,0.0,1.0,1.0,0.2965377146,0.3441301767,0.0518078804,0.05153375864
3225,1.0,0.0,0.0,0.0,1.0,1.0,0.328969715,0.3734179176,0.05767542124,0.05602759123
3226,1.0,0.0,0.0,0.0,1.0,1.0,0.327965988,0.3775263607,0.0574413538,0.05635243654
3227,1.0,0.0,0.0,0.0,1.0,1.0,0.318640048,0.3707019407,0.05555927753,0.05528825521
3228,1.0,0.0,0.0,0.0,1.0,1.0,0.3165934695,0.3662214755,0.05548995733,0.05521792173
3229,1.0,0.0,0.0,0.0,1.0,1.0,0.2270730745,0.2901003989,0.03903669119,0.04261052608
3230,1.0,0.0,0.0,0.0,1.0,1.0,0.07755826739,0.218886106,0.01220792532,0.02940994501
3231,1.0,0.0,0.0,0.0,1.0,1.0,0.09633173688,0.2067115561,0.01532578468,0.02818846703
3232,1.0,0.0,0.0,0.0,1.0,1.0,0.1871917074,0.2470103242,0.03177648783,0.03592127562
3233,1.0,0.0,0.0,0.0,1.0,1.0,0.2593488183,0.3114206266,0.04441398382,0.04658055305
3234,1.0,0.0,0.0,0.0,1.0,1.0,0.2978058136,0.3420079017,0.05109298229,0.05162799358
3235,1.0,0.0,0.0,0.0,1.0,1.0,0.3136707558,0.3643798599,0.05423098803,0.05582606792
3236,1.0,0.0,0.0,0.0,1.0,1.0,0.3075204891,0.3539691581,0.05363553762,0.05470830202
3237,1.0,0.0,0.0,0.0,1.0,1.0,0.309904572,0.3529495852,0.05405855179,0.05459910631
3238,1.0,0.0,0.0,0.0,1.0,1.0,0.305730175,0.3499787421,0.05328202248,0.05436384678
3239,1.0,0.0,0.0,0.0,1.0,1.0,0.3126143316,0.3532513401,0.05509084463,0.05563366413
3240,1.0,0.0,0.0,0.0,1.0,1.0,0.3091689067,0.3520370024,0.05589967966,0.05672985315
3241,1.0,0.0,0.0,0.0,1.0,1.0,0.3068052243,0.3470286336,0.0535492301,0.05409020185
3242,1.0,0.0,0.0,0.0,1.0,1.0,0.309424834,0.3470282189,0.05440700054,0.05440694094
3243,1.0,0.0,0.0,0.0,1.0,1.0,0.3009239886,0.338911042,0.05251771212,0.05333405733
3244,1.0,0.0,0.0,0.0,1.0,1.0,0.2673666099,0.3054832961,0.04575908184,0.04712098837
3245,1.0,0.0,0.0,0.0,1.0,1.0,0.1200018352,0.1544939215,0.01917546988,0.02218872309
3246,1.0,0.0,0.0,0.0,1.0,1.0,0.103860374,0.1697166702,0.0168467164,0.02485579252
3247,1.0,0.0,0.0,0.0,1.0,1.0,0.1732366179,0.1998886353,0.02903157473,0.03014820814
3248,1.0,0.0,0.0,0.0,1.0,1.0,0.2253643459,0.2462910222,0.03843206167,0.03843206167
3249,1.0,0.0,0.0,0.0,1.0,1.0,0.2769154404,0.294974106,0.04765045643,0.04655504227
3250,1.0,0.0,0.0,0.0,1.0,1.0,0.2891076731,0.3066083134,0.05055814981,0.0491990447
3251,1.0,0.0,0.0,0.0,1.0,1.0,0.29952229,0.3207666292,0.05294007063,0.0521171093
3252,1.0,0.0,0.0,0.0,1.0,1.0,0.2975082769,0.31968649,0.05253022909,0.05198299885
3253,1.0,0.0,0.0,0.0,1.0,1.0,0.2944091037,0.3125343862,0.05163758993,0.050822258
3254,1.0,0.0,0.0,0.0,1.0,1.0,0.2900093419,0.3072606483,0.05011725426,0.04903948307
3255,1.0,0.0,0.0,0.0,1.0,1.0,0.2895580748,0.3028613975,0.05060762167,0.04897511005
3256,1.0,0.0,0.0,0.0,1.0,1.0,0.2900098023,0.307260797,0.05031144619,0.04922944307
3257,1.0,0.0,0.0,0.0,1.0,1.0,0.2842161293,0.3055727617,0.0493465066,0.04907542467
3258,1.0,0.0,0.0,0.0,1.0,1.0,0.28577809,0.3028611501,0.04975140095,0.04893577099
3259,1.0,0.0,0.0,0.0,1.0,1.0,0.2889011118,0.3079091521,0.05051374435,0.0499677062
3260,1.0,0.0,0.0,0.0,1.0,1.0,0.2942282213,0.3112738908,0.05140823126,0.05032020807
3261,1.0,0.0,0.0,0.0,1.0,1.0,0.2984335741,0.3169367448,0.05243486166,0.05161553621
3262,1.0,0.0,0.0,0.0,1.0,1.0,0.3066820037,0.3292079059,0.05270838737,0.05217331648
3263,1.0,0.0,0.0,0.0,1.0,1.0,0.2988984854,0.3158772823,0.05243766308,0.05161833763
3264,1.0,0.0,0.0,0.0,1.0,1.0,0.3040425084,0.3230517946,0.05274140835,0.05192995071
3265,1.0,0.0,0.0,0.0,1.0,1.0,0.3004553572,0.3224551181,0.05236399174,0.05182135105
3266,1.0,0.0,0.0,0.0,1.0,1.0,0.3056017568,0.3253217406,0.05300879478,0.05246788263
3267,1.0,0.0,0.0,0.0,1.0,1.0,0.303568545,0.3202907773,0.05314087868,0.05205082893
3268,1.0,0.0,0.0,0.0,1.0,1.0,0.2979704655,0.3142057145,0.05280321836,0.05170309544
3269,1.0,0.0,0.0,0.0,1.0,1.0,0.3013941932,0.3213692861,0.05341506004,0.05286151171
3270,1.0,0.0,0.0,0.0,1.0,1.0,0.302955689,0.3202910171,0.05279552937,0.05197912455
3271,1.0,0.0,0.0,0.0,1.0,1.0,0.2875751928,0.3066083592,0.0499677062,0.04942160845
3272,1.0,0.0,0.0,0.0,1.0,1.0,0.2981067041,0.316321935,0.052336514,0.05178564787
3273,1.0,0.0,0.0,0.0,1.0,1.0,0.2949684317,0.3140139029,0.05137234926,0.05082589388
3274,1.0,0.0,0.0,0.0,1.0,1.0,0.2884825951,0.3093508614,0.05000126362,0.04972797632
3275,1.0,0.0,0.0,0.0,1.0,1.0,0.2896022673,0.3066082715,0.05040282011,0.04958099127
3276,1.0,0.0,0.0,0.0,1.0,1.0,0.2916352357,0.308949467,0.05028694868,0.04974335432
3277,1.0,0.0,0.0,0.0,1.0,1.0,0.286003797,0.3059514746,0.04983985424,0.04929214716
3278,1.0,0.0,0.0,0.0,1.0,1.0,0.2909171941,0.3119066002,0.05054074526,0.05054080486
3279,1.0,0.0,0.0,0.0,1.0,1.0,0.2878139306,0.3066083986,0.04942131042,0.04914975166
3280,1.0,0.0,0.0,0.0,1.0,1.0,0.2891464868,0.3123257117,0.05105227232,0.05132979155
3281,1.0,0.0,0.0,0.0,1.0,1.0,0.292939818,0.3157024095,0.05079090595,0.05079096556
3282,1.0,0.0,0.0,0.0,1.0,1.0,0.2926715073,0.3163217345,0.05130547285,0.05130547285
3283,1.0,0.0,0.0,0.0,1.0,1.0,0.2886930245,0.3106371321,0.05001473427,0.05001467466
3284,1.0,0.0,0.0,0.0,1.0,1.0,0.2891463898,0.3106373146,0.05008167028,0.05008172989
3285,1.0,0.0,0.0,0.0,1.0,1.0,0.2871235977,0.3072608726,0.04958081245,0.04930990934
3286,1.0,0.0,0.0,0.0,1.0,1.0,0.2880012099,0.3129565242,0.05039423704,0.05066663027
3287,1.0,0.0,0.0,0.0,1.0,1.0,0.2848803046,0.3076513624,0.04885041714,0.04885041714
3288,1.0,0.0,0.0,0.0,1.0,1.0,0.2902618438,0.3112740487,0.05019807816,0.05019807816
3289,1.0,0.0,0.0,0.0,1.0,1.0,0.2837730327,0.3068755362,0.04919064045,0.04946088791
3290,1.0,0.0,0.0,0.0,1.0,1.0,0.2833062681,0.3055723532,0.04918259382,0.04945582151
3291,1.0,0.0,0.0,0.0,1.0,1.0,0.282416761,0.302196094,0.04893904924,0.04866719246
3292,1.0,0.0,0.0,0.0,1.0,1.0,0.2806547972,0.3021959679,0.0484495163,0.04818028212
3293,1.0,0.0,0.0,0.0,1.0,1.0,0.2909174314,0.3085523691,0.05004763603,0.04950946569
3294,1.0,0.0,0.0,0.0,1.0,1.0,0.292481511,0.3146387914,0.05062538385,0.05062532425
3295,1.0,0.0,0.0,0.0,1.0,1.0,0.2945061165,0.3135834368,0.0511122942,0.05084049702
3296,1.0,0.0,0.0,0.0,1.0,1.0,0.2940452618,0.3146392038,0.05088239908,0.05061179399
3297,1.0,0.0,0.0,0.0,1.0,1.0,0.2940455268,0.3196866233,0.05110156536,0.05164515972
3298,1.0,0.0,0.0,0.0,1.0,1.0,0.2942283307,0.3180043016,0.05090308189,0.05090308189
3299,1.0,0.0,0.0,0.0,1.0,1.0,0.296246472,0.3186140648,0.05107277632,0.05107277632
3300,1.0,0.0,0.0,0.0,1.0,1.0,0.302483169,0.3225624017,0.05241984129,0.05214965343
3301,1.0,0.0,0.0,0.0,1.0,1.0,0.2968792917,0.3196865859,0.05147564411,0.05120611191
3302,1.0,0.0,0.0,0.0,1.0,1.0,0.3066822696,0.3259050731,0.05332928896,0.05278789997
3303,1.0,0.0,0.0,0.0,1.0,1.0,0.2993650531,0.3219681799,0.05256277323,0.05256277323
3304,1.0,0.0,0.0,0.0,1.0,1.0,0.303842757,0.3220793162,0.053863585,0.05304330587
3305,1.0,0.0,0.0,0.0,1.0,1.0,0.3046509359,0.3269986346,0.05272853374,0.05245953798
3306,1.0,0.0,0.0,0.0,1.0,1.0,0.3030965304,0.3225624713,0.05278837681,0.05224698782
3307,1.0,0.0,0.0,0.0,1.0,1.0,0.3068054674,0.3275763138,0.05396842957,0.05342328548
3308,1.0,0.0,0.0,0.0,1.0,1.0,0.3052562003,0.3264843909,0.0535607338,0.05328881741
3309,1.0,0.0,0.0,0.0,1.0,1.0,0.3056014823,0.3242336966,0.0528241992,0.0522851944
3310,1.0,0.0,0.0,0.0,1.0,1.0,0.3046508776,0.3242335109,0.0534889698,0.05294317007
3311,1.0,0.0,0.0,0.0,1.0,1.0,0.3150415997,0.3342617312,0.05465114117,0.05384349823
3312,1.0,0.0,0.0,0.0,1.0,1.0,0.3185719803,0.3392755001,0.05428737402,0.05402129889
3313,1.0,0.0,0.0,0.0,1.0,1.0,0.3206349315,0.3414763154,0.05583518744,0.05583518744
3314,1.0,0.0,0.0,0.0,1.0,1.0,0.3228488066,0.3436617135,0.05592888594,0.05539369583
3315,1.0,0.0,0.0,0.0,1.0,1.0,0.3165932516,0.338681526,0.05490320921,0.05490326881
3316,1.0,0.0,0.0,0.0,1.0,1.0,0.3118382558,0.3342614252,0.05411881208,0.05411881208
3317,1.0,0.0,0.0,0.0,1.0,1.0,0.3086052025,0.3320295687,0.05389195681,0.05416554213
3318,1.0,0.0,0.0,0.0,1.0,1.0,0.3097956599,0.3348132096,0.05388462543,0.05442625284
3319,1.0,0.0,0.0,0.0,1.0,1.0,0.3090895958,0.3297821128,0.05343455076,0.05316329002
3320,1.0,0.0,0.0,0.0,1.0,1.0,0.3148712159,0.3370601721,0.05405277014,0.05405277014
3321,1.0,0.0,0.0,0.0,1.0,1.0,0.3158615682,0.3387371082,0.05443412066,0.05470490456
3322,1.0,0.0,0.0,0.0,1.0,1.0,0.318004355,0.3370601938,0.05545777082,0.05491137505
3323,1.0,0.0,0.0,0.0,1.0,1.0,0.3210805961,0.3415601477,0.05609339476,0.05581843853
3324,1.0,0.0,0.0,0.0,1.0,1.0,0.3185034787,0.3387370796,0.05502104759,0.05475002527
3325,1.0,0.0,0.0,0.0,1.0,1.0,0.3161985067,0.3342729501,0.05383336544,0.05356287956
3326,1.0,0.0,0.0,0.0,1.0,1.0,0.3215318995,0.3415599399,0.05517721176,0.05517721176
3327,1.0,0.0,0.0,0.0,1.0,1.0,0.3172073966,0.3342845968,0.05420786142,0.05339068174
3328,1.0,0.0,0.0,0.0,1.0,1.0,0.3198213206,0.3376955777,0.05411183834,0.05357074738
3329,1.0,0.0,0.0,0.0,1.0,1.0,0.3183640691,0.3376490486,0.0549505353,0.05467712879
3330,1.0,0.0,0.0,0.0,1.0,1.0,0.3145207206,0.33314751,0.05381011963,0.05353701115
3331,1.0,0.0,0.0,0.0,1.0,1.0,0.3124251452,0.332578897,0.05406188965,0.05378609896
3332,1.0,0.0,0.0,0.0,1.0,1.0,0.3108311993,0.3348470468,0.05316197872,0.05370724201
3333,1.0,0.0,0.0,0.0,1.0,1.0,0.3156133259,0.3348473203,0.05412912369,0.05385577679
3334,1.0,0.0,0.0,0.0,1.0,1.0,0.3122250037,0.3348647892,0.05354166031,0.05381768942
3335,1.0,0.0,0.0,0.0,1.0,1.0,0.3080142928,0.3297129397,0.05222886801,0.05222886801
3336,1.0,0.0,0.0,0.0,1.0,1.0,0.305787158,0.3262780738,0.05158019066,0.05158019066
3337,1.0,0.0,0.0,0.0,1.0,1.0,0.3075203959,0.3240509268,0.05280268192,0.05225265026
3338,1.0,0.0,0.0,0.0,1.0,1.0,0.3041779735,0.3189348214,0.0517629385,0.05121523142
3339,1.0,0.0,0.0,0.0,1.0,1.0,0.3062804539,0.3251607962,0.0518257618,0.0518257618
3340,1.0,0.0,0.0,0.0,1.0,1.0,0.3041780268,0.3211265715,0.0521633625,0.05161136389
3341,1.0,0.0,0.0,0.0,1.0,1.0,0.3012903861,0.3194092081,0.0510134697,0.0510134697
3342,1.0,0.0,0.0,0.0,1.0,1.0,0.3004753642,0.3211262481,0.05144536495,0.05144530535
3343,1.0,0.0,0.0,0.0,1.0,1.0,0.3017482248,0.3206398498,0.05226880312,0.05199223757
3344,1.0,0.0,0.0,0.0,1.0,1.0,0.2980790567,0.3189348294,0.05138331652,0.05138337612
3345,1.0,0.0,0.0,0.0,1.0,1.0,0.3023789413,0.3201604918,0.05186283588,0.05158990622
3346,1.0,0.0,0.0,0.0,1.0,1.0,0.3018981963,0.3218542098,0.05225032568,0.05225032568
3347,1.0,0.0,0.0,0.0,1.0,1.0,0.297433668,0.3161501857,0.05081135035,0.05081140995
3348,1.0,0.0,0.0,0.0,1.0,1.0,0.3038301495,0.324050967,0.05283898115,0.05283898115
3349,1.0,0.0,0.0,0.0,1.0,1.0,0.2951803795,0.3131812483,0.05031329393,0.05003982782
3350,1.0,0.0,0.0,0.0,1.0,1.0,0.2894382084,0.3104069231,0.04936254025,0.0496352911
3351,1.0,0.0,0.0,0.0,1.0,1.0,0.2937654333,0.3133843907,0.05034005642,0.05061370134
3352,1.0,0.0,0.0,0.0,1.0,1.0,0.2947072979,0.3104069021,0.05012494326,0.0495800972
3353,1.0,0.0,0.0,0.0,1.0,1.0,0.2953620241,0.3110508592,0.05037981272,0.04983520508
3354,1.0,0.0,0.0,0.0,1.0,1.0,0.2921692267,0.3110509542,0.04998242855,0.04998242855
3355,1.0,0.0,0.0,0.0,1.0,1.0,0.2899022555,0.3042518142,0.04965776205,0.04910904169
3356,1.0,0.0,0.0,0.0,1.0,1.0,0.2903675346,0.305951645,0.04959356785,0.0493195653
3357,1.0,0.0,0.0,0.0,1.0,1.0,0.2931055707,0.311050905,0.05034536123,0.05034536123
3358,1.0,0.0,0.0,0.0,1.0,1.0,0.293105629,0.3093510825,0.05017513037,0.049900949
3359,1.0,0.0,0.0,0.0,1.0,1.0,0.2996731766,0.3167720998,0.05132609606,0.05105304718
3360,1.0,0.0,0.0,0.0,1.0,1.0,0.3102268223,0.3246485569,0.05310511589,0.05228388309
3361,1.0,0.0,0.0,0.0,1.0,1.0,0.3064097535,0.3234496413,0.0526766777,0.05212515593
3362,1.0,0.0,0.0,0.0,1.0,1.0,0.3065379019,0.3240513761,0.05286061764,0.05231004953
3363,1.0,0.0,0.0,0.0,1.0,1.0,0.306538149,0.3251606834,0.05234104395,0.05179578066
3364,1.0,0.0,0.0,0.0,1.0,1.0,0.3076431914,0.323548066,0.05321496725,0.05266350508
3365,1.0,0.0,0.0,0.0,1.0,1.0,0.3076430335,0.3263481054,0.0526150465,0.05234241486
3366,1.0,0.0,0.0,0.0,1.0,1.0,0.3038301509,0.3195494936,0.0520581007,0.0515101552
3367,1.0,0.0,0.0,0.0,1.0,1.0,0.3044555044,0.3190784657,0.05249875784,0.0519489646
3368,1.0,0.0,0.0,0.0,1.0,1.0,0.3007874167,0.3167723132,0.05221736431,0.05166482925
3369,1.0,0.0,0.0,0.0,1.0,1.0,0.2958346176,0.3144504604,0.05051583052,0.05051589012
3370,1.0,0.0,0.0,0.0,1.0,1.0,0.2960131721,0.3161500496,0.05093234777,0.05093234777
3371,1.0,0.0,0.0,0.0,1.0,1.0,0.293953668,0.3116907189,0.05099213123,0.05071651936
3372,1.0,0.0,0.0,0.0,1.0,1.0,0.2964851838,0.3167724479,0.05080533028,0.05107849836
3373,1.0,0.0,0.0,0.0,1.0,1.0,0.3004650145,0.3190788437,0.05215144157,0.05187702179
3374,1.0,0.0,0.0,0.0,1.0,1.0,0.2903138847,0.3055726691,0.05024498701,0.04969590902
3375,1.0,0.0,0.0,0.0,1.0,1.0,0.2793966597,0.297452934,0.04788184166,0.04788184166
3376,1.0,0.0,0.0,0.0,1.0,1.0,0.2706819548,0.2857992771,0.04653543234,0.04598474503
3377,1.0,0.0,0.0,0.0,1.0,1.0,0.2630953114,0.2755313537,0.04512625933,0.04430085421
3378,1.0,0.0,0.0,0.0,1.0,1.0,0.2642755494,0.2806654474,0.04532450438,0.04504984617
3379,1.0,0.0,0.0,0.0,1.0,1.0,0.2677930344,0.2831184911,0.04612457752,0.04557549953
3380,1.0,0.0,0.0,0.0,1.0,1.0,0.2658771015,0.28215536,0.04558032751,0.04558032751
3381,1.0,0.0,0.0,0.0,1.0,1.0,0.2778003572,0.2916461187,0.0481351018,0.04730516672
3382,1.0,0.0,0.0,0.0,1.0,1.0,0.2715528566,0.2875108434,0.0464823246,0.04620724916
3383,1.0,0.0,0.0,0.0,1.0,1.0,0.2825896878,0.2964447293,0.04840546846,0.04785853624
3384,1.0,0.0,0.0,0.0,1.0,1.0,0.2866987931,0.3035847441,0.04939198494,0.04911607504
3385,1.0,0.0,0.0,0.0,1.0,1.0,0.2862403853,0.299152965,0.04927462339,0.04844880104
3386,1.0,0.0,0.0,0.0,1.0,1.0,0.2821002836,0.2957532053,0.04799151421,0.04771733284
3387,1.0,0.0,0.0,0.0,1.0,1.0,0.2883005481,0.3025520818,0.04958826303,0.0490372777
3388,1.0,0.0,0.0,0.0,1.0,1.0,0.2860140951,0.302236772,0.04843020439,0.04788601398
3389,1.0,0.0,0.0,0.0,1.0,1.0,0.2871590902,0.3063358492,0.0488037467,0.0488037467
3390,1.0,0.0,0.0,0.0,1.0,1.0,0.2883005857,0.3042516065,0.04947459698,0.04919970036
3391,1.0,0.0,0.0,0.0,1.0,1.0,0.2862399392,0.3052900727,0.04881328344,0.04881328344
3392,1.0,0.0,0.0,0.0,1.0,1.0,0.2903675571,0.3087013226,0.04940736294,0.04940736294
3393,1.0,0.0,0.0,0.0,1.0,1.0,0.2887631133,0.304251699,0.05022323132,0.04994422197
3394,1.0,0.0,0.0,0.0,1.0,1.0,0.2811935351,0.2994903855,0.04815363884,0.04815363884
3395,1.0,0.0,0.0,0.0,1.0,1.0,0.2974340835,0.3076510763,0.05104678869,0.04967451096
3396,1.0,0.0,0.0,0.0,1.0,1.0,0.2892273451,0.3018791615,0.04931563139,0.04849374294
3397,1.0,0.0,0.0,0.0,1.0,1.0,0.28762083,0.3001738272,0.04981857538,0.04898363352
3398,1.0,0.0,0.0,0.0,1.0,1.0,0.2913027885,0.3069961757,0.04991346598,0.04963773489
3399,1.0,0.0,0.0,0.0,1.0,1.0,0.2910372964,0.309758562,0.05028766394,0.05001139641
3400,1.0,0.0,0.0,0.0,1.0,1.0,0.2958347687,0.3089491358,0.05018854141,0.04964596033
3401,1.0,0.0,0.0,0.0,1.0,1.0,0.2905726464,0.3093511372,0.04976421595,0.04976421595
3402,1.0,0.0,0.0,0.0,1.0,1.0,0.2942357095,0.3110508526,0.05084455013,0.050568223
3403,1.0,0.0,0.0,0.0,1.0,1.0,0.2991960682,0.3133843831,0.05141478777,0.05059432983
3404,1.0,0.0,0.0,0.0,1.0,1.0,0.2932970043,0.312325548,0.05014204979,0.05041456223
3405,1.0,0.0,0.0,0.0,1.0,1.0,0.2948912153,0.3116902994,0.05003714561,0.04976665974
3406,1.0,0.0,0.0,0.0,1.0,1.0,0.3030053559,0.3201604108,0.05188316107,0.05133992434
3407,1.0,0.0,0.0,0.0,1.0,1.0,0.2941394196,0.3142057707,0.050824821,0.05137133598
3408,1.0,0.0,0.0,0.0,1.0,1.0,0.2932970661,0.313384283,0.05010855198,0.0503808856
3409,1.0,0.0,0.0,0.0,1.0,1.0,0.2934867012,0.3140137111,0.05028229952,0.0505540967
3410,1.0,0.0,0.0,0.0,1.0,1.0,0.2953623028,0.3133841325,0.05036836863,0.05036830902
3411,1.0,0.0,0.0,0.0,1.0,1.0,0.2964850181,0.315078157,0.05116552114,0.05116552114
3412,1.0,0.0,0.0,0.0,1.0,1.0,0.293674995,0.3135835592,0.0499881506,0.05025690794
3413,1.0,0.0,0.0,0.0,1.0,1.0,0.2953622958,0.3133844732,0.0505271554,0.0505271554
3414,1.0,0.0,0.0,0.0,1.0,1.0,0.289646991,0.3049141404,0.04999661446,0.04944717884
3415,1.0,0.0,0.0,0.0,1.0,1.0,0.2875977198,0.3032205326,0.04931867123,0.04877370596
3416,1.0,0.0,0.0,0.0,1.0,1.0,0.2839686526,0.3032203762,0.04848539829,0.04848533869
3417,1.0,0.0,0.0,0.0,1.0,1.0,0.2832812339,0.301879119,0.04849725962,0.04822480679
3418,1.0,0.0,0.0,0.0,1.0,1.0,0.2787666068,0.2954431946,0.0474820137,0.04721224308
3419,1.0,0.0,0.0,0.0,1.0,1.0,0.2703803336,0.2884985979,0.04634720087,0.04634720087
3420,1.0,0.0,0.0,0.0,1.0,1.0,0.2746068781,0.2906542704,0.04701459408,0.04674130678
3421,1.0,0.0,0.0,0.0,1.0,1.0,0.2732972014,0.2906538869,0.04665839672,0.04638713598
3422,1.0,0.0,0.0,0.0,1.0,1.0,0.2731593016,0.2872544798,0.04707616568,0.0467992425
3423,1.0,0.0,0.0,0.0,1.0,1.0,0.2777999629,0.2967628016,0.04735255241,0.04735261202
3424,1.0,0.0,0.0,0.0,1.0,1.0,0.272141296,0.2906539379,0.04668533802,0.04668527842
3425,1.0,0.0,0.0,0.0,1.0,1.0,0.2734473792,0.2899405096,0.04710656404,0.04683107138
3426,1.0,0.0,0.0,0.0,1.0,1.0,0.2754871445,0.2933515358,0.04672312737,0.04672312737
3427,1.0,0.0,0.0,0.0,1.0,1.0,0.2782446817,0.2974528312,0.04798281193,0.04825854301
3428,1.0,0.0,0.0,0.0,1.0,1.0,0.2782448781,0.2950572327,0.04709327221,0.04682260752
3429,1.0,0.0,0.0,0.0,1.0,1.0,0.2727208217,0.2875107397,0.04650211334,0.04595506191
3430,1.0,0.0,0.0,0.0,1.0,1.0,0.278951355,0.2957533234,0.04741430283,0.04714334011
3431,1.0,0.0,0.0,0.0,1.0,1.0,0.2768181511,0.2953678563,0.04731428623,0.04731428623
3432,1.0,0.0,0.0,0.0,1.0,1.0,0.2763731275,0.2926445299,0.04683059454,0.04655826092
3433,1.0,0.0,0.0,0.0,1.0,1.0,0.2795864775,0.2933513464,0.04811692238,0.04756385088
3434,1.0,0.0,0.0,0.0,1.0,1.0,0.2860137977,0.3022368091,0.04943364859,0.04887825251
3435,1.0,0.0,0.0,0.0,1.0,1.0,0.2793268796,0.2953678652,0.04760813713,0.04733300209
3436,1.0,0.0,0.0,0.0,1.0,1.0,0.2703803073,0.2806652558,0.04587334394,0.04478114843
3437,1.0,0.0,0.0,0.0,1.0,1.0,0.2623336197,0.2738197534,0.04448509216,0.04366630316
3438,1.0,0.0,0.0,0.0,1.0,1.0,0.2607241324,0.2686855925,0.04465419054,0.04327595234
3439,1.0,0.0,0.0,0.0,1.0,1.0,0.2692044269,0.2867812663,0.04612970352,0.04612970352
3440,1.0,0.0,0.0,0.0,1.0,1.0,0.2623334419,0.2764780728,0.04485827684,0.04430788755
3441,1.0,0.0,0.0,0.0,1.0,1.0,0.2603049754,0.2703970808,0.04453504086,0.04343539476
3442,1.0,0.0,0.0,0.0,1.0,1.0,0.2679082094,0.2789536435,0.04542130232,0.04433333874
3443,1.0,0.0,0.0,0.0,1.0,1.0,0.2643686179,0.2764777359,0.04495322704,0.04413086176
3444,1.0,0.0,0.0,0.0,1.0,1.0,0.2615663092,0.2764780826,0.04405605793,0.04378414154
3445,1.0,0.0,0.0,0.0,1.0,1.0,0.2664098765,0.2799123622,0.04524856806,0.04470014572
3446,1.0,0.0,0.0,0.0,1.0,1.0,0.2731595271,0.2848237031,0.0470739007,0.04624313116
3447,1.0,0.0,0.0,0.0,1.0,1.0,0.2747660411,0.2899404941,0.04708260298,0.04680728912
3448,1.0,0.0,0.0,0.0,1.0,1.0,0.2727210752,0.2882346041,0.04655605555,0.0462821126
3449,1.0,0.0,0.0,0.0,1.0,1.0,0.2715525495,0.2877701352,0.04695361853,0.04639792442
3450,1.0,0.0,0.0,0.0,1.0,1.0,0.2756522362,0.2929399443,0.04698610306,0.04671138525
3451,1.0,0.0,0.0,0.0,1.0,1.0,0.2800368823,0.2926446516,0.04749172926,0.04667288065
3452,1.0,0.0,0.0,0.0,1.0,1.0,0.2759296308,0.2926450947,0.04762023687,0.0473433733
3453,1.0,0.0,0.0,0.0,1.0,1.0,0.2837330885,0.2974530838,0.04878413677,0.0479619503
3454,1.0,0.0,0.0,0.0,1.0,1.0,0.2798436404,0.2940537599,0.04796093702,0.04741287231
3455,1.0,0.0,0.0,0.0,1.0,1.0,0.2892277966,0.301879428,0.04992794991,0.04909580946
3456,1.0,0.0,0.0,0.0,1.0,1.0,0.2899019898,0.3018792007,0.04947990179,0.04838645458
3457,1.0,0.0,0.0,0.0,1.0,1.0,0.2947070762,0.3087010862,0.05054038763,0.04971635342
3458,1.0,0.0,0.0,0.0,1.0,1.0,0.2931056759,0.3076512343,0.0498611331,0.04931616783
3459,1.0,0.0,0.0,0.0,1.0,1.0,0.286013759,0.3018792817,0.04913914204,0.04886311293
3460,1.0,0.0,0.0,0.0,1.0,1.0,0.2899020156,0.3059519696,0.05005019903,0.04977375269
3461,1.0,0.0,0.0,0.0,1.0,1.0,0.2937657665,0.3106375215,0.05043900013,0.05043900013
3462,1.0,0.0,0.0,0.0,1.0,1.0,0.294235564,0.3161501887,0.05085480213,0.05140763521
3463,1.0,0.0,0.0,0.0,1.0,1.0,0.2995122025,0.3206402807,0.05160015821,0.05187612772
3464,1.0,0.0,0.0,0.0,1.0,1.0,0.303830399,0.3280480812,0.05176353455,0.05258083344
3465,1.0,0.0,0.0,0.0,1.0,1.0,0.3080143112,0.3297477539,0.05251973867,0.0530667901
3466,1.0,0.0,0.0,0.0,1.0,1.0,0.3032014334,0.3263484175,0.05175441504,0.05257594585
3467,1.0,0.0,0.0,0.0,1.0,1.0,0.3022312712,0.3207669965,0.05201637745,0.0522916317
3468,1.0,0.0,0.0,0.0,1.0,1.0,0.2972617347,0.3172287861,0.05128020048,0.05155736208
3469,1.0,0.0,0.0,0.0,1.0,1.0,0.3011138621,0.3206399807,0.05163043737,0.05163043737
3470,1.0,0.0,0.0,0.0,1.0,1.0,0.2949966312,0.3148924582,0.05045264959,0.05072832108
3471,1.0,0.0,0.0,0.0,1.0,1.0,0.2901604777,0.310407212,0.04934799671,0.04989635944
3472,1.0,0.0,0.0,0.0,1.0,1.0,0.2945217312,0.3138180922,0.05020034313,0.05047464371
3473,1.0,0.0,0.0,0.0,1.0,1.0,0.2963086422,0.3133843549,0.05086386204,0.05086392164
3474,1.0,0.0,0.0,0.0,1.0,1.0,0.2926368716,0.3116904043,0.05068516731,0.05096209049
3475,1.0,0.0,0.0,0.0,1.0,1.0,0.2931056708,0.310637402,0.05038285255,0.05065816641
3476,1.0,0.0,0.0,0.0,1.0,1.0,0.2960127773,0.3106373111,0.05141222477,0.05085945129
3477,1.0,0.0,0.0,0.0,1.0,1.0,0.2955424048,0.3173900374,0.05080711842,0.05135339499
3478,1.0,0.0,0.0,0.0,1.0,1.0,0.2889760427,0.3083023228,0.04931670427,0.0495891571
3479,1.0,0.0,0.0,0.0,1.0,1.0,0.2934871851,0.3123255099,0.05107706785,0.05107700825
3480,1.0,0.0,0.0,0.0,1.0,1.0,0.2917031364,0.3123255612,0.049477458,0.05001819134
3481,1.0,0.0,0.0,0.0,1.0,1.0,0.2917032316,0.3106374706,0.04982423782,0.05009651184
3482,1.0,0.0,0.0,0.0,1.0,1.0,0.2912388164,0.3116904281,0.05034142733,0.05061650276
3483,1.0,0.0,0.0,0.0,1.0,1.0,0.2934869594,0.3157023657,0.05116724968,0.05172044039
3484,1.0,0.0,0.0,0.0,1.0,1.0,0.2944216325,0.3129567283,0.05073225498,0.05100649595
3485,1.0,0.0,0.0,0.0,1.0,1.0,0.2939535015,0.3167721828,0.05102199316,0.05157357454
3486,1.0,0.0,0.0,0.0,1.0,1.0,0.2966596274,0.3184661991,0.05104464293,0.0513176322
3487,1.0,0.0,0.0,0.0,1.0,1.0,0.2960130716,0.315702285,0.05061662197,0.05088877678
3488,1.0,0.0,0.0,0.0,1.0,1.0,0.294235448,0.3133842059,0.05057644844,0.05085134506
3489,1.0,0.0,0.0,0.0,1.0,1.0,0.2944213851,0.3140138565,0.05025440454,0.05052608252
3490,1.0,0.0,0.0,0.0,1.0,1.0,0.2971314457,0.3173902627,0.05097597837,0.05124855042
3491,1.0,0.0,0.0,0.0,1.0,1.0,0.2968326842,0.3135831122,0.05092597008,0.05065506697
3492,1.0,0.0,0.0,0.0,1.0,1.0,0.2944217565,0.3123254109,0.05052828789,0.05052822828
3493,1.0,0.0,0.0,0.0,1.0,1.0,0.2955423768,0.3140137069,0.05051791668,0.05051791668
3494,1.0,0.0,0.0,0.0,1.0,1.0,0.2853270651,0.3021960857,0.04906517267,0.04906517267
3495,1.0,0.0,0.0,0.0,1.0,1.0,0.2899023562,0.3087015637,0.04904359579,0.04904359579
3496,1.0,0.0,0.0,0.0,1.0,1.0,0.292169243,0.3099964996,0.04956644773,0.04956644773
3497,1.0,0.0,0.0,0.0,1.0,1.0,0.2942355214,0.3110507605,0.05059528351,0.05032032728
3498,1.0,0.0,0.0,0.0,1.0,1.0,0.2778002791,0.2937546993,0.04766833782,0.04766827822
3499,1.0,0.0,0.0,0.0,1.0,1.0,0.2807954454,0.2978133899,0.04774320126,0.04774320126
3500,1.0,0.0,0.0,0.0,1.0,1.0,0.2686501841,0.2804557141,0.04569709301,0.04488104582
3501,1.0,0.0,0.0,0.0,1.0,1.0,0.2730103512,0.2875103895,0.0470303297,0.04620522261
3502,1.0,0.0,0.0,0.0,1.0,1.0,0.2734473342,0.2865295968,0.04678797722,0.04596716166
3503,1.0,0.0,0.0,0.0,1.0,1.0,0.2718481368,0.28994044,0.04633527994,0.04633527994
3504,1.0,0.0,0.0,0.0,1.0,1.0,0.2805451212,0.298138647,0.04853916168,0.04853916168
3505,1.0,0.0,0.0,0.0,1.0,1.0,0.2816899799,0.2991524979,0.04850041866,0.04822635651
3506,1.0,0.0,0.0,0.0,1.0,1.0,0.2912386871,0.3099964391,0.05022901297,0.05022901297
3507,1.0,0.0,0.0,0.0,1.0,1.0,0.2921692608,0.3076511071,0.04998409748,0.04943776131
3508,1.0,0.0,0.0,0.0,1.0,1.0,0.288763497,0.3035849962,0.04915457964,0.04860842228
3509,1.0,0.0,0.0,0.0,1.0,1.0,0.2864639733,0.3021960195,0.04929453135,0.04902070761
3510,1.0,0.0,0.0,0.0,1.0,1.0,0.2932973882,0.3099963869,0.04982489347,0.04955404997
3511,1.0,0.0,0.0,0.0,1.0,1.0,0.3061782943,0.3230517428,0.05219954252,0.05192905664
3512,1.0,0.0,0.0,0.0,1.0,1.0,0.3098427476,0.3264171865,0.05299812555,0.05272638798
3513,1.0,0.0,0.0,0.0,1.0,1.0,0.3023788944,0.3167722686,0.05258852243,0.05175817013
3514,1.0,0.0,0.0,0.0,1.0,1.0,0.3061781511,0.3207670203,0.05271655321,0.05189716816
3515,1.0,0.0,0.0,0.0,1.0,1.0,0.3045918892,0.3213693852,0.05146116018,0.0511931181
3516,1.0,0.0,0.0,0.0,1.0,1.0,0.3050760418,0.3196867819,0.05288410187,0.05233323574
3517,1.0,0.0,0.0,0.0,1.0,1.0,0.3039705721,0.3190787688,0.05133265257,0.05079513788
3518,1.0,0.0,0.0,0.0,1.0,1.0,0.3041089238,0.319686911,0.05231547356,0.05177056789
3519,1.0,0.0,0.0,0.0,1.0,1.0,0.3045916306,0.321369074,0.05176985264,0.05150020123
3520,1.0,0.0,0.0,0.0,1.0,1.0,0.2998324066,0.319078427,0.05241400003,0.05241400003
3521,1.0,0.0,0.0,0.0,1.0,1.0,0.3003092893,0.320766703,0.05074542761,0.05101388693
3522,1.0,0.0,0.0,0.0,1.0,1.0,0.3012672337,0.3157019426,0.05242115259,0.05186641216
3523,1.0,0.0,0.0,0.0,1.0,1.0,0.2990330447,0.3201601823,0.05024200678,0.05077934265
3524,1.0,0.0,0.0,0.0,1.0,1.0,0.3071536046,0.3235478663,0.05282825232,0.05228072405
3525,1.0,0.0,0.0,0.0,1.0,1.0,0.3038303767,0.3201600919,0.05180543661,0.05153274536
3526,1.0,0.0,0.0,0.0,1.0,1.0,0.3044551648,0.3218540339,0.05151259899,0.05124288797
3527,1.0,0.0,0.0,0.0,1.0,1.0,0.3012673795,0.3201604758,0.0511431694,0.0511431694
3528,1.0,0.0,0.0,0.0,1.0,1.0,0.2995119033,0.311050564,0.05110031366,0.05000728369
3529,1.0,0.0,0.0,0.0,1.0,1.0,0.3075206342,0.3240512064,0.052128613,0.05158561468
3530,1.0,0.0,0.0,0.0,1.0,1.0,0.3020822218,0.3161503129,0.05104517937,0.05050218105
3531,1.0,0.0,0.0,0.0,1.0,1.0,0.2961308245,0.3104070616,0.05016225576,0.04961705208
3532,1.0,0.0,0.0,0.0,1.0,1.0,0.304530192,0.317064243,0.051222682,0.05013281107
3533,1.0,0.0,0.0,0.0,1.0,1.0,0.3110093551,0.3250780184,0.05265522003,0.05155825615
3534,1.0,0.0,0.0,0.0,1.0,1.0,0.3071455406,0.3210011141,0.05154550076,0.05045455694
3535,1.0,0.0,0.0,0.0,1.0,1.0,0.3043904399,0.3157958893,0.05029469728,0.04894989729
3536,1.0,0.0,0.0,0.0,1.0,1.0,0.3060179159,0.317531051,0.05124163628,0.04987883568
3537,1.0,0.0,0.0,0.0,1.0,1.0,0.3092737371,0.321001037,0.0518630743,0.05049818754
3538,1.0,0.0,0.0,0.0,1.0,1.0,0.2950260725,0.3064493772,0.04811185598,0.04757130146
3539,1.0,0.0,0.0,0.0,1.0,1.0,0.3014979967,0.3180043498,0.04946386814,0.04973721504
3540,1.0,0.0,0.0,0.0,1.0,1.0,0.2946429601,0.3085996926,0.04758948088,0.04758948088
3541,1.0,0.0,0.0,0.0,1.0,1.0,0.3038168169,0.3210012373,0.04928445816,0.04982310534
3542,1.0,0.0,0.0,0.0,1.0,1.0,0.3077752217,0.3216197372,0.05012190342,0.05012190342
3543,1.0,0.0,0.0,0.0,1.0,1.0,0.316572889,0.3319947581,0.05114817619,0.05141597986
3544,1.0,0.0,0.0,0.0,1.0,1.0,0.3109743467,0.3239571008,0.05064558983,0.05091643333
3545,1.0,0.0,0.0,0.0,1.0,1.0,0.3106818318,0.3244716826,0.05109840631,0.05055767298
3546,1.0,0.0,0.0,0.0,1.0,1.0,0.3244092453,0.3354526085,0.05357658863,0.05249416828
3547,1.0,0.0,0.0,0.0,1.0,1.0,0.3194260617,0.3366173817,0.05231785774,0.05231785774
3548,1.0,0.0,0.0,0.0,1.0,1.0,0.3336955911,0.3458277241,0.05507898331,0.05426496267
3549,1.0,0.0,0.0,0.0,1.0,1.0,0.3364621695,0.3482376322,0.05486917496,0.05405831337
3550,1.0,0.0,0.0,0.0,1.0,1.0,0.3276315852,0.3412726645,0.05354839563,0.05300748348
3551,1.0,0.0,0.0,0.0,1.0,1.0,0.3314978563,0.3459608893,0.054443717,0.05363118649
3552,1.0,0.0,0.0,0.0,1.0,1.0,0.3214285519,0.3349194529,0.05242556334,0.0516064167
3553,1.0,0.0,0.0,0.0,1.0,1.0,0.3241432073,0.3373115102,0.05171948671,0.05091136694
3554,1.0,0.0,0.0,0.0,1.0,1.0,0.3230004972,0.3373564257,0.05214309692,0.05105108023
3555,1.0,0.0,0.0,0.0,1.0,1.0,0.3235484511,0.3343458635,0.05181437731,0.05045795441
3556,1.0,0.0,0.0,0.0,1.0,1.0,0.3240975975,0.3367686209,0.05251014233,0.05113554001
3557,1.0,0.0,0.0,0.0,1.0,1.0,0.3211879025,0.3325416691,0.0515281558,0.05015778542
3558,1.0,0.0,0.0,0.0,1.0,1.0,0.319479773,0.3343587228,0.05144935846,0.05062395334
3559,1.0,0.0,0.0,0.0,1.0,1.0,0.3263483166,0.3427690053,0.05320012569,0.05264598131
3560,1.0,0.0,0.0,0.0,1.0,1.0,0.3246053584,0.3385788247,0.05171614885,0.05089950562
3561,1.0,0.0,0.0,0.0,1.0,1.0,0.3165186062,0.3270901959,0.05049419403,0.04939651489
3562,1.0,0.0,0.0,0.0,1.0,1.0,0.3142575117,0.3301073737,0.05039590597,0.04984509945
3563,1.0,0.0,0.0,0.0,1.0,1.0,0.3176922637,0.3313168727,0.05112695694,0.05002146959
3564,1.0,0.0,0.0,0.0,1.0,1.0,0.3176920724,0.3319313508,0.05204194784,0.05119800568
3565,1.0,0.0,0.0,0.0,1.0,1.0,0.3193380611,0.3319317195,0.05108952522,0.05026108027
3566,1.0,0.0,0.0,0.0,1.0,1.0,0.3180040465,0.3263861505,0.05057555437,0.0491861701
3567,1.0,0.0,0.0,0.0,1.0,1.0,0.309931149,0.3183406515,0.04936748743,0.04770344496
3568,1.0,0.0,0.0,0.0,1.0,1.0,0.3169805533,0.324541819,0.05087316036,0.04892718792
3569,1.0,0.0,0.0,0.0,1.0,1.0,0.3180829218,0.3294457045,0.05041265488,0.04903531075
3570,1.0,0.0,0.0,0.0,1.0,1.0,0.3167246681,0.3281753541,0.05125075579,0.05011188984
3571,1.0,0.0,0.0,0.0,1.0,1.0,0.3197514838,0.3312963053,0.05163067579,0.05050212145
3572,1.0,0.0,0.0,0.0,1.0,1.0,0.3168106779,0.3238934845,0.04946178198,0.04782223701
3573,1.0,0.0,0.0,0.0,1.0,1.0,0.3173667839,0.3257441357,0.04964590073,0.04827445745
3574,1.0,0.0,0.0,0.0,1.0,1.0,0.3184063169,0.3232393105,0.04941391945,0.04776674509
3575,1.0,0.0,0.0,0.0,1.0,1.0,0.316810879,0.3306702083,0.05108141899,0.05023473501
3576,1.0,0.0,0.0,0.0,1.0,1.0,0.3226822101,0.3319180361,0.05253493786,0.05111503601
3577,1.0,0.0,0.0,0.0,1.0,1.0,0.3180043347,0.3294454061,0.05070143938,0.04958707094
3578,1.0,0.0,0.0,0.0,1.0,1.0,0.3162570214,0.3226979394,0.05099111795,0.04930078983
3579,1.0,0.0,0.0,0.0,1.0,1.0,0.3186376617,0.3337623181,0.05060619116,0.05005311966
3580,1.0,0.0,0.0,0.0,1.0,1.0,0.3145098414,0.3275949316,0.05164062977,0.0507799387
3581,1.0,0.0,0.0,0.0,1.0,1.0,0.3225711136,0.3312965643,0.05221873522,0.05107736588
3582,1.0,0.0,0.0,0.0,1.0,1.0,0.316077998,0.3225809665,0.04992800951,0.04825443029
3583,1.0,0.0,0.0,0.0,1.0,1.0,0.329041741,0.3405504663,0.05164438486,0.05081582069
3584,1.0,0.0,0.0,0.0,1.0,1.0,0.3231936636,0.3343718271,0.05100208521,0.05044770241
3585,1.0,0.0,0.0,0.0,1.0,1.0,0.3267068497,0.3337620133,0.05275994539,0.05134165287
3586,1.0,0.0,0.0,0.0,1.0,1.0,0.331976392,0.3362092237,0.05328375101,0.05159217119
3587,1.0,0.0,0.0,0.0,1.0,1.0,0.3302351263,0.3349780167,0.05349081755,0.05179274082
3588,1.0,0.0,0.0,0.0,1.0,1.0,0.3384078034,0.3435582681,0.05504983664,0.05333840847
3589,1.0,0.0,0.0,0.0,1.0,1.0,0.3361112795,0.3442519826,0.05303144455,0.05218964815
3590,1.0,0.0,0.0,0.0,1.0,1.0,0.3349195923,0.3429818686,0.05312466621,0.0522813797
3591,1.0,0.0,0.0,0.0,1.0,1.0,0.3343266823,0.3461028336,0.05380988121,0.05324041843
3592,1.0,0.0,0.0,0.0,1.0,1.0,0.331970234,0.3380463568,0.05213236809,0.05102312565
3593,1.0,0.0,0.0,0.0,1.0,1.0,0.3307887494,0.338046689,0.05276232958,0.05191588402
3594,1.0,0.0,0.0,0.0,1.0,1.0,0.3296218671,0.3411380714,0.05309695005,0.0525290966
3595,1.0,0.0,0.0,0.0,1.0,1.0,0.3266727678,0.3343718016,0.05227547884,0.05142772198
3596,1.0,0.0,0.0,0.0,1.0,1.0,0.3225148766,0.3362436153,0.05254119635,0.05225253105
3597,1.0,0.0,0.0,0.0,1.0,1.0,0.3278314225,0.3374981319,0.05269277096,0.05155342817
3598,1.0,0.0,0.0,0.0,1.0,1.0,0.3271877205,0.335633463,0.05084693432,0.05001336336
3599,1.0,0.0,0.0,0.0,1.0,1.0,0.3289978879,0.3381011528,0.05229610205,0.05144804716
3600,1.0,0.0,0.0,0.0,1.0,1.0,0.328997863,0.3430919082,0.05216085911,0.05187886953
3601,1.0,0.0,0.0,0.0,1.0,1.0,0.3337456406,0.3443772598,0.05368739367,0.05311012268
3602,1.0,0.0,0.0,0.0,1.0,1.0,0.3307507376,0.3381570215,0.05209618807,0.05096364021
3603,1.0,0.0,0.0,0.0,1.0,1.0,0.3307375422,0.3419146637,0.05223369598,0.05194830894
3604,1.0,0.0,0.0,0.0,1.0,1.0,0.3252727498,0.3350402784,0.05096977949,0.05040031672
3605,1.0,0.0,0.0,0.0,1.0,1.0,0.327715842,0.3382142516,0.05151623487,0.05066233873
3606,1.0,0.0,0.0,0.0,1.0,1.0,0.3295259485,0.3420142802,0.05167114735,0.0511033535
3607,1.0,0.0,0.0,0.0,1.0,1.0,0.3210547323,0.3325141657,0.05040216446,0.04983270168
3608,1.0,0.0,0.0,0.0,1.0,1.0,0.3215117255,0.3274033007,0.04988408089,0.04874384403
3609,1.0,0.0,0.0,0.0,1.0,1.0,0.3154203304,0.3242465007,0.04882591963,0.04825818539
3610,1.0,0.0,0.0,0.0,1.0,1.0,0.3257849032,0.3318759266,0.05069464445,0.0498354435
3611,1.0,0.0,0.0,0.0,1.0,1.0,0.3182581222,0.3312104441,0.04870426655,0.04870426655
3612,1.0,0.0,0.0,0.0,1.0,1.0,0.3257026789,0.338958025,0.05109274387,0.05109274387
3613,1.0,0.0,0.0,0.0,1.0,1.0,0.3293828637,0.3337976024,0.05093222857,0.04976803064
3614,1.0,0.0,0.0,0.0,1.0,1.0,0.3331470684,0.3429454999,0.05199748278,0.05112111568
3615,1.0,0.0,0.0,0.0,1.0,1.0,0.3281186044,0.3344588355,0.05070716143,0.04954147339
3616,1.0,0.0,0.0,0.0,1.0,1.0,0.321181812,0.3370668669,0.0496596694,0.05024391413
3617,1.0,0.0,0.0,0.0,1.0,1.0,0.3224010006,0.3351070484,0.04984116554,0.05013430119
3618,1.0,0.0,0.0,0.0,1.0,1.0,0.3142186153,0.3253086981,0.04863524437,0.04863524437
3619,1.0,0.0,0.0,0.0,1.0,1.0,0.3169872979,0.324818445,0.04908639193,0.04879760742
3620,1.0,0.0,0.0,0.0,1.0,1.0,0.3184222943,0.3217898231,0.05022913218,0.0493581295
3621,1.0,0.0,0.0,0.0,1.0,1.0,0.3168043424,0.3190526978,0.04897487164,0.048391819
3622,1.0,0.0,0.0,0.0,1.0,1.0,0.3141103009,0.3181816554,0.04825866222,0.04767370224
3623,1.0,0.0,0.0,0.0,1.0,1.0,0.3148144481,0.3130543519,0.04927945137,0.0477951169
3624,1.0,0.0,0.0,0.0,1.0,1.0,0.3112708336,0.309442521,0.04830402136,0.04684907198
3625,1.0,0.0,0.0,0.0,1.0,1.0,0.3161115606,0.3164253038,0.04840165377,0.0475320816
3626,1.0,0.0,0.0,0.0,1.0,1.0,0.3198970971,0.321525817,0.04959964752,0.04871916771
3627,1.0,0.0,0.0,0.0,1.0,1.0,0.3200460298,0.3183550037,0.04986453056,0.04811489582
3628,1.0,0.0,0.0,0.0,1.0,1.0,0.3225813356,0.3197447185,0.05030697584,0.04856216908
3629,1.0,0.0,0.0,0.0,1.0,1.0,0.3115144824,0.305912733,0.04907143116,0.04702675343
3630,1.0,0.0,0.0,0.0,1.0,1.0,0.3018952644,0.2910249653,0.04716855288,0.0445317626
3631,1.0,0.0,0.0,0.0,1.0,1.0,0.2895579389,0.2746554991,0.04597383738,0.04271113873
3632,1.0,0.0,0.0,0.0,1.0,1.0,0.2747991627,0.251782391,0.04209619761,0.03777128458
3633,1.0,0.0,0.0,0.0,1.0,1.0,0.2657691957,0.2440942322,0.04102516174,0.03669148684
3634,1.0,0.0,0.0,0.0,1.0,1.0,0.2706819468,0.2537343659,0.04141241312,0.03793728352
3635,1.0,0.0,0.0,0.0,1.0,1.0,0.254193519,0.2339962426,0.03912341595,0.03497391939
3636,1.0,0.0,0.0,0.0,1.0,1.0,0.2580449745,0.2379620766,0.03960752487,0.0354693532
3637,1.0,0.0,0.0,0.0,1.0,1.0,0.2537045127,0.2282190996,0.038649261,0.03396451473
3638,1.0,0.0,0.0,0.0,1.0,1.0,0.2410415715,0.2164779534,0.03677088022,0.03198766708
3639,1.0,0.0,0.0,0.0,1.0,1.0,0.2361961153,0.2135906504,0.03530347347,0.03092706203
3640,1.0,0.0,0.0,0.0,1.0,1.0,0.2304875773,0.2126911859,0.03398048878,0.03017234802
3641,1.0,0.0,0.0,0.0,1.0,1.0,0.2148898597,0.1936418538,0.03166848421,0.02778464556
3642,1.0,0.0,0.0,0.0,1.0,1.0,0.2111495508,0.1886915001,0.03148853779,0.02729010582
3643,1.0,0.0,0.0,0.0,1.0,1.0,0.2091389906,0.1860889011,0.03077542782,0.02633666992
3644,1.0,0.0,0.0,0.0,1.0,1.0,0.2083002615,0.1803971512,0.03026783466,0.02532023191
3645,1.0,0.0,0.0,0.0,1.0,1.0,0.2026979631,0.1700294937,0.0292455554,0.02374392748
3646,1.0,0.0,0.0,0.0,1.0,1.0,0.2039269343,0.1644912647,0.02979570627,0.02330547571
3647,1.0,0.0,0.0,0.0,1.0,1.0,0.1861310741,0.1568162111,0.0270935297,0.02208709717
3648,1.0,0.0,0.0,0.0,1.0,1.0,0.1886497165,0.1575885165,0.02769738436,0.02239364386
3649,1.0,0.0,0.0,0.0,1.0,1.0,0.1829963687,0.1492941307,0.02636414766,0.02085953951
3650,1.0,0.0,0.0,0.0,1.0,1.0,0.1777663122,0.1509360172,0.02571129799,0.0211403966
3651,1.0,0.0,0.0,0.0,1.0,1.0,0.1847218432,0.1579117364,0.0277889967,0.02310872078
3652,1.0,0.0,0.0,0.0,1.0,1.0,0.1878649016,0.1562832139,0.02864122391,0.02319937944
3653,1.0,0.0,0.0,0.0,1.0,1.0,0.1706364267,0.1411425705,0.02614796162,0.02126318216
3654,1.0,0.0,0.0,0.0,1.0,1.0,0.1677764503,0.1351098459,0.02635866404,0.02069014311
3655,1.0,0.0,0.0,0.0,1.0,1.0,0.1526676916,0.1267673864,0.02391165495,0.01918494701
3656,1.0,0.0,0.0,0.0,1.0,1.0,0.1624967612,0.1321727371,0.02570903301,0.02018022537
3657,1.0,0.0,0.0,0.0,1.0,1.0,0.158448144,0.125829203,0.02543902397,0.0195685029
3658,1.0,0.0,0.0,0.0,1.0,1.0,0.1462177843,0.1227074393,0.02379798889,0.01931840181
3659,1.0,0.0,0.0,0.0,1.0,1.0,0.1398182895,0.1222338224,0.0228433013,0.0191770792
3660,1.0,0.0,0.0,0.0,1.0,1.0,0.1519011881,0.1231455357,0.02498662472,0.01959180832
3661,1.0,0.0,0.0,0.0,1.0,1.0,0.15481899,0.1315990872,0.0258281827,0.02123647928
3662,1.0,0.0,0.0,0.0,1.0,1.0,0.1540236199,0.1342005872,0.02559697628,0.0216152072
3663,1.0,0.0,0.0,0.0,1.0,1.0,0.1530986352,0.1240443251,0.02511614561,0.01975429058
3664,1.0,0.0,0.0,0.0,1.0,1.0,0.146514989,0.1284995198,0.02379840612,0.02039861679
3665,1.0,0.0,0.0,0.0,1.0,1.0,0.1480010203,0.1307514421,0.02415657043,0.02074623108
3666,1.0,0.0,0.0,0.0,1.0,1.0,0.1485183788,0.1294241092,0.02405923605,0.02037960291
3667,1.0,0.0,0.0,0.0,1.0,1.0,0.1447469397,0.1325426424,0.02378875017,0.02095675468
3668,1.0,0.0,0.0,0.0,1.0,1.0,0.1487060796,0.1280421265,0.02416688204,0.02023267746
3669,1.0,0.0,0.0,0.0,1.0,1.0,0.1354304147,0.1351558457,0.02204144001,0.02120441198
3670,1.0,0.0,0.0,0.0,1.0,1.0,0.1240687449,0.1240312848,0.02007478476,0.01923829317
3671,1.0,0.0,0.0,0.0,1.0,1.0,0.1242914226,0.1267149528,0.02023905516,0.01968461275
3672,1.0,0.0,0.0,0.0,1.0,1.0,0.1240802438,0.1244855688,0.0199791193,0.01915806532
3673,1.0,0.0,0.0,0.0,1.0,1.0,0.1245095714,0.1244920725,0.02032703161,0.0195029974
3674,1.0,0.0,0.0,0.0,1.0,1.0,0.1268328878,0.1271374328,0.02050453424,0.01968431473
3675,1.0,0.0,0.0,0.0,1.0,1.0,0.1266185045,0.1240441463,0.02068686485,0.01930773258
3676,1.0,0.0,0.0,0.0,1.0,1.0,0.1266187673,0.1271373079,0.02059161663,0.01976788044
3677,1.0,0.0,0.0,0.0,1.0,1.0,0.1384364822,0.1306690233,0.022539258,0.02034026384
3678,1.0,0.0,0.0,0.0,1.0,1.0,0.1358301351,0.1266897165,0.02215284109,0.01969140768
3679,1.0,0.0,0.0,0.0,1.0,1.0,0.1240804885,0.1253716928,0.01990354061,0.01935821772
3680,1.0,0.0,0.0,0.0,1.0,1.0,0.1206809507,0.1284996252,0.01943409443,0.01970779896
3681,1.0,0.0,0.0,0.0,1.0,1.0,0.1255665687,0.1258163,0.02029669285,0.01947385073
3682,1.0,0.0,0.0,0.0,1.0,1.0,0.124716576,0.1267149805,0.02024894953,0.0196942091
3683,1.0,0.0,0.0,0.0,1.0,1.0,0.1390975897,0.1307515233,0.02246785164,0.02024883032
3684,1.0,0.0,0.0,0.0,1.0,1.0,0.1305115298,0.1348169924,0.02091872692,0.02064347267
3685,1.0,0.0,0.0,0.0,1.0,1.0,0.1353411485,0.1253780367,0.02210730314,0.01983988285
3686,1.0,0.0,0.0,0.0,1.0,1.0,0.1305891643,0.1258293131,0.02127230167,0.01985418797
3687,1.0,0.0,0.0,0.0,1.0,1.0,0.1308170115,0.1276266186,0.02110445499,0.01997888088
3688,1.0,0.0,0.0,0.0,1.0,1.0,0.1275512909,0.124479193,0.02079576254,0.01965624094
3689,1.0,0.0,0.0,0.0,1.0,1.0,0.1295250475,0.129891466,0.02097696066,0.02041000128
3690,1.0,0.0,0.0,0.0,1.0,1.0,0.1320999328,0.1235869143,0.02151954174,0.01953750849
3691,1.0,0.0,0.0,0.0,1.0,1.0,0.1295249863,0.1280873936,0.02095681429,0.02010720968
3692,1.0,0.0,0.0,0.0,1.0,1.0,0.1310457057,0.1303620933,0.02130168676,0.02044963837
3693,1.0,0.0,0.0,0.0,1.0,1.0,0.140814895,0.1325423395,0.02285706997,0.02062708139
3694,1.0,0.0,0.0,0.0,1.0,1.0,0.1355764312,0.1294896924,0.02187162638,0.01990878582
3695,1.0,0.0,0.0,0.0,1.0,1.0,0.1465150363,0.1422563495,0.02354955673,0.02186745405
3696,1.0,0.0,0.0,0.0,1.0,1.0,0.1475449974,0.1495515619,0.02302402258,0.02247583866
3697,1.0,0.0,0.0,0.0,1.0,1.0,0.146820586,0.1561626757,0.02262836695,0.02317363024
3698,1.0,0.0,0.0,0.0,1.0,1.0,0.1548684195,0.1572157181,0.0240342617,0.02347534895
3699,1.0,0.0,0.0,0.0,1.0,1.0,0.156106575,0.1559277023,0.02382224798,0.02272695303
3700,1.0,0.0,0.0,0.0,1.0,1.0,0.1481315994,0.1566288606,0.02331745625,0.02359837294
3701,1.0,0.0,0.0,0.0,1.0,1.0,0.1501845181,0.1417119256,0.02282094955,0.02064752579
3702,1.0,0.0,0.0,0.0,1.0,1.0,0.1633191523,0.1411852833,0.02537631989,0.02096307278
3703,1.0,0.0,0.0,0.0,1.0,1.0,0.2377985515,0.2235116251,0.03826069832,0.03410190344
3704,1.0,0.0,0.0,0.0,1.0,1.0,0.2927657985,0.2875584642,0.0474653244,0.04473739862
3705,1.0,0.0,0.0,0.0,1.0,1.0,0.3103444464,0.3134135465,0.0510379076,0.0493914485
3706,1.0,0.0,0.0,0.0,1.0,1.0,0.3025066398,0.296709317,0.04906672239,0.04635584354
3707,1.0,0.0,0.0,0.0,1.0,1.0,0.1618313383,0.1417117001,0.02530688047,0.0211353898
3708,1.0,0.0,0.0,0.0,1.0,1.0,0.153624754,0.1388112165,0.02384471893,0.02055573463
3709,1.0,0.0,0.0,0.0,1.0,1.0,0.2344581648,0.2177356237,0.03832173347,0.03412592411
3710,1.0,0.0,0.0,0.0,1.0,1.0,0.2890946706,0.29077857,0.04883915186,0.04660654068
3711,1.0,0.0,0.0,0.0,1.0,1.0,0.3102265591,0.3213693499,0.05418372154,0.05334585905
3712,1.0,0.0,0.0,0.0,1.0,1.0,0.3268317972,0.3392145029,0.05618727207,0.05564439297
3713,1.0,0.0,0.0,0.0,1.0,1.0,0.3241857982,0.3359051152,0.05603343248,0.05548679829
3714,1.0,0.0,0.0,0.0,1.0,1.0,0.3193765343,0.3265502967,0.05559706688,0.05476725101
3715,1.0,0.0,0.0,0.0,1.0,1.0,0.309953366,0.3220793077,0.05446153879,0.05390584469
3716,1.0,0.0,0.0,0.0,1.0,1.0,0.3081345991,0.3198215413,0.05445235968,0.05417025089
3717,1.0,0.0,0.0,0.0,1.0,1.0,0.3129242313,0.3264842846,0.05554962158,0.05554962158
3718,1.0,0.0,0.0,0.0,1.0,1.0,0.3188696055,0.3309407559,0.05633193254,0.0560516119
3719,1.0,0.0,0.0,0.0,1.0,1.0,0.3145207037,0.3259048414,0.05490124226,0.05434387922
3720,1.0,0.0,0.0,0.0,1.0,1.0,0.2740405567,0.2828927725,0.04685240984,0.04602557421
3721,1.0,0.0,0.0,0.0,1.0,1.0,0.1399925221,0.1377907611,0.02236151695,0.02122932673
3722,1.0,0.0,0.0,0.0,1.0,1.0,0.1465611159,0.1401431876,0.0238429904,0.0218321681
3723,1.0,0.0,0.0,0.0,1.0,1.0,0.1313652527,0.1198595818,0.02098876238,0.01843613386
3724,1.0,0.0,0.0,0.0,1.0,1.0,0.2136738279,0.1988136582,0.03466129303,0.03102743626
3725,1.0,0.0,0.0,0.0,1.0,1.0,0.2853192795,0.2889540756,0.04846888781,0.04762834311
3726,1.0,0.0,0.0,0.0,1.0,1.0,0.306386365,0.3129565303,0.05165725946,0.05138099194
3727,1.0,0.0,0.0,0.0,1.0,1.0,0.3106814681,0.3190785915,0.05132853985,0.05132859945
3728,1.0,0.0,0.0,0.0,1.0,1.0,0.3050246451,0.313583234,0.05150574446,0.05123174191
3729,1.0,0.0,0.0,0.0,1.0,1.0,0.3202720522,0.3287199036,0.05476850271,0.05449324846
3730,1.0,0.0,0.0,0.0,1.0,1.0,0.3137407406,0.3208910874,0.05424237251,0.05368316174
3731,1.0,0.0,0.0,0.0,1.0,1.0,0.3197571359,0.3298158175,0.05445295572,0.0541793108
3732,1.0,0.0,0.0,0.0,1.0,1.0,0.3256606306,0.3325955816,0.0557153821,0.05516648293
3733,1.0,0.0,0.0,0.0,1.0,1.0,0.2958876351,0.2978138994,0.04992216825,0.04909014702
3734,1.0,0.0,0.0,0.0,1.0,1.0,0.1240181773,0.1221540219,0.01935636997,0.01878708601
3735,1.0,0.0,0.0,0.0,1.0,1.0,0.1476654007,0.1502783737,0.02344322205,0.02372908592
3736,1.0,0.0,0.0,0.0,1.0,1.0,0.1412449091,0.1348167339,0.0226995945,0.02155023813
3737,1.0,0.0,0.0,0.0,1.0,1.0,0.1721355481,0.1517008192,0.0279738903,0.02426308393
3738,1.0,0.0,0.0,0.0,1.0,1.0,0.2511163402,0.2412443169,0.04228997231,0.0394705534
3739,1.0,0.0,0.0,0.0,1.0,1.0,0.2853219565,0.2896687237,0.0482891798,0.04718542099
3740,1.0,0.0,0.0,0.0,1.0,1.0,0.276268285,0.2811989053,0.04676878452,0.04566836357
3741,1.0,0.0,0.0,0.0,1.0,1.0,0.1347152032,0.1188013842,0.02123719454,0.01808029413
3742,1.0,0.0,0.0,0.0,1.0,1.0,0.1435561573,0.1443638128,0.0225225091,0.02223742008
3743,1.0,0.0,0.0,0.0,1.0,1.0,0.148662456,0.1235868546,0.0239380002,0.01990026236
3744,1.0,0.0,0.0,0.0,1.0,1.0,0.2325086714,0.2047468143,0.03850138187,0.03390425444
3745,1.0,0.0,0.0,0.0,1.0,1.0,0.286281007,0.2770562956,0.04802030325,0.04631543159
3746,1.0,0.0,0.0,0.0,1.0,1.0,0.3155265252,0.3142060598,0.05350667238,0.05266624689
3747,1.0,0.0,0.0,0.0,1.0,1.0,0.3228717044,0.3270597794,0.05569809675,0.05513828993
3748,1.0,0.0,0.0,0.0,1.0,1.0,0.3282721497,0.3353607757,0.0565264225,0.0565263629
3749,1.0,0.0,0.0,0.0,1.0,1.0,0.3271494254,0.337060313,0.05708760023,0.05737310648
3750,1.0,0.0,0.0,0.0,1.0,1.0,0.3131367513,0.3160486614,0.0538212657,0.05326354504
3751,1.0,0.0,0.0,0.0,1.0,1.0,0.32991263,0.3304075693,0.05692571402,0.05608862638
3752,1.0,0.0,0.0,0.0,1.0,1.0,0.3293616599,0.3292865156,0.05762815475,0.05649262667
3753,1.0,0.0,0.0,0.0,1.0,1.0,0.3201463984,0.3210125904,0.05555278063,0.0547067523
3754,1.0,0.0,0.0,0.0,1.0,1.0,0.328848653,0.3298813058,0.05657970905,0.05602502823
3755,1.0,0.0,0.0,0.0,1.0,1.0,0.3224007324,0.32824782,0.05562591553,0.0559039712
3756,1.0,0.0,0.0,0.0,1.0,1.0,0.3213639969,0.3239231738,0.055732131,0.05545341969
3757,1.0,0.0,0.0,0.0,1.0,1.0,0.3261164988,0.3276859939,0.05703276396,0.05674904585
3758,1.0,0.0,0.0,0.0,1.0,1.0,0.3261166522,0.330407365,0.05600172281,0.05600166321
3759,1.0,0.0,0.0,0.0,1.0,1.0,0.3277392357,0.3309628713,0.05637860298,0.05637860298
3760,1.0,0.0,0.0,0.0,1.0,1.0,0.3218814581,0.3227705402,0.05622172356,0.05537837744
3761,1.0,0.0,0.0,0.0,1.0,1.0,0.3229213847,0.3244089215,0.05564773083,0.05509126186
3762,1.0,0.0,0.0,0.0,1.0,1.0,0.3170530709,0.318901189,0.056022048,0.05516898632
3763,1.0,0.0,0.0,0.0,1.0,1.0,0.3224004366,0.3205445978,0.0570807457,0.0556537509
3764,1.0,0.0,0.0,0.0,1.0,1.0,0.3168962547,0.3170988525,0.05444639921,0.05332958698
3765,1.0,0.0,0.0,0.0,1.0,1.0,0.3147594425,0.3204191944,0.05515670776,0.05487239361
3766,1.0,0.0,0.0,0.0,1.0,1.0,0.2980214641,0.2971312699,0.05154812336,0.05012410879
3767,1.0,0.0,0.0,0.0,1.0,1.0,0.2370692,0.2041113132,0.04052656889,0.03382068872
3768,1.0,0.0,0.0,0.0,1.0,1.0,0.1466088268,0.1102325017,0.02374708652,0.01737588644
3769,1.0,0.0,0.0,0.0,1.0,1.0,0.1956948393,0.1540358488,0.03246665001,0.02492976189
3770,1.0,0.0,0.0,0.0,1.0,1.0,0.2602886238,0.2446909359,0.04384368658,0.03990900517
3771,1.0,0.0,0.0,0.0,1.0,1.0,0.2885827353,0.2910831682,0.0495659709,0.04844582081
3772,1.0,0.0,0.0,0.0,1.0,1.0,0.307892558,0.3158771023,0.05407726765,0.05351102352
3773,1.0,0.0,0.0,0.0,1.0,1.0,0.3149366772,0.3248188227,0.05531537533,0.05503320694
3774,1.0,0.0,0.0,0.0,1.0,1.0,0.3192438083,0.3303801532,0.05558109283,0.05558109283
3775,1.0,0.0,0.0,0.0,1.0,1.0,0.3203951091,0.3287637493,0.05629122257,0.05601119995
3776,1.0,0.0,0.0,0.0,1.0,1.0,0.3246998529,0.3369829186,0.05696928501,0.05696928501
3777,1.0,0.0,0.0,0.0,1.0,1.0,0.3220424965,0.330962593,0.05643641949,0.05615836382
3778,1.0,0.0,0.0,0.0,1.0,1.0,0.3161173644,0.3259767877,0.05460333824,0.05432754755
3779,1.0,0.0,0.0,0.0,1.0,1.0,0.3189707116,0.3303524077,0.05453938246,0.05509877205
3780,1.0,0.0,0.0,0.0,1.0,1.0,0.3239685196,0.3337009009,0.05624866486,0.05652987957
3781,1.0,0.0,0.0,0.0,1.0,1.0,0.3245361225,0.342001573,0.05606770515,0.05746239424
3782,1.0,0.0,0.0,0.0,1.0,1.0,0.3158691755,0.3303801455,0.05428737402,0.05540090799
3783,1.0,0.0,0.0,0.0,1.0,1.0,0.3245363126,0.3353612381,0.05667841434,0.05696040392
3784,1.0,0.0,0.0,0.0,1.0,1.0,0.3299284904,0.3392144865,0.05769467354,0.05769467354
3785,1.0,0.0,0.0,0.0,1.0,1.0,0.320788558,0.3320403854,0.05514442921,0.0554215312
3786,1.0,0.0,0.0,0.0,1.0,1.0,0.3180775851,0.3320403361,0.05479419231,0.05562859774
3787,1.0,0.0,0.0,0.0,1.0,1.0,0.3261507271,0.3375599555,0.05641943216,0.05697804689
3788,1.0,0.0,0.0,0.0,1.0,1.0,0.3239679731,0.3320403067,0.05585181713,0.05585181713
3789,1.0,0.0,0.0,0.0,1.0,1.0,0.317564547,0.3303805065,0.05425006151,0.05480086803
3790,1.0,0.0,0.0,0.0,1.0,1.0,0.3158687659,0.3264845429,0.05425530672,0.05453360081
3791,1.0,0.0,0.0,0.0,1.0,1.0,0.3244943059,0.3342615835,0.05660653114,0.05660653114
3792,1.0,0.0,0.0,0.0,1.0,1.0,0.3218268012,0.3320407041,0.05537641048,0.05565470457
3793,1.0,0.0,0.0,0.0,1.0,1.0,0.3240566322,0.3370211067,0.05626517534,0.05654370785
3794,1.0,0.0,0.0,0.0,1.0,1.0,0.3134248628,0.3226674897,0.05436325073,0.05408591032
3795,1.0,0.0,0.0,0.0,1.0,1.0,0.3118258464,0.3248186499,0.05463641882,0.05463641882
3796,1.0,0.0,0.0,0.0,1.0,1.0,0.3123256826,0.3243221819,0.05386257172,0.05413877964
3797,1.0,0.0,0.0,0.0,1.0,1.0,0.316117319,0.3259770125,0.05476516485,0.0544885993
3798,1.0,0.0,0.0,0.0,1.0,1.0,0.3188012161,0.330940972,0.05519920588,0.05519920588
3799,1.0,0.0,0.0,0.0,1.0,1.0,0.3156968444,0.327631715,0.05487000942,0.05459427834
3800,1.0,0.0,0.0,0.0,1.0,1.0,0.3128269953,0.3208911708,0.05420124531,0.05336737633
3801,1.0,0.0,0.0,0.0,1.0,1.0,0.3177138482,0.3248185073,0.05453491211,0.05343872309
3802,1.0,0.0,0.0,0.0,1.0,1.0,0.3154438406,0.3242336392,0.05387312174,0.0533233881
3803,1.0,0.0,0.0,0.0,1.0,1.0,0.3117228964,0.3198215362,0.05338162184,0.05283135176
3804,1.0,0.0,0.0,0.0,1.0,1.0,0.3213639794,0.3337061588,0.05579912663,0.05552011728
3805,1.0,0.0,0.0,0.0,1.0,1.0,0.3169752353,0.3241432351,0.05403262377,0.05292987823
3806,1.0,0.0,0.0,0.0,1.0,1.0,0.3095043183,0.3173899444,0.05262506008,0.05152869225
3807,1.0,0.0,0.0,0.0,1.0,1.0,0.310004901,0.3235480309,0.05300843716,0.05273228884
3808,1.0,0.0,0.0,0.0,1.0,1.0,0.3123257611,0.3213693495,0.05374330282,0.05264085531
3809,1.0,0.0,0.0,0.0,1.0,1.0,0.3065383113,0.3186140369,0.05254817009,0.05200076103
3810,1.0,0.0,0.0,0.0,1.0,1.0,0.3049415981,0.3142054863,0.05246686935,0.05164271593
3811,1.0,0.0,0.0,0.0,1.0,1.0,0.2544033917,0.2524540784,0.04372411966,0.04145270586
3812,1.0,0.0,0.0,0.0,1.0,1.0,0.1706363971,0.1422561937,0.02784723043,0.02216410637
3813,1.0,0.0,0.0,0.0,1.0,1.0,0.1665736659,0.1438045668,0.02785491943,0.02297312021
3814,1.0,0.0,0.0,0.0,1.0,1.0,0.2049701282,0.1860665549,0.03466981649,0.03008544445
3815,1.0,0.0,0.0,0.0,1.0,1.0,0.2403929438,0.2377143931,0.04161703587,0.03905159235
3816,1.0,0.0,0.0,0.0,1.0,1.0,0.2688935018,0.2770562474,0.0466272831,0.04578465223
3817,1.0,0.0,0.0,0.0,1.0,1.0,0.2931054222,0.3001680815,0.05085319281,0.04974168539
3818,1.0,0.0,0.0,0.0,1.0,1.0,0.3036890111,0.3129567967,0.05246716738,0.05163437128
3819,1.0,0.0,0.0,0.0,1.0,1.0,0.3028614115,0.310862934,0.05316388607,0.05204457045
3820,1.0,0.0,0.0,0.0,1.0,1.0,0.3135190865,0.3242336574,0.05445718765,0.05362790823
3821,1.0,0.0,0.0,0.0,1.0,1.0,0.3039706424,0.3186141237,0.05201107264,0.05173873901
3822,1.0,0.0,0.0,0.0,1.0,1.0,0.3065382591,0.3186139039,0.05306702852,0.05251419544
3823,1.0,0.0,0.0,0.0,1.0,1.0,0.3098427912,0.3208909387,0.05471330881,0.05387157202
3824,1.0,0.0,0.0,0.0,1.0,1.0,0.3146096123,0.3269988294,0.05438566208,0.05356168747
3825,1.0,0.0,0.0,0.0,1.0,1.0,0.3066647009,0.3175483161,0.05312603712,0.05230027437
3826,1.0,0.0,0.0,0.0,1.0,1.0,0.3060493674,0.3192198648,0.05275577307,0.05248099566
3827,1.0,0.0,0.0,0.0,1.0,1.0,0.3054291566,0.3196864898,0.05261826515,0.05234277248
3828,1.0,0.0,0.0,0.0,1.0,1.0,0.297433902,0.3173903575,0.05061912537,0.05116343498
3829,1.0,0.0,0.0,0.0,1.0,1.0,0.3080141584,0.3230518442,0.05265873671,0.05265873671
3830,1.0,0.0,0.0,0.0,1.0,1.0,0.2972616036,0.3123255717,0.0516821146,0.0516821146
3831,1.0,0.0,0.0,0.0,1.0,1.0,0.2974339442,0.3146391703,0.05108475685,0.05135941505
3832,1.0,0.0,0.0,0.0,1.0,1.0,0.29886864,0.3123253022,0.05133897066,0.05106288195
3833,1.0,0.0,0.0,0.0,1.0,1.0,0.3015972954,0.3163216388,0.05215007067,0.05215007067
3834,1.0,0.0,0.0,0.0,1.0,1.0,0.3102268489,0.3297820983,0.05299681425,0.05354315042
3835,1.0,0.0,0.0,0.0,1.0,1.0,0.304317057,0.3196869498,0.05238318443,0.05238324404
3836,1.0,0.0,0.0,0.0,1.0,1.0,0.3022312359,0.321369447,0.05174046755,0.05228799582
3837,1.0,0.0,0.0,0.0,1.0,1.0,0.3006319075,0.3169371588,0.05232095718,0.05259931087
3838,1.0,0.0,0.0,0.0,1.0,1.0,0.2995122446,0.3146391049,0.05132645369,0.05132645369
3839,1.0,0.0,0.0,0.0,1.0,1.0,0.3012670345,0.3192197947,0.0514344573,0.05197876692
3840,1.0,0.0,0.0,0.0,1.0,1.0,0.2990329858,0.318004303,0.05196875334,0.05252456665
3841,1.0,0.0,0.0,0.0,1.0,1.0,0.2980791761,0.3196868774,0.05146515369,0.05229079723
3842,1.0,0.0,0.0,0.0,1.0,1.0,0.3011139934,0.3135830926,0.0522877574,0.05200958252
3843,1.0,0.0,0.0,0.0,1.0,1.0,0.2935760102,0.3112741074,0.05097615719,0.0515332818
3844,1.0,0.0,0.0,0.0,1.0,1.0,0.2966085743,0.3140139516,0.05045968294,0.05100816488
3845,1.0,0.0,0.0,0.0,1.0,1.0,0.2999930681,0.3123255512,0.05120325089,0.05065560341
3846,1.0,0.0,0.0,0.0,1.0,1.0,0.2919718839,0.3099965052,0.05053162575,0.05080926418
3847,1.0,0.0,0.0,0.0,1.0,1.0,0.2894821877,0.3049143891,0.04940611124,0.04968214035
3848,1.0,0.0,0.0,0.0,1.0,1.0,0.2956547257,0.3184661819,0.05095338821,0.05206108093
3849,1.0,0.0,0.0,0.0,1.0,1.0,0.2977401734,0.3106375181,0.05130583048,0.05102854967
3850,1.0,0.0,0.0,0.0,1.0,1.0,0.2991857555,0.314013523,0.05082207918,0.05109673738
3851,1.0,0.0,0.0,0.0,1.0,1.0,0.2966088883,0.3089489998,0.05081123114,0.05053502321
3852,1.0,0.0,0.0,0.0,1.0,1.0,0.2982202638,0.3129566291,0.05161422491,0.05189329386
3853,1.0,0.0,0.0,0.0,1.0,1.0,0.2933847083,0.3055728903,0.05153375864,0.05125063658
3854,1.0,0.0,0.0,0.0,1.0,1.0,0.3012904744,0.3178499109,0.05165743828,0.05193519592
3855,1.0,0.0,0.0,0.0,1.0,1.0,0.2969123682,0.3116904362,0.05105376244,0.05133271217
3856,1.0,0.0,0.0,0.0,1.0,1.0,0.2975684669,0.3161500043,0.05211633444,0.05268281698
3857,1.0,0.0,0.0,0.0,1.0,1.0,0.3035464015,0.3229488,0.05209922791,0.05265343189
3858,1.0,0.0,0.0,0.0,1.0,1.0,0.3040375505,0.3157019404,0.05192637444,0.05165010691
3859,1.0,0.0,0.0,0.0,1.0,1.0,0.3057873127,0.3241434269,0.05297392607,0.05353158712
3860,1.0,0.0,0.0,0.0,1.0,1.0,0.2999957518,0.3138181136,0.0516667366,0.0516667366
3861,1.0,0.0,0.0,0.0,1.0,1.0,0.2952895795,0.3110504819,0.05088323355,0.05116277933
3862,1.0,0.0,0.0,0.0,1.0,1.0,0.2941445665,0.3131813387,0.05055165291,0.05111026764
3863,1.0,0.0,0.0,0.0,1.0,1.0,0.2955864902,0.3069958115,0.05024296045,0.04996538162
3864,1.0,0.0,0.0,0.0,1.0,1.0,0.2973949222,0.3083024525,0.05133259296,0.05105209351
3865,1.0,0.0,0.0,0.0,1.0,1.0,0.3012902407,0.3150784618,0.05249142647,0.05249148607
3866,1.0,0.0,0.0,0.0,1.0,1.0,0.3062808527,0.3180042493,0.05353283882,0.05325102806
3867,1.0,0.0,0.0,0.0,1.0,1.0,0.2996703856,0.3150783569,0.05190843344,0.0521890521
3868,1.0,0.0,0.0,0.0,1.0,1.0,0.2990197476,0.3123254253,0.05156511068,0.05184537172
3869,1.0,0.0,0.0,0.0,1.0,1.0,0.3034021146,0.3180040716,0.05260127783,0.05316382647
3870,1.0,0.0,0.0,0.0,1.0,1.0,0.3008030124,0.315701905,0.05268061161,0.05296379328
3871,1.0,0.0,0.0,0.0,1.0,1.0,0.3048869802,0.3167724813,0.05207049847,0.05207049847
3872,1.0,0.0,0.0,0.0,1.0,1.0,0.3034019056,0.3140138346,0.05217587948,0.05189687014
3873,1.0,0.0,0.0,0.0,1.0,1.0,0.3006448187,0.3116905055,0.05186122656,0.05158096552
3874,1.0,0.0,0.0,0.0,1.0,1.0,0.3001568848,0.3138182463,0.05197256804,0.05169171095
3875,1.0,0.0,0.0,0.0,1.0,1.0,0.3016262152,0.3150781799,0.05195915699,0.05223995447
3876,1.0,0.0,0.0,0.0,1.0,1.0,0.2916405933,0.303584589,0.05025959015,0.05025953054
3877,1.0,0.0,0.0,0.0,1.0,1.0,0.2972196952,0.3097584052,0.05023276806,0.04995673895
3878,1.0,0.0,0.0,0.0,1.0,1.0,0.2960704217,0.3069958279,0.0508903861,0.050609231
3879,1.0,0.0,0.0,0.0,1.0,1.0,0.2937605569,0.3018788355,0.05065697432,0.050090909
3880,1.0,0.0,0.0,0.0,1.0,1.0,0.2967346174,0.3015265965,0.0509904027,0.04986977577
3881,1.0,0.0,0.0,0.0,1.0,1.0,0.2965559713,0.3042518052,0.05067443848,0.05011445284
3882,1.0,0.0,0.0,0.0,1.0,1.0,0.2978792138,0.3093510708,0.0510584712,0.05077946186
3883,1.0,0.0,0.0,0.0,1.0,1.0,0.3026132407,0.3133841282,0.05121099949,0.05121099949
3884,1.0,0.0,0.0,0.0,1.0,1.0,0.2831752015,0.281092801,0.04833775759,0.04606300592
3885,1.0,0.0,0.0,0.0,1.0,1.0,0.26212111,0.2393768585,0.04420047998,0.03906750679
3886,1.0,0.0,0.0,0.0,1.0,1.0,0.2460427404,0.2226825791,0.04151719809,0.03636330366
3887,1.0,0.0,0.0,0.0,1.0,1.0,0.2455966961,0.2154274484,0.04179102182,0.03540629148
3888,1.0,0.0,0.0,0.0,1.0,1.0,0.2421854874,0.2108754454,0.04087716341,0.03425627947
3889,1.0,0.0,0.0,0.0,1.0,1.0,0.2385224089,0.2079259529,0.04054325819,0.03397637606
3890,1.0,0.0,0.0,0.0,1.0,1.0,0.2422890434,0.2159075222,0.0417881012,0.03598421812
3891,1.0,0.0,0.0,0.0,1.0,1.0,0.2452413632,0.2159072812,0.041672647,0.03539317846
3892,1.0,0.0,0.0,0.0,1.0,1.0,0.2427457146,0.2230589103,0.04043614864,0.03597420454
3893,1.0,0.0,0.0,0.0,1.0,1.0,0.2506958832,0.226677245,0.04232311249,0.03724431992
3894,1.0,0.0,0.0,0.0,1.0,1.0,0.24328514,0.2283947205,0.04110997915,0.03694343567
3895,1.0,0.0,0.0,0.0,1.0,1.0,0.242487746,0.2276125874,0.04100245237,0.03684675694
3896,1.0,0.0,0.0,0.0,1.0,1.0,0.2351628544,0.2200136874,0.04032033682,0.03612029552
3897,1.0,0.0,0.0,0.0,1.0,1.0,0.232657014,0.2171199787,0.0396116972,0.03514838219
3898,1.0,0.0,0.0,0.0,1.0,1.0,0.2268468983,0.2136738002,0.03831189871,0.03442519903
3899,1.0,0.0,0.0,0.0,1.0,1.0,0.2339120573,0.2266775993,0.03952246904,0.03648227453
3900,1.0,0.0,0.0,0.0,1.0,1.0,0.2301347837,0.2188434689,0.03874862194,0.03515052795
3901,1.0,0.0,0.0,0.0,1.0,1.0,0.2454203335,0.2464841515,0.04173231125,0.04008501768
3902,1.0,0.0,0.0,0.0,1.0,1.0,0.2558570175,0.2649523256,0.04358482361,0.04303997755
3903,1.0,0.0,0.0,0.0,1.0,1.0,0.2798436041,0.2974927748,0.04767143726,0.04848867655
3904,1.0,0.0,0.0,0.0,1.0,1.0,0.2807421574,0.3001676748,0.04769444466,0.048784554
3905,1.0,0.0,0.0,0.0,1.0,1.0,0.2919717062,0.309591246,0.04978251457,0.050329566
3906,1.0,0.0,0.0,0.0,1.0,1.0,0.2963088257,0.3163214523,0.0505887866,0.05140912533
3907,1.0,0.0,0.0,0.0,1.0,1.0,0.2966596251,0.3148238923,0.05109542608,0.05164188147
3908,1.0,0.0,0.0,0.0,1.0,1.0,0.3014189959,0.324233402,0.05157572031,0.05266147852
3909,1.0,0.0,0.0,0.0,1.0,1.0,0.3022313721,0.3192198285,0.05138170719,0.05192542076
3910,1.0,0.0,0.0,0.0,1.0,1.0,0.3047268964,0.3253993865,0.05249500275,0.05331099033
3911,1.0,0.0,0.0,0.0,1.0,1.0,0.307399093,0.3270602439,0.05350899696,0.05405789614
3912,1.0,0.0,0.0,0.0,1.0,1.0,0.3072769052,0.3259050708,0.05221623182,0.0524854064
3913,1.0,0.0,0.0,0.0,1.0,1.0,0.2998325902,0.3208909856,0.05091559887,0.05172377825
3914,1.0,0.0,0.0,0.0,1.0,1.0,0.3018983585,0.3198213845,0.05142974854,0.05197107792
3915,1.0,0.0,0.0,0.0,1.0,1.0,0.3045919002,0.3214873592,0.05188250542,0.05215275288
3916,1.0,0.0,0.0,0.0,1.0,1.0,0.3093513239,0.3298157517,0.05413168669,0.05496442318
3917,1.0,0.0,0.0,0.0,1.0,1.0,0.3172831486,0.3392750639,0.05428308249,0.05509728193
3918,1.0,0.0,0.0,0.0,1.0,1.0,0.311534728,0.3342619212,0.05347579718,0.05429023504
3919,1.0,0.0,0.0,0.0,1.0,1.0,0.3174328365,0.3408694303,0.0544347167,0.0555126667
3920,1.0,0.0,0.0,0.0,1.0,1.0,0.3200103049,0.3425238376,0.0557513833,0.05684995651
3921,1.0,0.0,0.0,0.0,1.0,1.0,0.3189370738,0.3381445167,0.054908216,0.05518007278
3922,1.0,0.0,0.0,0.0,1.0,1.0,0.316279138,0.3331473083,0.05394148827,0.05394148827
3923,1.0,0.0,0.0,0.0,1.0,1.0,0.315110441,0.33259026,0.05427402258,0.05454820395
3924,1.0,0.0,0.0,0.0,1.0,1.0,0.3088608584,0.3236448537,0.0527510047,0.05220997334
3925,1.0,0.0,0.0,0.0,1.0,1.0,0.3179324675,0.3342615036,0.05490106344,0.05435752869
3926,1.0,0.0,0.0,0.0,1.0,1.0,0.3200106717,0.3348130167,0.05383533239,0.05330491066
3927,1.0,0.0,0.0,0.0,1.0,1.0,0.3126216245,0.3253215534,0.05364394188,0.05256021023
3928,1.0,0.0,0.0,0.0,1.0,1.0,0.3132108388,0.3309189285,0.05405640602,0.05378478765
3929,1.0,0.0,0.0,0.0,1.0,1.0,0.3216415209,0.3342507596,0.05512583256,0.0543191433
3930,1.0,0.0,0.0,0.0,1.0,1.0,0.3164376407,0.3359327146,0.05433666706,0.0540676713
3931,1.0,0.0,0.0,0.0,1.0,1.0,0.308975687,0.3186139228,0.05377244949,0.05212634802
3932,1.0,0.0,0.0,0.0,1.0,1.0,0.3092023313,0.3180042326,0.05382984877,0.05138301849
3933,1.0,0.0,0.0,0.0,1.0,1.0,0.3086052312,0.3190785504,0.05355393887,0.05137914419
3934,1.0,0.0,0.0,0.0,1.0,1.0,0.3066823286,0.3180045121,0.05328786373,0.0511239171
3935,1.0,0.0,0.0,0.0,1.0,1.0,0.3077594936,0.3213690495,0.05355626345,0.0516628623
3936,1.0,0.0,0.0,0.0,1.0,1.0,0.3156943019,0.3281499097,0.0552560091,0.05309963226
3937,1.0,0.0,0.0,0.0,1.0,1.0,0.3009239384,0.3095913729,0.05248755217,0.05003994703
3938,1.0,0.0,0.0,0.0,1.0,1.0,0.3041781171,0.3142057816,0.05298542976,0.05082273483
3939,1.0,0.0,0.0,0.0,1.0,1.0,0.3004553449,0.3129568586,0.05228871107,0.05039227009
3940,1.0,0.0,0.0,0.0,1.0,1.0,0.2987375685,0.3099961616,0.05190050602,0.04972666502
3941,1.0,0.0,0.0,0.0,1.0,1.0,0.3017772154,0.3108632162,0.05284464359,0.05066543818
3942,1.0,0.0,0.0,0.0,1.0,1.0,0.2949688327,0.3110509799,0.05146151781,0.05009287596
3943,1.0,0.0,0.0,0.0,1.0,1.0,0.3032895794,0.3133844302,0.0524970293,0.05032104254
3944,1.0,0.0,0.0,0.0,1.0,1.0,0.3069154294,0.3207671116,0.05290049314,0.05154407024
3945,1.0,0.0,0.0,0.0,1.0,1.0,0.3037676527,0.3140138183,0.05295497179,0.05103427172
3946,1.0,0.0,0.0,0.0,1.0,1.0,0.3036279073,0.3116903896,0.05270546675,0.05050939322
3947,1.0,0.0,0.0,0.0,1.0,1.0,0.2887276238,0.2943560771,0.04986941814,0.04712933302
3948,1.0,0.0,0.0,0.0,1.0,1.0,0.2837535271,0.2886898513,0.04917174578,0.04671305418
3949,1.0,0.0,0.0,0.0,1.0,1.0,0.2848650907,0.2923538182,0.04906237125,0.04767644405
3950,1.0,0.0,0.0,0.0,1.0,1.0,0.2832813249,0.2884295752,0.04862946272,0.04699027538
3951,1.0,0.0,0.0,0.0,1.0,1.0,0.2789512501,0.2860353192,0.04841309786,0.04702979326
3952,1.0,0.0,0.0,0.0,1.0,1.0,0.2878393548,0.295442997,0.04887068272,0.04751312733
3953,1.0,0.0,0.0,0.0,1.0,1.0,0.287839136,0.2964447417,0.04948931932,0.0481146574
3954,1.0,0.0,0.0,0.0,1.0,1.0,0.2917032046,0.3005081835,0.04978173971,0.04842162132
3955,1.0,0.0,0.0,0.0,1.0,1.0,0.2985550859,0.3055725785,0.05167770386,0.05001962185
3956,1.0,0.0,0.0,0.0,1.0,1.0,0.2937657942,0.3021961854,0.05109357834,0.04970514774
3957,1.0,0.0,0.0,0.0,1.0,1.0,0.2848730067,0.2934602325,0.04919958115,0.04810011387
3958,1.0,0.0,0.0,0.0,1.0,1.0,0.2821006356,0.2903785885,0.04764926434,0.04683244228
3959,1.0,0.0,0.0,0.0,1.0,1.0,0.2908344927,0.2978133705,0.05024045706,0.04913014174
3960,1.0,0.0,0.0,0.0,1.0,1.0,0.2871590014,0.296130521,0.0484893918,0.04767668247
3961,1.0,0.0,0.0,0.0,1.0,1.0,0.2862402275,0.2951370682,0.04978060722,0.04894626141
3962,1.0,0.0,0.0,0.0,1.0,1.0,0.2850972906,0.2944483674,0.04851281643,0.04769515991
3963,1.0,0.0,0.0,0.0,1.0,1.0,0.2850972581,0.2910832736,0.04849845171,0.04713612795
3964,1.0,0.0,0.0,0.0,1.0,1.0,0.2837123842,0.294448427,0.04855543375,0.04827958345
3965,1.0,0.0,0.0,0.0,1.0,1.0,0.2871590829,0.2951373134,0.04928970337,0.0484636426
3966,1.0,0.0,0.0,0.0,1.0,1.0,0.2901092802,0.2968137698,0.05015826225,0.04878020287
3967,1.0,0.0,0.0,0.0,1.0,1.0,0.2866988973,0.2968140363,0.049033463,0.04848557711
3968,1.0,0.0,0.0,0.0,1.0,1.0,0.2725748417,0.2804555027,0.04684370756,0.04600721598
3969,1.0,0.0,0.0,0.0,1.0,1.0,0.2580257214,0.258417609,0.04358208179,0.04165130854
3970,1.0,0.0,0.0,0.0,1.0,1.0,0.2547597974,0.2481490912,0.0428083539,0.03978979588
3971,1.0,0.0,0.0,0.0,1.0,1.0,0.2395358607,0.2265171906,0.04019802809,0.03631681204
3972,1.0,0.0,0.0,0.0,1.0,1.0,0.2300039574,0.2109546709,0.03849601746,0.03378784657
3973,1.0,0.0,0.0,0.0,1.0,1.0,0.2187831005,0.2005797973,0.0366511941,0.0322086215
3974,1.0,0.0,0.0,0.0,1.0,1.0,0.2127523309,0.1943355876,0.03604626656,0.03129595518
3975,1.0,0.0,0.0,0.0,1.0,1.0,0.2171259529,0.1960713736,0.03572016954,0.03081208467
3976,1.0,0.0,0.0,0.0,1.0,1.0,0.2048443358,0.1856602722,0.03405416012,0.0293854475
3977,1.0,0.0,0.0,0.0,1.0,1.0,0.2045060925,0.1839250509,0.03495121002,0.02987766266
3978,1.0,0.0,0.0,0.0,1.0,1.0,0.2051835132,0.1863073213,0.0345916152,0.02984923124
3979,1.0,0.0,0.0,0.0,1.0,1.0,0.2015402003,0.1798306696,0.03344213963,0.02850812674
3980,1.0,0.0,0.0,0.0,1.0,1.0,0.2041692851,0.1832887133,0.03415542841,0.02919739485
3981,1.0,0.0,0.0,0.0,1.0,1.0,0.1979092099,0.1763720955,0.03303974867,0.02808380127
3982,1.0,0.0,0.0,0.0,1.0,1.0,0.1982365333,0.1776010647,0.03346180916,0.02844250202
3983,1.0,0.0,0.0,0.0,1.0,1.0,0.1958705322,0.1724391148,0.03208380938,0.02687364817
3984,1.0,0.0,0.0,0.0,1.0,1.0,0.1941963541,0.1724388554,0.03233969212,0.02732145786
3985,1.0,0.0,0.0,0.0,1.0,1.0,0.1766690682,0.1606876253,0.02875721455,0.02492290735
3986,1.0,0.0,0.0,0.0,1.0,1.0,0.1824772822,0.1606879564,0.02995568514,0.02500897646
3987,1.0,0.0,0.0,0.0,1.0,1.0,0.1786522301,0.1582745938,0.02906703949,0.02440536022
3988,1.0,0.0,0.0,0.0,1.0,1.0,0.1534977547,0.1348166077,0.02521020174,0.02100849152
3989,1.0,0.0,0.0,0.0,1.0,1.0,0.1493224075,0.1320692116,0.02429288626,0.02042812109
3990,1.0,0.0,0.0,0.0,1.0,1.0,0.1562150956,0.1382206549,0.0259321332,0.02174955606
3991,1.0,0.0,0.0,0.0,1.0,1.0,0.1439874182,0.1231453488,0.02355223894,0.01911884546
3992,1.0,0.0,0.0,0.0,1.0,1.0,0.1393781703,0.117791515,0.02264076471,0.01822304726
3993,1.0,0.0,0.0,0.0,1.0,1.0,0.1354305822,0.11406678,0.02193629742,0.0174934864
3994,1.0,0.0,0.0,0.0,1.0,1.0,0.1191047439,0.1108472406,0.0191398263,0.01692068577
3995,1.0,0.0,0.0,0.0,1.0,1.0,0.125147414,0.1221943934,0.02012199163,0.01872462034
3996,1.0,0.0,0.0,0.0,1.0,1.0,0.1251473188,0.1208115222,0.01998150349,0.01831638813
3997,1.0,0.0,0.0,0.0,1.0,1.0,0.1264670305,0.1263029772,0.02022027969,0.01937776804
3998,1.0,0.0,0.0,0.0,1.0,1.0,0.1214109329,0.1290792139,0.01928734779,0.01956689358
3999,1.0,0.0,0.0,0.0,1.0,1.0,0.1306693717,0.1369608538,0.0208517909,0.0208517909
4000,1.0,0.0,0.0,0.0,1.0,1.0,0.1430267444,0.1404323775,0.02309507132,0.02168679237
4001,1.0,0.0,0.0,0.0,1.0,1.0,0.1405189077,0.1414650737,0.02246111631,0.02161884308
4002,1.0,0.0,0.0,0.0,1.0,1.0,0.1420165352,0.1369604132,0.02273786068,0.02103251219
4003,1.0,0.0,0.0,0.0,1.0,1.0,0.1455669848,0.1351097831,0.02341490984,0.02084499598
4004,1.0,0.0,0.0,0.0,1.0,1.0,0.1405187861,0.1322790232,0.0226226449,0.02036041021
4005,1.0,0.0,0.0,0.0,1.0,1.0,0.1372470894,0.1377906947,0.02203023434,0.02118295431
4006,1.0,0.0,0.0,0.0,1.0,1.0,0.1422754527,0.1341162969,0.0227073431,0.02046465874
4007,1.0,0.0,0.0,0.0,1.0,1.0,0.1417773474,0.1372860634,0.02326112986,0.02153807878
4008,1.0,0.0,0.0,0.0,1.0,1.0,0.1392519742,0.1286047813,0.02214354277,0.01962089539
4009,1.0,0.0,0.0,0.0,1.0,1.0,0.140741381,0.1323890723,0.02234590054,0.0200830698
4010,1.0,0.0,0.0,0.0,1.0,1.0,0.1364483136,0.1351094766,0.02184075117,0.02070617676
4011,1.0,0.0,0.0,0.0,1.0,1.0,0.1390069095,0.1346113781,0.02225548029,0.02056521177
4012,1.0,0.0,0.0,0.0,1.0,1.0,0.1392522103,0.1341160256,0.0222826004,0.02059018612
4013,1.0,0.0,0.0,0.0,1.0,1.0,0.1389117303,0.1371415607,0.02154797316,0.02042859793
4014,1.0,0.0,0.0,0.0,1.0,1.0,0.1384119568,0.1366276391,0.02181464434,0.02068138123
4015,1.0,0.0,0.0,0.0,1.0,1.0,0.1407155712,0.1395447096,0.02207785845,0.02094566822
4016,1.0,0.0,0.0,0.0,1.0,1.0,0.1445845116,0.1376587932,0.02264773846,0.02066606283
4017,1.0,0.0,0.0,0.0,1.0,1.0,0.1474584015,0.1368058242,0.02295047045,0.02040046453
4018,1.0,0.0,0.0,0.0,1.0,1.0,0.1493630446,0.1449570721,0.02308040857,0.02165567875
4019,1.0,0.0,0.0,0.0,1.0,1.0,0.1477277509,0.1501064101,0.0230178833,0.02244955301
4020,1.0,0.0,0.0,0.0,1.0,1.0,0.1490880263,0.1493419936,0.02282208204,0.02197682858
4021,1.0,0.0,0.0,0.0,1.0,1.0,0.1482691014,0.1463064036,0.02294260263,0.02180963755
4022,1.0,0.0,0.0,0.0,1.0,1.0,0.1464384915,0.1525866725,0.02244770527,0.02244770527
4023,1.0,0.0,0.0,0.0,1.0,1.0,0.1484675041,0.1470876599,0.02306908369,0.0219438076
4024,1.0,0.0,0.0,0.0,1.0,1.0,0.1487369238,0.1438590369,0.02264070511,0.02098411322
4025,1.0,0.0,0.0,0.0,1.0,1.0,0.1414650116,0.1449572988,0.02157741785,0.02129721642
4026,1.0,0.0,0.0,0.0,1.0,1.0,0.1427776357,0.146864742,0.0221298933,0.02184617519
4027,1.0,0.0,0.0,0.0,1.0,1.0,0.142777142,0.1449573226,0.02191346884,0.02135163546
4028,1.0,0.0,0.0,0.0,1.0,1.0,0.1419871985,0.1479943033,0.02155482769,0.02155482769
4029,1.0,0.0,0.0,0.0,1.0,1.0,0.1456753969,0.1466364154,0.02226412296,0.02141863108
4030,1.0,0.0,0.0,0.0,1.0,1.0,0.1417254853,0.1493420735,0.02182388306,0.02210736275
4031,1.0,0.0,0.0,0.0,1.0,1.0,0.140923321,0.1466364208,0.02111035585,0.02111035585
4032,1.0,0.0,0.0,0.0,1.0,1.0,0.1427770343,0.1466359944,0.02164119482,0.02136015892
4033,1.0,0.0,0.0,0.0,1.0,1.0,0.1362039352,0.1485654575,0.02084922791,0.02169442177
4034,1.0,0.0,0.0,0.0,1.0,1.0,0.1451396269,0.1678598718,0.02194899321,0.02417165041
4035,1.0,0.0,0.0,0.0,1.0,1.0,0.1367074521,0.1601424619,0.02060437202,0.0231103301
4036,1.0,0.0,0.0,0.0,1.0,1.0,0.1404019923,0.15760436,0.02114009857,0.02280908823
4037,1.0,0.0,0.0,0.0,1.0,1.0,0.1417255381,0.1659308195,0.02121597528,0.02369582653
4038,1.0,0.0,0.0,0.0,1.0,1.0,0.1311649847,0.1562832482,0.01947778463,0.02222114801
4039,1.0,0.0,0.0,0.0,1.0,1.0,0.136454892,0.1633705947,0.02047085762,0.02351391315
4040,1.0,0.0,0.0,0.0,1.0,1.0,0.1285510849,0.1476447372,0.01967138052,0.02161085606
4041,1.0,0.0,0.0,0.0,1.0,1.0,0.1274332437,0.1392352813,0.01908624172,0.01990425587
4042,1.0,0.0,0.0,0.0,1.0,1.0,0.1162143537,0.1306086679,0.01769882441,0.01878792048
4043,1.0,0.0,0.0,0.0,1.0,1.0,0.1040709078,0.1235054335,0.01581943035,0.01772874594
4044,1.0,0.0,0.0,0.0,1.0,1.0,0.1625389181,0.1567392236,0.02532213926,0.02289772034
4045,1.0,0.0,0.0,0.0,1.0,1.0,0.2219099293,0.2246946819,0.03485500813,0.03325861692
4046,1.0,0.0,0.0,0.0,1.0,1.0,0.2765121638,0.282527727,0.04469001293,0.04307472706
4047,1.0,0.0,0.0,0.0,1.0,1.0,0.267077746,0.2693532078,0.04371285439,0.04178839922
4048,1.0,0.0,0.0,0.0,1.0,1.0,0.1253980336,0.1399996615,0.01881152391,0.02021539211
4049,1.0,0.0,0.0,0.0,1.0,1.0,0.1367074107,0.1455127263,0.02063512802,0.02119284868
4050,1.0,0.0,0.0,0.0,1.0,1.0,0.1317944574,0.1425056819,0.02000921965,0.02084290981
4051,1.0,0.0,0.0,0.0,1.0,1.0,0.1526419711,0.1349057195,0.02370035648,0.02003246546
4052,1.0,0.0,0.0,0.0,1.0,1.0,0.2329131951,0.2243275615,0.03688639402,0.03385847807
4053,1.0,0.0,0.0,0.0,1.0,1.0,0.3003252135,0.3056711916,0.049256742,0.04791086912
4054,1.0,0.0,0.0,0.0,1.0,1.0,0.3184496992,0.3348646145,0.05294179916,0.05294179916
4055,1.0,0.0,0.0,0.0,1.0,1.0,0.3443587835,0.3600680655,0.05769258738,0.05742424726
4056,1.0,0.0,0.0,0.0,1.0,1.0,0.2998326522,0.3112449195,0.04885470867,0.04805380106
4057,1.0,0.0,0.0,0.0,1.0,1.0,0.1154591391,0.1570005593,0.01761484146,0.02256900072
4058,1.0,0.0,0.0,0.0,1.0,1.0,0.1157442826,0.1543541205,0.01725065708,0.02190560102
4059,1.0,0.0,0.0,0.0,1.0,1.0,0.1826746254,0.1690231746,0.02842760086,0.02514749765
4060,1.0,0.0,0.0,0.0,1.0,1.0,0.2695310871,0.2725747977,0.04411739111,0.04274725914
4061,1.0,0.0,0.0,0.0,1.0,1.0,0.3326012336,0.3387939175,0.05524355173,0.05442714691
4062,1.0,0.0,0.0,0.0,1.0,1.0,0.3298488263,0.3411063674,0.05386579037,0.05386579037
4063,1.0,0.0,0.0,0.0,1.0,1.0,0.3303939705,0.3422745219,0.0539509058,0.0539509058
4064,1.0,0.0,0.0,0.0,1.0,1.0,0.3380707474,0.3508314593,0.05587786436,0.05560660362
4065,1.0,0.0,0.0,0.0,1.0,1.0,0.3407933022,0.348444986,0.05679661036,0.05597746372
4066,1.0,0.0,0.0,0.0,1.0,1.0,0.341786438,0.353829251,0.05704933405,0.05704933405
4067,1.0,0.0,0.0,0.0,1.0,1.0,0.3293431356,0.3433454693,0.05443429947,0.05443423986
4068,1.0,0.0,0.0,0.0,1.0,1.0,0.3276859087,0.3387939522,0.05474483967,0.05474483967
4069,1.0,0.0,0.0,0.0,1.0,1.0,0.2246134597,0.2038573245,0.03587758541,0.03142762184
4070,1.0,0.0,0.0,0.0,1.0,1.0,0.1336249511,0.1468647926,0.0203820467,0.02149891853
4071,1.0,0.0,0.0,0.0,1.0,1.0,0.1453732103,0.1590021514,0.02255022526,0.02367776632
4072,1.0,0.0,0.0,0.0,1.0,1.0,0.1446078329,0.1552164229,0.02220141888,0.02304452658
4073,1.0,0.0,0.0,0.0,1.0,1.0,0.1467070308,0.1602158462,0.02249717712,0.02362203598
4074,1.0,0.0,0.0,0.0,1.0,1.0,0.1427775243,0.1558067501,0.02179735899,0.0229151845
4075,1.0,0.0,0.0,0.0,1.0,1.0,0.1438175774,0.1558063214,0.022164464,0.02300614119
4076,1.0,0.0,0.0,0.0,1.0,1.0,0.1347152381,0.1495376345,0.02088493109,0.02229607105
4077,1.0,0.0,0.0,0.0,1.0,1.0,0.1360402664,0.1495378247,0.02129215002,0.02242773771
4078,1.0,0.0,0.0,0.0,1.0,1.0,0.1302021554,0.1525863994,0.02003031969,0.02256941795
4079,1.0,0.0,0.0,0.0,1.0,1.0,0.1299638639,0.1550857166,0.01994538307,0.02275460958
4080,1.0,0.0,0.0,0.0,1.0,1.0,0.1240185346,0.1411424562,0.01894146204,0.02061271667
4081,1.0,0.0,0.0,0.0,1.0,1.0,0.1730482045,0.1708603631,0.0272924304,0.02589994669
4082,1.0,0.0,0.0,0.0,1.0,1.0,0.275476655,0.273531431,0.04463738203,0.04245990515
4083,1.0,0.0,0.0,0.0,1.0,1.0,0.3270899509,0.3337177913,0.05374234915,0.0529280901
4084,1.0,0.0,0.0,0.0,1.0,1.0,0.3320405031,0.3337177772,0.05400419235,0.05265408754
4085,1.0,0.0,0.0,0.0,1.0,1.0,0.2795048429,0.2805448713,0.04537123442,0.04399633408
4086,1.0,0.0,0.0,0.0,1.0,1.0,0.1340036288,0.1447069271,0.02069014311,0.02155220509
4087,1.0,0.0,0.0,0.0,1.0,1.0,0.1200079504,0.1361107458,0.01827299595,0.01998609304
4088,1.0,0.0,0.0,0.0,1.0,1.0,0.2234668616,0.2006176879,0.03459894657,0.02996754646
4089,1.0,0.0,0.0,0.0,1.0,1.0,0.2912947047,0.2970372861,0.04672926664,0.04565507174
4090,1.0,0.0,0.0,0.0,1.0,1.0,0.3210726853,0.3337234813,0.05305814743,0.05251395702
4091,1.0,0.0,0.0,0.0,1.0,1.0,0.3299128519,0.3462229675,0.05482387543,0.05455511808
4092,1.0,0.0,0.0,0.0,1.0,1.0,0.3309837526,0.3467452866,0.0551276803,0.05512773991
4093,1.0,0.0,0.0,0.0,1.0,1.0,0.326150805,0.3416459771,0.05445259809,0.05418300629
4094,1.0,0.0,0.0,0.0,1.0,1.0,0.3342133843,0.3437678975,0.05493146181,0.05388015509
4095,1.0,0.0,0.0,0.0,1.0,1.0,0.3288692676,0.3398778371,0.05397826433,0.05318838358
4096,1.0,0.0,0.0,0.0,1.0,1.0,0.3336819399,0.3449250171,0.05506074429,0.054266572
4097,1.0,0.0,0.0,0.0,1.0,1.0,0.3224005591,0.3354059786,0.05341410637,0.05287998915
4098,1.0,0.0,0.0,0.0,1.0,1.0,0.322452399,0.3331473116,0.0537122488,0.05291056633
4099,1.0,0.0,0.0,0.0,1.0,1.0,0.3202720708,0.3308962879,0.05342322588,0.05261784792
4100,1.0,0.0,0.0,0.0,1.0,1.0,0.3272364459,0.3387939836,0.05400419235,0.05320614576
4101,1.0,0.0,0.0,0.0,1.0,1.0,0.326709647,0.3370999795,0.05449765921,0.05342382193
4102,1.0,0.0,0.0,0.0,1.0,1.0,0.3235371118,0.3376492932,0.05358809233,0.05305755138
4103,1.0,0.0,0.0,0.0,1.0,1.0,0.3197572507,0.3342843489,0.05261951685,0.05182623863
4104,1.0,0.0,0.0,0.0,1.0,1.0,0.3278172078,0.3410258161,0.05437600613,0.05358022451
4105,1.0,0.0,0.0,0.0,1.0,1.0,0.3235372118,0.3370996404,0.05360949039,0.05281329155
4106,1.0,0.0,0.0,0.0,1.0,1.0,0.3240564832,0.3382464475,0.05391252041,0.05311185122
4107,1.0,0.0,0.0,0.0,1.0,1.0,0.3203341836,0.3342840517,0.05317848921,0.05211484432
4108,1.0,0.0,0.0,0.0,1.0,1.0,0.320848046,0.3359898655,0.05331617594,0.05251646042
4109,1.0,0.0,0.0,0.0,1.0,1.0,0.3288692663,0.3421817087,0.05459409952,0.05379515886
4110,1.0,0.0,0.0,0.0,1.0,1.0,0.327293151,0.343875514,0.05454915762,0.05401694775
4111,1.0,0.0,0.0,0.0,1.0,1.0,0.3272649397,0.3404877588,0.05455982685,0.05375748873
4112,1.0,0.0,0.0,0.0,1.0,1.0,0.3234906686,0.3411065348,0.05369406939,0.05342698097
4113,1.0,0.0,0.0,0.0,1.0,1.0,0.3180778751,0.3308732829,0.05247235298,0.05167323351
4114,1.0,0.0,0.0,0.0,1.0,1.0,0.3224007515,0.333147435,0.05355393887,0.0524828434
4115,1.0,0.0,0.0,0.0,1.0,1.0,0.3197572075,0.3320179725,0.05281740427,0.05202114582
4116,1.0,0.0,0.0,0.0,1.0,1.0,0.3218814105,0.3354058465,0.05331033468,0.05277723074
4117,1.0,0.0,0.0,0.0,1.0,1.0,0.3197570065,0.3337118231,0.0531219244,0.0525880456
4118,1.0,0.0,0.0,0.0,1.0,1.0,0.3203953814,0.3359611395,0.05323469639,0.05270498991
4119,1.0,0.0,0.0,0.0,1.0,1.0,0.3188014771,0.3314644433,0.0536943078,0.05288881063
4120,1.0,0.0,0.0,0.0,1.0,1.0,0.3151108052,0.3280996025,0.05233538151,0.05154240131
4121,1.0,0.0,0.0,0.0,1.0,1.0,0.3135193036,0.3280995979,0.05279076099,0.05225479603
4122,1.0,0.0,0.0,0.0,1.0,1.0,0.3182223078,0.3292082143,0.05269575119,0.05163657665
4123,1.0,0.0,0.0,0.0,1.0,1.0,0.3048058331,0.3173903,0.05106717348,0.05052959919
4124,1.0,0.0,0.0,0.0,1.0,1.0,0.2915711328,0.3001736834,0.04767298698,0.04661363363
4125,1.0,0.0,0.0,0.0,1.0,1.0,0.269457301,0.2747606193,0.04391860962,0.04258775711
4126,1.0,0.0,0.0,0.0,1.0,1.0,0.2592968271,0.2653687265,0.04249578714,0.04141992331
4127,1.0,0.0,0.0,0.0,1.0,1.0,0.2319239854,0.23670976,0.03776830435,0.03668141365
4128,1.0,0.0,0.0,0.0,1.0,1.0,0.2200451819,0.2207248277,0.03520452976,0.03359210491
4129,1.0,0.0,0.0,0.0,1.0,1.0,0.2124661662,0.2052424067,0.03407990932,0.03135353327
4130,1.0,0.0,0.0,0.0,1.0,1.0,0.2076542162,0.199888218,0.03324306011,0.03027009964
4131,1.0,0.0,0.0,0.0,1.0,1.0,0.2116464855,0.2098472616,0.03383159637,0.03168356419
4132,1.0,0.0,0.0,0.0,1.0,1.0,0.2129682878,0.2073306911,0.03429591656,0.03159540892
4133,1.0,0.0,0.0,0.0,1.0,1.0,0.2126118608,0.2073312633,0.03393906355,0.0312666893
4134,1.0,0.0,0.0,0.0,1.0,1.0,0.2155986167,0.2083642323,0.03480470181,0.03183686733
4135,1.0,0.0,0.0,0.0,1.0,1.0,0.2102330662,0.2030667919,0.03398919106,0.03102189302
4136,1.0,0.0,0.0,0.0,1.0,1.0,0.2119016026,0.2076308923,0.03405487537,0.03164160252
4137,1.0,0.0,0.0,0.0,1.0,1.0,0.2155989854,0.2091033254,0.03475689888,0.03179311752
4138,1.0,0.0,0.0,0.0,1.0,1.0,0.203933509,0.1981036294,0.03312724829,0.03038942814
4139,1.0,0.0,0.0,0.0,1.0,1.0,0.1906940888,0.1864901534,0.030575037,0.02811813354
4140,1.0,0.0,0.0,0.0,1.0,1.0,0.1708446395,0.1677893435,0.02715063095,0.02497857809
4141,1.0,0.0,0.0,0.0,1.0,1.0,0.1550856328,0.152488686,0.02434694767,0.02245336771
4142,1.0,0.0,0.0,0.0,1.0,1.0,0.1405467383,0.1364552252,0.02212703228,0.02021479607
4143,1.0,0.0,0.0,0.0,1.0,1.0,0.1330255322,0.126794714,0.02071356773,0.01853317022
4144,1.0,0.0,0.0,0.0,1.0,1.0,0.1308170875,0.123065767,0.0206451416,0.01816773415
4145,1.0,0.0,0.0,0.0,1.0,1.0,0.1174782307,0.1291413442,0.01847982407,0.01903146505
4146,1.0,0.0,0.0,0.0,1.0,1.0,0.1079043926,0.1263444415,0.01674824953,0.0183956027
4147,1.0,0.0,0.0,0.0,1.0,1.0,0.1024162896,0.1282301522,0.01595824957,0.01870965958
4148,1.0,0.0,0.0,0.0,1.0,1.0,0.09976589793,0.13250177,0.01533162594,0.01916456223
4149,1.0,0.0,0.0,0.0,1.0,1.0,0.09976623503,0.1338877728,0.01532453299,0.01942932606
4150,1.0,0.0,0.0,0.0,1.0,1.0,0.09815953302,0.134394643,0.01507365704,0.01945871115
4151,1.0,0.0,0.0,0.0,1.0,1.0,0.1027795273,0.1362873995,0.01579374075,0.01960599422
4152,1.0,0.0,0.0,0.0,1.0,1.0,0.1011869243,0.1352628875,0.01563107967,0.01974451542
4153,1.0,0.0,0.0,0.0,1.0,1.0,0.09729053932,0.1306089202,0.0152438879,0.01912420988
4154,1.0,0.0,0.0,0.0,1.0,1.0,0.09905961391,0.132501468,0.01528960466,0.01911199093
4155,1.0,0.0,0.0,0.0,1.0,1.0,0.1043665806,0.1325019062,0.01630777121,0.01934820414
4156,1.0,0.0,0.0,0.0,1.0,1.0,0.1029619051,0.1349055582,0.01582640409,0.01937371492
4157,1.0,0.0,0.0,0.0,1.0,1.0,0.1087110526,0.1342532666,0.01702427864,0.01977014542
4158,1.0,0.0,0.0,0.0,1.0,1.0,0.1006508229,0.1357733884,0.01547878981,0.01955211163
4159,1.0,0.0,0.0,0.0,1.0,1.0,0.1034508373,0.1310131899,0.01612490416,0.01913130283
4160,1.0,0.0,0.0,0.0,1.0,1.0,0.1032698654,0.1342529777,0.01629167795,0.01988130808
4161,1.0,0.0,0.0,0.0,1.0,1.0,0.1104643417,0.1318964975,0.01730930805,0.01950734854
4162,1.0,0.0,0.0,0.0,1.0,1.0,0.1071460127,0.1356118771,0.0166965723,0.01998108625
4163,1.0,0.0,0.0,0.0,1.0,1.0,0.1090943519,0.1323884237,0.01686120033,0.01930868626
4164,1.0,0.0,0.0,0.0,1.0,1.0,0.1077135645,0.1323886783,0.01668024063,0.01941472292
4165,1.0,0.0,0.0,0.0,1.0,1.0,0.1080958792,0.1352628381,0.01683133841,0.01986646652
4166,1.0,0.0,0.0,0.0,1.0,1.0,0.1100631428,0.1390198452,0.01711916924,0.02043247223
4167,1.0,0.0,0.0,0.0,1.0,1.0,0.1082878518,0.1333840996,0.01683658361,0.0195966363
4168,1.0,0.0,0.0,0.0,1.0,1.0,0.1059478961,0.1366277635,0.0166759491,0.02028906345
4169,1.0,0.0,0.0,0.0,1.0,1.0,0.1043663043,0.1328843353,0.01629978418,0.01961499453
4170,1.0,0.0,0.0,0.0,1.0,1.0,0.1077133446,0.1323884776,0.01667618752,0.01941001415
4171,1.0,0.0,0.0,0.0,1.0,1.0,0.1045517177,0.1338876535,0.01632124186,0.01964080334
4172,1.0,0.0,0.0,0.0,1.0,1.0,0.1094794618,0.1366274841,0.01711541414,0.02015197277
4173,1.0,0.0,0.0,0.0,1.0,1.0,0.1080954692,0.1352630058,0.01673990488,0.01975864172
4174,1.0,0.0,0.0,0.0,1.0,1.0,0.1165425039,0.1398471736,0.01815837622,0.02063453197
4175,1.0,0.0,0.0,0.0,1.0,1.0,0.108902167,0.1314078241,0.01689016819,0.01934194565
4176,1.0,0.0,0.0,0.0,1.0,1.0,0.1094795486,0.1300390987,0.01692980528,0.01911431551
4177,1.0,0.0,0.0,0.0,1.0,1.0,0.11261314,0.1382992098,0.01745736599,0.02045786381
4178,1.0,0.0,0.0,0.0,1.0,1.0,0.1139713931,0.140662004,0.01773387194,0.0207349658
4179,1.0,0.0,0.0,0.0,1.0,1.0,0.121144463,0.1371417602,0.01860237122,0.01997023821
4180,1.0,0.0,0.0,0.0,1.0,1.0,0.1189390132,0.1398472225,0.01842677593,0.02062696218
4181,1.0,0.0,0.0,0.0,1.0,1.0,0.1233879784,0.1462142867,0.01882183552,0.02124172449
4182,1.0,0.0,0.0,0.0,1.0,1.0,0.1193630737,0.1473059911,0.01825433969,0.02152377367
4183,1.0,0.0,0.0,0.0,1.0,1.0,0.1215777951,0.1489734859,0.01865631342,0.0216742754
4184,1.0,0.0,0.0,0.0,1.0,1.0,0.1282238475,0.1536182319,0.01977020502,0.02247846127
4185,1.0,0.0,0.0,0.0,1.0,1.0,0.1231707141,0.1573192943,0.01889693737,0.02294623852
4186,1.0,0.0,0.0,0.0,1.0,1.0,0.12493029,0.1446559834,0.01928436756,0.02091401815
4187,1.0,0.0,0.0,0.0,1.0,1.0,0.1244856243,0.1414307467,0.01934045553,0.02072197199
4188,1.0,0.0,0.0,0.0,1.0,1.0,0.1253718551,0.1653211298,0.0192681551,0.02388161421
4189,1.0,0.0,0.0,0.0,1.0,1.0,0.1247105668,0.1566291694,0.01948970556,0.02305829525
4190,1.0,0.0,0.0,0.0,1.0,1.0,0.1174785567,0.1504735631,0.01814651489,0.02193826437
4191,1.0,0.0,0.0,0.0,1.0,1.0,0.1133390094,0.1482686762,0.01794785261,0.02202683687
4192,1.0,0.0,0.0,0.0,1.0,1.0,0.1118135312,0.1538996325,0.01757663488,0.02298486233
4193,1.0,0.0,0.0,0.0,1.0,1.0,0.1225234755,0.1832309497,0.0187240839,0.02648121119
4194,1.0,0.0,0.0,0.0,1.0,1.0,0.1203517486,0.1738956367,0.01872873306,0.025785923
4195,1.0,0.0,0.0,0.0,1.0,1.0,0.1184007968,0.1635114615,0.0182030201,0.02382451296
4196,1.0,0.0,0.0,0.0,1.0,1.0,0.122095576,0.167803038,0.0186175108,0.02420282364
4197,1.0,0.0,0.0,0.0,1.0,1.0,0.1189813388,0.1629127237,0.01839214563,0.02338427305
4198,1.0,0.0,0.0,0.0,1.0,1.0,0.1201419116,0.1678165921,0.01850610971,0.02413839102
4199,1.0,0.0,0.0,0.0,1.0,1.0,0.1240565859,0.1772593272,0.01892745495,0.02505886555
4200,1.0,0.0,0.0,0.0,1.0,1.0,0.1221349195,0.1815463366,0.01889616251,0.02581584454
4201,1.0,0.0,0.0,0.0,1.0,1.0,0.1122178503,0.1850112831,0.01705944538,0.02585577965
4202,1.0,0.0,0.0,0.0,1.0,1.0,0.1102713336,0.1952929218,0.01694697142,0.02743786573
4203,1.0,0.0,0.0,0.0,1.0,1.0,0.09167550813,0.1831644607,0.01403957605,0.02532625198
4204,1.0,0.0,0.0,0.0,1.0,1.0,0.2045837497,0.2470315107,0.03258067369,0.03498411179
4205,1.0,0.0,0.0,0.0,1.0,1.0,0.2860091174,0.3252729725,0.0470828414,0.04682123661
4206,1.0,0.7853981853,0.0,0.0,1.0,1.0,0.3049940991,0.3421999873,0.05125546455,0.04967832565
4207,1.0,0.0,0.0,0.0,1.0,1.0,0.2396141252,0.3076638946,0.04011023045,0.04354065657
4208,1.0,0.0,0.0,0.0,1.0,1.0,0.07767659026,0.2446337023,0.012172997,0.03164994717
4209,1.0,0.0,0.0,0.0,1.0,1.0,0.1477007326,0.251843289,0.02535229921,0.03577488661
4210,1.0,0.7853981853,0.0,0.0,1.0,1.0,0.2394829923,0.323127823,0.04338604212,0.04974931479
4211,1.0,0.0,0.0,0.0,1.0,1.0,0.2803506654,0.3572076006,0.05060303211,0.05517727137
4212,1.0,0.0,0.0,0.0,1.0,1.0,0.3128270548,0.3720549755,0.05514365435,0.05768871307
4213,1.0,0.0,0.0,0.0,1.0,1.0,0.3072717697,0.357201166,0.05390936136,0.05617922544
4214,1.0,0.0,0.0,0.0,1.0,1.0,0.3135194276,0.3519162429,0.05664563179,0.05750823021
4215,1.0,0.0,0.0,0.0,1.0,1.0,0.3172072791,0.3458278932,0.05615860224,0.05644083023
4216,1.0,0.0,0.0,0.0,1.0,1.0,0.3075207658,0.3302656461,0.05463445187,0.05434989929
4217,1.0,0.0,0.0,0.0,1.0,1.0,0.3198849688,0.3325847772,0.05650812387,0.05538362265
4218,1.0,0.0,0.0,0.0,1.0,1.0,0.3268318082,0.3325902407,0.06024539471,0.05791705847
4219,1.0,0.0,0.0,0.0,1.0,1.0,0.3358253795,0.339744559,0.05964887142,0.0587927103
4220,1.0,0.0,0.0,0.0,1.0,1.0,0.3379990704,0.3336954146,0.05930781364,0.05760520697
4221,1.0,0.0,0.0,0.0,1.0,1.0,0.326450891,0.3146389089,0.05639636517,0.05408263206
4222,1.0,0.0,0.0,0.0,1.0,1.0,0.2290018384,0.1636716246,0.03816157579,0.02780765295
4223,1.0,0.0,0.0,0.0,1.0,1.0,0.1720055695,0.1087111543,0.02756792307,0.01799166203
4224,1.0,0.0,0.0,0.0,1.0,1.0,0.1960037314,0.134278584,0.03186327219,0.02267742157
4225,1.0,0.0,0.0,0.0,1.0,1.0,0.2585967664,0.2160954604,0.04199558496,0.03632050753
4226,1.0,0.0,0.0,0.0,1.0,1.0,0.2986450236,0.2767182945,0.04977333546,0.04807645082
4227,1.0,0.0,0.0,0.0,1.0,1.0,0.3205756537,0.3104577834,0.05434393883,0.05434393883
4228,1.0,0.0,0.0,0.0,1.0,1.0,0.3230517787,0.3162168213,0.05334633589,0.05362421274
4229,1.0,0.0,0.0,0.0,1.0,1.0,0.3347885855,0.3336900026,0.05621385574,0.05648940802
4230,1.0,0.0,0.0,0.0,1.0,1.0,0.3196922524,0.3271200814,0.05465137959,0.0549274087
4231,1.0,0.0,0.0,0.0,1.0,1.0,0.3138346086,0.3220795028,0.0539663434,0.05368959904
4232,1.0,0.0,0.0,0.0,1.0,1.0,0.3044550899,0.319219943,0.05181884766,0.05181890726
4233,1.0,0.0,0.0,0.0,1.0,1.0,0.302525377,0.3246487716,0.0521671176,0.0521671176
4234,1.0,0.0,0.0,0.0,1.0,1.0,0.2950734298,0.3222338976,0.05168765783,0.05196553469
4235,1.0,0.0,0.0,0.0,1.0,1.0,0.2578177441,0.26814309,0.04454499483,0.04234528542
4236,1.0,0.0,0.0,0.0,1.0,1.0,0.1273286859,0.1590020958,0.02049046755,0.02357804775
4237,1.0,0.0,0.0,0.0,1.0,1.0,0.131736626,0.1564012087,0.02159506083,0.02361059189
4238,1.0,0.0,0.0,0.0,1.0,1.0,0.1437552051,0.1616742645,0.02397739887,0.02511918545
4239,1.0,0.0,0.0,0.0,1.0,1.0,0.1534979191,0.1594093806,0.02537572384,0.02509379387
4240,1.0,0.0,0.0,0.0,1.0,1.0,0.1566025452,0.1557102266,0.02672845125,0.02582752705
4241,1.0,0.0,0.0,0.0,1.0,1.0,0.1580838421,0.1392081636,0.02654397488,0.02300482988
4242,1.0,0.0,0.0,0.0,1.0,1.0,0.2069019788,0.1713329024,0.03318434954,0.02699744701
4243,1.0,0.0,0.0,0.0,1.0,1.0,0.2810929881,0.2532371182,0.04835879803,0.04242002964
4244,1.0,0.0,0.0,0.0,1.0,1.0,0.3224522388,0.3125345139,0.05620181561,0.05228728056
4245,1.0,0.0,0.0,0.0,1.0,1.0,0.3219355958,0.3258316731,0.05436378717,0.05220007896
4246,1.0,0.0,0.0,0.0,1.0,1.0,0.3151108593,0.3274619456,0.05434250832,0.05269569159
4247,1.0,0.0,0.0,0.0,1.0,1.0,0.3063061829,0.3178496253,0.0532977581,0.05137461424
4248,1.0,0.0,0.0,0.0,1.0,1.0,0.1854634539,0.1764813367,0.03003978729,0.02642387152
4249,1.0,0.0,0.0,0.0,1.0,1.0,0.1303618417,0.1553438191,0.02131348848,0.02358692884
4250,1.0,0.0,0.0,0.0,1.0,1.0,0.1830662411,0.1770940587,0.03004878759,0.02734166384
4251,1.0,0.0,0.0,0.0,1.0,1.0,0.2486573286,0.2447960142,0.04310756922,0.0403264761
4252,1.0,0.0,0.0,0.0,1.0,1.0,0.2802921133,0.2750140356,0.04860281944,0.04554778337
4253,1.0,0.0,0.0,0.0,1.0,1.0,0.3171306747,0.3220793071,0.05427217484,0.05317574739
4254,1.0,0.0,0.0,0.0,1.0,1.0,0.3196922438,0.3204192965,0.05487275124,0.05348712206
4255,1.0,0.0,0.0,0.0,1.0,1.0,0.327739165,0.330918905,0.05560702085,0.05450588465
4256,1.0,0.0,0.0,0.0,1.0,1.0,0.3266786979,0.3264842049,0.05715191364,0.05545425415
4257,1.0,0.0,0.0,0.0,1.0,1.0,0.3101161188,0.3163218113,0.0531924367,0.05181443691
4258,1.0,0.0,0.0,0.0,1.0,1.0,0.3134249612,0.3163214409,0.05320119858,0.05102968216
4259,1.0,0.0,0.0,0.0,1.0,1.0,0.3119274575,0.3258317295,0.0523545146,0.05155324936
4260,1.0,0.0,0.0,0.0,1.0,1.0,0.3077643962,0.3263486986,0.05271393061,0.05217057467
4261,1.0,0.0,0.0,0.0,1.0,1.0,0.3103361482,0.3268719931,0.05258148909,0.05150288343
4262,1.0,0.0,0.0,0.0,1.0,1.0,0.3056930414,0.3285838064,0.05185067654,0.0515820384
4263,1.0,0.0,0.0,0.0,1.0,1.0,0.3124253131,0.3263482894,0.0532912612,0.05220365524
4264,1.0,0.0,0.0,0.0,1.0,1.0,0.3139271589,0.3235484261,0.05347782373,0.05211365223
4265,1.0,0.0,0.0,0.0,1.0,1.0,0.3144310405,0.321369307,0.05249947309,0.05116021633
4266,1.0,0.0,0.0,0.0,1.0,1.0,0.3171305747,0.324734338,0.05323022604,0.05188602209
4267,1.0,0.0,0.0,0.0,1.0,1.0,0.3235373437,0.3320293539,0.05486357212,0.05377715826
4268,1.0,0.0,0.0,0.0,1.0,1.0,0.3310254041,0.3364788661,0.05661052465,0.0549775362
4269,1.0,0.0,0.0,0.0,1.0,1.0,0.3226047013,0.3281500217,0.05470240116,0.05282533169
4270,1.0,0.0,0.0,0.0,1.0,1.0,0.2778055853,0.2636458341,0.04650437832,0.04210156202
4271,1.0,0.0,0.0,0.0,1.0,1.0,0.1698516873,0.1467579021,0.0260939002,0.02169907093
4272,1.0,0.0,0.0,0.0,1.0,1.0,0.1468206766,0.14383103,0.0233643651,0.02195686102
4273,1.0,0.0,0.0,0.0,1.0,1.0,0.2217191429,0.196698703,0.03612160683,0.03084230423
4274,1.0,0.0,0.0,0.0,1.0,1.0,0.2701644156,0.2524720214,0.04584282637,0.04078036547
4275,1.0,0.0,0.0,0.0,1.0,1.0,0.3042491361,0.3012016672,0.05185252428,0.04906475544
4276,1.0,0.0,0.0,0.0,1.0,1.0,0.3147595049,0.3138178992,0.05438351631,0.05158019066
4277,1.0,0.0,0.0,0.0,1.0,1.0,0.3082695801,0.3148928783,0.05124551058,0.04962724447
4278,1.0,0.0,0.0,0.0,1.0,1.0,0.3154437346,0.3235481896,0.05278754234,0.05144095421
4279,1.0,0.0,0.0,0.0,1.0,1.0,0.3184497426,0.3268723477,0.05239868164,0.05132383108
4280,1.0,0.0,0.0,0.0,1.0,1.0,0.3102839456,0.3172288164,0.05177509785,0.05068510771
4281,1.0,0.0,0.0,0.0,1.0,1.0,0.3106816243,0.3211267323,0.05198967457,0.0514395833
4282,1.0,0.0,0.0,0.0,1.0,1.0,0.2990064418,0.2956824923,0.04987090826,0.04711562395
4283,1.0,0.0,0.0,0.0,1.0,1.0,0.2183506693,0.1947444764,0.03406989574,0.0293610692
4284,1.0,0.0,0.0,0.0,1.0,1.0,0.138356376,0.1495377277,0.02152979374,0.02237963676
4285,1.0,0.0,0.0,0.0,1.0,1.0,0.154993563,0.1332591107,0.02469789982,0.02043968439
4286,1.0,0.0,0.0,0.0,1.0,1.0,0.233838107,0.2064061806,0.03718400002,0.03139978647
4287,1.0,0.0,0.0,0.0,1.0,1.0,0.2855549898,0.2760698348,0.04597502947,0.04272973537
4288,1.0,0.0,0.0,0.0,1.0,1.0,0.3087705714,0.3104066891,0.05129164457,0.04913198948
4289,1.0,0.0,0.0,0.0,1.0,1.0,0.3103956949,0.3148926213,0.05195432901,0.05005025864
4290,1.0,0.0,0.0,0.0,1.0,1.0,0.3180042569,0.3263484423,0.05344498158,0.05235427618
4291,1.0,0.0,0.0,0.0,1.0,1.0,0.3197570593,0.3303241016,0.05389916897,0.05281579494
4292,1.0,0.0,0.0,0.0,1.0,1.0,0.3100047798,0.319078785,0.05243957043,0.05162018538
4293,1.0,0.0,0.0,0.0,1.0,1.0,0.3193106161,0.3309187524,0.05525100231,0.05469846725
4294,1.0,0.0,0.0,0.0,1.0,1.0,0.3246596341,0.334812982,0.05628740788,0.05545961857
4295,1.0,0.0,0.0,0.0,1.0,1.0,0.316117477,0.3303526473,0.0542807579,0.05400663614
4296,1.0,0.0,0.0,0.0,1.0,1.0,0.3118260117,0.3219677235,0.05383461714,0.05300635099
4297,1.0,0.0,0.0,0.0,1.0,1.0,0.3188696203,0.3242337634,0.05584305525,0.0538982749
4298,1.0,0.0,0.0,0.0,1.0,1.0,0.315613168,0.3236447865,0.05606579781,0.05465000868
4299,1.0,0.0,0.0,0.0,1.0,1.0,0.3140192177,0.3230517307,0.0545950532,0.05320936441
4300,1.0,0.0,0.0,0.0,1.0,1.0,0.3050762174,0.31921981,0.0532501936,0.05297285318
4301,1.0,0.0,0.0,0.0,1.0,1.0,0.3087449436,0.3208911165,0.05361860991,0.05306583643
4302,1.0,0.0,0.0,0.0,1.0,1.0,0.3130204588,0.3225625137,0.05453675985,0.05342948437
4303,1.0,0.0,0.0,0.0,1.0,1.0,0.314110319,0.3264844271,0.05555123091,0.05499011278
4304,1.0,0.0,0.0,0.0,1.0,1.0,0.3204558806,0.3331469269,0.05605500937,0.05549997091
4305,1.0,0.0,0.0,0.0,1.0,1.0,0.3214205781,0.3309189127,0.05589586496,0.05506157875
4306,1.0,0.0,0.0,0.0,1.0,1.0,0.3156130581,0.3292473658,0.05479335785,0.05451661348
4307,1.0,0.0,0.0,0.0,1.0,1.0,0.3118256551,0.3253218406,0.0553047657,0.05502122641
4308,1.0,0.0,0.0,0.0,1.0,1.0,0.311222831,0.3253215273,0.05378878117,0.05378872156
4309,1.0,0.0,0.0,0.0,1.0,1.0,0.3181501332,0.3280994035,0.05545574427,0.05461549759
4310,1.0,0.0,0.0,0.0,1.0,1.0,0.3150241813,0.3219675263,0.05425530672,0.05287820101
4311,1.0,0.0,0.0,0.0,1.0,1.0,0.3203337655,0.3308960374,0.05545318127,0.05434411764
4312,1.0,0.0,0.0,0.0,1.0,1.0,0.3234908611,0.3308961924,0.05539655685,0.05401849747
4313,1.0,0.0,0.0,0.0,1.0,1.0,0.3122249531,0.3218543017,0.05391556025,0.05280393362
4314,1.0,0.0,0.0,0.0,1.0,1.0,0.3207888825,0.3264169386,0.05553674698,0.05414128304
4315,1.0,0.0,0.0,0.0,1.0,1.0,0.3160352304,0.3280994977,0.05490738153,0.0543499589
4316,1.0,0.0,0.0,0.0,1.0,1.0,0.3035459749,0.3150785478,0.05229216814,0.0517359376
4317,1.0,0.0,0.0,0.0,1.0,1.0,0.3101160152,0.3150780762,0.05373382568,0.05178493261
4318,1.0,0.0,0.0,0.0,1.0,1.0,0.2846307676,0.2906539033,0.04888868332,0.04749977589
4319,1.0,0.0,0.0,0.0,1.0,1.0,0.2746434612,0.2814130251,0.04685610533,0.04574710131
4320,1.0,0.0,0.0,0.0,1.0,1.0,0.272723563,0.2738196796,0.04670679569,0.04474902153
4321,1.0,0.0,0.0,0.0,1.0,1.0,0.2671776307,0.2766622862,0.04679358006,0.04621589184
4322,1.0,0.0,0.0,0.0,1.0,1.0,0.2745175221,0.2843243239,0.04620355368,0.04565030336
4323,1.0,0.0,0.0,0.0,1.0,1.0,0.2931913311,0.3029127381,0.05095893145,0.04983270168
4324,1.0,0.0,0.0,0.0,1.0,1.0,0.2924411772,0.3025520672,0.05059689283,0.04948484898
4325,1.0,0.0,0.0,0.0,1.0,1.0,0.2932970625,0.3062264694,0.05079758167,0.05024546385
4326,1.0,0.0,0.0,0.0,1.0,1.0,0.2948910273,0.3112742125,0.05123209953,0.05123215914
4327,1.0,0.0,0.0,0.0,1.0,1.0,0.291503937,0.300508133,0.04996156693,0.04886353016
4328,1.0,0.0,0.0,0.0,1.0,1.0,0.2802919551,0.2967627192,0.04828292131,0.04800707102
4329,1.0,0.0,0.0,0.0,1.0,1.0,0.2907467824,0.3255224602,0.05070269108,0.05329543352
4330,1.0,0.0,0.0,0.0,1.0,1.0,0.3130389415,0.3256804803,0.05486094952,0.05400377512
4331,1.0,0.0,0.0,0.0,1.0,1.0,0.2157311771,0.2283949634,0.03948760033,0.04103010893
4332,1.0,0.0,0.0,0.0,1.0,1.0,0.2183521288,0.2131917095,0.04263430834,0.03918594122
4333,1.0,0.0,0.0,0.0,1.0,1.0,0.2144133496,0.1934404685,0.0375520587,0.03270661831
4334,1.0,0.0,0.0,0.0,1.0,1.0,0.2547595053,0.1106395685,0.04574173689,0.01919239759
4335,1.0,0.0,0.0,0.0,1.0,1.0,0.244872318,0.125391014,0.04103040695,0.02066713572
4336,1.0,0.0,0.0,0.0,1.0,1.0,0.1761605882,0.160427185,0.02887147665,0.02563083172
4337,1.0,0.0,0.0,0.0,1.0,1.0,0.2181251919,0.1391167577,0.03632241488,0.02262711525
4338,1.0,0.0,0.0,0.0,1.0,1.0,0.2314884081,0.1287158266,0.0381013155,0.02056258917
4339,1.0,0.0,0.0,0.0,1.0,1.0,0.2136736672,0.1262641021,0.036883533,0.02111881971
4340,1.0,0.0,0.0,0.0,1.0,1.0,0.1895182208,0.1235672405,0.03354030848,0.0215164423
4341,1.0,0.0,0.0,0.0,1.0,1.0,0.1932135411,0.1060561566,0.03471493721,0.01861989498
4342,1.0,0.0,0.0,0.0,1.0,1.0,0.1941965721,0.1458261576,0.03659105301,0.02586609125
4343,1.0,0.0,0.0,0.0,1.0,1.0,0.1958704834,0.1760582453,0.03654128313,0.03091955185
4344,1.0,0.0,0.0,0.0,1.0,1.0,0.2569489417,0.2335650029,0.04390472174,0.0390599966
4345,1.0,0.0,0.0,0.0,1.0,1.0,0.2717930164,0.257863026,0.04885029793,0.04483097792
4346,1.0,0.0,0.0,0.0,1.0,1.0,0.2923897112,0.2802863919,0.04983264208,0.04590648413
4347,1.0,0.0,0.0,0.0,1.0,1.0,0.3045439386,0.2802006832,0.05421215296,0.04702377319
4348,1.0,0.0,0.0,0.0,1.0,1.0,0.291574132,0.2732286622,0.04982703924,0.04377865791
4349,1.0,0.0,0.0,0.0,1.0,1.0,0.2917109844,0.2659230249,0.04785245657,0.04051148891
4350,1.0,0.0,0.0,0.0,1.0,1.0,0.2862479681,0.2677073805,0.04783821106,0.0405408144
4351,1.0,0.0,0.0,0.0,1.0,1.0,0.2682207201,0.2579206949,0.04468923807,0.03830510378
4352,1.0,0.0,0.0,0.0,1.0,1.0,0.2490723711,0.1991770389,0.04323709011,0.03064906597
4353,1.0,0.0,0.0,0.0,1.0,1.0,0.2639722601,0.1425196869,0.04323172569,0.02147990465
4354,1.0,0.0,0.0,0.0,1.0,1.0,0.2314316468,0.1062838058,0.03753954172,0.01585000753
4355,1.0,0.0,0.0,0.0,1.0,1.0,0.1998882,0.1272351095,0.03293472528,0.01925843954
4356,1.0,0.0,0.0,0.0,1.0,1.0,0.2324282573,0.1941360846,0.03777778149,0.0291428566
4357,1.0,0.0,0.0,0.0,1.0,1.0,0.291711295,0.2703119113,0.04723536968,0.04079419374
4358,1.0,0.0,0.0,0.0,1.0,1.0,0.3029611613,0.2923901077,0.04983639717,0.04469025135
4359,1.0,0.0,0.0,0.0,1.0,1.0,0.2649527214,0.2335653711,0.0431869626,0.03526026011
4360,1.0,0.0,0.0,0.0,1.0,1.0,0.187959866,0.1106253233,0.03049063683,0.01700443029
4361,1.0,0.0,0.0,0.0,1.0,1.0,0.1722554444,0.1159046483,0.02705365419,0.01719033718
4362,1.0,0.0,0.0,0.0,1.0,1.0,0.261678349,0.2203068167,0.04327386618,0.03433984518
4363,1.0,0.0,0.0,0.0,1.0,1.0,0.3145787255,0.3053848072,0.05160903931,0.04730820656
4364,1.0,0.0,0.0,0.0,1.0,1.0,0.3320778652,0.3492859277,0.05841863155,0.05700755119
4365,1.0,0.0,0.0,0.0,1.0,1.0,0.3320674275,0.3435580965,0.05743610859,0.05547487736
4366,1.0,0.0,0.0,0.0,1.0,1.0,0.3342342592,0.3447553472,0.05695313215,0.05500841141
4367,1.0,0.0,0.0,0.0,1.0,1.0,0.3282479666,0.3383525084,0.0554035306,0.05374968052
4368,1.0,0.0,0.0,0.0,1.0,1.0,0.315094855,0.3040258425,0.05366194248,0.04863113165
4369,1.0,0.0,0.0,0.0,1.0,1.0,0.1876207118,0.137141596,0.02923166752,0.02051842213
4370,1.0,0.0,0.0,0.0,1.0,1.0,0.1686670807,0.1235053663,0.02663981915,0.0184211731
4371,1.0,0.0,0.0,0.0,1.0,1.0,0.2411847834,0.1984184792,0.03857696056,0.02997344732
4372,1.0,0.0,0.0,0.0,1.0,1.0,0.2965011523,0.2738683456,0.04910337925,0.04248267412
4373,1.0,0.0,0.0,0.0,1.0,1.0,0.3221886428,0.3145095994,0.05400127172,0.0495929718
4374,1.0,0.0,0.0,0.0,1.0,1.0,0.3189708437,0.3151551407,0.0530796051,0.04926878214
4375,1.0,0.0,0.0,0.0,1.0,1.0,0.3326038264,0.330265334,0.05559432507,0.05205154419
4376,1.0,0.0,0.0,0.0,1.0,1.0,0.341312925,0.336019633,0.05741542578,0.05356943607
4377,1.0,0.0,0.0,0.0,1.0,1.0,0.3347803196,0.3296767773,0.05622559786,0.05211150646
4378,1.0,0.0,0.0,0.0,1.0,1.0,0.3369639883,0.3325672255,0.05613827705,0.05205059052
4379,1.0,0.0,0.0,0.0,1.0,1.0,0.3407559017,0.330849528,0.05669754744,0.05208575726
4380,1.0,0.0,0.0,0.0,1.0,1.0,0.3369452641,0.3262783501,0.05589514971,0.0513047576
4381,1.0,0.0,0.0,0.0,1.0,1.0,0.3446919351,0.3291265198,0.05682229996,0.0519285202
4382,1.0,0.0,0.0,0.0,1.0,1.0,0.3385464678,0.3308731794,0.05739057064,0.05327165127
4383,1.0,0.0,0.0,0.0,1.0,1.0,0.3390388625,0.3342842599,0.05726391077,0.05319303274
4384,1.0,0.0,0.0,0.0,1.0,1.0,0.3363815946,0.3291678571,0.05602431297,0.05198413134
4385,1.0,0.0,0.0,0.0,1.0,1.0,0.3008356526,0.2709755819,0.0504117012,0.04312998056
4386,1.0,0.0,0.0,0.0,1.0,1.0,0.1769084699,0.122573159,0.02797168493,0.01874393225
4387,1.0,0.0,0.0,0.0,1.0,1.0,0.168996693,0.1268231297,0.02638167143,0.01900613308
4388,1.0,0.0,0.0,0.0,1.0,1.0,0.2441914781,0.19952262,0.03975939751,0.03095561266
4389,1.0,0.0,0.0,0.0,1.0,1.0,0.2857908236,0.2551392278,0.04759657383,0.03989309072
4390,1.0,0.0,0.0,0.0,1.0,1.0,0.3159524483,0.3015554565,0.05352240801,0.04778784513
4391,1.0,0.0,0.0,0.0,1.0,1.0,0.3288488022,0.3170643629,0.05570054054,0.0502396822
4392,1.0,0.0,0.0,0.0,1.0,1.0,0.3310050482,0.3297129876,0.05657184124,0.05272716284
4393,1.0,0.0,0.0,0.0,1.0,1.0,0.3336819852,0.3285834298,0.0574067235,0.05299079418
4394,1.0,0.0,0.0,0.0,1.0,1.0,0.3250218199,0.3198909104,0.0544641614,0.05037939548
4395,1.0,0.0,0.0,0.0,1.0,1.0,0.325660795,0.3228439536,0.0550172925,0.05095201731
4396,1.0,0.0,0.0,0.0,1.0,1.0,0.3304734839,0.3285836851,0.05704212189,0.0531654954
4397,1.0,0.0,0.0,0.0,1.0,1.0,0.3196922507,0.3194091883,0.05445790291,0.05115741491
4398,1.0,0.0,0.0,0.0,1.0,1.0,0.3224005118,0.3189344304,0.05471807718,0.05116140842
4399,1.0,0.0,0.0,0.0,1.0,1.0,0.3234441582,0.322844092,0.05468964577,0.05140829086
4400,1.0,0.0,0.0,0.0,1.0,1.0,0.3240128194,0.3257570139,0.05454647541,0.05183273554
4401,1.0,0.0,0.0,0.0,1.0,1.0,0.3229216364,0.3268721903,0.05517971516,0.05269658566
4402,1.0,0.0,0.0,0.0,1.0,1.0,0.3168963237,0.3142575495,0.05357539654,0.05027842522
4403,1.0,0.0,0.0,0.0,1.0,1.0,0.3038952676,0.2977788863,0.05139273405,0.04781997204
4404,1.0,0.0,0.0,0.0,1.0,1.0,0.2294370224,0.1871682354,0.03717142344,0.02900499105
4405,1.0,0.0,0.0,0.0,1.0,1.0,0.184107735,0.1419867914,0.02992141247,0.02194231749
4406,1.0,0.0,0.0,0.0,1.0,1.0,0.1967810666,0.1531991273,0.03251904249,0.02396142483
4407,1.0,0.0,0.0,0.0,1.0,1.0,0.2401367785,0.2070274696,0.04036390781,0.03297334909
4408,1.0,0.0,0.0,0.0,1.0,1.0,0.2839138611,0.2766620388,0.04816025496,0.04454123974
4409,1.0,0.0,0.0,0.0,1.0,1.0,0.3085095259,0.3066083788,0.05420774221,0.0511020422
4410,1.0,0.0,0.0,0.0,1.0,1.0,0.3096184161,0.3184664004,0.05417656898,0.05277305841
4411,1.0,0.0,0.0,0.0,1.0,1.0,0.3090063046,0.3195494455,0.05331718922,0.05220639706
4412,1.0,0.0,0.0,0.0,1.0,1.0,0.3166231114,0.3253217744,0.05452811718,0.05342656374
4413,1.0,0.0,0.0,0.0,1.0,1.0,0.3176395965,0.3269359781,0.05518960953,0.05379593372
4414,1.0,0.0,0.0,0.0,1.0,1.0,0.3176396049,0.3280996468,0.05465400219,0.05382591486
4415,1.0,0.0,0.0,0.0,1.0,1.0,0.3111168028,0.3212492884,0.05430185795,0.05317640305
4416,1.0,0.0,0.0,0.0,1.0,1.0,0.3234905904,0.3308960555,0.05570042133,0.05431485176
4417,1.0,0.0,0.0,0.0,1.0,1.0,0.3188695122,0.3325899362,0.05627548695,0.05571550131
4418,1.0,0.0,0.0,0.0,1.0,1.0,0.3194416832,0.3365125627,0.0565521121,0.05599224567
4419,1.0,0.0,0.0,0.0,1.0,1.0,0.3235829331,0.339877352,0.05636745691,0.05608981848
4420,1.0,0.0,0.0,0.0,1.0,1.0,0.3231158267,0.3404139649,0.05607187748,0.05579704046
4421,1.0,0.0,0.0,0.0,1.0,1.0,0.3177874177,0.336512341,0.05503708124,0.05503708124
4422,1.0,0.0,0.0,0.0,1.0,1.0,0.3188011315,0.3325845397,0.05476671457,0.05394524336
4423,1.0,0.0,0.0,0.0,1.0,1.0,0.3161984769,0.3308964438,0.0546400547,0.05381637812
4424,1.0,0.0,0.0,0.0,1.0,1.0,0.3165434643,0.3342726072,0.05588662624,0.05617028475
4425,1.0,0.0,0.0,0.0,1.0,1.0,0.3107240241,0.3219678799,0.0533170104,0.05276733637
4426,1.0,0.0,0.0,0.0,1.0,1.0,0.2990202083,0.3069955527,0.05066853762,0.04956698418
4427,1.0,0.0,0.0,0.0,1.0,1.0,0.2834482701,0.2816294422,0.04772049189,0.04523789883
4428,1.0,0.0,0.0,0.0,1.0,1.0,0.2760521657,0.2594370438,0.04633426666,0.0415892005
4429,1.0,0.0,0.0,0.0,1.0,1.0,0.2782629665,0.2714744964,0.04725152254,0.04389637709
4430,1.0,0.0,0.0,0.0,1.0,1.0,0.2746809791,0.2654765603,0.04609304667,0.04248332977
4431,1.0,0.0,0.0,0.0,1.0,1.0,0.2686312502,0.2516076086,0.04449987411,0.03980112076
4432,1.0,0.0,0.0,0.0,1.0,1.0,0.2119503593,0.1756267583,0.03515166044,0.02772128582
4433,1.0,0.0,0.0,0.0,1.0,1.0,0.1529397445,0.1179117108,0.02407920361,0.01763939857
4434,1.0,0.0,0.0,0.0,1.0,1.0,0.1772059226,0.1406621906,0.02788758278,0.02119457722
4435,1.0,0.0,0.0,0.0,1.0,1.0,0.2485836696,0.225051402,0.04017096758,0.03494316339
4436,1.0,0.0,0.0,0.0,1.0,1.0,0.2886179728,0.2757080758,0.04823368788,0.0440993309
4437,1.0,0.0,0.0,0.0,1.0,1.0,0.3038951582,0.2994902761,0.05140334368,0.04810476303
4438,1.0,0.0,0.0,0.0,1.0,1.0,0.3055204696,0.3018794791,0.05142658949,0.04841762781
4439,1.0,0.0,0.0,0.0,1.0,1.0,0.2553195994,0.2347445095,0.04168611765,0.03620111942
4440,1.0,0.0,0.0,0.0,1.0,1.0,0.1779110941,0.1382992284,0.02831894159,0.02082276344
4441,1.0,0.0,0.0,0.0,1.0,1.0,0.1788471409,0.1419871716,0.02795988321,0.02110701799
4442,1.0,0.0,0.0,0.0,1.0,1.0,0.2494361264,0.2213048934,0.04056370258,0.03421700001
4443,1.0,0.0,0.0,0.0,1.0,1.0,0.2876929018,0.2708278172,0.04756528139,0.04261630774
4444,1.0,0.0,0.0,0.0,1.0,1.0,0.307394187,0.3015557426,0.05100601912,0.04773288965
4445,1.0,0.0,0.0,0.0,1.0,1.0,0.3101717978,0.3129741014,0.05118882656,0.04902207851
4446,1.0,0.0,0.0,0.0,1.0,1.0,0.3123257997,0.3118945402,0.05181992054,0.04936522245
4447,1.0,0.0,0.0,0.0,1.0,1.0,0.3166546456,0.3181614318,0.05210727453,0.04993617535
4448,1.0,0.0,0.0,0.0,1.0,1.0,0.3103440477,0.3132050228,0.05030286312,0.04813927412
4449,1.0,0.0,0.0,0.0,1.0,1.0,0.3148243037,0.3156133527,0.05114209652,0.04870676994
4450,1.0,0.0,0.0,0.0,1.0,1.0,0.3147322472,0.3167244068,0.05106884241,0.04889565706
4451,1.0,0.0,0.0,0.0,1.0,1.0,0.3208909548,0.3226264917,0.05206990242,0.04990029335
4452,1.0,0.0,0.0,0.0,1.0,1.0,0.3186140424,0.324906777,0.05152577162,0.04989862442
4453,1.0,0.0,0.0,0.0,1.0,1.0,0.3242339472,0.3231410495,0.05290985107,0.04990977049
4454,1.0,0.0,0.0,0.0,1.0,1.0,0.3230517559,0.3296033674,0.05230337381,0.05066895485
4455,1.0,0.0,0.0,0.0,1.0,1.0,0.3236923834,0.330204333,0.05244588852,0.05055350065
4456,1.0,0.0,0.0,0.0,1.0,1.0,0.3197543147,0.3249067996,0.05170166492,0.04980683327
4457,1.0,0.0,0.0,0.0,1.0,1.0,0.3174697797,0.3213751554,0.05196326971,0.05003869534
4458,1.0,0.0,0.0,0.0,1.0,1.0,0.3190069467,0.3194645494,0.05107659101,0.04863142967
4459,1.0,0.0,0.0,0.0,1.0,1.0,0.3241887193,0.3325546422,0.05285054445,0.05120754242
4460,1.0,0.0,0.0,0.0,1.0,1.0,0.3241885966,0.3307757919,0.05300670862,0.0510841608
4461,1.0,0.0,0.0,0.0,1.0,1.0,0.3280995756,0.3355267791,0.05360907316,0.051684618
4462,1.0,0.0,0.0,0.0,1.0,1.0,0.33482123,0.3485599496,0.05497246981,0.05387306213
4463,1.0,0.0,0.0,0.0,1.0,1.0,0.3269676984,0.3396676522,0.05293595791,0.05211728811
4464,1.0,0.0,0.0,0.0,1.0,1.0,0.3325873772,0.3485598739,0.05415976048,0.05361270905
4465,1.0,0.0,0.0,0.0,1.0,1.0,0.3235480378,0.3266032285,0.05254542828,0.05034458637
4466,1.0,0.0,0.0,0.0,1.0,1.0,0.3354059086,0.3498046926,0.05403524637,0.05348944664
4467,1.0,0.0,0.0,0.0,1.0,1.0,0.3320178498,0.3469288574,0.0538842082,0.05305951834
4468,1.0,0.0,0.0,0.0,1.0,1.0,0.3291882383,0.3433334668,0.05296128988,0.05214226246
4469,1.0,0.0,0.0,0.0,1.0,1.0,0.3308963996,0.3421029488,0.05353415012,0.0521684885
4470,1.0,0.0,0.0,0.0,1.0,1.0,0.3303238502,0.3421026251,0.05274701118,0.05166500807
4471,1.0,0.0,0.0,0.0,1.0,1.0,0.3286300332,0.3421028321,0.05290985107,0.05209165812
4472,1.0,0.0,0.0,0.0,1.0,1.0,0.3303095767,0.3433335201,0.05268728733,0.05187255144
4473,1.0,0.0,0.0,0.0,1.0,1.0,0.3320121929,0.3481807213,0.05293357372,0.05239063501
4474,1.0,0.0,0.0,0.0,1.0,1.0,0.3314475768,0.3481813862,0.0528653264,0.05232316256
4475,1.0,0.0,0.0,0.0,1.0,1.0,0.3274621603,0.3458210449,0.05232781172,0.05205523968
4476,1.0,0.0,0.0,0.0,1.0,1.0,0.3199591456,0.3355788041,0.05088180304,0.0503346324
4477,1.0,0.0,0.0,0.0,1.0,1.0,0.3342960087,0.3465213488,0.05291998386,0.05182880163
4478,1.0,0.0,0.0,0.0,1.0,1.0,0.3291264941,0.3465215275,0.05234128237,0.05206722021
4479,1.0,0.0,0.0,0.0,1.0,1.0,0.3221768471,0.3380465173,0.05132961273,0.05077773333
4480,1.0,0.0,0.0,0.0,1.0,1.0,0.327373758,0.3509069482,0.05150848627,0.05205351114
4481,1.0,0.0,0.0,0.0,1.0,1.0,0.3210013048,0.3380462844,0.05035555363,0.05008333921
4482,1.0,0.0,0.0,0.0,1.0,1.0,0.3290845038,0.3465215804,0.05194050074,0.05221527815
4483,1.0,0.0,0.0,0.0,1.0,1.0,0.3285122448,0.3472326214,0.05260252953,0.05260252953
4484,1.0,0.0,0.0,0.0,1.0,1.0,0.3273431211,0.3404692539,0.05223423243,0.05167859793
4485,1.0,0.0,0.0,0.0,1.0,1.0,0.3238610221,0.3343721584,0.05037671328,0.04929333925
4486,1.0,0.0,0.0,0.0,1.0,1.0,0.3250358961,0.3355791829,0.05076354742,0.04994916916
4487,1.0,0.0,0.0,0.0,1.0,1.0,0.3284877902,0.3361757859,0.05144757032,0.05062657595
4488,1.0,0.0,0.0,0.0,1.0,1.0,0.3226819391,0.3331470686,0.05136466026,0.05053168535
4489,1.0,0.0,0.0,0.0,1.0,1.0,0.3249932355,0.3404691206,0.05159896612,0.05159896612
4490,1.0,0.0,0.0,0.0,1.0,1.0,0.3190457456,0.3319178971,0.05062091351,0.05034124851
4491,1.0,0.0,0.0,0.0,1.0,1.0,0.3083383283,0.320716268,0.04836046696,0.04780459404
4492,1.0,0.0,0.0,0.0,1.0,1.0,0.3260591393,0.3418165785,0.05004495382,0.05004495382
4493,1.0,0.0,0.0,0.0,1.0,1.0,0.3208085905,0.336849039,0.05093342066,0.05093342066
4494,1.0,0.0,0.0,0.0,1.0,1.0,0.3119952717,0.3300393343,0.04876172543,0.04876166582
4495,1.0,0.0,0.0,0.0,1.0,1.0,0.3180041469,0.3337615417,0.05029624701,0.05001986027
4496,1.0,0.0,0.0,0.0,1.0,1.0,0.3155207171,0.3319042051,0.04988181591,0.04960310459
4497,1.0,0.0,0.0,0.0,1.0,1.0,0.3177619137,0.3287636083,0.04944711924,0.04834216833
4498,1.0,0.0,0.0,0.0,1.0,1.0,0.3195373251,0.333147637,0.05010247231,0.04954582453
4499,1.0,0.0,0.0,0.0,1.0,1.0,0.3126546402,0.3250973434,0.05047667027,0.04962599277
4500,1.0,0.0,0.0,0.0,1.0,1.0,0.3242869267,0.3300393995,0.05193662643,0.05023378134
4501,1.0,0.0,0.0,0.0,1.0,1.0,0.3193908757,0.3243473783,0.05024039745,0.04854691029
4502,1.0,0.0,0.0,0.0,1.0,1.0,0.3277741436,0.3312757756,0.05157083273,0.04987996817
4503,1.0,0.0,0.0,0.0,1.0,1.0,0.3271873409,0.3368906849,0.05109626055,0.05025869608
4504,1.0,0.0,0.0,0.0,1.0,1.0,0.3241916368,0.3343997101,0.05112016201,0.05027288198
4505,1.0,0.0,0.0,0.0,1.0,1.0,0.3242398064,0.3300394516,0.05073869228,0.04934471846
4506,1.0,0.0,0.0,0.0,1.0,1.0,0.3248186569,0.3312754657,0.05204755068,0.05061763525
4507,1.0,0.0,0.0,0.0,1.0,1.0,0.3260212442,0.3374980375,0.05207705498,0.05150789022
4508,1.0,0.0,0.0,0.0,1.0,1.0,0.3253581735,0.3312754664,0.05158174038,0.05044174194
4509,1.0,0.0,0.0,0.0,1.0,1.0,0.3157083669,0.3219175601,0.05012053251,0.04926127195
4510,1.0,0.0,0.0,0.0,1.0,1.0,0.3163700969,0.3193706232,0.04997843504,0.04827463627
4511,1.0,0.0,0.0,0.0,1.0,1.0,0.3093082757,0.3065201265,0.04906386137,0.04679501057
4512,1.0,0.0,0.0,0.0,1.0,1.0,0.3007327714,0.2938433651,0.04712241888,0.044300735
4513,1.0,0.0,0.0,0.0,1.0,1.0,0.3098628819,0.3028046058,0.04767096043,0.04491537809
4514,1.0,0.0,0.0,0.0,1.0,1.0,0.2962016037,0.3061534483,0.05179035664,0.05179041624
4515,1.0,0.0,0.0,0.0,1.0,1.0,0.2970368478,0.294707186,0.05960685015,0.05645120144
4516,0.0,0.0,0.0,0.0,0.0,0.0,0.0,0.0,0.0,0.0
4517,0.0,0.0,0.0,0.0,0.0,0.0,0.0,0.0,0.0,0.0
4518,0.0,0.0,0.0,0.0,0.0,0.0,0.0,0.0,0.0,0.0
4519,0.0,0.0,0.0,0.0,0.0,0.0,0.0,0.0,0.0,0.0
4520,0.0,0.0,0.0,0.0,0.0,0.0,0.0,0.0,0.0,0.0
4521,1.0,0.0,0.0,0.0,1.0,1.0,0.2406064776,0.1880669159,0.04671853781,0.03430378437
4522,1.0,0.0,0.0,0.0,1.0,1.0,0.2219038555,0.1678029969,0.04333359003,0.03105008602
4523,1.0,0.0,0.0,0.0,1.0,1.0,0.2325976522,0.174807564,0.04509526491,0.03241223097
4524,1.0,0.0,0.0,0.0,1.0,1.0,0.2306404271,0.1715459117,0.04488003254,0.03200745583
4525,1.0,0.0,0.0,0.0,1.0,1.0,0.2267335437,0.172907359,0.04403549433,0.03205788136
4526,1.0,0.0,0.0,0.0,1.0,1.0,0.2172701517,0.1640306369,0.04163461924,0.02983814478
4527,1.0,0.0,0.0,0.0,1.0,1.0,0.2258525959,0.1678165748,0.04367774725,0.03095269203
4528,1.0,0.0,0.0,0.0,1.0,1.0,0.2313195679,0.1758274191,0.04539066553,0.03291684389
4529,1.0,0.0,0.0,0.0,1.0,1.0,0.2232795136,0.1726976297,0.04317390919,0.03220909834
4530,1.0,0.0,0.0,0.0,1.0,1.0,0.2134040958,0.1690505238,0.04044955969,0.03067421913
4531,1.0,0.0,0.0,0.0,1.0,1.0,0.2013396119,0.1506791431,0.037330091,0.02656823397
4532,1.0,0.0,0.0,0.0,1.0,1.0,0.212995986,0.1620715555,0.0399672389,0.02869439125
4533,1.0,0.0,0.0,0.0,1.0,1.0,0.2079870211,0.1588262514,0.0385389924,0.02796638012
4534,1.0,0.0,0.0,0.0,1.0,1.0,0.2135086895,0.1697894153,0.04044634104,0.03068345785
4535,1.0,0.0,0.0,0.0,1.0,1.0,0.2284438102,0.1848025604,0.04340678453,0.03323334455
4536,1.0,0.0,0.0,0.0,1.0,1.0,0.2467090502,0.2147089854,0.04773753881,0.03937476873
4537,1.0,0.0,0.0,0.0,1.0,1.0,0.2873620983,0.2661348946,0.05244374275,0.0458470583
4538,1.0,0.0,0.0,0.0,1.0,1.0,0.30107967,0.2927468889,0.05739158392,0.05331641436
4539,1.0,0.0,0.0,0.0,1.0,1.0,0.3289755848,0.3255758247,0.06135988235,0.05735814571
4540,1.0,0.0,0.0,0.0,1.0,1.0,0.3360956314,0.3325212262,0.0635997653,0.059248209
4541,1.0,0.0,0.0,0.0,1.0,1.0,0.3401979142,0.3269548445,0.06483888626,0.05912768841
4542,1.0,0.0,0.0,0.0,1.0,1.0,0.3458273752,0.3380465869,0.06679213047,0.06144881248
4543,1.0,0.0,0.0,0.0,1.0,1.0,0.3435582899,0.3331475557,0.06497991085,0.05907267332
4544,1.0,0.0,0.0,0.0,1.0,1.0,0.3401240877,0.3294455476,0.06568455696,0.05995821953
4545,1.0,0.0,0.0,0.0,1.0,1.0,0.3348912465,0.3250971167,0.06293064356,0.05735868216
4546,1.0,0.0,0.0,0.0,1.0,1.0,0.335501762,0.3220423303,0.06290316582,0.05760604143
4547,1.0,0.0,0.0,0.0,1.0,1.0,0.3343141661,0.3195239908,0.06251257658,0.05629402399
4548,1.0,0.0,0.0,0.0,1.0,1.0,0.3400516816,0.331931215,0.06554365158,0.06055301428
4549,1.0,0.0,0.0,0.0,1.0,1.0,0.3422744604,0.3379931355,0.06781613827,0.06306904554
4550,1.0,0.0,0.0,0.0,1.0,1.0,0.3406016774,0.3361758666,0.06792128086,0.06346178055
4551,1.0,0.0,0.0,0.0,1.0,1.0,0.3400163934,0.3331473876,0.06906402111,0.06418073177
4552,1.0,0.0,0.0,0.0,1.0,1.0,0.3343080565,0.3216383566,0.06762731075,0.06234389544
4553,1.0,0.0,0.0,0.0,1.0,1.0,0.3302654789,0.3221643471,0.06386440992,0.05884885788
4554,1.0,0.0,0.0,0.0,1.0,1.0,0.3314032315,0.3178372371,0.06507712603,0.05925440788
4555,1.0,0.0,0.0,0.0,1.0,1.0,0.3372240639,0.3221643634,0.06363326311,0.05802828074
4556,1.0,0.0,0.0,0.0,1.0,1.0,0.3285121935,0.311869377,0.06514543295,0.05894106627
4557,1.0,0.0,0.0,0.0,1.0,1.0,0.3325667927,0.3239950824,0.0641579628,0.05945533514
4558,1.0,0.0,0.0,0.0,1.0,1.0,0.3394984053,0.3301073787,0.06725591421,0.06210875511
4559,1.0,0.0,0.0,0.0,1.0,1.0,0.3348913728,0.3185035059,0.06475549936,0.05868470669
4560,1.0,0.0,0.0,0.0,1.0,1.0,0.3308133866,0.3104882054,0.0630363822,0.05636584759
4561,1.0,0.0,0.0,0.0,1.0,1.0,0.3314031893,0.3093512394,0.0631056428,0.05613082647
4562,1.0,0.0,0.0,0.0,1.0,1.0,0.3417780967,0.3277157037,0.06647539139,0.06076794863
4563,1.0,0.0,0.0,0.0,1.0,1.0,0.3435043929,0.3343588631,0.06834173203,0.063190341
4564,1.0,0.0,0.0,0.0,1.0,1.0,0.3394983772,0.3319312754,0.06431716681,0.0597230792
4565,1.0,0.0,0.0,0.0,1.0,1.0,0.3436126652,0.3331473668,0.06430006027,0.05940413475
4566,1.0,0.0,0.0,0.0,1.0,1.0,0.3337328073,0.3221643861,0.06289178133,0.05825763941
4567,1.0,0.0,0.0,0.0,1.0,1.0,0.3395652321,0.3258254127,0.0656208396,0.06020879745
4568,1.0,0.0,0.0,0.0,1.0,1.0,0.3278593133,0.314162596,0.06202894449,0.05702656507
4569,1.0,0.0,0.0,0.0,1.0,1.0,0.3413155681,0.3289071098,0.06317615509,0.05864042044
4570,1.0,0.0,0.0,0.0,1.0,1.0,0.3331473917,0.3209886579,0.06174373627,0.05719417334
4571,1.0,0.0,0.0,0.0,1.0,1.0,0.3190458235,0.3056901766,0.06139117479,0.05664271116
4572,1.0,0.0,0.0,0.0,1.0,1.0,0.329622014,0.3123256447,0.06074994802,0.05522722006
4573,1.0,0.0,0.0,0.0,1.0,1.0,0.3296588997,0.3216385066,0.06231272221,0.0583563447
4574,1.0,0.0,0.0,0.0,1.0,1.0,0.336064401,0.3228126527,0.06387549639,0.05888527632
4575,1.0,0.0,0.0,0.0,1.0,1.0,0.3436678758,0.3301077332,0.0647444725,0.05978953838
4576,1.0,0.0,0.0,0.0,1.0,1.0,0.3395989526,0.3258255737,0.06582713127,0.0607110858
4577,1.0,0.0,0.0,0.0,1.0,1.0,0.3302200688,0.314369869,0.0591019392,0.05438631773
4578,1.0,0.0,0.0,0.0,1.0,1.0,0.3325608744,0.3125528176,0.06356263161,0.05784535408
4579,1.0,0.0,0.0,0.0,1.0,1.0,0.3272508544,0.3127883256,0.0599758029,0.05478870869
4580,1.0,0.0,0.0,0.0,1.0,1.0,0.3378395957,0.3239948964,0.06404846907,0.05904465914
4581,1.0,0.0,0.0,0.0,1.0,1.0,0.350156372,0.3319313871,0.06859350204,0.06273376942
4582,1.0,0.0,0.0,0.0,1.0,1.0,0.3471745822,0.3355792911,0.06548672915,0.06085640192
4583,1.0,0.0,0.0,0.0,1.0,1.0,0.3510151635,0.3409645772,0.06708431244,0.06245774031
4584,1.0,0.0,0.0,0.0,1.0,1.0,0.3510151689,0.3403898759,0.06719344854,0.06222844124
4585,1.0,0.0,0.0,0.0,1.0,1.0,0.3569432205,0.3422001433,0.06763833761,0.06235927343
4586,1.0,0.0,0.0,0.0,1.0,1.0,0.3472490157,0.3246361379,0.06648755074,0.06007498503
4587,1.0,0.0,0.0,0.0,1.0,1.0,0.3396331987,0.3270234288,0.06378513575,0.05913418531
4588,1.0,0.0,0.0,0.0,1.0,1.0,0.355673404,0.334978007,0.06834632158,0.06253689528
4589,1.0,0.0,0.0,0.0,1.0,1.0,0.3401980781,0.3191649995,0.06413829327,0.05815649033
4590,1.0,0.0,0.0,0.0,1.0,1.0,0.354188211,0.3325416274,0.06790888309,0.06152141094
4591,1.0,0.0,0.0,0.0,1.0,1.0,0.3313752023,0.3123255627,0.06201267242,0.05637514591
4592,1.0,0.0,0.0,0.0,1.0,1.0,0.3454860965,0.3264597475,0.06567382812,0.05997759104
4593,1.0,0.0,0.0,0.0,1.0,1.0,0.3401608093,0.3209885822,0.06481814384,0.05880409479
4594,1.0,0.0,0.0,0.0,1.0,1.0,0.3519161405,0.3398837745,0.06787145138,0.0627810955
4595,1.0,0.0,0.0,0.0,1.0,1.0,0.3524347741,0.3386384728,0.06730020046,0.06194293499
4596,1.0,0.0,0.0,0.0,1.0,1.0,0.3555536967,0.335579063,0.0673905611,0.06169086695
4597,1.0,0.0,0.0,0.0,1.0,1.0,0.3537847545,0.3386387739,0.06701642275,0.06199020147
4598,1.0,0.0,0.0,0.0,1.0,1.0,0.3514912078,0.336808312,0.06620758772,0.06152623892
4599,1.0,0.0,0.0,0.0,1.0,1.0,0.3349190899,0.3233488549,0.06394153833,0.05954349041
4600,1.0,0.0,0.0,0.0,1.0,1.0,0.3266382808,0.3160002206,0.06211519241,0.05806422234
4601,1.0,0.0,0.0,0.0,1.0,1.0,0.3044896757,0.2842279254,0.05538088083,0.04984277487
4602,1.0,0.0,0.0,0.0,1.0,1.0,0.2883691559,0.2609653903,0.05247795582,0.04595899582
4603,1.0,0.0,0.0,0.0,1.0,1.0,0.2553319351,0.2319458676,0.04647111893,0.04082816839
4604,1.0,0.0,0.0,0.0,1.0,1.0,0.2587839666,0.2339519355,0.04993212223,0.04304498434
4605,1.0,0.0,0.0,0.0,1.0,1.0,0.2295282348,0.1942313833,0.04278373718,0.03469866514
4606,1.0,0.0,0.0,0.0,1.0,1.0,0.2190803661,0.1765928546,0.04061746597,0.03155404329
4607,1.0,0.0,0.0,0.0,1.0,1.0,0.1927762253,0.1458330412,0.03489899635,0.02541190386
4608,1.0,0.0,0.0,0.0,1.0,1.0,0.1792894156,0.1294099248,0.03131210804,0.02165198326
4609,1.0,0.0,0.0,0.0,1.0,1.0,0.167536684,0.1119374754,0.03005820513,0.0193477869
4610,1.0,0.0,0.0,0.0,1.0,1.0,0.1649749538,0.1159350318,0.02867144346,0.01933652163
4611,1.0,0.0,0.0,0.0,1.0,1.0,0.1659305828,0.1159354741,0.02806895971,0.01893025637
4612,1.0,0.0,0.0,0.0,1.0,1.0,0.1626997618,0.1143940209,0.02868878841,0.01946741343
4613,1.0,0.0,0.0,0.0,1.0,1.0,0.1614485656,0.1088104187,0.02787399292,0.01791900396
4614,1.0,0.0,0.0,0.0,1.0,1.0,0.1685105321,0.1126421966,0.0294483304,0.01861679554
4615,1.0,0.0,0.0,0.0,1.0,1.0,0.1698270322,0.1101423704,0.0291929841,0.01811975241
4616,1.0,0.0,0.0,0.0,1.0,1.0,0.1496170485,0.09292315757,0.0259911418,0.01559466124
4617,1.0,0.0,0.0,0.0,1.0,1.0,0.1502165297,0.09459741076,0.02514469624,0.01542210579
4618,1.0,0.0,0.0,0.0,1.0,1.0,0.1392664193,0.08893351362,0.02323675156,0.01435214281
4619,1.0,0.0,0.0,0.0,1.0,1.0,0.1388698876,0.1076986087,0.02352333069,0.0178207159
4620,1.0,0.0,0.0,0.0,1.0,1.0,0.1418700388,0.1201048131,0.02591729164,0.02166223526
4621,1.0,0.0,0.0,0.0,1.0,1.0,0.1430869988,0.112006696,0.02559262514,0.0201639533
4622,1.0,0.0,0.0,0.0,1.0,1.0,0.1511033612,0.1190824512,0.02652388811,0.02121913433
4623,1.0,0.0,0.0,0.0,1.0,1.0,0.1440245908,0.1091092821,0.02516281605,0.01906269789
4624,1.0,0.0,0.0,0.0,1.0,1.0,0.1302692752,0.09356453356,0.0232732892,0.01678723097
4625,1.0,0.0,0.0,0.0,1.0,1.0,0.1228128027,0.08615881235,0.0214163661,0.01476991177
4626,0.0,0.0,0.0,0.0,0.0,0.0,0.0,0.0,0.0,0.0
4627,0.0,0.0,0.0,0.0,0.0,0.0,0.0,0.0,0.0,0.0
4628,0.0,0.0,0.0,0.0,0.0,0.0,0.0,0.0,0.0,0.0
4629,0.0,0.0,0.0,0.0,0.0,0.0,0.0,0.0,0.0,0.0
4630,0.0,0.0,0.0,0.0,0.0,0.0,0.0,0.0,0.0,0.0
4631,0.0,0.0,0.0,0.0,0.0,0.0,0.0,0.0,0.0,0.0
4632,0.0,0.0,0.0,0.0,0.0,0.0,0.0,0.0,0.0,0.0
4633,0.0,0.0,0.0,0.0,0.0,0.0,0.0,0.0,0.0,0.0
4634,0.0,0.0,0.0,0.0,0.0,0.0,0.0,0.0,0.0,0.0
4635,0.0,0.0,0.0,0.0,0.0,0.0,0.0,0.0,0.0,0.0
4636,0.0,0.0,0.0,0.0,0.0,0.0,0.0,0.0,0.0,0.0
4637,0.0,0.0,0.0,0.0,0.0,0.0,0.0,0.0,0.0,0.0
4638,0.0,0.0,0.0,0.0,0.0,0.0,0.0,0.0,0.0,0.0
4639,0.0,0.0,0.0,0.0,0.0,0.0,0.0,0.0,0.0,0.0
4640,0.0,0.0,0.0,0.0,0.0,0.0,0.0,0.0,0.0,0.0
4641,1.0,0.0,0.0,0.0,1.0,1.0,0.1256028288,0.1135728842,0.02438503504,0.02090150118
4642,1.0,0.0,0.0,0.0,1.0,1.0,0.1242829514,0.1090299981,0.02336198092,0.0194683075
4643,1.0,0.0,0.0,0.0,1.0,1.0,0.1407157655,0.1230658372,0.0227496624,0.01924973726
4644,1.0,0.0,0.0,0.0,1.0,1.0,0.1480651681,0.1267675022,0.02283489704,0.01875728369
4645,1.0,0.0,0.0,0.0,1.0,1.0,0.1468208098,0.1346110685,0.02239608765,0.01969772577
4646,1.0,0.0,0.0,0.0,1.0,1.0,0.1483268656,0.1295572537,0.02255785465,0.01879823208
4647,1.0,0.0,0.0,0.0,1.0,1.0,0.1437919539,0.1272354838,0.02178758383,0.0185598135
4648,1.0,0.0,0.0,0.0,1.0,1.0,0.1422690445,0.1314080975,0.02216845751,0.01967453957
4649,1.0,0.0,0.0,0.0,1.0,1.0,0.147081112,0.140662228,0.02254700661,0.02064543962
4650,1.0,0.0,0.0,0.0,1.0,1.0,0.1506249409,0.1406625922,0.02292501926,0.02049773932
4651,1.0,0.0,0.0,0.0,1.0,1.0,0.1513241143,0.130441932,0.02348142862,0.01938581467
4652,1.0,0.0,0.0,0.0,1.0,1.0,0.1450517663,0.1374699999,0.02222239971,0.02005439997
4653,1.0,0.0,0.0,0.0,1.0,1.0,0.144795466,0.1258557573,0.02242988348,0.01860040426
4654,1.0,0.0,0.0,0.0,1.0,1.0,0.1430295786,0.130923149,0.02194607258,0.01923668385
4655,1.0,0.0,0.0,0.0,1.0,1.0,0.1478047713,0.1382992642,0.0226508975,0.02022403479
4656,1.0,0.0,0.0,0.0,1.0,1.0,0.1445401285,0.1263234064,0.02228480577,0.01848006248
4657,1.0,0.0,0.0,0.0,1.0,1.0,0.1460453891,0.1258558292,0.02263867855,0.01854735613
4658,1.0,0.0,0.0,0.0,1.0,1.0,0.1387126893,0.12774836,0.02140986919,0.0186650157
4659,1.0,0.0,0.0,0.0,1.0,1.0,0.1382208129,0.1286595025,0.0212661624,0.01881235838
4660,1.0,0.0,0.0,0.0,1.0,1.0,0.1394981952,0.1337540448,0.02156418562,0.01965337992
4661,1.0,0.0,0.0,0.0,1.0,1.0,0.1422696061,0.1291410416,0.02169024944,0.01870775223
4662,1.0,0.0,0.0,0.0,1.0,1.0,0.142269381,0.1371414314,0.02204465866,0.02011573315
4663,1.0,0.0,0.0,0.0,1.0,1.0,0.1397448194,0.1305242165,0.02184587717,0.01935714483
4664,1.0,0.0,0.0,0.0,1.0,1.0,0.1402414305,0.132884809,0.02182596922,0.01961576939
4665,1.0,0.0,0.0,0.0,1.0,1.0,0.1415141133,0.1300387208,0.02193689346,0.01919472218
4666,1.0,0.0,0.0,0.0,1.0,1.0,0.1397451904,0.1337544349,0.02143758535,0.01953804493
4667,1.0,0.0,0.0,0.0,1.0,1.0,0.1450520155,0.1393276551,0.02263998985,0.02070730925
4668,1.0,0.0,0.0,0.0,1.0,1.0,0.1412450322,0.134756192,0.02174007893,0.01981371641
4669,1.0,0.0,0.0,0.0,1.0,1.0,0.1468209656,0.1361182383,0.02281928062,0.02006995678
4670,1.0,0.0,0.0,0.0,1.0,1.0,0.1458260296,0.1300388649,0.02212154865,0.01888424158
4671,1.0,0.0,0.0,0.0,1.0,1.0,0.1488532694,0.1323884413,0.02280968428,0.01927953959
4672,1.0,0.0,0.0,0.0,1.0,1.0,0.1508927843,0.1318965713,0.02315509319,0.01934129
4673,1.0,0.0,0.0,0.0,1.0,1.0,0.1515398919,0.150291848,0.02289557457,0.02180528641
4674,1.0,0.0,0.0,0.0,1.0,1.0,0.1578068354,0.1338876778,0.02376949787,0.01939809322
4675,1.0,0.0,0.0,0.0,1.0,1.0,0.1656730928,0.1357731382,0.02518355846,0.01970887184
4676,1.0,0.0,0.0,0.0,1.0,1.0,0.1565611016,0.134024795,0.02352380753,0.01914727688
4677,1.0,0.0,0.0,0.0,1.0,1.0,0.1625708989,0.1297722013,0.02380037308,0.01812070608
4678,1.0,0.0,0.0,0.0,1.0,1.0,0.1699607218,0.1292714346,0.02487784624,0.01811754704
4679,1.0,0.0,0.0,0.0,1.0,1.0,0.1443438155,0.1140046807,0.02148491144,0.01631760597
4680,1.0,0.0,0.0,0.0,1.0,1.0,0.2322283877,0.2059780644,0.03659147024,0.0311704874
4681,1.0,0.0,0.0,0.0,1.0,1.0,0.2883963209,0.2865533996,0.04609787464,0.04344856739
4682,1.0,0.0,0.0,0.0,1.0,1.0,0.3098922167,0.3221196244,0.04967552423,0.04811495543
4683,1.0,0.0,0.0,0.0,1.0,1.0,0.3144311253,0.3308258428,0.05119383335,0.04962670803
4684,1.0,0.0,0.0,0.0,1.0,1.0,0.2243643107,0.1995154579,0.03506094217,0.02842062712
4685,1.0,0.0,0.0,0.0,1.0,1.0,0.1468717011,0.1239464191,0.02182000875,0.01676410437
4686,1.0,0.0,0.0,0.0,1.0,1.0,0.2399325259,0.2334463024,0.03809154034,0.03362560272
4687,1.0,0.0,0.0,0.0,1.0,1.0,0.2892693941,0.2991285857,0.04651194811,0.04442149401
4688,1.0,0.0,0.0,0.0,1.0,1.0,0.3110093882,0.3274031796,0.05046528578,0.04993957281
4689,1.0,0.0,0.0,0.0,1.0,1.0,0.3244518716,0.3366176741,0.05248135328,0.05116271973
4690,1.0,0.0,0.0,0.0,1.0,1.0,0.3315380208,0.3405631428,0.05425405502,0.05241042376
4691,1.0,0.0,0.0,0.0,1.0,1.0,0.3240128727,0.3337294177,0.05279779434,0.05017095804
4692,1.0,0.0,0.0,0.0,1.0,1.0,0.32353714,0.3401609908,0.05361253023,0.05148929358
4693,1.0,0.0,0.0,0.0,1.0,1.0,0.3066471748,0.3202436872,0.05036091805,0.04849565029
4694,1.0,0.0,0.0,0.0,1.0,1.0,0.3163815419,0.3256802691,0.0515973568,0.05000978708
4695,1.0,0.0,0.0,0.0,1.0,1.0,0.3222955389,0.3308498816,0.05276030302,0.05116152763
4696,1.0,0.0,0.0,0.0,1.0,1.0,0.3188303672,0.3308257678,0.05202233791,0.0512136817
4697,1.0,0.0,0.0,0.0,1.0,1.0,0.3201464225,0.3291676956,0.05255144835,0.05148440599
4698,1.0,0.0,0.0,0.0,1.0,1.0,0.3331471015,0.3370999333,0.05514329672,0.05352938175
4699,1.0,0.0,0.0,0.0,1.0,1.0,0.3304342854,0.3365470306,0.05476331711,0.0534145236
4700,1.0,0.0,0.0,0.0,1.0,1.0,0.3347725308,0.3399460464,0.05574059486,0.05411702394
4701,1.0,0.0,0.0,0.0,1.0,1.0,0.3249010794,0.3297127323,0.05314034224,0.05179160833
4702,1.0,0.0,0.0,0.0,1.0,1.0,0.3243657561,0.329168,0.05294471979,0.05186975002
4703,1.0,0.0,0.0,0.0,1.0,1.0,0.3293241579,0.3365470962,0.05426490307,0.05345505476
4704,1.0,0.0,0.0,0.0,1.0,1.0,0.2933686216,0.2970851553,0.04760974646,0.04653382301
4705,1.0,0.0,0.0,0.0,1.0,1.0,0.1988506772,0.1617276325,0.03077155352,0.02381449938
4706,1.0,0.0,0.0,0.0,1.0,1.0,0.1943837215,0.1533439406,0.03015762568,0.02268493176
4707,1.0,0.0,0.0,0.0,1.0,1.0,0.2548574661,0.2350603447,0.04107397795,0.03624176979
4708,1.0,0.0,0.0,0.0,1.0,1.0,0.2843805358,0.2860468622,0.04608494043,0.04422020912
4709,1.0,0.0,0.0,0.0,1.0,1.0,0.3163817066,0.3246484486,0.05244779587,0.05137193203
4710,1.0,0.0,0.0,0.0,1.0,1.0,0.3191087742,0.3258313977,0.05218070745,0.05112117529
4711,1.0,0.0,0.0,0.0,1.0,1.0,0.2871956698,0.2814127781,0.04679334164,0.04411947727
4712,1.0,0.0,0.0,0.0,1.0,1.0,0.143039443,0.1135729454,0.02143311501,0.01648700237
4713,1.0,0.0,0.0,0.0,1.0,1.0,0.1508249596,0.1160399131,0.02330982685,0.01741212606
4714,1.0,0.0,0.0,0.0,1.0,1.0,0.2019778873,0.1562760623,0.03184747696,0.02361100912
4715,1.0,0.0,0.0,0.0,1.0,1.0,0.2694004869,0.250731083,0.04371762276,0.03886008263
4716,1.0,0.0,0.0,0.0,1.0,1.0,0.3043904087,0.3032205945,0.05060023069,0.0484355092
4717,1.0,0.0,0.0,0.0,1.0,1.0,0.331530076,0.3314651291,0.05543100834,0.05326789618
4718,1.0,0.0,0.0,0.0,1.0,1.0,0.3293240794,0.3297477767,0.05438745022,0.05249339342
4719,1.0,0.0,0.0,0.0,1.0,1.0,0.3326060851,0.3325843881,0.05519717932,0.05304318666
4720,1.0,0.0,0.0,0.0,1.0,1.0,0.331015241,0.3337062496,0.05648046732,0.05429762602
4721,1.0,0.0,0.0,0.0,1.0,1.0,0.325100262,0.3280998314,0.05370205641,0.05184113979
4722,1.0,0.0,0.0,0.0,1.0,1.0,0.3299286296,0.3342725948,0.05514073372,0.05325782299
4723,1.0,0.0,0.0,0.0,1.0,1.0,0.3267097838,0.3269360257,0.05509710312,0.05238294601
4724,1.0,0.0,0.0,0.0,1.0,1.0,0.3342187514,0.3342725255,0.05660551786,0.05388402939
4725,1.0,0.0,0.0,0.0,1.0,1.0,0.3267405403,0.3231527155,0.05537486076,0.05266040564
4726,1.0,0.0,0.0,0.0,1.0,1.0,0.3267406411,0.3213693183,0.05583655834,0.05227833986
4727,1.0,0.0,0.0,0.0,1.0,1.0,0.3235375775,0.3180041148,0.05574113131,0.05215376616
4728,1.0,0.0,0.0,0.0,1.0,1.0,0.327791283,0.3213696032,0.05666387081,0.05305296183
4729,1.0,0.0,0.0,0.0,1.0,1.0,0.3262176884,0.3230519469,0.05689829588,0.05355137587
4730,1.0,0.0,0.0,0.0,1.0,1.0,0.3202721306,0.3180043178,0.05593687296,0.05312597752
4731,1.0,0.0,0.0,0.0,1.0,1.0,0.3304472396,0.3264172441,0.05765634775,0.05483013391
4732,1.0,0.0,0.0,0.0,1.0,1.0,0.3037515996,0.3008525558,0.05209219456,0.04957169294
4733,1.0,0.0,0.0,0.0,1.0,1.0,0.1967544807,0.1547178949,0.03240042925,0.02494543791
4734,1.0,0.0,0.0,0.0,1.0,1.0,0.1572359067,0.1064389313,0.02486246824,0.0168607831
4735,1.0,0.0,0.0,0.0,1.0,1.0,0.1558268553,0.1056757728,0.0247374177,0.01677596569
4736,1.0,0.0,0.0,0.0,1.0,1.0,0.1926008621,0.1442855534,0.03162562847,0.0233630538
4737,1.0,0.0,0.0,0.0,1.0,1.0,0.2805743286,0.2692096954,0.0480389595,0.04548060894
4738,1.0,0.0,0.0,0.0,1.0,1.0,0.3091562596,0.3034607135,0.05239593983,0.05100977421
4739,1.0,0.0,0.0,0.0,1.0,1.0,0.3423409893,0.3369827291,0.05896633863,0.05728960037
4740,1.0,0.0,0.0,0.0,1.0,1.0,0.3390672415,0.3358779825,0.05873906612,0.05734056234
4741,1.0,0.0,0.0,0.0,1.0,1.0,0.329343304,0.325977039,0.05629879236,0.05490523577
4742,1.0,0.0,0.0,0.0,1.0,1.0,0.3267097699,0.324409159,0.05654543638,0.05515271425
4743,1.0,0.0,0.0,0.0,1.0,1.0,0.3191766365,0.3137784103,0.05570328236,0.05317133665
4744,1.0,0.0,0.0,0.0,1.0,1.0,0.3185210706,0.3119062616,0.05480104685,0.05200511217
4745,1.0,0.0,0.0,0.0,1.0,1.0,0.3223481349,0.3121180685,0.05567455292,0.0525971055
4746,1.0,0.0,0.0,0.0,1.0,1.0,0.3218267214,0.3121179206,0.05587530136,0.05278670788
4747,1.0,0.0,0.0,0.0,1.0,1.0,0.329398101,0.3226673798,0.05730760098,0.05451208353
4748,1.0,0.0,0.0,0.0,1.0,1.0,0.3293797598,0.32315284,0.05695456266,0.0541626811
4749,1.0,0.0,0.0,0.0,1.0,1.0,0.3261843655,0.3181557559,0.05701619387,0.05364578962
4750,1.0,0.0,0.0,0.0,1.0,1.0,0.3259573781,0.3193580394,0.05655550957,0.05350589752
4751,1.0,0.0,0.0,0.0,1.0,1.0,0.3257321795,0.3156130959,0.05677771568,0.05317717791
4752,1.0,0.0,0.0,0.0,1.0,1.0,0.3272929709,0.319358034,0.05672508478,0.05340462923
4753,1.0,0.0,0.0,0.0,1.0,1.0,0.3154440097,0.3108634004,0.0544065237,0.05163067579
4754,1.0,0.0,0.0,0.0,1.0,1.0,0.3176397029,0.3108631368,0.05526912212,0.0519194603
4755,1.0,0.0,0.0,0.0,1.0,1.0,0.3142490715,0.3066086233,0.05412566662,0.05049872398
4756,1.0,0.0,0.0,0.0,1.0,1.0,0.3066470646,0.2981386033,0.05274450779,0.04911655188
4757,1.0,0.0,0.0,0.0,1.0,1.0,0.3095045232,0.3025064835,0.0534914732,0.05042684078
4758,1.0,0.0,0.0,0.0,1.0,1.0,0.3132336863,0.3112736761,0.05444961786,0.05192357302
4759,1.0,0.0,0.0,0.0,1.0,1.0,0.318662805,0.3169373839,0.05517762899,0.05266958475
4760,1.0,0.0,0.0,0.0,1.0,1.0,0.3213070193,0.3235478092,0.05537849665,0.05315214396
4761,1.0,0.0,0.0,0.0,1.0,1.0,0.3168964124,0.315078014,0.05433404446,0.05182623863
4762,1.0,0.0,0.0,0.0,1.0,1.0,0.3207285024,0.3157017536,0.05536091328,0.052285254
4763,1.0,0.0,0.0,0.0,1.0,1.0,0.3131368776,0.3106374763,0.05341315269,0.0509223938
4764,1.0,0.0,0.0,0.0,1.0,1.0,0.3180044536,0.3173904086,0.05466037989,0.05242931843
4765,1.0,0.0,0.0,0.0,1.0,1.0,0.3196923111,0.3140137142,0.05539011955,0.05203312635
4766,1.0,0.0,0.0,0.0,1.0,1.0,0.3272365265,0.3253215135,0.05625021458,0.05375635624
4767,1.0,0.0,0.0,0.0,1.0,1.0,0.3320828227,0.3281500665,0.05754178762,0.05449873209
4768,1.0,0.0,0.0,0.0,1.0,1.0,0.3379066921,0.3353609974,0.05854123831,0.05551797152
4769,1.0,0.0,0.0,0.0,1.0,1.0,0.3320829998,0.328720253,0.05820167065,0.0554035306
4770,1.0,0.0,0.0,0.0,1.0,1.0,0.3342134001,0.3298157613,0.05811452866,0.0550558567
4771,1.0,0.0,0.0,0.0,1.0,1.0,0.3390107616,0.3337007228,0.05892914534,0.05587148666
4772,1.0,0.0,0.0,0.0,1.0,1.0,0.3283877946,0.3303800638,0.05743455887,0.0552148819
4773,1.0,0.0,0.0,0.0,1.0,1.0,0.3406098091,0.342617733,0.05951792002,0.05728244781
4774,1.0,0.0,0.0,0.0,1.0,1.0,0.327842524,0.3298158235,0.0567600131,0.05455571413
4775,1.0,0.0,0.0,0.0,1.0,1.0,0.3363503899,0.3398101411,0.05759745836,0.05595183372
4776,1.0,0.0,0.0,0.0,1.0,1.0,0.3310153785,0.3359327113,0.05762797594,0.05595755577
4777,1.0,0.0,0.0,0.0,1.0,1.0,0.3218268409,0.3236447311,0.05488967896,0.05323469639
4778,1.0,0.0,0.0,0.0,1.0,1.0,0.3045300292,0.3062265654,0.05220508575,0.05053901672
4779,1.0,0.0,0.0,0.0,1.0,1.0,0.3111164214,0.3202910317,0.05424410105,0.05368202925
4780,1.0,0.0,0.0,0.0,1.0,1.0,0.318521287,0.3258316882,0.05531907082,0.05447238684
4781,1.0,0.0,0.0,0.0,1.0,1.0,0.3103957464,0.3196869501,0.05328309536,0.05300414562
4782,1.0,0.0,0.0,0.0,1.0,1.0,0.3062804676,0.3158772906,0.05296415091,0.05268543959
4783,1.0,0.0,0.0,0.0,1.0,1.0,0.3062804065,0.3148242083,0.05299466848,0.05271577835
4784,1.0,0.0,0.0,0.0,1.0,1.0,0.3163817167,0.3236450144,0.05469590425,0.05413496494
4785,1.0,0.0,0.0,0.0,1.0,1.0,0.3060179502,0.3091917997,0.05296474695,0.05211955309
4786,1.0,0.0,0.0,0.0,1.0,1.0,0.2122102404,0.1642190115,0.03524649143,0.02643483877
4787,1.0,0.0,0.0,0.0,1.0,1.0,0.1759580096,0.1326534763,0.02875745296,0.02099299431
4788,1.0,0.0,0.0,0.0,1.0,1.0,0.1891304899,0.1432894165,0.03109616041,0.02282291651
4789,1.0,0.0,0.0,0.0,1.0,1.0,0.2502802019,0.2255684353,0.04285794497,0.03739285469
4790,1.0,0.0,0.0,0.0,1.0,1.0,0.2874429608,0.2855548897,0.04897743464,0.04728853703
4791,1.0,0.0,0.0,0.0,1.0,1.0,0.306018258,0.3129568279,0.05211377144,0.05155938864
4792,1.0,0.0,0.0,0.0,1.0,1.0,0.2988526646,0.307260791,0.0518758893,0.05159240961
4793,1.0,0.0,0.0,0.0,1.0,1.0,0.3026131883,0.3089490125,0.0516166687,0.05105865002
4794,1.0,0.0,0.0,0.0,1.0,1.0,0.3067754736,0.3125345372,0.0532271862,0.05238676071
4795,1.0,0.0,0.0,0.0,1.0,1.0,0.3061502456,0.3135834808,0.05293393135,0.0523737669
4796,1.0,0.0,0.0,0.0,1.0,1.0,0.3097781941,0.3146393228,0.05287218094,0.05203735828
4797,1.0,0.0,0.0,0.0,1.0,1.0,0.3174121007,0.3247344815,0.05450326204,0.05394428968
4798,1.0,0.0,0.0,0.0,1.0,1.0,0.3125292041,0.324143397,0.05336111784,0.05336111784
4799,1.0,0.0,0.0,0.0,1.0,1.0,0.3098920025,0.3157021901,0.05305659771,0.05194544792
4800,1.0,0.0,0.0,0.0,1.0,1.0,0.303402147,0.3106373337,0.05182445049,0.0509930253
4801,1.0,0.0,0.0,0.0,1.0,1.0,0.3077695723,0.3146390544,0.0520324707,0.05121093988
4802,1.0,0.0,0.0,0.0,1.0,1.0,0.3087707211,0.3102294273,0.05235445499,0.05097669363
4803,1.0,0.0,0.0,0.0,1.0,1.0,0.3090063008,0.3163218082,0.05329793692,0.05218756199
4804,1.0,0.0,0.0,0.0,1.0,1.0,0.311116257,0.3152601593,0.05397462845,0.05257636309
4805,1.0,0.0,0.0,0.0,1.0,1.0,0.3052954639,0.3091919387,0.0527561903,0.05136793852
4806,1.0,0.0,0.0,0.0,1.0,1.0,0.3096181419,0.3158769071,0.05355030298,0.0524404645
4807,1.0,0.0,0.0,0.0,1.0,1.0,0.3101162645,0.3158771109,0.05321800709,0.05211502314
4808,1.0,0.0,0.0,0.0,1.0,1.0,0.3139273229,0.3208911877,0.05438876152,0.05327880383
4809,1.0,0.0,0.0,0.0,1.0,1.0,0.3095045806,0.3175485771,0.05407392979,0.05351066589
4810,1.0,0.0,0.0,0.0,1.0,1.0,0.3080142421,0.3148240839,0.05305302143,0.05222404003
4811,1.0,0.0,0.0,0.0,1.0,1.0,0.3106156713,0.3192199834,0.05359268188,0.05303734541
4812,1.0,0.0,0.0,0.0,1.0,1.0,0.3067754689,0.3135835714,0.05248439312,0.05165570974
4813,1.0,0.0,0.0,0.0,1.0,1.0,0.3106155349,0.3198215737,0.05389088392,0.05361169577
4814,1.0,0.0,0.0,0.0,1.0,1.0,0.3122252449,0.3192196893,0.05389666557,0.05306315422
4815,1.0,0.0,0.0,0.0,1.0,1.0,0.3078927872,0.3169371357,0.05244523287,0.05189603567
4816,1.0,0.0,0.0,0.0,1.0,1.0,0.3083901797,0.3169368973,0.05255508423,0.05200469494
4817,1.0,0.0,0.0,0.0,1.0,1.0,0.3055203889,0.3129564327,0.05273973942,0.0521786809
4818,1.0,0.0,0.0,0.0,1.0,1.0,0.3110093837,0.3169371794,0.05298793316,0.05216002464
4819,1.0,0.0,0.0,0.0,1.0,1.0,0.3111168123,0.3192197035,0.05374103785,0.05318409204
4820,1.0,0.0,0.0,0.0,1.0,1.0,0.3133296569,0.320419135,0.05403268337,0.05347853899
4821,1.0,0.0,0.0,0.0,1.0,1.0,0.3121234778,0.3180039863,0.05411952734,0.05299782753
4822,1.0,0.0,0.0,0.0,1.0,1.0,0.3181501993,0.3264843925,0.05481517315,0.0542615056
4823,1.0,0.0,0.0,0.0,1.0,1.0,0.3176397163,0.3292478729,0.05474066734,0.054464221
4824,1.0,0.0,0.0,0.0,1.0,1.0,0.3132338797,0.3202911464,0.05351269245,0.05268520117
4825,1.0,0.0,0.0,0.0,1.0,1.0,0.3159523718,0.3242336125,0.05477052927,0.05421167612
4826,1.0,0.0,0.0,0.0,1.0,1.0,0.3127284166,0.3192198607,0.05359828472,0.05276948214
4827,1.0,0.0,0.0,0.0,1.0,1.0,0.3083900045,0.3169370341,0.05284386873,0.05229049921
4828,1.0,0.0,0.0,0.0,1.0,1.0,0.307396803,0.315260053,0.05298900604,0.05215668678
4829,1.0,0.0,0.0,0.0,1.0,1.0,0.3069027545,0.3175484652,0.05312734842,0.05284917355
4830,1.0,0.0,0.0,0.0,1.0,1.0,0.3105060321,0.3192195329,0.05290579796,0.05263024569
4831,1.0,0.0,0.0,0.0,1.0,1.0,0.3088891627,0.3196864783,0.05293411016,0.05265688896
4832,1.0,0.0,0.0,0.0,1.0,1.0,0.3088890174,0.316937269,0.05308252573,0.05252671242
4833,1.0,0.0,0.0,0.0,1.0,1.0,0.312123318,0.3192197436,0.05405718088,0.05349701643
4834,1.0,0.0,0.0,0.0,1.0,1.0,0.3106156836,0.3202909862,0.05304342508,0.05249375105
4835,1.0,0.0,0.0,0.0,1.0,1.0,0.3093895176,0.321369252,0.05269271135,0.05269271135
4836,1.0,0.0,0.0,0.0,1.0,1.0,0.3127286108,0.3219679823,0.05397319794,0.05341678858
4837,1.0,0.0,0.0,0.0,1.0,1.0,0.3115146052,0.3196868315,0.05302780867,0.05247539282
4838,1.0,0.0,0.0,0.0,1.0,1.0,0.3127288418,0.3230518232,0.05412876606,0.05357068777
4839,1.0,0.0,0.0,0.0,1.0,1.0,0.3056547158,0.3157020847,0.05249494314,0.05193942785
4840,1.0,0.0,0.0,0.0,1.0,1.0,0.3050247034,0.3091922728,0.05273103714,0.05188959837
4841,1.0,0.0,0.0,0.0,1.0,1.0,0.3001572255,0.3051986005,0.05112606287,0.05029696226
4842,1.0,0.0,0.0,0.0,1.0,1.0,0.3067751066,0.311906218,0.05263382196,0.05152577162
4843,1.0,0.0,0.0,0.0,1.0,1.0,0.3006448846,0.304543763,0.0512522459,0.05014413595
4844,1.0,0.0,0.0,0.0,1.0,1.0,0.3034022741,0.3025068431,0.05167490244,0.05001688004
4845,1.0,0.0,0.0,0.0,1.0,1.0,0.3021186293,0.30726109,0.05193454027,0.05109244585
4846,1.0,0.0,0.0,0.0,1.0,1.0,0.307769652,0.3119063201,0.05243498087,0.05133110285
4847,1.0,0.0,0.0,0.0,1.0,1.0,0.3035463551,0.3129564826,0.05205768347,0.05150383711
4848,1.0,0.0,0.0,0.0,1.0,1.0,0.3027623285,0.3089491219,0.05208933353,0.05124920607
4849,1.0,0.0,0.0,0.0,1.0,1.0,0.3061500545,0.3119063635,0.0526561141,0.05182027817
4850,1.0,0.0,0.0,0.0,1.0,1.0,0.3025686129,0.3091917653,0.05249327421,0.05165559053
4851,1.0,0.0,0.0,0.0,1.0,1.0,0.3057872428,0.3114925096,0.05250096321,0.05167198181
4852,1.0,0.0,0.0,0.0,1.0,1.0,0.3041781369,0.3098272179,0.05265712738,0.05182129145
4853,1.0,0.0,0.0,0.0,1.0,1.0,0.3003169643,0.3058492433,0.05172890425,0.05089455843
4854,1.0,0.0,0.0,0.0,1.0,1.0,0.3046685962,0.3125343951,0.05296057463,0.05240011215
4855,1.0,0.0,0.0,0.0,1.0,1.0,0.2987023165,0.308552467,0.05174070597,0.05146104097
4856,1.0,0.0,0.0,0.0,1.0,1.0,0.304530237,0.3112739036,0.05259668827,0.05175733566
4857,1.0,0.0,0.0,0.0,1.0,1.0,0.3024202879,0.3106372545,0.05195611715,0.0511225462
4858,1.0,0.0,0.0,0.0,1.0,1.0,0.3050246604,0.3102293487,0.05244708061,0.05161011219
4859,1.0,0.0,0.0,0.0,1.0,1.0,0.3052956852,0.3125340757,0.0527330637,0.05190038681
4860,1.0,0.0,0.0,0.0,1.0,1.0,0.3057874572,0.3129565561,0.05313253403,0.05201393366
4861,1.0,0.0,0.0,0.0,1.0,1.0,0.3036887188,0.3119062983,0.05158233643,0.05076360703
4862,1.0,0.0,0.0,0.0,1.0,1.0,0.3075208236,0.3131582719,0.05319756269,0.05208921432
4863,1.0,0.0,0.0,0.0,1.0,1.0,0.3020822858,0.3119064698,0.05223453045,0.05167883635
4864,1.0,0.0,0.0,0.0,1.0,1.0,0.3095047546,0.3196868439,0.05321925879,0.05266487598
4865,1.0,0.0,0.0,0.0,1.0,1.0,0.3055202362,0.3140135961,0.05228972435,0.0517334342
4866,1.0,0.0,0.0,0.0,1.0,1.0,0.3017795705,0.3049144483,0.05168879032,0.05002140999
4867,1.0,0.0,0.0,0.0,1.0,1.0,0.3070181902,0.3110509928,0.05178236961,0.0504052043
4868,1.0,0.0,0.0,0.0,1.0,1.0,0.3016258223,0.3093510938,0.05160009861,0.05076336861
4869,1.0,0.0,0.0,0.0,1.0,1.0,0.3022702869,0.3121123573,0.05227142572,0.05142831802
4870,1.0,0.0,0.0,0.0,1.0,1.0,0.3050243424,0.3116905276,0.05217605829,0.05106598139
4871,1.0,0.0,0.0,0.0,1.0,1.0,0.3048870261,0.3112737982,0.05206388235,0.05150699615
4872,1.0,0.0,0.0,0.0,1.0,1.0,0.303895458,0.3068756028,0.05215167999,0.05103611946
4873,1.0,0.0,0.0,0.0,1.0,1.0,0.2995070535,0.306226312,0.05097609758,0.05042201281
4874,1.0,0.0,0.0,0.0,1.0,1.0,0.2990199805,0.3045437144,0.0512868762,0.05045068264
4875,1.0,0.0,0.0,0.0,1.0,1.0,0.2999954235,0.3055727491,0.05079293251,0.04996484518
4876,1.0,0.0,0.0,0.0,1.0,1.0,0.2983652465,0.3015267231,0.05100494623,0.04961138964
4877,1.0,0.0,0.0,0.0,1.0,1.0,0.2990199651,0.3011788611,0.05025810003,0.04889243841
4878,1.0,0.0,0.0,0.0,1.0,1.0,0.3029101979,0.3048300481,0.05175977945,0.05065268278
4879,1.0,0.0,0.0,0.0,1.0,1.0,0.2944349461,0.2991526509,0.05014061928,0.04902631044
4880,1.0,0.0,0.0,0.0,1.0,1.0,0.2993417806,0.3005077945,0.05143362284,0.05002832413
4881,1.0,0.0,0.0,0.0,1.0,1.0,0.2978793457,0.3011788371,0.05063676834,0.04952996969
4882,1.0,0.0,0.0,0.0,1.0,1.0,0.2886177834,0.2845865667,0.04811745882,0.04619270563
4883,1.0,0.0,0.0,0.0,1.0,1.0,0.2843809823,0.2770561475,0.04802012444,0.04524433613
4884,1.0,0.0,0.0,0.0,1.0,1.0,0.2761616727,0.2668576541,0.04700672626,0.04392886162
4885,1.0,0.0,0.0,0.0,1.0,1.0,0.2754235409,0.2609460693,0.04690927267,0.04297673702
4886,1.0,0.0,0.0,0.0,1.0,1.0,0.2751365879,0.2610225064,0.04651540518,0.04259240627
4887,1.0,0.0,0.0,0.0,1.0,1.0,0.2626634665,0.2524364886,0.04461276531,0.04124575853
4888,1.0,0.0,0.0,0.0,1.0,1.0,0.2568582458,0.2447262712,0.04334634542,0.03973412514
4889,1.0,0.0,0.0,0.0,1.0,1.0,0.254824448,0.2404155954,0.04329752922,0.03936141729
4890,1.0,0.0,0.0,0.0,1.0,1.0,0.2552831074,0.2359793971,0.042496562,0.03777474165
4891,1.0,0.0,0.0,0.0,1.0,1.0,0.2527707697,0.2274591154,0.04265654087,0.03704380989
4892,1.0,0.0,0.0,0.0,1.0,1.0,0.2498604862,0.2236512158,0.04171186686,0.0360751152
4893,1.0,0.0,0.0,0.0,1.0,1.0,0.2410119889,0.2159074746,0.04079771042,0.03537708521
4894,1.0,0.0,0.0,0.0,1.0,1.0,0.2434756965,0.2156688221,0.03981113434,0.03424310684
4895,1.0,0.0,0.0,0.0,1.0,1.0,0.221145576,0.185408768,0.03657031059,0.0297665596
4896,1.0,0.0,0.0,0.0,1.0,1.0,0.2161421675,0.1730481725,0.03546392918,0.02780371904
4897,1.0,0.0,0.0,0.0,1.0,1.0,0.2064252585,0.1600529025,0.03357499838,0.02518123388
4898,1.0,0.0,0.0,0.0,1.0,1.0,0.2064251938,0.1582746626,0.03435212374,0.0254778266
4899,1.0,0.0,0.0,0.0,1.0,1.0,0.1998885735,0.1458258931,0.03294897079,0.02329146862
4900,1.0,0.0,0.0,0.0,1.0,1.0,0.2002306423,0.1523971227,0.03307306767,0.024310112
4901,1.0,0.0,0.0,0.0,1.0,1.0,0.205716812,0.1529393882,0.03405821323,0.02440840006
4902,1.0,0.0,0.0,0.0,1.0,1.0,0.2012525525,0.1493825887,0.03346508741,0.02382260561
4903,1.0,0.0,0.0,0.0,1.0,1.0,0.2002303716,0.1483270838,0.03313261271,0.02378755808
4904,1.0,0.0,0.0,0.0,1.0,1.0,0.1930547774,0.1394982727,0.03183573484,0.0222568512
4905,1.0,0.0,0.0,0.0,1.0,1.0,0.1906941949,0.1394979147,0.03135961294,0.02211970091
4906,1.0,0.0,0.0,0.0,1.0,1.0,0.1923967172,0.1447953646,0.03168970346,0.022996068
4907,1.0,0.0,0.0,0.0,1.0,1.0,0.1920025135,0.1422694133,0.03147089481,0.02247923613
4908,1.0,0.0,0.0,0.0,1.0,1.0,0.1920027239,0.1422690213,0.03169506788,0.0226392746
4909,1.0,0.0,0.0,0.0,1.0,1.0,0.1857825292,0.1356385802,0.03062975407,0.02155429125
4910,1.0,0.0,0.0,0.0,1.0,1.0,0.1892230407,0.1374232371,0.03052175045,0.02136522532
4911,1.0,0.0,0.0,0.0,1.0,1.0,0.1749458579,0.1222336569,0.02830690145,0.01905804873
4912,1.0,0.0,0.0,0.0,1.0,1.0,0.1809332659,0.1209288877,0.02929198742,0.01897007227
4913,1.0,0.0,0.0,0.0,1.0,1.0,0.1765735978,0.1218402154,0.02874314785,0.01925516129
4914,1.0,0.0,0.0,0.0,1.0,1.0,0.1784096865,0.1249303572,0.02898794413,0.0197005868
4915,1.0,0.0,0.0,0.0,1.0,1.0,0.1712330742,0.1110488705,0.02743691206,0.01735800505
4916,1.0,0.0,0.0,0.0,1.0,1.0,0.1700804568,0.1122563878,0.02758336067,0.01763063669
4917,1.0,0.0,0.0,0.0,1.0,1.0,0.1613680853,0.1024607259,0.02630156279,0.0161203146
4918,1.0,0.0,0.0,0.0,1.0,1.0,0.1624968066,0.1028306755,0.0260078907,0.01594030857
4919,1.0,0.0,0.0,0.0,1.0,1.0,0.1460453948,0.083589931,0.02329528332,0.01291066408
4920,1.0,0.0,0.0,0.0,1.0,1.0,0.1578979629,0.1003027185,0.02560353279,0.01575607061
4921,1.0,0.0,0.0,0.0,1.0,1.0,0.1502657788,0.08839838854,0.02424448729,0.01381373405
4922,1.0,0.0,0.0,0.0,1.0,1.0,0.1512201031,0.09200629802,0.02429521084,0.01424199343
4923,1.0,0.0,0.0,0.0,1.0,1.0,0.1510582614,0.08871868481,0.02395641804,0.01364958286
4924,1.0,0.0,0.0,0.0,1.0,1.0,0.1480011197,0.09313813825,0.02376848459,0.01454073191
4925,1.0,0.0,0.0,0.0,1.0,1.0,0.1520129885,0.09741881443,0.02421343327,0.01502907276
4926,1.0,0.0,0.0,0.0,1.0,1.0,0.148259284,0.097418282,0.02385443449,0.01515454054
4927,1.0,0.0,0.0,0.0,1.0,1.0,0.1546964047,0.09886574938,0.02489751577,0.01538610458
4928,1.0,0.0,0.0,0.0,1.0,1.0,0.1517477054,0.09527070216,0.02414941788,0.01471173763
4929,1.0,0.0,0.0,0.0,1.0,1.0,0.1514832954,0.09347316856,0.02415847778,0.01443958282
4930,1.0,0.0,0.0,0.0,1.0,1.0,0.1540294004,0.09085840081,0.02435880899,0.01384025812
4931,1.0,0.0,0.0,0.0,1.0,1.0,0.1564343666,0.09167536527,0.02485924959,0.01408690214
4932,1.0,0.0,0.0,0.0,1.0,1.0,0.1582591933,0.09167545729,0.02527648211,0.0140119791
4933,1.0,0.0,0.0,0.0,1.0,1.0,0.1576245091,0.09347307783,0.024921,0.01424056292
4934,1.0,0.0,0.0,0.0,1.0,1.0,0.1588855503,0.09358740185,0.02520263195,0.01436281204
4935,1.0,0.0,0.0,0.0,1.0,1.0,0.1603199047,0.09677683866,0.0256088376,0.01498389244
4936,1.0,0.0,0.0,0.0,1.0,1.0,0.1567418347,0.09117708304,0.02501827478,0.01398873329
4937,1.0,0.0,0.0,0.0,1.0,1.0,0.160532257,0.09637495109,0.02513062954,0.0145919919
4938,1.0,0.0,0.0,0.0,1.0,1.0,0.1561629928,0.09492878816,0.02425354719,0.01428258419
4939,1.0,0.0,0.0,0.0,1.0,1.0,0.1555076348,0.09958232718,0.02415961027,0.01493012905
4940,1.0,0.0,0.0,0.0,1.0,1.0,0.1534854836,0.1087954317,0.02348518372,0.01611196995
4941,1.0,0.0,0.0,0.0,1.0,1.0,0.1417648161,0.09035545168,0.02185344696,0.01338523626
4942,1.0,0.0,0.0,0.0,1.0,1.0,0.1527924688,0.1212009694,0.02359110117,0.01804023981
4943,1.0,0.0,0.0,0.0,1.0,1.0,0.1520889665,0.1150301528,0.02330249548,0.01692205667
4944,1.0,0.0,0.0,0.0,1.0,1.0,0.1551480989,0.123526574,0.02376538515,0.01823854446
4945,1.0,0.0,0.0,0.0,1.0,1.0,0.1502785411,0.1249303744,0.02288758755,0.01847553253
4946,1.0,0.0,0.0,0.0,1.0,1.0,0.1777589846,0.1478575292,0.02728712559,0.02199679613
4947,1.0,0.0,0.0,0.0,1.0,1.0,0.1702753884,0.149341805,0.0256690979,0.02176290751
4948,1.0,0.0,0.0,0.0,1.0,1.0,0.183383882,0.1678307361,0.0279982686,0.024918437
4949,1.0,0.0,0.0,0.0,1.0,1.0,0.1732606533,0.1546305177,0.02658700943,0.02294880152
4950,1.0,0.0,0.0,0.0,1.0,1.0,0.1754044885,0.1659450412,0.02647131681,0.02426540852
4951,1.0,0.0,0.0,0.0,1.0,1.0,0.1747657359,0.164702207,0.02615588903,0.02397626638
4952,1.0,0.0,0.0,0.0,1.0,1.0,0.1593313088,0.1327671238,0.0240380764,0.01966750622
4953,1.0,0.0,0.0,0.0,1.0,1.0,0.1584703212,0.1348167669,0.02382832766,0.02030819654
4954,1.0,0.0,0.0,0.0,1.0,1.0,0.1331373725,0.1337281104,0.01998066902,0.02080178261
4955,1.0,0.0,0.0,0.0,1.0,1.0,0.1159049192,0.1601220927,0.0168517828,0.02513957024
4956,1.0,0.0,0.0,0.0,1.0,1.0,0.09875889074,0.1770939955,0.01406490803,0.02841114998
4957,1.0,0.0,0.0,0.0,1.0,1.0,0.1064496909,0.2114201245,0.01525986195,0.03419327736
4958,1.0,0.0,0.0,0.0,1.0,1.0,0.07395871158,0.2665178282,0.01071363688,0.04169631004
4959,1.0,0.0,0.0,0.0,1.0,1.0,0.07588336439,0.2823701556,0.01158201694,0.04293829203
4960,1.0,0.0,0.0,0.0,1.0,1.0,0.1258037409,0.3057116721,0.01986771822,0.04304677248
4961,1.0,0.7853981853,0.0,0.0,1.0,1.0,0.2946236821,0.3526258865,0.049444139,0.04780513048
4962,1.0,0.7853981853,0.0,0.0,1.0,1.0,0.3987840597,0.4586480222,0.06749975681,0.05629646778
4963,1.0,0.7853981853,0.0,0.0,1.0,1.0,0.4042110059,0.4825735569,0.07000935078,0.05819344521
4964,1.0,0.7853981853,0.0,0.0,1.0,1.0,0.3196097232,0.4415523178,0.05462658405,0.05040127039
4965,1.0,0.7853981853,0.0,0.0,1.0,1.0,0.1678454679,0.4599702638,0.02667433023,0.04910492897
4966,1.0,0.7853981853,0.0,0.0,1.0,1.0,0.213167863,0.3656495973,0.03485262394,0.04285156727
4967,1.0,0.7853981853,0.0,0.0,1.0,1.0,0.2988684874,0.3660507434,0.05073022842,0.04854828119
4968,1.0,0.7853981853,0.0,0.0,1.0,1.0,0.3207885351,0.3815696532,0.05486959219,0.05431813002
4969,1.0,0.7853981853,0.0,0.0,1.0,1.0,0.3389002915,0.3960749346,0.057508111,0.0569756031
4970,1.0,0.7853981853,0.0,0.0,1.0,1.0,0.3430686614,0.395301426,0.05851304531,0.05664271116
4971,1.0,0.7853981853,0.0,0.0,1.0,1.0,0.3476317944,0.4012632718,0.06006008387,0.05791515112
4972,1.0,0.7853981853,0.0,0.0,1.0,1.0,0.3436071611,0.3971661921,0.05979716778,0.05815887451
4973,1.0,0.7853981853,0.0,0.0,1.0,1.0,0.3501921966,0.4034781181,0.06132799387,0.05915701389
4974,1.0,0.7853981853,0.0,0.0,1.0,1.0,0.3523773966,0.3923735486,0.06089574099,0.05712342262
4975,1.0,0.7853981853,0.0,0.0,1.0,1.0,0.3465558925,0.3829976284,0.05988007784,0.05613750219
4976,1.0,0.7853981853,0.0,0.0,1.0,1.0,0.3560704198,0.3910860988,0.0629414916,0.05834919214
4977,1.0,0.7853981853,0.0,0.0,1.0,1.0,0.3545420629,0.3892754864,0.06192427874,0.05738675594
4978,1.0,0.7853981853,0.0,0.0,1.0,1.0,0.3489628824,0.3878699762,0.06114339828,0.05765712261
4979,1.0,0.7853981853,0.0,0.0,1.0,1.0,0.3510311672,0.3874646944,0.06079393625,0.05681174994
4980,1.0,0.7853981853,0.0,0.0,1.0,1.0,0.3510310926,0.3852396659,0.06126224995,0.05671441555
4981,1.0,0.7853981853,0.0,0.0,1.0,1.0,0.3540006177,0.3860662303,0.06179773808,0.05700314045
4982,1.0,0.7853981853,0.0,0.0,1.0,1.0,0.3499573929,0.389674033,0.0605840683,0.05714482069
4983,1.0,0.7853981853,0.0,0.0,1.0,1.0,0.3463715228,0.3815071486,0.06135046482,0.05756670237
4984,1.0,0.7853981853,0.0,0.0,1.0,1.0,0.3588904193,0.3867098888,0.06343656778,0.05861860514
4985,1.0,0.0,0.0,0.0,1.0,1.0,0.344423173,0.3730061424,0.05910211802,0.0551443696
4986,1.0,0.0,0.0,0.0,1.0,1.0,0.3346826492,0.359727913,0.05746150017,0.05350768566
4987,1.0,0.0,0.0,0.0,1.0,1.0,0.3351879612,0.3708174999,0.05803620815,0.05565112829
4988,1.0,0.0,0.0,0.0,1.0,1.0,0.3285202523,0.3615004441,0.05671459436,0.05431824923
4989,1.0,0.0,0.0,0.0,1.0,1.0,0.3398721612,0.3610082956,0.05852109194,0.05424559116
4990,1.0,0.0,0.0,0.0,1.0,1.0,0.3415020165,0.3622975875,0.05882710218,0.05477935076
4991,1.0,0.0,0.0,0.0,1.0,1.0,0.3399037603,0.3610081233,0.05876719952,0.05472356081
4992,1.0,0.0,0.0,0.0,1.0,1.0,0.3436073118,0.3640823853,0.05945444107,0.05538219213
4993,1.0,0.0,0.0,0.0,1.0,1.0,0.3352166348,0.3658670476,0.0582652688,0.05529803038
4994,1.0,0.0,0.0,0.0,1.0,1.0,0.2789508492,0.3143699724,0.0477360487,0.04719054699
4995,1.0,0.0,0.0,0.0,1.0,1.0,0.1066527216,0.1935674575,0.0169275403,0.02675646544
4996,1.0,0.0,0.0,0.0,1.0,1.0,0.07274954809,0.2289558176,0.01146394014,0.03138941526
4997,1.0,0.0,0.0,0.0,1.0,1.0,0.0690464342,0.2152948487,0.0109578371,0.02985996008
4998,1.0,0.0,0.0,0.0,1.0,1.0,0.13605853,0.1998885256,0.02194267511,0.02817332745
4999,1.0,0.0,0.0,0.0,1.0,1.0,0.25150439,0.2879433031,0.0419832468,0.04253202677
5000,1.0,0.0,0.0,0.0,1.0,1.0,0.3157795969,0.3331471767,0.05325883627,0.05006325245
5001,1.0,0.0,0.0,0.0,1.0,1.0,0.3383444349,0.3546968736,0.0579315424,0.05419403315
5002,1.0,0.0,0.0,0.0,1.0,1.0,0.344581273,0.3604261146,0.05962836742,0.05585104227
5003,1.0,0.0,0.0,0.0,1.0,1.0,0.3461406741,0.35868469,0.05958038568,0.05528628826
5004,1.0,0.0,0.0,0.0,1.0,1.0,0.2912388165,0.3112141273,0.04953926802,0.04737359285
5005,1.0,0.0,0.0,0.0,1.0,1.0,0.0763460418,0.2147237112,0.01196706295,0.02991771698
5006,1.0,0.0,0.0,0.0,1.0,1.0,0.08429024429,0.2208070793,0.01318049431,0.0306648612
5007,1.0,0.0,0.0,0.0,1.0,1.0,0.06814354536,0.210512452,0.01060819626,0.02910465002
5008,1.0,0.0,0.0,0.0,1.0,1.0,0.1563187512,0.2138957097,0.02547818422,0.03062802553
5009,1.0,0.0,0.0,0.0,1.0,1.0,0.2814427374,0.299832264,0.04735970497,0.04520696402
5010,1.0,0.0,0.0,0.0,1.0,1.0,0.3174327017,0.3302352457,0.05443006754,0.05092716217
5011,1.0,0.0,0.0,0.0,1.0,1.0,0.3399677619,0.3552021758,0.05900001526,0.05572217703
5012,1.0,0.0,0.0,0.0,1.0,1.0,0.3373310848,0.347556869,0.05800592899,0.05422884226
5013,1.0,0.0,0.0,0.0,1.0,1.0,0.3368197029,0.3470282589,0.05832570791,0.05450999737
5014,1.0,0.0,0.0,0.0,1.0,1.0,0.3424879279,0.3618669446,0.05960255861,0.05689334869
5015,1.0,0.0,0.0,0.0,1.0,1.0,0.3451759091,0.3609094636,0.05983400345,0.05657035112
5016,1.0,0.0,0.0,0.0,1.0,1.0,0.3230680178,0.3354769916,0.0554562211,0.05245119333
5017,1.0,0.0,0.0,0.0,1.0,1.0,0.3241000108,0.3436676402,0.05405539274,0.05219143629
5018,1.0,0.0,0.0,0.0,1.0,1.0,0.332082675,0.3435580123,0.05476003885,0.0521273613
5019,1.0,0.0,0.0,0.0,1.0,1.0,0.3235832351,0.3366174171,0.05410939455,0.05171042681
5020,1.0,0.0,0.0,0.0,1.0,1.0,0.3342084622,0.3475567467,0.05710995197,0.05466234684
5021,1.0,0.0,0.0,0.0,1.0,1.0,0.3347412526,0.3522336156,0.0559591651,0.05409383774
5022,1.0,0.0,0.0,0.0,1.0,1.0,0.3326170275,0.3440988775,0.05689561367,0.05417335033
5023,1.0,0.0,0.0,0.0,1.0,1.0,0.3234907087,0.3377903791,0.05382668972,0.05195212364
5024,1.0,0.0,0.0,0.0,1.0,1.0,0.3299440417,0.3452934104,0.05517840385,0.05330342054
5025,1.0,0.0,0.0,0.0,1.0,1.0,0.3299441369,0.3464963916,0.05502426624,0.05315446854
5026,1.0,0.0,0.0,0.0,1.0,1.0,0.3224005439,0.3419141866,0.05384671688,0.05250054598
5027,1.0,0.0,0.0,0.0,1.0,1.0,0.3246595239,0.3424660934,0.0539264679,0.0518116951
5028,1.0,0.0,0.0,0.0,1.0,1.0,0.3373510582,0.3549742137,0.05675172806,0.05463016033
5029,1.0,0.0,0.0,0.0,1.0,1.0,0.3347115995,0.3501446201,0.05681788921,0.05469381809
5030,1.0,0.0,0.0,0.0,1.0,1.0,0.3326315182,0.3511551135,0.05599415302,0.05417108536
5031,1.0,0.0,0.0,0.0,1.0,1.0,0.3269200876,0.3467453669,0.05506199598,0.05348885059
5032,1.0,0.0,0.0,0.0,1.0,1.0,0.3300337592,0.3489577184,0.05565828085,0.0540830493
5033,1.0,0.0,0.0,0.0,1.0,1.0,0.3295373568,0.3494673215,0.05640888214,0.05481994152
5034,1.0,0.0,0.0,0.0,1.0,1.0,0.3341737793,0.3538290888,0.05813336372,0.05652600527
5035,1.0,0.0,0.0,0.0,1.0,1.0,0.3310843406,0.3499730068,0.05672895908,0.05513846874
5036,1.0,0.0,0.0,0.0,1.0,1.0,0.3352165462,0.3494667078,0.05721497536,0.05483096838
5037,1.0,0.0,0.0,0.0,1.0,1.0,0.3263164365,0.3416461526,0.05498272181,0.05338901281
5038,1.0,0.0,0.0,0.0,1.0,1.0,0.330524047,0.3460905708,0.05504000187,0.05372953415
5039,1.0,0.0,0.0,0.0,1.0,1.0,0.3357500522,0.3487982525,0.05625325441,0.05442172289
5040,1.0,0.0,0.0,0.0,1.0,1.0,0.3295204994,0.3426180493,0.0551224947,0.05330240726
5041,1.0,0.0,0.0,0.0,1.0,1.0,0.3372728295,0.3509745416,0.05679959059,0.05471521616
5042,1.0,0.0,0.0,0.0,1.0,1.0,0.3357497847,0.3476321782,0.05583155155,0.0540138483
5043,1.0,0.0,0.0,0.0,1.0,1.0,0.3310750519,0.3454447442,0.05564641953,0.05381762981
5044,1.0,0.0,0.0,0.0,1.0,1.0,0.3362752136,0.3516552934,0.05601286888,0.05444973707
5045,1.0,0.0,0.0,0.0,1.0,1.0,0.329503788,0.3454446293,0.05518132448,0.05387365818
5046,1.0,0.0,0.0,0.0,1.0,1.0,0.3362607084,0.3521524016,0.05657440424,0.05500292778
5047,1.0,0.0,0.0,0.0,1.0,1.0,0.3315903708,0.3476319458,0.05558812618,0.0542832613
5048,1.0,0.0,0.0,0.0,1.0,1.0,0.3310653613,0.3442891177,0.05538600683,0.05381840467
5049,1.0,0.0,0.0,0.0,1.0,1.0,0.3394328136,0.3487985108,0.05632126331,0.05423533916
5050,1.0,0.0,0.0,0.0,1.0,1.0,0.3300044691,0.342090936,0.05455356836,0.0529949069
5051,1.0,0.0,0.0,0.0,1.0,1.0,0.3315832282,0.3471213828,0.05525654554,0.05395328999
5052,1.0,0.0,0.0,0.0,1.0,1.0,0.3284329214,0.3415603043,0.05430454016,0.05274558067
5053,1.0,0.0,0.0,0.0,1.0,1.0,0.3246595557,0.3394010249,0.05325049162,0.05194532871
5054,1.0,0.0,0.0,0.0,1.0,1.0,0.3231157161,0.3342728937,0.05393660069,0.05235028267
5055,1.0,0.0,0.0,0.0,1.0,1.0,0.3231157425,0.3370999176,0.05347824097,0.05216753483
5056,1.0,0.0,0.0,0.0,1.0,1.0,0.3075207167,0.3166039527,0.05051851273,0.0486766696
5057,1.0,0.0,0.0,0.0,1.0,1.0,0.2956547365,0.3046241477,0.0486754179,0.04708814621
5058,1.0,0.0,0.0,0.0,1.0,1.0,0.2740403053,0.2833471414,0.04496735334,0.04364484549
5059,1.0,0.0,0.0,0.0,1.0,1.0,0.2735993279,0.2799123823,0.04489076138,0.04304230213
5060,1.0,0.0,0.0,0.0,1.0,1.0,0.2643688656,0.2703972469,0.04344850779,0.04185891151
5061,1.0,0.0,0.0,0.0,1.0,1.0,0.2600174717,0.2654767115,0.04204177856,0.04020243883
5062,1.0,0.0,0.0,0.0,1.0,1.0,0.2523019959,0.2585358711,0.04127311707,0.03967541456
5063,1.0,0.0,0.0,0.0,1.0,1.0,0.2588129684,0.264558299,0.04207664728,0.04048889875
5064,1.0,0.0,0.0,0.0,1.0,1.0,0.2502668615,0.2568010456,0.04069036245,0.03910499811
5065,1.0,0.0,0.0,0.0,1.0,1.0,0.2333132447,0.2357838655,0.03753775358,0.03567421436
5066,1.0,0.0,0.0,0.0,1.0,1.0,0.2092633921,0.2037869263,0.03337424994,0.03070431948
5067,1.0,0.0,0.0,0.0,1.0,1.0,0.2025669986,0.1920633443,0.0322329998,0.02876991034
5068,1.0,0.0,0.0,0.0,1.0,1.0,0.1887649311,0.1767965464,0.02981442213,0.02608758211
5069,1.0,0.0,0.0,0.0,1.0,1.0,0.1764720622,0.1545897345,0.02791434526,0.02308297157
5070,1.0,0.0,0.0,0.0,1.0,1.0,0.1789539178,0.1545898431,0.02818381786,0.02286612988
5071,1.0,0.0,0.0,0.0,1.0,1.0,0.1750722302,0.1490077245,0.02775543928,0.02209657431
5072,1.0,0.0,0.0,0.0,1.0,1.0,0.1657192952,0.1459040303,0.02624446154,0.02164494991
5073,1.0,0.0,0.0,0.0,1.0,1.0,0.1671422343,0.1372860743,0.02670067549,0.02043420076
5074,1.0,0.0,0.0,0.0,1.0,1.0,0.1640110992,0.1391163732,0.02607065439,0.02063924074
5075,1.0,0.0,0.0,0.0,1.0,1.0,0.1500868546,0.1203707859,0.02366256714,0.01774692535
5076,1.0,0.0,0.0,0.0,1.0,1.0,0.1410777478,0.1158772645,0.02220708132,0.01712352037
5077,1.0,0.0,0.0,0.0,1.0,1.0,0.1481931879,0.1175811391,0.02312713861,0.01721084118
5078,1.0,0.0,0.0,0.0,1.0,1.0,0.1363657142,0.1025069009,0.02129256725,0.01509350538
5079,1.0,0.0,0.0,0.0,1.0,1.0,0.1247106587,0.09288510549,0.01927673817,0.01357519627
5080,1.0,0.0,0.0,0.0,1.0,1.0,0.134071509,0.09186017199,0.0210390687,0.01366168261
5081,1.0,0.0,0.0,0.0,1.0,1.0,0.1336153848,0.09919565178,0.02064263821,0.01458746195
5082,1.0,0.0,0.0,0.0,1.0,1.0,0.1390070012,0.1058886916,0.02175545692,0.01569694281
5083,1.0,0.0,0.0,0.0,1.0,1.0,0.1458260558,0.1198594061,0.02272361517,0.01801264286
5084,1.0,0.0,0.0,0.0,1.0,1.0,0.1503585493,0.1032636404,0.02334535122,0.01538050175
5085,1.0,0.0,0.0,0.0,1.0,1.0,0.1552703049,0.1267947403,0.02419137955,0.01890820265
5086,1.0,0.0,0.0,0.0,1.0,1.0,0.1594094389,0.1044193792,0.02448296547,0.01540499926
5087,1.0,0.0,0.0,0.0,1.0,1.0,0.1636096046,0.09219929411,0.02566438913,0.01394802332
5088,1.0,0.0,0.0,0.0,1.0,1.0,0.1778365184,0.109828783,0.0275169611,0.01651018858
5089,1.0,0.0,0.0,0.0,1.0,1.0,0.1695478562,0.1079983169,0.02616071701,0.01624721289
5090,1.0,0.0,0.0,0.0,1.0,1.0,0.1677635829,0.1021327406,0.02619558573,0.01560586691
5091,1.0,0.0,0.0,0.0,1.0,1.0,0.1641682175,0.1010464244,0.02517300844,0.01521444321
5092,1.0,0.0,0.0,0.0,1.0,1.0,0.1854817309,0.1161714437,0.0286937356,0.01755058765
5093,1.0,0.0,0.0,0.0,1.0,1.0,0.1629916041,0.09701508086,0.02525651455,0.01470977068
5094,1.0,0.0,0.0,0.0,1.0,1.0,0.165682867,0.1108471521,0.02555948496,0.01676481962
5095,1.0,0.0,0.0,0.0,1.0,1.0,0.1641940761,0.08969362088,0.02535963058,0.01350677013
5096,1.0,0.0,0.0,0.0,1.0,1.0,0.1668729973,0.1073476789,0.02587866783,0.01613938808
5097,1.0,0.0,0.0,0.0,1.0,1.0,0.1645100377,0.1065583613,0.02578210831,0.01607918739
5098,1.0,0.0,0.0,0.0,1.0,1.0,0.1633190861,0.1047209844,0.02536320686,0.01571416855
5099,1.0,0.0,0.0,0.0,1.0,1.0,0.1602709473,0.09509602685,0.02470695972,0.01415789127
5100,1.0,0.0,0.0,0.0,1.0,1.0,0.1612574459,0.1166015035,0.02537840605,0.01756966114
5101,1.0,0.0,0.0,0.0,1.0,1.0,0.1544429697,0.1207502248,0.02413916588,0.0180349946
5102,1.0,0.0,0.0,0.0,1.0,1.0,0.1506251113,0.1091985357,0.02385485172,0.01655811071
5103,1.0,0.0,0.0,0.0,1.0,1.0,0.1590019948,0.1126644066,0.0248811841,0.01695203781
5104,1.0,0.0,0.0,0.0,1.0,1.0,0.1624966063,0.1167229539,0.02548062801,0.01753503084
5105,1.0,0.0,0.0,0.0,1.0,1.0,0.151539832,0.1037159872,0.02264899015,0.01482975483
5106,1.0,0.0,0.0,0.0,1.0,1.0,0.1697822712,0.1185472329,0.0257871151,0.01728010178
5107,1.0,0.0,0.0,0.0,1.0,1.0,0.2602196468,0.2481131624,0.04138553143,0.0374314785
5108,1.0,0.0,0.0,0.0,1.0,1.0,0.3086276141,0.3163215383,0.05048179626,0.04917395115
5109,1.0,0.0,0.0,0.0,1.0,1.0,0.3209654101,0.3287201078,0.0523353219,0.05129897594
5110,1.0,0.0,0.0,0.0,1.0,1.0,0.1858612629,0.1382991553,0.02888423204,0.02043694258
5111,1.0,0.0,0.0,0.0,1.0,1.0,0.1586703294,0.1159047833,0.0242305398,0.01698923111
5112,1.0,0.0,0.0,0.0,1.0,1.0,0.1606243239,0.1249304682,0.02443772554,0.01819258928
5113,1.0,0.0,0.0,0.0,1.0,1.0,0.2190555592,0.1869457148,0.03462213278,0.02813047171
5114,1.0,0.0,0.0,0.0,1.0,1.0,0.2883635205,0.2877703811,0.04706138372,0.04465484619
5115,1.0,0.0,0.0,0.0,1.0,1.0,0.3224007018,0.3337120774,0.054081738,0.05327051878
5116,1.0,0.0,0.0,0.0,1.0,1.0,0.3249819957,0.3337176685,0.05376696587,0.05268621445
5117,1.0,0.0,0.0,0.0,1.0,1.0,0.3271787232,0.3348469982,0.05422997475,0.05315077305
5118,1.0,0.0,0.0,0.0,1.0,1.0,0.3162996325,0.3246486108,0.05217075348,0.05136400461
5119,1.0,0.0,0.0,0.0,1.0,1.0,0.1833508345,0.1258556481,0.0282509923,0.01883399487
5120,1.0,0.0,0.0,0.0,1.0,1.0,0.1690506617,0.1201616219,0.0252352953,0.01747053862
5121,1.0,0.0,0.0,0.0,1.0,1.0,0.1626146334,0.0991954755,0.02458429337,0.01464009285
5122,1.0,0.0,0.0,0.0,1.0,1.0,0.1606875316,0.098485336,0.02551805973,0.01514261961
5123,1.0,0.0,0.0,0.0,1.0,1.0,0.2369807888,0.1970227898,0.038646698,0.03080540895
5124,1.0,0.0,0.0,0.0,1.0,1.0,0.2860298954,0.2749333587,0.04681074619,0.04327279329
5125,1.0,0.0,0.0,0.0,1.0,1.0,0.305750011,0.3021962253,0.05080336332,0.04889148474
5126,1.0,0.0,0.0,0.0,1.0,1.0,0.3011350489,0.295821363,0.05065208673,0.04846167564
5127,1.0,0.0,0.0,0.0,1.0,1.0,0.2519745355,0.2222897806,0.04142898321,0.03586804867
5128,1.0,0.0,0.0,0.0,1.0,1.0,0.1745906678,0.1042583389,0.02726972103,0.01613920927
5129,1.0,0.0,0.0,0.0,1.0,1.0,0.1656735334,0.1035786551,0.02589869499,0.016045928
5130,1.0,0.0,0.0,0.0,1.0,1.0,0.1647630392,0.106824419,0.02489560843,0.01614111662
5131,1.0,0.0,0.0,0.0,1.0,1.0,0.1798992068,0.1064387369,0.02731794119,0.01628041267
5132,1.0,0.0,0.0,0.0,1.0,1.0,0.1868285921,0.1017289119,0.02848744392,0.0157648921
5133,1.0,0.0,0.0,0.0,1.0,1.0,0.1933227839,0.09561454013,0.0291018486,0.0145509243
5134,1.0,0.0,0.0,0.0,1.0,1.0,0.1879599571,0.08987775789,0.02889758348,0.01389306784
5135,1.0,0.0,0.0,0.0,1.0,1.0,0.2130527425,0.1492220608,0.0337279439,0.02358210087
5136,1.0,0.0,0.0,0.0,1.0,1.0,0.3014983086,0.2783679661,0.04887521267,0.04482477903
5137,1.0,0.0,0.0,0.0,1.0,1.0,0.3249818971,0.3143941028,0.05277186632,0.05038523674
5138,1.0,0.0,0.0,0.0,1.0,1.0,0.3353068697,0.3260474609,0.05520015955,0.05306684971
5139,1.0,0.0,0.0,0.0,1.0,1.0,0.337906895,0.3423409882,0.05618780851,0.05566012859
5140,1.0,0.0,0.0,0.0,1.0,1.0,0.3209652239,0.3163816387,0.05344343185,0.05159145594
5141,1.0,0.0,0.0,0.0,1.0,1.0,0.3161985607,0.3174124231,0.05250841379,0.05145299435
5142,1.0,0.0,0.0,0.0,1.0,1.0,0.3107241803,0.3183041067,0.0516898632,0.05142337084
5143,1.0,0.0,0.0,0.0,1.0,1.0,0.3091220274,0.3117071026,0.05113846064,0.05007863045
5144,1.0,0.0,0.0,0.0,1.0,1.0,0.2987022244,0.2981670812,0.04933381081,0.04773384333
5145,1.0,0.0,0.0,0.0,1.0,1.0,0.2569991069,0.2273038224,0.04103404284,0.03513377905
5146,1.0,0.0,0.0,0.0,1.0,1.0,0.1901205992,0.1330189109,0.0297588706,0.02020323277
5147,1.0,0.0,0.0,0.0,1.0,1.0,0.198860053,0.1453091808,0.0315553546,0.02230638266
5148,1.0,0.0,0.0,0.0,1.0,1.0,0.2796452547,0.2583017153,0.04570448399,0.04137742519
5149,1.0,0.0,0.0,0.0,1.0,1.0,0.29366695,0.2915040883,0.04888433218,0.04726392031
5150,1.0,0.0,0.0,0.0,1.0,1.0,0.3111165244,0.3018119363,0.05149847269,0.04883021116
5151,1.0,0.0,0.0,0.0,1.0,1.0,0.2820206043,0.2557893338,0.04612219334,0.04072779417
5152,1.0,0.0,0.0,0.0,1.0,1.0,0.1566690851,0.09219959885,0.02413249016,0.01386928558
5153,1.0,0.0,0.0,0.0,1.0,1.0,0.1635777068,0.08698836219,0.02526408434,0.01304847002
5154,1.0,0.0,0.0,0.0,1.0,1.0,0.1645099417,0.09052919982,0.02557635307,0.01375073195
5155,1.0,0.0,0.0,0.0,1.0,1.0,0.1992072682,0.1442853011,0.03207427263,0.02247935534
5156,1.0,0.0,0.0,0.0,1.0,1.0,0.2680621971,0.2379623575,0.04360020161,0.0376791954
5157,1.0,0.0,0.0,0.0,1.0,1.0,0.3016259964,0.2848410441,0.04953527451,0.04578667879
5158,1.0,0.0,0.0,0.0,1.0,1.0,0.3251388696,0.3227702851,0.05403262377,0.05243557692
5159,1.0,0.0,0.0,0.0,1.0,1.0,0.3251005045,0.3249012229,0.05364483595,0.05231696367
5160,1.0,0.0,0.0,0.0,1.0,1.0,0.3218812769,0.3259769233,0.05354702473,0.05274385214
5161,1.0,0.0,0.0,0.0,1.0,1.0,0.3251391858,0.3337008867,0.05474448204,0.05420511961
5162,1.0,0.0,0.0,0.0,1.0,1.0,0.3187319748,0.3216023058,0.0535364747,0.05246037245
5163,1.0,0.0,0.0,0.0,1.0,1.0,0.3154437738,0.3139696141,0.0527176857,0.0513728857
5164,1.0,0.0,0.0,0.0,1.0,1.0,0.3224524273,0.3276316979,0.05393201113,0.0531270504
5165,1.0,0.0,0.0,0.0,1.0,1.0,0.3267095817,0.3254762978,0.05523478985,0.05387437344
5166,1.0,0.0,0.0,0.0,1.0,1.0,0.3331474594,0.3331471964,0.0563801527,0.05529588461
5167,1.0,0.0,0.0,0.0,1.0,1.0,0.322452147,0.3238322872,0.0538867116,0.05281436443
5168,1.0,0.0,0.0,0.0,1.0,1.0,0.327791487,0.3287638708,0.05471843481,0.0536454916
5169,1.0,0.0,0.0,0.0,1.0,1.0,0.3261843513,0.3265503665,0.05405515432,0.05272376537
5170,1.0,0.0,0.0,0.0,1.0,1.0,0.3261843559,0.3271202476,0.05489009619,0.05380856991
5171,1.0,0.0,0.0,0.0,1.0,1.0,0.3196919432,0.318303832,0.0534979105,0.05214697123
5172,1.0,0.0,0.0,0.0,1.0,1.0,0.3208479416,0.3172573593,0.05345714092,0.05158621073
5173,1.0,0.0,0.0,0.0,1.0,1.0,0.322452244,0.3221885385,0.05399745703,0.05265426636
5174,1.0,0.0,0.0,0.0,1.0,1.0,0.321420541,0.3205446788,0.05333703756,0.05174487829
5175,1.0,0.0,0.0,0.0,1.0,1.0,0.3225034767,0.3211320155,0.05508333445,0.05344718695
5176,1.0,0.0,0.0,0.0,1.0,1.0,0.3272652553,0.3276855954,0.05430072546,0.05323594809
5177,1.0,0.0,0.0,0.0,1.0,1.0,0.3310152629,0.3304343318,0.05500853062,0.05394554138
5178,1.0,0.0,0.0,0.0,1.0,1.0,0.3272651379,0.321132052,0.05451261997,0.05237483978
5179,1.0,0.0,0.0,0.0,1.0,1.0,0.3230196399,0.3227706871,0.05466061831,0.05330765247
5180,1.0,0.0,0.0,0.0,1.0,1.0,0.3219891269,0.3222956197,0.05324918032,0.05219477415
5181,1.0,0.0,0.0,0.0,1.0,1.0,0.2981941396,0.2841222972,0.04908460379,0.04584825039
5182,1.0,0.0,0.0,0.0,1.0,1.0,0.1936092146,0.1333773872,0.03026902676,0.02045202255
5183,1.0,0.0,0.0,0.0,1.0,1.0,0.1650781584,0.1025069365,0.02583390474,0.01572501659
5184,1.0,0.0,0.0,0.0,1.0,1.0,0.1575209039,0.09773152338,0.02365642786,0.01441138983
5185,1.0,0.0,0.0,0.0,1.0,1.0,0.1601894227,0.09280532368,0.02553969622,0.0144354701
5186,1.0,0.0,0.0,0.0,1.0,1.0,0.2033052037,0.1520127023,0.03232997656,0.02363616228
5187,1.0,0.0,0.0,0.0,1.0,1.0,0.2796449433,0.2532144295,0.04539018869,0.04055577517
5188,1.0,0.0,0.0,0.0,1.0,1.0,0.3082693506,0.2945375211,0.05102092028,0.04779857397
5189,1.0,0.0,0.0,0.0,1.0,1.0,0.3171306084,0.314578544,0.05368065834,0.05205398798
5190,1.0,0.0,0.0,0.0,1.0,1.0,0.318732117,0.3145786583,0.05387574434,0.05198067427
5191,1.0,0.0,0.0,0.0,1.0,1.0,0.3197570635,0.3199533145,0.05346703529,0.05212366581
5192,1.0,0.0,0.0,0.0,1.0,1.0,0.3256607996,0.3331472862,0.05473840237,0.05446875095
5193,1.0,0.0,0.0,0.0,1.0,1.0,0.3230196848,0.3293243243,0.05454045534,0.0542704463
5194,1.0,0.0,0.0,0.0,1.0,1.0,0.3240568205,0.3287638349,0.05449771881,0.05395811796
5195,1.0,0.0,0.0,0.0,1.0,1.0,0.3230680444,0.3304344279,0.05407869816,0.05407869816
5196,1.0,0.0,0.0,0.0,1.0,1.0,0.3256244281,0.3254763765,0.05433768034,0.0532617569
5197,1.0,0.0,0.0,0.0,1.0,1.0,0.323490752,0.3205444618,0.05421334505,0.05259501934
5198,1.0,0.0,0.0,0.0,1.0,1.0,0.3213639373,0.3232518595,0.05393695831,0.05285823345
5199,1.0,0.0,0.0,0.0,1.0,1.0,0.321881366,0.3205446238,0.05313169956,0.05180341005
5200,1.0,0.0,0.0,0.0,1.0,1.0,0.3193106625,0.3271198908,0.05327898264,0.05301254988
5201,1.0,0.0,0.0,0.0,1.0,1.0,0.31333005,0.3143938594,0.05190378428,0.05057287216
5202,1.0,0.0,0.0,0.0,1.0,1.0,0.2465064783,0.2112225344,0.04015427828,0.03359854221
5203,1.0,0.0,0.0,0.0,1.0,1.0,0.1556649855,0.09085857325,0.02420181036,0.01375108957
5204,1.0,0.0,0.0,0.0,1.0,1.0,0.1644879141,0.1017946982,0.02581781149,0.01543450356
5205,1.0,0.0,0.0,0.0,1.0,1.0,0.1707231399,0.09737205474,0.02660125494,0.01468610764
5206,1.0,0.0,0.0,0.0,1.0,1.0,0.1712328018,0.1064386263,0.02683788538,0.0161575079
5207,1.0,0.0,0.0,0.0,1.0,1.0,0.2266078757,0.1852112779,0.03640908003,0.02880120277
5208,1.0,0.0,0.0,0.0,1.0,1.0,0.2745180488,0.2523843384,0.04496401548,0.040386796
5209,1.0,0.0,0.0,0.0,1.0,1.0,0.2970427096,0.2850758778,0.04874163866,0.04577946663
5210,1.0,0.0,0.0,0.0,1.0,1.0,0.3022703337,0.2931693881,0.0498073101,0.04712945223
5211,1.0,0.0,0.0,0.0,1.0,1.0,0.3051606935,0.2955160834,0.05083757639,0.04787880182
5212,1.0,0.0,0.0,0.0,1.0,1.0,0.3095046082,0.3018119327,0.05179530382,0.04936742783
5213,1.0,0.0,0.0,0.0,1.0,1.0,0.3088890206,0.3044656735,0.05109655857,0.04922389984
5214,1.0,0.0,0.0,0.0,1.0,1.0,0.311723062,0.3123255441,0.05218982697,0.05111372471
5215,1.0,0.0,0.0,0.0,1.0,1.0,0.3112223691,0.3100576752,0.05179077387,0.05018901825
5216,1.0,0.0,0.0,0.0,1.0,1.0,0.3121232786,0.3077753297,0.05234622955,0.05044770241
5217,1.0,0.0,0.0,0.0,1.0,1.0,0.3105062689,0.3028111746,0.05141597986,0.04900586605
5218,1.0,0.0,0.0,0.0,1.0,1.0,0.3116192245,0.3067594861,0.0517026186,0.04982739687
5219,1.0,0.0,0.0,0.0,1.0,1.0,0.3110092121,0.307775064,0.05159085989,0.04997867346
5220,1.0,0.0,0.0,0.0,1.0,1.0,0.3110094517,0.3121180401,0.05109453201,0.05003005266
5221,1.0,0.0,0.0,0.0,1.0,1.0,0.3131367757,0.3114928632,0.05149358511,0.04989278316
5222,1.0,0.0,0.0,0.0,1.0,1.0,0.3056544825,0.3044656741,0.0506850481,0.04934418201
5223,1.0,0.0,0.0,0.0,1.0,1.0,0.3153578517,0.3106818325,0.05220288038,0.05059665442
5224,1.0,0.0,0.0,0.0,1.0,1.0,0.3106154379,0.3106820954,0.05144542456,0.05037927628
5225,1.0,0.0,0.0,0.0,1.0,1.0,0.3116193157,0.3150055601,0.05159264803,0.05105799437
5226,1.0,0.0,0.0,0.0,1.0,1.0,0.3175644179,0.3205448462,0.05257409811,0.05204039812
5227,1.0,0.0,0.0,0.0,1.0,1.0,0.3165432614,0.3221882572,0.05268657207,0.05241912603
5228,1.0,0.0,0.0,0.0,1.0,1.0,0.3165435294,0.3113018989,0.05247825384,0.05061358213
5229,1.0,0.0,0.0,0.0,1.0,1.0,0.3208480464,0.3222956339,0.05310237408,0.0525713563
5230,1.0,0.0,0.0,0.0,1.0,1.0,0.3267709875,0.3288066117,0.05416953564,0.05337685347
5231,1.0,0.0,0.0,0.0,1.0,1.0,0.3224521647,0.3233489153,0.0533850193,0.05258828402
5232,1.0,0.0,0.0,0.0,1.0,1.0,0.3170533843,0.319953407,0.05288523436,0.0520798564
5233,1.0,0.0,0.0,0.0,1.0,1.0,0.323019867,0.3244088333,0.05430716276,0.05323171616
5234,1.0,0.0,0.0,0.0,1.0,1.0,0.3176398534,0.318900972,0.05293798447,0.05186849833
5235,1.0,0.0,0.0,0.0,1.0,1.0,0.3214202622,0.3227705279,0.05346184969,0.05239796638
5236,1.0,0.0,0.0,0.0,1.0,1.0,0.3144311385,0.3139691943,0.05179488659,0.05047357082
5237,1.0,0.0,0.0,0.0,1.0,1.0,0.313927376,0.3145781951,0.05205190182,0.05098956823
5238,1.0,0.0,0.0,0.0,1.0,1.0,0.3154438155,0.313356202,0.05181509256,0.05022889376
5239,1.0,0.0,0.0,0.0,1.0,1.0,0.3171306443,0.3162169677,0.05243784189,0.0511136651
5240,1.0,0.0,0.0,0.0,1.0,1.0,0.3123256206,0.3123255859,0.05217701197,0.05083912611
5241,1.0,0.0,0.0,0.0,1.0,1.0,0.3122248417,0.3117071933,0.05157619715,0.05024695396
5242,1.0,0.0,0.0,0.0,1.0,1.0,0.3155290181,0.3135505229,0.05246865749,0.05113697052
5243,1.0,0.0,0.0,0.0,1.0,1.0,0.3115143373,0.3087976968,0.05110543966,0.04950839281
5244,1.0,0.0,0.0,0.0,1.0,1.0,0.3069026365,0.3080244866,0.05115926266,0.05035567284
5245,1.0,0.0,0.0,0.0,1.0,1.0,0.3095047178,0.3057505427,0.05166143179,0.05004703999
5246,1.0,0.0,0.0,0.0,1.0,1.0,0.3061497734,0.3028113212,0.0506490469,0.04904121161
5247,1.0,0.0,0.0,0.0,1.0,1.0,0.3017796704,0.2955162685,0.04948759079,0.04735910892
5248,1.0,0.0,0.0,0.0,1.0,1.0,0.3001571463,0.2981668696,0.04927903414,0.04768079519
5249,1.0,0.0,0.0,0.0,1.0,1.0,0.2952897635,0.2855546653,0.04848462343,0.04582059383
5250,1.0,0.0,0.0,0.0,1.0,1.0,0.3025688154,0.304106091,0.05060976744,0.0498020649
5251,1.0,0.0,0.0,0.0,1.0,1.0,0.3030567253,0.2985131311,0.05055910349,0.04867655039
5252,1.0,0.0,0.0,0.0,1.0,1.0,0.3095045807,0.3090380115,0.05157291889,0.05049848557
5253,1.0,0.0,0.0,0.0,1.0,1.0,0.3088889641,0.3090377384,0.05102795362,0.05022644997
5254,1.0,0.0,0.0,0.0,1.0,1.0,0.3073965905,0.312325549,0.05190712214,0.05163538456
5255,1.0,0.0,0.0,0.0,1.0,1.0,0.3020823263,0.3031095484,0.04986774921,0.0490719676
5256,1.0,0.0,0.0,0.0,1.0,1.0,0.3003168409,0.3051102588,0.04972928762,0.04946196079
5257,1.0,0.0,0.0,0.0,1.0,1.0,0.3003169068,0.3024626719,0.05015671253,0.04961740971
5258,1.0,0.0,0.0,0.0,1.0,1.0,0.298534687,0.300162108,0.0494402051,0.04890275002
5259,1.0,0.0,0.0,0.0,1.0,1.0,0.2957695331,0.2928827548,0.04896980524,0.04762452841
5260,1.0,0.0,0.0,0.0,1.0,1.0,0.3008030142,0.3034608598,0.05020326376,0.04966342449
5261,1.0,0.0,0.0,0.0,1.0,1.0,0.2931910986,0.2938559788,0.04867142439,0.04759585857
5262,1.0,0.0,0.0,0.0,1.0,1.0,0.2929962433,0.294537563,0.0481095314,0.04757493734
5263,1.0,0.0,0.0,0.0,1.0,1.0,0.2910995995,0.2928829035,0.04841303825,0.04760617018
5264,1.0,0.0,0.0,0.0,1.0,1.0,0.292044858,0.2912282279,0.04817312956,0.04710263014
5265,1.0,0.0,0.0,0.0,1.0,1.0,0.2888000223,0.2905353505,0.04769748449,0.04689353704
5266,1.0,0.0,0.0,0.0,1.0,1.0,0.2954729163,0.2928829641,0.04928421974,0.04766839743
5267,1.0,0.0,0.0,0.0,1.0,1.0,0.2957696436,0.2988365291,0.04879909754,0.04826289415
5268,1.0,0.0,0.0,0.0,1.0,1.0,0.2943340689,0.3004966673,0.04870659113,0.04843896627
5269,1.0,0.0,0.0,0.0,1.0,1.0,0.2959513904,0.3011562839,0.04888099432,0.0486138463
5270,1.0,0.0,0.0,0.0,1.0,1.0,0.2948112016,0.2961921241,0.04852873087,0.04772877693
5271,1.0,0.0,0.0,0.0,1.0,1.0,0.2985346693,0.3028109809,0.04934549332,0.04907727242
5272,1.0,0.0,0.0,0.0,1.0,1.0,0.2941446782,0.2948353044,0.04814898968,0.04708492756
5273,1.0,0.0,0.0,0.0,1.0,1.0,0.2952896198,0.2981670753,0.04915177822,0.04834163189
5274,1.0,0.0,0.0,0.0,1.0,1.0,0.2899516681,0.2895732319,0.04836428165,0.04728347063
5275,1.0,0.0,0.0,0.0,1.0,1.0,0.28509213,0.2888749947,0.04727065563,0.04673343897
5276,1.0,0.0,0.0,0.0,1.0,1.0,0.2867115414,0.285554693,0.04717642069,0.04584378004
5277,1.0,0.0,0.0,0.0,1.0,1.0,0.2864848227,0.2848411183,0.04719805717,0.04585725069
5278,1.0,0.0,0.0,0.0,1.0,1.0,0.2885827109,0.2865067441,0.04719686508,0.04586362839
5279,1.0,0.0,0.0,0.0,1.0,1.0,0.2899514216,0.2921958222,0.04828518629,0.04747599363
5280,1.0,0.0,0.0,0.0,1.0,1.0,0.2843938971,0.2848409037,0.04689276218,0.04582095146
5281,1.0,0.0,0.0,0.0,1.0,1.0,0.2855550651,0.2888749259,0.04750865698,0.0469686985
5282,1.0,0.0,0.0,0.0,1.0,1.0,0.2892692116,0.2924788087,0.04842317104,0.04760706425
5283,1.0,0.0,0.0,0.0,1.0,1.0,0.289951501,0.2921955764,0.04789739847,0.04709464312
5284,1.0,0.0,0.0,0.0,1.0,1.0,0.289054162,0.2841221666,0.04774326086,0.04585510492
5285,1.0,0.0,0.0,0.0,1.0,1.0,0.2918435653,0.2931696169,0.04785507917,0.04705303907
5286,1.0,0.0,0.0,0.0,1.0,1.0,0.2853218922,0.2865066212,0.04699033499,0.04618477821
5287,1.0,0.0,0.0,0.0,1.0,1.0,0.2936670438,0.2961922289,0.04888880253,0.04834860563
5288,1.0,0.0,0.0,0.0,1.0,1.0,0.2876441121,0.287215261,0.04850381613,0.04740774632
5289,1.0,0.0,0.0,0.0,1.0,1.0,0.2850921531,0.2855549491,0.04751628637,0.04643636942
5290,1.0,0.0,0.0,0.0,1.0,1.0,0.284154847,0.2874648396,0.04643899202,0.04590523243
5291,1.0,0.0,0.0,0.0,1.0,1.0,0.284394156,0.287464931,0.04660391808,0.04580497742
5292,1.0,0.0,0.0,0.0,1.0,1.0,0.2836913451,0.282451293,0.0463924408,0.04505938292
5293,1.0,0.0,0.0,0.0,1.0,1.0,0.2811439297,0.2824509278,0.04607844353,0.0450130105
5294,1.0,0.0,0.0,0.0,1.0,1.0,0.2788002699,0.2807795835,0.04560989141,0.04480969906
5295,1.0,0.0,0.0,0.0,1.0,1.0,0.2806875174,0.2781776371,0.0462422967,0.04463845491
5296,1.0,0.0,0.0,0.0,1.0,1.0,0.2811440059,0.2841225305,0.0462141037,0.04541271925
5297,1.0,0.0,0.0,0.0,1.0,1.0,0.2818524946,0.2865069856,0.04609638453,0.04556655884
5298,1.0,0.0,0.0,0.0,1.0,1.0,0.2799739151,0.2850758401,0.04623448849,0.0456969142
5299,1.0,0.0,0.0,0.0,1.0,1.0,0.282061097,0.2860355416,0.04639160633,0.04558712244
5300,1.0,0.0,0.0,0.0,1.0,1.0,0.2808891011,0.2843531695,0.0464887619,0.04567790031
5301,1.0,0.0,0.0,0.0,1.0,1.0,0.2759896603,0.2836251692,0.04575657845,0.04548579454
5302,1.0,0.0,0.0,0.0,1.0,1.0,0.2700305539,0.2727290866,0.04398447275,0.04317986965
5303,1.0,0.0,0.0,0.0,1.0,1.0,0.2703408822,0.2734962042,0.0441595912,0.04335671663
5304,1.0,0.0,0.0,0.0,1.0,1.0,0.2715340157,0.2770560431,0.04450786114,0.04370349646
5305,1.0,0.0,0.0,0.0,1.0,1.0,0.2767185348,0.2809879369,0.04558670521,0.04478222132
5306,1.0,0.0,0.0,0.0,1.0,1.0,0.2713932933,0.2725749659,0.04540491104,0.0440454483
5307,1.0,0.0,0.0,0.0,1.0,1.0,0.2749271738,0.2800451686,0.04520255327,0.04440492392
5308,1.0,0.0,0.0,0.0,1.0,1.0,0.2744832685,0.273180891,0.04557055235,0.04396218061
5309,1.0,0.0,0.0,0.0,1.0,1.0,0.2753728442,0.2731807153,0.04543250799,0.04382902384
5310,1.0,0.0,0.0,0.0,1.0,1.0,0.2760979743,0.2781779472,0.04503118992,0.04397779703
5311,1.0,0.0,0.0,0.0,1.0,1.0,0.2744830223,0.272273124,0.04456460476,0.04299175739
5312,1.0,0.0,0.0,0.0,1.0,1.0,0.2795867551,0.2827371071,0.04606038332,0.04553097486
5313,1.0,0.0,0.0,0.0,1.0,1.0,0.2756523463,0.2770732083,0.04540342093,0.04460692406
5314,1.0,0.0,0.0,0.0,1.0,1.0,0.2832555932,0.2820207124,0.04680067301,0.0454711318
5315,1.0,0.0,0.0,0.0,1.0,1.0,0.2749272945,0.2688269627,0.04504096508,0.04318636656
5316,1.0,0.0,0.0,0.0,1.0,1.0,0.274040273,0.2754238716,0.04512763023,0.04433131218
5317,1.0,0.0,0.0,0.0,1.0,1.0,0.2768178913,0.2761616168,0.0459485054,0.04487997293
5318,1.0,0.0,0.0,0.0,1.0,1.0,0.2760979748,0.2779904808,0.04583454132,0.04503041506
5319,1.0,0.0,0.0,0.0,1.0,1.0,0.2763728418,0.278722004,0.04557669163,0.04478174448
5320,1.0,0.0,0.0,0.0,1.0,1.0,0.2832555113,0.2829544725,0.04680204391,0.0454724431
5321,1.0,0.0,0.0,0.0,1.0,1.0,0.2778938829,0.275765513,0.04577857256,0.04417222738
5322,1.0,0.0,0.0,0.0,1.0,1.0,0.2718350365,0.2683063309,0.04447692633,0.04261261225
5323,1.0,0.0,0.0,0.0,1.0,1.0,0.2731696595,0.2718076688,0.0445201993,0.04292070866
5324,1.0,0.0,0.0,0.0,1.0,1.0,0.2792559654,0.2724230806,0.04548692703,0.0433588624
5325,1.0,0.0,0.0,0.0,1.0,1.0,0.2739088763,0.2716601222,0.04469680786,0.04310047626
5326,1.0,0.0,0.0,0.0,1.0,1.0,0.2804308336,0.2740944282,0.04535156488,0.04324215651
5327,1.0,0.0,0.0,0.0,1.0,1.0,0.2790646504,0.276512258,0.0459625721,0.04435926676
5328,1.0,0.0,0.0,0.0,1.0,1.0,0.2832296596,0.2774372228,0.04681462049,0.04466223717
5329,1.0,0.0,0.0,0.0,1.0,1.0,0.2850919986,0.2822342485,0.04683738947,0.04524064064
5330,1.0,0.0,0.0,0.0,1.0,1.0,0.2809418457,0.2746810387,0.04632365704,0.04419380426
5331,1.0,0.0,0.0,0.0,1.0,1.0,0.2841710858,0.2763358305,0.04704558849,0.04463982582
5332,1.0,0.0,0.0,0.0,1.0,1.0,0.2841710623,0.2730262828,0.0467171669,0.04379731417
5333,1.0,0.0,0.0,0.0,1.0,1.0,0.2853242988,0.278722289,0.04733365774,0.04519432783
5334,1.0,0.0,0.0,0.0,1.0,1.0,0.2811437606,0.2748463348,0.04584860802,0.0437284112
5335,1.0,0.0,0.0,0.0,1.0,1.0,0.2797792134,0.2689528289,0.04602229595,0.04309600592
5336,1.0,0.0,0.0,0.0,1.0,1.0,0.2799740254,0.2715151037,0.04592329264,0.04352033138
5337,1.0,0.0,0.0,0.0,1.0,1.0,0.2799736913,0.2731810605,0.04560017586,0.04347932339
5338,1.0,0.0,0.0,0.0,1.0,1.0,0.2783463253,0.2724230489,0.0451157093,0.04300498962
5339,1.0,0.0,0.0,0.0,1.0,1.0,0.2804308204,0.2750141991,0.04561561346,0.04349392653
5340,1.0,0.0,0.0,0.0,1.0,1.0,0.2750907118,0.2690804511,0.0450104475,0.04287976027
5341,1.0,0.0,0.0,0.0,1.0,1.0,0.2804307362,0.2731805843,0.04566526413,0.04354125261
5342,1.0,0.0,0.0,0.0,1.0,1.0,0.2804305037,0.2724232147,0.04563474655,0.04324692488
5343,1.0,0.0,0.0,0.0,1.0,1.0,0.2827687232,0.2798436907,0.04650342464,0.04489988089
5344,1.0,0.0,0.0,0.0,1.0,1.0,0.2834721251,0.2781779718,0.04622399807,0.0441108942
5345,1.0,0.0,0.0,0.0,1.0,1.0,0.2797790948,0.2748464038,0.04586923122,0.04374808073
5346,1.0,0.0,0.0,0.0,1.0,1.0,0.2848572314,0.2739334959,0.04644751549,0.04379338026
5347,1.0,0.0,0.0,0.0,1.0,1.0,0.2778936885,0.2740945372,0.04563701153,0.04376882315
5348,1.0,0.0,0.0,0.0,1.0,1.0,0.2860189987,0.279108398,0.04688435793,0.0444868803
5349,1.0,0.0,0.0,0.0,1.0,1.0,0.2820609876,0.274846644,0.04615944624,0.04402494431
5350,1.0,0.0,0.0,0.0,1.0,1.0,0.2850920381,0.2763356305,0.04639172554,0.04401940107
5351,1.0,0.0,0.0,0.0,1.0,1.0,0.2837125697,0.2770729355,0.04700613022,0.04486948252
5352,1.0,0.0,0.0,0.0,1.0,1.0,0.2818522583,0.2739334268,0.04576945305,0.04340207577
5353,1.0,0.0,0.0,0.0,1.0,1.0,0.2848648869,0.2796452913,0.0471701026,0.04503816366
5354,1.0,0.0,0.0,0.0,1.0,1.0,0.2867118159,0.2815093879,0.04753303528,0.04538464546
5355,1.0,0.0,0.0,0.0,1.0,1.0,0.2784273607,0.2746807997,0.04606699944,0.04420298338
5356,1.0,0.0,0.0,0.0,1.0,1.0,0.2839506083,0.2754236386,0.04659277201,0.04396039248
5357,1.0,0.0,0.0,0.0,1.0,1.0,0.2915713975,0.2838947513,0.04763633013,0.04525452852
5358,1.0,0.0,0.0,0.0,1.0,1.0,0.2885150745,0.2857880722,0.04782313108,0.04623782635
5359,1.0,0.0,0.0,0.0,1.0,1.0,0.2880557974,0.2857883052,0.0476385951,0.04605942965
5360,1.0,0.0,0.0,0.0,1.0,1.0,0.2885152492,0.2906872855,0.0480170846,0.04722118378
5361,1.0,0.0,0.0,0.0,1.0,1.0,0.2839506039,0.2829546304,0.04671192169,0.0451284647
5362,1.0,0.0,0.0,0.0,1.0,1.0,0.2825896494,0.2836698693,0.04704874754,0.04571968317
5363,1.0,0.0,0.0,0.0,1.0,1.0,0.28255639,0.281509088,0.04643422365,0.04484212399
5364,1.0,0.0,0.0,0.0,1.0,1.0,0.2804887017,0.2789139665,0.04637765884,0.04477840662
5365,1.0,0.0,0.0,0.0,1.0,1.0,0.2772642038,0.2748464632,0.0456327796,0.04377567768
5366,1.0,0.0,0.0,0.0,1.0,1.0,0.2800369058,0.2846091976,0.04632180929,0.045789361
5367,1.0,0.0,0.0,0.0,1.0,1.0,0.2830417609,0.2827369433,0.04709070921,0.04576051235
5368,1.0,0.0,0.0,0.0,1.0,1.0,0.2837126427,0.2879187966,0.04694992304,0.04641640186
5369,1.0,0.0,0.0,0.0,1.0,1.0,0.2772642974,0.2815093185,0.04589188099,0.04509145021
5370,1.0,0.0,0.0,0.0,1.0,1.0,0.2811931838,0.2829544649,0.04653060436,0.04546707869
5371,1.0,0.0,0.0,0.0,1.0,1.0,0.2832557178,0.2855547175,0.04710423946,0.04603368044
5372,1.0,0.0,0.0,0.0,1.0,1.0,0.2722787228,0.2759403393,0.04497981071,0.04417181015
5373,1.0,0.0,0.0,0.0,1.0,1.0,0.2758202889,0.2766909747,0.04584878683,0.04450023174
5374,1.0,0.0,0.0,0.0,1.0,1.0,0.2783462963,0.2817221369,0.04567652941,0.04487520456
5375,1.0,0.0,0.0,0.0,1.0,1.0,0.2758200025,0.2791083298,0.04554998875,0.04474616051
5376,1.0,0.0,0.0,0.0,1.0,1.0,0.2857854971,0.2881724243,0.04727721214,0.04620879889
5377,1.0,0.0,0.0,0.0,1.0,1.0,0.2741975344,0.2774371287,0.04513555765,0.04433435202
5378,1.0,0.0,0.0,0.0,1.0,1.0,0.2781616289,0.2848410126,0.04588788748,0.04562115669
5379,1.0,0.0,0.0,0.0,1.0,1.0,0.2756524562,0.2815095648,0.04650568962,0.04596179724
5380,1.0,0.0,0.0,0.0,1.0,1.0,0.2784274362,0.2831753204,0.04643774033,0.04563248158
5381,1.0,0.0,0.0,0.0,1.0,1.0,0.2725747841,0.2724229798,0.04488402605,0.04354822636
5382,1.0,0.0,0.0,0.0,1.0,1.0,0.2799740326,0.2800450632,0.04611605406,0.04477548599
5383,1.0,0.0,0.0,0.0,1.0,1.0,0.278612936,0.2791083692,0.04649305344,0.04514145851
5384,1.0,0.0,0.0,0.0,1.0,1.0,0.2786125984,0.2817215656,0.04633194208,0.04525440931
5385,1.0,0.0,0.0,0.0,1.0,1.0,0.2746432813,0.2766912121,0.04523229599,0.04416173697
5386,1.0,0.0,0.0,0.0,1.0,1.0,0.2783459145,0.280044849,0.0463564992,0.0452721715
5387,1.0,0.0,0.0,0.0,1.0,1.0,0.2769926829,0.2783681134,0.04583847523,0.04449820518
5388,1.0,0.0,0.0,0.0,1.0,1.0,0.2774426727,0.2785605384,0.04582196474,0.04421412945
5389,1.0,0.0,0.0,0.0,1.0,1.0,0.2799741461,0.2800449183,0.04598927498,0.0446523428
5390,1.0,0.0,0.0,0.0,1.0,1.0,0.279064928,0.2774369215,0.04588091373,0.04428040981
5391,1.0,0.0,0.0,0.0,1.0,1.0,0.2827689704,0.2800446861,0.04673463106,0.04485446215
5392,1.0,0.0,0.0,0.0,1.0,1.0,0.2741974802,0.2750144386,0.04530471563,0.04396438599
5393,1.0,0.0,0.0,0.0,1.0,1.0,0.2730182618,0.2725752447,0.04559934139,0.04397082329
5394,1.0,0.0,0.0,0.0,1.0,1.0,0.2706478948,0.269210067,0.0451566577,0.04352456331
5395,1.0,0.0,0.0,0.0,1.0,1.0,0.2600840717,0.2515374424,0.04287225008,0.04044550657
5396,1.0,0.0,0.0,0.0,1.0,1.0,0.2385978923,0.2207669815,0.03903543949,0.03521376848
5397,1.0,0.0,0.0,0.0,1.0,1.0,0.2141663252,0.1845660655,0.03429329395,0.02884989977
5398,1.0,0.0,0.0,0.0,1.0,1.0,0.1967811246,0.1523972977,0.03141701221,0.0237005949
5399,1.0,0.0,0.0,0.0,1.0,1.0,0.1662818854,0.1150437079,0.02602517605,0.01753276587
5400,1.0,0.0,0.0,0.0,1.0,1.0,0.1470809369,0.09884558174,0.02291506529,0.01490855217
5401,1.0,0.0,0.0,0.0,1.0,1.0,0.1361249779,0.0932318047,0.02097076178,0.01379656792
5402,1.0,0.0,0.0,0.0,1.0,1.0,0.1289602392,0.09254115708,0.01986914873,0.01379805803
5403,1.0,0.0,0.0,0.0,1.0,1.0,0.1327928655,0.09741842132,0.0211173892,0.01500445604
5404,1.0,0.0,0.0,0.0,1.0,1.0,0.1312752706,0.09812693181,0.02082812786,0.0149962306
5405,1.0,0.0,0.0,0.0,1.0,1.0,0.1463029135,0.104337402,0.02304017544,0.01582276821
5406,1.0,0.0,0.0,0.0,1.0,1.0,0.1312752888,0.1053954602,0.02086633444,0.01613658667
5407,1.0,0.0,0.0,0.0,1.0,1.0,0.1311325047,0.1069511308,0.02072453499,0.0162435174
5408,1.0,0.0,0.0,0.0,1.0,1.0,0.1279986938,0.1157443068,0.02037215233,0.01758146286
5409,1.0,0.0,0.0,0.0,1.0,1.0,0.127328456,0.1217029894,0.02010387182,0.0181760788
5410,1.0,0.0,0.0,0.0,1.0,1.0,0.1236243581,0.120370849,0.01956015825,0.01818269491
5411,1.0,0.0,0.0,0.0,1.0,1.0,0.1145745342,0.128181426,0.01786893606,0.01896858215
5412,1.0,0.0,0.0,0.0,1.0,1.0,0.1145744695,0.1403710467,0.0178810358,0.02063196898
5413,1.0,0.0,0.0,0.0,1.0,1.0,0.1104647827,0.1417117795,0.01727336645,0.0208376646
5414,1.0,0.0,0.0,0.0,1.0,1.0,0.1164566291,0.1628721654,0.01843219995,0.02420949936
5415,1.0,0.0,0.0,0.0,1.0,1.0,0.102551552,0.1665734739,0.01619696617,0.02443265915
5416,1.0,0.0,0.0,0.0,1.0,1.0,0.09054153942,0.1646809085,0.01422232389,0.02379512787
