frame_index,face_detected,yaw,pitch,roll,left_eye_valid,right_eye_valid,left_eye_aspect_ratio,right_eye_aspect_ratio,left_eyelid_gap_ratio,right_eyelid_gap_ratio
0,1.0,-0.7853981853,0.0,0.0,1.0,1.0,0.511425744,0.2865867719,0.04441875219,0.03722417355
1,1.0,-0.7853981853,0.0,0.0,1.0,1.0,0.5546640899,0.270245575,0.04861718416,0.03546917439
2,1.0,-0.7853981853,0.0,0.0,1.0,1.0,0.5334752959,0.3123256642,0.04968005419,0.04293334484
3,1.0,-0.7853981853,0.0,0.0,1.0,1.0,0.5389146458,0.3251461766,0.05194222927,0.04690545797
4,1.0,-0.7853981853,0.0,0.0,1.0,1.0,0.5724958637,0.3218541834,0.05516988039,0.04737752676
5,1.0,-0.7853981853,0.0,0.0,1.0,1.0,0.5578276846,0.3393551336,0.05682784319,0.05177652836
6,1.0,-0.7853981853,0.0,0.0,1.0,1.0,0.5612479941,0.3412729796,0.0613822341,0.0551455617
7,1.0,-0.7853981853,0.0,0.0,1.0,1.0,0.6189278389,0.3449217482,0.06586199999,0.05578106642
8,1.0,-0.7853981853,0.0,0.0,1.0,1.0,0.7170601392,0.329815819,0.07537794113,0.05503255129
9,1.0,-0.7853981853,0.0,0.0,1.0,1.0,0.7823156629,0.3152881101,0.07980257273,0.05173647404
10,1.0,-0.7853981853,0.0,0.0,1.0,1.0,0.7606952862,0.3036280179,0.07958728075,0.04961287975
11,1.0,-0.7853981853,0.0,0.0,1.0,1.0,0.7430914541,0.2831749624,0.08133661747,0.04830467701
12,1.0,-0.7853981853,0.0,0.0,1.0,1.0,0.6820837933,0.2751500626,0.07451224327,0.04691511393
13,1.0,-0.7853981853,0.0,0.0,1.0,1.0,0.6148122066,0.2799990943,0.06887084246,0.04791015387
14,1.0,-0.7853981853,0.0,0.0,1.0,1.0,0.5715200905,0.2805451519,0.06567031145,0.04752022028
15,1.0,-0.7853981853,0.0,0.0,1.0,1.0,0.5757213371,0.2312142164,0.06881779432,0.03987574577
16,1.0,-0.7853981853,0.0,0.0,1.0,1.0,0.5488188,0.2173505825,0.065502882,0.03756779432
17,1.0,-0.7853981853,0.0,0.0,1.0,1.0,0.5513224774,0.2321159429,0.06362575293,0.03792470694
18,1.0,-0.7853981853,0.0,0.0,1.0,1.0,0.5578929874,0.2455444991,0.0626257658,0.04028195143
19,1.0,-0.7853981853,0.0,0.0,1.0,1.0,0.5936983803,0.2711038623,0.06111985445,0.04115611315
20,1.0,-0.7853981853,0.0,0.5235987902,1.0,1.0,0.6041739526,0.319577156,0.06350713968,0.04960507154
21,1.0,-0.7853981853,0.0,0.5235987902,1.0,1.0,0.5967255196,0.3663942905,0.06165850163,0.05467259884
22,1.0,-0.7853981853,0.0,0.5235987902,1.0,1.0,0.6195015438,0.3723832824,0.0620034337,0.05314582586
23,1.0,-0.7853981853,0.0,0.5235987902,1.0,1.0,0.5865945831,0.3857890751,0.05812776089,0.05402088165
24,1.0,-0.7853981853,0.0,0.5235987902,1.0,1.0,0.5745289772,0.4054136707,0.0606444478,0.05906522274
25,1.0,-0.7853981853,0.0,0.5235987902,1.0,1.0,0.5680395055,0.4149465606,0.05944943428,0.05977070332
26,1.0,-0.7853981853,0.0,0.5235987902,1.0,1.0,0.5437453786,0.4197655384,0.05664128065,0.06082504988
27,1.0,-0.7853981853,0.0,0.5235987902,1.0,1.0,0.5416946913,0.4441962017,0.05396932364,0.06185948849
28,1.0,-0.7853981853,0.0,0.5235987902,1.0,1.0,0.4911721975,0.428654531,0.04905182123,0.0589863658
29,1.0,-0.7853981853,0.0,0.5235987902,1.0,1.0,0.482380323,0.3948136566,0.05021369457,0.05743402243
30,1.0,-0.7853981853,0.0,0.5235987902,1.0,1.0,0.4551305518,0.3797881569,0.04633420706,0.05353480577
31,1.0,-0.7853981853,0.0,0.0,1.0,1.0,0.4016023314,0.3690249681,0.04252260923,0.05411970615
32,1.0,-0.7853981853,0.0,0.0,1.0,1.0,0.3749796131,0.3528729776,0.03888493776,0.05048769712
33,1.0,-0.7853981853,0.0,0.0,1.0,1.0,0.3631560995,0.3185995168,0.03804367781,0.04667544365
34,1.0,-0.7853981853,0.0,0.0,1.0,1.0,0.3311034852,0.3075206512,0.03483784199,0.04516017437
35,1.0,-0.7853981853,0.0,0.0,1.0,1.0,0.3128142216,0.2704118455,0.03325784206,0.04157233238
36,1.0,-0.7853981853,0.0,0.0,1.0,1.0,0.307276889,0.2438723954,0.03239816427,0.03740817308
37,1.0,-0.7853981853,0.0,0.0,1.0,1.0,0.2761404537,0.2257511754,0.0283755064,0.03321230412
38,1.0,-0.7853981853,0.0,0.0,1.0,1.0,0.2765373718,0.2197046813,0.03043615818,0.03374439478
39,1.0,-0.7853981853,0.0,0.0,1.0,1.0,0.2598257691,0.2053937899,0.02798777819,0.03085011244
40,1.0,-0.7853981853,0.0,0.0,1.0,1.0,0.2679225095,0.2003144591,0.02783554792,0.02939933538
41,1.0,-0.7853981853,0.0,0.0,1.0,1.0,0.2217654403,0.1930982437,0.02275794744,0.02798610926
42,1.0,-0.7853981853,0.0,0.0,1.0,1.0,0.2502421509,0.2024729748,0.02720630169,0.03118765354
43,1.0,-0.7853981853,0.0,0.0,1.0,1.0,0.2356896986,0.182101445,0.02615624666,0.02847379446
44,1.0,-0.7853981853,0.0,0.0,1.0,1.0,0.2487369696,0.1819068446,0.02789396048,0.02923822403
45,1.0,-0.7853981853,0.0,0.0,1.0,1.0,0.2309824629,0.1919593976,0.02553725243,0.03012079
46,1.0,-0.7853981853,0.0,0.0,1.0,1.0,0.2527659168,0.2055304754,0.02904218435,0.03404945135
47,1.0,-0.7853981853,0.0,0.0,1.0,1.0,0.208579271,0.1885360753,0.0225481987,0.02912479639
48,1.0,-0.7853981853,0.0,0.0,1.0,1.0,0.236861705,0.1962830989,0.0275426507,0.03291684389
49,1.0,-0.7853981853,0.0,0.0,1.0,1.0,0.2192871238,0.201847888,0.02575176954,0.03400546312
50,1.0,-0.7853981853,0.0,0.0,1.0,1.0,0.229133103,0.2065650114,0.02426201105,0.03160440922
51,1.0,-0.7853981853,0.0,0.0,1.0,1.0,0.2193894194,0.209966446,0.02408319712,0.03344887495
52,1.0,-0.7853981853,0.0,0.0,1.0,1.0,0.2561070898,0.2364270772,0.02782487869,0.03732603788
53,1.0,-0.7853981853,0.0,0.0,1.0,1.0,0.2521954407,0.209185547,0.02798980474,0.03420978785
54,1.0,-0.7853981853,0.0,0.0,1.0,1.0,0.2467373319,0.212961425,0.02618050575,0.0334712863
55,1.0,-0.7853981853,0.0,0.0,1.0,1.0,0.2565076748,0.2228056039,0.02767211199,0.03543382883
56,1.0,-0.7853981853,0.0,0.0,1.0,1.0,0.2552421866,0.2324282491,0.02730453014,0.0361866951
57,1.0,-0.7853981853,0.0,0.0,1.0,1.0,0.2525552992,0.222098276,0.02691376209,0.03544741869
58,1.0,-0.7853981853,0.0,0.0,1.0,1.0,0.2612521542,0.2266774553,0.02961456776,0.03787910938
59,1.0,-0.7853981853,0.0,0.0,1.0,1.0,0.2663137663,0.2336901755,0.02964496613,0.03816366196
60,1.0,-0.7853981853,0.0,0.0,1.0,1.0,0.2644678271,0.2335538351,0.02897810936,0.0374019742
61,1.0,-0.7853981853,0.0,0.0,1.0,1.0,0.275186652,0.2295168425,0.03135174513,0.03789770603
62,1.0,-0.7853981853,0.0,0.0,1.0,1.0,0.2517792212,0.2152006974,0.02798372507,0.03549158573
63,1.0,-0.7853981853,0.0,0.0,1.0,1.0,0.2607243918,0.2150195791,0.02913308144,0.03495967388
64,1.0,-0.7853981853,0.0,0.0,1.0,1.0,0.2672926917,0.1897178184,0.02908682823,0.03066760302
65,1.0,-0.7853981853,0.0,0.0,1.0,1.0,0.2598547878,0.1895493997,0.02927112579,0.03184443712
66,1.0,-0.7853981853,0.0,0.0,1.0,1.0,0.2505267452,0.2134915633,0.02957481146,0.0355527401
67,1.0,-0.7853981853,0.0,0.5235987902,1.0,1.0,0.2383097273,0.2300739863,0.02889895439,0.03686088324
68,1.0,-0.7853981853,0.0,0.5235987902,1.0,1.0,0.2523287619,0.2603282591,0.03245806694,0.04036092758
69,1.0,0.0,0.0,0.0,1.0,1.0,0.2898814799,0.2866047043,0.03812932968,0.0443893671
70,1.0,0.0,0.0,0.0,1.0,1.0,0.3027398199,0.3118822931,0.04208791256,0.04905605316
71,1.0,0.0,0.0,0.0,1.0,1.0,0.2785967345,0.280762091,0.04023075104,0.04473215342
72,1.0,0.0,0.0,0.0,1.0,1.0,0.2779903245,0.2595042215,0.04011756182,0.04039049149
73,1.0,0.0,0.0,0.0,1.0,1.0,0.2633038028,0.2255683295,0.03842502832,0.03517782688
74,1.0,0.0,0.0,0.0,1.0,1.0,0.2652722203,0.2244360995,0.03890746832,0.0350715518
75,1.0,0.0,0.0,0.0,1.0,1.0,0.2538564569,0.2077693042,0.03795206547,0.03261065483
76,1.0,0.0,0.0,0.0,1.0,1.0,0.2187459276,0.161200239,0.03206658363,0.02487921715
77,1.0,0.0,0.0,0.0,1.0,1.0,0.1987634583,0.147932049,0.02960556746,0.0229024291
78,1.0,0.0,0.0,0.0,1.0,1.0,0.176810071,0.1150433158,0.0263864398,0.01777607203
79,1.0,0.0,0.0,0.0,1.0,1.0,0.1843454928,0.1367658378,0.02797669172,0.02139395475
80,1.0,0.0,0.0,0.0,1.0,1.0,0.1714373194,0.1374232742,0.02634900808,0.02158373594
81,1.0,0.0,0.0,0.0,1.0,1.0,0.1684040525,0.157520542,0.02638369799,0.02494978905
82,1.0,0.0,0.0,0.0,1.0,1.0,0.1723806913,0.162317791,0.02615892887,0.02476745844
83,1.0,0.0,0.0,0.0,1.0,1.0,0.169245769,0.1635775959,0.02927076817,0.02803832293
84,1.0,0.0,0.0,0.0,1.0,1.0,0.2248232365,0.128559159,0.03392183781,0.01911962032
85,1.0,0.0,0.0,0.0,1.0,1.0,0.1772597802,0.1721886474,0.02704936266,0.02647382021
86,1.0,0.0,0.0,0.0,1.0,1.0,0.1793392137,0.1513751026,0.02659088373,0.02298998833
87,1.0,0.0,0.0,0.0,1.0,1.0,0.1747147069,0.1404325193,0.02552640438,0.02113473415
88,1.0,0.0,0.0,0.0,1.0,1.0,0.1845982092,0.1544593963,0.02787184715,0.02393043041
89,1.0,0.0,0.0,0.0,1.0,1.0,0.1762619773,0.1495515305,0.02688878775,0.02345615625
90,1.0,0.0,0.0,0.0,1.0,1.0,0.1765928931,0.1506512579,0.02608805895,0.02275770903
91,1.0,0.0,0.0,0.0,1.0,1.0,0.1904597721,0.1604270461,0.03071951866,0.02646136284
92,0.0,0.0,0.0,0.0,0.0,0.0,0.0,0.0,0.0,0.0
93,1.0,0.0,0.0,0.0,1.0,1.0,0.1828924961,0.1486625136,0.03404557705,0.02854323387
94,1.0,0.0,0.0,0.0,1.0,1.0,0.1486155697,0.1132460569,0.02525627613,0.01988935471
95,1.0,0.0,0.0,0.0,1.0,1.0,0.1615640289,0.1162987447,0.02686464787,0.01999229193
96,1.0,0.0,0.0,0.0,1.0,1.0,0.1675041722,0.1154592354,0.0272154808,0.01935327053
97,1.0,0.0,0.0,0.0,1.0,1.0,0.1753739119,0.108634767,0.02766495943,0.01784831285
98,1.0,0.0,0.0,0.0,1.0,1.0,0.1742147166,0.1073344104,0.02962034941,0.01901936531
99,1.0,0.0,0.0,0.0,1.0,1.0,0.1872794899,0.1209289584,0.03247499466,0.02186435461
100,1.0,0.0,0.0,0.0,1.0,1.0,0.1889402545,0.1219657635,0.03565555811,0.02399253845
101,1.0,0.0,0.0,0.0,1.0,1.0,0.1863072732,0.1199331544,0.03487491608,0.02346724272
102,1.0,0.0,0.0,0.0,1.0,1.0,0.175649007,0.1325791133,0.03267276287,0.02548474073
103,1.0,0.0,0.0,0.0,1.0,1.0,0.1665737344,0.1315054248,0.02953141928,0.02407449484
104,1.0,0.0,0.0,0.0,1.0,1.0,0.1742798878,0.1437555658,0.02985954285,0.02559393644
105,1.0,0.0,0.0,0.0,1.0,1.0,0.1760581088,0.1449702722,0.03040271997,0.02610337734
106,1.0,0.0,0.0,0.0,1.0,1.0,0.1795730854,0.152164128,0.0282677412,0.02512687445
107,1.0,0.0,0.0,0.0,1.0,1.0,0.1755291852,0.1538932026,0.02794116735,0.02537512779
108,1.0,0.0,0.0,0.0,1.0,1.0,0.1723177303,0.1559411583,0.02777773142,0.02573090792
109,1.0,0.0,0.0,0.0,1.0,1.0,0.1770032561,0.1607492483,0.02764153481,0.0256870389
110,1.0,0.0,0.0,0.0,1.0,1.0,0.1733353257,0.1605602994,0.02587658167,0.02450013161
111,1.0,0.0,0.0,0.0,1.0,1.0,0.1258557383,0.1446077308,0.01893639565,0.02199959755
112,1.0,0.0,0.0,0.0,1.0,1.0,0.1168179428,0.156628884,0.01763129234,0.02350836992
113,1.0,0.0,0.0,0.0,1.0,1.0,0.1065580228,0.1616744863,0.01640707254,0.02489352226
114,1.0,0.0,0.0,0.0,1.0,1.0,0.1194184143,0.1590873056,0.01852190495,0.02422100306
115,1.0,0.0,0.0,0.0,1.0,1.0,0.132894804,0.1795293754,0.02051413059,0.02725851536
116,1.0,0.0,0.0,0.0,1.0,1.0,0.1348167891,0.1805561748,0.02121287584,0.02800101042
117,1.0,0.0,0.0,0.0,1.0,1.0,0.1404621419,0.1853513242,0.02164173126,0.02830076218
118,1.0,0.0,0.0,0.0,1.0,1.0,0.1537601637,0.1955426335,0.02489870787,0.03126811981
119,1.0,0.0,0.0,0.0,1.0,1.0,0.1391625788,0.197691564,0.02111518383,0.02961611748
120,1.0,0.0,0.0,0.0,1.0,1.0,0.1481315764,0.2064065432,0.02338373661,0.0321174264
121,1.0,0.0,0.0,0.0,1.0,1.0,0.1629913567,0.2149534707,0.02564764023,0.03297555447
122,1.0,0.0,0.0,0.0,1.0,1.0,0.157618193,0.211278994,0.02425295115,0.03169417381
123,1.0,0.0,0.0,0.0,1.0,1.0,0.1665736822,0.2196575279,0.02570647001,0.03316962719
124,1.0,0.0,0.0,0.0,1.0,1.0,0.1713328878,0.2216945509,0.02702689171,0.03434669971
125,1.0,0.0,0.0,0.0,1.0,1.0,0.1884044649,0.228809663,0.02895396948,0.03446900845
126,1.0,0.0,0.0,0.0,1.0,1.0,0.1892751387,0.2300870452,0.02972847223,0.03556293249
127,1.0,0.0,0.0,0.0,1.0,1.0,0.1963815945,0.2366170912,0.03073918819,0.03677725792
128,1.0,0.0,0.0,0.0,1.0,1.0,0.181393344,0.2246947886,0.02795505524,0.03425866365
129,1.0,0.0,0.0,0.0,1.0,1.0,0.1991772114,0.227471635,0.03081351519,0.03494030237
130,1.0,0.0,0.0,0.0,1.0,1.0,0.2013009767,0.2303675637,0.03147649765,0.03589421511
131,1.0,0.0,0.0,0.0,1.0,1.0,0.2023737372,0.2303681401,0.03079432249,0.03511637449
132,1.0,0.0,0.0,0.0,1.0,1.0,0.1959688654,0.2276310643,0.02963399887,0.03448325396
133,1.0,0.0,0.0,0.0,1.0,1.0,0.2030951288,0.2337979554,0.0310652256,0.0356977582
134,1.0,0.0,0.0,0.0,1.0,1.0,0.219389728,0.2437664076,0.03364771605,0.03738635778
135,1.0,0.0,0.0,0.0,1.0,1.0,0.2203629253,0.242025109,0.03454762697,0.03781199455
136,1.0,0.0,0.0,0.0,1.0,1.0,0.2013138986,0.2256804025,0.03065705299,0.03418391943
137,1.0,0.0,0.0,0.0,1.0,1.0,0.2120554323,0.238463196,0.03283989429,0.03660839796
138,1.0,0.0,0.0,0.0,1.0,1.0,0.209307061,0.2384633821,0.03218138218,0.03647226095
139,1.0,0.0,0.0,0.0,1.0,1.0,0.1939475503,0.2330852894,0.0302362442,0.03595662117
140,1.0,0.0,0.0,0.0,1.0,1.0,0.1876147216,0.2292625537,0.02939081192,0.03515905142
141,1.0,0.0,0.0,0.0,1.0,1.0,0.1886070481,0.2273100598,0.02934849262,0.03455996513
142,1.0,0.0,0.0,0.0,1.0,1.0,0.1852112048,0.2256800887,0.02907067537,0.0345556736
143,1.0,0.0,0.0,0.0,1.0,1.0,0.2355706115,0.2623534948,0.03787791729,0.04094153643
144,1.0,0.0,0.0,0.0,1.0,1.0,0.2520035287,0.2780139471,0.04072779417,0.04377543926
145,1.0,0.0,0.0,0.0,1.0,1.0,0.2580315262,0.2780135541,0.04117596149,0.04337197542
146,1.0,0.0,0.0,0.0,1.0,1.0,0.2489955845,0.274669219,0.03983807564,0.04288130999
147,1.0,0.0,0.0,0.0,1.0,1.0,0.2494333086,0.2725748014,0.03988111019,0.04261267185
148,1.0,0.0,0.0,0.0,1.0,1.0,0.2597514315,0.2868116402,0.04170155525,0.04501563311
149,1.0,0.0,0.0,0.0,1.0,1.0,0.2592407711,0.2875588199,0.04201328754,0.04533016682
150,1.0,0.0,0.0,0.0,1.0,1.0,0.2605749082,0.2860593813,0.0413249135,0.04404366016
151,1.0,0.0,0.0,0.0,1.0,1.0,0.2584763106,0.2880950534,0.04118788242,0.04448288679
152,1.0,0.0,0.0,0.0,1.0,1.0,0.263741343,0.2901602597,0.04169738293,0.0444406271
153,1.0,0.0,0.0,0.0,1.0,1.0,0.2606489584,0.2926938632,0.04177027941,0.04536640644
154,1.0,0.0,0.0,0.0,1.0,1.0,0.2598898924,0.2847873077,0.04104948044,0.04380446672
155,1.0,0.0,0.0,0.0,1.0,1.0,0.2610998541,0.2855547778,0.04102945328,0.04347491264
156,1.0,0.0,0.0,0.0,1.0,1.0,0.2602713648,0.2855551281,0.04176408052,0.0445483923
157,1.0,0.0,0.0,0.0,1.0,1.0,0.2584762315,0.2799856192,0.04045462608,0.04261225462
158,1.0,0.0,0.0,0.0,1.0,1.0,0.2659387716,0.2873397178,0.04196959734,0.04416406155
159,1.0,0.0,0.0,0.0,1.0,1.0,0.2554706854,0.2728972333,0.04099601507,0.04265797138
160,1.0,0.0,0.0,0.0,1.0,1.0,0.2481492289,0.267332983,0.03985321522,0.04205197096
161,1.0,0.0,0.0,0.0,1.0,1.0,0.2575882117,0.2717782426,0.040556252,0.04190814495
162,1.0,0.0,0.0,0.0,1.0,1.0,0.2515834977,0.2717783865,0.04044115543,0.04293417931
163,1.0,0.0,0.0,0.0,1.0,1.0,0.262375055,0.2725747695,0.04152083397,0.04261344671
164,1.0,0.0,0.0,0.0,1.0,1.0,0.2576412672,0.270827694,0.04133301973,0.04299747944
165,1.0,0.0,0.0,0.0,1.0,1.0,0.2524723704,0.2648697265,0.04001116753,0.04139083624
166,1.0,0.0,0.0,0.0,1.0,1.0,0.2564013313,0.2684015872,0.04076635838,0.04215300083
167,1.0,0.0,0.0,0.0,1.0,1.0,0.2603441165,0.2701672801,0.04123610258,0.04234313965
168,1.0,0.0,0.0,0.0,1.0,1.0,0.2585360584,0.2762542232,0.04172062874,0.0439606905
169,1.0,0.0,0.0,0.0,1.0,1.0,0.2563559721,0.272734986,0.04079669714,0.04272627831
170,1.0,0.0,0.0,0.0,1.0,1.0,0.2669742535,0.2840518574,0.04256039858,0.04419732094
171,1.0,0.0,0.0,0.0,1.0,1.0,0.2618399342,0.2815330835,0.04151976109,0.04341942072
172,1.0,0.0,0.0,0.0,1.0,1.0,0.2589859399,0.2858115221,0.04106849432,0.0438247323
173,1.0,0.0,0.0,0.0,1.0,1.0,0.2585362067,0.2812048888,0.04099196196,0.04319286346
174,1.0,0.0,0.0,0.0,1.0,1.0,0.2550297775,0.2827602277,0.04106914997,0.04412162304
175,1.0,0.0,0.0,0.0,1.0,1.0,0.2550657741,0.2786214798,0.03972798586,0.04189008474
176,1.0,0.0,0.0,0.0,1.0,1.0,0.2572478065,0.2860721969,0.04074329138,0.0434961915
177,1.0,0.0,0.0,0.0,1.0,1.0,0.2615522261,0.2858116191,0.04143571854,0.04363101721
178,1.0,0.0,0.0,0.0,1.0,1.0,0.2623751559,0.2868435163,0.04227858782,0.04422563314
179,1.0,0.0,0.0,0.0,1.0,1.0,0.2602713021,0.2812051846,0.04108154774,0.04299873114
180,1.0,0.0,0.0,0.0,1.0,1.0,0.249860338,0.2712773328,0.03968816996,0.04189312458
181,1.0,0.0,0.0,0.0,1.0,1.0,0.2507135222,0.2752848893,0.0414198041,0.04423743486
182,1.0,0.0,0.0,0.0,1.0,1.0,0.243475792,0.2665178236,0.03915262222,0.04161673784
183,1.0,0.0,0.0,0.0,1.0,1.0,0.2507250783,0.2674562034,0.04050004482,0.04245519638
184,1.0,0.0,0.0,0.0,1.0,1.0,0.2507250849,0.2648699317,0.04005140066,0.04143249989
185,1.0,0.0,0.0,0.0,1.0,1.0,0.2520178358,0.2639371649,0.04071396589,0.04182946682
186,1.0,0.0,0.0,0.0,1.0,1.0,0.2533066457,0.2666356456,0.04026556015,0.04136127234
187,1.0,0.0,0.0,0.0,1.0,1.0,0.2515839348,0.2630111595,0.03990936279,0.0410027504
188,1.0,0.0,0.0,0.0,1.0,1.0,0.2528503875,0.2603439446,0.04111427069,0.04139202833
189,1.0,0.0,0.0,0.0,1.0,1.0,0.2559124492,0.2656969265,0.04098618031,0.04181700945
190,1.0,0.0,0.0,0.0,1.0,1.0,0.2476953368,0.2595723454,0.03934437037,0.04044491053
191,1.0,0.0,0.0,0.0,1.0,1.0,0.2459633478,0.2613383152,0.03959953785,0.04127275944
192,1.0,0.0,0.0,0.0,1.0,1.0,0.255954557,0.2658090499,0.04128271341,0.04212522507
193,1.0,0.0,0.0,0.0,1.0,1.0,0.2550298329,0.2647645384,0.04162591696,0.04246973991
194,1.0,0.0,0.0,0.0,1.0,1.0,0.2507251405,0.2612574329,0.04040384293,0.04151839018
195,1.0,0.0,0.0,0.0,1.0,1.0,0.252891662,0.2604177868,0.04044085741,0.04099482298
196,1.0,0.0,0.0,0.0,1.0,1.0,0.2572476893,0.2648698821,0.04069685936,0.04124683142
197,1.0,0.0,0.0,0.0,1.0,1.0,0.2546572049,0.2614196663,0.04012215137,0.04039692879
198,1.0,0.0,0.0,0.0,1.0,1.0,0.2502948984,0.2621774484,0.03962099552,0.04099673033
199,1.0,0.0,0.0,0.0,1.0,1.0,0.2476801189,0.2595725499,0.03869211674,0.04005455971
200,1.0,0.0,0.0,0.0,1.0,1.0,0.2451135988,0.2568494586,0.03881746531,0.04018425941
201,1.0,0.0,0.0,0.0,1.0,1.0,0.2515955279,0.2595042506,0.03956246376,0.04038101435
202,1.0,0.0,0.0,0.0,1.0,1.0,0.2575352023,0.2626519667,0.04156219959,0.04238796234
203,1.0,0.0,0.0,0.0,1.0,1.0,0.2575354779,0.2643577969,0.04124319553,0.04233574867
204,1.0,0.0,0.0,0.0,1.0,1.0,0.2528709458,0.2575352317,0.0398132205,0.04089653492
205,1.0,0.0,0.0,0.0,1.0,1.0,0.2592407379,0.2642592522,0.0420229435,0.04312884808
206,1.0,0.0,0.0,0.0,1.0,1.0,0.2511503405,0.2549596417,0.04004436731,0.04114151001
207,1.0,0.0,0.0,0.0,1.0,1.0,0.2580878187,0.2592409462,0.04086560011,0.04168844223
208,1.0,0.0,0.0,0.0,1.0,1.0,0.2455374353,0.2507136024,0.03873324394,0.04009717703
209,1.0,0.0,0.0,0.0,1.0,1.0,0.2446908236,0.2498606731,0.03875213861,0.03984379768
210,1.0,0.0,0.0,0.0,1.0,1.0,0.2498606905,0.2532833757,0.03968173265,0.04078400135
211,1.0,0.0,0.0,0.0,1.0,1.0,0.2464142049,0.250713201,0.03892099857,0.04000967741
212,1.0,0.0,0.0,0.0,1.0,1.0,0.2490020371,0.2541244372,0.03940236568,0.04048931599
213,1.0,0.0,0.0,0.0,1.0,1.0,0.2584172838,0.2625650859,0.04093188047,0.04201614857
214,1.0,0.0,0.0,0.0,1.0,1.0,0.2472486499,0.2524363427,0.03893691301,0.04030793905
215,1.0,0.0,0.0,0.0,1.0,1.0,0.2481011107,0.2568492289,0.03910982609,0.04077398777
216,1.0,0.0,0.0,0.0,1.0,1.0,0.220335585,0.2463162667,0.03494769335,0.03886181116
217,1.0,0.0,0.0,0.0,1.0,1.0,0.2357839047,0.2762093098,0.03677016497,0.04170942307
218,1.0,0.0,0.0,0.0,1.0,1.0,0.2193898589,0.2776226549,0.03420972824,0.04072582722
219,1.0,0.0,0.0,0.0,1.0,1.0,0.2228603378,0.2918215483,0.03577941656,0.04210954905
220,1.0,0.0,0.0,0.0,1.0,1.0,0.2340573865,0.3219544548,0.03694021702,0.04395073652
221,1.0,0.0,0.0,0.0,1.0,1.0,0.229149062,0.3352295145,0.03553491831,0.04400861263
222,1.0,0.0,0.0,0.0,1.0,1.0,0.2690122291,0.3651805989,0.04487729073,0.05082124472
223,1.0,0.0,0.0,0.0,1.0,1.0,0.2752848739,0.3726729726,0.04547530413,0.05097866058
224,1.0,0.0,0.0,0.0,1.0,1.0,0.2783912897,0.3853781977,0.04577863216,0.05174976587
225,1.0,0.0,0.0,0.0,1.0,1.0,0.2815816798,0.3917301103,0.04637491703,0.05295902491
226,1.0,0.0,0.0,0.0,1.0,1.0,0.2741523069,0.3863386653,0.04443430901,0.0517463088
227,1.0,0.0,0.0,0.0,1.0,1.0,0.2810929884,0.390077495,0.0464181304,0.05300837755
228,1.0,0.0,0.0,0.0,1.0,1.0,0.2872960485,0.3863385589,0.048171103,0.05371803045
229,1.0,0.0,0.0,0.0,1.0,1.0,0.276069628,0.3805409244,0.04614299536,0.05315208435
230,1.0,0.0,0.0,0.0,1.0,1.0,0.2774313075,0.3815298222,0.04623478651,0.05283975601
231,1.0,0.0,0.0,0.0,1.0,1.0,0.2665176313,0.3695417926,0.04289895296,0.049672544
232,1.0,0.0,0.0,0.0,1.0,1.0,0.2815328013,0.3763587249,0.04631274939,0.05210185051
233,1.0,0.0,0.0,0.0,1.0,1.0,0.2678015189,0.3727086603,0.0432934761,0.05065053701
234,1.0,0.0,0.0,0.0,1.0,1.0,0.2669864345,0.3700861922,0.04309421778,0.05018204451
235,1.0,0.0,0.0,0.0,1.0,1.0,0.2678015304,0.362867871,0.04358184338,0.04984849691
236,1.0,0.0,0.0,0.0,1.0,1.0,0.2678012211,0.3670150403,0.04359555244,0.05043411255
237,1.0,0.0,0.0,0.0,1.0,1.0,0.2565414211,0.3527442912,0.04115241766,0.04801112413
238,1.0,0.0,0.0,0.0,1.0,1.0,0.1779581521,0.3281428396,0.02838772535,0.04387193918
239,1.0,0.0,0.0,0.0,1.0,1.0,0.08418255666,0.3541502486,0.01321494579,0.0458304882
240,1.0,0.0,0.0,0.0,1.0,1.0,0.1015478317,0.3254484493,0.01581650972,0.04300969839
241,1.0,0.0,0.0,0.0,1.0,1.0,0.1323055322,0.2998327125,0.02051120996,0.04074519873
242,1.0,0.0,0.0,0.0,1.0,1.0,0.1842944332,0.2900343304,0.02886021137,0.04107028246
243,1.0,0.0,0.0,0.0,1.0,1.0,0.2140399341,0.29261201,0.03305751085,0.04207313061
244,1.0,0.0,0.0,0.0,1.0,1.0,0.2296961446,0.2858180905,0.03554809093,0.04206073284
245,1.0,0.0,0.0,0.0,1.0,1.0,0.2502922888,0.2907466955,0.03909707069,0.04314154387
246,1.0,0.0,0.0,0.0,1.0,1.0,0.2589229245,0.2880950958,0.04095822573,0.04423481226
247,1.0,0.0,0.0,0.0,1.0,1.0,0.261022753,0.2772306136,0.04147732258,0.0428417325
248,1.0,0.0,0.0,0.0,1.0,1.0,0.2545910316,0.2709757431,0.0397631526,0.04137521982
249,1.0,0.0,0.0,0.0,1.0,1.0,0.2610224321,0.2654765168,0.04025453329,0.04051935673
250,1.0,0.0,0.0,0.0,1.0,1.0,0.2588605511,0.2698840435,0.04098749161,0.04207324982
251,1.0,0.0,0.0,0.0,1.0,1.0,0.2717931961,0.2749329376,0.04307055473,0.04334312677
252,1.0,0.0,0.0,0.0,1.0,1.0,0.262374978,0.2673333615,0.04080998898,0.0410785079
253,1.0,0.0,0.0,0.0,1.0,1.0,0.2653688583,0.2698840827,0.04138433933,0.04165309668
254,1.0,0.0,0.0,0.0,1.0,1.0,0.2658272308,0.269080319,0.04196465015,0.04196465015
255,1.0,0.0,0.0,0.0,1.0,1.0,0.2711797017,0.2696088327,0.0427262187,0.04218876362
256,1.0,0.0,0.0,0.0,1.0,1.0,0.2703969958,0.2776230227,0.04345077276,0.04400080442
257,1.0,0.0,0.0,0.0,1.0,1.0,0.2677685082,0.2808775291,0.04254746437,0.04417347908
258,1.0,0.0,0.0,0.0,1.0,1.0,0.2668579817,0.280877635,0.04262322187,0.04425209761
259,1.0,0.0,0.0,0.0,1.0,1.0,0.2811987511,0.2912168566,0.04504293203,0.04585701227
260,1.0,0.0,0.0,0.0,1.0,1.0,0.2668579759,0.2758873876,0.04305684566,0.043605268
261,1.0,0.0,0.0,0.0,1.0,1.0,0.2605021062,0.2751075939,0.04209375381,0.04346930981
262,1.0,0.0,0.0,0.0,1.0,1.0,0.2596841518,0.2724174226,0.04214692116,0.0435333252
263,1.0,0.0,0.0,0.0,1.0,1.0,0.2765858467,0.2883007881,0.04421728849,0.04475986958
264,1.0,0.0,0.0,0.0,1.0,1.0,0.2665178103,0.2805450659,0.04228889942,0.04337322712
265,1.0,0.0,0.0,0.0,1.0,1.0,0.2648092262,0.2789961546,0.04195737839,0.04276949167
266,1.0,0.0,0.0,0.0,1.0,1.0,0.2694739031,0.2840518517,0.04279226065,0.04387563467
267,1.0,0.0,0.0,0.0,1.0,1.0,0.2745907116,0.289312169,0.04415494204,0.04525196552
268,1.0,0.0,0.0,0.0,1.0,1.0,0.2651581739,0.2793579897,0.04245817661,0.04381901026
269,1.0,0.0,0.0,0.0,1.0,1.0,0.2693413035,0.2865532435,0.04365438223,0.0450271368
270,1.0,0.0,0.0,0.0,1.0,1.0,0.2634583397,0.2785900739,0.04179430008,0.04314249754
271,1.0,0.0,0.0,0.0,1.0,1.0,0.271495519,0.2848056933,0.04308265448,0.04389035702
272,1.0,0.0,0.0,0.0,1.0,1.0,0.2686854423,0.2832927961,0.0437810421,0.04489654303
273,1.0,0.0,0.0,0.0,1.0,1.0,0.2707172314,0.2855547946,0.0430111289,0.04436373711
274,1.0,0.0,0.0,0.0,1.0,1.0,0.2728851457,0.2865531753,0.04462486506,0.04574048519
275,1.0,0.0,0.0,0.0,1.0,1.0,0.2721082877,0.287558914,0.0432715416,0.04463231564
276,1.0,0.0,0.0,0.0,1.0,1.0,0.2703966824,0.2858053342,0.04440784454,0.04581320286
277,1.0,0.0,0.0,0.0,1.0,1.0,0.267312118,0.282072506,0.04208648205,0.0434268713
278,1.0,0.0,0.0,0.0,1.0,1.0,0.2714951153,0.2872960074,0.04337263107,0.0447280407
279,1.0,0.0,0.0,0.0,1.0,1.0,0.267891706,0.2842935763,0.04239726067,0.04375612736
280,1.0,0.0,0.0,0.0,1.0,1.0,0.273819575,0.2910655776,0.04471695423,0.04639387131
281,1.0,0.0,0.0,0.0,1.0,1.0,0.2773408871,0.2932391083,0.04478371143,0.04614907503
282,1.0,0.0,0.0,0.0,1.0,1.0,0.2799794386,0.2960021851,0.04551565647,0.04689496756
283,1.0,0.0,0.0,0.0,1.0,1.0,0.275184482,0.2970366846,0.04403150082,0.04592233896
284,1.0,0.0,0.0,0.0,1.0,1.0,0.2787557156,0.3015860367,0.044952631,0.04714548588
285,1.0,0.0,0.0,0.0,1.0,1.0,0.2797075118,0.3008882992,0.04475194216,0.0466620326
286,1.0,0.0,0.0,0.0,1.0,1.0,0.2741228158,0.2984199469,0.04394990206,0.04613375664
287,1.0,0.0,0.0,0.0,1.0,1.0,0.2760037708,0.2966541985,0.04460513592,0.04654449224
288,1.0,0.0,0.0,0.0,1.0,1.0,0.278001846,0.3037174892,0.04431241751,0.04675912857
289,1.0,0.0,0.0,0.0,1.0,1.0,0.2865291382,0.3068463597,0.04598248005,0.04789847136
290,1.0,0.0,0.0,0.0,1.0,1.0,0.2865292701,0.3022786362,0.04692554474,0.04832214117
291,1.0,0.0,0.0,0.0,1.0,1.0,0.2767685927,0.300185941,0.04419857264,0.04638123512
292,1.0,0.0,0.0,0.0,1.0,1.0,0.2791546492,0.3001857676,0.0452953577,0.04753214121
293,1.0,0.0,0.0,0.0,1.0,1.0,0.2700729447,0.2977062272,0.04287523031,0.0458792448
294,1.0,0.0,0.0,0.0,1.0,1.0,0.2796368343,0.304100772,0.04416978359,0.04662364721
295,1.0,0.0,0.0,0.0,1.0,1.0,0.2801205742,0.3058791952,0.04388821125,0.04659736156
296,1.0,0.0,0.0,0.0,1.0,1.0,0.2823379843,0.3062801684,0.04528385401,0.0475063324
297,1.0,0.0,0.0,0.0,1.0,1.0,0.2806055539,0.3080717905,0.04454773664,0.04729765654
298,1.0,0.0,0.0,0.0,1.0,1.0,0.2771418839,0.303787107,0.0449436307,0.04747164249
299,1.0,0.0,0.0,0.0,1.0,1.0,0.2818498129,0.3034019621,0.04494518042,0.04687529802
300,1.0,0.0,0.0,0.0,1.0,1.0,0.2853080448,0.3062807907,0.04637908936,0.04806560278
301,1.0,0.0,0.0,0.0,1.0,1.0,0.2875343741,0.3098627946,0.04663324356,0.04859972
302,1.0,0.0,0.0,0.0,1.0,1.0,0.2763671422,0.3001921841,0.04336392879,0.04554581642
303,1.0,0.0,0.0,0.0,1.0,1.0,0.2766621529,0.3005438438,0.04462587833,0.04713606834
304,1.0,0.0,0.0,0.0,1.0,1.0,0.2816293783,0.3047942062,0.0452914834,0.04750084877
305,1.0,0.0,0.0,0.0,1.0,1.0,0.2794320432,0.3001857796,0.04510098696,0.04703789949
306,1.0,0.0,0.0,0.0,1.0,1.0,0.2850644076,0.3141104611,0.0458548665,0.04861718416
307,1.0,0.0,0.0,0.0,1.0,1.0,0.2843241835,0.3023226396,0.04534959793,0.04672384262
308,1.0,0.0,0.0,0.0,1.0,1.0,0.2702133642,0.2955340289,0.04295897484,0.04543733597
309,1.0,0.0,0.0,0.0,1.0,1.0,0.2860356047,0.3025992255,0.04702216387,0.04840517044
310,1.0,0.0,0.0,0.0,1.0,1.0,0.2910831009,0.3101717404,0.0469109416,0.04880911112
311,1.0,0.0,0.0,0.0,1.0,1.0,0.2801853963,0.3033395322,0.04470992088,0.04716354609
312,1.0,0.0,0.0,0.0,1.0,1.0,0.2631920083,0.2870740824,0.0413813591,0.04381561279
313,1.0,0.0,0.0,0.0,1.0,1.0,0.2678914847,0.2898739668,0.04177999496,0.04365479946
314,1.0,0.0,0.0,0.0,1.0,1.0,0.2632845868,0.2873397594,0.0411939621,0.04363310337
315,1.0,0.0,0.0,0.0,1.0,1.0,0.267092042,0.2842935639,0.04221856594,0.0438528657
316,1.0,0.0,0.0,0.0,1.0,1.0,0.2498603345,0.2701672845,0.03860086203,0.04073059559
317,1.0,0.0,0.0,0.0,1.0,1.0,0.2678915165,0.2840519153,0.04188233614,0.04349321127
318,1.0,0.0,0.0,0.0,1.0,1.0,0.2713260208,0.2840519996,0.04224121571,0.04331064224
319,1.0,0.0,0.0,0.0,1.0,1.0,0.2742890509,0.2865533749,0.04325813055,0.04433965683
320,1.0,0.0,0.0,0.0,1.0,1.0,0.2669740265,0.284805843,0.04198431969,0.04386824369
321,1.0,0.0,0.0,0.0,1.0,1.0,0.2571463654,0.270975662,0.03966259956,0.04072028399
322,1.0,0.0,0.0,0.0,1.0,1.0,0.2528706018,0.2694927054,0.03986781836,0.0409527421
323,1.0,0.0,0.0,0.0,1.0,1.0,0.2654768816,0.2806405117,0.04127395153,0.04181349277
324,1.0,0.0,0.0,0.0,1.0,1.0,0.284088093,0.2973248744,0.04555755854,0.04555749893
325,1.0,0.0,0.0,0.0,1.0,1.0,0.2902161458,0.2969871225,0.04629838467,0.04575043917
326,1.0,0.0,0.0,0.0,1.0,1.0,0.2913628528,0.2928187566,0.04527699947,0.0439607501
327,1.0,0.0,0.0,0.0,1.0,1.0,0.2962572665,0.2928191925,0.04661715031,0.04474174976
328,1.0,0.0,0.0,0.0,1.0,1.0,0.2946630884,0.2920904039,0.04562902451,0.04429483414
329,1.0,0.0,0.0,0.0,1.0,1.0,0.2947507149,0.2840877359,0.04716348648,0.0449950099
330,1.0,0.0,0.0,0.0,1.0,1.0,0.3095157399,0.2925192874,0.04848617315,0.04550653696
331,1.0,0.0,0.0,0.0,1.0,1.0,0.3144502159,0.28725466,0.04905116558,0.0448089242
332,1.0,0.0,0.0,0.0,1.0,1.0,0.3279686815,0.2963862085,0.05172842741,0.04682785273
333,1.0,0.0,0.0,0.0,1.0,1.0,0.314703314,0.2932388693,0.04959982634,0.04605692625
334,1.0,0.0,0.0,0.0,1.0,1.0,0.31415943,0.2880335393,0.0501459837,0.04573756456
335,1.0,0.0,0.0,0.0,1.0,1.0,0.3233488528,0.2977430776,0.05114632845,0.04677015543
336,1.0,0.0,0.0,0.0,1.0,1.0,0.3081902283,0.2895908787,0.04825264215,0.04470866919
337,1.0,0.0,0.0,0.0,1.0,1.0,0.3060576112,0.2893123639,0.04806154966,0.04480314255
338,1.0,0.0,0.0,0.0,1.0,1.0,0.2986240161,0.2805452009,0.04684454203,0.04332447052
339,1.0,0.0,0.0,0.0,1.0,1.0,0.3081755204,0.289493487,0.05017513037,0.04657137394
340,1.0,0.0,0.0,0.0,1.0,1.0,0.2901603478,0.2801201489,0.04590654373,0.04349040985
341,1.0,0.0,0.0,0.0,1.0,1.0,0.2853104642,0.2732036125,0.0451503396,0.04271709919
342,1.0,0.0,0.0,0.0,1.0,1.0,0.2848238192,0.2785902972,0.04436582327,0.04250621796
343,1.0,0.0,0.0,0.0,1.0,1.0,0.2806060862,0.2772302471,0.04326826334,0.04193276167
344,1.0,0.0,0.0,0.0,1.0,1.0,0.2833469941,0.2770382958,0.0443264842,0.04244595766
345,1.0,0.0,0.0,0.0,1.0,1.0,0.2984443396,0.2903308984,0.04575407505,0.04389202595
346,1.0,0.0,0.0,0.0,1.0,1.0,0.2905556213,0.2809817667,0.04542517662,0.04323601723
347,1.0,0.0,0.0,0.0,1.0,1.0,0.2928190121,0.285301719,0.04568004608,0.04403883219
348,1.0,0.0,0.0,0.0,1.0,1.0,0.2970369059,0.2825276174,0.0459113121,0.04321062565
349,1.0,0.0,0.0,0.0,1.0,1.0,0.2964594906,0.2840141782,0.04627484083,0.0437810421
350,1.0,0.0,0.0,0.0,1.0,1.0,0.2996561097,0.2873393163,0.04687643051,0.04439473152
351,1.0,0.0,0.0,0.0,1.0,1.0,0.293641065,0.279413813,0.04542261362,0.04268634319
352,1.0,0.0,0.0,0.0,1.0,1.0,0.2918724512,0.2802004219,0.04511600733,0.04292851686
353,1.0,0.0,0.0,0.0,1.0,1.0,0.3001855109,0.286316629,0.04717350006,0.04467606544
354,1.0,0.0,0.0,0.0,1.0,1.0,0.2948884898,0.281204643,0.04581785202,0.04307419062
355,1.0,0.0,0.0,0.0,1.0,1.0,0.2973693217,0.2809816574,0.04690533876,0.04385226965
356,1.0,0.0,0.0,0.0,1.0,1.0,0.2911340396,0.2770192798,0.04521209002,0.0421795845
357,1.0,0.0,0.0,0.0,1.0,1.0,0.2863166889,0.2760191834,0.04474043846,0.04251736403
358,1.0,0.0,0.0,0.0,1.0,1.0,0.2931225464,0.2840136483,0.04516172409,0.04298520088
359,1.0,0.0,0.0,0.0,1.0,1.0,0.2885712691,0.2804189731,0.04491692781,0.04272586107
360,1.0,0.0,0.0,0.0,1.0,1.0,0.2903308247,0.2822166331,0.04497843981,0.04279768467
361,1.0,0.0,0.0,0.0,1.0,1.0,0.2890371842,0.2770381045,0.04512172937,0.04294717312
362,1.0,0.0,0.0,0.0,1.0,1.0,0.2436804152,0.2400792539,0.03812468052,0.03729581833
363,1.0,0.0,0.0,0.0,1.0,1.0,0.1440970852,0.1873953635,0.02187687159,0.02860820293
364,1.0,0.0,0.0,0.0,1.0,1.0,0.1314079727,0.1776786415,0.02025932074,0.02739292383
365,1.0,0.0,0.0,0.0,1.0,1.0,0.1563875057,0.190964901,0.02422887087,0.02979874611
366,1.0,0.0,0.0,0.0,1.0,1.0,0.1629912865,0.2009552931,0.02466571331,0.03062886
367,1.0,0.0,0.0,0.0,1.0,1.0,0.1898582003,0.2213050063,0.02891761065,0.03382813931
368,1.0,0.0,0.0,0.0,1.0,1.0,0.1973983716,0.2345257893,0.03043889999,0.03564918041
369,1.0,0.0,0.0,0.0,1.0,1.0,0.206902056,0.239228141,0.03210103512,0.03672575951
370,1.0,0.0,0.0,0.0,1.0,1.0,0.2076304743,0.2454144737,0.03173863888,0.03711807728
371,1.0,0.0,0.0,0.0,1.0,1.0,0.2275437511,0.2623534702,0.03475439548,0.03929919004
372,1.0,0.0,0.0,0.0,1.0,1.0,0.2275434342,0.2650847137,0.03521519899,0.04009115696
373,1.0,0.0,0.0,0.0,1.0,1.0,0.2291489939,0.2733979838,0.0353255868,0.04103201628
374,1.0,0.0,0.0,0.0,1.0,1.0,0.2353695311,0.279843705,0.03670251369,0.04218047857
375,1.0,0.0,0.0,0.0,1.0,1.0,0.2230895542,0.2673780229,0.03397887945,0.03941547871
376,1.0,0.0,0.0,0.0,1.0,1.0,0.2432970304,0.2840137125,0.03809535503,0.04330253601
377,1.0,0.0,0.0,0.0,1.0,1.0,0.2659385363,0.3034017332,0.0415365696,0.04615169764
378,1.0,0.0,0.0,0.0,1.0,1.0,0.2714745764,0.3051865222,0.04239553213,0.04617601633
379,1.0,0.0,0.0,0.0,1.0,1.0,0.2757080874,0.3044072096,0.04348069429,0.04701346159
380,1.0,0.0,0.0,0.0,1.0,1.0,0.2702127985,0.3051868991,0.04215729237,0.04621094465
381,1.0,0.0,0.0,0.0,1.0,1.0,0.2749331008,0.3087562969,0.04314881563,0.04694807529
382,1.0,0.0,0.0,0.0,1.0,1.0,0.2796364524,0.3094356305,0.04365843534,0.04689240456
383,1.0,0.0,0.0,0.0,1.0,1.0,0.2678916194,0.3054831234,0.04299378395,0.04767900705
384,1.0,0.0,0.0,0.0,1.0,1.0,0.2703551662,0.3102957034,0.04211813211,0.04673749208
385,1.0,0.0,0.0,0.0,1.0,1.0,0.2815818613,0.3168523008,0.04439616203,0.04795885086
386,1.0,0.0,0.0,0.0,1.0,1.0,0.272734976,0.3107356703,0.04258972406,0.04698610306
387,1.0,0.0,0.0,0.0,1.0,1.0,0.2815329614,0.3185035593,0.04412847757,0.04798972607
388,1.0,0.0,0.0,0.0,1.0,1.0,0.2738434983,0.3168518816,0.04286408424,0.0477784276
389,1.0,0.0,0.0,0.0,1.0,1.0,0.2783910504,0.3132309554,0.04381000996,0.04707539082
390,1.0,0.0,0.0,0.0,1.0,1.0,0.2776227905,0.3168520351,0.04335355759,0.04741793871
391,1.0,0.0,0.0,0.0,1.0,1.0,0.2786739613,0.3181678945,0.04459387064,0.04872298241
392,1.0,0.0,0.0,0.0,1.0,1.0,0.291933093,0.3313368885,0.04719400406,0.0508030057
393,1.0,0.0,0.0,0.0,1.0,1.0,0.2793578844,0.3258250568,0.04414010048,0.04880082607
394,1.0,0.0,0.0,0.0,1.0,1.0,0.2811467312,0.326460029,0.04512941837,0.04925709963
395,1.0,0.0,0.0,0.0,1.0,1.0,0.286298431,0.3325277323,0.04569768906,0.0495750308
396,1.0,0.0,0.0,0.0,1.0,1.0,0.2808205826,0.3288126744,0.04404735565,0.04842472076
397,1.0,0.0,0.0,0.0,1.0,1.0,0.2915770812,0.3388257042,0.04611885548,0.04973053932
398,1.0,0.0,0.0,0.0,1.0,1.0,0.2815821589,0.3350190613,0.04429090023,0.04893869162
399,1.0,0.0,0.0,0.0,1.0,1.0,0.2872957637,0.3350191969,0.0448307991,0.04863470793
400,1.0,0.0,0.0,0.0,1.0,1.0,0.2865413553,0.3356333972,0.04484939575,0.0486318469
401,1.0,0.0,0.0,0.0,1.0,1.0,0.2936504872,0.3392937392,0.04646420479,0.04999655485
402,1.0,0.0,0.0,0.0,1.0,1.0,0.2889952587,0.3381013372,0.04592418671,0.04975122213
403,1.0,0.0,0.0,0.0,1.0,1.0,0.2867961992,0.3387621965,0.04531931877,0.04971396923
404,1.0,0.0,0.0,0.0,1.0,1.0,0.28131178,0.3343999754,0.04458701611,0.04929494858
405,1.0,0.0,0.0,0.0,1.0,1.0,0.2961949311,0.3418165121,0.04750275612,0.05111408234
406,1.0,0.0,0.0,0.0,1.0,1.0,0.2902725495,0.3387617303,0.0460716486,0.04993391037
407,1.0,0.0,0.0,0.0,1.0,1.0,0.2820291577,0.3331473512,0.04429292679,0.04872226715
408,1.0,0.0,0.0,0.0,1.0,1.0,0.2787915234,0.3331473829,0.0439914465,0.04869496822
409,1.0,0.0,0.0,0.0,1.0,1.0,0.2898204566,0.3356617002,0.04547041655,0.04905295372
410,1.0,0.0,0.0,0.0,1.0,1.0,0.2860532376,0.3362782108,0.04537278414,0.04952269793
411,1.0,0.0,0.0,0.0,1.0,1.0,0.2790763836,0.3306423628,0.04414409399,0.04855847359
412,1.0,0.0,0.0,0.0,1.0,1.0,0.2835784479,0.3337686277,0.04530650377,0.04945039749
413,1.0,0.0,0.0,0.0,1.0,1.0,0.2902727871,0.340633708,0.04587680101,0.04999744892
414,1.0,0.0,0.0,0.0,1.0,1.0,0.2790761297,0.332521098,0.04444664717,0.04916912317
415,1.0,0.0,0.0,0.0,1.0,1.0,0.2790762377,0.3325207579,0.04430311918,0.04901027679
416,1.0,0.0,0.0,0.0,1.0,1.0,0.287296043,0.3400358535,0.0455544591,0.04997187853
417,1.0,0.0,0.0,0.0,1.0,1.0,0.2845634559,0.3368906052,0.04546141624,0.04989665747
418,1.0,0.0,0.0,0.0,1.0,1.0,0.2835546464,0.3350187086,0.04412144423,0.04875141382
419,1.0,0.0,0.0,0.0,1.0,1.0,0.2813628068,0.3337688576,0.04504811764,0.04947000742
420,1.0,0.0,0.0,0.0,1.0,1.0,0.2815821758,0.3350190522,0.04500943422,0.04973262548
421,1.0,0.0,0.0,0.0,1.0,1.0,0.2744944454,0.3318900205,0.04307079315,0.04859268665
422,1.0,0.0,0.0,0.0,1.0,1.0,0.2808205771,0.3306703071,0.04399502277,0.04864042997
423,1.0,0.0,0.0,0.0,1.0,1.0,0.277141476,0.333146986,0.0436026454,0.04905295372
424,1.0,0.0,0.0,0.0,1.0,1.0,0.2895416191,0.3306974352,0.04612958431,0.05001997948
425,1.0,0.0,0.0,0.0,1.0,1.0,0.2813113776,0.3282295503,0.04470419884,0.04942446947
426,1.0,0.0,0.0,0.0,1.0,1.0,0.2960018032,0.3349581379,0.04665213823,0.05076855421
427,1.0,0.0,0.0,0.0,1.0,1.0,0.293542629,0.3301076571,0.04629939795,0.04988205433
428,1.0,0.0,0.0,0.0,1.0,1.0,0.2835789547,0.3206094191,0.04490572214,0.0490128994
429,1.0,0.0,0.0,0.0,1.0,1.0,0.2828282404,0.3176797013,0.04411417246,0.04817372561
430,1.0,0.0,0.0,0.0,1.0,1.0,0.2912859666,0.3224008874,0.0453261137,0.04885452986
431,1.0,0.0,0.0,0.0,1.0,1.0,0.2796366047,0.3136547324,0.04459041357,0.04871916771
432,1.0,0.0,0.0,0.0,1.0,1.0,0.2833468828,0.3092678135,0.04443597794,0.04766768217
433,1.0,0.0,0.0,0.0,1.0,1.0,0.2779101807,0.2998322172,0.04379492998,0.04651510715
434,1.0,0.0,0.0,0.0,1.0,1.0,0.276367353,0.29384996,0.04319298267,0.04536622763
435,1.0,0.0,0.0,0.0,1.0,1.0,0.2815816854,0.2970370085,0.04337602854,0.04551810026
436,1.0,0.0,0.0,0.0,1.0,1.0,0.2894934855,0.3050021474,0.04564028978,0.04808533192
437,1.0,0.0,0.0,0.0,1.0,1.0,0.2917198004,0.299490201,0.04518055916,0.04678457975
438,1.0,0.0,0.0,0.0,1.0,1.0,0.2894936978,0.3005198695,0.04499173164,0.04686641693
439,1.0,0.0,0.0,0.0,1.0,1.0,0.2924356206,0.3012018393,0.04571157694,0.04732495546
440,1.0,0.0,0.0,0.0,1.0,1.0,0.2865412198,0.2919329789,0.04492163658,0.04600405693
441,1.0,0.0,0.0,0.0,1.0,1.0,0.2936505119,0.2994901316,0.04634875059,0.04743289948
442,1.0,0.0,0.0,0.0,1.0,1.0,0.2909336337,0.2960676639,0.04619622231,0.04701143503
443,1.0,0.0,0.0,0.0,1.0,1.0,0.2902158391,0.2970851732,0.04543083906,0.04650616646
444,1.0,0.0,0.0,0.0,1.0,1.0,0.2880036757,0.2943560257,0.0450578928,0.0461307168
445,1.0,0.0,0.0,0.0,1.0,1.0,0.2919331667,0.2970847111,0.04580163956,0.04660987854
446,1.0,0.0,0.0,0.0,1.0,1.0,0.2904357591,0.2957532597,0.04506033659,0.04612064362
447,1.0,0.0,0.0,0.0,1.0,1.0,0.2835788489,0.2892221652,0.04343914986,0.04476350546
448,1.0,0.0,0.0,0.0,1.0,1.0,0.2848238689,0.2933515038,0.0443111062,0.04563778639
449,1.0,0.0,0.0,0.0,1.0,1.0,0.2887278366,0.2943559265,0.04505139589,0.04585105181
450,1.0,0.0,0.0,0.0,1.0,1.0,0.2830888282,0.2919332068,0.04381501675,0.04541802406
451,1.0,0.0,0.0,0.0,1.0,1.0,0.2909988897,0.3008700825,0.04528903961,0.04690647125
452,1.0,0.0,0.0,0.0,1.0,1.0,0.2830890311,0.2894937613,0.04400253296,0.04507577419
453,1.0,0.0,0.0,0.0,1.0,1.0,0.281629435,0.2919331648,0.04401350021,0.0456237793
454,1.0,0.0,0.0,0.0,1.0,1.0,0.275707896,0.2853080052,0.04359209538,0.04495441914
455,1.0,0.0,0.0,0.0,1.0,1.0,0.2757080657,0.2808774936,0.04280489683,0.04360747337
456,1.0,0.0,0.0,0.0,1.0,1.0,0.2754097139,0.2887660005,0.04274642467,0.04489713907
457,1.0,0.0,0.0,0.0,1.0,1.0,0.2799124216,0.2892221963,0.04381984472,0.04543286562
458,1.0,0.0,0.0,0.0,1.0,1.0,0.2774314109,0.2850640953,0.04357969761,0.04493308067
459,1.0,0.0,0.0,0.0,1.0,1.0,0.2799126014,0.289222061,0.04372674227,0.0453363061
460,1.0,0.0,0.0,0.0,1.0,1.0,0.2749331879,0.285064017,0.04260414839,0.04447972775
461,1.0,0.0,0.0,0.0,1.0,1.0,0.2791543244,0.2919332664,0.04322695732,0.04536163807
462,1.0,0.0,0.0,0.0,1.0,1.0,0.2654767907,0.277622787,0.04097378254,0.04284840822
463,1.0,0.0,0.0,0.0,1.0,1.0,0.141481827,0.2296509322,0.0213162899,0.03416067362
464,1.0,0.0,0.0,0.0,1.0,1.0,0.1023192674,0.2241394013,0.01546108723,0.0336831212
465,1.0,0.0,0.0,0.0,1.0,1.0,0.1870613622,0.2507561303,0.02923500538,0.03898000717
466,1.0,0.0,0.0,0.0,1.0,1.0,0.2193468515,0.2525277774,0.03402084112,0.03895926476
467,1.0,0.0,0.0,0.0,1.0,1.0,0.2459355995,0.2746690273,0.0378189683,0.04157406092
468,1.0,0.0,0.0,0.0,1.0,1.0,0.2675533396,0.288033636,0.04226756096,0.04526722431
469,1.0,0.0,0.0,0.0,1.0,1.0,0.2745905315,0.3008699592,0.04306477308,0.04654204845
470,1.0,0.0,0.0,0.0,1.0,1.0,0.2660631996,0.2925192295,0.04172253609,0.04493188858
471,1.0,0.0,0.0,0.0,1.0,1.0,0.2675536889,0.2907784796,0.04159295559,0.04481303692
472,1.0,0.0,0.0,0.0,1.0,1.0,0.2692798119,0.2970370049,0.04271537066,0.04654878378
473,1.0,0.0,0.0,0.0,1.0,1.0,0.2653690699,0.2987843189,0.04183888435,0.04645746946
474,1.0,0.0,0.0,0.0,1.0,1.0,0.2652627282,0.2939535496,0.04175204039,0.04579257965
475,1.0,0.0,0.0,0.0,1.0,1.0,0.2703969199,0.3060572303,0.04285943508,0.04801338911
476,1.0,0.0,0.0,0.0,1.0,1.0,0.2659531157,0.2953676707,0.04203212261,0.04604792595
477,1.0,0.0,0.0,0.0,1.0,1.0,0.2728908915,0.3050926431,0.04257518053,0.04718524218
478,1.0,0.0,0.0,0.0,1.0,1.0,0.2653692998,0.3015861575,0.04175692797,0.0466375947
479,1.0,0.0,0.0,0.0,1.0,1.0,0.268480921,0.3090147553,0.04194051027,0.04735219479
480,1.0,0.0,0.0,0.0,1.0,1.0,0.2541834944,0.3023223235,0.04015290737,0.04643529654
481,1.0,0.0,0.0,0.0,1.0,1.0,0.2659384638,0.311653768,0.0419242382,0.04767853022
482,1.0,0.0,0.0,0.0,1.0,1.0,0.2631006873,0.3136548427,0.0422514081,0.04856175184
483,1.0,0.0,0.0,0.0,1.0,1.0,0.259684079,0.3112137101,0.04183465242,0.04816484451
484,1.0,0.0,0.0,0.0,1.0,1.0,0.2642592538,0.317198679,0.04285931587,0.04917830229
485,1.0,0.0,0.0,0.0,1.0,1.0,0.2634582852,0.3087562874,0.04224485159,0.04715073109
486,1.0,0.0,0.0,0.0,1.0,1.0,0.2485744963,0.3102960075,0.03997659683,0.04742056131
487,1.0,0.0,0.0,0.0,1.0,1.0,0.2682264374,0.3175121195,0.04317885637,0.04840427637
488,1.0,0.0,0.0,0.0,1.0,1.0,0.2677684445,0.3199649419,0.04347121716,0.04928582907
489,1.0,0.0,0.0,0.0,1.0,1.0,0.2580314053,0.3120999996,0.04117536545,0.04748892784
490,1.0,0.0,0.0,0.0,1.0,1.0,0.2559123635,0.313693347,0.04085695744,0.04748243093
491,1.0,0.0,0.0,0.0,1.0,1.0,0.245936248,0.3049765355,0.0389226079,0.04582369328
492,1.0,0.0,0.0,0.0,1.0,1.0,0.2589859667,0.3166731742,0.04163527489,0.04834163189
493,1.0,0.0,0.0,0.0,1.0,1.0,0.2489898567,0.3093507581,0.03986287117,0.04711061716
494,1.0,0.0,0.0,0.0,1.0,1.0,0.2546239323,0.3111816531,0.04080867767,0.04719370604
495,1.0,0.0,0.0,0.0,1.0,1.0,0.2524907754,0.3100456454,0.0398260355,0.04701679945
496,1.0,0.0,0.0,0.0,1.0,1.0,0.2607998578,0.3150411505,0.04163348675,0.0486189723
497,1.0,0.0,0.0,0.0,1.0,1.0,0.2692157546,0.3150412967,0.04226589203,0.0480670929
498,1.0,0.0,0.0,0.0,1.0,1.0,0.2703550847,0.3072486463,0.04279536009,0.04804122448
499,1.0,0.0,0.0,0.0,1.0,1.0,0.2720992711,0.3022787838,0.04232251644,0.04693460464
500,1.0,0.0,0.0,0.0,1.0,1.0,0.2637418968,0.2912167475,0.04081779718,0.04538291693
501,1.0,0.0,0.0,0.0,1.0,1.0,0.2690804041,0.2967095336,0.04158842564,0.0461794138
502,1.0,0.0,0.0,0.0,1.0,1.0,0.2576958704,0.2843239601,0.04056757689,0.0452273488
503,1.0,0.0,0.0,0.0,1.0,1.0,0.2660512341,0.2835787168,0.04152619839,0.04480457306
504,1.0,0.0,0.0,0.0,1.0,1.0,0.2719328384,0.2907783033,0.04198652506,0.04553085566
505,1.0,0.0,0.0,0.0,1.0,1.0,0.2764412871,0.2925196154,0.04272782803,0.04601460695
506,1.0,0.0,0.0,0.0,1.0,1.0,0.2720902497,0.2928186062,0.04242420197,0.04630607367
507,1.0,0.0,0.0,0.0,1.0,1.0,0.2772301273,0.2942608731,0.04341083765,0.04672890902
508,1.0,0.0,0.0,0.0,1.0,1.0,0.2767414863,0.2935420196,0.04323124886,0.04626011848
509,1.0,0.0,0.0,0.0,1.0,1.0,0.2855549004,0.3001793451,0.04393553734,0.04691874981
510,1.0,0.0,0.0,0.0,1.0,1.0,0.2770383119,0.2932387214,0.04320830107,0.04621642828
511,1.0,0.0,0.0,0.0,1.0,1.0,0.2722555641,0.2949740549,0.04216897488,0.04624986649
512,1.0,0.0,0.0,0.0,1.0,1.0,0.2686106924,0.2907783962,0.04233652353,0.04591041803
513,1.0,0.0,0.0,0.0,1.0,1.0,0.2564011966,0.2855549116,0.04035490751,0.04502183199
514,1.0,0.0,0.0,0.0,1.0,1.0,0.2738436077,0.294662925,0.0426595211,0.04646354914
515,1.0,0.0,0.0,0.0,1.0,1.0,0.2643007359,0.2907783106,0.0407242775,0.04503941536
516,1.0,0.0,0.0,0.0,1.0,1.0,0.2633783493,0.2870369137,0.04088205099,0.04494315386
517,1.0,0.0,0.0,0.0,1.0,1.0,0.2746290171,0.2946630315,0.04212993383,0.04559636116
518,1.0,0.0,0.0,0.0,1.0,1.0,0.2858054007,0.2974116808,0.04449772835,0.04695463181
519,1.0,0.0,0.0,0.0,1.0,1.0,0.2891241559,0.3005314559,0.04497140646,0.04774743319
520,1.0,0.0,0.0,0.0,1.0,1.0,0.2858115291,0.2973689681,0.04332101345,0.04604560137
521,1.0,0.0,0.0,0.0,1.0,1.0,0.2924761245,0.2980792786,0.04478257895,0.04670572281
522,1.0,0.0,0.0,0.0,1.0,1.0,0.2819403395,0.2931225294,0.04389941692,0.04671347141
523,1.0,0.0,0.0,0.0,1.0,1.0,0.2906815228,0.2952898625,0.0449821353,0.04692584276
524,1.0,0.0,0.0,0.0,1.0,1.0,0.2865783939,0.2890371087,0.04373455048,0.04537457228
525,1.0,0.0,0.0,0.0,1.0,1.0,0.2863266309,0.2885712301,0.04393792152,0.04531961679
526,1.0,0.0,0.0,0.0,1.0,1.0,0.2868433414,0.290617967,0.04429519176,0.04568815231
527,1.0,0.0,0.0,0.0,1.0,1.0,0.2863265382,0.2878250266,0.04414963722,0.04526031017
528,1.0,0.0,0.0,0.0,1.0,1.0,0.2894067439,0.2903310421,0.04448240995,0.04558759928
529,1.0,0.0,0.0,0.0,1.0,1.0,0.2858118298,0.2903310363,0.04465955496,0.04634481668
530,1.0,0.0,0.0,0.0,1.0,1.0,0.2881273094,0.2885714211,0.04495972395,0.04608374834
531,1.0,0.0,0.0,0.0,1.0,1.0,0.2786212418,0.2895911427,0.04285460711,0.04534298182
532,1.0,0.0,0.0,0.0,1.0,1.0,0.2776227639,0.285052081,0.04269373417,0.04462182522
533,1.0,0.0,0.0,0.0,1.0,1.0,0.2883693076,0.2910657799,0.04516094923,0.04656350613
534,1.0,0.0,0.0,0.0,1.0,1.0,0.2878534617,0.2928185227,0.04454278946,0.04620271921
535,1.0,0.0,0.0,0.0,1.0,1.0,0.2865784225,0.2925197879,0.0445972085,0.04682707787
536,1.0,0.0,0.0,0.0,1.0,1.0,0.2973248251,0.2977431759,0.04647862911,0.04787862301
537,1.0,0.0,0.0,0.0,1.0,1.0,0.2989324419,0.2977431859,0.0462552309,0.04764842987
538,1.0,0.0,0.0,0.0,1.0,1.0,0.2975164474,0.2956828924,0.04570162296,0.04679632187
539,1.0,0.0,0.0,0.0,1.0,1.0,0.2901605128,0.2922244999,0.04494380951,0.04688584805
540,1.0,0.0,0.0,0.0,1.0,1.0,0.2987465438,0.292519374,0.04645419121,0.04729872942
541,1.0,0.0,0.0,0.0,1.0,1.0,0.2949174811,0.2917952202,0.04549723864,0.04690146446
542,1.0,0.0,0.0,0.0,1.0,1.0,0.2958634312,0.2887660329,0.04556971788,0.04640334845
543,1.0,0.0,0.0,0.0,1.0,1.0,0.2912041163,0.2857995414,0.04463577271,0.04601347446
544,1.0,0.0,0.0,0.0,1.0,1.0,0.2889296289,0.2816299151,0.04398620129,0.04536944628
545,1.0,0.0,0.0,0.0,1.0,1.0,0.2873851093,0.2738197184,0.04333132505,0.04415935278
546,1.0,0.0,0.0,0.0,1.0,1.0,0.2899841509,0.2780013907,0.04469943047,0.04582387209
547,1.0,0.0,0.0,0.0,1.0,1.0,0.2826888027,0.2749330021,0.04266893864,0.04377007484
548,1.0,0.0,0.0,0.0,1.0,1.0,0.2902190874,0.2781954019,0.04396188259,0.04451143742
549,1.0,0.0,0.0,0.0,1.0,1.0,0.2930966592,0.2818495854,0.04454344511,0.04509681463
550,1.0,0.0,0.0,0.0,1.0,1.0,0.286336483,0.2757083596,0.04322212934,0.04404807091
551,1.0,0.0,0.0,0.0,1.0,1.0,0.2943812282,0.283346786,0.04422962666,0.04504865408
552,1.0,0.0,0.0,0.0,1.0,1.0,0.2858148456,0.2721083266,0.04299396276,0.04354166985
553,1.0,0.0,0.0,0.0,1.0,1.0,0.2852954999,0.2747604355,0.04338389635,0.04421281815
554,1.0,0.0,0.0,0.0,1.0,1.0,0.2935299735,0.2831180223,0.04431706667,0.04513263702
555,1.0,0.0,0.0,0.0,1.0,1.0,0.2863264693,0.2764778841,0.04331427813,0.04385912418
556,1.0,0.0,0.0,0.0,1.0,1.0,0.279123211,0.2728853595,0.04346632957,0.04486852884
557,1.0,0.0,0.0,0.0,1.0,1.0,0.290976925,0.2772422996,0.04455280304,0.0448294878
558,1.0,0.0,0.0,0.0,1.0,1.0,0.2994718143,0.2865292911,0.04582738876,0.04637950659
559,1.0,0.0,0.0,0.0,1.0,1.0,0.2941684656,0.2808776264,0.04555380344,0.04611968994
560,1.0,0.0,0.0,0.0,1.0,1.0,0.2930968181,0.2789538212,0.04508846998,0.04564857483
561,1.0,0.0,0.0,0.0,1.0,1.0,0.2852955063,0.2686854269,0.04330915213,0.04330909252
562,1.0,0.0,0.0,0.0,1.0,1.0,0.293846855,0.2728850201,0.04531830549,0.04475879669
563,1.0,0.0,0.0,0.0,1.0,1.0,0.2925637289,0.2721083027,0.04441326857,0.04386156797
564,1.0,0.0,0.0,0.0,1.0,1.0,0.2976677296,0.2768727516,0.04630094767,0.0460203886
565,1.0,0.0,0.0,0.0,1.0,1.0,0.2896933512,0.2719566312,0.0443020463,0.04430198669
566,1.0,0.0,0.0,0.0,1.0,1.0,0.2936316093,0.2728852334,0.04432779551,0.04405248165
567,1.0,0.0,0.0,0.0,1.0,1.0,0.2949173895,0.2721083711,0.04449748993,0.04367345572
568,1.0,0.0,0.0,0.0,1.0,1.0,0.2951247935,0.2710354204,0.04458296299,0.04376250505
569,1.0,0.0,0.0,0.0,1.0,1.0,0.2858115723,0.2659530915,0.04438996315,0.04383158684
570,1.0,0.0,0.0,0.0,1.0,1.0,0.2868432486,0.2634581832,0.04368007183,0.0425812006
571,1.0,0.0,0.0,0.0,1.0,1.0,0.2868433518,0.268557923,0.04467660189,0.0443956852
572,1.0,0.0,0.0,0.0,1.0,1.0,0.2909768531,0.2668577729,0.04450231791,0.04339665174
573,1.0,0.0,0.0,0.0,1.0,1.0,0.2837474713,0.2625651757,0.04307430983,0.04252558947
574,1.0,0.0,0.0,0.0,1.0,1.0,0.2850393804,0.2676470962,0.0439491868,0.0439491868
575,1.0,0.0,0.0,0.0,1.0,1.0,0.2969358277,0.2762963876,0.04503369331,0.04448449612
576,1.0,0.0,0.0,0.0,1.0,1.0,0.293314309,0.2721081047,0.04518920183,0.04435235262
577,1.0,0.0,0.0,0.0,1.0,1.0,0.2878827659,0.2677687235,0.04387015104,0.04331833124
578,1.0,0.0,0.0,0.0,1.0,1.0,0.2832356362,0.262651845,0.04286473989,0.04204559326
579,1.0,0.0,0.0,0.0,1.0,1.0,0.2766311883,0.259990128,0.04161590338,0.04134744406
580,1.0,0.0,0.0,0.0,1.0,1.0,0.2792035274,0.2641623238,0.04231578112,0.04231578112
581,1.0,0.0,0.0,0.0,1.0,1.0,0.2827249234,0.2651582084,0.04407185316,0.04379117489
582,1.0,0.0,0.0,0.0,1.0,1.0,0.2753936218,0.2610223905,0.04146045446,0.04173499346
583,1.0,0.0,0.0,0.0,1.0,1.0,0.2752085629,0.2618402609,0.04122549295,0.04149675369
584,1.0,0.0,0.0,0.0,1.0,1.0,0.2798436378,0.2626519377,0.04206633568,0.04206633568
585,1.0,0.0,0.0,0.0,1.0,1.0,0.2915037781,0.2762962524,0.04335272312,0.04362201691
586,1.0,0.0,0.0,0.0,1.0,1.0,0.2896933127,0.273819749,0.04490101337,0.04490101337
587,1.0,0.0,0.0,0.0,1.0,1.0,0.2834781423,0.2730433855,0.04249465466,0.04331183434
588,1.0,0.0,0.0,0.0,1.0,1.0,0.2824510848,0.2694741447,0.0424849987,0.04302966595
589,1.0,0.0,0.0,0.0,1.0,1.0,0.2567370838,0.2498605306,0.03778898716,0.0388687253
590,1.0,0.0,0.0,0.0,1.0,1.0,0.257741028,0.2446187327,0.03837525845,0.03865134716
591,1.0,0.0,0.0,0.0,1.0,1.0,0.2650452232,0.2507309207,0.04044306278,0.04044306278
592,1.0,0.0,0.0,0.0,1.0,1.0,0.2715875202,0.2592409335,0.04151207209,0.04206556082
593,1.0,0.0,0.0,0.0,1.0,1.0,0.2799853158,0.2701192851,0.04220920801,0.04274350405
594,1.0,0.0,0.0,0.0,1.0,1.0,0.2760189401,0.2652631219,0.04104989767,0.04158657789
595,1.0,0.0,0.0,0.0,1.0,1.0,0.2826887178,0.2661742786,0.04145765305,0.04145765305
596,1.0,0.0,0.0,0.0,1.0,1.0,0.2727416131,0.2628288385,0.04202151299,0.04286754131
597,1.0,0.0,0.0,0.0,1.0,1.0,0.2855546102,0.2735312201,0.04319322109,0.0437541604
598,1.0,0.0,0.0,0.0,1.0,1.0,0.283144074,0.2675811899,0.04143691063,0.04143691063
599,1.0,0.0,0.0,0.0,1.0,1.0,0.2858182723,0.2717776788,0.04337978363,0.04337972403
600,1.0,0.0,0.0,0.0,1.0,1.0,0.2786547085,0.2604179742,0.04136008024,0.04080861807
601,1.0,0.0,0.0,0.0,1.0,1.0,0.2677748154,0.251645019,0.0409476161,0.04065924883
602,1.0,0.0,0.0,0.0,1.0,1.0,0.2732554463,0.2596416874,0.04082399607,0.04082405567
603,1.0,0.0,0.0,0.0,1.0,1.0,0.2795512675,0.2619224631,0.04280298948,0.04252320528
604,1.0,0.0,0.0,0.0,1.0,1.0,0.2860719314,0.2659530852,0.04284054041,0.04256939888
605,1.0,0.0,0.0,0.0,1.0,1.0,0.2810927377,0.2627395559,0.04193109274,0.04193109274
606,1.0,0.0,0.0,0.0,1.0,1.0,0.2826515234,0.262740039,0.04202693701,0.04202699661
607,1.0,0.0,0.0,0.0,1.0,1.0,0.2767972153,0.2550660431,0.04256790876,0.04199653864
608,1.0,0.0,0.0,0.0,1.0,1.0,0.2650456727,0.2464143812,0.0391561985,0.03888428211
609,1.0,0.0,0.0,0.0,1.0,1.0,0.282411071,0.2601995381,0.04316049814,0.04231971502
610,1.0,0.0,0.0,0.0,1.0,1.0,0.2628163351,0.2368919021,0.03922766447,0.03784638643
611,1.0,0.0,0.0,0.0,1.0,1.0,0.2420086776,0.2188430106,0.03627341986,0.03516584635
612,1.0,0.0,0.0,0.0,1.0,1.0,0.2503310445,0.2219039796,0.03718453646,0.03550702333
613,1.0,0.0,0.0,0.0,1.0,1.0,0.2503311383,0.2271459501,0.03875672817,0.03788250685
614,1.0,0.0,0.0,0.0,1.0,1.0,0.2512671464,0.2298368335,0.03691291809,0.03636193275
615,1.0,0.0,0.0,0.0,1.0,1.0,0.2456417661,0.2236516087,0.03701871634,0.03617095947
616,1.0,0.0,0.0,0.0,1.0,1.0,0.2418311391,0.219389903,0.03619396687,0.035628438
617,1.0,0.0,0.0,0.0,1.0,1.0,0.2433097686,0.221329633,0.03734833002,0.03677374125
618,1.0,0.0,0.0,0.0,1.0,1.0,0.2342736506,0.2092257122,0.03679555655,0.03590536118
619,1.0,0.0,0.0,0.0,1.0,1.0,0.2331395854,0.2109550047,0.03469246626,0.03469246626
620,1.0,0.0,0.0,0.0,1.0,1.0,0.2337096857,0.2136737662,0.03573083878,0.03602135181
621,1.0,0.0,0.0,0.0,1.0,1.0,0.2229379323,0.2126836975,0.03262317181,0.03400546312
622,1.0,0.0,0.0,0.0,1.0,1.0,0.2340703685,0.2217192331,0.03519618511,0.03631347418
623,1.0,0.0,0.0,0.0,1.0,1.0,0.2375098468,0.2263543684,0.03543025255,0.03684747219
624,1.0,0.0,0.0,0.0,1.0,1.0,0.2341546005,0.2280954609,0.03438276052,0.03661906719
625,1.0,0.0,0.0,0.0,1.0,1.0,0.2284436726,0.2252265892,0.03341758251,0.03564548492
626,1.0,0.0,0.0,0.0,1.0,1.0,0.2145804122,0.2013012743,0.03078168631,0.03161364794
627,1.0,0.0,0.0,0.0,1.0,1.0,0.1727916365,0.1707230998,0.02643162012,0.02883446217
628,1.0,0.0,0.0,0.0,1.0,1.0,0.1291649902,0.1653351334,0.01876109838,0.02737277746
629,1.0,0.0,0.0,0.0,1.0,1.0,0.1511033522,0.1348167664,0.02209633589,0.02367466688
630,1.0,-0.7853981853,0.0,0.0,1.0,1.0,0.160907625,0.1276267108,0.02232503891,0.02232509851
631,1.0,-0.7853981853,0.0,0.0,1.0,1.0,0.200811684,0.1515398012,0.02798104286,0.02701616287
632,1.0,-0.7853981853,0.0,0.0,1.0,1.0,0.2409155786,0.1807109426,0.03157573938,0.0306378603
633,1.0,-0.7853981853,0.0,0.0,1.0,1.0,0.2653814883,0.1939217261,0.03441643715,0.03283774853
634,1.0,-0.7853981853,0.0,0.0,1.0,1.0,0.2887273886,0.2021134929,0.03597706556,0.03351712227
635,1.0,-0.7853981853,0.0,0.0,1.0,1.0,0.2880163767,0.1987837571,0.03583389521,0.0330774188
636,1.0,-0.7853981853,0.0,0.0,1.0,1.0,0.3139347115,0.2113847677,0.04000079632,0.03562575579
637,1.0,-0.7853981853,0.0,0.0,1.0,1.0,0.333978263,0.2140331396,0.04219436646,0.03621155024
638,1.0,-0.7853981853,0.0,0.0,1.0,1.0,0.3560350572,0.2245935902,0.04378992319,0.03753423691
639,1.0,-0.7853981853,0.0,0.0,1.0,1.0,0.3521607444,0.2154929897,0.04366785288,0.03567230701
640,1.0,-0.7853981853,0.0,0.0,1.0,1.0,0.3769605655,0.2370001531,0.04903560877,0.04161578417
641,1.0,-0.7853981853,0.0,0.0,1.0,1.0,0.3789229927,0.2202472274,0.04775190353,0.03813743591
642,1.0,-0.7853981853,0.0,0.0,1.0,1.0,0.3839961117,0.2186879939,0.04629021883,0.03614443541
643,1.0,-0.7853981853,0.0,0.0,1.0,1.0,0.3892566981,0.2188701392,0.0469597578,0.0358543992
644,1.0,-0.7853981853,0.0,0.0,1.0,1.0,0.4092829918,0.2276719101,0.05007833242,0.03812408447
645,1.0,-0.7853981853,0.0,0.0,1.0,1.0,0.4013610128,0.2299093721,0.04758185148,0.03787761927
646,1.0,-0.7853981853,0.0,0.0,1.0,1.0,0.4103668953,0.2394888064,0.04989683628,0.04088318348
647,1.0,-0.7853981853,0.0,0.0,1.0,1.0,0.4066423453,0.2239801408,0.04704773426,0.03635501862
648,1.0,-0.7853981853,0.0,0.0,1.0,1.0,0.4104374074,0.2318096553,0.04768800735,0.03777879477
649,1.0,-0.7853981853,0.0,0.0,1.0,1.0,0.4237638141,0.2343650439,0.04946386814,0.03764224052
650,1.0,-0.7853981853,0.0,0.0,1.0,1.0,0.4294684083,0.2431590459,0.05316692591,0.04168021679
651,1.0,-0.7853981853,0.0,0.0,1.0,1.0,0.4239247804,0.237415416,0.05121797323,0.04019635916
652,1.0,-0.7853981853,0.0,0.0,1.0,1.0,0.4231990024,0.2411782371,0.05138999224,0.0404009819
653,1.0,-0.7853981853,0.0,0.0,1.0,1.0,0.440613965,0.2522862154,0.05228787661,0.04144769907
654,1.0,-0.7853981853,0.0,0.0,1.0,1.0,0.4403419212,0.2522677331,0.05178952217,0.04111772776
655,1.0,-0.7853981853,0.0,0.0,1.0,1.0,0.4376727377,0.244094259,0.05099850893,0.03949272633
656,1.0,-0.7853981853,0.0,0.0,1.0,1.0,0.4483981294,0.2484050381,0.05520755053,0.0425696969
657,1.0,-0.7853981853,0.0,0.0,1.0,1.0,0.4415831914,0.2629127658,0.05252373219,0.04382157326
658,1.0,-0.7853981853,0.0,0.0,1.0,1.0,0.4513609945,0.2953742192,0.05442535877,0.04944932461
659,1.0,-0.7853981853,0.0,0.0,1.0,1.0,0.4455952948,0.2972793026,0.0547927618,0.05045884848
660,1.0,-0.7853981853,0.0,0.0,1.0,1.0,0.4334633402,0.2923413376,0.05776953697,0.0528178215
661,1.0,-0.7853981853,0.0,0.0,1.0,1.0,0.4272795806,0.2858145894,0.05423820019,0.04893904924
662,1.0,-0.7853981853,0.0,0.0,1.0,1.0,0.4300776665,0.2750263655,0.05251508951,0.04565232992
663,1.0,-0.7853981853,0.0,0.0,1.0,1.0,0.4302316706,0.288127457,0.05711424351,0.05133861303
664,1.0,-0.7853981853,0.0,0.0,1.0,1.0,0.4137280537,0.2855548123,0.05495584011,0.05048269033
665,1.0,-0.7853981853,0.0,0.0,1.0,1.0,0.4002562091,0.264824983,0.05098092556,0.04457014799
666,1.0,-0.7853981853,0.0,0.0,1.0,1.0,0.3774118041,0.2525091236,0.05115908384,0.04515892267
667,1.0,-0.7853981853,0.0,0.0,1.0,1.0,0.3950733066,0.2395057769,0.05195075274,0.04112768173
668,1.0,-0.7853981853,0.0,0.0,1.0,1.0,0.368771969,0.2252764978,0.04781877995,0.03837680817
669,1.0,-0.7853981853,0.0,0.0,1.0,1.0,0.3583564814,0.2193020935,0.0461910367,0.03659290075
670,1.0,-0.7853981853,0.0,0.0,1.0,1.0,0.3539687799,0.2263231032,0.04581773281,0.03743284941
671,1.0,-0.7853981853,0.0,0.0,1.0,1.0,0.3646459999,0.2350602232,0.04870420694,0.04009187222
672,1.0,-0.7853981853,0.0,0.0,1.0,1.0,0.3535288555,0.2228721875,0.04808533192,0.03871023655
673,1.0,-0.7853981853,0.0,0.0,1.0,1.0,0.3488721374,0.2104989333,0.0486317277,0.03762078285
674,1.0,-0.7853981853,0.0,0.0,1.0,1.0,0.3486676737,0.2112912998,0.05030614138,0.03937000036
675,1.0,-0.7853981853,0.0,0.0,1.0,1.0,0.3356905835,0.2019422321,0.04840868711,0.03709238768
676,1.0,-0.7853981853,0.0,0.0,1.0,1.0,0.3374457211,0.1941484867,0.0454300642,0.03327685595
677,1.0,-0.7853981853,0.0,0.0,1.0,1.0,0.3352829172,0.2063694774,0.04655313492,0.03587853909
678,1.0,0.0,0.0,0.0,1.0,1.0,0.3275482946,0.2009012712,0.04812449217,0.0367103219
679,1.0,0.0,0.0,0.0,1.0,1.0,0.3265606195,0.1978760195,0.04790824652,0.03600746393
680,1.0,0.0,0.0,0.0,1.0,1.0,0.3214696189,0.1861374574,0.04533410072,0.03225696087
681,1.0,0.0,0.0,0.0,1.0,1.0,0.30862101,0.1924602523,0.04395735264,0.03318637609
682,1.0,0.0,0.0,0.0,1.0,1.0,0.2793916023,0.1512759329,0.03972136974,0.02599412203
683,1.0,0.0,0.0,0.0,1.0,1.0,0.2829743553,0.1755774981,0.04209190607,0.03104650974
684,1.0,0.0,0.0,0.0,1.0,1.0,0.2657246773,0.1772658209,0.0392165184,0.03072935343
685,1.0,0.0,0.0,0.0,1.0,1.0,0.2454078182,0.1665736963,0.03645050526,0.02851366997
686,1.0,0.0,0.0,0.0,1.0,1.0,0.2392488072,0.1598432574,0.03585165739,0.0274669528
687,1.0,0.0,0.0,0.0,1.0,1.0,0.232384495,0.1772655634,0.03458571434,0.02952432632
688,1.0,0.0,0.0,0.0,1.0,1.0,0.2378711906,0.1821899804,0.03572207689,0.03024852276
689,1.0,0.0,0.0,0.0,1.0,1.0,0.2384166261,0.1821898285,0.03619247675,0.03040164709
690,1.0,0.0,0.0,0.0,1.0,1.0,0.2195305416,0.1683453663,0.03094238043,0.02578526735
691,1.0,0.0,0.0,0.0,1.0,1.0,0.2167695652,0.1630297265,0.03110355139,0.02532327175
692,1.0,0.0,0.0,0.0,1.0,1.0,0.2223093045,0.1765800341,0.03396606445,0.02903085947
693,1.0,0.0,0.0,0.0,1.0,1.0,0.2171072613,0.1683269801,0.03257340193,0.02695727348
694,1.0,0.0,0.0,0.0,1.0,1.0,0.2148334586,0.1712824719,0.03297024965,0.02780967951
695,1.0,0.0,0.0,0.0,1.0,1.0,0.207749155,0.1701179499,0.02985262871,0.02581852674
696,1.0,0.0,0.0,0.0,1.0,1.0,0.1969162895,0.1701176085,0.03007292747,0.02723580599
697,1.0,0.0,0.0,0.0,1.0,1.0,0.1950584061,0.1642191578,0.0288143754,0.02552127838
698,1.0,0.0,0.0,0.0,1.0,1.0,0.1861157331,0.1588398007,0.02775460482,0.02470159531
699,1.0,0.0,0.0,0.0,1.0,1.0,0.1743867197,0.1599826343,0.02687638998,0.0257204175
700,1.0,0.0,0.0,0.0,1.0,1.0,0.1543396907,0.1468712631,0.02226221561,0.02226215601
701,1.0,0.0,0.0,0.0,1.0,1.0,0.1524571635,0.1461277305,0.02385640144,0.02385640144
702,1.0,0.0,0.0,0.0,1.0,1.0,0.1606581411,0.1545901143,0.02548640966,0.02548640966
703,1.0,0.0,0.0,0.0,1.0,1.0,0.1828921071,0.1630293774,0.02873557806,0.02670377493
704,1.0,0.0,0.0,0.0,1.0,1.0,0.1788671112,0.1606874099,0.02861219645,0.02684229612
705,1.0,0.0,0.0,0.0,1.0,1.0,0.1812173884,0.165991324,0.02935326099,0.02816730738
706,1.0,0.0,0.0,0.0,1.0,1.0,0.185217648,0.1613135692,0.02964645624,0.02700471878
707,1.0,0.0,0.0,0.0,1.0,1.0,0.1769086284,0.1665735784,0.02693533897,0.02637994289
708,1.0,0.0,0.0,0.0,1.0,1.0,0.1776786291,0.165388226,0.0287899375,0.02789026499
709,1.0,0.0,0.0,0.0,1.0,1.0,0.1842286541,0.1689198732,0.02792018652,0.0268034339
710,1.0,0.0,0.0,0.0,1.0,1.0,0.1858997756,0.1741986802,0.027579844,0.02703374624
711,1.0,0.0,0.0,0.0,1.0,1.0,0.1830614457,0.1730482921,0.02800172567,0.02771890163
712,1.0,0.0,0.0,0.0,1.0,1.0,0.1872233038,0.1730483251,0.02941060066,0.02825725079
713,1.0,0.0,0.0,0.0,1.0,1.0,0.1887835708,0.1807498394,0.0282985568,0.0282984972
714,1.0,0.0,0.0,0.0,1.0,1.0,0.1884345095,0.1712825147,0.02908164263,0.02765607834
715,1.0,0.0,0.0,0.0,1.0,1.0,0.2017390886,0.1854086973,0.03199386597,0.03081977367
716,1.0,0.0,0.0,0.0,1.0,1.0,0.1973304671,0.1823543277,0.03107732534,0.02992630005
717,1.0,0.0,0.0,0.0,1.0,1.0,0.191069929,0.1759581476,0.03000223637,0.02884829044
718,1.0,0.0,0.0,0.0,1.0,1.0,0.1998886284,0.185211218,0.02997517586,0.02915012836
719,1.0,0.0,0.0,0.0,1.0,1.0,0.195462923,0.1770941721,0.02943825722,0.02804964781
720,1.0,0.0,0.0,0.0,1.0,1.0,0.2045958334,0.1871805903,0.03099918365,0.02990186214
721,1.0,0.0,0.0,0.0,1.0,1.0,0.2122228151,0.1906150968,0.03179252148,0.03016209602
722,1.0,0.0,0.0,0.0,1.0,1.0,0.2100274014,0.1906154343,0.03278428316,0.03137123585
723,1.0,0.0,0.0,0.0,1.0,1.0,0.2046387962,0.1828247428,0.03098410368,0.02904760838
724,1.0,0.0,0.0,0.0,1.0,1.0,0.2084839085,0.1897894291,0.030990839,0.02963155508
725,1.0,0.0,0.0,0.0,1.0,1.0,0.2323026571,0.2112223496,0.03532367945,0.03368073702
726,1.0,0.0,0.0,0.0,1.0,1.0,0.2489584118,0.2215255921,0.03712838888,0.03470695019
727,1.0,0.0,0.0,0.0,1.0,1.0,0.2534557626,0.2259013435,0.0391638875,0.0366640687
728,1.0,0.0,0.0,0.0,1.0,1.0,0.253000699,0.2276127906,0.03919357061,0.03696984053
729,1.0,0.0,0.0,0.0,1.0,1.0,0.2534301642,0.228685909,0.03838068247,0.03648865223
730,1.0,0.0,0.0,0.0,1.0,1.0,0.2480628805,0.2217191146,0.03763127327,0.03544974327
731,1.0,0.0,0.0,0.0,1.0,1.0,0.2444675985,0.2217190482,0.03657418489,0.03496062756
732,1.0,0.0,0.0,0.0,1.0,1.0,0.2377049809,0.2129392128,0.03604489565,0.03386032581
733,1.0,0.0,0.0,0.0,1.0,1.0,0.2382185028,0.2158657699,0.03592848778,0.03430759907
734,1.0,0.0,0.0,0.0,1.0,1.0,0.2216943651,0.2023091926,0.03291046619,0.03156167269
735,1.0,0.0,0.0,0.0,1.0,1.0,0.1656327469,0.1719468592,0.02500379086,0.02727681398
736,1.0,0.0,0.0,0.0,1.0,1.0,0.1501062654,0.1623643437,0.02264428139,0.02579730749
737,1.0,0.0,0.0,0.0,1.0,1.0,0.1392350957,0.1757261524,0.02131855488,0.0280354023
738,1.0,0.0,0.0,0.0,1.0,1.0,0.142777413,0.1710070405,0.02202993631,0.02753740549
739,1.0,0.0,0.0,0.0,1.0,1.0,0.1552915787,0.1805076984,0.02406543493,0.02931052446
740,1.0,0.0,0.0,0.0,1.0,1.0,0.1475555624,0.1672068023,0.02177226543,0.02554607391
741,1.0,0.0,0.0,0.0,1.0,1.0,0.1529964066,0.1646806917,0.02293586731,0.02591449022
742,1.0,0.0,0.0,0.0,1.0,1.0,0.1402377976,0.1596068201,0.02087002993,0.02469134331
743,1.0,0.0,0.0,0.0,1.0,1.0,0.1555550099,0.1628307133,0.02407127619,0.02617758512
744,1.0,0.0,0.0,0.0,1.0,1.0,0.1614482881,0.1536178894,0.02530390024,0.02500265837
745,1.0,0.0,0.0,0.0,1.0,1.0,0.1768243048,0.1696813282,0.02692472935,0.02663207054
746,1.0,0.0,0.0,0.0,1.0,1.0,0.1924158299,0.1876205978,0.03030103445,0.03059518337
747,1.0,0.0,0.0,0.0,1.0,1.0,0.2009946815,0.1909646797,0.0320751071,0.03148657084
748,1.0,0.0,0.0,0.0,1.0,1.0,0.1998886126,0.1894248261,0.03110474348,0.03052330017
749,1.0,0.0,0.0,0.0,1.0,1.0,0.2100139574,0.1930329945,0.03204929829,0.03061854839
750,1.0,0.0,0.0,0.0,1.0,1.0,0.2072917551,0.1952314255,0.03276389837,0.03188627958
751,1.0,0.0,0.0,0.0,1.0,1.0,0.2175909831,0.2070273137,0.03391951323,0.03334456682
752,1.0,0.0,0.0,0.0,1.0,1.0,0.2276505898,0.2073310523,0.03448826075,0.03280591965
753,1.0,0.0,0.0,0.0,1.0,1.0,0.2323427648,0.2144193605,0.03625428677,0.03481560946
754,1.0,0.0,0.0,0.0,1.0,1.0,0.235927655,0.2105969967,0.03686988354,0.03425711393
755,1.0,0.0,0.0,0.0,1.0,1.0,0.24137496,0.2154593919,0.03466725349,0.03222966194
756,1.0,0.0,0.0,0.0,1.0,1.0,0.2531665298,0.2182896613,0.03698575497,0.03339761496
757,1.0,0.0,0.0,0.0,1.0,1.0,0.2479675415,0.2064064289,0.03765118122,0.03276515007
758,1.0,0.0,0.0,0.0,1.0,1.0,0.2545394504,0.2195203912,0.03831660748,0.03465402126
759,1.0,0.0,0.0,0.0,1.0,1.0,0.2587674987,0.2177354073,0.04007810354,0.03543132544
760,1.0,0.0,0.0,0.0,1.0,1.0,0.2592534135,0.2203071461,0.03996944427,0.03562498093
761,1.0,0.0,0.0,0.0,1.0,1.0,0.2522133397,0.2113515875,0.03870612383,0.03408449888
762,1.0,0.0,0.0,0.0,1.0,1.0,0.2507962382,0.2123811963,0.03879541159,0.03445261717
763,1.0,0.0,0.0,0.0,1.0,1.0,0.255977856,0.2167246144,0.03915786743,0.03483891487
764,1.0,0.0,0.0,0.0,1.0,1.0,0.2517532695,0.2175040617,0.03858357668,0.0351023078
765,1.0,0.0,0.0,0.0,1.0,1.0,0.2470102371,0.2071567836,0.03546655178,0.03110140562
766,1.0,0.0,0.0,0.0,1.0,1.0,0.2546103722,0.2206796753,0.03875523806,0.03499543667
767,1.0,0.0,0.0,0.0,1.0,1.0,0.2397895752,0.1955430402,0.03583317995,0.03095984459
768,1.0,0.0,0.0,0.0,1.0,1.0,0.2397894495,0.193732276,0.03596246243,0.03078383207
769,1.0,0.0,0.0,0.0,1.0,1.0,0.2493773648,0.2112790504,0.0370118022,0.03299498558
770,1.0,0.0,0.0,0.0,1.0,1.0,0.2508251577,0.2097369151,0.03677082062,0.03252804279
771,1.0,0.0,0.0,0.0,1.0,1.0,0.2474626559,0.2006179864,0.03678333759,0.03136563301
772,1.0,0.0,0.0,0.0,1.0,1.0,0.2479384241,0.2013525076,0.03638654947,0.03102725744
773,1.0,0.0,0.0,0.0,1.0,1.0,0.2484052937,0.2013528187,0.0359723568,0.03091371059
774,1.0,0.0,0.0,0.0,1.0,1.0,0.2513102094,0.1947441246,0.03643107414,0.02970534563
775,1.0,0.0,0.0,0.0,1.0,1.0,0.2498605159,0.2013529487,0.03655570745,0.03117156029
776,1.0,0.0,0.0,0.0,1.0,1.0,0.2376841089,0.1843991352,0.03385221958,0.02774775028
777,1.0,0.0,0.0,0.0,1.0,1.0,0.2474059297,0.1864632503,0.03600376844,0.02857446671
778,1.0,0.0,0.0,0.0,1.0,1.0,0.2435287829,0.1887835237,0.03625094891,0.02958077192
779,1.0,0.0,0.0,0.0,1.0,1.0,0.2367609978,0.1869328899,0.03499299288,0.0289696455
780,1.0,0.0,0.0,0.0,1.0,1.0,0.2421128157,0.192484976,0.0361033082,0.03003793955
781,1.0,0.0,0.0,0.0,1.0,1.0,0.2449993157,0.2024893252,0.03515762091,0.03041416407
782,1.0,0.0,0.0,0.0,1.0,1.0,0.2319788963,0.1892325837,0.03367036581,0.0289003849
783,1.0,0.0,0.0,0.0,1.0,1.0,0.2325622397,0.1823797794,0.03498762846,0.02891540527
784,1.0,0.0,0.0,0.0,1.0,1.0,0.2411103693,0.187395663,0.03482961655,0.02865022421
785,1.0,0.0,0.0,0.0,1.0,1.0,0.2046571915,0.1395447995,0.03024739027,0.02173113823
786,1.0,0.0,0.0,0.0,1.0,1.0,0.1967089701,0.1306092232,0.02848547697,0.01985359192
787,1.0,0.0,0.0,0.0,1.0,1.0,0.1895149006,0.1268229939,0.02697378397,0.01902359724
788,1.0,0.0,0.0,0.0,1.0,1.0,0.1833653642,0.1172424235,0.02602761984,0.01744711399
789,1.0,0.0,0.0,0.0,1.0,1.0,0.1951103482,0.139544878,0.0280148983,0.02115410566
790,1.0,0.0,0.0,0.0,1.0,1.0,0.2049636251,0.1528995906,0.02993375063,0.02337682247
791,1.0,0.0,0.0,0.0,1.0,1.0,0.2006602408,0.1530512929,0.02972495556,0.02372282743
792,1.0,0.0,0.0,0.0,1.0,1.0,0.2023703606,0.151375225,0.02941638231,0.02303355932
793,1.0,0.0,0.0,0.0,1.0,1.0,0.2136936655,0.1563876026,0.03153210878,0.02427691221
794,1.0,0.0,0.0,0.0,1.0,1.0,0.2052085843,0.1562764049,0.02993088961,0.02383387089
795,1.0,0.0,0.0,0.0,1.0,1.0,0.2040843742,0.1629127558,0.02983677387,0.02481752634
796,1.0,0.0,0.0,0.0,1.0,1.0,0.1944964628,0.1579043143,0.02925366163,0.0246194005
797,1.0,0.0,0.0,0.0,1.0,1.0,0.187994947,0.1433023781,0.02861744165,0.02277714014
798,1.0,0.0,0.0,0.0,1.0,1.0,0.1895492089,0.1512068255,0.02797716856,0.02317297459
799,1.0,0.0,0.0,0.0,1.0,1.0,0.1734731218,0.1301159864,0.02514082193,0.01971268654
800,1.0,0.0,0.0,0.0,1.0,1.0,0.1746014173,0.1430499222,0.02460473776,0.02121096849
801,1.0,0.0,0.0,0.0,1.0,1.0,0.1861308617,0.1595264821,0.02584952116,0.02332079411
802,1.0,0.0,0.0,0.0,1.0,1.0,0.1672295969,0.1376592469,0.02532285452,0.02174788713
803,1.0,0.0,0.0,0.0,1.0,1.0,0.1704927762,0.1525865812,0.02428019047,0.02232664824
804,1.0,0.0,0.0,0.0,1.0,1.0,0.1808332318,0.1559280251,0.02542203665,0.02268844843
805,1.0,0.0,0.0,0.0,1.0,1.0,0.1727191545,0.1653071738,0.02504521608,0.02448242903
806,1.0,0.0,0.0,0.0,1.0,1.0,0.1801317772,0.1767077094,0.02541524172,0.02541530132
807,1.0,0.0,0.0,0.0,1.0,1.0,0.1745667306,0.1678308856,0.02549272776,0.0249324441
808,1.0,0.0,0.0,0.0,1.0,1.0,0.1725792464,0.1760382016,0.0268458724,0.02743589878
809,1.0,0.0,0.0,0.0,1.0,1.0,0.1810306674,0.1859863469,0.02733671665,0.02819103003
810,1.0,0.0,0.0,0.0,1.0,1.0,0.1796321717,0.1881079483,0.02679854631,0.02822399139
811,1.0,0.0,0.0,0.0,1.0,1.0,0.1794837911,0.1930741505,0.02626991272,0.02820563316
812,1.0,0.0,0.0,0.0,1.0,1.0,0.1741452523,0.1873952735,0.02565813065,0.02761036158
813,1.0,0.0,0.0,0.0,1.0,1.0,0.183453853,0.1817165924,0.02645069361,0.02645069361
814,1.0,0.0,0.0,0.0,1.0,1.0,0.1789480358,0.1824075395,0.02670603991,0.02727419138
815,1.0,0.0,0.0,0.0,1.0,1.0,0.1789477402,0.1843080329,0.02710556984,0.02797067165
816,1.0,0.0,0.0,0.0,1.0,1.0,0.180689756,0.1878651269,0.02761751413,0.02876830101
817,1.0,0.0,0.0,0.0,1.0,1.0,0.1779309486,0.1873955002,0.02590489388,0.02728283405
818,1.0,0.0,0.0,0.0,1.0,1.0,0.1761469074,0.1900079696,0.02570331097,0.02793836594
819,1.0,0.0,0.0,0.0,1.0,1.0,0.1761468956,0.2002698234,0.02528882027,0.02886223793
820,1.0,0.0,0.0,0.0,1.0,1.0,0.180668322,0.2059917959,0.02642136812,0.03035646677
821,1.0,0.0,0.0,0.0,1.0,1.0,0.1883561045,0.2144394804,0.02730607986,0.03120696545
822,1.0,0.0,0.0,0.0,1.0,1.0,0.1871541763,0.2114202374,0.02758181095,0.03127831221
823,1.0,0.0,0.0,0.0,1.0,1.0,0.1929424827,0.2171866779,0.02813130617,0.03178840876
824,1.0,0.0,0.0,0.0,1.0,1.0,0.1894492461,0.2072482487,0.0285654664,0.03118878603
825,1.0,0.0,0.0,0.0,1.0,1.0,0.1832626485,0.2033084096,0.02833855152,0.03126001358
826,1.0,0.0,0.0,0.0,1.0,1.0,0.1896477745,0.202952112,0.02860355377,0.03031975031
827,1.0,0.0,0.0,0.0,1.0,1.0,0.1726484882,0.1922006362,0.02721834183,0.0302426219
828,1.0,0.0,0.0,0.0,1.0,1.0,0.1419085593,0.1878951415,0.0204269886,0.02743053436
829,1.0,0.0,0.0,0.0,1.0,1.0,0.1537602603,0.1931191068,0.02154105902,0.02749317884
830,1.0,0.0,0.0,0.0,1.0,1.0,0.1599107699,0.1771918334,0.02227807045,0.02478432655
831,1.0,0.0,0.0,0.0,1.0,1.0,0.1774160649,0.2042509547,0.0252866745,0.02893912792
832,1.0,0.0,0.0,0.0,1.0,1.0,0.1790336541,0.2141659974,0.02604854107,0.03091478348
833,1.0,0.0,0.0,0.0,1.0,1.0,0.1820691062,0.2262518808,0.02649772167,0.03241741657
834,1.0,0.0,0.0,0.0,1.0,1.0,0.1766004819,0.2203493997,0.02528119087,0.0311152935
835,1.0,0.0,0.0,0.0,1.0,1.0,0.1755773868,0.2214446454,0.0254214406,0.03156727552
836,1.0,0.0,0.0,0.0,1.0,1.0,0.1688117757,0.2166759722,0.02400481701,0.03027880192
837,1.0,0.0,0.0,0.0,1.0,1.0,0.164030587,0.2205798575,0.02388739586,0.03138691187
838,1.0,0.0,0.0,0.0,1.0,1.0,0.1732363869,0.2216661065,0.02595239878,0.03251183033
839,1.0,0.0,0.0,0.0,1.0,1.0,0.1697526895,0.2216663651,0.02474439144,0.03169506788
840,1.0,0.0,0.0,0.0,1.0,1.0,0.1722521955,0.2246808744,0.0260130167,0.0331594944
841,1.0,0.0,0.0,0.0,1.0,1.0,0.1767072701,0.224680555,0.02713119984,0.03384107351
842,1.0,0.0,0.0,0.0,1.0,1.0,0.176146853,0.2166758578,0.02556353807,0.03084295988
843,1.0,0.0,0.0,0.0,1.0,1.0,0.1771648359,0.228387954,0.02832573652,0.03602296114
844,1.0,0.0,0.0,0.0,1.0,1.0,0.1732365847,0.2227440293,0.0267059803,0.03374934196
845,1.0,0.0,0.0,0.0,1.0,1.0,0.1704029876,0.2216664114,0.02532380819,0.03243726492
846,1.0,0.0,0.0,0.0,1.0,1.0,0.1725792746,0.2236104465,0.02737289667,0.03459209204
847,1.0,0.0,0.0,0.0,1.0,1.0,0.1748075413,0.2322922111,0.02699154615,0.03491294384
848,1.0,0.0,0.0,0.0,1.0,1.0,0.1745664595,0.2301861786,0.02669894695,0.034327209
849,1.0,0.0,0.0,0.0,1.0,1.0,0.1805074556,0.2341214885,0.02815437317,0.03526711464
850,1.0,0.0,0.0,0.0,1.0,1.0,0.18275518,0.2401001738,0.02755451202,0.03530418873
851,1.0,0.0,0.0,0.0,1.0,1.0,0.1850111708,0.2381484229,0.0282331109,0.03550970554
852,1.0,0.0,0.0,0.0,1.0,1.0,0.1841581619,0.2351628602,0.02885049582,0.03606313467
853,1.0,0.0,0.0,0.0,1.0,1.0,0.1857200531,0.2251706359,0.03071022034,0.03609240055
854,1.0,0.0,0.0,0.0,1.0,1.0,0.1864342221,0.2370219739,0.03088104725,0.03820341825
855,1.0,0.0,0.0,0.0,1.0,1.0,0.1838052848,0.2310964522,0.03106963634,0.03786617517
856,1.0,0.0,0.0,0.0,1.0,1.0,0.1829419073,0.2330713156,0.02872443199,0.03567880392
857,1.0,0.0,0.0,0.0,1.0,1.0,0.1848680099,0.2262516146,0.02929246426,0.03508991003
858,1.0,0.0,0.0,0.0,1.0,1.0,0.1839580838,0.2283880039,0.03106349707,0.03746831417
859,1.0,0.0,0.0,0.0,1.0,1.0,0.1789476273,0.2234045315,0.02960515022,0.03590410948
860,1.0,0.0,0.0,0.0,1.0,1.0,0.176707652,0.231388513,0.02939003706,0.03760659695
861,1.0,0.0,0.0,0.0,1.0,1.0,0.1684665651,0.226436056,0.0263594389,0.03435611725
862,1.0,0.0,0.0,0.0,1.0,1.0,0.1649934343,0.2223165637,0.02618217468,0.03400665522
863,1.0,0.0,0.0,0.0,1.0,1.0,0.1659452028,0.2292838141,0.02669978142,0.03549855947
864,1.0,0.0,0.0,0.0,1.0,1.0,0.1668897413,0.2242842266,0.02668660879,0.03457129002
865,1.0,0.0,0.0,0.0,1.0,1.0,0.1709573539,0.2282188242,0.02675694227,0.03410768509
866,1.0,0.0,0.0,0.0,1.0,1.0,0.1653212785,0.2214447515,0.02650970221,0.03404080868
867,1.0,0.0,0.0,0.0,1.0,1.0,0.1691070701,0.2300300796,0.02801281214,0.03651106358
868,1.0,0.0,0.0,0.0,1.0,1.0,0.1656328515,0.2273240739,0.02649766207,0.03492867947
869,1.0,0.0,0.0,0.0,1.0,1.0,0.153185417,0.2271459291,0.02413499355,0.03384786844
870,1.0,0.0,0.0,0.0,1.0,1.0,0.1550536074,0.2251707526,0.02501374483,0.03435623646
871,1.0,0.0,0.0,0.0,1.0,1.0,0.1606577314,0.2271460885,0.02461004257,0.03290885687
872,1.0,0.0,0.0,0.0,1.0,1.0,0.1268819776,0.2315783798,0.01955848932,0.03430271149
873,1.0,0.0,0.0,0.0,1.0,1.0,0.1364622901,0.2508560529,0.02173155546,0.0385658741
874,1.0,0.0,0.0,0.0,1.0,1.0,0.1313550812,0.2321539214,0.02112948895,0.03613454103
875,1.0,0.0,0.0,0.0,1.0,1.0,0.1583084738,0.2359792839,0.02456837893,0.03522455692
876,1.0,0.0,0.0,0.0,1.0,1.0,0.1678308608,0.244960842,0.02553015947,0.0358569026
877,1.0,0.0,0.0,0.0,1.0,1.0,0.1684665716,0.236088683,0.02702206373,0.03643423319
878,1.0,0.0,0.0,0.0,1.0,1.0,0.1741450913,0.2400235805,0.02710342407,0.03594154119
879,1.0,0.0,0.0,0.0,1.0,1.0,0.1796320826,0.2458942975,0.02781015635,0.03668570518
880,1.0,0.0,0.0,0.0,1.0,1.0,0.1875163425,0.2458627999,0.02919453382,0.03701984882
881,1.0,0.0,0.0,0.0,1.0,1.0,0.2049637623,0.2637415205,0.03170365095,0.04015791416
882,1.0,0.0,0.0,0.0,1.0,1.0,0.2029228749,0.2683326609,0.03141313791,0.04051411152
883,1.0,0.0,0.0,0.0,1.0,1.0,0.214036369,0.2665177778,0.03451758623,0.04212319851
884,1.0,0.0,0.0,0.0,1.0,1.0,0.2080624505,0.2658890654,0.03349745274,0.04217082262
885,1.0,0.0,0.0,0.0,1.0,1.0,0.2051586114,0.2592538152,0.03014189005,0.03816127777
886,1.0,0.0,0.0,0.0,1.0,1.0,0.1769633373,0.2597755722,0.02642929554,0.03934365511
887,1.0,0.0,0.0,0.0,1.0,1.0,0.1855828035,0.2632117624,0.02756488323,0.0396245718
888,1.0,0.0,0.0,0.0,1.0,1.0,0.2058774348,0.2416233536,0.03188598156,0.03826320171
889,1.0,0.0,0.0,0.0,1.0,1.0,0.2355958377,0.2551764012,0.0371568203,0.04180139303
890,1.0,0.0,0.0,0.0,1.0,1.0,0.2535078621,0.2559544851,0.03893125057,0.04117190838
891,1.0,0.0,0.0,0.0,1.0,1.0,0.2600777142,0.2481129564,0.03970497847,0.04027217627
892,1.0,0.0,0.0,0.0,1.0,1.0,0.2724077947,0.2464140207,0.04449999332,0.04299658537
893,1.0,0.0,0.0,0.0,1.0,1.0,0.2781379163,0.2446912124,0.04413300753,0.04177927971
894,1.0,0.0,0.0,0.0,1.0,1.0,0.267872816,0.2311637688,0.04333180189,0.04064226151
895,1.0,0.0,0.0,0.0,1.0,1.0,0.2656510702,0.2202161469,0.04218786955,0.03835260868
896,1.0,0.0,0.0,0.0,1.0,1.0,0.2707209838,0.2096142964,0.0410798192,0.03517103195
897,1.0,0.0,0.0,0.0,1.0,1.0,0.2615362857,0.1972141353,0.04172033072,0.03516423702
898,1.0,0.0,0.0,0.0,1.0,1.0,0.2713837379,0.2075251644,0.04305964708,0.03712040186
899,1.0,0.0,0.0,0.0,1.0,1.0,0.2828430214,0.2091854238,0.04495674372,0.03801709414
900,1.0,0.0,0.0,0.0,1.0,1.0,0.2844561964,0.2146451873,0.04442310333,0.03842002153
901,1.0,0.0,0.0,0.0,1.0,1.0,0.2932726239,0.2153677795,0.04340535402,0.03655183315
902,1.0,0.0,0.0,0.0,1.0,1.0,0.2827107947,0.2077877368,0.04133284092,0.03522020578
903,1.0,0.0,0.0,0.0,1.0,1.0,0.2841353722,0.1964421414,0.04281067848,0.03412884474
904,1.0,0.0,0.0,0.0,1.0,1.0,0.2954516675,0.206481752,0.04311186075,0.03538143635
905,1.0,0.0,0.0,0.0,1.0,1.0,0.3096864635,0.204664156,0.04715293646,0.03674256802
906,1.0,0.0,0.0,0.0,1.0,1.0,0.2974047809,0.1992016239,0.04520833492,0.0356746316
907,1.0,0.0,0.0,0.0,1.0,1.0,0.2901607514,0.1796939223,0.04511785507,0.03289836645
908,1.0,0.0,0.0,0.0,1.0,1.0,0.2605470437,0.1442492879,0.03964626789,0.02601784468
909,1.0,0.0,0.0,0.0,1.0,1.0,0.2612648463,0.1485186858,0.03815442324,0.02573913336
910,1.0,0.0,0.0,0.0,1.0,1.0,0.2416680102,0.1665737599,0.0353128314,0.02872914076
911,1.0,0.0,0.0,0.0,1.0,1.0,0.2367612859,0.1907718777,0.03793227673,0.03513395786
912,1.0,0.0,0.0,0.0,1.0,1.0,0.223584597,0.2025896332,0.03624266386,0.03717195988
913,1.0,0.0,0.0,0.0,1.0,1.0,0.2133842358,0.2179991605,0.03613364697,0.04014855623
914,1.0,0.0,0.0,0.0,1.0,1.0,0.1904562301,0.2319521028,0.03095525503,0.04009437561
915,1.0,0.0,0.0,0.0,1.0,1.0,0.1808690938,0.2552923679,0.02660471201,0.03867286444
916,1.0,0.0,0.0,0.0,1.0,1.0,0.157499576,0.2801467801,0.02351003885,0.04295665026
917,1.0,0.0,0.0,0.0,1.0,1.0,0.1349537173,0.2986837922,0.02139741182,0.04837685823
918,1.0,0.0,0.0,0.0,1.0,1.0,0.1324797547,0.3132866546,0.02041035891,0.04892480373
919,1.0,0.0,0.0,0.0,1.0,1.0,0.1261065307,0.3186898727,0.02021944523,0.05100131035
920,1.0,0.0,0.0,0.0,1.0,1.0,0.1393277548,0.3032012584,0.0213932991,0.04620939493
921,1.0,0.0,0.0,0.0,1.0,1.0,0.1240050147,0.3073756296,0.01858896017,0.04522383213
922,1.0,0.0,0.0,0.0,1.0,1.0,0.1265351235,0.300584294,0.01900076866,0.04405969381
923,1.0,0.0,0.0,0.0,1.0,1.0,0.1335060933,0.2933968205,0.02021485567,0.04351812601
924,1.0,0.0,0.0,0.0,1.0,1.0,0.1457128141,0.2933969611,0.02221614122,0.04414755106
925,1.0,0.0,0.0,0.0,1.0,1.0,0.1425097222,0.2809751464,0.02199751139,0.0431266427
926,1.0,0.0,0.0,0.0,1.0,1.0,0.152456995,0.2676406949,0.02339482307,0.04130202532
927,1.0,0.0,0.0,0.0,1.0,1.0,0.1446811697,0.2404672468,0.02257162333,0.0380153656
928,1.0,0.0,0.0,0.0,1.0,1.0,0.1649931966,0.2370000488,0.02517694235,0.0373313427
929,1.0,0.0,0.0,0.0,1.0,1.0,0.1707301568,0.2220983026,0.02493131161,0.03361523151
930,1.0,0.0,0.0,0.0,1.0,1.0,0.1839578733,0.2216945951,0.02687704563,0.03380417824
931,1.0,0.0,0.0,0.0,1.0,1.0,0.1850109584,0.1948368236,0.02862179279,0.03186756372
932,1.0,0.0,0.0,0.0,1.0,1.0,0.191753254,0.1804046266,0.02854710817,0.02883547544
933,1.0,0.0,0.0,0.0,1.0,1.0,0.2094982938,0.1760583573,0.03255826235,0.02957129478
934,1.0,0.0,0.0,0.0,1.0,1.0,0.2128990997,0.1647825799,0.03133058548,0.02668899298
935,1.0,0.0,0.0,0.0,1.0,1.0,0.199489341,0.1369341656,0.02926874161,0.02253693342
936,1.0,0.0,0.0,0.0,1.0,1.0,0.2346866169,0.1412252724,0.03474783897,0.02336490154
937,1.0,0.0,0.0,0.0,1.0,1.0,0.2289557032,0.1236058058,0.03259909153,0.01984292269
938,1.0,0.0,0.0,0.0,1.0,1.0,0.217952991,0.1147769535,0.03297430277,0.0193092823
939,1.0,0.0,0.0,0.0,1.0,1.0,0.2164145186,0.1240439802,0.03234678507,0.02058428526
940,1.0,0.0,0.0,0.0,1.0,1.0,0.2251709588,0.1384121611,0.03205484152,0.02165108919
941,1.0,0.0,0.0,0.0,1.0,1.0,0.2143051981,0.146871587,0.03204250336,0.02388626337
942,1.0,0.0,0.0,0.0,1.0,1.0,0.1959301314,0.1411850189,0.02715575695,0.02084684372
943,1.0,0.0,0.0,0.0,1.0,1.0,0.1797414371,0.1517671551,0.02535998821,0.02285188437
944,1.0,0.0,0.0,0.0,1.0,1.0,0.1711639939,0.1425126801,0.02445930243,0.02164787054
945,1.0,0.0,0.0,0.0,1.0,1.0,0.1636848407,0.1482688577,0.02330744267,0.0222106576
946,1.0,0.0,0.0,0.0,1.0,1.0,0.1580070588,0.1562761272,0.02359104156,0.02444368601
947,1.0,0.0,0.0,0.0,1.0,1.0,0.1571093641,0.1659656768,0.02302253246,0.02524155378
948,1.0,0.0,0.0,0.0,1.0,1.0,0.1518852572,0.1689967062,0.02179342508,0.02502208948
949,1.0,0.0,0.0,0.0,1.0,1.0,0.1553439942,0.1757257867,0.02337306738,0.02703386545
950,1.0,0.0,0.0,0.0,1.0,1.0,0.1687130896,0.1833508536,0.02590835094,0.0287244916
951,1.0,0.0,0.0,0.0,1.0,1.0,0.1559925188,0.1844846139,0.02352315187,0.02817308903
952,1.0,0.0,0.0,0.0,1.0,1.0,0.1662723864,0.1923386636,0.02544909716,0.0295984149
953,1.0,0.0,0.0,0.0,1.0,1.0,0.1608503781,0.192063543,0.02500146627,0.0303388834
954,1.0,0.0,0.0,0.0,1.0,1.0,0.1531988208,0.1980712349,0.02292788029,0.02975171804
955,1.0,0.0,0.0,0.0,1.0,1.0,0.1139067096,0.1954628211,0.01844853163,0.03154110909
956,1.0,0.0,0.0,0.0,1.0,1.0,0.09352561873,0.2152356229,0.01443833113,0.03255707026
957,1.0,0.0,0.0,0.0,1.0,1.0,0.08933556849,0.223359808,0.01348304749,0.03314578533
958,1.0,0.0,0.0,0.0,1.0,1.0,0.1027461788,0.2044310056,0.0157507062,0.03092867136
959,1.0,0.0,0.0,0.0,1.0,1.0,0.1435661587,0.2043470414,0.02158349752,0.03043830395
960,1.0,0.0,0.0,0.0,1.0,1.0,0.1391163162,0.212844004,0.02211344242,0.03346115351
961,1.0,0.0,0.0,0.0,1.0,1.0,0.1604268059,0.2181614516,0.02445447445,0.03288704157
962,1.0,0.0,0.0,0.0,1.0,1.0,0.1546098808,0.2141658829,0.02348083258,0.03186678886
963,1.0,0.0,0.0,0.0,1.0,1.0,0.1561064998,0.2097368885,0.02462685108,0.03255277872
964,1.0,0.0,0.0,0.0,1.0,1.0,0.1713329115,0.2146811465,0.02646321058,0.03280329704
965,1.0,0.0,0.0,0.0,1.0,1.0,0.1683649051,0.2067189929,0.02656137943,0.03249526024
966,1.0,0.0,0.0,0.0,1.0,1.0,0.17626155,0.2032450423,0.02562606335,0.02971541882
967,1.0,0.0,0.0,0.0,1.0,1.0,0.1675252703,0.1991369541,0.02554798126,0.03077375889
968,1.0,0.0,0.0,0.0,1.0,1.0,0.1485659948,0.1748073187,0.02264302969,0.02705395222
969,1.0,0.0,0.0,0.0,1.0,1.0,0.1267945812,0.1922003473,0.01979607344,0.03056752682
970,1.0,0.0,0.0,0.0,1.0,1.0,0.1242137292,0.170317093,0.01906347275,0.02668887377
971,1.0,0.0,0.0,0.0,1.0,1.0,0.1194778436,0.1708606001,0.01835620403,0.02709728479
972,1.0,0.0,0.0,0.0,1.0,1.0,0.112532675,0.1857698601,0.01672440767,0.02834641933
973,1.0,0.0,0.0,0.0,1.0,1.0,0.1142219737,0.1864626896,0.01721173525,0.02868616581
974,1.0,0.0,0.0,0.0,1.0,1.0,0.1169161813,0.1758278728,0.01789087057,0.02741336823
975,1.0,0.0,0.0,0.0,1.0,1.0,0.1161258168,0.1659521073,0.01701951027,0.02483171225
976,1.0,0.0,0.0,0.0,1.0,1.0,0.1158228598,0.1745349648,0.01708710194,0.02618193626
977,1.0,0.0,0.0,0.0,1.0,1.0,0.1191139052,0.1807109558,0.01873105764,0.02868199348
978,1.0,0.0,0.0,0.0,1.0,1.0,0.1574212761,0.2071572862,0.02417612076,0.03204745054
979,1.0,0.0,0.0,0.0,1.0,1.0,0.1680963869,0.2190804863,0.02629828453,0.03458791971
980,1.0,0.0,0.0,0.0,1.0,1.0,0.1624092842,0.2256802982,0.02628517151,0.03639483452
981,1.0,0.0,0.0,0.0,1.0,1.0,0.1689965078,0.2288097374,0.02720141411,0.03656101227
982,1.0,0.0,0.0,0.0,1.0,1.0,0.09678002274,0.2349436735,0.01569783688,0.0380371809
983,1.0,0.0,0.0,0.0,1.0,1.0,0.1061676892,0.2359277753,0.01749438047,0.0383067131
984,1.0,0.0,0.0,0.0,1.0,1.0,0.1170352068,0.2080623714,0.0191744566,0.03408789635
985,1.0,0.0,0.0,0.0,1.0,1.0,0.1332588676,0.2095604326,0.0218591094,0.03456103802
986,1.0,0.0,0.0,0.0,1.0,1.0,0.1593313809,0.2175045245,0.02530878782,0.03479957581
987,1.0,0.0,0.0,0.0,1.0,1.0,0.1571334284,0.2126085133,0.02503204346,0.034055233
988,1.0,0.0,0.0,0.0,1.0,1.0,0.1536182423,0.2065267446,0.02395051718,0.03231871128
989,1.0,0.0,0.0,0.0,1.0,1.0,0.1778826478,0.2170322948,0.02827054262,0.03468239307
990,1.0,0.0,0.0,0.0,1.0,1.0,0.1637821194,0.2091426705,0.02526831627,0.03244680166
991,1.0,0.0,0.0,0.0,1.0,1.0,0.1138360589,0.1995009205,0.0168607831,0.02943491936
992,1.0,0.0,0.0,0.0,1.0,1.0,0.0871607173,0.224680724,0.01343071461,0.03462135792
993,1.0,0.0,0.0,0.0,1.0,1.0,0.09138841563,0.2147236648,0.01282715797,0.03002107143
994,1.0,0.0,0.0,0.0,1.0,1.0,0.08489453868,0.2111223573,0.01326942444,0.0328720212
995,1.0,0.0,0.0,0.0,1.0,1.0,0.08408324759,0.2182692958,0.0122526288,0.03174543381
996,1.0,0.0,0.0,0.0,1.0,1.0,0.07775548047,0.2147089844,0.01237136126,0.03409665823
997,1.0,0.0,0.0,0.0,1.0,1.0,0.08250527029,0.2216807183,0.01308786869,0.03509938717
998,1.0,0.0,0.0,0.0,1.0,1.0,0.08619074523,0.2247815752,0.01334142685,0.03434693813
999,1.0,0.0,0.0,0.0,1.0,1.0,0.07514598032,0.2460749655,0.01114064455,0.03620713949
1000,1.0,0.0,0.0,0.0,1.0,1.0,0.08813120229,0.2440945012,0.01303601265,0.03522485495
1001,1.0,0.0,0.0,0.0,1.0,1.0,0.08641794801,0.2508178455,0.01294672489,0.03687000275
1002,1.0,0.0,0.0,0.0,1.0,1.0,0.07285618711,0.2441819945,0.01079595089,0.03570985794
1003,1.0,0.0,0.0,0.0,1.0,1.0,0.0764497345,0.2357173946,0.01135033369,0.03460472822
1004,1.0,0.0,0.0,0.0,1.0,1.0,0.1030730932,0.2096205608,0.01536262035,0.03072524071
1005,1.0,0.0,0.0,0.0,1.0,1.0,0.1269710094,0.2131163627,0.01929551363,0.03197538853
1006,1.0,0.0,0.0,0.0,1.0,1.0,0.1285511456,0.2167906952,0.01937538385,0.03220140934
1007,1.0,0.0,0.0,0.0,1.0,1.0,0.1213092895,0.2146948967,0.01916927099,0.03318852186
1008,1.0,0.0,0.0,0.0,1.0,1.0,0.09535933829,0.2104086624,0.01442784071,0.031075418
1009,1.0,0.0,0.0,0.0,1.0,1.0,0.07787871141,0.2318093645,0.01154220104,0.03352725506
1010,1.0,0.0,0.0,0.0,1.0,1.0,0.08498024105,0.2338318783,0.01285469532,0.03465181589
1011,1.0,0.0,0.0,0.0,1.0,1.0,0.09957546054,0.2085300756,0.01511228085,0.03106409311
1012,1.0,0.0,0.0,0.0,1.0,1.0,0.1414820115,0.225149167,0.02126026154,0.03352576494
1013,1.0,0.0,0.0,0.0,1.0,1.0,0.1884046585,0.2327216339,0.02873134613,0.03529846668
1014,1.0,0.0,0.0,0.0,1.0,1.0,0.197376341,0.2328448149,0.02997255325,0.03542208672
1015,1.0,0.0,0.0,0.0,1.0,1.0,0.2034576283,0.2355830416,0.0307020545,0.03554981947
1016,1.0,0.0,0.0,0.0,1.0,1.0,0.2134038697,0.2400795691,0.03302693367,0.03715533018
1017,1.0,0.0,0.0,0.0,1.0,1.0,0.2131425078,0.2391524828,0.03210264444,0.03614926338
1018,1.0,0.0,0.0,0.0,1.0,1.0,0.2084399648,0.233797927,0.03148287535,0.03525000811
1019,1.0,0.0,0.0,0.0,1.0,1.0,0.2139094816,0.2337976977,0.03230673075,0.03556448221
1020,1.0,0.0,0.0,0.0,1.0,1.0,0.1316518181,0.2088384267,0.01950508356,0.03076857328
1021,1.0,0.0,0.0,0.0,1.0,1.0,0.07231601671,0.2237555581,0.01093453169,0.0336446166
1022,1.0,0.0,0.0,0.0,1.0,1.0,0.0831330867,0.2192083796,0.0124720335,0.03270435333
1023,1.0,0.0,0.0,0.0,1.0,1.0,0.09170912459,0.1972581471,0.01340085268,0.02871608734
1024,1.0,0.0,0.0,0.0,1.0,1.0,0.09755143222,0.2009947329,0.0144739151,0.02976709604
1025,1.0,0.0,0.0,0.0,1.0,1.0,0.1153200879,0.2002556885,0.01724123955,0.02983009815
1026,1.0,0.0,0.0,0.0,1.0,1.0,0.1503745018,0.2141662599,0.02263450623,0.03229564428
1027,1.0,0.0,0.0,0.0,1.0,1.0,0.1641419327,0.2180599182,0.02467799187,0.03290396929
1028,1.0,0.0,0.0,0.0,1.0,1.0,0.1780825859,0.2146814219,0.02674847841,0.03248023987
1029,1.0,0.0,0.0,0.0,1.0,1.0,0.1708605671,0.2141660937,0.02553224564,0.03212118149
1030,1.0,0.0,0.0,0.0,1.0,1.0,0.1802271353,0.2180598169,0.02687233686,0.03257250786
1031,1.0,0.0,0.0,0.0,1.0,1.0,0.1884045049,0.2159508335,0.02827566862,0.03258436918
1032,1.0,0.0,0.0,0.0,1.0,1.0,0.1869459809,0.2159509642,0.02807205915,0.03266078234
1033,1.0,0.0,0.0,0.0,1.0,1.0,0.1877308935,0.2210996111,0.02820658684,0.03304195404
1034,1.0,0.0,0.0,0.0,1.0,1.0,0.1966702913,0.2230895182,0.02987271547,0.03394621611
1035,1.0,0.0,0.0,0.0,1.0,1.0,0.191993049,0.216960646,0.02918612957,0.03327769041
1036,1.0,0.0,0.0,0.0,1.0,1.0,0.1937877544,0.2179633802,0.02919501066,0.03324985504
1037,1.0,0.0,0.0,0.0,1.0,1.0,0.1848162203,0.217735431,0.02822935581,0.033436656
1038,1.0,0.0,0.0,0.0,1.0,1.0,0.1858166958,0.2193022857,0.02808201313,0.03326225281
1039,1.0,0.0,0.0,0.0,1.0,1.0,0.1930331294,0.2245125479,0.0289914608,0.03359758854
1040,1.0,0.0,0.0,0.0,1.0,1.0,0.1948823837,0.2230894811,0.02948951721,0.03381818533
1041,1.0,0.0,0.0,0.0,1.0,1.0,0.09882541999,0.2028942656,0.01455211639,0.02965337038
1042,1.0,0.0,0.0,0.0,1.0,1.0,0.09994423627,0.2141659589,0.01501470804,0.031940341
1043,1.0,0.0,0.0,0.0,1.0,1.0,0.092369935,0.2088386031,0.01419770718,0.03180283308
1044,1.0,0.0,0.0,0.0,1.0,1.0,0.1047206662,0.1936189187,0.0155813694,0.02870261669
1045,1.0,0.0,0.0,0.0,1.0,1.0,0.1481316173,0.2126470299,0.02278882265,0.03294765949
1046,1.0,0.0,0.0,0.0,1.0,1.0,0.178278863,0.2154592302,0.02702081203,0.03247952461
1047,1.0,0.0,0.0,0.0,1.0,1.0,0.1818802192,0.2190804416,0.02764195204,0.03311562538
1048,1.0,0.0,0.0,0.0,1.0,1.0,0.1843452295,0.2235119217,0.02774101496,0.03345251083
1049,1.0,0.0,0.0,0.0,1.0,1.0,0.1835339248,0.2206798536,0.0273707509,0.03279072046
1050,1.0,0.0,0.0,0.0,1.0,1.0,0.1765862531,0.2225031988,0.02646994591,0.03329205513
1051,1.0,0.0,0.0,0.0,1.0,1.0,0.1833507951,0.218289492,0.02769941092,0.03285908699
1052,1.0,0.0,0.0,0.0,1.0,1.0,0.1705037914,0.2208910186,0.02644389868,0.03432077169
1053,1.0,0.0,0.0,0.0,1.0,1.0,0.08189083287,0.2274850153,0.01197850704,0.03321319818
1054,1.0,0.0,0.0,0.0,1.0,1.0,0.09421746284,0.2136354239,0.01417660713,0.03196680546
1055,1.0,0.0,0.0,0.0,1.0,1.0,0.09957541039,0.2035898636,0.01461529732,0.02977186441
1056,1.0,0.0,0.0,0.0,1.0,1.0,0.1237923984,0.2024417796,0.01841402054,0.03005820513
1057,1.0,0.0,0.0,0.0,1.0,1.0,0.1527922916,0.2092692241,0.02302074432,0.03141653538
1058,1.0,0.0,0.0,0.0,1.0,1.0,0.1844846594,0.222098155,0.02793830633,0.03363448381
1059,1.0,0.0,0.0,0.0,1.0,1.0,0.1833510306,0.2193022207,0.02783000469,0.03328686953
1060,1.0,0.0,0.0,0.0,1.0,1.0,0.18739537,0.2195204825,0.02879679203,0.03373342752
1061,1.0,0.0,0.0,0.0,1.0,1.0,0.1984707887,0.2250515976,0.03052729368,0.03461575508
1062,1.0,0.0,0.0,0.0,1.0,1.0,0.2087329073,0.2279429686,0.03172546625,0.03495180607
1063,1.0,0.0,0.0,0.0,1.0,1.0,0.2158085838,0.237543153,0.03280872107,0.0363047123
1064,1.0,0.0,0.0,0.0,1.0,1.0,0.2041871383,0.2284436939,0.03095018864,0.03475105762
1065,1.0,0.0,0.0,0.0,1.0,1.0,0.2145490944,0.2400795556,0.03258484602,0.03665798903
1066,1.0,0.0,0.0,0.0,1.0,1.0,0.2159508671,0.2355828915,0.03301328421,0.03601449728
1067,1.0,0.0,0.0,0.0,1.0,1.0,0.2123814182,0.2417421451,0.03276771307,0.03689807653
1068,1.0,0.0,0.0,0.0,1.0,1.0,0.2055590791,0.2337979426,0.03185546398,0.03597468138
1069,1.0,0.0,0.0,0.0,1.0,1.0,0.2155657271,0.2373675609,0.03322780132,0.03652316332
1070,1.0,0.0,0.0,0.0,1.0,1.0,0.2232793805,0.2445065554,0.03443211317,0.03743815422
1071,1.0,0.0,0.0,0.0,1.0,1.0,0.2177354003,0.2390752448,0.03352367878,0.03654634953
1072,1.0,0.0,0.0,0.0,1.0,1.0,0.09727385101,0.2080550707,0.01426380873,0.02992606163
1073,1.0,0.0,0.0,0.0,1.0,1.0,0.08747418794,0.2413102749,0.01286572218,0.03476494551
1074,1.0,0.0,0.0,0.0,1.0,1.0,0.08017946663,0.2366103323,0.01201939583,0.03493994474
1075,1.0,0.0,0.0,0.0,1.0,1.0,0.1136982401,0.2069740132,0.01705211401,0.03052872419
1076,1.0,0.0,0.0,0.0,1.0,1.0,0.1623179694,0.2340701493,0.02446556091,0.03463667631
1077,1.0,0.0,0.0,0.0,1.0,1.0,0.1959337987,0.2425651161,0.0301271081,0.03676056862
1078,1.0,0.0,0.0,0.0,1.0,1.0,0.2273863442,0.2569994056,0.03495174646,0.03901588917
1079,1.0,0.0,0.0,0.0,1.0,1.0,0.22346705,0.2516455032,0.03540456295,0.03930741549
1080,1.0,0.0,0.0,0.0,1.0,1.0,0.2175777551,0.2516580553,0.0333109498,0.03791487217
1081,1.0,0.0,0.0,0.0,1.0,1.0,0.2273859582,0.2561294456,0.03555506468,0.03941380978
1082,1.0,0.0,0.0,0.0,1.0,1.0,0.2291486307,0.2597826925,0.03499281406,0.03876131773
1083,1.0,0.0,0.0,0.0,1.0,1.0,0.2261894913,0.2569992874,0.0352807045,0.03938311338
1084,1.0,0.0,0.0,0.0,1.0,1.0,0.2238607908,0.2534554268,0.03489077091,0.03873699903
1085,1.0,0.0,0.0,0.0,1.0,1.0,0.2339122248,0.2561747435,0.03603106737,0.03876066208
1086,1.0,0.0,0.0,0.0,1.0,1.0,0.2313196263,0.2606455598,0.03599286079,0.03983938694
1087,1.0,0.0,0.0,0.0,1.0,1.0,0.2357836849,0.2641384004,0.03623783588,0.04002392292
1088,1.0,0.0,0.0,0.0,1.0,1.0,0.2215074293,0.2507625742,0.0341373086,0.03796070814
1089,1.0,0.0,0.0,0.0,1.0,1.0,0.1876207981,0.2489385934,0.02862495184,0.03715741634
1090,1.0,0.0,0.0,0.0,1.0,1.0,0.07905207866,0.2459864008,0.01154524088,0.03491050005
1091,1.0,0.0,0.0,0.0,1.0,1.0,0.07348834672,0.2517533543,0.01136189699,0.03777831793
1092,1.0,0.0,0.0,0.0,1.0,1.0,0.07787867763,0.2355007488,0.01154363155,0.03380632401
1093,1.0,0.0,0.0,0.0,1.0,1.0,0.1073472817,0.2204088917,0.01597338915,0.0319467783
1094,1.0,0.0,0.0,0.0,1.0,1.0,0.1512669132,0.240606366,0.02317100763,0.03585988283
1095,1.0,0.0,0.0,0.0,1.0,1.0,0.1720053693,0.2396431699,0.02629083395,0.03570020199
1096,1.0,0.0,0.0,0.0,1.0,1.0,0.183350961,0.2526267119,0.02793204784,0.03751659393
1097,1.0,0.0,0.0,0.0,1.0,1.0,0.1955819313,0.251697621,0.02988576889,0.03756284714
1098,1.0,0.0,0.0,0.0,1.0,1.0,0.2052909061,0.2553723696,0.03120714426,0.03805083036
1099,1.0,0.0,0.0,0.0,1.0,1.0,0.204512163,0.2553316656,0.03140819073,0.038236022
1100,1.0,0.0,0.0,0.0,1.0,1.0,0.2048767272,0.2525861891,0.03141665459,0.03797316551
1101,1.0,0.0,0.0,0.0,1.0,1.0,0.2109734506,0.2498604839,0.03217476606,0.03762811422
1102,1.0,0.0,0.0,0.0,1.0,1.0,0.2140399615,0.2562207274,0.03389179707,0.0394937396
1103,1.0,0.0,0.0,0.0,1.0,1.0,0.2088117815,0.2589794128,0.03185796738,0.03866523504
1104,1.0,0.0,0.0,0.0,1.0,1.0,0.2006047549,0.2544365946,0.03061830997,0.03799951077
1105,1.0,0.0,0.0,0.0,1.0,1.0,0.1377254898,0.2355005696,0.0205488801,0.03415560722
1106,1.0,0.0,0.0,0.0,1.0,1.0,0.0765927265,0.2566136755,0.01137983799,0.03691512346
1107,1.0,0.0,0.0,0.0,1.0,1.0,0.07920109889,0.2636326706,0.01178455353,0.03759837151
1108,1.0,0.0,0.0,0.0,1.0,1.0,0.07125483649,0.2469436319,0.01065844297,0.03562158346
1109,1.0,0.0,0.0,0.0,1.0,1.0,0.1023636458,0.2269726047,0.01518505812,0.03285497427
1110,1.0,0.0,0.0,0.0,1.0,1.0,0.1362039227,0.239566761,0.02034044266,0.03518348932
1111,1.0,0.0,0.0,0.0,1.0,1.0,0.194791042,0.2563623552,0.02954113483,0.03809976578
1112,1.0,0.0,0.0,0.0,1.0,1.0,0.1966408336,0.2563144161,0.02993953228,0.03817981482
1113,1.0,0.0,0.0,0.0,1.0,1.0,0.1948371093,0.2591148647,0.02960348129,0.03837490082
1114,1.0,0.0,0.0,0.0,1.0,1.0,0.2024418555,0.2600779699,0.03074193001,0.03877359629
1115,1.0,0.0,0.0,0.0,1.0,1.0,0.1973302789,0.2620261763,0.02965605259,0.03844308853
1116,1.0,0.0,0.0,0.0,1.0,1.0,0.2002560467,0.2629129013,0.03050398827,0.03945922852
1117,1.0,0.0,0.0,0.0,1.0,1.0,0.1947440642,0.2601542373,0.02925181389,0.03835850954
1118,1.0,0.0,0.0,0.0,1.0,1.0,0.1933226723,0.2610481323,0.02908909321,0.0384195447
1119,1.0,0.0,0.0,0.0,1.0,1.0,0.1785376162,0.257375024,0.02673774958,0.03776359558
1120,1.0,0.0,0.0,0.0,1.0,1.0,0.1382402259,0.24223111,0.02054023743,0.03525155783
1121,1.0,0.0,0.0,0.0,1.0,1.0,0.1070829237,0.235277332,0.01620537043,0.03440093994
1122,1.0,0.0,0.0,0.0,1.0,1.0,0.09119679458,0.2565618527,0.01362270117,0.03725391626
1123,1.0,0.0,0.0,0.0,1.0,1.0,0.08235119158,0.2498605576,0.01203066111,0.03527164459
1124,1.0,0.0,0.0,0.0,1.0,1.0,0.1163861038,0.23471736,0.01737391949,0.03419625759
1125,1.0,0.0,0.0,0.0,1.0,1.0,0.1425163167,0.2479816424,0.02152425051,0.03642565012
1126,1.0,0.0,0.0,0.0,1.0,1.0,0.1656633237,0.255496626,0.02545315027,0.03803992271
1127,1.0,0.0,0.0,0.0,1.0,1.0,0.1607879302,0.2526677961,0.02515435219,0.0385890007
1128,1.0,0.0,0.0,0.0,1.0,1.0,0.160202075,0.2461311749,0.02490836382,0.03736251593
1129,1.0,0.0,0.0,0.0,1.0,1.0,0.1508249886,0.2461311191,0.02311068773,0.03675431013
1130,1.0,0.0,0.0,0.0,1.0,1.0,0.1553064549,0.2508034577,0.02360361814,0.03693270683
1131,1.0,0.0,0.0,0.0,1.0,1.0,0.1297977641,0.242231352,0.01938939095,0.03517788649
1132,1.0,0.0,0.0,0.0,1.0,1.0,0.1104251017,0.2344844315,0.01666307449,0.03445589542
1133,1.0,0.0,0.0,0.0,1.0,1.0,0.08763735036,0.2517824533,0.01309412718,0.03649652004
1134,1.0,0.0,0.0,0.0,1.0,1.0,0.07731530542,0.2547600317,0.01143282652,0.03625047207
1135,1.0,0.0,0.0,0.0,1.0,1.0,0.0832867789,0.2440046569,0.01216292381,0.03455382586
1136,1.0,0.0,0.0,0.0,1.0,1.0,0.08707250192,0.2401001769,0.01270270348,0.03396594524
1137,1.0,0.0,0.0,0.0,1.0,1.0,0.1368839365,0.2393297048,0.02022087574,0.03462481499
1138,1.0,0.0,0.0,0.0,1.0,1.0,0.1813803934,0.25080325,0.02759087086,0.03744471073
1139,1.0,0.0,0.0,0.0,1.0,1.0,0.1995223715,0.2526264266,0.0301053524,0.03783881664
1140,1.0,0.0,0.0,0.0,1.0,1.0,0.2028117968,0.2591148377,0.03059279919,0.03858554363
1141,1.0,0.0,0.0,0.0,1.0,1.0,0.2031829054,0.261935531,0.03060549498,0.03887730837
1142,1.0,0.0,0.0,0.0,1.0,1.0,0.2082170859,0.254470091,0.03151232004,0.03781473637
1143,1.0,0.0,0.0,0.0,1.0,1.0,0.2042653708,0.2535619786,0.03078150749,0.03765237331
1144,1.0,0.0,0.0,0.0,1.0,1.0,0.2042260465,0.2553721039,0.03092455864,0.03803992271
1145,1.0,0.0,0.0,0.0,1.0,1.0,0.2093549927,0.2563140502,0.031696558,0.03831142187
1146,1.0,0.0,0.0,0.0,1.0,1.0,0.2057139482,0.2554130767,0.03093451262,0.03777843714
1147,1.0,0.0,0.0,0.0,1.0,1.0,0.1980546871,0.2526471597,0.03012728691,0.03793805838
1148,1.0,0.0,0.0,0.0,1.0,1.0,0.142513149,0.2413747959,0.02141904831,0.03560566902
1149,1.0,0.0,0.0,0.0,1.0,1.0,0.09393237452,0.2324282397,0.01376008987,0.03302425146
1150,1.0,0.0,0.0,0.0,1.0,1.0,0.100690042,0.2220982705,0.01491522789,0.03204011917
1151,1.0,0.0,0.0,0.0,1.0,1.0,0.1274703834,0.2366102087,0.01896470785,0.03435635567
1152,1.0,0.0,0.0,0.0,1.0,1.0,0.1644421713,0.2470739192,0.02475976944,0.03658938408
1153,1.0,0.0,0.0,0.0,1.0,1.0,0.2020533372,0.2498605211,0.0306224227,0.03718435764
1154,1.0,0.0,0.0,0.0,1.0,1.0,0.1995254492,0.2526062967,0.03027099371,0.03797638416
1155,1.0,0.0,0.0,0.0,1.0,1.0,0.2013392566,0.2526062586,0.03013771772,0.03746855259
1156,1.0,0.0,0.0,0.0,1.0,1.0,0.1962538436,0.2480232115,0.02977621555,0.03722029924
1157,1.0,0.0,0.0,0.0,1.0,1.0,0.2013261766,0.2572094057,0.03050899506,0.03813630342
1158,1.0,0.0,0.0,0.0,1.0,1.0,0.2070273381,0.257155925,0.03143018484,0.0382039547
1159,1.0,0.0,0.0,0.0,1.0,1.0,0.1973765627,0.2553723618,0.02973610163,0.03757560253
1160,1.0,0.0,0.0,0.0,1.0,1.0,0.2006110771,0.2655341972,0.03039836884,0.03943574429
1161,1.0,0.0,0.0,0.0,1.0,1.0,0.1733349355,0.2517252365,0.02557855844,0.03673517704
1162,1.0,0.0,0.0,0.0,1.0,1.0,0.1499159833,0.2517530822,0.02241188288,0.03679978848
1163,1.0,0.0,0.0,0.0,1.0,1.0,0.1536180939,0.2460744337,0.0228894949,0.03585094213
1164,1.0,0.0,0.0,0.0,1.0,1.0,0.1367074116,0.2441815802,0.02017152309,0.03516381979
1165,1.0,0.0,0.0,0.0,1.0,1.0,0.1110489384,0.2356098895,0.01644837856,0.03399336338
1166,1.0,0.0,0.0,0.0,1.0,1.0,0.08422285335,0.2603910375,0.01243585348,0.03758382797
1167,1.0,0.0,0.0,0.0,1.0,1.0,0.07571511626,0.2508325939,0.01096063852,0.03534811735
1168,1.0,0.0,0.0,0.0,1.0,1.0,0.1079475343,0.2356098177,0.0159099102,0.0340141654
1169,1.0,0.0,0.0,0.0,1.0,1.0,0.1350090182,0.237509755,0.01983195543,0.03443044424
1170,1.0,0.0,0.0,0.0,1.0,1.0,0.1570287538,0.2461589351,0.02347195148,0.03672671318
1171,1.0,0.0,0.0,0.0,1.0,1.0,0.161082219,0.2461589618,0.02414447069,0.03649109602
1172,1.0,0.0,0.0,0.0,1.0,1.0,0.1650453621,0.2507893421,0.02475136518,0.03712707758
1173,1.0,0.0,0.0,0.0,1.0,1.0,0.1528993914,0.2432602666,0.0226662159,0.03565788269
1174,1.0,0.0,0.0,0.0,1.0,1.0,0.07382227883,0.2633141904,0.01092129946,0.03836458921
1175,1.0,0.0,0.0,0.0,1.0,1.0,0.08593316756,0.2574897777,0.01272302866,0.03733938932
1176,1.0,0.0,0.0,0.0,1.0,1.0,0.09599150743,0.2411781157,0.01426112652,0.03495377302
1177,1.0,0.0,0.0,0.0,1.0,1.0,0.1348601097,0.2394890285,0.02024257183,0.0352165103
1178,1.0,0.0,0.0,0.0,1.0,1.0,0.1863676563,0.2480098166,0.02806049585,0.03686380386
1179,1.0,0.0,0.0,0.0,1.0,1.0,0.2042259588,0.2580977674,0.03112149239,0.03883302212
1180,1.0,0.0,0.0,0.0,1.0,1.0,0.2016890879,0.2535082923,0.03073036671,0.03813862801
1181,1.0,0.0,0.0,0.0,1.0,1.0,0.2013396415,0.2590465636,0.03038173914,0.03859299421
1182,1.0,0.0,0.0,0.0,1.0,1.0,0.2038571766,0.2526061648,0.03078711033,0.03759843111
1183,1.0,0.0,0.0,0.0,1.0,1.0,0.209647951,0.2553316371,0.03149580956,0.03801214695
1184,1.0,0.0,0.0,0.0,1.0,1.0,0.1951890201,0.2563146755,0.02970075607,0.03822606802
1185,1.0,0.0,0.0,0.0,1.0,1.0,0.2006114308,0.2581585446,0.03079640865,0.03884232044
1186,1.0,0.0,0.0,0.0,1.0,1.0,0.2200939391,0.2562669445,0.03357261419,0.03852587938
1187,1.0,0.0,0.0,0.0,1.0,1.0,0.2128774132,0.2599282717,0.03276020288,0.03942334652
1188,1.0,0.0,0.0,0.0,1.0,1.0,0.2162426183,0.2608835276,0.03278750181,0.03912460804
1189,1.0,0.0,0.0,0.0,1.0,1.0,0.2164855338,0.2608837614,0.03328329325,0.03938525915
1190,1.0,0.0,0.0,0.0,1.0,1.0,0.2150696851,0.2580974288,0.03314930201,0.03927773237
1191,1.0,0.0,0.0,0.0,1.0,1.0,0.2167249986,0.2589792888,0.03333801031,0.03912389278
1192,1.0,0.0,0.0,0.0,1.0,1.0,0.2185158955,0.259854928,0.03383475542,0.03965878487
1193,1.0,0.0,0.0,0.0,1.0,1.0,0.2203069341,0.2598549537,0.03396564722,0.039488554
1194,1.0,0.0,0.0,0.0,1.0,1.0,0.1924854007,0.2555825293,0.02893447876,0.03728091717
1195,1.0,0.0,0.0,0.0,1.0,1.0,0.07973284344,0.266011098,0.01190048456,0.03874576092
1196,1.0,0.0,0.0,0.0,1.0,1.0,0.07514603372,0.2575484698,0.01113677025,0.03730815649
1197,1.0,0.0,0.0,0.0,1.0,1.0,0.1144399758,0.2333325284,0.01670181751,0.03340357542
1198,1.0,0.0,0.0,0.0,1.0,1.0,0.1563373102,0.2508104915,0.02312326431,0.03633654118
1199,1.0,0.0,0.0,0.0,1.0,1.0,0.1977117952,0.2618465673,0.02983081341,0.03886216879
1200,1.0,0.0,0.0,0.0,1.0,1.0,0.2030951827,0.2653066992,0.03102147579,0.03972929716
1201,1.0,0.0,0.0,0.0,1.0,1.0,0.199170785,0.2608839306,0.03020364046,0.03863888979
1202,1.0,0.0,0.0,0.0,1.0,1.0,0.205978263,0.26455854,0.03125655651,0.03913867474
1203,1.0,0.0,0.0,0.0,1.0,1.0,0.204921546,0.2682326676,0.03103387356,0.039745152
1204,1.0,0.0,0.0,0.0,1.0,1.0,0.2006110239,0.2618464405,0.03025227785,0.03870117664
1205,1.0,0.0,0.0,0.0,1.0,1.0,0.1959338802,0.2618466044,0.02965855598,0.0386377573
1206,1.0,0.0,0.0,0.0,1.0,1.0,0.2023957151,0.2635890344,0.03079485893,0.03924304247
1207,1.0,0.0,0.0,0.0,1.0,1.0,0.1984577105,0.2654194329,0.03042596579,0.03974568844
1208,1.0,0.0,0.0,0.0,1.0,1.0,0.2023958955,0.2710664408,0.03089880943,0.04019582272
1209,1.0,0.0,0.0,0.0,1.0,1.0,0.1941363684,0.2683686225,0.02938467264,0.03945159912
1210,1.0,0.0,0.0,0.0,1.0,1.0,0.1973765009,0.2683684046,0.03024166822,0.03986394405
1211,1.0,0.0,0.0,0.0,1.0,1.0,0.1959338623,0.2720701837,0.02973884344,0.04010647535
1212,1.0,0.0,0.0,0.0,1.0,1.0,0.104419283,0.2585431247,0.01556509733,0.03724509478
1213,1.0,0.0,0.0,0.0,1.0,1.0,0.07571530703,0.2782761251,0.01109749079,0.0393961072
1214,1.0,0.0,0.0,0.0,1.0,1.0,0.07860764825,0.2681901394,0.01165395975,0.03856915236
1215,1.0,0.0,0.0,0.0,1.0,1.0,0.08862994037,0.25861041,0.01311045885,0.03709971905
1216,1.0,0.0,0.0,0.0,1.0,1.0,0.08883953337,0.2641110284,0.01307719946,0.03786927462
1217,1.0,0.0,0.0,0.0,1.0,1.0,0.06990437976,0.2782758204,0.01015770435,0.03898352385
1218,1.0,0.0,0.0,0.0,1.0,1.0,0.07396224086,0.2686246315,0.01085662842,0.03785914183
1219,1.0,0.0,0.0,0.0,1.0,1.0,0.1043062811,0.2508404313,0.01526153088,0.03551769257
1220,1.0,0.0,0.0,0.0,1.0,1.0,0.1374695806,0.2613922896,0.02067351341,0.03799456358
1221,1.0,0.0,0.0,0.0,1.0,1.0,0.1536182082,0.2661346704,0.02303230762,0.03857207298
1222,1.0,0.0,0.0,0.0,1.0,1.0,0.1769087472,0.2715465492,0.02680772543,0.03979700804
1223,1.0,0.0,0.0,0.0,1.0,1.0,0.1797159434,0.276360558,0.02727144957,0.04062891006
1224,1.0,0.0,0.0,0.0,1.0,1.0,0.1711750224,0.2640037558,0.02571684122,0.03871357441
1225,1.0,0.0,0.0,0.0,1.0,1.0,0.1822185397,0.2717115326,0.02737009525,0.03953462839
1226,1.0,0.0,0.0,0.0,1.0,1.0,0.1884348423,0.2746556793,0.02834916115,0.04002225399
1227,1.0,0.0,0.0,0.0,1.0,1.0,0.1791974308,0.2698113414,0.0270460844,0.03959327936
1228,1.0,0.0,0.0,0.0,1.0,1.0,0.07820048031,0.2669191833,0.01140350103,0.03699189425
1229,1.0,0.0,0.0,0.0,1.0,1.0,0.06550654992,0.2931434461,0.009767770767,0.0415827632
1230,1.0,0.0,0.0,0.0,1.0,1.0,0.08078167011,0.2713326456,0.01186311245,0.03834831715
1231,1.0,0.0,0.0,0.0,1.0,1.0,0.1179114926,0.2479381823,0.01745849848,0.03574836254
1232,1.0,0.0,0.0,0.0,1.0,1.0,0.1717507019,0.2657692016,0.02598381042,0.03925210238
1233,1.0,0.0,0.0,0.0,1.0,1.0,0.1730159623,0.2650033248,0.02599722147,0.03871917725
1234,1.0,0.0,0.0,0.0,1.0,1.0,0.1966409588,0.2759654882,0.0296036005,0.04019576311
1235,1.0,0.0,0.0,0.0,1.0,1.0,0.1886420636,0.2703711798,0.02861440182,0.03989511728
1236,1.0,0.0,0.0,0.0,1.0,1.0,0.1861527195,0.2693661535,0.02806848288,0.03951388597
1237,1.0,0.0,0.0,0.0,1.0,1.0,0.1894247881,0.2693664281,0.02881270647,0.03978902102
1238,1.0,0.0,0.0,0.0,1.0,1.0,0.1886424294,0.2656510521,0.02866250277,0.03941094875
1239,1.0,0.0,0.0,0.0,1.0,1.0,0.1966410888,0.2776228083,0.02997255325,0.0412466526
1240,1.0,0.0,0.0,0.0,1.0,1.0,0.183200639,0.2695123847,0.0281265378,0.04010123014
1241,1.0,0.0,0.0,0.0,1.0,1.0,0.2020532388,0.2776225226,0.03075408936,0.04118847847
1242,1.0,0.0,0.0,0.0,1.0,1.0,0.1991642825,0.2741005017,0.03049749136,0.04075568914
1243,1.0,0.0,0.0,0.0,1.0,1.0,0.1933227334,0.2725751118,0.02920240164,0.03967118263
1244,1.0,0.0,0.0,0.0,1.0,1.0,0.1419873026,0.2565106167,0.02117276192,0.03712099791
1245,1.0,0.0,0.0,0.0,1.0,1.0,0.04959047112,0.3093509175,0.007293581963,0.04376161098
1246,1.0,0.0,0.0,0.0,1.0,1.0,0.05667938789,0.2883762088,0.0083578825,0.04067480564
1247,1.0,0.0,0.0,0.0,1.0,1.0,0.05499737921,0.2833062592,0.007955133915,0.03950160742
1248,1.0,0.0,0.0,0.0,1.0,1.0,0.07875530468,0.2624018553,0.01155918837,0.03742974997
1249,1.0,0.0,0.0,0.0,1.0,1.0,0.09358052882,0.2585432192,0.01414340734,0.03790444136
1250,1.0,0.0,0.0,0.0,1.0,1.0,0.1163860536,0.2498603721,0.01730817556,0.03626471758
1251,1.0,0.0,0.0,0.0,1.0,1.0,0.1351095412,0.2565107711,0.02004408836,0.03706789017
1252,1.0,0.0,0.0,0.0,1.0,1.0,0.1586703855,0.2666421815,0.02419430017,0.03976768255
1253,1.0,0.0,0.0,0.0,1.0,1.0,0.1565611681,0.2665178063,0.0236364007,0.03957718611
1254,1.0,0.0,0.0,0.0,1.0,1.0,0.1579999315,0.2619355556,0.02363455296,0.03874969482
1255,1.0,0.0,0.0,0.0,1.0,1.0,0.1526418287,0.2675087398,0.02318149805,0.03973978758
1256,1.0,0.0,0.0,0.0,1.0,1.0,0.1469765028,0.2629126196,0.02197706699,0.03873461485
1257,1.0,0.0,0.0,0.0,1.0,1.0,0.1019839646,0.2670262693,0.01527351141,0.03887796402
1258,1.0,0.0,0.0,0.0,1.0,1.0,0.04337190365,0.3103735469,0.006365120411,0.04400247335
1259,1.0,0.0,0.0,0.0,1.0,1.0,0.05801993386,0.2963462243,0.008522093296,0.04206073284
1260,1.0,0.0,0.0,0.0,1.0,1.0,0.07943790241,0.2689338466,0.01190334558,0.03903198242
1261,1.0,0.0,0.0,0.0,1.0,1.0,0.08747445661,0.2680496321,0.01312738657,0.03910285234
1262,1.0,0.0,0.0,0.0,1.0,1.0,0.1147504592,0.2517678824,0.01763141155,0.0375379324
1263,1.0,0.0,0.0,0.0,1.0,1.0,0.1214789841,0.2602321407,0.01802515984,0.03768903017
1264,1.0,0.0,0.0,0.0,1.0,1.0,0.1747659193,0.271223933,0.02618002892,0.03981542587
1265,1.0,0.0,0.0,0.0,1.0,1.0,0.1629124956,0.2676408359,0.02477222681,0.03980261087
1266,1.0,0.0,0.0,0.0,1.0,1.0,0.1653491225,0.266768332,0.02463001013,0.03886061907
1267,1.0,0.0,0.0,0.0,1.0,1.0,0.1622709369,0.2658890393,0.02412819862,0.03865993023
1268,1.0,0.0,0.0,0.0,1.0,1.0,0.1674941134,0.2677749553,0.02507680655,0.03913080692
1269,1.0,0.0,0.0,0.0,1.0,1.0,0.1671860124,0.2696606175,0.02509194613,0.03943020105
1270,1.0,0.0,0.0,0.0,1.0,1.0,0.1582911627,0.265889102,0.02369779348,0.0388532877
1271,1.0,0.0,0.0,0.0,1.0,1.0,0.05541840461,0.2796055004,0.007984638214,0.03882181644
1272,1.0,0.0,0.0,0.0,1.0,1.0,0.05977961027,0.3037515622,0.00883179903,0.04277902842
1273,1.0,0.0,0.0,0.0,1.0,1.0,0.07571528063,0.2732847332,0.01108086109,0.03878301382
1274,1.0,0.0,0.0,0.0,1.0,1.0,0.1040311212,0.2660112995,0.01545661688,0.038641572
1275,1.0,0.0,0.0,0.0,1.0,1.0,0.1504736239,0.2622109781,0.02252107859,0.03836923838
1276,1.0,0.0,0.0,0.0,1.0,1.0,0.1650285561,0.2687893627,0.02430778742,0.03878319263
1277,1.0,0.0,0.0,0.0,1.0,1.0,0.1625261387,0.2641112604,0.02392995358,0.03823292255
1278,1.0,0.0,0.0,0.0,1.0,1.0,0.1659591073,0.2640035483,0.02456349134,0.03820985556
1279,1.0,0.0,0.0,0.0,1.0,1.0,0.1709080289,0.2746557563,0.02511364222,0.03930836916
1280,1.0,0.0,0.0,0.0,1.0,1.0,0.1838679872,0.2769987948,0.02802807093,0.04107087851
1281,1.0,0.0,0.0,0.0,1.0,1.0,0.1790592397,0.273432159,0.02768069506,0.04095607996
1282,1.0,0.0,0.0,0.0,1.0,1.0,0.1862431084,0.2763609311,0.02862805128,0.04138308764
1283,1.0,0.0,0.0,0.0,1.0,1.0,0.192906881,0.2793117739,0.02932602167,0.04105645418
1284,1.0,0.0,0.0,0.0,1.0,1.0,0.1876279092,0.2803779174,0.02763158083,0.0402162075
1285,1.0,0.0,0.0,0.0,1.0,1.0,0.1884345697,0.2753178035,0.02759087086,0.03949278593
1286,1.0,0.0,0.0,0.0,1.0,1.0,0.1822188431,0.2763609934,0.02727794647,0.04022806883
1287,1.0,0.0,0.0,0.0,1.0,1.0,0.1962542893,0.2834236113,0.02943474054,0.04142659903
1288,1.0,0.0,0.0,0.0,1.0,1.0,0.1896750276,0.2796942718,0.02831280231,0.04083573818
1289,1.0,0.0,0.0,0.0,1.0,1.0,0.1513172898,0.2718787363,0.0224443078,0.03934681416
1290,1.0,0.0,0.0,0.0,1.0,1.0,0.04949651689,0.3081279398,0.007483839989,0.0449026823
1291,1.0,0.0,0.0,0.0,1.0,1.0,0.07043684324,0.3180044404,0.01091259718,0.0474845767
1292,1.0,0.0,0.0,0.0,1.0,1.0,0.06497311236,0.3172832852,0.009953558445,0.04684042931
1293,1.0,0.0,0.0,0.0,1.0,1.0,0.06186082635,0.298220563,0.00934779644,0.04323369265
1294,1.0,0.0,0.0,0.0,1.0,1.0,0.07289603179,0.2941904213,0.01121467352,0.04308789968
1295,1.0,0.0,0.0,0.0,1.0,1.0,0.09536647424,0.2617584754,0.01467162371,0.03873312473
1296,1.0,0.0,0.0,0.0,1.0,1.0,0.1200079745,0.259545142,0.01911491156,0.04002189636
1297,1.0,0.0,0.0,0.0,1.0,1.0,0.1087178776,0.2616646305,0.01676958799,0.03912901878
1298,1.0,0.0,0.0,0.0,1.0,1.0,0.1355175719,0.2644437072,0.02090287209,0.03948318958
1299,1.0,0.0,0.0,0.0,1.0,1.0,0.1357733214,0.2702772545,0.02086019516,0.04027175903
1300,1.0,0.0,0.0,0.0,1.0,1.0,0.1400732108,0.2653552547,0.01979404688,0.03664571047
1301,1.0,0.0,0.0,0.0,1.0,1.0,0.134905933,0.2615727398,0.02055132389,0.03878694773
1302,1.0,0.0,0.0,0.0,1.0,1.0,0.1387054519,0.2654768252,0.02123481035,0.03956085443
1303,1.0,0.0,0.0,0.0,1.0,1.0,0.1112619213,0.2577303083,0.01678097248,0.03790199757
1304,1.0,0.0,0.0,0.0,1.0,1.0,0.06027784411,0.2916740192,0.009098410606,0.04196995497
1305,1.0,0.0,0.0,0.0,1.0,1.0,0.05671995355,0.2937135913,0.008605062962,0.04272848368
1306,1.0,0.0,0.0,0.0,1.0,1.0,0.07388868466,0.2780706027,0.01096206903,0.03980964422
1307,1.0,0.0,0.0,0.0,1.0,1.0,0.0832868868,0.2608982229,0.01255637407,0.03796106577
1308,1.0,0.0,0.0,0.0,1.0,1.0,0.1014757413,0.2538265238,0.01534503698,0.03705978394
1309,1.0,0.0,0.0,0.0,1.0,1.0,0.1108364686,0.2518276908,0.01666504145,0.03677809238
1310,1.0,0.0,0.0,0.0,1.0,1.0,0.1196245271,0.2518594039,0.01767158508,0.03591316938
1311,1.0,0.0,0.0,0.0,1.0,1.0,0.1089256739,0.2498606369,0.01648706198,0.03673440218
1312,1.0,0.0,0.0,0.0,1.0,1.0,0.1140047113,0.2479084482,0.01722931862,0.03646874428
1313,1.0,0.0,0.0,0.0,1.0,1.0,0.1246939332,0.2508324748,0.01881355047,0.03677195311
1314,1.0,0.0,0.0,0.0,1.0,1.0,0.1258838286,0.2528003318,0.01884615421,0.03683573008
1315,1.0,0.0,0.0,0.0,1.0,1.0,0.1286596224,0.2565618266,0.01996159554,0.03876596689
1316,1.0,0.0,0.0,0.0,1.0,1.0,0.1360297691,0.2527322662,0.02087664604,0.03827387094
1317,1.0,0.0,0.0,0.0,1.0,1.0,0.1301159715,0.2508179505,0.01999759674,0.03796648979
1318,1.0,0.0,0.0,0.0,1.0,1.0,0.1270637347,0.2431591673,0.01932173967,0.03662478924
1319,1.0,0.0,0.0,0.0,1.0,1.0,0.1390202581,0.2527322789,0.02097278833,0.03741085529
1320,1.0,0.0,0.0,0.0,1.0,1.0,0.1427776531,0.2546470322,0.021912992,0.0383476615
1321,1.0,0.0,0.0,0.0,1.0,1.0,0.1800121741,0.2536174831,0.02680164576,0.03768974543
1322,1.0,0.0,0.0,0.0,1.0,1.0,0.1768098682,0.2517387906,0.02652871609,0.03741943836
1323,1.0,0.0,0.0,0.0,1.0,1.0,0.1734108706,0.2574319546,0.02538657188,0.03712439537
1324,1.0,0.0,0.0,0.0,1.0,1.0,0.1703168089,0.2517530567,0.02517771721,0.03679817915
1325,1.0,0.0,0.0,0.0,1.0,1.0,0.1740597859,0.2508031506,0.02563971281,0.03666758537
1326,1.0,0.0,0.0,0.0,1.0,1.0,0.178671069,0.2517534055,0.0265712738,0.03681230545
1327,1.0,0.0,0.0,0.0,1.0,1.0,0.1561034128,0.2374152521,0.02271777391,0.03435367346
1328,1.0,0.0,0.0,0.0,1.0,1.0,0.08725282295,0.2720255354,0.01243519783,0.03815346956
1329,1.0,0.0,0.0,0.0,1.0,1.0,0.08979347379,0.2829744236,0.01310497522,0.04016965628
1330,1.0,0.0,0.0,0.0,1.0,1.0,0.08742614323,0.2609879313,0.01228636503,0.03602147102
1331,1.0,0.0,0.0,0.0,1.0,1.0,0.1053049536,0.2469212741,0.01511234045,0.0346211195
1332,1.0,0.0,0.0,0.0,1.0,1.0,0.1106323189,0.2393300177,0.01624321938,0.03441363573
1333,1.0,0.0,0.0,0.0,1.0,1.0,0.1198590332,0.2432603276,0.01782202721,0.03536993265
1334,1.0,0.0,0.0,0.0,1.0,1.0,0.1244660732,0.2357177233,0.01833927631,0.03421503305
1335,1.0,0.0,0.0,0.0,1.0,1.0,0.1232955357,0.2385035266,0.01818341017,0.03471386433
1336,1.0,0.0,0.0,0.0,1.0,1.0,0.1249301486,0.2366101775,0.01858234406,0.0346685648
1337,1.0,0.0,0.0,0.0,1.0,1.0,0.1291413559,0.2384165329,0.01891791821,0.03427159786
1338,1.0,0.0,0.0,0.0,1.0,1.0,0.1270318551,0.2394097981,0.01894640923,0.03510653973
1339,1.0,0.0,0.0,0.0,1.0,1.0,0.1272697505,0.238416351,0.01867264509,0.0343247056
1340,1.0,0.0,0.0,0.0,1.0,1.0,0.1307682056,0.2376032033,0.01903641224,0.03426551819
1341,1.0,0.0,0.0,0.0,1.0,1.0,0.1328848585,0.2394099149,0.01957201958,0.03473335505
1342,1.0,0.0,0.0,0.0,1.0,1.0,0.1298712897,0.233709956,0.01898181438,0.03383708
1343,1.0,0.0,0.0,0.0,1.0,1.0,0.132388679,0.2422888543,0.01907336712,0.03438580036
1344,1.0,0.0,0.0,0.0,1.0,1.0,0.1363725031,0.2385030361,0.01993900537,0.03441524506
1345,1.0,0.0,0.0,0.0,1.0,1.0,0.1263444818,0.231671578,0.01885050535,0.03404349089
1346,1.0,0.0,0.0,0.0,1.0,1.0,0.08263108619,0.2901608236,0.01200211048,0.04115009308
1347,1.0,0.0,0.0,0.0,1.0,1.0,0.07747622062,0.3006288285,0.01108878851,0.04186010361
1348,1.0,0.0,0.0,0.0,1.0,1.0,0.06866376448,0.2791410116,0.01025855541,0.04074937105
1349,1.0,0.0,0.0,0.0,1.0,1.0,0.08134988091,0.2785006311,0.01191610098,0.04000407457
1350,1.0,0.0,0.0,0.0,1.0,1.0,0.06959364656,0.2723968181,0.009949803352,0.03841727972
1351,1.0,0.0,0.0,0.0,1.0,1.0,0.07627798737,0.2765253334,0.01080387831,0.03878331184
1352,1.0,0.0,0.0,0.0,1.0,1.0,0.08443199922,0.28297468,0.01238286495,0.04060441256
1353,1.0,0.0,0.0,0.0,1.0,1.0,0.08344886188,0.2756397907,0.01234656572,0.03991085291
1354,1.0,0.0,0.0,0.0,1.0,1.0,0.0958369584,0.2767382056,0.01435607672,0.04072439671
1355,1.0,0.0,0.0,0.0,1.0,1.0,0.08615894962,0.2693807188,0.01306295395,0.0400596261
1356,1.0,0.0,0.0,0.0,1.0,1.0,0.096099967,0.238056108,0.01400661469,0.0338960886
1357,1.0,0.0,0.0,0.0,1.0,1.0,0.1135729197,0.2208067358,0.01716476679,0.03261303902
1358,1.0,0.0,0.0,0.0,1.0,1.0,0.1291413411,0.2259275885,0.01894551516,0.03239959478
1359,1.0,0.0,0.0,0.0,1.0,1.0,0.1352624755,0.2337097595,0.02012062073,0.03437280655
1360,1.0,0.0,0.0,0.0,1.0,1.0,0.1349055126,0.2392488938,0.01959061623,0.03421467543
1361,1.0,0.0,0.0,0.0,1.0,1.0,0.1389703982,0.2392485832,0.02014762163,0.0342232585
1362,1.0,0.0,0.0,0.0,1.0,1.0,0.132618188,0.2371224574,0.01925987005,0.03377455473
1363,1.0,0.0,0.0,0.0,1.0,1.0,0.1342818029,0.2440043303,0.01967334747,0.03513103724
1364,1.0,0.0,0.0,0.0,1.0,1.0,0.1301956302,0.2322919343,0.01961296797,0.03432261944
1365,1.0,0.0,0.0,0.0,1.0,1.0,0.1308567703,0.2344844257,0.0195222497,0.03451758623
1366,1.0,0.0,0.0,0.0,1.0,1.0,0.1360300972,0.2285542515,0.02055966854,0.03369492292
1367,1.0,0.0,0.0,0.0,1.0,1.0,0.1308567467,0.2141659937,0.01915043592,0.03080719709
1368,1.0,0.0,0.0,0.0,1.0,1.0,0.1408734093,0.2188701054,0.0206656456,0.03155708313
1369,1.0,0.0,0.0,0.0,1.0,1.0,0.1419662586,0.222952695,0.02110546827,0.03264313936
1370,1.0,0.0,0.0,0.0,1.0,1.0,0.1386507609,0.2144471878,0.02041858435,0.03091150522
1371,1.0,0.0,0.0,0.0,1.0,1.0,0.1392353773,0.221666397,0.02080959082,0.03249716759
1372,1.0,0.0,0.0,0.0,1.0,1.0,0.1400372278,0.2292837611,0.02058702707,0.03299558163
1373,1.0,0.0,0.0,0.0,1.0,1.0,0.1438736648,0.2236105698,0.02172189951,0.03330689669
1374,1.0,0.0,0.0,0.0,1.0,1.0,0.1485658399,0.2253643368,0.02215594053,0.03308999538
1375,1.0,0.0,0.0,0.0,1.0,1.0,0.1477772942,0.2301863636,0.02142179012,0.03297829628
1376,1.0,0.0,0.0,0.0,1.0,1.0,0.1436090446,0.237962369,0.0211623311,0.03431731462
1377,1.0,0.0,0.0,0.0,1.0,1.0,0.1592200896,0.2478931405,0.0238135457,0.03615069389
1378,1.0,0.0,0.0,0.0,1.0,1.0,0.1597546883,0.2439113382,0.02398699522,0.03598052263
1379,1.0,0.0,0.0,0.0,1.0,1.0,0.1560393215,0.2468500906,0.02338510752,0.03640973568
1380,1.0,0.0,0.0,0.0,1.0,1.0,0.1560393849,0.2408296865,0.02306509018,0.0350356102
1381,1.0,0.0,0.0,0.0,1.0,1.0,0.1694959326,0.2449224413,0.0255459547,0.03641033173
1382,1.0,0.0,0.0,0.0,1.0,1.0,0.1678750018,0.2439111639,0.02568811178,0.03673994541
1383,1.0,0.0,0.0,0.0,1.0,1.0,0.1668932543,0.2372214849,0.02575391531,0.03611469269
1384,1.0,0.0,0.0,0.0,1.0,1.0,0.1714442574,0.2468976995,0.02590978146,0.03680366278
1385,1.0,0.0,0.0,0.0,1.0,1.0,0.1724527033,0.2409718623,0.02520793676,0.03494733572
1386,1.0,0.0,0.0,0.0,1.0,1.0,0.1727188922,0.2449223264,0.0254227519,0.03542047739
1387,1.0,0.0,0.0,0.0,1.0,1.0,0.1713879579,0.2469209154,0.02638548613,0.03735470772
1388,1.0,0.0,0.0,0.0,1.0,1.0,0.171926654,0.2440943403,0.02720344067,0.03796523809
1389,1.0,0.0,0.0,0.0,1.0,1.0,0.173815847,0.245986657,0.02732890844,0.03772580624
1390,1.0,0.0,0.0,0.0,1.0,1.0,0.1741450833,0.245986538,0.02777534723,0.03834205866
1391,1.0,0.0,0.0,0.0,1.0,1.0,0.1602160572,0.23908213,0.02476763725,0.03597199917
1392,1.0,0.0,0.0,0.0,1.0,1.0,0.1314547152,0.269848956,0.02049565315,0.04068982601
1393,1.0,0.0,0.0,0.0,1.0,1.0,0.138055496,0.2669190221,0.01996439695,0.03739798069
1394,1.0,0.0,0.0,0.0,1.0,1.0,0.1533232926,0.2488727009,0.02417868376,0.03761130571
1395,1.0,0.0,0.0,0.0,1.0,1.0,0.1659521363,0.243054954,0.0256010294,0.03595650196
1396,1.0,0.0,0.0,0.0,1.0,1.0,0.1638128837,0.2537345784,0.02517157793,0.0370503068
1397,1.0,0.0,0.0,0.0,1.0,1.0,0.167483898,0.2633146124,0.02742105722,0.04083353281
1398,1.0,0.0,0.0,0.0,1.0,1.0,0.1674740439,0.2623057199,0.0293418169,0.04322397709
1399,1.0,0.0,0.0,0.0,1.0,1.0,0.1596202167,0.2701193965,0.02803653479,0.0446036458
1400,1.0,0.0,0.0,0.0,1.0,1.0,0.1641684271,0.2731034264,0.02847802639,0.04412525892
1401,1.0,0.0,0.0,0.0,1.0,1.0,0.1593311423,0.2672925197,0.02684283257,0.04209446907
1402,1.0,0.0,0.0,0.0,1.0,1.0,0.164465096,0.2652365496,0.02892273664,0.04386085272
1403,1.0,0.0,0.0,0.0,1.0,1.0,0.1683842584,0.2797667173,0.03030651808,0.04725211859
1404,1.0,0.0,0.0,0.0,1.0,1.0,0.1741312047,0.2778371309,0.03005087376,0.04507637024
1405,1.0,0.0,0.0,0.0,1.0,1.0,0.1705037718,0.269380987,0.03069663048,0.04506528378
1406,1.0,0.0,0.0,0.0,1.0,1.0,0.1786008397,0.2852815447,0.03160941601,0.04757374525
1407,1.0,0.0,0.0,0.0,1.0,1.0,0.176265372,0.2799994001,0.03148323298,0.04673796892
1408,1.0,0.0,0.0,0.0,1.0,1.0,0.1825548022,0.2908530319,0.0316953063,0.04770302773
1409,1.0,0.0,0.0,0.0,1.0,1.0,0.1815502373,0.2905355376,0.02976089716,0.04509222507
1410,1.0,0.0,0.0,0.0,1.0,1.0,0.1699982983,0.2844262611,0.02867114544,0.04536980391
1411,1.0,0.0,0.0,0.0,1.0,1.0,0.1390201653,0.3085928293,0.02362114191,0.04947674274
1412,1.0,0.0,0.0,0.0,1.0,1.0,0.1346497184,0.3135901705,0.02209788561,0.04824185371
1413,1.0,0.0,0.0,0.0,1.0,1.0,0.1398473794,0.2951106623,0.02297729254,0.04595452547
1414,1.0,0.0,0.0,0.0,1.0,1.0,0.1635116026,0.2810927502,0.02797466516,0.04526233673
1415,1.0,0.0,0.0,0.0,1.0,1.0,0.1693042068,0.2892085652,0.02844512463,0.0449616909
1416,1.0,0.0,0.0,0.0,1.0,1.0,0.1714373324,0.2900338255,0.03004199266,0.04730004072
1417,1.0,0.0,0.0,0.0,1.0,1.0,0.164801521,0.2836253534,0.03205239773,0.05066347122
1418,1.0,0.0,0.0,0.0,1.0,1.0,0.1541691513,0.2990608018,0.02961838245,0.05276840925
1419,1.0,0.0,0.0,0.0,1.0,1.0,0.1487787631,0.3044276193,0.02834129333,0.05301481485
1420,1.0,0.0,0.0,0.0,1.0,1.0,0.1500066036,0.311334051,0.02581012249,0.04882156849
1421,1.0,0.0,0.0,0.0,1.0,1.0,0.1487371779,0.3038304496,0.02618354559,0.04853540659
1422,1.0,0.0,0.0,0.0,1.0,1.0,0.1459041542,0.3090645538,0.02528524399,0.04867404699
1423,1.0,0.0,0.0,0.0,1.0,1.0,0.1297265593,0.3352036192,0.02251684666,0.05169355869
1424,1.0,0.0,0.0,0.0,1.0,1.0,0.134574746,0.320385453,0.0223429203,0.04736697674
1425,1.0,0.0,0.0,0.0,1.0,1.0,0.136124887,0.3168961861,0.02402365208,0.04931163788
1426,1.0,0.0,0.0,0.0,1.0,1.0,0.1318710092,0.3278798804,0.02371525764,0.05179899931
1427,1.0,0.0,0.0,0.0,1.0,1.0,0.1244726803,0.3310389542,0.02098429203,0.04844903946
1428,1.0,0.0,0.0,0.0,1.0,1.0,0.1230930478,0.3373645195,0.02095854282,0.05005025864
1429,1.0,0.0,0.0,0.0,1.0,1.0,0.119199328,0.3381088216,0.02015644312,0.04930579662
1430,1.0,0.0,0.0,0.0,1.0,1.0,0.1224180791,0.3394729923,0.02052927017,0.04933148623
1431,1.0,0.0,0.0,0.0,1.0,1.0,0.1231195,0.3282687016,0.02137511969,0.04935145378
1432,1.0,0.0,0.0,0.0,1.0,1.0,0.1173657809,0.3431557523,0.02103978395,0.05259937048
1433,1.0,0.0,0.0,0.0,1.0,1.0,0.1155318317,0.3410114621,0.02026313543,0.05114030838
1434,1.0,0.0,0.0,0.0,1.0,1.0,0.08281633344,0.3698375742,0.01357644796,0.0518373251
1435,1.0,0.0,0.0,0.0,1.0,1.0,0.0809859808,0.3891632838,0.01392358541,0.05569440126
1436,1.0,0.0,0.0,0.0,1.0,1.0,0.09136687477,0.3953347421,0.01557213068,0.05656814575
1437,1.0,0.0,0.0,0.0,1.0,1.0,0.119114069,0.3664619971,0.0197635293,0.05095285177
1438,1.0,0.0,0.0,0.0,1.0,1.0,0.1286049804,0.3569437169,0.02138358355,0.05040407181
1439,1.0,0.0,0.0,0.0,1.0,1.0,0.1599859717,0.3610317956,0.02515119314,0.04852700233
1440,1.0,0.0,0.0,0.0,1.0,1.0,0.1367070751,0.3395539853,0.0231629014,0.04976904392
1441,1.0,0.0,0.0,0.0,1.0,1.0,0.08377373005,0.3753462789,0.01364409924,0.05362462997
1442,1.0,0.0,0.0,0.0,1.0,1.0,0.04759274551,0.3770621527,0.007128536701,0.049305439
1443,1.0,0.0,0.0,0.0,1.0,1.0,0.06454302506,0.3572570316,0.009555637836,0.04719924927
1444,1.0,0.0,0.0,0.0,1.0,1.0,0.1136167313,0.3062121782,0.01859182119,0.04537665844
1445,1.0,0.0,0.0,0.0,1.0,1.0,0.1665736494,0.3221339424,0.02826803923,0.04954844713
1446,1.0,0.0,0.0,0.0,1.0,1.0,0.1678167447,0.3215417794,0.02723908424,0.04751706123
1447,1.0,0.0,0.0,0.0,1.0,1.0,0.1744481453,0.3118257341,0.02915763855,0.04738110304
1448,1.0,0.0,0.0,0.0,1.0,1.0,0.1620222354,0.304177612,0.02620208263,0.04533845186
1449,1.0,0.0,0.0,0.0,1.0,1.0,0.1061675189,0.302250619,0.01696014404,0.04386258125
1450,1.0,0.0,0.0,0.0,1.0,1.0,0.06018538697,0.3358446855,0.009588360786,0.04823231697
1451,1.0,0.0,0.0,0.0,1.0,1.0,0.06133768932,0.3338216447,0.009885370731,0.04797303677
1452,1.0,0.0,0.0,0.0,1.0,1.0,0.06579948836,0.3311642671,0.01090097427,0.04920172691
1453,1.0,0.0,0.0,0.0,1.0,1.0,0.1343335576,0.3049475964,0.02226620913,0.04601681232
1454,1.0,0.0,0.0,0.0,1.0,1.0,0.1534855726,0.3147848469,0.02505230904,0.04660898447
1455,1.0,0.0,0.0,0.0,1.0,1.0,0.165387737,0.3174698118,0.02676957846,0.04663097858
1456,1.0,0.0,0.0,0.0,1.0,1.0,0.1603383973,0.3174694931,0.02587842941,0.0465810895
1457,1.0,0.0,0.0,0.0,1.0,1.0,0.1497359596,0.3178225614,0.02401131392,0.04599756002
1458,1.0,0.0,0.0,0.0,1.0,1.0,0.1069514285,0.3249215124,0.01684772968,0.04589551687
1459,1.0,0.0,0.0,0.0,1.0,1.0,0.04567854864,0.3651019776,0.007219791412,0.05169343948
1460,1.0,0.0,0.0,0.0,1.0,1.0,0.05250691972,0.350610798,0.008377373219,0.05026423931
1461,1.0,0.0,0.0,0.0,1.0,1.0,0.1124373428,0.3252151758,0.01901441813,0.04949778318
1462,1.0,0.0,0.0,0.0,1.0,1.0,0.1507237513,0.323929956,0.02473545074,0.0482930541
1463,1.0,0.0,0.0,0.0,1.0,1.0,0.1963505718,0.3396541945,0.03176385164,0.04979199171
1464,1.0,0.0,0.0,0.0,1.0,1.0,0.2062338309,0.3370210749,0.03379541636,0.05025988817
1465,1.0,0.0,0.0,0.0,1.0,1.0,0.213284651,0.340276838,0.03512817621,0.05080521107
1466,1.0,0.0,0.0,0.0,1.0,1.0,0.2027087419,0.3402769947,0.0332134366,0.05054217577
1467,1.0,0.0,0.0,0.0,1.0,1.0,0.2120027964,0.3449056661,0.03484946489,0.05154210329
1468,1.0,0.0,0.0,0.0,1.0,1.0,0.2174223328,0.3513662635,0.03658169508,0.05310249329
1469,1.0,0.0,0.0,0.0,1.0,1.0,0.1984831031,0.341606231,0.0325486064,0.05040717125
1470,1.0,0.0,0.0,0.0,1.0,1.0,0.1970480972,0.3423286344,0.03275573254,0.05134683847
1471,1.0,0.0,0.0,0.0,1.0,1.0,0.1518139628,0.3258180413,0.02429568768,0.04714518785
1472,1.0,0.0,0.0,0.0,1.0,1.0,0.02428567604,0.3836031349,0.003784894943,0.05386155844
1473,1.0,0.0,0.0,0.0,1.0,1.0,0.03175783698,0.3742678843,0.005048334599,0.05315619707
1474,1.0,0.0,0.0,0.0,1.0,1.0,0.05153649315,0.3747906348,0.008166909218,0.05337667465
1475,1.0,0.0,0.0,0.0,1.0,1.0,0.1435562079,0.3278168833,0.0228587985,0.0474537015
1476,1.0,0.0,0.0,0.0,1.0,1.0,0.1956205512,0.3396540635,0.03163969517,0.05004817247
1477,1.0,0.0,0.0,0.0,1.0,1.0,0.1991770208,0.3383325654,0.03217244148,0.04998219013
1478,1.0,0.0,0.0,0.0,1.0,1.0,0.220125921,0.3492261549,0.03549766541,0.05181515217
1479,1.0,0.0,0.0,0.0,1.0,1.0,0.2148003648,0.3480548016,0.03449100256,0.0510238409
1480,1.0,0.0,0.0,0.0,1.0,1.0,0.2141660028,0.3521654247,0.0339704752,0.05067265034
1481,1.0,0.0,0.0,0.0,1.0,1.0,0.222490725,0.3499994159,0.03625261784,0.05178946257
1482,1.0,0.0,0.0,0.0,1.0,1.0,0.2209102886,0.3541328145,0.03576856852,0.05192214251
1483,1.0,0.0,0.0,0.0,1.0,1.0,0.2352669385,0.3533186866,0.03811943531,0.05187684298
1484,1.0,0.0,0.0,0.0,1.0,1.0,0.2428222713,0.3613368903,0.03926050663,0.05348533392
1485,1.0,0.0,0.0,0.0,1.0,1.0,0.2393031958,0.3522937304,0.03886270523,0.05257892609
1486,1.0,0.0,0.0,0.0,1.0,1.0,0.2436800219,0.3569432431,0.03975826502,0.05329912901
1487,1.0,0.0,0.0,0.0,1.0,1.0,0.2423953361,0.3517266889,0.03910696507,0.05185925961
1488,1.0,0.0,0.0,0.0,1.0,1.0,0.2380459419,0.3496145479,0.03830122948,0.05181926489
1489,1.0,0.0,0.0,0.0,1.0,1.0,0.2414876675,0.3484644078,0.03914785385,0.05200666189
1490,1.0,0.0,0.0,0.0,1.0,1.0,0.2066584375,0.3435579909,0.03297561407,0.05003190041
1491,1.0,0.0,0.0,0.0,1.0,1.0,0.05552435177,0.3763856803,0.008499622345,0.0518772006
1492,1.0,0.0,0.0,0.0,1.0,1.0,0.02755796458,0.3866156249,0.004345178604,0.05445992947
1493,1.0,0.0,0.0,0.0,1.0,1.0,0.03319145914,0.3882126423,0.005181312561,0.0541164279
1494,1.0,0.0,0.0,0.0,1.0,1.0,0.1304417934,0.3433044326,0.02051651478,0.04883515835
1495,1.0,0.0,0.0,0.0,1.0,1.0,0.1680963708,0.3425508662,0.02687323093,0.04965704679
1496,1.0,0.0,0.0,0.0,1.0,1.0,0.1941874995,0.3449053541,0.03121912479,0.05040884018
1497,1.0,0.0,0.0,0.0,1.0,1.0,0.2049215348,0.3476316652,0.03293401003,0.0508454442
1498,1.0,0.0,0.0,0.0,1.0,1.0,0.2108752443,0.3513662655,0.03427410126,0.05184316635
1499,1.0,0.0,0.0,0.0,1.0,1.0,0.2163374844,0.3541325942,0.03484249115,0.05183166265
1500,1.0,0.0,0.0,0.0,1.0,1.0,0.2405072756,0.3600351726,0.03930217028,0.05327630043
1501,1.0,0.0,0.0,0.0,1.0,1.0,0.2339116537,0.3625426703,0.03829294443,0.05366820097
1502,1.0,0.0,0.0,0.0,1.0,1.0,0.2397249243,0.3669822306,0.03872787952,0.05353558064
1503,1.0,0.0,0.0,0.0,1.0,1.0,0.237877636,0.369872089,0.03818750381,0.05357652903
1504,1.0,0.0,0.0,0.0,1.0,1.0,0.2383010562,0.3645025658,0.03789234161,0.05259686708
1505,1.0,0.0,0.0,0.0,1.0,1.0,0.2388046061,0.3602641417,0.03862428665,0.05321574211
1506,1.0,0.0,0.0,0.0,1.0,1.0,0.2351625381,0.3605827193,0.03751003742,0.05228674412
1507,1.0,0.0,0.0,0.0,1.0,1.0,0.2342162231,0.3625428398,0.0371068716,0.05240285397
1508,1.0,0.0,0.0,0.0,1.0,1.0,0.2436802929,0.3602639343,0.03965371847,0.05344629288
1509,1.0,0.0,0.0,0.0,1.0,1.0,0.2151821252,0.3547042396,0.03420686722,0.05116903782
1510,1.0,0.0,0.0,0.0,0.0,1.0,0.0,0.3976942232,0.0,0.05464059114
1511,1.0,0.0,0.0,0.0,1.0,1.0,0.02740696397,0.4038561582,0.004283607006,0.05654370785
1512,1.0,0.0,0.0,0.0,0.0,1.0,0.0,0.3909950868,0.0,0.05368071795
1513,1.0,0.0,0.0,0.0,1.0,1.0,0.1347151313,0.347366904,0.02132487297,0.04927778244
1514,1.0,0.0,0.0,0.0,1.0,1.0,0.1963190819,0.3541331698,0.03167366982,0.0518296361
1515,1.0,0.0,0.0,0.0,1.0,1.0,0.208516376,0.3583654141,0.03315061331,0.05144065619
1516,1.0,0.0,0.0,0.0,1.0,1.0,0.234744216,0.3650303585,0.03857201338,0.05464369059
1517,1.0,0.0,0.0,0.0,1.0,1.0,0.2228844613,0.3577770642,0.03574585915,0.05220031738
1518,1.0,0.0,0.0,0.0,1.0,1.0,0.225852779,0.3572224611,0.03574615717,0.05150818825
1519,1.0,0.0,0.0,0.0,1.0,1.0,0.2423424297,0.3674989842,0.03896057606,0.05374854803
1520,1.0,0.0,0.0,0.0,1.0,1.0,0.2401485595,0.3646612656,0.03843665123,0.05341565609
1521,1.0,0.0,0.0,0.0,1.0,1.0,0.2393028572,0.366590381,0.03846240044,0.05373424292
1522,1.0,0.0,0.0,0.0,1.0,1.0,0.237456308,0.3597210957,0.03863972425,0.05334579945
1523,1.0,0.0,0.0,0.0,1.0,1.0,0.2396530641,0.3616659296,0.03856110573,0.05312865973
1524,1.0,0.0,0.0,0.0,1.0,1.0,0.2450133203,0.3613367341,0.0393704772,0.05324923992
1525,1.0,0.0,0.0,0.0,1.0,1.0,0.2391519507,0.3602640724,0.03802251816,0.05277758837
1526,1.0,0.0,0.0,0.0,1.0,1.0,0.184013012,0.3458070279,0.02924913168,0.04960876703
1527,1.0,0.0,0.0,0.0,1.0,1.0,0.01480673146,0.3989540256,0.00227946043,0.05527621508
1528,1.0,0.0,0.0,0.0,1.0,1.0,0.02212794926,0.395697437,0.003479599953,0.05625331402
1529,1.0,0.0,0.0,0.0,1.0,1.0,0.07532550938,0.3747903902,0.011723876,0.05232852697
1530,1.0,0.0,0.0,0.0,1.0,1.0,0.1632483237,0.3418092183,0.02590042353,0.04921078682
1531,1.0,0.0,0.0,0.0,1.0,1.0,0.2005985861,0.3494144949,0.03219729662,0.05100280046
1532,1.0,0.0,0.0,0.0,1.0,1.0,0.2357840866,0.361337116,0.03809958696,0.05345314741
1533,1.0,0.0,0.0,0.0,1.0,1.0,0.221317354,0.3550138905,0.03588557243,0.05240434408
1534,1.0,0.0,0.0,0.0,1.0,1.0,0.2220981216,0.3577766106,0.0360314846,0.05261737108
1535,1.0,0.0,0.0,0.0,1.0,1.0,0.2242562157,0.3550142795,0.03603386879,0.05220663548
1536,1.0,0.0,0.0,0.0,1.0,1.0,0.2366170217,0.3641375521,0.03761261702,0.05276989937
1537,1.0,0.0,0.0,0.0,1.0,1.0,0.235266897,0.3636102944,0.03778856993,0.05313128233
1538,1.0,0.0,0.0,0.0,1.0,1.0,0.2361024484,0.3650306761,0.03796750307,0.05338293314
1539,1.0,0.0,0.0,0.0,1.0,1.0,0.2436800459,0.3680114585,0.0389868021,0.05367749929
1540,1.0,0.0,0.0,0.0,1.0,1.0,0.2432504495,0.3641377618,0.03896182775,0.05307841301
1541,1.0,0.0,0.0,0.0,1.0,1.0,0.2380456849,0.3574928919,0.03845703602,0.05259567499
1542,1.0,0.0,0.0,0.0,1.0,1.0,0.2450470838,0.3651805418,0.03966754675,0.05383449793
1543,1.0,0.0,0.0,0.0,1.0,1.0,0.218350451,0.3519434296,0.03476506472,0.05115836859
1544,1.0,0.0,0.0,0.0,1.0,1.0,0.03536208872,0.4030668986,0.005492866039,0.05666309595
1545,1.0,0.0,0.0,0.0,1.0,1.0,0.04584575769,0.4042457515,0.007128596306,0.05674386024
1546,1.0,0.0,0.0,0.0,1.0,1.0,0.06650627053,0.3783897876,0.01041132212,0.05321347713
1547,1.0,0.0,0.0,0.0,1.0,1.0,0.179614899,0.3455103238,0.02901256084,0.05084383488
1548,1.0,0.0,0.0,0.0,1.0,1.0,0.1998883943,0.3519435379,0.03194057941,0.05116146803
1549,1.0,0.0,0.0,0.0,1.0,1.0,0.2179634767,0.3611267424,0.03466337919,0.05213600397
1550,1.0,0.0,0.0,0.0,1.0,1.0,0.2290019245,0.3563899477,0.036647439,0.05227226019
1551,1.0,0.0,0.0,0.0,1.0,1.0,0.2285958931,0.3577767511,0.03647184372,0.05202180147
1552,1.0,0.0,0.0,0.0,1.0,1.0,0.2334980496,0.3517269038,0.0371774435,0.05154144764
1553,1.0,0.0,0.0,0.0,1.0,1.0,0.2313196378,0.3588730662,0.0367937088,0.05224144459
1554,1.0,0.0,0.0,0.0,1.0,1.0,0.2281911514,0.3544533736,0.03623777628,0.05140709877
1555,1.0,0.0,0.0,0.0,1.0,1.0,0.2414876639,0.3613364019,0.03856509924,0.05292141438
1556,1.0,0.0,0.0,0.0,1.0,1.0,0.2246535117,0.3552703745,0.0358325839,0.05135059357
1557,1.0,0.0,0.0,0.0,1.0,1.0,0.2374559209,0.3544531656,0.0377022624,0.05148893595
1558,1.0,0.0,0.0,0.0,1.0,1.0,0.2379624092,0.3583272253,0.03801929951,0.05210053921
1559,1.0,0.0,0.0,0.0,1.0,1.0,0.2343271793,0.3572226238,0.03743517399,0.05189883709
1560,1.0,0.0,0.0,0.0,1.0,1.0,0.01703617239,0.4090541483,0.002553880215,0.05504953861
1561,1.0,0.0,0.0,0.0,1.0,1.0,0.02442247239,0.3989369651,0.003745079041,0.05473572016
1562,1.0,0.0,0.0,0.0,1.0,1.0,0.07098827356,0.3778881754,0.01083999872,0.05220323801
1563,1.0,0.0,0.0,0.0,1.0,1.0,0.167789769,0.3419142121,0.02656537294,0.04879933596
1564,1.0,0.0,0.0,0.0,1.0,1.0,0.1869458716,0.3450451305,0.02943170071,0.04924148321
1565,1.0,0.0,0.0,0.0,1.0,1.0,0.2016732759,0.3449057249,0.03178018332,0.04949831963
1566,1.0,0.0,0.0,0.0,1.0,1.0,0.2179633695,0.3492258855,0.03506481647,0.05159944296
1567,1.0,0.0,0.0,0.0,1.0,1.0,0.2183506835,0.3525165141,0.03492182493,0.05167293549
1568,1.0,0.0,0.0,0.0,1.0,1.0,0.2370357931,0.3583267545,0.03785908222,0.05226808786
1569,1.0,0.0,0.0,0.0,1.0,1.0,0.2207027369,0.3561002558,0.0347520709,0.05113917589
1570,1.0,0.0,0.0,0.0,1.0,1.0,0.2217010669,0.3547036146,0.03521102667,0.05139666796
1571,1.0,0.0,0.0,0.0,1.0,1.0,0.232965951,0.3616656967,0.03787988424,0.05378365517
1572,1.0,0.0,0.0,0.0,1.0,1.0,0.2361026254,0.3597214071,0.03753328323,0.05220794678
1573,1.0,0.0,0.0,0.0,1.0,1.0,0.2329656753,0.3597215178,0.03726917505,0.05263215303
1574,1.0,0.0,0.0,0.0,1.0,1.0,0.2315997845,0.3597213021,0.03718316555,0.05291450024
1575,1.0,0.0,0.0,0.0,1.0,1.0,0.2258523393,0.3544530903,0.03578585386,0.05156546831
1576,1.0,0.0,0.0,0.0,1.0,1.0,0.231599654,0.3550140795,0.03696841002,0.05232453346
1577,1.0,0.0,0.0,0.0,1.0,1.0,0.2507371998,0.357214893,0.04025924206,0.0529282093
1578,1.0,0.0,0.0,0.0,1.0,1.0,0.2547250691,0.3627315893,0.0402623415,0.05256468058
1579,1.0,0.0,0.0,0.0,1.0,1.0,0.2476490651,0.3588729247,0.03977537155,0.05284446478
1580,1.0,0.0,0.0,0.0,1.0,1.0,0.2516450335,0.3616657014,0.04046171904,0.05337506533
1581,1.0,0.0,0.0,0.0,1.0,1.0,0.2507561001,0.363078508,0.03984391689,0.05293548107
1582,1.0,0.0,0.0,0.0,1.0,1.0,0.2494151994,0.3577768908,0.03935194016,0.05171966553
1583,1.0,0.0,0.0,0.0,1.0,1.0,0.2511871575,0.3588730791,0.03976428509,0.05208563805
1584,1.0,0.0,0.0,0.0,1.0,1.0,0.2565413843,0.3622011027,0.04058986902,0.05271047354
1585,1.0,0.0,0.0,0.0,1.0,1.0,0.2503011615,0.3563899055,0.03932744265,0.05095946789
1586,1.0,0.0,0.0,0.0,1.0,1.0,0.2476493801,0.3588728239,0.03955703974,0.05255430937
1587,1.0,0.0,0.0,0.0,1.0,1.0,0.2511869373,0.3622006407,0.04008066654,0.05278229713
1588,1.0,0.0,0.0,0.0,1.0,1.0,0.2485382122,0.3608020565,0.0394308567,0.05229485035
1589,1.0,0.0,0.0,0.0,1.0,1.0,0.2511870687,0.3594145018,0.03950238228,0.05202072859
1590,1.0,0.0,0.0,0.0,1.0,1.0,0.2287457218,0.357222388,0.0365562439,0.05145990849
1591,1.0,0.0,0.0,0.0,1.0,1.0,0.2102215331,0.3541333098,0.03358405828,0.05122989416
1592,1.0,0.0,0.0,0.0,1.0,1.0,0.2252769549,0.3561003158,0.03587001562,0.05152750015
1593,1.0,0.0,0.0,0.0,1.0,1.0,0.2240741923,0.3600350294,0.03554970026,0.05163168907
1594,1.0,0.0,0.0,0.0,1.0,1.0,0.225852627,0.3572225869,0.03554409742,0.05121707916
1595,1.0,0.0,0.0,0.0,1.0,1.0,0.2260222876,0.3563901882,0.0365460515,0.05253493786
1596,1.0,0.0,0.0,0.0,1.0,1.0,0.2370356353,0.3616657903,0.03762865067,0.05223083496
1597,1.0,0.0,0.0,0.0,1.0,1.0,0.2371261082,0.3599519993,0.03764241934,0.05242049694
1598,1.0,0.0,0.0,0.0,1.0,1.0,0.2295537627,0.3536486566,0.03639763594,0.05151665211
1599,1.0,0.0,0.0,0.0,1.0,1.0,0.229696044,0.3580376287,0.03622186184,0.05170607567
1600,1.0,0.0,0.0,0.0,1.0,1.0,0.2306405921,0.3566714502,0.03686094284,0.05221968889
1601,1.0,0.0,0.0,0.0,1.0,1.0,0.2275438693,0.3528563334,0.0366730094,0.05218845606
1602,1.0,0.0,0.0,0.0,1.0,1.0,0.2376297039,0.3585786386,0.0384491086,0.05315023661
1603,1.0,0.0,0.0,0.0,1.0,1.0,0.1579999143,0.3461184978,0.02438771725,0.047924757
1604,1.0,0.0,0.0,0.0,1.0,1.0,0.02572103603,0.4001831723,0.003934919834,0.05536973476
1605,1.0,0.0,0.0,0.0,1.0,1.0,0.03181750282,0.3877501918,0.004811644554,0.05292797089
1606,1.0,0.0,0.0,0.0,1.0,1.0,0.07773425972,0.3619378483,0.01214396954,0.0508890748
1607,1.0,0.0,0.0,0.0,1.0,1.0,0.1492788938,0.3344906394,0.02362328768,0.04782283306
1608,1.0,0.0,0.0,0.0,1.0,1.0,0.177437183,0.3419143307,0.0280059576,0.04829597473
1609,1.0,0.0,0.0,0.0,1.0,1.0,0.1916491398,0.3464201624,0.03042602539,0.04947787523
1610,1.0,0.0,0.0,0.0,1.0,1.0,0.2130249527,0.3494143539,0.03363645077,0.05017435551
1611,1.0,0.0,0.0,0.0,1.0,1.0,0.2205173076,0.352165483,0.03484302759,0.05029761791
1612,1.0,0.0,0.0,0.0,1.0,1.0,0.2201257143,0.3519439802,0.03502893448,0.05113101006
1613,1.0,0.0,0.0,0.0,1.0,1.0,0.2207247172,0.3538877378,0.0350099206,0.05097442865
1614,1.0,0.0,0.0,0.0,1.0,1.0,0.2314497173,0.3588730711,0.03693032265,0.05203819275
1615,1.0,0.0,0.0,0.0,1.0,1.0,0.2310445707,0.3522940287,0.03685390949,0.05137211084
1616,1.0,0.0,0.0,0.0,1.0,1.0,0.2285957859,0.3492257062,0.03600901365,0.05052423477
1617,1.0,0.0,0.0,0.0,1.0,1.0,0.2313195571,0.3530846274,0.03683763742,0.05146020651
1618,1.0,0.0,0.0,0.0,1.0,1.0,0.2341352635,0.3509489059,0.03712290525,0.05097466707
1619,1.0,0.0,0.0,0.0,1.0,1.0,0.2362953666,0.3547635021,0.03765416145,0.05187904835
1620,1.0,0.0,0.0,0.0,1.0,1.0,0.2322645558,0.3509488978,0.03738433123,0.05211150646
1621,1.0,0.0,0.0,0.0,1.0,1.0,0.222682578,0.3471343814,0.03518128395,0.05041730404
1622,1.0,0.0,0.0,0.0,1.0,1.0,0.2326743205,0.3471342515,0.03650766611,0.05033630133
1623,1.0,0.0,0.0,0.0,1.0,1.0,0.2348511672,0.346549785,0.03708428144,0.0504680872
1624,1.0,0.0,0.0,0.0,1.0,1.0,0.2342161602,0.3421167575,0.03690129519,0.05014073849
1625,1.0,0.0,0.0,0.0,1.0,1.0,0.2313198795,0.3375978816,0.03605049849,0.04870939255
1626,1.0,0.0,0.0,0.0,1.0,1.0,0.2368515092,0.3499990775,0.03648370504,0.04975050688
1627,1.0,0.0,0.0,0.0,1.0,1.0,0.2284440347,0.3434375261,0.03522580862,0.04898583889
1628,1.0,0.0,0.0,0.0,1.0,1.0,0.228595666,0.3395053565,0.03604257107,0.04973322153
1629,1.0,0.0,0.0,0.0,1.0,1.0,0.2197354119,0.3395052164,0.03429841995,0.0492348671
1630,1.0,0.0,0.0,0.0,1.0,1.0,0.2268236425,0.3395048948,0.03528249264,0.04906469584
1631,1.0,0.0,0.0,0.0,1.0,1.0,0.22914897,0.3427204303,0.03695815802,0.05088853836
1632,1.0,0.0,0.0,0.0,1.0,1.0,0.2299602765,0.3408057068,0.03620809317,0.04957717657
1633,1.0,0.0,0.0,0.0,1.0,1.0,0.2427725231,0.3477146577,0.03860062361,0.05156135559
1634,1.0,0.0,0.0,0.0,1.0,1.0,0.2248746966,0.3421165748,0.03573030233,0.05047607422
1635,1.0,0.0,0.0,0.0,1.0,1.0,0.09518484987,0.3235895684,0.01423752308,0.04499059916
1636,1.0,0.0,0.0,0.0,1.0,1.0,0.04304714282,0.3752926812,0.006492078304,0.05278342962
1637,1.0,0.0,0.0,0.0,1.0,1.0,0.05015764066,0.3431819216,0.007594466209,0.04809850454
1638,1.0,0.0,0.0,0.0,1.0,1.0,0.1310745428,0.2994437706,0.02080500126,0.04449951649
1639,1.0,0.0,0.0,0.0,1.0,1.0,0.1751232311,0.316111317,0.02749013901,0.04637229443
1640,1.0,0.0,0.0,0.0,1.0,1.0,0.198841729,0.324445781,0.0310921669,0.04745650291
1641,1.0,0.0,0.0,0.0,1.0,1.0,0.2125347366,0.3281752212,0.03323340416,0.04833960533
1642,1.0,0.0,0.0,0.0,1.0,1.0,0.2199810968,0.3282299427,0.03497999907,0.0490270853
1643,1.0,0.0,0.0,0.0,1.0,1.0,0.2269093972,0.3203342998,0.0356143117,0.04757648706
1644,1.0,0.0,0.0,0.0,1.0,1.0,0.2253985437,0.3190101262,0.03514575958,0.04713350534
1645,1.0,0.0,0.0,0.0,1.0,1.0,0.2385429976,0.3312962943,0.03721296787,0.04862123728
1646,1.0,0.0,0.0,0.0,1.0,1.0,0.2330304127,0.3270235801,0.03676766157,0.04847890139
1647,1.0,0.0,0.0,0.0,1.0,1.0,0.2291827289,0.3288607935,0.03632181883,0.04888421297
1648,1.0,0.0,0.0,0.0,1.0,1.0,0.237962429,0.33067043,0.03717821836,0.04902017117
1649,1.0,0.0,0.0,0.0,1.0,1.0,0.2372148926,0.3343856406,0.03727382421,0.04933297634
1650,1.0,0.0,0.0,0.0,1.0,1.0,0.2325092055,0.3288603868,0.03667902946,0.04899656773
1651,1.0,0.0,0.0,0.0,1.0,1.0,0.2290387777,0.331296401,0.03621172905,0.0491052866
1652,1.0,0.0,0.0,0.0,1.0,1.0,0.2330853281,0.3287632891,0.03670167923,0.0486574769
1653,1.0,0.0,0.0,0.0,1.0,1.0,0.1419871929,0.3125746284,0.02170234919,0.04425024986
1654,1.0,0.0,0.0,0.0,1.0,1.0,0.02625171198,0.3682155844,0.004006683826,0.05208700895
1655,1.0,0.0,0.0,0.0,1.0,1.0,0.06514025505,0.3398102687,0.01000410318,0.04859155416
1656,1.0,0.0,0.0,0.0,1.0,1.0,0.1106390727,0.318004376,0.0172752738,0.04635542631
1657,1.0,0.0,0.0,0.0,1.0,1.0,0.177882259,0.3169435434,0.02739697695,0.04603821039
1658,1.0,0.0,0.0,0.0,1.0,1.0,0.1699606104,0.3072216017,0.02589857578,0.04447799921
1659,1.0,0.0,0.0,0.0,1.0,1.0,0.167493844,0.3060307359,0.02569442987,0.04461234808
1660,1.0,0.0,0.0,0.0,1.0,1.0,0.1548950434,0.3045174016,0.02386325598,0.0443174839
1661,1.0,0.0,0.0,0.0,1.0,1.0,0.1554687258,0.3057115286,0.02377176285,0.04414755106
1662,1.0,0.0,0.0,0.0,1.0,1.0,0.1171503693,0.3195888354,0.01811891794,0.04671293497
1663,1.0,0.0,0.0,0.0,1.0,1.0,0.03908447184,0.3628927645,0.0060120821,0.05239081383
1664,1.0,0.0,0.0,0.0,1.0,1.0,0.03736264463,0.3632510892,0.005727052689,0.05182939768
1665,1.0,0.0,0.0,0.0,1.0,1.0,0.03193714059,0.3687458264,0.004876852036,0.05249774456
1666,1.0,0.0,0.0,0.0,1.0,1.0,0.03381591865,0.3636180723,0.00512355566,0.0509505868
1667,1.0,0.0,0.0,0.0,1.0,1.0,0.04723268653,0.3589834226,0.007042050362,0.04957598448
1668,1.0,0.0,0.0,0.0,1.0,1.0,0.05802028348,0.3601228819,0.008806526661,0.05056631565
1669,1.0,0.0,0.0,0.0,1.0,1.0,0.0412528747,0.3615867766,0.006248295307,0.05055427551
1670,1.0,0.0,0.0,0.0,1.0,1.0,0.04848003117,0.3606859394,0.007430791855,0.0511585474
1671,1.0,0.0,0.0,0.0,1.0,1.0,0.04884500393,0.3615866793,0.007400751114,0.05066657066
1672,1.0,0.0,0.0,0.0,1.0,1.0,0.06153295773,0.3592368559,0.009319126606,0.0505490303
1673,1.0,0.0,0.0,0.0,1.0,1.0,0.04679033647,0.3682152748,0.007072329521,0.05148655176
1674,1.0,0.0,0.0,0.0,1.0,1.0,0.04679023455,0.3656492529,0.007072806358,0.05092430115
1675,1.0,0.0,0.0,0.0,1.0,1.0,0.06675292216,0.3558010026,0.01018196344,0.05034422874
1676,1.0,0.0,0.0,0.0,1.0,1.0,0.06141816207,0.3578003815,0.009390473366,0.05093628168
1677,1.0,0.0,0.0,0.0,1.0,1.0,0.05081916567,0.361586494,0.007588863373,0.05003017187
1678,1.0,0.0,0.0,0.0,1.0,1.0,0.08173861852,0.3470286246,0.01259589195,0.05009740591
1679,1.0,0.0,0.0,0.0,1.0,1.0,0.101067141,0.3431818402,0.01531898975,0.04851013422
1680,1.0,0.0,0.0,0.0,1.0,1.0,0.1156070754,0.3338135656,0.01747888327,0.04708021879
1681,1.0,0.0,0.0,0.0,1.0,1.0,0.1496392243,0.31675231,0.02308565378,0.04588627815
1682,1.0,0.0,0.0,0.0,1.0,1.0,0.1554689147,0.3167522745,0.02369171381,0.04540908337
1683,1.0,0.0,0.0,0.0,1.0,1.0,0.1440968864,0.319979389,0.0220451355,0.04578608274
1684,1.0,0.0,0.0,0.0,1.0,1.0,0.112507641,0.3358122191,0.01687783003,0.04725784063
1685,1.0,0.0,0.0,0.0,1.0,1.0,0.09563140951,0.3405355728,0.01460283995,0.04838979244
1686,1.0,0.0,0.0,0.0,1.0,1.0,0.1027464026,0.3471955248,0.01562803984,0.04915726185
1687,1.0,0.0,0.0,0.0,1.0,1.0,0.1031322713,0.3411750031,0.015612185,0.04825568199
1688,1.0,0.0,0.0,0.0,1.0,1.0,0.07458517739,0.35180342,0.01127594709,0.04961419106
1689,1.0,0.0,0.0,0.0,1.0,1.0,0.0503450316,0.3580996251,0.007567405701,0.04960852861
1690,1.0,0.0,0.0,0.0,1.0,1.0,0.07138879226,0.356076309,0.01078850031,0.0499677062
1691,1.0,0.0,0.0,0.0,1.0,1.0,0.1179118861,0.3378116857,0.01780259609,0.04775613546
1692,1.0,0.0,0.0,0.0,1.0,1.0,0.1172529405,0.3504023174,0.01791638136,0.05005216599
1693,1.0,0.0,0.0,0.0,1.0,1.0,0.1440968403,0.3226545932,0.02221667767,0.0467120409
1694,1.0,0.0,0.0,0.0,1.0,1.0,0.1808864319,0.3183551378,0.02788817883,0.04648023844
1695,1.0,0.0,0.0,0.0,1.0,1.0,0.1726976074,0.3234625547,0.02628606558,0.04669970274
1696,1.0,0.0,0.0,0.0,1.0,1.0,0.1714372273,0.3241429696,0.02654504776,0.0474421382
1697,1.0,0.0,0.0,0.0,1.0,1.0,0.1812174435,0.3253995126,0.02791672945,0.04737383127
1698,1.0,0.0,0.0,0.0,1.0,1.0,0.1696466624,0.3240375131,0.02583754063,0.04661995173
1699,1.0,0.0,0.0,0.0,1.0,1.0,0.1647228985,0.3240380107,0.02506881952,0.04675757885
1700,1.0,0.0,0.0,0.0,1.0,1.0,0.1326362362,0.3311644668,0.02050215006,0.04822337627
1701,1.0,0.0,0.0,0.0,1.0,1.0,0.08561304332,0.3484106923,0.01311057806,0.04987728596
1702,1.0,0.0,0.0,0.0,1.0,1.0,0.08406532936,0.3546407458,0.01269334555,0.04964500666
1703,1.0,0.0,0.0,0.0,1.0,1.0,0.08690779173,0.3412729891,0.01318609715,0.04815804958
1704,1.0,0.0,0.0,0.0,1.0,1.0,0.1246974266,0.3384563318,0.01898217201,0.04816377163
1705,1.0,0.0,0.0,0.0,1.0,1.0,0.1864628733,0.3253083718,0.02823650837,0.04687261581
1706,1.0,0.0,0.0,0.0,1.0,1.0,0.21079136,0.3331469222,0.03266382217,0.04843252897
1707,1.0,0.0,0.0,0.0,1.0,1.0,0.2075343342,0.3292738159,0.03213942051,0.0479272604
1708,1.0,0.0,0.0,0.0,1.0,1.0,0.2100276378,0.3286625874,0.03232949972,0.04765814543
1709,1.0,0.0,0.0,0.0,1.0,1.0,0.210408656,0.3318611291,0.03239768744,0.04803800583
1710,1.0,0.0,0.0,0.0,1.0,1.0,0.2064063391,0.3312326784,0.03189718723,0.04840540886
1711,1.0,0.0,0.0,0.0,1.0,1.0,0.2118383088,0.328662828,0.03250563145,0.04750823975
1712,1.0,0.0,0.0,0.0,1.0,1.0,0.206089109,0.3248186987,0.03149729967,0.04710662365
1713,1.0,0.0,0.0,0.0,1.0,1.0,0.2198771748,0.3293179579,0.03373384476,0.04795223475
1714,1.0,0.0,0.0,0.0,1.0,1.0,0.2136485529,0.3267407184,0.03267389536,0.047072649
1715,1.0,0.0,0.0,0.0,1.0,1.0,0.2194780049,0.3267408379,0.03353536129,0.04711586237
1716,1.0,0.0,0.0,0.0,1.0,1.0,0.214294894,0.3312326993,0.03309613466,0.04811453819
1717,1.0,0.0,0.0,0.0,1.0,1.0,0.2273098523,0.3331472201,0.03507649899,0.04843896627
1718,1.0,0.0,0.0,0.0,1.0,1.0,0.2164855539,0.3293180339,0.03343749046,0.04792708158
1719,1.0,0.0,0.0,0.0,1.0,1.0,0.2358031327,0.338272628,0.0368052721,0.04982864857
1720,1.0,0.0,0.0,0.0,1.0,1.0,0.1752751975,0.3311643512,0.02657192945,0.04720759392
1721,1.0,0.0,0.0,0.0,1.0,1.0,0.05280070977,0.3595550695,0.008112549782,0.05128288269
1722,1.0,0.0,0.0,0.0,1.0,1.0,0.06187932643,0.3526258133,0.009486496449,0.05030703545
1723,1.0,0.0,0.0,0.0,1.0,1.0,0.111669553,0.3278165926,0.01729369164,0.04726934433
1724,1.0,0.0,0.0,0.0,1.0,1.0,0.1764813117,0.3246220662,0.02691829205,0.04675287008
1725,1.0,0.0,0.0,0.0,1.0,1.0,0.2069086378,0.3286103637,0.03201961517,0.04831528664
1726,1.0,0.0,0.0,0.0,1.0,1.0,0.2145592356,0.3337907219,0.03333026171,0.04928320646
1727,1.0,0.0,0.0,0.0,1.0,1.0,0.2204650653,0.3312326118,0.03357058764,0.04839760065
1728,1.0,0.0,0.0,0.0,1.0,1.0,0.2225034472,0.3382726165,0.03445738554,0.04970902205
1729,1.0,0.0,0.0,0.0,1.0,1.0,0.2229101791,0.3350843441,0.03387492895,0.04803580046
1730,1.0,0.0,0.0,0.0,1.0,1.0,0.2310639324,0.3357198228,0.0356092453,0.0491746068
1731,1.0,0.0,0.0,0.0,1.0,1.0,0.2218946376,0.3350843562,0.03370344639,0.04818755388
1732,1.0,0.0,0.0,0.0,1.0,1.0,0.21012025,0.3350841032,0.03245133162,0.04881811142
1733,1.0,0.0,0.0,0.0,1.0,1.0,0.2166367389,0.335720202,0.03352427483,0.04901874065
1734,1.0,0.0,0.0,0.0,1.0,1.0,0.2068444625,0.3370209268,0.03186309338,0.04906344414
1735,1.0,0.0,0.0,0.0,1.0,1.0,0.2137746925,0.330584866,0.0329862833,0.04849267006
1736,1.0,0.0,0.0,0.0,1.0,1.0,0.2046827858,0.3305548813,0.031057477,0.04756551981
1737,1.0,0.0,0.0,0.0,1.0,1.0,0.1980545963,0.3286100908,0.03045111895,0.04765033722
1738,1.0,0.0,0.0,0.0,1.0,1.0,0.2065269364,0.3266660311,0.03158903122,0.04738354683
1739,1.0,0.0,0.0,0.0,1.0,1.0,0.2245520832,0.3383324395,0.03451031446,0.04921966791
1740,1.0,0.0,0.0,0.0,1.0,1.0,0.2196575259,0.3389580915,0.03393363953,0.04948657751
1741,1.0,0.0,0.0,0.0,1.0,1.0,0.2216943931,0.33957872,0.03438508511,0.04960471392
1742,1.0,0.0,0.0,0.0,1.0,1.0,0.2162428468,0.3344285165,0.03326481581,0.04863929749
1743,1.0,0.0,0.0,0.0,1.0,1.0,0.2190808313,0.3434373747,0.03412759304,0.05020415783
1744,1.0,0.0,0.0,0.0,1.0,1.0,0.0464857553,0.3587211673,0.006771743298,0.04881292582
1745,1.0,0.0,0.0,0.0,1.0,1.0,0.04117526884,0.3747905778,0.006306886673,0.0533221364
1746,1.0,0.0,0.0,0.0,1.0,1.0,0.09861647535,0.3344907809,0.01477015018,0.04715096951
1747,1.0,0.0,0.0,0.0,1.0,1.0,0.1638128117,0.3213891357,0.02508097887,0.04621660709
1748,1.0,0.0,0.0,0.0,1.0,1.0,0.1998884521,0.3383322075,0.03048318624,0.04866117239
1749,1.0,0.0,0.0,0.0,1.0,1.0,0.209354843,0.3344286276,0.03218752146,0.0487011075
1750,1.0,0.0,0.0,0.0,1.0,1.0,0.2239185642,0.3395785691,0.03434234858,0.04914027452
1751,1.0,0.0,0.0,0.0,1.0,1.0,0.2293802726,0.3428316116,0.03529214859,0.04957699776
1752,1.0,0.0,0.0,0.0,1.0,1.0,0.223511655,0.3408951998,0.03429168463,0.04906779528
1753,1.0,0.0,0.0,0.0,1.0,1.0,0.2101204825,0.3377018192,0.03236275911,0.04868477583
1754,1.0,0.0,0.0,0.0,1.0,1.0,0.2176641172,0.3363881193,0.03346884251,0.04825097322
1755,1.0,0.0,0.0,0.0,1.0,1.0,0.2293798913,0.3428318039,0.03554356098,0.04993027449
1756,1.0,0.0,0.0,0.0,1.0,1.0,0.2366621703,0.3467056934,0.03655415773,0.05033224821
1757,1.0,0.0,0.0,0.0,1.0,1.0,0.2316223229,0.3461100686,0.03596282005,0.05040460825
1758,1.0,0.0,0.0,0.0,1.0,1.0,0.1987840904,0.3357808379,0.03069913387,0.04832267761
1759,1.0,0.0,0.0,0.0,1.0,1.0,0.1456752755,0.3239297463,0.02253597975,0.04678350687
1760,1.0,0.0,0.0,0.0,1.0,1.0,0.1441141015,0.3238194896,0.02222466469,0.04675847292
1761,1.0,0.0,0.0,0.0,1.0,1.0,0.1671925578,0.3226542396,0.02538305521,0.04625362158
1762,1.0,0.0,0.0,0.0,1.0,1.0,0.189133851,0.3305240683,0.02898544073,0.04774069786
1763,1.0,0.0,0.0,0.0,1.0,1.0,0.1807108079,0.3279414917,0.02792298794,0.04786795378
1764,1.0,0.0,0.0,0.0,1.0,1.0,0.191069688,0.3324992214,0.02972471714,0.0488743186
1765,1.0,0.0,0.0,0.0,1.0,1.0,0.1873951503,0.325989886,0.02891951799,0.04734867811
1766,1.0,0.0,0.0,0.0,1.0,1.0,0.1810449747,0.329228017,0.02823108435,0.04839617014
1767,1.0,0.0,0.0,0.0,1.0,1.0,0.1855579197,0.3292279819,0.02889865637,0.04806911945
1768,1.0,0.0,0.0,0.0,1.0,1.0,0.1924851417,0.3364264912,0.02950137854,0.04850709438
1769,1.0,0.0,0.0,0.0,1.0,1.0,0.1906341333,0.3344589112,0.02910214663,0.04803270102
1770,1.0,0.0,0.0,0.0,1.0,1.0,0.1880867799,0.3331470883,0.02908545732,0.04847574234
1771,1.0,0.0,0.0,0.0,1.0,1.0,0.1828923943,0.3279418236,0.02777171135,0.04712772369
1772,1.0,0.0,0.0,0.0,1.0,1.0,0.1758277412,0.3285566298,0.02664870024,0.04684561491
1773,1.0,0.0,0.0,0.0,1.0,1.0,0.1847398634,0.3344590459,0.0283588171,0.04820996523
1774,1.0,0.0,0.0,0.0,1.0,1.0,0.1832309795,0.3324914199,0.02800142765,0.04780042171
1775,1.0,0.0,0.0,0.0,1.0,1.0,0.194696637,0.333147257,0.02952867746,0.04780828953
1776,1.0,0.0,0.0,0.0,1.0,1.0,0.1727660762,0.3265892136,0.02666944265,0.04760348797
1777,1.0,0.0,0.0,0.0,1.0,1.0,0.1864632658,0.3324915067,0.02866333723,0.04844099283
1778,1.0,0.0,0.0,0.0,1.0,1.0,0.1868115285,0.3324838893,0.02818697691,0.04707229137
1779,1.0,0.0,0.0,0.0,1.0,1.0,0.186462891,0.3384562437,0.02848112583,0.04841792583
1780,1.0,0.0,0.0,0.0,1.0,1.0,0.1756026179,0.3378116439,0.02675116062,0.04809528589
1781,1.0,0.0,0.0,0.0,1.0,1.0,0.1761537139,0.3357808324,0.02696883678,0.04826009274
1782,1.0,0.0,0.0,0.0,1.0,1.0,0.06866411597,0.3742765287,0.01025301218,0.05183452368
1783,1.0,0.0,0.0,0.0,1.0,1.0,0.05350734251,0.3737582828,0.007964730263,0.05148637295
1784,1.0,0.0,0.0,0.0,1.0,1.0,0.08406526207,0.3667308743,0.01282542944,0.05187171698
1785,1.0,0.0,0.0,0.0,1.0,1.0,0.07514598278,0.3682153201,0.01146012545,0.05214357376
1786,1.0,0.0,0.0,0.0,1.0,1.0,0.0420418105,0.3737585174,0.006305038929,0.05187296867
1787,1.0,0.0,0.0,0.0,1.0,1.0,0.03990169737,0.3773401149,0.005963802338,0.05253821611
1788,1.0,0.0,0.0,0.0,1.0,1.0,0.04750164612,0.3732608213,0.007071316242,0.05176240206
1789,1.0,0.0,0.0,0.0,1.0,1.0,0.04714353054,0.3793801298,0.007371008396,0.0548402667
1790,1.0,0.0,0.0,0.0,1.0,1.0,0.05270125099,0.3732609197,0.007969558239,0.05208677053
1791,1.0,0.0,0.0,0.0,1.0,1.0,0.05780359778,0.3732853229,0.008760929108,0.05256551504
1792,1.0,0.0,0.0,0.0,1.0,1.0,0.07192939729,0.3595557744,0.01064163446,0.04956775904
1793,1.0,0.0,0.0,0.0,1.0,1.0,0.09170883324,0.3586705102,0.01388663054,0.05044543743
1794,1.0,0.0,0.0,0.0,1.0,1.0,0.1050069966,0.3632510781,0.01601934433,0.05177682638
1795,1.0,0.0,0.0,0.0,1.0,1.0,0.1419769595,0.3371611135,0.02178567648,0.04815775156
1796,1.0,0.0,0.0,0.0,1.0,1.0,0.1756027387,0.3384559619,0.02680420876,0.04847568274
1797,1.0,0.0,0.0,0.0,1.0,1.0,0.1712264951,0.3344743763,0.02590048313,0.04729652405
1798,1.0,0.0,0.0,0.0,1.0,1.0,0.1752754539,0.3404472453,0.02696537971,0.049053967
1799,1.0,0.0,0.0,0.0,1.0,1.0,0.1795293332,0.3357806445,0.02766007185,0.04847639799
1800,1.0,0.0,0.0,0.0,1.0,1.0,0.1803783847,0.3344590296,0.02799963951,0.04857075214
1801,1.0,0.0,0.0,0.0,1.0,1.0,0.1755027115,0.3292278072,0.02680057287,0.0473946929
1802,1.0,0.0,0.0,0.0,1.0,1.0,0.1899310646,0.3311874073,0.02872014046,0.04712325335
1803,1.0,0.0,0.0,0.0,1.0,1.0,0.1714908309,0.3305240834,0.02627789974,0.04746979475
1804,1.0,0.0,0.0,0.0,1.0,1.0,0.1837210076,0.3370668545,0.0283241868,0.04871761799
1805,1.0,0.0,0.0,0.0,1.0,1.0,0.1711751445,0.3324914713,0.02641826868,0.04800736904
1806,1.0,0.0,0.0,0.0,1.0,1.0,0.1326363521,0.3445658164,0.0199611187,0.04807531834
1807,1.0,0.0,0.0,0.0,1.0,1.0,0.06700141254,0.3672649731,0.01029539108,0.05233514309
1808,1.0,0.0,0.0,0.0,1.0,1.0,0.06951007858,0.3627008949,0.01061105728,0.05162137747
1809,1.0,0.0,0.0,0.0,1.0,1.0,0.07403240909,0.3643381648,0.01128906012,0.05164766312
1810,1.0,0.0,0.0,0.0,1.0,1.0,0.03930398619,0.3803542847,0.005971074104,0.05345517397
1811,1.0,0.0,0.0,0.0,1.0,1.0,0.04109858349,0.3864242632,0.006217777729,0.05398160219
1812,1.0,0.0,0.0,0.0,1.0,1.0,0.04280671889,0.3813131474,0.006477952003,0.05351340771
1813,1.0,0.0,0.0,0.0,1.0,1.0,0.04661579169,0.3727755316,0.007047653198,0.05215257406
1814,1.0,0.0,0.0,0.0,1.0,1.0,0.04125260848,0.3803544706,0.006229639053,0.05323529243
1815,1.0,0.0,0.0,0.0,1.0,1.0,0.0429666587,0.3813131781,0.006534397602,0.05397981405
1816,1.0,0.0,0.0,0.0,1.0,1.0,0.0430470696,0.3813129003,0.006616830826,0.05466079712
1817,1.0,0.0,0.0,0.0,1.0,1.0,0.04086924035,0.3772991136,0.006367206573,0.05441081524
1818,1.0,0.0,0.0,0.0,1.0,1.0,0.03549417577,0.378820989,0.005366384983,0.05309903622
1819,1.0,0.0,0.0,0.0,1.0,1.0,0.03556042527,0.3808359887,0.005451321602,0.05422669649
1820,1.0,0.0,0.0,0.0,1.0,1.0,0.03556072753,0.3808356314,0.005371391773,0.05343109369
1821,1.0,0.0,0.0,0.0,1.0,1.0,0.02823264907,0.376308054,0.004224419594,0.05238312483
1822,1.0,0.0,0.0,0.0,1.0,1.0,0.0410983211,0.3747906448,0.006177961826,0.05223214626
1823,1.0,0.0,0.0,0.0,1.0,1.0,0.03569444953,0.3793062414,0.005462408066,0.05433642864
1824,1.0,0.0,0.0,0.0,1.0,1.0,0.02470092362,0.3895781057,0.003716766834,0.05460810661
1825,1.0,0.0,0.0,0.0,1.0,1.0,0.04386878887,0.4099750413,0.006556212902,0.05729538202
1826,1.0,0.0,0.0,0.0,1.0,1.0,0.04075396209,0.3972676282,0.005986452103,0.05416309834
1827,1.0,0.0,0.0,0.0,1.0,1.0,0.0362391085,0.3706945849,0.005467355251,0.05208402872
1828,1.0,0.0,0.0,0.0,1.0,1.0,0.03672985734,0.3518868424,0.005387485027,0.04792040586
1829,1.0,0.0,0.0,0.0,1.0,1.0,0.04083359266,0.357540904,0.005963563919,0.04856002331
1830,1.0,0.0,0.0,0.0,1.0,1.0,0.03160296714,0.3338564248,0.004559218884,0.04473727942
1831,1.0,0.0,0.0,0.0,1.0,1.0,0.04870543514,0.3521240095,0.007203996181,0.04812300205
1832,1.0,0.0,0.0,0.0,1.0,1.0,0.05043915965,0.3484113619,0.007867217064,0.05099123716
1833,1.0,0.0,0.0,0.0,1.0,1.0,0.06675328923,0.3247213436,0.01010978222,0.04689800739
1834,1.0,0.0,0.0,0.0,1.0,1.0,0.1298709487,0.2778374306,0.01939916611,0.04048526287
1835,1.0,0.0,0.0,0.0,1.0,1.0,0.1991509841,0.2930693983,0.02988916636,0.04317319393
1836,1.0,0.0,0.0,0.0,1.0,1.0,0.08150781311,0.2933583791,0.01187169552,0.04098564386
1837,1.0,0.0,0.0,0.0,1.0,1.0,0.07717705174,0.3285567706,0.01136487722,0.04744833708
1838,1.0,0.0,0.0,0.0,1.0,1.0,0.07910642982,0.3185472158,0.01174110174,0.0458189249
1839,1.0,0.0,0.0,0.0,1.0,1.0,0.07865097416,0.2741660057,0.01144230366,0.03935033083
1840,1.0,0.0,0.0,0.0,1.0,1.0,0.1858999666,0.2683687812,0.027744174,0.03983074427
1841,1.0,0.0,0.0,0.0,1.0,1.0,0.2480630173,0.2889295782,0.03786915541,0.04363185167
1842,1.0,0.0,0.0,0.0,1.0,1.0,0.2426703559,0.2925639474,0.03694367409,0.04405874014
1843,1.0,0.0,0.0,0.0,1.0,1.0,0.2520952535,0.2994721391,0.03873848915,0.04560709
1844,1.0,0.0,0.0,0.0,1.0,1.0,0.06892721387,0.3298940805,0.00996029377,0.04675793648
1845,1.0,0.0,0.0,0.0,1.0,1.0,0.06675689606,0.3111103191,0.00990241766,0.04526799917
1846,1.0,0.0,0.0,0.0,1.0,1.0,0.06460281637,0.2877772418,0.009533762932,0.04149985313
1847,1.0,0.0,0.0,0.0,1.0,1.0,0.1514863872,0.2638973902,0.02270114422,0.03903490305
1848,1.0,0.0,0.0,0.0,1.0,1.0,0.2082173664,0.2818941646,0.03156852722,0.04227435589
1849,1.0,0.0,0.0,0.0,1.0,1.0,0.2278798419,0.2951252104,0.03477048874,0.0446267128
1850,1.0,0.0,0.0,0.0,1.0,1.0,0.2462913184,0.2958634115,0.0374802351,0.04454165697
1851,1.0,0.0,0.0,0.0,1.0,1.0,0.2413680086,0.2958633473,0.03678417206,0.04468590021
1852,1.0,0.0,0.0,0.0,1.0,1.0,0.2364270845,0.2922556628,0.03561151028,0.04370504618
1853,1.0,0.0,0.0,0.0,1.0,1.0,0.207157164,0.2815591913,0.03148901463,0.04170912504
1854,1.0,0.0,0.0,0.0,1.0,1.0,0.05901478318,0.3187197697,0.008798718452,0.04598033428
1855,1.0,0.0,0.0,0.0,1.0,1.0,0.0773152825,0.3181818559,0.01150715351,0.04574799538
1856,1.0,0.0,0.0,0.0,1.0,1.0,0.06435796841,0.3096309423,0.009645283222,0.04482221603
1857,1.0,0.0,0.0,0.0,1.0,1.0,0.05006809019,0.3078280582,0.0072722435,0.04307430983
1858,1.0,0.0,0.0,0.0,1.0,1.0,0.1029388602,0.2869489116,0.01528960466,0.04086488485
1859,1.0,0.0,0.0,0.0,1.0,1.0,0.171490615,0.289611065,0.02564442158,0.04218930006
1860,1.0,0.0,0.0,0.0,1.0,1.0,0.2049215316,0.2972316195,0.03171211481,0.04450821877
1861,1.0,0.0,0.0,0.0,1.0,1.0,0.2228970937,0.306102526,0.03391069174,0.045396626
1862,1.0,0.0,0.0,0.0,1.0,1.0,0.2228970862,0.3090865294,0.03407293558,0.04588854313
1863,1.0,0.0,0.0,0.0,1.0,1.0,0.2203070529,0.3097902022,0.03364247084,0.04595071077
1864,1.0,0.0,0.0,0.0,1.0,1.0,0.2159511162,0.3109374146,0.0332005024,0.04609650373
1865,1.0,0.0,0.0,0.0,1.0,1.0,0.2378779105,0.3097901225,0.03691232204,0.04627811909
1866,1.0,0.0,0.0,0.0,1.0,1.0,0.2285957985,0.3086515004,0.03482437134,0.04535269737
1867,1.0,0.0,0.0,0.0,1.0,1.0,0.2343274535,0.3097901632,0.03615480661,0.046015203
1868,1.0,0.0,0.0,0.0,1.0,1.0,0.2480885173,0.3148427742,0.03808045387,0.04678457975
1869,1.0,0.0,0.0,0.0,1.0,1.0,0.2361026245,0.3141627131,0.03641217947,0.04681563377
1870,1.0,0.0,0.0,0.0,1.0,1.0,0.2347443994,0.3171662746,0.03619384766,0.04716169834
1871,1.0,0.0,0.0,0.0,1.0,1.0,0.2414285137,0.3123256841,0.0372287631,0.04653590918
1872,1.0,0.0,0.0,0.0,1.0,1.0,0.2333812377,0.3104880927,0.0357606411,0.04613393545
1873,1.0,0.0,0.0,0.0,1.0,1.0,0.2284439598,0.3079461262,0.03487241268,0.04549759626
1874,1.0,0.0,0.0,0.0,1.0,1.0,0.2356839179,0.3116339589,0.03637778759,0.0462244153
1875,1.0,0.0,0.0,0.0,1.0,1.0,0.2378777908,0.3086512869,0.03700375557,0.04639279842
1876,1.0,0.0,0.0,0.0,1.0,1.0,0.2365225661,0.311633955,0.03637868166,0.04622554779
1877,1.0,0.0,0.0,0.0,1.0,1.0,0.2347444568,0.3038596165,0.03590714931,0.04515594244
1878,1.0,0.0,0.0,0.0,1.0,1.0,0.2405072972,0.3049767592,0.03683298826,0.04529094696
1879,1.0,0.0,0.0,0.0,1.0,1.0,0.2405072619,0.3063983224,0.03686606884,0.04587781429
1880,1.0,0.0,0.0,0.0,1.0,1.0,0.2373675789,0.3104882837,0.0363458395,0.04618376493
1881,1.0,0.0,0.0,0.0,1.0,1.0,0.2333813731,0.3104886627,0.03580468893,0.04619079828
1882,1.0,0.0,0.0,0.0,1.0,1.0,0.2278797802,0.3031393744,0.03472417593,0.04511409998
1883,1.0,0.0,0.0,0.0,1.0,1.0,0.2270646497,0.3068140503,0.03461796045,0.04552125931
1884,1.0,0.0,0.0,0.0,1.0,1.0,0.2296744265,0.3013026282,0.03521233797,0.04511582851
1885,1.0,0.0,0.0,0.0,1.0,1.0,0.171490855,0.2799187776,0.02587854862,0.04146134853
1886,1.0,0.0,0.0,0.0,1.0,1.0,0.04345422735,0.331187622,0.006327927113,0.04649627209
1887,1.0,0.0,0.0,0.0,1.0,1.0,0.06000396092,0.3253084435,0.008871495724,0.04602092505
1888,1.0,0.0,0.0,0.0,1.0,1.0,0.05280076045,0.3155100385,0.007803678513,0.04487109184
1889,1.0,0.0,0.0,0.0,1.0,1.0,0.09446518448,0.2789141756,0.01401680708,0.04036843777
1890,1.0,0.0,0.0,0.0,1.0,1.0,0.1446558233,0.2711663587,0.02118772268,0.03852319717
1891,1.0,0.0,0.0,0.0,1.0,1.0,0.1751789071,0.2774119044,0.02645939589,0.0406639576
1892,1.0,0.0,0.0,0.0,1.0,1.0,0.1901110729,0.2850260076,0.02880954742,0.0422540307
1893,1.0,0.0,0.0,0.0,1.0,1.0,0.2045959058,0.2898012507,0.03092586994,0.0426941514
1894,1.0,0.0,0.0,0.0,1.0,1.0,0.202785518,0.2887276175,0.03067433834,0.0427249074
1895,1.0,0.0,0.0,0.0,1.0,1.0,0.2045958237,0.2839741594,0.0309240222,0.04214423895
1896,1.0,0.0,0.0,0.0,1.0,1.0,0.2067811544,0.2876623266,0.03097003698,0.04238003492
1897,1.0,0.0,0.0,0.0,1.0,1.0,0.2110731367,0.2850263913,0.03225398064,0.04245406389
1898,1.0,0.0,0.0,0.0,1.0,1.0,0.2075344968,0.2852884447,0.03141915798,0.04216778278
1899,1.0,0.0,0.0,0.0,1.0,1.0,0.207534211,0.2890176931,0.03099638224,0.04214423895
1900,1.0,0.0,0.0,0.0,1.0,1.0,0.2140363972,0.2905788135,0.03247469664,0.04320794344
1901,1.0,0.0,0.0,0.0,1.0,1.0,0.166573447,0.2736115156,0.02488714457,0.03981947899
1902,1.0,0.0,0.0,0.0,1.0,1.0,0.1514863295,0.2630113325,0.02264612913,0.03866422176
1903,1.0,0.0,0.0,0.0,1.0,1.0,0.1366276518,0.2613042555,0.02027308941,0.03804677725
1904,1.0,0.0,0.0,0.0,1.0,1.0,0.05034488541,0.3176522706,0.007479667664,0.04543220997
1905,1.0,0.0,0.0,0.0,1.0,1.0,0.06164780431,0.3164257876,0.009058952332,0.04502028227
1906,1.0,0.0,0.0,0.0,1.0,1.0,0.07098840087,0.295988625,0.01056575775,0.04281914234
1907,1.0,0.0,0.0,0.0,1.0,1.0,0.06199559092,0.304848784,0.009166240692,0.04388672113
1908,1.0,0.0,0.0,0.0,1.0,1.0,0.1023636438,0.2755114692,0.01527309418,0.04026544094
1909,1.0,0.0,0.0,0.0,1.0,1.0,0.131408244,0.2658891954,0.01972556114,0.03917324543
1910,1.0,0.0,0.0,0.0,1.0,1.0,0.1653489233,0.2769984501,0.02498525381,0.04108679295
1911,1.0,0.0,0.0,0.0,1.0,1.0,0.1780079184,0.2751272807,0.02680921555,0.04105168581
1912,1.0,0.0,0.0,0.0,1.0,1.0,0.1715461508,0.2782539441,0.02559667826,0.04089903831
1913,1.0,0.0,0.0,0.0,1.0,1.0,0.1659519365,0.2736115987,0.02477616072,0.04008734226
1914,1.0,0.0,0.0,0.0,1.0,1.0,0.1594659401,0.2725751659,0.02387493849,0.03997659683
1915,1.0,0.0,0.0,0.0,1.0,1.0,0.1398471489,0.2708408982,0.02094531059,0.03965646029
1916,1.0,0.0,0.0,0.0,1.0,1.0,0.1298709978,0.2662602443,0.01934355497,0.03868705034
1917,1.0,0.0,0.0,0.0,1.0,1.0,0.1230653678,0.2718789523,0.01836037636,0.03950273991
1918,1.0,0.0,0.0,0.0,1.0,1.0,0.1328843898,0.2699638911,0.01957386732,0.03887206316
1919,1.0,0.0,0.0,0.0,1.0,1.0,0.1273052546,0.27116653,0.01865392923,0.03897839785
1920,1.0,0.0,0.0,0.0,1.0,1.0,0.1171367558,0.2711667596,0.0172906518,0.03904348612
1921,1.0,0.0,0.0,0.0,1.0,1.0,0.1192514306,0.2711665618,0.01767998934,0.03928893805
1922,1.0,0.0,0.0,0.0,1.0,1.0,0.1213743952,0.2739783561,0.01794487238,0.03981518745
1923,1.0,0.0,0.0,0.0,1.0,1.0,0.1083044666,0.27805473,0.01581060886,0.03966522217
1924,1.0,0.0,0.0,0.0,1.0,1.0,0.1005131365,0.2897217779,0.0149140954,0.04192835093
1925,1.0,0.0,0.0,0.0,1.0,1.0,0.06068714086,0.3096313494,0.008848249912,0.04368829727
1926,1.0,0.0,0.0,0.0,1.0,1.0,0.06387429661,0.3091658174,0.009531021118,0.04457139969
1927,1.0,0.0,0.0,0.0,1.0,1.0,0.0903450568,0.2897213566,0.01331019402,0.04131704569
1928,1.0,0.0,0.0,0.0,1.0,1.0,0.1164765063,0.2680494749,0.01752364635,0.0395694375
1929,1.0,0.0,0.0,0.0,1.0,1.0,0.1616744069,0.2788704153,0.02433252335,0.04119938612
1930,1.0,0.0,0.0,0.0,1.0,1.0,0.1944370753,0.2805122988,0.02911669016,0.04108983278
1931,1.0,0.0,0.0,0.0,1.0,1.0,0.1837207549,0.2852886,0.02751845121,0.04210329056
1932,1.0,0.0,0.0,0.0,1.0,1.0,0.1867087515,0.2844853053,0.02804070711,0.04178619385
1933,1.0,0.0,0.0,0.0,1.0,1.0,0.1843986468,0.2858253603,0.02742534876,0.04141235352
1934,1.0,0.0,0.0,0.0,1.0,1.0,0.1837209144,0.2855547522,0.02741414309,0.04166948795
1935,1.0,0.0,0.0,0.0,1.0,1.0,0.1914990748,0.2852887271,0.02870327234,0.04182475805
1936,1.0,0.0,0.0,0.0,1.0,1.0,0.1845404953,0.2826138841,0.02761727571,0.04128921032
1937,1.0,0.0,0.0,0.0,1.0,1.0,0.1555909511,0.275965072,0.02340322733,0.04074907303
1938,1.0,0.0,0.0,0.0,1.0,1.0,0.06489893501,0.3235742226,0.009600460529,0.04635643959
1939,1.0,0.0,0.0,0.0,1.0,1.0,0.0465289631,0.3299318462,0.006877422333,0.04704159498
1940,1.0,0.0,0.0,0.0,1.0,1.0,0.05397364141,0.322213997,0.008019268513,0.04617989063
1941,1.0,0.0,0.0,0.0,1.0,1.0,0.05593899788,0.3253993635,0.008338987827,0.04669821262
1942,1.0,0.0,0.0,0.0,1.0,1.0,0.07616563034,0.3087077825,0.01142954826,0.04460310936
1943,1.0,0.0,0.0,0.0,1.0,1.0,0.1076902725,0.2836252833,0.01584208012,0.04085588455
1944,1.0,0.0,0.0,0.0,1.0,1.0,0.1451704702,0.2727483055,0.02184677124,0.04005235434
1945,1.0,0.0,0.0,0.0,1.0,1.0,0.1622227946,0.2812117241,0.02427005768,0.04128700495
1946,1.0,0.0,0.0,0.0,1.0,1.0,0.1622229678,0.2784705047,0.02422243357,0.04064911604
1947,1.0,0.0,0.0,0.0,1.0,1.0,0.1758276287,0.2836763872,0.02604907751,0.04140436649
1948,1.0,0.0,0.0,0.0,1.0,1.0,0.177350172,0.2855546994,0.0264917016,0.04194515944
1949,1.0,0.0,0.0,0.0,1.0,1.0,0.1662655534,0.2809751497,0.02486526966,0.04116588831
1950,1.0,0.0,0.0,0.0,1.0,1.0,0.152488221,0.2742828538,0.02291053534,0.04030048847
1951,1.0,0.0,0.0,0.0,1.0,1.0,0.1705912593,0.2831122102,0.02546525002,0.04124265909
1952,1.0,0.0,0.0,0.0,1.0,1.0,0.1080990752,0.279999134,0.01586610079,0.0400827527
1953,1.0,0.0,0.0,0.0,1.0,1.0,0.09861637763,0.2847245771,0.01448148489,0.04093813896
1954,1.0,0.0,0.0,0.0,1.0,1.0,0.09764659323,0.2791408348,0.01425069571,0.03995782137
1955,1.0,0.0,0.0,0.0,1.0,1.0,0.07760795202,0.2908532064,0.01140111685,0.04143345356
1956,1.0,0.0,0.0,0.0,1.0,1.0,0.06460252632,0.3162298449,0.009467244148,0.04510879517
1957,1.0,0.0,0.0,0.0,1.0,1.0,0.07585920548,0.3033324463,0.01118397713,0.04361736774
1958,1.0,0.0,0.0,0.0,1.0,1.0,0.09880432033,0.281943791,0.01454001665,0.04054421186
1959,1.0,0.0,0.0,0.0,1.0,1.0,0.1382404657,0.2650035665,0.0205886364,0.03895151615
1960,1.0,0.0,0.0,0.0,1.0,1.0,0.1845985855,0.2869118672,0.02743822336,0.04185014963
1961,1.0,0.0,0.0,0.0,1.0,1.0,0.1877403152,0.2885180042,0.02819490433,0.04229235649
1962,1.0,0.0,0.0,0.0,1.0,1.0,0.1910695268,0.2866323262,0.02840745449,0.0415186286
1963,1.0,0.0,0.0,0.0,1.0,1.0,0.1921292747,0.2882284886,0.02879083157,0.0426325798
1964,1.0,0.0,0.0,0.0,1.0,1.0,0.1825546945,0.2877182516,0.02722144127,0.0417945981
1965,1.0,0.0,0.0,0.0,1.0,1.0,0.1318966087,0.2690804762,0.0196890831,0.03882354498
1966,1.0,0.0,0.0,0.0,1.0,1.0,0.06788650871,0.3137780675,0.009970903397,0.04486912489
1967,1.0,0.0,0.0,0.0,1.0,1.0,0.05748179138,0.3299315553,0.008654773235,0.04774087667
1968,1.0,0.0,0.0,0.0,1.0,1.0,0.0619955072,0.3253998534,0.009216666222,0.0469211936
1969,1.0,0.0,0.0,0.0,1.0,1.0,0.05260202698,0.3350841798,0.007689118385,0.04750794172
1970,1.0,0.0,0.0,0.0,1.0,1.0,0.05834763643,0.3106374344,0.00871437788,0.04525870085
1971,1.0,0.0,0.0,0.0,1.0,1.0,0.0735436253,0.2913430841,0.01080328226,0.04182821512
1972,1.0,0.0,0.0,0.0,1.0,1.0,0.1524883296,0.281797554,0.02328157425,0.04207515717
1973,1.0,0.0,0.0,0.0,1.0,1.0,0.1628721751,0.2836762682,0.02435070276,0.04178357124
1974,1.0,0.0,0.0,0.0,1.0,1.0,0.1702750927,0.2858251897,0.02524340153,0.04143214226
1975,1.0,0.0,0.0,0.0,1.0,1.0,0.1709081321,0.2869118963,0.02572989464,0.04223060608
1976,1.0,0.0,0.0,0.0,1.0,1.0,0.1628306601,0.2801467705,0.02425539494,0.0412620306
1977,1.0,0.0,0.0,0.0,1.0,1.0,0.1579044263,0.2793116658,0.02379792929,0.04115641117
1978,1.0,0.0,0.0,0.0,1.0,1.0,0.1358644035,0.2698113185,0.02055335045,0.03998053074
1979,1.0,0.0,0.0,0.0,1.0,1.0,0.1350092203,0.2737934841,0.01987504959,0.03947401047
1980,1.0,0.0,0.0,0.0,1.0,1.0,0.13288429,0.2718786223,0.02000576258,0.04001158476
1981,1.0,0.0,0.0,0.0,1.0,1.0,0.1382406119,0.2718787886,0.02079278231,0.03989964724
1982,1.0,0.0,0.0,0.0,1.0,1.0,0.1513177251,0.2795375346,0.02282333374,0.04113829136
1983,1.0,0.0,0.0,0.0,1.0,1.0,0.1306090095,0.2729243072,0.01924943924,0.03961473703
1984,1.0,0.0,0.0,0.0,1.0,1.0,0.1427776779,0.276768366,0.02118164301,0.04013353586
1985,1.0,0.0,0.0,0.0,1.0,1.0,0.1419769113,0.2744675754,0.02133262157,0.04070031643
1986,1.0,0.0,0.0,0.0,1.0,1.0,0.1390202703,0.2708412036,0.02051007748,0.03935712576
1987,1.0,0.0,0.0,0.0,1.0,1.0,0.1371416135,0.2727485092,0.02035677433,0.03987693787
1988,1.0,0.0,0.0,0.0,1.0,1.0,0.1384992288,0.2727484039,0.02066600323,0.03993570805
1989,1.0,0.0,0.0,0.0,1.0,1.0,0.1347562937,0.2727483876,0.02019351721,0.04010653496
1990,1.0,0.0,0.0,0.0,1.0,1.0,0.1091670422,0.284456652,0.01615947485,0.04123449326
1991,1.0,0.0,0.0,0.0,1.0,1.0,0.09257604576,0.2877772722,0.01367866993,0.04131513834
1992,1.0,0.0,0.0,0.0,1.0,1.0,0.0731298801,0.3106372939,0.01083528996,0.04473030567
1993,1.0,0.0,0.0,0.0,1.0,1.0,0.06199531456,0.3195889614,0.009107410908,0.04553717375
1994,1.0,0.0,0.0,0.0,1.0,1.0,0.06712661505,0.3195887023,0.009978830814,0.04573631287
1995,1.0,0.0,0.0,0.0,1.0,1.0,0.0595570242,0.3215262241,0.008891761303,0.04612606764
1996,1.0,0.0,0.0,0.0,1.0,1.0,0.07285652122,0.311364516,0.01082795858,0.04497766495
1997,1.0,0.0,0.0,0.0,1.0,1.0,0.06411533174,0.3144965007,0.00934022665,0.04477804899
1998,1.0,0.0,0.0,0.0,1.0,1.0,0.0655064847,0.3234627251,0.009782075882,0.04667448997
1999,1.0,0.0,0.0,0.0,1.0,1.0,0.05667922432,0.3259899527,0.00816899538,0.04547399282
2000,1.0,0.0,0.0,0.0,1.0,1.0,0.05043909585,0.3241431864,0.007558703423,0.04703193903
2001,1.0,0.0,0.0,0.0,1.0,1.0,0.04508785989,0.3286101503,0.006519496441,0.04590785503
2002,1.0,0.0,0.0,0.0,1.0,1.0,0.05593891676,0.3260727498,0.00838881731,0.04725700617
2003,1.0,0.0,0.0,0.0,1.0,1.0,0.05417535189,0.318355184,0.008044660091,0.0457713604
2004,1.0,0.0,0.0,0.0,1.0,1.0,0.05072356377,0.3215259964,0.007507383823,0.04615652561
2005,1.0,0.0,0.0,0.0,1.0,1.0,0.05769598444,0.3171304949,0.008597791195,0.0457623601
2006,1.0,0.0,0.0,0.0,1.0,1.0,0.04534327926,0.3194292069,0.006763696671,0.04593676329
2007,1.0,0.0,0.0,0.0,1.0,1.0,0.04912203314,0.3162298674,0.007234990597,0.04507946968
2008,1.0,0.0,0.0,0.0,1.0,1.0,0.04893682914,0.3208324585,0.007247567177,0.04599422216
2009,1.0,0.0,0.0,0.0,1.0,1.0,0.04661591376,0.3241435266,0.006973743439,0.0468634367
2010,1.0,0.0,0.0,0.0,1.0,1.0,0.05025113892,0.3215255658,0.007438540459,0.04573333263
2011,1.0,0.0,0.0,0.0,1.0,1.0,0.04857103731,0.3247215164,0.007272481918,0.04671168327
2012,1.0,0.0,0.0,0.0,1.0,1.0,0.05025106834,0.3312102724,0.007568120956,0.04793161154
2013,1.0,0.0,0.0,0.0,1.0,1.0,0.05172728134,0.3280021797,0.007800221443,0.04735833406
2014,1.0,0.0,0.0,0.0,1.0,1.0,0.0501578211,0.328001891,0.00756663084,0.04764175415
2015,1.0,0.0,0.0,0.0,1.0,1.0,0.05407433878,0.3162296275,0.008099198341,0.04524374008
2016,1.0,0.0,0.0,0.0,1.0,1.0,0.05240523376,0.3240378642,0.007760763168,0.04601019621
2017,1.0,0.0,0.0,0.0,1.0,1.0,0.05250353618,0.3220854356,0.007793366909,0.04592514038
2018,1.0,0.0,0.0,0.0,1.0,1.0,0.0544808343,0.3181816485,0.008132636547,0.0457110405
2019,1.0,0.0,0.0,0.0,1.0,1.0,0.06130370288,0.3183552882,0.009092032909,0.04546046257
2020,1.0,0.0,0.0,0.0,1.0,1.0,0.04838978962,0.3312104007,0.007203876972,0.04737967253
2021,1.0,0.0,0.0,0.0,1.0,1.0,0.05053360147,0.3220860639,0.007516384125,0.04593348503
2022,1.0,0.0,0.0,0.0,1.0,1.0,0.04679057207,0.3344433254,0.007022678852,0.04831576347
2023,1.0,0.0,0.0,0.0,1.0,1.0,0.0435363219,0.3417067464,0.006363034248,0.04786109924
2024,1.0,0.0,0.0,0.0,1.0,1.0,0.0451727777,0.3409858007,0.006627142429,0.04804646969
2025,1.0,0.0,0.0,0.0,1.0,1.0,0.04525779285,0.3403609685,0.006661117077,0.04801547527
2026,1.0,0.0,0.0,0.0,1.0,1.0,0.04345402392,0.3436816248,0.006507098675,0.04922759533
2027,1.0,0.0,0.0,0.0,1.0,1.0,0.04902927557,0.3442958192,0.007228076458,0.04865044355
2028,1.0,0.0,0.0,0.0,1.0,1.0,0.05458374323,0.3383935729,0.008216738701,0.04873347282
2029,1.0,0.0,0.0,0.0,1.0,1.0,0.0767362499,0.3292279653,0.01160901785,0.04756861925
2030,1.0,0.0,0.0,0.0,1.0,1.0,0.06501922305,0.3227769188,0.009890198708,0.04690796137
2031,1.0,0.0,0.0,0.0,1.0,1.0,0.05657216541,0.3485957029,0.008469998837,0.04884368181
2032,1.0,0.0,0.0,0.0,1.0,1.0,0.02882995076,0.4049465165,0.00421410799,0.05281704664
2033,1.0,0.0,0.0,0.0,1.0,1.0,0.01173523268,0.4168073851,0.001730382442,0.05364137888
2034,1.0,0.0,0.0,0.0,1.0,1.0,0.1297266569,0.3615002407,0.02117782831,0.05070739985
2035,1.0,0.0,0.0,0.0,1.0,1.0,0.1213090725,0.3908076594,0.02013874054,0.05500584841
2036,1.0,0.0,0.0,0.0,1.0,1.0,0.04542891534,0.4473484451,0.007414579391,0.06333321333
2037,1.0,0.0,0.0,0.0,1.0,1.0,0.03472966618,0.4280218489,0.00558245182,0.06109678745
2038,1.0,0.0,0.0,0.0,1.0,1.0,0.03426668004,0.3860502968,0.00532412529,0.05324107409
2039,1.0,0.0,0.0,0.0,1.0,1.0,0.1742147563,0.3257290795,0.02725815773,0.04619538784
2040,1.0,0.0,0.0,0.0,1.0,1.0,0.1955430763,0.3331472775,0.0300283432,0.0467107296
2041,1.0,0.0,0.0,0.0,1.0,1.0,0.2235115929,0.3384564748,0.03454589844,0.0477463603
2042,1.0,0.0,0.0,0.0,1.0,1.0,0.2188556681,0.3318301758,0.03436756134,0.0481145978
2043,1.0,0.0,0.0,0.0,1.0,1.0,0.1029958946,0.3464450655,0.01546871662,0.04726552963
2044,1.0,0.0,0.0,0.0,1.0,1.0,0.04866218629,0.353461063,0.007390022278,0.04945605993
2045,1.0,0.0,0.0,0.0,1.0,1.0,0.04172220123,0.3504269174,0.00633263588,0.04864645004
2046,1.0,0.0,0.0,0.0,1.0,1.0,0.08063009127,0.3189273664,0.01225990057,0.04476302862
2047,1.0,0.0,0.0,0.0,1.0,1.0,0.1622710334,0.3172827777,0.02480792999,0.04510527849
2048,1.0,0.0,0.0,0.0,1.0,1.0,0.204638846,0.3390962211,0.03159314394,0.04823595285
2049,1.0,0.0,0.0,0.0,1.0,1.0,0.2205172253,0.3474621696,0.03477537632,0.04991954565
2050,1.0,0.0,0.0,0.0,1.0,1.0,0.2210996834,0.3470285612,0.03459507227,0.04922062159
2051,1.0,0.0,0.0,0.0,1.0,1.0,0.228701316,0.352977458,0.03533810377,0.04952895641
2052,1.0,0.0,0.0,0.0,1.0,1.0,0.239652841,0.3600352692,0.03682458401,0.04991781712
2053,1.0,0.0,0.0,0.0,1.0,1.0,0.2458801415,0.3693591865,0.03780215979,0.05085623264
2054,1.0,0.0,0.0,0.0,1.0,1.0,0.2543063378,0.3822564938,0.03993976116,0.05362540483
2055,1.0,0.0,0.0,0.0,1.0,1.0,0.2494184147,0.3813132785,0.03964030743,0.05341601372
2056,1.0,0.0,0.0,0.0,1.0,1.0,0.2552146439,0.3747906849,0.03919029236,0.05097478628
2057,1.0,0.0,0.0,0.0,1.0,1.0,0.1894848884,0.3673162894,0.02860689163,0.0482391715
2058,1.0,0.0,0.0,0.0,1.0,1.0,0.03715399866,0.4478018312,0.005527675152,0.05721139908
2059,1.0,0.0,0.0,0.0,1.0,1.0,0.05758857438,0.4283321518,0.008677244186,0.05542248487
2060,1.0,0.0,0.0,0.0,1.0,1.0,0.1604269186,0.3827647015,0.02450627089,0.05070263147
2061,1.0,0.0,0.0,0.0,1.0,1.0,0.2255622542,0.3785120015,0.03559732437,0.05151480436
2062,1.0,0.0,0.0,0.0,1.0,1.0,0.2619724975,0.3845591938,0.0406191349,0.05202585459
2063,1.0,0.0,0.0,0.0,1.0,1.0,0.2754647992,0.3961206593,0.04367393255,0.05459243059
2064,1.0,0.0,0.0,0.0,1.0,1.0,0.2787074962,0.4018164568,0.04432022572,0.05561202765
2065,1.0,0.0,0.0,0.0,1.0,1.0,0.2858052142,0.4046323763,0.0452580452,0.05553138256
2066,1.0,0.0,0.0,0.0,1.0,1.0,0.290618032,0.4079351876,0.04547005892,0.05545121431
2067,1.0,0.0,0.0,0.0,1.0,1.0,0.2954101721,0.4066556648,0.04694539309,0.05650317669
2068,1.0,0.0,0.0,0.0,1.0,1.0,0.3107807273,0.4070304557,0.0480453372,0.05514287949
2069,1.0,0.0,0.0,0.0,1.0,1.0,0.3009071758,0.4034635553,0.04769474268,0.05592781305
2070,1.0,0.0,0.0,0.0,1.0,1.0,0.3023224868,0.4075591925,0.04834383726,0.05659067631
2071,1.0,0.0,0.0,0.0,1.0,1.0,0.3064245109,0.4140544406,0.04777699709,0.05638790131
2072,1.0,0.0,0.0,0.0,1.0,1.0,0.317762161,0.4198471578,0.05088669062,0.0582780242
2073,1.0,0.0,0.0,0.0,1.0,1.0,0.3132307303,0.4256101092,0.05014306307,0.0582587719
2074,1.0,0.0,0.0,0.0,1.0,1.0,0.2752619459,0.4270741663,0.04321008921,0.05626016855
2075,1.0,0.0,0.0,0.0,1.0,1.0,0.08139371543,0.5137317095,0.01241582632,0.06352299452
2076,1.0,0.0,0.0,0.0,1.0,1.0,0.06932556278,0.5234046125,0.01035314798,0.06355673075
2077,1.0,0.0,0.0,0.0,1.0,1.0,0.1328845971,0.4724633667,0.02068316936,0.06059294939
2078,1.0,0.0,0.0,0.0,1.0,1.0,0.2461857497,0.4380812442,0.03772950172,0.05603116751
2079,1.0,0.0,0.0,0.0,1.0,1.0,0.2829303213,0.4270742829,0.04386347532,0.05525654554
2080,1.0,0.0,0.0,0.0,1.0,1.0,0.2897464415,0.4355975223,0.0448602438,0.05593335629
2081,1.0,0.0,0.0,0.0,1.0,1.0,0.3195999353,0.4446857971,0.05017244816,0.05858284235
2082,1.0,0.0,0.0,0.0,1.0,1.0,0.312210223,0.4422308313,0.04828864336,0.05714631081
2083,1.0,0.0,0.0,0.0,1.0,1.0,0.3227554747,0.4367125178,0.05100393295,0.05824881792
2084,1.0,0.0,0.0,0.0,1.0,1.0,0.3148423037,0.4332347323,0.04930460453,0.05790430307
2085,1.0,0.0,0.0,0.0,1.0,1.0,0.3100460448,0.4292476236,0.04862385988,0.05749052763
2086,1.0,0.0,0.0,0.0,1.0,1.0,0.3145725178,0.4247628557,0.04937547445,0.05755770206
2087,1.0,0.0,0.0,0.0,1.0,1.0,0.2962634912,0.4185164436,0.04707056284,0.05699503422
2088,1.0,0.0,0.0,0.0,1.0,1.0,0.275208476,0.4132714609,0.04318368435,0.05568426847
2089,1.0,0.0,0.0,0.0,1.0,1.0,0.2858083509,0.409236435,0.0449911952,0.05561023951
2090,1.0,0.0,0.0,0.0,1.0,1.0,0.2969872065,0.4103398557,0.04707813263,0.0569447875
2091,1.0,0.0,0.0,0.0,1.0,1.0,0.2802005529,0.4030671608,0.04414463043,0.05511051416
2092,1.0,0.0,0.0,0.0,1.0,1.0,0.2865783171,0.4014151945,0.04523807764,0.05541664362
2093,1.0,0.0,0.0,0.0,1.0,1.0,0.2827248113,0.398954068,0.04376417398,0.05407804251
2094,1.0,0.0,0.0,0.0,1.0,1.0,0.2740405112,0.3973191679,0.04245209694,0.05382817984
2095,1.0,0.0,0.0,0.0,1.0,1.0,0.2683185274,0.3973190527,0.04155892134,0.05411028862
2096,1.0,0.0,0.0,0.0,1.0,1.0,0.271431101,0.3973190951,0.04298788309,0.05522948503
2097,1.0,0.0,0.0,0.0,1.0,1.0,0.2525280176,0.3895786595,0.0398375392,0.05358433723
2098,1.0,0.0,0.0,0.0,1.0,1.0,0.2057674876,0.371100831,0.03189104795,0.05011451244
2099,1.0,0.0,0.0,0.0,1.0,1.0,0.1755028111,0.3933971253,0.02666473389,0.05192601681
2100,1.0,0.0,0.0,0.0,1.0,1.0,0.1687132909,0.3980827974,0.02591300011,0.0529525876
2101,1.0,0.0,0.0,0.0,1.0,1.0,0.1902816666,0.38537801,0.02884697914,0.0509724021
2102,1.0,0.0,0.0,0.0,1.0,1.0,0.1865870302,0.3811430868,0.02832531929,0.05048078299
2103,1.0,0.0,0.0,0.0,1.0,1.0,0.1800464958,0.3837518648,0.02784699202,0.05171585083
2104,1.0,0.0,0.0,0.0,1.0,1.0,0.1893295542,0.3753091824,0.02930361032,0.05099958181
2105,1.0,0.0,0.0,0.0,1.0,1.0,0.1787324953,0.3773825128,0.02775013447,0.05153590441
2106,1.0,0.0,0.0,0.0,1.0,1.0,0.1803778212,0.3622977904,0.02777552605,0.0493158102
2107,1.0,0.0,0.0,0.0,1.0,1.0,0.1840593436,0.3659045762,0.02797436714,0.0489551425
2108,1.0,0.0,0.0,0.0,1.0,1.0,0.1817165875,0.3638135935,0.02800983191,0.04973179102
2109,1.0,0.0,0.0,0.0,1.0,1.0,0.1776784821,0.3664621251,0.0272564888,0.0499702692
2110,1.0,0.0,0.0,0.0,1.0,1.0,0.1763718693,0.3685445079,0.0270422101,0.04985916615
2111,1.0,0.0,0.0,0.0,1.0,1.0,0.1758443967,0.3630627695,0.027346313,0.04966986179
2112,1.0,0.0,0.0,0.0,1.0,1.0,0.1810711488,0.3543836558,0.02803057432,0.04891610146
2113,1.0,0.0,0.0,0.0,1.0,1.0,0.1594089259,0.3546408258,0.02495610714,0.04935151339
2114,1.0,0.0,0.0,0.0,1.0,1.0,0.1543121802,0.34841097,0.0239418745,0.0487189889
2115,1.0,0.0,0.0,0.0,1.0,1.0,0.1555479695,0.3471959631,0.0240765214,0.04787641764
2116,1.0,0.0,0.0,0.0,1.0,1.0,0.1072126418,0.3691815226,0.01619201899,0.04967391491
2117,1.0,0.0,0.0,0.0,1.0,1.0,0.04417431492,0.387750356,0.006772756577,0.05277097225
2118,1.0,0.0,0.0,0.0,1.0,1.0,0.04034435296,0.3773827221,0.006116509438,0.0506003499
2119,1.0,0.0,0.0,0.0,1.0,1.0,0.0349712917,0.3758234884,0.005233764648,0.05013394356
2120,1.0,0.0,0.0,0.0,1.0,1.0,0.02771062567,0.3831194577,0.004127025604,0.05062544346
2121,1.0,0.0,0.0,0.0,0.0,1.0,0.0,0.3799529751,0.0,0.05150175095
2122,1.0,0.0,0.0,0.0,1.0,1.0,0.02591150437,0.3711621515,0.003951132298,0.05051797628
2123,1.0,0.0,0.0,0.0,1.0,1.0,0.01854274031,0.3863387102,0.002769470215,0.05095762014
2124,1.0,0.0,0.0,0.0,0.0,1.0,0.0,0.3810374646,0.0,0.0515307188
2125,1.0,0.0,0.0,0.0,0.0,1.0,0.0,0.3737407598,0.0,0.05043804646
2126,1.0,0.0,0.0,0.0,1.0,1.0,0.01500121709,0.3758405652,0.002189278603,0.04898440838
2127,1.0,0.0,0.0,0.0,0.0,1.0,0.0,0.3732355841,0.0,0.05026364326
2128,1.0,0.0,0.0,0.0,0.0,1.0,0.0,0.3747903744,0.0,0.05109906197
2129,1.0,0.0,0.0,0.0,1.0,1.0,0.01488932837,0.3711617975,0.002217948437,0.0496263504
2130,1.0,0.0,0.0,0.0,1.0,1.0,0.0186115694,0.3690883345,0.002803504467,0.04990237951
2131,1.0,0.0,0.0,0.0,1.0,1.0,0.01690767449,0.3674421422,0.002528905869,0.04917371273
2132,1.0,0.0,0.0,0.0,1.0,1.0,0.01871616051,0.3653421427,0.00280380249,0.04878610373
2133,1.0,0.0,0.0,0.0,1.0,1.0,0.01861155207,0.3706262315,0.00281727314,0.05014753342
2134,1.0,0.0,0.0,0.0,1.0,1.0,0.02066493346,0.3800398677,0.003090441227,0.05085235834
2135,1.0,0.0,0.0,0.0,1.0,1.0,0.02220979112,0.3716931467,0.003361582756,0.05042380095
2136,1.0,0.0,0.0,0.0,1.0,1.0,0.02428549838,0.3737586579,0.003639578819,0.05067420006
2137,1.0,0.0,0.0,0.0,1.0,1.0,0.01312599747,0.3737578931,0.001991271973,0.05148810148
2138,1.0,0.0,0.0,0.0,1.0,1.0,0.02451455151,0.3815297535,0.003669142723,0.05193263292
2139,1.0,0.0,0.0,0.0,1.0,1.0,0.02817944847,0.3702388516,0.00421923399,0.05147522688
2140,1.0,0.0,0.0,0.0,1.0,1.0,0.04204166137,0.3681069038,0.006128072739,0.04986006021
2141,1.0,0.0,0.0,0.0,1.0,1.0,0.04083353315,0.3462796705,0.005958199501,0.04738152027
2142,1.0,0.0,0.0,0.0,1.0,1.0,0.04206072808,0.3303240206,0.005994319916,0.0445291996
2143,1.0,0.0,0.0,0.0,1.0,1.0,0.03344584882,0.3199049124,0.004822492599,0.043402493
2144,1.0,0.0,0.0,0.0,1.0,1.0,0.0291098098,0.3006620342,0.00421243906,0.0407204628
2145,1.0,0.0,0.0,0.0,1.0,1.0,0.04294446412,0.2956682753,0.00623434782,0.04024016857
2146,1.0,0.0,0.0,0.0,1.0,1.0,0.1377260965,0.2479083825,0.02056145668,0.03528779745
2147,1.0,0.0,0.0,0.0,1.0,1.0,0.181716637,0.2757081465,0.02765500546,0.03982323408
2148,1.0,0.0,0.0,0.0,1.0,1.0,0.2093550105,0.2701194353,0.03187310696,0.0388020277
2149,1.0,0.0,0.0,0.0,1.0,1.0,0.04768306318,0.3250216196,0.006871044636,0.0439748764
2150,1.0,0.0,0.0,0.0,1.0,1.0,0.05006492078,0.3192661289,0.007448673248,0.04441606998
2151,1.0,0.0,0.0,0.0,1.0,1.0,0.05604369258,0.286114721,0.008248448372,0.04014229774
2152,1.0,0.0,0.0,0.0,1.0,1.0,0.1774373009,0.271711321,0.0267572999,0.03904378414
2153,1.0,0.0,0.0,0.0,1.0,1.0,0.2157065794,0.2874337001,0.03292661905,0.04198151827
2154,1.0,0.0,0.0,0.0,1.0,1.0,0.2512061823,0.2979470693,0.03857058287,0.04352968931
2155,1.0,0.0,0.0,0.0,1.0,1.0,0.2449437753,0.3005840199,0.03760194778,0.04391467571
2156,1.0,0.0,0.0,0.0,1.0,1.0,0.2525280802,0.302070025,0.03887426853,0.0443494916
2157,1.0,0.0,0.0,0.0,1.0,1.0,0.2635699462,0.3072361751,0.04075700045,0.04540711641
2158,1.0,0.0,0.0,0.0,1.0,1.0,0.2649762183,0.3088161084,0.04077833891,0.04515725374
2159,1.0,0.0,0.0,0.0,1.0,1.0,0.267836273,0.3130325066,0.04105430841,0.04573827982
2160,1.0,0.0,0.0,0.0,1.0,1.0,0.2516581522,0.3097130903,0.03842717409,0.04474020004
2161,1.0,0.0,0.0,0.0,1.0,1.0,0.2601043142,0.3123255789,0.03996008635,0.04516035318
2162,1.0,0.0,0.0,0.0,1.0,1.0,0.2673552551,0.310171494,0.04119199514,0.04478591681
2163,1.0,0.0,0.0,0.0,1.0,1.0,0.2719202708,0.3183548844,0.04255312681,0.04649841785
2164,1.0,0.0,0.0,0.0,1.0,1.0,0.269353123,0.3223394445,0.04169368744,0.04635685682
2165,1.0,0.0,0.0,0.0,1.0,1.0,0.2711254646,0.3190526372,0.04213041067,0.04571008682
2166,1.0,0.0,0.0,0.0,1.0,1.0,0.2738682529,0.321659088,0.04325282574,0.04718488455
2167,1.0,0.0,0.0,0.0,1.0,1.0,0.2216945714,0.327816846,0.03406143188,0.04578745365
2168,1.0,0.0,0.0,0.0,1.0,1.0,0.04714357922,0.3742680472,0.007032513618,0.0503526926
2169,1.0,0.0,0.0,0.0,1.0,1.0,0.06034343307,0.357540742,0.008816003799,0.04711067677
2170,1.0,0.0,0.0,0.0,1.0,1.0,0.1060858376,0.3276857319,0.01582813263,0.04442989826
2171,1.0,0.0,0.0,0.0,1.0,1.0,0.2124940987,0.3232320109,0.03293150663,0.04549008608
2172,1.0,0.0,0.0,0.0,1.0,1.0,0.2274713159,0.316229362,0.03518259525,0.04487860203
2173,1.0,0.0,0.0,0.0,1.0,1.0,0.2400794214,0.3208322257,0.03778654337,0.04618352652
2174,1.0,0.0,0.0,0.0,1.0,1.0,0.2538547362,0.3222140791,0.03969538212,0.04635757208
2175,1.0,0.0,0.0,0.0,1.0,1.0,0.2556299712,0.3178303482,0.04004263878,0.0461602807
2176,1.0,0.0,0.0,0.0,1.0,1.0,0.2547248394,0.3235741612,0.03972601891,0.04662293196
2177,1.0,0.0,0.0,0.0,1.0,1.0,0.2640372048,0.3216591915,0.04174554348,0.0470687151
2178,1.0,0.0,0.0,0.0,1.0,1.0,0.2817577319,0.3274033547,0.0435795188,0.04686850309
2179,1.0,0.0,0.0,0.0,1.0,1.0,0.2736990726,0.3299682584,0.04233562946,0.04725193977
2180,1.0,0.0,0.0,0.0,1.0,1.0,0.26969078,0.3306142424,0.04206371307,0.04783719778
2181,1.0,0.0,0.0,0.0,1.0,1.0,0.2775249319,0.3325140696,0.04298430681,0.04760926962
2182,1.0,0.0,0.0,0.0,1.0,1.0,0.2704994645,0.333147633,0.04207295179,0.04808336496
2183,1.0,0.0,0.0,0.0,1.0,1.0,0.2748027981,0.3420143043,0.04309862852,0.04941242933
2184,1.0,0.0,0.0,0.0,1.0,1.0,0.2800535517,0.3382141497,0.04381990433,0.04874968529
2185,1.0,0.0,0.0,0.0,1.0,1.0,0.2787917002,0.3318755296,0.04356360435,0.04767334461
2186,1.0,0.0,0.0,0.0,1.0,1.0,0.2847968115,0.3382142294,0.04428613186,0.04896229506
2187,1.0,0.0,0.0,0.0,1.0,1.0,0.2759523666,0.3299683417,0.04253602028,0.04717129469
2188,1.0,0.0,0.0,0.0,1.0,1.0,0.2837923057,0.3299681488,0.04370826483,0.04696595669
2189,1.0,0.0,0.0,0.0,1.0,1.0,0.2954105482,0.3318758227,0.04683285952,0.04879587889
2190,1.0,0.0,0.0,0.0,1.0,1.0,0.301951678,0.3356907125,0.04748374224,0.04887217283
2191,1.0,0.0,0.0,0.0,1.0,1.0,0.2936413048,0.3299682736,0.04527854919,0.04718786478
2192,1.0,0.0,0.0,0.0,1.0,1.0,0.2941617379,0.3337828682,0.04637479782,0.04888910055
2193,1.0,0.0,0.0,0.0,1.0,1.0,0.2835297745,0.3350621859,0.04423195124,0.04837870598
2194,1.0,0.0,0.0,0.0,1.0,1.0,0.2845511574,0.3369329244,0.04472255707,0.04913955927
2195,1.0,0.0,0.0,0.0,1.0,1.0,0.289312062,0.33821397,0.04462814331,0.04814428091
2196,1.0,0.0,0.0,0.0,1.0,1.0,0.2963258192,0.3414123648,0.04668647051,0.04944896698
2197,1.0,0.0,0.0,0.0,1.0,1.0,0.2910655657,0.338214141,0.04527455568,0.04854738712
2198,1.0,0.0,0.0,0.0,1.0,1.0,0.2945724537,0.3388257816,0.04621946812,0.04924571514
2199,1.0,0.0,0.0,0.0,1.0,1.0,0.2858054098,0.3381567858,0.04489386082,0.04957598448
2200,1.0,0.0,0.0,0.0,1.0,1.0,0.2910654689,0.3420145464,0.04557085037,0.04941421747
2201,1.0,0.0,0.0,0.0,1.0,1.0,0.2832927522,0.3325137294,0.04449427128,0.04836326838
2202,1.0,0.0,0.0,0.0,1.0,1.0,0.2936414752,0.338272834,0.04588288069,0.04864692688
2203,1.0,0.0,0.0,0.0,1.0,1.0,0.3053356726,0.338826165,0.04705399275,0.04896903038
2204,1.0,0.0,0.0,0.0,1.0,1.0,0.297179394,0.3325136601,0.04683494568,0.04878634214
2205,1.0,0.0,0.0,0.0,1.0,1.0,0.292389984,0.326232741,0.04605418444,0.04828709364
2206,1.0,0.0,0.0,0.0,1.0,1.0,0.2923899372,0.3262327769,0.04566961527,0.04788386822
2207,1.0,0.0,0.0,0.0,1.0,1.0,0.2918724254,0.3325139603,0.04518681765,0.04792541265
2208,1.0,0.0,0.0,0.0,1.0,1.0,0.2850459298,0.3274033234,0.04495465755,0.0480452776
2209,1.0,0.0,0.0,0.0,1.0,1.0,0.2847967675,0.3299683177,0.04430514574,0.04760736227
2210,1.0,0.0,0.0,0.0,1.0,1.0,0.3001856025,0.3293614358,0.04725146294,0.04836326838
2211,1.0,0.0,0.0,0.0,1.0,1.0,0.2858085006,0.329968216,0.04463559389,0.04796242714
2212,1.0,0.0,0.0,0.0,1.0,1.0,0.2941622447,0.3344137984,0.04548943043,0.04822969437
2213,1.0,0.0,0.0,0.0,1.0,1.0,0.2845386655,0.329968643,0.04445767403,0.04806989431
2214,1.0,0.0,0.0,0.0,1.0,1.0,0.285045907,0.3299682819,0.04433578253,0.04793804884
2215,1.0,0.0,0.0,0.0,1.0,1.0,0.2832640791,0.331232559,0.04405379295,0.04793274403
2216,1.0,0.0,0.0,0.0,1.0,1.0,0.2891242484,0.3287139347,0.04516404867,0.04823076725
2217,1.0,0.0,0.0,0.0,1.0,1.0,0.2941619113,0.3281185593,0.04616987705,0.04839491844
2218,1.0,0.0,0.0,0.0,1.0,1.0,0.2966540354,0.3300394765,0.04579865932,0.04825216532
2219,1.0,0.0,0.0,0.0,1.0,1.0,0.2920905508,0.3331473246,0.04556387663,0.0488576293
2220,1.0,0.0,0.0,0.0,1.0,1.0,0.2868116437,0.3263102164,0.04489308596,0.0481981039
2221,1.0,0.0,0.0,0.0,1.0,1.0,0.3001856708,0.3387618376,0.04697871208,0.05001848936
2222,1.0,0.0,0.0,0.0,1.0,1.0,0.2890800576,0.3331471604,0.04520446062,0.04906338453
2223,1.0,0.0,0.0,0.0,1.0,1.0,0.2918721307,0.3306423261,0.04561674595,0.04865789413
2224,1.0,0.0,0.0,0.0,1.0,1.0,0.2878251398,0.3281748391,0.04503846169,0.048630476
2225,1.0,0.0,0.0,0.0,1.0,1.0,0.2908426904,0.3263102814,0.04566454887,0.04843211174
2226,1.0,0.0,0.0,0.0,1.0,1.0,0.2954105638,0.3318903196,0.04612612724,0.04861193895
2227,1.0,0.0,0.0,0.0,1.0,1.0,0.2830583884,0.3281747381,0.04451924562,0.04836660624
2228,1.0,0.0,0.0,0.0,1.0,1.0,0.290842851,0.3312756049,0.04536134005,0.04866033792
2229,1.0,0.0,0.0,0.0,1.0,1.0,0.2943682413,0.3319043925,0.04600697756,0.04903739691
2230,1.0,0.0,0.0,0.0,1.0,1.0,0.2840515306,0.3294041264,0.04475879669,0.04862689972
2231,1.0,0.0,0.0,0.0,1.0,1.0,0.2783035473,0.324445884,0.04391801357,0.04806125164
2232,1.0,0.0,0.0,0.0,1.0,1.0,0.2898204716,0.3244456944,0.04551172256,0.04799419641
2233,1.0,0.0,0.0,0.0,1.0,1.0,0.2910653118,0.3281749887,0.04589730501,0.04866224527
2234,1.0,0.0,0.0,0.0,1.0,1.0,0.2968465757,0.3331473089,0.04628205299,0.04874676466
2235,1.0,0.0,0.0,0.0,1.0,1.0,0.3005313877,0.3350187352,0.04753106833,0.04946547747
2236,1.0,0.0,0.0,0.0,1.0,1.0,0.2923061364,0.3294038875,0.04582613707,0.04829579592
2237,1.0,0.0,0.0,0.0,1.0,1.0,0.2940566139,0.3337686008,0.0460999012,0.04911828041
2238,1.0,0.0,0.0,0.0,1.0,1.0,0.2950899452,0.3281746539,0.04658722878,0.04880565405
2239,1.0,0.0,0.0,0.0,1.0,1.0,0.2915772506,0.3281749974,0.04575675726,0.04851317406
2240,1.0,0.0,0.0,0.0,1.0,1.0,0.2928188428,0.3281748083,0.04621297121,0.04870349169
2241,1.0,0.0,0.0,0.0,1.0,1.0,0.2853045244,0.3275322706,0.04483878613,0.04813981056
2242,1.0,0.0,0.0,0.0,1.0,1.0,0.1762650621,0.2967095416,0.0267906785,0.04198133945
2243,1.0,0.0,0.0,0.0,1.0,1.0,0.03362610971,0.3651022941,0.005009829998,0.04981994629
2244,1.0,0.0,0.0,0.0,1.0,1.0,0.04517241116,0.3412729825,0.006688535213,0.0468198657
2245,1.0,0.0,0.0,0.0,1.0,1.0,0.1327673687,0.2883767166,0.02003866434,0.04063391685
2246,1.0,0.0,0.0,0.0,1.0,1.0,0.2178966359,0.3079676237,0.03383904696,0.04446613789
2247,1.0,0.0,0.0,0.0,1.0,1.0,0.2547597423,0.3223391552,0.03972524405,0.04694801569
2248,1.0,0.0,0.0,0.0,1.0,1.0,0.263667367,0.32043144,0.04097646475,0.04651379585
2249,1.0,0.0,0.0,0.0,1.0,1.0,0.2667549646,0.3223390068,0.04177629948,0.04706794024
2250,1.0,0.0,0.0,0.0,1.0,1.0,0.2686669273,0.3235738825,0.04159522057,0.04686397314
2251,1.0,0.0,0.0,0.0,1.0,1.0,0.2597826777,0.3171306462,0.04034399986,0.04622751474
2252,1.0,0.0,0.0,0.0,1.0,1.0,0.2669988496,0.320284363,0.04145997763,0.04650241137
2253,1.0,0.0,0.0,0.0,1.0,1.0,0.2704581377,0.327403247,0.04186743498,0.04741281271
2254,1.0,0.0,0.0,0.0,1.0,1.0,0.2693532683,0.3217899786,0.04208785295,0.04707193375
2255,1.0,0.0,0.0,0.0,1.0,1.0,0.2579786591,0.3144959126,0.03940707445,0.04491853714
2256,1.0,0.0,0.0,0.0,1.0,1.0,0.2570503567,0.3152087271,0.03960353136,0.04541951418
2257,1.0,0.0,0.0,0.0,1.0,1.0,0.2597115073,0.3235739629,0.04026728868,0.04693222046
2258,1.0,0.0,0.0,0.0,1.0,1.0,0.2512059878,0.3215257902,0.03924721479,0.04653602839
2259,1.0,0.0,0.0,0.0,1.0,1.0,0.25437058,0.3259898141,0.03946280479,0.04673963785
2260,1.0,0.0,0.0,0.0,1.0,1.0,0.2489516187,0.3233487331,0.03799080849,0.04575538635
2261,1.0,0.0,0.0,0.0,1.0,1.0,0.2235113134,0.3226547876,0.03459697962,0.0461294055
2262,1.0,0.0,0.0,0.0,1.0,1.0,0.1906345172,0.3222691139,0.02940756083,0.04511058331
2263,1.0,0.0,0.0,0.0,1.0,1.0,0.06387401555,0.3563407831,0.00950729847,0.04725688696
2264,1.0,0.0,0.0,0.0,0.0,1.0,0.0,0.3597129347,0.0,0.04707187414
2265,1.0,0.0,0.0,0.0,1.0,1.0,0.08879735996,0.3408134778,0.01332306862,0.04620546103
2266,1.0,0.0,0.0,0.0,1.0,1.0,0.1516010119,0.3120704458,0.02319151163,0.04380607605
2267,1.0,0.0,0.0,0.0,1.0,1.0,0.1628720379,0.3209587126,0.02640265226,0.04740470648
2268,1.0,0.0,0.0,0.0,1.0,1.0,0.1769085074,0.3245201168,0.02757447958,0.04633653164
2269,1.0,0.0,0.0,0.0,1.0,1.0,0.1650452512,0.3278169753,0.02689087391,0.04900121689
2270,1.0,0.0,0.0,0.0,1.0,1.0,0.1761607087,0.3188882435,0.02929282188,0.049020648
2271,1.0,0.0,0.0,0.0,1.0,1.0,0.1591703708,0.3110716064,0.02524244785,0.04549515247
2272,1.0,0.0,0.0,0.0,1.0,1.0,0.1459859319,0.2950160667,0.02286928892,0.04309982061
2273,1.0,0.0,0.0,0.0,1.0,1.0,0.1521707945,0.309543378,0.02371001244,0.04478549957
2274,1.0,0.0,0.0,0.0,1.0,1.0,0.1438313851,0.3029800823,0.02263402939,0.04468756914
2275,1.0,0.0,0.0,0.0,1.0,1.0,0.1072847226,0.2852660565,0.01654434204,0.04092550278
2276,1.0,0.0,0.0,0.0,1.0,1.0,0.05617041018,0.3345591125,0.008429348469,0.04592525959
2277,1.0,0.0,0.0,0.0,1.0,1.0,0.0367298035,0.3367220129,0.0055154562,0.04557532072
2278,1.0,0.0,0.0,0.0,1.0,1.0,0.03452958918,0.340911363,0.005521953106,0.04939091206
2279,1.0,0.0,0.0,0.0,1.0,1.0,0.04842240417,0.3239716105,0.007579863071,0.04638892412
2280,1.0,0.0,0.0,0.0,1.0,1.0,0.09501107861,0.2930093531,0.01545983553,0.04340642691
2281,1.0,0.0,0.0,0.0,1.0,1.0,0.1067705293,0.2883006682,0.01824641228,0.04486823082
2282,1.0,0.0,0.0,0.0,1.0,1.0,0.1282179462,0.269222216,0.02270615101,0.04250121117
2283,1.0,0.0,0.0,0.0,1.0,1.0,0.1484794034,0.2694920913,0.02675533295,0.04344141483
2284,1.0,0.0,0.0,0.0,1.0,1.0,0.1245312575,0.270911117,0.02379637957,0.04515206814
2285,1.0,0.0,0.0,0.0,1.0,1.0,0.1345402409,0.2933581627,0.02392905951,0.04506117105
2286,1.0,0.0,0.0,0.0,1.0,1.0,0.1452777439,0.3144076993,0.02534520626,0.04610997438
2287,1.0,0.0,0.0,0.0,1.0,1.0,0.1521643759,0.3240869878,0.02711355686,0.04775679111
2288,1.0,0.0,0.0,0.0,1.0,1.0,0.1523974011,0.3331476691,0.02501899004,0.04538327456
2289,1.0,0.0,0.0,0.0,1.0,1.0,0.1555909325,0.3527440976,0.02476990223,0.04545998573
2290,1.0,0.0,0.0,0.0,1.0,1.0,0.1507238436,0.3454591104,0.02495664358,0.04723930359
2291,1.0,0.0,0.0,0.0,1.0,1.0,0.1545900082,0.3441061619,0.0256062746,0.04674631357
2292,1.0,0.0,0.0,0.0,1.0,1.0,0.1659785311,0.365596973,0.02648180723,0.04812294245
2293,1.0,0.0,0.0,0.0,1.0,1.0,0.1521274492,0.3591069018,0.02633911371,0.05084061623
2294,1.0,0.0,0.0,0.0,1.0,1.0,0.1143728294,0.3467891322,0.01992583275,0.04935473204
2295,1.0,0.0,0.0,0.0,1.0,1.0,0.06662942043,0.3541497589,0.01143032312,0.050355196
2296,1.0,0.0,0.0,0.0,1.0,1.0,0.05015094395,0.3644252636,0.008612573147,0.05136811733
2297,1.0,0.0,0.0,0.0,1.0,1.0,0.06413502897,0.334596008,0.01105946302,0.04731017351
2298,1.0,0.0,0.0,0.0,1.0,1.0,0.09196259272,0.3240869981,0.01632142067,0.04773247242
2299,1.0,0.0,0.0,0.0,1.0,1.0,0.1009710062,0.3352035954,0.01835566759,0.05071139336
2300,1.0,0.0,0.0,0.0,1.0,1.0,0.1082306787,0.3297338887,0.01937401295,0.04873770475
2301,1.0,0.0,0.0,0.0,1.0,1.0,0.1121486801,0.3244158606,0.02058857679,0.04874646664
2302,1.0,0.0,0.0,0.0,1.0,1.0,0.117384235,0.3434292321,0.02150040865,0.05129373074
2303,1.0,0.0,0.0,0.0,1.0,1.0,0.1080478659,0.3386539037,0.01900297403,0.04869508743
2304,1.0,0.0,0.0,0.0,1.0,1.0,0.121092807,0.342665424,0.02161622047,0.05114817619
2305,1.0,0.0,0.0,0.0,1.0,1.0,0.1219656758,0.3358780758,0.02171564102,0.04946345091
2306,1.0,0.0,0.0,0.0,1.0,1.0,0.1186945192,0.3421325669,0.02123039961,0.05076831579
2307,1.0,0.0,0.0,0.0,1.0,1.0,0.116974171,0.3324591671,0.02076345682,0.04916059971
2308,1.0,0.0,0.0,0.0,1.0,1.0,0.1085601451,0.3338471681,0.01958960295,0.04944038391
2309,1.0,0.0,0.0,0.0,1.0,1.0,0.09386053898,0.3147180272,0.01672941446,0.04585105181
2310,1.0,0.0,0.0,0.0,1.0,1.0,0.09070298315,0.3139272661,0.01597201824,0.04429966211
2311,1.0,0.0,0.0,0.0,1.0,1.0,0.08502195932,0.3088402624,0.01472067833,0.04326075315
2312,1.0,0.0,0.0,0.0,1.0,1.0,0.09683171291,0.3218542708,0.01717793941,0.04662585258
2313,1.0,0.0,0.0,0.0,1.0,1.0,0.09873161782,0.3139271215,0.01735836267,0.04476630688
2314,1.0,0.0,0.0,0.0,1.0,1.0,0.09892064898,0.3282688408,0.01746577024,0.04727816582
2315,1.0,0.0,0.0,0.0,1.0,1.0,0.1037481311,0.317049881,0.01862937212,0.0468840003
2316,1.0,0.0,0.0,0.0,1.0,1.0,0.1049327521,0.3076793367,0.01870054007,0.04567837715
2317,1.0,0.0,0.0,0.0,1.0,1.0,0.105477364,0.3120620915,0.01879787445,0.04560798407
2318,1.0,0.0,0.0,0.0,1.0,1.0,0.1046714449,0.3043568015,0.01870137453,0.04464191198
2319,1.0,0.0,0.0,0.0,1.0,1.0,0.1073223868,0.3072054637,0.01911503077,0.04480093718
2320,1.0,0.0,0.0,0.0,1.0,1.0,0.1224480128,0.2965822286,0.02203136683,0.04346734285
2321,1.0,0.0,0.0,0.0,1.0,1.0,0.11621388,0.2884566147,0.02085483074,0.04230558872
2322,1.0,0.0,0.0,0.0,1.0,1.0,0.1222097549,0.2908211009,0.02186459303,0.0425311327
2323,1.0,0.0,0.0,0.0,1.0,1.0,0.1262272381,0.2813553771,0.02209436893,0.04055672884
2324,1.0,0.0,0.0,0.0,1.0,1.0,0.1346398242,0.2834552803,0.02440017462,0.04223108292
2325,1.0,0.0,0.0,0.0,1.0,1.0,0.1260243492,0.2864777787,0.02213215828,0.04088294506
2326,1.0,0.0,0.0,0.0,1.0,1.0,0.1186387296,0.27197222,0.02074605227,0.03866314888
2327,1.0,0.0,0.0,0.0,1.0,1.0,0.1159283742,0.2680903911,0.02065962553,0.0391280055
2328,1.0,0.0,0.0,0.0,1.0,1.0,0.1184006849,0.2626735762,0.02090346813,0.03781068325
2329,1.0,0.0,0.0,0.0,1.0,1.0,0.09815940815,0.2542440382,0.01704931259,0.03595858812
2330,1.0,0.0,0.0,0.0,1.0,1.0,0.1048242153,0.2783535072,0.01827675104,0.04001969099
2331,1.0,0.0,0.0,0.0,1.0,1.0,0.1043372465,0.2711490345,0.01805919409,0.0383362174
2332,1.0,0.0,0.0,0.0,1.0,1.0,0.09866510146,0.2565530507,0.01617127657,0.0344388485
2333,1.0,0.0,0.0,0.0,1.0,1.0,0.09868817704,0.2542060492,0.01762992144,0.03750365973
2334,1.0,0.0,0.0,0.0,1.0,1.0,0.09200612596,0.2608189199,0.01578068733,0.03682166338
2335,1.0,0.0,0.0,0.0,1.0,1.0,0.1006505798,0.2690805388,0.01744776964,0.03856873512
2336,1.0,0.0,0.0,0.0,1.0,1.0,0.09337341869,0.2762172547,0.01625365019,0.03943020105
2337,1.0,0.0,0.0,0.0,1.0,1.0,0.08667707563,0.2938271074,0.0151399374,0.04233008623
2338,1.0,0.0,0.0,0.0,1.0,1.0,0.1023733066,0.2666582239,0.01789975166,0.03853005171
2339,1.0,0.0,0.0,0.0,1.0,1.0,0.08736388323,0.2797583481,0.01492273808,0.03909754753
2340,1.0,0.0,0.0,0.0,1.0,1.0,0.08482360549,0.2944784408,0.01382607222,0.03967475891
2341,1.0,0.0,0.0,0.0,1.0,1.0,0.08955586482,0.2833238679,0.01480913162,0.03761512041
2342,1.0,0.0,0.0,0.0,1.0,1.0,0.08698515588,0.2827368101,0.01458775997,0.03840452433
2343,1.0,0.0,0.0,0.0,1.0,1.0,0.07904178102,0.2846240291,0.01310944557,0.03816318512
2344,1.0,0.0,0.0,0.0,1.0,1.0,0.07566222922,0.2584765611,0.01278746128,0.03568583727
2345,1.0,0.0,0.0,0.0,1.0,1.0,0.07330451337,0.2741834653,0.01211839914,0.03665071726
2346,1.0,0.0,0.0,0.0,1.0,1.0,0.07423391578,0.2881274195,0.01213687658,0.03789073229
2347,1.0,0.0,0.0,0.0,1.0,1.0,0.08453921053,0.3049940782,0.01337862015,0.03864938021
2348,1.0,0.0,0.0,0.0,1.0,1.0,0.06199542229,0.2942283182,0.009823858738,0.03750932217
2349,1.0,0.0,0.0,0.0,1.0,1.0,0.07528739973,0.2905352731,0.011942029,0.03731888533
2350,1.0,0.0,0.0,0.0,1.0,1.0,0.07375964943,0.2903782365,0.01188868284,0.03834092617
2351,1.0,0.0,0.0,0.0,1.0,1.0,0.07204854625,0.2832519502,0.01245719194,0.03928804398
2352,1.0,0.0,0.0,0.0,1.0,1.0,0.0652991851,0.280112513,0.01113379002,0.03865903616
2353,1.0,0.0,0.0,0.0,1.0,1.0,0.07295198794,0.2678681836,0.01183104515,0.0351973176
2354,1.0,0.0,0.0,0.0,1.0,1.0,0.07604439269,0.2665175451,0.01292544603,0.03692984581
2355,1.0,0.0,0.0,0.0,1.0,1.0,0.08239147433,0.2665180637,0.01549261808,0.04041546583
2356,1.0,0.0,0.0,0.0,1.0,1.0,0.07838754473,0.2793198448,0.01405721903,0.0408937335
2357,1.0,0.0,0.0,0.0,1.0,1.0,0.08016924977,0.27297558,0.01483201981,0.04087042809
2358,1.0,0.0,0.0,0.0,1.0,1.0,0.08536154941,0.268408985,0.01507145166,0.03862059116
2359,1.0,0.0,0.0,0.0,1.0,1.0,0.07895055467,0.2739697726,0.01588654518,0.04513221979
2360,1.0,0.0,0.0,0.0,1.0,1.0,0.07728552083,0.2607239958,0.01502269506,0.04097098112
2361,1.0,0.0,0.0,0.0,1.0,1.0,0.08660704346,0.2614572628,0.01693636179,0.04200202227
2362,1.0,0.0,0.0,0.0,1.0,1.0,0.07728546558,0.250923537,0.01461648941,0.03919875622
2363,1.0,0.0,0.0,0.0,1.0,1.0,0.07262397345,0.2646825128,0.01477712393,0.04397940636
2364,1.0,0.0,0.0,0.0,1.0,1.0,0.07321271216,0.284651316,0.01499271393,0.04707032442
2365,1.0,0.0,0.0,0.0,1.0,1.0,0.06536775447,0.2551315303,0.01292604208,0.0411593318
2366,1.0,0.0,0.0,0.0,1.0,1.0,0.07634640148,0.2605384594,0.01487880945,0.04125481844
2367,1.0,0.0,0.0,0.0,1.0,1.0,0.06710034754,0.2595950346,0.01281440258,0.04046648741
2368,1.0,0.0,0.0,0.0,1.0,1.0,0.06989091535,0.2573669357,0.01375573874,0.04126727581
2369,1.0,0.0,0.0,0.0,1.0,1.0,0.07783276395,0.2541682248,0.01498508453,0.04018718004
2370,1.0,0.0,0.0,0.0,1.0,1.0,0.08328657915,0.2650694036,0.01561480761,0.04053217173
2371,1.0,0.0,0.0,0.0,1.0,1.0,0.07239771814,0.2476878473,0.01415097713,0.03934663534
2372,1.0,0.0,0.0,0.0,1.0,1.0,0.08299259402,0.2714004965,0.01625496149,0.04357713461
2373,1.0,0.0,0.0,0.0,1.0,1.0,0.07940317786,0.2613603606,0.01539260149,0.04182761908
2374,1.0,0.0,0.0,0.0,1.0,1.0,0.08373218009,0.2652029945,0.0158893466,0.04090666771
2375,1.0,0.0,0.0,0.0,1.0,1.0,0.07304284934,0.2520524318,0.01427233219,0.04003226757
2376,1.0,0.0,0.0,0.0,1.0,1.0,0.0730428979,0.2574980826,0.01413571835,0.04068332911
2377,1.0,0.0,0.0,0.0,1.0,1.0,0.07592932055,0.2444525239,0.01500600576,0.03943443298
2378,1.0,0.0,0.0,0.0,1.0,1.0,0.07552885633,0.2563785688,0.01540160179,0.04226493835
2379,1.0,0.0,0.0,0.0,1.0,1.0,0.07151650008,0.2640446555,0.01409101486,0.04262524843
2380,1.0,0.0,0.0,0.0,1.0,1.0,0.07579556637,0.2673942631,0.01522195339,0.04318773746
2381,1.0,0.0,0.0,0.0,1.0,1.0,0.06981394986,0.2509912529,0.01216632128,0.03553849459
2382,1.0,0.0,0.0,0.0,1.0,1.0,0.06785199206,0.2588643256,0.01198238134,0.03724253178
2383,1.0,0.0,0.0,0.0,1.0,1.0,0.08026108146,0.2828610331,0.0129019618,0.03686279058
2384,1.0,0.0,0.0,0.0,1.0,1.0,0.08740392949,0.2838791885,0.01385754347,0.03645128012
2385,1.0,0.0,0.0,0.0,1.0,1.0,0.08947420063,0.2872228529,0.01396876574,0.03655642271
2386,1.0,0.0,0.0,0.0,1.0,1.0,0.08493286715,0.2935251082,0.01335674524,0.03758519888
2387,1.0,0.0,0.0,0.0,1.0,1.0,0.07823426516,0.3003131943,0.0123707056,0.03865844011
2388,1.0,0.0,0.0,0.0,1.0,1.0,0.08944421866,0.2747281656,0.01387232542,0.03498238325
2389,1.0,0.0,0.0,0.0,1.0,1.0,0.08595203021,0.3033129759,0.01306080818,0.03705620766
2390,1.0,0.0,0.0,0.0,1.0,1.0,0.07979554562,0.2904778659,0.01232743263,0.03636598587
2391,1.0,0.0,0.0,0.0,1.0,1.0,0.08011554596,0.2917155628,0.01253885031,0.03604924679
2392,1.0,0.0,0.0,0.0,1.0,1.0,0.0755044251,0.3077099921,0.01152002811,0.03789490461
2393,1.0,0.0,0.0,0.0,1.0,1.0,0.08605737906,0.304177928,0.01372969151,0.03931695223
2394,1.0,0.0,0.0,0.0,1.0,1.0,0.06318328916,0.2852177753,0.009869039059,0.03618633747
2395,1.0,0.0,0.0,0.0,1.0,1.0,0.08248759057,0.2818330499,0.01262646914,0.03494298458
2396,1.0,0.0,0.0,0.0,1.0,1.0,0.07673261059,0.2889380535,0.01219201088,0.03718560934
2397,1.0,0.0,0.0,0.0,1.0,1.0,0.07732639418,0.2749664421,0.01224792004,0.0352127552
2398,1.0,0.0,0.0,0.0,1.0,1.0,0.05912748612,0.3017184118,0.009822547436,0.0405575037
2399,1.0,0.0,0.0,0.0,1.0,1.0,0.04732188196,0.2979559429,0.007995843887,0.0406190753
2400,1.0,0.0,0.0,0.0,1.0,1.0,0.03990156054,0.303148172,0.006916344166,0.04215687513
2401,1.0,0.0,0.0,0.0,1.0,1.0,0.04005399341,0.3102533587,0.006790339947,0.04235875607
2402,1.0,0.0,0.0,0.0,1.0,1.0,0.04256895353,0.297508319,0.007713139057,0.042925179
2403,1.0,0.0,0.0,0.0,1.0,1.0,0.04776761637,0.2975611251,0.008843958378,0.04455977678
2404,1.0,0.0,0.0,0.0,1.0,1.0,0.03701643239,0.2911217113,0.00667566061,0.04239034653
2405,1.0,0.0,0.0,0.0,1.0,1.0,0.02229236631,0.2733902338,0.003907382488,0.03972512484
2406,1.0,0.0,0.0,0.0,1.0,1.0,0.02032147481,0.2931696257,0.003663361073,0.04396009445
2407,1.0,0.0,0.0,0.0,1.0,1.0,0.03362604595,0.2620755606,0.005798399448,0.03801172972
2408,1.0,0.0,0.0,0.0,1.0,1.0,0.03325310629,0.2520331546,0.006005465984,0.0387019515
2409,1.0,0.0,0.0,0.0,1.0,1.0,0.05382975295,0.2560047269,0.01022052765,0.04258567095
2410,1.0,0.0,0.0,0.0,1.0,1.0,0.07364310403,0.2528953653,0.01440304518,0.04286623001
2411,1.0,0.0,0.0,0.0,1.0,1.0,0.0922562391,0.2018478048,0.0177012682,0.03376346827
2412,1.0,0.0,0.0,0.0,1.0,1.0,0.1012948281,0.2169333626,0.01957458258,0.03653925657
2413,1.0,0.0,0.0,0.0,1.0,1.0,0.1218431934,0.216297045,0.02411776781,0.0378061533
2414,1.0,0.0,0.0,0.0,1.0,1.0,0.1228823852,0.1834180511,0.02235776186,0.02921408415
2415,1.0,0.0,0.0,0.0,1.0,1.0,0.1285732291,0.2488882821,0.02438300848,0.0416136384
2416,1.0,0.0,0.0,0.0,1.0,1.0,0.1593068835,0.2302085952,0.03174310923,0.0410990119
2417,1.0,0.0,0.0,0.0,1.0,1.0,0.1781687224,0.2130886775,0.03450030088,0.03712892532
2418,1.0,0.0,0.0,0.0,1.0,1.0,0.1782220744,0.1672142863,0.03257256746,0.02778249979
2419,1.0,0.0,0.0,0.0,1.0,1.0,0.1846216485,0.1614482971,0.03537881374,0.02857518196
2420,1.0,0.0,0.0,0.0,1.0,1.0,0.2035229227,0.1413941763,0.03488755226,0.02273923159
2421,1.0,0.0,0.0,0.0,1.0,1.0,0.217827118,0.1408479868,0.03760713339,0.02306991816
2422,1.0,0.0,0.0,0.0,1.0,1.0,0.2246365228,0.09594636142,0.03758770227,0.01528990269
2423,1.0,0.0,0.0,0.0,1.0,1.0,0.2663918856,0.1011107057,0.04340416193,0.01600718498
2424,1.0,0.0,0.0,0.0,1.0,1.0,0.2868942062,0.1068106065,0.04575550556,0.01674711704
2425,1.0,0.0,0.0,0.0,1.0,1.0,0.2812686542,0.0670125005,0.04381263256,0.01022297144
2426,1.0,0.0,0.0,0.0,1.0,1.0,0.2581584455,0.06899126716,0.04092311859,0.010815382
2427,1.0,0.0,0.0,0.0,1.0,1.0,0.2577406865,0.1183551628,0.04032570124,0.01827716827
2428,1.0,0.0,0.0,0.0,1.0,1.0,0.2557555939,0.1336250361,0.04079461098,0.02112060785
2429,1.0,0.0,0.0,0.0,1.0,1.0,0.253508139,0.1112515625,0.0397939682,0.01746350527
2430,1.0,0.0,0.0,0.0,1.0,1.0,0.2722357561,0.0534759129,0.04117566347,0.008178770542
2431,1.0,0.0,0.0,0.0,1.0,1.0,0.2866468599,0.07382245105,0.04457968473,0.01159071922
2432,1.0,0.0,0.0,0.0,1.0,1.0,0.2825345314,0.08896521557,0.04360336065,0.01394116879
2433,1.0,0.0,0.0,0.0,1.0,1.0,0.2806124611,0.07410298595,0.04253321886,0.01136159897
2434,1.0,0.0,0.0,0.0,1.0,1.0,0.2636100457,0.06199541719,0.03992718458,0.009479105473
2435,1.0,0.0,0.0,0.0,1.0,1.0,0.2480230712,0.1309231576,0.03864872456,0.02032637596
2436,1.0,0.0,0.0,0.0,1.0,1.0,0.254306217,0.2027853807,0.04053992033,0.03175157309
2437,1.0,0.0,0.0,0.0,1.0,1.0,0.2730521472,0.2382184814,0.04446548223,0.03790974617
2438,1.0,0.0,0.0,0.0,1.0,1.0,0.2689472369,0.2339121257,0.04413050413,0.03758209944
2439,1.0,0.0,0.0,0.0,1.0,1.0,0.2388046113,0.1933228616,0.03814697266,0.02995246649
2440,1.0,0.0,0.0,0.0,1.0,1.0,0.2210488076,0.1512568186,0.03431016207,0.0231667161
2441,1.0,0.0,0.0,0.0,1.0,1.0,0.2078235769,0.1512564401,0.03132945299,0.02250021696
2442,1.0,0.0,0.0,0.0,1.0,1.0,0.1808689276,0.120622282,0.02769958973,0.01799046993
2443,1.0,0.0,0.0,0.0,1.0,1.0,0.2089741445,0.1622709064,0.03291594982,0.02518785
2444,1.0,0.0,0.0,0.0,1.0,1.0,0.2658092341,0.2435464764,0.04213923216,0.03792530298
2445,1.0,0.0,0.0,0.0,1.0,1.0,0.2701670909,0.2534557,0.04290449619,0.03953945637
2446,1.0,0.0,0.0,0.0,1.0,1.0,0.2797731576,0.2633906992,0.04463613033,0.04098665714
2447,1.0,0.0,0.0,0.0,1.0,1.0,0.2766310638,0.2498604771,0.04350578785,0.03845351934
2448,1.0,0.0,0.0,0.0,1.0,1.0,0.2629159341,0.2388372602,0.04122745991,0.03670942783
2449,1.0,0.0,0.0,0.0,1.0,1.0,0.267707892,0.239866348,0.04155898094,0.03657191992
2450,1.0,0.0,0.0,0.0,1.0,1.0,0.2636675118,0.2335651419,0.0412285924,0.03593569994
2451,1.0,0.0,0.0,0.0,1.0,1.0,0.2618858588,0.2263227992,0.04139178991,0.03519707918
2452,1.0,0.0,0.0,0.0,1.0,1.0,0.2218799776,0.1534577134,0.03221899271,0.02223968506
2453,1.0,0.0,0.0,0.0,1.0,1.0,0.221666,0.1455879211,0.03240925074,0.02103757858
2454,1.0,0.0,0.0,0.0,1.0,1.0,0.192200534,0.123460835,0.02869957685,0.01808077097
2455,1.0,0.0,0.0,0.0,1.0,1.0,0.2032446424,0.1335134248,0.03117924929,0.02002340555
2456,1.0,0.0,0.0,0.0,1.0,1.0,0.2480364027,0.2013801572,0.03843182325,0.03051942587
2457,1.0,0.0,0.0,0.0,1.0,1.0,0.2840138746,0.2516977187,0.04526722431,0.03925073147
2458,1.0,0.0,0.0,0.0,1.0,1.0,0.2948880883,0.2671236085,0.04749667645,0.04180848598
2459,1.0,0.0,0.0,0.0,1.0,1.0,0.289079951,0.2671233961,0.04713702202,0.04225087166
2460,1.0,0.0,0.0,0.0,1.0,1.0,0.3001854774,0.2798437652,0.047485888,0.04301667213
2461,1.0,0.0,0.0,0.0,1.0,1.0,0.3001856285,0.2770191935,0.04761594534,0.04285436869
2462,1.0,0.0,0.0,0.0,1.0,1.0,0.2911341681,0.2743921715,0.04669320583,0.0429918766
2463,1.0,0.0,0.0,0.0,1.0,1.0,0.3001859052,0.2796272485,0.04829341173,0.04403221607
2464,1.0,0.0,0.0,0.0,1.0,1.0,0.2913567323,0.2696334596,0.04697924852,0.04270839691
2465,1.0,0.0,0.0,0.0,1.0,1.0,0.29665425,0.2724111453,0.04771053791,0.04288268089
2466,1.0,0.0,0.0,0.0,1.0,1.0,0.2819857154,0.2544034088,0.04425889254,0.03921669722
2467,1.0,0.0,0.0,0.0,1.0,1.0,0.2118277253,0.1263888096,0.03150558472,0.01861697435
2468,1.0,0.0,0.0,0.0,1.0,1.0,0.2392486332,0.143888417,0.0359017849,0.02142524719
2469,1.0,0.0,0.0,0.0,1.0,1.0,0.2435773733,0.1375200019,0.03680813313,0.02074110508
2470,1.0,0.0,0.0,0.0,1.0,1.0,0.2171072823,0.09956821525,0.03296160698,0.01506000757
2471,1.0,0.0,0.0,0.0,1.0,1.0,0.2416231494,0.1591704079,0.03753757477,0.02445632219
2472,1.0,0.0,0.0,0.0,1.0,1.0,0.2659227484,0.2246946346,0.04174494743,0.03502094746
2473,1.0,0.0,0.0,0.0,1.0,1.0,0.2880954182,0.251671115,0.04557693005,0.0391061306
2474,1.0,0.0,0.0,0.0,1.0,1.0,0.2921718651,0.2680982853,0.04670202732,0.04186093807
2475,1.0,0.0,0.0,0.0,1.0,1.0,0.2982349345,0.2688031877,0.04686897993,0.04156833887
2476,1.0,0.0,0.0,0.0,1.0,1.0,0.3054830277,0.2812049926,0.04887133837,0.04435145855
2477,1.0,0.0,0.0,0.0,1.0,1.0,0.3095617044,0.2868434518,0.04931682348,0.04480785131
2478,1.0,0.0,0.0,0.0,1.0,1.0,0.3042547099,0.2822162602,0.0491951108,0.04490482807
2479,1.0,0.0,0.0,0.0,1.0,1.0,0.3143120105,0.2909093099,0.05029815435,0.04605960846
2480,1.0,0.0,0.0,0.0,1.0,1.0,0.3136546325,0.2829959921,0.04925060272,0.04396378994
2481,1.0,0.0,0.0,0.0,1.0,1.0,0.3101108906,0.2794139067,0.04963988066,0.04425036907
2482,1.0,0.0,0.0,0.0,1.0,1.0,0.2343907591,0.1489733692,0.03547120094,0.02241778374
2483,1.0,0.0,0.0,0.0,1.0,1.0,0.2246807804,0.1254124512,0.03274828196,0.01835030317
2484,1.0,0.0,0.0,0.0,1.0,1.0,0.2361961396,0.120555473,0.03491050005,0.01788806915
2485,1.0,0.0,0.0,0.0,1.0,1.0,0.222312883,0.1003301979,0.03329175711,0.01505368948
2486,1.0,0.0,0.0,0.0,1.0,1.0,0.2433587827,0.1566287466,0.03734433651,0.02394592762
2487,1.0,0.0,0.0,0.0,1.0,1.0,0.2607240011,0.2112790824,0.04085177183,0.03262466192
2488,1.0,0.0,0.0,0.0,1.0,1.0,0.2784159596,0.2371864674,0.04389297962,0.03685885668
2489,1.0,0.0,0.0,0.0,1.0,1.0,0.2814827315,0.2363302247,0.04404491186,0.03651827574
2490,1.0,0.0,0.0,0.0,1.0,1.0,0.2824901286,0.2345260776,0.04414278269,0.03631997108
2491,1.0,0.0,0.0,0.0,1.0,1.0,0.2891242805,0.2462395473,0.04551053047,0.03820639849
2492,1.0,0.0,0.0,0.0,1.0,1.0,0.3080593623,0.2792034219,0.04893177748,0.04364931583
2493,1.0,0.0,0.0,0.0,1.0,1.0,0.2936412905,0.2588482282,0.04614603519,0.04003030062
2494,1.0,0.0,0.0,0.0,1.0,1.0,0.2933336787,0.2597114916,0.04657703638,0.04044109583
2495,1.0,0.0,0.0,0.0,1.0,1.0,0.3040260019,0.274846581,0.04816865921,0.04263204336
2496,1.0,0.0,0.0,0.0,1.0,1.0,0.3081903947,0.2799854484,0.04974579811,0.04440581799
2497,1.0,0.0,0.0,0.0,1.0,1.0,0.3040256554,0.2774254464,0.04828798771,0.04329276085
2498,1.0,0.0,0.0,0.0,1.0,1.0,0.304558261,0.2719328463,0.04853790998,0.04295885563
2499,1.0,0.0,0.0,0.0,1.0,1.0,0.3015858411,0.270311954,0.04820686579,0.04260146618
2500,1.0,0.0,0.0,0.0,1.0,1.0,0.2975571772,0.2685334721,0.04740983248,0.04211109877
2501,1.0,0.0,0.0,0.0,1.0,1.0,0.3005315849,0.2640367477,0.04785549641,0.04145616293
2502,1.0,0.0,0.0,0.0,1.0,1.0,0.3127626348,0.2799855354,0.05066275597,0.04471904039
2503,1.0,0.0,0.0,0.0,1.0,1.0,0.3071203784,0.2727350876,0.04902011156,0.04292720556
2504,1.0,0.0,0.0,0.0,1.0,1.0,0.3065880702,0.2789962662,0.04933524132,0.04403936863
2505,1.0,0.0,0.0,0.0,1.0,1.0,0.3105904293,0.2850519429,0.04919689894,0.04452455044
2506,1.0,0.0,0.0,0.0,1.0,1.0,0.3151553252,0.2825279828,0.050827384,0.04493027925
2507,1.0,0.0,0.0,0.0,1.0,1.0,0.3180832689,0.2850522286,0.05057060719,0.04476743937
2508,1.0,0.0,0.0,0.0,1.0,1.0,0.3115598307,0.2807617498,0.04986381531,0.04454123974
2509,1.0,0.0,0.0,0.0,1.0,1.0,0.2878254004,0.2436362146,0.04553097486,0.03826832771
2510,1.0,0.0,0.0,0.0,1.0,1.0,0.2383285318,0.1148784494,0.03523486853,0.01704913378
2511,1.0,0.0,0.0,0.0,1.0,1.0,0.2428021794,0.1052042962,0.03641033173,0.01580601931
2512,1.0,0.0,0.0,0.0,1.0,1.0,0.2169473281,0.1054966611,0.03253138065,0.01584863663
2513,1.0,0.0,0.0,0.0,1.0,1.0,0.2610347239,0.1977313929,0.04081356525,0.03074997663
2514,1.0,0.0,0.0,0.0,1.0,1.0,0.2923900004,0.246290856,0.04652547836,0.03891217709
2515,1.0,0.0,0.0,0.0,1.0,1.0,0.3047943349,0.2659228245,0.0479953289,0.04157733917
2516,1.0,0.0,0.0,0.0,1.0,1.0,0.30847001,0.2728970391,0.04925304651,0.04334259033
2517,1.0,0.0,0.0,0.0,1.0,1.0,0.3115597255,0.2762538595,0.04946476221,0.04362899065
2518,1.0,0.0,0.0,0.0,1.0,1.0,0.3110152369,0.2762542833,0.0498495698,0.0439684391
2519,1.0,0.0,0.0,0.0,1.0,1.0,0.3181613859,0.2848061831,0.05093127489,0.04511851072
2520,1.0,0.0,0.0,0.0,1.0,1.0,0.3169806316,0.2830585636,0.05085647106,0.04502046108
2521,1.0,0.0,0.0,0.0,1.0,1.0,0.3180831448,0.288571103,0.05103969574,0.04574048519
2522,1.0,0.0,0.0,0.0,1.0,1.0,0.3232977476,0.2963255716,0.05184191465,0.04710364342
2523,1.0,0.0,0.0,0.0,1.0,1.0,0.3185611384,0.2858050673,0.05070513487,0.04541170597
2524,1.0,0.0,0.0,0.0,1.0,1.0,0.3138598476,0.2832925559,0.04972940683,0.04472869635
2525,1.0,0.0,0.0,0.0,1.0,1.0,0.3167245578,0.2807618975,0.05041629076,0.0445343852
2526,1.0,0.0,0.0,0.0,1.0,1.0,0.3167247972,0.2825274344,0.05029666424,0.04470807314
2527,1.0,0.0,0.0,0.0,1.0,1.0,0.3238607767,0.2945722208,0.05190205574,0.04687929153
2528,1.0,0.0,0.0,0.0,1.0,1.0,0.3279955434,0.2984445214,0.05277252197,0.04752290249
2529,1.0,0.0,0.0,0.0,1.0,1.0,0.3176119778,0.2890369518,0.05097854137,0.04599148035
2530,1.0,0.0,0.0,0.0,1.0,1.0,0.3186374685,0.2903309846,0.05142194033,0.04636406898
2531,1.0,0.0,0.0,0.0,1.0,1.0,0.3191935205,0.2895909092,0.05038124323,0.04515039921
2532,1.0,0.0,0.0,0.0,1.0,1.0,0.3209376864,0.2858054444,0.05135160685,0.04549086094
2533,1.0,0.0,0.0,0.0,1.0,1.0,0.3191934326,0.2895910177,0.05066728592,0.04540675879
2534,1.0,0.0,0.0,0.0,1.0,1.0,0.3210013648,0.2868117957,0.05151349306,0.04538756609
2535,1.0,0.0,0.0,0.0,1.0,1.0,0.3169808086,0.2875583751,0.05091404915,0.04562783241
2536,1.0,0.0,0.0,0.0,1.0,1.0,0.3169804768,0.2830586445,0.05157566071,0.0456571579
2537,1.0,0.0,0.0,0.0,1.0,1.0,0.3262068048,0.2980790391,0.05249762535,0.04747122526
2538,1.0,0.0,0.0,0.0,1.0,1.0,0.3221773251,0.2931224232,0.05229669809,0.04667335749
2539,1.0,0.0,0.0,0.0,1.0,1.0,0.321559657,0.2840516529,0.05144619942,0.0450501442
2540,1.0,0.0,0.0,0.0,1.0,1.0,0.3168959121,0.2850521766,0.0503808856,0.04484456778
2541,1.0,0.0,0.0,0.0,1.0,1.0,0.3233488511,0.291794986,0.05141270161,0.04591399431
2542,1.0,0.0,0.0,0.0,1.0,1.0,0.2943682032,0.2507495499,0.04676675797,0.03948569298
2543,1.0,0.0,0.0,0.0,1.0,1.0,0.2315091592,0.1267945535,0.03435564041,0.01899331808
2544,1.0,0.0,0.0,0.0,1.0,1.0,0.2342739513,0.1267951356,0.03525328636,0.01933246851
2545,1.0,0.0,0.0,0.0,1.0,1.0,0.229798955,0.1294899853,0.03569948673,0.0201163888
2546,1.0,0.0,0.0,0.0,1.0,1.0,0.2516453667,0.1713330155,0.03933173418,0.0267790556
2547,1.0,0.0,0.0,0.0,1.0,1.0,0.284293709,0.2366167161,0.04486787319,0.03734338284
2548,1.0,0.0,0.0,0.0,1.0,1.0,0.2913567081,0.2498607431,0.04582351446,0.03943604231
2549,1.0,0.0,0.0,0.0,1.0,1.0,0.3090146372,0.2701673343,0.04922610521,0.04303771257
2550,1.0,0.0,0.0,0.0,1.0,1.0,0.3148683812,0.2692158026,0.04974973202,0.04276239872
2551,1.0,0.0,0.0,0.0,1.0,1.0,0.3161678779,0.2754643414,0.05017232895,0.04348266125
2552,1.0,0.0,0.0,0.0,1.0,1.0,0.3179244445,0.2842933701,0.05073016882,0.0451245904
2553,1.0,0.0,0.0,0.0,1.0,1.0,0.3179243047,0.2789959899,0.05048936605,0.0440735817
2554,1.0,0.0,0.0,0.0,1.0,1.0,0.3167246499,0.2789961936,0.04987639189,0.04378038645
2555,1.0,0.0,0.0,0.0,1.0,1.0,0.3162570393,0.2780139501,0.0505669117,0.04414129257
2556,1.0,0.0,0.0,0.0,1.0,1.0,0.3226818032,0.2868115618,0.05128949881,0.04519021511
2557,1.0,0.0,0.0,0.0,1.0,1.0,0.3179243411,0.2807616937,0.05055087805,0.04440653324
2558,1.0,0.0,0.0,0.0,1.0,1.0,0.3085993232,0.267581022,0.04932945967,0.04232245684
2559,1.0,0.0,0.0,0.0,1.0,1.0,0.3134138918,0.2762542636,0.05019974709,0.04378533363
2560,1.0,0.0,0.0,0.0,1.0,1.0,0.3122165284,0.2754645607,0.04948478937,0.04312640429
2561,1.0,0.0,0.0,0.0,1.0,1.0,0.3127626381,0.2807623364,0.04999667406,0.04441046715
2562,1.0,0.0,0.0,0.0,1.0,1.0,0.3180041507,0.2752846983,0.05054098368,0.04359853268
2563,1.0,0.0,0.0,0.0,1.0,1.0,0.3185609667,0.2815328707,0.05046629906,0.04436600208
2564,1.0,0.0,0.0,0.0,1.0,1.0,0.3026477656,0.2578630647,0.04796910286,0.04043906927
2565,1.0,0.0,0.0,0.0,1.0,1.0,0.2334603364,0.1176947738,0.03455007076,0.01741778851
2566,1.0,0.0,0.0,0.0,1.0,1.0,0.2422314115,0.1144399715,0.0369630456,0.01746284962
2567,1.0,0.0,0.0,0.0,1.0,1.0,0.2154931819,0.1139070933,0.03295087814,0.01761168242
2568,1.0,0.0,0.0,0.0,1.0,1.0,0.2547948097,0.1923386937,0.03950625658,0.02976882458
2569,1.0,0.0,0.0,0.0,1.0,1.0,0.2901608101,0.2418003982,0.04542565346,0.03785467148
2570,1.0,0.0,0.0,0.0,1.0,1.0,0.3106612251,0.2677075028,0.04917126894,0.04214680195
2571,1.0,0.0,0.0,0.0,1.0,1.0,0.3084695766,0.2658089104,0.04836517572,0.04145586491
2572,1.0,0.0,0.0,0.0,1.0,1.0,0.3143120082,0.2746691737,0.05011421442,0.04363876581
2573,1.0,0.0,0.0,0.0,1.0,1.0,0.3149651148,0.2789960894,0.05016541481,0.04428005219
2574,1.0,0.0,0.0,0.0,1.0,1.0,0.3208734563,0.2868117388,0.05097919703,0.04540771246
2575,1.0,0.0,0.0,0.0,1.0,1.0,0.3196806278,0.2860593499,0.05108755827,0.04547357559
2576,1.0,0.0,0.0,0.0,1.0,1.0,0.3190457959,0.2832924409,0.05063873529,0.04504328966
2577,1.0,0.0,0.0,0.0,1.0,1.0,0.3184060888,0.2789961113,0.05080753565,0.04459774494
2578,1.0,0.0,0.0,0.0,1.0,1.0,0.320808531,0.2815331322,0.05127298832,0.04507517815
2579,1.0,0.0,0.0,0.0,1.0,1.0,0.3243803565,0.2945722823,0.05197381973,0.04719781876
2580,1.0,0.0,0.0,0.0,1.0,1.0,0.3173665623,0.2850520535,0.05072951317,0.04540431499
2581,1.0,0.0,0.0,0.0,1.0,1.0,0.3249934478,0.2938500011,0.05171877146,0.04643565416
2582,1.0,0.0,0.0,0.0,1.0,1.0,0.3279416835,0.2952895278,0.05306124687,0.04744631052
2583,1.0,0.0,0.0,0.0,1.0,1.0,0.3354770674,0.3015860126,0.05386948586,0.04825806618
2584,1.0,0.0,0.0,0.0,1.0,1.0,0.3239090625,0.2897688926,0.05223977566,0.04665267467
2585,1.0,0.0,0.0,0.0,1.0,1.0,0.331412296,0.2967092304,0.0527895093,0.04726177454
2586,1.0,0.0,0.0,0.0,1.0,1.0,0.3285363582,0.2977431292,0.05277013779,0.04749310017
2587,1.0,0.0,0.0,0.0,1.0,1.0,0.3249503942,0.2984199523,0.05179309845,0.04731369019
2588,1.0,0.0,0.0,0.0,1.0,1.0,0.3238122702,0.2956093218,0.05203837156,0.04725641012
2589,1.0,0.0,0.0,0.0,1.0,1.0,0.3290416891,0.299477861,0.0524750948,0.04742395878
2590,1.0,0.0,0.0,0.0,1.0,1.0,0.3273129686,0.2980792706,0.05267238617,0.04788398743
2591,1.0,0.0,0.0,0.0,1.0,1.0,0.3278869809,0.2991286418,0.05277192593,0.04797446728
2592,1.0,0.0,0.0,0.0,1.0,1.0,0.3273126799,0.2956096917,0.05261337757,0.0472676754
2593,1.0,0.0,0.0,0.0,1.0,1.0,0.3225147845,0.2906175944,0.05132371187,0.04624772072
2594,1.0,0.0,0.0,0.0,1.0,1.0,0.3284383725,0.301250015,0.05250257254,0.04798620939
2595,1.0,0.0,0.0,0.0,1.0,1.0,0.3313936784,0.3008882246,0.05355536938,0.04845488071
2596,1.0,0.0,0.0,0.0,1.0,1.0,0.3213751525,0.2926936248,0.05151200294,0.04641741514
2597,1.0,0.0,0.0,0.0,1.0,1.0,0.3284384552,0.2948883005,0.05223184824,0.04689633846
2598,1.0,0.0,0.0,0.0,1.0,1.0,0.3231936858,0.2931225273,0.05146956444,0.04643452168
2599,1.0,0.0,0.0,0.0,1.0,1.0,0.3225712277,0.2913569787,0.05146807432,0.04640567303
2600,1.0,0.0,0.0,0.0,1.0,1.0,0.3260589584,0.2923898497,0.05318087339,0.04768937826
2601,1.0,0.0,0.0,0.0,1.0,1.0,0.3207428497,0.2853018505,0.05011463165,0.04457712173
2602,1.0,0.0,0.0,0.0,1.0,1.0,0.3148684634,0.2837699895,0.05017727613,0.04482126236
2603,1.0,0.0,0.0,0.0,1.0,1.0,0.3243337334,0.2913569162,0.0518091917,0.04645937681
2604,1.0,0.0,0.0,0.0,1.0,1.0,0.3148681825,0.2827602522,0.04968911409,0.04438525438
2605,1.0,0.0,0.0,0.0,1.0,1.0,0.327312759,0.2893120244,0.05234998465,0.04619115591
2606,1.0,0.0,0.0,0.0,1.0,1.0,0.3296404731,0.2928188432,0.05298662186,0.04706788063
2607,1.0,0.0,0.0,0.0,1.0,1.0,0.3220030763,0.2860591365,0.05161547661,0.04569238424
2608,1.0,0.0,0.0,0.0,1.0,1.0,0.3278871079,0.2928192562,0.05245769024,0.04684728384
2609,1.0,0.0,0.0,0.0,1.0,1.0,0.3196092942,0.2825280523,0.05086088181,0.04495996237
2610,1.0,0.0,0.0,0.0,1.0,1.0,0.3069712149,0.2677074637,0.04838991165,0.04220050573
2611,1.0,0.0,0.0,0.0,1.0,1.0,0.2450736163,0.1230373059,0.03626763821,0.01841717958
2612,1.0,0.0,0.0,0.0,1.0,1.0,0.2338316836,0.1137425433,0.03490561247,0.0171713233
2613,1.0,0.0,0.0,0.0,1.0,1.0,0.2256201519,0.1077466449,0.03404968977,0.01632136106
2614,1.0,0.0,0.0,0.0,1.0,1.0,0.2666385257,0.1977314179,0.04141569138,0.03099137545
2615,1.0,0.0,0.0,0.0,1.0,1.0,0.293529715,0.2427214172,0.04578894377,0.03820425272
2616,1.0,0.0,0.0,0.0,1.0,1.0,0.3050359331,0.2569993673,0.04799258709,0.04065257311
2617,1.0,0.0,0.0,0.0,1.0,1.0,0.3050361976,0.261502903,0.04806375504,0.04127830267
2618,1.0,0.0,0.0,0.0,1.0,1.0,0.3032420283,0.2579205478,0.04757344723,0.04053592682
2619,1.0,0.0,0.0,0.0,1.0,1.0,0.3121000769,0.2694923926,0.04931294918,0.0430419445
2620,1.0,0.0,0.0,0.0,1.0,1.0,0.3115378211,0.2704582626,0.04851168394,0.0423425436
2621,1.0,0.0,0.0,0.0,1.0,1.0,0.3086247127,0.2650848377,0.04835438728,0.0416072607
2622,1.0,0.0,0.0,0.0,1.0,1.0,0.3110965414,0.2667549512,0.04889965057,0.04215484858
2623,1.0,0.0,0.0,0.0,1.0,1.0,0.3171133871,0.276631268,0.04978781939,0.04335457087
2624,1.0,0.0,0.0,0.0,1.0,1.0,0.3184839587,0.283292651,0.0502858758,0.04472947121
2625,1.0,0.0,0.0,0.0,1.0,1.0,0.3113307798,0.2693531199,0.04905247688,0.04236346483
2626,1.0,0.0,0.0,0.0,1.0,1.0,0.3184065401,0.2835295949,0.0500664115,0.04450345039
2627,1.0,0.0,0.0,0.0,1.0,1.0,0.3225713108,0.2868114796,0.05076384544,0.04521584511
2628,1.0,0.0,0.0,0.0,1.0,1.0,0.3129922521,0.2764413025,0.04943728447,0.04381942749
2629,1.0,0.0,0.0,0.0,1.0,1.0,0.3158950522,0.2720902942,0.05004298687,0.0432575345
2630,1.0,0.0,0.0,0.0,1.0,1.0,0.317027171,0.2794141864,0.04957050085,0.04368931055
2631,1.0,0.0,0.0,0.0,1.0,1.0,0.3147707099,0.2819856338,0.04978054762,0.04443693161
2632,1.0,0.0,0.0,0.0,1.0,1.0,0.3115378545,0.2752086022,0.04862344265,0.04272115231
2633,1.0,0.0,0.0,0.0,1.0,1.0,0.3147708664,0.2827604352,0.04998743534,0.04490399361
2634,1.0,0.0,0.0,0.0,1.0,1.0,0.3177624334,0.2845384993,0.05079507828,0.04540336132
2635,1.0,0.0,0.0,0.0,1.0,1.0,0.314110321,0.2812048738,0.04915857315,0.0438516736
2636,1.0,0.0,0.0,0.0,1.0,1.0,0.3213753125,0.2906177716,0.05116897821,0.04610830545
2637,1.0,0.0,0.0,0.0,1.0,1.0,0.3184062763,0.2845389742,0.05113887787,0.04545682669
2638,1.0,0.0,0.0,0.0,1.0,1.0,0.3230879299,0.2923902255,0.05120950937,0.04642623663
2639,1.0,0.0,0.0,0.0,1.0,1.0,0.3267069647,0.2956099124,0.05236047506,0.047293365
2640,1.0,0.0,0.0,0.0,1.0,1.0,0.3284386107,0.3001855893,0.05312108994,0.04855149984
2641,1.0,0.0,0.0,0.0,1.0,1.0,0.3302350161,0.3008882044,0.05340260267,0.04831665754
2642,1.0,0.0,0.0,0.0,1.0,1.0,0.320808451,0.2938498413,0.05157417059,0.04732352495
2643,1.0,0.0,0.0,0.0,1.0,1.0,0.2967933236,0.2643449622,0.0467351079,0.04110431671
2644,1.0,0.0,0.0,0.0,1.0,1.0,0.2321540768,0.1298486673,0.03452217579,0.01930898428
2645,1.0,0.0,0.0,0.0,1.0,1.0,0.2356249878,0.1258985995,0.03395235538,0.01839083433
2646,1.0,0.0,0.0,0.0,1.0,1.0,0.2214672057,0.1141684699,0.03306651115,0.01723980904
2647,1.0,0.0,0.0,0.0,1.0,1.0,0.2557984053,0.1780822179,0.03974914551,0.02782440186
2648,1.0,0.0,0.0,0.0,1.0,1.0,0.2847872038,0.2345261985,0.0450014472,0.0367936492
2649,1.0,0.0,0.0,0.0,1.0,1.0,0.2906816072,0.244467495,0.04578262568,0.03843474388
2650,1.0,0.0,0.0,0.0,1.0,1.0,0.3003686604,0.2570506795,0.04707241058,0.04006761312
2651,1.0,0.0,0.0,0.0,1.0,1.0,0.3026985284,0.2624433466,0.04791790247,0.04139649868
2652,1.0,0.0,0.0,0.0,1.0,1.0,0.3050360066,0.2678357449,0.04801762104,0.04208600521
2653,1.0,0.0,0.0,0.0,1.0,1.0,0.3128842419,0.275831714,0.04870760441,0.04286271334
2654,1.0,0.0,0.0,0.0,1.0,1.0,0.3087562633,0.2758317903,0.04894536734,0.04356986284
2655,1.0,0.0,0.0,0.0,1.0,1.0,0.3164601849,0.2804187118,0.05042624474,0.04444342852
2656,1.0,0.0,0.0,0.0,1.0,1.0,0.3213123721,0.2865781214,0.05175274611,0.0457482934
2657,1.0,0.0,0.0,0.0,1.0,1.0,0.3128841684,0.2750265758,0.04984557629,0.04357933998
2658,1.0,0.0,0.0,0.0,1.0,1.0,0.316460192,0.2829964593,0.05013412237,0.0447525382
2659,1.0,0.0,0.0,0.0,1.0,1.0,0.3188948713,0.2847869836,0.0507927537,0.04511755705
2660,1.0,0.0,0.0,0.0,1.0,1.0,0.325481927,0.2916521781,0.05149036646,0.04589360952
2661,1.0,0.0,0.0,0.0,1.0,1.0,0.3171133,0.2858114592,0.05057936907,0.04518043995
2662,1.0,0.0,0.0,0.0,1.0,1.0,0.3165491879,0.2837701902,0.0502589941,0.04489427805
2663,1.0,0.0,0.0,0.0,1.0,1.0,0.3218239031,0.2901604018,0.05087423325,0.045786798
2664,1.0,0.0,0.0,0.0,1.0,1.0,0.3230337701,0.2883693706,0.05123609304,0.04557466507
2665,1.0,0.0,0.0,0.0,1.0,1.0,0.3278024951,0.2973248021,0.05159533024,0.04654794931
2666,1.0,0.0,0.0,0.0,1.0,1.0,0.3265680328,0.287609262,0.05104017258,0.0448704958
2667,1.0,0.0,0.0,0.0,1.0,1.0,0.3277450571,0.2922554341,0.05169171095,0.04601126909
2668,1.0,0.0,0.0,0.0,1.0,1.0,0.3271878056,0.2926937803,0.05127155781,0.04594826698
2669,1.0,0.0,0.0,0.0,1.0,1.0,0.3295650157,0.2937428162,0.05222779512,0.04655086994
2670,1.0,0.0,0.0,0.0,1.0,1.0,0.3194644667,0.2847874021,0.05039745569,0.04476648569
2671,1.0,0.0,0.0,0.0,1.0,1.0,0.3319509654,0.2947995287,0.05253225565,0.04656916857
2672,1.0,0.0,0.0,0.0,1.0,1.0,0.3170274238,0.2829960149,0.04956483841,0.0442442894
2673,1.0,0.0,0.0,0.0,1.0,1.0,0.2254954335,0.1249304028,0.03361934423,0.01880407333
2674,1.0,0.0,0.0,0.0,1.0,1.0,0.2454075259,0.120555232,0.03567874432,0.01783937216
2675,1.0,0.0,0.0,0.0,1.0,1.0,0.2387874557,0.1187079776,0.03504097462,0.01752054691
2676,1.0,0.0,0.0,0.0,1.0,1.0,0.2339516481,0.1184524655,0.03560942411,0.01823204756
2677,1.0,0.0,0.0,0.0,1.0,1.0,0.2503139426,0.1908025109,0.0386787653,0.02942949533
2678,1.0,0.0,0.0,0.0,1.0,1.0,0.2775221484,0.2289628769,0.04298138618,0.03539639711
2679,1.0,0.0,0.0,0.0,1.0,1.0,0.3079362175,0.2688032374,0.04820108414,0.04199981689
2680,1.0,0.0,0.0,0.0,1.0,1.0,0.3105411053,0.2768239665,0.04951995611,0.04382801056
2681,1.0,0.0,0.0,0.0,1.0,1.0,0.3153321713,0.2812048524,0.04996389151,0.04431819916
2682,1.0,0.0,0.0,0.0,1.0,1.0,0.318327574,0.2891241634,0.05040889978,0.04562145472
2683,1.0,0.0,0.0,0.0,1.0,1.0,0.312774994,0.2688031036,0.04900950193,0.04196792841
2684,1.0,0.0,0.0,0.0,1.0,1.0,0.3108569894,0.2762093667,0.0488396883,0.04316067696
2685,1.0,0.0,0.0,0.0,1.0,1.0,0.3157082691,0.277019246,0.04929786921,0.04310041666
2686,1.0,0.0,0.0,0.0,1.0,1.0,0.3156132386,0.2782326712,0.04929882288,0.04306560755
2687,1.0,0.0,0.0,0.0,1.0,1.0,0.3199652095,0.2834781102,0.05005961657,0.04387247562
2688,1.0,0.0,0.0,0.0,1.0,1.0,0.320541681,0.2829964056,0.04978609085,0.04419219494
2689,1.0,0.0,0.0,0.0,1.0,1.0,0.3116539169,0.2724109631,0.04890203476,0.04243797064
2690,1.0,0.0,0.0,0.0,1.0,1.0,0.3110965476,0.2714311087,0.0482840538,0.04190164804
2691,1.0,0.0,0.0,0.0,1.0,1.0,0.3057329658,0.2696334867,0.04771149158,0.04185211658
2692,1.0,0.0,0.0,0.0,1.0,1.0,0.2512361637,0.1857698904,0.03866928816,0.02822571993
2693,1.0,0.0,0.0,0.0,1.0,1.0,0.2343652881,0.1220248879,0.03512197733,0.01828664541
2694,1.0,0.0,0.0,0.0,1.0,1.0,0.2333326711,0.1119066835,0.03359997272,0.01624000072
2695,1.0,0.0,0.0,0.0,1.0,1.0,0.2304950644,0.1267950195,0.03430825472,0.01912266016
2696,1.0,0.0,0.0,0.0,1.0,1.0,0.258282922,0.1890331331,0.03928649426,0.02875316143
2697,1.0,0.0,0.0,0.0,1.0,1.0,0.2692221684,0.215746381,0.04117161036,0.03299367428
2698,1.0,0.0,0.0,0.0,1.0,1.0,0.2947072096,0.2470947213,0.04550153017,0.03787088394
2699,1.0,0.0,0.0,0.0,1.0,1.0,0.2881941616,0.2377856741,0.04370689392,0.0358620882
2700,1.0,0.0,0.0,0.0,1.0,1.0,0.2879127653,0.2489315656,0.0445818305,0.03805071115
2701,1.0,0.0,0.0,0.0,1.0,1.0,0.2907466856,0.246158944,0.04581046104,0.03807997704
2702,1.0,0.0,0.0,0.0,1.0,1.0,0.2850396849,0.2397927987,0.04460048676,0.03697884083
2703,1.0,0.0,0.0,0.0,1.0,1.0,0.2790414544,0.2259768048,0.043661654,0.03510051966
2704,1.0,0.0,0.0,0.0,1.0,1.0,0.2780262063,0.2313522122,0.0450450182,0.03680151701
2705,1.0,0.0,0.0,0.0,1.0,1.0,0.274571847,0.2210661105,0.04487890005,0.03560394049
2706,1.0,0.0,0.0,0.0,1.0,1.0,0.261846374,0.2024891056,0.04185038805,0.03212457895
2707,1.0,0.0,0.0,0.0,1.0,1.0,0.213188225,0.1283330744,0.03204095364,0.01940095425
2708,1.0,0.0,0.0,0.0,1.0,1.0,0.2518594001,0.1592735334,0.03712427616,0.0235709548
2709,1.0,0.0,0.0,0.0,1.0,1.0,0.2513686061,0.1513099526,0.03502702713,0.02129644156
2710,1.0,0.0,0.0,0.0,1.0,1.0,0.2234045576,0.1317093948,0.03139334917,0.01872587204
2711,1.0,0.0,0.0,0.0,1.0,1.0,0.2374154329,0.1583088741,0.03462898731,0.02317911386
2712,1.0,0.0,0.0,0.0,1.0,1.0,0.2470104522,0.1748070354,0.03656429052,0.02587622404
2713,1.0,0.0,0.0,0.0,1.0,1.0,0.2564111632,0.1983911253,0.03867763281,0.02992576361
2714,1.0,0.0,0.0,0.0,1.0,1.0,0.2690085105,0.2117777636,0.0404112339,0.03199225664
2715,1.0,0.0,0.0,0.0,1.0,1.0,0.2688665519,0.2125678146,0.03985798359,0.03133660555
2716,1.0,0.0,0.0,0.0,1.0,1.0,0.2600776865,0.2006316189,0.03949463367,0.03046733141
2717,1.0,0.0,0.0,0.0,1.0,1.0,0.2642844672,0.2099198053,0.03891086578,0.03096425533
2718,1.0,0.0,0.0,0.0,1.0,1.0,0.2693663633,0.2181618116,0.0397772789,0.03209614754
2719,1.0,0.0,0.0,0.0,1.0,1.0,0.2703713568,0.2208505357,0.03914880753,0.03185904026
2720,1.0,0.0,0.0,0.0,1.0,1.0,0.2686466724,0.2160443822,0.0402842164,0.03239637613
2721,1.0,0.0,0.0,0.0,1.0,1.0,0.2657689174,0.2208505226,0.03832560778,0.03184807301
2722,1.0,0.0,0.0,0.0,1.0,1.0,0.266768524,0.2252529591,0.03960955143,0.03319388628
2723,1.0,0.0,0.0,0.0,1.0,1.0,0.2658893775,0.2149740678,0.03984034061,0.03221130371
2724,1.0,0.0,0.0,0.0,1.0,1.0,0.208718673,0.1505180401,0.02805882692,0.02023470402
2725,1.0,0.0,0.0,0.0,1.0,1.0,0.2403466306,0.1739025678,0.03346711397,0.02426362038
2726,1.0,0.0,0.0,0.0,1.0,1.0,0.2272375894,0.1685567313,0.03134971857,0.02358162403
2727,1.0,0.0,0.0,0.0,1.0,1.0,0.2247268914,0.1536105684,0.03143239021,0.0217820406
2728,1.0,0.0,0.0,0.0,1.0,1.0,0.2407834387,0.1703595641,0.03461301327,0.02472358942
2729,1.0,0.0,0.0,0.0,1.0,1.0,0.260405213,0.2131161168,0.03872382641,0.03163349628
2730,1.0,0.0,0.0,0.0,1.0,1.0,0.2644508758,0.2198773547,0.04051876068,0.03381222486
2731,1.0,0.0,0.0,0.0,1.0,1.0,0.2585076927,0.2089740497,0.03914177418,0.03169929981
2732,1.0,0.0,0.0,0.0,1.0,1.0,0.2765180957,0.2335655687,0.04223972559,0.03561395407
2733,1.0,0.0,0.0,0.0,1.0,1.0,0.2770195603,0.2335650053,0.04281526804,0.03609907627
2734,1.0,0.0,0.0,0.0,1.0,1.0,0.2735698762,0.2243272143,0.04185962677,0.03432488441
2735,1.0,0.0,0.0,0.0,1.0,1.0,0.2735699823,0.2269797258,0.04136359692,0.03419393301
2736,1.0,0.0,0.0,0.0,1.0,1.0,0.2699222985,0.219080704,0.03974246979,0.0324921608
2737,1.0,0.0,0.0,0.0,1.0,1.0,0.2738944124,0.2325975382,0.04154068232,0.03521329165
2738,1.0,0.0,0.0,0.0,1.0,1.0,0.2648250019,0.2180601118,0.0402457118,0.0330786705
2739,1.0,0.0,0.0,0.0,1.0,1.0,0.2679661204,0.2208910594,0.04053109884,0.03341078758
2740,1.0,0.0,0.0,0.0,1.0,1.0,0.270266675,0.2227017958,0.04074978828,0.03363907337
2741,1.0,0.0,0.0,0.0,1.0,1.0,0.2720806093,0.2353756609,0.04201596975,0.0364137888
2742,1.0,0.0,0.0,0.0,1.0,1.0,0.2803536425,0.2435004225,0.04224675894,0.03676015139
2743,1.0,0.0,0.0,0.0,1.0,1.0,0.2765184911,0.2353758207,0.04222559929,0.03587794304
2744,1.0,0.0,0.0,0.0,1.0,1.0,0.2868437661,0.2453503807,0.04503005743,0.03851622343
2745,1.0,0.0,0.0,0.0,1.0,1.0,0.273398033,0.2335651059,0.04078882933,0.03484606743
2746,1.0,0.0,0.0,0.0,1.0,1.0,0.2719202402,0.236330137,0.04137527943,0.03589510918
2747,1.0,0.0,0.0,0.0,1.0,1.0,0.2335144176,0.194647954,0.03428697586,0.02852678299
2748,1.0,0.0,0.0,0.0,1.0,1.0,0.2337402537,0.1858958575,0.03210580349,0.02573996782
2749,1.0,0.0,0.0,0.0,1.0,1.0,0.2368155907,0.1978895807,0.03424614668,0.02873194218
2750,1.0,0.0,0.0,0.0,1.0,1.0,0.2018102085,0.1397686433,0.02859407663,0.01987969875
2751,1.0,0.0,0.0,0.0,1.0,1.0,0.2250651881,0.1571094872,0.03240132332,0.0227907896
2752,1.0,0.0,0.0,0.0,1.0,1.0,0.2358235822,0.1897436022,0.03496360779,0.02802634239
2753,1.0,0.0,0.0,0.0,1.0,1.0,0.2590468286,0.2131162469,0.03832149506,0.03152686357
2754,1.0,0.0,0.0,0.0,1.0,1.0,0.2580978247,0.2105050034,0.03840875626,0.03132623434
2755,1.0,0.0,0.0,0.0,1.0,1.0,0.2685888202,0.2288097154,0.03935557604,0.03346556425
2756,1.0,0.0,0.0,0.0,1.0,1.0,0.2799155554,0.2507623923,0.04279506207,0.03813147545
2757,1.0,0.0,0.0,0.0,1.0,1.0,0.2593148551,0.2253288369,0.03971469402,0.03419876099
2758,1.0,0.0,0.0,0.0,1.0,1.0,0.2632940238,0.2335652007,0.03961229324,0.03476178646
2759,1.0,0.0,0.0,0.0,1.0,1.0,0.2717622539,0.2399383307,0.03974455595,0.03477650881
2760,1.0,0.0,0.0,0.0,1.0,1.0,0.2655610143,0.2353756996,0.04049175978,0.03556704521
2761,1.0,0.0,0.0,0.0,1.0,1.0,0.2571029279,0.2269795455,0.03913587332,0.03417497873
2762,1.0,0.0,0.0,0.0,1.0,1.0,0.2597828936,0.2325975719,0.03931432962,0.03494608402
2763,1.0,0.0,0.0,0.0,1.0,1.0,0.2615871324,0.2271460577,0.03938233852,0.03395026922
2764,1.0,0.0,0.0,0.0,1.0,1.0,0.2489451485,0.2167905656,0.03677564859,0.0319082737
2765,1.0,0.0,0.0,0.0,1.0,1.0,0.2145918545,0.2055302296,0.0299192667,0.02825707197
2766,1.0,0.0,0.0,0.0,1.0,1.0,0.2177003462,0.1903699559,0.03069573641,0.02678900957
2767,1.0,0.0,0.0,0.0,1.0,1.0,0.1858059982,0.1491414231,0.02672863007,0.02166426182
2768,1.0,0.0,0.0,0.0,1.0,1.0,0.2214675281,0.1728355072,0.03227609396,0.02537941933
2769,1.0,0.0,0.0,0.0,1.0,1.0,0.2420666698,0.2006181321,0.03581917286,0.02984935045
2770,1.0,0.0,0.0,0.0,1.0,1.0,0.2484798166,0.2083706169,0.03672963381,0.03074407578
2771,1.0,0.0,0.0,0.0,1.0,1.0,0.2608031613,0.2269795553,0.03917086124,0.03396636248
2772,1.0,0.0,0.0,0.0,1.0,1.0,0.2657898325,0.2297988501,0.03965240717,0.03422057629
2773,1.0,0.0,0.0,0.0,1.0,1.0,0.2757082358,0.2425654843,0.04088515043,0.03577452898
2774,1.0,0.0,0.0,0.0,1.0,1.0,0.2762095067,0.2416833667,0.04111719131,0.0359775424
2775,1.0,0.0,0.0,0.0,1.0,1.0,0.2663952548,0.2324711636,0.03896296024,0.03412622213
2776,1.0,0.0,0.0,0.0,1.0,1.0,0.2702662434,0.2371864458,0.03994995356,0.03512382507
2777,1.0,0.0,0.0,0.0,1.0,1.0,0.2676099202,0.233446423,0.04048800468,0.03525489569
2778,1.0,0.0,0.0,0.0,1.0,1.0,0.2167694287,0.1691069245,0.03149688244,0.02480727434
2779,1.0,0.0,0.0,0.0,1.0,1.0,0.2227555249,0.1947730701,0.03099036217,0.02715080976
2780,1.0,0.0,0.0,0.0,1.0,1.0,0.2277705687,0.1963188696,0.03336155415,0.02847236395
2781,1.0,0.0,0.0,0.0,1.0,1.0,0.2002736188,0.1704029237,0.02918881178,0.02497887611
2782,1.0,0.0,0.0,0.0,1.0,1.0,0.2059919341,0.1621738247,0.02897530794,0.02307295799
2783,1.0,0.0,0.0,0.0,1.0,1.0,0.2320799713,0.1857698936,0.0339255929,0.02735936642
2784,1.0,0.0,0.0,0.0,1.0,1.0,0.2521446884,0.2064064566,0.03724902868,0.03077089787
2785,1.0,0.0,0.0,0.0,1.0,1.0,0.2576831871,0.2204650355,0.03886163235,0.03330993652
2786,1.0,0.0,0.0,0.0,1.0,1.0,0.2632045329,0.2269794469,0.03882992268,0.03367072344
2787,1.0,0.0,0.0,0.0,1.0,1.0,0.2622389108,0.2233182985,0.03949582577,0.03369569778
2788,1.0,0.0,0.0,0.0,1.0,1.0,0.2623303241,0.2196576525,0.03857803345,0.03260117769
2789,1.0,0.0,0.0,0.0,1.0,1.0,0.2600024045,0.214953318,0.03989589214,0.03310507536
2790,1.0,0.0,0.0,0.0,1.0,1.0,0.2590463931,0.2196577805,0.03787833452,0.03223693371
2791,1.0,0.0,0.0,0.0,1.0,1.0,0.259523567,0.2188559926,0.03841674328,0.03269511461
2792,1.0,0.0,0.0,0.0,1.0,1.0,0.249860255,0.2097367585,0.0364074707,0.03078573942
2793,1.0,0.0,0.0,0.0,1.0,1.0,0.2058852178,0.1871465446,0.02881890535,0.02630072832
2794,1.0,0.0,0.0,0.0,1.0,1.0,0.2159891945,0.1963884114,0.03156340122,0.02898097038
2795,1.0,0.0,0.0,0.0,1.0,1.0,0.2038077368,0.1886105413,0.02972865105,0.02772766352
2796,1.0,0.0,0.0,0.0,1.0,1.0,0.1843076541,0.1672066507,0.02626109123,0.02382445335
2797,1.0,0.0,0.0,0.0,1.0,1.0,0.2039677876,0.183912274,0.03013199568,0.02711880207
2798,1.0,0.0,0.0,0.0,1.0,1.0,0.2116680144,0.1976509604,0.0306699276,0.02826970816
2799,1.0,0.0,0.0,0.0,1.0,1.0,0.2145492,0.2092691668,0.0323984623,0.03131848574
2800,1.0,0.0,0.0,0.0,1.0,1.0,0.2165752028,0.2157068005,0.03289008141,0.03235089779
2801,1.0,0.0,0.0,0.0,1.0,1.0,0.2145491834,0.2180600397,0.03289800882,0.03289800882
2802,1.0,0.0,0.0,0.0,1.0,1.0,0.2268237399,0.2246944598,0.034737885,0.03392368555
2803,1.0,0.0,0.0,0.0,1.0,1.0,0.220125503,0.2237019408,0.03343558311,0.03343564272
2804,1.0,0.0,0.0,0.0,1.0,1.0,0.2236760698,0.2245126254,0.03470426798,0.03415346146
2805,1.0,0.0,0.0,0.0,1.0,1.0,0.1559820929,0.2124801024,0.02244842052,0.02993130684
2806,1.0,0.0,0.0,0.0,1.0,1.0,0.194547891,0.2257424883,0.02864444256,0.03285682201
2807,1.0,0.0,0.0,0.0,1.0,1.0,0.1940663228,0.20143808,0.0275439024,0.02864569426
2808,1.0,0.0,0.0,0.0,1.0,1.0,0.1825900581,0.1779310752,0.0268688798,0.02658611536
2809,1.0,0.0,0.0,0.0,1.0,1.0,0.204165993,0.1672142605,0.02922302485,0.02421337366
2810,1.0,0.0,0.0,0.0,1.0,1.0,0.2280728659,0.1922000243,0.03465998173,0.02958774567
2811,1.0,0.0,0.0,0.0,1.0,1.0,0.2329525229,0.1862428379,0.03369104862,0.02744191885
2812,1.0,0.0,0.0,0.0,1.0,1.0,0.2420093857,0.2031830392,0.03719311953,0.03151470423
2813,1.0,0.0,0.0,0.0,1.0,1.0,0.2359274491,0.1962541663,0.03407239914,0.02897500992
2814,1.0,0.0,0.0,0.0,1.0,1.0,0.2479955641,0.2006181332,0.03636175394,0.03007370234
2815,1.0,0.0,0.0,0.0,1.0,1.0,0.2526470721,0.2089744935,0.03636205196,0.03074735403
2816,1.0,0.0,0.0,0.0,1.0,1.0,0.2357175588,0.1869326706,0.03429466486,0.02771008015
2817,1.0,0.0,0.0,0.0,1.0,1.0,0.2190010396,0.2061107669,0.0304942131,0.0293853879
2818,1.0,0.0,0.0,0.0,1.0,1.0,0.2288349264,0.2064480449,0.03357541561,0.03070569038
2819,1.0,0.0,0.0,0.0,1.0,1.0,0.2138884277,0.1883566129,0.0305005312,0.02717322111
2820,1.0,0.0,0.0,0.0,1.0,1.0,0.1885739014,0.159762109,0.02773922682,0.02385574579
2821,1.0,0.0,0.0,0.0,1.0,1.0,0.2125680212,0.1807107621,0.03097778559,0.02662998438
2822,1.0,0.0,0.0,0.0,1.0,1.0,0.2202159394,0.1906345392,0.03203374147,0.02820068598
2823,1.0,0.0,0.0,0.0,1.0,1.0,0.2252001424,0.2020932033,0.0330837965,0.03007620573
2824,1.0,0.0,0.0,0.0,1.0,1.0,0.2262186647,0.2028385843,0.03375852108,0.03043800592
2825,1.0,0.0,0.0,0.0,1.0,1.0,0.2270614091,0.2017392821,0.03334498405,0.02979183197
2826,1.0,0.0,0.0,0.0,1.0,1.0,0.2227118919,0.2020931565,0.03392142057,0.03083765507
2827,1.0,0.0,0.0,0.0,1.0,1.0,0.225976964,0.2057675174,0.03368347883,0.03067111969
2828,1.0,0.0,0.0,0.0,1.0,1.0,0.2273959006,0.2050139469,0.03424710035,0.03093290329
2829,1.0,0.0,0.0,0.0,1.0,1.0,0.2286545368,0.2076045811,0.03425037861,0.03121203184
2830,1.0,0.0,0.0,0.0,1.0,1.0,0.232175284,0.2216944626,0.03405380249,0.0324575305
2831,1.0,0.0,0.0,0.0,1.0,1.0,0.2216875516,0.2076046009,0.03328090906,0.03133952618
2832,1.0,0.0,0.0,0.0,1.0,1.0,0.2273961467,0.2159962686,0.03382068872,0.03218412399
2833,1.0,0.0,0.0,0.0,1.0,1.0,0.1910131251,0.2180252048,0.02739077806,0.03126424551
2834,1.0,0.0,0.0,0.0,1.0,1.0,0.2080548333,0.2246805977,0.02991628647,0.03243261576
2835,1.0,0.0,0.0,0.0,1.0,1.0,0.1723840601,0.2037323316,0.02512842417,0.029928267
2836,1.0,0.0,0.0,0.0,1.0,1.0,0.1577068813,0.1824079444,0.02325749397,0.02690023184
2837,1.0,0.0,0.0,0.0,1.0,1.0,0.1850815316,0.202838546,0.02806466818,0.03087115288
2838,1.0,0.0,0.0,0.0,1.0,1.0,0.1969437521,0.2083706776,0.02916938066,0.03080499172
2839,1.0,0.0,0.0,0.0,1.0,1.0,0.200252311,0.2060894832,0.02998763323,0.03080552816
2840,1.0,0.0,0.0,0.0,1.0,1.0,0.2097369889,0.2105053148,0.03153914213,0.03153914213
2841,1.0,0.0,0.0,0.0,1.0,1.0,0.213384553,0.2186282416,0.03185409307,0.03239864111
2842,1.0,0.0,0.0,0.0,1.0,1.0,0.214816562,0.2233183477,0.0319879055,0.0330721736
2843,1.0,0.0,0.0,0.0,1.0,1.0,0.2133844218,0.2198773809,0.0319159627,0.03300714493
2844,1.0,0.0,0.0,0.0,1.0,1.0,0.2086744549,0.2178271722,0.03084379435,0.03219664097
2845,1.0,0.0,0.0,0.0,1.0,1.0,0.2133842924,0.2188558839,0.03129482269,0.03209728003
2846,1.0,0.0,0.0,0.0,1.0,1.0,0.2141658344,0.215208103,0.03165233135,0.03192287683
2847,1.0,0.0,0.0,0.0,1.0,1.0,0.2204651469,0.2278141695,0.032584548,0.03367072344
2848,1.0,0.0,0.0,0.0,1.0,1.0,0.2013663354,0.2141662832,0.03005301952,0.03143161535
2849,1.0,0.0,0.0,0.0,1.0,1.0,0.1430573897,0.2231956336,0.02033132315,0.03147178888
2850,1.0,0.0,0.0,0.0,1.0,1.0,0.1573922753,0.2350466169,0.02234441042,0.03323733807
2851,1.0,0.0,0.0,0.0,1.0,1.0,0.1375904197,0.2041658696,0.01941198111,0.02830910683
2852,1.0,0.0,0.0,0.0,1.0,1.0,0.1467582779,0.1953795614,0.02141594887,0.02819311619
2853,1.0,0.0,0.0,0.0,1.0,1.0,0.1736553544,0.2066516454,0.02527743578,0.02957999706
2854,1.0,0.0,0.0,0.0,1.0,1.0,0.2106933717,0.2223023681,0.03092432022,0.03198152781
2855,1.0,0.0,0.0,0.0,1.0,1.0,0.1991638991,0.2241392269,0.02948957682,0.03270661831
2856,1.0,0.0,0.0,0.0,1.0,1.0,0.2070275931,0.2159965181,0.03111416101,0.03165054321
2857,1.0,0.0,0.0,0.0,1.0,1.0,0.2091853315,0.2289632854,0.03162431717,0.03405702114
2858,1.0,0.0,0.0,0.0,1.0,1.0,0.1919217227,0.2157467171,0.02843296528,0.03138357401
2859,1.0,0.0,0.0,0.0,1.0,1.0,0.1504107173,0.2276952068,0.02147775888,0.03193408251
2860,1.0,0.0,0.0,0.0,1.0,1.0,0.144986532,0.2341212967,0.02052032948,0.0325589776
2861,1.0,0.0,0.0,0.0,1.0,1.0,0.1438591045,0.2002774984,0.02070182562,0.02805644274
2862,1.0,0.0,0.0,0.0,1.0,1.0,0.1454409338,0.1983625067,0.02106326818,0.02808439732
2863,1.0,0.0,0.0,0.0,1.0,1.0,0.1599108701,0.206651722,0.0235478878,0.02943485975
2864,1.0,0.0,0.0,0.0,1.0,1.0,0.2076995446,0.2278136484,0.03113412857,0.03299677372
2865,1.0,0.0,0.0,0.0,1.0,1.0,0.2142917998,0.2327218641,0.03260761499,0.03447848558
2866,1.0,0.0,0.0,0.0,1.0,1.0,0.2195610551,0.2371862236,0.03352952003,0.03513890505
2867,1.0,0.0,0.0,0.0,1.0,1.0,0.2250515948,0.2416235015,0.03394651413,0.03528302908
2868,1.0,0.0,0.0,0.0,1.0,1.0,0.2201258471,0.2389174877,0.03488409519,0.03685331345
2869,1.0,0.0,0.0,0.0,1.0,1.0,0.2244735612,0.2425653697,0.03486615419,0.03680318594
2870,1.0,0.0,0.0,0.0,1.0,1.0,0.2201259423,0.2370936283,0.03329765797,0.03490877151
2871,1.0,0.0,0.0,0.0,1.0,1.0,0.2298366596,0.2453824636,0.03682011366,0.03821480274
2872,1.0,0.0,0.0,0.0,1.0,1.0,0.2368920417,0.2480881817,0.03753226995,0.0383540988
2873,1.0,0.0,0.0,0.0,1.0,1.0,0.2325087088,0.239228057,0.03682225943,0.03709709644
2874,1.0,0.0,0.0,0.0,1.0,1.0,0.2472845033,0.2489958527,0.03951066732,0.03951066732
2875,1.0,0.0,0.0,0.0,1.0,1.0,0.238698125,0.2454767781,0.03899675608,0.03927731514
2876,1.0,0.0,0.0,0.0,1.0,1.0,0.2455966226,0.2472665124,0.03864270449,0.03837430477
2877,1.0,0.0,0.0,0.0,1.0,1.0,0.2575353878,0.255912264,0.04105180502,0.04023617506
2878,1.0,0.0,0.0,0.0,1.0,1.0,0.2519888712,0.2515955169,0.0403213501,0.0395039916
2879,1.0,0.0,0.0,0.0,1.0,1.0,0.2554320496,0.2576958108,0.04044139385,0.0401699543
2880,1.0,0.0,0.0,0.0,1.0,1.0,0.2533307759,0.255997091,0.04032588005,0.04032582045
2881,1.0,0.0,0.0,0.0,1.0,1.0,0.2601998044,0.2611781501,0.04164743423,0.04137158394
2882,1.0,0.0,0.0,0.0,1.0,1.0,0.2580314719,0.262177673,0.04197907448,0.04169923067
2883,1.0,0.0,0.0,0.0,1.0,1.0,0.2558708322,0.2620915072,0.04136580229,0.04164344072
2884,1.0,0.0,0.0,0.0,1.0,1.0,0.2619224533,0.2585968331,0.04221576452,0.04110485315
2885,1.0,0.0,0.0,0.0,1.0,1.0,0.2645580277,0.2603443674,0.0424464345,0.04133677483
2886,1.0,0.0,0.0,0.0,1.0,1.0,0.2674320304,0.2655862892,0.0430187583,0.04191577435
2887,1.0,0.0,0.0,0.0,1.0,1.0,0.2614719081,0.2611781418,0.04226440191,0.04170829058
2888,1.0,0.0,0.0,0.0,1.0,1.0,0.2608712871,0.2644571129,0.04260069132,0.04260069132
2889,1.0,0.0,0.0,0.0,1.0,1.0,0.2638123232,0.2635516395,0.04268813133,0.04214084148
2890,1.0,0.0,0.0,0.0,1.0,1.0,0.2605017551,0.261922398,0.04209113121,0.04181599617
2891,1.0,0.0,0.0,0.0,1.0,1.0,0.2690151713,0.2714744589,0.04365950823,0.04338312149
2892,1.0,0.0,0.0,0.0,1.0,1.0,0.1722556296,0.1823798961,0.02699637413,0.02812123299
2893,1.0,0.0,0.0,0.0,1.0,1.0,0.1472475536,0.213635452,0.02225917578,0.03199756145
2894,1.0,0.0,0.0,0.0,1.0,1.0,0.1342263366,0.1612003799,0.02073764801,0.02522146702
2895,1.0,0.0,0.0,0.0,1.0,1.0,0.1850147145,0.1862758552,0.02935963869,0.02993530035
2896,1.0,0.0,0.0,0.0,1.0,1.0,0.2218942247,0.2171930903,0.03403282166,0.03459537029
2897,1.0,0.0,0.0,0.0,1.0,1.0,0.2700697543,0.245477233,0.04107296467,0.03911715746
2898,1.0,0.0,0.0,0.0,1.0,1.0,0.2826886612,0.2413032605,0.04371666908,0.03976804018
2899,1.0,0.0,0.0,0.0,1.0,1.0,0.2951248907,0.2548914273,0.04500603676,0.04196888208
2900,1.0,0.0,0.0,0.0,1.0,1.0,0.2855546251,0.2523508979,0.04306781292,0.04117178917
2901,1.0,0.0,0.0,0.0,1.0,1.0,0.2847921111,0.2473866101,0.0440005064,0.0412504673
2902,1.0,0.0,0.0,0.0,1.0,1.0,0.2865717901,0.2490358004,0.04405611753,0.0413197279
2903,1.0,0.0,0.0,0.0,1.0,1.0,0.291651944,0.2564795501,0.04454863071,0.04210394621
2904,1.0,0.0,0.0,0.0,1.0,1.0,0.2878830039,0.2481948004,0.04358279705,0.04084169865
2905,1.0,0.0,0.0,0.0,1.0,1.0,0.2916904506,0.2523181288,0.0449641943,0.04248148203
2906,1.0,0.0,0.0,0.0,1.0,1.0,0.2927386968,0.2580258608,0.04423636198,0.04287940264
2907,1.0,0.0,0.0,0.0,1.0,1.0,0.3007332702,0.2563928061,0.04559743404,0.04286700487
2908,1.0,0.0,0.0,0.0,1.0,1.0,0.3018203123,0.2539298551,0.0463348031,0.04328286648
2909,1.0,0.0,0.0,0.0,1.0,1.0,0.2949173079,0.2481946129,0.04377013445,0.04025769234
2910,1.0,0.0,0.0,0.0,1.0,1.0,0.2975506403,0.2506904439,0.04521030188,0.04188191891
2911,1.0,0.0,0.0,0.0,1.0,1.0,0.3086513702,0.2556711193,0.04604202509,0.0422051549
2912,1.0,0.0,0.0,0.0,1.0,1.0,0.2968094374,0.2448964725,0.04518187046,0.04127728939
2913,1.0,0.0,0.0,0.0,1.0,1.0,0.2866116908,0.2330911982,0.04299241304,0.03855443001
2914,1.0,0.0,0.0,0.0,1.0,1.0,0.2478930003,0.1430238162,0.03692579269,0.0243241787
2915,1.0,0.0,0.0,0.0,1.0,1.0,0.2397874644,0.1504353315,0.03494036198,0.02491652966
2916,1.0,0.0,0.0,0.0,1.0,1.0,0.2161469912,0.1223805294,0.03179436922,0.02025836706
2917,1.0,0.0,0.0,0.0,1.0,1.0,0.2294109754,0.1745602452,0.03340154886,0.02792590857
2918,1.0,0.0,0.0,0.0,1.0,1.0,0.2671317785,0.2096144108,0.04004150629,0.03451853991
2919,1.0,0.0,0.0,0.0,1.0,1.0,0.2819169685,0.2324280977,0.04253798723,0.03842139244
2920,1.0,0.0,0.0,0.0,1.0,1.0,0.2852953503,0.232543454,0.04340606928,0.03898251057
2921,1.0,0.0,0.0,0.0,1.0,1.0,0.3057325948,0.2587553344,0.04716163874,0.04412788153
2922,1.0,0.0,0.0,0.0,1.0,1.0,0.3069649206,0.2595954421,0.04714012146,0.04436719418
2923,1.0,0.0,0.0,0.0,1.0,1.0,0.3163698501,0.2727235044,0.04876840115,0.04627460241
2924,1.0,0.0,0.0,0.0,1.0,1.0,0.3205415798,0.2758200104,0.04911381006,0.04690647125
2925,1.0,0.0,0.0,0.0,1.0,1.0,0.3171393737,0.2678245997,0.0480440259,0.04502415657
2926,1.0,0.0,0.0,0.0,1.0,1.0,0.318873883,0.2661910431,0.04818743467,0.04488313198
2927,1.0,0.0,0.0,0.0,1.0,1.0,0.3237500313,0.2718351211,0.04932129383,0.04627335072
2928,1.0,0.0,0.0,0.0,1.0,1.0,0.3243402262,0.2710902802,0.04908871651,0.04577934742
2929,1.0,0.0,0.0,0.0,1.0,1.0,0.3232159029,0.2767186518,0.04959660769,0.04710298777
2930,1.0,0.0,0.0,0.0,1.0,1.0,0.3259443757,0.2823100091,0.04942911863,0.04751747847
2931,1.0,0.0,0.0,0.0,1.0,1.0,0.3183745306,0.2781618587,0.0477539897,0.04666864872
2932,1.0,0.0,0.0,0.0,1.0,1.0,0.3168522293,0.272723454,0.0486626029,0.04643797874
2933,1.0,0.0,0.0,0.0,1.0,1.0,0.3180864361,0.2734627751,0.04806250334,0.04587781429
2934,1.0,0.0,0.0,0.0,1.0,1.0,0.214094527,0.1458258737,0.02971160412,0.02276962996
2935,1.0,0.0,0.0,0.0,1.0,1.0,0.2144469922,0.1266655091,0.03129428625,0.02095860243
2936,1.0,0.0,0.0,0.0,1.0,1.0,0.216042966,0.1232188493,0.03078341484,0.0199676156
2937,1.0,0.0,0.0,0.0,1.0,1.0,0.2109089325,0.1444772001,0.03072702885,0.02352970839
2938,1.0,0.0,0.0,0.0,1.0,1.0,0.2198212295,0.1705129405,0.03260594606,0.02790850401
2939,1.0,0.0,0.0,0.0,1.0,1.0,0.2397185996,0.1945222928,0.03488910198,0.03113180399
2940,1.0,0.0,0.0,0.0,1.0,1.0,0.2510055424,0.2103203621,0.03712683916,0.03387486935
2941,1.0,0.0,0.0,0.0,1.0,1.0,0.2622970224,0.2151114879,0.03869920969,0.03469580412
2942,1.0,0.0,0.0,0.0,1.0,1.0,0.2608806821,0.2179110305,0.03931707144,0.03606319427
2943,1.0,0.0,0.0,0.0,1.0,1.0,0.269776659,0.2219156739,0.04038470984,0.03659021854
2944,1.0,0.0,0.0,0.0,1.0,1.0,0.2623878568,0.2127526683,0.03866451979,0.03463697433
2945,1.0,0.0,0.0,0.0,1.0,1.0,0.2766559961,0.2250400063,0.04138630629,0.03727507591
2946,1.0,0.0,0.0,0.0,1.0,1.0,0.2679862356,0.2158261115,0.04016399384,0.03576242924
2947,1.0,0.0,0.0,0.0,1.0,1.0,0.2829635021,0.2334222973,0.04287195206,0.03902447224
2948,1.0,0.0,0.0,0.0,1.0,1.0,0.2724111074,0.2244647657,0.04148042202,0.03763455153
2949,1.0,0.0,0.0,0.0,1.0,1.0,0.2733978143,0.2268469579,0.04088163376,0.03736203909
2950,1.0,0.0,0.0,0.0,1.0,1.0,0.2769651561,0.2266945426,0.04082214832,0.03679358959
2951,1.0,0.0,0.0,0.0,1.0,1.0,0.2783259117,0.2302635033,0.04140144587,0.03790646791
2952,1.0,0.0,0.0,0.0,1.0,1.0,0.2712514306,0.2242974177,0.04103940725,0.03745877743
2953,1.0,0.0,0.0,0.0,1.0,1.0,0.2767685361,0.2284909011,0.04172062874,0.03790307045
2954,1.0,0.0,0.0,0.0,1.0,1.0,0.2733979394,0.2252033086,0.04083150625,0.03704583645
2955,1.0,0.0,0.0,0.0,1.0,1.0,0.2748921095,0.2300041465,0.0400108695,0.03683120012
2956,1.0,0.0,0.0,0.0,1.0,1.0,0.273894299,0.2292451617,0.04099214077,0.03773450851
2957,1.0,0.0,0.0,0.0,1.0,1.0,0.2591482045,0.2217304462,0.03856098652,0.0361340642
2958,1.0,0.0,0.0,0.0,1.0,1.0,0.2673664044,0.2266948164,0.04039311409,0.03764533997
2959,1.0,0.0,0.0,0.0,1.0,1.0,0.2633906434,0.2250400547,0.03892499208,0.03625893593
2960,1.0,0.0,0.0,0.0,1.0,1.0,0.2703627638,0.2325436349,0.03990739584,0.03751301765
2961,1.0,0.0,0.0,0.0,1.0,1.0,0.2646920715,0.2266946799,0.03977227211,0.03757798672
2962,1.0,0.0,0.0,0.0,1.0,1.0,0.2639692212,0.2242973608,0.03977769613,0.03730875254
2963,1.0,0.0,0.0,0.0,1.0,1.0,0.2676100714,0.2291082405,0.04014676809,0.03768885136
2964,1.0,0.0,0.0,0.0,1.0,1.0,0.2668811801,0.2217304701,0.03958916664,0.03608804941
2965,1.0,0.0,0.0,0.0,1.0,1.0,0.2680773347,0.2308940407,0.04056882858,0.03811830282
2966,1.0,0.0,0.0,0.0,1.0,1.0,0.2650654404,0.2248744473,0.03935575485,0.03639060259
2967,1.0,0.0,0.0,0.0,1.0,1.0,0.2646922775,0.2198773762,0.03921496868,0.03569918871
2968,1.0,0.0,0.0,0.0,1.0,1.0,0.2668810867,0.2282059534,0.03981906176,0.03711026907
2969,1.0,0.0,0.0,0.0,1.0,1.0,0.2578617614,0.2247065477,0.03867506981,0.03675496578
2970,1.0,0.0,0.0,0.0,1.0,1.0,0.2682325612,0.2248743834,0.03959536552,0.03661215305
2971,1.0,0.0,0.0,0.0,1.0,1.0,0.2604048766,0.2230298559,0.03866815567,0.03621739149
2972,1.0,0.0,0.0,0.0,1.0,1.0,0.2604049793,0.2271458721,0.0391843915,0.03725278378
2973,1.0,0.0,0.0,0.0,1.0,1.0,0.2646920563,0.2289689878,0.04004734755,0.03783786297
2974,1.0,0.0,0.0,0.0,1.0,1.0,0.2118892676,0.1757640998,0.03101885319,0.02799934149
2975,1.0,0.0,0.0,0.0,1.0,1.0,0.2010712832,0.1701177319,0.0282882452,0.02662420273
2976,1.0,0.0,0.0,0.0,1.0,1.0,0.1804817983,0.1440166329,0.02616095543,0.02334791422
2977,1.0,0.0,0.0,0.0,1.0,1.0,0.2166556674,0.1654365885,0.03262871504,0.02752161026
2978,1.0,0.0,0.0,0.0,1.0,1.0,0.2646667584,0.2204156992,0.03837954998,0.03515893221
2979,1.0,0.0,0.0,0.0,1.0,1.0,0.2758348685,0.2248745583,0.04114353657,0.03702920675
2980,1.0,0.0,0.0,0.0,1.0,1.0,0.2962663296,0.2540388915,0.04378151894,0.04107898474
2981,1.0,0.0,0.0,0.0,1.0,1.0,0.300293044,0.2557495049,0.04520767927,0.04215687513
2982,1.0,0.0,0.0,0.0,1.0,1.0,0.3017528468,0.2623951768,0.04514253139,0.04295378923
2983,1.0,0.0,0.0,0.0,1.0,1.0,0.3029160422,0.2672925001,0.04576998949,0.04412555695
2984,1.0,0.0,0.0,0.0,1.0,1.0,0.3034668534,0.2655281773,0.04559373856,0.0439556241
2985,1.0,0.0,0.0,0.0,1.0,1.0,0.3054350179,0.2662988023,0.04620081186,0.04428720474
2986,1.0,0.0,0.0,0.0,1.0,1.0,0.3031914266,0.2647524596,0.04557603598,0.0436655879
2987,1.0,0.0,0.0,0.0,1.0,1.0,0.2972046857,0.2630982073,0.04515635967,0.04377967119
2988,1.0,0.0,0.0,0.0,1.0,1.0,0.3080784489,0.269716727,0.04600387812,0.0441095233
2989,1.0,0.0,0.0,0.0,1.0,1.0,0.3041777637,0.2638788825,0.04639518261,0.04418587685
2990,1.0,0.0,0.0,0.0,1.0,1.0,0.3121001757,0.2712301923,0.04804056883,0.04581904411
2991,1.0,0.0,0.0,0.0,1.0,1.0,0.3119854507,0.2721254442,0.04743367434,0.04550325871
2992,1.0,0.0,0.0,0.0,1.0,1.0,0.3098904119,0.2721254259,0.04677557945,0.04513436556
2993,1.0,0.0,0.0,0.0,1.0,1.0,0.3014769154,0.2698492364,0.04530513287,0.04448139668
2994,1.0,0.0,0.0,0.0,1.0,1.0,0.3037427867,0.266517629,0.04679244757,0.04483109713
2995,1.0,0.0,0.0,0.0,1.0,1.0,0.3044537627,0.2722731857,0.04603666067,0.04494053125
2996,1.0,0.0,0.0,0.0,1.0,1.0,0.3058400967,0.2681835021,0.04651033878,0.04457241297
2997,1.0,0.0,0.0,0.0,1.0,1.0,0.3014771857,0.2631861158,0.04546171427,0.04353296757
2998,1.0,0.0,0.0,0.0,1.0,1.0,0.3101716156,0.2730262827,0.04698979855,0.04534101486
2999,1.0,0.0,0.0,0.0,1.0,1.0,0.3077990489,0.2713715734,0.04694861174,0.04529160261
3000,1.0,0.0,0.0,0.0,1.0,1.0,0.3137996609,0.2761615689,0.04807126522,0.04668188095
3001,1.0,0.0,0.0,0.0,1.0,1.0,0.3090681028,0.2730263933,0.04666620493,0.04556167126
3002,1.0,0.0,0.0,0.0,1.0,1.0,0.3130118945,0.2754238145,0.04738038778,0.04627209902
3003,1.0,0.0,0.0,0.0,1.0,1.0,0.3145542055,0.2713717849,0.04680293798,0.04462611675
3004,1.0,0.0,0.0,0.0,1.0,1.0,0.3059701285,0.2707520722,0.0458881259,0.04451429844
3005,1.0,0.0,0.0,0.0,1.0,1.0,0.3091995271,0.2737744098,0.04682713747,0.04572528601
3006,1.0,0.0,0.0,0.0,1.0,1.0,0.3054104673,0.267177642,0.04596209526,0.04458600283
3007,1.0,0.0,0.0,0.0,1.0,1.0,0.3071014917,0.2737745367,0.04664701223,0.0458189249
3008,1.0,0.0,0.0,0.0,1.0,1.0,0.3096347431,0.2731805445,0.04655200243,0.0451746583
3009,1.0,0.0,0.0,0.0,1.0,1.0,0.3108965911,0.2772538009,0.04649037123,0.0456699729
3010,1.0,0.0,0.0,0.0,1.0,1.0,0.3102032359,0.2706128,0.04755944014,0.04587090015
3011,1.0,0.0,0.0,0.0,1.0,1.0,0.3103627384,0.2724232982,0.0459972024,0.04462826252
3012,1.0,0.0,0.0,0.0,1.0,1.0,0.3100764431,0.2724231547,0.04645580053,0.04507315159
3013,1.0,0.0,0.0,0.0,1.0,1.0,0.3192407874,0.2836699301,0.04965204,0.04852360487
3014,1.0,0.0,0.0,0.0,1.0,1.0,0.319893307,0.2834482948,0.04794436693,0.0468609333
3015,1.0,0.0,0.0,0.0,1.0,1.0,0.3198936162,0.2857881215,0.04910176992,0.04854696989
3016,1.0,0.0,0.0,0.0,1.0,1.0,0.2489104211,0.2074963701,0.03638660908,0.03333121538
3017,1.0,0.0,0.0,0.0,1.0,1.0,0.1982860494,0.1409928286,0.02843344212,0.0226893425
3018,1.0,0.0,0.0,0.0,1.0,1.0,0.1907483511,0.1382206554,0.02711391449,0.02203005552
3019,1.0,0.0,0.0,0.0,1.0,1.0,0.2128087525,0.1648738171,0.03115969896,0.02698653936
3020,1.0,0.0,0.0,0.0,1.0,1.0,0.2595234232,0.2115482399,0.03868216276,0.03484135866
3021,1.0,0.0,0.0,0.0,1.0,1.0,0.291503935,0.2449612425,0.04402959347,0.04102134705
3022,1.0,0.0,0.0,0.0,1.0,1.0,0.3105760699,0.2727235241,0.04750490189,0.04612398148
3023,1.0,0.0,0.0,0.0,1.0,1.0,0.3106983651,0.27598968,0.04760140181,0.04650074244
3024,1.0,0.0,0.0,0.0,1.0,1.0,0.312382262,0.2792559078,0.04785305262,0.0472998023
3025,1.0,0.0,0.0,0.0,1.0,1.0,0.3176799073,0.2832295554,0.04892790318,0.04782837629
3026,1.0,0.0,0.0,0.0,1.0,1.0,0.3170269602,0.2816019446,0.04898780584,0.04788082838
3027,1.0,0.0,0.0,0.0,1.0,1.0,0.316654738,0.2808887115,0.04866731167,0.04756122828
3028,1.0,0.0,0.0,0.0,1.0,1.0,0.3110962374,0.2718352353,0.04799717665,0.04606628418
3029,1.0,0.0,0.0,0.0,1.0,1.0,0.3175122833,0.2825220092,0.04819965363,0.0473780632
3030,1.0,0.0,0.0,0.0,1.0,1.0,0.3087708861,0.2778054755,0.04708176851,0.0465310812
3031,1.0,0.0,0.0,0.0,1.0,1.0,0.3136210653,0.2820207639,0.04769784212,0.04687547684
3032,1.0,0.0,0.0,0.0,1.0,1.0,0.3057115233,0.2662986357,0.04642885923,0.04450577497
3033,1.0,0.0,0.0,0.0,1.0,1.0,0.2938468663,0.2539835812,0.04434710741,0.04215711355
3034,1.0,0.0,0.0,0.0,1.0,1.0,0.3052842688,0.2656323663,0.04615920782,0.04396110773
3035,1.0,0.0,0.0,0.0,1.0,1.0,0.2611238736,0.2115485827,0.03951257467,0.03533869982
3036,1.0,0.0,0.0,0.0,1.0,1.0,0.2565020859,0.2035289551,0.03891390562,0.0341886878
3037,1.0,0.0,0.0,0.0,1.0,1.0,0.2299274233,0.1878143937,0.03414446115,0.03084009886
3038,1.0,0.0,0.0,0.0,1.0,1.0,0.2295636086,0.1857069456,0.03372466564,0.03016024828
3039,1.0,0.0,0.0,0.0,1.0,1.0,0.2299933341,0.1869703789,0.03387123346,0.03029131889
3040,1.0,0.0,0.0,0.0,1.0,1.0,0.2289803868,0.18357084,0.03354209661,0.02969294786
3041,1.0,0.0,0.0,0.0,1.0,1.0,0.2260419741,0.1835712348,0.03344208002,0.02984917164
3042,1.0,0.0,0.0,0.0,1.0,1.0,0.2371555335,0.1863365867,0.03453433514,0.03014904261
3043,1.0,0.0,0.0,0.0,1.0,1.0,0.22903861,0.1779827216,0.03317981958,0.02851819992
3044,1.0,0.0,0.0,0.0,1.0,1.0,0.2262886988,0.1784718912,0.03363627195,0.02943176031
3045,1.0,0.0,0.0,0.0,1.0,1.0,0.2269722712,0.1820291608,0.03322780132,0.02959793806
3046,1.0,0.0,0.0,0.0,1.0,1.0,0.1933156576,0.1578978166,0.02810269594,0.02557343245
3047,1.0,0.0,0.0,0.0,1.0,1.0,0.1704932202,0.1594852542,0.02431505919,0.02515345812
3048,1.0,0.0,0.0,0.0,1.0,1.0,0.1817164516,0.1665735095,0.02542680502,0.02570319176
3049,1.0,0.0,0.0,0.0,1.0,1.0,0.187272191,0.1564961537,0.02686953545,0.02488964796
3050,1.0,0.0,0.0,0.0,1.0,1.0,0.189717934,0.1541691283,0.02741765976,0.02459108829
3051,1.0,0.0,0.0,0.0,1.0,1.0,0.1873954381,0.1594853309,0.02720320225,0.02550297976
3052,1.0,0.0,0.0,0.0,1.0,1.0,0.1788576426,0.153485745,0.02601635456,0.02458691597
3053,1.0,0.0,0.0,0.0,1.0,1.0,0.1714442747,0.1470811388,0.02521187067,0.02377939224
3054,1.0,0.0,0.0,0.0,1.0,1.0,0.1781951646,0.1500929451,0.02594071627,0.02396696806
3055,1.0,0.0,0.0,0.0,1.0,1.0,0.1804817462,0.1541692043,0.02612882853,0.02444308996
3056,1.0,0.0,0.0,0.0,1.0,1.0,0.1924997055,0.1548431629,0.02782833576,0.02473628521
3057,1.0,0.0,0.0,0.0,1.0,1.0,0.193193633,0.1625389718,0.02836984396,0.02640360594
3058,1.0,0.0,0.0,0.0,1.0,1.0,0.1998884482,0.1671603491,0.02881062031,0.02631741762
3059,1.0,0.0,0.0,0.0,1.0,1.0,0.2033748554,0.1654004052,0.02916878462,0.02611297369
3060,1.0,0.0,0.0,0.0,1.0,1.0,0.2002734452,0.1630666626,0.02986651659,0.02670753002
3061,1.0,0.0,0.0,0.0,1.0,1.0,0.2025898705,0.1683267972,0.03005850315,0.02748197317
3062,1.0,0.0,0.0,0.0,1.0,1.0,0.1967710196,0.1701178408,0.02814340591,0.02675020695
3063,1.0,0.0,0.0,0.0,1.0,1.0,0.2010481516,0.1730481525,0.02919274569,0.02750855684
3064,1.0,0.0,0.0,0.0,1.0,1.0,0.2041247754,0.1630665898,0.02964580059,0.02600997686
3065,1.0,0.0,0.0,0.0,1.0,1.0,0.1877620376,0.1582745742,0.02694100142,0.02497655153
3066,1.0,0.0,0.0,0.0,1.0,1.0,0.1691969493,0.1491970322,0.02424097061,0.02339529991
3067,1.0,0.0,0.0,0.0,1.0,1.0,0.1870300823,0.1612001526,0.02780669928,0.02606874704
3068,1.0,0.0,0.0,0.0,1.0,1.0,0.189347064,0.1647824439,0.02735239267,0.02594250441
3069,1.0,0.0,0.0,0.0,1.0,1.0,0.1916740175,0.1647823957,0.02790766954,0.02619898319
3070,1.0,0.0,0.0,0.0,1.0,1.0,0.1858062192,0.1635777355,0.02760750055,0.02644509077
3071,1.0,0.0,0.0,0.0,1.0,1.0,0.1932515325,0.1707681133,0.02843219042,0.0272834301
3072,1.0,0.0,0.0,0.0,1.0,1.0,0.1916738105,0.1701561965,0.02790337801,0.02704924345
3073,1.0,0.0,0.0,0.0,1.0,1.0,0.1872719123,0.1713845904,0.026650846,0.02665090561
3074,1.0,0.0,0.0,0.0,1.0,1.0,0.1948230701,0.1641936625,0.02880316973,0.02649885416
3075,1.0,0.0,0.0,0.0,1.0,1.0,0.1920497897,0.1677763361,0.02784830332,0.0264274478
3076,1.0,0.0,0.0,0.0,1.0,1.0,0.1865364976,0.1707677504,0.02708977461,0.027089715
3077,1.0,0.0,0.0,0.0,1.0,1.0,0.1983176559,0.1659723011,0.02878183126,0.026217103
3078,1.0,0.0,0.0,0.0,1.0,1.0,0.1900898938,0.1623641404,0.02777171135,0.02576756477
3079,1.0,0.0,0.0,0.0,1.0,1.0,0.1900898038,0.1599108982,0.02784621716,0.02526259422
3080,1.0,0.0,0.0,0.0,1.0,1.0,0.1979285875,0.1599824743,0.02934169769,0.02585554123
3081,1.0,0.0,0.0,0.0,1.0,1.0,0.1931861227,0.1611418759,0.02807283401,0.02549469471
3082,1.0,0.0,0.0,0.0,1.0,1.0,0.1990999381,0.1671791195,0.02868717909,0.02613085508
3083,1.0,0.0,0.0,0.0,1.0,1.0,0.1904633338,0.1659724282,0.02770960331,0.02628129721
3084,1.0,0.0,0.0,0.0,1.0,1.0,0.1931860743,0.1708137358,0.02837663889,0.02721840143
3085,1.0,0.0,0.0,0.0,1.0,1.0,0.1994933411,0.1689965431,0.02901226282,0.02671426535
3086,1.0,0.0,0.0,0.0,1.0,1.0,0.1858063002,0.1653621777,0.0269895792,0.02585315704
3087,1.0,0.0,0.0,0.0,1.0,1.0,0.1882441222,0.1605600756,0.02763223648,0.02535331249
3088,1.0,0.0,0.0,0.0,1.0,1.0,0.1877621328,0.1647632049,0.02693390846,0.02553111315
3089,1.0,0.0,0.0,0.0,1.0,1.0,0.181894736,0.169580506,0.02610999346,0.02639073133
3090,1.0,0.0,0.0,0.0,1.0,1.0,0.1940093666,0.1720056364,0.02809160948,0.02695661783
3091,1.0,0.0,0.0,0.0,1.0,1.0,0.1967405325,0.1689965755,0.02880442142,0.0267881155
3092,1.0,0.0,0.0,0.0,1.0,1.0,0.187271885,0.1653621802,0.02708423138,0.02594387531
3093,1.0,0.0,0.0,0.0,1.0,1.0,0.1884996952,0.1647631291,0.02740812302,0.02598065138
3094,1.0,0.0,0.0,0.0,1.0,1.0,0.1831337537,0.1617803558,0.02708560228,0.02593302727
3095,1.0,0.0,0.0,0.0,1.0,1.0,0.1881301872,0.1659723559,0.02773082256,0.02657538652
3096,1.0,0.0,0.0,0.0,1.0,1.0,0.1863036157,0.1552707076,0.02695715427,0.02442997694
3097,1.0,0.0,0.0,0.0,1.0,1.0,0.1893474688,0.1617800505,0.02770936489,0.02570968866
3098,1.0,0.0,0.0,0.0,1.0,1.0,0.1967406168,0.1623644067,0.02849954367,0.02564960718
3099,1.0,0.0,0.0,0.0,1.0,1.0,0.1943902765,0.1671729228,0.02749961615,0.02583301067
3100,1.0,0.0,0.0,0.0,1.0,1.0,0.1963541135,0.1635774983,0.02871841192,0.02613371611
3101,1.0,0.0,0.0,0.0,1.0,1.0,0.1979285983,0.1653753615,0.02896481752,0.0263838172
3102,1.0,0.0,0.0,0.0,1.0,1.0,0.1983172793,0.1725655003,0.02835279703,0.02694922686
3103,1.0,0.0,0.0,0.0,1.0,1.0,0.193629849,0.1725653854,0.02793312073,0.02708661556
3104,1.0,0.0,0.0,0.0,1.0,1.0,0.1924994252,0.1665738686,0.02775734663,0.02635550499
3105,1.0,0.0,0.0,0.0,1.0,1.0,0.1850820055,0.1659723261,0.02691853046,0.02606844902
3106,1.0,0.0,0.0,0.0,1.0,1.0,0.1873953894,0.1659721186,0.02775108814,0.02659475803
3107,1.0,0.0,0.0,0.0,1.0,1.0,0.1893474554,0.1641683858,0.02792948484,0.02620190382
3108,1.0,0.0,0.0,0.0,1.0,1.0,0.1834911705,0.1647824986,0.02630573511,0.0257460475
3109,1.0,0.0,0.0,0.0,1.0,1.0,0.1854433835,0.1647822864,0.02694052458,0.02608972788
3110,1.0,0.0,0.0,0.0,1.0,1.0,0.1908384151,0.168384181,0.02805912495,0.02690201998
3111,1.0,0.0,0.0,0.0,1.0,1.0,0.1826091492,0.1629526436,0.02655524015,0.0256986618
3112,1.0,0.0,0.0,0.0,1.0,1.0,0.1928056605,0.16536194,0.0282394886,0.02622234821
3113,1.0,0.0,0.0,0.0,1.0,1.0,0.2054742355,0.1873952515,0.02948367596,0.02919739485
3114,1.0,0.0,0.0,0.0,1.0,1.0,0.2263265446,0.1894850784,0.03243511915,0.0292776823
3115,1.0,0.0,0.0,0.0,1.0,1.0,0.20754556,0.1484133097,0.02954208851,0.02265846729
3116,1.0,0.0,0.0,0.0,1.0,1.0,0.2105162988,0.1373282623,0.02933841944,0.02050846815
3117,1.0,0.0,0.0,0.0,1.0,1.0,0.2006754164,0.1708604869,0.02916818857,0.02659451962
3118,1.0,0.0,0.0,0.0,1.0,1.0,0.1639401435,0.1715461683,0.02374589443,0.02632075548
3119,1.0,0.0,0.0,0.0,1.0,1.0,0.1803217178,0.1790048261,0.02691197395,0.02748459578
3120,1.0,0.0,0.0,0.0,1.0,1.0,0.1684666304,0.1983326919,0.0255702734,0.02930521965
3121,1.0,0.0,0.0,0.0,1.0,1.0,0.1162139727,0.2671979844,0.01816433668,0.03965890408
3122,1.0,0.0,0.0,0.0,1.0,1.0,0.1091344609,0.2796793194,0.01746296883,0.04166603088
3123,1.0,0.0,0.0,0.0,1.0,1.0,0.08944407059,0.2706818841,0.01359069347,0.03840851784
3124,1.0,0.0,0.0,0.0,1.0,1.0,0.12914127,0.2320133136,0.02034729719,0.03450196981
3125,1.0,0.0,0.0,0.0,1.0,1.0,0.2075346368,0.2613926127,0.0335624814,0.04003942013
3126,1.0,0.0,0.0,0.0,1.0,1.0,0.2046824705,0.2595448939,0.03288543224,0.03969955444
3127,1.0,0.0,0.0,0.0,1.0,1.0,0.09085811381,0.2876546735,0.01296311617,0.03860765696
3128,1.0,0.0,0.0,0.0,1.0,1.0,0.06688425271,0.3386541211,0.009815096855,0.04599076509
3129,1.0,0.0,0.0,0.0,1.0,1.0,0.04036217083,0.3359117739,0.005895614624,0.04548031092
3130,1.0,0.0,0.0,0.0,1.0,1.0,0.1035783234,0.2748462263,0.01604628563,0.04025650024
3131,1.0,0.0,0.0,0.0,1.0,1.0,0.1890363255,0.2844853226,0.03017938137,0.0424746871
3132,1.0,0.0,0.0,0.0,1.0,1.0,0.2047892648,0.2898010626,0.03266692162,0.04355591536
3133,1.0,0.0,0.0,0.0,1.0,1.0,0.2311752832,0.2905784424,0.03688532114,0.04354131222
3134,1.0,0.0,0.0,0.0,1.0,1.0,0.2168099481,0.2911908695,0.03422421217,0.04312813282
3135,1.0,0.0,0.0,0.0,1.0,1.0,0.03503601398,0.3425506762,0.005372047424,0.04806536436
3136,1.0,0.0,0.0,0.0,1.0,1.0,0.04601478049,0.3439375472,0.007230043411,0.0491643548
3137,1.0,0.0,0.0,0.0,1.0,1.0,0.05289015321,0.3192663087,0.00823110342,0.04569685459
3138,1.0,0.0,0.0,0.0,1.0,1.0,0.1394572868,0.2877772833,0.02218413353,0.04209291935
3139,1.0,0.0,0.0,0.0,1.0,1.0,0.2267495197,0.317313331,0.03695631027,0.04747462273
3140,1.0,0.0,0.0,0.0,1.0,1.0,0.2317046362,0.3180043589,0.0376945734,0.04725885391
3141,1.0,0.0,0.0,0.0,1.0,1.0,0.2620062827,0.3268137899,0.0429328084,0.04890364408
3142,1.0,0.0,0.0,0.0,1.0,1.0,0.2603443694,0.3286627196,0.04163753986,0.04778534174
3143,1.0,0.0,0.0,0.0,1.0,1.0,0.2667489008,0.32806135,0.04292237759,0.04793930054
3144,1.0,0.0,0.0,0.0,1.0,1.0,0.2771415024,0.3306140293,0.04422682524,0.0480967164
3145,1.0,0.0,0.0,0.0,1.0,1.0,0.2783910903,0.3363507863,0.04500436783,0.04891782999
3146,1.0,0.0,0.0,0.0,1.0,1.0,0.2781055239,0.3331471828,0.04438894987,0.0477181077
3147,1.0,0.0,0.0,0.0,1.0,1.0,0.2800537011,0.3337983248,0.04469269514,0.04776537418
3148,1.0,0.0,0.0,0.0,1.0,1.0,0.2818042669,0.3363880734,0.04461359978,0.0479388237
3149,1.0,0.0,0.0,0.0,1.0,1.0,0.2760191106,0.335154249,0.04325956106,0.04721796513
3150,1.0,0.0,0.0,0.0,1.0,1.0,0.2402326655,0.3358780748,0.03682500124,0.04610157013
3151,1.0,0.0,0.0,0.0,1.0,1.0,0.06712691247,0.3470860953,0.01004689932,0.04632717371
3152,1.0,0.0,0.0,0.0,1.0,1.0,0.04256900271,0.3747908835,0.006381452084,0.04994159937
3153,1.0,0.0,0.0,0.0,1.0,1.0,0.03152222761,0.3842390024,0.004822552204,0.05191344023
3154,1.0,0.0,0.0,0.0,1.0,1.0,0.03111842004,0.3634336483,0.004679560661,0.04844683409
3155,1.0,0.0,0.0,0.0,1.0,1.0,0.03523082584,0.3643799185,0.005227744579,0.04815024137
3156,1.0,0.0,0.0,0.0,1.0,1.0,0.03446338495,0.3459606873,0.005195438862,0.04675912857
3157,1.0,0.0,0.0,0.0,1.0,1.0,0.04217850707,0.3467454667,0.006275177002,0.04638153315
3158,1.0,0.0,0.0,0.0,1.0,1.0,0.04652891366,0.3345239417,0.006872832775,0.04453599453
3159,1.0,0.0,0.0,0.0,1.0,1.0,0.04542892698,0.3039971987,0.00674533844,0.04103440046
3160,1.0,0.0,0.0,0.0,1.0,1.0,0.05280816448,0.2989786586,0.007654368877,0.03968930244
3161,1.0,0.0,0.0,0.0,1.0,1.0,0.0695436462,0.3259051095,0.01021289825,0.04376959801
3162,1.0,0.0,0.0,0.0,1.0,1.0,0.07024179756,0.3024630213,0.01027518511,0.04051369429
3163,1.0,0.0,0.0,0.0,1.0,1.0,0.07337146945,0.3020051746,0.01078408957,0.04051333666
3164,1.0,0.0,0.0,0.0,1.0,1.0,0.08027628775,0.300271052,0.01172727346,0.04016602039
3165,1.0,0.0,0.0,0.0,1.0,1.0,0.07470570332,0.2839827106,0.01091426611,0.03805249929
3166,1.0,0.0,0.0,0.0,1.0,1.0,0.07181613541,0.2945950195,0.01066219807,0.03998321295
3167,1.0,0.0,0.0,0.0,1.0,1.0,0.07858513318,0.2905866714,0.01154136658,0.03906309605
3168,1.0,0.0,0.0,0.0,1.0,1.0,0.08549223867,0.2922473066,0.01235044003,0.03852146864
3169,1.0,0.0,0.0,0.0,1.0,1.0,0.07546777568,0.2786054124,0.01090538502,0.03713738918
3170,1.0,0.0,0.0,0.0,1.0,1.0,0.09994436132,0.307863938,0.01453989744,0.04094904661
3171,1.0,0.0,0.0,0.0,1.0,1.0,0.1050960209,0.3047627675,0.01503914595,0.04010438919
3172,1.0,0.0,0.0,0.0,1.0,1.0,0.1174602472,0.3167875443,0.0170918107,0.04257959127
3173,1.0,0.0,0.0,0.0,1.0,1.0,0.1017762382,0.296294631,0.01480281353,0.03967148066
3174,1.0,0.0,0.0,0.0,1.0,1.0,0.1030355652,0.2861837233,0.01492810249,0.03881293535
3175,1.0,0.0,0.0,0.0,1.0,1.0,0.1197680095,0.2949894539,0.01735889912,0.04010498524
3176,1.0,0.0,0.0,0.0,1.0,1.0,0.1389817028,0.3207817579,0.02031010389,0.04390567541
3177,1.0,0.0,0.0,0.0,1.0,1.0,0.1289603212,0.292571392,0.01856821775,0.03974753618
3178,1.0,0.0,0.0,0.0,1.0,1.0,0.117812436,0.2591144062,0.01676231623,0.03520083427
3179,1.0,0.0,0.0,0.0,1.0,1.0,0.1153204149,0.2256121373,0.01658272743,0.03112888336
3180,1.0,0.0,0.0,0.0,1.0,1.0,0.1011341112,0.2135735257,0.01525378227,0.03080660105
3181,1.0,0.0,0.0,0.0,1.0,1.0,0.1291526347,0.2581205132,0.01925516129,0.03702914715
3182,1.0,0.0,0.0,0.0,1.0,1.0,0.1103803804,0.2225647671,0.01659357548,0.03198027611
3183,1.0,0.0,0.0,0.0,1.0,1.0,0.2169473882,0.1843073917,0.03348946571,0.02776473761
3184,1.0,0.0,0.0,0.0,1.0,1.0,0.3167629741,0.268506941,0.04958456755,0.04103553295
3185,1.0,0.0,0.0,0.0,1.0,1.0,0.2018479703,0.1820847331,0.03101307154,0.02709883451
3186,1.0,0.0,0.0,0.0,1.0,1.0,0.1325789318,0.2639219962,0.0194401145,0.03648763895
3187,1.0,0.0,0.0,0.0,1.0,1.0,0.1126419572,0.2147923503,0.01647549868,0.02935636044
3188,1.0,0.0,0.0,0.0,1.0,1.0,0.213729758,0.1973150043,0.0319096446,0.02795898914
3189,1.0,0.0,0.0,0.0,1.0,1.0,0.3168485809,0.3015194988,0.04830223322,0.04263716936
3190,1.0,0.0,0.0,0.0,1.0,1.0,0.3331474512,0.3267405953,0.05168622732,0.04571092129
3191,1.0,0.0,0.0,0.0,1.0,1.0,0.3474695393,0.3704827363,0.05372798443,0.04968392849
3192,1.0,0.0,0.0,0.0,1.0,1.0,0.3428739,0.3694517587,0.05526483059,0.05085545778
3193,1.0,0.7853981853,0.0,0.0,1.0,1.0,0.3313463413,0.3636267704,0.05304068327,0.04929327965
3194,1.0,0.7853981853,0.0,0.0,1.0,1.0,0.3184062197,0.3663208954,0.05126518011,0.04927152395
3195,1.0,0.7853981853,0.0,0.0,1.0,1.0,0.3127749673,0.3584957005,0.05117326975,0.04852640629
3196,1.0,0.7853981853,0.0,0.0,1.0,1.0,0.3082218962,0.3559962144,0.04984694719,0.04748737812
3197,1.0,0.7853981853,0.0,0.0,1.0,1.0,0.3167631273,0.3666073172,0.0510097146,0.04925072193
3198,1.0,0.7853981853,0.0,0.0,1.0,1.0,0.3077991678,0.3547805804,0.04978859425,0.04803138971
3199,1.0,0.7853981853,0.0,0.0,1.0,1.0,0.3075203813,0.3535142455,0.04934555292,0.04758322239
3200,1.0,0.7853981853,0.0,0.0,1.0,1.0,0.3123257335,0.3572568168,0.05057173967,0.0484893918
3201,1.0,0.7853981853,0.0,0.0,1.0,1.0,0.2996500772,0.3498049541,0.04809117317,0.04721146822
3202,1.0,0.7853981853,0.0,0.0,1.0,1.0,0.3080718992,0.352994589,0.04991495609,0.04817372561
3203,1.0,0.7853981853,0.0,0.0,1.0,1.0,0.3128842276,0.3578509413,0.05059629679,0.04886156321
3204,1.0,0.7853981853,0.0,0.0,1.0,1.0,0.3062808562,0.3514987052,0.04955625534,0.04810720682
3205,1.0,0.7853981853,0.0,0.0,1.0,1.0,0.3034019414,0.3485448905,0.04964566231,0.04847753048
3206,1.0,0.7853981853,0.0,0.0,1.0,1.0,0.2992981179,0.3422457066,0.04931229353,0.04784464836
3207,1.0,0.7853981853,0.0,0.0,1.0,1.0,0.2916522179,0.3443457552,0.04784977436,0.04784977436
3208,1.0,0.7853981853,0.0,0.0,1.0,1.0,0.2984198073,0.3456405324,0.04871946573,0.04785466194
3209,1.0,0.7853981853,0.0,0.0,1.0,1.0,0.2934306923,0.3407186643,0.04797178507,0.04797172546
3210,1.0,0.7853981853,0.0,0.0,1.0,1.0,0.2918723487,0.337925936,0.04754287004,0.04754287004
3211,1.0,0.7853981853,0.0,0.0,1.0,1.0,0.283504175,0.3255443176,0.04539120197,0.04510390759
3212,1.0,0.7853981853,0.0,0.0,1.0,1.0,0.07568626069,0.1169073104,0.01145881414,0.01498454809
3213,1.0,0.0,0.0,0.0,1.0,1.0,0.06138612947,0.1535841659,0.00931096077,0.01949483156
3214,1.0,0.7853981853,0.0,0.0,0.0,1.0,0.0,0.1255002899,0.0,0.01631838083
3215,1.0,0.7853981853,0.0,0.0,1.0,1.0,0.2242913261,0.2624580732,0.03572624922,0.03572618961
3216,1.0,0.7853981853,0.0,0.0,1.0,1.0,0.2671073662,0.30148453,0.04362851381,0.04218387604
3217,1.0,0.7853981853,0.0,0.0,1.0,1.0,0.2822163067,0.3227365078,0.04585140944,0.04526734352
3218,1.0,0.7853981853,0.0,0.0,1.0,1.0,0.2845256749,0.321249495,0.04615175724,0.04469132423
3219,1.0,0.7853981853,0.0,0.0,1.0,1.0,0.2873618668,0.3275483218,0.04652911425,0.04565125704
3220,1.0,0.7853981853,0.0,0.0,1.0,1.0,0.291728944,0.3310646616,0.04745686054,0.04657799006
3221,1.0,0.7853981853,0.0,0.0,1.0,1.0,0.2950048914,0.328328914,0.04814386368,0.04639321566
3222,1.0,0.7853981853,0.0,0.0,1.0,1.0,0.2967929568,0.3324588773,0.04816263914,0.0467119813
3223,1.0,0.7853981853,0.0,0.0,1.0,1.0,0.3075206521,0.3414763071,0.05027770996,0.04793924093
3224,1.0,0.0,0.0,0.0,1.0,1.0,0.3046425516,0.3407188823,0.04971277714,0.04796850681
3225,1.0,0.0,0.0,0.0,1.0,1.0,0.3047939592,0.3358780752,0.04976677895,0.04745209217
3226,1.0,0.0,0.0,0.0,1.0,1.0,0.3090147431,0.3434295616,0.05079388618,0.04847186804
3227,1.0,0.7853981853,0.0,0.0,1.0,1.0,0.2971792885,0.3324589414,0.048612535,0.04658699036
3228,1.0,0.7853981853,0.0,0.0,1.0,1.0,0.3019513397,0.3358777498,0.04943180084,0.04740828276
3229,1.0,0.7853981853,0.0,0.0,1.0,1.0,0.2996564762,0.3331473389,0.04918301105,0.04686850309
3230,1.0,0.7853981853,0.0,0.0,1.0,1.0,0.2957348916,0.3317647389,0.04818016291,0.046438694
3231,1.0,0.7853981853,0.0,0.0,1.0,1.0,0.2921719786,0.3269009735,0.04703330994,0.0450258255
3232,1.0,0.7853981853,0.0,0.0,1.0,1.0,0.2934304761,0.3283289648,0.04848664999,0.04672348499
3233,1.0,0.7853981853,0.0,0.0,1.0,1.0,0.3012504858,0.3386538381,0.04969203472,0.04793816805
3234,1.0,0.7853981853,0.0,0.0,1.0,1.0,0.2987656262,0.3365887491,0.04892349243,0.04746741056
3235,1.0,0.7853981853,0.0,0.0,1.0,1.0,0.3047943306,0.3359120537,0.05036538839,0.04743719101
3236,1.0,0.7853981853,0.0,0.0,1.0,1.0,0.3028611953,0.3359121032,0.04953438044,0.04720336199
3237,1.0,0.7853981853,0.0,0.0,1.0,1.0,0.2980480176,0.3331476554,0.04851871729,0.04648500681
3238,1.0,0.7853981853,0.0,0.0,1.0,1.0,0.3037175219,0.3386538556,0.04974198341,0.04742836952
3239,1.0,0.7853981853,0.0,0.0,1.0,1.0,0.2919513919,0.3227366022,0.04768365622,0.04534339905
3240,1.0,0.7853981853,0.0,0.0,1.0,1.0,0.06534789963,0.1879680789,0.01006656885,0.02427822351
3241,1.0,0.7853981853,0.0,0.0,1.0,1.0,0.06497337395,0.2030828325,0.0100428462,0.02628856897
3242,1.0,0.7853981853,0.0,0.0,1.0,1.0,0.1543394661,0.2052425685,0.02422678471,0.02718126774
3243,1.0,0.7853981853,0.0,0.0,1.0,1.0,0.2458521858,0.2792559559,0.04003316164,0.03858268261
3244,1.0,0.7853981853,0.0,0.0,1.0,1.0,0.2681868344,0.2977504539,0.0433858633,0.04136115313
3245,1.0,0.7853981853,0.0,0.0,1.0,1.0,0.2748462456,0.31517699,0.04484176636,0.04425948858
3246,1.0,0.7853981853,0.0,0.0,1.0,1.0,0.2660512318,0.2977930072,0.04313218594,0.04142957926
3247,1.0,0.7853981853,0.0,0.0,1.0,1.0,0.2156397044,0.2422889068,0.03361731768,0.03274029493
3248,1.0,0.7853981853,0.0,0.0,1.0,1.0,0.06057217887,0.2148121927,0.009186625481,0.02727282047
3249,1.0,0.7853981853,0.0,0.0,1.0,1.0,0.0657530603,0.1998880631,0.01010805368,0.02599197626
3250,1.0,0.7853981853,0.0,0.0,1.0,1.0,0.06404169195,0.1927174804,0.009562194347,0.02491974831
3251,1.0,0.7853981853,0.0,0.0,1.0,1.0,0.1357039677,0.1644912011,0.0211198926,0.0225468874
3252,1.0,0.7853981853,0.0,0.0,1.0,1.0,0.2238895185,0.2457643461,0.0356875658,0.03426003456
3253,1.0,0.7853981853,0.0,0.0,1.0,1.0,0.2613379901,0.2886835586,0.04225414991,0.04139769077
3254,1.0,0.7853981853,0.0,0.0,1.0,1.0,0.2633782658,0.295470255,0.04275906086,0.04219275713
3255,1.0,0.7853981853,0.0,0.0,1.0,1.0,0.2785900449,0.3088825539,0.04514348507,0.04429703951
3256,1.0,0.7853981853,0.0,0.0,1.0,1.0,0.2727352805,0.3105837315,0.04387718439,0.04416024685
3257,1.0,0.7853981853,0.0,0.0,1.0,1.0,0.2853048946,0.3174694144,0.04641038179,0.0461255908
3258,1.0,0.7853981853,0.0,0.0,1.0,1.0,0.274978849,0.308592697,0.04463946819,0.04435330629
3259,1.0,0.7853981853,0.0,0.0,1.0,1.0,0.2714533752,0.3030434149,0.04402196407,0.04316437244
3260,1.0,0.7853981853,0.0,0.0,1.0,1.0,0.2780139553,0.3105834679,0.04575115442,0.04517197609
3261,1.0,0.7853981853,0.0,0.0,1.0,1.0,0.2687427001,0.2982522189,0.0432523489,0.04268693924
3262,1.0,0.7853981853,0.0,0.0,1.0,1.0,0.2673332935,0.2943020503,0.04355424643,0.04241555929
3263,1.0,0.0,0.0,0.0,1.0,1.0,0.2720993448,0.2998327694,0.04418420792,0.0433345437
3264,1.0,0.0,0.0,0.0,1.0,1.0,0.2728911968,0.3017923845,0.04428875446,0.04344248772
3265,1.0,0.0,0.0,0.0,1.0,1.0,0.269279611,0.2963461754,0.04370307922,0.04286265373
3266,1.0,0.0,0.0,0.0,1.0,1.0,0.2654767165,0.2974995914,0.04274779558,0.04274785519
3267,1.0,0.0,0.0,0.0,1.0,1.0,0.2766620318,0.3052767764,0.04523539543,0.04438722134
3268,1.0,0.0,0.0,0.0,1.0,1.0,0.2722555847,0.3053849454,0.04415214062,0.04386729002
3269,1.0,0.0,0.0,0.0,1.0,1.0,0.2735314978,0.3029805255,0.04461312294,0.04404115677
3270,1.0,0.0,0.0,0.0,1.0,1.0,0.2717780095,0.3010129987,0.04359269142,0.04303020239
3271,1.0,0.0,0.0,0.0,1.0,1.0,0.2724143417,0.3006291839,0.04441910982,0.04355382919
3272,1.0,0.0,0.0,0.0,1.0,1.0,0.2761380272,0.3018314979,0.04446935654,0.04332178831
3273,1.0,0.0,0.0,0.0,1.0,1.0,0.1697163685,0.2105206747,0.02628839016,0.02891725302
3274,1.0,0.0,0.0,0.0,1.0,1.0,0.07417754436,0.1658268158,0.01120960712,0.02182918787
3275,1.0,0.0,0.0,0.0,1.0,1.0,0.07222555061,0.1465847869,0.01103174686,0.01967817545
3276,1.0,0.0,0.0,0.0,1.0,1.0,0.1294513688,0.159393714,0.01969116926,0.02142864466
3277,1.0,0.0,0.0,0.0,1.0,1.0,0.2150932675,0.2250809776,0.03343784809,0.03142005205
3278,1.0,0.0,0.0,0.0,1.0,1.0,0.2634893017,0.2812195324,0.04185920954,0.04012709856
3279,1.0,0.0,0.0,0.0,1.0,1.0,0.2738939621,0.2965822508,0.04398155212,0.04252523184
3280,1.0,0.0,0.0,0.0,1.0,1.0,0.2752084266,0.3034744845,0.04408472776,0.04350471497
3281,1.0,0.0,0.0,0.0,1.0,1.0,0.2743919542,0.3014510759,0.04323637486,0.04266375303
3282,1.0,0.0,0.0,0.0,1.0,1.0,0.2804188799,0.302619764,0.04463469982,0.04349023104
3283,1.0,0.0,0.0,0.0,1.0,1.0,0.2868275501,0.3212489199,0.04578649998,0.04607081413
3284,1.0,0.0,0.0,0.0,1.0,1.0,0.2822577302,0.3140539661,0.04454529285,0.04454535246
3285,1.0,0.0,0.0,0.0,1.0,1.0,0.2794896794,0.310103548,0.04463505745,0.04435259104
3286,1.0,0.0,0.0,0.0,1.0,1.0,0.282029278,0.3133174446,0.04610216618,0.04552596807
3287,1.0,0.0,0.0,0.0,1.0,1.0,0.2870736668,0.3219546613,0.04616928101,0.04645431042
3288,1.0,0.0,0.0,0.0,1.0,1.0,0.2840332182,0.3128174449,0.04607248306,0.04578453302
3289,1.0,0.0,0.0,0.0,1.0,1.0,0.2850460245,0.3133173332,0.04620683193,0.04562926292
3290,1.0,0.0,0.0,0.0,1.0,1.0,0.2758316795,0.3018312133,0.04518330097,0.04430305958
3291,1.0,0.0,0.0,0.0,1.0,1.0,0.280981579,0.3118257085,0.04591208696,0.04533094168
3292,1.0,0.0,0.0,0.0,1.0,1.0,0.277125872,0.3066017806,0.04479652643,0.04450756311
3293,1.0,0.0,0.0,0.0,1.0,1.0,0.2858085953,0.3192663394,0.04642295837,0.04642295837
3294,1.0,0.0,0.0,0.0,1.0,1.0,0.2751571684,0.3093508544,0.04492300749,0.04521280527
3295,1.0,0.0,0.0,0.0,1.0,1.0,0.2748467662,0.3038304402,0.04438412189,0.04380768538
3296,1.0,0.0,0.0,0.0,1.0,1.0,0.2863263482,0.3178226133,0.04529458284,0.04529464245
3297,1.0,0.0,0.0,0.0,1.0,1.0,0.2755218922,0.3082956562,0.04449218512,0.04449218512
3298,1.0,0.0,0.0,0.0,1.0,1.0,0.2835042165,0.3170920299,0.04563564062,0.04563564062
3299,1.0,0.0,0.0,0.0,1.0,1.0,0.2755220395,0.3070576819,0.04400187731,0.04400187731
3300,1.0,0.0,0.0,0.0,1.0,1.0,0.281709617,0.3150848008,0.0451348424,0.0451348424
3301,1.0,0.0,0.0,0.0,1.0,1.0,0.2809240745,0.313824801,0.04516613483,0.0454556942
3302,1.0,0.0,0.0,0.0,1.0,1.0,0.2898734999,0.3205380746,0.04736983776,0.04678863287
3303,1.0,0.0,0.0,0.0,1.0,1.0,0.2875836018,0.3140538455,0.04652315378,0.04566162825
3304,1.0,0.0,0.0,0.0,1.0,1.0,0.2733816473,0.300227265,0.04457908869,0.04400014877
3305,1.0,0.0,0.0,0.0,1.0,1.0,0.2771262839,0.3085928243,0.04486083984,0.04486083984
3306,1.0,0.0,0.0,0.0,1.0,1.0,0.272249584,0.3014188694,0.04403275251,0.04403269291
3307,1.0,0.0,0.0,0.0,1.0,1.0,0.2740403046,0.3066015786,0.04408866167,0.04437685013
3308,1.0,0.0,0.0,0.0,1.0,1.0,0.2789140332,0.3118258518,0.04537850618,0.04537850618
3309,1.0,0.0,0.0,0.0,1.0,1.0,0.2758315682,0.3058295066,0.04470235109,0.04441213608
3310,1.0,0.0,0.0,0.0,1.0,1.0,0.2771259289,0.3046109328,0.0440761447,0.04350745678
3311,1.0,0.0,0.0,0.0,1.0,1.0,0.2876090859,0.3093511956,0.04588729143,0.04474014044
3312,1.0,0.0,0.0,0.0,1.0,1.0,0.2868275107,0.3167523805,0.04564660788,0.04564660788
3313,1.0,0.0,0.0,0.0,1.0,1.0,0.2895906325,0.3201333848,0.04669332504,0.04669332504
3314,1.0,0.0,0.0,0.0,1.0,1.0,0.279701184,0.3029803917,0.044678092,0.04382437468
3315,1.0,0.0,0.0,0.0,1.0,1.0,0.2840141859,0.3113336969,0.04564398527,0.04535502195
3316,1.0,0.0,0.0,0.0,1.0,1.0,0.2915041878,0.3213891789,0.04656326771,0.04743087292
3317,1.0,0.0,0.0,0.0,1.0,1.0,0.2793355145,0.3081283432,0.04445552826,0.04503291845
3318,1.0,0.0,0.0,0.0,1.0,1.0,0.2915804691,0.3128172006,0.04610270262,0.04610264301
3319,1.0,0.0,0.0,0.0,1.0,1.0,0.3000133165,0.3254000098,0.04790633917,0.04848355055
3320,1.0,0.0,0.0,0.0,1.0,1.0,0.2980152445,0.3181814494,0.04703861475,0.0467517972
3321,1.0,0.0,0.0,0.0,1.0,1.0,0.2972792903,0.3188880523,0.04641503096,0.04669976234
3322,1.0,0.0,0.0,0.0,1.0,1.0,0.2535622124,0.2587486145,0.039070189,0.03735905886
3323,1.0,0.0,0.0,0.0,1.0,1.0,0.09956120382,0.1349456389,0.01490420103,0.01834362745
3324,1.0,0.0,0.0,0.0,1.0,1.0,0.09490836296,0.1270479174,0.014108181,0.0172753334
3325,1.0,0.0,0.0,0.0,1.0,1.0,0.1206870247,0.1178204719,0.01812928915,0.01642972231
3326,1.0,0.0,0.0,0.0,1.0,1.0,0.2332627604,0.2431074164,0.03629899025,0.03518211842
3327,1.0,0.0,0.0,0.0,1.0,1.0,0.2552533027,0.2641110311,0.0396091938,0.03877234459
3328,1.0,0.0,0.0,0.0,1.0,1.0,0.2781212497,0.2937291157,0.0434114337,0.04313135147
3329,1.0,0.0,0.0,0.0,1.0,1.0,0.2758315087,0.2907121276,0.04342800379,0.04314601421
3330,1.0,0.0,0.0,0.0,1.0,1.0,0.2873622107,0.3021123521,0.04498267174,0.04498261213
3331,1.0,0.0,0.0,0.0,1.0,1.0,0.2884049283,0.3009684409,0.04467171431,0.04467177391
3332,1.0,0.0,0.0,0.0,1.0,1.0,0.2917290917,0.2983408671,0.04509299994,0.04453629255
3333,1.0,0.0,0.0,0.0,1.0,1.0,0.2826889787,0.2952900997,0.04312974215,0.04340803623
3334,1.0,0.0,0.0,0.0,1.0,1.0,0.09547501698,0.1484526494,0.01343894005,0.02030140162
3335,1.0,0.0,0.0,0.0,1.0,1.0,0.1208340494,0.1617949407,0.01690948009,0.02264153957
3336,1.0,0.0,0.0,0.0,1.0,1.0,0.09538223099,0.1312993437,0.01302951574,0.01897782087
3337,1.0,0.0,0.0,0.0,1.0,1.0,0.09810455174,0.1135729341,0.01341426373,0.01676785946
3338,1.0,0.0,0.0,0.0,1.0,1.0,0.2178008296,0.1929072485,0.02999782562,0.02943718433
3339,1.0,-0.7853981853,0.0,0.0,1.0,1.0,0.2937136338,0.2418004494,0.04012924433,0.03762114048
3340,1.0,-0.7853981853,0.0,0.0,1.0,1.0,0.3289567714,0.2525280802,0.04405039549,0.03984177113
3341,1.0,-0.7853981853,0.0,0.0,1.0,1.0,0.3366106433,0.2559122278,0.04557186365,0.04163348675
3342,1.0,-0.7853981853,0.0,0.0,1.0,1.0,0.3533592066,0.2670923336,0.04800665379,0.04402977228
3343,1.0,-0.7853981853,0.0,0.0,1.0,1.0,0.3561110383,0.2716253854,0.04772031307,0.04431170225
3344,1.0,-0.7853981853,0.0,0.0,1.0,1.0,0.3664621491,0.2789537113,0.05011320114,0.04641163349
3345,1.0,-0.7853981853,0.0,0.0,1.0,1.0,0.3495432246,0.2697455346,0.04672712088,0.04364925623
3346,1.0,-0.7853981853,0.0,0.0,1.0,1.0,0.3500155637,0.2706824437,0.04728484154,0.04443639517
3347,1.0,-0.7853981853,0.0,0.0,1.0,1.0,0.3603855475,0.2853076546,0.04911917448,0.0471201539
3348,1.0,-0.7853981853,0.0,0.0,1.0,1.0,0.3470864387,0.2741524688,0.04778492451,0.04548203945
3349,1.0,-0.7853981853,0.0,0.0,1.0,1.0,0.3401460204,0.2782134123,0.04652714729,0.04509115219
3350,1.0,-0.7853981853,0.0,0.0,1.0,1.0,0.3331475711,0.2694923186,0.04521679878,0.04348874092
3351,1.0,-0.7853981853,0.0,0.0,1.0,1.0,0.3387939365,0.2748464531,0.04655623436,0.04481035471
3352,1.0,-0.7853981853,0.0,0.0,1.0,1.0,0.2487691399,0.2231227317,0.03274291754,0.03475350142
3353,1.0,0.0,0.0,0.0,1.0,1.0,0.1015596243,0.1834180624,0.01290136576,0.02873492241
3354,1.0,0.0,0.0,0.0,1.0,1.0,0.1084843921,0.1822291774,0.01365733147,0.02818644047
3355,1.0,0.0,0.0,0.0,1.0,1.0,0.09646712418,0.1495515364,0.01245880127,0.02375859022
3356,1.0,-0.7853981853,0.0,0.0,1.0,1.0,0.1889054835,0.1745351761,0.02490514517,0.02751153708
3357,1.0,-0.7853981853,0.0,0.0,1.0,1.0,0.2673664292,0.2291139558,0.03563195467,0.03591477871
3358,1.0,-0.7853981853,0.0,0.0,1.0,1.0,0.3112667465,0.2561746592,0.04219955206,0.04076421261
3359,1.0,-0.7853981853,0.0,0.0,1.0,1.0,0.2989784518,0.2462390634,0.04012346268,0.03897702694
3360,1.0,0.0,0.0,0.0,1.0,1.0,0.3027971362,0.2480500522,0.0404894948,0.03879064322
3361,1.0,0.0,0.0,0.0,1.0,1.0,0.2112110424,0.1859862701,0.02796363831,0.02854019403
3362,1.0,0.0,0.0,0.0,1.0,1.0,0.1103137558,0.1771401292,0.01422482729,0.02702718973
3363,1.0,0.0,0.0,0.0,1.0,1.0,0.134415512,0.1825547172,0.01752924919,0.02799016237
3364,1.0,0.0,0.0,0.0,1.0,1.0,0.1155673042,0.1757257466,0.01526486874,0.02713745832
3365,1.0,0.0,0.0,0.0,1.0,1.0,0.097403146,0.1629524903,0.0132971406,0.02601617575
3366,1.0,0.0,0.0,0.0,1.0,1.0,0.121271278,0.1417390947,0.0163474679,0.02198451757
3367,1.0,0.0,0.0,0.0,1.0,1.0,0.1917298035,0.1860662235,0.02675384283,0.0298845768
3368,1.0,0.0,0.0,0.0,1.0,1.0,0.2107257763,0.2023520208,0.02950358391,0.03231346607
3369,1.0,0.0,0.0,0.0,1.0,1.0,0.2400232108,0.2226826624,0.03402382135,0.03541827202
3370,1.0,0.0,0.0,0.0,1.0,1.0,0.243054712,0.2279431255,0.03464657068,0.03603249788
3371,1.0,0.0,0.0,0.0,1.0,1.0,0.2594704603,0.242920054,0.03710716963,0.03848153353
3372,1.0,0.0,0.0,0.0,1.0,1.0,0.2612177034,0.244690683,0.03818762302,0.03929448128
3373,1.0,0.0,0.0,0.0,1.0,1.0,0.2602319893,0.2455377768,0.03752774,0.03861552477
3374,1.0,0.0,0.0,0.0,1.0,1.0,0.2708409434,0.2568495728,0.03911203146,0.04048925638
3375,1.0,0.0,0.0,0.0,1.0,1.0,0.2657692214,0.2542132992,0.03915059566,0.0402534008
3376,1.0,0.0,0.0,0.0,1.0,1.0,0.2722361343,0.2594372457,0.03892099857,0.0397207737
3377,1.0,0.0,0.0,0.0,1.0,1.0,0.2596678856,0.2489898522,0.03749090433,0.03856980801
3378,1.0,0.0,0.0,0.0,1.0,1.0,0.2810349308,0.2673330731,0.04093664885,0.04147881269
3379,1.0,0.0,0.0,0.0,1.0,1.0,0.2831749921,0.2733668399,0.04149782658,0.04258280993
3380,1.0,0.0,0.0,0.0,1.0,1.0,0.2879122806,0.2785901157,0.0423759222,0.04318571091
3381,1.0,0.0,0.0,0.0,1.0,1.0,0.2920329899,0.2799124523,0.04355710745,0.04409819841
3382,1.0,0.0,0.0,0.0,1.0,1.0,0.2312138991,0.2357838131,0.03340286016,0.03609669209
3383,1.0,0.0,0.0,0.0,1.0,1.0,0.07403254458,0.238672579,0.010625422,0.03579097986
3384,1.0,0.0,0.0,0.0,1.0,1.0,0.06919206264,0.2286544042,0.009866893291,0.0339859724
3385,1.0,0.0,0.0,0.0,1.0,1.0,0.08150803178,0.2117775713,0.01138019562,0.03088903427
3386,1.0,0.0,0.0,0.0,1.0,1.0,0.08505896168,0.2102146705,0.01193320751,0.03091782331
3387,1.0,0.0,0.0,0.0,1.0,1.0,0.1162142168,0.191774584,0.0165964365,0.02876710892
3388,1.0,0.0,0.0,0.0,1.0,1.0,0.1580069124,0.2082172935,0.02252703905,0.03121221066
3389,1.0,0.0,0.0,0.0,1.0,1.0,0.1681477988,0.2121115775,0.02435338497,0.03228878975
3390,1.0,0.0,0.0,0.0,1.0,1.0,0.1697166686,0.2077693443,0.02452164888,0.03160566092
3391,1.0,0.0,0.0,0.0,1.0,1.0,0.172511525,0.2105968534,0.02511280775,0.0322099328
3392,1.0,0.0,0.0,0.0,1.0,1.0,0.1792889251,0.2139089814,0.02545797825,0.03222870827
3393,1.0,0.0,0.0,0.0,1.0,1.0,0.1865625088,0.21828965,0.02654218674,0.03277146816
3394,1.0,0.0,0.0,0.0,1.0,1.0,0.1960809407,0.2175043761,0.02821886539,0.03315031528
3395,1.0,0.0,0.0,0.0,1.0,1.0,0.1896471034,0.21750468,0.02722078562,0.03293722868
3396,1.0,0.0,0.0,0.0,1.0,1.0,0.1991298525,0.2157071041,0.0284768343,0.03254497051
3397,1.0,0.0,0.0,0.0,1.0,1.0,0.1961170632,0.2141660953,0.02841347456,0.03278476
3398,1.0,0.0,0.0,0.0,1.0,1.0,0.1941776098,0.2154593163,0.02777129412,0.0323997736
3399,1.0,0.0,0.0,0.0,1.0,1.0,0.2085297349,0.2213050288,0.03031235933,0.03386253119
3400,1.0,0.0,0.0,0.0,1.0,1.0,0.2231400846,0.2284439531,0.03233933449,0.03478515148
3401,1.0,0.0,0.0,0.0,1.0,1.0,0.2273166921,0.2328448726,0.03296840191,0.0354205966
3402,1.0,0.0,0.0,0.0,1.0,1.0,0.2343905778,0.2390750013,0.03410792351,0.03629082441
3403,1.0,0.0,0.0,0.0,1.0,1.0,0.2517250832,0.252547304,0.03667318821,0.03830313683
3404,1.0,0.0,0.0,0.0,1.0,1.0,0.2349435396,0.2399379032,0.03430777788,0.036213696
3405,1.0,0.0,0.0,0.0,1.0,1.0,0.2353826261,0.2372773661,0.0340154171,0.03563517332
3406,1.0,0.0,0.0,0.0,1.0,1.0,0.2406063869,0.2391523275,0.03504413366,0.03612244129
3407,1.0,0.0,0.0,0.0,1.0,1.0,0.2447233153,0.2426701967,0.03525489569,0.03633135557
3408,1.0,0.0,0.0,0.0,1.0,1.0,0.2545046994,0.2525470351,0.03716731071,0.03825247288
3409,1.0,0.0,0.0,0.0,1.0,1.0,0.2484591391,0.2489584831,0.03610998392,0.03746753931
3410,1.0,0.0,0.0,0.0,1.0,1.0,0.2544704632,0.2507494443,0.0371530056,0.03796064854
3411,1.0,0.0,0.0,0.0,1.0,1.0,0.2526061559,0.2507431826,0.03678107262,0.03784716129
3412,1.0,0.0,0.0,0.0,1.0,1.0,0.2489455933,0.2480884133,0.03631979227,0.03738796711
3413,1.0,0.0,0.0,0.0,1.0,1.0,0.2584452894,0.2568988885,0.03769057989,0.03848129511
3414,1.0,0.0,0.0,0.0,1.0,1.0,0.260178081,0.2576960419,0.03833043575,0.03912347555
3415,1.0,0.0,0.0,0.0,1.0,1.0,0.257569502,0.2542748847,0.03826320171,0.03880208731
3416,1.0,0.0,0.0,0.0,1.0,1.0,0.2624436155,0.2612574058,0.03929126263,0.04009854794
3417,1.0,0.0,0.0,0.0,1.0,1.0,0.2543704677,0.2533548248,0.03766202927,0.03873044252
3418,1.0,0.0,0.0,0.0,1.0,1.0,0.2535080131,0.2551768055,0.03732645512,0.03866916895
3419,1.0,0.0,0.0,0.0,1.0,1.0,0.2512358546,0.2516322508,0.03687953949,0.03822547197
3420,1.0,0.0,0.0,0.0,1.0,1.0,0.2638669954,0.2621773351,0.03909653425,0.03989988565
3421,1.0,0.0,0.0,0.0,1.0,1.0,0.2512357063,0.2516326158,0.03738534451,0.03874981403
3422,1.0,0.0,0.0,0.0,1.0,1.0,0.2526062298,0.2525281645,0.03688836098,0.0379576087
3423,1.0,0.0,0.0,0.0,1.0,1.0,0.2480365469,0.2463163608,0.03662896156,0.03743696213
3424,1.0,0.0,0.0,0.0,1.0,1.0,0.2470944948,0.247173658,0.03577250242,0.03684031963
3425,1.0,0.0,0.0,0.0,1.0,1.0,0.2406063617,0.2471737056,0.03473716974,0.03687483072
3426,1.0,0.0,0.0,0.0,1.0,1.0,0.2452504733,0.2507562122,0.03583937883,0.03772568703
3427,1.0,0.0,0.0,0.0,1.0,1.0,0.2452505932,0.2516581506,0.03596764803,0.03786069155
3428,1.0,0.0,0.0,0.0,1.0,1.0,0.2322126244,0.2364270631,0.0340500474,0.03595679998
3429,1.0,0.0,0.0,0.0,1.0,1.0,0.2424571167,0.2435916577,0.03540790081,0.03675937653
3430,1.0,0.0,0.0,0.0,1.0,1.0,0.2387554968,0.2471546538,0.0346545577,0.03680372238
3431,1.0,0.0,0.0,0.0,1.0,1.0,0.2158943852,0.2299440676,0.03125828505,0.03422242403
3432,1.0,0.0,0.0,0.0,1.0,1.0,0.1954213558,0.2263228666,0.02857637405,0.03401952982
3433,1.0,0.0,0.0,0.0,1.0,1.0,0.1640589982,0.2186282739,0.02355074883,0.03221321106
3434,1.0,0.0,0.0,0.0,1.0,1.0,0.07995553869,0.2323427626,0.01146483421,0.03439444304
3435,1.0,0.0,0.0,0.0,1.0,1.0,0.06840280222,0.2397183047,0.009703159332,0.03503918648
3436,1.0,0.0,0.0,0.0,1.0,1.0,0.06714098494,0.2432601437,0.009455561638,0.03485047817
3437,1.0,0.0,0.0,0.0,1.0,1.0,0.06701240991,0.2526892054,0.009517073631,0.03643679619
3438,1.0,0.0,0.0,0.0,1.0,1.0,0.07396263903,0.2470741702,0.01054382324,0.03595709801
3439,1.0,0.0,0.0,0.0,1.0,1.0,0.07568585609,0.2536463855,0.01071172953,0.03680443764
3440,1.0,0.0,0.0,0.0,1.0,1.0,0.0765855353,0.2517536894,0.01094025373,0.03637641668
3441,1.0,0.0,0.0,0.0,1.0,1.0,0.08424392847,0.2526892541,0.01191717386,0.03629332781
3442,1.0,0.0,0.0,0.0,1.0,1.0,0.08123993749,0.2526268735,0.01176732779,0.03749138117
3443,1.0,0.0,0.0,0.0,1.0,1.0,0.08185925797,0.2451458564,0.01171588898,0.03542000055
3444,1.0,0.0,0.0,0.0,1.0,1.0,0.09085840869,0.2574319969,0.01279330254,0.03701889515
3445,1.0,0.0,0.0,0.0,1.0,1.0,0.08612442448,0.2557164599,0.01197236776,0.03647387028
3446,1.0,0.0,0.0,0.0,1.0,1.0,0.0854393846,0.2498605595,0.01193892956,0.03553915024
3447,1.0,0.0,0.0,0.0,1.0,1.0,0.07688027861,0.241928734,0.01071113348,0.03438836336
3448,1.0,0.0,0.0,0.0,1.0,1.0,0.0856097057,0.2537953181,0.01210057735,0.03630167246
3449,1.0,0.0,0.0,0.0,1.0,1.0,0.07704045353,0.2437660788,0.01075845957,0.03489220142
3450,1.0,0.0,0.0,0.0,1.0,1.0,0.06871173064,0.2467759235,0.009752750397,0.03546452522
3451,1.0,0.0,0.0,0.0,1.0,1.0,0.08745120448,0.2652839384,0.01234209538,0.03790783882
3452,1.0,0.0,0.0,0.0,1.0,1.0,0.1089537251,0.2591916709,0.01536536217,0.03693604469
3453,1.0,0.0,0.0,0.0,1.0,1.0,0.1180776085,0.2729567568,0.01656091213,0.03844493628
3454,1.0,0.0,0.0,0.0,1.0,1.0,0.0923856506,0.2626737517,0.01278609037,0.03574281931
3455,1.0,0.0,0.0,0.0,1.0,1.0,0.1029727135,0.2780871238,0.01456052065,0.03797155619
3456,1.0,0.0,0.0,0.0,1.0,1.0,0.1108250739,0.2792561034,0.01570892334,0.037987113
3457,1.0,0.0,0.0,0.0,1.0,1.0,0.128641007,0.2885419921,0.01822644472,0.03869616985
3458,1.0,0.0,0.0,0.0,1.0,1.0,0.1388113387,0.2790110195,0.01989465952,0.03808408976
3459,1.0,0.0,0.0,0.0,1.0,1.0,0.1452344025,0.2852658597,0.02152389288,0.0399324894
3460,1.0,0.0,0.0,0.0,1.0,1.0,0.1335207725,0.2771564834,0.01973205805,0.03830343485
3461,1.0,0.0,0.0,0.0,1.0,1.0,0.1388656204,0.256004374,0.02105158567,0.03706264496
3462,1.0,0.0,0.0,0.0,1.0,1.0,0.1473278248,0.2727644704,0.02188384533,0.0387403965
3463,1.0,0.0,0.0,0.0,1.0,1.0,0.1542227517,0.2613601311,0.02330124378,0.03782659769
3464,1.0,0.0,0.0,0.0,1.0,1.0,0.1622339219,0.2897542366,0.02440863848,0.04158514738
3465,1.0,0.0,0.0,0.0,1.0,1.0,0.1556019007,0.2759962106,0.02375423908,0.04019939899
3466,1.0,0.0,0.0,0.0,1.0,1.0,0.1659074347,0.2831751669,0.02479273081,0.0406242013
3467,1.0,0.0,0.0,0.0,1.0,1.0,0.1632553254,0.28317519,0.02485150099,0.0412171483
3468,1.0,0.0,0.0,0.0,1.0,1.0,0.1588647757,0.2727642942,0.02407556772,0.03992283344
3469,1.0,0.0,0.0,0.0,1.0,1.0,0.154369325,0.2632274399,0.02397882938,0.03934985399
3470,1.0,0.0,0.0,0.0,1.0,1.0,0.1519152044,0.2591913086,0.02378624678,0.03912210464
3471,1.0,0.0,0.0,0.0,1.0,1.0,0.1519148383,0.254024801,0.02305299044,0.03700619936
3472,1.0,0.0,0.0,0.0,1.0,1.0,0.1570832634,0.2673404073,0.02453023195,0.03986161947
3473,1.0,0.0,0.0,0.0,1.0,1.0,0.1626076229,0.2723889997,0.02503156662,0.04060000181
3474,1.0,0.0,0.0,0.0,1.0,1.0,0.1566583709,0.2632276008,0.02441293001,0.03955519199
3475,1.0,0.0,0.0,0.0,1.0,1.0,0.1610103618,0.2714533925,0.02510654926,0.04041540623
3476,1.0,0.0,0.0,0.0,1.0,1.0,0.159989606,0.2621488638,0.0243679285,0.03850740194
3477,1.0,0.0,0.0,0.0,1.0,1.0,0.1523902864,0.2570583327,0.0234939456,0.03813952208
3478,1.0,0.0,0.0,0.0,1.0,1.0,0.157083225,0.2601006211,0.02446955442,0.03884541988
3479,1.0,0.0,0.0,0.0,1.0,1.0,0.1560392379,0.2580523717,0.02400189638,0.03828150034
3480,1.0,0.0,0.0,0.0,1.0,1.0,0.1520889198,0.2498602865,0.02341258526,0.0370952487
3481,1.0,0.0,0.0,0.0,1.0,1.0,0.1498176945,0.250888523,0.02330172062,0.03740537167
3482,1.0,0.0,0.0,0.0,1.0,1.0,0.1555554295,0.2609876933,0.0245179534,0.03953510523
3483,1.0,0.0,0.0,0.0,1.0,1.0,0.1587350103,0.2599356474,0.02507358789,0.03993201256
3484,1.0,0.0,0.0,0.0,1.0,1.0,0.153760186,0.2641967684,0.02377349138,0.03931772709
3485,1.0,0.0,0.0,0.0,1.0,1.0,0.1379900233,0.2468009613,0.02096265554,0.0362354517
3486,1.0,0.0,0.0,0.0,1.0,1.0,0.1246747953,0.2403717892,0.01830494404,0.0342091918
3487,1.0,0.0,0.0,0.0,1.0,1.0,0.1212710521,0.2402090822,0.01775932312,0.03429389
3488,1.0,0.0,0.0,0.0,1.0,1.0,0.1135267494,0.2550879723,0.01612752676,0.03513503075
3489,1.0,0.0,0.0,0.0,1.0,1.0,0.1139895416,0.2729567894,0.01582294703,0.03673177958
3490,1.0,0.0,0.0,0.0,1.0,1.0,0.06119018619,0.2111794959,0.00872272253,0.02936661243
3491,1.0,0.0,0.0,0.0,1.0,1.0,0.1229473576,0.1658991487,0.01796609163,0.02376157045
3492,1.0,0.0,0.0,0.0,1.0,1.0,0.2601284634,0.2478617558,0.03830611706,0.03571403027
3493,1.0,0.0,0.0,0.0,1.0,1.0,0.2855550704,0.2690805872,0.04190552235,0.03870439529
3494,1.0,0.0,0.0,0.0,1.0,1.0,0.122667985,0.2073528932,0.01733314991,0.02841496468
3495,1.0,0.0,0.0,0.0,1.0,1.0,0.105308917,0.3023523379,0.01496624947,0.04066306353
3496,1.0,0.0,0.0,0.0,1.0,1.0,0.05075305934,0.2733168058,0.007273972034,0.03748881817
3497,1.0,0.0,0.0,0.0,1.0,1.0,0.1190261584,0.2223169067,0.01830995083,0.03284168243
3498,1.0,0.0,0.0,0.0,1.0,1.0,0.2498605744,0.283932421,0.03900110722,0.04239249229
3499,1.0,0.0,0.0,0.0,1.0,1.0,0.2781215193,0.302070503,0.04268550873,0.04461324215
3500,1.0,0.0,0.0,0.0,1.0,1.0,0.04675725715,0.2746403551,0.006617188454,0.036670506
3501,1.0,0.0,0.0,0.0,1.0,1.0,0.06625086671,0.2990299976,0.009627759457,0.04098677635
3502,1.0,0.0,0.0,0.0,1.0,1.0,0.04228427258,0.2630111996,0.006014704704,0.03554129601
3503,1.0,0.0,0.0,0.0,1.0,1.0,0.1225728774,0.2034437889,0.01784300804,0.02827435732
3504,1.0,0.0,0.0,0.0,1.0,1.0,0.2338729148,0.2489102491,0.03524839878,0.03607451916
3505,1.0,0.0,0.0,0.0,1.0,1.0,0.2963352014,0.295636779,0.04555147886,0.04385399818
3506,1.0,0.0,0.0,0.0,1.0,1.0,0.2816109818,0.2861001053,0.04309302568,0.04224807024
3507,1.0,0.0,0.0,0.0,1.0,1.0,0.2928767231,0.2907122912,0.04579705,0.04379343987
3508,1.0,0.0,0.0,0.0,1.0,1.0,0.2740699583,0.2763607043,0.04170525074,0.04059308767
3509,1.0,0.0,0.0,0.0,1.0,1.0,0.2959957337,0.2975864614,0.04454600811,0.04372102022
3510,1.0,0.0,0.0,0.0,1.0,1.0,0.2969356217,0.2946115589,0.04497230053,0.04332697392
3511,1.0,0.0,0.0,0.0,1.0,1.0,0.2781212668,0.2850261641,0.04197013378,0.04169934988
3512,1.0,0.0,0.0,0.0,1.0,1.0,0.2873394908,0.2884422312,0.04388415813,0.04279392958
3513,1.0,0.0,0.0,0.0,1.0,1.0,0.2929090526,0.2957907453,0.04524582624,0.04414898157
3514,1.0,0.0,0.0,0.0,1.0,1.0,0.2926054909,0.3001986607,0.04475420713,0.04421502352
3515,1.0,0.0,0.0,0.0,1.0,1.0,0.2868274764,0.2931941283,0.0439542532,0.04340821505
3516,1.0,0.0,0.0,0.0,1.0,1.0,0.2837699501,0.2935163657,0.04330545664,0.04303312302
3517,1.0,0.0,0.0,0.0,1.0,1.0,0.3046427163,0.306102146,0.04672002792,0.04535394907
3518,1.0,0.0,0.0,0.0,1.0,1.0,0.2987839775,0.3089180808,0.04600721598,0.04573816061
3519,1.0,0.0,0.0,0.0,1.0,1.0,0.296325734,0.3100456668,0.04619938135,0.04647272825
3520,1.0,0.0,0.0,0.0,1.0,1.0,0.2870549931,0.3056901326,0.04476284981,0.04558169842
3521,1.0,0.0,0.0,0.0,1.0,1.0,0.2898204527,0.3116344446,0.04518318176,0.04627859592
3522,1.0,0.0,0.0,0.0,1.0,1.0,0.2940564949,0.3183410342,0.04503232241,0.04610455036
3523,1.0,0.0,0.0,0.0,1.0,1.0,0.287296072,0.3153221781,0.04482829571,0.04645842314
3524,1.0,0.0,0.0,0.0,1.0,1.0,0.2708275384,0.3039346546,0.04265481234,0.0448563695
3525,1.0,0.0,0.0,0.0,1.0,1.0,0.0368118732,0.3338135511,0.005352377892,0.04469233751
3526,1.0,0.0,0.0,0.0,1.0,1.0,0.04353269368,0.3113341657,0.006493330002,0.04247736931
3527,1.0,0.0,0.0,0.0,1.0,1.0,0.03128996666,0.2950160701,0.004631459713,0.04004865885
3528,1.0,0.0,0.0,0.0,1.0,1.0,0.1314582594,0.2527773391,0.01971548796,0.03510975838
3529,1.0,0.0,0.0,0.0,1.0,1.0,0.2136616625,0.2717112783,0.0330773592,0.03909140825
3530,1.0,0.0,0.0,0.0,1.0,1.0,0.2595041525,0.2949481122,0.03970825672,0.04212296009
3531,1.0,0.0,0.0,0.0,1.0,1.0,0.2652298201,0.3017179934,0.04100418091,0.04344809055
3532,1.0,0.0,0.0,0.0,1.0,1.0,0.2714532062,0.3036041063,0.0419126153,0.04381775856
3533,1.0,0.0,0.0,0.0,1.0,1.0,0.2751571855,0.3028611792,0.04208791256,0.04344558716
3534,1.0,0.0,0.0,0.0,1.0,1.0,0.280266687,0.311856092,0.04296332598,0.04485481977
3535,1.0,0.0,0.0,0.0,1.0,1.0,0.2883344004,0.3125594055,0.04461342096,0.04570823908
3536,1.0,0.0,0.0,0.0,1.0,1.0,0.2812591336,0.3039345255,0.0433627367,0.04445356131
3537,1.0,0.0,0.0,0.0,1.0,1.0,0.2880639233,0.3109374687,0.04430216551,0.04538273811
3538,1.0,0.0,0.0,0.0,1.0,1.0,0.292305882,0.3146389233,0.04516065121,0.04597193003
3539,1.0,0.0,0.0,0.0,1.0,1.0,0.2888457342,0.3083778308,0.04447841644,0.04529702663
3540,1.0,0.0,0.0,0.0,1.0,1.0,0.27920345,0.3016831232,0.04280346632,0.04443925619
3541,1.0,0.0,0.0,0.0,1.0,1.0,0.2802004057,0.2994583493,0.04248529673,0.04329717159
3542,1.0,0.0,0.0,0.0,1.0,1.0,0.2827599813,0.3050730171,0.04288321733,0.04396206141
3543,1.0,0.0,0.0,0.0,1.0,1.0,0.2896412182,0.3076640001,0.04418027401,0.04499846697
3544,1.0,0.0,0.0,0.0,1.0,1.0,0.2850457241,0.3072359692,0.04412394762,0.04577863216
3545,1.0,0.0,0.0,0.0,1.0,1.0,0.2845382953,0.3035344578,0.04328370094,0.04436588287
3546,1.0,0.0,0.0,0.0,1.0,1.0,0.2973691513,0.3089186092,0.04595822096,0.04623019695
3547,1.0,0.0,0.0,0.0,1.0,1.0,0.2918722701,0.3061019987,0.04473793507,0.0450090766
3548,1.0,0.0,0.0,0.0,1.0,1.0,0.2888456388,0.3013022237,0.04414594173,0.04441678524
3549,1.0,0.0,0.0,0.0,1.0,1.0,0.286578167,0.3090865017,0.04332512617,0.04522061348
3550,1.0,0.0,0.0,0.0,1.0,1.0,0.2939535975,0.3127881755,0.04465311766,0.04573559761
3551,1.0,0.0,0.0,0.0,1.0,1.0,0.2923900822,0.3038597073,0.04408252239,0.04434967041
3552,1.0,0.0,0.0,0.0,1.0,1.0,0.2807618408,0.3024140417,0.04253393412,0.04387146235
3553,1.0,0.0,0.0,0.0,1.0,1.0,0.2850519325,0.3009269674,0.04344648123,0.04425108433
3554,1.0,0.0,0.0,0.0,1.0,1.0,0.2984200364,0.3038598604,0.04532468319,0.04452013969
3555,1.0,0.0,0.0,0.0,1.0,1.0,0.2942608381,0.303466932,0.04518759251,0.04465281963
3556,1.0,0.0,0.0,0.0,1.0,1.0,0.2986028001,0.30935115,0.04526150227,0.04499530792
3557,1.0,0.0,0.0,0.0,1.0,1.0,0.2973690833,0.30385968,0.04532104731,0.04451656342
3558,1.0,0.0,0.0,0.0,1.0,1.0,0.3026477459,0.3093512419,0.04623264074,0.04542630911
3559,1.0,0.0,0.0,0.0,1.0,1.0,0.2936411784,0.3031397888,0.04436546564,0.04409825802
3560,1.0,0.0,0.0,0.0,1.0,1.0,0.2938500284,0.3031395666,0.04441922903,0.04388725758
3561,1.0,0.0,0.0,0.0,1.0,1.0,0.3001857609,0.3079457653,0.04537147284,0.04457074404
3562,1.0,0.0,0.0,0.0,1.0,1.0,0.2931227107,0.3049764315,0.04424083233,0.04424077272
3563,1.0,0.0,0.0,0.0,1.0,1.0,0.3000099333,0.3053852234,0.04509526491,0.04402798414
3564,1.0,0.0,0.0,0.0,1.0,1.0,0.2895907934,0.304258333,0.04411870241,0.04438775778
3565,1.0,0.0,0.0,0.0,1.0,1.0,0.2982349992,0.3090866695,0.04490727186,0.04463994503
3566,1.0,0.0,0.0,0.0,1.0,1.0,0.2886088765,0.3016832454,0.04404240847,0.04431426525
3567,1.0,0.0,0.0,0.0,1.0,1.0,0.2832924705,0.2965376612,0.0425208807,0.04278498888
3568,1.0,0.0,0.0,0.0,1.0,1.0,0.2920904817,0.3049768618,0.0441917181,0.0441917181
3569,1.0,0.0,0.0,0.0,1.0,1.0,0.2775251088,0.2957908717,0.04241794348,0.04322338104
3570,1.0,0.0,0.0,0.0,1.0,1.0,0.2880639913,0.299465232,0.04424870014,0.04397892952
3571,1.0,0.0,0.0,0.0,1.0,1.0,0.2862981266,0.2998326806,0.04453980923,0.04453986883
3572,1.0,0.0,0.0,0.0,1.0,1.0,0.2903309979,0.3035341062,0.04410260916,0.04383528233
3573,1.0,0.0,0.0,0.0,1.0,1.0,0.2843090774,0.2976277994,0.04360723495,0.0433396697
3574,1.0,0.0,0.0,0.0,1.0,1.0,0.2883003558,0.3001984895,0.04416924715,0.04390156269
3575,1.0,0.0,0.0,0.0,1.0,1.0,0.2863076042,0.3038595744,0.04407632351,0.04488754272
3576,1.0,0.0,0.0,0.0,1.0,1.0,0.2805452,0.2976280538,0.04323989153,0.04378038645
3577,1.0,0.0,0.0,0.0,1.0,1.0,0.2735313961,0.2987265922,0.04201108217,0.04362696409
3578,1.0,0.0,0.0,0.0,1.0,1.0,0.1403707644,0.2320131712,0.02068126202,0.03226280212
3579,1.0,0.0,0.0,0.0,1.0,1.0,0.04595131277,0.2518919721,0.006577193737,0.03398221731
3580,1.0,0.0,0.0,0.0,1.0,1.0,0.08264613794,0.2306405833,0.01199901104,0.03181135654
3581,1.0,0.0,0.0,0.0,1.0,1.0,0.1869324911,0.2304914786,0.02796572447,0.03294974566
3582,1.0,0.0,0.0,0.0,1.0,1.0,0.2347444277,0.266641978,0.03593069315,0.03892487288
3583,1.0,0.0,0.0,0.0,1.0,1.0,0.2409368304,0.2705257967,0.03651255369,0.03894674778
3584,1.0,0.0,0.0,0.0,1.0,1.0,0.264036834,0.2879431187,0.04055589437,0.04218900204
3585,1.0,0.0,0.0,0.0,1.0,1.0,0.2622647712,0.2927468707,0.03987193108,0.04229658842
3586,1.0,0.0,0.0,0.0,1.0,1.0,0.2640368578,0.2927469983,0.04036396742,0.0425311923
3587,1.0,0.0,0.0,0.0,1.0,1.0,0.2667550757,0.2946115361,0.04063278437,0.04279983044
3588,1.0,0.0,0.0,0.0,1.0,1.0,0.2611155511,0.2904041202,0.03973674774,0.04220318794
3589,1.0,0.0,0.0,0.0,1.0,1.0,0.2779195324,0.2994585521,0.04213088751,0.04321122169
3590,1.0,0.0,0.0,0.0,1.0,1.0,0.2809819887,0.3050733584,0.04247415066,0.043818295
3591,1.0,0.0,0.0,0.0,1.0,1.0,0.2761381575,0.296476159,0.04179447889,0.04287302494
3592,1.0,0.0,0.0,0.0,1.0,1.0,0.2835297858,0.3057996392,0.04350608587,0.04459375143
3593,1.0,0.0,0.0,0.0,1.0,1.0,0.2777210328,0.3076641524,0.04242861271,0.04459059238
3594,1.0,0.0,0.0,0.0,1.0,1.0,0.2732160642,0.3057995463,0.04177618027,0.0442019105
3595,1.0,0.0,0.0,0.0,1.0,1.0,0.2648696372,0.2994583035,0.04043936729,0.04313534498
3596,1.0,0.0,0.0,0.0,1.0,1.0,0.2655609119,0.3017181875,0.03988581896,0.04311978817
3597,1.0,0.0,0.0,0.0,1.0,1.0,0.2516580673,0.296412631,0.03768730164,0.04199445248
3598,1.0,0.0,0.0,0.0,1.0,1.0,0.2498606327,0.2902226606,0.03712064028,0.04121482372
3599,1.0,0.0,0.0,0.0,1.0,1.0,0.2494051686,0.2907121906,0.03818070889,0.04263979197
3600,1.0,0.0,0.0,0.0,1.0,1.0,0.2425117968,0.2894137295,0.03728657961,0.04237109423
3601,1.0,0.0,0.0,0.0,1.0,1.0,0.2421792707,0.295636509,0.03777462244,0.04369455576
3602,1.0,0.0,0.0,0.0,1.0,1.0,0.05667927447,0.2864255472,0.008484184742,0.03987556696
3603,1.0,0.0,0.0,0.0,1.0,1.0,0.05062814041,0.3277522978,0.007686138153,0.04611706734
3604,1.0,0.0,0.0,0.0,1.0,1.0,0.05780347692,0.3058293178,0.009142637253,0.0451233983
3605,1.0,0.0,0.0,0.0,1.0,1.0,0.05448101468,0.2998327292,0.00860530138,0.04451006651
3606,1.0,0.0,0.0,0.0,1.0,1.0,0.04842285511,0.2873393732,0.007471978664,0.04124504328
3607,1.0,0.0,0.0,0.0,1.0,1.0,0.091027234,0.2498605817,0.01473963261,0.03760111332
3608,1.0,0.0,0.0,0.0,1.0,1.0,0.1364550937,0.278276013,0.02174454927,0.04172605276
3609,1.0,0.0,0.0,0.0,1.0,1.0,0.1511442726,0.2727562068,0.02317625284,0.03968936205
3610,1.0,0.0,0.0,0.0,1.0,1.0,0.1761537468,0.2869492788,0.02738976479,0.04238212109
3611,1.0,0.0,0.0,0.0,1.0,1.0,0.1668826618,0.2900338414,0.02600395679,0.04276204109
3612,1.0,0.0,0.0,0.0,1.0,1.0,0.1847397923,0.2939537868,0.02873176336,0.04309767485
3613,1.0,0.0,0.0,0.0,1.0,1.0,0.1507539149,0.2844260605,0.02349460125,0.04176813364
3614,1.0,0.0,0.0,0.0,1.0,1.0,0.04795808988,0.3282684383,0.007252216339,0.04554367065
3615,1.0,0.0,0.0,0.0,1.0,1.0,0.05563132566,0.3170497363,0.008196949959,0.04268050194
3616,1.0,0.0,0.0,0.0,0.0,1.0,0.0,0.3187519518,0.0,0.04489946365
3617,1.0,0.0,0.0,0.0,1.0,1.0,0.1035203197,0.2700104063,0.01565998793,0.03815340996
3618,1.0,0.0,0.0,0.0,1.0,1.0,0.141448026,0.2827106508,0.02184534073,0.04081630707
3619,1.0,0.0,0.0,0.0,1.0,1.0,0.1678169479,0.2903517187,0.02609986067,0.04262971878
3620,1.0,0.0,0.0,0.0,1.0,1.0,0.150194461,0.2813389292,0.02370530367,0.04185009003
3621,1.0,0.0,0.0,0.0,1.0,1.0,0.1696812184,0.28611491,0.02580434084,0.04140043259
3622,1.0,0.0,0.0,0.0,1.0,1.0,0.165321219,0.2815885149,0.02512460947,0.04054194689
3623,1.0,0.0,0.0,0.0,1.0,1.0,0.1768099379,0.2841551525,0.02682971954,0.04095065594
3624,1.0,0.0,0.0,0.0,1.0,1.0,0.1749489021,0.2813390779,0.02715843916,0.04131549597
3625,1.0,0.0,0.0,0.0,1.0,1.0,0.1899308518,0.281695911,0.0296074748,0.0419678688
3626,1.0,0.0,0.0,0.0,1.0,1.0,0.1810450814,0.2769770202,0.02799516916,0.0408500433
3627,1.0,0.0,0.0,0.0,1.0,1.0,0.1095795539,0.2609878819,0.01671135426,0.0371683836
3628,1.0,0.0,0.0,0.0,1.0,1.0,0.05455079201,0.2915035927,0.008030116558,0.04015028477
3629,1.0,0.0,0.0,0.0,1.0,1.0,0.05301572679,0.2897544088,0.00785535574,0.04014950991
3630,1.0,0.0,0.0,0.0,1.0,1.0,0.06441732243,0.2918536888,0.009412765503,0.03964757919
3631,1.0,0.0,0.0,0.0,1.0,1.0,0.07346011654,0.2655421125,0.01105123758,0.03693431616
3632,1.0,0.0,0.0,0.0,1.0,1.0,0.08566631104,0.22954671,0.01263517141,0.03172838688
3633,1.0,0.0,0.0,0.0,1.0,1.0,0.1173587809,0.2225480325,0.0173382163,0.03076136112
3634,1.0,0.0,0.0,0.0,1.0,1.0,0.11813294,0.2315779872,0.01756060123,0.03177630901
3635,1.0,0.0,0.0,0.0,1.0,1.0,0.1371414076,0.2397855661,0.02036499977,0.03319776058
3636,1.0,0.0,0.0,0.0,1.0,1.0,0.1528996082,0.2389102854,0.02260774374,0.03308451176
3637,1.0,0.0,0.0,0.0,1.0,1.0,0.1610819851,0.237962594,0.02453655005,0.03345900774
3638,1.0,0.0,0.0,0.0,1.0,1.0,0.1869327309,0.2399454412,0.02781492472,0.03332281113
3639,1.0,0.0,0.0,0.0,1.0,1.0,0.1739769696,0.2418649902,0.02569359541,0.03307366371
3640,1.0,0.0,0.0,0.0,1.0,1.0,0.1711749753,0.2428922228,0.0252982378,0.03318697214
3641,1.0,0.0,0.0,0.0,1.0,1.0,0.1846795631,0.2449993462,0.02793365717,0.03450626135
3642,1.0,0.0,0.0,0.0,1.0,1.0,0.1732609999,0.2371224685,0.02605581284,0.03318685293
3643,1.0,0.0,0.0,0.0,1.0,1.0,0.1656635438,0.2303403672,0.02469015121,0.03201580048
3644,1.0,0.0,0.0,0.0,1.0,1.0,0.1680800167,0.2343653124,0.02495402098,0.03246700764
3645,1.0,0.0,0.0,0.0,1.0,1.0,0.1698867681,0.2353894714,0.02588164806,0.03359109163
3646,1.0,0.0,0.0,0.0,1.0,1.0,0.1632115607,0.2322924543,0.02463877201,0.03294402361
3647,1.0,0.0,0.0,0.0,1.0,1.0,0.1571333851,0.2304914857,0.02304583788,0.0318890214
3648,1.0,0.0,0.0,0.0,1.0,1.0,0.1557101145,0.2324280642,0.02311003208,0.03224653006
3649,1.0,0.0,0.0,0.0,1.0,1.0,0.1622711787,0.23215389,0.02420181036,0.0324524045
3650,1.0,0.0,0.0,0.0,1.0,1.0,0.09174578219,0.2572406157,0.01343291998,0.03486841917
3651,1.0,0.0,0.0,0.0,1.0,1.0,0.09363773346,0.2686000965,0.01369005442,0.03604125977
3652,1.0,0.0,0.0,0.0,1.0,1.0,0.08134987108,0.2351626672,0.01172322035,0.03126192093
3653,1.0,0.0,0.0,0.0,1.0,1.0,0.09205381484,0.2092328329,0.01371157169,0.02882230282
3654,1.0,0.0,0.0,0.0,1.0,1.0,0.1127476941,0.2164786603,0.01627391577,0.0295137763
3655,1.0,0.0,0.0,0.0,1.0,1.0,0.1150987919,0.2225478854,0.0165297389,0.03030455112
3656,1.0,0.0,0.0,0.0,1.0,1.0,0.1089257006,0.2234523839,0.01584094763,0.03057026863
3657,1.0,0.0,0.0,0.0,1.0,1.0,0.1085107494,0.2205246992,0.01591742039,0.03043860197
3658,1.0,0.0,0.0,0.0,1.0,1.0,0.1216550012,0.2229830316,0.01810389757,0.03119438887
3659,1.0,0.0,0.0,0.0,1.0,1.0,0.1186719331,0.2310964101,0.01771306992,0.03238177299
3660,1.0,0.0,0.0,0.0,1.0,1.0,0.126767284,0.2339964938,0.01885950565,0.03225255013
3661,1.0,0.0,0.0,0.0,1.0,1.0,0.1246977713,0.2307948389,0.01829683781,0.03140497208
3662,1.0,0.0,0.0,0.0,1.0,1.0,0.138554609,0.2320132353,0.02048999071,0.03196442127
3663,1.0,0.0,0.0,0.0,1.0,1.0,0.1354555799,0.2183820983,0.02051854134,0.030777812
3664,1.0,0.0,0.0,0.0,1.0,1.0,0.133624957,0.2144473129,0.01989912987,0.02971243858
3665,1.0,0.0,0.0,0.0,1.0,1.0,0.1422560773,0.2214449483,0.02176833153,0.0315362215
3666,1.0,0.0,0.0,0.0,1.0,1.0,0.1438046403,0.2227437399,0.02236330509,0.03214722872
3667,1.0,0.0,0.0,0.0,1.0,1.0,0.1543124452,0.2255549012,0.02409976721,0.03250664473
3668,1.0,0.0,0.0,0.0,1.0,1.0,0.1471348388,0.2160957352,0.02267539501,0.03097134829
3669,1.0,0.0,0.0,0.0,1.0,1.0,0.1486626434,0.2155288263,0.02271479368,0.03092497587
3670,1.0,0.0,0.0,0.0,1.0,1.0,0.154718,0.2136209517,0.02382367849,0.03066951036
3671,1.0,0.0,0.0,0.0,1.0,1.0,0.0878016362,0.2344370326,0.0132689476,0.0321841836
3672,1.0,0.0,0.0,0.0,1.0,1.0,0.09188119876,0.2118158686,0.0138579607,0.02912998199
3673,1.0,0.0,0.0,0.0,1.0,1.0,0.1075465499,0.197470422,0.01618915796,0.02735412121
3674,1.0,0.0,0.0,0.0,1.0,1.0,0.1367658503,0.2017745216,0.02146077156,0.02943980694
3675,1.0,0.0,0.0,0.0,1.0,1.0,0.1435277854,0.2069739711,0.02185064554,0.02957826853
3676,1.0,0.0,0.0,0.0,1.0,1.0,0.1584480396,0.2117777091,0.02489715815,0.03118985891
3677,1.0,0.0,0.0,0.0,1.0,1.0,0.1560534689,0.213363737,0.02457898855,0.03148311377
3678,1.0,0.0,0.0,0.0,1.0,1.0,0.1694856396,0.2091420785,0.02616715431,0.03048336506
3679,1.0,0.0,0.0,0.0,1.0,1.0,0.1552705939,0.207108694,0.02455210686,0.03076064587
3680,1.0,0.0,0.0,0.0,1.0,1.0,0.1544431915,0.2021771793,0.02496224642,0.03041374683
3681,1.0,0.0,0.0,0.0,1.0,1.0,0.1594855269,0.2052085092,0.02523261309,0.03027909994
3682,1.0,0.0,0.0,0.0,1.0,1.0,0.1608502822,0.2122370488,0.02441388369,0.03017455339
3683,1.0,0.0,0.0,0.0,1.0,1.0,0.1612002708,0.2048664719,0.02531307936,0.03009444475
3684,1.0,0.0,0.0,0.0,1.0,1.0,0.1579935332,0.2021770841,0.02466624975,0.0293777585
3685,1.0,0.0,0.0,0.0,1.0,1.0,0.1579935295,0.1983621656,0.02427834272,0.02837014198
3686,1.0,0.0,0.0,0.0,1.0,1.0,0.1597688852,0.2021772514,0.02509188652,0.02955263853
3687,1.0,0.0,0.0,0.0,1.0,1.0,0.1627408315,0.2086957563,0.02541577816,0.03011220694
3688,1.0,0.0,0.0,0.0,1.0,1.0,0.1603382404,0.2037325322,0.02439290285,0.02872943878
3689,1.0,0.0,0.0,0.0,1.0,1.0,0.1749020904,0.2056547623,0.02717322111,0.02966880798
3690,1.0,0.0,0.0,0.0,1.0,1.0,0.1817167394,0.2152645202,0.0279353261,0.03067409992
3691,1.0,0.0,0.0,0.0,1.0,1.0,0.1701558736,0.2111224716,0.0260233283,0.02985835075
3692,1.0,0.0,0.0,0.0,1.0,1.0,0.1612575041,0.2056546187,0.02487307787,0.02924638987
3693,1.0,0.0,0.0,0.0,1.0,1.0,0.09581091245,0.2209509627,0.01419651508,0.02978491783
3694,1.0,0.0,0.0,0.0,1.0,1.0,0.102215419,0.2225648936,0.01538735628,0.03020489216
3695,1.0,0.0,0.0,0.0,1.0,1.0,0.119559363,0.1891948259,0.01771622896,0.02546709776
3696,1.0,0.0,0.0,0.0,1.0,1.0,0.1368604059,0.1978897427,0.02100896835,0.02736699581
3697,1.0,0.0,0.0,0.0,1.0,1.0,0.1360403888,0.2087186647,0.02121841908,0.02942281961
3698,1.0,0.0,0.0,0.0,1.0,1.0,0.1538992891,0.2090462961,0.0238571167,0.02947056293
3699,1.0,0.0,0.0,0.0,1.0,1.0,0.150824841,0.2075453641,0.02312338352,0.02869528532
3700,1.0,0.0,0.0,0.0,1.0,1.0,0.148737272,0.2075452694,0.02297794819,0.02886253595
3701,1.0,0.0,0.0,0.0,1.0,1.0,0.1412256159,0.2092328814,0.02169638872,0.02865034342
3702,1.0,0.0,0.0,0.0,1.0,1.0,0.1453731583,0.2138722594,0.02216029167,0.02880841494
3703,1.0,0.0,0.0,0.0,1.0,1.0,0.1446077262,0.2109477731,0.02289628983,0.02985215187
3704,1.0,0.0,0.0,0.0,1.0,1.0,0.1433022812,0.2115001697,0.0218397975,0.02855974436
3705,1.0,0.0,0.0,0.0,1.0,1.0,0.112507568,0.2045268434,0.01683294773,0.02721321583
3706,1.0,0.0,0.0,0.0,1.0,1.0,0.08824256311,0.2334940902,0.01309353113,0.03045666218
3707,1.0,0.0,0.0,0.0,1.0,1.0,0.08807355394,0.2235590048,0.01347178221,0.02987211943
3708,1.0,0.0,0.0,0.0,1.0,1.0,0.0972737382,0.2120029202,0.0144841671,0.02783238888
3709,1.0,0.0,0.0,0.0,1.0,1.0,0.1137421155,0.1926888825,0.01725894213,0.02574700117
3710,1.0,0.0,0.0,0.0,1.0,1.0,0.1237584756,0.1948065947,0.01870065928,0.02606755495
3711,1.0,0.0,0.0,0.0,1.0,1.0,0.11857784,0.2101830276,0.01848053932,0.02874749899
3712,1.0,0.0,0.0,0.0,1.0,1.0,0.1369604712,0.2040527335,0.02140879631,0.02835220098
3713,1.0,0.0,0.0,0.0,1.0,1.0,0.1560468425,0.2061350726,0.02340644598,0.02758616209
3714,1.0,0.0,0.0,0.0,1.0,1.0,0.1448732429,0.2035899494,0.02185839415,0.02739214897
3715,1.0,0.0,0.0,0.0,1.0,1.0,0.1555908115,0.2039679609,0.02347683907,0.02761983871
3716,1.0,0.0,0.0,0.0,1.0,1.0,0.169365364,0.2126911853,0.02570080757,0.02908992767
3717,1.0,0.0,0.0,0.0,1.0,1.0,0.1752754465,0.2177209011,0.02618169785,0.0292454958
3718,1.0,0.0,0.0,0.0,1.0,1.0,0.1674837898,0.2109478256,0.02541548014,0.02845430374
3719,1.0,0.0,0.0,0.0,1.0,1.0,0.1580002378,0.2188859254,0.02405810356,0.02965295315
3720,1.0,0.0,0.0,0.0,1.0,1.0,0.1592518804,0.2129961734,0.02461779118,0.02942818403
3721,1.0,0.0,0.0,0.0,1.0,1.0,0.1708139197,0.2164785386,0.02673768997,0.03043544292
3722,1.0,0.0,0.0,0.0,1.0,1.0,0.1653619612,0.2167464198,0.02625614405,0.03116118908
3723,1.0,0.0,0.0,0.0,1.0,1.0,0.1808861494,0.2223249678,0.02842652798,0.03129792213
3724,1.0,0.0,0.0,0.0,1.0,1.0,0.1400367627,0.2166174525,0.02130377293,0.02947515249
3725,1.0,0.0,0.0,0.0,1.0,1.0,0.142777363,0.226764386,0.02156656981,0.03064727783
3726,1.0,0.0,0.0,0.0,1.0,1.0,0.1438735993,0.204626985,0.02133369446,0.02702265978
3727,1.0,0.0,0.0,0.0,1.0,1.0,0.1534725025,0.19609307,0.02455717325,0.02785140276
3728,1.0,0.0,0.0,0.0,1.0,1.0,0.1675042464,0.2019705565,0.02674174309,0.02882164717
3729,1.0,0.0,0.0,0.0,1.0,1.0,0.1684454402,0.1998885034,0.02792996168,0.02979195118
3730,1.0,0.0,0.0,0.0,1.0,1.0,0.1668825706,0.2044312763,0.02827626467,0.03110390902
3731,1.0,0.0,0.0,0.0,1.0,1.0,0.1668824809,0.2032060514,0.02723944187,0.02966076136
3732,1.0,0.0,0.0,0.0,1.0,1.0,0.1584018647,0.1990415027,0.02544850111,0.0284781456
3733,1.0,0.0,0.0,0.0,1.0,1.0,0.145476443,0.1842192095,0.02432781458,0.02748727798
3734,1.0,0.0,0.0,0.0,1.0,1.0,0.1636851083,0.2051257402,0.02691149712,0.02976095676
3735,1.0,0.0,0.0,0.0,1.0,1.0,0.166239933,0.2160951848,0.02610099316,0.03018903732
3736,1.0,0.0,0.0,0.0,1.0,1.0,0.1519151601,0.2263311733,0.02345275879,0.03116750717
3737,1.0,0.0,0.0,0.0,1.0,1.0,0.1559128338,0.2141658223,0.0229806304,0.02828383446
3738,1.0,0.0,0.0,0.0,1.0,1.0,0.1490218621,0.2205973811,0.02249038219,0.02938747406
3739,1.0,0.0,0.0,0.0,1.0,1.0,0.1453018779,0.237535362,0.02294427156,0.03286612034
3740,1.0,0.0,0.0,0.0,1.0,1.0,0.1411205526,0.2157385136,0.02150011063,0.028863132
3741,1.0,0.0,0.0,0.0,1.0,1.0,0.1280838536,0.2420868424,0.01946163177,0.03214114904
3742,1.0,0.0,0.0,0.0,1.0,1.0,0.1258841359,0.2498600896,0.01950478554,0.03368997574
3743,1.0,0.0,0.0,0.0,1.0,1.0,0.1251638321,0.2455894224,0.0200303793,0.03438049555
3744,1.0,0.0,0.0,0.0,1.0,1.0,0.1201617954,0.2422229644,0.01825350523,0.03216099739
3745,1.0,0.0,0.0,0.0,1.0,1.0,0.1306089535,0.2326286318,0.02021515369,0.03164106607
3746,1.0,0.0,0.0,0.0,1.0,1.0,0.1347560556,0.2551766088,0.02091366053,0.03485614061
3747,1.0,0.0,0.0,0.0,1.0,1.0,0.1541889643,0.2604477567,0.02457553148,0.03641915321
3748,1.0,0.0,0.0,0.0,1.0,1.0,0.1315538289,0.267633083,0.02164441347,0.03847891092
3749,1.0,0.0,0.0,0.0,1.0,1.0,0.129557345,0.2743149892,0.02058964968,0.03794378042
3750,1.0,0.0,0.0,0.0,1.0,1.0,0.1188015138,0.2574980607,0.01915150881,0.0358710885
3751,1.0,0.0,0.0,0.0,1.0,1.0,0.1039117639,0.2793203139,0.01681154966,0.03912508488
3752,1.0,0.0,0.0,0.0,1.0,1.0,0.07895379497,0.2865066074,0.01243907213,0.03913766146
3753,1.0,0.0,0.0,0.0,1.0,1.0,0.07747637096,0.2830275603,0.01235860586,0.03954738379
3754,1.0,0.0,0.0,0.0,1.0,1.0,0.1005238245,0.2553160861,0.01606887579,0.03615510464
3755,1.0,0.0,0.0,0.0,1.0,1.0,0.1462596654,0.2658087891,0.02435666323,0.03903311491
3756,1.0,0.0,0.0,0.0,1.0,1.0,0.1597622305,0.2729569808,0.02633661032,0.03981113434
3757,1.0,0.0,0.0,0.0,1.0,1.0,0.099561293,0.2498602913,0.01572155952,0.03507113457
3758,1.0,0.0,0.0,0.0,1.0,1.0,0.05075277088,0.2855546513,0.007731676102,0.03806370497
3759,1.0,0.0,0.0,0.0,1.0,1.0,0.04236542077,0.2827368962,0.006506204605,0.0381501317
3760,1.0,0.0,0.0,0.0,1.0,1.0,0.07303592164,0.266084824,0.01111650467,0.03598242998
3761,1.0,0.0,0.0,0.0,1.0,1.0,0.1246975357,0.2645579994,0.02054560184,0.03863799572
3762,1.0,0.0,0.0,0.0,1.0,1.0,0.1543255435,0.2705101115,0.02451854944,0.03823727369
3763,1.0,0.0,0.0,0.0,1.0,1.0,0.1708606391,0.2744366877,0.02800035477,0.0403445363
3764,1.0,0.0,0.0,0.0,1.0,1.0,0.1520488893,0.2663802463,0.02280324697,0.03587335348
3765,1.0,0.0,0.0,0.0,1.0,1.0,0.1367851162,0.2539229312,0.02088230848,0.03480374813
3766,1.0,0.0,0.0,0.0,1.0,1.0,0.04294478155,0.292788276,0.006319046021,0.03820151091
3767,1.0,0.0,0.0,0.0,1.0,1.0,0.06600102919,0.2925716045,0.009871304035,0.038639009
3768,1.0,0.0,0.0,0.0,1.0,1.0,0.07231596189,0.2591911213,0.01107215881,0.03548759222
3769,1.0,0.0,0.0,0.0,1.0,1.0,0.1310743693,0.2286174539,0.02052462101,0.03221225739
3770,1.0,0.0,0.0,0.0,1.0,1.0,0.1707228661,0.2468738888,0.02710360289,0.03500884771
3771,1.0,0.0,0.0,0.0,1.0,1.0,0.1730479692,0.2508559169,0.02727615833,0.03506940603
3772,1.0,0.0,0.0,0.0,1.0,1.0,0.1912723307,0.2508252393,0.03169900179,0.03712499142
3773,1.0,0.0,0.0,0.0,1.0,1.0,0.195392593,0.2488957707,0.0325050354,0.03710752726
3774,1.0,0.0,0.0,0.0,1.0,1.0,0.1960373671,0.2498603944,0.03165727854,0.03589713573
3775,1.0,0.0,0.0,0.0,1.0,1.0,0.1991833499,0.2587489759,0.03237992525,0.03753781319
3776,1.0,0.0,0.0,0.0,1.0,1.0,0.2061241109,0.2556263589,0.03408437967,0.03809428215
3777,1.0,0.0,0.0,0.0,1.0,1.0,0.2139156312,0.2663883867,0.03462558985,0.0388828516
3778,1.0,0.0,0.0,0.0,1.0,1.0,0.2191757343,0.2644437549,0.03506088257,0.0381462574
3779,1.0,0.0,0.0,0.0,1.0,1.0,0.2100404047,0.2566661744,0.03399592638,0.0373955369
3780,1.0,0.0,0.0,0.0,1.0,1.0,0.08641781551,0.2351628957,0.01330852509,0.03240340948
3781,1.0,0.0,0.0,0.0,1.0,1.0,0.08786304339,0.2518754155,0.01362460852,0.03548073769
3782,1.0,0.0,0.0,0.0,1.0,1.0,0.0972428606,0.2269651351,0.01565694809,0.03305363655
3783,1.0,0.0,0.0,0.0,1.0,1.0,0.1656921601,0.2287184353,0.02623707056,0.03321504593
3784,1.0,0.0,0.0,0.0,1.0,1.0,0.1950966982,0.2403961814,0.03233510256,0.0360224247
3785,1.0,0.0,0.0,0.0,1.0,1.0,0.2095049413,0.2460743853,0.03421324492,0.03645670414
3786,1.0,0.0,0.0,0.0,1.0,1.0,0.2150263048,0.2546107019,0.03484135866,0.03734993935
3787,1.0,0.0,0.0,0.0,1.0,1.0,0.2226737309,0.2681900559,0.03584635258,0.03862512112
3788,1.0,0.0,0.0,0.0,1.0,1.0,0.2434754157,0.2828608317,0.04027312994,0.04224455357
3789,1.0,0.0,0.0,0.0,1.0,1.0,0.2430615994,0.282039919,0.04019278288,0.0418792367
3790,1.0,0.0,0.0,0.0,1.0,1.0,0.2477104048,0.2863787263,0.04099094868,0.04241424799
3791,1.0,0.0,0.0,0.0,1.0,1.0,0.2430148495,0.2871958584,0.04029506445,0.04256522655
3792,1.0,0.0,0.0,0.0,1.0,1.0,0.241244768,0.2844565615,0.03920865059,0.04144912958
3793,1.0,0.0,0.0,0.0,1.0,1.0,0.252003304,0.2918216171,0.04180639982,0.04351276159
3794,1.0,0.0,0.0,0.0,1.0,1.0,0.2464141043,0.2852816318,0.03916871548,0.04081219435
3795,1.0,0.0,0.0,0.0,1.0,1.0,0.257483428,0.2927470466,0.04279714823,0.04420495033
3796,1.0,0.0,0.0,0.0,1.0,1.0,0.2515488374,0.286356821,0.04178273678,0.04290437698
3797,1.0,0.0,0.0,0.0,1.0,1.0,0.2596837951,0.2968266223,0.04334020615,0.04505103827
3798,1.0,0.0,0.0,0.0,1.0,1.0,0.252018391,0.2926122935,0.04113823175,0.04339236021
3799,1.0,0.0,0.0,0.0,1.0,1.0,0.2424987128,0.2841928276,0.03948289156,0.04202115536
3800,1.0,0.0,0.0,0.0,1.0,1.0,0.2596842019,0.2844854696,0.04270452261,0.04270452261
3801,1.0,0.0,0.0,0.0,1.0,1.0,0.2215166811,0.2653561029,0.0365794301,0.03945976496
3802,1.0,0.0,0.0,0.0,1.0,1.0,0.1042248424,0.2177208257,0.01592260599,0.02985489368
3803,1.0,0.0,0.0,0.0,1.0,1.0,0.1151774144,0.193769352,0.01753479242,0.02686780691
3804,1.0,0.0,0.0,0.0,1.0,1.0,0.1877306122,0.2244839183,0.0299050808,0.03275316954
3805,1.0,0.0,0.0,0.0,1.0,1.0,0.2408292721,0.2705259531,0.03867357969,0.0397785902
3806,1.0,0.0,0.0,0.0,1.0,1.0,0.2532831872,0.2778299358,0.04075211287,0.04102748632
3807,1.0,0.0,0.0,0.0,1.0,1.0,0.2626519856,0.2916585759,0.04303002357,0.04386824369
3808,1.0,0.0,0.0,0.0,1.0,1.0,0.265717685,0.2927469931,0.04310113192,0.04365730286
3809,1.0,0.0,0.0,0.0,1.0,1.0,0.2622890968,0.2874337658,0.04286378622,0.04286384583
3810,1.0,0.0,0.0,0.0,1.0,1.0,0.258860761,0.2893118824,0.04091483355,0.04172766209
3811,1.0,0.0,0.0,0.0,1.0,1.0,0.2688154405,0.2960612749,0.04302883148,0.04330468178
3812,1.0,0.0,0.0,0.0,1.0,1.0,0.2738193914,0.3032012355,0.0443919301,0.04494684935
3813,1.0,0.0,0.0,0.0,1.0,1.0,0.2610226337,0.2964127422,0.04172176123,0.04281973839
3814,1.0,0.0,0.0,0.0,1.0,1.0,0.2678916195,0.3017183808,0.04389929771,0.04502493143
3815,1.0,0.0,0.0,0.0,1.0,1.0,0.278953914,0.3099772606,0.04474061728,0.04528957605
3816,1.0,0.0,0.0,0.0,1.0,1.0,0.2750601054,0.3092610857,0.04563248158,0.04648274183
3817,1.0,0.0,0.0,0.0,1.0,1.0,0.2809334397,0.3137344391,0.04509800673,0.04564464092
3818,1.0,0.0,0.0,0.0,1.0,1.0,0.2758257292,0.308539903,0.04447668791,0.0447512269
3819,1.0,0.0,0.0,0.0,1.0,1.0,0.2728853726,0.3062198914,0.04532074928,0.0461704731
3820,1.0,0.0,0.0,0.0,1.0,1.0,0.2742892362,0.3062196829,0.0436091423,0.04442679882
3821,1.0,0.0,0.0,0.0,1.0,1.0,0.2792307082,0.3039348611,0.04457843304,0.04430663586
3822,1.0,0.0,0.0,0.0,1.0,1.0,0.2843386945,0.3083777011,0.04736334085,0.04707968235
3823,1.0,0.0,0.0,0.0,1.0,1.0,0.2758256194,0.3046627893,0.04463815689,0.04518926144
3824,1.0,0.0,0.0,0.0,1.0,1.0,0.278477199,0.3050729195,0.04492861032,0.04492855072
3825,1.0,0.0,0.0,0.0,1.0,1.0,0.2826361302,0.3076639576,0.04530346394,0.04503053427
3826,1.0,0.0,0.0,0.0,1.0,1.0,0.2789537873,0.30694488,0.04522848129,0.04550600052
3827,1.0,0.0,0.0,0.0,1.0,1.0,0.2818941014,0.3118557061,0.04502570629,0.04529851675
3828,1.0,0.0,0.0,0.0,1.0,1.0,0.2857964235,0.3068139895,0.04610049725,0.04555493593
3829,1.0,0.0,0.0,0.0,1.0,1.0,0.2884294551,0.3107354518,0.04695343971,0.04668045044
3830,1.0,0.0,0.0,0.0,1.0,1.0,0.2853136592,0.3116341042,0.04603242874,0.04603242874
3831,1.0,0.0,0.0,0.0,1.0,1.0,0.288203185,0.3130119263,0.04620951414,0.04620951414
3832,1.0,0.0,0.0,0.0,1.0,1.0,0.2848322744,0.308222176,0.04659080505,0.04659086466
3833,1.0,0.0,0.0,0.0,1.0,1.0,0.2882035194,0.3089183776,0.04598104954,0.04571211338
3834,1.0,0.0,0.0,0.0,1.0,1.0,0.291362635,0.3191647062,0.04623997211,0.04704648256
3835,1.0,0.0,0.0,0.0,1.0,1.0,0.2919904381,0.3175125759,0.04707443714,0.04734349251
3836,1.0,0.0,0.0,0.0,1.0,1.0,0.2905937105,0.3125525447,0.04673802853,0.04646790028
3837,1.0,0.0,0.0,0.0,1.0,1.0,0.2920668806,0.3155172075,0.04695528746,0.04695522785
3838,1.0,0.0,0.0,0.0,1.0,1.0,0.2845866099,0.3093508463,0.04583132267,0.04610413313
3839,1.0,0.0,0.0,0.0,1.0,1.0,0.2899403376,0.3153221416,0.04677861929,0.04705381393
3840,1.0,0.0,0.0,0.0,1.0,1.0,0.2831181687,0.3109375567,0.04540681839,0.04595392942
3841,1.0,0.0,0.0,0.0,1.0,1.0,0.2836022811,0.3079462165,0.04466736317,0.04493647814
3842,1.0,0.0,0.0,0.0,1.0,1.0,0.2897181292,0.3195242267,0.04538869858,0.04619443417
3843,1.0,0.0,0.0,0.0,1.0,1.0,0.2880038343,0.3146392664,0.04605948925,0.04660785198
3844,1.0,0.0,0.0,0.0,1.0,1.0,0.2857991456,0.3146392642,0.04576921463,0.0465914607
3845,1.0,0.0,0.0,0.0,1.0,1.0,0.2848149371,0.3125594352,0.04552537203,0.04607719183
3846,1.0,0.0,0.0,0.0,1.0,1.0,0.276477692,0.2930693597,0.04395031929,0.04258543253
3847,1.0,0.0,0.0,0.0,1.0,1.0,0.2382888701,0.2687893618,0.03842288256,0.03925216198
3848,1.0,0.0,0.0,0.0,1.0,1.0,0.244726596,0.2724042776,0.0391510725,0.03969860077
3849,1.0,0.0,0.0,0.0,1.0,1.0,0.244269584,0.2761616676,0.03983956575,0.04124242067
3850,1.0,0.0,0.0,0.0,1.0,1.0,0.2416611138,0.2706821007,0.03805047274,0.03886586428
3851,1.0,0.0,0.0,0.0,1.0,1.0,0.2383674315,0.2761617836,0.03841733932,0.04033827782
3852,1.0,0.0,0.0,0.0,1.0,1.0,0.2408912792,0.2799190661,0.03868067265,0.04087531567
3853,1.0,0.0,0.0,0.0,1.0,1.0,0.2361696642,0.2734319627,0.03827542067,0.04021686316
3854,1.0,0.0,0.0,0.0,1.0,1.0,0.2447613673,0.2844852559,0.04003721476,0.04226148129
3855,1.0,0.0,0.0,0.0,1.0,1.0,0.2455967245,0.2828612442,0.03920400143,0.04083752632
3856,1.0,0.0,0.0,0.0,1.0,1.0,0.1102044543,0.232087765,0.01604437828,0.03070563078
3857,1.0,0.0,0.0,0.0,1.0,1.0,0.1237758337,0.2397035347,0.01833474636,0.03229099512
3858,1.0,0.0,0.0,0.0,1.0,1.0,0.113906702,0.2187531649,0.01742863655,0.03064072132
3859,1.0,0.0,0.0,0.0,1.0,1.0,0.1124597484,0.1798995839,0.01691639423,0.02455610037
3860,1.0,0.0,0.0,0.0,1.0,1.0,0.1656924686,0.2147239781,0.02595692873,0.03037512302
3861,1.0,0.0,0.0,0.0,1.0,1.0,0.1953535513,0.2440044323,0.03057652712,0.03412556648
3862,1.0,0.0,0.0,0.0,1.0,1.0,0.2167465389,0.2555824351,0.03485244513,0.03706526756
3863,1.0,0.0,0.0,0.0,1.0,1.0,0.2207670879,0.2574320699,0.03491342068,0.03680795431
3864,1.0,0.0,0.0,0.0,1.0,1.0,0.2236272597,0.2584764197,0.03563535213,0.03700596094
3865,1.0,0.0,0.0,0.0,1.0,1.0,0.216002824,0.2565109728,0.03474903107,0.03723114729
3866,1.0,0.0,0.0,0.0,1.0,1.0,0.2005799912,0.2375101637,0.03132903576,0.03375977278
3867,1.0,0.0,0.0,0.0,1.0,1.0,0.2145311789,0.2451811967,0.03461319208,0.03598666191
3868,1.0,0.0,0.0,0.0,1.0,1.0,0.2184669171,0.247052677,0.03424978256,0.03559809923
3869,1.0,0.0,0.0,0.0,1.0,1.0,0.2273037029,0.251739173,0.03580617905,0.03662616014
3870,1.0,0.0,0.0,0.0,1.0,1.0,0.2207464143,0.245181815,0.03519082069,0.03629922867
3871,1.0,0.0,0.0,0.0,1.0,1.0,0.1016069383,0.2360885989,0.01527583599,0.03332906961
3872,1.0,0.0,0.0,0.0,1.0,1.0,0.1191142496,0.2240815949,0.01766896248,0.03119677305
3873,1.0,0.0,0.0,0.0,1.0,1.0,0.1060861138,0.2147238421,0.01593285799,0.03074759245
3874,1.0,0.0,0.0,0.0,1.0,1.0,0.1357938368,0.1881079966,0.02091735601,0.02761089802
3875,1.0,0.0,0.0,0.0,1.0,1.0,0.2550656374,0.2699223404,0.04041087627,0.0406858325
3876,1.0,0.0,0.0,0.0,1.0,1.0,0.2994903379,0.3055847632,0.04775422812,0.04638981819
3877,1.0,0.0,0.0,0.0,1.0,1.0,0.2972699529,0.3051864977,0.04817837477,0.04734766483
3878,1.0,0.0,0.0,0.0,1.0,1.0,0.2970848212,0.2998323264,0.04693192244,0.04557549953
3879,1.0,0.0,0.0,0.0,1.0,1.0,0.3018792299,0.3094355077,0.0491117239,0.04827928543
3880,1.0,0.0,0.0,0.0,1.0,1.0,0.3013649233,0.3047944662,0.04829454422,0.04693031311
3881,1.0,0.0,0.0,0.0,1.0,1.0,0.2986448239,0.3101108635,0.04774707556,0.04747581482
3882,1.0,0.0,0.0,0.0,1.0,1.0,0.3025523315,0.305879187,0.04858845472,0.04695063829
3883,1.0,0.0,0.0,0.0,1.0,1.0,0.3001736047,0.3087563384,0.04806214571,0.04724293947
3884,1.0,0.0,0.0,0.0,1.0,1.0,0.2967625562,0.3030223637,0.04734939337,0.04653304815
3885,1.0,0.0,0.0,0.0,1.0,1.0,0.3012018246,0.3030221106,0.04799550772,0.04663193226
3886,1.0,0.0,0.0,0.0,1.0,1.0,0.2706821748,0.280640519,0.04289859533,0.04262363911
3887,1.0,0.0,0.0,0.0,1.0,1.0,0.09501084448,0.2306405274,0.01429873705,0.03299713135
3888,1.0,0.0,0.0,0.0,1.0,1.0,0.09631009594,0.2261097045,0.0144071579,0.03234809637
3889,1.0,0.0,0.0,0.0,1.0,1.0,0.1256033805,0.1927760105,0.01927065849,0.02835530043
3890,1.0,0.0,0.0,0.0,1.0,1.0,0.2244361003,0.246185784,0.03521823883,0.03686904907
3891,1.0,0.0,0.0,0.0,1.0,1.0,0.2742892279,0.2883692946,0.04440319538,0.04468071461
3892,1.0,0.0,0.0,0.0,1.0,1.0,0.2875106422,0.2980481194,0.04529929161,0.0450296998
3893,1.0,0.0,0.0,0.0,1.0,1.0,0.2947506074,0.300185733,0.04710167646,0.04601889849
3894,1.0,0.0,0.0,0.0,1.0,1.0,0.29544288,0.3019516219,0.04775726795,0.04666572809
3895,1.0,0.0,0.0,0.0,1.0,1.0,0.291857446,0.2973690162,0.04666161537,0.04584771395
3896,1.0,0.0,0.0,0.0,1.0,1.0,0.2969478294,0.2998329437,0.04747086763,0.04638588428
3897,1.0,0.0,0.0,0.0,1.0,1.0,0.2957530797,0.3019518192,0.04670268297,0.04589754343
3898,1.0,0.0,0.0,0.0,1.0,1.0,0.2937549464,0.2998324322,0.0478477478,0.04702275991
3899,1.0,0.0,0.0,0.0,1.0,1.0,0.3016865419,0.3090146148,0.04834979773,0.04726934433
3900,1.0,0.0,0.0,0.0,1.0,1.0,0.2971311023,0.3033392691,0.04751527309,0.04670536518
3901,1.0,0.0,0.0,0.0,1.0,1.0,0.2952512376,0.3072486412,0.04664999247,0.04664993286
3902,1.0,0.0,0.0,0.0,1.0,1.0,0.2981385096,0.3037172444,0.04838734865,0.04728764296
3903,1.0,0.0,0.0,0.0,1.0,1.0,0.300687046,0.3076573561,0.04762798548,0.04681611061
3904,1.0,0.0,0.0,0.0,1.0,1.0,0.308825575,0.3149647055,0.04919570684,0.04838478565
3905,1.0,0.0,0.0,0.0,1.0,1.0,0.2986447318,0.307249272,0.04749459028,0.04695492983
3906,1.0,0.0,0.0,0.0,1.0,1.0,0.3003413342,0.3090144079,0.04748100042,0.04694449902
3907,1.0,0.0,0.0,0.0,1.0,1.0,0.3016865747,0.3114456659,0.04919993877,0.04865020514
3908,1.0,0.0,0.0,0.0,1.0,1.0,0.2964444984,0.3103528904,0.04701018333,0.0475474596
3909,1.0,0.0,0.0,0.0,1.0,1.0,0.294750828,0.3044074919,0.04672908783,0.0464605093
3910,1.0,0.0,0.0,0.0,1.0,1.0,0.2952510375,0.3072489344,0.04765307903,0.04765307903
3911,1.0,0.0,0.0,0.0,1.0,1.0,0.3027074068,0.3138598287,0.04839026928,0.04839026928
3912,1.0,0.0,0.0,0.0,1.0,1.0,0.3005079235,0.3079268924,0.04867911339,0.04785871506
3913,1.0,0.0,0.0,0.0,1.0,1.0,0.2981385984,0.3072487293,0.04777055979,0.04722768068
3914,1.0,0.0,0.0,0.0,1.0,1.0,0.2960678882,0.3058792108,0.04634511471,0.04607719183
3915,1.0,0.0,0.0,0.0,1.0,1.0,0.3049145325,0.3149650544,0.04854679108,0.04827708006
3916,1.0,0.0,0.0,0.0,1.0,1.0,0.3028612132,0.3121067777,0.04852539301,0.047986269
3917,1.0,0.0,0.0,0.0,1.0,1.0,0.3021960151,0.3138597771,0.04787617922,0.04787617922
3918,1.0,0.0,0.0,0.0,1.0,1.0,0.3089489129,0.3167246712,0.04894906282,0.0481466651
3919,1.0,0.0,0.0,0.0,1.0,1.0,0.2964446305,0.3015858854,0.04755949974,0.0467441678
3920,1.0,0.0,0.0,0.0,1.0,1.0,0.3018792353,0.3107804589,0.04802364111,0.04775232077
3921,1.0,0.0,0.0,0.0,1.0,1.0,0.3058119988,0.3101102136,0.04797065258,0.04689866304
3922,1.0,0.0,0.0,0.0,1.0,1.0,0.305147136,0.3129926225,0.0483211875,0.04777824879
3923,1.0,0.0,0.0,0.0,1.0,1.0,0.298978187,0.3105409634,0.04720503092,0.0469353199
3924,1.0,0.0,0.0,0.0,1.0,1.0,0.3008525606,0.311214137,0.04766368866,0.04712510109
3925,1.0,0.0,0.0,0.0,1.0,1.0,0.3064728036,0.3183275773,0.04852801561,0.04825842381
3926,1.0,0.0,0.0,0.0,1.0,1.0,0.3001736839,0.3101107452,0.04820764065,0.04793375731
3927,1.0,0.0,0.0,0.0,1.0,1.0,0.3030676626,0.3114459332,0.0479567647,0.0476873517
3928,1.0,0.0,0.0,0.0,1.0,1.0,0.3020386099,0.3114457738,0.04812216759,0.04785180092
3929,1.0,0.0,0.0,0.0,1.0,1.0,0.3033717568,0.3116727934,0.04910558462,0.04883283377
3930,1.0,0.0,0.0,0.0,1.0,1.0,0.3111632178,0.3110151688,0.05052351952,0.04887598753
3931,1.0,0.0,0.0,0.0,1.0,1.0,0.3035845917,0.3118824163,0.04910778999,0.0485560298
3932,1.0,0.0,0.0,0.0,1.0,1.0,0.2977788036,0.307657405,0.04764038324,0.04736661911
3933,1.0,0.0,0.0,0.0,1.0,1.0,0.3029129994,0.3107803426,0.04840224981,0.0481287837
3934,1.0,0.0,0.0,0.0,1.0,1.0,0.3034322883,0.3101106421,0.0480197072,0.04747718573
3935,1.0,0.0,0.0,0.0,1.0,1.0,0.3046242173,0.3114456609,0.04875218868,0.04847830534
3936,1.0,0.0,0.0,0.0,1.0,1.0,0.2975962243,0.3072488942,0.04727697372,0.04755026102
3937,1.0,0.0,0.0,0.0,1.0,1.0,0.3079176767,0.3136545367,0.0488307476,0.04828512669
3938,1.0,0.0,0.0,0.0,1.0,1.0,0.3043284225,0.3076573136,0.0481851697,0.04736381769
3939,1.0,0.0,0.0,0.0,1.0,1.0,0.3131813768,0.3132051993,0.05105262995,0.04965770245
3940,1.0,0.0,0.0,0.0,1.0,1.0,0.3072550752,0.3094359117,0.04897737503,0.04787677526
3941,1.0,0.0,0.0,0.0,1.0,1.0,0.3008699792,0.3058788989,0.04774326086,0.0471944809
3942,1.0,0.0,0.0,0.0,1.0,1.0,0.3015558837,0.3094359878,0.04769074917,0.04741823673
3943,1.0,0.0,0.0,0.0,1.0,1.0,0.3072550504,0.3101104464,0.04931288958,0.04848176241
3944,1.0,0.0,0.0,0.0,1.0,1.0,0.305002075,0.308338582,0.04847180843,0.04765027761
3945,1.0,0.0,0.0,0.0,1.0,1.0,0.3118948555,0.3136546239,0.04913562536,0.04804974794
3946,1.0,0.0,0.0,0.0,1.0,1.0,0.3148925794,0.3178435125,0.04976320267,0.04868137836
3947,1.0,0.0,0.0,0.0,1.0,1.0,0.306608425,0.3138597344,0.0495620966,0.04901444912
3948,1.0,0.0,0.0,0.0,1.0,1.0,0.3000041256,0.3030222136,0.04756885767,0.04648154974
3949,1.0,0.0,0.0,0.0,1.0,1.0,0.3063359001,0.3096861197,0.04802793264,0.04722297192
3950,1.0,0.0,0.0,0.0,1.0,1.0,0.3035846308,0.3072487323,0.04852813482,0.04743760824
3951,1.0,0.0,0.0,0.0,1.0,1.0,0.3113579972,0.3143121146,0.04950100183,0.0486805439
3952,1.0,0.0,0.0,0.0,1.0,1.0,0.3058124011,0.3096863527,0.04863286018,0.04781776667
3953,1.0,0.0,0.0,0.0,1.0,1.0,0.3046244251,0.3050926229,0.04803347588,0.04695403576
3954,1.0,0.0,0.0,0.0,1.0,1.0,0.2988025237,0.306566636,0.04737484455,0.04710257053
3955,1.0,0.0,0.0,0.0,1.0,1.0,0.3013916657,0.3051866274,0.04783993959,0.04701507092
3956,1.0,0.0,0.0,0.0,1.0,1.0,0.3107073221,0.3154264207,0.0496442914,0.04909265041
3957,1.0,0.0,0.0,0.0,1.0,1.0,0.3084485931,0.3136548262,0.0496289134,0.04907441139
3958,1.0,0.0,0.0,0.0,1.0,1.0,0.3073886333,0.3143119273,0.05010479689,0.04982483387
3959,1.0,0.0,0.0,0.0,1.0,1.0,0.3025992243,0.3087560875,0.04825669527,0.04770517349
3960,1.0,0.0,0.0,0.0,1.0,1.0,0.3096376745,0.3143122222,0.04904818535,0.04850322008
3961,1.0,0.0,0.0,0.0,1.0,1.0,0.3075203557,0.3125466103,0.04948580265,0.04866111279
3962,1.0,0.0,0.0,0.0,1.0,1.0,0.3019145159,0.3087562445,0.0482789278,0.04800152779
3963,1.0,0.0,0.0,0.0,1.0,1.0,0.3095157737,0.3136547067,0.04878568649,0.04824060202
3964,1.0,0.0,0.0,0.0,1.0,1.0,0.3020767579,0.3112142747,0.04823297262,0.04823297262
3965,1.0,0.0,0.0,0.0,1.0,1.0,0.3050021636,0.3176795483,0.04825145006,0.0485240221
3966,1.0,0.0,0.0,0.0,1.0,1.0,0.3055290866,0.3165492796,0.04863852262,0.04891330004
3967,1.0,0.0,0.0,0.0,1.0,1.0,0.3067252232,0.3165492208,0.04875761271,0.04875761271
3968,1.0,0.0,0.0,0.0,1.0,1.0,0.3079175583,0.3189710783,0.05023527145,0.05051594973
3969,1.0,0.0,0.0,0.0,1.0,1.0,0.306725014,0.314770736,0.04873394966,0.04846018553
3970,1.0,0.0,0.0,0.0,1.0,1.0,0.3048558119,0.3112141054,0.04865270853,0.04837626219
3971,1.0,0.0,0.0,0.0,1.0,1.0,0.3044772997,0.3136547428,0.0484880209,0.0484880209
3972,1.0,0.0,0.0,0.0,1.0,1.0,0.3120041594,0.3201059529,0.04997706413,0.04942786694
3973,1.0,0.0,0.0,0.0,1.0,1.0,0.3171470633,0.3178436102,0.05103206635,0.04965281487
3974,1.0,0.0,0.0,0.0,1.0,1.0,0.3147981702,0.3189711354,0.04985696077,0.04903972149
3975,1.0,0.0,0.0,0.0,1.0,1.0,0.3187877058,0.3254407311,0.05046266317,0.04991704226
3976,1.0,0.0,0.0,0.0,1.0,1.0,0.3154329805,0.3178436995,0.05053275824,0.04943418503
3977,1.0,0.0,0.0,0.0,1.0,1.0,0.314257261,0.320106094,0.04965090752,0.04883700609
3978,1.0,0.0,0.0,0.0,1.0,1.0,0.3171472001,0.3196098203,0.05072760582,0.04963082075
3979,1.0,0.0,0.0,0.0,1.0,1.0,0.3102898197,0.311882671,0.04907929897,0.04772353172
3980,1.0,0.0,0.0,0.0,1.0,1.0,0.3153413411,0.3165489141,0.05033433437,0.0489590168
3981,1.0,0.0,0.0,0.0,1.0,1.0,0.3194092118,0.3218840201,0.05082559586,0.04945927858
3982,1.0,0.0,0.0,0.0,1.0,1.0,0.2422342921,0.262025855,0.03795015812,0.03935575485
3983,1.0,0.0,0.0,0.0,1.0,1.0,0.09136694309,0.2218837576,0.01329338551,0.03119874001
3984,1.0,0.0,0.0,0.0,1.0,1.0,0.118452383,0.1964554075,0.01759880781,0.02832311392
3985,1.0,0.0,0.0,0.0,1.0,1.0,0.1991768362,0.2295015419,0.03107559681,0.03440517187
3986,1.0,0.0,0.0,0.0,1.0,1.0,0.2637416706,0.2732286874,0.04118400812,0.04118400812
3987,1.0,0.0,0.0,0.0,1.0,1.0,0.2823380937,0.2930019378,0.0446305871,0.0446305871
3988,1.0,0.0,0.0,0.0,1.0,1.0,0.2939537069,0.3048840074,0.04684084654,0.04656529427
3989,1.0,0.0,0.0,0.0,1.0,1.0,0.2981096464,0.3084917528,0.04739624262,0.04684823751
3990,1.0,0.0,0.0,0.0,1.0,1.0,0.2975962044,0.3034020941,0.04717105627,0.04635310173
3991,1.0,0.0,0.0,0.0,1.0,1.0,0.2982896822,0.3041006634,0.04774194956,0.04691880941
3992,1.0,0.0,0.0,0.0,1.0,1.0,0.2994901144,0.3005436633,0.04779189825,0.04615330696
3993,1.0,0.0,0.0,0.0,1.0,1.0,0.2982896276,0.3005436631,0.04762399197,0.04625546932
3994,1.0,0.0,0.0,0.0,1.0,1.0,0.3013652009,0.3054828157,0.04887390137,0.04776930809
3995,1.0,0.0,0.0,0.0,1.0,1.0,0.3058120836,0.3101102378,0.04889827967,0.04780554771
3996,1.0,0.0,0.0,0.0,1.0,1.0,0.3041036669,0.3105406296,0.04864633083,0.04755312204
3997,1.0,0.0,0.0,0.0,1.0,1.0,0.3080472967,0.3123256598,0.04975342751,0.04837137461
3998,1.0,0.0,0.0,0.0,1.0,1.0,0.311358055,0.3158951469,0.0493491292,0.04825854301
3999,1.0,0.0,0.0,0.0,1.0,1.0,0.3137184123,0.3183274108,0.05014419556,0.04904812574
4000,1.0,0.0,0.0,0.0,1.0,1.0,0.3189344083,0.3272196041,0.05111181736,0.05029189587
4001,1.0,0.0,0.0,0.0,1.0,1.0,0.319549586,0.324906875,0.05088305473,0.04980039597
4002,1.0,0.0,0.0,0.0,1.0,1.0,0.3161501181,0.3255226871,0.05116331577,0.05088824034
4003,1.0,0.0,0.0,0.0,1.0,1.0,0.3120041554,0.3183278469,0.04966723919,0.04884856939
4004,1.0,0.0,0.0,0.0,1.0,1.0,0.3190067918,0.3249070408,0.05130904913,0.05021739006
4005,1.0,0.0,0.0,0.0,1.0,1.0,0.3224004845,0.3231412402,0.05090945959,0.04903388023
4006,1.0,0.0,0.0,0.0,1.0,1.0,0.3138181061,0.3189708537,0.05013841391,0.04904842377
4007,1.0,0.0,0.0,0.0,1.0,1.0,0.3263132756,0.3289978528,0.05238723755,0.05074161291
4008,1.0,0.0,0.0,0.0,1.0,1.0,0.3240511148,0.328997939,0.05154728889,0.05019080639
4009,1.0,0.0,0.0,0.0,1.0,1.0,0.3207035341,0.3242868407,0.05197620392,0.05032616854
4010,1.0,0.0,0.0,0.0,1.0,1.0,0.317927514,0.322514711,0.05175197124,0.05010026693
4011,1.0,0.0,0.0,0.0,1.0,1.0,0.3189345342,0.3236626066,0.0512984395,0.04992681742
4012,1.0,0.0,0.0,0.0,1.0,1.0,0.3213096813,0.3260592826,0.05151879787,0.0498918891
4013,1.0,0.0,0.0,0.0,1.0,1.0,0.3224006347,0.3325546321,0.051838696,0.05102020502
4014,1.0,0.0,0.0,0.0,1.0,1.0,0.3200937845,0.3254410541,0.05095648766,0.04960125685
4015,1.0,0.0,0.0,0.0,1.0,1.0,0.3194799824,0.3283878036,0.05154627562,0.05071926117
4016,1.0,0.0,0.0,0.0,1.0,1.0,0.3154328321,0.3248185802,0.04944348335,0.04890602827
4017,1.0,0.0,0.0,0.0,1.0,1.0,0.3138176397,0.3254411172,0.05087763071,0.05060118437
4018,1.0,0.0,0.0,0.0,1.0,1.0,0.3149857105,0.324286806,0.05070245266,0.05015432835
4019,1.0,0.0,0.0,0.0,1.0,1.0,0.3159745394,0.3283882689,0.0500023365,0.05000239611
4020,1.0,0.0,0.0,0.0,1.0,1.0,0.3217962998,0.3307759004,0.05131757259,0.05050301552
4021,1.0,0.0,0.0,0.0,1.0,1.0,0.3189347115,0.3307759877,0.05056965351,0.05029916763
4022,1.0,0.0,0.0,0.0,1.0,1.0,0.3183151962,0.327219118,0.05140733719,0.05085456371
4023,1.0,0.0,0.0,0.0,1.0,1.0,0.3131811215,0.3236626716,0.04981702566,0.04954481125
4024,1.0,0.0,0.0,0.0,1.0,1.0,0.3200939576,0.3260591592,0.0518373251,0.05073440075
4025,1.0,0.0,0.0,0.0,1.0,1.0,0.3188613524,0.3278310931,0.0502551198,0.04998493195
4026,1.0,0.0,0.0,0.0,1.0,1.0,0.3222900503,0.328997926,0.05152088404,0.05069875717
4027,1.0,0.0,0.0,0.0,1.0,1.0,0.3166037883,0.3236630103,0.05000495911,0.04919415712
4028,1.0,0.0,0.0,0.0,1.0,1.0,0.3113581049,0.3212491518,0.0502499938,0.04997235537
4029,1.0,0.0,0.0,0.0,1.0,1.0,0.3211264717,0.3272196216,0.05123734474,0.05041539669
4030,1.0,0.0,0.0,0.0,1.0,1.0,0.3165186593,0.3224006865,0.05097597837,0.04986780882
4031,1.0,0.0,0.0,0.0,1.0,1.0,0.3187873628,0.3283878789,0.05123180151,0.05095487833
4032,1.0,0.0,0.0,0.0,1.0,1.0,0.3291474021,0.3325542936,0.05262285471,0.05125242472
4033,1.0,0.0,0.0,0.0,1.0,1.0,0.3183912406,0.3260591221,0.05135405064,0.05053019524
4034,1.0,0.0,0.0,0.0,1.0,1.0,0.3194796752,0.3254411227,0.05133134127,0.05023336411
4035,1.0,0.0,0.0,0.0,1.0,1.0,0.3142575882,0.3212489599,0.05001938343,0.04919934273
4036,1.0,0.0,0.0,0.0,1.0,1.0,0.3246047894,0.3331472864,0.05177623034,0.05123126507
4037,1.0,0.0,0.0,0.0,1.0,1.0,0.3234991817,0.3319702067,0.0520452857,0.05149745941
4038,1.0,0.0,0.0,0.0,1.0,1.0,0.3212491398,0.3266726861,0.05115622282,0.05007356405
4039,1.0,0.0,0.0,0.0,1.0,1.0,0.3252017793,0.3343325499,0.05178880692,0.05097532272
4040,1.0,0.0,0.0,0.0,1.0,1.0,0.3274909695,0.3366911968,0.05222183466,0.051410079
4041,1.0,0.0,0.0,0.0,1.0,1.0,0.3269043326,0.3366916194,0.05197089911,0.05142956972
4042,1.0,0.0,0.0,0.0,1.0,1.0,0.3280479366,0.3366916251,0.05286669731,0.05204498768
4043,1.0,0.0,0.0,0.0,1.0,1.0,0.3314474404,0.3390335381,0.05323249102,0.0524135828
4044,1.0,0.0,0.0,0.0,1.0,1.0,0.33258171,0.337267849,0.05407357216,0.05269420147
4045,1.0,0.0,0.0,0.0,1.0,1.0,0.3274912337,0.3372676452,0.05199062824,0.05145186186
4046,1.0,0.0,0.0,0.0,1.0,1.0,0.3308847602,0.3390332759,0.05343419313,0.05261212587
4047,1.0,0.0,0.0,0.0,1.0,1.0,0.3314478873,0.3431182629,0.0524802804,0.05248022079
4048,1.0,0.0,0.0,0.0,1.0,1.0,0.330884937,0.3378393695,0.05304807425,0.05223190784
4049,1.0,0.0,0.0,0.0,1.0,1.0,0.3314387371,0.3366912826,0.05273109674,0.05164384842
4050,1.0,0.0,0.0,0.0,1.0,1.0,0.3263136994,0.3361112601,0.05245488882,0.05190557241
4051,1.0,0.0,0.0,0.0,1.0,1.0,0.3234494501,0.333742175,0.05130732059,0.05076438189
4052,1.0,0.0,0.0,0.0,1.0,1.0,0.3297128014,0.3366914857,0.05252856016,0.05198138952
4053,1.0,0.0,0.0,0.0,1.0,1.0,0.3268722981,0.3296031207,0.05168503523,0.05033200979
4054,1.0,0.0,0.0,0.0,1.0,1.0,0.327462105,0.3331469018,0.05239462852,0.05130302906
4055,1.0,0.0,0.0,0.0,1.0,1.0,0.3252016014,0.3349193315,0.05269920826,0.05214738846
4056,1.0,0.0,0.0,0.0,1.0,1.0,0.328606946,0.3331472672,0.05315500498,0.05232876539
4057,1.0,0.0,0.0,0.0,1.0,1.0,0.3274911497,0.3296408195,0.05207479,0.05072575808
4058,1.0,0.0,0.0,0.0,1.0,1.0,0.3183155987,0.32667252,0.05027931929,0.05000895262
4059,1.0,0.0,0.0,0.0,1.0,1.0,0.2520795077,0.2692221714,0.03937709332,0.04048627615
4060,1.0,0.0,0.0,0.0,1.0,1.0,0.1096041643,0.1987305731,0.01615488529,0.02820259333
4061,1.0,0.0,0.0,0.0,1.0,1.0,0.1060859771,0.1991225062,0.01562970877,0.02851736546
4062,1.0,0.0,0.0,0.0,1.0,1.0,0.1317948948,0.1890837816,0.01984238625,0.02700763941
4063,1.0,0.0,0.0,0.0,1.0,1.0,0.2344366867,0.2498606081,0.03643232584,0.03752809763
4064,1.0,0.0,0.0,0.0,1.0,1.0,0.2698842252,0.2778234857,0.04231888056,0.04204589128
4065,1.0,0.0,0.0,0.0,1.0,1.0,0.2281911967,0.242511563,0.03598761559,0.0368245244
4066,1.0,0.0,0.0,0.0,1.0,1.0,0.1941361369,0.2141658728,0.02998524904,0.03165107965
4067,1.0,0.0,0.0,0.0,1.0,1.0,0.1152473693,0.1943358124,0.01699465513,0.02730292082
4068,1.0,0.0,0.0,0.0,1.0,1.0,0.1048105282,0.2166759313,0.01558935642,0.03090029955
4069,1.0,0.0,0.0,0.0,1.0,1.0,0.1075467375,0.2033746935,0.01604491472,0.02904677391
4070,1.0,0.0,0.0,0.0,1.0,1.0,0.09275125238,0.2065773053,0.01373434067,0.02943068743
4071,1.0,0.0,0.0,0.0,1.0,1.0,0.1210331821,0.1845123674,0.01829010248,0.02660381794
4072,1.0,0.0,0.0,0.0,1.0,1.0,0.1674739988,0.2112026168,0.02560371161,0.03083455563
4073,1.0,0.0,0.0,0.0,1.0,1.0,0.2105967914,0.228496986,0.03257572651,0.03395605087
4074,1.0,0.0,0.0,0.0,1.0,1.0,0.2163370489,0.2340701259,0.03367298841,0.03506445885
4075,1.0,0.0,0.0,0.0,1.0,1.0,0.2195203393,0.2349433236,0.03423821926,0.03507328033
4076,1.0,0.0,0.0,0.0,1.0,1.0,0.2078405162,0.224402812,0.03215837479,0.03327691555
4077,1.0,0.0,0.0,0.0,1.0,1.0,0.2173473906,0.2266392464,0.03372395039,0.03372395039
4078,1.0,0.0,0.0,0.0,1.0,1.0,0.2254516336,0.2406063695,0.03537505865,0.03621065617
4079,1.0,0.0,0.0,0.0,1.0,1.0,0.2183504119,0.2276504503,0.03397029638,0.03397029638
4080,1.0,0.0,0.0,0.0,1.0,1.0,0.200955409,0.2175906426,0.03060823679,0.03196257353
4081,1.0,0.0,0.0,0.0,1.0,1.0,0.1749924731,0.2047728004,0.0264505744,0.02972280979
4082,1.0,0.0,0.0,0.0,1.0,1.0,0.1102188966,0.1834915007,0.01624077559,0.02587515116
4083,1.0,0.0,0.0,0.0,1.0,1.0,0.09237000934,0.2072483372,0.01362621784,0.02916002274
4084,1.0,0.0,0.0,0.0,1.0,1.0,0.09219943975,0.2103071856,0.01361340284,0.02967721224
4085,1.0,0.0,0.0,0.0,1.0,1.0,0.09318375461,0.2111220176,0.01388013363,0.02966535091
4086,1.0,0.0,0.0,0.0,1.0,1.0,0.09864138046,0.2166761332,0.01433098316,0.03001397848
4087,1.0,0.0,0.0,0.0,1.0,1.0,0.1007040151,0.2190011151,0.01456260681,0.03022432327
4088,1.0,0.0,0.0,0.0,1.0,1.0,0.1070829652,0.2096867694,0.01565426588,0.02938610315
4089,1.0,0.0,0.0,0.0,1.0,1.0,0.0986415255,0.2088679636,0.01445966959,0.02919214964
4090,1.0,0.0,0.0,0.0,1.0,1.0,0.1055876797,0.2174355463,0.01544821262,0.03036367893
4091,1.0,0.0,0.0,0.0,1.0,1.0,0.1045287703,0.2075763695,0.01531237364,0.02901291847
4092,1.0,0.0,0.0,0.0,1.0,1.0,0.106168072,0.2091853779,0.01559376717,0.02903658152
4093,1.0,0.0,0.0,0.0,1.0,1.0,0.1118642936,0.2010373656,0.01628142595,0.02802538872
4094,1.0,0.0,0.0,0.0,1.0,1.0,0.1171507759,0.2040847042,0.0172585845,0.0288541913
4095,1.0,0.0,0.0,0.0,1.0,1.0,0.1176912735,0.1995010097,0.01705092192,0.02787691355
4096,1.0,0.0,0.0,0.0,1.0,1.0,0.1235266884,0.20337491,0.01798635721,0.02861464024
4097,1.0,0.0,0.0,0.0,1.0,1.0,0.1299464553,0.200675395,0.01850801706,0.0277620554
4098,1.0,0.0,0.0,0.0,1.0,1.0,0.1287742626,0.1911285657,0.01857882738,0.02662044764
4099,1.0,0.0,0.0,0.0,1.0,1.0,0.1455500507,0.202698313,0.02099007368,0.02826660872
4100,1.0,0.0,0.0,0.0,1.0,1.0,0.1471453518,0.1983021873,0.02130061388,0.02766317129
4101,1.0,0.0,0.0,0.0,1.0,1.0,0.1399615797,0.188154442,0.02005666494,0.02627140284
4102,1.0,0.0,0.0,0.0,1.0,1.0,0.1390872432,0.1937692916,0.01977664232,0.02683973312
4103,1.0,0.0,0.0,0.0,1.0,1.0,0.1337995214,0.2007248015,0.01921057701,0.02794265747
4104,1.0,0.0,0.0,0.0,1.0,1.0,0.1427774594,0.1973688176,0.02005553246,0.02693170309
4105,1.0,0.0,0.0,0.0,1.0,1.0,0.1485930722,0.2007247907,0.02137136459,0.02810484171
4106,1.0,0.0,0.0,0.0,1.0,1.0,0.1586743817,0.2254059401,0.02282238007,0.03141778708
4107,1.0,0.0,0.0,0.0,1.0,1.0,0.1662272,0.2369366962,0.02371954918,0.03261440992
4108,1.0,0.0,0.0,0.0,1.0,1.0,0.1457092276,0.2105205164,0.02049911022,0.02858322859
4109,1.0,0.0,0.0,0.0,1.0,1.0,0.1939844961,0.2697608252,0.02745378017,0.0364060998
4110,1.0,0.0,0.0,0.0,1.0,1.0,0.1526344248,0.2233269314,0.02162086964,0.02991384268
4111,1.0,0.0,0.0,0.0,1.0,1.0,0.1665734077,0.2584027903,0.02384752035,0.03518968821
4112,1.0,0.0,0.0,0.0,1.0,1.0,0.1727430892,0.264044927,0.02559709549,0.0368720293
4113,1.0,0.0,0.0,0.0,1.0,1.0,0.1739027987,0.2509144293,0.02679002285,0.03664380312
4114,1.0,0.0,0.0,0.0,1.0,1.0,0.1353207988,0.2144552164,0.02062094212,0.03122603893
4115,1.0,0.0,0.0,0.0,1.0,1.0,0.153033503,0.21987696,0.02460169792,0.0334097147
4116,1.0,0.0,0.0,0.0,1.0,1.0,0.1595600795,0.2120588779,0.02679598331,0.03386306763
4117,1.0,0.0,0.0,0.0,1.0,1.0,0.1766778893,0.1919220265,0.02985078096,0.03102141619
4118,1.0,0.0,0.0,0.0,1.0,1.0,0.1732830743,0.1995223228,0.02973520756,0.03273880482
4119,1.0,0.0,0.0,0.0,1.0,1.0,0.1700079552,0.1576180388,0.02931940556,0.0260617137
4120,1.0,0.0,0.0,0.0,1.0,1.0,0.178471707,0.184598492,0.02986979485,0.02957111597
4121,1.0,0.0,0.0,0.0,1.0,1.0,0.1587896996,0.1869036374,0.02566444874,0.02868384123
4122,1.0,0.0,0.0,0.0,1.0,1.0,0.1142772724,0.1463618025,0.01782023907,0.02114266157
4123,1.0,0.0,0.0,0.0,1.0,1.0,0.1591853406,0.1394073564,0.02364861965,0.01945775747
4124,1.0,0.0,0.0,0.0,1.0,1.0,0.1853133719,0.1815126566,0.02752256393,0.02504855394
4125,1.0,0.0,0.0,0.0,1.0,1.0,0.07109001179,0.1911372913,0.01043492556,0.02547347546
4126,1.0,0.0,0.0,0.0,1.0,1.0,0.1091829149,0.232901723,0.01590710878,0.03150826693
4127,1.0,0.0,0.0,0.0,1.0,1.0,0.07795641827,0.1572396504,0.0114248395,0.02138495445
4128,1.0,0.0,0.0,0.0,1.0,1.0,0.258507725,0.2693809409,0.04037702084,0.039239645
4129,1.0,0.0,0.0,0.0,1.0,1.0,0.2790760704,0.2952894832,0.04449635744,0.04338395596
4130,1.0,0.0,0.0,0.0,1.0,1.0,0.1564503909,0.180622026,0.02368444204,0.02507764101
4131,1.0,0.0,0.0,0.0,1.0,1.0,0.1182546924,0.21094755,0.01755040884,0.02915626764
4132,1.0,0.0,0.0,0.0,1.0,1.0,0.1085107659,0.2073531268,0.0164681077,0.02889144421
4133,1.0,0.0,0.0,0.0,1.0,1.0,0.1034543915,0.1352184025,0.01515924931,0.01867830753
4134,1.0,0.0,0.0,0.0,1.0,1.0,0.2576957315,0.258219915,0.040409863,0.0379524827
4135,1.0,0.0,0.0,0.0,1.0,1.0,0.2835545798,0.2890179808,0.04473662376,0.04280358553
4136,1.0,0.0,0.0,0.0,1.0,1.0,0.3026478643,0.3118561943,0.04753983021,0.04588150978
4137,1.0,0.0,0.0,0.0,1.0,1.0,0.2954102328,0.2987052318,0.0459395647,0.04373884201
4138,1.0,0.0,0.0,0.0,1.0,1.0,0.1625260957,0.1806220973,0.02512592077,0.02599233389
4139,1.0,0.0,0.0,0.0,1.0,1.0,0.1012818059,0.1822749505,0.01518934965,0.02550661564
4140,1.0,0.0,0.0,0.0,1.0,1.0,0.09155187185,0.194106635,0.01360487938,0.02664291859
4141,1.0,0.0,0.0,0.0,1.0,1.0,0.07245011871,0.1388114322,0.01068919897,0.01918578148
4142,1.0,0.0,0.0,0.0,1.0,1.0,0.2459358137,0.2385887593,0.03787374496,0.03411328793
4143,1.0,0.0,0.0,0.0,1.0,1.0,0.2904953547,0.2964765013,0.04524064064,0.04281705618
4144,1.0,0.0,0.0,0.0,1.0,1.0,0.310937677,0.3171660968,0.04993611574,0.04719233513
4145,1.0,0.0,0.0,0.0,1.0,1.0,0.3187875271,0.3185034837,0.05027967691,0.04729008675
4146,1.0,0.0,0.0,0.0,1.0,1.0,0.3080588913,0.313257867,0.0479118824,0.04573410749
4147,1.0,0.0,0.0,0.0,1.0,1.0,0.3056287962,0.3156129657,0.04736685753,0.04573351145
4148,1.0,0.0,0.0,0.0,1.0,1.0,0.3047942108,0.3111471935,0.04700666666,0.04509365559
4149,1.0,0.0,0.0,0.0,1.0,1.0,0.3041006224,0.3092614665,0.04686081409,0.04494255781
4150,1.0,0.0,0.0,0.0,1.0,1.0,0.3038724703,0.3020702861,0.04723417759,0.04423087835
4151,1.0,0.0,0.0,0.0,1.0,1.0,0.1553440944,0.1752011044,0.02263832092,0.0240020752
4152,1.0,0.0,0.0,0.0,1.0,1.0,0.07244997248,0.1738160181,0.01062691212,0.02397876978
4153,1.0,0.0,0.0,0.0,1.0,1.0,0.06964074223,0.1552915882,0.01022702456,0.02155971527
4154,1.0,0.0,0.0,0.0,1.0,1.0,0.1751234458,0.1873953935,0.02704811096,0.02704811096
4155,1.0,0.0,0.0,0.0,1.0,1.0,0.2537711365,0.2590464192,0.03992325068,0.03855603933
4156,1.0,0.0,0.0,0.0,1.0,1.0,0.2778111341,0.2876093967,0.04406440258,0.04298967123
4157,1.0,0.0,0.0,0.0,1.0,1.0,0.2848238044,0.2969353054,0.04508954287,0.04427951574
4158,1.0,0.0,0.0,0.0,1.0,1.0,0.2764780097,0.2907467453,0.04394984245,0.04367685318
4159,1.0,0.0,0.0,0.0,1.0,1.0,0.2806057907,0.2965376337,0.04382604361,0.04382604361
4160,1.0,0.0,0.0,0.0,1.0,1.0,0.2796363093,0.2965377664,0.04449594021,0.04449599981
4161,1.0,0.0,0.0,0.0,1.0,1.0,0.287275156,0.3034669904,0.04529327154,0.04529327154
4162,1.0,0.0,0.0,0.0,1.0,1.0,0.2816295475,0.2961983498,0.04509025812,0.0448153615
4163,1.0,0.0,0.0,0.0,1.0,1.0,0.2743223153,0.2950384074,0.04260808229,0.04342228174
4164,1.0,0.0,0.0,0.0,1.0,1.0,0.2778166015,0.2939534924,0.04371851683,0.04399353266
4165,1.0,0.0,0.0,0.0,1.0,1.0,0.2740121426,0.2895063578,0.04193985462,0.04220873117
4166,1.0,0.0,0.0,0.0,1.0,1.0,0.2220983256,0.2422885696,0.03419131041,0.03529417515
4167,1.0,0.0,0.0,0.0,1.0,1.0,0.07600309281,0.201107301,0.01121985912,0.02776920795
4168,1.0,0.0,0.0,0.0,1.0,1.0,0.07614791966,0.2072014035,0.01121681929,0.02860289812
4169,1.0,0.0,0.0,0.0,1.0,1.0,0.09617282928,0.148511397,0.01425069571,0.02067744732
4170,1.0,0.0,0.0,0.0,1.0,1.0,0.2375432661,0.2470737697,0.03694611788,0.03639876842
4171,1.0,0.0,0.0,0.0,1.0,1.0,0.2792817644,0.2902792048,0.04358536005,0.04331123829
4172,1.0,0.0,0.0,0.0,1.0,1.0,0.2848061095,0.2976282151,0.04466623068,0.04439222813
4173,1.0,0.0,0.0,0.0,1.0,1.0,0.2815333068,0.2931945694,0.04354304075,0.04327088594
4174,1.0,0.0,0.0,0.0,1.0,1.0,0.2752848043,0.2847674029,0.04320567846,0.04265528917
4175,1.0,0.0,0.0,0.0,1.0,1.0,0.2790762322,0.2939534632,0.04338306189,0.04338306189
4176,1.0,0.0,0.0,0.0,1.0,1.0,0.2820726466,0.2899839473,0.04433149099,0.04351049662
4177,1.0,0.0,0.0,0.0,1.0,1.0,0.2780135583,0.2942796683,0.04347467422,0.04374980927
4178,1.0,0.0,0.0,0.0,1.0,1.0,0.274356624,0.2890177282,0.04241889715,0.04269433022
4179,1.0,0.0,0.0,0.0,1.0,1.0,0.2840332768,0.2924290132,0.04406058788,0.04350978136
4180,1.0,0.0,0.0,0.0,1.0,1.0,0.280200422,0.2887277005,0.04355096817,0.04327362776
4181,1.0,0.0,0.0,0.0,1.0,1.0,0.2822985609,0.2983682173,0.04446536303,0.04501771927
4182,1.0,0.0,0.0,0.0,1.0,1.0,0.2771263328,0.2946117054,0.04257583618,0.0433998704
4183,1.0,0.0,0.0,0.0,1.0,1.0,0.289124177,0.2990896981,0.04446321726,0.04418879747
4184,1.0,0.0,0.0,0.0,1.0,1.0,0.286059342,0.2957906383,0.04478281736,0.04450637102
4185,1.0,0.0,0.0,0.0,1.0,1.0,0.2888871482,0.3002054597,0.04484301805,0.04484301805
4186,1.0,0.0,0.0,0.0,1.0,1.0,0.2870926848,0.2983407898,0.04447740316,0.04447740316
4187,1.0,0.0,0.0,0.0,1.0,1.0,0.298234788,0.3097903914,0.04621326923,0.04621332884
4188,1.0,0.0,0.0,0.0,1.0,1.0,0.2784160365,0.2924293987,0.04312539101,0.04367828369
4189,1.0,0.0,0.0,0.0,1.0,1.0,0.05855330231,0.175867409,0.008335649967,0.0235697031
4190,1.0,0.0,0.0,0.0,1.0,1.0,0.0840829095,0.1835707834,0.01246732473,0.02550137043
4191,1.0,0.0,0.0,0.0,1.0,1.0,0.09033417626,0.1340715692,0.01320379972,0.01854151487
4192,1.0,0.0,0.0,0.0,1.0,1.0,0.2016893521,0.2147089129,0.03072631359,0.03100061417
4193,1.0,0.0,0.0,0.0,1.0,1.0,0.2680565932,0.2755815551,0.04129135609,0.04101788998
4194,1.0,0.0,0.0,0.0,1.0,1.0,0.270311773,0.284767299,0.04177993536,0.04260450602
4195,1.0,0.0,0.0,0.0,1.0,1.0,0.2832639757,0.296882284,0.0438978672,0.04445010424
4196,1.0,0.0,0.0,0.0,1.0,1.0,0.2782132375,0.2905783012,0.0432485342,0.0432485342
4197,1.0,0.0,0.0,0.0,1.0,1.0,0.2875835096,0.3024140133,0.04474574327,0.04529815912
4198,1.0,0.0,0.0,0.0,1.0,1.0,0.2827604742,0.2961308413,0.04372471571,0.04399967194
4199,1.0,0.0,0.0,0.0,1.0,1.0,0.2750261697,0.2860853962,0.04257214069,0.04285037518
4200,1.0,0.0,0.0,0.0,1.0,1.0,0.2766313658,0.2927467929,0.04286128283,0.04341429472
4201,1.0,0.0,0.0,0.0,1.0,1.0,0.2850394399,0.2983409565,0.04395127296,0.04450762272
4202,1.0,0.0,0.0,0.0,1.0,1.0,0.2930018483,0.3065205173,0.04518401623,0.04573845863
4203,1.0,0.0,0.0,0.0,1.0,1.0,0.2958636528,0.3057993942,0.04559159279,0.04559159279
4204,1.0,0.0,0.0,0.0,1.0,1.0,0.3000098379,0.3109375037,0.04698652029,0.04670852423
4205,1.0,0.0,0.0,0.0,1.0,1.0,0.2941621795,0.3038598634,0.0454402566,0.0454402566
4206,1.0,0.0,0.0,0.0,1.0,1.0,0.2799853072,0.288442144,0.04355889559,0.04328328371
4207,1.0,0.0,0.0,0.0,1.0,1.0,0.2913569745,0.3063983076,0.04524147511,0.0460640192
4208,1.0,0.0,0.0,0.0,1.0,1.0,0.2898209524,0.3016497474,0.04508191347,0.04535508156
4209,1.0,0.0,0.0,0.0,1.0,1.0,0.2929091604,0.3075206067,0.04512453079,0.04594498873
4210,1.0,0.0,0.0,0.0,1.0,1.0,0.2933336528,0.3016495013,0.04560112953,0.04532802105
4211,1.0,0.0,0.0,0.0,1.0,1.0,0.2934459412,0.3055849289,0.04612821341,0.04612821341
4212,1.0,0.0,0.0,0.0,1.0,1.0,0.3015555948,0.3105405469,0.04729890823,0.04702860117
4213,1.0,0.0,0.0,0.0,1.0,1.0,0.3023953362,0.3118824303,0.0473099947,0.04704266787
4214,1.0,0.0,0.0,0.0,1.0,1.0,0.2963861817,0.3041005869,0.04614299536,0.04587471485
4215,1.0,0.0,0.0,0.0,1.0,1.0,0.2958757276,0.3080713194,0.04593646526,0.04593646526
4216,1.0,0.0,0.0,0.0,1.0,1.0,0.2917197443,0.3026983484,0.04571288824,0.04571288824
4217,1.0,0.0,0.0,0.0,1.0,1.0,0.2909987829,0.3026984546,0.04562073946,0.04589229822
4218,1.0,0.0,0.0,0.0,1.0,1.0,0.2955614342,0.3083385797,0.04626518488,0.04653263092
4219,1.0,0.0,0.0,0.0,1.0,1.0,0.2946631889,0.3034022123,0.04617077112,0.04590076208
4220,1.0,0.0,0.0,0.0,1.0,1.0,0.2967092402,0.3091798072,0.04620265961,0.04647284746
4221,1.0,0.0,0.0,0.0,1.0,1.0,0.2960021169,0.3066880647,0.04647314548,0.04647314548
4222,1.0,0.0,0.0,0.0,1.0,1.0,0.3008698979,0.3116541214,0.04668962955,0.04668968916
4223,1.0,0.0,0.0,0.0,1.0,1.0,0.2924355523,0.3080715905,0.04522633553,0.04575842619
4224,1.0,0.0,0.0,0.0,1.0,1.0,0.2902160857,0.305879019,0.04538804293,0.04619371891
4225,1.0,0.0,0.0,0.0,1.0,1.0,0.2949741488,0.3091798048,0.04620194435,0.04674547911
4226,1.0,0.0,0.0,0.0,1.0,1.0,0.2979273294,0.3080714144,0.04628270864,0.04628264904
4227,1.0,0.0,0.0,0.0,1.0,1.0,0.3013915259,0.3087560457,0.04693877697,0.04666900635
4228,1.0,0.0,0.0,0.0,1.0,1.0,0.3003503476,0.3116538771,0.04672968388,0.04672968388
4229,1.0,0.0,0.0,0.0,1.0,1.0,0.3001795345,0.3123257706,0.04675966501,0.04730027914
4230,1.0,0.0,0.0,0.0,1.0,1.0,0.3013915259,0.315235843,0.04754650593,0.04809296131
4231,1.0,0.0,0.0,0.0,1.0,1.0,0.2989635167,0.3109773253,0.04604721069,0.04631489515
4232,1.0,0.0,0.0,0.0,1.0,1.0,0.2965186116,0.3041778758,0.04614192247,0.04559904337
4233,1.0,0.0,0.0,0.0,1.0,1.0,0.3010576686,0.3077992659,0.04660356045,0.04606169462
4234,1.0,0.0,0.0,0.0,1.0,1.0,0.3067071902,0.3136934633,0.04771095514,0.04716253281
4235,1.0,0.0,0.0,0.0,1.0,1.0,0.2966541026,0.3038597441,0.04606461525,0.04551625252
4236,1.0,0.0,0.0,0.0,1.0,1.0,0.2987654604,0.3049768231,0.04622489214,0.04567462206
4237,1.0,0.0,0.0,0.0,1.0,1.0,0.3030220176,0.3056901182,0.04657059908,0.04548126459
4238,1.0,0.0,0.0,0.0,1.0,1.0,0.3047943068,0.309351355,0.04736411572,0.04653805494
4239,1.0,0.0,0.0,0.0,1.0,1.0,0.3055849292,0.3090867776,0.04778569937,0.04694241285
4240,1.0,0.0,0.0,0.0,1.0,1.0,0.3019895339,0.3046624898,0.04689323902,0.04577672482
4241,1.0,0.0,0.0,0.0,1.0,1.0,0.3076604811,0.3163030217,0.04706990719,0.04706996679
4242,1.0,0.0,0.0,0.0,1.0,1.0,0.309609459,0.3201914109,0.0480350852,0.04859691858
4243,1.0,0.0,0.0,0.0,1.0,1.0,0.3128843162,0.317837292,0.04865497351,0.04809892178
4244,1.0,0.0,0.0,0.0,1.0,1.0,0.3115375324,0.3153222246,0.04837077856,0.04781162739
4245,1.0,0.0,0.0,0.0,1.0,1.0,0.3104192105,0.3166725815,0.04797357321,0.0479735136
4246,1.0,0.0,0.0,0.0,1.0,1.0,0.3122133246,0.3123253768,0.04819488525,0.04708695412
4247,1.0,0.0,0.0,0.0,1.0,1.0,0.3036277602,0.3027508282,0.04653674364,0.04598277807
4248,1.0,0.0,0.0,0.0,1.0,1.0,0.3086249372,0.3096097305,0.04736870527,0.04709327221
4249,1.0,0.0,0.0,0.0,1.0,1.0,0.303627854,0.2951250982,0.04599118233,0.04462242126
4250,1.0,0.0,0.0,0.0,1.0,1.0,0.31447165,0.3048841274,0.04729664326,0.04593759775
4251,1.0,0.0,0.0,0.0,1.0,1.0,0.3082059297,0.3016172837,0.04662036896,0.04554241896
4252,1.0,0.0,0.0,0.0,1.0,1.0,0.190733222,0.1949669485,0.02772188187,0.02855354548
4253,1.0,0.0,0.0,0.0,1.0,1.0,0.08098251491,0.1419443707,0.01148051023,0.02044093609
4254,1.0,0.0,0.0,0.0,1.0,1.0,0.1453021383,0.1602157741,0.02098530531,0.02382111549
4255,1.0,0.0,0.0,0.0,1.0,1.0,0.2526891129,0.2399380071,0.03675168753,0.03647738695
4256,1.0,0.0,0.0,0.0,1.0,1.0,0.3133683186,0.2966541943,0.04665821791,0.0463821888
4257,1.0,0.0,0.0,0.0,1.0,1.0,0.319524297,0.3033394747,0.04705643654,0.04733002186
4258,1.0,0.0,0.0,0.0,1.0,1.0,0.3150209719,0.2900479218,0.04582065344,0.04527521133
4259,1.0,0.0,0.0,0.0,1.0,1.0,0.3275638963,0.2949740589,0.04783701897,0.04620617628
4260,1.0,0.0,0.0,0.0,1.0,1.0,0.3269550065,0.295682622,0.04739564657,0.04604917765
4261,1.0,0.0,0.0,0.0,1.0,1.0,0.3306702018,0.2946630884,0.04857188463,0.04666179419
4262,1.0,0.0,0.0,0.0,1.0,1.0,0.3193705969,0.2910656081,0.04662126303,0.04552429914
4263,1.0,0.0,0.0,0.0,1.0,1.0,0.3299863313,0.3012502352,0.04824817181,0.04713904858
4264,1.0,0.0,0.0,0.0,1.0,1.0,0.3188518493,0.2980790608,0.04646158218,0.04618984461
4265,1.0,0.0,0.0,0.0,1.0,1.0,0.3227553307,0.3064488571,0.04821461439,0.04821461439
4266,1.0,0.0,0.0,0.0,1.0,1.0,0.3258254242,0.3071199987,0.04849976301,0.04822725058
4267,1.0,0.0,0.0,0.0,1.0,1.0,0.3282839133,0.3050020467,0.04914009571,0.04832106829
4268,1.0,0.0,0.0,0.0,1.0,1.0,0.3307244884,0.306725365,0.0493401289,0.0482557416
4269,1.0,0.0,0.0,0.0,1.0,1.0,0.3301075548,0.3071201387,0.04889130592,0.04781085253
4270,1.0,0.0,0.0,0.0,1.0,1.0,0.3277155705,0.3022367059,0.04907888174,0.04772311449
4271,1.0,0.0,0.0,0.0,1.0,1.0,0.3271231487,0.306057756,0.04915028811,0.04806411266
4272,1.0,0.0,0.0,0.0,1.0,1.0,0.3325448639,0.3101715524,0.04989224672,0.048807621
4273,1.0,0.0,0.0,0.0,1.0,1.0,0.3228686514,0.3015557775,0.04858648777,0.04776763916
4274,1.0,0.0,0.0,0.0,1.0,1.0,0.3252728158,0.3053850059,0.04893654585,0.04811638594
4275,1.0,0.0,0.0,0.0,1.0,1.0,0.3283105523,0.3060576467,0.04937875271,0.04828751087
4276,1.0,0.0,0.0,0.0,1.0,1.0,0.326496306,0.3077862372,0.0487383604,0.0481967926
4277,1.0,0.0,0.0,0.0,1.0,1.0,0.3270234738,0.303650144,0.04874116182,0.04791969061
4278,1.0,0.0,0.0,0.0,1.0,1.0,0.329466076,0.3099314711,0.04810672998,0.04783797264
4279,1.0,0.0,0.0,0.0,1.0,1.0,0.3282569499,0.3099314344,0.04870676994,0.04843467474
4280,1.0,0.0,0.0,0.0,1.0,1.0,0.3313166038,0.3116726987,0.04917263985,0.04862934351
4281,1.0,0.0,0.0,0.0,1.0,1.0,0.3264231667,0.3071198739,0.04845947027,0.04818719625
4282,1.0,0.0,0.0,0.0,1.0,1.0,0.3252298773,0.3105906421,0.04895269871,0.04922771454
4283,1.0,0.0,0.0,0.0,1.0,1.0,0.3294862127,0.3116727485,0.04943180084,0.04915720224
4284,1.0,0.0,0.0,0.0,1.0,1.0,0.3239443987,0.3047079932,0.0481724143,0.04789870977
4285,1.0,0.0,0.0,0.0,1.0,1.0,0.3264234432,0.3047076024,0.04841780663,0.04760169983
4286,1.0,0.0,0.0,0.0,1.0,1.0,0.3276855338,0.3088554001,0.04890215397,0.04835885763
4287,1.0,0.0,0.0,0.0,1.0,1.0,0.3319315278,0.3116726582,0.04933208227,0.0485188961
4288,1.0,0.0,0.0,0.0,1.0,1.0,0.3319445847,0.3108230849,0.04984772205,0.04903501272
4289,1.0,0.0,0.0,0.0,1.0,1.0,0.3331475065,0.3123255684,0.04986721277,0.04851943254
4290,1.0,0.0,0.0,0.0,1.0,1.0,0.3295261812,0.30778663,0.0493041873,0.04822057486
4291,1.0,0.0,0.0,0.0,1.0,1.0,0.3307244019,0.309515774,0.04935485125,0.04854130745
4292,1.0,0.0,0.0,0.0,1.0,1.0,0.3349778181,0.3116726658,0.05028939247,0.04919016361
4293,1.0,0.0,0.0,0.0,1.0,1.0,0.3325381453,0.30993175,0.04961925745,0.04852879047
4294,1.0,0.0,0.0,0.0,1.0,1.0,0.3331469688,0.3116726089,0.04991859198,0.04882752895
4295,1.0,0.0,0.0,0.0,1.0,1.0,0.3416276125,0.319266247,0.05110526085,0.05001789331
4296,1.0,0.0,0.0,0.0,1.0,1.0,0.3343657228,0.3127624361,0.05010479689,0.04900956154
4297,1.0,0.0,0.0,0.0,1.0,1.0,0.3392265532,0.3197515207,0.05083215237,0.05001229048
4298,1.0,0.0,0.0,0.0,1.0,1.0,0.3410504977,0.3197514072,0.05080008507,0.04971343279
4299,1.0,0.0,0.0,0.0,1.0,1.0,0.3428741459,0.3226267792,0.05140918493,0.0503153801
4300,1.0,0.0,0.0,0.0,1.0,1.0,0.3495315075,0.3238613238,0.05272656679,0.0510789156
4301,1.0,0.0,0.0,0.0,1.0,1.0,0.3470790704,0.3284877635,0.05235040188,0.0515280962
4302,1.0,0.0,0.0,0.0,1.0,1.0,0.3477909876,0.3261336274,0.05233299732,0.05123126507
4303,1.0,0.0,0.0,0.0,1.0,1.0,0.3416270878,0.3243799345,0.05171811581,0.0508928299
4304,1.0,0.0,0.0,0.0,1.0,1.0,0.3355656905,0.3184843489,0.05044466257,0.04935401678
4305,1.0,0.0,0.0,0.0,1.0,1.0,0.3428211586,0.3232457585,0.05186921358,0.05077141523
4306,1.0,0.0,0.0,0.0,1.0,1.0,0.3464491121,0.3214986933,0.05239886045,0.0504784584
4307,1.0,0.0,0.0,0.0,1.0,1.0,0.3374029091,0.3156128948,0.05043703318,0.04907381535
4308,1.0,0.0,0.0,0.0,1.0,1.0,0.3215118571,0.3096863119,0.04739129543,0.04766207933
4309,1.0,0.0,0.0,0.0,1.0,1.0,0.3227555212,0.3044074828,0.0471791625,0.04637497663
4310,1.0,0.0,0.0,0.0,1.0,1.0,0.3166730137,0.3023221652,0.0468133688,0.04600155354
4311,1.0,0.0,0.0,0.0,1.0,1.0,0.3138432703,0.3016500399,0.04654842615,0.04599434137
4312,1.0,0.0,0.0,0.0,1.0,1.0,0.3170773437,0.3123254613,0.04733330011,0.04705643654
4313,1.0,0.0,0.0,0.0,1.0,1.0,0.3011023744,0.3042581606,0.04649072886,0.04621064663
4314,1.0,0.0,0.0,0.0,1.0,1.0,0.2940594743,0.3130325084,0.04565984011,0.04650020599
4315,1.0,0.7853981853,0.0,0.0,1.0,1.0,0.2547597625,0.2827881372,0.03993922472,0.04077714682
4316,1.0,0.7853981853,0.0,0.0,1.0,1.0,0.2361026172,0.2667833743,0.03657633066,0.03685134649
4317,1.0,0.7853981853,0.0,0.0,1.0,1.0,0.2352636502,0.2849813417,0.03776800632,0.03914642334
4318,1.0,0.7853981853,0.0,0.0,1.0,1.0,0.2253476082,0.28435992,0.03645420074,0.03784555197
4319,1.0,0.7853981853,0.0,0.0,1.0,1.0,0.2503014131,0.3106962534,0.0408321619,0.04111969471
4320,1.0,0.7853981853,0.0,0.0,1.0,1.0,0.2551391438,0.331673006,0.04138976336,0.04281699657
4321,1.0,0.7853981853,0.0,0.0,1.0,1.0,0.2542753114,0.3368651822,0.04049146175,0.04245972633
4322,1.0,0.7853981853,0.0,0.0,1.0,1.0,0.2533796613,0.3368654856,0.04144024849,0.04345470667
4323,1.0,0.7853981853,0.0,0.0,1.0,1.0,0.2582628269,0.3421513254,0.04253792763,0.04428607225
4324,1.0,0.7853981853,0.0,0.0,1.0,1.0,0.2458523162,0.3145565851,0.03981274366,0.04067820311
4325,1.0,0.7853981853,0.0,0.0,1.0,1.0,0.2498606083,0.3164173349,0.04090034962,0.04176443815
4326,1.0,0.7853981853,0.0,0.0,1.0,1.0,0.2529561932,0.3150416211,0.04110366106,0.04167854786
4327,1.0,0.7853981853,0.0,0.0,1.0,1.0,0.2520795268,0.3185990266,0.04053503275,0.04167681932
4328,1.0,0.7853981853,0.0,0.0,1.0,1.0,0.2463163051,0.3115145353,0.03899025917,0.04039281607
4329,1.0,0.7853981853,0.0,0.0,1.0,1.0,0.2428221381,0.3015559329,0.03875666857,0.03931838274
4330,1.0,0.7853981853,0.0,0.0,1.0,1.0,0.2485478758,0.3088406017,0.04038918018,0.04095804691
4331,1.0,0.7853981853,0.0,0.0,1.0,1.0,0.2472487577,0.3160629688,0.04017180204,0.04186922312
4332,1.0,0.7853981853,0.0,0.0,1.0,1.0,0.2489959802,0.3170498785,0.04015779495,0.04210990667
4333,1.0,0.7853981853,0.0,0.0,1.0,1.0,0.25502992,0.3248183399,0.04112184048,0.04334461689
4334,1.0,0.7853981853,0.0,0.0,1.0,1.0,0.2441916798,0.3125914884,0.03909409046,0.04104882479
4335,1.0,0.7853981853,0.0,0.0,1.0,1.0,0.2043059876,0.2321714644,0.03215318918,0.03041517735
4336,1.0,0.7853981853,0.0,0.0,1.0,1.0,0.0840830269,0.1984536477,0.01268446445,0.02392750978
4337,1.0,0.7853981853,0.0,0.0,1.0,1.0,0.07860790159,0.1796228327,0.01190268993,0.02210491896
4338,1.0,0.7853981853,0.0,0.0,1.0,1.0,0.09323151414,0.1563005134,0.01436805725,0.02040266991
4339,1.0,0.7853981853,0.0,0.0,1.0,1.0,0.1984188555,0.2256124637,0.03130120039,0.031011343
4340,1.0,0.7853981853,0.0,0.0,1.0,1.0,0.2410003709,0.2608105161,0.03877472878,0.03734916449
4341,1.0,0.7853981853,0.0,0.0,1.0,1.0,0.2653386142,0.2841548505,0.04213625193,0.04073166847
4342,1.0,0.0,0.0,0.0,1.0,1.0,0.2775251733,0.2959884107,0.0442687273,0.04314798117
4343,1.0,0.0,0.0,0.0,1.0,1.0,0.2755877696,0.2911909312,0.0433254838,0.0425028801
4344,1.0,0.0,0.0,0.0,1.0,1.0,0.2825280815,0.2960611442,0.04433709383,0.04350572824
4345,1.0,0.0,0.0,0.0,1.0,1.0,0.2727350057,0.2901001802,0.04309529066,0.04309529066
4346,1.0,0.0,0.0,0.0,1.0,1.0,0.279985543,0.2938433068,0.04394608736,0.04366791248
4347,1.0,0.0,0.0,0.0,1.0,1.0,0.2954100839,0.3049767465,0.04612094164,0.04584479332
4348,1.0,0.0,0.0,0.0,1.0,1.0,0.2888461191,0.2979818431,0.04498386383,0.04443186522
4349,1.0,0.0,0.0,0.0,1.0,1.0,0.2926936706,0.3057992981,0.04534780979,0.04534780979
4350,1.0,0.0,0.0,0.0,1.0,1.0,0.287073651,0.2990893736,0.04476451874,0.0444881916
4351,1.0,0.0,0.0,0.0,1.0,1.0,0.2847968348,0.2942801684,0.04447889328,0.04392635822
4352,1.0,0.0,0.0,0.0,1.0,1.0,0.2802006715,0.2919719432,0.04350018501,0.04322314262
4353,1.0,0.0,0.0,0.0,1.0,1.0,0.2842777997,0.2916586132,0.04408621788,0.04353165627
4354,1.0,0.0,0.0,0.0,1.0,1.0,0.2855546672,0.292289237,0.04416072369,0.04332220554
4355,1.0,0.0,0.0,0.0,1.0,1.0,0.2927840719,0.2960608354,0.04561716318,0.04420918226
4356,1.0,0.0,0.0,0.0,1.0,1.0,0.2762093293,0.2820396435,0.04288250208,0.04203617573
4357,1.0,0.0,0.0,0.0,1.0,1.0,0.2785330829,0.28691192,0.04327899218,0.04271322489
4358,1.0,0.0,0.0,0.0,1.0,1.0,0.2767127187,0.2782535732,0.04310405254,0.04168611765
4359,1.0,0.0,0.0,0.0,1.0,1.0,0.2774188029,0.2814516709,0.04266518354,0.04153490067
4360,1.0,0.0,0.0,0.0,1.0,1.0,0.2709108951,0.2717112996,0.04213887453,0.04071527719
4361,1.0,0.0,0.0,0.0,1.0,1.0,0.2608836443,0.2594705471,0.04019290209,0.03821158409
4362,1.0,0.0,0.0,0.0,1.0,1.0,0.2530932974,0.2546838386,0.03892302513,0.03750246763
4363,1.0,0.0,0.0,0.0,1.0,1.0,0.1979662624,0.2058848745,0.02977257967,0.02977257967
4364,1.0,0.0,0.0,0.0,1.0,1.0,0.0598466308,0.1505434134,0.008709609509,0.0209031105
4365,1.0,0.0,0.0,0.0,1.0,1.0,0.08228353024,0.1715142985,0.01217240095,0.02404785156
4366,1.0,0.0,0.0,0.0,1.0,1.0,0.09104232613,0.1729804818,0.01338875294,0.02409976721
4367,1.0,0.0,0.0,0.0,1.0,1.0,0.09705297622,0.1787794454,0.01419734955,0.02507197857
4368,1.0,0.0,0.0,0.0,1.0,1.0,0.0942095485,0.201604177,0.01374930143,0.02809643745
4369,1.0,0.0,0.0,0.0,1.0,1.0,0.111738949,0.2367097642,0.01590329409,0.03180652857
4370,1.0,0.0,0.0,0.0,1.0,1.0,0.1103920938,0.2488062567,0.01645642519,0.03467601538
4371,1.0,0.0,0.0,0.0,1.0,1.0,0.1119217354,0.246724069,0.01638156176,0.0339127183
4372,1.0,0.0,0.0,0.0,1.0,1.0,0.1251785751,0.2623534553,0.01808899641,0.03617799282
4373,1.0,0.0,0.0,0.0,1.0,1.0,0.155650546,0.2950938143,0.02273702621,0.04098653793
4374,1.0,0.0,0.0,0.0,1.0,1.0,0.131042292,0.2417349688,0.01949340105,0.03462260962
4375,1.0,0.0,0.0,0.0,1.0,1.0,0.1195592989,0.1799759261,0.01822155714,0.02676290274
4376,1.0,0.0,0.0,0.0,1.0,1.0,0.1362877261,0.2147564008,0.02087968588,0.03147083521
4377,1.0,0.0,0.0,0.0,1.0,1.0,0.2656512154,0.2201835936,0.04183632135,0.033644557
4378,1.0,0.0,0.0,0.0,1.0,1.0,0.3374500151,0.2896109819,0.05306059122,0.04436212778
4379,1.0,0.0,0.0,0.0,1.0,1.0,0.3983149555,0.3468213433,0.06214874983,0.05302602053
4380,1.0,0.0,0.0,0.0,1.0,1.0,0.1831969011,0.1821018268,0.0267291069,0.02554118633
4381,1.0,0.0,0.0,0.0,1.0,1.0,0.1448169563,0.2058937738,0.02070939541,0.02800148726
4382,1.0,0.0,0.0,0.0,1.0,1.0,0.1575885217,0.1977156649,0.02269673347,0.02717632055
4383,1.0,0.0,0.0,0.0,1.0,1.0,0.3269201881,0.2725753122,0.05007046461,0.04120087624
4384,1.0,0.0,0.0,0.0,1.0,1.0,0.4083542168,0.3432046227,0.06323349476,0.05255019665
4385,1.0,0.0,0.0,0.0,1.0,1.0,0.4140815844,0.3553151047,0.06433492899,0.05468469858
4386,1.0,0.0,0.0,0.0,1.0,1.0,0.4099793379,0.3503791283,0.06338578463,0.0534543395
4387,1.0,0.0,0.0,0.0,1.0,1.0,0.4183271702,0.3608023494,0.06571221352,0.05560261011
4388,1.0,0.0,0.0,0.0,1.0,1.0,0.4078184032,0.3461102297,0.06251943111,0.05224627256
4389,1.0,0.0,0.0,0.0,1.0,1.0,0.4175617683,0.3639703033,0.06340432167,0.05430465937
4390,1.0,0.0,0.0,0.0,1.0,1.0,0.4258319085,0.3634334638,0.06553441286,0.0550609231
4391,1.0,0.0,0.0,0.0,1.0,1.0,0.4332839853,0.3762604978,0.06644660234,0.05670112371
4392,1.0,0.0,0.0,0.0,1.0,1.0,0.4378509624,0.3815698781,0.06710857153,0.057479918
4393,1.0,0.0,0.0,0.0,1.0,1.0,0.4374918424,0.3815697883,0.06702852249,0.05691641569
4394,1.0,0.0,0.0,0.0,1.0,1.0,0.4359470738,0.3772215044,0.06764304638,0.05730462074
4395,1.0,0.0,0.0,0.0,1.0,1.0,0.4372556725,0.3854439369,0.06609219313,0.05693662167
4396,1.0,0.0,0.0,0.0,1.0,1.0,0.4420974175,0.3820262254,0.06710255146,0.05677908659
4397,1.0,0.0,0.0,0.0,1.0,1.0,0.4397544982,0.38499881,0.06670355797,0.0571744442
4398,1.0,0.0,0.0,0.0,1.0,1.0,0.4364292654,0.3800963512,0.06579697132,0.05611252785
4399,1.0,0.0,0.0,0.0,1.0,1.0,0.4280627293,0.3771842248,0.06479132175,0.0562286377
4400,1.0,0.0,0.0,0.0,1.0,1.0,0.3993945241,0.3480545118,0.05931431055,0.05080026388
4401,1.0,0.0,0.0,0.0,1.0,1.0,0.1457958506,0.2179397625,0.02006405592,0.02878755331
4402,1.0,0.0,0.0,0.0,1.0,1.0,0.1391626911,0.2211154989,0.01959937811,0.02969604731
4403,1.0,0.0,0.0,0.0,1.0,1.0,0.2283296308,0.2344372212,0.03328675032,0.03328675032
4404,1.0,0.0,0.0,0.0,1.0,1.0,0.3453670262,0.3213891542,0.05179345608,0.04745322466
4405,1.0,0.0,0.0,0.0,1.0,1.0,0.3874992642,0.3422212919,0.05826950073,0.05076950788
4406,1.0,0.0,0.0,0.0,1.0,1.0,0.3986215297,0.3455102229,0.05964785814,0.0510032177
4407,1.0,0.0,0.0,0.0,1.0,1.0,0.3970383833,0.3409859376,0.05916619301,0.05071389675
4408,1.0,0.0,0.0,0.0,1.0,1.0,0.3825988983,0.330554611,0.05711841583,0.04954147339
4409,1.0,0.0,0.0,0.0,1.0,1.0,0.3845510246,0.3318456798,0.05706423521,0.04924321175
4410,1.0,0.0,0.0,0.0,1.0,1.0,0.4102766748,0.3577768084,0.06132805347,0.05348038673
4411,1.0,0.0,0.0,0.0,1.0,1.0,0.4203077962,0.3602638983,0.06183469296,0.05300116539
4412,1.0,0.0,0.0,0.0,1.0,1.0,0.3986216222,0.3530847437,0.05895203352,0.05211699009
4413,1.0,0.0,0.0,0.0,1.0,1.0,0.3929752807,0.3481202518,0.05953752995,0.05324029922
4414,1.0,0.0,0.0,0.0,1.0,1.0,0.3846980223,0.347882368,0.05720227957,0.05202817917
4415,1.0,0.0,0.0,0.0,1.0,1.0,0.3579213378,0.3197445494,0.05162298679,0.04710948467
4416,1.0,0.0,0.0,0.0,1.0,1.0,0.3463412114,0.3152085795,0.04975599051,0.04662847519
4417,1.0,0.0,0.0,0.0,1.0,1.0,0.3599599882,0.3173133427,0.05109143257,0.04766631126
4418,1.0,0.0,0.0,0.0,1.0,1.0,0.3560762537,0.3035340232,0.04996937513,0.04656237364
4419,1.0,0.0,0.0,0.0,1.0,1.0,0.3719803593,0.3100458764,0.05269998312,0.04922527075
4420,1.0,0.0,0.0,0.0,1.0,1.0,0.3703935075,0.3148424029,0.0537878871,0.05168443918
4421,1.0,0.0,0.0,0.0,1.0,1.0,0.3729572444,0.3089182176,0.05260324478,0.05023902655
4422,1.0,0.0,0.0,0.0,1.0,1.0,0.3622707986,0.2954553431,0.05213099718,0.04967778921
4423,1.0,0.0,0.0,0.0,1.0,1.0,0.3839056992,0.3136933998,0.05491769314,0.05277007818
4424,1.0,0.0,0.0,0.0,1.0,1.0,0.379319187,0.3096099373,0.05404913425,0.05192363262
4425,1.0,0.0,0.0,0.0,1.0,1.0,0.3721326276,0.3073824714,0.05357044935,0.05234599113
4426,1.0,0.0,0.0,0.0,1.0,1.0,0.3720868126,0.3027507436,0.0528998971,0.0510545373
4427,1.0,0.0,0.0,0.0,1.0,1.0,0.3644255428,0.3046626657,0.05082452297,0.04991149902
4428,1.0,0.0,0.0,0.0,1.0,1.0,0.3769449356,0.3120931998,0.0522390604,0.05014944077
4429,1.0,0.0,0.0,0.0,1.0,1.0,0.3701636452,0.3020702423,0.0513561964,0.04893946648
4430,1.0,0.0,0.0,0.0,1.0,1.0,0.3753271282,0.3053851028,0.05304676294,0.05001550913
4431,1.0,0.0,0.0,0.0,1.0,1.0,0.3782831696,0.3102355881,0.05314391851,0.05042636395
4432,1.0,0.0,0.0,0.0,1.0,1.0,0.3785118708,0.3123253819,0.0526112318,0.05024665594
4433,1.0,0.0,0.0,0.0,1.0,1.0,0.3807398631,0.3102355365,0.05437934399,0.05159854889
4434,1.0,0.0,0.0,0.0,1.0,1.0,0.375600026,0.3057994962,0.05244278908,0.04942888021
4435,1.0,0.0,0.0,0.0,1.0,1.0,0.3688925688,0.3035345406,0.05191606283,0.04950141907
4436,1.0,0.0,0.0,0.0,1.0,1.0,0.3822651977,0.3109373856,0.05475705862,0.0513920784
4437,1.0,0.0,0.0,0.0,1.0,1.0,0.3702428893,0.3039345819,0.05295872688,0.04989749193
4438,1.0,0.0,0.0,0.0,1.0,1.0,0.3840742994,0.3116338735,0.05452615023,0.05091112852
4439,1.0,0.0,0.0,0.0,1.0,1.0,0.3750573081,0.3042582194,0.05300307274,0.04969036579
4440,1.0,0.0,0.0,0.0,1.0,1.0,0.367316332,0.3042584212,0.05172228813,0.0496173501
4441,1.0,0.0,0.0,0.0,1.0,1.0,0.3844006315,0.3123255559,0.05566358566,0.05257117748
4442,1.0,0.0,0.0,0.0,1.0,1.0,0.369451947,0.3024143196,0.05193954706,0.0492374897
4443,1.0,0.0,0.0,0.0,1.0,1.0,0.2260379914,0.2136062863,0.03154933453,0.03371447325
4444,1.0,0.0,0.0,0.0,1.0,1.0,0.08943530137,0.1820687758,0.01212054491,0.0284833312
4445,1.0,0.0,0.0,0.0,1.0,1.0,0.1803343839,0.1900079667,0.02499079704,0.03010934591
4446,1.0,0.0,0.0,0.0,1.0,1.0,0.2873658862,0.2461861359,0.04000592232,0.03941762447
4447,1.0,0.0,0.0,0.0,1.0,1.0,0.3523925455,0.2944786686,0.04915994406,0.04582715034
4448,1.0,0.0,0.0,0.0,1.0,1.0,0.3561002508,0.2987652275,0.05025118589,0.04664194584
4449,1.0,0.0,0.0,0.0,1.0,1.0,0.3529778389,0.2947995634,0.04995965958,0.04603022337
4450,1.0,0.0,0.0,0.0,1.0,1.0,0.3658843358,0.312099885,0.0531873107,0.04842841625
4451,1.0,0.0,0.0,0.0,1.0,1.0,0.3681150072,0.3186626679,0.05289256573,0.04823362827
4452,1.0,0.0,0.0,0.0,1.0,1.0,0.3661506513,0.3216385826,0.05371248722,0.04850566387
4453,1.0,0.0,0.0,0.0,1.0,1.0,0.369278963,0.3386385427,0.0558103919,0.0513677597
4454,1.0,0.0,0.0,0.0,1.0,1.0,0.3518910071,0.3294862546,0.05398875475,0.05009257793
4455,1.0,0.0,0.0,0.0,1.0,1.0,0.3440699784,0.3257441837,0.05219119787,0.04860138893
4456,1.0,0.0,0.0,0.0,1.0,1.0,0.3427171168,0.3239949717,0.05231809616,0.04848325253
4457,1.0,0.0,0.0,0.0,1.0,1.0,0.339773911,0.3269549593,0.05183213949,0.04852372408
4458,1.0,0.0,0.0,0.0,1.0,1.0,0.3325479998,0.3220427598,0.05125296116,0.04820555449
4459,1.0,0.0,0.0,0.0,1.0,1.0,0.3426660637,0.3399591287,0.05308777094,0.05059927702
4460,1.0,0.0,0.0,0.0,1.0,1.0,0.3295263253,0.3250064291,0.05040198565,0.04790955782
4461,1.0,0.0,0.0,0.0,1.0,1.0,0.3133385134,0.3137343812,0.04846870899,0.04651880264
4462,1.0,0.0,0.0,0.0,1.0,1.0,0.3110963605,0.3181744713,0.04839771986,0.04728513956
4463,1.0,0.0,0.0,0.0,1.0,1.0,0.3125465449,0.3164901457,0.04881703854,0.04716223478
4464,1.0,0.0,0.0,0.0,1.0,1.0,0.2986030788,0.3116340263,0.04699379206,0.04671734571
4465,1.0,0.0,0.0,0.0,1.0,1.0,0.313654576,0.3220424374,0.04883402586,0.04800635576
4466,1.0,0.0,0.0,0.0,1.0,1.0,0.3119949866,0.3208539664,0.04884403944,0.04801619053
4467,1.0,0.0,0.0,0.0,1.0,1.0,0.3099871551,0.3164898541,0.04769510031,0.04687279463
4468,1.0,0.0,0.0,0.0,1.0,1.0,0.3164602878,0.3213819283,0.04929673672,0.0481826663
4469,1.0,0.0,0.0,0.0,1.0,1.0,0.3093086785,0.3158086539,0.04793918133,0.04710781574
4470,1.0,0.0,0.0,0.0,1.0,1.0,0.3091796165,0.3118557572,0.04785507917,0.04618573189
4471,1.0,0.0,0.0,0.0,1.0,1.0,0.3086249824,0.3144311082,0.04773205519,0.04662197828
4472,1.0,0.0,0.0,0.0,1.0,1.0,0.3077989142,0.3142186305,0.04761683941,0.04649651051
4473,1.0,0.0,0.0,0.0,1.0,1.0,0.3140077837,0.3188517973,0.04917579889,0.0480517745
4474,1.0,0.0,0.0,0.0,1.0,1.0,0.3082060034,0.3213820488,0.04780757427,0.04780757427
4475,1.0,0.0,0.0,0.0,1.0,1.0,0.3148687583,0.3312966433,0.04958242178,0.04986095428
4476,1.0,0.0,0.0,0.0,1.0,1.0,0.3135506645,0.3250973308,0.0488999486,0.04862207174
4477,1.0,0.0,0.0,0.0,1.0,1.0,0.3166373496,0.3325280156,0.04921513796,0.04921513796
4478,1.0,0.0,0.0,0.0,1.0,1.0,0.3132053103,0.3251857823,0.04937487841,0.04909747839
4479,1.0,0.0,0.0,0.0,1.0,1.0,0.3184840701,0.3270233447,0.05014532804,0.04931420088
4480,1.0,0.0,0.0,0.0,1.0,1.0,0.3113306814,0.32323973,0.04850256443,0.04795140028
4481,1.0,0.0,0.0,0.0,1.0,1.0,0.3149648967,0.3258252429,0.04919588566,0.04892104864
4482,1.0,0.0,0.0,0.0,1.0,1.0,0.3144116198,0.3258254258,0.04962807894,0.04935079813
4483,1.0,0.0,0.0,0.0,1.0,1.0,0.3152483133,0.3235602476,0.04979068041,0.04924356937
4484,1.0,0.0,0.0,0.0,1.0,1.0,0.311672532,0.3265324153,0.04901766777,0.04956537485
4485,1.0,0.0,0.0,0.0,1.0,1.0,0.3116726527,0.3211205952,0.04876381159,0.04849141836
4486,1.0,0.0,0.0,0.0,1.0,1.0,0.3123255383,0.3247284052,0.04937803745,0.04937803745
4487,1.0,0.0,0.0,0.0,1.0,1.0,0.3105906104,0.3204732587,0.04819643497,0.04765790701
4488,1.0,0.0,0.0,0.0,1.0,1.0,0.3187873757,0.3289980197,0.05044198036,0.05044203997
4489,1.0,0.0,0.0,0.0,1.0,1.0,0.3101716766,0.3217629711,0.0488178134,0.04854661226
4490,1.0,0.0,0.0,0.0,1.0,1.0,0.3210643481,0.3271553876,0.05018204451,0.04910284281
4491,1.0,0.0,0.0,0.0,1.0,1.0,0.3110151476,0.321638613,0.0486677289,0.0483943224
4492,1.0,0.0,0.0,0.0,1.0,1.0,0.307654356,0.3173409375,0.04883873463,0.04801094532
4493,1.0,0.0,0.0,0.0,1.0,1.0,0.3165187126,0.3259827264,0.04923415184,0.04869896173
4494,1.0,0.0,0.0,0.0,1.0,1.0,0.3099312006,0.3150415327,0.04792368412,0.046846807
4495,1.0,0.0,0.0,0.0,1.0,1.0,0.3083202142,0.3181676961,0.04849416018,0.04822170734
4496,1.0,0.0,0.0,0.0,1.0,1.0,0.2923058102,0.3001989408,0.04553741217,0.04471945763
4497,1.0,0.0,0.0,0.0,1.0,1.0,0.300010394,0.3016833758,0.04688113928,0.04521667957
4498,1.0,0.0,0.0,0.0,1.0,1.0,0.2476175776,0.2573751139,0.03824883699,0.0379716754
4499,1.0,0.0,0.0,0.0,1.0,1.0,0.09333319738,0.1793352554,0.01336687803,0.02478438616
4500,1.0,0.0,0.0,0.0,1.0,1.0,0.09573194546,0.1591853895,0.01388353109,0.02193599939
4501,1.0,0.0,0.0,0.0,1.0,1.0,0.1330127704,0.1413940143,0.01996123791,0.02023845911
4502,1.0,0.0,0.0,0.0,1.0,1.0,0.2444289091,0.2479816888,0.03736114502,0.03653085232
4503,1.0,0.0,0.0,0.0,1.0,1.0,0.2817099008,0.2919717223,0.04366087914,0.04338276386
4504,1.0,0.0,0.0,0.0,1.0,1.0,0.2860723809,0.2941754328,0.04387521744,0.04331982136
4505,1.0,0.0,0.0,0.0,1.0,1.0,0.2965970295,0.3009471707,0.0462397337,0.04539901018
4506,1.0,0.0,0.0,0.0,1.0,1.0,0.2906812809,0.2972320336,0.04503113031,0.0444752574
4507,1.0,0.0,0.0,0.0,1.0,1.0,0.3009074502,0.3053849948,0.04697179794,0.04613298178
4508,1.0,0.0,0.0,0.0,1.0,1.0,0.2960646967,0.3020700684,0.04577934742,0.04494696856
4509,1.0,0.0,0.0,0.0,1.0,1.0,0.3009074244,0.310688146,0.04639351368,0.04584121704
4510,1.0,0.0,0.0,0.0,1.0,1.0,0.2906817968,0.3002052595,0.0449463129,0.04466879368
4511,1.0,0.0,0.0,0.0,1.0,1.0,0.2868270012,0.2990895523,0.04474556446,0.04474562407
4512,1.0,0.0,0.0,0.0,1.0,1.0,0.2914295621,0.3020700064,0.04563713074,0.04535710812
4513,1.0,0.0,0.0,0.0,1.0,1.0,0.2921721407,0.3106880992,0.04545497894,0.04600930214
4514,1.0,0.0,0.0,0.0,1.0,1.0,0.2903901541,0.2990895938,0.04478406906,0.04423463345
4515,1.0,0.0,0.0,0.0,1.0,1.0,0.2911340327,0.3028049217,0.04488807917,0.04461437464
4516,1.0,0.0,0.0,0.0,1.0,1.0,0.293850011,0.3086512009,0.04578775167,0.04606193304
4517,1.0,0.0,0.0,0.0,1.0,1.0,0.2980793907,0.3045742232,0.04565805197,0.04485225677
4518,1.0,0.0,0.0,0.0,1.0,1.0,0.292519426,0.3034668152,0.04553472996,0.04526370764
4519,1.0,0.0,0.0,0.0,1.0,1.0,0.2939535556,0.3061021695,0.04464012384,0.04491066933
4520,1.0,0.0,0.0,0.0,1.0,1.0,0.2936412385,0.3049766709,0.04470658302,0.04470658302
4521,1.0,0.0,0.0,0.0,1.0,1.0,0.2901031355,0.2994650732,0.04472905397,0.04445636272
4522,1.0,0.0,0.0,0.0,1.0,1.0,0.2870740069,0.2954553758,0.04482746124,0.04482740164
4523,1.0,0.0,0.0,0.0,1.0,1.0,0.2855548666,0.2918076932,0.04411685467,0.04357218742
4524,1.0,0.0,0.0,0.0,1.0,1.0,0.2918725857,0.3045745164,0.04707193375,0.04764246941
4525,1.0,0.0,0.0,0.0,1.0,1.0,0.2743224333,0.2860720684,0.04499536753,0.04528194666
4526,1.0,0.0,0.0,0.0,1.0,1.0,0.2313192974,0.234301345,0.03710901737,0.03625923395
4527,1.0,0.0,0.0,0.0,1.0,1.0,0.1141684662,0.1346902036,0.01744157076,0.01972895861
4528,1.0,0.0,0.0,0.0,1.0,1.0,0.1220692321,0.1565392901,0.01832050085,0.02232813835
4529,1.0,0.0,0.0,0.0,1.0,1.0,0.1173590444,0.1169981727,0.01803916693,0.0171662569
4530,1.0,0.0,0.0,0.0,1.0,1.0,0.1818805985,0.1704030161,0.02876877785,0.02535068989
4531,1.0,0.0,0.0,0.0,1.0,1.0,0.2026126352,0.1802564079,0.03300696611,0.02801430225
4532,1.0,0.0,0.0,0.0,1.0,1.0,0.1784716876,0.1847559154,0.02971255779,0.02971255779
4533,1.0,0.0,0.0,0.0,1.0,1.0,0.1707589966,0.1432766498,0.02896869183,0.02328854799
4534,1.0,0.0,0.0,0.0,1.0,1.0,0.1302091072,0.07616584983,0.0236235857,0.01308876276
4535,1.0,0.0,0.0,0.0,1.0,1.0,0.1573362748,0.1272696075,0.02769082785,0.02139741182
4536,1.0,0.0,0.0,0.0,1.0,1.0,0.156951787,0.1085537541,0.02721762657,0.01814514399
4537,1.0,0.0,0.0,0.0,1.0,0.0,0.1477915652,0.0,0.02570050955,0.0
4538,1.0,0.0,0.0,0.0,1.0,1.0,0.1587560398,0.09660026794,0.0284602046,0.01681739092
4539,1.0,0.0,0.0,0.0,1.0,1.0,0.1659975132,0.1169558072,0.03071212769,0.02111452818
4540,1.0,0.0,0.0,0.0,1.0,1.0,0.1601218956,0.115877223,0.02950841188,0.02075314522
4541,1.0,0.0,0.0,0.0,1.0,1.0,0.1665738475,0.119418526,0.0301245451,0.02105474472
4542,1.0,0.0,0.0,0.0,1.0,1.0,0.174106955,0.138034867,0.03237318993,0.0245912075
4543,1.0,0.0,0.0,0.0,1.0,1.0,0.1882509955,0.1671663145,0.03453755379,0.02951389551
4544,1.0,0.0,0.0,0.0,1.0,1.0,0.1832309497,0.1399926647,0.03465622663,0.02488946915
4545,1.0,0.0,0.0,0.0,1.0,1.0,0.1887647118,0.1468715134,0.03545105457,0.0259552598
4546,1.0,0.0,0.0,0.0,1.0,1.0,0.1668631607,0.04866207615,0.03024750948,0.008192062378
4547,1.0,0.0,0.0,0.0,1.0,1.0,0.1925368934,0.09768994932,0.03457909822,0.01634651423
4548,1.0,0.0,0.0,0.0,1.0,1.0,0.2030668579,0.07860777354,0.03785204887,0.01382422447
4549,1.0,0.0,0.0,0.0,1.0,1.0,0.1950550055,0.04960452383,0.03515672684,0.008400261402
4550,1.0,0.0,0.0,0.0,1.0,1.0,0.1736681044,0.06723539204,0.03160405159,0.01146423817
4551,1.0,0.0,0.0,0.0,1.0,1.0,0.1833991313,0.0988655158,0.03516483307,0.0177437067
4552,1.0,0.0,0.0,0.0,1.0,1.0,0.1975249302,0.1208710052,0.03725618124,0.02133470774
4553,1.0,0.0,0.0,0.0,1.0,1.0,0.1895779494,0.1049238626,0.03541404009,0.01832836866
4554,1.0,0.0,0.0,0.0,1.0,1.0,0.1938717036,0.1190669871,0.03718447685,0.02115666866
4555,1.0,0.0,0.0,0.0,1.0,1.0,0.1981945347,0.1203707003,0.03712612391,0.02094292641
4556,1.0,0.0,0.0,0.0,1.0,1.0,0.1933853948,0.1102325913,0.03554660082,0.01887428761
4557,1.0,0.0,0.0,0.0,1.0,1.0,0.1922670726,0.0705927001,0.03517121077,0.01204061508
4558,1.0,0.0,0.0,0.0,1.0,1.0,0.1956578003,0.08485826252,0.03433585167,0.01391994953
4559,1.0,0.0,0.0,0.0,1.0,1.0,0.1937325095,0.09647108405,0.03427815437,0.01601779461
4560,1.0,0.0,0.0,0.0,1.0,1.0,0.1848784325,0.1093137753,0.03238964081,0.01795858145
4561,1.0,0.0,0.0,0.0,1.0,1.0,0.1822187928,0.09602487082,0.03175842762,0.01571881771
4562,1.0,0.0,0.0,0.0,1.0,1.0,0.1914990177,0.09333330467,0.03395992517,0.01552456617
4563,1.0,0.0,0.0,0.0,1.0,1.0,0.1923451636,0.07688010393,0.03192561865,0.01189386845
4564,1.0,0.0,0.0,0.0,1.0,1.0,0.185637511,0.07283388138,0.03105604649,0.01129311323
4565,1.0,0.0,0.0,0.0,1.0,1.0,0.1831040471,0.06119045864,0.02961307764,0.009254097939
4566,1.0,0.0,0.0,0.0,1.0,1.0,0.1770438634,0.06375048144,0.02974510193,0.009915053844
4567,1.0,0.0,0.0,0.0,1.0,1.0,0.1770437903,0.07814566152,0.02855169773,0.01166629791
4568,1.0,0.0,0.0,0.0,1.0,1.0,0.1764850742,0.06662956555,0.02786159515,0.009690999985
4569,1.0,0.0,0.0,0.0,1.0,1.0,0.1869032363,0.09448489029,0.02897572517,0.01372534037
4570,1.0,0.0,0.0,0.0,1.0,1.0,0.1797835145,0.07079381516,0.02826720476,0.01033425331
4571,1.0,0.0,0.0,0.0,1.0,1.0,0.1621737705,0.05120071917,0.02625262737,0.007631540298
4572,1.0,0.0,0.0,0.0,1.0,1.0,0.1825724351,0.06851021484,0.02975916862,0.01043105125
4573,1.0,0.0,0.0,0.0,1.0,1.0,0.2102147699,0.1095005673,0.03544694185,0.01710158587
4574,1.0,0.0,0.0,0.0,1.0,1.0,0.1939768773,0.08853327197,0.03285694122,0.01408153772
4575,1.0,0.0,0.0,0.0,1.0,1.0,0.1934404569,0.1127773755,0.03339576721,0.01793473959
4576,1.0,0.0,0.0,0.0,1.0,1.0,0.2151576939,0.1703592369,0.03940117359,0.02859759331
4577,1.0,0.0,0.0,0.0,1.0,1.0,0.2498603043,0.2144325357,0.04646158218,0.03610193729
4578,1.0,0.0,0.0,0.0,1.0,1.0,0.2528298015,0.2160446133,0.04733383656,0.03653281927
4579,1.0,0.0,0.0,0.0,1.0,1.0,0.2439317747,0.2176812141,0.04541003704,0.03626489639
4580,1.0,0.0,0.0,0.0,1.0,1.0,0.250286358,0.2271458638,0.04673701525,0.0381526351
4581,1.0,0.0,0.0,0.0,1.0,1.0,0.2468809509,0.2280097443,0.04753130674,0.03933626413
4582,1.0,0.0,0.0,0.0,1.0,1.0,0.2376296419,0.2106103601,0.04329067469,0.03501451015
4583,1.0,0.0,0.0,0.0,1.0,1.0,0.2393769749,0.2128090879,0.04320710897,0.03532260656
4584,1.0,0.0,0.0,0.0,1.0,1.0,0.2142914025,0.1859426096,0.03973722458,0.03126865625
4585,1.0,0.0,0.0,0.0,1.0,1.0,0.1863675107,0.1328621501,0.0336535573,0.02210575342
4586,1.0,0.0,0.0,0.0,1.0,1.0,0.1702347868,0.1294098394,0.03115665913,0.02177613974
4587,1.0,0.0,0.0,0.0,1.0,1.0,0.160850422,0.1106099994,0.02937078476,0.01848047972
4588,1.0,0.0,0.0,0.0,1.0,1.0,0.1870613033,0.1461631906,0.03371334076,0.02375984192
4589,1.0,0.0,0.0,0.0,1.0,1.0,0.2345450134,0.2045190378,0.04534268379,0.03586810827
4590,1.0,0.0,0.0,0.0,1.0,1.0,0.2362951816,0.207576331,0.04453933239,0.03563147783
4591,1.0,0.0,0.0,0.0,1.0,1.0,0.2409368224,0.2166758837,0.04575681686,0.03762227297
4592,1.0,0.0,0.0,0.0,1.0,1.0,0.2494120801,0.2186277652,0.04657673836,0.03752940893
4593,1.0,0.0,0.0,0.0,1.0,1.0,0.2572093347,0.2359793272,0.04687458277,0.03984338045
4594,1.0,0.0,0.0,0.0,1.0,1.0,0.2640728535,0.2508481856,0.04673582315,0.0412184
4595,1.0,0.0,0.0,0.0,1.0,1.0,0.2702192169,0.2568847357,0.04856687784,0.04257923365
4596,1.0,0.0,0.0,0.0,1.0,1.0,0.2608836674,0.2439115993,0.04710263014,0.04080021381
4597,1.0,0.0,0.0,0.0,1.0,1.0,0.259383049,0.2360887612,0.04608076811,0.03866922855
4598,1.0,0.0,0.0,0.0,1.0,1.0,0.2651949168,0.2420525233,0.04986017942,0.0420589447
4599,1.0,0.0,0.0,0.0,1.0,1.0,0.2651949817,0.2381484889,0.04898881912,0.04065740108
4600,1.0,0.0,0.0,0.0,1.0,1.0,0.2516709959,0.2253644799,0.04576432705,0.0378625989
4601,1.0,0.0,0.0,0.0,1.0,1.0,0.2579204135,0.2430550669,0.04672014713,0.04055571556
4602,1.0,0.0,0.0,0.0,1.0,1.0,0.2606458129,0.2420525855,0.04905110598,0.04194718599
4603,1.0,0.0,0.0,0.0,1.0,1.0,0.2503170928,0.2242841609,0.04578518867,0.03809863329
4604,1.0,0.0,0.0,0.0,1.0,1.0,0.2535348836,0.2301863935,0.04600530863,0.03900450468
4605,1.0,0.0,0.0,0.0,1.0,1.0,0.2264653764,0.1938917568,0.03986787796,0.03196018934
4606,1.0,0.0,0.0,0.0,1.0,1.0,0.195013025,0.1314007032,0.0343298912,0.02178627253
4607,1.0,0.0,0.0,0.0,1.0,1.0,0.1851519226,0.09873506741,0.03190022707,0.01595008373
4608,1.0,0.0,0.0,0.0,1.0,1.0,0.203624479,0.09480844385,0.0361366868,0.01591336727
4609,1.0,0.0,0.0,0.0,1.0,1.0,0.2002558794,0.09760176599,0.03588372469,0.0164604187
4610,1.0,0.0,0.0,0.0,1.0,1.0,0.206448393,0.09470521957,0.03506076336,0.01540052891
4611,1.0,0.0,0.0,0.0,1.0,1.0,0.2049148244,0.09913474171,0.03470641375,0.01604348421
4612,1.0,0.0,0.0,0.0,1.0,1.0,0.1925705943,0.1112740702,0.03263401985,0.01794874668
4613,1.0,0.0,0.0,0.0,1.0,1.0,0.2022678922,0.1119706371,0.03347748518,0.01772338152
4614,1.0,0.0,0.0,0.0,1.0,1.0,0.1884194533,0.1025067259,0.03024351597,0.01577919722
4615,1.0,0.0,0.0,0.0,1.0,1.0,0.1937060612,0.09262080611,0.03100395203,0.01418268681
4616,1.0,0.0,0.0,0.0,1.0,1.0,0.1868702248,0.1017131182,0.02978384495,0.01539391279
4617,1.0,0.0,0.0,0.0,1.0,1.0,0.1944520942,0.09245934616,0.03105980158,0.01402699947
4618,1.0,0.0,0.0,0.0,1.0,1.0,0.1841620764,0.08908074834,0.0293815136,0.01353532076
4619,1.0,0.0,0.0,0.0,1.0,1.0,0.1849281986,0.0814523371,0.02932518721,0.01219135523
4620,1.0,0.0,0.0,0.0,1.0,1.0,0.198633958,0.08844623089,0.03102791309,0.01306438446
4621,1.0,0.0,0.0,0.0,1.0,1.0,0.1949121278,0.08690811661,0.03143596649,0.01337701082
4622,1.0,0.0,0.0,0.0,1.0,1.0,0.2043391135,0.08293270456,0.03514885902,0.01357239485
4623,1.0,0.0,0.0,0.0,1.0,1.0,0.2022920243,0.08608661965,0.03497755527,0.01419883966
4624,1.0,0.0,0.0,0.0,1.0,1.0,0.1817167755,0.08328647284,0.03063976765,0.0133215785
4625,1.0,0.0,0.0,0.0,1.0,1.0,0.2018874054,0.08681591906,0.0332531333,0.01349878311
4626,1.0,0.0,0.0,0.0,1.0,1.0,0.1887615189,0.08469828789,0.03071755171,0.01293367147
4627,1.0,0.0,0.0,0.0,1.0,1.0,0.189617747,0.09028566516,0.03102552891,0.01389682293
4628,1.0,0.0,0.0,0.0,1.0,1.0,0.204518856,0.09420964729,0.03569322824,0.01548951864
4629,1.0,0.0,0.0,0.0,1.0,1.0,0.203732434,0.102823037,0.03524202108,0.01662355661
4630,1.0,0.0,0.0,0.0,1.0,1.0,0.2055456352,0.08362671792,0.03747814894,0.01409727335
4631,1.0,0.0,0.0,0.0,1.0,1.0,0.2117138806,0.1015694813,0.03624659777,0.01632732153
4632,1.0,0.0,0.0,0.0,1.0,1.0,0.1972334119,0.08734956813,0.0340282917,0.01406937838
4633,1.0,0.0,0.0,0.0,1.0,1.0,0.2006456937,0.09432501066,0.03502196074,0.01552861929
4634,1.0,0.0,0.0,0.0,1.0,1.0,0.2040844136,0.09913491364,0.03472602367,0.01590257883
4635,1.0,0.0,0.0,0.0,1.0,1.0,0.1949667913,0.09873517359,0.03316086531,0.01577556133
4636,1.0,0.0,0.0,0.0,1.0,1.0,0.2025386971,0.09508859418,0.03486841917,0.01531600952
4637,1.0,0.0,0.0,0.0,1.0,1.0,0.1883562966,0.1056322523,0.03206562996,0.01701444387
4638,1.0,0.0,0.0,0.0,1.0,1.0,0.1838505077,0.1016029214,0.02985733747,0.01556390524
4639,1.0,0.0,0.0,0.0,1.0,1.0,0.191382566,0.103248207,0.03211128712,0.0162178278
4640,1.0,0.0,0.0,0.0,1.0,1.0,0.1855828797,0.1146901086,0.03239440918,0.01889675856
4641,1.0,0.0,0.0,0.0,1.0,1.0,0.1856669885,0.1033180551,0.03142690659,0.0163821578
4642,1.0,0.0,0.0,0.0,1.0,1.0,0.1970731418,0.1101082027,0.03285038471,0.01743084192
4643,1.0,0.0,0.0,0.0,1.0,1.0,0.1858962529,0.1072362442,0.03024423122,0.01626032591
4644,1.0,0.0,0.0,0.0,1.0,1.0,0.1929817251,0.1136706356,0.03174680471,0.01771140099
4645,1.0,0.0,0.0,0.0,1.0,1.0,0.197869275,0.1185779308,0.03205251694,0.01831573248
4646,1.0,0.0,0.0,0.0,1.0,1.0,0.2114205056,0.1249301899,0.03532028198,0.01958668232
4647,1.0,0.0,0.0,0.0,1.0,1.0,0.2077493696,0.1379231367,0.03620386124,0.02250510454
4648,1.0,0.0,0.0,0.0,1.0,1.0,0.2065883812,0.1353825835,0.03618329763,0.02216637135
4649,1.0,0.0,0.0,0.0,1.0,1.0,0.2062639448,0.1199329701,0.03516238928,0.01917946339
4650,1.0,0.0,0.0,0.0,1.0,1.0,0.2089228725,0.1244283303,0.03605061769,0.02013635635
4651,1.0,0.0,0.0,0.0,1.0,1.0,0.2109933298,0.1288963432,0.03779119253,0.02154761553
4652,1.0,0.0,0.0,0.0,1.0,1.0,0.2157887382,0.1254446778,0.0378305316,0.02024269104
4653,1.0,0.0,0.0,0.0,1.0,1.0,0.1983479391,0.1078234778,0.03360152245,0.01696383953
4654,1.0,0.0,0.0,0.0,1.0,1.0,0.1994932057,0.122294355,0.03418385983,0.01963031292
4655,1.0,0.0,0.0,0.0,1.0,1.0,0.1918928074,0.1309313215,0.03214472532,0.02009046078
4656,1.0,0.0,0.0,0.0,1.0,1.0,0.191622276,0.1198518142,0.03369033337,0.0194875598
4657,1.0,0.0,0.0,0.0,1.0,1.0,0.1873953776,0.1308792719,0.03443390131,0.02228075266
4658,1.0,0.0,0.0,0.0,1.0,1.0,0.178403242,0.1140442873,0.03259438276,0.01927626133
4659,1.0,0.0,0.0,0.0,1.0,1.0,0.1665735271,0.1505435764,0.02970993519,0.02430814505
4660,1.0,0.0,0.0,0.0,1.0,1.0,0.1687860329,0.1603270527,0.03076845407,0.02661991119
4661,1.0,0.0,0.0,0.0,1.0,1.0,0.1827339556,0.1754123571,0.03358465433,0.02947223186
4662,1.0,0.0,0.0,0.0,1.0,1.0,0.1966115058,0.1793350855,0.03672897816,0.03026735783
4663,1.0,0.0,0.0,0.0,1.0,1.0,0.1988038638,0.1958907496,0.03626060486,0.03230494261
4664,1.0,0.0,0.0,0.0,1.0,1.0,0.1973988322,0.1836919146,0.03689867258,0.0309150815
4665,1.0,0.0,0.0,0.0,1.0,1.0,0.1955820077,0.1757912075,0.03670394421,0.029969275
4666,1.0,0.0,0.0,0.0,1.0,1.0,0.1977505146,0.1856670479,0.03703463078,0.03136265278
4667,1.0,0.0,0.0,0.0,1.0,1.0,0.2102211967,0.1979286211,0.03952538967,0.03383105993
4668,1.0,0.0,0.0,0.0,1.0,1.0,0.2083639935,0.1956272003,0.03934651613,0.0336779952
4669,1.0,0.0,0.0,0.0,1.0,1.0,0.211895774,0.1940091744,0.0399159193,0.03293061256
4670,1.0,0.0,0.0,0.0,1.0,1.0,0.2002457904,0.1883869954,0.03840851784,0.03257870674
4671,1.0,0.0,0.0,0.0,1.0,1.0,0.201339429,0.18688755,0.03761827946,0.03117913008
4672,1.0,0.0,0.0,0.0,1.0,1.0,0.1870615863,0.1878951024,0.03528213501,0.03158587217
4673,1.0,0.0,0.0,0.0,1.0,1.0,0.1879599942,0.1800613494,0.034748137,0.02973639965
4674,1.0,0.0,0.0,0.0,1.0,1.0,0.1777938482,0.1769438287,0.03399729729,0.03003638983
4675,1.0,0.0,0.0,0.0,1.0,1.0,0.1804045924,0.1453371611,0.03326714039,0.02428501844
4676,1.0,0.0,0.0,0.0,1.0,1.0,0.1933228678,0.1505182685,0.03584241867,0.02536016703
4677,1.0,0.0,0.0,0.0,1.0,1.0,0.1887434218,0.1413551986,0.03486931324,0.02357828617
4678,1.0,0.0,0.0,0.0,1.0,1.0,0.1903697616,0.1370202187,0.03431481123,0.0224366188
4679,1.0,0.0,0.0,0.0,1.0,1.0,0.1723174163,0.146864425,0.0347943306,0.02679163218
4680,1.0,0.0,0.0,0.0,1.0,1.0,0.1763722138,0.1621233392,0.03380018473,0.02816683054
4681,1.0,0.0,0.0,0.0,1.0,1.0,0.2055090937,0.1813656906,0.03901642561,0.03134649992
4682,1.0,0.0,0.0,0.0,1.0,1.0,0.2029846737,0.1916223605,0.04035228491,0.03488081694
4683,1.0,0.0,0.0,0.0,1.0,1.0,0.1862208724,0.1920568881,0.03668534756,0.03466594219
4684,1.0,0.0,0.0,0.0,1.0,1.0,0.1940310912,0.1626077907,0.03628528118,0.02806973457
4685,1.0,0.0,0.0,0.0,1.0,1.0,0.1751788533,0.1493188286,0.03125488758,0.02467489243
4686,1.0,0.0,0.0,0.0,1.0,1.0,0.1425228865,0.1206220739,0.02760308981,0.02173739672
4687,1.0,0.0,0.0,0.0,1.0,1.0,0.1639843892,0.1403711371,0.03185391426,0.02514785528
4688,1.0,0.0,0.0,0.0,1.0,1.0,0.1835708903,0.1709080256,0.03551316261,0.03025192022
4689,1.0,0.0,0.0,0.0,1.0,1.0,0.1981942361,0.1913429331,0.03849178553,0.03388595581
4690,1.0,0.0,0.0,0.0,1.0,1.0,0.1992402971,0.212381354,0.04073923826,0.03941440582
4691,1.0,0.0,0.0,0.0,1.0,1.0,0.2041693018,0.2152084555,0.04207390547,0.04003810883
4692,1.0,0.0,0.0,0.0,1.0,1.0,0.1847309784,0.205460331,0.03869384527,0.03902459145
4693,1.0,0.0,0.0,0.0,1.0,1.0,0.2173415358,0.2245123496,0.04435503483,0.04166686535
4694,1.0,0.0,0.0,0.0,1.0,1.0,0.2195866237,0.2356840071,0.04645913839,0.04543429613
4695,1.0,0.0,0.0,0.0,1.0,1.0,0.2077878883,0.2104087071,0.03850281239,0.03563892841
4696,1.0,0.0,0.0,0.0,1.0,1.0,0.2262251409,0.2283370105,0.04242831469,0.038628757
4697,1.0,0.0,0.0,0.0,1.0,1.0,0.2047467926,0.2147239378,0.03684353828,0.03434568644
4698,1.0,0.0,0.0,0.0,1.0,1.0,0.1650285746,0.1609270244,0.0309317708,0.02641361952
4699,1.0,0.0,0.0,0.0,1.0,1.0,0.18425459,0.1227386347,0.03696334362,0.02090859413
4700,1.0,0.7853981853,0.0,0.0,1.0,1.0,0.1768098418,0.08103583409,0.03420001268,0.01296001673
4701,1.0,0.0,0.0,0.0,1.0,1.0,0.1738993161,0.06771916627,0.0301374197,0.009604215622
4702,0.0,0.0,0.0,0.0,0.0,0.0,0.0,0.0,0.0,0.0
4703,1.0,0.7853981853,0.0,0.0,1.0,0.0,0.2378709856,0.0,0.03652560711,0.0
4704,0.0,0.0,0.0,0.0,0.0,0.0,0.0,0.0,0.0,0.0
4705,0.0,0.0,0.0,0.0,0.0,0.0,0.0,0.0,0.0,0.0
4706,0.0,0.0,0.0,0.0,0.0,0.0,0.0,0.0,0.0,0.0
4707,0.0,0.0,0.0,0.0,0.0,0.0,0.0,0.0,0.0,0.0
4708,0.0,0.0,0.0,0.0,0.0,0.0,0.0,0.0,0.0,0.0
4709,0.0,0.0,0.0,0.0,0.0,0.0,0.0,0.0,0.0,0.0
4710,0.0,0.0,0.0,0.0,0.0,0.0,0.0,0.0,0.0,0.0
4711,0.0,0.0,0.0,0.0,0.0,0.0,0.0,0.0,0.0,0.0
4712,0.0,0.0,0.0,0.0,0.0,0.0,0.0,0.0,0.0,0.0
4713,0.0,0.0,0.0,0.0,0.0,0.0,0.0,0.0,0.0,0.0
4714,0.0,0.0,0.0,0.0,0.0,0.0,0.0,0.0,0.0,0.0
4715,0.0,0.0,0.0,0.0,0.0,0.0,0.0,0.0,0.0,0.0
4716,0.0,0.0,0.0,0.0,0.0,0.0,0.0,0.0,0.0,0.0
4717,0.0,0.0,0.0,0.0,0.0,0.0,0.0,0.0,0.0,0.0
4718,0.0,0.0,0.0,0.0,0.0,0.0,0.0,0.0,0.0,0.0
4719,0.0,0.0,0.0,0.0,0.0,0.0,0.0,0.0,0.0,0.0
4720,0.0,0.0,0.0,0.0,0.0,0.0,0.0,0.0,0.0,0.0
4721,0.0,0.0,0.0,0.0,0.0,0.0,0.0,0.0,0.0,0.0
4722,0.0,0.0,0.0,0.0,0.0,0.0,0.0,0.0,0.0,0.0
4723,1.0,0.0,0.0,0.0,1.0,1.0,0.4058339924,0.2934403536,0.06987541914,0.03511148691
4724,1.0,0.7853981853,0.0,0.0,1.0,1.0,0.3053284958,0.4105984401,0.05629807711,0.04841631651
4725,1.0,0.7853981853,0.0,0.0,1.0,1.0,0.341137814,0.5082876107,0.06512504816,0.06266087294
4726,1.0,0.7853981853,0.0,0.0,1.0,1.0,0.3889818929,0.4921873714,0.07791751623,0.07307100296
4727,1.0,0.7853981853,0.0,0.0,1.0,1.0,0.1840554492,0.1365357095,0.03089684248,0.01661121845
4728,1.0,0.7853981853,0.0,0.0,1.0,1.0,0.1549938465,0.1243323231,0.02545499802,0.01521444321
4729,1.0,0.7853981853,0.0,0.0,1.0,1.0,0.1228672945,0.1177228738,0.02010667324,0.0147048831
4730,1.0,0.7853981853,0.0,0.0,1.0,1.0,0.1534917603,0.1636253056,0.02492380142,0.02095866203
4731,1.0,0.7853981853,0.0,0.0,1.0,1.0,0.2217357822,0.2558572735,0.0371516943,0.0349663496
4732,1.0,0.0,0.0,0.0,1.0,1.0,0.2600838003,0.2905351899,0.04371774197,0.04124313593
4733,1.0,0.0,0.0,0.0,1.0,1.0,0.2574320993,0.2986613651,0.04232591391,0.04232591391
4734,1.0,0.0,0.0,0.0,1.0,1.0,0.1842942105,0.2539229089,0.02926427126,0.03517335653
4735,1.0,0.0,0.0,0.0,1.0,1.0,0.0749582908,0.2821004543,0.01176840067,0.03922790289
4736,1.0,0.0,0.0,0.0,1.0,1.0,0.07974248335,0.3115669996,0.01260918379,0.04315155745
4737,1.0,0.0,0.0,0.0,1.0,1.0,0.1053892643,0.2898381169,0.01690089703,0.04084384441
4738,1.0,0.0,0.0,0.0,1.0,1.0,0.1981650927,0.314000714,0.03279209137,0.04676437378
4739,1.0,0.0,0.0,0.0,1.0,1.0,0.2425496587,0.3432044884,0.04058301449,0.05238372087
4740,1.0,0.0,0.0,0.0,1.0,1.0,0.2691466328,0.3545190441,0.04436039925,0.05311942101
4741,1.0,0.0,0.0,0.0,1.0,1.0,0.2632845631,0.362914991,0.04258567095,0.05351221561
4742,1.0,0.0,0.0,0.0,1.0,1.0,0.2279427372,0.3467056358,0.03632569313,0.0500177145
4743,1.0,0.0,0.0,0.0,1.0,1.0,0.04441985785,0.3944078368,0.006894290447,0.05486679077
4744,1.0,0.0,0.0,0.0,1.0,1.0,0.0594260802,0.3807399297,0.009333610535,0.05430483818
4745,1.0,0.0,0.0,0.0,1.0,1.0,0.09535954626,0.3265111336,0.0150962472,0.04761129618
4746,1.0,0.0,0.0,0.0,1.0,1.0,0.2094745204,0.3205757238,0.03357625008,0.0483725667
4747,1.0,0.0,0.0,0.0,1.0,1.0,0.247211653,0.3294040349,0.0395539999,0.04972505569
4748,1.0,0.0,0.0,0.0,1.0,1.0,0.2669863632,0.3282301132,0.04252308607,0.04979676008
4749,1.0,0.0,0.0,0.0,1.0,1.0,0.261633854,0.3125526447,0.04106450081,0.04708731174
4750,1.0,0.0,0.0,0.0,1.0,1.0,0.258322763,0.3083777355,0.04014879465,0.04596340656
4751,1.0,0.0,0.0,0.0,1.0,1.0,0.05969688832,0.3006450198,0.008731663227,0.04168665409
4752,1.0,0.0,0.0,0.0,1.0,1.0,0.07125480369,0.2889010311,0.01046264172,0.04074919224
4753,1.0,0.0,0.0,0.0,1.0,1.0,0.1152508607,0.2423456956,0.0176615119,0.0355989933
4754,1.0,0.0,0.0,0.0,1.0,1.0,0.2230894603,0.2666419123,0.03539401293,0.0404907465
4755,1.0,0.0,0.0,0.0,1.0,1.0,0.2629195812,0.2961983693,0.04143154621,0.04472410679
4756,1.0,0.0,0.0,0.0,1.0,1.0,0.272108465,0.3026982675,0.04313385487,0.04584664106
4757,1.0,0.0,0.0,0.0,1.0,1.0,0.2855546179,0.3058791415,0.04618769884,0.04728746414
4758,1.0,0.0,0.0,0.0,1.0,1.0,0.2724200289,0.2994780273,0.04349464178,0.04594123363
4759,1.0,0.0,0.0,0.0,1.0,1.0,0.2952512746,0.314770755,0.04768264294,0.0485047102
4760,1.0,0.0,0.0,0.0,1.0,1.0,0.2979596847,0.3129922042,0.04947859049,0.04976129532
4761,1.0,0.0,0.0,0.0,1.0,1.0,0.2593054404,0.2860722585,0.04189366102,0.04383575916
4762,1.0,0.0,0.0,0.0,1.0,1.0,0.2091034457,0.2507963522,0.03298157454,0.03745359182
4763,1.0,0.0,0.0,0.0,1.0,1.0,0.1872829338,0.2212508218,0.02922224998,0.03259408474
4764,1.0,0.0,0.0,0.0,1.0,1.0,0.1805563229,0.2152642787,0.02785390615,0.03151142597
4765,1.0,0.0,0.0,0.0,1.0,1.0,0.1808863951,0.2199546558,0.02823209763,0.03250968456
4766,1.0,0.0,0.0,0.0,1.0,1.0,0.1775565508,0.2122364757,0.02774959803,0.03146857023
4767,1.0,0.0,0.0,0.0,1.0,1.0,0.1754045543,0.2171864559,0.02703976631,0.03182810545
4768,1.0,0.0,0.0,0.0,1.0,1.0,0.1738954923,0.2149964637,0.02678054571,0.031291008
4769,1.0,0.0,0.0,0.0,1.0,1.0,0.1747659255,0.2163542585,0.02724349499,0.03206783533
4770,1.0,0.0,0.0,0.0,1.0,1.0,0.181217723,0.2141659054,0.02799272537,0.03138571978
4771,1.0,0.0,0.0,0.0,1.0,1.0,0.1868284343,0.2212502615,0.02916550636,0.03284657001
4772,1.0,0.0,0.0,0.0,1.0,1.0,0.183350841,0.2204094771,0.02835232019,0.03224384785
4773,1.0,0.0,0.0,0.0,1.0,1.0,0.1908843861,0.2271460853,0.02939927578,0.03328222036
4774,1.0,0.0,0.0,0.0,1.0,1.0,0.175626352,0.2229525873,0.02772301435,0.03315335512
4775,1.0,0.0,0.0,0.0,1.0,1.0,0.1861528299,0.2288795852,0.0287771821,0.03352677822
4776,1.0,0.0,0.0,0.0,1.0,1.0,0.176796601,0.2259274447,0.02754539251,0.03316688538
4777,1.0,0.0,0.0,0.0,1.0,1.0,0.1784718564,0.2318096071,0.0278685689,0.03399962187
4778,1.0,0.0,0.0,0.0,1.0,1.0,0.1010674099,0.2358681521,0.0148755312,0.03250569105
4779,1.0,0.0,0.0,0.0,1.0,1.0,0.1160397717,0.2558570117,0.01752650738,0.03618383408
4780,1.0,0.0,0.0,0.0,1.0,1.0,0.09805829188,0.2508720988,0.01456397772,0.03472954035
4781,1.0,0.0,0.0,0.0,1.0,1.0,0.1133579863,0.2164783601,0.01668727398,0.02975904942
4782,1.0,0.0,0.0,0.0,1.0,1.0,0.1895186375,0.2347172878,0.0296664834,0.03470414877
4783,1.0,0.0,0.0,0.0,1.0,1.0,0.2719452392,0.2991029202,0.04330480099,0.04523557425
4784,1.0,0.0,0.0,0.0,1.0,1.0,0.2953679817,0.323455677,0.04706853628,0.04871040583
4785,1.0,0.0,0.0,0.0,1.0,1.0,0.300701281,0.3282297504,0.04795855284,0.04934465885
4786,1.0,0.0,0.0,0.0,1.0,1.0,0.302439661,0.3306976631,0.04834479094,0.05001187325
4787,1.0,0.0,0.0,0.0,1.0,1.0,0.2972253547,0.3294459201,0.04736191034,0.04930073023
4788,1.0,0.0,0.0,0.0,1.0,1.0,0.3034323764,0.3337552506,0.04905468225,0.05071759224
4789,1.0,0.0,0.0,0.0,1.0,1.0,0.303584731,0.3361760017,0.04845410585,0.05035960674
4790,1.0,0.0,0.0,0.0,1.0,1.0,0.3021958937,0.3416274915,0.04906922579,0.05153644085
4791,1.0,0.0,0.0,0.0,1.0,1.0,0.3030674598,0.3404690262,0.04807120562,0.05023169518
4792,1.0,0.0,0.0,0.0,1.0,1.0,0.3008524582,0.3379929781,0.0490835309,0.05157929659
4793,1.0,0.0,0.0,0.0,1.0,1.0,0.2989782356,0.3386383689,0.04784649611,0.05058056116
4794,1.0,0.0,0.0,0.0,1.0,1.0,0.2547249608,0.3009681641,0.03975915909,0.04390072823
4795,1.0,0.0,0.0,0.0,1.0,1.0,0.08002983536,0.2800851723,0.01177054644,0.03804892302
4796,1.0,0.0,0.0,0.0,1.0,1.0,0.08422292298,0.2701744986,0.01244699955,0.03678768873
4797,1.0,0.0,0.0,0.0,1.0,1.0,0.1085952332,0.2269648737,0.01627242565,0.03144156933
4798,1.0,0.0,0.0,0.0,1.0,1.0,0.2329133759,0.274939331,0.03719210625,0.04107785225
4799,1.0,0.0,0.0,0.0,1.0,1.0,0.2739849464,0.309789992,0.04365938902,0.0461306572
4800,1.0,0.0,0.0,0.0,1.0,1.0,0.2892222566,0.3246362496,0.04575186968,0.04818832874
4801,1.0,0.0,0.0,0.0,1.0,1.0,0.289718282,0.3258254774,0.04616576433,0.04862427711
4802,1.0,0.0,0.0,0.0,1.0,1.0,0.282376517,0.3221643796,0.04527008533,0.04828810692
4803,1.0,0.0,0.0,0.0,1.0,1.0,0.2797073545,0.3258255209,0.04466748238,0.04848057032
4804,1.0,0.0,0.0,0.0,1.0,1.0,0.2899402739,0.3282838919,0.04642266035,0.04915344715
4805,1.0,0.0,0.0,0.0,1.0,1.0,0.2977789994,0.3301075884,0.0476372242,0.04955363274
4806,1.0,0.0,0.0,0.0,1.0,1.0,0.2943561963,0.3313167079,0.04697817564,0.0494363308
4807,1.0,0.0,0.0,0.0,1.0,1.0,0.2931466199,0.3325347144,0.04691046476,0.04965376854
4808,1.0,0.0,0.0,0.0,1.0,1.0,0.2989781485,0.3368081041,0.04809832573,0.05057197809
4809,1.0,0.0,0.0,0.0,1.0,1.0,0.300519571,0.338046638,0.04797840118,0.05044585466
4810,1.0,0.0,0.0,0.0,1.0,1.0,0.3012015769,0.336209468,0.04826533794,0.05018502474
4811,1.0,0.0,0.0,0.0,1.0,1.0,0.3006867271,0.3380467491,0.04792016745,0.05009841919
4812,1.0,0.0,0.0,0.0,1.0,1.0,0.3013649991,0.3361757108,0.0496032238,0.0518451333
4813,1.0,0.0,0.0,0.0,1.0,1.0,0.3001739073,0.3343589024,0.04780107737,0.04997384548
4814,1.0,0.0,0.0,0.0,1.0,1.0,0.3013648652,0.3374028134,0.04815149307,0.05032783747
4815,1.0,0.0,0.0,0.0,1.0,1.0,0.2996621371,0.3374026935,0.04828989506,0.05075925589
4816,1.0,0.0,0.0,0.0,1.0,1.0,0.3029133251,0.3386388473,0.04792433977,0.05009037256
4817,1.0,0.0,0.0,0.0,1.0,1.0,0.2989783202,0.3319313764,0.04738432169,0.04927968979
4818,1.0,0.0,0.0,0.0,1.0,1.0,0.303067636,0.3337550532,0.04863613844,0.0500022769
4819,1.0,0.0,0.0,0.0,1.0,1.0,0.3006865899,0.3331470307,0.04858100414,0.0502371788
4820,1.0,0.0,0.0,0.0,1.0,1.0,0.3069960518,0.3398104621,0.04988360405,0.05182349682
4821,1.0,0.0,0.0,0.0,1.0,1.0,0.3018792584,0.339226717,0.04839622974,0.05085706711
4822,1.0,0.0,0.0,0.0,1.0,1.0,0.3059516637,0.3410506151,0.04902917147,0.05093586445
4823,1.0,0.0,0.0,0.0,1.0,1.0,0.3049144105,0.3398099793,0.04921096563,0.05112469196
4824,1.0,0.0,0.0,0.0,1.0,1.0,0.3018794685,0.3374028272,0.04895043373,0.05116283894
4825,1.0,0.0,0.0,0.0,1.0,1.0,0.3042516858,0.3392267241,0.04894298315,0.0508570075
4826,1.0,0.0,0.0,0.0,1.0,1.0,0.3066085418,0.3422002212,0.04917442799,0.05134785175
4827,1.0,0.0,0.0,0.0,1.0,1.0,0.3123253706,0.3415359488,0.05046159029,0.05182546377
4828,1.0,0.0,0.0,0.0,1.0,1.0,0.3071289512,0.3452617418,0.04887509346,0.05130535364
4829,1.0,0.0,0.0,0.0,1.0,1.0,0.3080471295,0.3428742576,0.04955393076,0.05175632238
4830,1.0,0.0,0.0,0.0,1.0,1.0,0.3068612361,0.3441303544,0.04943370819,0.05191922188
4831,1.0,0.0,0.0,0.0,1.0,1.0,0.3104066453,0.3514517455,0.05027109385,0.05303323269
4832,1.0,0.0,0.0,0.0,1.0,1.0,0.3137186304,0.3483454812,0.05040258169,0.05260592699
4833,1.0,0.0,0.0,0.0,1.0,1.0,0.3060572752,0.3466699434,0.04892188311,0.05196225643
4834,1.0,0.0,0.0,0.0,1.0,1.0,0.3129740117,0.3498046364,0.05038785934,0.05261492729
4835,1.0,0.0,0.0,0.0,1.0,1.0,0.3108229358,0.345960576,0.04941105843,0.05159497261
4836,1.0,0.0,0.0,0.0,1.0,1.0,0.3138179896,0.3463772895,0.0504552722,0.05264902115
4837,1.0,0.0,0.0,0.0,1.0,1.0,0.3108229442,0.3428742726,0.04985111952,0.05177909136
4838,1.0,0.0,0.0,0.0,1.0,1.0,0.3184659607,0.3481808587,0.05242574215,0.0538200736
4839,1.0,0.0,0.0,0.0,1.0,1.0,0.3159748126,0.3477912921,0.05059719086,0.05224710703
4840,1.0,0.0,0.0,0.0,1.0,1.0,0.3160628063,0.3476322153,0.05096650124,0.05289500952
4841,1.0,0.0,0.0,0.0,1.0,1.0,0.3139160313,0.3422002583,0.05089956522,0.05200016499
4842,1.0,0.0,0.0,0.0,1.0,1.0,0.3149857152,0.3421998943,0.05045133829,0.0515421629
4843,1.0,0.0,0.0,0.0,1.0,1.0,0.3110503874,0.3409645427,0.04943102598,0.05105173588
4844,1.0,0.0,0.0,0.0,1.0,1.0,0.309878095,0.3416272115,0.05027043819,0.05192768574
4845,1.0,0.0,0.0,0.0,1.0,1.0,0.3063357772,0.3349579031,0.04979097843,0.05145996809
4846,1.0,0.0,0.0,0.0,1.0,1.0,0.3092292231,0.3403894878,0.04978835583,0.05171382427
4847,1.0,0.0,0.0,0.0,1.0,1.0,0.3087012614,0.33555307,0.05068832636,0.05208861828
4848,1.0,0.0,0.0,0.0,1.0,1.0,0.3046243837,0.3331472294,0.04878854752,0.05043309927
4849,1.0,0.0,0.0,0.0,1.0,1.0,0.302395388,0.3319447274,0.04801797867,0.04991698265
4850,1.0,0.0,0.0,0.0,1.0,1.0,0.3081754095,0.3367686248,0.04939693213,0.05076152086
4851,1.0,0.0,0.0,0.0,1.0,1.0,0.303067681,0.3295650819,0.04803568125,0.04965484142
4852,1.0,0.0,0.0,0.0,1.0,1.0,0.3110506045,0.3373566818,0.05057871342,0.05168426037
4853,1.0,0.0,0.0,0.0,1.0,1.0,0.3059514246,0.3379405249,0.04913520813,0.05131900311
4854,1.0,0.0,0.0,0.0,1.0,1.0,0.3066082187,0.3337418525,0.04900151491,0.05062586069
4855,1.0,0.0,0.0,0.0,1.0,1.0,0.3043986943,0.3337423775,0.05036914349,0.05232793093
4856,1.0,0.0,0.0,0.0,1.0,1.0,0.3110506785,0.3385205533,0.05058950186,0.05224817991
4857,1.0,0.0,0.0,0.0,1.0,1.0,0.3013649416,0.3307505072,0.04827415943,0.0501832962
4858,1.0,0.0,0.0,0.0,1.0,1.0,0.3042517485,0.3325479935,0.04881697893,0.05045330524
4859,1.0,0.0,0.0,0.0,1.0,1.0,0.3018792116,0.3289530495,0.04800796509,0.0496353507
4860,1.0,0.0,0.0,0.0,1.0,1.0,0.1417118683,0.2318707468,0.02132421732,0.03254753351
4861,1.0,0.0,0.0,0.0,1.0,1.0,0.09068674747,0.2630112775,0.013466537,0.03647184372
4862,1.0,0.0,0.0,0.0,1.0,1.0,0.09000613606,0.2578558022,0.01375061274,0.03695470095
4863,1.0,0.0,0.0,0.0,1.0,1.0,0.1561627492,0.2294441356,0.0237249136,0.03293579817
4864,1.0,0.0,0.0,0.0,1.0,1.0,0.2437664329,0.2821303523,0.03905570507,0.04268229008
4865,1.0,0.0,0.0,0.0,1.0,1.0,0.2735312033,0.3016831814,0.04338818789,0.045335114
4866,1.0,0.0,0.0,0.0,1.0,1.0,0.2773322233,0.3089182289,0.04360234737,0.04661881924
4867,1.0,0.0,0.0,0.0,1.0,1.0,0.2867962815,0.3196744367,0.04560929537,0.04809707403
4868,1.0,0.0,0.0,0.0,1.0,1.0,0.2845631246,0.3148426471,0.04551458359,0.04773485661
4869,1.0,0.0,0.0,0.0,1.0,1.0,0.2944627462,0.3239947866,0.04680585861,0.0487331748
4870,1.0,0.0,0.0,0.0,1.0,1.0,0.2897688493,0.3215118937,0.04620832205,0.04842191935
4871,1.0,0.0,0.0,0.0,1.0,1.0,0.2920108537,0.3196741819,0.04632544518,0.0479798913
4872,1.0,0.0,0.0,0.0,1.0,1.0,0.290715438,0.3252730652,0.04628700018,0.04902589321
4873,1.0,0.0,0.0,0.0,1.0,1.0,0.2989637477,0.3258249598,0.04733777046,0.04898899794
4874,1.0,0.0,0.0,0.0,1.0,1.0,0.2972252585,0.3270235507,0.04699456692,0.04891836643
4875,1.0,0.0,0.0,0.0,1.0,1.0,0.2991409754,0.3294863797,0.04807579517,0.05002105236
4876,1.0,0.0,0.0,0.0,1.0,1.0,0.2937490302,0.3270231069,0.04640549421,0.04887676239
4877,1.0,0.0,0.0,0.0,1.0,1.0,0.303649947,0.3313168334,0.04853278399,0.05019676685
4878,1.0,0.0,0.0,0.0,1.0,1.0,0.30017941,0.326460281,0.04780930281,0.04946750402
4879,1.0,0.0,0.0,0.0,1.0,1.0,0.2925197182,0.3173407331,0.0468070507,0.04847866297
4880,1.0,0.0,0.0,0.0,1.0,1.0,0.2909987128,0.3125527128,0.04617017508,0.04726946354
4881,1.0,0.0,0.0,0.0,1.0,1.0,0.293238993,0.3168519461,0.04621613026,0.04785692692
4882,1.0,0.0,0.0,0.0,1.0,1.0,0.2907781095,0.3161868271,0.04610341787,0.04803591967
4883,1.0,0.0,0.0,0.0,1.0,1.0,0.2944628239,0.3209883766,0.04674971104,0.04839968681
4884,1.0,0.0,0.0,0.0,1.0,1.0,0.2998325387,0.327089908,0.04785841703,0.04950869083
4885,1.0,0.0,0.0,0.0,1.0,1.0,0.298963471,0.3276559578,0.04802435637,0.04997885227
4886,1.0,0.0,0.0,0.0,1.0,1.0,0.2967092269,0.3276555848,0.04765874147,0.04988837242
4887,1.0,0.0,0.0,0.0,1.0,1.0,0.3048558434,0.330107392,0.04895877838,0.05034959316
4888,1.0,0.0,0.0,0.0,1.0,1.0,0.2942608686,0.3239950965,0.0464926362,0.04869347811
4889,1.0,0.0,0.0,0.0,1.0,1.0,0.3038026611,0.3289074155,0.04837870598,0.04975312948
4890,1.0,0.0,0.0,0.0,1.0,1.0,0.3027569313,0.3247285461,0.04931670427,0.05043756962
4891,1.0,0.0,0.0,0.0,1.0,1.0,0.3061974468,0.3283365511,0.04933196306,0.05044054985
4892,1.0,0.0,0.0,0.0,1.0,1.0,0.303802739,0.3240943594,0.04827296734,0.04909580946
4893,1.0,0.0,0.0,0.0,1.0,1.0,0.297411552,0.3222840241,0.04733151197,0.04898267984
4894,1.0,0.0,0.0,0.0,1.0,1.0,0.3038026277,0.3211202344,0.04820388556,0.04875165224
4895,1.0,0.0,0.0,0.0,1.0,1.0,0.2991410791,0.3234556625,0.04775881767,0.04913908243
4896,1.0,0.0,0.0,0.0,1.0,1.0,0.3048557398,0.3282839212,0.04897964001,0.05009281635
4897,1.0,0.0,0.0,0.0,1.0,1.0,0.3095155256,0.3343585577,0.04982984066,0.05122172832
4898,1.0,0.0,0.0,0.0,1.0,1.0,0.304328163,0.3319315042,0.048592031,0.05024862289
4899,1.0,0.0,0.0,0.0,1.0,1.0,0.3043281785,0.3337549889,0.04845994711,0.0503873229
4900,1.0,0.0,0.0,0.0,1.0,1.0,0.3063356239,0.333146985,0.04892915487,0.05029588938
4901,1.0,0.0,0.0,0.0,1.0,1.0,0.3108227316,0.3367682314,0.04959589243,0.05096596479
4902,1.0,0.0,0.0,0.0,1.0,1.0,0.3130784049,0.3379928202,0.0502603054,0.05136483908
4903,1.0,0.0,0.0,0.0,1.0,1.0,0.3031234912,0.3301074832,0.04821801186,0.04987120628
4904,1.0,0.0,0.0,0.0,1.0,1.0,0.3083199228,0.3343589328,0.04994690418,0.05163055658
4905,1.0,0.0,0.0,0.0,1.0,1.0,0.3048558878,0.3252728864,0.04955434799,0.05039900541
4906,1.0,0.0,0.0,0.0,1.0,1.0,0.3013912288,0.3234558448,0.04784488678,0.04894483089
4907,1.0,0.0,0.0,0.0,1.0,1.0,0.3089809834,0.3247286006,0.04958051443,0.04985755682
4908,1.0,0.0,0.0,0.0,1.0,1.0,0.30712024,0.3259051247,0.04945868254,0.05029696226
4909,1.0,0.0,0.0,0.0,1.0,1.0,0.2998326746,0.3247285449,0.04797208309,0.0496262908
4910,1.0,0.0,0.0,0.0,1.0,1.0,0.3072552109,0.3265322333,0.05012065172,0.05096530914
4911,1.0,0.0,0.0,0.0,1.0,1.0,0.2996594003,0.3234556754,0.04785686731,0.0492399931
4912,1.0,0.0,0.0,0.0,1.0,1.0,0.2996595069,0.3216386303,0.0488960743,0.05002659559
4913,1.0,0.0,0.0,0.0,1.0,1.0,0.3044770319,0.3289074543,0.04926329851,0.05037665367
4914,1.0,0.0,0.0,0.0,1.0,1.0,0.3048557909,0.329486711,0.04892534018,0.05003732443
4915,1.0,0.0,0.0,0.0,1.0,1.0,0.2977433099,0.3203338732,0.04720556736,0.0483097434
4916,1.0,0.0,0.0,0.0,1.0,1.0,0.2915038757,0.3161872504,0.04751235247,0.0492092371
4917,1.0,0.0,0.0,0.0,1.0,1.0,0.2922244171,0.3150414475,0.0460870266,0.04745054245
4918,1.0,0.0,0.0,0.0,1.0,1.0,0.2937489568,0.3180042989,0.04688858986,0.04855328798
4919,1.0,0.0,0.0,0.0,1.0,1.0,0.2979274198,0.3246359287,0.04787367582,0.04954361916
4920,1.0,0.0,0.0,0.0,1.0,1.0,0.2991412409,0.3222840126,0.04692071676,0.04827678204
4921,1.0,0.0,0.0,0.0,1.0,1.0,0.293953374,0.316851736,0.04718506336,0.04857283831
4922,1.0,0.0,0.0,0.0,1.0,1.0,0.2965753145,0.3181675881,0.04736626148,0.04846143723
4923,1.0,0.0,0.0,0.0,1.0,1.0,0.2977788672,0.3206095072,0.04831719398,0.04970562458
4924,1.0,0.0,0.0,0.0,1.0,1.0,0.2958761678,0.318167694,0.04714912176,0.04851973057
4925,1.0,0.0,0.0,0.0,1.0,1.0,0.299832292,0.3211204016,0.04759085178,0.04868495464
4926,1.0,0.0,0.0,0.0,1.0,1.0,0.2929401298,0.3157081944,0.04631841183,0.04768067598
4927,1.0,0.0,0.0,0.0,1.0,1.0,0.2833202766,0.3100455858,0.0446267724,0.04654318094
4928,1.0,0.0,0.0,0.0,1.0,1.0,0.2669865287,0.2895062484,0.0417714119,0.04314541817
4929,1.0,0.0,0.0,0.0,1.0,1.0,0.2525088393,0.2739210184,0.03944200277,0.04082113504
4930,1.0,0.0,0.0,0.0,1.0,1.0,0.2638389678,0.2905783146,0.04170918465,0.04336643219
4931,1.0,0.0,0.0,0.0,1.0,1.0,0.2660512174,0.2895060353,0.04182910919,0.04320502281
4932,1.0,0.0,0.0,0.0,1.0,1.0,0.2689469379,0.2918076485,0.04231357574,0.04367852211
4933,1.0,0.0,0.0,0.0,1.0,1.0,0.2741524236,0.2972793864,0.04338598251,0.04475897551
4934,1.0,0.0,0.0,0.0,1.0,1.0,0.2680162005,0.2918078892,0.04214203358,0.04350149632
4935,1.0,0.0,0.0,0.0,1.0,1.0,0.2694147697,0.2939532142,0.0427287817,0.04410707951
4936,1.0,0.0,0.0,0.0,1.0,1.0,0.2779105643,0.2972794536,0.0439786315,0.04452496767
4937,1.0,0.0,0.0,0.0,1.0,1.0,0.2702133136,0.2910461456,0.04275643826,0.04357862473
4938,1.0,0.0,0.0,0.0,1.0,1.0,0.2650169084,0.2863365781,0.04182052612,0.04291385412
4939,1.0,0.0,0.0,0.0,1.0,1.0,0.2794322752,0.299472149,0.04435199499,0.04516834021
4940,1.0,0.0,0.0,0.0,1.0,1.0,0.2764781782,0.2958636805,0.04387420416,0.04469168186
4941,1.0,0.0,0.0,0.0,1.0,1.0,0.2766622795,0.2991029163,0.04388976097,0.04498696327
4942,1.0,0.0,0.0,0.0,1.0,1.0,0.2676765771,0.282688947,0.04185259342,0.0421243906
4943,1.0,0.0,0.0,0.0,1.0,1.0,0.2659385597,0.2826892206,0.04161918163,0.04216325283
4944,1.0,0.0,0.0,0.0,1.0,1.0,0.269414905,0.2863366589,0.04235780239,0.04290437698
4945,1.0,0.0,0.0,0.0,1.0,1.0,0.258088172,0.2753939669,0.040402174,0.04094451666
4946,1.0,0.0,0.0,0.0,1.0,1.0,0.2620063578,0.2780265296,0.04093205929,0.04147422314
4947,1.0,0.0,0.0,0.0,1.0,1.0,0.2529130934,0.2644507876,0.03927898407,0.03927892447
4948,1.0,0.0,0.0,0.0,1.0,1.0,0.2446184423,0.2600023371,0.03792345524,0.03819435835
4949,1.0,0.0,0.0,0.0,1.0,1.0,0.2340241654,0.2517114115,0.03634804487,0.03716796637
4950,1.0,0.0,0.0,0.0,1.0,1.0,0.1945814631,0.2227222298,0.03012955189,0.03259474039
4951,1.0,0.0,0.0,0.0,1.0,1.0,0.1809024965,0.2168598107,0.02762579918,0.03145509958
4952,1.0,0.0,0.0,0.0,1.0,1.0,0.1781534665,0.2133637965,0.02713799477,0.03093731403
4953,1.0,0.0,0.0,0.0,1.0,1.0,0.1862757202,0.2138957156,0.02821695805,0.03065884113
4954,1.0,0.0,0.0,0.0,1.0,1.0,0.194926721,0.2208507112,0.03015226126,0.03234517574
4955,1.0,0.0,0.0,0.0,1.0,1.0,0.188743523,0.2093169665,0.02853184938,0.03016221523
4956,1.0,0.0,0.0,0.0,1.0,1.0,0.1988136562,0.2206313869,0.03041356802,0.03205752373
4957,1.0,0.0,0.0,0.0,1.0,1.0,0.1840126908,0.2120028374,0.02800160646,0.03074687719
4958,1.0,0.0,0.0,0.0,1.0,1.0,0.1905410369,0.2112027145,0.02960681915,0.03128266335
4959,1.0,0.0,0.0,0.0,1.0,1.0,0.1915746163,0.2120026899,0.02920109034,0.03085398674
4960,1.0,0.0,0.0,0.0,1.0,1.0,0.1836810545,0.2120029761,0.02774834633,0.03046882153
4961,1.0,0.0,0.0,0.0,1.0,1.0,0.1854821629,0.2101097967,0.02850073576,0.03071433306
4962,1.0,0.0,0.0,0.0,1.0,1.0,0.1848160439,0.2101100451,0.02834874392,0.0305505991
4963,1.0,0.0,0.0,0.0,1.0,1.0,0.174447966,0.205654408,0.02657872438,0.02962422371
4964,1.0,0.0,0.0,0.0,1.0,1.0,0.1767967051,0.2090087507,0.02670502663,0.02997499704
4965,1.0,0.0,0.0,0.0,1.0,1.0,0.17924789,0.2098065066,0.02763450146,0.03070497513
4966,1.0,0.0,0.0,0.0,1.0,1.0,0.1705038747,0.2048666417,0.02578121424,0.02934670448
4967,1.0,0.0,0.0,0.0,1.0,1.0,0.1186717684,0.1866658881,0.01740282774,0.02610427141
4968,1.0,0.0,0.0,0.0,1.0,1.0,0.08498005895,0.214996002,0.01251280308,0.03019398451
4969,1.0,0.0,0.0,0.0,1.0,1.0,0.07326712343,0.2212205764,0.01065504551,0.03059923649
4970,1.0,0.0,0.0,0.0,1.0,1.0,0.0784610073,0.2234048546,0.01140868664,0.0309664011
4971,1.0,0.0,0.0,0.0,1.0,1.0,0.0784609494,0.206915681,0.01131939888,0.0285679698
4972,1.0,0.0,0.0,0.0,1.0,1.0,0.08453891614,0.2034435643,0.01233762503,0.02823954821
4973,1.0,0.0,0.0,0.0,1.0,1.0,0.08501878185,0.205418476,0.0123744607,0.02859866619
4974,1.0,0.0,0.0,0.0,1.0,1.0,0.08790475045,0.2026980031,0.01257878542,0.02761870623
4975,1.0,0.0,0.0,0.0,1.0,1.0,0.0938175369,0.191425138,0.01362425089,0.02641427517
4976,1.0,0.0,0.0,0.0,1.0,1.0,0.08599403263,0.1938918871,0.01241004467,0.02675056458
4977,1.0,0.0,0.0,0.0,1.0,1.0,0.09340577459,0.1987080607,0.01350533962,0.0272808075
4978,1.0,0.0,0.0,0.0,1.0,1.0,0.09305815108,0.2010599983,0.01358121634,0.02797728777
4979,1.0,0.0,0.0,0.0,1.0,1.0,0.1093732535,0.1959692787,0.015863657,0.02735108137
4980,1.0,0.0,0.0,0.0,1.0,1.0,0.1029958721,0.1903699244,0.01479834318,0.0263081789
4981,1.0,0.0,0.0,0.0,1.0,1.0,0.1072199018,0.1838974475,0.01529675722,0.02513039112
4982,1.0,0.0,0.0,0.0,1.0,1.0,0.1099772471,0.1804548814,0.01576274633,0.02516508102
4983,1.0,0.0,0.0,0.0,1.0,1.0,0.1203213076,0.1739026378,0.01753109694,0.02460002899
4984,1.0,0.0,0.0,0.0,1.0,1.0,0.1266621308,0.1720348009,0.01800906658,0.02363681793
4985,1.0,0.0,0.0,0.0,1.0,1.0,0.1288959826,0.1699869953,0.01851165295,0.02363801003
4986,1.0,0.0,0.0,0.0,1.0,1.0,0.1358266992,0.1769845736,0.01940101385,0.02461326122
4987,1.0,0.0,0.0,0.0,1.0,1.0,0.1275009475,0.1736318308,0.01825636625,0.02414548397
4988,1.0,0.0,0.0,0.0,1.0,1.0,0.1524920139,0.1892560793,0.0216165781,0.02599835396
4989,1.0,0.0,0.0,0.0,1.0,1.0,0.1616742336,0.2003189386,0.02279430628,0.02753078938
4990,1.0,0.0,0.0,0.0,1.0,1.0,0.1498138395,0.1939845598,0.02093708515,0.0263864398
4991,1.0,0.0,0.0,0.0,1.0,1.0,0.1669168227,0.2180982519,0.02365726233,0.03008270264
4992,1.0,0.0,0.0,0.0,1.0,1.0,0.1785449338,0.2455893113,0.02520108223,0.03331178427
4993,1.0,0.0,0.0,0.0,1.0,1.0,0.1556508617,0.2235037995,0.02241516113,0.03126323223
4994,1.0,0.0,0.0,0.0,1.0,1.0,0.1477774544,0.2225479524,0.02183061838,0.03159695864
4995,1.0,0.0,0.0,0.0,1.0,1.0,0.1855502024,0.2815022433,0.02712404728,0.03976142406
4996,1.0,0.0,0.0,0.0,1.0,1.0,0.1579119283,0.2550444671,0.02391701937,0.03723788261
4997,1.0,0.0,0.0,0.0,1.0,1.0,0.1540643965,0.2225479748,0.02397245169,0.03380727768
4998,1.0,0.0,0.0,0.0,1.0,1.0,0.1735778853,0.1813801085,0.0280533433,0.02893918753
4999,1.0,0.0,0.0,0.0,1.0,1.0,0.2072916404,0.159087184,0.03430306911,0.0260335803
5000,1.0,0.0,0.0,0.0,1.0,1.0,0.2267334297,0.1914988861,0.03888475895,0.03266322613
5001,1.0,0.0,0.0,0.0,1.0,1.0,0.2260856807,0.1761606275,0.03958535194,0.03078860044
5002,1.0,0.0,0.0,0.0,1.0,1.0,0.2310538843,0.1826936082,0.03991544247,0.03156101704
5003,1.0,0.0,0.0,0.0,1.0,1.0,0.2277207192,0.1880669465,0.04001009464,0.0333417654
5004,1.0,0.0,0.0,0.0,1.0,1.0,0.2288525009,0.194628126,0.03952211142,0.03427308798
5005,1.0,0.0,0.0,0.0,1.0,1.0,0.2071568274,0.1840128058,0.03452986479,0.03089517355
5006,1.0,0.0,0.0,0.0,1.0,1.0,0.1831719037,0.1725013443,0.03167456388,0.0298293829
5007,1.0,0.0,0.0,0.0,1.0,1.0,0.173662205,0.1812367271,0.02915525436,0.03064268827
5008,1.0,0.0,0.0,0.0,1.0,1.0,0.1648563266,0.1643149966,0.02814596891,0.02843916416
5009,1.0,0.0,0.0,0.0,1.0,1.0,0.1648014319,0.2033953277,0.02769011259,0.03453826904
5010,1.0,0.0,0.0,0.0,1.0,1.0,0.1606877252,0.1817168898,0.02701443434,0.03087365627
5011,1.0,0.0,0.0,0.0,1.0,1.0,0.1553062705,0.1629916208,0.02560168505,0.02740889788
5012,1.0,0.0,0.0,0.0,1.0,1.0,0.1589216048,0.1665737975,0.02700859308,0.02850914001
5013,1.0,0.0,0.0,0.0,1.0,1.0,0.1680634676,0.1529394329,0.02863967419,0.02620226145
5014,1.0,0.0,0.0,0.0,1.0,1.0,0.1764815277,0.1783391922,0.02860695124,0.0289080739
5015,1.0,0.0,0.0,0.0,1.0,1.0,0.18690347,0.1998887976,0.02943736315,0.03160649538
5016,1.0,0.0,0.0,0.0,1.0,1.0,0.171332756,0.09690378715,0.02782255411,0.01576608419
5017,1.0,0.0,0.0,0.0,1.0,1.0,0.2416233547,0.1871615426,0.0394397378,0.02987861633
5018,1.0,0.0,0.0,0.0,1.0,1.0,0.1930088607,0.1438883572,0.03008753061,0.02204430103
5019,1.0,0.0,0.0,0.0,1.0,1.0,0.1246830381,0.1638092862,0.01891410351,0.02371770144
5020,1.0,0.0,0.0,0.0,1.0,1.0,0.1048796391,0.1767573621,0.01553207636,0.02466863394
5021,1.0,0.0,0.0,0.0,1.0,1.0,0.1702453692,0.1594855049,0.02593880892,0.02288722992
5022,1.0,0.0,0.0,0.0,1.0,1.0,0.3057993889,0.2926653653,0.04819279909,0.0431972146
5023,1.0,0.0,0.0,0.0,1.0,1.0,0.3420141569,0.3385206454,0.05378842354,0.0502025485
5024,1.0,0.0,0.0,0.0,1.0,1.0,0.07313014216,0.1336971803,0.01064139605,0.0180311799
5025,1.0,0.0,0.0,0.0,1.0,1.0,0.1060633469,0.1789398294,0.01576143503,0.02485460043
5026,1.0,0.0,0.0,0.0,1.0,1.0,0.08497246452,0.1206222515,0.01265913248,0.01687890291
5027,1.0,0.0,0.0,0.0,1.0,1.0,0.22125053,0.2078840727,0.03401607275,0.03049719334
5028,1.0,0.0,0.0,0.0,1.0,1.0,0.2745717998,0.2780550416,0.04281413555,0.04081618786
5029,1.0,0.0,0.0,0.0,1.0,1.0,0.2974743421,0.2948543192,0.04812496901,0.04519051313
5030,1.0,0.0,0.0,0.0,1.0,1.0,0.2771097901,0.2732848365,0.04397857189,0.04104661942
5031,1.0,0.0,0.0,0.0,1.0,1.0,0.1135726731,0.1846794107,0.01630353928,0.02519643307
5032,1.0,0.0,0.0,0.0,1.0,1.0,0.1130324494,0.1609977133,0.01681232452,0.02271127701
5033,1.0,0.0,0.0,0.0,1.0,1.0,0.09338732151,0.1129077883,0.01391506195,0.01598751545
5034,1.0,0.0,0.0,0.0,1.0,1.0,0.203276282,0.1911280687,0.03139662743,0.02790808678
5035,1.0,0.0,0.0,0.0,1.0,1.0,0.2863463673,0.2858326393,0.04518812895,0.0428558588
5036,1.0,0.0,0.0,0.0,1.0,1.0,0.3024139774,0.2994436246,0.0477694869,0.04485672712
5037,1.0,0.0,0.0,0.0,1.0,1.0,0.3011258265,0.2963461719,0.04699492455,0.04411178827
5038,1.0,0.0,0.0,0.0,1.0,1.0,0.3233489547,0.3183551369,0.05190950632,0.0486651659
5039,1.0,0.0,0.0,0.0,1.0,1.0,0.3106127828,0.3067781561,0.05013805628,0.04689377546
5040,1.0,0.0,0.0,0.0,1.0,1.0,0.3147412961,0.3137782937,0.04982739687,0.04720491171
5041,1.0,0.0,0.0,0.0,1.0,1.0,0.3079463087,0.3072213425,0.04732710123,0.04477649927
5042,1.0,0.0,0.0,0.0,1.0,1.0,0.3201917677,0.3176521229,0.04932260513,0.04675668478
5043,1.0,0.0,0.0,0.0,1.0,1.0,0.3157118705,0.3091658544,0.04832541943,0.04546588659
5044,1.0,0.0,0.0,0.0,1.0,1.0,0.1501138141,0.1490763063,0.02237772942,0.02090549469
5045,1.0,0.0,0.0,0.0,1.0,1.0,0.101363663,0.162302292,0.01463580132,0.02224630117
5046,1.0,0.0,0.0,0.0,1.0,1.0,0.1043594265,0.1046427317,0.01515382528,0.01427960396
5047,1.0,0.0,0.0,0.0,1.0,1.0,0.2395665339,0.233071078,0.03596287966,0.03315323591
5048,1.0,0.0,0.0,0.0,1.0,1.0,0.2858182595,0.2869494709,0.04466080666,0.04235577583
5049,1.0,0.0,0.0,0.0,1.0,1.0,0.3005702995,0.2994439912,0.04642909765,0.04386556149
5050,1.0,0.0,0.0,0.0,1.0,1.0,0.3044172343,0.3084214166,0.04741930962,0.04513400793
5051,1.0,0.0,0.0,0.0,1.0,1.0,0.3116338136,0.313054726,0.04798680544,0.04571527243
5052,1.0,0.0,0.0,0.0,1.0,1.0,0.3075203296,0.3118413032,0.04753524065,0.04555463791
5053,1.0,0.0,0.0,0.0,1.0,1.0,0.3191647182,0.3209747265,0.04918438196,0.04693597555
5054,1.0,0.0,0.0,0.0,1.0,1.0,0.3103629105,0.3111102044,0.04772013426,0.04544770718
5055,1.0,0.0,0.0,0.0,1.0,1.0,0.08848139012,0.1243942817,0.01248627901,0.01645928621
5056,1.0,0.0,0.0,0.0,1.0,1.0,0.1057293855,0.16514388,0.01490134001,0.02164912224
5057,1.0,0.0,0.0,0.0,1.0,1.0,0.1156219177,0.1783235479,0.01654189825,0.02411186695
5058,1.0,0.0,0.0,0.0,1.0,1.0,0.1323638958,0.124930416,0.01963591576,0.01764386892
5059,1.0,0.0,0.0,0.0,1.0,1.0,0.2470738684,0.2420523636,0.03753900528,0.03499877453
5060,1.0,0.0,0.0,0.0,1.0,1.0,0.2776228245,0.2759077528,0.04244792461,0.04046702385
5061,1.0,0.0,0.0,0.0,1.0,1.0,0.3018571353,0.2998325847,0.04639309645,0.04413002729
5062,1.0,0.0,0.0,0.0,1.0,1.0,0.2989155453,0.3005985671,0.0462988019,0.0445945859
5063,1.0,0.0,0.0,0.0,1.0,1.0,0.3083778374,0.3118416762,0.0471342802,0.04571461678
5064,1.0,0.0,0.0,0.0,1.0,1.0,0.299458025,0.2967095999,0.04537236691,0.04310381413
5065,1.0,0.0,0.0,0.0,1.0,1.0,0.3029728836,0.3029194909,0.04690861702,0.0449064374
5066,1.0,0.0,0.0,0.0,1.0,1.0,0.3138434145,0.3106372965,0.0482738018,0.04626238346
5067,1.0,0.0,0.0,0.0,1.0,1.0,0.2422312305,0.2310961296,0.03662914038,0.03374493122
5068,1.0,0.0,0.0,0.0,1.0,1.0,0.1070833476,0.1658739194,0.01528662443,0.02236372232
5069,1.0,0.0,0.0,0.0,1.0,1.0,0.0963318039,0.1328369562,0.01368039846,0.01795548201
5070,1.0,0.0,0.0,0.0,1.0,1.0,0.1180441775,0.1060630845,0.01694530249,0.01468592882
5071,1.0,0.0,0.0,0.0,1.0,1.0,0.2356098823,0.2312435285,0.0353205204,0.03361147642
5072,1.0,0.0,0.0,0.0,1.0,1.0,0.2662677214,0.2711664864,0.04014521837,0.03957980871
5073,1.0,0.0,0.0,0.0,1.0,1.0,0.2717294054,0.2757080263,0.04106098413,0.0404984355
5074,1.0,0.0,0.0,0.0,1.0,1.0,0.2797703825,0.279089659,0.04266482592,0.04154205322
5075,1.0,0.0,0.0,0.0,1.0,1.0,0.2738942873,0.2780399752,0.04214251041,0.04130518436
5076,1.0,0.0,0.0,0.0,1.0,1.0,0.2787432386,0.2820396078,0.04229938984,0.04146456718
5077,1.0,0.0,0.0,0.0,1.0,1.0,0.2895060866,0.2877178732,0.04413866997,0.04273295403
5078,1.0,0.0,0.0,0.0,1.0,1.0,0.2881935834,0.2907118973,0.04360663891,0.04276806116
5079,1.0,0.0,0.0,0.0,1.0,1.0,0.2850326029,0.2877180814,0.04324060678,0.04213190079
5080,1.0,0.0,0.0,0.0,1.0,1.0,0.2837244859,0.2858252413,0.04361319542,0.04248768091
5081,1.0,0.0,0.0,0.0,1.0,1.0,0.280286533,0.2820396851,0.04299837351,0.04214972258
5082,1.0,0.0,0.0,0.0,1.0,1.0,0.279041618,0.2828610522,0.04272001982,0.04188233614
5083,1.0,0.0,0.0,0.0,1.0,1.0,0.2920331043,0.2975865842,0.04514324665,0.04458242655
5084,1.0,0.0,0.0,0.0,1.0,1.0,0.285554984,0.2949480993,0.04420280457,0.04392302036
5085,1.0,0.0,0.0,0.0,1.0,1.0,0.2796270074,0.2855549911,0.04342728853,0.04258680344
5086,1.0,0.0,0.0,0.0,1.0,1.0,0.2830276385,0.2913500049,0.04432111979,0.04376709461
5087,1.0,0.0,0.0,0.0,1.0,1.0,0.2817575766,0.2942801238,0.04423052073,0.04423052073
5088,1.0,0.0,0.0,0.0,1.0,1.0,0.2775251576,0.2884420554,0.04334378242,0.04306948185
5089,1.0,0.0,0.0,0.0,1.0,1.0,0.2825276651,0.2950381443,0.04406285286,0.04406285286
5090,1.0,0.0,0.0,0.0,1.0,1.0,0.2863073085,0.3035340727,0.0448526144,0.04512780905
5091,1.0,0.0,0.0,0.0,1.0,1.0,0.2741829139,0.2900999315,0.04274398088,0.04274398088
5092,1.0,0.0,0.0,0.0,1.0,1.0,0.2777211337,0.2890176148,0.04384362698,0.04328507185
5093,1.0,0.0,0.0,0.0,1.0,1.0,0.2600318692,0.2703711988,0.04053843021,0.03998684883
5094,1.0,0.0,0.0,0.0,1.0,1.0,0.1071528242,0.1383523679,0.01512718201,0.0184276104
5095,1.0,0.0,0.0,0.0,1.0,1.0,0.125898361,0.1550155179,0.01792007685,0.02095276117
5096,1.0,0.0,0.0,0.0,1.0,1.0,0.09609998911,0.1108249949,0.01384311914,0.01522743702
5097,1.0,0.0,0.0,0.0,1.0,1.0,0.1902817598,0.1820690493,0.02877193689,0.02625793219
5098,1.0,0.0,0.0,0.0,1.0,1.0,0.2431074409,0.2433099705,0.03758782148,0.0361956954
5099,1.0,0.0,0.0,0.0,1.0,1.0,0.2814827295,0.2813241579,0.0438644886,0.04219871759
5100,1.0,0.0,0.0,0.0,1.0,1.0,0.2768237854,0.2786549718,0.0425234437,0.04141896963
5101,1.0,0.0,0.0,0.0,1.0,1.0,0.2945915954,0.3020702093,0.04516363144,0.04488652945
5102,1.0,0.0,0.0,0.0,1.0,1.0,0.2938466932,0.2972318009,0.04515242577,0.04459500313
5103,1.0,0.0,0.0,0.0,1.0,1.0,0.2940596204,0.2987260489,0.04526406527,0.04498636723
5104,1.0,0.0,0.0,0.0,1.0,1.0,0.298746263,0.3016833201,0.0460357666,0.04547774792
5105,1.0,0.0,0.0,0.0,1.0,1.0,0.2905141466,0.2979818021,0.04424750805,0.04480409622
5106,1.0,0.0,0.0,0.0,1.0,1.0,0.290514035,0.2979818192,0.04417920113,0.04473495483
5107,1.0,0.0,0.0,0.0,1.0,1.0,0.2633038935,0.261048078,0.03980284929,0.039242208
5108,1.0,0.0,0.0,0.0,1.0,1.0,0.2112030626,0.2025385901,0.03077220917,0.02939844131
5109,1.0,0.0,0.0,0.0,1.0,1.0,0.2116020488,0.2033085055,0.03078985214,0.02941530943
5110,1.0,0.0,0.0,0.0,1.0,1.0,0.255454537,0.2507965268,0.03805828094,0.0372248888
5111,1.0,0.0,0.0,0.0,1.0,1.0,0.2662745336,0.2635891245,0.04027163982,0.03971999884
5112,1.0,0.0,0.0,0.0,1.0,1.0,0.2732287521,0.2742150974,0.04178982973,0.04178982973
5113,1.0,0.0,0.0,0.0,1.0,1.0,0.2747109745,0.2715875876,0.04200720787,0.041454494
5114,1.0,0.0,0.0,0.0,1.0,1.0,0.2695744101,0.2654196651,0.04093509912,0.04037815332
5115,1.0,0.0,0.0,0.0,1.0,1.0,0.2842450537,0.2755813486,0.04306077957,0.04167169333
5116,1.0,0.0,0.0,0.0,1.0,1.0,0.2762094454,0.2753937647,0.04217362404,0.04189616442
5117,1.0,0.0,0.0,0.0,1.0,1.0,0.2816608776,0.2816608224,0.04287385941,0.04287385941
5118,1.0,0.0,0.0,0.0,1.0,1.0,0.2868601766,0.2845125497,0.04336667061,0.04309040308
5119,1.0,0.0,0.0,0.0,1.0,1.0,0.2777241618,0.2780268319,0.04192066193,0.04219651222
5120,1.0,0.0,0.0,0.0,1.0,1.0,0.2795512702,0.2762092687,0.04258787632,0.04230952263
5121,1.0,0.0,0.0,0.0,1.0,1.0,0.2805772514,0.2790412222,0.04227662086,0.04227662086
5122,1.0,0.0,0.0,0.0,1.0,1.0,0.2774186766,0.2735701964,0.04215323925,0.0418741107
5123,1.0,0.0,0.0,0.0,1.0,1.0,0.1142218399,0.1239145422,0.01585400105,0.01726955175
5124,1.0,0.0,0.0,0.0,1.0,1.0,0.1507093421,0.1844210803,0.02104884386,0.02575719357
5125,1.0,0.0,0.0,0.0,1.0,1.0,0.1082073022,0.130786349,0.01543623209,0.01880413294
5126,1.0,0.0,0.0,0.0,1.0,1.0,0.1367254428,0.1144401038,0.01934564114,0.01634842157
5127,1.0,0.0,0.0,0.0,1.0,1.0,0.22168057,0.2096207064,0.03255546093,0.03090012074
5128,1.0,0.0,0.0,0.0,1.0,1.0,0.2732418551,0.267249855,0.04128730297,0.04045599699
5129,1.0,0.0,0.0,0.0,1.0,1.0,0.2858179133,0.2847675607,0.04349476099,0.04349482059
5130,1.0,0.0,0.0,0.0,1.0,1.0,0.288686944,0.2871126255,0.04424649477,0.04424655437
5131,1.0,0.0,0.0,0.0,1.0,1.0,0.2954553273,0.2915035531,0.04568648338,0.0454044342
5132,1.0,0.0,0.0,0.0,1.0,1.0,0.2996501267,0.2961978994,0.04598712921,0.04570662975
5133,1.0,0.0,0.0,0.0,1.0,1.0,0.2967379849,0.2925638923,0.04557299614,0.04501378536
5134,1.0,0.0,0.0,0.0,1.0,1.0,0.2941685499,0.2907469574,0.0448756218,0.04459691048
5135,1.0,0.0,0.0,0.0,1.0,1.0,0.2992885681,0.292255465,0.04560536146,0.04477614164
5136,1.0,0.0,0.0,0.0,1.0,1.0,0.2992887418,0.2904516373,0.04603725672,0.04492115974
5137,1.0,0.0,0.0,0.0,1.0,1.0,0.299649569,0.2850396248,0.04524999857,0.04359459877
5138,1.0,0.0,0.0,0.0,1.0,1.0,0.2936313792,0.2860720901,0.04415488243,0.04333215952
5139,1.0,0.0,0.0,0.0,1.0,1.0,0.2900414054,0.2873853437,0.04375141859,0.04375141859
5140,1.0,0.0,0.0,0.0,1.0,1.0,0.2752620914,0.2733979673,0.04159021378,0.04214847088
5141,1.0,0.0,0.0,0.0,1.0,1.0,0.2803534477,0.2901603551,0.04215323925,0.04434299469
5142,1.0,0.0,0.0,0.0,1.0,1.0,0.2767968366,0.2810933183,0.04118955135,0.04229539633
5143,1.0,0.0,0.0,0.0,1.0,1.0,0.2826518125,0.287943493,0.04261368513,0.04317075014
5144,1.0,0.0,0.0,0.0,1.0,1.0,0.2749396118,0.2836254062,0.04213732481,0.04185259342
5145,1.0,0.0,0.0,0.0,1.0,1.0,0.2619719141,0.2874843604,0.04101067781,0.04185342789
5146,1.0,0.7853981853,0.0,0.0,1.0,1.0,0.2929094261,0.3318461263,0.04631620646,0.04771971703
5147,1.0,0.7853981853,0.0,0.0,1.0,1.0,0.2792309277,0.3135130943,0.04550725222,0.04578471184
5148,1.0,0.7853981853,0.0,0.0,1.0,1.0,0.277340559,0.318524338,0.04485297203,0.04567348957
5149,1.0,0.7853981853,0.0,0.0,1.0,1.0,0.2939537198,0.3433198381,0.04739624262,0.04875040054
5150,1.0,0.7853981853,0.0,0.0,1.0,1.0,0.2919335262,0.3462634692,0.04704409838,0.04870444536
5151,1.0,0.7853981853,0.0,0.0,1.0,1.0,0.2887659964,0.3478058876,0.0465529561,0.04850429296
5152,1.0,0.7853981853,0.0,0.0,1.0,1.0,0.2908696607,0.35019846,0.04864603281,0.05034303665
5153,1.0,0.7853981853,0.0,0.0,1.0,1.0,0.284353115,0.3397314596,0.04663127661,0.04745906591
5154,1.0,0.7853981853,0.0,0.0,1.0,1.0,0.290807441,0.3535574552,0.04807460308,0.04945605993
5155,1.0,0.7853981853,0.0,0.0,1.0,1.0,0.2884293152,0.3490112844,0.04779618979,0.04890775681
5156,1.0,0.7853981853,0.0,0.0,1.0,1.0,0.2800448401,0.3358123538,0.04695260525,0.04723376036
5157,1.0,0.7853981853,0.0,0.0,1.0,1.0,0.2850754089,0.3410794964,0.04757905006,0.04813885689
5158,1.0,0.7853981853,0.0,0.0,1.0,1.0,0.2800451344,0.3398100617,0.04678326845,0.04762363434
5159,1.0,0.7853981853,0.0,0.0,1.0,1.0,0.2762277206,0.3378115124,0.04582422972,0.04693514109
5160,1.0,0.7853981853,0.0,0.0,1.0,1.0,0.278642506,0.3430625798,0.04673737288,0.04841655493
5161,1.0,0.7853981853,0.0,0.0,1.0,1.0,0.2843670291,0.3509943253,0.04744946957,0.0491143465
5162,1.0,0.7853981853,0.0,0.0,1.0,1.0,0.2779014284,0.3351300765,0.04545331001,0.04627478123
5163,1.0,0.7853981853,0.0,0.0,1.0,1.0,0.2848326183,0.3390966069,0.04713720083,0.0476950407
5164,1.0,0.7853981853,0.0,0.0,1.0,1.0,0.2745535471,0.3305243458,0.04509097338,0.04619079828
5165,1.0,0.7853981853,0.0,0.0,1.0,1.0,0.2797765397,0.3404476368,0.04590404034,0.04728668928
5166,1.0,0.7853981853,0.0,0.0,1.0,1.0,0.2785605297,0.3344745828,0.04580873251,0.04664164782
5167,1.0,0.7853981853,0.0,0.0,1.0,1.0,0.2802488732,0.3404473722,0.04615306854,0.04754322767
5168,1.0,0.7853981853,0.0,0.0,1.0,1.0,0.2759403571,0.3311879517,0.04580622911,0.04720276594
5169,1.0,0.7853981853,0.0,0.0,1.0,1.0,0.2753567341,0.3338056172,0.04529637098,0.0472535491
5170,1.0,0.7853981853,0.0,0.0,1.0,1.0,0.2793052341,0.3311876257,0.04584264755,0.04667115211
5171,1.0,0.7853981853,0.0,0.0,1.0,1.0,0.2783677902,0.331845709,0.04602116346,0.04713010788
5172,1.0,0.7853981853,0.0,0.0,1.0,1.0,0.2805156749,0.3324992546,0.04647988081,0.04759317636
5173,1.0,0.7853981853,0.0,0.0,1.0,1.0,0.2788355928,0.3286101389,0.04641252756,0.04725134373
5174,1.0,0.7853981853,0.0,0.0,1.0,1.0,0.2816761484,0.3298937653,0.04588246346,0.04671168327
5175,1.0,0.7853981853,0.0,0.0,1.0,1.0,0.2646079059,0.3094424634,0.04335224628,0.04445672035
5176,1.0,0.7853981853,0.0,0.0,1.0,1.0,0.1315056508,0.1614145506,0.01949548721,0.02033102512
5177,1.0,0.7853981853,0.0,0.0,1.0,1.0,0.09683788623,0.1801567016,0.01459240913,0.02312761545
5178,1.0,0.0,0.0,0.0,1.0,1.0,0.09781007884,0.1686051081,0.01474261284,0.0222479701
5179,1.0,0.0,0.0,0.0,1.0,1.0,0.1392948909,0.1646135867,0.0213175416,0.02238339186
5180,1.0,0.0,0.0,0.0,1.0,1.0,0.1624969286,0.1847218991,0.02469569445,0.02522677183
5181,1.0,0.0,0.0,0.0,1.0,1.0,0.2131676874,0.2307871135,0.03293281794,0.0326628685
5182,1.0,0.0,0.0,0.0,1.0,1.0,0.2410625765,0.2489248358,0.0374596715,0.03636598587
5183,1.0,0.0,0.0,0.0,1.0,1.0,0.253826717,0.2628160706,0.03968089819,0.03912973404
5184,1.0,0.0,0.0,0.0,1.0,1.0,0.2659387831,0.2696333981,0.04105126858,0.04024624825
5185,1.0,0.0,0.0,0.0,1.0,1.0,0.2581456762,0.2632937269,0.03972709179,0.03945863247
5186,1.0,0.0,0.0,0.0,1.0,1.0,0.2717933621,0.2735314548,0.04238516092,0.04184859991
5187,1.0,0.0,0.0,0.0,1.0,1.0,0.2806055429,0.2787918463,0.04347521067,0.04267019033
5188,1.0,0.0,0.0,0.0,1.0,1.0,0.2441920427,0.2445818981,0.03755396605,0.03728568554
5189,1.0,0.0,0.0,0.0,1.0,1.0,0.09288492345,0.1746237733,0.0135666132,0.02550524473
5190,1.0,0.0,0.0,0.0,1.0,1.0,0.09750650727,0.1634424812,0.01436042786,0.02402609587
5191,1.0,0.0,0.0,0.0,1.0,1.0,0.1775562968,0.1914990627,0.02641057968,0.02858883142
5192,1.0,0.0,0.0,0.0,1.0,1.0,0.2822580255,0.2736988075,0.04348069429,0.04238682985
5193,1.0,0.0,0.0,0.0,1.0,1.0,0.3054833795,0.3033396757,0.04669541121,0.04669541121
5194,1.0,0.0,0.0,0.0,1.0,1.0,0.3137575923,0.3033391501,0.04840958118,0.04704976082
5195,1.0,0.0,0.0,0.0,1.0,1.0,0.3129928922,0.3037174572,0.04744935036,0.04637092352
5196,1.0,0.0,0.0,0.0,1.0,1.0,0.2960646807,0.2904516469,0.0449296236,0.04384040833
5197,1.0,0.0,0.0,0.0,1.0,1.0,0.3085995828,0.2991289857,0.0476295352,0.04600584507
5198,1.0,0.0,0.0,0.0,1.0,1.0,0.2989481312,0.2895908745,0.04524260759,0.04390406609
5199,1.0,0.0,0.0,0.0,1.0,1.0,0.295609313,0.2903309009,0.04529136419,0.04448264837
5200,1.0,0.0,0.0,0.0,1.0,1.0,0.3030222343,0.2969874027,0.04653292894,0.04544448853
5201,1.0,0.0,0.0,0.0,1.0,1.0,0.2883347003,0.2934302818,0.0446420908,0.04518979788
5202,1.0,0.0,0.0,0.0,1.0,1.0,0.2865658035,0.2937428508,0.04481482506,0.04536807537
5203,1.0,0.0,0.0,0.0,1.0,1.0,0.295410027,0.2969870199,0.04581701756,0.04581701756
5204,1.0,0.0,0.0,0.0,1.0,1.0,0.2930304133,0.297037115,0.04538816214,0.04592847824
5205,1.0,0.0,0.0,0.0,1.0,1.0,0.2870368259,0.2963258584,0.04464489222,0.04545176029
5206,1.0,0.0,0.0,0.0,1.0,1.0,0.2929398827,0.2994841494,0.04562538862,0.04616212845
5207,1.0,0.0,0.0,0.0,1.0,1.0,0.2793576365,0.2917949395,0.04371398687,0.04534310102
5208,1.0,0.0,0.0,0.0,1.0,1.0,0.2785900216,0.2913566178,0.04323840141,0.04458957911
5209,1.0,0.0,0.0,0.0,1.0,1.0,0.2257389253,0.2535898473,0.03444254398,0.03777575493
5210,1.0,0.0,0.0,0.0,1.0,1.0,0.08232960051,0.2586790882,0.01168954372,0.03588414192
5211,1.0,0.0,0.0,0.0,1.0,1.0,0.07206612206,0.2508250248,0.01049721241,0.03591144085
5212,1.0,0.0,0.0,0.0,1.0,1.0,0.1029389857,0.2002697216,0.01515650749,0.02893507481
5213,1.0,0.0,0.0,0.0,1.0,1.0,0.2024187366,0.2406747071,0.03125494719,0.03655713797
5214,1.0,0.0,0.0,0.0,1.0,1.0,0.2694923821,0.28864748,0.04195028543,0.04445064068
5215,1.0,0.0,0.0,0.0,1.0,1.0,0.2736987949,0.2930018996,0.04277664423,0.04498445988
5216,1.0,0.0,0.0,0.0,1.0,1.0,0.2825277846,0.3001919674,0.04413247108,0.04606324434
5217,1.0,0.0,0.0,0.0,1.0,1.0,0.2749788268,0.2940594905,0.04260414839,0.04451584816
5218,1.0,0.0,0.0,0.0,1.0,1.0,0.2736988235,0.2969355323,0.0428456068,0.04533338547
5219,1.0,0.0,0.0,0.0,1.0,1.0,0.2875590998,0.3034022084,0.04546535015,0.04712867737
5220,1.0,0.0,0.0,0.0,1.0,1.0,0.2980791579,0.3105407439,0.04655385017,0.04764920473
5221,1.0,0.0,0.0,0.0,1.0,1.0,0.2932390456,0.3061672391,0.04610598087,0.04747009277
5222,1.0,0.0,0.0,0.0,1.0,1.0,0.2893121022,0.3058793105,0.04510968924,0.04702347517
5223,1.0,0.0,0.0,0.0,1.0,1.0,0.2994844716,0.314770883,0.04768687487,0.04907310009
5224,1.0,0.0,0.0,0.0,1.0,1.0,0.2950902717,0.3141103419,0.04635250568,0.04855972528
5225,1.0,0.0,0.0,0.0,1.0,1.0,0.3059161016,0.3231408874,0.04789507389,0.04979997873
5226,1.0,0.0,0.0,0.0,1.0,1.0,0.2984444778,0.3171986655,0.04740148783,0.04933059216
5227,1.0,0.0,0.0,0.0,1.0,1.0,0.2996594352,0.3167244796,0.04751038551,0.04943275452
5228,1.0,0.0,0.0,0.0,1.0,1.0,0.2965187527,0.3141100879,0.04645401239,0.04809349775
5229,1.0,0.0,0.0,0.0,1.0,1.0,0.2885349126,0.3083382122,0.04501152039,0.04718065262
5230,1.0,0.0,0.0,0.0,1.0,1.0,0.2853044487,0.3087559859,0.04429107904,0.04700833559
5231,1.0,0.0,0.0,0.0,1.0,1.0,0.2991409541,0.3189705977,0.0467877388,0.04868084192
5232,1.0,0.0,0.0,0.0,1.0,1.0,0.2949744385,0.31542663,0.04626482725,0.04844194651
5233,1.0,0.0,0.0,0.0,1.0,1.0,0.2972253715,0.3147705055,0.04680877924,0.04845112562
5234,1.0,0.0,0.0,0.0,1.0,1.0,0.2912859094,0.3139043041,0.04580378532,0.04772371054
5235,1.0,0.0,0.0,0.0,1.0,1.0,0.3005313196,0.3129923842,0.04697412252,0.04806655645
5236,1.0,0.0,0.0,0.0,1.0,1.0,0.3010580673,0.3094359546,0.04703336954,0.04758024216
5237,1.0,0.0,0.0,0.0,1.0,1.0,0.3052399203,0.3165492248,0.04785853624,0.04867893457
5238,1.0,0.0,0.0,0.0,1.0,1.0,0.2928186032,0.3076575558,0.04541289806,0.04704457521
5239,1.0,0.0,0.0,0.0,1.0,1.0,0.2901033802,0.3051867264,0.0445073843,0.04640710354
5240,1.0,0.0,0.0,0.0,1.0,1.0,0.2774252941,0.2926940563,0.04276841879,0.0449616909
5241,1.0,0.0,0.0,0.0,1.0,1.0,0.2660386981,0.2858117305,0.04035693407,0.04335641861
5242,1.0,0.0,0.0,0.0,1.0,1.0,0.2774252483,0.2916521416,0.04292833805,0.045129776
5243,1.0,0.0,0.0,0.0,1.0,1.0,0.2759518773,0.2906181004,0.04259085655,0.04477506876
5244,1.0,0.0,0.0,0.0,1.0,1.0,0.2735501569,0.2891243843,0.04209274054,0.04456883669
5245,1.0,0.0,0.0,0.0,1.0,1.0,0.2812591694,0.290330778,0.0435076952,0.04514944553
5246,1.0,0.0,0.0,0.0,1.0,1.0,0.273868334,0.2891243335,0.04216057062,0.04435074329
5247,1.0,0.0,0.0,0.0,1.0,1.0,0.2707934121,0.29120422,0.04175341129,0.04450035095
5248,1.0,0.0,0.0,0.0,1.0,1.0,0.2608772322,0.2829961158,0.04012107849,0.04283195734
5249,1.0,0.0,0.0,0.0,1.0,1.0,0.2396530735,0.2717461531,0.03661543131,0.04041260481
5250,1.0,0.0,0.0,0.0,1.0,1.0,0.2262551817,0.2709112514,0.03448092937,0.04018253088
5251,1.0,0.0,0.0,0.0,1.0,1.0,0.2340242089,0.2790411067,0.03642618656,0.04190379381
5252,1.0,0.0,0.0,0.0,1.0,1.0,0.2393029858,0.2884415599,0.03763049841,0.04344105721
5253,1.0,0.0,0.0,0.0,1.0,1.0,0.2406388838,0.2935162964,0.03747689724,0.0432215333
5254,1.0,0.0,0.0,0.0,1.0,1.0,0.2374557741,0.2946117082,0.03729307652,0.04397249222
5255,1.0,0.0,0.0,0.0,1.0,1.0,0.2396530899,0.2975863564,0.03735339642,0.04399394989
5256,1.0,0.0,0.0,0.0,1.0,1.0,0.2427725941,0.2987050475,0.03778588772,0.04385358095
5257,1.0,0.0,0.0,0.0,1.0,1.0,0.2440702635,0.2968269602,0.03738200665,0.04311215878
5258,1.0,0.0,0.0,0.0,1.0,1.0,0.2294093425,0.2893120491,0.03534960747,0.04220026731
5259,1.0,0.0,0.0,0.0,1.0,1.0,0.235162855,0.2960610407,0.03648257256,0.04339212179
5260,1.0,0.0,0.0,0.0,1.0,1.0,0.2189082926,0.2831116725,0.03370070457,0.04115903378
5261,1.0,0.0,0.0,0.0,1.0,1.0,0.2302287112,0.2926124995,0.03625208139,0.04327768087
5262,1.0,0.0,0.0,0.0,1.0,1.0,0.2333809342,0.297543735,0.03631007671,0.0432395339
5263,1.0,0.0,0.0,0.0,1.0,1.0,0.2234890257,0.28961069,0.03487968445,0.04269266129
5264,1.0,0.0,0.0,0.0,1.0,1.0,0.240009403,0.2983122327,0.03779143095,0.04427796602
5265,1.0,0.0,0.0,0.0,1.0,1.0,0.2373674527,0.3002127144,0.03673017025,0.04363435507
5266,1.0,0.0,0.0,0.0,1.0,1.0,0.2321400009,0.2998327605,0.03615921736,0.04388791323
5267,1.0,0.0,0.0,0.0,1.0,1.0,0.2313196413,0.2987056467,0.03605931997,0.04376667738
5268,1.0,0.0,0.0,0.0,1.0,1.0,0.1945340571,0.2736113604,0.0299128294,0.03951787949
5269,1.0,0.0,0.0,0.0,1.0,1.0,0.05340530352,0.3557333094,0.007714211941,0.04628521204
5270,1.0,0.0,0.0,0.0,1.0,1.0,0.04370184896,0.3394729183,0.006564855576,0.04595398903
5271,1.0,0.0,0.0,0.0,1.0,1.0,0.1110490513,0.2711040025,0.01656126976,0.03698688745
5272,1.0,0.0,0.0,0.0,1.0,1.0,0.2159509607,0.2921442248,0.03392463923,0.04261600971
5273,1.0,0.0,0.0,0.0,1.0,1.0,0.2863077057,0.3369328271,0.04476308823,0.04888236523
5274,1.0,0.0,0.0,0.0,1.0,1.0,0.2835295937,0.3325136904,0.04414206743,0.04828035831
5275,1.0,0.0,0.0,0.0,1.0,1.0,0.2952896455,0.3381570492,0.04656082392,0.04959142208
5276,1.0,0.0,0.0,0.0,1.0,1.0,0.2923901289,0.3325214587,0.04556018114,0.04887366295
5277,1.0,0.0,0.0,0.0,1.0,1.0,0.3133102493,0.3473896383,0.04970693588,0.0519284606
5278,1.0,0.0,0.0,0.0,1.0,1.0,0.3010580027,0.3381013882,0.04748314619,0.05024379492
5279,1.0,0.0,0.0,0.0,1.0,1.0,0.3050928164,0.3405505669,0.04773783684,0.05048137903
5280,1.0,0.0,0.0,0.0,1.0,1.0,0.305916135,0.3411380079,0.04866039753,0.05114871264
5281,1.0,0.0,0.0,0.0,1.0,1.0,0.3059160579,0.3448258767,0.04838347435,0.0514074564
5282,1.0,0.0,0.0,0.0,1.0,1.0,0.2974117195,0.3368082803,0.04687178135,0.05014193058
5283,1.0,0.0,0.0,0.0,1.0,1.0,0.3071201442,0.3441302711,0.04878097773,0.05181258917
5284,1.0,0.0,0.0,0.0,1.0,1.0,0.3122165378,0.3448260586,0.0488525033,0.05103588104
5285,1.0,0.0,0.0,0.0,1.0,1.0,0.305773334,0.3398837146,0.04930752516,0.05212509632
5286,1.0,0.0,0.0,0.0,1.0,1.0,0.2986032858,0.3282834465,0.04740792513,0.05019652843
5287,1.0,0.0,0.0,0.0,1.0,1.0,0.3103529209,0.337402668,0.04894441366,0.05115658045
5288,1.0,0.0,0.0,0.0,1.0,1.0,0.3080589207,0.3355789775,0.04865932465,0.0508711338
5289,1.0,0.0,0.0,0.0,1.0,1.0,0.3040257655,0.3313365911,0.04844456911,0.05095034838
5290,1.0,0.0,0.0,0.0,1.0,1.0,0.2996591145,0.327774244,0.04782193899,0.05058628321
5291,1.0,0.0,0.0,0.0,1.0,1.0,0.3029666503,0.3325482662,0.04704242945,0.0500164032
5292,1.0,0.0,0.0,0.0,1.0,1.0,0.3075202349,0.330750463,0.04806625843,0.05025112629
5293,1.0,0.0,0.0,0.0,1.0,1.0,0.3121064304,0.3343585746,0.0491181612,0.05077379942
5294,1.0,0.0,0.0,0.0,1.0,1.0,0.3077926666,0.3294862936,0.04821771383,0.0498803854
5295,1.0,0.0,0.0,0.0,1.0,1.0,0.3017514967,0.3247282478,0.04818332195,0.05013287067
5296,1.0,0.0,0.0,0.0,1.0,1.0,0.3092678839,0.3283363484,0.04885983467,0.05024003983
5297,1.0,0.0,0.0,0.0,1.0,1.0,0.3044072791,0.3229243984,0.04711771011,0.04875189066
5298,1.0,0.0,0.0,0.0,1.0,1.0,0.3000067942,0.3247284348,0.04724305868,0.04944044352
5299,1.0,0.0,0.0,0.0,1.0,1.0,0.3091420364,0.3252729099,0.04899477959,0.04982990026
5300,1.0,0.0,0.0,0.0,1.0,1.0,0.293030052,0.3199650982,0.0460857749,0.04882895947
5301,1.0,0.0,0.0,0.0,1.0,1.0,0.3059163966,0.3277737933,0.04904276133,0.05099326372
5302,1.0,0.0,0.0,0.0,1.0,1.0,0.3064488351,0.3301404858,0.04825669527,0.05017602444
5303,1.0,0.0,0.0,0.0,1.0,1.0,0.3021158063,0.3294861062,0.04785788059,0.05008381605
5304,1.0,0.0,0.0,0.0,1.0,1.0,0.2996561025,0.3276557103,0.047059834,0.04955124855
5305,1.0,0.0,0.0,0.0,1.0,1.0,0.3008884598,0.3240944073,0.04683327675,0.04902428389
5306,1.0,0.0,0.0,0.0,1.0,1.0,0.291285915,0.3181679421,0.04606950283,0.0488281846
5307,1.0,0.0,0.0,0.0,1.0,1.0,0.3003595357,0.3252727101,0.04706555605,0.04926741123
5308,1.0,0.0,0.0,0.0,1.0,1.0,0.2901035089,0.3143700377,0.04482126236,0.04728096724
5309,1.0,0.0,0.0,0.0,1.0,1.0,0.2968464482,0.3175124919,0.04619151354,0.04810482264
5310,1.0,0.0,0.0,0.0,1.0,1.0,0.3067072678,0.3222836472,0.04780894518,0.04890793562
5311,1.0,0.0,0.0,0.0,1.0,1.0,0.2893119336,0.3109774771,0.04497003555,0.04715043306
5312,1.0,0.0,0.0,0.0,1.0,1.0,0.2947740961,0.3141104654,0.04606032372,0.04796820879
5313,1.0,0.0,0.0,0.0,1.0,1.0,0.2925196278,0.3116540229,0.04595559835,0.04759687185
5314,1.0,0.0,0.0,0.0,1.0,1.0,0.2967093752,0.3154267479,0.04640007019,0.04829949141
5315,1.0,0.0,0.0,0.0,1.0,1.0,0.2875586353,0.3102961662,0.04470008612,0.04688060284
5316,1.0,0.0,0.0,0.0,1.0,1.0,0.2967092609,0.315895003,0.0470854044,0.04873752594
5317,1.0,0.0,0.0,0.0,1.0,1.0,0.2977432493,0.3211201464,0.04719799757,0.04913002253
5318,1.0,0.0,0.0,0.0,1.0,1.0,0.2910657382,0.3120999332,0.04593354464,0.04787045717
5319,1.0,0.0,0.0,0.0,1.0,1.0,0.2893123365,0.3150415927,0.04478567839,0.04722851515
5320,1.0,0.0,0.0,0.0,1.0,1.0,0.2932389214,0.3176795398,0.04626500607,0.04872882366
5321,1.0,0.0,0.0,0.0,1.0,1.0,0.2907787364,0.317679713,0.04591667652,0.0489410758
5322,1.0,0.0,0.0,0.0,1.0,1.0,0.2803312122,0.3051867556,0.04386568069,0.04659026861
5323,1.0,0.0,0.0,0.0,1.0,1.0,0.3065879179,0.3272194991,0.0486805439,0.05060577393
5324,1.0,0.0,0.0,0.0,1.0,1.0,0.2934459851,0.3165490266,0.04632347822,0.04850333929
5325,1.0,0.0,0.0,0.0,1.0,1.0,0.2929398723,0.3112142597,0.04622888565,0.04758858681
5326,1.0,0.0,0.0,0.0,1.0,1.0,0.2961950567,0.3147705452,0.04624414444,0.04786670208
5327,1.0,0.0,0.0,0.0,1.0,1.0,0.2963861573,0.3136546073,0.04649049044,0.04784196615
5328,1.0,0.0,0.0,0.0,1.0,1.0,0.2956828032,0.3154269776,0.0469225049,0.04884332418
5329,1.0,0.0,0.0,0.0,1.0,1.0,0.3067254144,0.3225149758,0.04903054237,0.05013233423
5330,1.0,0.0,0.0,0.0,1.0,1.0,0.3019149211,0.3165491934,0.04809045792,0.04919594526
5331,1.0,0.0,0.0,0.0,1.0,1.0,0.2963864042,0.3136544445,0.04668986797,0.04804706573
5332,1.0,0.0,0.0,0.0,1.0,1.0,0.3003505642,0.3178437915,0.04788559675,0.04953682423
5333,1.0,0.0,0.0,0.0,1.0,1.0,0.3077863184,0.3218843312,0.04875564575,0.04957741499
5334,1.0,0.0,0.0,0.0,1.0,1.0,0.3031239842,0.3171984515,0.04724550247,0.04832530022
5335,1.0,0.0,0.0,0.0,1.0,1.0,0.3000039089,0.3208735881,0.04826253653,0.05046886206
5336,1.0,0.0,0.0,0.0,1.0,1.0,0.3005194749,0.3138598281,0.04798984528,0.04908674955
5337,1.0,0.0,0.0,0.0,1.0,1.0,0.2994903751,0.3156132266,0.04734176397,0.04869437218
5338,1.0,0.0,0.0,0.0,1.0,1.0,0.2948607897,0.3121060753,0.04679363966,0.04842597246
5339,1.0,0.0,0.0,0.0,1.0,1.0,0.2943561683,0.3138597952,0.04642552137,0.04831492901
5340,1.0,0.0,0.0,0.0,1.0,1.0,0.2984682108,0.3173664472,0.04723733664,0.04885685444
5341,1.0,0.0,0.0,0.0,1.0,1.0,0.302912988,0.3156132809,0.04770964384,0.04851830006
5342,1.0,0.0,0.0,0.0,1.0,1.0,0.3051469246,0.3162569417,0.04830944538,0.04912364483
5343,1.0,0.0,0.0,0.0,1.0,1.0,0.2885345255,0.3145728513,0.0453748107,0.0478349328
5344,1.0,0.0,0.0,0.0,1.0,1.0,0.2781055635,0.3062804524,0.04355198145,0.04654616117
5345,1.0,0.0,0.0,0.0,1.0,1.0,0.2781949991,0.3012499494,0.04392617941,0.04609537125
5346,1.0,0.0,0.0,0.0,1.0,1.0,0.2713260088,0.2998323384,0.04275548458,0.04546153545
5347,1.0,0.0,0.0,0.0,1.0,1.0,0.2828609221,0.3065663186,0.04479384422,0.04696565866
5348,1.0,0.0,0.0,0.0,1.0,1.0,0.2791543485,0.3041007291,0.04388713837,0.04632532597
5349,1.0,0.0,0.0,0.0,1.0,1.0,0.280120435,0.3019515035,0.04367411137,0.04610043764
5350,1.0,0.0,0.0,0.0,1.0,1.0,0.2761842835,0.2994780781,0.04358309507,0.04603463411
5351,1.0,0.0,0.0,0.0,1.0,1.0,0.2830586255,0.3087560316,0.04392153025,0.04690384865
5352,1.0,0.0,0.0,0.0,1.0,1.0,0.2796368593,0.2987658226,0.04408103228,0.0457136631
5353,1.0,0.0,0.0,0.0,1.0,1.0,0.2744578277,0.2991157264,0.0431624651,0.04533416033
5354,1.0,0.0,0.0,0.0,1.0,1.0,0.2686110721,0.2958637256,0.04179090261,0.04450458288
5355,1.0,0.0,0.0,0.0,1.0,1.0,0.2680164421,0.2965967731,0.04250615835,0.04524844885
5356,1.0,0.0,0.0,0.0,1.0,1.0,0.2706822392,0.2991160012,0.04266273975,0.04567098618
5357,1.0,0.0,0.0,0.0,1.0,1.0,0.2825648997,0.3084918418,0.04428714514,0.04674750566
5358,1.0,0.0,0.0,0.0,1.0,1.0,0.2728912573,0.296597234,0.04282516241,0.04500734806
5359,1.0,0.0,0.0,0.0,1.0,1.0,0.2768489252,0.3044896612,0.04351621866,0.04652678967
5360,1.0,0.0,0.0,0.0,1.0,1.0,0.2848060705,0.3084919998,0.04452812672,0.04671353102
5361,1.0,0.0,0.0,0.0,1.0,1.0,0.2820724517,0.3055844524,0.04409825802,0.04627591372
5362,1.0,0.0,0.0,0.0,1.0,1.0,0.2880339152,0.311653744,0.0451619029,0.0473383069
5363,1.0,0.0,0.0,0.0,1.0,1.0,0.283088638,0.3058788213,0.04505348206,0.04725122452
5364,1.0,0.0,0.0,0.0,1.0,1.0,0.2848149098,0.3098626022,0.04490917921,0.04708659649
5365,1.0,0.0,0.0,0.0,1.0,1.0,0.2835788964,0.3080720168,0.04459917545,0.04677474499
5366,1.0,0.0,0.0,0.0,1.0,1.0,0.2808777363,0.3080717846,0.04412150383,0.04655766487
5367,1.0,0.0,0.0,0.0,1.0,1.0,0.2835786416,0.3087562451,0.04428458214,0.04671484232
5368,1.0,0.0,0.0,0.0,1.0,1.0,0.2855549717,0.3065665947,0.04554247856,0.04746294022
5369,1.0,0.0,0.0,0.0,1.0,1.0,0.2784768834,0.2984198349,0.04414093494,0.04576575756
5370,1.0,0.0,0.0,0.0,1.0,1.0,0.2760035515,0.2994779799,0.04328691959,0.04543781281
5371,1.0,0.0,0.0,0.0,1.0,1.0,0.2700728566,0.2955338377,0.04209905863,0.04424422979
5372,1.0,0.0,0.0,0.0,1.0,1.0,0.2793580772,0.3062806566,0.04358142614,0.04628831148
5373,1.0,0.0,0.0,0.0,1.0,1.0,0.2818497805,0.3087558952,0.04383969307,0.04652917385
5374,1.0,0.0,0.0,0.0,1.0,1.0,0.2816297783,0.3072487346,0.04475349188,0.04748231173
5375,1.0,0.0,0.0,0.0,1.0,1.0,0.2840702004,0.305878983,0.04442334175,0.04659032822
5376,1.0,0.0,0.0,0.0,1.0,1.0,0.2727319952,0.2980480177,0.04318535328,0.04564529657
5377,1.0,0.0,0.0,0.0,1.0,1.0,0.2803944087,0.3019516222,0.04443246126,0.0466131568
5378,1.0,0.0,0.0,0.0,1.0,1.0,0.2813627704,0.3069717888,0.04421913624,0.0466607213
5379,1.0,0.0,0.0,0.0,1.0,1.0,0.2838137667,0.3062805559,0.0442789197,0.04645210505
5380,1.0,0.0,0.0,0.0,1.0,1.0,0.2987841813,0.3107805073,0.04687917233,0.04824990034
5381,1.0,0.0,0.0,0.0,1.0,1.0,0.3064492005,0.3160777657,0.04775100946,0.04856491089
5382,1.0,0.0,0.0,0.0,1.0,1.0,0.3068461595,0.3189710528,0.04720872641,0.04855757952
5383,1.0,0.0,0.0,0.0,1.0,1.0,0.3098095676,0.3207431298,0.04800754786,0.0490924716
5384,1.0,0.0,0.0,0.0,1.0,1.0,0.3005314716,0.3154265283,0.04636919498,0.04798668623
5385,1.0,0.0,0.0,0.0,1.0,1.0,0.3099314474,0.3189705979,0.04852133989,0.04906648397
5386,1.0,0.0,0.0,0.0,1.0,1.0,0.3110151568,0.3218839385,0.04840409756,0.04921984673
5387,1.0,0.0,0.0,0.0,1.0,1.0,0.3045584902,0.3224006323,0.04745203257,0.04908829927
5388,1.0,0.0,0.0,0.0,1.0,1.0,0.3076541369,0.3218843463,0.04878008366,0.04988247156
5389,1.0,0.0,0.0,0.0,1.0,1.0,0.3103532083,0.3235606742,0.04806536436,0.04888004065
5390,1.0,0.0,0.0,0.0,1.0,1.0,0.3115597642,0.3224004995,0.04875546694,0.04930329323
5391,1.0,0.0,0.0,0.0,1.0,1.0,0.3087281746,0.3201059745,0.04855167866,0.04937458038
5392,1.0,0.0,0.0,0.0,1.0,1.0,0.3068464363,0.3141103246,0.04814565182,0.04842072725
5393,1.0,0.0,0.0,0.0,1.0,1.0,0.3110152376,0.3183274419,0.0485458374,0.04881852865
5394,1.0,0.0,0.0,0.0,1.0,1.0,0.3087279588,0.320106239,0.04846608639,0.04928761721
5395,1.0,0.0,0.0,0.0,1.0,1.0,0.306309045,0.3147709128,0.04831683636,0.04886901379
5396,1.0,0.0,0.0,0.0,1.0,1.0,0.2462652517,0.2709110917,0.03785705566,0.04089671373
5397,1.0,0.0,0.0,0.0,1.0,1.0,0.08916955894,0.229038732,0.01289325953,0.03250175714
5398,1.0,0.0,0.0,0.0,1.0,1.0,0.1242349187,0.2017743424,0.01826548576,0.02917027473
5399,1.0,0.0,0.0,0.0,1.0,1.0,0.2701672467,0.2886474689,0.04197245836,0.0438927412
5400,1.0,0.0,0.0,0.0,1.0,1.0,0.3087282956,0.3183277345,0.04856789112,0.04911667109
5401,1.0,0.0,0.0,0.0,1.0,1.0,0.3116728277,0.3189704394,0.04867625237,0.04894810915
5402,1.0,0.0,0.0,0.0,1.0,1.0,0.3151548552,0.3171985442,0.04949116707,0.04894429445
5403,1.0,0.0,0.0,0.0,1.0,1.0,0.3047077801,0.3143117611,0.04768133163,0.04849869013
5404,1.0,0.0,0.0,0.0,1.0,1.0,0.3256414635,0.327281991,0.05166304111,0.05111342669
