frame_index,face_detected,yaw,pitch,roll,left_eye_valid,right_eye_valid,left_eye_aspect_ratio,right_eye_aspect_ratio,left_eyelid_gap_ratio,right_eyelid_gap_ratio
0,1.0,0.0,0.0,0.0,1.0,1.0,0.3066279142,0.2907786692,0.05168795586,0.04665893316
1,1.0,0.0,0.0,0.0,1.0,1.0,0.3139691407,0.2904949749,0.05437922478,0.04783093929
2,1.0,0.0,0.0,0.0,1.0,1.0,0.2993338138,0.280331157,0.04951089621,0.04428470135
3,1.0,0.0,0.0,0.0,1.0,1.0,0.3046874993,0.2785902515,0.04970836639,0.04369968176
4,1.0,0.0,0.0,0.0,1.0,1.0,0.3006723875,0.2724172203,0.04980736971,0.04368579388
5,1.0,0.0,0.0,0.0,1.0,1.0,0.3113837672,0.2758877269,0.05144715309,0.04397904873
6,1.0,0.0,0.0,0.0,1.0,1.0,0.3270599859,0.2922245661,0.05452460051,0.0467749238
7,1.0,0.0,0.0,0.0,1.0,1.0,0.3270901739,0.2922243372,0.05459058285,0.04659497738
8,1.0,0.0,0.0,0.0,1.0,1.0,0.3298489097,0.2946630712,0.05451267958,0.04660832882
9,1.0,0.0,0.0,0.0,1.0,1.0,0.32486013,0.2860472948,0.05308538675,0.04496008158
10,1.0,0.0,0.0,0.0,1.0,1.0,0.322188833,0.2872544749,0.05324488878,0.04591006041
11,1.0,0.0,0.0,0.0,1.0,1.0,0.3194263532,0.2814127089,0.0526458621,0.04477608204
12,1.0,0.0,0.0,0.0,1.0,1.0,0.3265174345,0.2857990061,0.05482560396,0.04647648335
13,1.0,0.0,0.0,0.0,1.0,1.0,0.3287421993,0.2840880241,0.0538905859,0.0449539423
14,1.0,0.0,0.0,0.0,1.0,1.0,0.3370019488,0.2940535132,0.05506813526,0.04669994116
15,1.0,0.0,0.0,0.0,1.0,1.0,0.3364788098,0.2892217728,0.05491262674,0.04594171047
16,1.0,0.0,0.0,0.0,1.0,1.0,0.3409860746,0.2823767651,0.05526930094,0.04492336512
17,1.0,0.0,0.0,0.0,1.0,1.0,0.343714564,0.289668865,0.05592155457,0.04642033577
18,1.0,0.0,0.0,0.0,1.0,1.0,0.3442894785,0.2872544282,0.05502229929,0.04513961077
19,1.0,0.0,0.0,0.0,1.0,1.0,0.3403058098,0.2826702494,0.05664891005,0.04619908333
20,1.0,0.0,0.0,0.0,1.0,1.0,0.343930672,0.2747603968,0.05406230688,0.04282158613
21,1.0,0.0,0.0,0.0,1.0,1.0,0.3561036491,0.2870015355,0.05755877495,0.04615557194
22,1.0,0.0,0.0,0.0,1.0,1.0,0.3559653731,0.2892217684,0.05670446157,0.04607236385
23,1.0,0.0,0.0,0.0,1.0,1.0,0.3602840084,0.2904952144,0.0578352809,0.04671311378
24,1.0,0.0,0.0,0.0,1.0,1.0,0.3552025054,0.2793576409,0.05625933409,0.04440069199
25,1.0,0.0,0.0,0.0,1.0,1.0,0.3693209634,0.2808774582,0.05807244778,0.0448616147
26,1.0,0.0,0.0,0.0,1.0,1.0,0.3825026204,0.2902159545,0.06012105942,0.0468223691
27,1.0,0.0,0.0,0.0,1.0,1.0,0.378791761,0.2853079027,0.0592366457,0.04588758945
28,1.0,0.0,0.0,0.0,1.0,1.0,0.3800696042,0.2710348935,0.05895197392,0.0436680913
29,1.0,0.0,0.0,0.0,1.0,1.0,0.3865438748,0.2817221591,0.06046849489,0.04575997591
30,1.0,0.0,0.0,0.0,1.0,1.0,0.3899403034,0.2994901413,0.0619186759,0.04880976677
31,1.0,0.0,0.0,0.0,1.0,1.0,0.3906268802,0.2906543474,0.06196653843,0.04773104191
32,1.0,0.0,0.0,0.0,1.0,1.0,0.3843331265,0.2896685602,0.06161284447,0.04810863733
33,1.0,0.0,0.0,0.0,1.0,1.0,0.3976560729,0.2889542939,0.06390374899,0.0482828021
34,1.0,0.0,0.0,0.0,1.0,1.0,0.3969416599,0.2916461459,0.06274271011,0.04789733887
35,1.0,0.0,0.0,0.0,1.0,1.0,0.3962849138,0.2793052703,0.0625910759,0.04577147961
36,1.0,0.0,0.0,0.0,1.0,1.0,0.3941710025,0.2785607004,0.06204682589,0.04550099373
37,1.0,0.0,0.0,0.0,1.0,1.0,0.4018829297,0.2910831493,0.06332868338,0.04784214497
38,1.0,0.0,0.0,0.0,1.0,1.0,0.3920412037,0.2759398387,0.06314665079,0.04643964767
39,1.0,0.0,0.0,0.0,1.0,1.0,0.3980231563,0.2843529758,0.06165134907,0.04589903355
40,1.0,0.0,0.0,0.0,1.0,1.0,0.396645266,0.2857935782,0.06199461222,0.04649597406
41,1.0,0.0,0.0,0.0,1.0,1.0,0.3897738635,0.2796451294,0.06173115969,0.04616177082
42,1.0,0.0,0.0,0.0,1.0,1.0,0.3880994588,0.2838947356,0.0607419014,0.04595959187
43,1.0,0.0,0.0,0.0,1.0,1.0,0.3821145687,0.2813002369,0.06037944555,0.04562008381
44,1.0,0.0,0.0,0.0,1.0,1.0,0.3848675444,0.2750143456,0.06036275625,0.04459232092
45,1.0,0.0,0.0,0.0,1.0,1.0,0.3740503798,0.2872149057,0.0589017868,0.04610860348
46,1.0,0.0,0.0,0.0,1.0,1.0,0.3822908161,0.2930566204,0.06158685684,0.04777812958
47,1.0,0.0,0.0,0.0,1.0,1.0,0.3726733743,0.2817219258,0.05966216326,0.04556018114
48,1.0,0.0,0.0,0.0,1.0,1.0,0.3736389399,0.2951374976,0.06018865108,0.04750317335
49,1.0,0.0,0.0,0.0,1.0,1.0,0.3775294565,0.2954433759,0.06109148264,0.04772776365
50,1.0,0.0,0.0,0.0,1.0,1.0,0.358513596,0.2808778511,0.05791372061,0.04452806711
51,1.0,0.0,0.0,0.0,1.0,1.0,0.3649553629,0.2933518291,0.06035649776,0.04762077332
52,1.0,0.0,0.0,0.0,1.0,1.0,0.3564675639,0.2795048499,0.05986052752,0.04615414143
53,1.0,0.0,0.0,0.0,1.0,1.0,0.368822044,0.3021962361,0.06041771173,0.04828023911
54,1.0,0.0,0.0,0.0,1.0,1.0,0.3481389256,0.2772426179,0.05674129725,0.04398131371
55,1.0,0.0,0.0,0.0,1.0,1.0,0.3404508724,0.2741522638,0.05469238758,0.04277914762
56,1.0,0.0,0.0,0.0,1.0,1.0,0.3359467475,0.2688155417,0.05380386114,0.04196703434
57,1.0,0.0,0.0,0.0,1.0,1.0,0.3492225401,0.2909334593,0.05677109957,0.04595756531
58,1.0,0.0,0.0,0.0,1.0,1.0,0.3403414623,0.2770563303,0.05570930243,0.04429572821
59,1.0,0.0,0.0,0.0,1.0,1.0,0.3364622136,0.2728850156,0.05533844233,0.04361647367
60,1.0,0.0,0.0,0.0,1.0,1.0,0.344866177,0.2857993252,0.05535030365,0.04487133026
61,1.0,0.0,0.0,0.0,1.0,1.0,0.3331472071,0.2620916124,0.05268526077,0.04052716494
62,1.0,0.0,0.0,0.0,1.0,1.0,0.3240973222,0.2420792917,0.05153334141,0.03777313232
63,1.0,0.0,0.0,0.0,1.0,1.0,0.3236920512,0.2559546028,0.05194324255,0.03935909271
64,1.0,0.0,0.0,0.0,1.0,1.0,0.3126374154,0.2577507011,0.05017924309,0.03923588991
65,1.0,0.0,0.0,0.0,1.0,1.0,0.3198875926,0.2678359248,0.05316638947,0.04104554653
66,1.0,0.0,0.0,0.0,1.0,1.0,0.3315301535,0.2853018414,0.05474847555,0.04299759865
67,1.0,0.0,0.0,0.0,1.0,1.0,0.3222422569,0.2772174783,0.05428880453,0.04188781977
68,1.0,0.0,0.0,0.0,1.0,1.0,0.3080140402,0.2614199262,0.05200207233,0.03981411457
69,1.0,0.7853981853,0.0,0.0,1.0,1.0,0.3077697622,0.2543707143,0.05048388243,0.03746438026
70,1.0,0.7853981853,0.0,0.0,1.0,1.0,0.3150242322,0.2659227379,0.05325418711,0.04027849436
71,1.0,0.7853981853,0.0,0.0,1.0,1.0,0.3044553828,0.2587206905,0.05063980818,0.03870892525
72,1.0,0.7853981853,0.0,0.0,1.0,1.0,0.3033449182,0.2534044452,0.05110603571,0.03846400976
73,1.0,0.0,0.0,0.0,1.0,1.0,0.2930219741,0.2471931608,0.04940634966,0.03712153435
74,1.0,0.0,0.0,0.0,1.0,1.0,0.2801715151,0.2028389465,0.0448948741,0.0288797617
75,1.0,0.0,0.0,0.0,1.0,1.0,0.2542135243,0.159444291,0.03890836239,0.0218526721
76,1.0,0.0,0.0,0.0,1.0,1.0,0.2615989292,0.1822287423,0.04265189171,0.02652066946
77,1.0,0.0,0.0,0.0,1.0,1.0,0.2853273046,0.2427722653,0.0466376543,0.03569471836
78,1.0,0.0,0.0,0.0,1.0,1.0,0.3025685829,0.2719329813,0.05064046383,0.04148209095
79,1.0,0.0,0.0,0.0,1.0,1.0,0.3236737682,0.287254434,0.0554330349,0.04569846392
80,1.0,0.0,0.0,0.0,1.0,1.0,0.3188010562,0.2804554587,0.05330705643,0.04397833347
81,1.0,0.0,0.0,0.0,1.0,1.0,0.3162169906,0.2732039659,0.05267602205,0.04312336445
82,1.0,0.0,0.0,0.0,1.0,1.0,0.3244088876,0.2789533439,0.05214077234,0.04292392731
83,1.0,0.0,0.0,0.0,1.0,1.0,0.3148484946,0.2675272883,0.05109739304,0.04166400433
84,1.0,0.0,0.0,0.0,1.0,1.0,0.3113014138,0.2532142484,0.05112928152,0.04063433409
85,1.0,0.0,0.0,0.0,1.0,1.0,0.3156992985,0.2648520141,0.05227810144,0.04306846857
86,1.0,0.0,0.0,0.0,1.0,1.0,0.3254762655,0.2748464372,0.05268836021,0.04390692711
87,1.0,0.0,0.0,0.0,1.0,1.0,0.3260119868,0.2697167959,0.05193209648,0.04275220633
88,1.0,0.0,0.0,0.0,1.0,1.0,0.321428479,0.2598546013,0.0518450737,0.04212409258
89,1.0,0.0,0.0,0.0,1.0,1.0,0.3155234111,0.2490192698,0.05057704449,0.04046165943
90,1.0,0.0,0.0,0.0,1.0,1.0,0.3211882462,0.2532142929,0.0516602397,0.0414930582
91,1.0,0.0,0.0,0.0,1.0,1.0,0.3206398867,0.2523844461,0.05149942636,0.0410900116
92,1.0,0.0,0.0,0.0,1.0,1.0,0.3291469877,0.2650547541,0.05061221123,0.04138606787
93,1.0,0.0,0.0,0.0,1.0,1.0,0.3342781841,0.2674091496,0.05241823196,0.04257321358
94,1.0,0.0,0.0,0.0,1.0,1.0,0.3308495281,0.2574320526,0.05175560713,0.0412427783
95,1.0,0.0,0.0,0.0,1.0,1.0,0.3302945928,0.2624796397,0.05265456438,0.04256021976
96,1.0,0.0,0.0,0.0,1.0,1.0,0.3371200624,0.2707519325,0.05246531963,0.04292619228
97,1.0,0.0,0.0,0.0,1.0,1.0,0.3376723826,0.2681833574,0.05443787575,0.04404264688
98,1.0,0.0,0.0,0.0,1.0,1.0,0.3325816658,0.2707516668,0.0529319644,0.04374986887
99,1.0,0.0,0.0,0.0,1.0,1.0,0.3377188472,0.26752717,0.05352962017,0.04320406914
100,1.0,0.0,0.0,0.0,1.0,1.0,0.3461563341,0.279108431,0.05757278204,0.04713070393
101,1.0,0.0,0.0,0.0,1.0,1.0,0.3581618678,0.287464859,0.05575799942,0.04566842318
102,1.0,0.0,0.0,0.0,1.0,1.0,0.3662339534,0.3045438932,0.05954217911,0.05036044121
103,1.0,0.0,0.0,0.0,1.0,1.0,0.3515278128,0.2882350108,0.05812066793,0.04814898968
104,1.0,0.0,0.0,0.0,1.0,1.0,0.3591744061,0.2865292944,0.05576276779,0.04525673389
105,1.0,0.0,0.0,0.0,1.0,1.0,0.3574395857,0.2843239718,0.05632054806,0.04511106014
106,1.0,0.0,0.0,0.0,1.0,1.0,0.358552199,0.2791547158,0.05785530806,0.04527807236
107,1.0,0.0,0.0,0.0,1.0,1.0,0.3566972534,0.2772423211,0.05779927969,0.04523420334
108,1.0,0.0,0.0,0.0,1.0,1.0,0.3296587139,0.2377142125,0.05397313833,0.03912335634
109,1.0,0.0,0.0,0.0,1.0,1.0,0.3142185412,0.1081487733,0.04577350616,0.01599317789
110,1.0,0.0,0.0,0.0,1.0,1.0,0.3344437524,0.08232933263,0.04876101017,0.01219022274
111,1.0,0.0,0.0,0.0,1.0,1.0,0.3283879602,0.2108750749,0.05251944065,0.03396636248
112,1.0,0.0,0.0,0.0,1.0,1.0,0.3371200819,0.254066895,0.05367225409,0.04093188047
113,1.0,0.0,0.0,0.0,1.0,1.0,0.3610023087,0.284609283,0.05750185251,0.04578852654
114,1.0,0.0,0.0,0.0,1.0,1.0,0.3635874081,0.2958214077,0.058996737,0.04856938124
115,1.0,0.0,0.0,0.0,1.0,1.0,0.3731025075,0.306495526,0.06081479788,0.05063313246
116,1.0,0.0,0.0,0.0,1.0,1.0,0.375002594,0.307260978,0.06220310926,0.05122613907
117,1.0,0.0,0.0,0.0,1.0,1.0,0.3703516608,0.3041778129,0.0612872839,0.05093276501
118,1.0,0.0,0.0,0.0,1.0,1.0,0.3716091297,0.2941504465,0.05943244696,0.04776310921
119,1.0,0.0,0.0,0.0,1.0,1.0,0.3747906814,0.298836287,0.06021219492,0.04882067442
120,1.0,0.0,0.0,0.0,1.0,1.0,0.3709791264,0.3031639169,0.0596396327,0.04956352711
121,1.0,0.0,0.0,0.0,1.0,1.0,0.3737339271,0.2971763456,0.06079602242,0.04924201965
122,1.0,0.0,0.0,0.0,1.0,1.0,0.367417029,0.2952146481,0.05886828899,0.04833680391
123,1.0,0.0,0.0,0.0,1.0,1.0,0.3705411685,0.2945374832,0.05857521296,0.04782748222
124,1.0,0.0,0.0,0.0,1.0,1.0,0.3660645559,0.2898383491,0.05793935061,0.04689049721
125,1.0,0.0,0.0,0.0,1.0,1.0,0.3666893897,0.2908075829,0.05828863382,0.04717314243
126,1.0,0.0,0.0,0.0,1.0,1.0,0.3609096781,0.2742577131,0.05678784847,0.04450201988
127,1.0,0.0,0.0,0.0,1.0,1.0,0.3544729818,0.2701191526,0.05513763428,0.0430342555
128,1.0,0.0,0.0,0.0,1.0,1.0,0.357803689,0.2707518282,0.05600851774,0.04362201691
129,1.0,0.0,0.0,0.0,1.0,1.0,0.3560834068,0.2759402409,0.05576860905,0.04418385029
130,1.0,0.0,0.0,0.0,1.0,1.0,0.361718996,0.2791084314,0.05916833878,0.04682993889
131,1.0,0.0,0.0,0.0,1.0,1.0,0.3486025621,0.2699833615,0.05687624216,0.04510873556
132,1.0,0.0,0.0,0.0,1.0,1.0,0.3570657414,0.2748462089,0.05600517988,0.04421454668
133,1.0,0.0,0.0,0.0,1.0,1.0,0.3626594092,0.2872149034,0.05847322941,0.04749232531
134,1.0,0.0,0.0,0.0,1.0,1.0,0.3764790764,0.3054773563,0.06369686127,0.05255705118
135,1.0,0.0,0.0,0.0,1.0,1.0,0.369285214,0.2991640113,0.06120228767,0.05025327206
136,1.0,0.0,0.0,0.0,1.0,1.0,0.3605367226,0.2886179442,0.05918157101,0.048171103
137,1.0,0.0,0.0,0.0,1.0,1.0,0.372275087,0.3067591666,0.05970823765,0.05002582073
138,1.0,0.0,0.0,0.0,1.0,1.0,0.3720791944,0.3087977472,0.06060558558,0.05054998398
139,1.0,0.0,0.0,0.0,1.0,1.0,0.3655674875,0.2978468926,0.05921494961,0.04889309406
140,1.0,0.0,0.0,0.0,1.0,1.0,0.3691023015,0.3112738943,0.06043046713,0.05104857683
141,1.0,0.0,0.0,0.0,1.0,1.0,0.364661334,0.30388432,0.05794632435,0.04828858376
142,1.0,0.0,0.0,0.0,1.0,1.0,0.3620428643,0.3028614898,0.05770564079,0.04876536131
143,1.0,0.0,0.0,0.0,1.0,1.0,0.3565761919,0.2950569596,0.05647063255,0.04696834087
144,1.0,0.0,0.0,0.0,1.0,1.0,0.3565759174,0.2923537632,0.05640107393,0.04663938284
145,1.0,0.0,0.0,0.0,1.0,1.0,0.366689359,0.3025519155,0.06050264835,0.05009055138
146,1.0,0.0,0.0,0.0,1.0,1.0,0.368215449,0.308949064,0.05859649181,0.04941546917
147,1.0,0.0,0.0,0.0,1.0,1.0,0.3655678145,0.300835491,0.05915677547,0.04884505272
148,1.0,0.0,0.0,0.0,1.0,1.0,0.3603432598,0.2964447503,0.0577981472,0.04771071672
149,1.0,0.0,0.0,0.0,1.0,1.0,0.3545318504,0.2951371089,0.05781573057,0.04845505953
150,1.0,0.0,0.0,0.0,1.0,1.0,0.3647963046,0.3071371894,0.05822831392,0.04918825626
151,1.0,0.0,0.0,0.0,1.0,1.0,0.3628226057,0.3081612541,0.05751633644,0.04926168919
152,1.0,0.0,0.0,0.0,1.0,1.0,0.364046172,0.3108630753,0.05887901783,0.05070137978
153,1.0,0.0,0.0,0.0,1.0,1.0,0.3599331564,0.3054772579,0.05800592899,0.04964226484
154,1.0,0.0,0.0,0.0,1.0,1.0,0.352152334,0.297492935,0.0573554039,0.04861557484
155,1.0,0.0,0.0,0.0,1.0,1.0,0.3409860472,0.2774370639,0.05386942625,0.04405087233
156,1.0,0.0,0.0,0.0,1.0,1.0,0.3426659335,0.2824509717,0.05440360308,0.04506963491
157,1.0,0.0,0.0,0.0,1.0,1.0,0.3421362169,0.282670595,0.05476868153,0.04532581568
158,1.0,0.0,0.0,0.0,1.0,1.0,0.3483670027,0.2824511512,0.05534780025,0.04540675879
159,1.0,0.0,0.0,0.0,1.0,1.0,0.3432426758,0.2813000407,0.05578798056,0.0464900136
160,1.0,0.0,0.0,0.0,1.0,1.0,0.2737210722,0.1807498922,0.04223120213,0.02833932638
161,1.0,0.0,0.0,0.0,1.0,1.0,0.2632498769,0.1397820751,0.04026740789,0.02221649885
162,1.0,0.0,0.0,0.0,1.0,1.0,0.2728333717,0.1188989849,0.04095184803,0.01962274313
163,1.0,0.0,0.0,0.0,1.0,1.0,0.2500957711,0.1660257997,0.03742432594,0.02841997147
164,1.0,0.0,0.0,0.0,1.0,1.0,0.300339791,0.2025894897,0.04341053963,0.03519773483
165,1.0,-0.7853981853,0.0,0.0,1.0,1.0,0.3511550478,0.242389767,0.04999321699,0.043189466
166,1.0,-0.7853981853,0.0,0.0,1.0,1.0,0.3881327681,0.2594865763,0.05487960577,0.0472574234
167,1.0,-0.7853981853,0.0,0.0,1.0,1.0,0.3993304294,0.2597887785,0.0576518774,0.05056619644
168,1.0,-0.7853981853,0.0,0.0,1.0,1.0,0.4235301348,0.2761617891,0.05750650167,0.05111694336
169,1.0,-0.7853981853,0.0,0.0,1.0,1.0,0.4261815999,0.2686313053,0.05535250902,0.04843342304
170,1.0,-0.7853981853,0.0,0.0,1.0,1.0,0.4291793239,0.2638119384,0.0543962121,0.04688286781
171,1.0,-0.7853981853,0.0,0.0,1.0,1.0,0.4254463299,0.2645090398,0.05429172516,0.04792231321
172,1.0,-0.7853981853,0.0,0.0,1.0,1.0,0.4266204167,0.2667429524,0.05508339405,0.04889422655
173,1.0,-0.7853981853,0.0,0.0,1.0,1.0,0.4301688424,0.26908029,0.05564302206,0.04868763685
174,1.0,-0.7853981853,0.0,0.0,1.0,1.0,0.417885125,0.2719684885,0.05430454016,0.04917579889
175,1.0,-0.7853981853,0.0,0.0,1.0,1.0,0.4235120737,0.2757657687,0.05457222462,0.0494748354
176,1.0,-0.7853981853,0.0,0.0,1.0,1.0,0.4002370715,0.2689529421,0.0525881052,0.04896134138
177,1.0,-0.7853981853,0.0,0.0,1.0,1.0,0.4011292148,0.2808351553,0.05209046602,0.04974931479
178,1.0,-0.7853981853,0.0,0.0,1.0,1.0,0.3997769558,0.285788298,0.0548055172,0.0524096489
179,1.0,-0.7853981853,0.0,0.0,1.0,1.0,0.3909950651,0.2841863692,0.054651618,0.05202132463
180,1.0,-0.7853981853,0.0,0.0,1.0,1.0,0.3808355479,0.2839683718,0.0551508069,0.05223280191
181,1.0,-0.7853981853,0.0,0.0,1.0,1.0,0.3648756445,0.2811933208,0.05215597153,0.04960483313
182,1.0,0.0,0.0,0.0,1.0,1.0,0.3623817942,0.2873794925,0.0531873107,0.05092406273
183,1.0,0.0,0.0,0.0,1.0,1.0,0.3418379912,0.2626738892,0.04918378592,0.04557144642
184,1.0,0.0,0.0,0.0,1.0,1.0,0.351742879,0.2712772395,0.05216765404,0.047960639
185,1.0,0.0,0.0,0.0,1.0,1.0,0.3476318173,0.2797179298,0.05346363783,0.04956525564
186,1.0,0.0,0.0,0.0,1.0,1.0,0.3301887864,0.2714142586,0.05068558455,0.04632556438
187,1.0,0.0,0.0,0.0,1.0,1.0,0.3317224526,0.2779700052,0.05226641893,0.04795581102
188,1.0,0.0,0.0,0.0,1.0,1.0,0.3183154835,0.2721409568,0.05117106438,0.0470443368
189,1.0,0.0,0.0,0.0,1.0,1.0,0.321337462,0.2864444647,0.05209189653,0.04915338755
190,1.0,0.0,0.0,0.0,1.0,1.0,0.3242742589,0.2902104435,0.05303633213,0.04934221506
191,1.0,0.0,0.0,0.0,1.0,1.0,0.3277915424,0.2913734511,0.05252462626,0.0478900671
192,1.0,0.0,0.0,0.0,1.0,1.0,0.3232782346,0.2878141986,0.05218660831,0.04701966047
193,1.0,0.0,0.0,0.0,1.0,1.0,0.3267406851,0.2957213733,0.05329149961,0.04885059595
194,1.0,0.0,0.0,0.0,1.0,1.0,0.3213640661,0.293384412,0.05213838816,0.04744589329
195,1.0,0.0,0.0,0.0,1.0,1.0,0.3149366669,0.2890542145,0.0516833663,0.04667323828
196,1.0,0.0,0.0,0.0,1.0,1.0,0.3196925084,0.2945374561,0.05204463005,0.04678755999
197,1.0,0.0,0.0,0.0,1.0,1.0,0.3212491722,0.291503942,0.05314576626,0.04697227478
198,1.0,0.0,0.0,0.0,1.0,1.0,0.3202094179,0.2984912756,0.05262684822,0.04731106758
199,1.0,0.0,0.0,0.0,1.0,1.0,0.3234440483,0.3068754897,0.05222457647,0.04778546095
200,1.0,0.0,0.0,0.0,1.0,1.0,0.3195605275,0.298819298,0.05365127325,0.04845035076
201,1.0,0.0,0.0,0.0,1.0,1.0,0.3331474984,0.307260843,0.05625844002,0.04994648695
202,1.0,0.0,0.0,0.0,1.0,1.0,0.3347643981,0.3125346429,0.05390644073,0.04869812727
203,1.0,0.0,0.0,0.0,1.0,1.0,0.3283189127,0.3004967694,0.05466419458,0.04850113392
204,1.0,0.0,0.0,0.0,1.0,1.0,0.3159525263,0.2872147048,0.05118381977,0.04517751932
205,1.0,0.0,0.0,0.0,1.0,1.0,0.3159525449,0.2865067247,0.05088925362,0.04465794563
206,1.0,0.0,0.0,0.0,1.0,1.0,0.3298969779,0.3031642933,0.05447071791,0.0488358736
207,1.0,0.0,0.0,0.0,1.0,1.0,0.3320726817,0.3051102117,0.05662053823,0.05084854364
208,1.0,0.0,0.0,0.0,1.0,1.0,0.3326142616,0.3106818806,0.05764126778,0.05237597227
209,1.0,0.0,0.0,0.0,1.0,1.0,0.3277652884,0.3031641003,0.05597352982,0.05018317699
210,1.0,0.0,0.0,0.0,1.0,1.0,0.3331470278,0.3114928844,0.05399346352,0.04901355505
211,1.0,0.0,0.0,0.0,1.0,1.0,0.3282720828,0.3058493017,0.05324089527,0.04823309183
212,1.0,0.0,0.0,0.0,1.0,1.0,0.3320675683,0.3102291939,0.05371570587,0.04847508669
213,1.0,0.0,0.0,0.0,1.0,1.0,0.3342186974,0.3121179181,0.05644583702,0.05101829767
214,1.0,0.0,0.0,0.0,1.0,1.0,0.3293797569,0.3064954157,0.05450308323,0.04915964603
215,1.0,0.0,0.0,0.0,1.0,1.0,0.3347567352,0.3131586318,0.05626070499,0.05085104704
216,1.0,0.0,0.0,0.0,1.0,1.0,0.3336822033,0.3110843285,0.05484342575,0.04956996441
217,1.0,0.0,0.0,0.0,1.0,1.0,0.3266470481,0.3001678028,0.05326610804,0.04743593931
218,1.0,0.0,0.0,0.0,1.0,1.0,0.3299128817,0.3048296596,0.05588936806,0.05013602972
219,1.0,0.0,0.0,0.0,1.0,1.0,0.330994497,0.3064951874,0.05585581064,0.05013394356
220,1.0,0.0,0.0,0.0,1.0,1.0,0.3229212176,0.3001679448,0.05575340986,0.04989933968
221,1.0,0.0,0.0,0.0,1.0,1.0,0.3266786755,0.3014978927,0.05281001329,0.04731976986
222,1.0,0.0,0.0,0.0,1.0,1.0,0.3283190029,0.2971761064,0.05319941044,0.04667985439
223,1.0,0.0,0.0,0.0,1.0,1.0,0.3262179273,0.3028110378,0.05562704802,0.04990071058
224,1.0,0.0,0.0,0.0,1.0,1.0,0.3278426007,0.3031095619,0.05338698626,0.04794460535
225,1.0,0.0,0.0,0.0,1.0,1.0,0.3347413686,0.3096630568,0.05661821365,0.05095636845
226,1.0,0.0,0.0,0.0,1.0,1.0,0.3326190832,0.303401978,0.05401104689,0.04809558392
227,1.0,0.0,0.0,0.0,1.0,1.0,0.3342081671,0.3053852703,0.05743277073,0.05114257336
228,1.0,0.0,0.0,0.0,1.0,1.0,0.3246593838,0.2962516646,0.05283761024,0.04713946581
229,1.0,0.0,0.0,0.0,1.0,1.0,0.3312803198,0.297879158,0.05628442764,0.04975867271
230,1.0,0.0,0.0,0.0,1.0,1.0,0.3240565891,0.290687013,0.05462020636,0.04813063145
231,1.0,0.0,0.0,0.0,1.0,1.0,0.3267095634,0.2906873055,0.05209577084,0.04568004608
232,1.0,0.0,0.0,0.0,1.0,1.0,0.331537717,0.2897404688,0.05412101746,0.04676479101
233,1.0,0.0,0.0,0.0,1.0,1.0,0.3347568697,0.2998328174,0.05714195967,0.05027395487
234,1.0,0.0,0.0,0.0,1.0,1.0,0.3358253993,0.3027626301,0.05446094275,0.04846763611
235,1.0,0.0,0.0,0.0,1.0,1.0,0.3407187785,0.3001570632,0.05492705107,0.04838812351
236,1.0,0.0,0.0,0.0,1.0,1.0,0.3390674579,0.3027627774,0.0549685955,0.04868650436
237,1.0,0.0,0.0,0.0,1.0,1.0,0.3342237207,0.2995069795,0.05375474691,0.04778200388
238,1.0,0.0,0.0,0.0,1.0,1.0,0.338520575,0.2991855045,0.05490535498,0.04836899042
239,1.0,0.0,0.0,0.0,1.0,1.0,0.3352964983,0.2982206981,0.05464172363,0.0485996604
240,1.0,0.0,0.0,0.0,1.0,1.0,0.3428506629,0.3008027936,0.0579366684,0.05083119869
241,1.0,0.0,0.0,0.0,1.0,1.0,0.3449687852,0.3062807614,0.05741792917,0.05097854137
242,1.0,0.0,0.0,0.0,1.0,1.0,0.3422967136,0.2966084933,0.05653917789,0.04907172918
243,1.0,0.0,0.0,0.0,1.0,1.0,0.3527442138,0.3034023455,0.05646920204,0.04888772964
244,1.0,0.0,0.0,0.0,1.0,1.0,0.3515951019,0.3060179804,0.05698758364,0.04960030317
245,1.0,0.0,0.0,0.0,1.0,1.0,0.3502176353,0.2981943359,0.05595111847,0.04803353548
246,1.0,0.0,0.0,0.0,1.0,1.0,0.3458967003,0.2912283338,0.05433267355,0.04597383738
247,1.0,0.0,0.0,0.0,1.0,1.0,0.3047703927,0.2296014095,0.04849022627,0.03684169054
248,1.0,0.0,0.0,0.0,1.0,1.0,0.2643453408,0.1513751426,0.03878927231,0.02205139399
249,1.0,0.0,0.0,0.0,1.0,1.0,0.2850458797,0.1647825619,0.04225689173,0.02429771423
250,1.0,0.0,0.0,0.0,1.0,1.0,0.2989924987,0.2177835724,0.04802823067,0.03480696678
251,1.0,0.0,0.0,0.0,1.0,1.0,0.3070068653,0.245654264,0.04790616035,0.03801256418
252,1.0,0.0,0.0,0.0,1.0,1.0,0.3259766096,0.2623952509,0.05191445351,0.04137349129
253,1.0,0.0,0.0,0.0,1.0,1.0,0.3186867522,0.2565681099,0.05124759674,0.04105174541
254,1.0,0.0,0.0,0.0,1.0,1.0,0.2762092175,0.1427774273,0.04036480188,0.02124464512
255,1.0,0.0,0.0,0.0,1.0,1.0,0.2816107478,0.1376041073,0.04171234369,0.02071982622
256,1.0,0.0,0.0,0.0,1.0,1.0,0.28912415,0.1791112789,0.043646276,0.0269421339
257,1.0,0.0,0.0,0.0,1.0,1.0,0.3156134426,0.2175654864,0.05060744286,0.03482657671
258,1.0,0.0,0.0,0.0,1.0,1.0,0.3254382216,0.2607236043,0.05208539963,0.04124522209
259,1.0,0.0,0.0,0.0,1.0,1.0,0.3364456134,0.2765123119,0.05406349897,0.04399287701
260,1.0,0.0,0.0,0.0,1.0,1.0,0.3359192165,0.2751843275,0.05536913872,0.04467904568
261,1.0,0.0,0.0,0.0,1.0,1.0,0.3430919623,0.293056687,0.05580079556,0.04663544893
262,1.0,0.0,0.0,0.0,1.0,1.0,0.3469824834,0.2886901228,0.05704015493,0.04666918516
263,1.0,0.0,0.0,0.0,1.0,1.0,0.3447495349,0.290378205,0.05609041452,0.04638242722
264,1.0,0.0,0.0,0.0,1.0,1.0,0.3386266429,0.2910833883,0.0564956069,0.04744535685
265,1.0,0.0,0.0,0.0,1.0,1.0,0.3391845858,0.2826705122,0.05696022511,0.04645299911
266,1.0,0.0,0.0,0.0,1.0,1.0,0.3375820573,0.2882350953,0.05557203293,0.04626441002
267,1.0,0.0,0.0,0.0,1.0,1.0,0.3469135946,0.3005077228,0.05631268024,0.04773169756
268,1.0,0.0,0.0,0.0,1.0,1.0,0.3380463568,0.2958213275,0.05478352308,0.04684388638
269,1.0,0.0,0.0,0.0,1.0,1.0,0.3435579463,0.2978133608,0.05497831106,0.0465605855
270,1.0,0.0,0.0,0.0,1.0,1.0,0.3408311404,0.2978134611,0.05516016483,0.04716593027
271,1.0,0.0,0.0,0.0,1.0,1.0,0.3391548322,0.292765586,0.05512404442,0.04633611441
272,1.0,0.0,0.0,0.0,1.0,1.0,0.3397444947,0.2944483938,0.05579787493,0.04740107059
273,1.0,0.0,0.0,0.0,1.0,1.0,0.3448076586,0.2998326235,0.05674141645,0.04851800203
274,1.0,0.0,0.0,0.0,1.0,1.0,0.3370018771,0.2927657444,0.05417305231,0.0462064147
275,1.0,0.0,0.0,0.0,1.0,1.0,0.3488310629,0.3024625219,0.05734992027,0.04908084869
276,1.0,0.0,0.0,0.0,1.0,1.0,0.3407559592,0.2998325848,0.05587553978,0.04812246561
277,1.0,0.0,0.0,0.0,1.0,1.0,0.3484896791,0.3058492597,0.0562261343,0.04853481054
278,1.0,0.0,0.0,0.0,1.0,1.0,0.3423411428,0.3048294523,0.05647224188,0.0489782691
279,1.0,0.0,0.0,0.0,1.0,1.0,0.3353283005,0.3011788239,0.05554240942,0.04849803448
280,1.0,0.0,0.0,0.0,1.0,1.0,0.3369638792,0.3015264995,0.05533087254,0.04781019688
281,1.0,0.0,0.0,0.0,1.0,1.0,0.3402010143,0.3066085164,0.0580098629,0.05023819208
282,1.0,0.0,0.0,0.0,1.0,1.0,0.3337004801,0.2988021742,0.0541793108,0.04690152407
283,1.0,0.0,0.0,0.0,1.0,1.0,0.33698281,0.3159747043,0.05697417259,0.05113780499
284,1.0,0.0,0.0,0.0,1.0,1.0,0.3386265429,0.3125401483,0.05740958452,0.05072110891
285,1.0,0.0,0.0,0.0,1.0,1.0,0.3336925682,0.3105904838,0.05663084984,0.04969078302
286,1.0,0.0,0.0,0.0,1.0,1.0,0.3320620834,0.3077865894,0.05605977774,0.04891490936
287,1.0,0.0,0.0,0.0,1.0,1.0,0.3304478941,0.3129738184,0.05410575867,0.0480055213
288,1.0,0.0,0.0,0.0,1.0,1.0,0.3288068061,0.3108229028,0.0561259985,0.0502910614
289,1.0,0.0,0.0,0.0,1.0,1.0,0.3271789387,0.3043285562,0.05501431227,0.04817175865
290,1.0,0.0,0.0,0.0,1.0,1.0,0.3315301974,0.3114698759,0.05593705177,0.04966115952
291,1.0,0.0,0.0,0.0,1.0,1.0,0.336413521,0.3114700376,0.05668413639,0.05008018017
292,1.0,0.0,0.0,0.0,1.0,1.0,0.3347802828,0.3087015975,0.05663269758,0.05000257492
293,1.0,0.0,0.0,0.0,1.0,1.0,0.3347884551,0.3012017516,0.05655485392,0.04879242182
294,1.0,0.0,0.0,0.0,1.0,1.0,0.3233008172,0.2892223931,0.05410861969,0.04641807079
295,1.0,0.0,0.0,0.0,1.0,1.0,0.3298809335,0.3001736482,0.05589932203,0.04870438576
296,1.0,0.0,0.0,0.0,1.0,1.0,0.3298969401,0.2991527473,0.05546146631,0.04808485508
297,1.0,0.0,0.0,0.0,1.0,1.0,0.333695072,0.3029128187,0.05500215292,0.04795753956
298,1.0,0.0,0.0,0.0,1.0,1.0,0.3336954621,0.3043283723,0.05494296551,0.04763525724
299,1.0,0.0,0.0,0.0,1.0,1.0,0.3287200403,0.2956827577,0.05473130941,0.04726797342
300,1.0,0.0,0.0,0.0,1.0,1.0,0.3259769684,0.2862983918,0.05447924137,0.04562979937
301,1.0,0.0,0.0,0.0,1.0,1.0,0.3353497715,0.294662731,0.05532211065,0.04660135508
302,1.0,0.0,0.0,0.0,1.0,1.0,0.3309733849,0.2909332687,0.05545151234,0.04643720388
303,1.0,0.0,0.0,0.0,1.0,1.0,0.3233965087,0.2919334106,0.05463647842,0.04667443037
304,1.0,0.0,0.0,0.0,1.0,1.0,0.321306773,0.2899402027,0.05337816477,0.045599401
305,1.0,0.0,0.0,0.0,1.0,1.0,0.3244941021,0.2909333852,0.05495023727,0.04670768976
306,1.0,0.0,0.0,0.0,1.0,1.0,0.3304863109,0.3005081813,0.05571228266,0.04790723324
307,1.0,0.0,0.0,0.0,1.0,1.0,0.3213071502,0.2855551103,0.05493402481,0.04637646675
308,1.0,0.0,0.0,0.0,1.0,1.0,0.3260475494,0.2884987371,0.05330401659,0.04500037432
309,1.0,0.0,0.0,0.0,1.0,1.0,0.3315062859,0.2916457589,0.05426460505,0.04593682289
310,1.0,0.0,0.0,0.0,1.0,1.0,0.3276042457,0.2897687277,0.05369031429,0.04551410675
311,1.0,0.0,0.0,0.0,1.0,1.0,0.3375161765,0.3050017763,0.05699700117,0.0489731431
312,1.0,0.0,0.0,0.0,1.0,1.0,0.3337010109,0.2956825567,0.05460608006,0.04645586014
313,1.0,0.0,0.0,0.0,1.0,1.0,0.3353499252,0.2949740121,0.05487436056,0.04595386982
314,1.0,0.0,0.0,0.0,1.0,1.0,0.3303939163,0.2932389376,0.05421453714,0.04581129551
315,1.0,0.0,0.0,0.0,1.0,1.0,0.3233487789,0.2925193377,0.0552944541,0.04691648483
316,1.0,0.0,0.0,0.0,1.0,1.0,0.3180044051,0.2920903525,0.05356371403,0.04536515474
317,1.0,0.0,0.0,0.0,1.0,1.0,0.3161330123,0.2965970071,0.05198597908,0.0446754694
318,1.0,0.0,0.0,0.0,1.0,1.0,0.2998324486,0.284787146,0.0513471961,0.04389357567
319,1.0,0.0,0.0,0.0,1.0,1.0,0.2792557822,0.253507796,0.04835349321,0.03930485249
320,1.0,0.0,0.0,0.0,1.0,1.0,0.277990418,0.2498604571,0.04698312283,0.03775429726
321,1.0,0.7853981853,0.0,0.0,1.0,1.0,0.2789139377,0.2591837965,0.04768037796,0.03944987059
322,1.0,0.7853981853,0.0,0.0,1.0,1.0,0.2786422157,0.2638974078,0.04680585861,0.03951871395
323,1.0,0.0,0.0,0.0,1.0,1.0,0.28579082,0.2796945908,0.04756700993,0.04124307632
324,1.0,0.0,0.0,0.0,1.0,1.0,0.2829543414,0.2591145791,0.04649949074,0.03806978464
325,1.0,0.0,0.0,0.0,1.0,1.0,0.2817662184,0.2666421895,0.04626238346,0.03891485929
326,1.0,0.7853981853,0.0,0.0,1.0,1.0,0.2775307252,0.2563142901,0.04563087225,0.03775411844
327,1.0,0.7853981853,0.0,0.0,1.0,1.0,0.2819794105,0.2666419135,0.04618573189,0.03908020258
328,1.0,0.0,0.0,0.0,1.0,1.0,0.2853166094,0.2732556089,0.04651796818,0.03971707821
329,1.0,0.0,0.0,0.0,1.0,1.0,0.2751841276,0.2517250531,0.04505211115,0.03731310368
330,1.0,0.0,0.0,0.0,1.0,1.0,0.2502860359,0.2107031874,0.04055052996,0.03117150068
331,1.0,0.0,0.0,0.0,1.0,1.0,0.2472303247,0.1926407231,0.03877651691,0.02777612209
332,1.0,0.0,0.0,0.0,1.0,1.0,0.2392282933,0.1781952538,0.0361713171,0.02465009689
333,1.0,0.0,0.0,0.0,1.0,1.0,0.2507431703,0.1665734582,0.03974068165,0.02490788698
334,1.0,0.0,0.0,0.0,1.0,1.0,0.2647078177,0.1959338666,0.04280126095,0.02990603447
335,1.0,0.0,0.0,0.0,1.0,1.0,0.2860355337,0.2409368631,0.04748743773,0.03771060705
336,1.0,0.0,0.0,0.0,1.0,1.0,0.2878915316,0.2447265383,0.04715871811,0.03831648827
337,1.0,0.0,0.0,0.0,1.0,1.0,0.3082856935,0.2515718251,0.052067101,0.04114979506
338,1.0,0.0,0.0,0.0,1.0,1.0,0.3105702794,0.2515602954,0.05140393972,0.04046696424
339,1.0,0.0,0.0,0.0,1.0,1.0,0.3121179598,0.2549944777,0.05040603876,0.03994947672
340,1.0,0.0,0.0,0.0,1.0,1.0,0.3093116151,0.2447264233,0.05014115572,0.03854936361
341,1.0,0.0,0.0,0.0,1.0,1.0,0.2769323376,0.1840128576,0.04253160954,0.02780914307
342,1.0,0.0,0.0,0.0,1.0,1.0,0.2925641119,0.1604271878,0.0430637598,0.02327048779
343,1.0,0.0,0.0,0.0,1.0,1.0,0.2928769052,0.1528999252,0.04274260998,0.02190560102
344,1.0,0.0,0.0,0.0,1.0,1.0,0.3058120669,0.2085042746,0.04895377159,0.03309166431
345,1.0,0.0,0.0,0.0,1.0,1.0,0.3292862324,0.2657375911,0.0539021492,0.0430675149
346,1.0,0.0,0.0,0.0,1.0,1.0,0.3314816979,0.2683066973,0.05431365967,0.04366928339
347,1.0,0.0,0.0,0.0,1.0,1.0,0.3320407082,0.2724232377,0.05390179157,0.0439299345
348,1.0,0.0,0.0,0.0,1.0,1.0,0.3380949819,0.2739333789,0.05645799637,0.04544180632
349,1.0,0.0,0.0,0.0,1.0,1.0,0.3481386797,0.2807793395,0.0574554801,0.04618430138
350,1.0,0.0,0.0,0.0,1.0,1.0,0.3442337355,0.2766910019,0.05641704798,0.04497009516
351,1.0,0.0,0.0,0.0,1.0,1.0,0.350974468,0.2807797203,0.05734485388,0.04587590694
352,1.0,0.0,0.0,0.0,1.0,1.0,0.3476321331,0.2791083731,0.05762892962,0.0462693572
353,1.0,0.0,0.0,0.0,1.0,1.0,0.3415177172,0.277436845,0.05535179377,0.04504114389
354,1.0,0.0,0.0,0.0,1.0,1.0,0.3504751688,0.2781782187,0.05697852373,0.04552835226
355,1.0,0.0,0.0,0.0,1.0,1.0,0.3437146268,0.2737743293,0.05586695671,0.04501897097
356,1.0,0.0,0.0,0.0,1.0,1.0,0.3415602813,0.270751694,0.05463427305,0.04359972477
357,1.0,0.0,0.0,0.0,1.0,1.0,0.3493847538,0.273933424,0.05655139685,0.04486048222
358,1.0,0.0,0.0,0.0,1.0,1.0,0.3477050755,0.2706130646,0.05616694689,0.04422807693
359,1.0,0.0,0.0,0.0,1.0,1.0,0.3534405445,0.2733372931,0.05782061815,0.04509454966
360,1.0,0.0,0.0,0.0,1.0,1.0,0.3486621627,0.2802492747,0.05619829893,0.04528605938
361,1.0,0.0,0.0,0.0,1.0,1.0,0.3466762401,0.2759403206,0.05606144667,0.04484915733
362,1.0,0.0,0.0,0.0,1.0,1.0,0.3467451638,0.2795047687,0.05623376369,0.04548317194
363,1.0,0.0,0.0,0.0,1.0,1.0,0.3450453789,0.2838552301,0.05575478077,0.04586726427
364,1.0,0.0,0.0,0.0,1.0,1.0,0.3473357801,0.2797071315,0.05605357885,0.04506266117
365,1.0,0.0,0.0,0.0,1.0,1.0,0.3387650124,0.2742575622,0.05661606789,0.0459125638
366,1.0,0.0,0.0,0.0,1.0,1.0,0.3314645162,0.2591774351,0.05381327868,0.04179412127
367,1.0,0.0,0.0,0.0,1.0,1.0,0.3196867707,0.2584172822,0.05156242847,0.04097855091
368,1.0,0.0,0.0,0.0,1.0,1.0,0.3331472851,0.2768722066,0.05356121063,0.04392015934
369,1.0,0.0,0.0,0.0,1.0,1.0,0.3420909266,0.2879747868,0.05494374037,0.04578644037
370,1.0,0.0,0.0,0.0,1.0,1.0,0.3376721879,0.2838555443,0.05404096842,0.04535102844
371,1.0,0.0,0.0,0.0,1.0,1.0,0.3421819085,0.2899404657,0.05560874939,0.04679942131
372,1.0,0.0,0.0,0.0,1.0,1.0,0.3457986844,0.2867525905,0.05581128597,0.04655474424
373,1.0,0.0,0.0,0.0,1.0,1.0,0.3508587667,0.2994959437,0.05624949932,0.04813659191
374,1.0,0.0,0.0,0.0,1.0,1.0,0.3542325681,0.2994961228,0.0570153594,0.04832732677
375,1.0,0.0,0.0,0.0,1.0,1.0,0.362822569,0.3081611028,0.05978703499,0.05120646954
376,1.0,0.0,0.0,0.0,1.0,1.0,0.3618962885,0.3064953474,0.05836910009,0.05018645525
377,1.0,0.0,0.0,0.0,1.0,1.0,0.3588173643,0.2991643004,0.05745357275,0.04851037264
378,1.0,0.0,0.0,0.0,1.0,1.0,0.360815334,0.302506588,0.05844908953,0.04966801405
379,1.0,0.0,0.0,0.0,1.0,1.0,0.3615898949,0.3098268777,0.05779796839,0.05023562908
380,1.0,0.0,0.0,0.0,1.0,1.0,0.3500583567,0.2968141333,0.0573143959,0.04900795221
381,1.0,0.0,0.0,0.0,1.0,1.0,0.3457984512,0.2931695542,0.05545789003,0.04761260748
382,1.0,0.0,0.0,0.0,1.0,1.0,0.3449848204,0.2894005346,0.05534821749,0.04666614532
383,1.0,0.0,0.0,0.0,1.0,1.0,0.344041825,0.2838551439,0.05610221624,0.04684537649
384,1.0,0.0,0.0,0.0,1.0,1.0,0.3291676055,0.27117976,0.05261403322,0.04334527254
385,1.0,0.0,0.0,0.0,1.0,1.0,0.35023195,0.286035476,0.0561452508,0.04655945301
386,1.0,0.0,0.0,0.0,1.0,1.0,0.3545846366,0.2814129317,0.0554946661,0.04488539696
387,1.0,0.0,0.0,0.0,1.0,1.0,0.3504989531,0.2797072244,0.05581063032,0.04531157017
388,1.0,0.0,0.0,0.0,1.0,1.0,0.3565762161,0.2937549484,0.05614954233,0.0469712615
389,1.0,0.0,0.0,0.0,1.0,1.0,0.3539686266,0.2899406548,0.05583149195,0.04652631283
390,1.0,0.0,0.0,0.0,1.0,1.0,0.3458937999,0.28334691,0.05471038818,0.04536288977
391,1.0,0.0,0.0,0.0,1.0,1.0,0.3486026545,0.2840877675,0.05535250902,0.04526358843
392,1.0,0.0,0.0,0.0,1.0,1.0,0.3552438099,0.2877183904,0.05613774061,0.04593092203
393,1.0,0.0,0.0,0.0,1.0,1.0,0.3573048953,0.2924787915,0.05639851093,0.04655534029
394,1.0,0.0,0.0,0.0,1.0,1.0,0.3521520804,0.2874650135,0.05641531944,0.04620689154
395,1.0,0.0,0.0,0.0,1.0,1.0,0.3487983695,0.2867525006,0.05606073141,0.0460883975
396,1.0,0.0,0.0,0.0,1.0,1.0,0.3410256903,0.281721639,0.05337452888,0.04439067841
397,1.0,0.0,0.0,0.0,1.0,1.0,0.3437676728,0.2891363217,0.05729144812,0.04834842682
398,1.0,0.0,0.0,0.0,1.0,1.0,0.3544238025,0.292882813,0.05586236715,0.0468608737
399,1.0,0.0,0.0,0.0,1.0,1.0,0.3526456358,0.2945377233,0.05569446087,0.0469840169
400,1.0,0.0,0.0,0.0,1.0,1.0,0.3533381775,0.2941498345,0.05577969551,0.04674863815
401,1.0,0.0,0.0,0.0,1.0,1.0,0.3444021547,0.291083411,0.05420708656,0.04596978426
402,1.0,0.0,0.0,0.0,1.0,1.0,0.3393374392,0.2879746554,0.05475836992,0.04631304741
403,1.0,0.0,0.0,0.0,1.0,1.0,0.3538290825,0.2988195734,0.05605834723,0.04702526331
404,1.0,0.0,0.0,0.0,1.0,1.0,0.3465401242,0.2961310735,0.0555871129,0.0472624898
405,1.0,0.0,0.0,0.0,1.0,1.0,0.3581335127,0.3018450832,0.05660676956,0.04739171267
406,1.0,0.0,0.0,0.0,1.0,1.0,0.3520573102,0.2994962482,0.05656605959,0.04771924019
407,1.0,0.0,0.0,0.0,1.0,1.0,0.3510647199,0.2903784242,0.05601733923,0.04610037804
408,1.0,0.0,0.0,0.0,1.0,1.0,0.3538289666,0.2994958573,0.05634582043,0.04753345251
409,1.0,0.0,0.0,0.0,1.0,1.0,0.3643451011,0.307260951,0.05889821053,0.04917192459
410,1.0,0.0,0.0,0.0,1.0,1.0,0.3534403211,0.2967625872,0.0564648509,0.04700905085
411,1.0,0.0,0.0,0.0,1.0,1.0,0.3506515902,0.2933515045,0.05554014444,0.04614931345
412,1.0,0.0,0.0,0.0,1.0,1.0,0.3580343048,0.3035846089,0.05713379383,0.04819816351
413,1.0,0.0,0.0,0.0,1.0,1.0,0.3611427971,0.304914313,0.05937218666,0.04970693588
414,1.0,0.0,0.0,0.0,1.0,1.0,0.3596665495,0.3091916818,0.05965799093,0.05086046457
415,1.0,0.0,0.0,0.0,1.0,1.0,0.3501333914,0.299164044,0.05764341354,0.04844212532
416,1.0,0.0,0.0,0.0,1.0,1.0,0.3529385738,0.2998325895,0.05657935143,0.04759007692
417,1.0,0.0,0.0,0.0,1.0,1.0,0.3453218806,0.2978134007,0.05515891314,0.04693812132
418,1.0,0.0,0.0,0.0,1.0,1.0,0.3442893536,0.2920667255,0.05545979738,0.04657548666
419,1.0,0.0,0.0,0.0,1.0,1.0,0.3392445337,0.2797072638,0.05515223742,0.04433810711
420,1.0,0.0,0.0,0.0,1.0,1.0,0.346276318,0.2964444373,0.05809444189,0.04818254709
421,1.0,0.0,0.0,0.0,1.0,1.0,0.3439637655,0.3014982059,0.05717170238,0.04881167412
422,1.0,0.0,0.0,0.0,1.0,1.0,0.350936735,0.308797962,0.05890226364,0.05048769712
423,1.0,0.0,0.0,0.0,1.0,1.0,0.3503696752,0.3041065046,0.05784630775,0.04931598902
424,1.0,0.0,0.0,0.0,1.0,1.0,0.3613618023,0.3137782998,0.06018781662,0.05124098063
425,1.0,0.0,0.0,0.0,1.0,1.0,0.3604545041,0.3143942828,0.05912345648,0.05106121302
426,1.0,0.0,0.0,0.0,1.0,1.0,0.3590709089,0.3091916741,0.05890190601,0.05021589994
427,1.0,0.0,0.0,0.0,1.0,1.0,0.3552081351,0.3031644179,0.05737501383,0.04925596714
428,1.0,0.0,0.0,0.0,1.0,1.0,0.356640359,0.3028610875,0.05772310495,0.04947692156
429,1.0,0.0,0.0,0.0,1.0,1.0,0.3589902702,0.3068757539,0.05815422535,0.04996347427
430,1.0,0.0,0.0,0.0,1.0,1.0,0.3583860721,0.3058494537,0.05712795258,0.04908174276
431,1.0,0.0,0.0,0.0,1.0,1.0,0.3552441151,0.30830219,0.05669742823,0.04937279224
432,1.0,0.0,0.0,0.0,1.0,1.0,0.3563376272,0.3099964436,0.05795121193,0.05050033331
433,1.0,0.0,0.0,0.0,1.0,1.0,0.357427257,0.3116903356,0.05755209923,0.05018764734
434,1.0,0.0,0.0,0.0,1.0,1.0,0.3520372954,0.303954028,0.05763453245,0.04976248741
435,1.0,0.0,0.0,0.0,1.0,1.0,0.3502319263,0.2994904612,0.05664265156,0.04835349321
436,1.0,0.0,0.0,0.0,1.0,1.0,0.3495501946,0.2957531685,0.05642366409,0.04765880108
437,1.0,0.0,0.0,0.0,1.0,1.0,0.358385945,0.3099964635,0.05734550953,0.04926866293
438,1.0,0.0,0.0,0.0,1.0,1.0,0.3512683635,0.310637403,0.05677264929,0.04974365234
439,1.0,0.0,0.0,0.0,1.0,1.0,0.3381947838,0.2879750044,0.05384707451,0.04554235935
440,1.0,0.0,0.0,0.0,1.0,1.0,0.3471925369,0.2974529468,0.05575037003,0.04736071825
441,1.0,0.0,0.0,0.0,1.0,1.0,0.3462230269,0.2902161165,0.05405509472,0.04500156641
442,1.0,0.0,0.0,0.0,1.0,1.0,0.3562200956,0.291783529,0.05702024698,0.04702144861
443,1.0,0.0,0.0,0.0,1.0,1.0,0.3514332335,0.28458689,0.05449128151,0.0446562767
444,1.0,0.0,0.0,0.0,1.0,1.0,0.3564563872,0.2930565616,0.05654621124,0.04680615664
445,1.0,0.0,0.0,0.0,1.0,1.0,0.3638993885,0.3005078291,0.05892431736,0.04924190044
446,1.0,0.0,0.0,0.0,1.0,1.0,0.360482364,0.2998328219,0.05746042728,0.04820144176
447,1.0,0.0,0.0,0.0,1.0,1.0,0.3565761035,0.293351444,0.05608814955,0.04638057947
448,1.0,0.0,0.0,0.0,1.0,1.0,0.3559656306,0.2909336802,0.05547428131,0.04533958435
449,1.0,0.0,0.0,0.0,1.0,1.0,0.3434509889,0.2728850372,0.05434912443,0.04347926378
450,1.0,0.0,0.0,0.0,1.0,1.0,0.3474084406,0.2751840074,0.05510991812,0.04425084591
451,1.0,0.0,0.0,0.0,1.0,1.0,0.3468145881,0.2811988908,0.05449062586,0.04455888271
452,1.0,0.0,0.0,0.0,1.0,1.0,0.3580340462,0.2910832739,0.05653756857,0.04635548592
453,1.0,0.0,0.0,0.0,1.0,1.0,0.3608154513,0.2944485199,0.05704528093,0.04686820507
454,1.0,0.0,0.0,0.0,1.0,1.0,0.3603429889,0.2903784925,0.0569858551,0.04623383284
455,1.0,0.0,0.0,0.0,1.0,1.0,0.3569435786,0.2961307461,0.05621051788,0.04710972309
456,1.0,0.0,0.0,0.0,1.0,1.0,0.3663497078,0.3041780449,0.05743926764,0.04817485809
457,1.0,0.0,0.0,0.0,1.0,1.0,0.3680378119,0.305198575,0.05877661705,0.04907035828
458,1.0,0.0,0.0,0.0,1.0,1.0,0.353440391,0.2894007515,0.0556179285,0.04577171803
459,1.0,0.0,0.0,0.0,1.0,1.0,0.3618961145,0.2984909809,0.05669552088,0.04715794325
460,1.0,0.0,0.0,0.0,1.0,1.0,0.3460254934,0.2910830112,0.05487954617,0.04608809948
461,1.0,0.0,0.0,0.0,1.0,1.0,0.3550206251,0.2944486877,0.05613130331,0.04655444622
462,1.0,0.0,0.0,0.0,1.0,1.0,0.3511552095,0.2947508013,0.05718624592,0.04783850908
463,1.0,0.0,0.0,0.0,1.0,1.0,0.346090718,0.281937154,0.0547440052,0.04459631443
464,1.0,0.0,0.0,0.0,1.0,1.0,0.3387655631,0.2778111524,0.05459266901,0.0445432663
465,1.0,0.0,0.0,0.0,1.0,1.0,0.3409861512,0.2828929869,0.05501955748,0.04526239634
466,1.0,0.0,0.0,0.0,1.0,1.0,0.3466079671,0.2870020474,0.05676990747,0.04684895277
467,1.0,0.0,0.0,0.0,1.0,1.0,0.3370601349,0.2795047014,0.05395042896,0.04428762197
468,1.0,0.0,0.0,0.0,1.0,1.0,0.3359898554,0.2660631581,0.05360913277,0.04245191813
469,1.0,0.0,0.0,0.0,1.0,1.0,0.3202439241,0.2085043157,0.04886490107,0.0324870944
470,1.0,0.0,0.0,0.0,1.0,1.0,0.3194644802,0.1911216062,0.04823827744,0.02937418222
471,1.0,0.0,0.0,0.0,1.0,1.0,0.3198936877,0.1911214814,0.04835283756,0.02977663279
472,1.0,0.0,0.0,0.0,1.0,1.0,0.3225147811,0.197121676,0.04909443855,0.03075146675
473,1.0,0.0,0.0,0.0,1.0,1.0,0.3278593116,0.207496716,0.05033290386,0.03247284889
474,1.0,0.0,0.0,0.0,1.0,1.0,0.3244259897,0.2153972138,0.05025017262,0.0337703228
475,1.0,0.0,0.0,0.0,1.0,1.0,0.3218840176,0.1943360876,0.0483481288,0.02991712093
476,1.0,0.0,0.0,0.0,1.0,1.0,0.3238119421,0.2104988318,0.05073750019,0.03373360634
477,1.0,0.0,0.0,0.0,1.0,1.0,0.3296033837,0.2050577022,0.05061519146,0.03238278627
478,1.0,0.0,0.0,0.0,1.0,1.0,0.3301887511,0.2064819221,0.04976707697,0.03184020519
479,1.0,0.0,0.0,0.0,1.0,1.0,0.3360493805,0.2259011294,0.05230647326,0.03577435017
480,1.0,0.0,0.0,0.0,1.0,1.0,0.3456334119,0.2583592522,0.0553458333,0.04144120216
481,1.0,0.0,0.0,0.0,1.0,1.0,0.3415180455,0.2693412344,0.05512827635,0.04296761751
482,1.0,0.0,0.0,0.0,1.0,1.0,0.348367519,0.2780017787,0.05502831936,0.04354178905
483,1.0,0.0,0.0,0.0,1.0,1.0,0.3483673426,0.2797073659,0.05528306961,0.04401177168
484,1.0,0.0,0.0,0.0,1.0,1.0,0.3522483585,0.2838550517,0.05582392216,0.04460573196
485,1.0,0.0,0.0,0.0,1.0,1.0,0.3534405784,0.2872548169,0.0566008091,0.04576814175
486,1.0,0.0,0.0,0.0,1.0,1.0,0.3501443182,0.2823763363,0.05551856756,0.04446876049
487,1.0,0.0,0.0,0.0,1.0,1.0,0.3534403037,0.288234872,0.05655246973,0.0457290411
488,1.0,0.0,0.0,0.0,1.0,1.0,0.3482901947,0.2840877332,0.0563622117,0.04519867897
489,1.0,0.0,0.0,0.0,1.0,1.0,0.3499730358,0.2840881252,0.05716079473,0.0456187129
490,1.0,0.0,0.0,0.0,1.0,1.0,0.3511554002,0.2894937064,0.05663496256,0.04574364424
491,1.0,0.0,0.0,0.0,1.0,1.0,0.3489575562,0.2857993917,0.05513060093,0.04469329119
492,1.0,0.0,0.0,0.0,1.0,1.0,0.3478534528,0.2843240468,0.05544000864,0.04462242126
493,1.0,0.0,0.0,0.0,1.0,1.0,0.3439860094,0.2747604722,0.05400055647,0.04298549891
494,1.0,0.0,0.0,0.0,1.0,1.0,0.3404139201,0.2778110335,0.05416876078,0.04376196861
495,1.0,0.0,0.0,0.0,1.0,1.0,0.3410259487,0.273656551,0.05475187302,0.04363882542
496,1.0,0.0,0.0,0.0,1.0,1.0,0.3471925375,0.2804556747,0.05552887917,0.04447698593
497,1.0,0.0,0.0,0.0,1.0,1.0,0.3518443118,0.2867815775,0.05601352453,0.04518967867
498,1.0,0.0,0.0,0.0,1.0,1.0,0.3517492313,0.2889541276,0.05613940954,0.04588317871
499,1.0,0.0,0.0,0.0,1.0,1.0,0.344459677,0.2770561841,0.05458462238,0.04382902384
500,1.0,0.0,0.0,0.0,1.0,1.0,0.3586430676,0.2977788481,0.05648559332,0.04658055305
501,1.0,0.0,0.0,0.0,1.0,1.0,0.3553570454,0.2912164583,0.05586546659,0.04539066553
502,1.0,0.0,0.0,0.0,1.0,1.0,0.355244021,0.2936504933,0.0565277338,0.04624992609
503,1.0,0.0,0.0,0.0,1.0,1.0,0.3571829479,0.2950571987,0.05706775188,0.04635083675
504,1.0,0.0,0.0,0.0,1.0,1.0,0.347559558,0.2867524522,0.05778741837,0.04728060961
505,1.0,0.0,0.0,0.0,1.0,1.0,0.349804553,0.2981383654,0.05583548546,0.0467954278
506,1.0,0.0,0.0,0.0,1.0,1.0,0.3431418288,0.2853138211,0.05548989773,0.04552328587
507,1.0,0.0,0.0,0.0,1.0,1.0,0.3519627736,0.2947507187,0.05767500401,0.04733705521
508,1.0,0.0,0.0,0.0,1.0,1.0,0.3558747789,0.2974525976,0.0580343008,0.04745787382
509,1.0,0.0,0.0,0.0,1.0,1.0,0.3580090128,0.3021961895,0.05857491493,0.04854124784
510,1.0,0.0,0.0,0.0,1.0,1.0,0.3506518568,0.288234988,0.05580604076,0.04556143284
511,1.0,0.0,0.0,0.0,1.0,1.0,0.3557332171,0.2855550904,0.05737137794,0.0458971858
512,1.0,0.0,0.0,0.0,1.0,1.0,0.3511553653,0.283854987,0.05679517984,0.04559993744
513,1.0,0.0,0.0,0.0,1.0,1.0,0.352345756,0.2875105837,0.05593144894,0.04517537355
514,1.0,0.0,0.0,0.0,1.0,1.0,0.3529438624,0.2899405344,0.05574786663,0.04556316137
515,1.0,0.0,0.0,0.0,1.0,1.0,0.3634334398,0.3014984615,0.05974173546,0.04915118217
516,1.0,0.0,0.0,0.0,1.0,1.0,0.3620927465,0.3077753194,0.05911976099,0.04975694418
517,1.0,0.0,0.0,0.0,1.0,1.0,0.362833733,0.3064956948,0.05929285288,0.0495904088
518,1.0,0.0,0.0,0.0,1.0,1.0,0.3594053997,0.3038169281,0.05865675211,0.04901450872
519,1.0,0.0,0.0,0.0,1.0,1.0,0.3640349744,0.2998324496,0.05858635902,0.04793429375
520,1.0,0.0,0.0,0.0,1.0,1.0,0.3549573168,0.3014985247,0.05949681997,0.04962641001
521,1.0,0.0,0.0,0.0,1.0,1.0,0.3501333464,0.2931696006,0.05678248405,0.04691886902
522,1.0,0.0,0.0,0.0,1.0,1.0,0.3540034455,0.290807319,0.05855840445,0.04739141464
523,1.0,0.0,0.0,0.0,1.0,1.0,0.3595350847,0.3108632293,0.05944555998,0.0507196188
524,1.0,0.0,0.0,0.0,1.0,1.0,0.3520570209,0.2954431668,0.05720925331,0.04744845629
525,1.0,0.0,0.0,0.0,1.0,1.0,0.3464732036,0.2947507577,0.05558621883,0.04650002718
526,1.0,0.0,0.0,0.0,1.0,1.0,0.3581333412,0.3038845296,0.05892640352,0.0493337512
527,1.0,0.0,0.0,0.0,1.0,1.0,0.358603691,0.3045435802,0.0591506362,0.0495660305
528,1.0,0.0,0.0,0.0,1.0,1.0,0.3580093386,0.3011786826,0.05889552832,0.04880690575
529,1.0,0.0,0.0,0.0,1.0,1.0,0.3492226261,0.2954428863,0.05552726984,0.04627269506
530,1.0,0.0,0.0,0.0,1.0,1.0,0.3546939907,0.3038839991,0.05704301596,0.04798007011
531,1.0,0.0,0.0,0.0,1.0,1.0,0.3498047073,0.2954432745,0.05628931522,0.04690778255
532,1.0,0.0,0.0,0.0,1.0,1.0,0.3449252204,0.2960674118,0.05430245399,0.04582595825
533,1.0,0.0,0.0,0.0,1.0,1.0,0.3493033952,0.2913627143,0.05779772997,0.04756557941
534,1.0,0.0,0.0,0.0,1.0,1.0,0.3503885212,0.2947504862,0.05862808228,0.04857754707
535,1.0,0.0,0.0,0.0,1.0,1.0,0.3459608311,0.2930567027,0.05496382713,0.04593592882
536,1.0,0.0,0.0,0.0,1.0,1.0,0.3552831694,0.3021961446,0.05788856745,0.04842084646
537,1.0,0.0,0.0,0.0,1.0,1.0,0.3546938999,0.3015264564,0.05748409033,0.04781389236
538,1.0,0.0,0.0,0.0,1.0,1.0,0.359798978,0.3049144318,0.05782341957,0.04818618298
539,1.0,0.0,0.0,0.0,1.0,1.0,0.3631308708,0.3052901821,0.05882829428,0.04830390215
540,1.0,0.0,0.0,0.0,1.0,1.0,0.3635845215,0.3059514445,0.05875152349,0.04828888178
541,1.0,0.0,0.0,0.0,1.0,1.0,0.3489575721,0.2848236155,0.05489724874,0.04450404644
542,1.0,0.0,0.0,0.0,1.0,1.0,0.3496337944,0.2865294841,0.05514538288,0.04519236088
543,1.0,0.0,0.0,0.0,1.0,1.0,0.3473358772,0.2840877627,0.05584067106,0.04543894529
544,1.0,0.0,0.0,0.0,1.0,1.0,0.3450453203,0.285064088,0.05581051111,0.04563814402
545,1.0,0.0,0.0,0.0,1.0,1.0,0.3562199215,0.2981386496,0.05699467659,0.04754060507
546,1.0,0.0,0.0,0.0,1.0,1.0,0.3561038908,0.2910834922,0.05677217245,0.04632824659
547,1.0,0.0,0.0,0.0,1.0,1.0,0.3594629398,0.2988195422,0.05860877037,0.04847550392
548,1.0,0.0,0.0,0.0,1.0,1.0,0.3506516424,0.2889543075,0.05699825287,0.04681015015
549,1.0,0.0,0.0,0.0,1.0,1.0,0.3557335912,0.2896686902,0.05669510365,0.04616600275
550,1.0,0.0,0.0,0.0,1.0,1.0,0.3616071478,0.3038842667,0.05869191885,0.04890990257
551,1.0,0.0,0.0,0.0,1.0,1.0,0.3670740696,0.3089490813,0.05908465385,0.0491476655
552,1.0,0.0,0.0,0.0,1.0,1.0,0.3631306286,0.3038844359,0.05784296989,0.04776024818
553,1.0,0.0,0.0,0.0,1.0,1.0,0.3563515946,0.3005081675,0.0583140254,0.04827862978
554,1.0,0.0,0.0,0.0,1.0,1.0,0.3658522356,0.3146389808,0.06008583307,0.05107295513
555,1.0,0.0,0.0,0.0,1.0,1.0,0.3641892625,0.304543941,0.05804562569,0.04797381163
556,1.0,0.0,0.0,0.0,1.0,1.0,0.3482142647,0.2896687388,0.05512112379,0.04531592131
557,1.0,0.0,0.0,0.0,1.0,1.0,0.3525483101,0.3005077916,0.05897963047,0.04952067137
558,1.0,0.0,0.0,0.0,1.0,1.0,0.3275198145,0.2721084719,0.05144095421,0.04216039181
559,1.0,0.0,0.0,0.0,1.0,1.0,0.3024861899,0.2034576917,0.04800462723,0.03200304508
560,1.0,0.0,0.0,0.0,1.0,1.0,0.2818937739,0.1548950576,0.04183709621,0.0228202343
561,1.0,0.0,0.0,0.0,1.0,1.0,0.2989321586,0.1792475388,0.0446523428,0.02662998438
562,1.0,0.0,0.0,0.0,1.0,1.0,0.2940596554,0.1665733832,0.04546910524,0.02538454533
563,1.0,0.0,0.0,0.0,1.0,1.0,0.3137346881,0.1244591814,0.04460817575,0.01762962341
564,1.0,0.0,0.0,0.0,1.0,1.0,0.3000198854,0.1300390971,0.04370516539,0.01912105083
565,1.0,0.0,0.0,0.0,1.0,1.0,0.307520475,0.195694826,0.04706674814,0.02995157242
566,1.0,0.0,0.0,0.0,1.0,1.0,0.3229488584,0.2404152945,0.05084657669,0.03746587038
567,1.0,0.0,0.0,0.0,1.0,1.0,0.3258313085,0.2532834089,0.05290961266,0.04057323933
568,1.0,0.0,0.0,0.0,1.0,1.0,0.3331473933,0.2699833398,0.05506080389,0.04410338402
569,1.0,0.0,0.0,0.0,1.0,1.0,0.3425707514,0.2833987699,0.05480283499,0.04495960474
570,1.0,0.0,0.0,0.0,1.0,1.0,0.3425241156,0.2850755824,0.05665224791,0.0465259552
571,1.0,0.0,0.0,0.0,1.0,1.0,0.3386538747,0.2867525136,0.05447053909,0.04543638229
572,1.0,0.0,0.0,0.0,1.0,1.0,0.3430423613,0.2891362876,0.05668234825,0.0471445322
573,1.0,0.0,0.0,0.0,1.0,1.0,0.3314815127,0.272728731,0.05511462688,0.04459017515
574,1.0,0.0,0.0,0.0,1.0,1.0,0.3393062926,0.2761168395,0.05628687143,0.04541957378
575,1.0,0.0,0.0,0.0,1.0,1.0,0.3438214365,0.2814129649,0.05557084084,0.04494702816
576,1.0,0.0,0.0,0.0,1.0,1.0,0.3337148348,0.2730435853,0.05312055349,0.04309272766
577,1.0,0.0,0.0,0.0,1.0,1.0,0.3409860996,0.2855548122,0.05407267809,0.04474979639
578,1.0,0.0,0.0,0.0,1.0,1.0,0.3325846549,0.2719571684,0.05284148455,0.04291695356
579,1.0,0.0,0.0,0.0,1.0,1.0,0.3370599741,0.2753565602,0.05765545368,0.04646861553
580,1.0,0.0,0.0,0.0,1.0,1.0,0.3408310671,0.2930567596,0.05735403299,0.04793357849
581,1.0,0.0,0.0,0.0,1.0,1.0,0.3314816188,0.2745907946,0.0536391139,0.04339647293
582,1.0,0.0,0.0,0.0,1.0,1.0,0.337040545,0.2755310487,0.05347055197,0.04261761904
583,1.0,0.0,0.0,0.0,1.0,1.0,0.3359329941,0.2797071523,0.05345535278,0.04361528158
584,1.0,0.0,0.0,0.0,1.0,1.0,0.3419576517,0.2855551286,0.05600070953,0.04544991255
585,1.0,0.0,0.0,0.0,1.0,1.0,0.3403056417,0.2903783546,0.05552196503,0.04635816813
586,1.0,0.0,0.0,0.0,1.0,1.0,0.3430919419,0.2964447325,0.05668157339,0.04791921377
587,1.0,0.0,0.0,0.0,1.0,1.0,0.3331472285,0.2762964097,0.05469191074,0.04430049658
588,1.0,0.0,0.0,0.0,1.0,1.0,0.3430919722,0.2913627415,0.05594027042,0.04648178816
589,1.0,0.0,0.0,0.0,1.0,1.0,0.3259414409,0.2721082482,0.05231368542,0.04243808985
590,1.0,0.0,0.0,0.0,1.0,1.0,0.3381195583,0.2892222236,0.0538636446,0.04462236166
591,1.0,0.0,0.0,0.0,1.0,1.0,0.344749519,0.2889543442,0.0576492548,0.04711717367
592,1.0,0.0,0.0,0.0,1.0,1.0,0.337001962,0.2865294314,0.05478185415,0.04511445761
593,1.0,0.0,0.0,0.0,1.0,1.0,0.3486425735,0.2988021262,0.05861455202,0.0485663414
594,1.0,0.0,0.0,0.0,1.0,1.0,0.3424775329,0.3001737201,0.05664736032,0.0479323864
595,1.0,0.0,0.0,0.0,1.0,1.0,0.353623241,0.3039538081,0.05803149939,0.04822331667
596,1.0,0.0,0.0,0.0,1.0,1.0,0.3492228616,0.2970850933,0.05796712637,0.04775387049
597,1.0,0.0,0.0,0.0,1.0,1.0,0.3601294477,0.3172288504,0.05851721764,0.04992753267
598,1.0,0.0,0.0,0.0,1.0,1.0,0.3613239887,0.3148925037,0.05805265903,0.04899853468
599,1.0,0.0,0.0,0.0,1.0,1.0,0.3575372369,0.3087016683,0.05860155821,0.04933440685
600,1.0,0.0,0.0,0.0,1.0,1.0,0.3565849427,0.3039541479,0.05756390095,0.04783481359
601,1.0,0.0,0.0,0.0,1.0,1.0,0.3567031696,0.3039542497,0.05728447437,0.0478271842
602,1.0,0.0,0.0,0.0,1.0,1.0,0.3576599333,0.3056712189,0.0570821166,0.04747951031
603,1.0,0.0,0.0,0.0,1.0,1.0,0.347121509,0.2926446522,0.05620366335,0.04642909765
604,1.0,0.0,0.0,0.0,1.0,1.0,0.3498046571,0.2977792893,0.05958497524,0.04937046766
605,1.0,0.0,0.0,0.0,1.0,1.0,0.363731221,0.3152603675,0.06301867962,0.05336719751
606,1.0,0.0,0.0,0.0,1.0,1.0,0.3542737171,0.3112737712,0.06181001663,0.0524533987
607,1.0,0.0,0.0,0.0,1.0,1.0,0.3458964264,0.2930563114,0.05541610718,0.04609125853
608,1.0,0.0,0.0,0.0,1.0,1.0,0.3375597162,0.287001874,0.05760645866,0.04800540209
609,1.0,0.0,0.0,0.0,1.0,1.0,0.3547451182,0.3125343599,0.0609536171,0.05204713345
610,1.0,0.0,0.0,0.0,1.0,1.0,0.352553943,0.3131585933,0.05862390995,0.05055642128
611,1.0,0.0,0.0,0.0,1.0,1.0,0.3563648574,0.3154386269,0.05996704102,0.05178976059
612,1.0,0.0,0.0,0.0,1.0,1.0,0.3547454558,0.310458131,0.05795425177,0.04948604107
613,1.0,0.0,0.0,0.0,1.0,1.0,0.3425238767,0.2971314429,0.05564367771,0.04731059074
614,1.0,0.0,0.0,0.0,1.0,1.0,0.3115807251,0.2302468648,0.05060696602,0.03733301163
615,1.0,0.0,0.0,0.0,1.0,1.0,0.3135164186,0.2386210569,0.04827803373,0.03680866957
616,1.0,0.0,0.0,0.0,1.0,1.0,0.3071201186,0.2306405565,0.04787069559,0.03570020199
617,1.0,0.0,0.0,0.0,1.0,1.0,0.3091419884,0.2276309752,0.04834228754,0.03515803814
618,1.0,0.0,0.0,0.0,1.0,1.0,0.3135164822,0.2533797211,0.05034035444,0.04004979134
619,1.0,0.0,0.0,0.0,1.0,1.0,0.3117841753,0.246365785,0.04977077246,0.03898710012
620,1.0,0.0,0.0,0.0,1.0,1.0,0.3170641594,0.2498601392,0.04977011681,0.03868001699
621,1.0,0.0,0.0,0.0,1.0,1.0,0.3198212235,0.2568990861,0.05165982246,0.04099100828
622,1.0,0.0,0.0,0.0,1.0,1.0,0.3141595999,0.2603441864,0.04939055443,0.04043513536
623,1.0,0.0,0.0,0.0,1.0,1.0,0.3192664205,0.2586584352,0.0511701107,0.04088044167
624,1.0,0.0,0.0,0.0,1.0,1.0,0.3187128419,0.2489839623,0.04954963923,0.03823941946
625,1.0,0.0,0.0,0.0,1.0,1.0,0.3192659914,0.2489837111,0.04961776733,0.03829199076
626,1.0,0.0,0.0,0.0,1.0,1.0,0.3205109851,0.2689467693,0.05304396152,0.0442032218
627,1.0,0.0,0.0,0.0,1.0,1.0,0.3147030946,0.262091126,0.04948526621,0.04078453779
628,1.0,0.0,0.0,0.0,1.0,1.0,0.3164320028,0.2594367706,0.05021083355,0.04088205099
629,1.0,0.0,0.0,0.0,1.0,1.0,0.3128542928,0.2542135626,0.05055749416,0.03989940882
630,1.0,0.0,0.0,0.0,1.0,1.0,0.3255139693,0.286781312,0.05310404301,0.04456466436
631,1.0,0.0,0.0,0.0,1.0,1.0,0.3201461387,0.2821555368,0.05325931311,0.04487848282
632,1.0,0.0,0.0,0.0,1.0,1.0,0.3309837745,0.2930568615,0.05684459209,0.04820650816
633,1.0,0.0,0.0,0.0,1.0,1.0,0.3250219228,0.284587138,0.05504232645,0.04623556137
634,1.0,0.0,0.0,0.0,1.0,1.0,0.3250610562,0.2870016612,0.05440080166,0.04601061344
635,1.0,0.0,0.0,0.0,1.0,1.0,0.3293614078,0.2877182,0.05424827337,0.04569685459
636,1.0,0.0,0.0,0.0,1.0,1.0,0.3217155242,0.2797075621,0.05378252268,0.04477334023
637,1.0,0.0,0.0,0.0,1.0,1.0,0.3428978772,0.3072607142,0.05625289679,0.0485214591
638,1.0,0.0,0.0,0.0,1.0,1.0,0.3418283532,0.3072610409,0.05852764845,0.05072402954
639,1.0,0.0,0.0,0.0,1.0,1.0,0.3363816847,0.2951368901,0.0564134717,0.04773443937
640,1.0,0.0,0.0,0.0,1.0,1.0,0.3358648055,0.2910831811,0.05714976788,0.04799467325
641,1.0,0.0,0.0,0.0,1.0,1.0,0.3342291583,0.2974925479,0.05778062344,0.04992687702
642,1.0,0.0,0.0,0.0,1.0,1.0,0.3439114727,0.3041780978,0.05950713158,0.05084645748
643,1.0,0.0,0.0,0.0,1.0,1.0,0.3396161295,0.2891364109,0.05888551474,0.04851049185
644,1.0,0.0,0.0,0.0,1.0,1.0,0.3491640381,0.3071373242,0.06029379368,0.05116671324
645,1.0,0.0,0.0,0.0,1.0,1.0,0.3331473424,0.2898380159,0.05724328756,0.04811751842
646,1.0,0.0,0.0,0.0,1.0,1.0,0.3406819442,0.2931699068,0.05784338713,0.04824858904
647,1.0,0.0,0.0,0.0,1.0,1.0,0.3449685221,0.2912281236,0.05955499411,0.04897981882
648,1.0,0.0,0.0,0.0,1.0,1.0,0.3449684077,0.2961923231,0.05916279554,0.04948669672
649,1.0,0.0,0.0,0.0,1.0,1.0,0.3509367787,0.303163766,0.05809539557,0.04872512817
650,1.0,0.0,0.0,0.0,1.0,1.0,0.3543772535,0.3054775199,0.05900961161,0.05003583431
651,1.0,0.0,0.0,0.0,1.0,1.0,0.352076147,0.3044656165,0.05693471432,0.04827642441
652,1.0,0.0,0.0,0.0,1.0,1.0,0.3518933809,0.3057504506,0.06143438816,0.05217719078
653,1.0,0.0,0.0,0.0,1.0,1.0,0.3467121447,0.2998328137,0.05671936274,0.04793184996
654,1.0,0.0,0.0,0.0,1.0,1.0,0.3515052647,0.3051097858,0.05856472254,0.04992842674
655,1.0,0.0,0.0,0.0,1.0,1.0,0.3532228741,0.3038170348,0.05797088146,0.04888790846
656,1.0,0.0,0.0,0.0,1.0,1.0,0.3581063572,0.3087977667,0.05992257595,0.05066180229
657,1.0,0.0,0.0,0.0,1.0,1.0,0.3597339415,0.3127395613,0.05866914988,0.05017411709
658,1.0,0.0,0.0,0.0,1.0,1.0,0.3478448787,0.3004966677,0.0579957366,0.04928278923
659,1.0,0.0,0.0,0.0,1.0,1.0,0.3564784408,0.3077749872,0.05904120207,0.05014455318
660,1.0,0.0,0.0,0.0,1.0,1.0,0.3583526598,0.3125345562,0.06009501219,0.05154937506
661,1.0,0.0,0.0,0.0,1.0,1.0,0.3605892013,0.3131585971,0.05775755644,0.04958188534
662,1.0,0.0,0.0,0.0,1.0,1.0,0.3540031208,0.3079090164,0.05830568075,0.04962766171
663,1.0,0.0,0.0,0.0,1.0,1.0,0.3570629588,0.3066085259,0.05829244852,0.04930341244
664,1.0,0.0,0.0,0.0,1.0,1.0,0.3515621414,0.2974531091,0.05660754442,0.04717302322
665,1.0,0.0,0.0,0.0,1.0,1.0,0.3531360326,0.2981385287,0.0564917922,0.04689884186
666,1.0,0.0,0.0,0.0,1.0,1.0,0.3531359732,0.2964446379,0.05865418911,0.04841738939
667,1.0,0.0,0.0,0.0,1.0,1.0,0.360537017,0.3018792456,0.05721116066,0.04709941149
668,1.0,0.0,0.0,0.0,1.0,1.0,0.34872019,0.2923535574,0.05711823702,0.04700636864
669,1.0,0.0,0.0,0.0,1.0,1.0,0.3470516388,0.2964443718,0.05688405037,0.04785913229
670,1.0,0.0,0.0,0.0,1.0,1.0,0.3420017739,0.2906541514,0.05618220568,0.04663670063
671,1.0,0.0,0.0,0.0,1.0,1.0,0.3353830523,0.278755799,0.05471777916,0.04486858845
672,1.0,0.0,0.0,0.0,1.0,1.0,0.3235481522,0.251571859,0.05079448223,0.03909313679
673,1.0,0.0,0.0,0.0,1.0,1.0,0.32586825,0.2541242758,0.05227851868,0.04015207291
674,1.0,0.0,0.0,0.0,1.0,1.0,0.3353497426,0.2819371224,0.05487847328,0.04514634609
675,1.0,0.0,0.0,0.0,1.0,1.0,0.3243224694,0.2751840494,0.05323505402,0.04427194595
676,1.0,0.0,0.0,0.0,1.0,1.0,0.3396797286,0.2884296529,0.05836826563,0.0482660532
677,1.0,0.0,0.0,0.0,1.0,1.0,0.3326012966,0.2860354693,0.05615103245,0.04702299833
678,1.0,0.0,0.0,0.0,1.0,1.0,0.3050571122,0.2336576409,0.04830151796,0.03655970097
679,1.0,0.0,0.0,0.0,1.0,1.0,0.2855549546,0.186945874,0.04453802109,0.02859228849
680,1.0,0.0,0.0,0.0,1.0,1.0,0.2730619056,0.1689964125,0.04025650024,0.02446961403
681,1.0,0.0,0.0,0.0,1.0,1.0,0.297596021,0.2141662376,0.04602724314,0.03272461891
682,1.0,0.0,0.0,0.0,1.0,1.0,0.2977789272,0.2228721928,0.04627436399,0.03404092789
683,1.0,0.0,0.0,0.0,1.0,1.0,0.3000037601,0.2161420692,0.0466054678,0.03328961134
684,1.0,0.0,0.0,0.0,1.0,1.0,0.2882284052,0.1381804498,0.04169440269,0.01976424456
685,1.0,0.0,0.0,0.0,1.0,1.0,0.2908140432,0.1406620159,0.04261493683,0.02049827576
686,1.0,0.0,0.0,0.0,1.0,1.0,0.2968980968,0.2076302828,0.04592335224,0.03150552511
687,1.0,0.0,0.0,0.0,1.0,1.0,0.3103442441,0.2498605534,0.04891860485,0.03866147995
688,1.0,0.0,0.0,0.0,1.0,1.0,0.3298651394,0.274257594,0.05407506227,0.04385191202
689,1.0,0.0,0.0,0.0,1.0,1.0,0.3331474169,0.2795051579,0.05312746763,0.04361212254
690,1.0,0.0,0.0,0.0,1.0,1.0,0.3359051695,0.287001973,0.05583530664,0.04675865173
691,1.0,0.0,0.0,0.0,1.0,1.0,0.3375378595,0.290378504,0.05411720276,0.0454056859
692,1.0,0.0,0.0,0.0,1.0,1.0,0.3359048676,0.2785606247,0.05499380827,0.04469943047
693,1.0,0.0,0.0,0.0,1.0,1.0,0.3320513297,0.2800450581,0.0532874465,0.04405450821
694,1.0,0.0,0.0,0.0,1.0,1.0,0.3325930864,0.2819370442,0.05319029093,0.04441386461
695,1.0,0.0,0.0,0.0,1.0,1.0,0.3337006329,0.2862807562,0.05383187532,0.04526162148
696,1.0,0.0,0.0,0.0,1.0,1.0,0.3303804921,0.2838548462,0.05284661055,0.04434859753
697,1.0,0.0,0.0,0.0,1.0,1.0,0.3342562114,0.2872546728,0.0541844368,0.04555803537
698,1.0,0.0,0.0,0.0,1.0,1.0,0.3342503106,0.2870018152,0.05314707756,0.04472774267
699,1.0,0.0,0.0,0.0,1.0,1.0,0.3298488022,0.2802489719,0.0529076457,0.04391336441
700,1.0,0.0,0.0,0.0,1.0,1.0,0.3303803065,0.2838550233,0.05455094576,0.04577893019
701,1.0,0.0,0.0,0.0,1.0,1.0,0.3293054968,0.2793051622,0.05356860161,0.04446190596
702,1.0,0.0,0.0,0.0,1.0,1.0,0.3216595314,0.2761170559,0.05354630947,0.04453086853
703,1.0,0.0,0.0,0.0,1.0,1.0,0.3216593812,0.267647124,0.05359596014,0.0432049036
704,1.0,0.0,0.0,0.0,1.0,1.0,0.3156130051,0.2625651986,0.05228292942,0.04220759869
705,1.0,0.0,0.0,0.0,1.0,1.0,0.3038843628,0.2290388731,0.04999309778,0.03666162491
706,1.0,0.0,0.0,0.0,1.0,1.0,0.2875344531,0.1973985182,0.04516303539,0.03019934893
707,1.0,0.0,0.0,0.0,1.0,1.0,0.2735699442,0.154764434,0.03962612152,0.02192646265
708,1.0,0.0,0.0,0.0,1.0,1.0,0.2826518741,0.1527447086,0.04181921482,0.02213954926
709,1.0,0.0,0.0,0.0,1.0,1.0,0.3053322998,0.1646590493,0.04519063234,0.02413910627
710,1.0,0.0,0.0,0.0,1.0,1.0,0.3124431791,0.1729070461,0.04604887962,0.02524363995
711,1.0,0.0,0.0,0.0,1.0,1.0,0.3161112939,0.169107123,0.04767751694,0.02540898323
712,1.0,0.0,0.0,0.0,1.0,1.0,0.3039350708,0.1665737177,0.04652893543,0.0251199007
713,1.0,0.0,0.0,0.0,1.0,1.0,0.3072286428,0.1665736084,0.04387241602,0.02356112003
714,1.0,0.0,0.0,0.0,1.0,1.0,0.3134003514,0.1806682991,0.0442250967,0.02534854412
715,1.0,0.0,0.0,0.0,1.0,1.0,0.3209744423,0.1736482158,0.04454964399,0.02400881052
716,1.0,0.0,0.0,0.0,1.0,1.0,0.3135131303,0.1697526112,0.04507470131,0.02431303263
717,1.0,0.0,0.0,0.0,1.0,1.0,0.3015393251,0.1564011578,0.04284095764,0.02209407091
718,1.0,0.0,0.0,0.0,1.0,1.0,0.276741637,0.1576181216,0.04335319996,0.02429986
719,1.0,0.0,0.0,0.0,1.0,1.0,0.3033719581,0.2139212516,0.05002933741,0.03474253416
720,1.0,0.0,0.0,0.0,1.0,1.0,0.3046875219,0.237880589,0.05019319057,0.03833431005
721,1.0,0.0,0.0,0.0,1.0,1.0,0.3104576334,0.2558302331,0.04983150959,0.03997188807
722,1.0,0.0,0.0,0.0,1.0,1.0,0.3223483488,0.2748467476,0.05371278524,0.04453575611
723,1.0,0.0,0.0,0.0,1.0,1.0,0.3293799481,0.2865068171,0.05504125357,0.04640734196
724,1.0,0.0,0.0,0.0,1.0,1.0,0.3336955829,0.2783677247,0.0535428524,0.04378372431
725,1.0,0.0,0.0,0.0,1.0,1.0,0.3331472788,0.283398759,0.05486679077,0.04545336962
726,1.0,0.0,0.0,0.0,1.0,1.0,0.3369639564,0.2857932986,0.05472671986,0.04542845488
727,1.0,0.0,0.0,0.0,1.0,1.0,0.3359053554,0.2793052089,0.05440157652,0.04448598623
728,1.0,0.0,0.0,0.0,1.0,1.0,0.3353390016,0.282450967,0.05477446318,0.04537689686
729,1.0,0.0,0.0,0.0,1.0,1.0,0.3413126708,0.2915036483,0.0554933548,0.0464656949
730,1.0,0.0,0.0,0.0,1.0,1.0,0.3478449682,0.2974926419,0.05614542961,0.04691964388
731,1.0,0.0,0.0,0.0,1.0,1.0,0.3364297484,0.288429474,0.05305188894,0.04451179504
732,1.0,0.0,0.0,0.0,1.0,1.0,0.3440704201,0.2958214816,0.05552053452,0.04679584503
733,1.0,0.0,0.0,0.0,1.0,1.0,0.3515951681,0.3081611605,0.05753487349,0.04927754402
734,1.0,0.0,0.0,0.0,1.0,1.0,0.3440701452,0.3001680862,0.05640643835,0.04807978868
735,1.0,0.0,0.0,0.0,1.0,1.0,0.3549570085,0.3068755426,0.05866098404,0.04946988821
736,1.0,0.0,0.0,0.0,1.0,1.0,0.3495583788,0.3055726212,0.05620390177,0.04776012897
737,1.0,0.0,0.0,0.0,1.0,1.0,0.350623762,0.3045440736,0.05863153934,0.04959028959
738,1.0,0.0,0.0,0.0,1.0,1.0,0.3463414787,0.2998325359,0.0575209856,0.04848194122
739,1.0,0.0,0.0,0.0,1.0,1.0,0.3320461323,0.2845869362,0.054502666,0.0455544591
740,1.0,0.0,0.0,0.0,1.0,1.0,0.3342343491,0.2836254468,0.05390542746,0.04417616129
741,1.0,0.0,0.0,0.0,1.0,1.0,0.3342289158,0.2891359373,0.05536603928,0.04649668932
742,1.0,0.0,0.0,0.0,1.0,1.0,0.3326040166,0.2860355639,0.05406397581,0.04505330324
743,1.0,0.0,0.0,0.0,1.0,1.0,0.3422525051,0.3004968076,0.0554677844,0.04713463783
744,1.0,0.0,0.0,0.0,1.0,1.0,0.3358515118,0.2924784819,0.05443632603,0.04602098465
745,1.0,0.0,0.0,0.0,1.0,1.0,0.3369084935,0.2941500545,0.05449467897,0.04589027166
746,1.0,0.0,0.0,0.0,1.0,1.0,0.3353282937,0.2857934561,0.05357891321,0.04469263554
747,1.0,0.0,0.0,0.0,1.0,1.0,0.3265504201,0.2766911216,0.05372422934,0.04477018118
748,1.0,0.0,0.0,0.0,1.0,1.0,0.320482119,0.2718076715,0.05167579651,0.04288560152
749,1.0,0.0,0.0,0.0,1.0,1.0,0.3182303421,0.2693409633,0.05106574297,0.04228878021
750,1.0,0.0,0.0,0.0,1.0,1.0,0.3046874721,0.2175657754,0.04964840412,0.034917593
751,1.0,0.0,0.0,0.0,1.0,1.0,0.2732417407,0.1482690612,0.0401006937,0.02179974318
752,1.0,0.0,0.0,0.0,1.0,1.0,0.2754643961,0.1784714889,0.04202222824,0.02693730593
753,1.0,0.0,0.0,0.0,1.0,1.0,0.3000038383,0.2085043912,0.04565560818,0.03156763315
754,1.0,0.0,0.0,0.0,1.0,1.0,0.3123255377,0.2481948002,0.04957461357,0.03887695074
755,1.0,0.0,0.0,0.0,1.0,1.0,0.3281993363,0.2716604646,0.052724123,0.04292118549
756,1.0,0.0,0.0,0.0,1.0,1.0,0.3353282316,0.2815095617,0.05662304163,0.04667949677
757,1.0,0.0,0.0,0.0,1.0,1.0,0.3238321619,0.2666296508,0.05369126797,0.04333460331
758,1.0,0.0,0.0,0.0,1.0,1.0,0.3374951802,0.2822344285,0.05419278145,0.0445061326
759,1.0,0.0,0.0,0.0,1.0,1.0,0.3358781123,0.2824512196,0.05446881056,0.04490357637
760,1.0,0.0,0.0,0.0,1.0,1.0,0.3287639352,0.2750141842,0.05270957947,0.04322183132
761,1.0,0.0,0.0,0.0,1.0,1.0,0.3188301758,0.2666295363,0.05205798149,0.04288715124
762,1.0,0.0,0.0,0.0,1.0,1.0,0.3265828186,0.27242314,0.05189657211,0.04250824451
763,1.0,0.0,0.0,0.0,1.0,1.0,0.3237391879,0.2742575768,0.0524405241,0.0438349247
764,1.0,0.0,0.0,0.0,1.0,1.0,0.3413528405,0.2865068154,0.05463159084,0.04517614841
765,1.0,0.0,0.0,0.0,1.0,1.0,0.3276589765,0.2683066637,0.05413204432,0.04352325201
766,1.0,0.0,0.0,0.0,1.0,1.0,0.3050574964,0.2158660092,0.04915213585,0.03448796272
767,1.0,0.0,0.0,0.0,1.0,1.0,0.2901602261,0.1527450649,0.04162484407,0.02203673124
768,1.0,0.0,0.0,0.0,1.0,1.0,0.3005982645,0.1691074277,0.04348504543,0.02465081215
769,1.0,0.0,0.0,0.0,1.0,1.0,0.3266660097,0.1886105017,0.04683047533,0.02703899145
770,1.0,0.0,0.0,0.0,1.0,1.0,0.3311758951,0.1859428423,0.04585838318,0.02620482445
771,1.0,0.0,0.0,0.0,1.0,1.0,0.3225922653,0.1776351621,0.04422342777,0.02468913794
772,1.0,0.0,0.0,0.0,1.0,1.0,0.3245712685,0.1854434302,0.0477924943,0.02768468857
773,1.0,0.0,0.0,0.0,1.0,1.0,0.3115907498,0.1956272662,0.04242396355,0.02694857121
774,1.0,0.0,0.0,0.0,1.0,1.0,0.3215259166,0.1929424969,0.04463171959,0.02688658237
775,1.0,0.0,0.0,0.0,1.0,1.0,0.3195094862,0.1944436365,0.04378074408,0.02669554949
776,1.0,0.0,0.0,0.0,1.0,1.0,0.3152084462,0.1968013926,0.04398751259,0.02735811472
777,1.0,0.0,0.0,0.0,1.0,1.0,0.3090250574,0.1983328208,0.04382282495,0.02829068899
778,1.0,0.0,0.0,0.0,1.0,1.0,0.3017544555,0.1898168207,0.04267072678,0.02663528919
779,1.0,0.0,0.0,0.0,1.0,1.0,0.3000273538,0.1820691034,0.04197192192,0.02561926842
780,1.0,0.0,0.0,0.0,1.0,1.0,0.3099046508,0.1948716674,0.0444265604,0.02804422379
781,1.0,0.0,0.0,0.0,1.0,1.0,0.3124466685,0.196801364,0.04584866762,0.02904701233
782,1.0,0.0,0.0,0.0,1.0,1.0,0.3066249306,0.187879303,0.0444265604,0.0272744894
783,1.0,0.0,0.0,0.0,1.0,1.0,0.2967094589,0.1847214184,0.04133814573,0.02583628893
784,1.0,0.0,0.0,0.0,1.0,1.0,0.2974993486,0.1866665404,0.0430790782,0.02703005075
785,1.0,0.0,0.0,0.0,1.0,1.0,0.3089877435,0.1902783348,0.0446575284,0.02729070187
786,1.0,0.0,0.0,0.0,1.0,1.0,0.2966803727,0.1721887561,0.04307967424,0.0247708559
787,1.0,0.0,0.0,0.0,1.0,1.0,0.2865532227,0.1902852293,0.0443418622,0.02893036604
788,1.0,0.0,0.0,0.0,1.0,1.0,0.3018449099,0.2413617315,0.04800611734,0.03787147999
789,1.0,0.0,0.0,0.0,1.0,1.0,0.3105701845,0.2583017993,0.0496134758,0.04037696123
790,1.0,0.0,0.0,0.0,1.0,1.0,0.3149152693,0.2693409334,0.05121725798,0.04286074638
791,1.0,0.0,0.0,0.0,1.0,1.0,0.3244517024,0.2774369608,0.05251407623,0.04380571842
792,1.0,0.0,0.0,0.0,1.0,1.0,0.3320619472,0.283175122,0.05488228798,0.04573523998
793,1.0,0.0,0.0,0.0,1.0,1.0,0.3397116089,0.2915039155,0.05418437719,0.04580807686
794,1.0,0.0,0.0,0.0,1.0,1.0,0.3418713763,0.2931695323,0.05862689018,0.04936999083
795,1.0,0.0,0.0,0.0,1.0,1.0,0.3271200723,0.2793053989,0.05405676365,0.0450925827
796,1.0,0.0,0.0,0.0,1.0,1.0,0.32822396,0.280045023,0.05285423994,0.04413330555
797,1.0,0.0,0.0,0.0,1.0,1.0,0.3309409139,0.2795052288,0.05287069082,0.04361838102
798,1.0,0.0,0.0,0.0,1.0,1.0,0.33593271,0.2889543863,0.05351763964,0.04526370764
799,1.0,0.0,0.0,0.0,1.0,1.0,0.3353610201,0.2920669283,0.05344551802,0.0457726717
800,1.0,0.0,0.0,0.0,1.0,1.0,0.3359186154,0.2923536832,0.05373293161,0.04575282335
801,1.0,0.0,0.0,0.0,1.0,1.0,0.3021959174,0.2498602362,0.04758566618,0.03854703903
802,1.0,0.0,0.0,0.0,1.0,1.0,0.3093509059,0.252454091,0.04908442497,0.03937542439
803,1.0,0.0,0.0,0.0,1.0,1.0,0.3093512285,0.2568497836,0.04863375425,0.03928112984
804,1.0,0.0,0.0,0.0,1.0,1.0,0.3132834096,0.257695802,0.04996156693,0.04018646479
805,1.0,0.0,0.0,0.0,1.0,1.0,0.3123255546,0.2567532626,0.05055820942,0.04071986675
806,1.0,0.0,0.0,0.0,1.0,1.0,0.3150783748,0.2593708144,0.05062383413,0.040825665
807,1.0,0.0,0.0,0.0,1.0,1.0,0.3138178035,0.2550659197,0.04946833849,0.03952091932
808,1.0,0.0,0.0,0.0,1.0,1.0,0.3166887625,0.257641476,0.04980111122,0.03989440203
809,1.0,0.0,0.0,0.0,1.0,1.0,0.3274621123,0.264558058,0.05185669661,0.04132330418
810,1.0,0.0,0.0,0.0,1.0,1.0,0.3320182314,0.2774314245,0.05308228731,0.04360330105
811,1.0,0.0,0.0,0.0,1.0,1.0,0.3286532668,0.2806653524,0.05243819952,0.0441018343
812,1.0,0.0,0.0,0.0,1.0,1.0,0.3303662909,0.2814125397,0.05262625217,0.04385519028
813,1.0,0.0,0.0,0.0,1.0,1.0,0.3309301651,0.2821557268,0.05286574364,0.04409909248
814,1.0,0.0,0.0,0.0,1.0,1.0,0.3270599661,0.2736568599,0.05365407467,0.04384928942
815,1.0,0.0,0.0,0.0,1.0,1.0,0.330366088,0.2778108354,0.05311757326,0.04399639368
816,1.0,0.0,0.0,0.0,1.0,1.0,0.3314814615,0.2802491962,0.05313575268,0.04432433844
817,1.0,0.0,0.0,0.0,1.0,1.0,0.3225623457,0.27025726,0.0512611866,0.04223072529
818,1.0,0.0,0.0,0.0,1.0,1.0,0.3186868705,0.2643575285,0.05106765032,0.04144233465
819,1.0,0.0,0.0,0.0,1.0,1.0,0.3092290387,0.2368016135,0.0494557023,0.03716009855
820,1.0,0.0,0.0,0.0,1.0,1.0,0.3053356226,0.2034579365,0.04705536366,0.03118789196
821,1.0,0.0,0.0,0.0,1.0,1.0,0.2823704873,0.1596854737,0.04144948721,0.02317899466
822,1.0,0.0,0.0,0.0,1.0,1.0,0.2940598567,0.1798993211,0.04416906834,0.0268265605
823,1.0,0.0,0.0,0.0,1.0,1.0,0.3052399928,0.2171934031,0.04713404179,0.03312849998
824,1.0,0.0,0.0,0.0,1.0,1.0,0.3165187585,0.2481132863,0.05003708601,0.03861558437
825,1.0,0.0,0.0,0.0,1.0,1.0,0.3217384819,0.2629196061,0.05136495829,0.04125589132
826,1.0,0.0,0.0,0.0,1.0,1.0,0.3275482236,0.2747608149,0.05261176825,0.04316866398
827,1.0,0.0,0.0,0.0,1.0,1.0,0.3331474271,0.2757080209,0.05329060555,0.04328167439
828,1.0,0.0,0.0,0.0,1.0,1.0,0.3399117168,0.2814127176,0.05489569902,0.04506361485
829,1.0,0.0,0.0,0.0,1.0,1.0,0.3359612571,0.2738198147,0.05408060551,0.04348188639
830,1.0,0.0,0.0,0.0,1.0,1.0,0.3382204075,0.2772427483,0.05420303345,0.04390454292
831,1.0,0.0,0.0,0.0,1.0,1.0,0.3292078746,0.2736567502,0.05251854658,0.043361485
832,1.0,0.0,0.0,0.0,1.0,1.0,0.3314479202,0.2678916324,0.05284881592,0.04227900505
833,1.0,0.0,0.0,0.0,1.0,1.0,0.33370923,0.2806653212,0.05488181114,0.04545766115
834,1.0,0.0,0.0,0.0,1.0,1.0,0.3285835601,0.2610998619,0.05177587271,0.04071956873
835,1.0,0.0,0.0,0.0,1.0,1.0,0.3297653803,0.2730436709,0.05243384838,0.04275375605
836,1.0,0.0,0.0,0.0,1.0,1.0,0.3314477028,0.2713261903,0.05381530523,0.04360419512
837,1.0,0.0,0.0,0.0,1.0,1.0,0.3286069692,0.2593057174,0.05206537247,0.04073512554
838,1.0,0.0,0.0,0.0,1.0,1.0,0.3303096387,0.264456953,0.05267643929,0.04181528091
839,1.0,0.0,0.0,0.0,1.0,1.0,0.3280482741,0.2661747132,0.05198836327,0.04175233841
840,1.0,0.0,0.0,0.0,1.0,1.0,0.3240512322,0.2567532918,0.05205881596,0.04082506895
841,1.0,0.0,0.0,0.0,1.0,1.0,0.3331473754,0.2524544967,0.05233252048,0.03938430548
842,1.0,0.0,0.0,0.0,1.0,1.0,0.3337207676,0.2515834801,0.05237221718,0.0394141078
843,1.0,0.0,0.0,0.0,1.0,1.0,0.3279687828,0.2429199232,0.05098330975,0.03756666183
844,1.0,0.0,0.0,0.0,1.0,1.0,0.327941962,0.2323877914,0.0515267849,0.03625959158
845,1.0,0.0,0.0,0.0,1.0,1.0,0.3187129866,0.2314495878,0.05064159632,0.03632980585
846,1.0,0.0,0.0,0.0,1.0,1.0,0.3202436867,0.2179632086,0.04976469278,0.03363215923
847,1.0,0.0,0.0,0.0,1.0,1.0,0.3236118579,0.2203069897,0.05137914419,0.03491508961
848,1.0,0.0,0.0,0.0,1.0,1.0,0.314211506,0.2088118806,0.04832476377,0.03194350004
849,1.0,0.0,0.0,0.0,1.0,1.0,0.3072422943,0.1941363225,0.04623520374,0.02937299013
850,1.0,0.0,0.0,0.0,1.0,1.0,0.3000163708,0.1763717906,0.04453980923,0.02623200417
851,1.0,0.0,0.0,0.0,1.0,1.0,0.2901004025,0.1559278983,0.04317170382,0.02311772108
852,1.0,0.0,0.0,0.0,1.0,1.0,0.2920567343,0.150859078,0.04210698605,0.02187377214
853,1.0,0.0,0.0,0.0,1.0,1.0,0.2882284377,0.1497289785,0.0421282649,0.021884799
854,1.0,0.0,0.0,0.0,1.0,1.0,0.2922016359,0.1603581202,0.04294538498,0.02352422476
855,1.0,0.0,0.0,0.0,1.0,1.0,0.2892633735,0.157904276,0.04222011566,0.02300453186
856,1.0,0.0,0.0,0.0,1.0,1.0,0.3083580058,0.1720053136,0.04630744457,0.02587765455
857,1.0,0.0,0.0,0.0,1.0,1.0,0.2983678697,0.1714373988,0.04439026117,0.02559936047
858,1.0,0.0,0.0,0.0,1.0,1.0,0.3007497271,0.1671858897,0.04570841789,0.02536255121
859,1.0,0.0,0.0,0.0,1.0,1.0,0.3014770342,0.1793869687,0.04504936934,0.02675658464
860,1.0,0.0,0.0,0.0,1.0,1.0,0.3016497839,0.1769085833,0.04493695498,0.02625834942
861,1.0,0.0,0.0,0.0,1.0,1.0,0.3027507957,0.1745350454,0.04468131065,0.02557063103
862,1.0,0.0,0.0,0.0,1.0,1.0,0.305283884,0.1793872534,0.04694449902,0.02738434076
863,1.0,0.0,0.0,0.0,1.0,1.0,0.3048838128,0.1889851022,0.04482096434,0.02758210897
864,1.0,0.0,0.0,0.0,1.0,1.0,0.3105406791,0.1959337374,0.04760628939,0.02982234955
865,1.0,0.0,0.0,0.0,1.0,1.0,0.312099887,0.1980711936,0.04705637693,0.02964824438
866,1.0,0.0,0.0,0.0,1.0,1.0,0.3137993629,0.2035224212,0.04777860641,0.0309317708
867,1.0,0.0,0.0,0.0,1.0,1.0,0.3133386102,0.2038576142,0.04732036591,0.03073108196
868,1.0,0.0,0.0,0.0,1.0,1.0,0.3047298852,0.1775564685,0.04548859596,0.02626425028
869,1.0,0.0,0.0,0.0,1.0,1.0,0.2924294108,0.1715458879,0.04268091917,0.02485215664
870,1.0,0.0,0.0,0.0,1.0,1.0,0.2879431699,0.1684451842,0.04151427746,0.02410507202
871,1.0,0.0,0.0,0.0,1.0,1.0,0.3165491807,0.2185159342,0.04861313105,0.03331911564
872,1.0,0.0,0.0,0.0,1.0,1.0,0.3162566868,0.2445816408,0.04964518547,0.03812533617
873,1.0,0.0,0.0,0.0,1.0,1.0,0.3221769371,0.2533550933,0.05044573545,0.03932601213
874,1.0,0.0,0.0,0.0,1.0,1.0,0.3232976549,0.2507371589,0.05069684982,0.03897660971
875,1.0,0.0,0.0,0.0,1.0,1.0,0.3203786281,0.2516202131,0.05029565096,0.03908848763
876,1.0,0.0,0.0,0.0,1.0,1.0,0.3233996575,0.2603438745,0.05100476742,0.04042392969
877,1.0,0.0,0.0,0.0,1.0,1.0,0.3153410579,0.2524723602,0.04897552729,0.03880578279
878,1.0,0.0,0.0,0.0,1.0,1.0,0.3159750253,0.2568007861,0.04979133606,0.04004949331
879,1.0,0.0,0.0,0.0,1.0,1.0,0.3194090593,0.2611779959,0.05050188303,0.04072731733
880,1.0,0.0,0.0,0.0,1.0,1.0,0.3170643195,0.2576956143,0.05033189058,0.0404843092
881,1.0,0.0,0.0,0.0,1.0,1.0,0.3211265664,0.2595041572,0.05053305626,0.03999406099
882,1.0,0.0,0.0,0.0,1.0,1.0,0.3177710931,0.2664017805,0.0506773591,0.04168623686
883,1.0,0.0,0.0,0.0,1.0,1.0,0.3200938699,0.2672118435,0.05102396011,0.04179620743
884,1.0,0.0,0.0,0.0,1.0,1.0,0.3207035653,0.2662871868,0.05099254847,0.0415495038
885,1.0,0.0,0.0,0.0,1.0,1.0,0.3167722611,0.262739706,0.05051839352,0.04133319855
886,1.0,0.0,0.0,0.0,1.0,1.0,0.324097709,0.2749330809,0.05154532194,0.04290944338
887,1.0,0.0,0.0,0.0,1.0,1.0,0.321188305,0.267212127,0.05056732893,0.04142218828
888,1.0,0.0,0.0,0.0,1.0,1.0,0.326904292,0.2697455007,0.05208295584,0.04231739044
889,1.0,0.0,0.0,0.0,1.0,1.0,0.3228435818,0.2673333044,0.05097323656,0.04148358107
890,1.0,0.0,0.0,0.0,1.0,1.0,0.3303096726,0.2774313652,0.05215775967,0.04328554869
891,1.0,0.0,0.0,0.0,1.0,1.0,0.3223455568,0.2672118732,0.05102723837,0.0415777564
892,1.0,0.0,0.0,0.0,1.0,1.0,0.318861506,0.2646605265,0.05199873447,0.04249358177
893,1.0,0.0,0.0,0.0,1.0,1.0,0.3176120831,0.2604178262,0.0501036644,0.04030072689
894,1.0,0.0,0.0,0.0,1.0,1.0,0.3274621174,0.2828284789,0.05218225718,0.04430061579
895,1.0,0.0,0.0,0.0,1.0,1.0,0.3257565106,0.2680165825,0.05185782909,0.04208362103
896,1.0,0.0,0.0,0.0,1.0,1.0,0.3136179661,0.2498603875,0.04935640097,0.03850883245
897,1.0,0.0,0.0,0.0,1.0,1.0,0.3126461198,0.2602713382,0.04960054159,0.04065614939
898,1.0,0.0,0.0,0.0,1.0,1.0,0.3139164179,0.2524544533,0.04911518097,0.03876119852
899,1.0,0.0,0.0,0.0,1.0,1.0,0.3064243084,0.2121115409,0.04654055834,0.03192895651
900,1.0,0.0,0.0,0.0,1.0,1.0,0.2795511469,0.1739771922,0.04174387455,0.02564662695
901,1.0,0.0,0.0,0.0,1.0,1.0,0.2772036081,0.1640302674,0.03959053755,0.02316176891
902,1.0,0.0,0.0,0.0,1.0,1.0,0.2869119358,0.1633702352,0.04120826721,0.02319669724
903,1.0,0.0,0.0,0.0,1.0,1.0,0.2967688891,0.1646591763,0.04235053062,0.0234977603
904,1.0,0.0,0.0,0.0,1.0,1.0,0.3008030698,0.1743211958,0.04194033146,0.0243524313
905,1.0,0.0,0.0,0.0,1.0,1.0,0.3117169328,0.1749994345,0.04345178604,0.02444159985
906,1.0,0.0,0.0,0.0,1.0,1.0,0.3128174195,0.1810012971,0.04298150539,0.02486979961
907,1.0,0.0,0.0,0.0,1.0,1.0,0.321751982,0.1699051892,0.04357415438,0.0231487751
908,1.0,0.0,0.0,0.0,1.0,1.0,0.3191830011,0.1725229974,0.04398667812,0.02391779423
909,1.0,0.0,0.0,0.0,1.0,1.0,0.3171878182,0.1725227344,0.04310339689,0.02358490229
910,1.0,0.0,0.0,0.0,1.0,1.0,0.318634299,0.1711645692,0.04413247108,0.02384799719
911,1.0,0.0,0.0,0.0,1.0,1.0,0.3186336973,0.1744122845,0.04480630159,0.02476871014
912,1.0,0.0,0.0,0.0,1.0,1.0,0.3053283499,0.1598296793,0.04162710905,0.02192360163
913,1.0,0.0,0.0,0.0,1.0,1.0,0.3086209697,0.1557830841,0.04287284613,0.02186226845
914,1.0,0.0,0.0,0.0,1.0,1.0,0.3153975821,0.1557834521,0.04291701317,0.02145850658
915,1.0,0.0,0.0,0.0,1.0,1.0,0.3164566046,0.153301124,0.04382950068,0.02135998011
916,1.0,0.0,0.0,0.0,1.0,1.0,0.3111103536,0.1416529972,0.04324811697,0.01946163177
917,1.0,0.0,0.0,0.0,1.0,1.0,0.2817096745,0.178082214,0.04190272093,0.02615582943
918,1.0,0.0,0.0,0.0,1.0,1.0,0.3019149193,0.2101300353,0.04581207037,0.03133124113
919,1.0,0.0,0.0,0.0,1.0,1.0,0.3056713088,0.2323874689,0.04775416851,0.03568142653
920,1.0,0.0,0.0,0.0,1.0,1.0,0.317469765,0.2438502601,0.05121779442,0.03848111629
921,1.0,0.0,0.0,0.0,1.0,1.0,0.3203555683,0.2617586437,0.05111342669,0.04099720716
922,1.0,0.0,0.0,0.0,1.0,1.0,0.331464455,0.2686857369,0.05190247297,0.04136395454
923,1.0,0.0,0.0,0.0,1.0,1.0,0.3274911972,0.2585359118,0.05204153061,0.04017710686
924,1.0,0.0,0.0,0.0,1.0,1.0,0.325756661,0.2665179647,0.05169999599,0.04114347696
925,1.0,0.0,0.0,0.0,1.0,1.0,0.326313344,0.2681428449,0.05175882578,0.04173225164
926,1.0,0.0,0.0,0.0,1.0,1.0,0.3342902553,0.2795639015,0.05296134949,0.04345542192
927,1.0,0.0,0.0,0.0,1.0,1.0,0.3354527441,0.2780137174,0.05320781469,0.04333418608
928,1.0,0.0,0.0,0.0,1.0,1.0,0.3371820509,0.2807620403,0.05328774452,0.0434499979
929,1.0,0.0,0.0,0.0,1.0,1.0,0.3337297847,0.2802003823,0.05248695612,0.04314368963
930,1.0,0.0,0.0,0.0,1.0,1.0,0.3290844539,0.2712771618,0.05346602201,0.04299914837
931,1.0,0.0,0.0,0.0,1.0,1.0,0.3302351448,0.2694922763,0.0517360568,0.04133409262
932,1.0,0.0,0.0,0.0,1.0,1.0,0.3267405768,0.2659229373,0.05102092028,0.04065304995
933,1.0,0.0,0.0,0.0,1.0,1.0,0.3273433866,0.2720899954,0.05174934864,0.04211515188
934,1.0,0.0,0.0,0.0,1.0,1.0,0.3331475054,0.2756468888,0.05251163244,0.04239219427
935,1.0,0.0,0.0,0.0,1.0,1.0,0.3360646583,0.2728974269,0.05259257555,0.04218363762
936,1.0,0.0,0.0,0.0,1.0,1.0,0.3394986035,0.2764411577,0.05305469036,0.04222714901
937,1.0,0.0,0.0,0.0,1.0,1.0,0.3331474193,0.2827605014,0.05276322365,0.04369455576
938,1.0,0.0,0.0,0.0,1.0,1.0,0.3308378012,0.2782134018,0.05218684673,0.04289704561
939,1.0,0.0,0.0,0.0,1.0,1.0,0.3354409227,0.2832923201,0.05274939537,0.04355204105
940,1.0,0.0,0.0,0.0,1.0,1.0,0.3257566066,0.2797731401,0.05190676451,0.04321032763
941,1.0,0.0,0.0,0.0,1.0,1.0,0.3325788287,0.2692161664,0.05300396681,0.04158776999
942,1.0,0.0,0.0,0.0,1.0,1.0,0.3337092719,0.2828280994,0.05413937569,0.04456925392
943,1.0,0.0,0.0,0.0,1.0,1.0,0.3280993626,0.2749329755,0.05282688141,0.04307425022
944,1.0,0.0,0.0,0.0,1.0,1.0,0.3303801127,0.2816296694,0.05458623171,0.04498565197
945,1.0,0.0,0.0,0.0,1.0,1.0,0.3269983836,0.273366566,0.05392217636,0.04341429472
946,1.0,0.0,0.0,0.0,1.0,1.0,0.3235967984,0.271625401,0.05364227295,0.04358434677
947,1.0,0.0,0.0,0.0,1.0,1.0,0.3269986811,0.2733663057,0.05326759815,0.04288721085
948,1.0,0.0,0.0,0.0,1.0,1.0,0.3287200711,0.276478126,0.05514931679,0.04484367371
949,1.0,0.0,0.0,0.0,1.0,1.0,0.3264846203,0.2732039154,0.05287247896,0.04262167215
950,1.0,0.0,0.0,0.0,1.0,1.0,0.3271199017,0.2780021674,0.05443364382,0.04458642006
951,1.0,0.0,0.0,0.0,1.0,1.0,0.3303383346,0.2776224901,0.05255573988,0.04290258884
952,1.0,0.0,0.0,0.0,1.0,1.0,0.3225091603,0.2724174804,0.05197781324,0.04250270128
953,1.0,0.0,0.0,0.0,1.0,1.0,0.3308960208,0.2793579786,0.05350553989,0.04395103455
954,1.0,0.0,0.0,0.0,1.0,1.0,0.3308965171,0.2793580685,0.05473327637,0.04495948553
955,1.0,0.0,0.0,0.0,1.0,1.0,0.3163216782,0.2602712718,0.05059117079,0.04036527872
956,1.0,0.0,0.0,0.0,1.0,1.0,0.3125347699,0.2628286817,0.05021136999,0.04081344604
957,1.0,0.0,0.0,0.0,1.0,1.0,0.3124306863,0.2602710549,0.04985457659,0.04020524025
958,1.0,0.0,0.0,0.0,1.0,1.0,0.308302146,0.2551019032,0.04920482635,0.03947198391
959,1.0,0.0,0.0,0.0,1.0,1.0,0.3147323148,0.266174528,0.0499368906,0.04117137194
960,1.0,0.0,0.0,0.0,1.0,1.0,0.3093513736,0.2568009256,0.04911768436,0.03994178772
961,1.0,0.0,0.0,0.0,1.0,1.0,0.3097587184,0.2507249765,0.04939800501,0.03957295418
962,1.0,0.0,0.0,0.0,1.0,1.0,0.3280740628,0.2669741733,0.0519118309,0.04174351692
963,1.0,0.0,0.0,0.0,1.0,1.0,0.3263138186,0.2732035623,0.05217432976,0.04315984249
964,1.0,0.0,0.0,0.0,1.0,1.0,0.3251609004,0.266174661,0.05213928223,0.04253470898
965,1.0,0.0,0.0,0.0,1.0,1.0,0.3216792984,0.2670924106,0.05237030983,0.04340857267
966,1.0,0.0,0.0,0.0,1.0,1.0,0.3285836911,0.2721082307,0.05239790678,0.04339200258
967,1.0,0.0,0.0,0.0,1.0,1.0,0.3113580478,0.2593056331,0.04916852713,0.04101908207
968,1.0,0.0,0.0,0.0,1.0,1.0,0.289983925,0.1909648051,0.04278898239,0.0287951231
969,1.0,0.0,0.0,0.0,1.0,1.0,0.2852919023,0.1744479116,0.04247033596,0.02630418539
970,1.0,0.0,0.0,0.0,1.0,1.0,0.3072426884,0.1765798233,0.04581522942,0.02695012093
971,1.0,0.0,0.0,0.0,1.0,1.0,0.3203784943,0.2369810262,0.05061411858,0.03796058893
972,1.0,0.0,0.0,0.0,1.0,1.0,0.3208738029,0.2301121265,0.04927104712,0.03607821465
973,1.0,0.0,0.0,0.0,1.0,1.0,0.3168963214,0.2343518811,0.04968869686,0.03712999821
974,1.0,0.0,0.0,0.0,1.0,1.0,0.3243804485,0.2489897708,0.05092030764,0.03935998678
975,1.0,0.0,0.0,0.0,1.0,1.0,0.3221768519,0.2585361574,0.05021339655,0.04022473097
976,1.0,0.0,0.0,0.0,1.0,1.0,0.3308615909,0.2739846407,0.05298745632,0.04365283251
977,1.0,0.0,0.0,0.0,1.0,1.0,0.331429813,0.2757082102,0.05186843872,0.04299980402
978,1.0,0.0,0.0,0.0,1.0,1.0,0.3251609771,0.2644570642,0.05102258921,0.04135513306
979,1.0,0.0,0.0,0.0,1.0,1.0,0.3240043763,0.2644573935,0.05124264956,0.04175329208
980,1.0,0.0,0.0,0.0,1.0,1.0,0.32507801,0.258476219,0.05020391941,0.04005628824
981,1.0,0.0,0.0,0.0,1.0,1.0,0.3274329289,0.2654766948,0.05222958326,0.04183834791
982,1.0,0.0,0.0,0.0,1.0,1.0,0.3262783798,0.2550658272,0.05216366053,0.04035818577
983,1.0,0.0,0.0,0.0,1.0,1.0,0.3246486978,0.2532833326,0.05154371262,0.03993964195
984,1.0,0.0,0.0,0.0,1.0,1.0,0.3147031297,0.2394497782,0.04891842604,0.03709203005
985,1.0,0.0,0.0,0.0,1.0,1.0,0.3080592086,0.2305054374,0.04814767838,0.03583723307
986,1.0,0.0,0.0,0.0,1.0,1.0,0.3186372646,0.2340240007,0.04899644852,0.03560942411
987,1.0,0.0,0.0,0.0,1.0,1.0,0.313205432,0.2318848431,0.04858404398,0.03520977497
988,1.0,0.0,0.0,0.0,1.0,1.0,0.3161679621,0.2320131799,0.04901206493,0.03539758921
989,1.0,0.0,0.0,0.0,1.0,1.0,0.3203116076,0.2136619438,0.05047875643,0.03337669373
990,1.0,0.0,0.0,0.0,1.0,1.0,0.3155206004,0.2098471225,0.04896557331,0.03227895498
991,1.0,0.0,0.0,0.0,1.0,1.0,0.3124366279,0.208069212,0.04725676775,0.03141504526
992,1.0,0.0,0.0,0.0,1.0,1.0,0.3135505014,0.2077694089,0.04686909914,0.03089100122
993,1.0,0.0,0.0,0.0,1.0,1.0,0.3153320817,0.2067190001,0.04796868563,0.03116607666
994,1.0,0.0,0.0,0.0,1.0,1.0,0.3147706066,0.205242502,0.04882520437,0.03172260523
995,1.0,0.0,0.0,0.0,1.0,1.0,0.2989324153,0.1930331679,0.04507911205,0.02905702591
996,1.0,0.0,0.0,0.0,1.0,1.0,0.3001921235,0.1919215883,0.0465683341,0.02955830097
997,1.0,0.0,0.0,0.0,1.0,1.0,0.300368796,0.1959339169,0.04531598091,0.02940148115
998,1.0,0.0,0.0,0.0,1.0,1.0,0.3028612847,0.1984452655,0.04578197002,0.02962362766
999,1.0,0.0,0.0,0.0,1.0,1.0,0.3044894994,0.1984448852,0.04827451706,0.03123641014
1000,1.0,0.0,0.0,0.0,1.0,1.0,0.3077926877,0.2041872881,0.04913544655,0.03219223022
1001,1.0,0.0,0.0,0.0,1.0,1.0,0.3031817973,0.2080688248,0.04723519087,0.03213089705
1002,1.0,0.0,0.0,0.0,1.0,1.0,0.3012502748,0.2092696652,0.04572618008,0.03120142221
1003,1.0,0.0,0.0,0.0,1.0,1.0,0.2975165019,0.2089742308,0.04668784142,0.03215032816
1004,1.0,0.0,0.0,0.0,1.0,1.0,0.2915802953,0.1909044891,0.04292458296,0.02753651142
1005,1.0,0.0,0.0,0.0,1.0,1.0,0.2823702014,0.1678306992,0.04100048542,0.02400684357
1006,1.0,0.0,0.0,0.0,1.0,1.0,0.2899144373,0.1729804315,0.04140585661,0.02451664209
1007,1.0,0.0,0.0,0.0,1.0,1.0,0.2926121763,0.1840059359,0.04212397337,0.02598559856
1008,1.0,0.0,0.0,0.0,1.0,1.0,0.2931692194,0.1859425084,0.04171103239,0.02600169182
1009,1.0,0.0,0.0,0.0,1.0,1.0,0.2918219516,0.1917531986,0.04320204258,0.02795422077
1010,1.0,0.0,0.0,0.0,1.0,1.0,0.2973859719,0.1987305789,0.04390662909,0.02862262726
1011,1.0,0.0,0.0,0.0,1.0,1.0,0.2957151275,0.1811964968,0.04330015182,0.02603489161
1012,1.0,0.0,0.0,0.0,1.0,1.0,0.300020299,0.1922006954,0.04429030418,0.02768146992
1013,1.0,0.0,0.0,0.0,1.0,1.0,0.2925196073,0.19220051,0.04228103161,0.02710324526
1014,1.0,0.0,0.0,0.0,1.0,1.0,0.3015396469,0.1905553546,0.04380679131,0.02700042725
1015,1.0,0.0,0.0,0.0,1.0,1.0,0.3024625166,0.1987306778,0.04303121567,0.02752929926
1016,1.0,0.0,0.0,0.0,1.0,1.0,0.3060674186,0.1929425578,0.0442699194,0.0273271203
1017,1.0,0.0,0.0,0.0,1.0,1.0,0.29606087,0.182068788,0.0424028635,0.02538770437
1018,1.0,0.0,0.0,0.0,1.0,1.0,0.2909527369,0.1775072648,0.04341804981,0.02593809366
1019,1.0,0.0,0.0,0.0,1.0,1.0,0.2753939169,0.1653350469,0.04012280703,0.02364850044
1020,1.0,0.0,0.0,0.0,1.0,1.0,0.2801327215,0.1790045281,0.04245334864,0.02629369497
1021,1.0,0.0,0.0,0.0,1.0,1.0,0.3069836542,0.2213049782,0.04723924398,0.03328222036
1022,1.0,0.0,0.0,0.0,1.0,1.0,0.3089810933,0.2383011153,0.04820007086,0.0360827446
1023,1.0,0.0,0.0,0.0,1.0,1.0,0.3132833112,0.2333193199,0.04873901606,0.03549474478
1024,1.0,0.0,0.0,0.0,1.0,1.0,0.3141102803,0.2395213498,0.04990792274,0.03709733486
1025,1.0,0.0,0.0,0.0,1.0,1.0,0.3150781741,0.2568010025,0.05120843649,0.04074651003
1026,1.0,0.0,0.0,0.0,1.0,1.0,0.313384472,0.2629192314,0.0496699214,0.04054135084
1027,1.0,0.0,0.0,0.0,1.0,1.0,0.3133843265,0.2611782999,0.0493427515,0.04000765085
1028,1.0,0.0,0.0,0.0,1.0,1.0,0.3173900187,0.2672116934,0.05142086744,0.04212135077
1029,1.0,0.0,0.0,0.0,1.0,1.0,0.3174700184,0.2636461374,0.05102550983,0.04130637646
1030,1.0,0.0,0.0,0.0,1.0,1.0,0.324097438,0.2611780461,0.05156886578,0.04049909115
1031,1.0,0.0,0.0,0.0,1.0,1.0,0.3207036087,0.2576958009,0.05185443163,0.04060560465
1032,1.0,0.0,0.0,0.0,1.0,1.0,0.3219679828,0.2653688936,0.0506118536,0.04059487581
1033,1.0,0.0,0.0,0.0,1.0,1.0,0.3159633077,0.2515717602,0.05075365305,0.03926730156
1034,1.0,0.0,0.0,0.0,1.0,1.0,0.3185407639,0.2584763658,0.05060809851,0.04016512632
1035,1.0,0.0,0.0,0.0,1.0,1.0,0.3213692642,0.2662872078,0.05138283968,0.04142910242
1036,1.0,0.0,0.0,0.0,1.0,1.0,0.3120127833,0.2619224606,0.05154716969,0.04189926386
1037,1.0,0.0,0.0,0.0,1.0,1.0,0.3164902263,0.2619225594,0.05208319426,0.04166650772
1038,1.0,0.0,0.0,0.0,1.0,1.0,0.3126375807,0.2584763005,0.05153268576,0.04111647606
1039,1.0,0.0,0.0,0.0,1.0,1.0,0.3202906439,0.2541834659,0.05124181509,0.03943747282
1040,1.0,0.0,0.0,0.0,1.0,1.0,0.3158770863,0.2585363294,0.05028039217,0.03963905573
1041,1.0,0.0,0.0,0.0,1.0,1.0,0.3147322081,0.2593706826,0.05102258921,0.04070949554
1042,1.0,0.0,0.0,0.0,1.0,1.0,0.3179272583,0.2612573426,0.05041074753,0.03995317221
1043,1.0,0.0,0.0,0.0,1.0,1.0,0.3213094949,0.2664016184,0.05196368694,0.04184442759
1044,1.0,0.0,0.0,0.0,1.0,1.0,0.3252018564,0.2585968904,0.05148935318,0.03989750147
1045,1.0,0.0,0.0,0.0,1.0,1.0,0.3257943244,0.2603440097,0.05184859037,0.0402366519
1046,1.0,0.0,0.0,0.0,1.0,1.0,0.3211881323,0.2586582459,0.05181276798,0.04051315784
1047,1.0,0.0,0.0,0.0,1.0,1.0,0.3200937683,0.2604927928,0.05095714331,0.03984415531
1048,1.0,0.0,0.0,0.0,1.0,1.0,0.3262782924,0.2701670677,0.05196154118,0.04184269905
1049,1.0,0.0,0.0,0.0,1.0,1.0,0.3240041671,0.2709754834,0.05261445045,0.04287105799
1050,1.0,0.0,0.0,0.0,1.0,1.0,0.3227363896,0.2596411458,0.05087971687,0.03993779421
1051,1.0,0.0,0.0,0.0,1.0,1.0,0.3227903863,0.2703114971,0.05092561245,0.04139405489
1052,1.0,0.0,0.0,0.0,1.0,1.0,0.3203786554,0.2642408798,0.05019319057,0.04009997845
1053,1.0,0.0,0.0,0.0,1.0,1.0,0.3173665837,0.2462651697,0.0500524044,0.03788495064
1054,1.0,0.0,0.0,0.0,1.0,1.0,0.3016172164,0.1937325215,0.0462910533,0.02930855751
1055,1.0,0.0,0.0,0.0,1.0,1.0,0.2811531516,0.1554251209,0.04055070877,0.02194184065
1056,1.0,0.0,0.0,0.0,1.0,1.0,0.2909529361,0.1504947919,0.04206293821,0.02130454779
1057,1.0,0.0,0.0,0.0,1.0,1.0,0.2682811699,0.1678751403,0.03941518068,0.0238711834
1058,1.0,0.0,0.0,0.0,1.0,1.0,0.2631071118,0.1857201974,0.03959304094,0.02667033672
1059,1.0,0.0,0.0,0.0,1.0,1.0,0.2628229855,0.1995083221,0.0411400795,0.02938574553
1060,1.0,0.0,0.0,0.0,1.0,1.0,0.2659226935,0.2114206274,0.04196768999,0.03098291159
1061,1.0,0.0,0.0,0.0,1.0,1.0,0.2547596152,0.2069155422,0.04081559181,0.03025490046
1062,1.0,0.0,0.0,0.0,1.0,1.0,0.2511594299,0.2210302214,0.0413531065,0.03279727697
1063,1.0,0.7853981853,0.0,0.0,1.0,1.0,0.2417729247,0.2106103964,0.0393178463,0.03045749664
1064,1.0,0.7853981853,0.0,0.0,1.0,1.0,0.2397961359,0.2054186419,0.03821569681,0.02901041508
1065,1.0,0.7853981853,0.0,0.0,1.0,1.0,0.2311756,0.1994932036,0.03659969568,0.02779370546
1066,1.0,0.7853981853,0.0,0.0,1.0,1.0,0.2309115247,0.2085451509,0.03607475758,0.0291903019
1067,1.0,0.7853981853,0.0,0.0,1.0,1.0,0.2442243193,0.2183655296,0.03632086515,0.02905672789
1068,1.0,0.7853981853,0.0,0.0,1.0,1.0,0.2609762115,0.2150973326,0.03789180517,0.02778732777
1069,1.0,0.7853981853,0.0,0.0,1.0,1.0,0.2563625216,0.2165458428,0.04018610716,0.03028517962
1070,1.0,0.7853981853,0.0,0.0,1.0,1.0,0.2744679211,0.2197940186,0.04064571857,0.02971339226
1071,1.0,0.7853981853,0.0,0.0,1.0,1.0,0.2847357105,0.2218674072,0.04167062044,0.02992451191
1072,1.0,0.7853981853,0.0,0.0,1.0,1.0,0.2773017978,0.2147560886,0.0404818058,0.02923685312
1073,1.0,0.0,0.0,0.0,1.0,1.0,0.2750404867,0.239449875,0.03943628073,0.0319378376
1074,1.0,0.0,0.0,0.0,1.0,1.0,0.2903516636,0.2290390308,0.04112678766,0.0307751894
1075,1.0,0.0,0.0,0.0,1.0,1.0,0.2825347332,0.2267808004,0.04207283258,0.03234165907
1076,1.0,0.0,0.0,0.0,1.0,1.0,0.3111101044,0.2083860615,0.04686844349,0.03017163277
1077,1.0,0.0,0.0,0.0,1.0,1.0,0.2913501804,0.174412235,0.04410117865,0.02484178543
1078,1.0,0.0,0.0,0.0,1.0,1.0,0.2711252707,0.1897436928,0.04260581732,0.02812540531
1079,1.0,0.0,0.0,0.0,1.0,1.0,0.3033390005,0.2259768563,0.04822796583,0.03428930044
1080,1.0,0.0,0.0,0.0,1.0,1.0,0.3106375549,0.2516453675,0.05124843121,0.03927189112
1081,1.0,0.0,0.0,0.0,1.0,1.0,0.3125346673,0.256849483,0.05203914642,0.04090774059
1082,1.0,0.0,0.0,0.0,1.0,1.0,0.319549486,0.2498602421,0.05357581377,0.04046678543
1083,1.0,0.0,0.0,0.0,1.0,1.0,0.3219111743,0.2551024878,0.05313110352,0.04061335325
1084,1.0,0.0,0.0,0.0,1.0,1.0,0.3253216555,0.2645581047,0.0526919961,0.04155606031
1085,1.0,0.0,0.0,0.0,1.0,1.0,0.3198216294,0.2652627819,0.05153375864,0.04160273075
1086,1.0,0.0,0.0,0.0,1.0,1.0,0.3157898078,0.2602712932,0.05189007521,0.04140168428
1087,1.0,0.0,0.0,0.0,1.0,1.0,0.319007045,0.2559548315,0.05407506227,0.04228210449
1088,1.0,0.0,0.0,0.0,1.0,1.0,0.2893120309,0.1621231237,0.0430046916,0.02373635769
1089,1.0,0.0,0.0,0.0,1.0,1.0,0.3075207145,0.1594440037,0.04602319002,0.02358686924
1090,1.0,0.0,0.0,0.0,1.0,1.0,0.2871120655,0.1559280971,0.04375785589,0.02298676968
1091,1.0,0.0,0.0,0.0,1.0,1.0,0.2932173716,0.1937324229,0.04531782866,0.02956712246
1092,1.0,0.0,0.0,0.0,1.0,1.0,0.3108230067,0.2332031055,0.04899525642,0.03600203991
1093,1.0,0.0,0.0,0.0,1.0,1.0,0.3206399087,0.2612574818,0.05151796341,0.04083073139
1094,1.0,0.0,0.0,0.0,1.0,1.0,0.3240511757,0.2716252023,0.05170595646,0.04245328903
1095,1.0,0.0,0.0,0.0,1.0,1.0,0.3325784964,0.2793579923,0.05246847868,0.04332017899
1096,1.0,0.0,0.0,0.0,1.0,1.0,0.3200939079,0.2690802462,0.05049943924,0.04136651754
1097,1.0,0.0,0.0,0.0,1.0,1.0,0.3297475233,0.2803311949,0.05245584249,0.04353296757
1098,1.0,0.0,0.0,0.0,1.0,1.0,0.3297303389,0.2778167543,0.05340343714,0.04399555922
1099,1.0,0.0,0.0,0.0,1.0,1.0,0.3165186326,0.2631040117,0.05018460751,0.04063862562
1100,1.0,0.0,0.0,0.0,1.0,1.0,0.3210016581,0.2569487607,0.05206233263,0.04080557823
1101,1.0,0.0,0.0,0.0,1.0,1.0,0.3221770485,0.2560407633,0.05157858133,0.04020911455
1102,1.0,0.0,0.0,0.0,1.0,1.0,0.3221773823,0.2560845901,0.05060517788,0.03917813301
1103,1.0,0.0,0.0,0.0,1.0,1.0,0.3165188677,0.2622647396,0.05083143711,0.04088610411
1104,1.0,0.0,0.0,0.0,1.0,1.0,0.325756964,0.2700244292,0.05241841078,0.04226398468
1105,1.0,0.0,0.0,0.0,1.0,1.0,0.3155235463,0.2568495255,0.04953080416,0.03935688734
1106,1.0,0.0,0.0,0.0,1.0,1.0,0.317390347,0.2672117999,0.04996275902,0.04092693329
1107,1.0,0.0,0.0,0.0,1.0,1.0,0.3110510569,0.2551024716,0.04876101017,0.03890222311
1108,1.0,0.0,0.0,0.0,1.0,1.0,0.316321622,0.262739813,0.05090326071,0.04142659903
1109,1.0,0.0,0.0,0.0,1.0,1.0,0.3240973442,0.2628289666,0.05179595947,0.04121983051
1110,1.0,0.0,0.0,0.0,1.0,1.0,0.3208292369,0.2757079158,0.05105304718,0.04276692867
1111,1.0,0.0,0.0,0.0,1.0,1.0,0.3280218106,0.2778166441,0.05153375864,0.04267638922
1112,1.0,0.0,0.0,0.0,1.0,1.0,0.3222339854,0.2719326877,0.0508929491,0.04191178083
1113,1.0,0.0,0.0,0.0,1.0,1.0,0.3189344104,0.2727346231,0.05118113756,0.04242283106
1114,1.0,0.0,0.0,0.0,1.0,1.0,0.3219680809,0.2793579907,0.05322378874,0.04463034868
1115,1.0,0.0,0.0,0.0,1.0,1.0,0.3209520512,0.2766622369,0.05274677277,0.04372793436
1116,1.0,0.0,0.0,0.0,1.0,1.0,0.3148242483,0.2714744646,0.05123072863,0.04255670309
1117,1.0,0.0,0.0,0.0,1.0,1.0,0.3236927176,0.2845632503,0.05151683092,0.04355025291
1118,1.0,0.0,0.0,0.0,1.0,1.0,0.3220236678,0.281849566,0.05185687542,0.04379624128
1119,1.0,0.0,0.0,0.0,1.0,1.0,0.3143938622,0.2713262175,0.05174362659,0.04302895069
1120,1.0,0.0,0.0,0.0,1.0,1.0,0.319426297,0.2772424216,0.0526393652,0.04395657778
1121,1.0,0.0,0.0,0.0,1.0,1.0,0.3113015306,0.2660631785,0.05153101683,0.04230970144
1122,1.0,0.0,0.0,0.0,1.0,1.0,0.3243657065,0.2806652695,0.05227571726,0.04351890087
1123,1.0,0.0,0.0,0.0,1.0,1.0,0.3298486162,0.283855184,0.05487805605,0.04582321644
1124,1.0,0.0,0.0,0.0,1.0,1.0,0.3314898642,0.2884989125,0.0544475317,0.04573595524
1125,1.0,0.0,0.0,0.0,1.0,1.0,0.3281996649,0.2811990542,0.05532604456,0.04615139961
1126,1.0,0.0,0.0,0.0,1.0,1.0,0.3298489733,0.2838553071,0.05607759953,0.04682481289
1127,1.0,0.0,0.0,0.0,1.0,1.0,0.3152601979,0.2689471475,0.05164498091,0.04257965088
1128,1.0,0.0,0.0,0.0,1.0,1.0,0.3258682737,0.2783913911,0.05261194706,0.04366254807
1129,1.0,0.0,0.0,0.0,1.0,1.0,0.3303240878,0.271778056,0.0533002615,0.0423668623
1130,1.0,0.0,0.0,0.0,1.0,1.0,0.3398777106,0.282072491,0.05456793308,0.04376238585
1131,1.0,0.0,0.0,0.0,1.0,1.0,0.338246353,0.2822985524,0.05489313602,0.04441106319
1132,1.0,0.0,0.0,0.0,1.0,1.0,0.3354059219,0.2741524898,0.05317240953,0.04243052006
1133,1.0,0.0,0.0,0.0,1.0,1.0,0.3471216384,0.2789534491,0.05694955587,0.04484426975
1134,1.0,0.0,0.0,0.0,1.0,1.0,0.3493034251,0.2833469944,0.05645221472,0.04456752539
1135,1.0,0.0,0.0,0.0,1.0,1.0,0.3382204155,0.2628288258,0.05370897055,0.04081881046
1136,1.0,0.0,0.0,0.0,1.0,1.0,0.3445761034,0.2735316388,0.05440419912,0.04222416878
1137,1.0,0.0,0.0,0.0,1.0,1.0,0.3445759386,0.2690803853,0.05419123173,0.04151964188
1138,1.0,0.0,0.0,0.0,1.0,1.0,0.341646039,0.2751077002,0.05409258604,0.04252052307
1139,1.0,0.0,0.0,0.0,1.0,1.0,0.3468146832,0.2793578912,0.05516046286,0.04374796152
1140,1.0,0.0,0.0,0.0,1.0,1.0,0.3490384267,0.2872960767,0.05691379309,0.0458086729
1141,1.0,0.0,0.0,0.0,1.0,1.0,0.3477047792,0.292939768,0.05629712343,0.04623436928
1142,1.0,0.0,0.0,0.0,1.0,1.0,0.3600679297,0.3036498555,0.05745375156,0.04698324203
1143,1.0,0.0,0.0,0.0,1.0,1.0,0.3602051367,0.3005313558,0.06035929918,0.0487408042
1144,1.0,0.0,0.0,0.0,1.0,1.0,0.3491200219,0.2858053221,0.05640757084,0.0450707674
1145,1.0,0.0,0.0,0.0,1.0,1.0,0.3469565294,0.2832927985,0.05594152212,0.0448089242
1146,1.0,0.0,0.0,0.0,1.0,1.0,0.3470285494,0.2819853245,0.05502605438,0.0434705615
1147,1.0,0.0,0.0,0.0,1.0,1.0,0.3452932389,0.2738684717,0.05462992191,0.04227644205
1148,1.0,0.0,0.0,0.0,1.0,1.0,0.3532509601,0.2878247156,0.05589973927,0.0444470644
1149,1.0,0.0,0.0,0.0,1.0,1.0,0.3543633019,0.281532778,0.05773925781,0.04484599829
1150,1.0,0.0,0.0,0.0,1.0,1.0,0.3554715148,0.278791627,0.05827724934,0.04476368427
1151,1.0,0.0,0.0,0.0,1.0,1.0,0.34306558,0.2516452787,0.05429577827,0.03905975819
1152,1.0,0.0,0.0,0.0,1.0,1.0,0.3349007426,0.2418002263,0.05207413435,0.03680628538
1153,1.0,0.0,0.0,0.0,1.0,1.0,0.3331470701,0.2383009971,0.05384582281,0.037776649
1154,1.0,0.0,0.0,0.0,1.0,1.0,0.3372028877,0.2454770725,0.05213665962,0.03762441874
1155,1.0,0.0,0.0,0.0,1.0,1.0,0.3246824369,0.1853510558,0.04857218266,0.02767801285
1156,1.0,0.0,0.0,0.0,1.0,1.0,0.3429458699,0.1391380463,0.04740613699,0.01923334599
1157,1.0,0.0,0.0,0.0,1.0,1.0,0.3417066928,0.1455880282,0.04796862602,0.02051836252
1158,1.0,0.0,0.0,0.0,1.0,1.0,0.3471956694,0.1467434059,0.04712474346,0.02015739679
1159,1.0,0.0,0.0,0.0,1.0,1.0,0.3385206179,0.1571701993,0.04686051607,0.02175664902
1160,1.0,0.0,0.0,0.0,1.0,1.0,0.3412236496,0.149714113,0.04680269957,0.02049350739
1161,1.0,0.0,0.0,0.0,1.0,1.0,0.3284740183,0.140165623,0.04557394981,0.01917439699
1162,1.0,0.0,0.0,0.0,1.0,1.0,0.3364457873,0.1585464101,0.04780805111,0.02221673727
1163,1.0,0.0,0.0,0.0,1.0,1.0,0.3229555191,0.1601419873,0.046687603,0.0229293704
1164,1.0,0.0,0.0,0.0,1.0,1.0,0.3122065447,0.1422281477,0.0463065505,0.02089440823
1165,1.0,0.0,0.0,0.0,1.0,1.0,0.2926544812,0.1665739308,0.04440641403,0.02485644817
1166,1.0,0.0,0.0,0.0,1.0,1.0,0.3085995246,0.2016731917,0.04915165901,0.03155761957
1167,1.0,0.0,0.0,0.0,1.0,1.0,0.3127622132,0.2070274337,0.04950553179,0.03208184242
1168,1.0,0.0,0.0,0.0,1.0,1.0,0.3216197452,0.2174222398,0.05256491899,0.03504323959
1169,1.0,0.0,0.0,0.0,1.0,1.0,0.3274033632,0.225398544,0.05384165049,0.03655564785
1170,1.0,0.0,0.0,0.0,1.0,1.0,0.3256799683,0.2271459312,0.05525052547,0.03800302744
1171,1.0,0.0,0.0,0.0,1.0,1.0,0.3222340111,0.2358820779,0.05182260275,0.03741198778
1172,1.0,0.0,0.0,0.0,1.0,1.0,0.331988625,0.2271459234,0.05479073524,0.03729212284
1173,1.0,0.0,0.0,0.0,1.0,1.0,0.3325729401,0.2358820536,0.05221456289,0.03652310371
1174,1.0,0.0,0.0,0.0,1.0,1.0,0.3296951906,0.2314498393,0.05385053158,0.03721606731
1175,1.0,0.0,0.0,0.0,1.0,1.0,0.3226820373,0.2356839372,0.05017066002,0.0360686183
1176,1.0,0.0,0.0,0.0,1.0,1.0,0.3174493328,0.2374560481,0.04973483086,0.0366179347
1177,1.0,0.0,0.0,0.0,1.0,1.0,0.3227363955,0.2481009496,0.05169254541,0.03918629885
1178,1.0,0.0,0.0,0.0,1.0,1.0,0.3250358735,0.2418578349,0.05100136995,0.03709191084
1179,1.0,0.0,0.0,0.0,1.0,1.0,0.3279955007,0.2489837953,0.05299276114,0.03939777613
1180,1.0,0.0,0.0,0.0,1.0,1.0,0.3285599965,0.2507369467,0.0522236228,0.03909933567
1181,1.0,0.0,0.0,0.0,1.0,1.0,0.3274032363,0.2516200238,0.05304574966,0.03992390633
1182,1.0,0.0,0.0,0.0,1.0,1.0,0.3382988174,0.2604179737,0.05335271358,0.04008227587
1183,1.0,0.0,0.0,0.0,1.0,1.0,0.3360193258,0.2551392804,0.05541169643,0.04120355844
1184,1.0,0.0,0.0,0.0,1.0,1.0,0.3320005509,0.2542747158,0.05334413052,0.03980076313
1185,1.0,0.0,0.0,0.0,1.0,1.0,0.3314388606,0.2612575887,0.05605322123,0.04305118322
1186,1.0,0.0,0.0,0.0,1.0,1.0,0.3296770162,0.2569490318,0.0525265336,0.04008609056
1187,1.0,0.0,0.0,0.0,1.0,1.0,0.3314299483,0.2516199392,0.05304580927,0.03930336237
1188,1.0,0.0,0.0,0.0,1.0,1.0,0.3320005826,0.2498605697,0.05237162113,0.0385324955
1189,1.0,0.0,0.0,0.0,1.0,1.0,0.330294905,0.2437232868,0.05288410187,0.03808748722
1190,1.0,0.0,0.0,0.0,1.0,1.0,0.3239092862,0.234851234,0.05006027222,0.03560435772
1191,1.0,0.0,0.0,0.0,1.0,1.0,0.3216793023,0.240216886,0.05065983534,0.03711444139
1192,1.0,0.0,0.0,0.0,1.0,1.0,0.326206798,0.2393029402,0.0515615344,0.03729981184
1193,1.0,0.0,0.0,0.0,1.0,1.0,0.3196094097,0.2193020029,0.05066329241,0.03414875269
1194,1.0,0.0,0.0,0.0,1.0,1.0,0.3002124519,0.1394567663,0.04495793581,0.02048712969
1195,1.0,0.0,0.0,0.0,1.0,1.0,0.3285017478,0.1533008036,0.04604268074,0.02148658037
1196,1.0,0.0,0.0,0.0,1.0,1.0,0.3385205333,0.1551551526,0.04701977968,0.02155071497
1197,1.0,0.0,0.0,0.0,1.0,1.0,0.3583657996,0.1639402509,0.04944425821,0.02279931307
1198,1.0,0.0,0.0,0.0,1.0,1.0,0.3532165535,0.1520889832,0.04827994108,0.0211224556
1199,1.0,0.0,0.0,0.0,1.0,1.0,0.3627006233,0.1606244568,0.04908180237,0.02208679914
1200,1.0,0.0,0.0,0.0,1.0,1.0,0.3586706857,0.1599109765,0.05056035519,0.02272379398
1201,1.0,0.0,0.0,0.0,1.0,1.0,0.368531685,0.1619649541,0.05026745796,0.02240180969
1202,1.0,0.0,0.0,0.0,1.0,1.0,0.3677947244,0.1548153889,0.05030739307,0.02159935236
1203,1.0,0.0,0.0,0.0,1.0,1.0,0.3663291493,0.1542106763,0.05080157518,0.0218115449
1204,1.0,0.0,0.0,0.0,1.0,1.0,0.3663292431,0.1405466212,0.0494427681,0.01934719086
1205,1.0,0.0,0.0,0.0,1.0,1.0,0.3501981569,0.1364623071,0.04757982492,0.01897847652
1206,1.0,0.0,0.0,0.0,1.0,1.0,0.314603885,0.1321098314,0.04550862312,0.01914685965
1207,1.0,0.0,0.0,0.0,1.0,1.0,0.3101714354,0.1774371054,0.0465824604,0.02669638395
1208,1.0,0.0,0.0,0.0,1.0,1.0,0.3171135798,0.1876208867,0.04798460007,0.02803593874
1209,1.0,0.0,0.0,0.0,1.0,1.0,0.3248629968,0.2256802253,0.05042213202,0.03471684456
1210,1.0,0.0,0.0,0.0,1.0,1.0,0.324863275,0.2310535274,0.05154001713,0.03633141518
1211,1.0,0.0,0.0,0.0,1.0,1.0,0.3278311974,0.2292624723,0.05220758915,0.03612196445
1212,1.0,0.0,0.0,0.0,1.0,1.0,0.3278309843,0.2346360148,0.05203211308,0.03684437275
1213,1.0,0.0,0.0,0.0,1.0,1.0,0.3272817676,0.2409369903,0.05129766464,0.03723222017
1214,1.0,0.0,0.0,0.0,1.0,1.0,0.3221197387,0.2454146149,0.05044019222,0.03762567043
1215,1.0,0.0,0.0,0.0,1.0,1.0,0.3337239017,0.2568494988,0.05469840765,0.04166144133
1216,1.0,0.0,0.0,0.0,1.0,1.0,0.3203785538,0.232264722,0.04981923103,0.03573989868
1217,1.0,0.0,0.0,0.0,1.0,1.0,0.3302650838,0.2489775598,0.05342024565,0.0394359231
1218,1.0,0.0,0.0,0.0,1.0,1.0,0.3354293559,0.2690807818,0.05513954163,0.04332393408
1219,1.0,0.0,0.0,0.0,1.0,1.0,0.338325835,0.2585969401,0.05653387308,0.04268884659
1220,1.0,0.0,0.0,0.0,1.0,1.0,0.337742421,0.254213721,0.0539380908,0.04017841816
1221,1.0,0.0,0.0,0.0,1.0,1.0,0.3337265415,0.2410624425,0.05248093605,0.03744733334
1222,1.0,0.0,0.0,0.0,1.0,1.0,0.3377188024,0.2611783966,0.05395168066,0.04107999802
1223,1.0,0.0,0.0,0.0,1.0,1.0,0.3331474788,0.2577506751,0.05423140526,0.04109281301
1224,1.0,0.0,0.0,0.0,1.0,1.0,0.3394006988,0.2664015468,0.05552178621,0.04268759489
1225,1.0,0.0,0.0,0.0,1.0,1.0,0.3354406781,0.2577505289,0.05336743593,0.04023081064
1226,1.0,0.0,0.0,0.0,1.0,1.0,0.3269043911,0.2585360277,0.05123615265,0.03976136446
1227,1.0,0.0,0.0,0.0,1.0,1.0,0.3365124747,0.2592410895,0.05325508118,0.04047387838
1228,1.0,0.0,0.0,0.0,1.0,1.0,0.335932606,0.2617586211,0.05401855707,0.04138737917
1229,1.0,0.0,0.0,0.0,1.0,1.0,0.3297821858,0.2592411954,0.05122935772,0.03972893953
1230,1.0,0.0,0.0,0.0,1.0,1.0,0.3320179351,0.2654766678,0.05404192209,0.04218578339
1231,1.0,0.0,0.0,0.0,1.0,1.0,0.3246051685,0.2429198574,0.05375826359,0.03961133957
1232,1.0,0.0,0.0,0.0,1.0,1.0,0.2994841692,0.21059655,0.04661810398,0.03198218346
1233,1.0,0.0,0.0,0.0,1.0,1.0,0.2687264016,0.1734106102,0.03924649954,0.02499949932
1234,1.0,0.0,0.0,0.0,1.0,1.0,0.3011751908,0.1639707834,0.04300314188,0.02300804853
1235,1.0,0.0,0.0,0.0,1.0,1.0,0.315104615,0.1632949147,0.04462349415,0.02272242308
1236,1.0,0.0,0.0,0.0,1.0,1.0,0.3181820315,0.1777662258,0.04444593191,0.02454066277
1237,1.0,0.0,0.0,0.0,1.0,1.0,0.3147846627,0.1732100196,0.04351252317,0.02365994453
1238,1.0,0.0,0.0,0.0,1.0,1.0,0.3135505237,0.1771921221,0.04390519857,0.02442228794
1239,1.0,0.0,0.0,0.0,1.0,1.0,0.3143879409,0.1691969426,0.04408168793,0.02340137959
1240,1.0,0.0,0.0,0.0,1.0,1.0,0.3221501202,0.1691970285,0.04571986198,0.02368623018
1241,1.0,0.0,0.0,0.0,1.0,1.0,0.3248186215,0.1743215873,0.04572826624,0.02435237169
1242,1.0,0.0,0.0,0.0,1.0,1.0,0.3185245701,0.1570003441,0.04497915506,0.02208554745
1243,1.0,0.0,0.0,0.0,1.0,1.0,0.3299318791,0.1665734422,0.04641187191,0.02334159613
1244,1.0,0.0,0.0,0.0,1.0,1.0,0.3236287024,0.172317557,0.04658907652,0.02466481924
1245,1.0,0.0,0.0,0.0,1.0,1.0,0.3250065017,0.1596851616,0.04607093334,0.02263599634
1246,1.0,0.0,0.0,0.0,1.0,1.0,0.3203585397,0.1697894641,0.04499602318,0.02371048927
1247,1.0,0.0,0.0,0.0,1.0,1.0,0.3223390388,0.1520065238,0.04616737366,0.02185440063
1248,1.0,0.0,0.0,0.0,1.0,1.0,0.3242463568,0.1615069684,0.0474589467,0.02372950315
1249,1.0,0.0,0.0,0.0,1.0,1.0,0.3286883454,0.1729802707,0.04652905464,0.02434659004
1250,1.0,0.0,0.0,0.0,1.0,1.0,0.3097129735,0.1665736171,0.04424732924,0.02361667156
1251,1.0,0.0,0.0,0.0,1.0,1.0,0.3097131136,0.167213964,0.04426395893,0.02362549305
1252,1.0,0.0,0.0,0.0,1.0,1.0,0.3167113665,0.1684883471,0.04507172108,0.02375036478
1253,1.0,0.0,0.0,0.0,1.0,1.0,0.3153114225,0.1633706665,0.04532057047,0.02334702015
1254,1.0,0.0,0.0,0.0,1.0,1.0,0.2922894864,0.1452016885,0.04244357347,0.02108484507
1255,1.0,0.0,0.0,0.0,1.0,1.0,0.2855547215,0.1653352375,0.04216432571,0.02405530214
1256,1.0,0.0,0.0,0.0,1.0,1.0,0.3165187895,0.2261892847,0.05053395033,0.03542864323
1257,1.0,0.0,0.0,0.0,1.0,1.0,0.3166887785,0.2455074816,0.04992175102,0.03784388304
1258,1.0,0.0,0.0,0.0,1.0,1.0,0.3252818598,0.243850085,0.05468529463,0.04023480415
1259,1.0,0.0,0.0,0.0,1.0,1.0,0.3269985174,0.2438502137,0.05606859922,0.04082947969
1260,1.0,0.0,0.0,0.0,1.0,1.0,0.3308134787,0.2383826466,0.05169171095,0.03692263365
1261,1.0,0.0,0.0,0.0,1.0,1.0,0.3048841569,0.1887435338,0.047121346,0.02927654982
1262,1.0,0.0,0.0,0.0,1.0,1.0,0.2990755337,0.1506792511,0.04349040985,0.02174520493
1263,1.0,0.0,0.0,0.0,1.0,1.0,0.3170376228,0.1278814255,0.0444688201,0.01762485504
1264,1.0,0.0,0.0,0.0,1.0,1.0,0.3425507861,0.1456675339,0.04601657391,0.01948934793
1265,1.0,0.0,0.0,0.0,1.0,1.0,0.3452616829,0.1424910902,0.04893541336,0.02031826973
1266,1.0,0.0,0.0,0.0,1.0,1.0,0.3365261301,0.1465043268,0.04574865103,0.02011835575
1267,1.0,0.0,0.0,0.0,1.0,1.0,0.3458789544,0.1442705265,0.04647707939,0.01967430115
1268,1.0,0.0,0.0,0.0,1.0,1.0,0.3477227015,0.1540805109,0.04741597176,0.02101063728
1269,1.0,0.0,0.0,0.0,1.0,1.0,0.3220654723,0.139505141,0.04375451803,0.01891320944
1270,1.0,0.0,0.0,0.0,1.0,1.0,0.343623942,0.1561629973,0.04605728388,0.02106279135
1271,1.0,0.0,0.0,0.0,1.0,1.0,0.3224003409,0.1479173892,0.04512912035,0.0208722353
1272,1.0,0.0,0.0,0.0,1.0,1.0,0.3211057262,0.1324563168,0.0455699563,0.01879763603
1273,1.0,0.0,0.0,0.0,1.0,1.0,0.327848808,0.1413551866,0.04732245207,0.02036297321
1274,1.0,0.0,0.0,0.0,1.0,1.0,0.3064956019,0.1069439456,0.04546010494,0.01552981138
1275,1.0,0.0,0.0,0.0,1.0,1.0,0.2820296658,0.1563874237,0.04268211126,0.02320837975
1276,1.0,0.0,0.0,0.0,1.0,1.0,0.2963257824,0.2085167652,0.04674476385,0.03208518028
1277,1.0,0.0,0.0,0.0,1.0,1.0,0.3176916578,0.2463164919,0.05071377754,0.0381039381
1278,1.0,0.0,0.0,0.0,1.0,1.0,0.320575978,0.2613379495,0.05357426405,0.04240095615
1279,1.0,0.0,0.0,0.0,1.0,1.0,0.3208291131,0.2584761625,0.05366230011,0.04214316607
1280,1.0,0.0,0.0,0.0,1.0,1.0,0.317548483,0.258536269,0.05392551422,0.04228895903
1281,1.0,0.0,0.0,0.0,1.0,1.0,0.3280219047,0.2744944763,0.05198377371,0.04223680496
1282,1.0,0.0,0.0,0.0,1.0,1.0,0.338793812,0.2838135501,0.05324107409,0.04339146614
1283,1.0,0.0,0.0,0.0,1.0,1.0,0.3320293685,0.2774313115,0.05383467674,0.0437746644
1284,1.0,0.0,0.0,0.0,1.0,1.0,0.3247347192,0.2636460831,0.05237835646,0.04152274132
1285,1.0,0.0,0.0,0.0,1.0,1.0,0.3452019264,0.2974529847,0.05664908886,0.04720759392
1286,1.0,0.0,0.0,0.0,1.0,1.0,0.3520573496,0.3032792058,0.0580406189,0.04841303825
1287,1.0,0.0,0.0,0.0,1.0,1.0,0.3617509792,0.3105902792,0.06056517363,0.05042397976
1288,1.0,0.0,0.0,0.0,1.0,1.0,0.3505629168,0.3032787987,0.05882787704,0.04977744818
1289,1.0,0.0,0.0,0.0,1.0,1.0,0.355619136,0.312973834,0.0610088706,0.05233460665
1290,1.0,0.0,0.0,0.0,1.0,1.0,0.3448658087,0.2936501965,0.05745065212,0.04768961668
1291,1.0,0.0,0.0,0.0,1.0,1.0,0.3487199392,0.2988019483,0.05810177326,0.04837179184
1292,1.0,0.0,0.0,0.0,1.0,1.0,0.3479903674,0.2950571918,0.05621808767,0.0460935235
1293,1.0,0.0,0.0,0.0,1.0,1.0,0.3485655059,0.310406882,0.05728429556,0.04941111803
1294,1.0,0.0,0.0,0.0,1.0,1.0,0.3436099905,0.2998322175,0.05709421635,0.04776144028
1295,1.0,0.0,0.0,0.0,1.0,1.0,0.3453220544,0.2998326808,0.05882275105,0.04920750856
1296,1.0,0.0,0.0,0.0,1.0,1.0,0.3370016458,0.3008698907,0.0575171113,0.04905873537
1297,1.0,0.0,0.0,0.0,1.0,1.0,0.3298323643,0.2880332441,0.05529212952,0.0461230278
1298,1.0,0.0,0.0,0.0,1.0,1.0,0.3314731286,0.2862982459,0.05816090107,0.04846739769
1299,1.0,0.0,0.0,0.0,1.0,1.0,0.3364623302,0.2974115599,0.05572843552,0.04721814394
1300,1.0,0.0,0.0,0.0,1.0,1.0,0.3259411106,0.2848059359,0.05521404743,0.04591780901
1301,1.0,0.0,0.0,0.0,1.0,1.0,0.3269675867,0.2840516165,0.05341821909,0.04460692406
1302,1.0,0.0,0.0,0.0,1.0,1.0,0.3270597999,0.2781949005,0.05361300707,0.04408782721
1303,1.0,0.0,0.0,0.0,1.0,1.0,0.3023523002,0.2524906771,0.05086928606,0.04069542885
1304,1.0,0.0,0.0,0.0,1.0,1.0,0.2917196143,0.2336823296,0.04706001282,0.03619998693
1305,1.0,0.0,0.0,0.0,1.0,1.0,0.2822987995,0.2133848561,0.04429572821,0.03219008446
1306,1.0,0.0,0.0,0.0,1.0,1.0,0.2909987576,0.2309178847,0.04590791464,0.03497743607
1307,1.0,0.0,0.0,0.0,1.0,1.0,0.2925194192,0.2289631306,0.04601919651,0.03451442719
1308,1.0,0.0,0.0,0.0,1.0,1.0,0.2760697932,0.2071571485,0.04314255714,0.03112816811
1309,1.0,0.0,0.0,0.0,1.0,1.0,0.2767413744,0.2002561025,0.04276257753,0.02968871593
1310,1.0,0.0,0.0,0.0,1.0,1.0,0.2808207732,0.2045958064,0.04452210665,0.03124839067
1311,1.0,0.0,0.0,0.0,1.0,1.0,0.2817575438,0.2094417048,0.04450118542,0.03190648556
1312,1.0,0.0,0.0,0.0,1.0,1.0,0.2863168193,0.2120585698,0.04350274801,0.03107339144
1313,1.0,0.0,0.0,0.0,1.0,1.0,0.2690802861,0.1703167937,0.04103314877,0.02540147305
1314,1.0,0.0,0.0,0.0,1.0,1.0,0.2673783552,0.1596065902,0.0400390625,0.02319502831
1315,1.0,0.0,0.0,0.0,1.0,1.0,0.2927308495,0.2116254213,0.04701185226,0.0331029892
1316,1.0,0.0,0.0,0.0,1.0,1.0,0.3058849496,0.2498603639,0.05191618204,0.04108870029
1317,1.0,0.0,0.0,0.0,1.0,1.0,0.3288066776,0.2826704169,0.05652558804,0.04701137543
1318,1.0,0.0,0.0,0.0,1.0,1.0,0.3156132638,0.271179527,0.05277836323,0.04370707273
1319,1.0,0.0,0.0,0.0,1.0,1.0,0.3336953339,0.2916462654,0.05795228481,0.04881697893
1320,1.0,0.0,0.0,0.0,1.0,1.0,0.3265827582,0.2819370567,0.05671048164,0.04759120941
1321,1.0,0.0,0.0,0.0,1.0,1.0,0.3243659859,0.278002051,0.05104720592,0.04223704338
1322,1.0,0.0,0.0,0.0,1.0,1.0,0.3282481144,0.2809875414,0.05632406473,0.04679656029
1323,1.0,0.0,0.0,0.0,1.0,1.0,0.3304079122,0.2853135966,0.05298060179,0.0445458293
1324,1.0,0.0,0.0,0.0,1.0,1.0,0.330962679,0.2826706055,0.05204969645,0.04328888655
1325,1.0,0.0,0.0,0.0,1.0,1.0,0.3298326388,0.2865294793,0.05684649944,0.04799097776
1326,1.0,0.0,0.0,0.0,1.0,1.0,0.3249011554,0.2719568351,0.05413508415,0.04396754503
1327,1.0,0.0,0.0,0.0,1.0,1.0,0.3342450426,0.2768725776,0.05576598644,0.04505234957
1328,1.0,0.0,0.0,0.0,1.0,1.0,0.3271199651,0.2707520863,0.05543786287,0.04513037205
1329,1.0,0.0,0.0,0.0,1.0,1.0,0.3342449303,0.2774370229,0.05529385805,0.04521566629
1330,1.0,0.0,0.0,0.0,1.0,1.0,0.3190401864,0.255671109,0.05538219213,0.04351454973
1331,1.0,0.0,0.0,0.0,1.0,1.0,0.319756928,0.2646549207,0.05575811863,0.04511088133
1332,1.0,0.0,0.0,0.0,1.0,1.0,0.3267099683,0.2622295417,0.05421173573,0.04246133566
1333,1.0,0.0,0.0,0.0,1.0,1.0,0.3239234033,0.2531918984,0.05364871025,0.04097789526
1334,1.0,0.0,0.0,0.0,1.0,1.0,0.3221885736,0.2583015997,0.05425322056,0.04235070944
1335,1.0,0.0,0.0,0.0,1.0,1.0,0.3220240012,0.2558297101,0.05218219757,0.04055607319
1336,1.0,0.0,0.0,0.0,1.0,1.0,0.3159634361,0.2541243105,0.05078458786,0.03982579708
1337,1.0,0.0,0.0,0.0,1.0,1.0,0.3208909231,0.2584763063,0.05375915766,0.04199934006
1338,1.0,0.0,0.0,0.0,1.0,1.0,0.3174697223,0.2567532233,0.05100274086,0.04020851851
1339,1.0,0.0,0.0,0.0,1.0,1.0,0.3170184877,0.2559124431,0.05334550142,0.0415533185
1340,1.0,0.0,0.0,0.0,1.0,1.0,0.3174695118,0.2515836348,0.05086416006,0.03929191828
1341,1.0,0.0,0.0,0.0,1.0,1.0,0.3122197632,0.2463662213,0.05184537172,0.03972935677
1342,1.0,0.0,0.0,0.0,1.0,1.0,0.3068754498,0.2438083302,0.05035305023,0.03879660368
1343,1.0,0.0,0.0,0.0,1.0,1.0,0.3148239918,0.2524360339,0.04947245121,0.0384785533
1344,1.0,0.0,0.0,0.0,1.0,1.0,0.3109743758,0.2455966283,0.05211436749,0.04013085365
1345,1.0,0.0,0.0,0.0,1.0,1.0,0.3126373388,0.2507074531,0.04928284883,0.03879714012
1346,1.0,0.0,0.0,0.0,1.0,1.0,0.3137781722,0.2532597252,0.05212378502,0.04109227657
1347,1.0,0.7853981853,0.0,0.0,1.0,1.0,0.3123255212,0.247336701,0.05248069763,0.04060351849
1348,1.0,0.0,0.0,0.0,1.0,1.0,0.3157847396,0.2565680512,0.05283761024,0.04167085886
1349,1.0,0.0,0.0,0.0,1.0,1.0,0.3189708777,0.2624799336,0.05199360847,0.04159492254
1350,1.0,0.0,0.0,0.0,1.0,1.0,0.3221345129,0.2583592085,0.05235731602,0.04081183672
1351,1.0,0.0,0.0,0.0,1.0,1.0,0.3114924607,0.2507188713,0.04916477203,0.03838533163
1352,1.0,0.0,0.0,0.0,1.0,1.0,0.3158767901,0.2610997912,0.05125099421,0.04094660282
1353,1.0,0.0,0.0,0.0,1.0,1.0,0.3264842514,0.2730431058,0.05255442858,0.04263341427
1354,1.0,0.0,0.0,0.0,1.0,1.0,0.3110845178,0.2575878587,0.05037999153,0.04019677639
1355,1.0,0.0,0.0,0.0,1.0,1.0,0.3232025498,0.2816297847,0.05135089159,0.04318743944
1356,1.0,0.0,0.0,0.0,1.0,1.0,0.3090381187,0.2524187781,0.05301815271,0.04173767567
1357,1.0,0.0,0.0,0.0,1.0,1.0,0.3227708353,0.2795051128,0.05471819639,0.04582995176
1358,1.0,0.0,0.0,0.0,1.0,1.0,0.3115144483,0.2667429897,0.05120187998,0.04213488102
1359,1.0,0.0,0.0,0.0,1.0,1.0,0.316654549,0.2755310017,0.05361908674,0.04496186972
1360,1.0,0.0,0.0,0.0,1.0,1.0,0.3214869796,0.2870368786,0.05115878582,0.04400187731
1361,1.0,0.0,0.0,0.0,1.0,1.0,0.3192894283,0.2845630409,0.05219119787,0.04457992315
1362,1.0,0.0,0.0,0.0,1.0,1.0,0.319821431,0.2768488545,0.05296248198,0.04385954142
1363,1.0,0.0,0.0,0.0,1.0,1.0,0.3286979368,0.2897689948,0.05471110344,0.04637950659
1364,1.0,0.0,0.0,0.0,1.0,1.0,0.3264505847,0.2855548607,0.05424028635,0.04561752081
1365,1.0,0.0,0.0,0.0,1.0,1.0,0.326450879,0.287295846,0.05394250154,0.04564362764
1366,1.0,0.0,0.0,0.0,1.0,1.0,0.3231527108,0.2877700241,0.05436062813,0.04679495096
1367,1.0,0.0,0.0,0.0,1.0,1.0,0.3276039044,0.2894934179,0.05504435301,0.04694139957
1368,1.0,0.0,0.0,0.0,1.0,1.0,0.3314811773,0.2922241514,0.05657225847,0.04804378748
1369,1.0,0.0,0.0,0.0,1.0,1.0,0.3353609215,0.295367699,0.05764126778,0.04908066988
1370,1.0,0.0,0.0,0.0,1.0,1.0,0.3226675218,0.2816297089,0.05249130726,0.04414653778
1371,1.0,0.0,0.0,0.0,1.0,1.0,0.3287636457,0.2828930666,0.05488282442,0.04582720995
1372,1.0,0.0,0.0,0.0,1.0,1.0,0.3220794232,0.280665323,0.05444276333,0.04602378607
1373,1.0,0.0,0.0,0.0,1.0,1.0,0.3173902096,0.2681429488,0.05323135853,0.04360443354
1374,1.0,0.0,0.0,0.0,1.0,1.0,0.3105225218,0.2585364283,0.05056148767,0.04116761684
1375,1.0,0.0,0.0,0.0,1.0,1.0,0.3072610691,0.2673332217,0.05150812864,0.04330074787
1376,1.0,0.0,0.0,0.0,1.0,1.0,0.2963861179,0.2330852257,0.04717373848,0.03620308638
1377,1.0,0.0,0.0,0.0,1.0,1.0,0.2678013673,0.1898582309,0.04220479727,0.02923995256
1378,1.0,0.0,0.0,0.0,1.0,1.0,0.2581586407,0.155216317,0.03768998384,0.02207553387
1379,1.0,0.0,0.0,0.0,1.0,1.0,0.2555824972,0.1283330141,0.03713530302,0.01829051971
1380,1.0,0.0,0.0,0.0,1.0,1.0,0.2638217514,0.1023048655,0.03783804178,0.01436185837
1381,1.0,0.0,0.0,0.0,1.0,1.0,0.2748956815,0.1079397359,0.03945243359,0.01521736383
1382,1.0,0.0,0.0,0.0,1.0,1.0,0.2819438084,0.1050997176,0.04231989384,0.01546859741
1383,1.0,0.0,0.0,0.0,1.0,1.0,0.2889476141,0.1198517101,0.04200017452,0.01697266102
1384,1.0,0.0,0.0,0.0,1.0,1.0,0.2902225133,0.1038637526,0.04157656431,0.01459312439
1385,1.0,0.0,0.0,0.0,1.0,1.0,0.2944090316,0.09994389753,0.04117238522,0.01381438971
1386,1.0,0.0,0.0,0.0,1.0,1.0,0.3051133102,0.1066600737,0.04286205769,0.01483690739
1387,1.0,0.0,0.0,0.0,1.0,1.0,0.3070574091,0.1223803316,0.04263472557,0.01671946049
1388,1.0,0.0,0.0,0.0,1.0,1.0,0.3145652589,0.1092504019,0.04718929529,0.01612794399
1389,1.0,0.0,0.0,0.0,1.0,1.0,0.3125745168,0.09913459766,0.04396885633,0.01372271776
1390,1.0,0.0,0.0,0.0,1.0,1.0,0.3123254185,0.1126419232,0.04488557577,0.01592713594
1391,1.0,0.0,0.0,0.0,1.0,1.0,0.3249211082,0.1166016443,0.04402941465,0.01560539007
1392,1.0,0.0,0.0,0.0,1.0,1.0,0.3255913333,0.1087261273,0.04577708244,0.01506590843
1393,1.0,0.0,0.0,0.0,1.0,1.0,0.3249718932,0.1244116276,0.04661685228,0.01759123802
1394,1.0,0.0,0.0,0.0,1.0,1.0,0.3304109983,0.1094429981,0.04465579987,0.01470035315
1395,1.0,0.0,0.0,0.0,1.0,1.0,0.327685831,0.1064980012,0.04602849483,0.01495927572
1396,1.0,0.0,0.0,0.0,1.0,1.0,0.3256378785,0.1202647887,0.04559141397,0.01663082838
1397,1.0,0.0,0.0,0.0,1.0,1.0,0.3290848321,0.1146899992,0.04620689154,0.0159727335
1398,1.0,0.0,0.0,0.0,1.0,1.0,0.3231128285,0.1081031457,0.04775857925,0.01572179794
1399,1.0,0.0,0.0,0.0,1.0,1.0,0.3219546384,0.1075098685,0.04501283169,0.01491224766
1400,1.0,0.0,0.0,0.0,1.0,1.0,0.3147848905,0.10624012,0.04408174753,0.01487761736
1401,1.0,0.0,0.0,0.0,1.0,1.0,0.3142777025,0.1086347858,0.04420697689,0.01510173082
1402,1.0,0.0,0.0,0.0,1.0,1.0,0.3069152302,0.1055185443,0.04448801279,0.01511448622
1403,1.0,0.0,0.0,0.0,1.0,1.0,0.3172830253,0.112386975,0.04538673162,0.01588535309
1404,1.0,0.0,0.0,0.0,1.0,1.0,0.3199004933,0.1143938149,0.04499256611,0.01592904329
1405,1.0,0.0,0.0,0.0,1.0,1.0,0.3211778767,0.1059407976,0.04544323683,0.01495957375
1406,1.0,0.0,0.0,0.0,1.0,1.0,0.3174699896,0.1027091286,0.0439106226,0.01409471035
1407,1.0,0.0,0.0,0.0,1.0,1.0,0.322529183,0.1075097277,0.04388737679,0.0146291256
1408,1.0,0.0,0.0,0.0,1.0,1.0,0.3147849835,0.1139362314,0.04461228848,0.01589310169
1409,1.0,0.0,0.0,0.0,1.0,1.0,0.3055495491,0.1066599464,0.04297560453,0.01497215033
1410,1.0,0.0,0.0,0.0,1.0,1.0,0.3105831441,0.1173435556,0.04337704182,0.01612740755
1411,1.0,0.0,0.0,0.0,1.0,1.0,0.31184139,0.1239462001,0.04668468237,0.01826786995
1412,1.0,0.0,0.0,0.0,1.0,1.0,0.3031572846,0.1090660862,0.04339742661,0.0153990984
1413,1.0,0.0,0.0,0.0,1.0,1.0,0.2869117157,0.114878375,0.04378956556,0.01739984751
1414,1.0,0.0,0.0,0.0,1.0,1.0,0.2764027862,0.1547643137,0.04163479805,0.02288532257
1415,1.0,0.0,0.0,0.0,1.0,1.0,0.286565622,0.1962541463,0.04347723722,0.02898484468
1416,1.0,0.0,0.0,0.0,1.0,1.0,0.3006870662,0.2191756999,0.0502396822,0.03568154573
1417,1.0,0.0,0.0,0.0,1.0,1.0,0.2969479568,0.2385426793,0.04622328281,0.03618621826
1418,1.0,0.0,0.0,0.0,1.0,1.0,0.3013392961,0.2515836346,0.05032455921,0.04081881046
1419,1.0,0.0,0.0,0.0,1.0,1.0,0.3089181537,0.2591771809,0.05076158047,0.04153221846
1420,1.0,0.0,0.0,0.0,1.0,1.0,0.3076484489,0.2643575057,0.0506541729,0.0424399972
1421,1.0,0.0,0.0,0.0,1.0,1.0,0.3172568724,0.275356689,0.05224758387,0.0438555479
1422,1.0,0.0,0.0,0.0,1.0,1.0,0.3073939928,0.2591776492,0.05146414042,0.04210710526
1423,1.0,0.0,0.0,0.0,1.0,1.0,0.326082135,0.2836252376,0.05187797546,0.04357749224
1424,1.0,0.0,0.0,0.0,1.0,1.0,0.3182302451,0.2713264679,0.05042028427,0.0414917469
1425,1.0,0.0,0.0,0.0,1.0,1.0,0.3149153106,0.2686856121,0.05119538307,0.04230356216
1426,1.0,0.0,0.0,0.0,1.0,1.0,0.317703546,0.2721081291,0.05427002907,0.04494231939
1427,1.0,0.0,0.0,0.0,1.0,1.0,0.312637211,0.2643574698,0.0529319644,0.04364073277
1428,1.0,0.0,0.0,0.0,1.0,1.0,0.2936589469,0.2309055702,0.0491591692,0.03742802143
1429,1.0,0.0,0.0,0.0,1.0,1.0,0.2955866527,0.2473368677,0.0506131053,0.04110568762
1430,1.0,0.0,0.0,0.0,1.0,1.0,0.3042490673,0.2573812928,0.05190819502,0.0429777503
1431,1.0,0.0,0.0,0.0,1.0,1.0,0.3203556576,0.2728854091,0.05428540707,0.04523783922
1432,1.0,0.0,0.0,0.0,1.0,1.0,0.3030677355,0.2516076676,0.0496840477,0.04019379616
1433,1.0,0.0,0.0,0.0,1.0,1.0,0.2707580668,0.1514303152,0.04189509153,0.02249395847
1434,1.0,0.0,0.0,0.0,1.0,1.0,0.2776228304,0.1259137907,0.04111164808,0.01814579964
1435,1.0,0.0,0.0,0.0,1.0,1.0,0.2786904068,0.1141095647,0.04014801979,0.01605921984
1436,1.0,0.0,0.0,0.0,1.0,1.0,0.3064695435,0.1194552749,0.04347395897,0.01661425829
1437,1.0,0.0,0.0,0.0,1.0,1.0,0.2888558479,0.1058233099,0.04235833883,0.0152490139
1438,1.0,0.0,0.0,0.0,1.0,1.0,0.2990456368,0.1099387456,0.04295164347,0.01554173231
1439,1.0,0.0,0.0,0.0,1.0,1.0,0.3054388572,0.1101746203,0.04393285513,0.0155711174
1440,1.0,0.0,0.0,0.0,1.0,1.0,0.3088823345,0.1110488644,0.04607599974,0.0164347291
1441,1.0,0.0,0.0,0.0,1.0,1.0,0.3085658091,0.11456069,0.04484808445,0.01635968685
1442,1.0,0.0,0.0,0.0,1.0,1.0,0.3078203149,0.1130322048,0.04258060455,0.01536136866
1443,1.0,0.0,0.0,0.0,1.0,1.0,0.3090251392,0.1106102904,0.04315042496,0.01529383659
1444,1.0,0.0,0.0,0.0,1.0,1.0,0.302919804,0.1165354958,0.04548186064,0.01709187031
1445,1.0,0.0,0.0,0.0,1.0,1.0,0.3032654949,0.1171221496,0.04530459642,0.01709610224
1446,1.0,0.0,0.0,0.0,1.0,1.0,0.3142185667,0.1114763559,0.04725325108,0.01651018858
1447,1.0,0.0,0.0,0.0,1.0,1.0,0.3004106143,0.1249301347,0.0445548892,0.01827889681
1448,1.0,0.0,0.0,0.0,1.0,1.0,0.2941752987,0.120161917,0.04416304827,0.01783508062
1449,1.0,0.0,0.0,0.0,1.0,1.0,0.2952897292,0.1201619418,0.04395478964,0.01775097847
1450,1.0,0.0,0.0,0.0,1.0,1.0,0.2874336434,0.1201622848,0.04176652431,0.01719802618
1451,1.0,0.0,0.0,0.0,1.0,1.0,0.2903903325,0.1731884162,0.04528421164,0.02667045593
1452,1.0,0.0,0.0,0.0,1.0,1.0,0.2939534689,0.2042655343,0.04688590765,0.03182560205
1453,1.0,0.0,0.0,0.0,1.0,1.0,0.3036499117,0.237456147,0.04756629467,0.03642219305
1454,1.0,0.0,0.0,0.0,1.0,1.0,0.3101715921,0.2542752493,0.04908561707,0.03926855326
1455,1.0,0.0,0.0,0.0,1.0,1.0,0.314354479,0.2586584986,0.05145388842,0.04110717773
1456,1.0,0.0,0.0,0.0,1.0,1.0,0.316688657,0.2672120768,0.04976826906,0.04120600224
1457,1.0,0.0,0.0,0.0,1.0,1.0,0.3098271121,0.2550301519,0.05037987232,0.04008722305
1458,1.0,0.0,0.0,0.0,1.0,1.0,0.3146390762,0.2662875071,0.0518476963,0.04269814491
1459,1.0,0.0,0.0,0.0,1.0,1.0,0.3077751477,0.2574834629,0.05059254169,0.04134446383
1460,1.0,0.0,0.0,0.0,1.0,1.0,0.3127393832,0.2591775929,0.05139893293,0.04160869122
1461,1.0,0.0,0.0,0.0,1.0,1.0,0.3180804557,0.2705383671,0.05149400234,0.04255026579
1462,1.0,0.0,0.0,0.0,1.0,1.0,0.319426239,0.2685574638,0.05357909203,0.04363656044
1463,1.0,0.0,0.0,0.0,1.0,1.0,0.311384011,0.2602714219,0.05041509867,0.04065734148
1464,1.0,0.0,0.0,0.0,1.0,1.0,0.3187590797,0.2670924942,0.05157423019,0.0416354537
1465,1.0,0.0,0.0,0.0,1.0,1.0,0.3142059334,0.2559124042,0.05132186413,0.04040229321
1466,1.0,0.0,0.0,0.0,1.0,1.0,0.3208910355,0.269745615,0.05379360914,0.04370731115
1467,1.0,0.0,0.0,0.0,1.0,1.0,0.3192197291,0.273203701,0.05300050974,0.04384332895
1468,1.0,0.0,0.0,0.0,1.0,1.0,0.3219679508,0.272417526,0.05251580477,0.04294264317
1469,1.0,0.0,0.0,0.0,1.0,1.0,0.3247766919,0.276661787,0.05084973574,0.04193788767
1470,1.0,0.0,0.0,0.0,1.0,1.0,0.3175485267,0.2611002133,0.05180078745,0.04116803408
1471,1.0,0.0,0.0,0.0,1.0,1.0,0.316236291,0.2604178227,0.05160158873,0.04083973169
1472,1.0,0.0,0.0,0.0,1.0,1.0,0.2989478268,0.1851486933,0.04680782557,0.02852791548
1473,1.0,0.0,0.0,0.0,1.0,1.0,0.2824112367,0.1634774832,0.04183185101,0.02390390635
1474,1.0,0.0,0.0,0.0,1.0,1.0,0.3080987015,0.1525867002,0.04522621632,0.02206158638
1475,1.0,0.0,0.0,0.0,1.0,1.0,0.311021967,0.1444060811,0.04623627663,0.02142655849
1476,1.0,0.0,0.0,0.0,1.0,1.0,0.313513155,0.1419663774,0.04563730955,0.02074426413
1477,1.0,0.0,0.0,0.0,1.0,1.0,0.3143877776,0.1399999058,0.0438401103,0.01948451996
1478,1.0,0.0,0.0,0.0,1.0,1.0,0.311364327,0.1322215533,0.04378640652,0.01837944984
1479,1.0,0.0,0.0,0.0,1.0,1.0,0.3186338061,0.1422129735,0.04377561808,0.01957666874
1480,1.0,0.0,0.0,0.0,1.0,1.0,0.3331471924,0.1613275446,0.04794281721,0.02312541008
1481,1.0,0.0,0.0,0.0,1.0,1.0,0.3552229947,0.1685804006,0.04949706793,0.0234901309
1482,1.0,0.0,0.0,0.0,1.0,1.0,0.3547715565,0.1584479579,0.04873722792,0.02172285318
1483,1.0,0.0,0.0,0.0,1.0,1.0,0.3473669677,0.1618528677,0.04727488756,0.02211689949
1484,1.0,0.0,0.0,0.0,1.0,1.0,0.3453357858,0.1665733759,0.04927611351,0.02376842499
1485,1.0,0.0,0.0,0.0,1.0,1.0,0.3454105017,0.1679392774,0.04822766781,0.02340042591
1486,1.0,0.0,0.0,0.0,1.0,1.0,0.3461177862,0.1604040796,0.04874479771,0.02249759436
1487,1.0,0.0,0.0,0.0,1.0,1.0,0.3222019987,0.1466120488,0.04584300518,0.02073150873
1488,1.0,0.0,0.0,0.0,1.0,1.0,0.3290088166,0.1472206992,0.04591286182,0.02050197124
1489,1.0,0.0,0.0,0.0,1.0,1.0,0.3180973379,0.1569371853,0.04440695047,0.02177375555
1490,1.0,0.0,0.0,0.0,1.0,1.0,0.3317817454,0.1523535378,0.04682052135,0.02167612314
1491,1.0,0.0,0.0,0.0,1.0,1.0,0.3255440076,0.1555148827,0.04515230656,0.02156960964
1492,1.0,0.0,0.0,0.0,1.0,1.0,0.339472956,0.1547256019,0.04650628567,0.02137559652
1493,1.0,0.0,0.0,0.0,1.0,1.0,0.3118095863,0.1513679232,0.04449218512,0.02150946856
1494,1.0,0.0,0.0,0.0,1.0,1.0,0.3331471187,0.1528074006,0.04757726192,0.02159953117
1495,1.0,0.0,0.0,0.0,1.0,1.0,0.3239839724,0.1303617677,0.04560983181,0.01824390888
1496,1.0,0.0,0.0,0.0,1.0,1.0,0.3167108397,0.1244515431,0.04802727699,0.0186932683
1497,1.0,0.0,0.0,0.0,1.0,1.0,0.3137346398,0.1254052838,0.04588526487,0.01813429594
1498,1.0,0.0,0.0,0.0,1.0,1.0,0.3040970635,0.1403712669,0.04502141476,0.02058911324
1499,1.0,0.0,0.0,0.0,1.0,1.0,0.3048205908,0.1441141812,0.04590809345,0.02142375708
1500,1.0,0.0,0.0,0.0,1.0,1.0,0.3093509347,0.137982766,0.04643690586,0.0203333497
1501,1.0,0.0,0.0,0.0,1.0,1.0,0.3124397777,0.1462147141,0.04822134972,0.02227771282
1502,1.0,0.0,0.0,0.0,1.0,1.0,0.3148425523,0.1547646595,0.04584944248,0.02212506533
1503,1.0,0.0,0.0,0.0,1.0,1.0,0.3238933849,0.1390199348,0.0475435853,0.02010411024
1504,1.0,0.0,0.0,0.0,1.0,1.0,0.3250522591,0.1489732059,0.04780715704,0.02170550823
1505,1.0,0.0,0.0,0.0,1.0,1.0,0.3331474777,0.1452018424,0.04943209887,0.02138352394
1506,1.0,0.0,0.0,0.0,1.0,1.0,0.3293831562,0.1527448164,0.04987865686,0.02308666706
1507,1.0,0.0,0.0,0.0,1.0,1.0,0.3122101874,0.1566290098,0.04582363367,0.02277624607
1508,1.0,0.0,0.0,0.0,1.0,1.0,0.315613052,0.1331373098,0.04803442955,0.02015239
1509,1.0,0.0,0.0,0.0,1.0,1.0,0.3115377701,0.1435564135,0.04808032513,0.02195578814
1510,1.0,0.0,0.0,0.0,1.0,1.0,0.2899282431,0.1617281413,0.0442057848,0.02443677187
1511,1.0,0.0,0.0,0.0,1.0,1.0,0.2840331763,0.1665738596,0.04409462214,0.02535444498
1512,1.0,0.0,0.0,0.0,1.0,1.0,0.2865782674,0.1720650807,0.04426062107,0.02600312233
1513,1.0,0.0,0.0,0.0,1.0,1.0,0.2886475417,0.1739771647,0.04358875751,0.02560842037
1514,1.0,0.0,0.0,0.0,1.0,1.0,0.2937426303,0.1757258435,0.04551368952,0.02664214373
1515,1.0,0.0,0.0,0.0,1.0,1.0,0.2934302258,0.1830479306,0.04562985897,0.02765446901
1516,1.0,0.0,0.0,0.0,1.0,1.0,0.2944784405,0.1903699263,0.04576522112,0.02884596586
1517,1.0,0.0,0.0,0.0,1.0,1.0,0.293122557,0.1864899575,0.04434448481,0.02751493454
1518,1.0,0.0,0.0,0.0,1.0,1.0,0.2994782569,0.1995225696,0.04699385166,0.03030967712
1519,1.0,0.0,0.0,0.0,1.0,1.0,0.304407759,0.1966411678,0.04601985216,0.02899515629
1520,1.0,0.0,0.0,0.0,1.0,1.0,0.3050925054,0.1995288688,0.04810172319,0.03068560362
1521,1.0,0.0,0.0,0.0,1.0,1.0,0.3045582602,0.1970228922,0.04915320873,0.03107392788
1522,1.0,0.0,0.0,0.0,1.0,1.0,0.302115879,0.1923388562,0.04669326544,0.02904760838
1523,1.0,0.0,0.0,0.0,1.0,1.0,0.2818464455,0.1408987268,0.04090684652,0.02018427849
1524,1.0,0.0,0.0,0.0,1.0,1.0,0.3032657731,0.1359395617,0.04279577732,0.01911008358
1525,1.0,0.0,0.0,0.0,1.0,1.0,0.2969769028,0.1306963242,0.04207706451,0.01834130287
1526,1.0,0.0,0.0,0.0,1.0,1.0,0.2946333813,0.1327386309,0.04318028688,0.01919126511
1527,1.0,0.0,0.0,0.0,1.0,1.0,0.2984847582,0.1254200839,0.04174101353,0.01723498106
1528,1.0,0.0,0.0,0.0,1.0,1.0,0.3066248483,0.1366423973,0.04393845797,0.01946640015
1529,1.0,0.0,0.0,0.0,1.0,1.0,0.2981448755,0.1665735483,0.04646039009,0.02571392059
1530,1.0,0.0,0.0,0.0,1.0,1.0,0.323893244,0.2051094034,0.04859316349,0.03054428101
1531,1.0,0.0,0.0,0.0,1.0,1.0,0.3220426637,0.2152354576,0.04801046848,0.03173100948
1532,1.0,0.0,0.0,0.0,1.0,1.0,0.3160943013,0.215235662,0.04775619507,0.03174543381
1533,1.0,0.0,0.0,0.0,1.0,1.0,0.3191651061,0.2245935659,0.04964387417,0.03404146433
1534,1.0,0.0,0.0,0.0,1.0,1.0,0.3081132838,0.1912994081,0.04571539164,0.02800065279
1535,1.0,0.0,0.0,0.0,1.0,1.0,0.3324586435,0.149294624,0.04730170965,0.02115362883
1536,1.0,0.0,0.0,0.0,1.0,1.0,0.3338425507,0.1548722929,0.04635155201,0.02172732353
1537,1.0,0.0,0.0,0.0,1.0,1.0,0.301228694,0.1873952085,0.04343903065,0.02675384283
1538,1.0,0.0,0.0,0.0,1.0,1.0,0.3223389495,0.2315311212,0.04851710796,0.03445005417
1539,1.0,0.0,0.0,0.0,1.0,1.0,0.3224613691,0.2403237501,0.04952210188,0.03648996353
1540,1.0,0.0,0.0,0.0,1.0,1.0,0.3325175473,0.2565617087,0.05053782463,0.03847765923
1541,1.0,0.0,0.0,0.0,1.0,1.0,0.3344068617,0.2527324316,0.05095094442,0.03799730539
1542,1.0,0.0,0.0,0.0,1.0,1.0,0.3331476661,0.2631106641,0.05015963316,0.03939086199
1543,1.0,0.0,0.0,0.0,1.0,1.0,0.3381292779,0.2650032912,0.05159288645,0.03990602493
1544,1.0,0.0,0.0,0.0,1.0,1.0,0.3269549766,0.2583465731,0.05005407333,0.03896260262
1545,1.0,0.0,0.0,0.0,1.0,1.0,0.3288128205,0.2583462907,0.05051422119,0.03909856081
1546,1.0,0.0,0.0,0.0,1.0,1.0,0.3387938116,0.2687895166,0.05318129063,0.04195415974
1547,1.0,0.0,0.0,0.0,1.0,1.0,0.3156130083,0.248903133,0.04794114828,0.03709733486
1548,1.0,0.0,0.0,0.0,1.0,1.0,0.3098459512,0.2261096185,0.04658132792,0.0337998867
1549,1.0,0.0,0.0,0.0,1.0,1.0,0.3180039854,0.2375099565,0.04818058014,0.03584867716
1550,1.0,0.0,0.0,0.0,1.0,1.0,0.3268495521,0.2470106073,0.04956561327,0.03724586964
1551,1.0,0.0,0.0,0.0,1.0,1.0,0.3312435041,0.2527323829,0.05445772409,0.04131275415
1552,1.0,0.0,0.0,0.0,1.0,1.0,0.3267773375,0.2489032759,0.0492529273,0.03744375706
1553,1.0,0.0,0.0,0.0,1.0,1.0,0.3198973421,0.238416225,0.04785329103,0.03539437056
1554,1.0,0.0,0.0,0.0,1.0,1.0,0.3211133977,0.2450739331,0.05099248886,0.03862154484
1555,1.0,0.0,0.0,0.0,1.0,1.0,0.3261136156,0.2469662526,0.04872876406,0.03668987751
1556,1.0,0.0,0.0,0.0,1.0,1.0,0.3248664819,0.2469885599,0.04939484596,0.03748196363
1557,1.0,0.0,0.0,0.0,1.0,1.0,0.3337904018,0.2527543782,0.0502898097,0.03808069229
1558,1.0,0.0,0.0,0.0,1.0,1.0,0.3344285206,0.2556264393,0.05046224594,0.03857171535
1559,1.0,0.0,0.0,0.0,1.0,1.0,0.3389581411,0.2508250903,0.05139970779,0.03818261623
1560,1.0,0.0,0.0,0.0,1.0,1.0,0.3312103577,0.2460163365,0.04982203245,0.03729367256
1561,1.0,0.0,0.0,0.0,1.0,1.0,0.3516198463,0.272748412,0.05298554897,0.04117900133
1562,1.0,0.0,0.0,0.0,1.0,1.0,0.3446354514,0.2622109345,0.05372238159,0.04118710756
1563,1.0,0.0,0.0,0.0,1.0,1.0,0.3433197645,0.2746558566,0.05696159601,0.04556930065
1564,1.0,0.0,0.0,0.0,1.0,1.0,0.3375727258,0.2555391725,0.05476731062,0.04153698683
1565,1.0,0.0,0.0,0.0,1.0,1.0,0.3369115651,0.2479815238,0.05094408989,0.03756767511
1566,1.0,0.0,0.0,0.0,1.0,1.0,0.3331472568,0.2405376327,0.04991585016,0.03637939692
1567,1.0,0.0,0.0,0.0,1.0,1.0,0.3331471368,0.2442663784,0.05072796345,0.03733348846
1568,1.0,0.0,0.0,0.0,1.0,1.0,0.336278401,0.2591836425,0.05251127481,0.0407769084
1569,1.0,0.0,0.0,0.0,1.0,1.0,0.3469760221,0.2753181747,0.05372095108,0.04262644053
1570,1.0,0.0,0.0,0.0,1.0,1.0,0.3453668366,0.2652367897,0.05157798529,0.03976410627
1571,1.0,0.0,0.0,0.0,1.0,1.0,0.3421689612,0.2681899373,0.05275183916,0.04142653942
1572,1.0,0.0,0.0,0.0,1.0,1.0,0.3247703844,0.2411779487,0.0513625145,0.03821611404
1573,1.0,0.0,0.0,0.0,1.0,1.0,0.3395417163,0.2651193985,0.05175602436,0.04064458609
1574,1.0,0.0,0.0,0.0,1.0,1.0,0.3275640573,0.2536176395,0.05268341303,0.04041051865
1575,1.0,0.0,0.0,0.0,1.0,1.0,0.3306566581,0.2545393704,0.05104112625,0.03921800852
1576,1.0,0.0,0.0,0.0,1.0,1.0,0.3275325204,0.2517392577,0.05186384916,0.03971290588
1577,1.0,0.0,0.0,0.0,1.0,1.0,0.3467453249,0.2683688418,0.05443876982,0.04221189022
1578,1.0,0.0,0.0,0.0,1.0,1.0,0.341137765,0.2683686595,0.05376952887,0.04214370251
1579,1.0,0.0,0.0,0.0,1.0,1.0,0.3409649508,0.2772177698,0.05283284187,0.04248994589
1580,1.0,0.0,0.0,0.0,1.0,1.0,0.3379665888,0.2800633654,0.05343639851,0.0437207222
1581,1.0,0.0,0.0,0.0,1.0,1.0,0.3349479039,0.2633906618,0.05527234077,0.0433858037
1582,1.0,0.0,0.0,0.0,1.0,1.0,0.3360955166,0.2730615522,0.05898493528,0.04749834538
1583,1.0,0.0,0.0,0.0,1.0,1.0,0.3367104226,0.2730617314,0.05798727274,0.04694205523
1584,1.0,0.0,0.0,0.0,1.0,1.0,0.3307758906,0.2686670752,0.05602002144,0.04517745972
1585,1.0,0.0,0.0,0.0,1.0,1.0,0.3523213067,0.2918077654,0.05737549067,0.04683709145
1586,1.0,0.0,0.0,0.0,1.0,1.0,0.3452616671,0.276402184,0.05327099562,0.04233640432
1587,1.0,0.0,0.0,0.0,1.0,1.0,0.3415814374,0.2782328254,0.05663722754,0.04554951191
1588,1.0,0.0,0.0,0.0,1.0,1.0,0.3247739719,0.2571556704,0.0555446744,0.04326957464
1589,1.0,0.0,0.0,0.0,1.0,1.0,0.3331473875,0.2679663262,0.05247831345,0.04175692797
1590,1.0,0.0,0.0,0.0,1.0,1.0,0.3319512351,0.2617585333,0.05464816093,0.04224151373
1591,1.0,0.0,0.0,0.0,1.0,1.0,0.3428740013,0.2755813394,0.05780780315,0.04612326622
1592,1.0,0.0,0.0,0.0,1.0,1.0,0.3374263778,0.2692227067,0.05354344845,0.04248559475
1593,1.0,0.0,0.0,0.0,1.0,1.0,0.358915433,0.2882282469,0.0549274683,0.04337859154
1594,1.0,0.0,0.0,0.0,1.0,1.0,0.3392936588,0.2724045126,0.05226403475,0.04118639231
1595,1.0,0.0,0.0,0.0,1.0,1.0,0.3418166455,0.2647777647,0.05212879181,0.04022985697
1596,1.0,0.0,0.0,0.0,1.0,1.0,0.3468980913,0.2638975484,0.05210089684,0.03970932961
1597,1.0,0.0,0.0,0.0,1.0,1.0,0.3541622701,0.2805123568,0.05599081516,0.04426497221
1598,1.0,0.0,0.0,0.0,1.0,1.0,0.3528531712,0.2802863421,0.05522596836,0.04394942522
1599,1.0,0.0,0.0,0.0,1.0,1.0,0.3597988358,0.2831752009,0.05742752552,0.04437583685
1600,1.0,0.0,0.0,0.0,1.0,1.0,0.3522019512,0.2757719166,0.05484414101,0.04278415442
1601,1.0,0.0,0.0,0.0,1.0,1.0,0.3540458119,0.2761616281,0.05515670776,0.04222935438
1602,1.0,0.0,0.0,0.0,1.0,1.0,0.3561646766,0.2839742893,0.05706274509,0.04483503103
1603,1.0,0.0,0.0,0.0,1.0,1.0,0.3543475732,0.2729103949,0.06009441614,0.04561012983
1604,1.0,0.0,0.0,0.0,1.0,1.0,0.3476320732,0.2702195112,0.0586001873,0.04456055164
1605,1.0,0.0,0.0,0.0,1.0,1.0,0.3463770406,0.2821302065,0.055560112,0.04427444935
1606,1.0,0.0,0.0,0.0,1.0,1.0,0.3542326634,0.2802859305,0.0570063591,0.04420894384
1607,1.0,0.0,0.0,0.0,1.0,1.0,0.3549931304,0.273744047,0.05511540174,0.04211378098
1608,1.0,0.0,0.0,0.0,1.0,1.0,0.3645876819,0.2845126849,0.05756062269,0.04467391968
1609,1.0,0.0,0.0,0.0,1.0,1.0,0.3531728375,0.2784424276,0.05619162321,0.04373675585
1610,1.0,0.0,0.0,0.0,1.0,1.0,0.3510054423,0.271384197,0.05265152454,0.040181458
1611,1.0,0.0,0.0,0.0,1.0,1.0,0.3449566588,0.2650036362,0.0528100729,0.03996437788
1612,1.0,0.0,0.0,0.0,1.0,1.0,0.3448262808,0.2769987958,0.05266439915,0.04168087244
1613,1.0,0.0,0.0,0.0,1.0,1.0,0.3511050043,0.2742829777,0.05338382721,0.04123830795
1614,1.0,0.0,0.0,0.0,1.0,1.0,0.3543473759,0.273744358,0.05496871471,0.04200178385
1615,1.0,0.0,0.0,0.0,1.0,1.0,0.3482627766,0.271066493,0.05412179232,0.04143702984
1616,1.0,0.0,0.0,0.0,1.0,1.0,0.3426655017,0.2733982655,0.05544418097,0.04360461235
1617,1.0,0.0,0.0,0.0,1.0,1.0,0.3408400248,0.2624431571,0.05449754,0.04144078493
1618,1.0,0.0,0.0,0.0,1.0,1.0,0.3435580734,0.2746691121,0.05594164133,0.043792665
1619,1.0,0.0,0.0,0.0,1.0,1.0,0.3462902262,0.2810931002,0.05822438002,0.04669481516
1620,1.0,0.0,0.0,0.0,1.0,1.0,0.3462900482,0.2716250739,0.05676168203,0.04383575916
1621,1.0,0.0,0.0,0.0,1.0,1.0,0.3505630941,0.2793579711,0.05929642916,0.04589772224
1622,1.0,0.0,0.0,0.0,1.0,1.0,0.3455071401,0.2670921878,0.05649465322,0.04271543026
1623,1.0,0.0,0.0,0.0,1.0,1.0,0.3314208443,0.251632523,0.05532246828,0.04091560841
1624,1.0,0.0,0.0,0.0,1.0,1.0,0.338881384,0.2612577832,0.0578622818,0.04376387596
1625,1.0,0.0,0.0,0.0,1.0,1.0,0.34222811,0.2689471511,0.06122994423,0.04721713066
1626,1.0,0.0,0.0,0.0,1.0,1.0,0.3354059984,0.2628289519,0.05780267715,0.04437375069
1627,1.0,0.0,0.0,0.0,1.0,1.0,0.3309188261,0.2677688372,0.0572938323,0.0454300046
1628,1.0,0.0,0.0,0.0,1.0,1.0,0.3409858892,0.2738195852,0.05990469456,0.04721552134
1629,1.0,0.0,0.0,0.0,1.0,1.0,0.3337060817,0.2626518449,0.05947589874,0.04602658749
1630,1.0,0.0,0.0,0.0,1.0,1.0,0.3398773164,0.2799125405,0.05971622467,0.04818689823
1631,1.0,0.0,0.0,0.0,1.0,1.0,0.3437144846,0.2762960288,0.06088000536,0.04787647724
1632,1.0,0.0,0.0,0.0,1.0,1.0,0.3353942716,0.2609466986,0.05715227127,0.04394125938
1633,1.0,0.0,0.0,0.0,1.0,1.0,0.3467452235,0.2783910766,0.05892717838,0.04650622606
1634,1.0,0.0,0.0,0.0,1.0,1.0,0.3426658388,0.2757082298,0.05996501446,0.04703140259
1635,1.0,0.0,0.0,0.0,1.0,1.0,0.3425707008,0.2797075248,0.05868119001,0.0467171073
1636,1.0,0.0,0.0,0.0,1.0,1.0,0.3375166319,0.2778112811,0.06011593342,0.0478593111
1637,1.0,0.0,0.0,0.0,1.0,1.0,0.3436096925,0.2802492747,0.0590210557,0.047103405
1638,1.0,0.0,0.0,0.0,1.0,1.0,0.3386813793,0.2804557733,0.05818837881,0.04706412554
1639,1.0,0.0,0.0,0.0,1.0,1.0,0.3337118717,0.2778170083,0.05685943365,0.04589164257
1640,1.0,0.0,0.0,0.0,1.0,1.0,0.3370996932,0.2840519203,0.05747693777,0.0467903018
1641,1.0,0.0,0.0,0.0,1.0,1.0,0.3303098112,0.2795640715,0.05587124825,0.0460793376
1642,1.0,0.0,0.0,0.0,1.0,1.0,0.3200934742,0.2611781047,0.05484038591,0.04375565052
1643,1.0,0.0,0.0,0.0,1.0,1.0,0.2771262456,0.1623179217,0.04470044374,0.02566665411
1644,1.0,0.0,0.0,0.0,1.0,1.0,0.2769988639,0.1206225224,0.0431868434,0.01838362217
1645,1.0,0.0,0.0,0.0,1.0,1.0,0.2794738237,0.1258841529,0.04232168198,0.0184982419
1646,1.0,0.0,0.0,0.0,1.0,1.0,0.3005839947,0.1273420257,0.046220541,0.01906597614
1647,1.0,0.0,0.0,0.0,1.0,1.0,0.3035055492,0.1436204663,0.04454493523,0.02071195841
1648,1.0,0.0,0.0,0.0,1.0,1.0,0.2960573957,0.1294820612,0.0444175005,0.01907861233
1649,1.0,0.0,0.0,0.0,1.0,1.0,0.2872889158,0.1213315437,0.04039436579,0.01678359509
1650,1.0,0.0,0.0,0.0,1.0,1.0,0.3067394602,0.1398397117,0.04463684559,0.02010136843
1651,1.0,0.0,0.0,0.0,1.0,1.0,0.2955228192,0.1409999349,0.04128271341,0.01949459314
1652,1.0,0.0,0.0,0.0,1.0,1.0,0.3021087682,0.1338164176,0.04209458828,0.01845240593
1653,1.0,0.0,0.0,0.0,1.0,1.0,0.3144538516,0.1543853726,0.04403215647,0.02131491899
1654,1.0,0.0,0.0,0.0,1.0,1.0,0.2938396874,0.1357508015,0.04256504774,0.01932227612
1655,1.0,0.0,0.0,0.0,1.0,1.0,0.2905782134,0.1411848612,0.0445818305,0.02158099413
1656,1.0,0.0,0.0,0.0,1.0,1.0,0.2894069355,0.1702346478,0.04654324055,0.02688521147
1657,1.0,0.0,0.0,0.0,1.0,1.0,0.3107806028,0.1977310958,0.05125302076,0.03203308582
1658,1.0,0.0,0.0,0.0,1.0,1.0,0.3087283033,0.2171934226,0.05009645224,0.03481280804
1659,1.0,0.0,0.0,0.0,1.0,1.0,0.311784352,0.2269860508,0.05166697502,0.03702801466
1660,1.0,0.0,0.0,0.0,1.0,1.0,0.3207036018,0.2602714428,0.05408596992,0.04292541742
1661,1.0,0.0,0.0,0.0,1.0,1.0,0.3177714676,0.245507395,0.05192953348,0.03936588764
1662,1.0,0.0,0.0,0.0,1.0,1.0,0.3114697716,0.2420251758,0.05234593153,0.03997850418
1663,1.0,0.0,0.0,0.0,1.0,1.0,0.3122194541,0.2403500901,0.05283606052,0.03991419077
1664,1.0,0.0,0.0,0.0,1.0,1.0,0.3138179862,0.2412445652,0.05318516493,0.04046696424
1665,1.0,0.0,0.0,0.0,1.0,1.0,0.3063358131,0.2393766544,0.05024892092,0.03845864534
1666,1.0,0.0,0.0,0.0,1.0,1.0,0.3121121498,0.2402169807,0.05077797174,0.03801417351
1667,1.0,0.0,0.0,0.0,1.0,1.0,0.3050019111,0.2279429582,0.0506914258,0.03723102808
1668,1.0,0.0,0.0,0.0,1.0,1.0,0.3071200003,0.2226826699,0.05080348253,0.03645223379
1669,1.0,0.0,0.0,0.0,1.0,1.0,0.28150627,0.139768771,0.04278433323,0.02096146345
1670,1.0,0.0,0.0,0.0,1.0,1.0,0.2598929588,0.1375203221,0.03997266293,0.02086812258
1671,1.0,0.0,0.0,0.0,1.0,1.0,0.2840334063,0.1840126002,0.04646831751,0.02962350845
1672,1.0,0.0,0.0,0.0,1.0,1.0,0.3113579292,0.2350603307,0.05201929808,0.03879892826
1673,1.0,0.0,0.0,0.0,1.0,1.0,0.3259052528,0.2745907446,0.05414450169,0.04470390081
1674,1.0,0.0,0.0,0.0,1.0,1.0,0.3247765079,0.2755310568,0.05260133743,0.04365372658
1675,1.0,0.0,0.0,0.0,1.0,1.0,0.3174697043,0.2636459454,0.05250883102,0.04250717163
1676,1.0,0.0,0.0,0.0,1.0,1.0,0.323000984,0.2705385105,0.0543603301,0.04468357563
1677,1.0,0.0,0.0,0.0,1.0,1.0,0.3269676682,0.2678913681,0.05383324623,0.04328852892
1678,1.0,0.0,0.0,0.0,1.0,1.0,0.3292278439,0.2799122551,0.05512011051,0.04583966732
1679,1.0,0.0,0.0,0.0,1.0,1.0,0.3280998141,0.2757082393,0.05292773247,0.04342788458
1680,1.0,0.0,0.0,0.0,1.0,1.0,0.3303666613,0.27705642,0.0558885932,0.04600930214
1681,1.0,0.0,0.0,0.0,1.0,1.0,0.3275482064,0.2772424074,0.05470508337,0.04544728994
1682,1.0,0.0,0.0,0.0,1.0,1.0,0.3247768822,0.2652627391,0.05521225929,0.04411286116
1683,1.0,0.0,0.0,0.0,1.0,1.0,0.3236922606,0.2609465901,0.05352383852,0.04221212864
1684,1.0,0.0,0.0,0.0,1.0,1.0,0.3259409236,0.2686857285,0.05433857441,0.04352635145
1685,1.0,0.0,0.0,0.0,1.0,1.0,0.3304077841,0.2843530886,0.05368059874,0.04513442516
1686,1.0,0.0,0.0,0.0,1.0,1.0,0.337516326,0.2867526585,0.05876243114,0.04877853394
1687,1.0,0.0,0.0,0.0,1.0,1.0,0.3369454638,0.2874649208,0.05799007416,0.04818499088
1688,1.0,0.0,0.0,0.0,1.0,1.0,0.3428505445,0.298166676,0.06087958813,0.05140304565
1689,1.0,0.0,0.0,0.0,1.0,1.0,0.3358916187,0.2836253321,0.05732744932,0.04721081257
1690,1.0,0.0,0.0,0.0,1.0,1.0,0.3435067104,0.2954434196,0.05857741833,0.04881459475
1691,1.0,0.0,0.0,0.0,1.0,1.0,0.3402011255,0.2951370575,0.0563198328,0.04742717743
1692,1.0,0.0,0.0,0.0,1.0,1.0,0.3320565436,0.2836254597,0.05613338947,0.04645526409
1693,1.0,0.0,0.0,0.0,1.0,1.0,0.3445787646,0.2937547822,0.05902254581,0.04867261648
1694,1.0,0.0,0.0,0.0,1.0,1.0,0.3358778916,0.2841222285,0.05787628889,0.04799497128
1695,1.0,0.0,0.0,0.0,1.0,1.0,0.3336923221,0.286035744,0.05553382635,0.0462782383
1696,1.0,0.0,0.0,0.0,1.0,1.0,0.3402705403,0.2886899526,0.05635750294,0.04655617476
1697,1.0,0.0,0.0,0.0,1.0,1.0,0.3353282537,0.2845869304,0.05722105503,0.04689335823
1698,1.0,0.0,0.0,0.0,1.0,1.0,0.3325957751,0.2804556158,0.05565583706,0.04568761587
1699,1.0,0.0,0.0,0.0,1.0,1.0,0.3336979889,0.2831185729,0.05662626028,0.04653447866
1700,1.0,0.0,0.0,0.0,1.0,1.0,0.3314897263,0.2719570476,0.05731832981,0.04585468769
1701,1.0,0.0,0.0,0.0,1.0,1.0,0.3247768565,0.2686855141,0.05445116758,0.04406613111
1702,1.0,0.0,0.0,0.0,1.0,1.0,0.2922557599,0.1568467037,0.04600065947,0.02442008257
1703,1.0,0.0,0.0,0.0,1.0,1.0,0.295244143,0.1224218302,0.04237282276,0.01746451855
1704,1.0,0.0,0.0,0.0,1.0,1.0,0.3044391368,0.1148553143,0.04337018728,0.01626384258
1705,1.0,0.0,0.0,0.0,1.0,1.0,0.3500152429,0.1555147316,0.04875892401,0.02202963829
1706,1.0,0.0,0.0,0.0,1.0,1.0,0.3630451268,0.156163024,0.0506375432,0.02234011889
1707,1.0,0.0,0.0,0.0,1.0,1.0,0.360909239,0.1472210649,0.04937958717,0.02074533701
1708,1.0,0.0,0.0,0.0,1.0,1.0,0.350755873,0.1466123112,0.04888033867,0.02090662718
1709,1.0,0.0,0.0,0.0,1.0,1.0,0.350868191,0.1534410545,0.04886853695,0.02191674709
1710,1.0,0.0,0.0,0.0,1.0,1.0,0.3479069748,0.1542352297,0.04911077023,0.02232313156
1711,1.0,0.0,0.0,0.0,1.0,1.0,0.3436240426,0.163842892,0.04663652182,0.02274948359
1712,1.0,0.0,0.0,0.0,1.0,1.0,0.3486423727,0.1562911866,0.048414886,0.02230018377
1713,1.0,0.0,0.0,0.0,1.0,1.0,0.3436233526,0.1638431547,0.04719853401,0.02302372456
1714,1.0,0.0,0.0,0.0,1.0,1.0,0.3483528708,0.1583477424,0.04835253954,0.02216160297
1715,1.0,0.0,0.0,0.0,1.0,1.0,0.3029804722,0.1209643602,0.04483962059,0.01776117086
1716,1.0,0.0,0.0,0.0,1.0,1.0,0.2902864778,0.1331305178,0.04224383831,0.01956260204
1717,1.0,0.0,0.0,0.0,1.0,1.0,0.2938467185,0.1903700484,0.0464438796,0.02981585264
1718,1.0,0.0,0.0,0.0,1.0,1.0,0.3083202385,0.2295537845,0.05128836632,0.03745776415
1719,1.0,0.0,0.0,0.0,1.0,1.0,0.3240509664,0.2698841114,0.05424630642,0.04425358772
1720,1.0,0.0,0.0,0.0,1.0,1.0,0.325831483,0.2680161292,0.05462360382,0.04386866093
1721,1.0,0.0,0.0,0.0,1.0,1.0,0.3529437893,0.3127625259,0.05778110027,0.0497251153
1722,1.0,0.0,0.0,0.0,1.0,1.0,0.3445174345,0.3008882033,0.05536329746,0.04686695337
1723,1.0,0.0,0.0,0.0,1.0,1.0,0.3434510602,0.2984199662,0.05579322577,0.04714524746
1724,1.0,0.0,0.0,0.0,1.0,1.0,0.342274934,0.3008881592,0.05655616522,0.04835546017
1725,1.0,0.0,0.0,0.0,1.0,1.0,0.3394008455,0.2945721205,0.05462664366,0.04611694813
1726,1.0,0.0,0.0,0.0,1.0,1.0,0.3252821041,0.2733667041,0.05588924885,0.04546433687
1727,1.0,0.0,0.0,0.0,1.0,1.0,0.3348296015,0.2880335905,0.05445730686,0.04542672634
1728,1.0,0.0,0.0,0.0,1.0,1.0,0.3348299198,0.2818492815,0.05608046055,0.04593521357
1729,1.0,0.0,0.0,0.0,1.0,1.0,0.33425588,0.2894935119,0.05745762587,0.04802429676
1730,1.0,0.0,0.0,0.0,1.0,1.0,0.3281748123,0.2772425903,0.05534762144,0.04528445005
1731,1.0,0.0,0.0,0.0,1.0,1.0,0.3276314376,0.279707481,0.05339372158,0.04422515631
1732,1.0,0.0,0.0,0.0,1.0,1.0,0.3281996105,0.280455633,0.05636191368,0.04673224688
1733,1.0,0.0,0.0,0.0,1.0,1.0,0.3353499322,0.2882348497,0.05790144205,0.04820364714
1734,1.0,0.0,0.0,0.0,1.0,1.0,0.3315060791,0.2870018579,0.05503070354,0.0463129878
1735,1.0,0.0,0.0,0.0,1.0,1.0,0.3243657329,0.2725750966,0.05655813217,0.04650974274
1736,1.0,0.0,0.0,0.0,1.0,1.0,0.3276585484,0.2710350002,0.05679708719,0.04566603899
1737,1.0,0.0,0.0,0.0,1.0,1.0,0.3161329946,0.2641625997,0.05345380306,0.04370969534
1738,1.0,0.0,0.0,0.0,1.0,1.0,0.3320461626,0.2795050103,0.05770856142,0.04737269878
1739,1.0,0.0,0.0,0.0,1.0,1.0,0.329865221,0.2800449397,0.05514830351,0.04581969976
1740,1.0,0.0,0.0,0.0,1.0,1.0,0.3248185997,0.2745908275,0.05656445026,0.04670196772
1741,1.0,0.0,0.0,0.0,1.0,1.0,0.3287637142,0.2778111599,0.05693024397,0.04668283463
1742,1.0,0.0,0.0,0.0,1.0,1.0,0.3170986761,0.2668574707,0.05281740427,0.043415308
1743,1.0,0.0,0.0,0.0,1.0,1.0,0.325438309,0.2761170156,0.05620628595,0.04650568962
1744,1.0,0.0,0.0,0.0,1.0,1.0,0.323152709,0.2744232302,0.05438143015,0.04541134834
1745,1.0,0.0,0.0,0.0,1.0,1.0,0.3237394454,0.2745904674,0.05541956425,0.04575663805
1746,1.0,0.0,0.0,0.0,1.0,1.0,0.3192892709,0.2702573815,0.05425000191,0.04492580891
1747,1.0,0.0,0.0,0.0,1.0,1.0,0.3309517419,0.2785605544,0.05569428205,0.04571920633
1748,1.0,0.0,0.0,0.0,1.0,1.0,0.3259770498,0.2770561464,0.05422079563,0.0448628664
1749,1.0,0.0,0.0,0.0,1.0,1.0,0.3358779896,0.2826706047,0.05774688721,0.04732429981
1750,1.0,0.0,0.0,0.0,1.0,1.0,0.3281751695,0.2736566508,0.05707222223,0.04640716314
1751,1.0,0.0,0.0,0.0,1.0,1.0,0.333697686,0.2753562857,0.05948466063,0.04770553112
1752,1.0,0.0,0.0,0.0,1.0,1.0,0.3353502521,0.2826703935,0.05730760098,0.04742693901
1753,1.0,0.0,0.0,0.0,1.0,1.0,0.3370019417,0.2836254055,0.05587220192,0.04601240158
1754,1.0,0.0,0.0,0.0,1.0,1.0,0.3380949118,0.2831183443,0.05756765604,0.0466157794
1755,1.0,0.0,0.0,0.0,1.0,1.0,0.3348046272,0.2804556745,0.05673390627,0.04634207487
1756,1.0,0.0,0.0,0.0,1.0,1.0,0.3342449088,0.2821555108,0.05934745073,0.0485304594
1757,1.0,0.0,0.0,0.0,1.0,1.0,0.3342449583,0.2787561109,0.05611532927,0.04533457756
1758,1.0,0.0,0.0,0.0,1.0,1.0,0.3248185794,0.2688153681,0.05676686764,0.04541349411
1759,1.0,0.0,0.0,0.0,1.0,1.0,0.3275765766,0.2713261644,0.0559387207,0.04509341717
1760,1.0,0.0,0.0,0.0,1.0,1.0,0.339911643,0.2722616479,0.05652606487,0.04443341494
1761,1.0,0.0,0.0,0.0,1.0,1.0,0.3398438213,0.2843242897,0.05464297533,0.04441428185
1762,1.0,0.0,0.0,0.0,1.0,1.0,0.3348213947,0.2781948228,0.05524134636,0.04474544525
1763,1.0,0.0,0.0,0.0,1.0,1.0,0.3353719765,0.2806654321,0.05571514368,0.04545915127
1764,1.0,0.0,0.0,0.0,1.0,1.0,0.3376041043,0.2867812749,0.05382341146,0.04449754953
1765,1.0,0.0,0.0,0.0,1.0,1.0,0.3387088616,0.2840882492,0.05847615004,0.04781800508
1766,1.0,0.0,0.0,0.0,1.0,1.0,0.3364951355,0.2791545145,0.05371141434,0.04328984022
1767,1.0,0.0,0.0,0.0,1.0,1.0,0.333147336,0.2730433465,0.05781960487,0.04596656561
1768,1.0,0.0,0.0,0.0,1.0,1.0,0.3364957167,0.274760744,0.05413502455,0.04309254885
1769,1.0,0.0,0.0,0.0,1.0,1.0,0.3370213089,0.2823767887,0.05669587851,0.04608285427
1770,1.0,0.0,0.0,0.0,1.0,1.0,0.3364954113,0.2808775514,0.05798768997,0.04702484608
1771,1.0,0.0,0.0,0.0,1.0,1.0,0.3437146774,0.2882349678,0.05964452028,0.04893165827
1772,1.0,0.0,0.0,0.0,1.0,1.0,0.3380951005,0.285313817,0.0575453043,0.04743981361
1773,1.0,0.0,0.0,0.0,1.0,1.0,0.3397770715,0.2848237129,0.05738461018,0.04674744606
1774,1.0,0.0,0.0,0.0,1.0,1.0,0.3408310973,0.2906538431,0.05871713161,0.04850542545
1775,1.0,0.0,0.0,0.0,1.0,1.0,0.3347963342,0.2797072369,0.05720299482,0.04621326923
1776,1.0,0.0,0.0,0.0,1.0,1.0,0.3292671164,0.2711798435,0.05605649948,0.04501509666
1777,1.0,0.0,0.0,0.0,1.0,1.0,0.3331472991,0.2780014721,0.05680298805,0.04583603144
1778,1.0,0.0,0.0,0.0,1.0,1.0,0.3232028616,0.2609463838,0.05522328615,0.04332900047
1779,1.0,0.0,0.0,0.0,1.0,1.0,0.3276041663,0.2694740909,0.05421358347,0.04348093271
1780,1.0,0.0,0.0,0.0,1.0,1.0,0.3337004558,0.2823767098,0.05816048384,0.0477437377
1781,1.0,0.0,0.0,0.0,1.0,1.0,0.3364956895,0.2823764126,0.05758148432,0.04726833105
1782,1.0,0.0,0.0,0.0,1.0,1.0,0.3470516415,0.2933516484,0.06115794182,0.05057293177
1783,1.0,0.0,0.0,0.0,1.0,1.0,0.3469822777,0.2795047487,0.0591095686,0.04666543007
1784,1.0,0.0,0.0,0.0,1.0,1.0,0.330393918,0.2753563822,0.05708312988,0.04623734951
1785,1.0,0.0,0.0,0.0,1.0,1.0,0.3375380443,0.2906542945,0.06048625708,0.05045443773
1786,1.0,0.0,0.0,0.0,1.0,1.0,0.3408312638,0.2923537486,0.05908298492,0.04909306765
1787,1.0,0.0,0.0,0.0,1.0,1.0,0.3392144931,0.2836255065,0.05695861578,0.04667830467
1788,1.0,0.0,0.0,0.0,1.0,1.0,0.3403418108,0.2845868156,0.05687958002,0.04661345482
1789,1.0,0.0,0.0,0.0,1.0,1.0,0.3409080061,0.2862807302,0.05608546734,0.04623627663
1790,1.0,0.0,0.0,0.0,1.0,1.0,0.3409079718,0.2855549674,0.05622297525,0.04607540369
1791,1.0,0.0,0.0,0.0,1.0,1.0,0.3453222408,0.2923536489,0.05932074785,0.04905366898
1792,1.0,0.0,0.0,0.0,1.0,1.0,0.3426659133,0.2894935117,0.05611896515,0.04621559381
1793,1.0,0.0,0.0,0.0,1.0,1.0,0.332029504,0.2764781802,0.05510139465,0.04480469227
1794,1.0,0.0,0.0,0.0,1.0,1.0,0.3348300628,0.2843242712,0.05658626556,0.04691827297
1795,1.0,0.0,0.0,0.0,1.0,1.0,0.3381697105,0.2867813654,0.05728167295,0.04735660553
1796,1.0,0.0,0.0,0.0,1.0,1.0,0.3337090779,0.2747607822,0.05519515276,0.04460215569
1797,1.0,0.0,0.0,0.0,1.0,1.0,0.3381696298,0.2840880893,0.05555230379,0.04565191269
1798,1.0,0.0,0.0,0.0,1.0,1.0,0.3303527687,0.2764777499,0.05561584234,0.04545247555
1799,1.0,0.0,0.0,0.0,1.0,1.0,0.3308965369,0.2776228233,0.05397695303,0.04406279325
1800,1.0,0.0,0.0,0.0,1.0,1.0,0.3016498809,0.191343154,0.04530620575,0.02811169624
1801,1.0,0.0,0.0,0.0,1.0,1.0,0.2850046447,0.1407940631,0.04125595093,0.01979166269
1802,1.0,0.0,0.0,0.0,1.0,1.0,0.2808649141,0.1709570587,0.04300910234,0.02541446686
1803,1.0,0.0,0.0,0.0,1.0,1.0,0.3081904524,0.2080690933,0.05090022087,0.03364592791
1804,1.0,0.0,0.0,0.0,1.0,1.0,0.317469492,0.2438909982,0.05382168293,0.04072225094
1805,1.0,0.0,0.0,0.0,1.0,1.0,0.3219680409,0.2697454633,0.05227899551,0.04247665405
1806,1.0,0.0,0.0,0.0,1.0,1.0,0.3342727517,0.2793579257,0.05331611633,0.04335302114
1807,1.0,0.0,0.0,0.0,1.0,1.0,0.3348299223,0.2801205256,0.05657821894,0.04605865479
1808,1.0,0.0,0.0,0.0,1.0,1.0,0.3348384116,0.2741523526,0.05512785912,0.04399091005
1809,1.0,0.0,0.0,0.0,1.0,1.0,0.3348559242,0.2770380518,0.05383247137,0.04339551926
1810,1.0,0.0,0.0,0.0,1.0,1.0,0.3399811632,0.2770384015,0.05390250683,0.04279696941
1811,1.0,0.0,0.0,0.0,1.0,1.0,0.3325699967,0.2604930357,0.05393660069,0.04129523039
1812,1.0,0.0,0.0,0.0,1.0,1.0,0.3348822281,0.2569483677,0.05509924889,0.04139578342
1813,1.0,0.0,0.0,0.0,1.0,1.0,0.3145098196,0.2048326368,0.05200713873,0.03351569176
1814,1.0,0.0,0.0,0.0,1.0,1.0,0.2957727876,0.1427772953,0.0439465642,0.02125519514
1815,1.0,0.0,0.0,0.0,1.0,1.0,0.2996463291,0.1665734669,0.04589927197,0.0250877738
1816,1.0,0.0,0.0,0.0,1.0,1.0,0.3142117109,0.2172700506,0.04937690496,0.03347587585
1817,1.0,0.0,0.0,0.0,1.0,1.0,0.3296220166,0.2534816651,0.05423772335,0.04060578346
1818,1.0,0.0,0.0,0.0,1.0,1.0,0.3372028017,0.268667321,0.05381077528,0.04160630703
1819,1.0,0.0,0.0,0.0,1.0,1.0,0.3360191748,0.275464356,0.05562233925,0.04449784756
1820,1.0,0.0,0.0,0.0,1.0,1.0,0.3451679822,0.2830586577,0.05781108141,0.0465940237
1821,1.0,0.0,0.0,0.0,1.0,1.0,0.3460250117,0.2967093728,0.05814385414,0.04826509953
1822,1.0,0.0,0.0,0.0,1.0,1.0,0.3415601279,0.2870366677,0.05560141802,0.04546713829
1823,1.0,0.0,0.0,0.0,1.0,1.0,0.3431419391,0.2840881276,0.05528581142,0.04455071688
1824,1.0,0.0,0.0,0.0,1.0,1.0,0.3431921988,0.2875107818,0.05488753319,0.04498100281
1825,1.0,0.0,0.0,0.0,1.0,1.0,0.3364786734,0.2823766469,0.05893206596,0.04813760519
1826,1.0,0.0,0.0,0.0,1.0,1.0,0.3364619433,0.2916461145,0.05756855011,0.04849374294
1827,1.0,0.0,0.0,0.0,1.0,1.0,0.3441240563,0.2940534307,0.05820739269,0.04818123579
1828,1.0,0.0,0.0,0.0,1.0,1.0,0.3293054792,0.2736567564,0.05662745237,0.04558509588
1829,1.0,0.0,0.0,0.0,1.0,1.0,0.3359609551,0.2783911117,0.05393308401,0.04363429546
1830,1.0,0.0,0.0,0.0,1.0,1.0,0.3257942792,0.2735313792,0.05513602495,0.04479801655
1831,1.0,0.0,0.0,0.0,1.0,1.0,0.3212492011,0.2656968471,0.05130332708,0.04098838568
1832,1.0,0.0,0.0,0.0,1.0,1.0,0.3163449881,0.2462654731,0.05114889145,0.03850221634
1833,1.0,0.0,0.0,0.0,1.0,1.0,0.3111307139,0.2426700888,0.04985570908,0.03760063648
1834,1.0,0.0,0.0,0.0,1.0,1.0,0.3139610218,0.2408727293,0.05196338892,0.03868383169
1835,1.0,0.0,0.0,0.0,1.0,1.0,0.3111303572,0.2453825509,0.04923802614,0.03768497705
1836,1.0,0.0,0.0,0.0,1.0,1.0,0.3174494401,0.2498603707,0.04986661673,0.03781092167
1837,1.0,0.0,0.0,0.0,1.0,1.0,0.3209378067,0.2534812919,0.05299401283,0.04032146931
1838,1.0,0.0,0.0,0.0,1.0,1.0,0.3156133288,0.2498605237,0.05167925358,0.03990787268
1839,1.0,0.0,0.0,0.0,1.0,1.0,0.3111305206,0.2516450059,0.05133968592,0.0404407382
1840,1.0,0.0,0.0,0.0,1.0,1.0,0.3084482623,0.2507436397,0.05054855347,0.04010003805
1841,1.0,0.0,0.0,0.0,1.0,1.0,0.3222898229,0.2595043318,0.05336523056,0.04201096296
1842,1.0,0.0,0.0,0.0,1.0,1.0,0.3143543586,0.2542439652,0.05306094885,0.04181432724
1843,1.0,0.0,0.0,0.0,1.0,1.0,0.3163217802,0.2541830881,0.05163663626,0.04037541151
1844,1.0,0.0,0.0,0.0,1.0,1.0,0.3110507896,0.2446186162,0.05032074451,0.03849673271
1845,1.0,0.0,0.0,0.0,1.0,1.0,0.3168550041,0.2542136402,0.05251079798,0.04077970982
1846,1.0,0.0,0.0,0.0,1.0,1.0,0.3157019681,0.2515957237,0.052939713,0.04104954004
1847,1.0,0.0,0.0,0.0,1.0,1.0,0.2925640312,0.1845982032,0.04486250877,0.02758622169
1848,1.0,0.0,0.0,0.0,1.0,1.0,0.276681752,0.1588257527,0.04081529379,0.022767663
1849,1.0,0.0,0.0,0.0,1.0,1.0,0.2844854809,0.1595264743,0.04325294495,0.0236184001
1850,1.0,0.0,0.0,0.0,1.0,1.0,0.2936315484,0.1746236099,0.04662334919,0.02722108364
1851,1.0,0.0,0.0,0.0,1.0,1.0,0.2884417327,0.1834182521,0.04450857639,0.02778244019
1852,1.0,0.0,0.0,0.0,1.0,1.0,0.2798434991,0.1528559479,0.04175299406,0.02215468884
1853,1.0,0.0,0.0,0.0,1.0,1.0,0.2923416444,0.1796751145,0.04712951183,0.02827769518
1854,1.0,0.0,0.0,0.0,1.0,1.0,0.3102323742,0.2210993226,0.04853248596,0.03391754627
1855,1.0,0.0,0.0,0.0,1.0,1.0,0.3205107105,0.2622646508,0.05205947161,0.04142361879
1856,1.0,0.0,0.0,0.0,1.0,1.0,0.3388812313,0.2835297519,0.05418783426,0.04401046038
1857,1.0,0.0,0.0,0.0,1.0,1.0,0.3331473167,0.2860594374,0.05445098877,0.0452362299
1858,1.0,0.0,0.0,0.0,1.0,1.0,0.3404879198,0.2820723561,0.05581283569,0.0449834466
1859,1.0,0.0,0.0,0.0,1.0,1.0,0.3422280117,0.2858053669,0.05492472649,0.04454094172
1860,1.0,0.0,0.0,0.0,1.0,1.0,0.3382726871,0.2803314826,0.05446797609,0.04428964853
1861,1.0,0.0,0.0,0.0,1.0,1.0,0.3525486426,0.2940535594,0.05754488707,0.04695880413
1862,1.0,0.0,0.0,0.0,1.0,1.0,0.3448076593,0.284823895,0.05829060078,0.04702669382
1863,1.0,0.0,0.0,0.0,1.0,1.0,0.3474089025,0.2832926671,0.05865412951,0.04651880264
1864,1.0,0.0,0.0,0.0,1.0,1.0,0.3290199262,0.2553319074,0.05381560326,0.04050636292
1865,1.0,0.0,0.0,0.0,1.0,1.0,0.3307762982,0.2526266067,0.05141562223,0.03787064552
1866,1.0,0.0,0.0,0.0,1.0,1.0,0.3248185506,0.2572092872,0.0501371026,0.03856700659
1867,1.0,0.0,0.0,0.0,1.0,1.0,0.3355270394,0.2507758657,0.05255067348,0.03829491138
1868,1.0,0.0,0.0,0.0,1.0,1.0,0.3073757291,0.1704028293,0.04610168934,0.02517205477
1869,1.0,0.0,0.0,0.0,1.0,1.0,0.3145242981,0.1353409623,0.04320478439,0.01847571135
1870,1.0,0.0,0.0,0.0,1.0,1.0,0.3359646562,0.1265114751,0.04536032677,0.01711708307
1871,1.0,0.0,0.0,0.0,1.0,1.0,0.3403738415,0.1233351065,0.04492735863,0.01659733057
1872,1.0,0.0,0.0,0.0,1.0,1.0,0.3498046326,0.123862308,0.04661613703,0.01679337025
1873,1.0,0.0,0.0,0.0,1.0,1.0,0.3404210961,0.1212089241,0.04535329342,0.01657140255
1874,1.0,0.0,0.0,0.0,1.0,1.0,0.3646315842,0.1378540473,0.04844486713,0.01867753267
1875,1.0,0.0,0.0,0.0,1.0,1.0,0.3419146555,0.1368803306,0.04488444328,0.01812642813
1876,1.0,0.0,0.0,0.0,1.0,1.0,0.3448624768,0.1347075353,0.04520118237,0.0178501606
1877,1.0,0.0,0.0,0.0,1.0,1.0,0.3526165508,0.1302691005,0.04727649689,0.01769244671
1878,1.0,0.0,0.0,0.0,1.0,1.0,0.3481928224,0.1281332887,0.04653006792,0.01723331213
1879,1.0,0.0,0.0,0.0,1.0,1.0,0.3459607787,0.1159693594,0.04630577564,0.01572114229
1880,1.0,0.0,0.0,0.0,1.0,1.0,0.3470865038,0.1238806648,0.04714941978,0.01675796509
1881,1.0,0.0,0.0,0.0,1.0,1.0,0.3436234302,0.1108167288,0.04792153835,0.01548683643
1882,1.0,0.0,0.0,0.0,1.0,1.0,0.3387231456,0.1161177699,0.04621046782,0.0159739852
1883,1.0,0.0,0.0,0.0,1.0,1.0,0.3249212296,0.1131057922,0.04518675804,0.01572960615
1884,1.0,0.0,0.0,0.0,1.0,1.0,0.31071792,0.1314006524,0.04458081722,0.01874095201
1885,1.0,0.0,0.0,0.0,1.0,1.0,0.3298160101,0.1164008152,0.04638928175,0.01630651951
1886,1.0,0.0,0.0,0.0,1.0,1.0,0.3185471431,0.1249303396,0.04531008005,0.01755768061
1887,1.0,0.0,0.0,0.0,1.0,1.0,0.3249214523,0.1300926464,0.04634892941,0.01848089695
1888,1.0,0.0,0.0,0.0,1.0,1.0,0.3317735788,0.1362872193,0.04614633322,0.01891708374
1889,1.0,0.0,0.0,0.0,1.0,1.0,0.3084215342,0.1352185438,0.04471951723,0.01952940226
1890,1.0,0.0,0.0,0.0,1.0,1.0,0.3112707939,0.1754748508,0.04742395878,0.02628320456
1891,1.0,0.0,0.0,0.0,1.0,1.0,0.3203339763,0.2189788033,0.04857611656,0.03247660398
1892,1.0,0.0,0.0,0.0,1.0,1.0,0.3313754663,0.2471545669,0.05346369743,0.03916859627
1893,1.0,0.0,0.0,0.0,1.0,1.0,0.3260965562,0.2489520681,0.05076181889,0.03759121895
1894,1.0,0.0,0.0,0.0,1.0,1.0,0.3343201828,0.2597829333,0.05219781399,0.03956049681
1895,1.0,0.0,0.0,0.0,1.0,1.0,0.3272822857,0.2606457946,0.05189371109,0.04045474529
1896,1.0,0.0,0.0,0.0,1.0,1.0,0.3296590778,0.2686672771,0.05198603868,0.04125875235
1897,1.0,0.0,0.0,0.0,1.0,1.0,0.3291266598,0.2658090035,0.05262511969,0.04132860899
1898,1.0,0.0,0.0,0.0,1.0,1.0,0.3371820165,0.2656968412,0.05539613962,0.04289650917
1899,1.0,0.0,0.0,0.0,1.0,1.0,0.336599477,0.2711251184,0.05502617359,0.04317438602
1900,1.0,0.0,0.0,0.0,1.0,1.0,0.3399117324,0.2795642528,0.05471950769,0.0435578227
1901,1.0,0.0,0.0,0.0,1.0,1.0,0.3360043242,0.26569659,0.05719006062,0.04405969381
1902,1.0,0.0,0.0,0.0,1.0,1.0,0.3377188735,0.2647645073,0.05471390486,0.04193806648
1903,1.0,0.0,0.0,0.0,1.0,1.0,0.3354289229,0.2665178319,0.0564467907,0.04377508163
1904,1.0,0.0,0.0,0.0,1.0,1.0,0.3331476317,0.2630107889,0.05408895016,0.04203796387
1905,1.0,0.0,0.0,0.0,1.0,1.0,0.3389111889,0.2648698834,0.05659240484,0.04331052303
1906,1.0,0.0,0.0,0.0,1.0,1.0,0.3394986069,0.2631037288,0.05710709095,0.04341298342
1907,1.0,0.0,0.0,0.0,1.0,1.0,0.3378149524,0.2659232698,0.05359846354,0.04137915373
1908,1.0,0.0,0.0,0.0,1.0,1.0,0.3366356527,0.2694923911,0.05402719975,0.04227000475
1909,1.0,0.0,0.0,0.0,1.0,1.0,0.3429118858,0.2728974837,0.05467140675,0.04230856895
1910,1.0,0.0,0.0,0.0,1.0,1.0,0.3417337066,0.2754645966,0.05855298042,0.04590082169
1911,1.0,0.0,0.0,0.0,1.0,1.0,0.3388815949,0.2690805907,0.05370044708,0.04197901487
1912,1.0,0.0,0.0,0.0,1.0,1.0,0.3445172287,0.2822983252,0.05658483505,0.04509979486
1913,1.0,0.0,0.0,0.0,1.0,1.0,0.3435042599,0.2748466395,0.05671513081,0.0438901186
1914,1.0,0.0,0.0,0.0,1.0,1.0,0.3452302299,0.2774254181,0.05610066652,0.04375857115
1915,1.0,0.0,0.0,0.0,1.0,1.0,0.3457622954,0.2774252615,0.05845808983,0.04537045956
1916,1.0,0.0,0.0,0.0,1.0,1.0,0.3418230189,0.2812048559,0.0542743206,0.04325413704
1917,1.0,0.0,0.0,0.0,1.0,1.0,0.3441557193,0.2724113191,0.05442339182,0.04150474072
1918,1.0,0.0,0.0,0.0,1.0,1.0,0.3354768822,0.2678363573,0.0527189374,0.04091215134
1919,1.0,0.0,0.0,0.0,1.0,1.0,0.3477848626,0.2770191108,0.05533522367,0.04275900126
1920,1.0,0.0,0.0,0.0,1.0,1.0,0.3553183913,0.2868435992,0.05675274134,0.04445165396
1921,1.0,0.0,0.0,0.0,1.0,1.0,0.3425154204,0.2806402555,0.05385571718,0.0428083539
1922,1.0,0.0,0.0,0.0,1.0,1.0,0.3418683906,0.2778231768,0.05501180887,0.04322355986
1923,1.0,0.0,0.0,0.0,1.0,1.0,0.3424663529,0.280418731,0.05492794514,0.04371809959
1924,1.0,0.0,0.0,0.0,1.0,1.0,0.3407991009,0.2788300289,0.05503320694,0.04391252995
1925,1.0,0.0,0.0,0.0,1.0,1.0,0.3419609305,0.2834782575,0.05445557833,0.04378902912
1926,1.0,0.0,0.0,0.0,1.0,1.0,0.3414024841,0.2796272312,0.05368006229,0.04311090708
1927,1.0,0.0,0.0,0.0,1.0,1.0,0.3384632924,0.2762096703,0.05299711227,0.04217576981
1928,1.0,0.0,0.0,0.0,1.0,1.0,0.3390648198,0.270606971,0.05383014679,0.04227495193
1929,1.0,0.0,0.0,0.0,1.0,1.0,0.3425646715,0.2778233709,0.05607420206,0.0445125699
1930,1.0,0.0,0.0,0.0,1.0,1.0,0.3378894244,0.2742153044,0.05313366652,0.04250699282
1931,1.0,0.0,0.0,0.0,1.0,1.0,0.3433333876,0.2764024265,0.0575221777,0.04547566175
1932,1.0,0.0,0.0,0.0,1.0,1.0,0.3380738289,0.2637932415,0.0541459918,0.04201489687
1933,1.0,0.0,0.0,0.0,1.0,1.0,0.3535930388,0.2715874901,0.05516636372,0.04221916199
1934,1.0,0.0,0.0,0.0,1.0,1.0,0.3403898555,0.2671236755,0.05322688818,0.04161888361
1935,1.0,0.0,0.0,0.0,1.0,1.0,0.3416740394,0.2690804905,0.05677604675,0.04463142157
1936,1.0,0.0,0.0,0.0,1.0,1.0,0.3417682654,0.2692221092,0.05445486307,0.0429751873
1937,1.0,0.0,0.0,0.0,1.0,1.0,0.3350729404,0.2651189915,0.05176264048,0.0413506031
1938,1.0,0.0,0.0,0.0,1.0,1.0,0.3438533612,0.2753177085,0.0538443923,0.04319381714
1939,1.0,0.0,0.0,0.0,1.0,1.0,0.3465499631,0.2759078874,0.053404212,0.04219228029
1940,1.0,0.0,0.0,0.0,1.0,1.0,0.3496145436,0.2833666588,0.05475562811,0.04404258728
1941,1.0,0.0,0.0,0.0,1.0,1.0,0.3536487303,0.2786903772,0.05409264565,0.04262733459
1942,1.0,0.0,0.0,0.0,1.0,1.0,0.3623930433,0.2937290325,0.05548804998,0.0449745059
1943,1.0,0.0,0.0,0.0,1.0,1.0,0.3513664136,0.2711663702,0.05275201797,0.04102933407
1944,1.0,0.0,0.0,0.0,1.0,1.0,0.3506814041,0.2662607524,0.05372041464,0.04118567705
1945,1.0,0.0,0.0,0.0,1.0,1.0,0.3559657329,0.2855548062,0.05437189341,0.04421448708
1946,1.0,0.0,0.0,0.0,1.0,1.0,0.3404042702,0.2674286248,0.05100345612,0.04062479734
1947,1.0,0.0,0.0,0.0,1.0,1.0,0.3668585259,0.30256569,0.05548888445,0.04649072886
1948,1.0,0.0,0.0,0.0,1.0,1.0,0.3511551505,0.2952018713,0.05402779579,0.04541897774
1949,1.0,0.0,0.0,0.0,1.0,1.0,0.3369332306,0.2774118858,0.05525201559,0.04531908035
1950,1.0,0.0,0.0,0.0,1.0,1.0,0.3555708657,0.3120861864,0.05466395617,0.0481633544
1951,1.0,0.0,0.0,0.0,1.0,1.0,0.3392940427,0.2751274246,0.05951368809,0.04754626751
1952,1.0,0.0,0.0,0.0,1.0,1.0,0.3234495869,0.2875587874,0.05662876368,0.04913818836
1953,1.0,0.0,0.0,0.0,1.0,1.0,0.3189513704,0.3046625535,0.05507409573,0.05131906271
1954,1.0,0.0,0.0,0.0,1.0,1.0,0.3166545137,0.3015190531,0.05242180824,0.04685199261
1955,1.0,0.0,0.0,0.0,1.0,1.0,0.3075207599,0.2967095305,0.05213397741,0.0471688509
1956,1.0,0.0,0.0,0.0,1.0,1.0,0.2693528793,0.2603107012,0.04789686203,0.0431702137
1957,1.0,0.0,0.0,0.0,1.0,1.0,0.192805761,0.1534413464,0.03246599436,0.02451515198
1958,1.0,0.0,0.0,-3.141592741,1.0,1.0,0.3667456518,0.4016447721,0.04536983371,0.051679492
1959,1.0,0.0,0.0,0.0,1.0,1.0,0.1950129632,0.166573564,0.03370690346,0.02754890919
1960,1.0,0.0,0.0,0.0,1.0,1.0,0.2351629879,0.2025383703,0.04287654161,0.03529065847
1961,1.0,0.0,0.0,0.0,1.0,1.0,0.2600318139,0.2451814042,0.04805552959,0.0428249836
1962,1.0,0.0,0.0,0.0,1.0,1.0,0.2681643675,0.274754193,0.04920691252,0.04823571444
1963,1.0,0.0,0.0,0.0,1.0,1.0,0.2429024254,0.2516327334,0.04746478796,0.04680556059
1964,1.0,0.0,0.0,0.0,1.0,1.0,0.2466922018,0.2542749822,0.05025303364,0.0495646596
1965,1.0,0.0,0.0,0.0,1.0,1.0,0.2468354311,0.2515486495,0.05089825392,0.04956758022
1966,1.0,0.0,0.0,0.0,1.0,1.0,0.2484396182,0.2447612536,0.04960823059,0.04669010639
1967,1.0,0.0,0.0,0.0,1.0,1.0,0.2341459884,0.2415316471,0.04704856873,0.0457854867
1968,1.0,0.0,0.0,0.0,1.0,1.0,0.2420461108,0.2389969332,0.04799950123,0.04545646906
1969,1.0,0.0,0.0,0.0,1.0,1.0,0.2393484227,0.228060533,0.04637402296,0.04261398315
1970,1.0,0.0,0.0,0.0,1.0,1.0,0.2243487873,0.218119082,0.04545849562,0.04230159521
1971,1.0,0.0,0.0,0.0,1.0,1.0,0.2352595678,0.209780577,0.04624468088,0.03977692127
1972,1.0,0.0,0.0,0.0,1.0,1.0,0.2380005855,0.2323116542,0.04681950808,0.04397237301
1973,1.0,0.0,0.0,0.0,1.0,1.0,0.231825249,0.2136854414,0.04623639584,0.0410630703
1974,1.0,0.0,0.0,0.0,1.0,1.0,0.2381578065,0.223424824,0.04630714655,0.04183614254
1975,1.0,0.0,0.0,0.0,1.0,1.0,0.2389430117,0.2243644296,0.04695260525,0.04274308681
1976,1.0,0.0,0.0,0.0,1.0,1.0,0.2207771789,0.2111496115,0.04327124357,0.03994268179
1977,1.0,0.0,0.0,0.0,1.0,1.0,0.2276787535,0.2193897016,0.04443240166,0.04116529226
1978,1.0,0.0,0.0,0.0,1.0,1.0,0.2150592687,0.2144132054,0.04236185551,0.04071992636
1979,1.0,0.0,0.0,0.0,1.0,1.0,0.2323894201,0.226189335,0.04618859291,0.04317623377
1980,1.0,0.0,0.0,0.0,1.0,1.0,0.2371000427,0.2247881689,0.04727613926,0.04267984629
1981,1.0,0.0,0.0,0.0,1.0,1.0,0.2473866076,0.243808424,0.05052274466,0.04749137163
1982,1.0,0.0,0.0,0.0,1.0,1.0,0.2422393156,0.2396623339,0.0486587286,0.04667264223
1983,1.0,0.0,0.0,0.0,1.0,1.0,0.2444557792,0.2429199384,0.04910582304,0.04676747322
1984,1.0,0.0,0.0,0.0,1.0,1.0,0.2550300312,0.2480756163,0.0499997139,0.04695916176
1985,1.0,0.0,0.0,0.0,1.0,1.0,0.2524540821,0.2400090913,0.0510225296,0.046828866
1986,1.0,0.0,0.0,0.0,1.0,1.0,0.2679971352,0.2427217467,0.05380219221,0.04660576582
1987,1.0,0.0,0.0,0.0,1.0,1.0,0.2562237959,0.2410001993,0.04954648018,0.04462462664
1988,1.0,0.0,0.0,0.0,1.0,1.0,0.2537176637,0.2210997165,0.05113339424,0.04249602556
1989,1.0,0.0,0.0,0.0,1.0,1.0,0.2632343793,0.2373674135,0.05338478088,0.04580760002
1990,1.0,0.0,0.0,0.0,1.0,1.0,0.2678740228,0.2454147087,0.05323165655,0.04649353027
1991,1.0,0.0,0.0,0.0,1.0,1.0,0.2687136387,0.2370939199,0.05219531059,0.04377675056
1992,1.0,0.0,0.0,0.0,1.0,1.0,0.2579204649,0.2225033191,0.04772138596,0.03933787346
1993,1.0,0.0,0.0,0.0,1.0,1.0,0.260199303,0.2281336859,0.05104225874,0.04259163141
1994,1.0,0.0,0.0,0.0,1.0,1.0,0.2624279842,0.2291139297,0.04848068953,0.03998082876
1995,1.0,0.0,0.0,0.0,1.0,1.0,0.2636824591,0.2205175693,0.05326294899,0.04261040688
1996,1.0,0.0,0.0,0.0,1.0,1.0,0.2625144749,0.2182894024,0.05024194717,0.03973376751
1997,1.0,0.0,0.0,0.0,1.0,1.0,0.2598202742,0.2208913362,0.04901242256,0.03986346722
1998,1.0,0.0,0.0,0.0,1.0,1.0,0.2690472935,0.226151123,0.05395793915,0.04288965464
1999,1.0,0.0,0.0,0.0,1.0,1.0,0.2660573223,0.210027899,0.05258285999,0.0396078825
2000,1.0,0.0,0.0,0.0,1.0,1.0,0.2571179755,0.2178715977,0.05125230551,0.04166316986
2001,1.0,0.0,0.0,0.0,1.0,1.0,0.2434854568,0.2112223489,0.04796528816,0.03986304998
2002,1.0,0.0,0.0,0.0,1.0,1.0,0.2500674027,0.2129394342,0.05029469728,0.04130160809
2003,1.0,0.0,0.0,0.0,1.0,1.0,0.2415869762,0.20707607,0.04847157001,0.04017162323
2004,1.0,0.0,0.0,0.0,1.0,1.0,0.2365346089,0.1964420635,0.0477951169,0.03837072849
2005,1.0,0.0,0.0,0.0,1.0,1.0,0.2341927345,0.1985193147,0.0506734252,0.04139518738
2006,1.0,0.0,0.0,0.0,1.0,1.0,0.2414758059,0.2019418529,0.05170828104,0.0423720479
2007,1.0,0.0,0.0,0.0,1.0,1.0,0.2475133372,0.194335769,0.05172759295,0.03995507956
2008,1.0,0.0,0.0,0.0,1.0,1.0,0.255363939,0.2045122667,0.0473009944,0.03751462698
2009,1.0,0.0,0.0,0.0,1.0,1.0,0.2474474761,0.183171674,0.04945605993,0.03612744808
2010,1.0,0.0,0.0,0.0,1.0,1.0,0.2436033604,0.2097803913,0.04786491394,0.04032456875
2011,1.0,0.0,0.0,0.0,1.0,1.0,0.2535255849,0.2005802615,0.05065304041,0.0399711132
2012,1.0,0.0,0.0,0.0,1.0,1.0,0.2453567639,0.2095048976,0.0493119359,0.04207026958
2013,1.0,0.0,0.0,0.0,1.0,1.0,0.2638120146,0.2134400161,0.05438613892,0.04392725229
2014,1.0,0.0,0.0,0.0,1.0,1.0,0.2585787524,0.1995474509,0.05308747292,0.04086345434
2015,1.0,0.0,0.0,0.0,1.0,1.0,0.2537176646,0.2100522088,0.04924744368,0.04126137495
2016,1.0,0.0,0.0,0.0,1.0,1.0,0.2692158532,0.2291825165,0.05198967457,0.04519367218
2017,1.0,0.0,0.0,0.0,1.0,1.0,0.2353726134,0.1963814879,0.04484993219,0.03805446625
2018,1.0,0.0,0.0,0.0,1.0,1.0,0.240467105,0.1841077596,0.04552620649,0.0348560214
2019,1.0,0.0,0.0,0.0,1.0,1.0,0.2530934296,0.209620625,0.0480992198,0.03932195902
2020,1.0,0.0,0.0,0.0,1.0,1.0,0.2356838145,0.1987940891,0.04324293137,0.03543972969
2021,1.0,0.0,0.0,0.0,1.0,1.0,0.2367546408,0.1988134696,0.0446524024,0.03540289402
2022,1.0,0.0,0.0,0.0,1.0,1.0,0.2404801822,0.2399382308,0.04888516665,0.04611152411
2023,1.0,0.0,0.0,0.0,1.0,1.0,0.2422374567,0.2453176602,0.04578250647,0.04322129488
2024,1.0,0.0,0.0,0.0,1.0,1.0,0.2176486434,0.2261093954,0.03971940279,0.03781282902
2025,1.0,0.0,0.0,0.0,1.0,1.0,0.2135408705,0.2296015492,0.03923904896,0.03827416897
2026,1.0,0.0,0.0,0.0,1.0,1.0,0.2230740301,0.2392489372,0.04096698761,0.0399993062
2027,1.0,0.0,0.0,0.0,1.0,1.0,0.2270612751,0.2508803758,0.04149097204,0.04183107615
2028,1.0,0.0,0.0,0.0,1.0,1.0,0.2141660955,0.21667614,0.03974425793,0.03676348925
2029,1.0,0.0,0.0,0.0,1.0,1.0,0.189287968,0.2363825339,0.03410369158,0.03887826204
2030,1.0,0.0,0.0,-3.141592741,1.0,1.0,0.5442253752,0.4922993792,0.06248539686,0.05810558796
2031,1.0,0.0,0.0,0.0,1.0,1.0,0.1159049508,0.1903698481,0.01946657896,0.0280829072
2032,0.0,0.0,0.0,0.0,0.0,0.0,0.0,0.0,0.0,0.0
2033,0.0,0.0,0.0,0.0,0.0,0.0,0.0,0.0,0.0,0.0
2034,0.0,0.0,0.0,0.0,0.0,0.0,0.0,0.0,0.0,0.0
2035,0.0,0.0,0.0,0.0,0.0,0.0,0.0,0.0,0.0,0.0
2036,0.0,0.0,0.0,0.0,0.0,0.0,0.0,0.0,0.0,0.0
2037,0.0,0.0,0.0,0.0,0.0,0.0,0.0,0.0,0.0,0.0
2038,0.0,0.0,0.0,0.0,0.0,0.0,0.0,0.0,0.0,0.0
2039,0.0,0.0,0.0,0.0,0.0,0.0,0.0,0.0,0.0,0.0
2040,0.0,0.0,0.0,0.0,0.0,0.0,0.0,0.0,0.0,0.0
2041,1.0,0.0,0.0,0.0,1.0,1.0,0.129220594,0.288727494,0.02096635103,0.04258793592
2042,1.0,0.0,0.0,0.0,1.0,1.0,0.1324563441,0.2791233445,0.02261644602,0.042491436
2043,1.0,0.0,0.0,0.0,1.0,1.0,0.1360185488,0.2918722304,0.02187597752,0.0418497324
2044,1.0,0.0,0.0,0.0,1.0,1.0,0.1329901761,0.297611433,0.02191007137,0.04448407888
2045,1.0,0.0,0.0,0.0,1.0,1.0,0.145147139,0.270876989,0.02208995819,0.03660625219
2046,1.0,0.0,0.0,0.0,1.0,1.0,0.1313436351,0.2555651176,0.02054274082,0.03594976664
2047,1.0,0.0,0.0,0.0,1.0,1.0,0.1891375647,0.2861836961,0.03061079979,0.04188841581
2048,1.0,0.0,0.0,0.0,1.0,1.0,0.2333912237,0.2998328533,0.03934150934,0.04663878679
2049,1.0,0.0,0.0,0.0,1.0,1.0,0.2739211055,0.2990299488,0.04922896624,0.04956161976
2050,1.0,0.0,0.0,0.0,1.0,1.0,0.2753934773,0.2875380411,0.04667073488,0.04481631517
2051,1.0,0.0,0.0,0.0,1.0,1.0,0.2873175314,0.3009684343,0.05123269558,0.04997545481
2052,1.0,0.0,0.0,0.0,1.0,1.0,0.2886176874,0.2915039256,0.05187851191,0.04772824049
2053,1.0,0.0,0.0,0.0,1.0,1.0,0.2979598311,0.2947073042,0.05380117893,0.04949706793
2054,1.0,0.0,0.0,0.0,1.0,1.0,0.2919333224,0.2884416845,0.04953318834,0.04574531317
2055,1.0,0.0,0.0,0.0,1.0,1.0,0.3054320794,0.2937427453,0.05334109068,0.0485996604
2056,1.0,0.0,0.0,0.0,1.0,1.0,0.2991408087,0.2884417652,0.05282390118,0.04793846607
2057,1.0,0.0,0.0,0.0,1.0,1.0,0.299129003,0.2693665284,0.051025033,0.04352134466
2058,1.0,0.0,0.0,0.0,1.0,1.0,0.2987655042,0.2657691893,0.04862833023,0.04110252857
2059,1.0,0.0,0.0,0.0,1.0,1.0,0.3224579425,0.2813242402,0.05226176977,0.04388833046
2060,1.0,0.0,0.0,0.0,1.0,1.0,0.3126643851,0.2629129381,0.05201178789,0.04239112139
2061,1.0,0.0,0.0,0.0,1.0,1.0,0.3144716339,0.2554544938,0.05169928074,0.04070580006
2062,1.0,0.0,0.0,0.0,1.0,1.0,0.326021082,0.2762093324,0.0545604229,0.04531794786
2063,1.0,0.0,0.0,0.0,1.0,1.0,0.325982846,0.2709107391,0.05522406101,0.04490745068
2064,1.0,0.0,0.0,0.0,1.0,1.0,0.3216388105,0.2646672747,0.05380386114,0.04346865416
2065,1.0,0.0,0.0,0.0,1.0,1.0,0.3022431625,0.2024891771,0.04969131947,0.03322917223
2066,1.0,0.0,0.0,0.0,1.0,1.0,0.2936105238,0.1477773725,0.04500591755,0.02265197039
2067,1.0,0.0,0.0,0.0,1.0,1.0,0.3141103731,0.1506791506,0.0481389761,0.02304834127
2068,1.0,0.0,0.0,0.0,1.0,1.0,0.3037870377,0.1791113567,0.04979336262,0.02946352959
2069,1.0,0.0,0.0,0.0,1.0,1.0,0.3119856731,0.2017056832,0.0522403121,0.03371322155
2070,1.0,0.0,0.0,0.0,1.0,1.0,0.3241432846,0.2172700045,0.05511045456,0.03674030304
2071,1.0,0.0,0.0,0.0,1.0,1.0,0.3283880355,0.2256804388,0.05404210091,0.03700709343
2072,1.0,0.0,0.0,0.0,1.0,1.0,0.3225150892,0.2141662002,0.05592304468,0.03687232733
2073,1.0,0.0,0.0,0.0,1.0,1.0,0.3208736762,0.2123813101,0.05328071117,0.03464698792
2074,1.0,0.0,0.0,0.0,1.0,1.0,0.3205924057,0.2062906122,0.0535518527,0.03394544125
2075,1.0,0.0,0.0,0.0,1.0,1.0,0.3057734249,0.1810837821,0.04941362143,0.02936583757
2076,1.0,0.0,0.0,0.0,1.0,1.0,0.3039349122,0.1510349251,0.04843956232,0.02407115698
2077,1.0,0.0,0.0,0.0,1.0,1.0,0.3117354604,0.1608947002,0.0482224226,0.02484178543
2078,1.0,0.0,0.0,0.0,1.0,1.0,0.2998322616,0.1569518834,0.04784059525,0.0252250433
2079,1.0,0.0,0.0,0.0,1.0,1.0,0.3069841857,0.1887061345,0.05103546381,0.03131723404
2080,1.0,0.0,0.0,0.0,1.0,1.0,0.320160248,0.2190556806,0.05586963892,0.03783762455
2081,1.0,0.0,0.0,0.0,1.0,1.0,0.3205756142,0.2315780042,0.05566352606,0.03958958387
2082,1.0,0.0,0.0,0.0,1.0,1.0,0.3256413747,0.221131086,0.05554002523,0.03751909733
2083,1.0,0.0,0.0,0.0,1.0,1.0,0.3299962858,0.2249603549,0.05814653635,0.03967291117
2084,1.0,0.0,0.0,0.0,1.0,1.0,0.335173201,0.2296960175,0.05603981018,0.03803735971
2085,1.0,0.0,0.0,0.0,1.0,1.0,0.3314122688,0.2236512879,0.0562223196,0.03767776489
2086,1.0,0.0,0.0,0.0,1.0,1.0,0.3322817749,0.2274589905,0.05618947744,0.03863024712
2087,1.0,0.0,0.0,0.0,1.0,1.0,0.3258314871,0.2194719461,0.0567022562,0.03819322586
2088,1.0,0.0,0.0,0.0,1.0,1.0,0.3303239981,0.218733167,0.05652797222,0.03768533468
2089,1.0,0.0,0.0,0.0,1.0,1.0,0.3328642242,0.2345629484,0.05741691589,0.04042619467
2090,1.0,0.0,0.0,0.0,1.0,1.0,0.3313846325,0.2253987331,0.05467367172,0.03751546144
2091,1.0,0.0,0.0,0.0,1.0,1.0,0.3291054609,0.2326288161,0.05397057533,0.03834754229
2092,1.0,0.0,0.0,0.0,1.0,1.0,0.3331470268,0.234351849,0.05329149961,0.03794580698
2093,1.0,0.0,0.0,0.0,1.0,1.0,0.3203117818,0.2279429689,0.05280202627,0.03750962019
2094,1.0,0.0,0.0,0.0,1.0,1.0,0.3290200838,0.2296966035,0.05308330059,0.03738665581
2095,1.0,0.0,0.0,0.0,1.0,1.0,0.3284634985,0.245507636,0.05447739363,0.04107654095
2096,1.0,0.0,0.0,0.0,1.0,1.0,0.3302043608,0.2420251179,0.0544334054,0.04046118259
2097,1.0,0.0,0.0,0.0,1.0,1.0,0.3302197132,0.2481009831,0.05491769314,0.04118829966
2098,1.0,0.0,0.0,0.0,1.0,1.0,0.3284632421,0.2647644428,0.05513477325,0.04452061653
2099,1.0,0.0,0.0,0.0,1.0,1.0,0.316980668,0.2550299575,0.05361890793,0.04336392879
2100,1.0,0.0,0.0,0.0,1.0,1.0,0.3255223797,0.2681429005,0.05259954929,0.04378557205
2101,1.0,0.0,0.0,0.0,1.0,1.0,0.3110149041,0.2568495635,0.05110299587,0.04220306873
2102,1.0,0.0,0.0,0.0,1.0,1.0,0.3116726939,0.2593707601,0.05187380314,0.04346966743
2103,1.0,0.0,0.0,0.0,1.0,1.0,0.3095156861,0.2696088725,0.05130112171,0.04499596357
2104,1.0,0.0,0.0,0.0,1.0,1.0,0.307388359,0.2745908531,0.05150622129,0.04632687569
2105,1.0,0.0,0.0,0.0,1.0,1.0,0.3099313716,0.2724173741,0.05156803131,0.04548418522
2106,1.0,0.0,0.0,0.0,1.0,1.0,0.3027570509,0.2697452993,0.04989564419,0.04422563314
2107,1.0,0.0,0.0,0.0,1.0,1.0,0.3027569988,0.2575879506,0.04938292503,0.04208767414
2108,1.0,0.0,0.0,0.0,1.0,1.0,0.3110509763,0.2625652151,0.05273789167,0.04466867447
2109,1.0,0.0,0.0,0.0,1.0,1.0,0.3087014833,0.2532601346,0.0521274209,0.04291152954
2110,1.0,0.0,0.0,0.0,1.0,1.0,0.3125403579,0.2651580789,0.05054426193,0.04332363605
2111,1.0,0.0,0.0,0.0,1.0,1.0,0.3097582297,0.2507073802,0.0509275198,0.04164242744
2112,1.0,0.0,0.0,0.0,1.0,1.0,0.3072548088,0.2438908907,0.05147844553,0.04135626554
2113,1.0,0.0,0.0,0.0,1.0,1.0,0.3095157553,0.2455965728,0.05255997181,0.04228287935
2114,1.0,0.0,0.0,0.0,1.0,1.0,0.3096378141,0.2584173353,0.05258822441,0.04411566257
2115,1.0,0.0,0.0,0.0,1.0,1.0,0.3116727708,0.2628291298,0.05219268799,0.0443200469
2116,1.0,0.0,0.0,0.0,1.0,1.0,0.3096862902,0.2368015338,0.05093324184,0.03935748339
2117,1.0,0.0,0.0,0.0,1.0,1.0,0.3135164679,0.2498606124,0.05318200588,0.04260438681
2118,1.0,0.0,0.0,0.0,1.0,1.0,0.3081902365,0.2429197111,0.05234968662,0.04140651226
2119,1.0,0.0,0.0,0.0,1.0,1.0,0.3101715117,0.2481492989,0.05348229408,0.0430830121
2120,1.0,0.0,0.0,0.0,1.0,1.0,0.3108228566,0.2507133235,0.05253106356,0.0426633954
2121,1.0,0.0,0.0,0.0,1.0,1.0,0.3097587061,0.2626522059,0.05317157507,0.04523992538
2122,1.0,0.0,0.0,0.0,1.0,1.0,0.3142574855,0.2558298704,0.05319303274,0.04360085726
2123,1.0,0.0,0.0,0.0,1.0,1.0,0.3145450188,0.2507073951,0.05267179012,0.04191088676
2124,1.0,0.0,0.0,0.0,1.0,1.0,0.3146393517,0.2591771554,0.05312216282,0.04346352816
2125,1.0,0.0,0.0,0.0,1.0,1.0,0.3140136939,0.2549598397,0.05329871178,0.0429828763
2126,1.0,0.0,0.0,0.0,1.0,1.0,0.3163216459,0.2609466305,0.0536634922,0.04367297888
2127,1.0,0.0,0.0,0.0,1.0,1.0,0.3156130734,0.2696090073,0.05186539888,0.04377889633
2128,1.0,0.0,0.0,0.0,1.0,1.0,0.3131812998,0.261022555,0.05282777548,0.04387879372
2129,1.0,0.0,0.0,0.0,1.0,1.0,0.312854079,0.2617587266,0.05309450626,0.04419761896
2130,1.0,0.0,0.0,0.0,1.0,1.0,0.3140139562,0.2557495405,0.05249077082,0.04289567471
2131,1.0,0.0,0.0,0.0,1.0,1.0,0.3097096155,0.2633665564,0.0538444519,0.04540401697
2132,1.0,0.0,0.0,0.0,1.0,1.0,0.3169371741,0.2675273954,0.05310410261,0.04467487335
2133,1.0,0.0,0.0,0.0,1.0,1.0,0.3135832369,0.2642593088,0.05386835337,0.04493832588
2134,1.0,0.0,0.0,0.0,1.0,1.0,0.3094716372,0.2711796588,0.0534209013,0.04641491175
2135,1.0,0.0,0.0,0.0,1.0,1.0,0.3064726969,0.268016472,0.05237537622,0.04510104656
2136,1.0,0.0,0.0,0.0,1.0,1.0,0.3042516744,0.2714747617,0.05300658941,0.04649186134
2137,1.0,0.0,0.0,0.0,1.0,1.0,0.3056708991,0.2725751661,0.05050039291,0.04425883293
2138,1.0,0.0,0.0,0.0,1.0,1.0,0.3050019129,0.2778168238,0.050357759,0.04523664713
2139,1.0,0.0,0.0,0.0,1.0,1.0,0.3098097102,0.2774252718,0.05192011595,0.04576009512
2140,1.0,0.0,0.0,0.0,1.0,1.0,0.3032791258,0.2735314666,0.05065649748,0.0449000597
2141,1.0,0.0,0.0,0.0,1.0,1.0,0.3012257276,0.2711250256,0.0508069396,0.04493325949
2142,1.0,0.0,0.0,0.0,1.0,1.0,0.3043282211,0.2639371417,0.05022460222,0.04280507565
2143,1.0,0.0,0.0,0.0,1.0,1.0,0.3129737823,0.2694923501,0.05160450935,0.04305130243
2144,1.0,0.0,0.0,0.0,1.0,1.0,0.3040262878,0.2738683198,0.05031394958,0.04453068972
2145,1.0,0.0,0.0,0.0,1.0,1.0,0.3017512912,0.2660383742,0.04903185368,0.04194629192
2146,1.0,0.0,0.0,0.0,1.0,1.0,0.3017179901,0.2717776813,0.04982942343,0.04388386011
2147,1.0,0.0,0.0,0.0,1.0,1.0,0.3020384165,0.2689470667,0.05105775595,0.04446041584
2148,1.0,0.0,0.0,0.0,1.0,1.0,0.30239536,0.2698842505,0.05013370514,0.04390239716
2149,1.0,0.0,0.0,0.0,1.0,1.0,0.2976341601,0.2689469052,0.04961436987,0.04369443655
2150,1.0,0.0,0.0,0.0,1.0,1.0,0.2981668958,0.2702571953,0.05225563049,0.04641699791
2151,1.0,0.0,0.0,0.0,1.0,1.0,0.3021568074,0.265158024,0.05082023144,0.04356020689
2152,1.0,0.0,0.0,0.0,1.0,1.0,0.2881725106,0.2677687156,0.05087172985,0.04616683722
2153,1.0,0.0,0.0,0.0,1.0,1.0,0.298836496,0.2668577039,0.05166852474,0.04506641626
2154,1.0,0.0,0.0,0.0,1.0,1.0,0.3036699218,0.2676473079,0.0505540967,0.04388767481
2155,1.0,0.0,0.0,0.0,1.0,1.0,0.3071376671,0.2718077531,0.05253136158,0.04571646452
2156,1.0,0.0,0.0,0.0,1.0,1.0,0.2988365493,0.266062956,0.05174094439,0.04484212399
2157,1.0,0.0,0.0,0.0,1.0,1.0,0.3026595208,0.2652628037,0.05108708143,0.04350823164
2158,1.0,0.0,0.0,0.0,1.0,1.0,0.3072664161,0.2727289795,0.05301576853,0.04588997364
2159,1.0,0.0,0.0,0.0,1.0,1.0,0.3114084916,0.2690803954,0.05380493402,0.04535388947
2160,1.0,0.0,0.0,0.0,1.0,1.0,0.3125292265,0.279843811,0.05461490154,0.04778802395
2161,1.0,0.0,0.0,0.0,1.0,1.0,0.311812807,0.2759402139,0.05314022303,0.04586839676
2162,1.0,0.0,0.0,0.0,1.0,1.0,0.3135502064,0.2774371826,0.05315822363,0.04595977068
2163,1.0,0.0,0.0,0.0,1.0,1.0,0.3133563363,0.2734959302,0.05203986168,0.04437083006
2164,1.0,0.0,0.0,0.0,1.0,1.0,0.3072665693,0.2744231442,0.05331945419,0.04643952847
2165,1.0,0.0,0.0,0.0,1.0,1.0,0.3162169824,0.2640666181,0.05290907621,0.04331415892
2166,1.0,0.0,0.0,0.0,1.0,1.0,0.3080245919,0.2768722681,0.0515255332,0.04494780302
2167,1.0,0.0,0.0,0.0,1.0,1.0,0.3126372874,0.280248689,0.05225139856,0.04613685608
2168,1.0,0.0,0.0,0.0,1.0,1.0,0.3159634872,0.2719571501,0.05554586649,0.04677546024
2169,1.0,0.0,0.0,0.0,1.0,1.0,0.3241886141,0.2843240803,0.05542254448,0.04738199711
2170,1.0,0.0,0.0,0.0,1.0,1.0,0.3281246457,0.2909335627,0.05390626192,0.04675549269
2171,1.0,0.0,0.0,0.0,1.0,1.0,0.3331473006,0.2963861202,0.05502444506,0.0477989912
2172,1.0,0.0,0.0,0.0,1.0,1.0,0.3275198817,0.279912777,0.05550336838,0.04663431644
2173,1.0,0.0,0.0,0.0,1.0,1.0,0.3247346849,0.275531187,0.05282890797,0.04406970739
2174,1.0,0.0,0.0,0.0,1.0,1.0,0.334267128,0.2865294458,0.05612200499,0.0473793745
2175,1.0,0.0,0.0,0.0,1.0,1.0,0.320225995,0.2721082345,0.05412369967,0.04529297352
2176,1.0,0.0,0.0,0.0,1.0,1.0,0.3280997803,0.2823764813,0.05656445026,0.04786217213
2177,1.0,0.0,0.0,0.0,1.0,1.0,0.3219111295,0.266974044,0.05429977179,0.0443495512
2178,1.0,0.0,0.0,0.0,1.0,1.0,0.3252821795,0.2710352077,0.058342278,0.04836666584
2179,1.0,0.0,0.0,0.0,1.0,1.0,0.3217961897,0.271474816,0.05433160067,0.04513263702
2180,1.0,0.0,0.0,0.0,1.0,1.0,0.3228967968,0.2733661432,0.0532913208,0.04426836967
2181,1.0,0.0,0.0,0.0,1.0,1.0,0.3360045482,0.2758874548,0.06027364731,0.04889541864
2182,1.0,0.0,0.0,0.0,1.0,1.0,0.3251607646,0.2627399933,0.05303698778,0.04270875454
2183,1.0,0.0,0.0,0.0,1.0,1.0,0.3223454335,0.2541537082,0.05472636223,0.0428545475
2184,1.0,0.0,0.0,0.0,1.0,1.0,0.3185404613,0.249007492,0.05557775497,0.04293304682
2185,1.0,0.0,0.0,0.0,1.0,1.0,0.3269359853,0.2619227574,0.05756908655,0.04533940554
2186,1.0,0.0,0.0,0.0,1.0,1.0,0.3261703895,0.2674564106,0.05504512787,0.04474258423
2187,1.0,0.0,0.0,0.0,1.0,1.0,0.3077929573,0.2435914449,0.05067241192,0.03960597515
2188,1.0,0.0,0.0,0.0,1.0,1.0,0.3058788868,0.2435004704,0.05191868544,0.04044830799
2189,1.0,0.0,0.0,0.0,1.0,1.0,0.3144717202,0.2526263907,0.05269163847,0.04148709774
2190,1.0,0.0,0.0,0.0,1.0,1.0,0.3188949551,0.2589792777,0.05393403769,0.04278564453
2191,1.0,0.0,0.0,0.0,1.0,1.0,0.3179243354,0.263198226,0.05425548553,0.0443636179
2192,1.0,0.0,0.0,0.0,1.0,1.0,0.3147708983,0.2615026135,0.05244463682,0.04325938225
2193,1.0,0.0,0.0,0.0,1.0,1.0,0.3168110487,0.2738685121,0.05371236801,0.04570001364
2194,1.0,0.0,0.0,0.0,1.0,1.0,0.3189709379,0.2686670751,0.05291229486,0.04409354925
2195,1.0,0.0,0.0,0.0,1.0,1.0,0.3176800499,0.2804188884,0.05346339941,0.04685550928
2196,1.0,0.0,0.0,0.0,1.0,1.0,0.3026984994,0.2580376444,0.05062758923,0.04253911972
2197,1.0,0.0,0.0,0.0,1.0,1.0,0.3079360369,0.2605686902,0.05157923698,0.04403841496
2198,1.0,0.0,0.0,0.0,1.0,1.0,0.3001919613,0.2525471195,0.04888665676,0.04127556086
2199,1.0,0.0,0.0,0.0,1.0,1.0,0.3069581907,0.2634892247,0.04889822006,0.04220384359
2200,1.0,0.0,0.0,0.0,1.0,1.0,0.3088487193,0.254610549,0.04935598373,0.04107886553
2201,1.0,0.0,0.0,0.0,1.0,1.0,0.3005984926,0.2440497718,0.04801219702,0.03853207827
2202,1.0,0.0,0.0,0.0,1.0,1.0,0.2734503385,0.2130283725,0.0440197587,0.033169806
2203,1.0,0.0,0.0,0.0,1.0,1.0,0.2884417152,0.2557167017,0.04853051901,0.04049366713
2204,1.0,0.7853981853,0.0,0.0,1.0,1.0,0.2791082122,0.2295017773,0.04864674807,0.03612101078
2205,1.0,0.7853981853,0.0,0.0,1.0,1.0,0.2798439473,0.2334603122,0.05088567734,0.03664976358
2206,1.0,0.7853981853,0.0,0.0,1.0,1.0,0.2978133186,0.2528231479,0.05093944073,0.03683757782
2207,1.0,0.7853981853,0.0,0.0,1.0,1.0,0.297312894,0.2723889764,0.05127561092,0.03852915764
2208,1.0,0.7853981853,0.0,0.0,1.0,1.0,0.2952145067,0.2776228119,0.05324393511,0.04015606642
2209,1.0,0.7853981853,0.0,0.0,1.0,1.0,0.3090712378,0.3078449542,0.05412936211,0.04295045137
2210,1.0,0.7853981853,0.0,0.0,1.0,1.0,0.3035847047,0.2888679259,0.05385565758,0.0414506793
2211,1.0,0.7853981853,0.0,0.0,1.0,1.0,0.2961952362,0.2797583877,0.04976844788,0.03812670708
2212,1.0,0.7853981853,0.0,0.0,1.0,1.0,0.3015266142,0.3099535743,0.05410325527,0.04468077421
2213,1.0,0.7853981853,0.0,0.0,1.0,1.0,0.294356316,0.2915037897,0.04946917295,0.04026556015
2214,1.0,0.7853981853,0.0,0.0,1.0,1.0,0.3005194165,0.295668243,0.05184209347,0.04206615686
2215,1.0,0.7853981853,0.0,0.0,1.0,1.0,0.2185724816,0.1701179853,0.0372851491,0.02405500412
2216,1.0,0.7853981853,0.0,0.0,1.0,1.0,0.2167012203,0.1592027686,0.0339012146,0.02104210854
2217,1.0,0.7853981853,0.0,0.0,1.0,1.0,0.2394099553,0.1377010418,0.03597688675,0.01770293713
2218,1.0,0.7853981853,0.0,0.0,1.0,1.0,0.2479532432,0.1701635275,0.03669506311,0.0222992897
2219,1.0,0.0,0.0,0.0,1.0,1.0,0.2534965237,0.1565948403,0.03734964132,0.02081787586
2220,1.0,0.0,0.0,0.0,1.0,1.0,0.2493232459,0.168887167,0.03724241257,0.02343702316
2221,1.0,0.0,0.0,0.0,1.0,1.0,0.2509148426,0.1725494548,0.03666818142,0.02372646332
2222,1.0,0.0,0.0,0.0,1.0,1.0,0.2524903352,0.1629044319,0.03604996204,0.02223080397
2223,1.0,0.0,0.0,0.0,1.0,1.0,0.2640444666,0.1665737206,0.03696632385,0.02291303873
2224,1.0,0.0,0.0,0.0,1.0,1.0,0.2704115752,0.1637018045,0.03743606806,0.0227611661
2225,1.0,0.0,0.0,0.0,1.0,1.0,0.2462092102,0.1472208281,0.03449141979,0.02075332403
2226,1.0,0.0,0.0,0.0,1.0,1.0,0.2383606375,0.1415873478,0.03341042995,0.01992899179
2227,1.0,0.0,0.0,0.0,1.0,1.0,0.2296853573,0.127500647,0.03306919336,0.01847106218
2228,1.0,0.0,0.0,0.0,1.0,1.0,0.2246168161,0.1377832211,0.03283601999,0.02018362284
2229,1.0,0.0,0.0,0.0,1.0,1.0,0.2329375496,0.1856672021,0.03480947018,0.02796661854
2230,1.0,0.0,0.0,0.0,1.0,1.0,0.2537343273,0.2053116422,0.03931641579,0.03181326389
2231,1.0,0.0,0.0,0.0,1.0,1.0,0.2744678664,0.2281745762,0.04320091009,0.03605043888
2232,1.0,0.0,0.0,0.0,1.0,1.0,0.2869119664,0.2356099311,0.04462593794,0.03664648533
2233,1.0,0.0,0.0,0.0,1.0,1.0,0.2746560111,0.2250652564,0.04282951355,0.03509640694
2234,1.0,0.0,0.0,0.0,1.0,1.0,0.2703252058,0.2287184466,0.04138314724,0.03468024731
2235,1.0,0.0,0.0,0.0,1.0,1.0,0.2464107064,0.2065773924,0.03695136309,0.03103911877
2236,1.0,0.0,0.0,0.0,1.0,1.0,0.249860512,0.1376348702,0.03608089685,0.01987504959
2237,1.0,0.0,0.0,0.0,1.0,1.0,0.2450242778,0.1374779667,0.03542363644,0.01957625151
2238,1.0,0.0,0.0,0.0,1.0,1.0,0.255721042,0.1406144821,0.03742158413,0.02027004957
2239,1.0,0.0,0.0,0.0,1.0,1.0,0.2568157758,0.1449405133,0.03680688143,0.02055048943
2240,1.0,0.0,0.0,0.0,1.0,1.0,0.2503956729,0.1368799719,0.03573018312,0.01923930645
2241,1.0,0.0,0.0,0.0,1.0,1.0,0.25038633,0.1427777463,0.03707820177,0.02056443691
2242,1.0,0.0,0.0,0.0,1.0,1.0,0.2610007741,0.1378537324,0.03753888607,0.01953238249
2243,1.0,0.0,0.0,0.0,1.0,1.0,0.2622192128,0.1374780143,0.0387493372,0.0200099349
2244,1.0,0.0,0.0,0.0,1.0,1.0,0.2555275623,0.1332589723,0.03649282455,0.01883500814
2245,1.0,0.0,0.0,0.0,1.0,1.0,0.2478929071,0.1692605087,0.0373185873,0.02487909794
2246,1.0,0.0,0.0,0.0,1.0,1.0,0.2824108225,0.2136354791,0.0443379283,0.03310954571
2247,1.0,0.0,0.0,0.0,1.0,1.0,0.313654716,0.2606458509,0.04974895716,0.04075479507
2248,1.0,0.0,0.0,0.0,1.0,1.0,0.3267739977,0.2842937269,0.05331224203,0.04565572739
2249,1.0,0.0,0.0,0.0,1.0,1.0,0.3236627886,0.2732285927,0.05256438255,0.04389989376
2250,1.0,0.0,0.0,0.0,1.0,1.0,0.3140076047,0.2737442851,0.05123758316,0.04362517595
2251,1.0,0.0,0.0,0.0,1.0,1.0,0.3265326848,0.2850258545,0.05231958628,0.04451495409
2252,1.0,0.0,0.0,0.0,1.0,1.0,0.3222244216,0.2685066693,0.05115824938,0.04162025452
2253,1.0,0.0,0.0,0.0,1.0,1.0,0.3254817577,0.2770191074,0.0537212491,0.044670403
2254,1.0,0.0,0.0,0.0,1.0,1.0,0.3302045007,0.282450904,0.05443638563,0.0454121232
2255,1.0,0.0,0.0,0.0,1.0,1.0,0.3354768838,0.2947991303,0.0562209487,0.04802203178
2256,1.0,0.0,0.0,0.0,1.0,1.0,0.3308011848,0.2896933934,0.05455094576,0.04642635584
2257,1.0,0.0,0.0,0.0,1.0,1.0,0.3284132875,0.2808649839,0.05382996798,0.04480981827
2258,1.0,0.0,0.0,0.0,1.0,1.0,0.3124363359,0.2690806114,0.05129051208,0.04283928871
2259,1.0,0.0,0.0,0.0,1.0,1.0,0.3186626291,0.27475433,0.05075228214,0.04296642542
2260,1.0,0.0,0.0,0.0,1.0,1.0,0.3009268838,0.2433586197,0.04813456535,0.03821593523
2261,1.0,0.0,0.0,0.0,1.0,1.0,0.2910464244,0.2358231813,0.04549521208,0.03605276346
2262,1.0,0.0,0.0,0.0,1.0,1.0,0.2942799871,0.227145762,0.04688948393,0.03538829088
2263,1.0,0.0,0.0,0.0,1.0,1.0,0.2874333148,0.2182688229,0.04528188705,0.03373944759
2264,1.0,0.0,0.0,0.0,1.0,1.0,0.2592611694,0.1479175794,0.03797781467,0.02145314217
2265,1.0,0.0,0.0,0.0,1.0,1.0,0.2798437411,0.1143431662,0.03930169344,0.01595711708
2266,1.0,0.0,0.0,0.0,1.0,1.0,0.2903638301,0.1212709423,0.04006558657,0.01683914661
2267,1.0,0.0,0.0,0.0,1.0,1.0,0.2966087129,0.1217268795,0.0424541235,0.01753538847
2268,1.0,0.0,0.0,0.0,1.0,1.0,0.2788665659,0.1121823707,0.04097002745,0.01644784212
2269,1.0,0.0,0.0,0.0,1.0,1.0,0.2659962487,0.1738159159,0.03982150555,0.02576684952
2270,1.0,0.0,0.0,0.0,1.0,1.0,0.2893122338,0.2250654068,0.04541069269,0.03479522467
2271,1.0,0.0,0.0,0.0,1.0,1.0,0.3104881789,0.2591839161,0.04991465807,0.0410541296
2272,1.0,0.0,0.0,0.0,1.0,1.0,0.3198936863,0.2709107355,0.05100655556,0.04264950752
2273,1.0,0.0,0.0,0.0,1.0,1.0,0.3211850973,0.2725748468,0.05127102137,0.04296451807
2274,1.0,0.0,0.0,0.0,1.0,1.0,0.3278026467,0.2778232342,0.05295687914,0.0443226099
2275,1.0,0.0,0.0,0.0,1.0,1.0,0.3175119516,0.2625347615,0.05091780424,0.04194939137
2276,1.0,0.0,0.0,0.0,1.0,1.0,0.3224005775,0.2733981166,0.05183255672,0.04348176718
2277,1.0,0.0,0.0,0.0,1.0,1.0,0.3109772149,0.2552923169,0.04925453663,0.04014390707
2278,1.0,0.0,0.0,0.0,1.0,1.0,0.2913500698,0.2218911748,0.04627239704,0.0348507762
2279,1.0,0.0,0.0,0.0,1.0,1.0,0.2718791503,0.1614483417,0.04225474596,0.02499574423
2280,1.0,0.0,0.0,0.0,1.0,1.0,0.2508404512,0.1377183118,0.03742700815,0.02046787739
2281,1.0,0.0,0.0,0.0,1.0,1.0,0.2798440998,0.1294824517,0.04080444574,0.0186534524
2282,1.0,0.0,0.0,0.0,1.0,1.0,0.2855547456,0.1239148337,0.0415686965,0.01785701513
2283,1.0,0.0,0.0,0.0,1.0,1.0,0.2930093445,0.1450802262,0.04339843988,0.02140194178
2284,1.0,0.0,0.0,0.0,1.0,1.0,0.2878716662,0.1460089963,0.04085826874,0.02042913437
2285,1.0,0.0,0.0,0.0,1.0,1.0,0.2795217783,0.1433624999,0.04233503342,0.02131980658
2286,1.0,0.0,0.0,0.0,1.0,1.0,0.2938359284,0.1482913469,0.04328197241,0.02149379253
2287,1.0,0.0,0.0,0.0,1.0,1.0,0.2791965236,0.1331223104,0.04091566801,0.01927185059
2288,1.0,0.0,0.0,0.0,1.0,1.0,0.2707244456,0.1316137674,0.03887218237,0.01870542765
2289,1.0,0.0,0.0,0.0,1.0,1.0,0.263434384,0.1398395337,0.03861367702,0.02004373074
2290,1.0,0.0,0.0,0.0,1.0,1.0,0.2538579038,0.1386979475,0.03838026524,0.02055007219
2291,1.0,0.0,0.0,0.0,1.0,1.0,0.2553905145,0.1474589819,0.03692859411,0.02093595266
2292,1.0,0.0,0.0,0.0,1.0,1.0,0.2513445423,0.1529757907,0.03753703833,0.02216756344
2293,1.0,0.0,0.0,0.0,1.0,1.0,0.2732698375,0.1854431843,0.04137802124,0.02748888731
2294,1.0,0.0,0.0,0.0,1.0,1.0,0.2809753203,0.202589313,0.04437196255,0.03126877546
2295,1.0,0.0,0.0,0.0,1.0,1.0,0.2844709883,0.2094982222,0.04433733225,0.03221845627
2296,1.0,0.0,0.0,0.0,1.0,1.0,0.2918886083,0.2338316218,0.04611104727,0.03618842363
2297,1.0,0.0,0.0,0.0,1.0,1.0,0.2985581109,0.2461590428,0.04761636257,0.03861576319
2298,1.0,0.0,0.0,0.0,1.0,1.0,0.2959956866,0.2424016721,0.04679965973,0.03755521774
2299,1.0,0.0,0.0,0.0,1.0,1.0,0.3007331242,0.2443082258,0.04760652781,0.0376291275
2300,1.0,0.0,0.0,0.0,1.0,1.0,0.3151391536,0.2644508977,0.05024576187,0.04163223505
2301,1.0,0.0,0.0,0.0,1.0,1.0,0.305186546,0.2626270387,0.04935890436,0.04156541824
2302,1.0,0.0,0.0,0.0,1.0,1.0,0.3107354037,0.261846095,0.05001461506,0.04153257608
2303,1.0,0.0,0.0,0.0,1.0,1.0,0.3005704318,0.2517251027,0.04733228683,0.03920155764
2304,1.0,0.0,0.0,0.0,1.0,1.0,0.2977853299,0.2451813644,0.04679864645,0.03831636906
2305,1.0,0.0,0.0,0.0,1.0,1.0,0.3072355342,0.2546108574,0.04872024059,0.03932845592
2306,1.0,0.0,0.0,0.0,1.0,1.0,0.3093957002,0.2460745532,0.04870331287,0.03837227821
2307,1.0,0.0,0.0,0.0,1.0,1.0,0.3013584262,0.2412446186,0.04663294554,0.03718829155
2308,1.0,0.0,0.0,0.0,1.0,1.0,0.3070805427,0.247938237,0.04822260141,0.03863793612
2309,1.0,0.0,0.0,0.0,1.0,1.0,0.3055987543,0.2344844122,0.04725211859,0.03625631332
2310,1.0,0.0,0.0,0.0,1.0,1.0,0.2833063,0.1975183906,0.04325705767,0.03003966808
2311,1.0,0.0,0.0,0.0,1.0,1.0,0.2674856641,0.1317257506,0.03947639465,0.01927918196
2312,1.0,0.0,0.0,0.0,1.0,1.0,0.2868352164,0.0995021327,0.0392614603,0.01380288601
2313,1.0,0.0,0.0,0.0,1.0,1.0,0.2846093726,0.1008207247,0.03944915533,0.0140671134
2314,1.0,0.0,0.0,0.0,1.0,1.0,0.2666624415,0.1249303811,0.03561210632,0.0167927146
2315,1.0,0.0,0.0,0.0,1.0,1.0,0.2805448921,0.1091092193,0.03825503588,0.01494336128
2316,1.0,0.0,0.0,0.0,1.0,1.0,0.2702351535,0.1124373093,0.03749996424,0.01607143879
2317,1.0,0.0,0.0,0.0,1.0,1.0,0.3011421742,0.09538250616,0.04172497988,0.01390832663
2318,1.0,0.0,0.0,0.0,1.0,1.0,0.2978335268,0.09845810034,0.04101753235,0.01459014416
2319,1.0,0.0,0.0,0.0,1.0,1.0,0.3180935643,0.08745127015,0.04445338249,0.01344579458
2320,1.0,0.0,0.0,0.0,1.0,1.0,0.3248189759,0.08517947101,0.04336196184,0.01250821352
2321,1.0,0.0,0.0,0.0,1.0,1.0,0.2879048103,0.1346110746,0.03899741173,0.02033436298
2322,1.0,0.0,0.0,0.0,1.0,1.0,0.2945509436,0.1148993963,0.03966957331,0.01723575592
2323,1.0,0.0,0.0,0.0,1.0,1.0,0.2673158783,0.1231454441,0.03695935011,0.01903128624
2324,1.0,0.0,0.0,0.0,1.0,1.0,0.2666495741,0.1445619827,0.0365742445,0.02194452286
2325,1.0,0.0,0.0,0.0,1.0,1.0,0.2478452966,0.1678169291,0.03457200527,0.02529662848
2326,1.0,0.0,0.0,0.0,1.0,1.0,0.2702770402,0.2002489992,0.03971368074,0.03171378374
2327,1.0,0.0,0.0,0.0,1.0,1.0,0.2842277083,0.218959235,0.04258179665,0.0345107913
2328,1.0,0.0,0.0,0.0,1.0,1.0,0.2873856679,0.2330852833,0.04364049435,0.03669130802
2329,1.0,0.0,0.0,0.0,1.0,1.0,0.2921720161,0.2384634996,0.04531252384,0.03757625818
2330,1.0,0.0,0.0,0.0,1.0,1.0,0.2767416294,0.2213299191,0.04309684038,0.03513628244
2331,1.0,0.0,0.0,0.0,1.0,1.0,0.300749496,0.2380488841,0.04698830843,0.03753334284
2332,1.0,0.0,0.0,0.0,1.0,1.0,0.2818461352,0.2225174688,0.04386854172,0.03405588865
2333,1.0,0.0,0.0,0.0,1.0,1.0,0.2936213656,0.2310740903,0.04551786184,0.03588908911
2334,1.0,0.0,0.0,0.0,1.0,1.0,0.2908821636,0.2318096339,0.04633581638,0.03623700142
2335,1.0,0.0,0.0,0.0,1.0,1.0,0.3188519494,0.2613923176,0.05146700144,0.04093277454
2336,1.0,0.0,0.0,0.0,1.0,1.0,0.3062199067,0.2371227557,0.04851669073,0.03601551056
2337,1.0,0.0,0.0,0.0,1.0,1.0,0.3011259665,0.2420521991,0.04842215776,0.03683644533
2338,1.0,0.0,0.0,0.0,1.0,1.0,0.2914262443,0.230186387,0.04782378674,0.03586781025
2339,1.0,0.0,0.0,0.0,1.0,1.0,0.2936212935,0.2307951255,0.04772895575,0.03518486023
2340,1.0,0.0,0.0,0.0,1.0,1.0,0.279227498,0.2080468825,0.04432696104,0.03118169308
2341,1.0,0.0,0.0,0.0,1.0,1.0,0.2763164202,0.1973690277,0.04286497831,0.02857667208
2342,1.0,0.0,0.0,0.0,1.0,1.0,0.2513812537,0.138450666,0.03766947985,0.01944226027
2343,1.0,0.0,0.0,0.0,1.0,1.0,0.2783256511,0.1254906234,0.04093998671,0.01736849546
2344,1.0,0.0,0.0,0.0,1.0,1.0,0.2870516005,0.1344540041,0.04214161634,0.01845616102
2345,1.0,0.0,0.0,0.0,1.0,1.0,0.2534081033,0.120019981,0.0369746089,0.01626878977
2346,1.0,0.0,0.0,0.0,1.0,1.0,0.2725749445,0.1596617602,0.04305511713,0.02351236343
2347,1.0,0.0,0.0,0.0,1.0,1.0,0.2863566643,0.2055303591,0.04488861561,0.02992576361
2348,1.0,0.7853981853,0.0,0.0,1.0,1.0,0.294707345,0.2101999285,0.04820531607,0.0317376256
2349,1.0,0.7853981853,0.0,0.0,1.0,1.0,0.2929397247,0.2299095575,0.04996854067,0.03556585312
2350,1.0,0.0,0.0,0.0,1.0,1.0,0.2935424767,0.226796251,0.0496994853,0.03490793705
2351,1.0,0.7853981853,0.0,0.0,1.0,1.0,0.288845925,0.2197217796,0.04759013653,0.03299194574
2352,1.0,0.0,0.0,0.0,1.0,1.0,0.2891241323,0.2065777108,0.04622942209,0.02996355295
2353,1.0,0.0,0.0,0.0,1.0,1.0,0.2933144806,0.2049637426,0.04760354757,0.03085416555
2354,1.0,0.0,0.0,0.0,1.0,1.0,0.2852882043,0.1841078125,0.04578137398,0.0272294879
2355,1.0,0.0,0.0,0.0,1.0,1.0,0.2791737625,0.1793355073,0.04508137703,0.0267482996
2356,1.0,0.0,0.0,0.0,1.0,1.0,0.2686471326,0.1774519259,0.04258030653,0.02590548992
2357,1.0,0.0,0.0,0.0,1.0,1.0,0.2613045484,0.174083225,0.04019290209,0.02493721247
2358,1.0,0.0,0.0,0.0,1.0,1.0,0.267402707,0.1873953955,0.04114896059,0.02801632881
2359,1.0,0.0,0.0,0.0,1.0,1.0,0.2744292302,0.1940305958,0.04205489159,0.03012037277
2360,1.0,0.0,0.0,0.0,1.0,1.0,0.2805774645,0.2156692602,0.04243886471,0.03411751986
2361,1.0,0.0,0.0,0.0,1.0,1.0,0.3066576425,0.2263546463,0.04631572962,0.03671371937
2362,1.0,0.0,0.0,0.0,1.0,1.0,0.2929399415,0.2064819674,0.04323720932,0.03362894058
2363,1.0,0.0,0.0,0.0,1.0,1.0,0.2888785419,0.1995413994,0.04149192572,0.03202396631
2364,1.0,0.0,0.0,0.0,1.0,1.0,0.3003200566,0.2063694783,0.04406791925,0.03462481499
2365,1.0,0.0,0.0,0.0,1.0,1.0,0.3253521875,0.2234668039,0.04728329182,0.03753113747
2366,1.0,0.0,0.0,0.0,1.0,1.0,0.3444837951,0.2310540719,0.04705691338,0.038664639
2367,1.0,-0.7853981853,0.0,0.0,1.0,1.0,0.3798351075,0.2443079734,0.05066275597,0.04179680347
2368,1.0,-0.7853981853,0.0,0.0,1.0,1.0,0.4039315605,0.2618860309,0.05567538738,0.04676735401
2369,1.0,-0.7853981853,0.0,0.0,1.0,1.0,0.4025690451,0.2476649155,0.0548465848,0.04470157623
2370,1.0,-0.7853981853,0.0,0.0,1.0,1.0,0.3969580706,0.2315783242,0.05362403393,0.04220122099
2371,1.0,-0.7853981853,0.0,0.0,1.0,1.0,0.3880871964,0.2219040254,0.05239993334,0.0400891304
2372,1.0,-0.7853981853,0.0,0.0,1.0,1.0,0.381834904,0.2224843781,0.05173093081,0.0398889184
2373,1.0,0.0,0.0,0.0,1.0,1.0,0.3380632793,0.1863967644,0.0462038517,0.03255975246
2374,1.0,0.0,0.0,0.0,1.0,1.0,0.3073576955,0.1878381551,0.04077595472,0.02980858088
2375,1.0,0.0,0.0,0.0,1.0,1.0,0.2921754843,0.1576301175,0.03945702314,0.02557903528
2376,1.0,0.0,0.0,0.0,1.0,1.0,0.2840518772,0.1384120265,0.03675079346,0.02096158266
2377,1.0,0.0,0.0,0.0,1.0,1.0,0.2826286632,0.1334992386,0.03810268641,0.02043187618
2378,1.0,0.0,0.0,0.0,1.0,1.0,0.3022027995,0.1332589159,0.04158484936,0.02065652609
2379,1.0,0.0,0.0,0.0,1.0,1.0,0.3125827432,0.09428692976,0.04252922535,0.01398986578
2380,1.0,0.0,0.0,0.0,1.0,1.0,0.2849383959,0.09357314985,0.03818893433,0.01359754801
2381,1.0,0.0,0.0,0.0,1.0,1.0,0.2875947977,0.1422284997,0.04058718681,0.02130109072
2382,1.0,0.0,0.0,0.0,1.0,1.0,0.3045172705,0.1969159618,0.04667925835,0.03171795607
2383,1.0,0.0,0.0,0.0,1.0,1.0,0.3159155598,0.2196577075,0.04782110453,0.0347790122
2384,1.0,0.0,0.0,0.0,1.0,1.0,0.335619624,0.2453825492,0.0516242981,0.03907471895
2385,1.0,0.0,0.0,0.0,1.0,1.0,0.3411375989,0.2498606673,0.05245816708,0.03941458464
2386,1.0,0.0,0.0,0.0,1.0,1.0,0.3343789476,0.2372775859,0.05281031132,0.03851360083
2387,1.0,0.0,0.0,0.0,1.0,1.0,0.3386386197,0.2371861753,0.0536558032,0.03799408674
2388,1.0,0.0,0.0,0.0,1.0,1.0,0.335605933,0.2434537858,0.0529050827,0.03866142035
2389,1.0,0.0,0.0,0.0,1.0,1.0,0.3306561894,0.2339518278,0.05259037018,0.037140131
2390,1.0,0.0,0.0,0.0,1.0,1.0,0.3344143014,0.2421126111,0.05268508196,0.03741830587
2391,1.0,0.0,0.0,0.0,1.0,1.0,0.328713662,0.238416473,0.05068564415,0.03662258387
2392,1.0,0.0,0.0,0.0,1.0,1.0,0.332527826,0.2366105467,0.05233871937,0.03654944897
2393,1.0,0.0,0.0,0.0,1.0,1.0,0.3300221646,0.2479385425,0.05279898643,0.03869926929
2394,1.0,0.0,0.0,0.0,1.0,1.0,0.3425053516,0.257490094,0.05370217562,0.03961640596
2395,1.0,0.0,0.0,0.0,1.0,1.0,0.3362958304,0.2498603665,0.05250275135,0.03804975748
2396,1.0,0.0,0.0,0.0,1.0,1.0,0.330642441,0.239248412,0.05163288116,0.03637766838
2397,1.0,0.0,0.0,0.0,1.0,1.0,0.3318972744,0.240250577,0.05253452063,0.03710067272
2398,1.0,0.0,0.0,0.0,1.0,1.0,0.3281750147,0.2431595683,0.05197203159,0.03750258684
2399,1.0,0.0,0.0,0.0,1.0,1.0,0.3294038642,0.2402506508,0.05204212666,0.0369617939
2400,1.0,0.0,0.0,0.0,1.0,1.0,0.3281470446,0.2393300629,0.05405980349,0.03861415386
2401,1.0,0.0,0.0,0.0,1.0,1.0,0.3287884578,0.2489031261,0.05317652225,0.03927809
2402,1.0,0.0,0.0,0.0,1.0,1.0,0.3199720625,0.2307870797,0.04972499609,0.03539246321
2403,1.0,0.0,0.0,0.0,1.0,1.0,0.3256185341,0.2385034931,0.05088573694,0.03706133366
2404,1.0,0.0,0.0,0.0,1.0,1.0,0.325052092,0.2451463907,0.05074292421,0.0379114151
2405,1.0,0.0,0.0,0.0,1.0,1.0,0.328788476,0.2470319498,0.05159747601,0.03840494156
2406,1.0,0.0,0.0,0.0,1.0,1.0,0.3350729258,0.2431075944,0.05330532789,0.03860044479
2407,1.0,0.0,0.0,0.0,1.0,1.0,0.3407188147,0.2537342696,0.0541600585,0.03941649199
2408,1.0,0.0,0.0,0.0,1.0,1.0,0.3387941572,0.2584106265,0.05361926556,0.04051226377
2409,1.0,0.0,0.0,0.0,1.0,1.0,0.3293398865,0.2366105238,0.05146878958,0.03718847036
2410,1.0,0.0,0.0,0.0,1.0,1.0,0.329968394,0.2346021252,0.05099701881,0.03625804186
2411,1.0,0.0,0.0,0.0,1.0,1.0,0.3387621416,0.2602320007,0.05379617214,0.04101586342
2412,1.0,0.0,0.0,0.0,1.0,1.0,0.3337793912,0.2479675139,0.0518193841,0.03857010603
2413,1.0,0.0,0.0,0.0,1.0,1.0,0.3414121135,0.2479676743,0.05315893888,0.03890407085
2414,1.0,0.0,0.0,0.0,1.0,1.0,0.3363140865,0.2441383658,0.05241435766,0.03790414333
2415,1.0,0.0,0.0,0.0,1.0,1.0,0.342014393,0.2546108532,0.05398875475,0.04019165039
2416,1.0,0.0,0.0,0.0,1.0,1.0,0.3350618952,0.2460457137,0.05187600851,0.03824001551
2417,1.0,0.0,0.0,0.0,1.0,1.0,0.3318900555,0.2470318384,0.05205702782,0.03874701262
2418,1.0,0.0,0.0,0.0,1.0,1.0,0.3350297969,0.2489178589,0.05198925734,0.03855383396
2419,1.0,0.0,0.0,0.0,1.0,1.0,0.3435011582,0.2516841889,0.05537003279,0.04064393044
2420,1.0,0.0,0.0,0.0,1.0,1.0,0.338608664,0.2416832816,0.05341148376,0.03819209337
2421,1.0,0.0,0.0,0.0,1.0,1.0,0.334365444,0.2389178501,0.05394804478,0.03861856461
2422,1.0,0.0,0.0,0.0,1.0,1.0,0.3331475602,0.2332033371,0.05222427845,0.03676122427
2423,1.0,0.0,0.0,0.0,1.0,1.0,0.3361758868,0.2471545665,0.05418521166,0.0401263833
2424,1.0,0.0,0.0,0.0,1.0,1.0,0.3293828602,0.2376951642,0.05194103718,0.03769439459
2425,1.0,0.0,0.0,0.0,1.0,1.0,0.3209748984,0.229756735,0.04942941666,0.0355181098
2426,1.0,0.0,0.0,0.0,1.0,1.0,0.3156129016,0.117089113,0.04541689157,0.01695561409
2427,1.0,0.0,0.0,0.0,1.0,1.0,0.3309113146,0.08510500149,0.0447678566,0.01179689169
2428,1.0,0.0,0.0,0.0,1.0,1.0,0.3415525053,0.112271989,0.04540663958,0.01554185152
2429,1.0,0.0,0.0,0.0,1.0,1.0,0.2996089111,0.1047449492,0.04073548317,0.01459181309
2430,1.0,0.0,0.0,0.0,1.0,1.0,0.2930532604,0.08615898703,0.04089909792,0.01220870018
2431,1.0,0.0,0.0,0.0,1.0,1.0,0.2487879354,0.09105081805,0.03422045708,0.01268517971
2432,1.0,0.0,0.0,0.0,1.0,1.0,0.2275327747,0.08080598177,0.03230524063,0.01147288084
2433,1.0,0.0,0.0,0.0,1.0,1.0,0.2291299101,0.09383406884,0.03208947182,0.01314139366
2434,1.0,0.0,0.0,0.0,1.0,1.0,0.2318182715,0.09424567741,0.03256756067,0.01321136951
2435,1.0,0.0,0.0,0.0,1.0,1.0,0.2311343429,0.108164542,0.03229922056,0.01495331526
2436,1.0,0.0,0.0,0.0,1.0,1.0,0.2347829004,0.118981415,0.03348183632,0.01689451933
2437,1.0,0.0,0.0,0.0,1.0,1.0,0.2360709962,0.1035457745,0.03247505426,0.01396125555
2438,1.0,0.0,0.0,0.0,1.0,1.0,0.2291714697,0.1179600929,0.03338718414,0.01700276136
2439,1.0,0.0,0.0,0.0,1.0,1.0,0.2423541963,0.1194983563,0.03421503305,0.01665329933
2440,1.0,0.0,0.0,0.0,1.0,1.0,0.2392729506,0.126566817,0.03298228979,0.01692897081
2441,1.0,0.0,0.0,0.0,1.0,1.0,0.2399497478,0.130269429,0.03352099657,0.01778072119
2442,1.0,0.0,0.0,0.0,1.0,1.0,0.2383606551,0.1355174207,0.03320175409,0.01863956451
2443,1.0,0.0,0.0,0.0,1.0,1.0,0.2477063243,0.1122718827,0.0350009203,0.01552212238
2444,1.0,0.0,0.0,0.0,1.0,1.0,0.2407259116,0.1276343354,0.0345506072,0.01820075512
2445,1.0,0.0,0.0,0.0,1.0,1.0,0.2251962208,0.1132698236,0.03213214874,0.0156069994
2446,1.0,0.0,0.0,0.0,1.0,1.0,0.2309635271,0.126016877,0.03229403496,0.01702779531
2447,1.0,0.0,0.0,0.0,1.0,1.0,0.2225651575,0.1362871582,0.03116166592,0.01852053404
2448,1.0,0.0,0.0,0.0,1.0,1.0,0.2164398882,0.1254806704,0.03047549725,0.01703041792
2449,1.0,0.0,0.0,0.0,1.0,1.0,0.2045762782,0.1282470561,0.02889192104,0.01745557785
2450,1.0,0.0,0.0,0.0,1.0,1.0,0.2225646185,0.1265957153,0.03102552891,0.01668351889
2451,1.0,0.0,0.0,0.0,1.0,1.0,0.2220979028,0.1139717534,0.03159034252,0.01549720764
2452,1.0,0.0,0.0,0.0,1.0,1.0,0.230332516,0.1164606053,0.03330117464,0.01592665911
2453,1.0,0.0,0.0,0.0,1.0,1.0,0.2443961548,0.1217804561,0.03577208519,0.01686811447
2454,1.0,0.0,0.0,0.0,1.0,1.0,0.2484163429,0.1254357475,0.03658783436,0.01758480072
2455,1.0,0.0,0.0,0.0,1.0,1.0,0.230938958,0.1203409984,0.03376293182,0.01673960686
2456,1.0,0.0,0.0,0.0,1.0,1.0,0.2317253156,0.1122255406,0.0329837203,0.01520121098
2457,1.0,0.0,0.0,0.0,1.0,1.0,0.2250266496,0.1163146554,0.03295016289,0.01602983475
2458,1.0,0.0,0.0,0.0,1.0,1.0,0.2264045426,0.1120066296,0.03165924549,0.01483136415
2459,1.0,0.0,0.0,0.0,1.0,1.0,0.2358933447,0.1194981337,0.03355646133,0.01618945599
2460,1.0,0.0,0.0,0.0,1.0,1.0,0.2262109612,0.1060014107,0.0325357914,0.01449322701
2461,1.0,0.0,0.0,0.0,1.0,1.0,0.2312760572,0.1129803908,0.03335475922,0.01548612118
2462,1.0,0.0,0.0,0.0,1.0,1.0,0.2207101864,0.09777146783,0.03156900406,0.01340192556
2463,1.0,0.0,0.0,0.0,1.0,1.0,0.227616353,0.1021169688,0.03231996298,0.01380944252
2464,1.0,0.0,0.0,0.0,1.0,1.0,0.2274303264,0.1091093685,0.03211784363,0.01473295689
2465,1.0,0.0,0.0,0.0,1.0,1.0,0.2172700277,0.1064622147,0.03170067072,0.01479363441
2466,1.0,0.0,0.0,0.0,1.0,1.0,0.2193393653,0.1030127073,0.03067851067,0.01360273361
2467,1.0,0.0,0.0,0.0,1.0,1.0,0.2248745044,0.1091091833,0.03259289265,0.01508927345
2468,1.0,0.0,0.0,0.0,1.0,1.0,0.2140176946,0.1003804716,0.03071165085,0.01371586323
2469,1.0,0.0,0.0,0.0,1.0,1.0,0.2253436512,0.09994437828,0.03226155043,0.01374107599
2470,1.0,0.0,0.0,0.0,1.0,1.0,0.2256123171,0.1030810898,0.03298610449,0.01418089867
2471,1.0,0.0,0.0,0.0,1.0,1.0,0.2291713409,0.102621164,0.03191757202,0.01359450817
2472,1.0,0.0,0.0,0.0,1.0,1.0,0.2223335393,0.1066067764,0.03146845102,0.01438552141
2473,1.0,0.0,0.0,0.0,1.0,1.0,0.2324282003,0.1030816649,0.03353989124,0.01402580738
2474,1.0,0.0,0.0,0.0,1.0,1.0,0.2365417779,0.1093140344,0.03381860256,0.01492893696
2475,1.0,0.0,0.0,0.0,1.0,1.0,0.230479328,0.1078689968,0.03323745728,0.01480573416
2476,1.0,0.0,0.0,0.0,1.0,1.0,0.2286860261,0.09994445451,0.03322970867,0.01384574175
2477,1.0,0.0,0.0,0.0,1.0,1.0,0.2289938945,0.1040143686,0.03238201141,0.01392126083
2478,1.0,0.0,0.0,0.0,1.0,1.0,0.2218633346,0.1043860185,0.03114426136,0.01394075155
2479,1.0,0.0,0.0,0.0,1.0,1.0,0.2230334157,0.1003904481,0.0326448679,0.01385867596
2480,1.0,0.0,0.0,0.0,1.0,1.0,0.2216335949,0.1105579367,0.03168910742,0.01494771242
2481,1.0,0.0,0.0,0.0,1.0,1.0,0.2357763528,0.1243845347,0.03361803293,0.01695775986
2482,1.0,0.0,0.0,0.0,1.0,1.0,0.2225562894,0.1064622898,0.03160375357,0.01433873177
2483,1.0,0.0,0.0,0.0,1.0,1.0,0.2209508943,0.1060015061,0.03158634901,0.01446479559
2484,1.0,0.0,0.0,0.0,1.0,1.0,0.230963702,0.1227385023,0.03373116255,0.01717221737
2485,1.0,0.0,0.0,0.0,1.0,1.0,0.2257466891,0.1319609794,0.03125596046,0.01733285189
2486,1.0,0.0,0.0,0.0,1.0,1.0,0.2205247272,0.129714658,0.03081423044,0.01724463701
2487,1.0,0.0,0.0,0.0,1.0,1.0,0.2160412603,0.1196813977,0.03153139353,0.01679712534
2488,1.0,0.0,0.0,0.0,1.0,1.0,0.2261093528,0.1800610419,0.03433686495,0.02568048239
2489,1.0,0.0,0.0,0.0,1.0,1.0,0.2942606983,0.2655343307,0.04829335213,0.04114937782
2490,1.0,0.0,0.0,0.0,1.0,1.0,0.3076512636,0.2784159858,0.05196332932,0.04478609562
2491,1.0,0.0,0.0,0.0,1.0,1.0,0.3194093135,0.2926936845,0.05149960518,0.0454082489
2492,1.0,0.0,0.0,0.0,1.0,1.0,0.3303381871,0.2960021869,0.0532784462,0.04621094465
2493,1.0,0.0,0.0,0.0,1.0,1.0,0.3342845884,0.3012498306,0.05561840534,0.0482403636
2494,1.0,0.0,0.0,0.0,1.0,1.0,0.3382461979,0.3005437199,0.05593889952,0.04750591516
2495,1.0,0.0,0.0,0.0,1.0,1.0,0.3376493377,0.2980789972,0.05639570951,0.0479363203
2496,1.0,0.0,0.0,0.0,1.0,1.0,0.3342898548,0.2898737507,0.05563592911,0.04650598764
2497,1.0,0.0,0.0,0.0,1.0,1.0,0.3286303752,0.2888458639,0.05444127321,0.0457418561
2498,1.0,0.0,0.0,0.0,1.0,1.0,0.315613212,0.2720900229,0.05333298445,0.04387068748
2499,1.0,0.0,0.0,0.0,1.0,1.0,0.3143544336,0.2678363147,0.05101072788,0.04130762815
2500,1.0,0.0,0.0,0.0,1.0,1.0,0.3186864588,0.2743225932,0.05475187302,0.04500555992
2501,1.0,0.0,0.0,0.0,1.0,1.0,0.3089490451,0.2595725847,0.04961007833,0.03985077143
2502,1.0,0.0,0.0,0.0,1.0,1.0,0.3122196377,0.259572514,0.05309575796,0.04241889715
2503,1.0,0.0,0.0,0.0,1.0,1.0,0.3149861321,0.2658090813,0.05301207304,0.04298275709
2504,1.0,0.0,0.0,0.0,1.0,1.0,0.3255223708,0.275581521,0.0538071394,0.04362744093
2505,1.0,0.0,0.0,0.0,1.0,1.0,0.3160627875,0.272090376,0.05237030983,0.04331171513
2506,1.0,0.0,0.0,0.0,1.0,1.0,0.3044771529,0.2226824962,0.05110400915,0.03666782379
2507,1.0,0.0,0.0,0.0,1.0,1.0,0.2819437855,0.1592735295,0.04210442305,0.02323001623
2508,1.0,0.0,0.0,0.0,1.0,1.0,0.2809749765,0.1450171824,0.04213184118,0.02092456818
2509,1.0,0.0,0.0,0.0,1.0,1.0,0.2883344703,0.1970227764,0.04569917917,0.03083997965
2510,1.0,0.0,0.0,0.0,1.0,1.0,0.3120127971,0.237068978,0.05259895325,0.03909760714
2511,1.0,0.0,0.0,0.0,1.0,1.0,0.3200182357,0.2633665605,0.05468505621,0.04374808073
2512,1.0,0.0,0.0,0.0,1.0,1.0,0.3149155693,0.2628290817,0.05269318819,0.04215455055
2513,1.0,0.0,0.0,0.0,1.0,1.0,0.323202802,0.2738194742,0.05454486609,0.04475468397
2514,1.0,0.0,0.0,0.0,1.0,1.0,0.3135834231,0.2585361106,0.05245822668,0.04179823399
2515,1.0,0.0,0.0,0.0,1.0,1.0,0.3247344072,0.2801204875,0.05393874645,0.04527503252
2516,1.0,0.0,0.0,0.0,1.0,1.0,0.3191494086,0.2628290758,0.05440044403,0.04352039099
2517,1.0,0.0,0.0,0.0,1.0,1.0,0.3337091339,0.2816298629,0.05582648516,0.04624015093
2518,1.0,0.0,0.0,0.0,1.0,1.0,0.3296950877,0.2637414248,0.05387824774,0.04287689924
2519,1.0,0.0,0.0,0.0,1.0,1.0,0.3222896678,0.2638388725,0.05186837912,0.04166030884
2520,1.0,0.0,0.0,0.0,1.0,1.0,0.3199588957,0.2655857518,0.05281805992,0.04316312075
2521,1.0,0.0,0.0,0.0,1.0,1.0,0.3164322326,0.2428223992,0.05305546522,0.04000908136
2522,1.0,0.0,0.0,0.0,1.0,1.0,0.3233488773,0.2437232928,0.05344223976,0.03972440958
2523,1.0,0.0,0.0,0.0,1.0,1.0,0.3145453077,0.262006549,0.05217885971,0.04236024618
2524,1.0,0.0,0.0,0.0,1.0,1.0,0.31914935,0.2730434618,0.05354422331,0.04480808973
2525,1.0,0.0,0.0,0.0,1.0,1.0,0.3128542033,0.2645581699,0.05135172606,0.04246926308
2526,1.0,0.0,0.0,0.0,1.0,1.0,0.3138179847,0.2620912833,0.05140566826,0.04190677404
2527,1.0,0.0,0.0,0.0,1.0,1.0,0.3269045576,0.287558559,0.05364429951,0.04582113028
2528,1.0,0.0,0.0,0.0,1.0,1.0,0.3178495913,0.2645583107,0.05338144302,0.0436757803
2529,1.0,0.0,0.0,0.0,1.0,1.0,0.3187873744,0.274669543,0.05300796032,0.04441213608
2530,1.0,0.0,0.0,0.0,1.0,1.0,0.3226817592,0.2742151422,0.05323851109,0.04374194145
2531,1.0,0.0,0.0,0.0,1.0,1.0,0.3098626226,0.2526264416,0.04932361841,0.03905975819
2532,1.0,0.0,0.0,0.0,1.0,1.0,0.3172833185,0.2661555826,0.05257821083,0.04293882847
2533,1.0,0.0,0.0,0.0,1.0,1.0,0.3208086561,0.2697768493,0.05174934864,0.04236620665
2534,1.0,0.0,0.0,0.0,1.0,1.0,0.3319947053,0.2766314015,0.05562329292,0.04490423203
2535,1.0,0.0,0.0,0.0,1.0,1.0,0.3273735,0.2766314788,0.05461168289,0.04478740692
2536,1.0,0.0,0.0,0.0,1.0,1.0,0.3201751618,0.2608032118,0.05298906565,0.04186427593
2537,1.0,0.0,0.0,0.0,1.0,1.0,0.3244262565,0.2776228026,0.05498957634,0.04582464695
2538,1.0,0.0,0.0,0.0,1.0,1.0,0.3286068326,0.2858051148,0.05501055717,0.04645967484
2539,1.0,0.0,0.0,0.0,1.0,1.0,0.3314645128,0.2890372447,0.05657947063,0.04767614603
2540,1.0,0.0,0.0,0.0,1.0,1.0,0.3348298505,0.2915039168,0.05734884739,0.04841512442
2541,1.0,0.0,0.0,0.0,1.0,1.0,0.3286755044,0.2870368202,0.05606073141,0.04747998714
2542,1.0,0.0,0.0,0.0,1.0,1.0,0.3263487045,0.2917949233,0.0541254282,0.047077775
2543,1.0,0.0,0.0,0.0,1.0,1.0,0.3251607227,0.2820723763,0.05524849892,0.04710662365
2544,1.0,0.0,0.0,0.0,1.0,1.0,0.337695299,0.2984200334,0.05732685328,0.04893052578
2545,1.0,0.0,0.0,0.0,1.0,1.0,0.3274035287,0.2875585737,0.0538264513,0.04646068811
2546,1.0,0.0,0.0,0.0,1.0,1.0,0.3302952705,0.2920905459,0.05624562502,0.04837703705
2547,1.0,0.0,0.0,0.0,1.0,1.0,0.3303093055,0.2931224343,0.0545694828,0.04669350386
2548,1.0,0.0,0.0,0.0,1.0,1.0,0.318861126,0.2797733471,0.053134799,0.04542171955
2549,1.0,0.0,0.0,0.0,1.0,1.0,0.2899281882,0.2002490868,0.04617774487,0.03183680773
2550,1.0,0.0,0.0,0.0,1.0,1.0,0.2631105855,0.1614484892,0.03927737474,0.02373600006
2551,1.0,0.0,0.0,0.0,1.0,1.0,0.2665177803,0.1452678051,0.04040253162,0.02164423466
2552,1.0,0.0,0.0,0.0,1.0,1.0,0.2770915665,0.14583302,0.04022282362,0.02080494165
2553,1.0,0.0,0.0,0.0,1.0,1.0,0.2841737994,0.1481388027,0.04163205624,0.02124089003
2554,1.0,0.0,0.0,0.0,1.0,1.0,0.2833668811,0.1361104223,0.04157114029,0.01966196299
2555,1.0,0.0,0.0,0.0,1.0,1.0,0.255886732,0.1565165656,0.03824615479,0.02300316095
2556,1.0,0.0,0.0,0.0,1.0,1.0,0.2860656535,0.194031149,0.04595857859,0.03044760227
2557,1.0,0.0,0.0,0.0,1.0,1.0,0.2904357966,0.2217071643,0.04844754934,0.0359082222
2558,1.0,0.0,0.0,0.0,1.0,1.0,0.2978133236,0.2533309054,0.0502653718,0.04146188498
2559,1.0,0.0,0.0,0.0,1.0,1.0,0.3038844629,0.2619226672,0.05098712444,0.04305577278
2560,1.0,0.0,0.0,0.0,1.0,1.0,0.3072607727,0.2541835384,0.05027133226,0.04060381651
2561,1.0,0.0,0.0,0.0,1.0,1.0,0.3164902299,0.2780019423,0.05359894037,0.04598224163
2562,1.0,0.0,0.0,0.0,1.0,1.0,0.3054319758,0.2636457869,0.0506528616,0.04305493832
2563,1.0,0.0,0.0,0.0,1.0,1.0,0.3264170468,0.2960677599,0.05539560318,0.0493991971
2564,1.0,0.0,0.0,0.0,1.0,1.0,0.3297991218,0.2892220178,0.05544835329,0.04756736755
2565,1.0,0.0,0.0,0.0,1.0,1.0,0.3202908825,0.2894938681,0.05391693115,0.04742437601
2566,1.0,0.0,0.0,0.0,1.0,1.0,0.3314559653,0.301555488,0.05537331104,0.04944044352
2567,1.0,0.0,0.0,0.0,1.0,1.0,0.3196182335,0.2900479092,0.05320101976,0.04672688246
2568,1.0,0.0,0.0,0.0,1.0,1.0,0.3173099786,0.2858051549,0.05382990837,0.0469212532
2569,1.0,0.0,0.0,0.0,1.0,1.0,0.3263829764,0.2994842197,0.05592954159,0.04984390736
2570,1.0,0.0,0.0,0.0,1.0,1.0,0.3130783306,0.285052213,0.05172228813,0.04603850842
2571,1.0,0.0,0.0,0.0,1.0,1.0,0.3213094428,0.2925198764,0.05473995209,0.04840171337
2572,1.0,0.0,0.0,0.0,1.0,1.0,0.3285363298,0.2962631852,0.05315184593,0.04643791914
2573,1.0,0.0,0.0,0.0,1.0,1.0,0.3252017064,0.2920905666,0.05383276939,0.04678660631
2574,1.0,0.0,0.0,0.0,1.0,1.0,0.3263829264,0.2973694565,0.05448043346,0.04770570993
2575,1.0,0.0,0.0,0.0,1.0,1.0,0.3141101385,0.2828285049,0.05101239681,0.04446542263
2576,1.0,0.0,0.0,0.0,1.0,1.0,0.3114927166,0.2808777221,0.05261921883,0.04586595297
2577,1.0,0.0,0.0,0.0,1.0,1.0,0.2894006146,0.2429199709,0.048799932,0.03972089291
2578,1.0,0.0,0.0,0.0,1.0,1.0,0.2826701622,0.2307738611,0.04704970121,0.03724771738
2579,1.0,0.0,0.0,0.0,1.0,1.0,0.2994960408,0.255954732,0.04957783222,0.04094350338
2580,1.0,0.0,0.0,0.0,1.0,1.0,0.2962569415,0.2577504727,0.04904061556,0.04143083096
2581,1.0,0.0,0.0,0.0,1.0,1.0,0.30337179,0.2664017803,0.05087149143,0.0432407856
2582,1.0,0.0,0.0,0.0,1.0,1.0,0.3000011153,0.2637413231,0.04970175028,0.04244190454
2583,1.0,0.0,0.0,0.0,1.0,1.0,0.3025992171,0.2614196805,0.04879409075,0.04098701477
2584,1.0,0.0,0.0,0.0,1.0,1.0,0.3013917243,0.2659230825,0.04849398136,0.04152643681
2585,1.0,0.0,0.0,0.0,1.0,1.0,0.294260897,0.2543382691,0.04810756445,0.04042172432
2586,1.0,0.0,0.0,0.0,1.0,1.0,0.3010575213,0.2607241448,0.04906535149,0.04107803106
2587,1.0,0.0,0.0,0.0,1.0,1.0,0.3021158979,0.2669990715,0.04941964149,0.04252392054
2588,1.0,0.0,0.0,0.0,1.0,1.0,0.300179576,0.2661557357,0.04949378967,0.04205542803
2589,1.0,0.0,0.0,0.0,1.0,1.0,0.3069957359,0.2682713091,0.05102688074,0.04337286949
2590,1.0,0.0,0.0,0.0,1.0,1.0,0.3121178425,0.2789536455,0.05237048864,0.04540634155
2591,1.0,0.0,0.0,0.0,1.0,1.0,0.314915297,0.2902157377,0.0536904335,0.04775619507
2592,1.0,0.0,0.0,0.0,1.0,1.0,0.3177036704,0.2867815879,0.05360865593,0.04662835598
2593,1.0,0.0,0.0,0.0,1.0,1.0,0.3183773441,0.2950572026,0.05433535576,0.04845368862
2594,1.0,0.0,0.0,0.0,1.0,1.0,0.3209521844,0.2887660727,0.05416345596,0.04686683416
2595,1.0,0.0,0.0,0.0,1.0,1.0,0.322719447,0.2960675087,0.05523204803,0.04875069857
2596,1.0,0.0,0.0,0.0,1.0,1.0,0.3127392356,0.284323881,0.0518348217,0.04525262117
2597,1.0,0.0,0.0,0.0,1.0,1.0,0.3138744049,0.2816297048,0.05250161886,0.045317173
2598,1.0,0.0,0.0,0.0,1.0,1.0,0.318758972,0.2887657644,0.05366224051,0.04667490721
2599,1.0,0.0,0.0,0.0,1.0,1.0,0.328175006,0.3008699941,0.05577665567,0.04901582003
2600,1.0,0.0,0.0,0.0,1.0,1.0,0.3232027203,0.2953677313,0.05488067865,0.04840755463
2601,1.0,0.0,0.0,0.0,1.0,1.0,0.3177033537,0.291216555,0.05360549688,0.04718399048
2602,1.0,0.0,0.0,0.0,1.0,1.0,0.3269675559,0.298784182,0.05475914478,0.04826706648
2603,1.0,0.0,0.0,0.0,1.0,1.0,0.3308962238,0.305092914,0.05470371246,0.04856353998
2604,1.0,0.0,0.0,0.0,1.0,1.0,0.3140137038,0.2885709827,0.05262583494,0.04640126228
2605,1.0,0.0,0.0,0.0,1.0,1.0,0.3191496499,0.2893119997,0.05330455303,0.04629075527
2606,1.0,0.0,0.0,0.0,1.0,1.0,0.3298324063,0.2974119007,0.05573034286,0.04816895723
2607,1.0,0.0,0.0,0.0,1.0,1.0,0.3221341992,0.2833470383,0.05424958467,0.04590350389
2608,1.0,0.0,0.0,0.0,1.0,1.0,0.3287419286,0.2943560144,0.0563903451,0.04873937368
2609,1.0,0.0,0.0,0.0,1.0,1.0,0.322615288,0.2867814952,0.05588358641,0.04810595512
2610,1.0,0.0,0.0,0.0,1.0,1.0,0.316937341,0.2925198214,0.05323976278,0.04732424021
2611,1.0,0.0,0.0,0.0,1.0,1.0,0.3170988302,0.2967094262,0.05390143394,0.04825729132
2612,1.0,0.0,0.0,0.0,1.0,1.0,0.3227194108,0.3001734862,0.05495578051,0.04934799671
2613,1.0,0.0,0.0,0.0,1.0,1.0,0.3336897373,0.3028611854,0.05719178915,0.05021721125
2614,1.0,0.0,0.0,0.0,1.0,1.0,0.3331475114,0.3064956993,0.05860441923,0.05234569311
2615,1.0,0.0,0.0,0.0,1.0,1.0,0.3255511052,0.2978132608,0.05677640438,0.05024707317
2616,1.0,0.0,0.0,0.0,1.0,1.0,0.3342341587,0.3045438564,0.05783301592,0.0510623455
2617,1.0,0.0,0.0,0.0,1.0,1.0,0.3309941915,0.3008352294,0.05726259947,0.05027937889
2618,1.0,0.0,0.0,0.0,1.0,1.0,0.3282480244,0.3015265643,0.05560487509,0.04924213886
2619,1.0,0.0,0.0,0.0,1.0,1.0,0.3239679635,0.2917831968,0.05637460947,0.04904592037
2620,1.0,0.0,0.0,0.0,1.0,1.0,0.3201463548,0.2870016424,0.05599176884,0.04831773043
2621,1.0,0.0,0.0,0.0,1.0,1.0,0.3249416939,0.294053279,0.05571049452,0.04867631197
2622,1.0,0.0,0.0,0.0,1.0,1.0,0.326582929,0.2947504051,0.05669993162,0.04957675934
2623,1.0,0.0,0.0,0.0,1.0,1.0,0.3233490046,0.2920666679,0.05610519648,0.04902118444
2624,1.0,0.0,0.0,0.0,1.0,1.0,0.3320673241,0.3038842409,0.05942994356,0.05218237638
2625,1.0,0.0,0.0,0.0,1.0,1.0,0.3220240956,0.2857994178,0.05454289913,0.04719513655
2626,1.0,0.0,0.0,0.0,1.0,1.0,0.3287417764,0.2899401409,0.05641192198,0.04819107056
2627,1.0,0.0,0.0,0.0,1.0,1.0,0.3210126625,0.2744231703,0.05503541231,0.0459574461
2628,1.0,0.0,0.0,0.0,1.0,1.0,0.3226671569,0.2795050075,0.05497521162,0.04651755095
2629,1.0,0.0,0.0,0.0,1.0,1.0,0.3243661142,0.2776226133,0.05622965097,0.04709583521
2630,1.0,0.0,0.0,0.0,1.0,1.0,0.3227705584,0.2862808274,0.05548745394,0.04760092497
2631,1.0,0.0,0.0,0.0,1.0,1.0,0.3265827945,0.277622783,0.05605429411,0.0464771986
2632,1.0,0.0,0.0,0.0,1.0,1.0,0.313257971,0.2736565855,0.05339354277,0.04548335075
2633,1.0,0.0,0.0,0.0,1.0,1.0,0.3228212008,0.2795048177,0.05555576086,0.04629647732
2634,1.0,0.0,0.0,0.0,1.0,1.0,0.31975709,0.2781778148,0.05497932434,0.0461384058
2635,1.0,0.0,0.0,0.0,1.0,1.0,0.3218816143,0.2865066897,0.05567830801,0.04788333178
2636,1.0,0.0,0.0,0.0,1.0,1.0,0.3143406088,0.2793053087,0.05432468653,0.04624563456
2637,1.0,0.0,0.0,0.0,1.0,1.0,0.318004145,0.2853135441,0.05530488491,0.04768633842
2638,1.0,0.0,0.0,0.0,1.0,1.0,0.3124251213,0.2757657352,0.05582821369,0.04699826241
2639,1.0,0.0,0.0,0.0,1.0,1.0,0.3078925851,0.2666293832,0.05304789543,0.04416024685
2640,1.0,0.0,0.0,0.0,1.0,1.0,0.3066469755,0.2633665139,0.05312466621,0.04384893179
2641,1.0,0.0,0.0,0.0,1.0,1.0,0.2724229573,0.194049474,0.04654639959,0.03226834536
2642,1.0,0.0,0.0,0.0,1.0,1.0,0.2403720008,0.168445069,0.03867357969,0.02617007494
2643,1.0,0.0,0.0,0.0,1.0,1.0,0.2381339398,0.169078361,0.04026842117,0.02745574713
2644,1.0,0.0,0.0,0.0,1.0,1.0,0.2712055005,0.20403833,0.04556882381,0.03319209814
2645,1.0,0.0,0.0,0.0,1.0,1.0,0.2797129346,0.2294636435,0.04790449142,0.03781932592
2646,1.0,0.0,0.0,0.0,1.0,1.0,0.2908343887,0.2498606337,0.04968523979,0.04090112448
2647,1.0,0.0,0.0,0.0,1.0,1.0,0.3036888118,0.2623954147,0.05314272642,0.04414504766
2648,1.0,0.0,0.0,0.0,1.0,1.0,0.3061497753,0.2667431987,0.05316340923,0.04444354773
2649,1.0,0.0,0.0,0.0,1.0,1.0,0.3080244635,0.2728852032,0.05313563347,0.04522186518
2650,1.0,0.0,0.0,0.0,1.0,1.0,0.3100578638,0.2694741242,0.05422770977,0.04557436705
2651,1.0,0.0,0.0,0.0,1.0,1.0,0.3155263097,0.2764776291,0.05355685949,0.04514473677
2652,1.0,0.0,0.0,0.0,1.0,1.0,0.3165727965,0.2755311568,0.05356180668,0.0451489687
2653,1.0,0.0,0.0,0.0,1.0,1.0,0.3127391365,0.2738200809,0.0537416935,0.04549568892
2654,1.0,0.0,0.0,0.0,1.0,1.0,0.317178043,0.2781951861,0.05420178175,0.04573279619
2655,1.0,0.0,0.0,0.0,1.0,1.0,0.3159631903,0.2721080403,0.05334699154,0.04464298487
2656,1.0,0.0,0.0,0.0,1.0,1.0,0.320544764,0.2804558791,0.05536043644,0.04684346914
2657,1.0,0.0,0.0,0.0,1.0,1.0,0.3189008607,0.2828927051,0.05454856157,0.04695671797
2658,1.0,0.0,0.0,0.0,1.0,1.0,0.317930006,0.2783680598,0.0550429821,0.04685711861
2659,1.0,0.0,0.0,0.0,1.0,1.0,0.3180042501,0.2783680489,0.05549776554,0.04700320959
2660,1.0,0.0,0.0,0.0,1.0,1.0,0.3140634531,0.2744228941,0.05412870646,0.04567110538
2661,1.0,0.0,0.0,0.0,1.0,1.0,0.3153581144,0.2750139581,0.05515658855,0.04638803005
2662,1.0,0.0,0.0,0.0,1.0,1.0,0.3152712714,0.2751843182,0.05464851856,0.04591602087
2663,1.0,0.0,0.0,0.0,1.0,1.0,0.3217714474,0.2817217947,0.05595237017,0.04747474194
2664,1.0,0.0,0.0,0.0,1.0,1.0,0.3244091104,0.2783681132,0.05610269308,0.04703557491
2665,1.0,0.0,0.0,0.0,1.0,1.0,0.3239682101,0.2848411863,0.05668920279,0.04846930504
2666,1.0,0.0,0.0,0.0,1.0,1.0,0.3282954795,0.2872152812,0.05802351236,0.04944866896
2667,1.0,0.0,0.0,0.0,1.0,1.0,0.3207283734,0.2812997975,0.05618852377,0.04824268818
2668,1.0,0.0,0.0,0.0,1.0,1.0,0.3145784556,0.2707518258,0.055727005,0.04701966047
2669,1.0,0.0,0.0,0.0,1.0,1.0,0.2881724054,0.2283946052,0.04908156395,0.03773319721
2670,1.0,0.0,0.0,0.0,1.0,1.0,0.2995017093,0.2464607998,0.05135905743,0.0411439538
2671,1.0,0.0,0.0,0.0,1.0,1.0,0.2921192528,0.2396618682,0.04972320795,0.03938746452
2672,1.0,0.0,0.0,0.0,1.0,1.0,0.3016260169,0.2515372884,0.05364966393,0.04349970818
2673,1.0,0.0,0.0,0.0,1.0,1.0,0.2973546974,0.2490135275,0.05205571651,0.04251217842
2674,1.0,0.0,0.0,0.0,1.0,1.0,0.3043906327,0.2557101285,0.05249148607,0.04294753075
2675,1.0,0.0,0.0,0.0,1.0,1.0,0.2993334534,0.2430146924,0.05100512505,0.04023736715
2676,1.0,0.0,0.0,0.0,1.0,1.0,0.3001682553,0.2447264006,0.05154055357,0.04117482901
2677,1.0,0.0,0.0,0.0,1.0,1.0,0.3123256352,0.2697453869,0.05185109377,0.04372304678
2678,1.0,0.0,0.0,0.0,1.0,1.0,0.3142059071,0.2660630577,0.05258893967,0.04363763332
2679,1.0,0.0,0.0,0.0,1.0,1.0,0.3186868956,0.2764777236,0.05358916521,0.04517197609
2680,1.0,0.0,0.0,0.0,1.0,1.0,0.3164898924,0.2703971956,0.05386072397,0.04478949308
2681,1.0,0.0,0.0,0.0,1.0,1.0,0.3227191265,0.2778109837,0.05456447601,0.04565602541
2682,1.0,0.0,0.0,0.0,1.0,1.0,0.3232517658,0.2828925037,0.05480438471,0.04669553041
2683,1.0,0.0,0.0,0.0,1.0,1.0,0.3375165133,0.2981386708,0.0583165884,0.0498238802
2684,1.0,0.0,0.0,0.0,1.0,1.0,0.3348049229,0.2855547798,0.05498677492,0.04573154449
2685,1.0,0.0,0.0,0.0,1.0,1.0,0.3380951282,0.2974528758,0.05696624517,0.04862970114
2686,1.0,0.0,0.0,0.0,1.0,1.0,0.3265502538,0.2867812391,0.05425995588,0.04576468468
2687,1.0,0.0,0.0,0.0,1.0,1.0,0.3249011519,0.2919332159,0.05462175608,0.0471355319
2688,1.0,0.0,0.0,0.0,1.0,1.0,0.3193581522,0.2791546875,0.05426979065,0.04555290937
2689,1.0,0.0,0.0,0.0,1.0,1.0,0.3249010959,0.2902160097,0.05568242073,0.0477681756
2690,1.0,0.0,0.0,0.0,1.0,1.0,0.3143940579,0.2791543874,0.05298817158,0.04517936707
2691,1.0,0.0,0.0,0.0,1.0,1.0,0.3271789837,0.2964446551,0.05557399988,0.04838532209
2692,1.0,0.0,0.0,0.0,1.0,1.0,0.3196267505,0.2853136847,0.05502688885,0.04720580578
2693,1.0,0.0,0.0,0.0,1.0,1.0,0.319176549,0.282670274,0.05560493469,0.04717993736
2694,1.0,0.0,0.0,0.0,1.0,1.0,0.3148486795,0.2768725327,0.05495417118,0.04621785879
2695,1.0,0.0,0.0,0.0,1.0,1.0,0.3149367182,0.2793053101,0.05507647991,0.04664641619
2696,1.0,0.0,0.0,0.0,1.0,1.0,0.3144311427,0.2783681476,0.05403023958,0.04576033354
2697,1.0,0.0,0.0,0.0,1.0,1.0,0.3127286656,0.2708924216,0.05399340391,0.0448089242
2698,1.0,0.0,0.0,0.0,1.0,1.0,0.319040116,0.2838552717,0.05475050211,0.04664969444
2699,1.0,0.0,0.0,0.0,1.0,1.0,0.3180041921,0.2725749721,0.05577915907,0.04610317945
2700,1.0,0.0,0.0,0.0,1.0,1.0,0.3092734655,0.2668579371,0.05386197567,0.04450702667
2701,1.0,0.0,0.0,0.0,1.0,1.0,0.3174125185,0.2821552781,0.05564576387,0.04737019539
2702,1.0,0.0,0.0,0.0,1.0,1.0,0.3124281034,0.2787561148,0.05463963747,0.04691570997
2703,1.0,0.0,0.0,0.0,1.0,1.0,0.3103955728,0.2734961559,0.0537481904,0.04558753967
2704,1.0,0.0,0.0,0.0,1.0,1.0,0.3032564438,0.2650546953,0.05172336102,0.04365897179
2705,1.0,0.0,0.0,0.0,1.0,1.0,0.3101717382,0.2693411568,0.0526996851,0.04433465004
2706,1.0,0.0,0.0,0.0,1.0,1.0,0.3097779476,0.2725749264,0.05391895771,0.04597300291
2707,1.0,0.0,0.0,0.0,1.0,1.0,0.3014710387,0.2617583935,0.05148047209,0.04308688641
2708,1.0,0.0,0.0,0.0,1.0,1.0,0.2557985667,0.1772595116,0.04040229321,0.02712726593
2709,1.0,0.0,0.0,0.0,1.0,1.0,0.2641781196,0.1501064891,0.04034024477,0.02228587866
2710,1.0,0.0,0.0,0.0,1.0,1.0,0.2507622961,0.1678026084,0.03972446918,0.026006639
2711,1.0,0.0,0.0,0.0,1.0,1.0,0.269341027,0.2102272665,0.04443442822,0.03409433365
2712,1.0,0.0,0.0,0.0,1.0,1.0,0.2898384043,0.248149138,0.04808223248,0.04006850719
2713,1.0,0.0,0.0,0.0,1.0,1.0,0.2927990454,0.2557894321,0.05034190416,0.04246717691
2714,1.0,0.0,0.0,0.0,1.0,1.0,0.3082853847,0.2703969154,0.05321192741,0.04520153999
2715,1.0,0.0,0.0,0.0,1.0,1.0,0.3075204814,0.2708922568,0.05482298136,0.0469494462
2716,1.0,0.0,0.0,0.0,1.0,1.0,0.3113015183,0.2759404048,0.05292677879,0.04568421841
2717,1.0,0.0,0.0,0.0,1.0,1.0,0.317412447,0.28603573,0.0545462966,0.04755318165
2718,1.0,0.0,0.0,0.0,1.0,1.0,0.3146693289,0.2809877509,0.05411630869,0.04682600498
2719,1.0,0.0,0.0,0.0,1.0,1.0,0.3233965395,0.2908075407,0.0569382906,0.04978525639
2720,1.0,0.0,0.0,0.0,1.0,1.0,0.3174122781,0.2843532584,0.05479830503,0.04749190807
2721,1.0,0.0,0.0,0.0,1.0,1.0,0.3211321027,0.2843529216,0.05538541079,0.04775577784
2722,1.0,0.0,0.0,0.0,1.0,1.0,0.3266783499,0.2901062292,0.05412060022,0.04635077715
2723,1.0,0.0,0.0,0.0,1.0,1.0,0.3158688772,0.2774371408,0.05401706696,0.04598379135
2724,1.0,0.0,0.0,0.0,1.0,1.0,0.3154438148,0.2724230738,0.05403226614,0.04493498802
2725,1.0,0.0,0.0,0.0,1.0,1.0,0.3230195097,0.2895733924,0.05583161116,0.04836899042
2726,1.0,0.0,0.0,0.0,1.0,1.0,0.3231159485,0.2968637713,0.05595004559,0.04936766624
2727,1.0,0.0,0.0,0.0,1.0,1.0,0.3241003353,0.2909560253,0.05678635836,0.04951322079
2728,1.0,0.0,0.0,0.0,1.0,1.0,0.3208482029,0.2876683959,0.05724567175,0.05008995533
2729,1.0,0.0,0.0,0.0,1.0,1.0,0.3294517396,0.297531209,0.05895340443,0.05130076408
2730,1.0,0.0,0.0,0.0,1.0,1.0,0.3235831481,0.2862639692,0.05576986074,0.04752802849
2731,1.0,0.0,0.0,0.0,1.0,1.0,0.3336768017,0.2925997842,0.05813223124,0.04927402735
2732,1.0,0.0,0.0,0.0,1.0,1.0,0.3219356994,0.2848411834,0.05646961927,0.04804134369
2733,1.0,0.0,0.0,0.0,1.0,1.0,0.3223483897,0.2841221233,0.05618399382,0.04799634218
2734,1.0,0.0,0.0,0.0,1.0,1.0,0.3260822377,0.2954433593,0.05708187819,0.04994666576
2735,1.0,0.0,0.0,0.0,1.0,1.0,0.3326063227,0.2984910705,0.05684685707,0.04935973883
2736,1.0,0.0,0.0,0.0,1.0,1.0,0.3298969462,0.2908077192,0.05724924803,0.04907083511
2737,1.0,0.0,0.0,0.0,1.0,1.0,0.326082417,0.2881724366,0.05663657188,0.04899060726
2738,1.0,0.0,0.0,0.0,1.0,1.0,0.3288066622,0.294835361,0.05559021235,0.04871022701
2739,1.0,0.0,0.0,0.0,1.0,1.0,0.3336874303,0.303164106,0.05698359013,0.05034470558
2740,1.0,0.0,0.0,0.0,1.0,1.0,0.3238782361,0.2879748528,0.05570012331,0.0478233099
2741,1.0,0.0,0.0,0.0,1.0,1.0,0.3309518063,0.2988196455,0.05629217625,0.04957073927
2742,1.0,0.0,0.0,0.0,1.0,1.0,0.3347965868,0.3025518337,0.05661582947,0.04964339733
2743,1.0,0.0,0.0,0.0,1.0,1.0,0.3287637397,0.2957529537,0.0567240119,0.04934984446
2744,1.0,0.0,0.0,0.0,1.0,1.0,0.3293428726,0.3021959681,0.05602329969,0.04964441061
2745,1.0,0.0,0.0,0.0,1.0,1.0,0.3228715933,0.2998325043,0.05568522215,0.04952907562
2746,1.0,0.0,0.0,0.0,1.0,1.0,0.3239233168,0.2998322419,0.05501127243,0.04892957211
2747,1.0,0.0,0.0,0.0,1.0,1.0,0.3265828892,0.2984682641,0.05593758821,0.04919135571
2748,1.0,0.0,0.0,0.0,1.0,1.0,0.3320569846,0.2977786705,0.05567085743,0.04771780968
2749,1.0,0.0,0.0,0.0,1.0,1.0,0.3374739212,0.3110508908,0.05780059099,0.05085343122
2750,1.0,0.0,0.0,0.0,1.0,1.0,0.3358645514,0.2974528634,0.0586990118,0.04986566305
2751,1.0,0.0,0.0,0.0,1.0,1.0,0.3385467568,0.3066086387,0.05843281746,0.05060452223
2752,1.0,0.0,0.0,0.0,1.0,1.0,0.338520427,0.3068756586,0.05778706074,0.05035734177
2753,1.0,0.0,0.0,0.0,1.0,1.0,0.3369087643,0.3018448304,0.05894118547,0.05076271296
2754,1.0,0.0,0.0,0.0,1.0,1.0,0.3460224971,0.3085525777,0.06142234802,0.05256611109
2755,1.0,0.0,0.0,0.0,1.0,1.0,0.3342184437,0.305849266,0.0594047308,0.05226475
2756,1.0,0.0,0.0,0.0,1.0,1.0,0.3358383382,0.3055722616,0.05801475048,0.05048394203
2757,1.0,0.0,0.0,0.0,1.0,1.0,0.3304210341,0.2988022369,0.05647140741,0.04864370823
2758,1.0,0.0,0.0,0.0,1.0,1.0,0.3249417633,0.2970847989,0.05599927902,0.04892861843
2759,1.0,0.0,0.0,0.0,1.0,1.0,0.3271198975,0.2988021231,0.05746388435,0.0502448082
2760,1.0,0.0,0.0,0.0,1.0,1.0,0.3260473713,0.2943561689,0.05550277233,0.04797226191
2761,1.0,0.0,0.0,0.0,1.0,1.0,0.2632842997,0.2064066892,0.04340291023,0.03255224228
2762,1.0,0.0,0.0,0.0,1.0,1.0,0.2395667081,0.1735674664,0.03633064032,0.02582883835
2763,1.0,0.0,0.0,0.0,1.0,1.0,0.2560238703,0.1723845122,0.03731441498,0.02459990978
2764,1.0,0.0,0.0,0.0,1.0,1.0,0.2550559969,0.1608296168,0.03752279282,0.02334749699
2765,1.0,0.0,0.0,0.0,1.0,1.0,0.2849971163,0.1739027107,0.04164743423,0.02481728792
2766,1.0,0.0,0.0,0.0,1.0,1.0,0.2912547025,0.1929815999,0.04165178537,0.02710217237
2767,1.0,0.0,0.0,0.0,1.0,1.0,0.2736113004,0.1659229891,0.0406613946,0.02400153875
2768,1.0,0.0,0.0,0.0,1.0,1.0,0.2684806341,0.2013263492,0.04391086102,0.03172916174
2769,1.0,0.0,0.0,0.0,1.0,1.0,0.2988365886,0.2568010653,0.05095690489,0.04189789295
2770,1.0,0.0,0.0,0.0,1.0,1.0,0.3118127748,0.2772426679,0.05215525627,0.04446923733
2771,1.0,0.0,0.0,0.0,1.0,1.0,0.3216594794,0.2902155772,0.05506700277,0.04748117924
2772,1.0,0.0,0.0,0.0,1.0,1.0,0.323251796,0.2946628066,0.05459958315,0.04763531685
2773,1.0,0.0,0.0,0.0,1.0,1.0,0.326550025,0.2936503809,0.0549402833,0.04744845629
2774,1.0,0.0,0.0,0.0,1.0,1.0,0.2727291223,0.2236512847,0.04434496164,0.03525561094
2775,1.0,0.0,0.0,0.0,1.0,1.0,0.265476831,0.1579119036,0.03879857063,0.02253741026
2776,1.0,0.0,0.0,0.0,1.0,1.0,0.2804760238,0.1954551048,0.039914608,0.02726554871
2777,1.0,0.0,0.0,0.0,1.0,1.0,0.2708037066,0.171218972,0.03818827868,0.02362728119
2778,1.0,0.0,0.0,0.0,1.0,1.0,0.2659962203,0.1692280691,0.03871309757,0.02419567108
2779,1.0,0.0,0.0,0.0,1.0,1.0,0.2743567094,0.1818984125,0.04023820162,0.02615481615
2780,1.0,0.0,0.0,0.0,1.0,1.0,0.2723970714,0.1886498409,0.04007387161,0.02710032463
2781,1.0,0.0,0.0,0.0,1.0,1.0,0.2658708086,0.1851557679,0.03827619553,0.02598315477
2782,1.0,0.0,0.0,0.0,1.0,1.0,0.2872184177,0.190369874,0.04104071856,0.02662098408
2783,1.0,0.0,0.0,0.0,1.0,1.0,0.254063664,0.1621233125,0.03685051203,0.02303159237
2784,1.0,0.0,0.0,0.0,1.0,1.0,0.2686110612,0.1916491983,0.04386669397,0.0304787755
2785,1.0,0.0,0.0,0.0,1.0,1.0,0.286738555,0.2446909148,0.04750263691,0.0389906168
2786,1.0,0.0,0.0,0.0,1.0,1.0,0.3091563246,0.2711798729,0.05260759592,0.04425722361
2787,1.0,0.0,0.0,0.0,1.0,1.0,0.3098918937,0.2761170843,0.05157995224,0.044018507
2788,1.0,0.0,0.0,0.0,1.0,1.0,0.3067756074,0.2701196302,0.05175584555,0.04358386993
2789,1.0,0.0,0.0,0.0,1.0,1.0,0.2982205133,0.2583014742,0.05160552263,0.04267913103
2790,1.0,0.0,0.0,0.0,1.0,1.0,0.3043903663,0.2642593505,0.05190223455,0.04329812527
2791,1.0,0.0,0.0,0.0,1.0,1.0,0.2951041151,0.2540954545,0.04912245274,0.04070925713
2792,1.0,0.0,0.0,0.0,1.0,1.0,0.275060021,0.2146689049,0.04315286875,0.03269970417
2793,1.0,0.0,0.0,0.0,1.0,1.0,0.2691494511,0.1889855289,0.03998172283,0.02772068977
2794,1.0,0.0,0.0,0.0,1.0,1.0,0.2673783791,0.1703171792,0.0406781435,0.02552908659
2795,1.0,0.0,0.0,0.0,1.0,1.0,0.2896113883,0.1808330755,0.04194760323,0.02549755573
2796,1.0,0.0,0.0,0.0,1.0,1.0,0.2839109185,0.1920493502,0.0399286747,0.02643918991
2797,1.0,0.0,0.0,0.0,1.0,1.0,0.2973388442,0.1920496263,0.04232871532,0.02676266432
2798,1.0,0.0,0.0,0.0,1.0,1.0,0.2877773833,0.1923530446,0.04188007116,0.02744841576
2799,1.0,0.0,0.0,0.0,1.0,1.0,0.2791410071,0.1777664617,0.03990465403,0.02511483431
2800,1.0,0.0,0.0,0.0,1.0,1.0,0.2858327703,0.1911281371,0.04100084305,0.02677601576
2801,1.0,0.0,0.0,0.0,1.0,1.0,0.2892082542,0.1946705533,0.04153954983,0.0274105072
2802,1.0,0.0,0.0,0.0,1.0,1.0,0.2806125651,0.1940091892,0.04077661037,0.02764987946
2803,1.0,0.0,0.0,0.0,1.0,1.0,0.2869303211,0.1975181339,0.04147487879,0.02783548832
2804,1.0,0.0,0.0,0.0,1.0,1.0,0.2863787103,0.1998886081,0.04127937555,0.02825838327
2805,1.0,0.0,0.0,0.0,1.0,1.0,0.2814517727,0.2054188829,0.04118788242,0.02913975716
2806,1.0,0.0,0.0,0.0,1.0,1.0,0.295201739,0.2065774852,0.04244548082,0.02912926674
2807,1.0,0.0,0.0,0.0,1.0,1.0,0.2730921568,0.1659228055,0.03964531422,0.02340173721
2808,1.0,0.0,0.0,0.0,1.0,1.0,0.2593144829,0.1708606474,0.04024142027,0.02598929405
2809,1.0,0.0,0.0,0.0,1.0,1.0,0.2903784821,0.2411849709,0.04915380478,0.03972315788
2810,1.0,0.0,0.0,0.0,1.0,1.0,0.3001624126,0.2575355002,0.04993468523,0.04142934084
2811,1.0,0.0,0.0,0.0,1.0,1.0,0.3052482878,0.2626517951,0.05149507523,0.04263567924
2812,1.0,0.0,0.0,0.0,1.0,1.0,0.315357915,0.2809875948,0.05402040482,0.04626357555
2813,1.0,0.0,0.0,0.0,1.0,1.0,0.3288277656,0.294448633,0.05673289299,0.0489076972
2814,1.0,0.0,0.0,0.0,1.0,1.0,0.325551042,0.291362936,0.05387818813,0.04633527994
2815,1.0,0.0,0.0,0.0,1.0,1.0,0.3315142178,0.2957531443,0.05615901947,0.04813629389
2816,1.0,0.0,0.0,0.0,1.0,1.0,0.3440166055,0.3116901493,0.0575158596,0.05015599728
2817,1.0,0.0,0.0,0.0,1.0,1.0,0.3418286839,0.3066084665,0.05743598938,0.04950433969
2818,1.0,0.0,0.0,0.0,1.0,1.0,0.3450262479,0.3195493166,0.05932146311,0.05235880613
2819,1.0,0.0,0.0,0.0,1.0,1.0,0.3439638361,0.309996673,0.05925613642,0.05115038157
2820,1.0,0.0,0.0,0.0,1.0,1.0,0.3353390612,0.3008527068,0.05805891752,0.05037468672
2821,1.0,0.0,0.0,0.0,1.0,1.0,0.3282238085,0.2943560816,0.0576492548,0.04957836866
2822,1.0,0.0,0.0,0.0,1.0,1.0,0.3303803486,0.2939536183,0.05270731449,0.04502636194
2823,1.0,0.0,0.0,0.0,1.0,1.0,0.3320460318,0.2970849529,0.05623954535,0.04840517044
2824,1.0,0.0,0.0,0.0,1.0,1.0,0.3292476725,0.2897685849,0.05547261238,0.04702496529
2825,1.0,0.0,0.0,0.0,1.0,1.0,0.3304077437,0.2936506126,0.05501270294,0.0468018651
2826,1.0,0.0,0.0,0.0,1.0,1.0,0.3309628653,0.2957533173,0.05683547258,0.04895728827
2827,1.0,0.0,0.0,0.0,1.0,1.0,0.3331474202,0.2981388165,0.05740964413,0.04952991009
2828,1.0,0.0,0.0,0.0,1.0,1.0,0.3309734125,0.3012016507,0.05511569977,0.04778504372
2829,1.0,0.0,0.0,0.0,1.0,1.0,0.3298809603,0.2933518064,0.05615842342,0.04781812429
2830,1.0,0.0,0.0,0.0,1.0,1.0,0.3358648814,0.3008525233,0.05621230602,0.04829889536
2831,1.0,0.0,0.0,0.0,1.0,1.0,0.3265502176,0.2884987631,0.0552919507,0.04691439867
2832,1.0,0.0,0.0,0.0,1.0,1.0,0.3348047767,0.3015558261,0.05400896072,0.04678994417
2833,1.0,0.0,0.0,0.0,1.0,1.0,0.3331475407,0.2956826723,0.05572795868,0.04741030931
2834,1.0,0.0,0.0,0.0,1.0,1.0,0.3375599222,0.3005192421,0.05773895979,0.04953092337
2835,1.0,0.0,0.0,0.0,1.0,1.0,0.3325930512,0.3012254764,0.05595493317,0.04840099812
2836,1.0,0.0,0.0,0.0,1.0,1.0,0.3293052729,0.2998327828,0.05562436581,0.04839324951
2837,1.0,0.0,0.0,0.0,1.0,1.0,0.336982888,0.3052903579,0.05695462227,0.04973113537
2838,1.0,0.0,0.0,0.0,1.0,1.0,0.3320567404,0.3001736701,0.0537686944,0.04661720991
2839,1.0,0.0,0.0,0.0,1.0,1.0,0.3331469578,0.2988193762,0.05668115616,0.04893934727
2840,1.0,0.0,0.0,0.0,1.0,1.0,0.3304074719,0.2916462442,0.0532361865,0.04529052973
2841,1.0,0.0,0.0,0.0,1.0,1.0,0.3282239797,0.2926447632,0.05558228493,0.04752284288
2842,1.0,0.0,0.0,0.0,1.0,1.0,0.3237861062,0.2797070606,0.05093121529,0.0426158905
2843,1.0,0.0,0.0,0.0,1.0,1.0,0.3046876394,0.2568009988,0.05062896013,0.04117077589
2844,1.0,0.0,0.0,0.0,1.0,1.0,0.2983159147,0.2446186077,0.04943299294,0.03909951448
2845,1.0,0.0,0.0,0.0,1.0,1.0,0.2688765521,0.1892322829,0.04307210445,0.02918696404
2846,1.0,0.0,0.0,0.0,1.0,1.0,0.2600025944,0.1665734419,0.03990232944,0.02490353584
2847,1.0,0.0,0.0,0.0,1.0,1.0,0.2747996023,0.1717188439,0.03985917568,0.02429771423
2848,1.0,0.0,0.0,0.0,1.0,1.0,0.2715464144,0.1691665282,0.03938436508,0.02379477024
2849,1.0,0.0,0.0,0.0,1.0,1.0,0.2727449377,0.1704029283,0.03888207674,0.02370208502
2850,1.0,0.0,0.0,0.0,1.0,1.0,0.262239233,0.1621232413,0.03902637959,0.0231974721
2851,1.0,0.0,0.0,0.0,1.0,1.0,0.2872544456,0.2295539745,0.04712980986,0.03625375032
2852,1.0,0.0,0.0,0.0,1.0,1.0,0.2955162522,0.2541834273,0.04894965887,0.04042470455
2853,1.0,0.0,0.0,0.0,1.0,1.0,0.3013147146,0.259370756,0.04839873314,0.03967106342
2854,1.0,0.0,0.0,0.0,1.0,1.0,0.3076459302,0.2668578281,0.05264747143,0.0437335968
2855,1.0,0.0,0.0,0.0,1.0,1.0,0.2960700877,0.2567056847,0.05025464296,0.04164749384
2856,1.0,0.0,0.0,0.0,1.0,1.0,0.2948353389,0.2559546204,0.0492169261,0.04087507725
2857,1.0,0.0,0.0,0.0,1.0,1.0,0.3061203341,0.258476361,0.05075198412,0.04115027189
2858,1.0,0.0,0.0,0.0,1.0,1.0,0.3021568541,0.2602711299,0.04916185141,0.04051798582
2859,1.0,0.0,0.0,0.0,1.0,1.0,0.3109746258,0.2698844316,0.04996758699,0.04141700268
2860,1.0,0.0,0.0,0.0,1.0,1.0,0.317703351,0.2757077966,0.05325978994,0.04438310862
2861,1.0,0.0,0.0,0.0,1.0,1.0,0.3144866971,0.2749329658,0.05075204372,0.04224908352
2862,1.0,0.0,0.0,0.0,1.0,1.0,0.3133564661,0.2747608095,0.05103600025,0.0429776907
2863,1.0,0.0,0.0,0.0,1.0,1.0,0.3184496282,0.2789538358,0.05267393589,0.0440300107
2864,1.0,0.0,0.0,0.0,1.0,1.0,0.3233486437,0.2872544539,0.0527561903,0.04502928257
2865,1.0,0.0,0.0,0.0,1.0,1.0,0.3206065047,0.2804557354,0.05392247438,0.04539394379
2866,1.0,0.0,0.0,0.0,1.0,1.0,0.3227704364,0.2823763426,0.05184608698,0.0434243679
2867,1.0,0.0,0.0,0.0,1.0,1.0,0.3233488534,0.2896687212,0.05542951822,0.04787093401
2868,1.0,0.0,0.0,0.0,1.0,1.0,0.3260474684,0.2870018263,0.0542858839,0.04637485743
2869,1.0,0.0,0.0,0.0,1.0,1.0,0.3288277803,0.290106286,0.05784344673,0.04929512739
2870,1.0,0.0,0.0,0.0,1.0,1.0,0.3261166874,0.2877184876,0.05226498842,0.04446429014
2871,1.0,0.0,0.0,0.0,1.0,1.0,0.3140635181,0.2744227609,0.05256551504,0.0443521142
2872,1.0,0.0,0.0,0.0,1.0,1.0,0.2700247521,0.1880667505,0.04026263952,0.02745175362
2873,1.0,0.0,0.0,0.0,1.0,1.0,0.2893123263,0.1820691331,0.04272699356,0.02608013153
2874,1.0,0.0,0.0,0.0,1.0,1.0,0.3036765,0.2065776232,0.04394775629,0.0292057991
2875,1.0,0.0,0.0,0.0,1.0,1.0,0.3045918053,0.2186276955,0.04262375832,0.02983659506
2876,1.0,0.0,0.0,0.0,1.0,1.0,0.3082571258,0.2138881412,0.04443603754,0.03035998344
2877,1.0,0.0,0.0,0.0,1.0,1.0,0.2990751052,0.2025895969,0.04209452868,0.02797424793
2878,1.0,0.0,0.0,0.0,1.0,1.0,0.3073753429,0.1878794962,0.04460042715,0.02654135227
2879,1.0,0.0,0.0,0.0,1.0,1.0,0.2475851827,0.1590870932,0.03686797619,0.02304244041
2880,1.0,0.0,0.0,0.0,1.0,1.0,0.2771415567,0.2103141026,0.04270774126,0.03123003244
2881,1.0,0.0,0.0,0.0,1.0,1.0,0.3033717249,0.2542438783,0.0478503108,0.03854608536
2882,1.0,0.0,0.0,0.0,1.0,1.0,0.3248183456,0.283813695,0.0532951951,0.04454934597
2883,1.0,0.0,0.0,0.0,1.0,1.0,0.3270292426,0.2887659577,0.05296009779,0.04512417316
2884,1.0,0.0,0.0,0.0,1.0,1.0,0.3298157891,0.2922242231,0.05359065533,0.04574149847
2885,1.0,0.0,0.0,0.0,1.0,1.0,0.3298324105,0.2912166917,0.05294978619,0.04496741295
2886,1.0,0.0,0.0,0.0,1.0,1.0,0.3298158174,0.2904955007,0.05211985111,0.04422295094
2887,1.0,0.0,0.0,0.0,1.0,1.0,0.3292671282,0.2939534601,0.05302798748,0.04552906752
2888,1.0,0.0,0.0,0.0,1.0,1.0,0.3437145883,0.3118947161,0.05496561527,0.04829502106
2889,1.0,0.0,0.0,0.0,1.0,1.0,0.3364789829,0.3071199798,0.05296504498,0.04640990496
2890,1.0,0.0,0.0,0.0,1.0,1.0,0.3353833532,0.3064488788,0.05338686705,0.04698038101
2891,1.0,0.0,0.0,0.0,1.0,1.0,0.3348216675,0.3047079575,0.05406022072,0.04730266333
2892,1.0,0.0,0.0,0.0,1.0,1.0,0.3325872983,0.2932387818,0.05311328173,0.04533404112
2893,1.0,0.0,0.0,0.0,1.0,1.0,0.3022368537,0.2472119808,0.04622322321,0.03676849604
2894,1.0,0.0,0.0,0.0,1.0,1.0,0.3042619152,0.1652618924,0.04279738665,0.02275300026
2895,1.0,0.0,0.0,0.0,1.0,1.0,0.310583495,0.2083856261,0.04300439358,0.02839392424
2896,1.0,0.0,0.0,0.0,1.0,1.0,0.3044389446,0.2060076882,0.04330796003,0.02877706289
2897,1.0,0.0,0.0,0.0,1.0,1.0,0.3195770231,0.2056465357,0.04296588898,0.027366817
2898,1.0,0.0,0.0,0.0,1.0,1.0,0.3204622847,0.2092325946,0.04441273212,0.02859067917
2899,1.0,0.0,0.0,0.0,1.0,1.0,0.3167965883,0.2027555068,0.04436987638,0.02833944559
2900,1.0,0.0,0.0,0.0,1.0,1.0,0.3020180911,0.1914253288,0.042722404,0.02670150995
2901,1.0,0.0,0.0,0.0,1.0,1.0,0.282493485,0.1831643638,0.03988677263,0.02530741692
2902,1.0,0.0,0.0,0.0,1.0,1.0,0.2725749211,0.1430499643,0.03888469934,0.0202524662
2903,1.0,0.0,0.0,0.0,1.0,1.0,0.2719451385,0.2159509038,0.04238027334,0.03266251087
2904,1.0,0.0,0.0,0.0,1.0,1.0,0.2996625671,0.2516326794,0.04664838314,0.0376367569
2905,1.0,0.0,0.0,0.0,1.0,1.0,0.3231024664,0.2832922353,0.05185431242,0.04325670004
2906,1.0,0.0,0.0,0.0,1.0,1.0,0.3208908987,0.2830588212,0.05055832863,0.04265862703
2907,1.0,0.0,0.0,0.0,1.0,1.0,0.3208911519,0.2785901612,0.05133211613,0.04277676344
2908,1.0,0.0,0.0,0.0,1.0,1.0,0.3314898238,0.2974117416,0.05582535267,0.04800981283
2909,1.0,0.0,0.0,0.0,1.0,1.0,0.3336951445,0.3005193602,0.05429023504,0.04680192471
2910,1.0,0.0,0.0,0.0,1.0,1.0,0.341914448,0.3101712797,0.05527985096,0.04783827066
2911,1.0,0.0,0.0,0.0,1.0,1.0,0.3419578476,0.306057474,0.0562480092,0.04809612036
2912,1.0,0.0,0.0,0.0,1.0,1.0,0.3469137271,0.3153411658,0.0568125844,0.04950809479
2913,1.0,0.0,0.0,0.0,1.0,1.0,0.3512888426,0.3155235491,0.05565226078,0.04833650589
2914,1.0,0.0,0.0,0.0,1.0,1.0,0.3442336,0.305002278,0.05623263121,0.04808300734
2915,1.0,0.0,0.0,0.0,1.0,1.0,0.344807114,0.3050018061,0.05556076765,0.04750847816
2916,1.0,0.0,0.0,0.0,1.0,1.0,0.3303804268,0.2912167209,0.05295324326,0.04497033358
2917,1.0,0.0,0.0,0.0,1.0,1.0,0.2776227369,0.1860277769,0.04139220715,0.02723878622
2918,1.0,0.0,0.0,0.0,1.0,1.0,0.3081282018,0.1652465195,0.04194581509,0.02231734991
2919,1.0,0.0,0.0,0.0,1.0,1.0,0.324415558,0.2162057283,0.04458898306,0.02935671806
2920,1.0,0.0,0.0,0.0,1.0,1.0,0.3195771405,0.206495909,0.04339045286,0.02763718367
2921,1.0,0.0,0.0,0.0,1.0,1.0,0.3131979885,0.2075452606,0.04267287254,0.0279955864
2922,1.0,0.0,0.0,0.0,1.0,1.0,0.3206870858,0.2172700071,0.0455083847,0.03071117401
2923,1.0,0.0,0.0,0.0,1.0,1.0,0.3115668649,0.2051702741,0.04268664122,0.02799582481
2924,1.0,0.0,0.0,0.0,1.0,1.0,0.3215418791,0.2019281139,0.0448898077,0.02830630541
2925,1.0,0.0,0.0,0.0,1.0,1.0,0.3157191023,0.1974706227,0.04255408049,0.02656245232
2926,1.0,0.0,0.0,0.0,1.0,1.0,0.3181896558,0.2114999711,0.0444368124,0.02905482054
2927,1.0,0.0,0.0,0.0,1.0,1.0,0.3116763087,0.1965429386,0.04158776999,0.02606165409
2928,1.0,0.0,0.0,0.0,1.0,1.0,0.3219956761,0.2202158892,0.0428468585,0.02893555164
2929,1.0,0.0,0.0,0.0,1.0,1.0,0.3206540072,0.2204652247,0.04382610321,0.02988147736
2930,1.0,0.0,0.0,0.0,1.0,1.0,0.3170501003,0.2053937252,0.04270452261,0.02743268013
2931,1.0,0.0,0.0,0.0,1.0,1.0,0.3137542662,0.2150695716,0.04273974895,0.02887052298
2932,1.0,0.0,0.0,0.0,1.0,1.0,0.3092534126,0.199059214,0.04179263115,0.02657020092
2933,1.0,0.0,0.0,0.0,1.0,1.0,0.3068828962,0.1931697491,0.04112267494,0.02556276321
2934,1.0,0.0,0.0,0.0,1.0,1.0,0.3060791777,0.1990416863,0.04100835323,0.02622306347
2935,1.0,0.0,0.0,0.0,1.0,1.0,0.3111660234,0.2162659265,0.04266983271,0.02910596132
2936,1.0,0.0,0.0,0.0,1.0,1.0,0.3076794494,0.2087442423,0.04103207588,0.0272629261
2937,1.0,0.0,0.0,0.0,1.0,1.0,0.310310335,0.201132532,0.04243141413,0.02672630548
2938,1.0,0.0,0.0,0.0,1.0,1.0,0.2800740613,0.1302772886,0.03974324465,0.01823830605
2939,1.0,0.0,0.0,0.0,1.0,1.0,0.2372776012,0.1585830266,0.03602105379,0.023468256
2940,1.0,0.0,0.0,0.0,1.0,1.0,0.2838554203,0.2340241565,0.0437746644,0.0348623991
2941,1.0,0.0,0.0,0.0,1.0,1.0,0.3109745606,0.2733663444,0.04982304573,0.04183000326
2942,1.0,0.0,0.0,0.0,1.0,1.0,0.3114926511,0.2749329571,0.05081099272,0.04320293665
2943,1.0,0.0,0.0,0.0,1.0,1.0,0.3158769534,0.2724176062,0.0518463254,0.04306817055
2944,1.0,0.0,0.0,0.0,1.0,1.0,0.3148241325,0.2714747229,0.04962956905,0.04122668505
2945,1.0,0.0,0.0,0.0,1.0,1.0,0.3098271616,0.2654768282,0.04833191633,0.03975689411
2946,1.0,0.0,0.0,0.0,1.0,1.0,0.3000011069,0.2551022159,0.04644554853,0.03809577227
2947,1.0,0.0,0.0,0.0,1.0,1.0,0.2998326392,0.2533797566,0.04755347967,0.03868758678
2948,1.0,0.0,0.0,0.0,1.0,1.0,0.3164059032,0.2758877018,0.04896223545,0.04119050503
2949,1.0,0.0,0.0,0.0,1.0,1.0,0.3163216451,0.2751076479,0.05165624619,0.04341322184
2950,1.0,0.0,0.0,0.0,1.0,1.0,0.3083025665,0.259436767,0.04790395498,0.03921800852
2951,1.0,0.0,0.0,0.0,1.0,1.0,0.2668667291,0.2013262168,0.04038459063,0.0295625329
2952,1.0,0.0,0.0,0.0,1.0,1.0,0.2607238729,0.1998886366,0.04077869654,0.03044813871
2953,1.0,0.0,0.0,0.0,1.0,1.0,0.2705388922,0.2118954944,0.04189687967,0.03202301264
2954,1.0,0.0,0.0,0.0,1.0,1.0,0.2699347882,0.2171931582,0.04194074869,0.0326500535
2955,1.0,0.0,0.0,0.0,1.0,1.0,0.2699349601,0.219735476,0.04132682085,0.03243368864
2956,1.0,0.0,0.0,0.0,1.0,1.0,0.2471346526,0.1671926753,0.03587651253,0.02374178171
2957,1.0,0.0,0.0,0.0,1.0,1.0,0.238398968,0.1258557597,0.03498548269,0.01830011606
2958,1.0,0.0,0.0,0.0,1.0,1.0,0.26601093,0.1394568468,0.03909689188,0.02010697126
2959,1.0,0.0,0.0,0.0,1.0,1.0,0.2858290148,0.1744121919,0.04080438614,0.0243730545
2960,1.0,0.0,0.0,0.0,1.0,1.0,0.2841739155,0.1632948341,0.04102021456,0.02316111326
2961,1.0,0.0,0.0,0.0,1.0,1.0,0.2844566955,0.1711642883,0.04109436274,0.02415680885
2962,1.0,0.0,0.0,0.0,1.0,1.0,0.2655063088,0.1483545199,0.03693366051,0.0200496912
2963,1.0,0.0,0.0,0.0,1.0,1.0,0.2526061732,0.1371414082,0.03686857224,0.01950293779
2964,1.0,0.0,0.0,0.0,1.0,1.0,0.2328449143,0.1106391872,0.03357023001,0.01549392939
2965,1.0,0.0,0.0,0.0,1.0,1.0,0.2371258751,0.1513750705,0.0350895524,0.02157354355
2966,1.0,0.0,0.0,0.0,1.0,1.0,0.2528918699,0.1927494176,0.03929549456,0.02906787395
2967,1.0,0.0,0.0,0.0,1.0,1.0,0.2467315728,0.1524883482,0.03650599718,0.02195650339
2968,1.0,0.0,0.0,0.0,1.0,1.0,0.2416831199,0.1114621019,0.0353935957,0.01596707106
2969,1.0,0.0,0.0,0.0,1.0,1.0,0.2811532952,0.153611005,0.03985416889,0.02156496048
2970,1.0,0.0,0.0,0.0,1.0,1.0,0.2822409246,0.1619648745,0.03983002901,0.02237027884
2971,1.0,0.0,0.0,0.0,1.0,1.0,0.2880745013,0.1858960573,0.04071819782,0.02576047182
2972,1.0,0.0,0.0,0.0,1.0,1.0,0.2992340294,0.1958089943,0.04167109728,0.02666950226
2973,1.0,0.0,0.0,0.0,1.0,1.0,0.2982523582,0.1978893165,0.04096084833,0.02685511112
2974,1.0,0.0,0.0,0.0,1.0,1.0,0.2903514583,0.1982695249,0.03904128075,0.02602750063
2975,1.0,0.0,0.0,0.0,1.0,1.0,0.3016427122,0.2129961691,0.04191893339,0.02906382084
2976,1.0,0.0,0.0,0.0,1.0,1.0,0.3016426256,0.2097593394,0.04180401564,0.02842670679
2977,1.0,0.0,0.0,0.0,1.0,1.0,0.3150851855,0.222325052,0.04263049364,0.02959698439
2978,1.0,0.0,0.0,0.0,1.0,1.0,0.3082953615,0.2177206013,0.04110813141,0.02821147442
2979,1.0,0.0,0.0,0.0,1.0,1.0,0.3040896619,0.212690955,0.04081976414,0.02802956104
2980,1.0,0.0,0.0,0.0,1.0,1.0,0.3047077719,0.2106262039,0.04096388817,0.02785545588
2981,1.0,0.0,0.0,0.0,1.0,1.0,0.3004458257,0.2090883099,0.04004758596,0.02724325657
2982,1.0,0.0,0.0,0.0,1.0,1.0,0.2847016199,0.1806221413,0.03914862871,0.02463901043
2983,1.0,0.0,0.0,0.0,1.0,1.0,0.301831313,0.1958088887,0.04147040844,0.02636528015
2984,1.0,0.0,0.0,0.0,1.0,1.0,0.3067392449,0.2094265761,0.04210484028,0.02816283703
2985,1.0,0.0,0.0,0.0,1.0,1.0,0.3026763785,0.2040526193,0.04058295488,0.02669215202
2986,1.0,0.0,0.0,0.0,1.0,1.0,0.3064425119,0.2019279959,0.0416687727,0.02696210146
2987,1.0,0.0,0.0,0.0,1.0,1.0,0.2852738355,0.1813503063,0.03914010525,0.02429383993
2988,1.0,0.0,0.0,0.0,1.0,1.0,0.2958349698,0.196611459,0.04108089209,0.02664703131
2989,1.0,0.0,0.0,0.0,1.0,1.0,0.2909267655,0.2011074746,0.04222303629,0.02843594551
2990,1.0,0.0,0.0,0.0,1.0,1.0,0.2847015933,0.1958086176,0.03895968199,0.02615469694
2991,1.0,0.0,0.0,0.0,1.0,1.0,0.3020625442,0.2085613122,0.0413942337,0.02805918455
2992,1.0,0.0,0.0,0.0,1.0,1.0,0.2906742475,0.1966111353,0.03978341818,0.02615892887
2993,1.0,0.0,0.0,0.0,1.0,1.0,0.2869684287,0.1986594942,0.04102855921,0.02744668722
2994,1.0,0.0,0.0,0.0,1.0,1.0,0.2954696328,0.2100867696,0.04078245163,0.0281919241
2995,1.0,0.0,0.0,0.0,1.0,1.0,0.2847137018,0.1909503187,0.03901124001,0.02529001236
2996,1.0,0.0,0.0,0.0,1.0,1.0,0.2847134414,0.195455301,0.03939467669,0.02635365725
2997,1.0,0.0,0.0,0.0,1.0,1.0,0.2844413949,0.1966777153,0.03995507956,0.02681922913
2998,1.0,0.0,0.0,0.0,1.0,1.0,0.2734505172,0.1871467595,0.03843128681,0.02544045448
2999,1.0,0.0,0.0,0.0,1.0,1.0,0.2785972419,0.1886499306,0.03919523954,0.02576470375
3000,1.0,0.0,0.0,0.0,1.0,1.0,0.2512883018,0.1580142932,0.03549236059,0.02151048183
3001,1.0,0.0,0.0,0.0,1.0,1.0,0.2598927637,0.1672292451,0.03674429655,0.02296519279
3002,1.0,0.0,0.0,0.0,1.0,1.0,0.2569993538,0.1599899433,0.03748679161,0.02249211073
3003,1.0,0.0,0.0,0.0,1.0,1.0,0.2465417441,0.1580143695,0.03569990396,0.02196913958
3004,1.0,0.0,0.0,0.0,1.0,1.0,0.2598931434,0.1685564445,0.03643202782,0.02276998758
3005,1.0,0.0,0.0,0.0,1.0,1.0,0.2722289763,0.1777665849,0.0387057662,0.02436029911
3006,1.0,0.0,0.0,0.0,1.0,1.0,0.2651193664,0.1672296147,0.03757852316,0.02297967672
3007,1.0,0.0,0.0,0.0,1.0,1.0,0.2598931409,0.171164152,0.03680372238,0.02354353666
3008,1.0,0.0,0.0,0.0,1.0,1.0,0.2446052059,0.1526923586,0.03461420536,0.02082258463
3009,1.0,0.0,0.0,0.0,1.0,1.0,0.2508104372,0.1632946502,0.03534287214,0.02222317457
3010,1.0,0.0,0.0,0.0,1.0,1.0,0.2409204391,0.1554248121,0.03421473503,0.02111685276
3011,1.0,0.0,0.0,0.0,1.0,1.0,0.262808894,0.1691964913,0.03771102428,0.02367258072
3012,1.0,0.0,0.0,0.0,1.0,1.0,0.2657248347,0.1794915953,0.03708177805,0.02435219288
3013,1.0,0.0,0.0,0.0,1.0,1.0,0.2886403588,0.1970442919,0.04071116447,0.0268638134
3014,1.0,0.0,0.0,0.0,1.0,1.0,0.2349365386,0.1491101123,0.03294628859,0.01998376846
3015,1.0,0.0,0.0,0.0,1.0,1.0,0.2592614067,0.1427772098,0.03538018465,0.01890540123
3016,1.0,0.0,0.0,0.0,1.0,1.0,0.2440498168,0.1481387116,0.03405946493,0.02027350664
3017,1.0,0.0,0.0,0.0,1.0,1.0,0.2410627536,0.1991508659,0.03649812937,0.02877223492
3018,1.0,0.0,0.0,0.0,1.0,1.0,0.3030672752,0.279413727,0.04685276747,0.04106199741
3019,1.0,0.0,0.0,0.0,1.0,1.0,0.3205444151,0.3050928327,0.05390363932,0.04809868336
3020,1.0,0.0,0.0,0.0,1.0,1.0,0.3270900164,0.3154264525,0.05557465553,0.04996103048
3021,1.0,0.0,0.0,0.0,1.0,1.0,0.3249417885,0.3284381634,0.0541395545,0.05085831881
3022,1.0,0.0,0.0,0.0,1.0,1.0,0.3125345517,0.3175120443,0.05136239529,0.04834103584
3023,1.0,0.0,0.0,0.0,1.0,1.0,0.3095473134,0.3201057663,0.05188912153,0.04968100786
3024,1.0,0.0,0.0,0.0,1.0,1.0,0.3177797554,0.3218843308,0.05378454924,0.05044043064
3025,1.0,0.0,0.0,0.0,1.0,1.0,0.3243224522,0.316548905,0.05525547266,0.05018091202
3026,1.0,0.0,0.0,0.0,1.0,1.0,0.3077750393,0.297706082,0.05125582218,0.04629558325
3027,1.0,0.0,0.0,0.0,1.0,1.0,0.3083024155,0.2850397668,0.04902094603,0.04255670309
3028,1.0,0.0,0.0,0.0,1.0,1.0,0.2974526959,0.268667068,0.04794901609,0.04109919071
3029,1.0,0.0,0.0,0.0,1.0,1.0,0.2781053835,0.2471345425,0.04432010651,0.03767210245
3030,1.0,0.0,0.0,0.0,1.0,1.0,0.2417696423,0.1731320402,0.03491342068,0.0241920352
3031,1.0,0.0,0.0,0.0,1.0,1.0,0.2909269098,0.2109479728,0.04030644894,0.02824193239
3032,1.0,0.0,0.0,0.0,1.0,1.0,0.3023853429,0.2124319418,0.04166001081,0.02840453386
3033,1.0,0.0,0.0,0.0,1.0,1.0,0.2795373309,0.2062341437,0.04032248259,0.02872288227
3034,1.0,0.0,0.0,0.0,1.0,1.0,0.3069150997,0.2107254673,0.04331994057,0.02915763855
3035,1.0,0.0,0.0,0.0,1.0,1.0,0.3237628073,0.2306401598,0.04600560665,0.03257536888
3036,1.0,0.0,0.0,0.0,1.0,1.0,0.3244681081,0.2338693077,0.04481965303,0.03236973286
3037,1.0,0.0,0.0,0.0,1.0,1.0,0.3364657583,0.2398662187,0.0466273427,0.0331081748
3038,1.0,0.0,0.0,0.0,1.0,1.0,0.3165564772,0.2078840069,0.04463011026,0.02919203043
3039,1.0,0.0,0.0,0.0,1.0,1.0,0.2924724995,0.1886107556,0.04216575623,0.02708661556
3040,1.0,0.0,0.0,0.0,1.0,1.0,0.2688032018,0.1696134981,0.04109662771,0.02565091848
3041,1.0,0.0,0.0,0.0,1.0,1.0,0.2979596792,0.2585966635,0.04951632023,0.04187661409
3042,1.0,0.0,0.0,0.0,1.0,1.0,0.3168549055,0.2803312311,0.05096226931,0.04364323616
3043,1.0,0.0,0.0,0.0,1.0,1.0,0.3230519352,0.2845634689,0.05210953951,0.04451024532
3044,1.0,0.0,0.0,0.0,1.0,1.0,0.330366224,0.2877705401,0.0528396368,0.04456681013
3045,1.0,0.0,0.0,0.0,1.0,1.0,0.3292671507,0.2894933205,0.0541267395,0.04592567682
3046,1.0,0.0,0.0,0.0,1.0,1.0,0.34034147,0.2957533009,0.0548261404,0.04653537273
3047,1.0,0.0,0.0,0.0,1.0,1.0,0.3364620997,0.2984681555,0.05566626787,0.04798817635
3048,1.0,0.0,0.0,0.0,1.0,1.0,0.3387089738,0.2899402763,0.05750006437,0.04815274477
3049,1.0,0.0,0.0,0.0,1.0,1.0,0.3402011991,0.2968142762,0.05659604073,0.04793059826
3050,1.0,0.0,0.0,0.0,1.0,1.0,0.3407560784,0.2874645867,0.0572412014,0.04710751772
3051,1.0,0.0,0.0,0.0,1.0,1.0,0.3364136199,0.2857937472,0.05574601889,0.04627460241
3052,1.0,0.0,0.0,0.0,1.0,1.0,0.333147499,0.2795051026,0.05677509308,0.04637569189
3053,1.0,0.0,0.0,0.0,1.0,1.0,0.3463414514,0.3038845456,0.05863291025,0.05025678873
3054,1.0,0.0,0.0,0.0,1.0,1.0,0.3469822544,0.3039541852,0.05566596985,0.04714298248
3055,1.0,0.0,0.0,0.0,1.0,1.0,0.3474173259,0.3110507376,0.0570691824,0.04949599504
3056,1.0,0.0,0.0,0.0,1.0,1.0,0.3507103306,0.3155234692,0.05806905031,0.05043554306
3057,1.0,0.0,0.0,0.0,1.0,1.0,0.355429609,0.3252421089,0.06310802698,0.05558139086
3058,1.0,0.0,0.0,0.0,1.0,1.0,0.3456472279,0.3116903832,0.0577043891,0.05008304119
3059,1.0,0.0,0.0,0.0,1.0,1.0,0.3429455082,0.2988195822,0.05863767862,0.04942321777
3060,1.0,0.0,0.0,0.0,1.0,1.0,0.3429457055,0.3083025802,0.05703645945,0.04943162203
3061,1.0,0.0,0.0,0.0,1.0,1.0,0.3445229788,0.3133843484,0.05673104525,0.04950588942
3062,1.0,0.0,0.0,0.0,1.0,1.0,0.3430429701,0.3091056952,0.05612891912,0.04857307673
3063,1.0,0.0,0.0,0.0,1.0,1.0,0.3381195977,0.3015558264,0.05615031719,0.04816818237
3064,1.0,0.0,0.0,0.0,1.0,1.0,0.349639916,0.3138178951,0.05807840824,0.05040764809
3065,1.0,0.0,0.0,0.0,1.0,1.0,0.3437149243,0.3032791895,0.05781018734,0.04939121008
3066,1.0,0.0,0.0,0.0,1.0,1.0,0.3364457479,0.295056997,0.05556297302,0.04711955786
3067,1.0,0.0,0.0,0.0,1.0,1.0,0.3276313748,0.2838550161,0.05491775274,0.04631954432
3068,1.0,0.0,0.0,0.0,1.0,1.0,0.3170181161,0.2686855041,0.05222147703,0.04315143824
3069,1.0,0.0,0.0,0.0,1.0,1.0,0.3250489371,0.2713261434,0.0526008606,0.04283988476
3070,1.0,0.0,0.0,0.0,1.0,1.0,0.3273024286,0.271179735,0.05429011583,0.0440415144
3071,1.0,0.0,0.0,0.0,1.0,1.0,0.32423349,0.2669741726,0.05413854122,0.04353410006
3072,1.0,0.0,0.0,0.0,1.0,1.0,0.3269675341,0.2697451795,0.0541009903,0.0435038209
3073,1.0,0.0,0.0,0.0,1.0,1.0,0.326998329,0.2730433991,0.05219185352,0.04255646467
3074,1.0,0.0,0.0,0.0,1.0,1.0,0.3231023412,0.2644572062,0.05354934931,0.04272854328
3075,1.0,0.0,0.0,0.0,1.0,1.0,0.3220237836,0.2617585103,0.05393022299,0.04303240776
3076,1.0,0.0,0.0,0.0,1.0,1.0,0.3247767675,0.2592409947,0.05358880758,0.04198712111
3077,1.0,0.0,0.0,0.0,1.0,1.0,0.3359187833,0.2845867491,0.05282145739,0.04393070936
3078,1.0,0.0,0.0,0.0,1.0,1.0,0.3303941226,0.2778110602,0.0526176095,0.04314643145
3079,1.0,0.0,0.0,0.0,1.0,1.0,0.3408693771,0.288690302,0.05560404062,0.04615676403
3080,1.0,0.0,0.0,0.0,1.0,1.0,0.3331474012,0.2776226604,0.05301618576,0.0430919528
3081,1.0,0.0,0.0,0.0,1.0,1.0,0.3325903042,0.2789535542,0.05390447378,0.04415285587
3082,1.0,0.0,0.0,0.0,1.0,1.0,0.3297822602,0.276661866,0.05216407776,0.04258286953
3083,1.0,0.0,0.0,0.0,1.0,1.0,0.3320292887,0.278195144,0.05392116308,0.0441173315
3084,1.0,0.0,0.0,0.0,1.0,1.0,0.330907683,0.2791545404,0.05360341072,0.04407995939
3085,1.0,0.0,0.0,0.0,1.0,1.0,0.333708875,0.2816296264,0.05507045984,0.04561394453
3086,1.0,0.0,0.0,0.0,1.0,1.0,0.3398440061,0.2865293967,0.05414676666,0.04481106997
3087,1.0,0.0,0.0,0.0,1.0,1.0,0.3353830678,0.2850642198,0.05303990841,0.04402315617
3088,1.0,0.0,0.0,0.0,1.0,1.0,0.3314644908,0.2739850261,0.05292099714,0.04271292686
3089,1.0,0.0,0.0,0.0,1.0,1.0,0.339946264,0.2872960519,0.05531281233,0.04563307762
3090,1.0,0.0,0.0,0.0,1.0,1.0,0.3314646396,0.274932834,0.0518732667,0.04186725616
3091,1.0,0.0,0.0,0.0,1.0,1.0,0.3393064873,0.2814127086,0.05691117048,0.04648679495
3092,1.0,0.0,0.0,0.0,1.0,1.0,0.3421816935,0.2870368321,0.05456954241,0.04484426975
3093,1.0,0.0,0.0,0.0,1.0,1.0,0.3466761282,0.2919332486,0.05576378107,0.04624313116
3094,1.0,0.0,0.0,0.0,1.0,1.0,0.3460905307,0.2956823372,0.0561953783,0.04687511921
3095,1.0,0.0,0.0,0.0,1.0,1.0,0.3432940546,0.2904949251,0.05414706469,0.04481130838
3096,1.0,0.0,0.0,0.0,1.0,1.0,0.3444024385,0.2929398243,0.05514490604,0.04595404863
3097,1.0,0.0,0.0,0.0,1.0,1.0,0.3466759851,0.2974115629,0.05443197489,0.04566973448
3098,1.0,0.0,0.0,0.0,1.0,1.0,0.3485234987,0.3005316548,0.05495911837,0.04633808136
3099,1.0,0.0,0.0,0.0,1.0,1.0,0.3513395799,0.2922244136,0.05536574125,0.04542142153
3100,1.0,0.0,0.0,0.0,1.0,1.0,0.3562200519,0.2970849975,0.05748552084,0.04713267088
3101,1.0,0.0,0.0,0.0,1.0,1.0,0.3506517082,0.2894934351,0.05538058281,0.04494655132
3102,1.0,0.0,0.0,0.0,1.0,1.0,0.3539337252,0.2926449299,0.05616992712,0.04573839903
3103,1.0,0.0,0.0,0.0,1.0,1.0,0.3551315412,0.2998325733,0.05642586946,0.04675287008
3104,1.0,0.0,0.0,0.0,1.0,1.0,0.3612847812,0.3077864141,0.05743902922,0.04777634144
3105,1.0,0.0,0.0,0.0,1.0,1.0,0.3479284197,0.2907784212,0.05454039574,0.04464828968
3106,1.0,0.0,0.0,0.0,1.0,1.0,0.3314474771,0.2690803492,0.05231690407,0.04131692648
3107,1.0,0.0,0.0,0.0,1.0,1.0,0.3371611163,0.2789958338,0.05618035793,0.04528820515
3108,1.0,0.0,0.0,0.0,1.0,1.0,0.3263136695,0.2612577926,0.05169016123,0.04032373428
3109,1.0,0.0,0.0,0.0,1.0,1.0,0.3246053528,0.2559545381,0.05136549473,0.03974062204
3110,1.0,0.0,0.0,0.0,1.0,1.0,0.3175307671,0.2525093022,0.0487408042,0.03808712959
3111,1.0,0.0,0.0,0.0,1.0,1.0,0.2845124172,0.1775565025,0.04250913858,0.02643197775
3112,1.0,0.0,0.0,0.0,1.0,1.0,0.272228807,0.126366056,0.03925263882,0.01811659336
3113,1.0,0.0,0.0,0.0,1.0,1.0,0.2816607759,0.1745349184,0.04166251421,0.02553510666
3114,1.0,0.0,0.0,0.0,1.0,1.0,0.3046244276,0.2428220327,0.04770982265,0.03698849678
3115,1.0,0.0,0.0,0.0,1.0,1.0,0.3225089336,0.2601997218,0.05058556795,0.03978347778
3116,1.0,0.0,0.0,0.0,1.0,1.0,0.3309076166,0.267092216,0.05204212666,0.04094684124
3117,1.0,0.0,0.0,0.0,1.0,1.0,0.3381950096,0.2757082064,0.05528026819,0.04400420189
3118,1.0,0.0,0.0,0.0,1.0,1.0,0.3464732121,0.2950571895,0.05477023125,0.04555410147
3119,1.0,0.0,0.0,0.0,1.0,1.0,0.3397770062,0.2916459761,0.0554805398,0.04627889395
3120,1.0,0.0,0.0,0.0,1.0,1.0,0.3282237903,0.2872546331,0.05386167765,0.04551315308
3121,1.0,0.0,0.0,0.0,1.0,1.0,0.3105702127,0.2652630121,0.05068421364,0.04178756475
3122,1.0,0.0,0.0,0.0,1.0,1.0,0.2716432284,0.1970732774,0.0423925519,0.0298614502
3123,1.0,0.0,0.0,0.0,1.0,1.0,0.3028010007,0.180061199,0.04117000103,0.02394855022
3124,1.0,0.0,0.0,0.0,1.0,1.0,0.3067594644,0.1914252258,0.04398977757,0.02696144581
3125,1.0,0.0,0.0,0.0,1.0,1.0,0.310717485,0.1813502579,0.04300862551,0.02465462685
3126,1.0,0.0,0.0,0.0,1.0,1.0,0.2992678125,0.1499162915,0.04201883078,0.0206130147
3127,1.0,0.0,0.0,0.0,1.0,1.0,0.2590498079,0.1665735067,0.0397721529,0.02499192953
3128,1.0,0.0,0.0,0.0,1.0,1.0,0.2993338766,0.248995787,0.04692351818,0.03753876686
3129,1.0,0.0,0.0,0.0,1.0,1.0,0.2737967362,0.2226826881,0.04392641783,0.03422486782
3130,1.0,0.0,0.0,0.0,1.0,1.0,0.2858254502,0.1524242072,0.04091912508,0.02140796185
3131,1.0,0.0,0.0,0.0,1.0,1.0,0.3013585384,0.1581148017,0.04283642769,0.0219604373
3132,1.0,0.0,0.0,0.0,1.0,1.0,0.2855549913,0.1263661108,0.04040408134,0.01754385233
3133,1.0,0.0,0.0,0.0,1.0,1.0,0.2780907122,0.2219039802,0.04316741228,0.03322583437
3134,1.0,0.0,0.0,0.0,1.0,1.0,0.3171783588,0.2772424032,0.05115801096,0.04316455126
3135,1.0,0.0,0.0,0.0,1.0,1.0,0.3282482987,0.2974526421,0.05417084694,0.04716360569
3136,1.0,0.0,0.0,0.0,1.0,1.0,0.3298970697,0.3015266919,0.05488610268,0.04812675714
3137,1.0,0.0,0.0,0.0,1.0,1.0,0.3450261446,0.3140135308,0.05585408211,0.04877394438
3138,1.0,0.0,0.0,0.0,1.0,1.0,0.3461480613,0.325242281,0.05775105953,0.05205732584
3139,1.0,0.0,0.0,0.0,1.0,1.0,0.3465807348,0.3242334109,0.05824673176,0.05255746841
3140,1.0,0.0,0.0,0.0,1.0,1.0,0.3508508012,0.3275759191,0.05717641115,0.05140626431
3141,1.0,0.0,0.0,0.0,1.0,1.0,0.3406822442,0.310229464,0.05491304398,0.04814648628
3142,1.0,0.0,0.0,0.0,1.0,1.0,0.3385469917,0.3146392262,0.05514973402,0.04934448004
3143,1.0,0.0,0.0,0.0,1.0,1.0,0.3396476085,0.3089491518,0.05722647905,0.05010741949
3144,1.0,0.0,0.0,0.0,1.0,1.0,0.3450842595,0.3163218125,0.05628269911,0.04991108179
3145,1.0,0.0,0.0,0.0,1.0,1.0,0.3336868762,0.3062264602,0.05484127998,0.0484520793
3146,1.0,0.0,0.0,0.0,1.0,1.0,0.3401668133,0.3045439727,0.05820482969,0.05016702414
3147,1.0,0.0,0.0,0.0,1.0,1.0,0.3477730805,0.3140137977,0.05787742138,0.05030471087
3148,1.0,0.0,0.0,0.0,1.0,1.0,0.3336926376,0.3005078478,0.05683672428,0.04959279299
3149,1.0,0.0,0.0,0.0,1.0,1.0,0.2884295639,0.2386208513,0.04703569412,0.03773790598
3150,1.0,0.0,0.0,0.0,1.0,1.0,0.2975440666,0.1601420231,0.04293382168,0.02284294367
3151,1.0,0.0,0.0,0.0,1.0,1.0,0.3005983271,0.1562829393,0.04159021378,0.02145731449
3152,1.0,0.0,0.0,0.0,1.0,1.0,0.2923793721,0.1574996069,0.04127520323,0.02185159922
3153,1.0,0.0,0.0,0.0,1.0,1.0,0.2764779212,0.1998884971,0.04427540302,0.03135031462
3154,1.0,0.0,0.0,0.0,1.0,1.0,0.2950260239,0.2446909071,0.04817819595,0.03843426704
3155,1.0,0.0,0.0,0.0,1.0,1.0,0.3102841864,0.2668575086,0.05199921131,0.04296773672
3156,1.0,0.0,0.0,0.0,1.0,1.0,0.3239236448,0.2819373417,0.05386471748,0.04520303011
3157,1.0,0.0,0.0,0.0,1.0,1.0,0.3282482379,0.2870017872,0.05349558592,0.04524499178
3158,1.0,0.0,0.0,0.0,1.0,1.0,0.3172571342,0.27365692,0.05014628172,0.04183191061
3159,1.0,0.0,0.0,0.0,1.0,1.0,0.3238778807,0.2862809261,0.05405580997,0.04613858461
3160,1.0,0.0,0.0,0.0,1.0,1.0,0.2939536634,0.2411848085,0.04646545649,0.03690683842
3161,1.0,0.0,0.0,0.0,1.0,1.0,0.2628162159,0.1393273386,0.03975206614,0.02099579573
3162,1.0,0.0,0.0,0.0,1.0,1.0,0.2802172723,0.1489735547,0.04003208876,0.02108359337
3163,1.0,0.0,0.0,0.0,1.0,1.0,0.2896654157,0.1691660483,0.04049342871,0.02333062887
3164,1.0,0.0,0.0,0.0,1.0,1.0,0.3015721315,0.1724527075,0.04170686007,0.02352696657
3165,1.0,0.0,0.0,0.0,1.0,1.0,0.2981126035,0.167875163,0.04284727573,0.0236209631
3166,1.0,0.0,0.0,0.0,1.0,1.0,0.2576256107,0.1361179725,0.03762722015,0.01948076487
3167,1.0,0.0,0.0,0.0,1.0,1.0,0.2789139815,0.2222896611,0.04500359297,0.03455632925
3168,1.0,0.0,0.0,0.0,1.0,1.0,0.3033133613,0.2584765442,0.04856526852,0.03980761766
3169,1.0,0.0,0.0,0.0,1.0,1.0,0.3179301447,0.2770564087,0.05131024122,0.04289013147
3170,1.0,0.0,0.0,0.0,1.0,1.0,0.3271788243,0.2845868833,0.05273079872,0.04407352209
3171,1.0,0.0,0.0,0.0,1.0,1.0,0.3261165611,0.2903784941,0.05349069834,0.04577314854
3172,1.0,0.0,0.0,0.0,1.0,1.0,0.32661505,0.2882349598,0.05293887854,0.04473334551
3173,1.0,0.0,0.0,0.0,1.0,1.0,0.3309736374,0.2906540658,0.05332493782,0.04491901398
3174,1.0,0.0,0.0,0.0,1.0,1.0,0.3293244223,0.2889543525,0.05301994085,0.04484272003
3175,1.0,0.0,0.0,0.0,1.0,1.0,0.3358916,0.2936506891,0.0538675189,0.04515367746
3176,1.0,0.0,0.0,0.0,1.0,1.0,0.3309519707,0.2909332752,0.05317938328,0.04497754574
3177,1.0,0.0,0.0,0.0,1.0,1.0,0.3342451754,0.2899407503,0.05474191904,0.04584300518
3178,1.0,0.0,0.0,0.0,1.0,1.0,0.3358776971,0.295753252,0.05446845293,0.04623180628
3179,1.0,0.0,0.0,0.0,1.0,1.0,0.3402009731,0.3042517858,0.05453324318,0.04670548439
3180,1.0,0.0,0.0,0.0,1.0,1.0,0.3364294291,0.3018792798,0.05286246538,0.04564225674
3181,1.0,0.0,0.0,0.0,1.0,1.0,0.3374951318,0.3025522582,0.05365365744,0.04613697529
3182,1.0,0.0,0.0,0.0,1.0,1.0,0.3336899878,0.2954430941,0.05338740349,0.04557460546
3183,1.0,0.0,0.0,0.0,1.0,1.0,0.3429459195,0.3042520556,0.05464911461,0.04658186436
3184,1.0,0.0,0.0,0.0,1.0,1.0,0.3402356683,0.3042518582,0.05505794287,0.04738157988
3185,1.0,0.0,0.0,0.0,1.0,1.0,0.3181555492,0.2818496141,0.05124664307,0.04373407364
3186,1.0,0.0,0.0,0.0,1.0,1.0,0.3108631304,0.268947121,0.05036562681,0.04197138548
3187,1.0,0.0,0.0,0.0,1.0,1.0,0.2823763261,0.2159507465,0.04387003183,0.0321713686
3188,1.0,0.0,0.0,0.0,1.0,1.0,0.2597421444,0.13593909,0.03797906637,0.01953989267
3189,1.0,0.0,0.0,0.0,1.0,1.0,0.2979107228,0.1756831267,0.04183357954,0.02429044247
3190,1.0,0.0,0.0,0.0,1.0,1.0,0.3044277623,0.1827774009,0.04316401482,0.02551835775
3191,1.0,0.0,0.0,0.0,1.0,1.0,0.3067783706,0.1854433934,0.0437759757,0.0261554718
3192,1.0,0.0,0.0,0.0,1.0,1.0,0.3021125418,0.1840059098,0.04278963804,0.02556616068
3193,1.0,0.0,0.0,0.0,1.0,1.0,0.2975437511,0.1842108814,0.04186362028,0.02522552013
3194,1.0,0.0,0.0,0.0,1.0,1.0,0.2979107383,0.1815390525,0.04319417477,0.02591645718
3195,1.0,0.0,0.0,0.0,1.0,1.0,0.2948541963,0.1847217701,0.04089957476,0.02523028851
3196,1.0,0.0,0.0,0.0,1.0,1.0,0.2831439379,0.1368056278,0.04029363394,0.01921284199
3197,1.0,0.0,0.0,0.0,1.0,1.0,0.2774315494,0.1942377233,0.04345852137,0.0296921134
3198,1.0,0.0,0.0,0.0,1.0,1.0,0.3035216457,0.2489898543,0.04794985056,0.03788304329
3199,1.0,0.0,0.0,0.0,1.0,1.0,0.3276589675,0.2833466358,0.05234193802,0.04339903593
3200,1.0,0.0,0.0,0.0,1.0,1.0,0.3347964139,0.2946630987,0.05353546143,0.0450963974
3201,1.0,0.0,0.0,0.0,1.0,1.0,0.334788259,0.2882349945,0.05373477936,0.04451560974
3202,1.0,0.0,0.0,0.0,1.0,1.0,0.3293051096,0.2875107045,0.0523391366,0.04396492243
3203,1.0,0.0,0.0,0.0,1.0,1.0,0.3243657587,0.2781951785,0.05474478006,0.04501855373
3204,1.0,0.0,0.0,0.0,1.0,1.0,0.3254760556,0.281412785,0.05252766609,0.04377305508
3205,1.0,0.0,0.0,0.0,1.0,1.0,0.3259769461,0.2799127039,0.0519811511,0.0430098176
3206,1.0,0.0,0.0,0.0,1.0,1.0,0.318758803,0.2749328482,0.05022114515,0.04158937931
3207,1.0,0.0,0.0,0.0,1.0,1.0,0.3183040927,0.2730433489,0.05152273178,0.04244619608
3208,1.0,0.0,0.0,0.0,1.0,1.0,0.3216027267,0.2745909332,0.05143147707,0.04246395826
3209,1.0,0.0,0.0,0.0,1.0,1.0,0.2914324549,0.2207249326,0.04627001286,0.03402209282
3210,1.0,0.0,0.0,0.0,1.0,1.0,0.288727571,0.2174227785,0.0448693037,0.03292191029
3211,1.0,0.0,0.0,0.0,1.0,1.0,0.288429545,0.2315782098,0.04738515615,0.03664088249
3212,1.0,0.0,0.0,0.0,1.0,1.0,0.2901063671,0.2368015104,0.04642808437,0.03649836779
3213,1.0,0.0,0.0,0.0,1.0,1.0,0.2905940935,0.2334335165,0.04597711563,0.03587806225
3214,1.0,0.0,0.0,0.0,1.0,1.0,0.2927657624,0.2385425991,0.04583668709,0.03608977795
3215,1.0,0.0,0.0,0.0,1.0,1.0,0.2669860625,0.1864900211,0.04056346416,0.02748709917
3216,1.0,0.0,0.0,0.0,1.0,1.0,0.2594532238,0.1417117329,0.03800493479,0.02034062147
3217,1.0,0.0,0.0,0.0,1.0,1.0,0.2621484855,0.1388113478,0.03864037991,0.02012521029
3218,1.0,0.0,0.0,0.0,1.0,1.0,0.2676767812,0.1826935379,0.04176414013,0.02766191959
3219,1.0,0.0,0.0,0.0,1.0,1.0,0.2910834007,0.2342442019,0.04582953453,0.03576290607
3220,1.0,0.0,0.0,0.0,1.0,1.0,0.3135504016,0.2651580843,0.05125850439,0.04164755344
3221,1.0,0.0,0.0,0.0,1.0,1.0,0.3227705403,0.2787558193,0.05141085386,0.04279887676
3222,1.0,0.0,0.0,0.0,1.0,1.0,0.3238324537,0.2789539672,0.05356514454,0.04432040453
3223,1.0,0.0,0.0,0.0,1.0,1.0,0.3238324438,0.2780017014,0.05212062597,0.04312515259
3224,1.0,0.0,0.0,0.0,1.0,1.0,0.3178551758,0.2780016826,0.0521826148,0.04384416342
3225,1.0,0.0,0.0,0.0,1.0,1.0,0.3139694143,0.2703967514,0.04947584867,0.04092764854
3226,1.0,0.0,0.0,0.0,1.0,1.0,0.3156134464,0.2711799118,0.0512778759,0.04246449471
3227,1.0,0.0,0.0,0.0,1.0,1.0,0.3172572016,0.2753566559,0.05274313688,0.04427146912
3228,1.0,0.0,0.0,0.0,1.0,1.0,0.3211910612,0.2744228784,0.0533388257,0.04386234283
3229,1.0,0.0,0.0,0.0,1.0,1.0,0.3162165897,0.2772426609,0.05282062292,0.04433655739
3230,1.0,0.0,0.0,0.0,1.0,1.0,0.3123256439,0.2660631143,0.05068922043,0.04161852598
3231,1.0,0.0,0.0,0.0,1.0,1.0,0.3100579804,0.2652628037,0.05175042152,0.04266655445
3232,1.0,0.0,0.0,0.0,1.0,1.0,0.3177031229,0.2694741944,0.05138725042,0.04228746891
3233,1.0,0.0,0.0,0.0,1.0,1.0,0.3155261221,0.2694743193,0.04988223314,0.04126387835
3234,1.0,0.0,0.0,0.0,1.0,1.0,0.3221886489,0.2821554913,0.05117017031,0.04333800077
3235,1.0,0.0,0.0,0.0,1.0,1.0,0.3205448834,0.2804556155,0.05302846432,0.04487019777
3236,1.0,0.0,0.0,0.0,1.0,1.0,0.3233485267,0.2862807902,0.05364024639,0.04578387737
3237,1.0,0.0,0.0,0.0,1.0,1.0,0.326047261,0.2855546706,0.05447590351,0.04598969221
3238,1.0,0.0,0.0,0.0,1.0,1.0,0.3293051548,0.2872549191,0.05436271429,0.04593658447
3239,1.0,0.0,0.0,0.0,1.0,1.0,0.3347885041,0.2940535846,0.05630612373,0.04774981737
3240,1.0,0.0,0.0,0.0,1.0,1.0,0.3298487343,0.2865296222,0.05190324783,0.0435987711
3241,1.0,0.0,0.0,0.0,1.0,1.0,0.3244090017,0.2845871243,0.05189156532,0.04402923584
3242,1.0,0.0,0.0,0.0,1.0,1.0,0.3364132764,0.2964445158,0.05405783653,0.04592293501
3243,1.0,0.0,0.0,0.0,1.0,1.0,0.3358917155,0.2950569313,0.05411356688,0.04589039087
3244,1.0,0.0,0.0,0.0,1.0,1.0,0.3413937529,0.3008525043,0.05646920204,0.0482852459
3245,1.0,0.0,0.0,0.0,1.0,1.0,0.3380707145,0.3001738396,0.05391985178,0.04606747627
3246,1.0,0.0,0.0,0.0,1.0,1.0,0.3386537904,0.2960675159,0.05572527647,0.04702669382
3247,1.0,0.0,0.0,0.0,1.0,1.0,0.3419143147,0.3063357809,0.05558389425,0.04783421755
3248,1.0,0.0,0.0,0.0,1.0,1.0,0.3369829262,0.3008524357,0.05542129278,0.0478515625
3249,1.0,0.0,0.0,0.0,1.0,1.0,0.3381200266,0.2943561448,0.05492717028,0.04631108046
3250,1.0,0.0,0.0,0.0,1.0,1.0,0.3337008634,0.2857990848,0.05215656757,0.04333400726
3251,1.0,0.0,0.0,0.0,1.0,1.0,0.3248601798,0.2840876316,0.0506721139,0.0429161191
3252,1.0,0.0,0.0,0.0,1.0,1.0,0.3331469509,0.2797072723,0.05323427916,0.04343497753
3253,1.0,0.0,0.0,0.0,1.0,1.0,0.3281749891,0.2840880089,0.05151861906,0.04319238663
3254,1.0,0.0,0.0,0.0,1.0,1.0,0.3325984845,0.2855548329,0.0545283556,0.04535031319
3255,1.0,0.0,0.0,0.0,1.0,1.0,0.3303941104,0.2857995051,0.0525302887,0.04386281967
3256,1.0,0.0,0.0,0.0,1.0,1.0,0.3331473245,0.2892220199,0.05239826441,0.04405623674
3257,1.0,0.0,0.0,0.0,1.0,1.0,0.3347966301,0.288690002,0.05474585295,0.04611593485
3258,1.0,0.0,0.0,0.0,1.0,1.0,0.3348045789,0.2970850496,0.05436772108,0.04656249285
3259,1.0,0.0,0.0,0.0,1.0,1.0,0.3298323739,0.2912164925,0.05283176899,0.04486715794
3260,1.0,0.0,0.0,0.0,1.0,1.0,0.3298321573,0.2919329763,0.05358463526,0.04577583075
3261,1.0,0.0,0.0,0.0,1.0,1.0,0.3270600137,0.2833465975,0.05191481113,0.04348188639
3262,1.0,0.0,0.0,0.0,1.0,1.0,0.332046085,0.2946631072,0.0539779067,0.0459215045
3263,1.0,0.0,0.0,0.0,1.0,1.0,0.3320456284,0.2970849407,0.05592727661,0.0481364727
3264,1.0,0.0,0.0,0.0,1.0,1.0,0.3381196355,0.2994903838,0.05650883913,0.04847574234
3265,1.0,0.0,0.0,0.0,1.0,1.0,0.3331471129,0.3005194496,0.05271190405,0.04566627741
3266,1.0,0.0,0.0,0.0,1.0,1.0,0.3320407886,0.2919335431,0.05520665646,0.04692566395
3267,1.0,0.0,0.0,0.0,1.0,1.0,0.3454257422,0.3076512109,0.05493670702,0.04712575674
3268,1.0,0.0,0.0,0.0,1.0,1.0,0.3359188535,0.2991409659,0.05395776033,0.04621136189
3269,1.0,0.0,0.0,0.0,1.0,1.0,0.3397772546,0.2977789011,0.05510103703,0.04676866531
3270,1.0,0.0,0.0,0.0,1.0,1.0,0.3342397188,0.2960676909,0.05361807346,0.04547023773
3271,1.0,0.0,0.0,0.0,1.0,1.0,0.3381197025,0.306725167,0.05641788244,0.04922735691
3272,1.0,0.0,0.0,0.0,1.0,1.0,0.2841050246,0.2271460015,0.0465657711,0.03603309393
3273,1.0,0.0,0.0,0.0,1.0,1.0,0.2516842433,0.1449007188,0.03640902042,0.02057904005
3274,1.0,0.0,0.0,0.0,1.0,1.0,0.2585709641,0.147857611,0.03816026449,0.02138060331
3275,1.0,0.0,0.0,0.0,1.0,1.0,0.2819371176,0.2261897554,0.04496705532,0.03473508358
3276,1.0,0.0,0.0,0.0,1.0,1.0,0.3177035532,0.2747608784,0.05161893368,0.04301577806
3277,1.0,0.0,0.0,0.0,1.0,1.0,0.3391255968,0.3008521798,0.05636793375,0.04796689749
3278,1.0,0.0,0.0,0.0,1.0,1.0,0.333684435,0.3038847525,0.05476427078,0.04762119055
3279,1.0,0.0,0.0,0.0,1.0,1.0,0.3363977439,0.3042519833,0.0535043478,0.04626703262
3280,1.0,0.0,0.0,0.0,1.0,1.0,0.3396799503,0.3076513689,0.05650269985,0.0491681695
3281,1.0,0.0,0.0,0.0,1.0,1.0,0.3445231454,0.3116906323,0.05666095018,0.04917746782
3282,1.0,0.0,0.0,0.0,1.0,1.0,0.3456471388,0.3116904215,0.0553407073,0.04803156853
3283,1.0,0.0,0.0,0.0,1.0,1.0,0.3380950324,0.2984683581,0.05400842428,0.04610478878
3284,1.0,0.0,0.0,0.0,1.0,1.0,0.3358912663,0.2940538353,0.05361229181,0.04546540976
3285,1.0,0.0,0.0,0.0,1.0,1.0,0.3491427097,0.3104072773,0.05539381504,0.04778051376
3286,1.0,0.0,0.0,0.0,1.0,1.0,0.3469134853,0.3097587769,0.0547760129,0.04721176624
3287,1.0,0.0,0.0,0.0,1.0,1.0,0.3476318415,0.3080474056,0.05722236633,0.04951941967
3288,1.0,0.0,0.0,0.0,1.0,1.0,0.3398775495,0.3019149178,0.05423802137,0.04671990871
3289,1.0,0.0,0.0,0.0,1.0,1.0,0.2996622876,0.2446188808,0.04750752449,0.03779011965
3290,1.0,0.0,0.0,0.0,1.0,1.0,0.2821145318,0.2033952767,0.04507285357,0.03188079596
3291,1.0,0.0,0.0,0.0,1.0,1.0,0.2690803431,0.1840126882,0.04048997164,0.02681803703
3292,1.0,0.0,0.0,0.0,1.0,1.0,0.289973567,0.1672294596,0.04080313444,0.0231217742
3293,1.0,0.0,0.0,0.0,1.0,1.0,0.2852773422,0.1612644572,0.03902941942,0.02150601149
3294,1.0,0.0,0.0,0.0,1.0,1.0,0.2584452645,0.1467578806,0.03836387396,0.02119398117
3295,1.0,0.0,0.0,0.0,1.0,1.0,0.286517716,0.2357836894,0.04449051619,0.0350689888
3296,1.0,0.0,0.0,0.0,1.0,1.0,0.3204821234,0.2850640673,0.0504027009,0.04312807322
3297,1.0,0.0,0.0,0.0,1.0,1.0,0.3364622924,0.2994903687,0.05523878336,0.04761964083
3298,1.0,0.0,0.0,0.0,1.0,1.0,0.3314899545,0.2967626279,0.05302107334,0.04612833261
3299,1.0,0.0,0.0,0.0,1.0,1.0,0.3342451807,0.3001737024,0.05391317606,0.04674243927
3300,1.0,0.0,0.0,0.0,1.0,1.0,0.325438334,0.2872547234,0.05217522383,0.04475945234
3301,1.0,0.0,0.0,0.0,1.0,1.0,0.2466394557,0.1566289407,0.03662753105,0.02296054363
3302,1.0,0.0,0.0,0.0,1.0,1.0,0.2669073931,0.1705394235,0.03634351492,0.02281415462
3303,1.0,0.0,0.0,0.0,1.0,1.0,0.2838883471,0.1790338258,0.04165869951,0.02596533298
3304,1.0,0.0,0.0,0.0,1.0,1.0,0.2769988563,0.1621736302,0.03998839855,0.02323651314
3305,1.0,0.0,0.0,0.0,1.0,1.0,0.2550659306,0.1707231746,0.03839337826,0.02507323027
3306,1.0,0.0,0.0,0.0,1.0,1.0,0.2872149706,0.2412445122,0.04697686434,0.03801596165
3307,1.0,0.0,0.0,0.0,1.0,1.0,0.3161334404,0.2753564608,0.05057775974,0.04267495871
3308,1.0,0.0,0.0,0.0,1.0,1.0,0.3281998145,0.2929395028,0.05405110121,0.04617422819
3309,1.0,0.0,0.0,0.0,1.0,1.0,0.330393938,0.293351596,0.0522351861,0.04492229223
3310,1.0,0.0,0.0,0.0,1.0,1.0,0.3353391381,0.303584793,0.05652791262,0.04932337999
3311,1.0,0.0,0.0,0.0,1.0,1.0,0.3336978873,0.3022366847,0.05470061302,0.04765993357
3312,1.0,0.0,0.0,0.0,1.0,1.0,0.3407186378,0.307260636,0.05848407745,0.05068618059
3313,1.0,0.0,0.0,0.0,1.0,1.0,0.3402007719,0.3079091337,0.05470705032,0.04790145159
3314,1.0,0.0,0.0,0.0,1.0,1.0,0.3434563458,0.3140138196,0.05538392067,0.04882186651
3315,1.0,0.0,0.0,0.0,1.0,1.0,0.3434562687,0.3163216788,0.05705457926,0.05083537102
3316,1.0,0.0,0.0,0.0,1.0,1.0,0.3440164189,0.3123254672,0.0562338829,0.04930460453
3317,1.0,0.0,0.0,0.0,1.0,1.0,0.2665180695,0.1802562336,0.0396116972,0.02632087469
3318,1.0,0.0,0.0,0.0,1.0,1.0,0.2764810495,0.1741453266,0.04086279869,0.02540123463
3319,1.0,0.0,0.0,0.0,1.0,1.0,0.2734149787,0.1609585897,0.04046320915,0.02351236343
3320,1.0,0.0,0.0,0.0,1.0,1.0,0.2750759974,0.1609587239,0.04037874937,0.02315044403
3321,1.0,0.0,0.0,0.0,1.0,1.0,0.2700180697,0.1729805604,0.03813672066,0.02383548021
3322,1.0,0.0,0.0,0.0,1.0,1.0,0.2743192014,0.1896170334,0.03899735212,0.02617996931
3323,1.0,0.0,0.0,0.0,1.0,1.0,0.2608835402,0.1608947087,0.03817015886,0.02284830809
3324,1.0,0.0,0.0,0.0,1.0,1.0,0.2622891431,0.2037868833,0.04034954309,0.03032809496
3325,1.0,0.0,0.0,0.0,1.0,1.0,0.3139692136,0.270396764,0.05088210106,0.0420909524
3326,1.0,0.0,0.0,0.0,1.0,1.0,0.321249017,0.2872549173,0.05267894268,0.04496341944
3327,1.0,0.0,0.0,0.0,1.0,1.0,0.3331471844,0.3045436565,0.05395001173,0.04740267992
3328,1.0,0.0,0.0,0.0,1.0,1.0,0.3396161683,0.3072606947,0.05823594332,0.05047112703
3329,1.0,0.0,0.0,0.0,1.0,1.0,0.3412726446,0.3076512867,0.05768966675,0.04972302914
3330,1.0,0.0,0.0,0.0,1.0,1.0,0.3379991547,0.3095915601,0.05694705248,0.05013519526
3331,1.0,0.0,0.0,0.0,1.0,1.0,0.3374526424,0.3095910471,0.05482077599,0.04826325178
3332,1.0,0.0,0.0,0.0,1.0,1.0,0.3439639948,0.320160247,0.05567491055,0.04963469505
3333,1.0,0.0,0.0,0.0,1.0,1.0,0.343406404,0.314013812,0.05892670155,0.05169981718
3334,1.0,0.0,0.0,0.0,1.0,1.0,0.3417863777,0.3150782036,0.05550992489,0.04893290997
3335,1.0,0.0,0.0,0.0,1.0,1.0,0.3445787656,0.3131812756,0.05904841423,0.05121260881
3336,1.0,0.0,0.0,0.0,1.0,1.0,0.3440165441,0.3173902403,0.05656689405,0.05040085316
3337,1.0,0.0,0.0,0.0,1.0,1.0,0.3380229643,0.3093510409,0.05675750971,0.04966276884
3338,1.0,0.0,0.0,0.0,1.0,1.0,0.3053384104,0.2602714161,0.04807025194,0.03940188885
3339,1.0,0.0,0.0,0.0,1.0,1.0,0.2860855411,0.1796748912,0.04113095999,0.02564007044
3340,1.0,0.0,0.0,0.0,1.0,1.0,0.2839324366,0.1857200009,0.04129111767,0.02670156956
3341,1.0,0.0,0.0,0.0,1.0,1.0,0.2821304649,0.1484132625,0.04138958454,0.02137106657
3342,1.0,0.0,0.0,0.0,1.0,1.0,0.275587934,0.1885067547,0.04115509987,0.02761036158
3343,1.0,0.0,0.0,0.0,1.0,1.0,0.2898379339,0.2259010276,0.04649955034,0.03527551889
3344,1.0,0.0,0.0,0.0,1.0,1.0,0.3089184732,0.257535364,0.04996407032,0.04034531116
3345,1.0,0.0,0.0,0.0,1.0,1.0,0.3098267908,0.2558300079,0.04902774096,0.0395385623
3346,1.0,0.0,0.0,0.0,1.0,1.0,0.3110843181,0.256659499,0.04926609993,0.03957015276
3347,1.0,0.0,0.0,0.0,1.0,1.0,0.2954434973,0.2265171394,0.04611474276,0.03452014923
3348,1.0,0.0,0.0,0.0,1.0,1.0,0.2899402436,0.2191760573,0.04459238052,0.0327885747
3349,1.0,0.0,0.0,0.0,1.0,1.0,0.2621485944,0.1446077914,0.03793120384,0.02080947161
3350,1.0,0.0,0.0,0.0,1.0,1.0,0.2640729866,0.1462143216,0.03860795498,0.02118068933
3351,1.0,0.0,0.0,0.0,1.0,1.0,0.2760889065,0.1547645091,0.04145634174,0.02293920517
3352,1.0,0.0,0.0,0.0,1.0,1.0,0.2784423788,0.1566287359,0.03953528404,0.02199310064
3353,1.0,0.0,0.0,0.0,1.0,1.0,0.2802865507,0.1540493592,0.04062342644,0.02191525698
3354,1.0,0.0,0.0,0.0,1.0,1.0,0.2747545397,0.1491703553,0.04037570953,0.0216782093
3355,1.0,0.0,0.0,0.0,1.0,1.0,0.2831754589,0.1516006763,0.04050070047,0.02144151926
3356,1.0,0.0,0.0,0.0,1.0,1.0,0.2593833335,0.1382992083,0.03792303801,0.01988971233
3357,1.0,0.0,0.0,0.0,1.0,1.0,0.2611971575,0.1388115133,0.03826111555,0.01992768049
3358,1.0,0.0,0.0,0.0,1.0,1.0,0.2589794228,0.1430430418,0.03743261099,0.02029800415
3359,1.0,0.0,0.0,0.0,1.0,1.0,0.2686107597,0.1749928041,0.04027181864,0.02536606789
3360,1.0,0.0,0.0,0.0,1.0,1.0,0.2810930091,0.1998883789,0.04341435432,0.03001487255
3361,1.0,0.0,0.0,0.0,1.0,1.0,0.2855547761,0.2118958608,0.04420614243,0.03195625544
3362,1.0,0.0,0.0,0.0,1.0,1.0,0.2875105113,0.2126471974,0.04398870468,0.03142052889
3363,1.0,0.0,0.0,0.0,1.0,1.0,0.2862897787,0.2108751268,0.04443693161,0.03166460991
3364,1.0,0.0,0.0,0.0,1.0,1.0,0.291432396,0.2197354962,0.04495769739,0.03279268742
3365,1.0,0.0,0.0,0.0,1.0,1.0,0.2899407694,0.2242563957,0.04462867975,0.03334021568
3366,1.0,0.0,0.0,0.0,1.0,1.0,0.290160707,0.2209294704,0.04498744011,0.03314864635
3367,1.0,0.0,0.0,0.0,1.0,1.0,0.292561016,0.221130904,0.04502934217,0.03305619955
3368,1.0,0.0,0.0,0.0,1.0,1.0,0.3030135583,0.250731068,0.0489295125,0.03892731667
3369,1.0,0.0,0.0,0.0,1.0,1.0,0.3063615442,0.2602711977,0.04858493805,0.03982371092
3370,1.0,0.0,0.0,0.0,1.0,1.0,0.3036699963,0.2541833889,0.04815000296,0.03889042139
3371,1.0,0.0,0.0,0.0,1.0,1.0,0.3182303007,0.27724251,0.05153614283,0.04348361492
3372,1.0,0.0,0.0,0.0,1.0,1.0,0.3160486978,0.2722617698,0.05059403181,0.04185265303
3373,1.0,0.0,0.0,0.0,1.0,1.0,0.3160486187,0.2749333289,0.04961854219,0.04130554199
3374,1.0,0.0,0.0,0.0,1.0,1.0,0.3104577923,0.2670920049,0.05007213354,0.04150360823
3375,1.0,0.0,0.0,0.0,1.0,1.0,0.3204190501,0.2808778053,0.05119234324,0.04323500395
3376,1.0,0.0,0.0,0.0,1.0,1.0,0.3183042668,0.27553124,0.05073815584,0.04232561588
3377,1.0,0.0,0.0,0.0,1.0,1.0,0.3178553987,0.2772421521,0.05117815733,0.04273635149
3378,1.0,0.0,0.0,0.0,1.0,1.0,0.3183040405,0.2781948662,0.05153411627,0.04325658083
3379,1.0,0.0,0.0,0.0,1.0,1.0,0.2776227111,0.2332029861,0.04438513517,0.03577709198
3380,1.0,0.0,0.0,0.0,1.0,1.0,0.272574882,0.1576039761,0.03839254379,0.02186238766
3381,1.0,0.0,0.0,0.0,1.0,1.0,0.2796875844,0.1858963157,0.03841215372,0.0249813199
3382,1.0,0.0,0.0,0.0,1.0,1.0,0.2699081515,0.1766082304,0.03793388605,0.02418971062
3383,1.0,0.0,0.0,0.0,1.0,1.0,0.2601287108,0.1764888792,0.03645086288,0.02439194918
3384,1.0,0.0,0.0,0.0,1.0,1.0,0.2688557032,0.1851558034,0.03856098652,0.02598679066
3385,1.0,0.0,0.0,0.0,1.0,1.0,0.2699077964,0.177192118,0.03841847181,0.024777174
3386,1.0,0.0,0.0,0.0,1.0,1.0,0.2674285975,0.1764889579,0.03769737482,0.02448958158
3387,1.0,0.0,0.0,0.0,1.0,1.0,0.2766485091,0.1844205567,0.03976052999,0.02604031563
3388,1.0,0.0,0.0,0.0,1.0,1.0,0.2755742457,0.1798994453,0.03843826056,0.02436226606
3389,1.0,0.0,0.0,0.0,1.0,1.0,0.2777312977,0.1798994057,0.03852403164,0.0244166255
3390,1.0,0.0,0.0,0.0,1.0,1.0,0.2791410759,0.1851555645,0.03952974081,0.02570813894
3391,1.0,0.0,0.0,0.0,1.0,1.0,0.2796874728,0.1838974647,0.04025363922,0.02589744329
3392,1.0,0.0,0.0,0.0,1.0,1.0,0.2780547977,0.1831644945,0.03949433565,0.02540892363
3393,1.0,0.0,0.0,0.0,1.0,1.0,0.2785971099,0.1757909616,0.03857803345,0.02401006222
3394,1.0,0.0,0.0,0.0,1.0,1.0,0.2720486961,0.1802914439,0.03803288937,0.02481579781
3395,1.0,0.0,0.0,0.0,1.0,1.0,0.2753179998,0.1840058178,0.03905463219,0.02541226149
3396,1.0,0.0,0.0,0.0,1.0,1.0,0.2807423544,0.158308912,0.03993576765,0.022097826
3397,1.0,0.0,0.0,0.0,1.0,1.0,0.2418007026,0.154325849,0.03566616774,0.02219229937
3398,1.0,0.0,0.0,0.0,1.0,1.0,0.2807232483,0.2159074768,0.04378569126,0.03270739317
3399,1.0,0.0,0.0,0.0,1.0,1.0,0.298340868,0.2438501275,0.0472034812,0.03723829985
3400,1.0,0.0,0.0,0.0,1.0,1.0,0.3287855877,0.2855548683,0.05428874493,0.04537564516
3401,1.0,0.0,0.0,0.0,1.0,1.0,0.3254760754,0.2840878921,0.05188214779,0.04349714518
3402,1.0,0.0,0.0,0.0,1.0,1.0,0.3309629795,0.2906539229,0.05573898554,0.04718494415
3403,1.0,0.0,0.0,0.0,1.0,1.0,0.3374950967,0.3021962694,0.05600041151,0.04842549562
3404,1.0,0.0,0.0,0.0,1.0,1.0,0.3358648551,0.3042520818,0.05412518978,0.04703110456
3405,1.0,0.0,0.0,0.0,1.0,1.0,0.3385730546,0.3059514853,0.0550969243,0.04768002033
3406,1.0,0.0,0.0,0.0,1.0,1.0,0.3320515434,0.2988021721,0.05311107635,0.04574912786
3407,1.0,0.0,0.0,0.0,1.0,1.0,0.3326011407,0.3029129362,0.05325549841,0.04643458128
3408,1.0,0.0,0.0,0.0,1.0,1.0,0.3276588505,0.295367854,0.05248653889,0.04536527395
3409,1.0,0.0,0.0,0.0,1.0,1.0,0.3342395126,0.3063358035,0.05460673571,0.04791474342
3410,1.0,0.0,0.0,0.0,1.0,1.0,0.2994959708,0.2524722349,0.04769027233,0.03884881735
3411,1.0,0.0,0.0,0.0,1.0,1.0,0.238218416,0.1488137846,0.03515923023,0.02141273022
3412,1.0,0.0,0.0,0.0,1.0,1.0,0.2576257663,0.1572155576,0.03845345974,0.02290844917
3413,1.0,0.0,0.0,0.0,1.0,1.0,0.2608034236,0.1554683724,0.03779345751,0.02220028639
3414,1.0,0.0,0.0,0.0,1.0,1.0,0.2659067909,0.1328847167,0.03782618046,0.01852178574
3415,1.0,0.0,0.0,0.0,1.0,1.0,0.2668580714,0.1960036292,0.0409412384,0.02894568443
3416,1.0,0.0,0.0,0.0,1.0,1.0,0.3032564913,0.2660629565,0.05008518696,0.04200690985
3417,1.0,0.0,0.0,0.0,1.0,1.0,0.3342238377,0.307908851,0.05354636908,0.04733806849
3418,1.0,0.0,0.0,0.0,1.0,1.0,0.3320671039,0.2994960196,0.05359041691,0.04653221369
3419,1.0,0.0,0.0,0.0,1.0,1.0,0.3438594013,0.3236445252,0.05542731285,0.0499881506
3420,1.0,0.0,0.0,0.0,1.0,1.0,0.342208892,0.3192196576,0.05656784773,0.05048811436
3421,1.0,0.0,0.0,0.0,1.0,1.0,0.3396161734,0.314639191,0.05524033308,0.04919022322
3422,1.0,0.0,0.0,0.0,1.0,1.0,0.3309837678,0.3099963434,0.05537223816,0.04967218637
3423,1.0,0.0,0.0,0.0,1.0,1.0,0.3255877732,0.2954431597,0.05264735222,0.04583728313
3424,1.0,0.0,0.0,0.0,1.0,1.0,0.3299285793,0.3072608472,0.05305194855,0.04709976912
3425,1.0,0.0,0.0,0.0,1.0,1.0,0.3320726378,0.3123257603,0.05405682325,0.04854619503
3426,1.0,0.0,0.0,0.0,1.0,1.0,0.3315455165,0.3119063566,0.05480146408,0.04924190044
3427,1.0,0.0,0.0,0.0,1.0,1.0,0.3282955627,0.3049144264,0.05193269253,0.04604870081
3428,1.0,0.0,0.0,0.0,1.0,1.0,0.3320622948,0.3069961501,0.05294048786,0.04671221972
3429,1.0,0.0,0.0,0.0,1.0,1.0,0.3347803591,0.3087011822,0.05526566505,0.04879552126
3430,1.0,0.0,0.0,0.0,1.0,1.0,0.3342291276,0.3093508392,0.05491375923,0.04851597548
3431,1.0,0.0,0.0,0.0,1.0,1.0,0.3304343452,0.2981385317,0.05461555719,0.04735141993
3432,1.0,0.0,0.0,0.0,1.0,1.0,0.3201463827,0.2906544113,0.051861763,0.04501712322
3433,1.0,0.0,0.0,0.0,1.0,1.0,0.3026594132,0.2585363023,0.04897558689,0.04009544849
3434,1.0,0.0,0.0,0.0,1.0,1.0,0.3026132662,0.2626519758,0.0482724309,0.04018354416
3435,1.0,0.0,0.0,0.0,1.0,1.0,0.3046073697,0.2652625551,0.04798209667,0.04020118713
3436,1.0,0.0,0.0,0.0,1.0,1.0,0.2317815021,0.1390200269,0.03419083357,0.02024096251
3437,1.0,0.0,0.0,0.0,1.0,1.0,0.2907819303,0.1802916091,0.04196047783,0.02556532621
3438,1.0,0.0,0.0,0.0,1.0,1.0,0.2961310329,0.1943357623,0.04165750742,0.02685809135
3439,1.0,0.0,0.0,0.0,1.0,1.0,0.2959133426,0.1951101849,0.04089546204,0.02654141188
3440,1.0,0.0,0.0,0.0,1.0,1.0,0.30675913,0.2135903578,0.0418292284,0.02860581875
3441,1.0,0.0,0.0,0.0,1.0,1.0,0.2892086122,0.2006909772,0.04064631462,0.02765053511
3442,1.0,0.0,0.0,0.0,1.0,1.0,0.2934869957,0.2043392491,0.04140877724,0.0282586813
3443,1.0,0.0,0.0,0.0,1.0,1.0,0.2956928865,0.2030737971,0.04000043869,0.02720028162
3444,1.0,0.0,0.0,0.0,1.0,1.0,0.3081282576,0.2018871624,0.04237145185,0.02743279934
3445,1.0,0.0,0.0,0.0,1.0,1.0,0.2962771716,0.2138806698,0.04100519419,0.02925038338
3446,1.0,0.0,0.0,0.0,1.0,1.0,0.3026199477,0.2124322116,0.04123866558,0.02848726511
3447,1.0,0.0,0.0,0.0,1.0,1.0,0.2980441412,0.2031386456,0.04103142023,0.02735430002
3448,1.0,0.0,0.0,0.0,1.0,1.0,0.2855548844,0.1925150177,0.03963714838,0.02623862028
3449,1.0,0.0,0.0,0.0,1.0,1.0,0.2861301968,0.200707519,0.03926873207,0.02710098028
3450,1.0,0.0,0.0,0.0,1.0,1.0,0.2844103059,0.1896898656,0.03871035576,0.02535253763
3451,1.0,0.0,0.0,0.0,1.0,1.0,0.2593358616,0.1800612209,0.0359467268,0.02460968494
3452,1.0,0.0,0.0,0.0,1.0,1.0,0.2729243079,0.1738159368,0.03768754005,0.02335566282
3453,1.0,0.0,0.0,0.0,1.0,1.0,0.2572094463,0.161563806,0.0370079875,0.02273344994
3454,1.0,0.0,0.0,0.0,1.0,1.0,0.2436364905,0.1477276184,0.0362264514,0.02141851187
3455,1.0,0.0,0.0,0.0,1.0,1.0,0.2683066039,0.2092258135,0.04218298197,0.03190088272
3456,1.0,0.0,0.0,0.0,1.0,1.0,0.3016260734,0.2599900475,0.04941850901,0.0411375761
3457,1.0,0.0,0.0,0.0,1.0,1.0,0.3125293229,0.2768723528,0.05146741867,0.04396170378
3458,1.0,0.0,0.0,0.0,1.0,1.0,0.3142494583,0.283398813,0.05071777105,0.04418194294
3459,1.0,0.0,0.0,0.0,1.0,1.0,0.3211909334,0.2836252749,0.05223405361,0.04454475641
3460,1.0,0.0,0.0,0.0,1.0,1.0,0.3255880761,0.2927655522,0.05198317766,0.04500031471
3461,1.0,0.0,0.0,0.0,1.0,1.0,0.3282721958,0.2944483612,0.05298662186,0.04590421915
3462,1.0,0.0,0.0,0.0,1.0,1.0,0.3293799165,0.2978134906,0.05347818136,0.0464001894
3463,1.0,0.0,0.0,0.0,1.0,1.0,0.32880687,0.2920668439,0.05552244186,0.04755139351
3464,1.0,0.0,0.0,0.0,1.0,1.0,0.3315222005,0.2954431349,0.05650609732,0.04847335815
3465,1.0,0.0,0.0,0.0,1.0,1.0,0.3210727501,0.2772426212,0.05154073238,0.04281848669
3466,1.0,0.0,0.0,0.0,1.0,1.0,0.3292862781,0.2933516944,0.05187195539,0.04483407736
3467,1.0,0.0,0.0,0.0,1.0,1.0,0.3260122308,0.287254747,0.05216389894,0.04452377558
3468,1.0,0.0,0.0,0.0,1.0,1.0,0.3221341589,0.2821553279,0.05295109749,0.04507631063
3469,1.0,0.0,0.0,0.0,1.0,1.0,0.3215449584,0.2808776716,0.05359309912,0.04502928257
3470,1.0,0.0,0.0,0.0,1.0,1.0,0.3325956876,0.2909336666,0.05327302217,0.04505681992
3471,1.0,0.0,0.0,0.0,1.0,1.0,0.3309410676,0.2902157821,0.05496299267,0.04644370079
3472,1.0,0.0,0.0,0.0,1.0,1.0,0.3292278348,0.2880338953,0.05350321531,0.04531401396
3473,1.0,0.0,0.0,0.0,1.0,1.0,0.3331471217,0.2838136213,0.05401182175,0.04469001293
3474,1.0,0.0,0.0,0.0,1.0,1.0,0.3273737175,0.2704586041,0.05344372988,0.04269844294
3475,1.0,0.0,0.0,0.0,1.0,1.0,0.3273435901,0.2686671492,0.05257445574,0.04194766283
3476,1.0,0.0,0.0,0.0,1.0,1.0,0.3290415974,0.266155733,0.05313277245,0.04176747799
3477,1.0,0.0,0.0,0.0,1.0,1.0,0.3259828513,0.2627208726,0.05082970858,0.03993761539
3478,1.0,0.0,0.0,0.0,1.0,1.0,0.2855547782,0.2052086958,0.04214882851,0.02994787693
3479,1.0,0.0,0.0,0.0,1.0,1.0,0.3014510933,0.1439199103,0.04191225767,0.02025294304
3480,1.0,0.0,0.0,0.0,1.0,1.0,0.301872186,0.1511252369,0.041906178,0.02123624086
3481,1.0,0.0,0.0,0.0,1.0,1.0,0.2663882763,0.1530151957,0.03914117813,0.02257043123
3482,1.0,0.0,0.0,0.0,1.0,1.0,0.3028049754,0.2245937268,0.04595029354,0.03382843733
3483,1.0,0.0,0.0,0.0,1.0,1.0,0.3451962772,0.274392107,0.0528101325,0.04175037146
3484,1.0,0.0,0.0,0.0,1.0,1.0,0.3540061189,0.2969356225,0.05518454313,0.04570841789
3485,1.0,0.0,0.0,0.0,1.0,1.0,0.3553970847,0.29256392,0.05520111322,0.04511362314
3486,1.0,0.0,0.0,0.0,1.0,1.0,0.3534827318,0.2943809212,0.05516386032,0.04536318779
3487,1.0,0.0,0.0,0.0,1.0,1.0,0.3510586366,0.2922554057,0.05434167385,0.04491502047
3488,1.0,0.0,0.0,0.0,1.0,1.0,0.3492673475,0.2878827721,0.05441910028,0.04437249899
3489,1.0,0.0,0.0,0.0,1.0,1.0,0.3547568321,0.2922555811,0.05601596832,0.04606389999
3490,1.0,0.0,0.0,0.0,1.0,1.0,0.3577137916,0.3034669403,0.05562233925,0.04667806625
3491,1.0,0.0,0.0,0.0,1.0,1.0,0.3566850402,0.2965377521,0.05477523804,0.04504358768
3492,1.0,0.0,0.0,0.0,1.0,1.0,0.3555185979,0.2863363523,0.0555408597,0.04448932409
3493,1.0,0.0,0.0,0.0,1.0,1.0,0.3524248495,0.2884418807,0.05560880899,0.04477226734
3494,1.0,0.0,0.0,0.0,1.0,1.0,0.3544641142,0.2961310964,0.0539406538,0.04448711872
3495,1.0,0.0,0.0,0.0,1.0,1.0,0.3597990098,0.299465249,0.05523228645,0.04546904564
3496,1.0,0.0,0.0,0.0,1.0,1.0,0.3634332353,0.3001986434,0.05695730448,0.04670500755
3497,1.0,0.0,0.0,0.0,1.0,1.0,0.3544638905,0.2942799412,0.05451619625,0.04468077421
3498,1.0,0.0,0.0,0.0,1.0,1.0,0.3500767021,0.2913500734,0.05498987436,0.04501760006
3499,1.0,0.0,0.0,0.0,1.0,1.0,0.3530637099,0.2913501812,0.05502843857,0.04458713531
3500,1.0,0.0,0.0,0.0,1.0,1.0,0.3637608656,0.3020288768,0.05830812454,0.04762786627
3501,1.0,0.0,0.0,0.0,1.0,1.0,0.3624546133,0.3049766459,0.05736517906,0.04714167118
3502,1.0,0.0,0.0,0.0,1.0,1.0,0.3627738486,0.2979817544,0.05632936954,0.04534512758
3503,1.0,0.0,0.0,0.0,1.0,1.0,0.3517888858,0.2868766219,0.05618596077,0.04466062784
3504,1.0,0.0,0.0,0.0,1.0,1.0,0.3476320216,0.2774187567,0.05374741554,0.04227012396
3505,1.0,0.0,0.0,0.0,1.0,1.0,0.3492672829,0.2837242945,0.05429780483,0.04315978289
3506,1.0,0.0,0.0,0.0,1.0,1.0,0.3497158021,0.287882734,0.05722337961,0.04618537426
3507,1.0,0.0,0.0,0.0,1.0,1.0,0.3437232759,0.2780263942,0.05479007959,0.04298913479
3508,1.0,0.0,0.0,0.0,1.0,1.0,0.3467090315,0.2907466897,0.05533254147,0.04516941309
3509,1.0,0.0,0.0,0.0,1.0,1.0,0.3445112755,0.2784423841,0.05420821905,0.0426325202
3510,1.0,0.0,0.0,0.0,1.0,1.0,0.3445730759,0.2831751968,0.05507832766,0.04412031174
3511,1.0,0.0,0.0,0.0,1.0,1.0,0.351890609,0.289800674,0.05376154184,0.04323089123
3512,1.0,0.0,0.0,0.0,1.0,1.0,0.3573322987,0.2935167457,0.05613201857,0.04501962662
3513,1.0,0.0,0.0,0.0,1.0,1.0,0.3590052024,0.2950382511,0.05583101511,0.04488927126
3514,1.0,0.0,0.0,0.0,1.0,1.0,0.3543475621,0.289215937,0.0536558032,0.04347497225
3515,1.0,0.0,0.0,0.0,1.0,1.0,0.3558897185,0.2871529981,0.05449974537,0.04348683357
3516,1.0,0.0,0.0,0.0,1.0,1.0,0.3564184395,0.2855548552,0.05421048403,0.04247421026
3517,1.0,0.0,0.0,0.0,1.0,1.0,0.3687979029,0.3009471326,0.05692726374,0.04611104727
3518,1.0,0.0,0.0,0.0,1.0,1.0,0.371061238,0.3013297889,0.0564365387,0.0456597209
3519,1.0,0.0,0.0,0.0,1.0,1.0,0.3632658582,0.2908820538,0.05539047718,0.04386246204
3520,1.0,0.0,0.0,0.0,1.0,1.0,0.3669535708,0.2905785801,0.05753582716,0.04539263248
3521,1.0,0.0,0.0,0.0,1.0,1.0,0.3656046539,0.2879431088,0.05575156212,0.04342454672
3522,1.0,0.0,0.0,0.0,1.0,1.0,0.3609093673,0.2823704121,0.05647224188,0.04401946068
3523,1.0,0.0,0.0,0.0,1.0,1.0,0.3664620962,0.2935163169,0.05596923828,0.04466229677
3524,1.0,0.0,0.0,0.0,1.0,1.0,0.3667678085,0.2868770415,0.05724537373,0.04436516762
3525,1.0,0.0,0.0,0.0,1.0,1.0,0.3654264076,0.2808652489,0.05622684956,0.0432947278
3526,1.0,0.0,0.0,0.0,1.0,1.0,0.3702311686,0.285295139,0.05685609579,0.04397243261
3527,1.0,0.0,0.0,0.0,1.0,1.0,0.3650764701,0.2715876942,0.05706012249,0.04237139225
3528,1.0,0.0,0.0,0.0,1.0,1.0,0.3547005305,0.2645580799,0.05511432886,0.04133570194
3529,1.0,0.0,0.0,0.0,1.0,1.0,0.3425051159,0.2386724528,0.05022805929,0.03513216972
3530,1.0,0.0,0.0,0.0,1.0,1.0,0.350747465,0.2319460161,0.05193400383,0.03434348106
3531,1.0,0.0,0.0,0.0,1.0,1.0,0.3386997572,0.2302082408,0.05238604546,0.03521025181
3532,1.0,0.0,0.0,0.0,1.0,1.0,0.3373569366,0.2489177023,0.05167269707,0.03647482395
3533,1.0,0.0,0.0,0.0,1.0,1.0,0.3383528186,0.2724043556,0.05346214771,0.03975391388
3534,1.0,0.0,0.0,0.0,1.0,1.0,0.336478677,0.2780402929,0.05281817913,0.03869849443
3535,1.0,0.7853981853,0.0,0.0,1.0,1.0,0.336495857,0.2967095202,0.05525147915,0.04178220034
3536,1.0,0.7853981853,0.0,0.0,1.0,1.0,0.3247766917,0.2677074171,0.0540176034,0.03758955002
3537,1.0,0.7853981853,0.0,0.0,1.0,1.0,0.338822757,0.2872888732,0.05586266518,0.03986179829
3538,1.0,0.7853981853,0.0,0.0,1.0,1.0,0.328124896,0.2731267517,0.05436825752,0.03744751215
3539,1.0,0.7853981853,0.0,0.0,1.0,1.0,0.3224552289,0.2651581181,0.05341690779,0.03635704517
3540,1.0,0.7853981853,0.0,0.0,1.0,1.0,0.3274913193,0.2705099394,0.05479699373,0.03719377518
3541,1.0,0.7853981853,0.0,0.0,1.0,1.0,0.3287201228,0.2785331934,0.05611228943,0.03854179382
3542,1.0,0.7853981853,0.0,0.0,1.0,1.0,0.3210728064,0.2744370579,0.05613470078,0.03857463598
3543,1.0,0.7853981853,0.0,0.0,1.0,1.0,0.3192196914,0.2643151624,0.05429029465,0.0363830328
3544,1.0,0.7853981853,0.0,0.0,1.0,1.0,0.3143001721,0.2529707915,0.05364429951,0.0346275568
3545,1.0,0.7853981853,0.0,0.0,1.0,1.0,0.2883345144,0.1825069272,0.04815429449,0.0248157382
3546,1.0,0.7853981853,0.0,0.0,1.0,1.0,0.2674816947,0.09286858779,0.04158508778,0.01180118322
3547,1.0,0.7853981853,0.0,0.0,1.0,1.0,0.2803533657,0.08031234068,0.04426217079,0.01034700871
3548,1.0,0.7853981853,0.0,0.0,1.0,1.0,0.2752087869,0.1038381823,0.0424683094,0.01341104507
3549,1.0,0.7853981853,0.0,0.0,1.0,1.0,0.2900414403,0.09342595306,0.04453641176,0.01219785213
3550,1.0,0.0,0.0,0.0,1.0,1.0,0.3040976212,0.1041973288,0.04607069492,0.01376503706
3551,1.0,0.0,0.0,0.0,1.0,1.0,0.3154130696,0.1148297338,0.04692083597,0.01526343822
3552,1.0,0.0,0.0,0.0,1.0,1.0,0.3158088932,0.1115079955,0.04719048738,0.01498991251
3553,1.0,0.0,0.0,0.0,1.0,1.0,0.2798439573,0.1259296021,0.0425170064,0.017393291
3554,1.0,0.0,0.0,0.0,1.0,1.0,0.3046430032,0.2205801339,0.04821455479,0.03186106682
3555,1.0,0.0,0.0,0.0,1.0,1.0,0.3184062524,0.2431591847,0.05025547743,0.03545802832
3556,1.0,0.0,0.0,0.0,1.0,1.0,0.3343204684,0.2592537007,0.05174201727,0.03758102655
3557,1.0,0.0,0.0,0.0,1.0,1.0,0.3438364426,0.2666419495,0.05334228277,0.03952300549
3558,1.0,0.0,0.0,0.0,1.0,1.0,0.3403115684,0.2582830465,0.05582386255,0.04054582119
3559,1.0,0.0,0.0,0.0,1.0,1.0,0.3523213837,0.2703714003,0.05530583858,0.04091501236
3560,1.0,0.0,0.0,0.0,1.0,1.0,0.350550562,0.2611323517,0.05383318663,0.03980219364
3561,1.0,0.0,0.0,0.0,1.0,1.0,0.3701636884,0.282130369,0.05582475662,0.04270595312
3562,1.0,0.0,0.0,0.0,1.0,1.0,0.3726733138,0.275965692,0.05725055933,0.04279339314
3563,1.0,0.0,0.0,0.0,1.0,1.0,0.366648198,0.2784426121,0.0560784936,0.04298406839
3564,1.0,0.0,0.0,0.0,1.0,1.0,0.3629255231,0.2784422735,0.05574524403,0.04316687584
3565,1.0,0.0,0.0,0.0,1.0,1.0,0.3664619145,0.2774185549,0.05613023043,0.04280638695
3566,1.0,0.0,0.0,0.0,1.0,1.0,0.3569434359,0.2697768902,0.05497765541,0.04200857878
3567,1.0,0.0,0.0,0.0,1.0,1.0,0.3603061738,0.2786217191,0.05599367619,0.04361319542
3568,1.0,0.0,0.0,0.0,1.0,1.0,0.3510583091,0.2704583633,0.05650120974,0.04352903366
3569,1.0,0.0,0.0,0.0,1.0,1.0,0.3533741018,0.2756470188,0.05410116911,0.04235196114
3570,1.0,0.0,0.0,0.0,1.0,1.0,0.3537849584,0.2888459852,0.05699491501,0.04645085335
3571,1.0,0.0,0.0,0.0,1.0,1.0,0.3553184571,0.2931225978,0.05580580235,0.04563426971
3572,1.0,0.0,0.0,0.0,1.0,1.0,0.3474823119,0.2803312815,0.0547439456,0.04363256693
3573,1.0,0.0,0.0,0.0,1.0,1.0,0.3483165306,0.2762539133,0.0554728508,0.04376500845
3574,1.0,0.0,0.0,0.0,1.0,1.0,0.3574393839,0.2883005837,0.05585205555,0.0447358489
3575,1.0,0.0,0.0,0.0,1.0,1.0,0.3474824073,0.2783913852,0.05535131693,0.04411667585
3576,1.0,0.0,0.0,0.0,1.0,1.0,0.3516235141,0.2840520251,0.05630397797,0.04493224621
3577,1.0,0.0,0.0,0.0,1.0,1.0,0.348523391,0.2848061562,0.05733793974,0.04581415653
3578,1.0,0.0,0.0,0.0,1.0,1.0,0.3568225756,0.2963863021,0.05902689695,0.04811674356
3579,1.0,0.0,0.0,0.0,1.0,1.0,0.3618959918,0.3039538502,0.05763572454,0.0476706624
3580,1.0,0.0,0.0,0.0,1.0,1.0,0.3403775974,0.2787556857,0.05664288998,0.04553639889
3581,1.0,0.0,0.0,0.0,1.0,1.0,0.343091878,0.2853133407,0.05748105049,0.0469289422
3582,1.0,0.0,0.0,0.0,1.0,1.0,0.3425705088,0.281198716,0.05909979343,0.04762411118
3583,1.0,0.0,0.0,0.0,1.0,1.0,0.3414759545,0.2819371972,0.05740278959,0.04676228762
3584,1.0,0.0,0.0,0.0,1.0,1.0,0.3432426726,0.2872546029,0.05663448572,0.04691779613
3585,1.0,0.0,0.0,0.0,1.0,1.0,0.3370599383,0.2802491841,0.05512040854,0.0455223918
3586,1.0,0.0,0.0,0.0,1.0,1.0,0.3419576992,0.2884293756,0.05872493982,0.04879558086
3587,1.0,0.0,0.0,0.0,1.0,1.0,0.3438407545,0.2891363112,0.05945336819,0.04921263456
3588,1.0,0.0,0.0,0.0,1.0,1.0,0.3397441629,0.2857936474,0.0586604476,0.04869389534
3589,1.0,0.0,0.0,0.0,1.0,1.0,0.3408308275,0.2891361706,0.05923289061,0.04950386286
3590,1.0,0.0,0.0,0.0,1.0,1.0,0.3397445321,0.2857935637,0.05916619301,0.04911363125
3591,1.0,0.0,0.0,0.0,1.0,1.0,0.3386264374,0.2867527381,0.05943202972,0.04933440685
3592,1.0,0.0,0.0,0.0,1.0,1.0,0.3336979143,0.281722095,0.05588769913,0.04648089409
3593,1.0,0.0,0.0,0.0,1.0,1.0,0.3397117305,0.2848410913,0.0567907095,0.04691410065
3594,1.0,0.0,0.0,0.0,1.0,1.0,0.3397117459,0.2855545463,0.05689877272,0.04727816582
3595,1.0,0.0,0.0,0.0,1.0,1.0,0.3396475287,0.2912281997,0.05694931746,0.04795736074
3596,1.0,0.0,0.0,0.0,1.0,1.0,0.3385732451,0.2836700617,0.05779761076,0.04779416323
3597,1.0,0.0,0.0,0.0,1.0,1.0,0.3320779977,0.2743567737,0.05810421705,0.04715704918
3598,1.0,0.0,0.0,0.0,1.0,1.0,0.3428036939,0.2965559133,0.05975651741,0.05077904463
3599,1.0,0.0,0.0,0.0,1.0,1.0,0.337453074,0.2886178213,0.05537331104,0.04636520147
3600,1.0,0.0,0.0,0.0,1.0,1.0,0.334223613,0.2928825551,0.05802208185,0.04961305857
3601,1.0,0.0,0.0,0.0,1.0,1.0,0.3334159925,0.2932787228,0.05605858564,0.04847574234
3602,1.0,0.0,0.0,0.0,1.0,1.0,0.3310048826,0.2909559109,0.05680221319,0.04880577326
3603,1.0,0.0,0.0,0.0,1.0,1.0,0.3323446686,0.2919159934,0.05594664812,0.04783838987
3604,1.0,0.0,0.0,0.0,1.0,1.0,0.3273212627,0.283448524,0.05692285299,0.04780417681
3605,1.0,0.0,0.0,0.0,1.0,1.0,0.3244836846,0.2848573723,0.05439442396,0.04620891809
3606,1.0,0.0,0.0,0.0,1.0,1.0,0.3300191138,0.2871771434,0.05813068151,0.04876363277
3607,1.0,0.0,0.0,0.0,1.0,1.0,0.313705212,0.2702073024,0.05660909414,0.04722160101
3608,1.0,0.0,0.0,0.0,1.0,1.0,0.259052481,0.1931125367,0.04481893778,0.03296363354
3609,1.0,0.0,0.0,0.0,1.0,1.0,0.2398659488,0.1571561939,0.03841257095,0.0247733593
3610,1.0,0.0,0.0,0.0,1.0,1.0,0.2516201298,0.1779583451,0.04076081514,0.02821904421
3611,1.0,0.0,0.0,0.0,1.0,1.0,0.2704584317,0.1973536995,0.04188889265,0.03023767471
3612,1.0,0.0,0.0,0.0,1.0,1.0,0.2591147744,0.180902512,0.04165369272,0.02861917019
3613,1.0,0.0,0.0,0.0,1.0,1.0,0.2400030542,0.1694554743,0.04074972868,0.02852481604
3614,1.0,0.0,0.0,0.0,1.0,1.0,0.2713718242,0.2124663701,0.0471765399,0.03595769405
3615,1.0,0.0,0.0,0.0,1.0,1.0,0.2902396965,0.2473196651,0.05222731829,0.04308021069
3616,1.0,0.0,0.0,0.0,1.0,1.0,0.30414241,0.2540955202,0.05078113079,0.04073357582
3617,1.0,0.0,0.0,0.0,1.0,1.0,0.3063980415,0.2600588082,0.05121678114,0.04146122932
3618,1.0,0.0,0.0,0.0,1.0,1.0,0.3078924077,0.2624796624,0.05687630177,0.04645395279
3619,1.0,0.0,0.0,0.0,1.0,1.0,0.3133297659,0.2716604669,0.05614727736,0.04664546251
3620,1.0,0.0,0.0,0.0,1.0,1.0,0.3302225567,0.2905355159,0.05955249071,0.05034631491
3621,1.0,0.0,0.0,0.0,1.0,1.0,0.3196924529,0.2800450711,0.05697703362,0.04805636406
3622,1.0,0.0,0.0,0.0,1.0,1.0,0.3275008159,0.2779905305,0.05755162239,0.04762893915
3623,1.0,0.0,0.0,0.0,1.0,1.0,0.328539339,0.279108333,0.05826956034,0.04817330837
3624,1.0,0.0,0.0,0.0,1.0,1.0,0.3304211408,0.280248982,0.0569254756,0.04678034782
3625,1.0,0.0,0.0,0.0,1.0,1.0,0.3287852945,0.2631867254,0.05621343851,0.04418772459
3626,1.0,0.0,0.0,0.0,1.0,1.0,0.3314900937,0.27425782,0.0569742918,0.04643404484
3627,1.0,0.0,0.0,0.0,1.0,1.0,0.336445986,0.277437277,0.05782926083,0.04705715179
3628,1.0,0.0,0.0,0.0,1.0,1.0,0.3353390473,0.2791083411,0.05719232559,0.04681921005
3629,1.0,0.0,0.0,0.0,1.0,1.0,0.3413528394,0.2822344557,0.05787801743,0.04730415344
3630,1.0,0.0,0.0,0.0,1.0,1.0,0.3337005983,0.2716603615,0.05803865194,0.0467774272
3631,1.0,0.0,0.0,0.0,1.0,1.0,0.3386538532,0.2781783268,0.05623996258,0.0458150506
3632,1.0,0.0,0.0,0.0,1.0,1.0,0.3421956001,0.2857938417,0.05744814873,0.04722905159
3633,1.0,0.0,0.0,0.0,1.0,1.0,0.3424317395,0.2787220557,0.05912274122,0.04780733585
3634,1.0,0.0,0.0,0.0,1.0,1.0,0.3448071511,0.2833987718,0.05692744255,0.04647701979
3635,1.0,0.0,0.0,0.0,1.0,1.0,0.3463410876,0.2807794639,0.05801105499,0.04640883207
3636,1.0,0.0,0.0,0.0,1.0,1.0,0.3433260865,0.28004487,0.05869579315,0.04712593555
3637,1.0,0.0,0.0,0.0,1.0,1.0,0.3444079483,0.2807796179,0.05839002132,0.04693549871
3638,1.0,0.0,0.0,0.0,1.0,1.0,0.3562366936,0.2974927105,0.06341284513,0.05225688219
3639,1.0,0.0,0.0,0.0,1.0,1.0,0.3512887973,0.288429266,0.05961287022,0.04813808203
3640,1.0,0.0,0.0,0.0,1.0,1.0,0.3507695305,0.2933515772,0.06041842699,0.04972237349
3641,1.0,0.0,0.0,0.0,1.0,1.0,0.3657315337,0.3052904331,0.05927944183,0.0488987565
3642,1.0,0.0,0.0,0.0,1.0,1.0,0.3586431865,0.2909332526,0.06028282642,0.04856908321
3643,1.0,0.0,0.0,0.0,1.0,1.0,0.3645021415,0.2923538958,0.06116145849,0.04847824574
3644,1.0,0.0,0.0,0.0,1.0,1.0,0.3634331943,0.2886902251,0.06130760908,0.04853522778
3645,1.0,0.0,0.0,0.0,1.0,1.0,0.3609796414,0.2889545747,0.05977153778,0.04748213291
3646,1.0,0.0,0.0,0.0,1.0,1.0,0.3655876237,0.2923536778,0.06301319599,0.05017715693
3647,1.0,0.0,0.0,0.0,1.0,1.0,0.3637424853,0.2804557505,0.06125307083,0.0472278595
3648,1.0,0.0,0.0,0.0,1.0,1.0,0.3704824587,0.2850639867,0.05890220404,0.04547798634
3649,1.0,0.0,0.0,0.0,1.0,1.0,0.3726439669,0.2943561758,0.06221359968,0.04931217432
3650,1.0,0.0,0.0,0.0,1.0,1.0,0.3668618648,0.2929397563,0.05979412794,0.04750001431
3651,1.0,0.0,0.0,0.0,1.0,1.0,0.3621910812,0.2894935346,0.06122565269,0.04851841927
3652,1.0,0.0,0.0,0.0,1.0,1.0,0.3670365424,0.2850642637,0.05796712637,0.04517626762
3653,1.0,0.0,0.0,0.0,1.0,1.0,0.3638993256,0.2892221364,0.06055057049,0.04804247618
3654,1.0,0.0,0.0,0.0,1.0,1.0,0.3718060303,0.2923538729,0.06245237589,0.04927438498
3655,1.0,0.0,0.0,0.0,1.0,1.0,0.3746847893,0.2879747085,0.06507652998,0.05005884171
3656,1.0,0.0,0.0,0.0,1.0,1.0,0.3669694847,0.2802491669,0.06115984917,0.04678589106
3657,1.0,0.0,0.0,0.0,1.0,1.0,0.3677272204,0.2860354901,0.06070458889,0.04733842611
3658,1.0,0.0,0.0,0.0,1.0,1.0,0.3666590838,0.2826704531,0.0623497963,0.04827082157
3659,1.0,0.0,0.0,0.0,1.0,1.0,0.3634333639,0.2785605577,0.06162077188,0.04751133919
3660,1.0,0.0,0.0,0.0,1.0,1.0,0.3640463942,0.2877180927,0.06046360731,0.0478670001
3661,1.0,0.0,0.0,0.0,1.0,1.0,0.3622024653,0.2886901055,0.05929511786,0.04738068581
3662,1.0,0.0,0.0,0.0,1.0,1.0,0.3722408568,0.2927656674,0.06212735176,0.04936146736
3663,1.0,0.0,0.0,0.0,1.0,1.0,0.3669368687,0.2865066599,0.06269490719,0.04923981428
3664,1.0,0.0,0.0,0.0,1.0,1.0,0.3634336765,0.2793050408,0.06065684557,0.046615839
3665,1.0,0.0,0.0,0.0,1.0,1.0,0.364345035,0.2765121428,0.05994838476,0.04564875364
3666,1.0,0.0,0.0,0.0,1.0,1.0,0.3651006432,0.2796451901,0.06282448769,0.04848098755
3667,1.0,0.0,0.0,0.0,1.0,1.0,0.3581332553,0.2722733874,0.06283265352,0.04792821407
3668,1.0,0.0,0.0,0.0,1.0,1.0,0.3584322072,0.2730263406,0.06175076962,0.04739010334
3669,1.0,0.0,0.0,0.0,1.0,1.0,0.362371071,0.285554796,0.06166434288,0.04887676239
3670,1.0,0.0,0.0,0.0,1.0,1.0,0.3565212757,0.2690804287,0.05791425705,0.0441904664
3671,1.0,0.0,0.0,0.0,1.0,1.0,0.3572471278,0.2778107692,0.05862784386,0.0457855463
3672,1.0,0.0,0.0,0.0,1.0,1.0,0.3649842914,0.2879748215,0.05946052074,0.04723495245
3673,1.0,0.0,0.0,0.0,1.0,1.0,0.3615727478,0.2734959756,0.05803179741,0.04434508085
3674,1.0,0.0,0.0,0.0,1.0,1.0,0.3649839861,0.2845866969,0.05950182676,0.04671168327
3675,1.0,0.0,0.0,0.0,1.0,1.0,0.360649909,0.2757659936,0.05858492851,0.04559677839
3676,1.0,0.0,0.0,0.0,1.0,1.0,0.3625095271,0.2757657418,0.05896008015,0.04545986652
3677,1.0,0.0,0.0,0.0,1.0,1.0,0.3613043368,0.2778055113,0.06109046936,0.0477976799
3678,1.0,0.0,0.0,0.0,1.0,1.0,0.3614649395,0.2803712953,0.05965590477,0.04673498869
3679,1.0,0.0,0.0,0.0,1.0,1.0,0.3611638609,0.2810931075,0.06027090549,0.04749459028
3680,1.0,0.0,0.0,0.0,1.0,1.0,0.3694307991,0.2913681284,0.06244218349,0.04989796877
3681,1.0,0.0,0.0,0.0,1.0,1.0,0.3650855369,0.2850869294,0.06003671885,0.04726874828
3682,1.0,0.0,0.0,0.0,1.0,1.0,0.365387346,0.2909558759,0.05985635519,0.04793924093
3683,1.0,0.0,0.0,0.0,1.0,1.0,0.3632828919,0.2883635441,0.06063532829,0.04872971773
3684,1.0,0.0,0.0,0.0,1.0,1.0,0.3584775019,0.2883636099,0.05932700634,0.04811775684
3685,1.0,0.0,0.0,0.0,1.0,1.0,0.3650851692,0.2902669717,0.06105822325,0.04862558842
3686,1.0,0.0,0.0,0.0,1.0,1.0,0.3593685029,0.2968639506,0.0594855547,0.04934287071
3687,1.0,0.0,0.0,0.0,1.0,1.0,0.3634336475,0.2968637493,0.061211586,0.05008214712
3688,1.0,0.0,0.0,0.0,1.0,1.0,0.3705326643,0.2988362639,0.06139618158,0.04955744743
3689,1.0,0.0,0.0,0.0,1.0,1.0,0.3566473293,0.2928827275,0.05925476551,0.04878181219
3690,1.0,0.0,0.0,0.0,1.0,1.0,0.356708534,0.2952146989,0.06069666147,0.0500677824
3691,1.0,0.0,0.0,0.0,1.0,1.0,0.3576433236,0.2955865359,0.06061601639,0.05009818077
3692,1.0,0.0,0.0,0.0,1.0,1.0,0.359441228,0.2887999644,0.0591185689,0.04761588573
3693,1.0,0.0,0.0,0.0,1.0,1.0,0.318686674,0.232428323,0.05109006166,0.03744822741
3694,1.0,0.0,0.0,0.0,1.0,1.0,0.3144716549,0.1435372288,0.04883557558,0.02273386717
3695,1.0,0.0,0.0,0.0,1.0,1.0,0.317427182,0.1329043918,0.04792714119,0.02054017782
3696,1.0,0.0,0.0,0.0,1.0,1.0,0.3118945595,0.1974840557,0.05101817846,0.03241485357
3697,1.0,0.0,0.0,0.0,1.0,1.0,0.3270293928,0.2465291951,0.05311006308,0.04010355473
3698,1.0,0.0,0.0,0.0,1.0,1.0,0.337001749,0.2671774735,0.05564558506,0.0441891551
3699,1.0,0.0,0.0,0.0,1.0,1.0,0.3375380368,0.2763356237,0.05550295115,0.04521459341
3700,1.0,0.0,0.0,0.0,1.0,1.0,0.3457708308,0.2761615577,0.05675780773,0.04540622234
3701,1.0,0.0,0.0,0.0,1.0,1.0,0.3408312576,0.2728740862,0.05675292015,0.04551202059
3702,1.0,0.0,0.0,0.0,1.0,1.0,0.339744403,0.2755936061,0.05590420961,0.04504901171
3703,1.0,0.0,0.0,0.0,1.0,1.0,0.3408695545,0.2730263576,0.05592650175,0.04479545355
3704,1.0,0.0,0.0,0.0,1.0,1.0,0.3386812692,0.2680624708,0.05645287037,0.04483026266
3705,1.0,0.0,0.0,0.0,1.0,1.0,0.3419146052,0.2745180046,0.05696326494,0.04573494196
3706,1.0,0.0,0.0,0.0,1.0,1.0,0.3386537581,0.2730264034,0.05617487431,0.04521393776
3707,1.0,0.0,0.0,0.0,1.0,1.0,0.3408310569,0.2737748311,0.05664986372,0.04542940855
3708,1.0,0.0,0.0,0.0,1.0,1.0,0.3403055983,0.2730266389,0.05668210983,0.04540079832
3709,1.0,0.0,0.0,0.0,1.0,1.0,0.33425031,0.2697167038,0.05534875393,0.0446625948
3710,1.0,0.0,0.0,0.0,1.0,1.0,0.3358781299,0.2721253938,0.05546426773,0.04464197159
3711,1.0,0.0,0.0,0.0,1.0,1.0,0.3385466854,0.2783462166,0.05660408735,0.04631245136
3712,1.0,0.0,0.0,0.0,1.0,1.0,0.3396160862,0.2750906016,0.05721533298,0.0460447073
3713,1.0,0.0,0.0,0.0,1.0,1.0,0.3475610759,0.2834482451,0.05728936195,0.04653078318
3714,1.0,0.0,0.0,0.0,1.0,1.0,0.3369641231,0.2761615517,0.05654233694,0.04611217976
3715,1.0,0.0,0.0,0.0,1.0,1.0,0.3353283143,0.2761616541,0.05512040854,0.04517185688
3716,1.0,0.0,0.0,0.0,1.0,1.0,0.3434566447,0.2900021027,0.05762279034,0.04833757877
3717,1.0,0.0,0.0,0.0,1.0,1.0,0.33696419,0.285554782,0.05572170019,0.04652488232
3718,1.0,0.0,0.0,0.0,1.0,1.0,0.3418284383,0.2846094138,0.05640929937,0.04620194435
3719,1.0,0.0,0.0,0.0,1.0,1.0,0.3479176211,0.2879185569,0.05768287182,0.0473434329
3720,1.0,0.0,0.0,0.0,1.0,1.0,0.3436099496,0.2798436963,0.05611556768,0.04532408714
3721,1.0,0.0,0.0,0.0,1.0,1.0,0.3497218634,0.2948353712,0.05680763721,0.04765379429
3722,1.0,0.0,0.0,0.0,1.0,1.0,0.3546944684,0.2958214907,0.05884903669,0.0486741662
3723,1.0,0.0,0.0,0.0,1.0,1.0,0.3519631881,0.289136155,0.05625474453,0.04590594769
3724,1.0,0.0,0.0,0.0,1.0,1.0,0.350302601,0.2915038086,0.0560259223,0.04646700621
3725,1.0,0.0,0.0,0.0,1.0,1.0,0.3502174612,0.2938556858,0.05629825592,0.04700374603
3726,1.0,0.0,0.0,0.0,1.0,1.0,0.3531361188,0.2974926158,0.05790859461,0.04862135649
3727,1.0,0.0,0.0,0.0,1.0,1.0,0.3508855069,0.2941503784,0.05821150541,0.04855561256
3728,1.0,0.0,0.0,0.0,1.0,1.0,0.3518692686,0.3025065617,0.05839210749,0.04961961508
3729,1.0,0.0,0.0,0.0,1.0,1.0,0.3518695594,0.2938562434,0.05838727951,0.04851907492
3730,1.0,0.0,0.0,0.0,1.0,1.0,0.3491430221,0.2915039128,0.05745631456,0.04765331745
3731,1.0,0.0,0.0,0.0,1.0,1.0,0.3507103217,0.2965012785,0.05836701393,0.04877620935
3732,1.0,0.0,0.0,0.0,1.0,1.0,0.3474172795,0.293855966,0.0585052371,0.04907786846
3733,1.0,0.0,0.0,0.0,1.0,1.0,0.3557616235,0.2998328853,0.05820888281,0.04873305559
3734,1.0,0.0,0.0,0.0,1.0,1.0,0.3515952954,0.3001625988,0.05805921555,0.04892027378
3735,1.0,0.0,0.0,0.0,1.0,1.0,0.3575241258,0.3008186531,0.05882996321,0.04893577099
3736,1.0,0.0,0.0,0.0,1.0,1.0,0.3516857713,0.2909558997,0.05801343918,0.04775989056
3737,1.0,0.0,0.0,0.0,1.0,1.0,0.3517773504,0.2895733232,0.05818605423,0.0475820303
3738,1.0,0.0,0.0,0.0,1.0,1.0,0.3533217242,0.296863844,0.05757504702,0.04797917604
3739,1.0,0.0,0.0,0.0,1.0,1.0,0.3506238191,0.2912284448,0.05831629038,0.04796111584
3740,1.0,0.0,0.0,0.0,1.0,1.0,0.3539006618,0.2945374461,0.05800116062,0.04779726267
3741,1.0,0.0,0.0,0.0,1.0,1.0,0.3494779611,0.2928828254,0.05728662014,0.0473819375
3742,1.0,0.0,0.0,0.0,1.0,1.0,0.3527442994,0.2935653315,0.058840096,0.04848855734
3743,1.0,0.0,0.0,0.0,1.0,1.0,0.3453224039,0.2812998799,0.0554843545,0.04534775019
3744,1.0,0.0,0.0,0.0,1.0,1.0,0.3513792879,0.2862640611,0.05643975735,0.04605698586
3745,1.0,0.0,0.0,0.0,1.0,1.0,0.3518694117,0.2862641803,0.05666637421,0.04602485895
3746,1.0,0.0,0.0,0.0,1.0,1.0,0.3513795659,0.2881723902,0.05645537376,0.04606968164
3747,1.0,0.0,0.0,0.0,1.0,1.0,0.3492227205,0.2857933579,0.05612552166,0.0457021594
3748,1.0,0.0,0.0,0.0,1.0,1.0,0.3555389902,0.2961923517,0.05807930231,0.04790878296
3749,1.0,0.0,0.0,0.0,1.0,1.0,0.356708664,0.2985129742,0.05817115307,0.04852062464
3750,1.0,0.0,0.0,0.0,1.0,1.0,0.3602639495,0.2945375461,0.05836677551,0.04787689447
3751,1.0,0.0,0.0,0.0,1.0,1.0,0.3610459683,0.3001625953,0.05894935131,0.04876726866
3752,1.0,0.0,0.0,0.0,1.0,1.0,0.3665717139,0.305110041,0.06017893553,0.04992419481
3753,1.0,0.0,0.0,0.0,1.0,1.0,0.3562368083,0.2998327661,0.05742484331,0.0478540659
3754,1.0,0.0,0.0,0.0,1.0,1.0,0.3613237717,0.3014982452,0.0595177412,0.04941612482
3755,1.0,0.0,0.0,0.0,1.0,1.0,0.3655290957,0.3044657464,0.06032180786,0.04999643564
3756,1.0,0.0,0.0,0.0,1.0,1.0,0.3602640437,0.3014981507,0.05877536535,0.04902458191
3757,1.0,0.0,0.0,0.0,1.0,1.0,0.3632841209,0.3028111083,0.05983000994,0.04954248667
3758,1.0,0.0,0.0,0.0,1.0,1.0,0.3617814021,0.3021566988,0.05871766806,0.0487973094
3759,1.0,0.0,0.0,0.0,1.0,1.0,0.3571776916,0.3091921375,0.05946809053,0.05046606064
3760,1.0,0.0,0.0,0.0,1.0,1.0,0.3583526303,0.3038169095,0.0586695075,0.04925006628
3761,1.0,0.0,0.0,0.0,1.0,1.0,0.3548018255,0.2941503045,0.05652666092,0.04670751095
3762,1.0,0.0,0.0,0.0,1.0,1.0,0.3590711794,0.3028108696,0.05834627151,0.04920440912
3763,1.0,0.0,0.0,0.0,1.0,1.0,0.362981476,0.3071373362,0.05915987492,0.04997521639
3764,1.0,0.0,0.0,0.0,1.0,1.0,0.35659308,0.292599823,0.05813074112,0.04746454954
3765,1.0,0.0,0.0,0.0,1.0,1.0,0.3556499177,0.2978468393,0.05734050274,0.04778373241
3766,1.0,0.0,0.0,0.0,1.0,1.0,0.3605893203,0.3034607183,0.05881595612,0.04941612482
3767,1.0,0.0,0.0,0.0,1.0,1.0,0.3574161012,0.2988363094,0.05874574184,0.04895478487
3768,1.0,0.0,0.0,0.0,1.0,1.0,0.3611842096,0.3001622524,0.05908405781,0.04910182953
3769,1.0,0.0,0.0,0.0,1.0,1.0,0.3569436268,0.2961922972,0.05815583467,0.04841810465
3770,1.0,0.0,0.0,0.0,1.0,1.0,0.3574162747,0.2942437307,0.0581561327,0.0481942296
3771,1.0,0.0,0.0,0.0,1.0,1.0,0.3464070968,0.2905353431,0.05710691214,0.04781675339
3772,1.0,0.0,0.0,0.0,1.0,1.0,0.3503887908,0.2955162333,0.0560580492,0.04751586914
3773,1.0,0.0,0.0,0.0,1.0,1.0,0.3497217305,0.2961921429,0.05653047562,0.04795712233
3774,1.0,0.0,0.0,0.0,1.0,1.0,0.3541071847,0.2978469362,0.05782186985,0.04863518476
3775,1.0,0.0,0.0,0.0,1.0,1.0,0.3569435881,0.3011562167,0.05883663893,0.04980587959
3776,1.0,0.0,0.0,0.0,1.0,1.0,0.3502176532,0.2928829152,0.05656510592,0.04722654819
3777,1.0,0.0,0.0,0.0,1.0,1.0,0.3541070075,0.2968640377,0.05739027262,0.04827219248
3778,1.0,0.0,0.0,0.0,1.0,1.0,0.3502177375,0.2945378087,0.05710047483,0.04794287682
3779,1.0,0.0,0.0,0.0,1.0,1.0,0.3568255026,0.3077753432,0.05954188108,0.05127221346
3780,1.0,0.0,0.0,0.0,1.0,1.0,0.3578858682,0.3034610089,0.05820798874,0.04935610294
3781,1.0,0.0,0.0,0.0,1.0,1.0,0.3524524047,0.2952147607,0.05734270811,0.04818940163
3782,1.0,0.0,0.0,0.0,1.0,1.0,0.3518695336,0.2952148949,0.05804395676,0.04877877235
3783,1.0,0.0,0.0,0.0,1.0,1.0,0.3560100413,0.308024669,0.05814230442,0.05014109612
3784,1.0,0.0,0.0,0.0,1.0,1.0,0.3556500249,0.29655583,0.05878138542,0.04925662279
3785,1.0,0.0,0.0,0.0,1.0,1.0,0.3587739627,0.3084082881,0.05782943964,0.04983454943
3786,1.0,0.0,0.0,0.0,1.0,1.0,0.3565847707,0.3031638665,0.05968767405,0.0510007143
3787,1.0,0.0,0.0,0.0,1.0,1.0,0.354910476,0.2945375017,0.05608171225,0.04708749056
3788,1.0,0.0,0.0,0.0,1.0,1.0,0.3558744938,0.301156515,0.05995130539,0.05098664761
3789,1.0,0.0,0.0,0.0,1.0,1.0,0.3569437731,0.3011562625,0.05907642841,0.05000883341
3790,1.0,0.0,0.0,0.0,1.0,1.0,0.3592001961,0.3028110765,0.0597282052,0.05060309172
3791,1.0,0.0,0.0,0.0,1.0,1.0,0.3569435288,0.3004964827,0.05838644505,0.04915320873
3792,1.0,0.0,0.0,0.0,1.0,1.0,0.3548015724,0.2948354582,0.05657309294,0.04701149464
3793,1.0,0.0,0.0,0.0,1.0,1.0,0.3592004141,0.302156965,0.06029236317,0.05080193281
3794,1.0,0.0,0.0,0.0,1.0,1.0,0.3559888761,0.2974928256,0.05735391378,0.04792952538
3795,1.0,0.0,0.0,0.0,1.0,1.0,0.3574163424,0.3021569545,0.0578301549,0.04872727394
3796,1.0,0.0,0.0,0.0,1.0,1.0,0.3567032916,0.2931695333,0.05753445625,0.04776442051
3797,1.0,0.0,0.0,0.0,1.0,1.0,0.3498885022,0.2895733221,0.05537903309,0.04636996984
3798,1.0,0.0,0.0,0.0,1.0,1.0,0.3514705843,0.2879185358,0.05664795637,0.04671436548
3799,1.0,0.0,0.0,0.0,1.0,1.0,0.3512890803,0.2883636002,0.05942034721,0.04909849167
3800,1.0,0.0,0.0,0.0,1.0,1.0,0.3433454339,0.2656326467,0.05407893658,0.04283487797
3801,1.0,0.0,0.0,0.0,1.0,1.0,0.3360044946,0.2582451042,0.0517950058,0.0406960845
3802,1.0,0.0,0.0,0.0,1.0,1.0,0.3337236549,0.2532600955,0.05173045397,0.03993701935
3803,1.0,0.0,0.0,0.0,1.0,1.0,0.3302651464,0.2473019291,0.05203229189,0.03950095177
3804,1.0,0.0,0.0,0.0,1.0,1.0,0.3360193439,0.2584175757,0.0537404418,0.04161441326
3805,1.0,0.0,0.0,0.0,1.0,1.0,0.3239091467,0.2524543765,0.05157548189,0.0402675271
3806,1.0,0.0,0.0,0.0,1.0,1.0,0.3274329466,0.2584175171,0.05092155933,0.04025739431
3807,1.0,0.0,0.0,0.0,1.0,1.0,0.3290845618,0.2498604062,0.05086785555,0.03848731518
3808,1.0,0.0,0.0,0.0,1.0,1.0,0.3262066804,0.243850105,0.05045503378,0.03810966015
3809,1.0,0.0,0.0,0.0,1.0,1.0,0.3232458942,0.2273037653,0.04984784126,0.03529769182
3810,1.0,0.0,0.0,0.0,1.0,1.0,0.3203113192,0.2209292113,0.05008393526,0.03448402882
3811,1.0,0.0,0.0,0.0,1.0,1.0,0.3196093257,0.2179635245,0.04944503307,0.03360080719
3812,1.0,0.0,0.0,0.0,1.0,1.0,0.3130782331,0.2261894444,0.04872059822,0.03453272581
3813,1.0,0.0,0.0,0.0,1.0,1.0,0.3147983864,0.2384631133,0.04997897148,0.03714281321
3814,1.0,0.0,0.0,0.0,1.0,1.0,0.3132832427,0.2359794107,0.04929608107,0.03643625975
3815,1.0,0.0,0.0,0.0,1.0,1.0,0.3161502192,0.2437664319,0.05036818981,0.03791153431
3816,1.0,0.0,0.0,0.0,1.0,1.0,0.313384488,0.2368014944,0.05108463764,0.03755408525
3817,1.0,0.0,0.0,0.0,1.0,1.0,0.3248184919,0.2672118277,0.05343085527,0.04219669104
3818,1.0,0.0,0.0,0.0,1.0,1.0,0.3094717992,0.2383828416,0.04938215017,0.03642946482
3819,1.0,0.0,0.0,0.0,1.0,1.0,0.3174698197,0.2586584035,0.05063825846,0.03938531876
3820,1.0,0.0,0.0,0.0,1.0,1.0,0.3099964461,0.2489648677,0.05075627565,0.03855258226
3821,1.0,0.0,0.0,0.0,1.0,1.0,0.307908852,0.249860579,0.04946321249,0.03784072399
3822,1.0,0.0,0.0,0.0,1.0,1.0,0.3051985757,0.2543705761,0.05071282387,0.03928852081
3823,1.0,0.0,0.0,0.0,1.0,1.0,0.3058495278,0.2489582184,0.05100899935,0.0384657383
3824,1.0,0.0,0.0,0.0,1.0,1.0,0.2973545158,0.2399382719,0.04962986708,0.03667098284
3825,1.0,0.0,0.0,0.0,1.0,1.0,0.3028111652,0.2552922198,0.05024421215,0.03871273994
3826,1.0,0.0,0.0,0.0,1.0,1.0,0.2923988041,0.2408728243,0.04773962498,0.03614187241
3827,1.0,0.0,0.0,0.0,1.0,1.0,0.297846775,0.2462653039,0.05009394884,0.0381270647
3828,1.0,0.0,0.0,0.0,1.0,1.0,0.2930819013,0.2355825612,0.0480992794,0.03566908836
3829,1.0,0.0,0.0,0.0,1.0,1.0,0.3097780153,0.2750262196,0.05069959164,0.04082649946
3830,1.0,0.0,0.0,0.0,1.0,1.0,0.339492945,0.3040262275,0.05739653111,0.04666823149
3831,1.0,0.0,0.0,0.0,1.0,1.0,0.3389546559,0.3071201175,0.0593085885,0.04905432463
3832,1.0,0.0,0.0,0.0,1.0,1.0,0.3617322857,0.3320179715,0.06263262033,0.05291378498
3833,1.0,0.0,0.0,0.0,1.0,1.0,0.3569434651,0.3240510115,0.06148117781,0.05191743374
3834,1.0,0.0,0.0,0.0,1.0,1.0,0.3470061876,0.3059515419,0.05742645264,0.04763484001
3835,1.0,0.0,0.0,0.0,1.0,1.0,0.3529331404,0.3116904464,0.05851465464,0.04893952608
3836,1.0,0.0,0.0,0.0,1.0,1.0,0.3498045899,0.2961309359,0.0571077466,0.04631781578
3837,1.0,0.0,0.0,0.0,1.0,1.0,0.3564785306,0.3066083767,0.05916285515,0.04889714718
3838,1.0,0.0,0.0,0.0,1.0,1.0,0.3547450798,0.3062262907,0.05904912949,0.04907280207
3839,1.0,0.0,0.0,0.0,1.0,1.0,0.35764316,0.307908838,0.06110906601,0.05106377602
3840,1.0,0.0,0.0,0.0,1.0,1.0,0.3495583997,0.2923536349,0.05657398701,0.0456841588
3841,1.0,0.0,0.0,0.0,1.0,1.0,0.3549571915,0.2958213127,0.0586553812,0.04784333706
3842,1.0,0.0,0.0,0.0,1.0,1.0,0.3532231146,0.2995017072,0.05842661858,0.04873371124
3843,1.0,0.0,0.0,0.0,1.0,1.0,0.3592004371,0.295821532,0.05968278646,0.04890674353
3844,1.0,0.0,0.0,0.0,1.0,1.0,0.3637366926,0.3041776466,0.05983811617,0.04995656013
3845,1.0,0.0,0.0,0.0,1.0,1.0,0.3712686569,0.3160488522,0.06097221375,0.05198973417
3846,1.0,0.0,0.0,0.0,1.0,1.0,0.3696112489,0.3121180504,0.06158816814,0.05192184448
3847,1.0,0.0,0.0,0.0,1.0,1.0,0.3683890412,0.303460798,0.06006425619,0.04955977201
3848,1.0,0.0,0.0,0.0,1.0,1.0,0.3643450913,0.3031641971,0.05866503716,0.04897725582
3849,1.0,0.0,0.0,0.0,1.0,1.0,0.3617817611,0.300162467,0.05860859156,0.04870665073
3850,1.0,0.0,0.0,0.0,1.0,1.0,0.3596666632,0.2961923266,0.05821782351,0.04802298546
3851,1.0,0.0,0.0,0.0,1.0,1.0,0.3586040123,0.2965011563,0.05770069361,0.04754960537
3852,1.0,0.0,0.0,0.0,1.0,1.0,0.351869575,0.2921955762,0.05768930912,0.04766815901
3853,1.0,0.0,0.0,0.0,1.0,1.0,0.3518698546,0.2998327967,0.05791515112,0.0489423871
3854,1.0,0.0,0.0,0.0,1.0,1.0,0.3534210099,0.3028113848,0.05652093887,0.04810857773
3855,1.0,0.0,0.0,0.0,1.0,1.0,0.3530367264,0.2921956418,0.05745971203,0.04747843742
3856,1.0,0.0,0.0,0.0,1.0,1.0,0.2885348848,0.1950134102,0.04477155209,0.03020733595
3857,1.0,0.0,0.0,0.0,1.0,1.0,0.2914260042,0.1040309056,0.04258906841,0.01528835297
3858,1.0,0.0,0.0,0.0,1.0,1.0,0.2761379682,0.1458259111,0.04279613495,0.02264052629
3859,1.0,0.0,0.0,0.0,1.0,1.0,0.3027072694,0.2268356055,0.04882073402,0.03627461195
3860,1.0,0.0,0.0,0.0,1.0,1.0,0.330380122,0.267408996,0.0519875288,0.04179900885
3861,1.0,0.0,0.0,0.0,1.0,1.0,0.3424774443,0.2855548712,0.05714255571,0.04725253582
3862,1.0,0.0,0.0,0.0,1.0,1.0,0.3452019286,0.2938557713,0.05603277683,0.04722762108
3863,1.0,0.0,0.0,0.0,1.0,1.0,0.3517773459,0.2955159428,0.05673766136,0.04719299078
3864,1.0,0.0,0.0,0.0,1.0,1.0,0.3567087394,0.2998326008,0.05876636505,0.04874628782
3865,1.0,0.0,0.0,0.0,1.0,1.0,0.3556495813,0.3014983345,0.05680406094,0.04759973288
3866,1.0,0.0,0.0,0.0,1.0,1.0,0.3582288683,0.3061206485,0.05753415823,0.04860192537
3867,1.0,0.0,0.0,0.0,1.0,1.0,0.3511997517,0.2938560094,0.05986589193,0.04951524734
3868,1.0,0.0,0.0,0.0,1.0,1.0,0.3543770062,0.3018114974,0.05770915747,0.04866719246
3869,1.0,0.0,0.0,0.0,1.0,1.0,0.3560103507,0.2995018194,0.05807894468,0.04822152853
3870,1.0,0.0,0.0,0.0,1.0,1.0,0.3539009018,0.2945374352,0.05870425701,0.04837661982
3871,1.0,0.0,0.0,0.0,1.0,1.0,0.3534212575,0.297847026,0.05722874403,0.04791241884
3872,1.0,0.0,0.0,0.0,1.0,1.0,0.3594052402,0.303461037,0.05866187811,0.04928672314
3873,1.0,0.0,0.0,0.0,1.0,1.0,0.3557614506,0.2998324489,0.05721640587,0.04790210724
3874,1.0,0.0,0.0,0.0,1.0,1.0,0.3555395236,0.301156083,0.05722117424,0.04799187183
3875,1.0,0.0,0.0,0.0,1.0,1.0,0.3539009506,0.2961922064,0.05886805058,0.04878413677
3876,1.0,0.0,0.0,0.0,1.0,1.0,0.3519630027,0.2958212526,0.05800962448,0.04843252897
3877,1.0,0.0,0.0,0.0,1.0,1.0,0.3506238471,0.2998328971,0.05658173561,0.04759216309
3878,1.0,0.0,0.0,0.0,1.0,1.0,0.3511993414,0.2974927051,0.05738735199,0.04773342609
3879,1.0,0.0,0.0,0.0,1.0,1.0,0.3592765844,0.3110847817,0.05924397707,0.05062669516
3880,1.0,0.0,0.0,0.0,1.0,1.0,0.3569434956,0.3077749053,0.05809658766,0.04911798239
3881,1.0,0.0,0.0,0.0,1.0,1.0,0.3525537532,0.3067592683,0.05697274208,0.04860979319
3882,1.0,0.0,0.0,0.0,1.0,1.0,0.3535991947,0.3057502341,0.05784100294,0.04912519455
3883,1.0,0.0,0.0,0.0,1.0,1.0,0.3524600245,0.3096631401,0.05764979124,0.04975259304
3884,1.0,0.0,0.0,0.0,1.0,1.0,0.357864716,0.3139695815,0.05862152576,0.05043566227
3885,1.0,0.0,0.0,0.0,1.0,1.0,0.36108884,0.3199535407,0.05988937616,0.05186849833
3886,1.0,0.0,0.0,0.0,1.0,1.0,0.3581062955,0.3077752455,0.06174230576,0.05220031738
3887,1.0,0.0,0.0,0.0,1.0,1.0,0.3501332721,0.2948353686,0.05586087704,0.04641962051
3888,1.0,0.0,0.0,0.0,1.0,1.0,0.3533215667,0.2995014429,0.05772912502,0.04837483168
3889,1.0,0.0,0.0,0.0,1.0,1.0,0.3550647787,0.2995018547,0.05805051327,0.04864424467
3890,1.0,0.0,0.0,0.0,1.0,1.0,0.3585658017,0.3073943613,0.05924731493,0.05013239384
3891,1.0,0.0,0.0,0.0,1.0,1.0,0.3586906763,0.308797716,0.05837857723,0.04935640097
3892,1.0,0.0,0.0,0.0,1.0,1.0,0.3560106957,0.3077750476,0.0585488677,0.04995447397
3893,1.0,0.0,0.0,0.0,1.0,1.0,0.3626874025,0.3121180201,0.05943858624,0.0505631566
3894,1.0,0.0,0.0,0.0,1.0,1.0,0.3539007694,0.3081615027,0.05783045292,0.04953074455
3895,1.0,0.0,0.0,0.0,1.0,1.0,0.3594051461,0.31045764,0.05899471045,0.0503744483
3896,1.0,0.0,0.0,0.0,1.0,1.0,0.3604547463,0.3087976661,0.05798125267,0.04902046919
3897,1.0,0.0,0.0,0.0,1.0,1.0,0.365529095,0.3094299732,0.0588452816,0.04956787825
3898,1.0,0.0,0.0,0.0,1.0,1.0,0.3626874142,0.306120656,0.06028842926,0.05046772957
3899,1.0,0.0,0.0,0.0,1.0,1.0,0.3715031298,0.3143942098,0.06089419127,0.05119425058
3900,1.0,0.0,0.0,0.0,1.0,1.0,0.3571776997,0.3011564223,0.0589851141,0.04924446344
3901,1.0,0.0,0.0,0.0,1.0,1.0,0.3646174995,0.3096630319,0.0614361167,0.05183666945
3902,1.0,0.0,0.0,0.0,1.0,1.0,0.3586906096,0.3061205758,0.05838996172,0.04910063744
3903,1.0,0.0,0.0,0.0,1.0,1.0,0.361500026,0.3098270979,0.05888384581,0.04955840111
3904,1.0,0.0,0.0,0.0,1.0,1.0,0.3515054212,0.2985131068,0.06030249596,0.05029839277
3905,1.0,0.0,0.0,0.0,1.0,1.0,0.3553211644,0.3024625467,0.06215530634,0.05222177505
3906,1.0,0.0,0.0,0.0,1.0,1.0,0.357523896,0.3024627871,0.06036043167,0.05048328638
3907,1.0,0.0,0.0,0.0,1.0,1.0,0.3534211084,0.2978466514,0.06006467342,0.05028665066
3908,1.0,0.0,0.0,0.0,1.0,1.0,0.3567089924,0.2985128926,0.05804896355,0.04841864109
3909,1.0,0.0,0.0,0.0,1.0,1.0,0.3641759873,0.309662909,0.0600528717,0.0508967638
3910,1.0,0.0,0.0,0.0,1.0,1.0,0.3585661401,0.3027624983,0.0594689846,0.05005079508
3911,1.0,0.0,0.0,0.0,1.0,1.0,0.3588157953,0.3001623107,0.05835986137,0.04850000143
3912,1.0,0.0,0.0,0.0,1.0,1.0,0.3565931958,0.3018116794,0.05941838026,0.04987871647
3913,1.0,0.0,0.0,0.0,1.0,1.0,0.3505385985,0.2935657315,0.0579636693,0.04798853397
3914,1.0,0.0,0.0,0.0,1.0,1.0,0.3515052034,0.3051100943,0.05768078566,0.04917490482
3915,1.0,0.0,0.0,0.0,1.0,1.0,0.3412726954,0.2902670082,0.05936342478,0.04975223541
3916,1.0,0.0,0.0,0.0,1.0,1.0,0.3460226839,0.2998328022,0.05957454443,0.05070763826
3917,1.0,0.0,0.0,0.0,1.0,1.0,0.3466457752,0.3018118863,0.05600398779,0.0478913188
3918,1.0,0.0,0.0,0.0,1.0,1.0,0.3450258765,0.3018116746,0.05580079556,0.04794156551
3919,1.0,0.0,0.0,0.0,1.0,1.0,0.3444675519,0.2968639757,0.0575722456,0.04865264893
3920,1.0,0.0,0.0,0.0,1.0,1.0,0.3462764654,0.2958213075,0.05828356743,0.04889184237
3921,1.0,0.0,0.0,0.0,1.0,1.0,0.3402358184,0.2921955531,0.05675274134,0.04802149534
3922,1.0,0.0,0.0,0.0,1.0,1.0,0.3469136493,0.2924790178,0.05709445477,0.04757875204
3923,1.0,0.0,0.0,0.0,1.0,1.0,0.3490636993,0.2948350584,0.05871367455,0.04902034998
3924,1.0,0.0,0.0,0.0,1.0,1.0,0.3457709555,0.2931695502,0.05839109421,0.0489372611
3925,1.0,0.0,0.0,0.0,1.0,1.0,0.3448077541,0.2877182475,0.05656796694,0.0467300415
3926,1.0,0.0,0.0,0.0,1.0,1.0,0.3409079173,0.288429412,0.05666577816,0.04754394293
3927,1.0,0.0,0.0,0.0,1.0,1.0,0.3347967018,0.2843530472,0.05612957478,0.04672855139
3928,1.0,0.0,0.0,0.0,1.0,1.0,0.3380947786,0.2850754651,0.05534762144,0.04589802027
3929,1.0,0.0,0.0,0.0,1.0,1.0,0.3359052565,0.2826705123,0.05608773232,0.04641741514
3930,1.0,0.0,0.0,0.0,1.0,1.0,0.3381446139,0.2811990276,0.05560451746,0.04546970129
3931,1.0,0.0,0.0,0.0,1.0,1.0,0.3371000269,0.2772425544,0.05511146784,0.04486459494
3932,1.0,0.0,0.0,0.0,1.0,1.0,0.3348382937,0.275708094,0.05492550135,0.0443842411
3933,1.0,0.0,0.0,0.0,1.0,1.0,0.3533381542,0.2967624598,0.05873674154,0.04866755009
3934,1.0,0.0,0.0,0.0,1.0,1.0,0.3394655655,0.2762541907,0.05494195223,0.0437862277
3935,1.0,0.0,0.0,0.0,1.0,1.0,0.3532662607,0.2802009645,0.05716878176,0.04510307312
3936,1.0,0.0,0.0,0.0,1.0,1.0,0.3524253746,0.2814314239,0.05588829517,0.04471063614
3937,1.0,0.0,0.0,0.0,1.0,1.0,0.3574645263,0.2816606279,0.05621784925,0.04445797205
3938,1.0,0.0,0.0,0.0,1.0,1.0,0.3480365332,0.2710664993,0.0527586937,0.04147344828
3939,1.0,0.0,0.0,0.0,1.0,1.0,0.3557334908,0.2739207003,0.05299329758,0.04149734974
3940,1.0,0.0,0.0,0.0,1.0,1.0,0.3476318403,0.2693661683,0.0534003973,0.04208183289
3941,1.0,0.0,0.0,0.0,1.0,1.0,0.353620103,0.2755817243,0.05347168446,0.04221451283
3942,1.0,0.0,0.0,0.0,1.0,1.0,0.3629362992,0.2904513103,0.05603474379,0.04533457756
3943,1.0,0.0,0.0,0.0,1.0,1.0,0.3596547414,0.288095434,0.05564129353,0.04529589415
3944,1.0,0.0,0.0,0.0,1.0,1.0,0.3627868557,0.3009072842,0.05702960491,0.04696553946
3945,1.0,0.0,0.0,0.0,1.0,1.0,0.3555184337,0.3111817038,0.05639874935,0.04891729355
3946,1.0,0.0,0.0,0.0,1.0,1.0,0.3395919348,0.2958214266,0.05676418543,0.04973888397
3947,1.0,0.0,0.0,0.0,1.0,1.0,0.3238780439,0.3025066832,0.05514532328,0.05041062832
3948,1.0,0.0,0.0,0.0,1.0,1.0,0.325138771,0.3150055336,0.05934029818,0.05583250523
3949,1.0,0.0,0.0,0.0,1.0,1.0,0.317053254,0.2945374462,0.0589786768,0.05329036713
3950,1.0,0.0,0.0,0.0,1.0,1.0,0.3093511708,0.3125462714,0.05265319347,0.05120664835
3951,1.0,0.0,0.0,0.0,1.0,1.0,0.2841709747,0.3035219581,0.0523172617,0.05380356312
3952,1.0,0.0,0.0,0.0,1.0,1.0,0.283055798,0.3071376389,0.05142778158,0.05345028639
3953,1.0,0.0,0.0,0.0,1.0,1.0,0.278187051,0.2920447039,0.05199110508,0.0525752902
3954,1.0,0.0,0.0,0.0,1.0,1.0,0.272785346,0.2982463292,0.05091154575,0.05407553911
3955,1.0,0.0,0.0,0.0,1.0,1.0,0.2772290333,0.2969122687,0.05043613911,0.05244213343
3956,1.0,0.0,0.0,0.0,1.0,1.0,0.2775781919,0.2900020621,0.05224430561,0.05314511061
3957,1.0,0.0,0.0,0.0,1.0,1.0,0.2722887794,0.2874209808,0.05108463764,0.05197048187
3958,1.0,0.0,0.0,0.0,1.0,1.0,0.2622018933,0.275013988,0.04879194498,0.04939424992
3959,1.0,0.0,0.0,0.0,1.0,1.0,0.2545518763,0.272728959,0.04925125837,0.05082976818
3960,1.0,0.0,0.0,0.0,1.0,1.0,0.2541365858,0.2759401035,0.04836601019,0.05084633827
3961,1.0,0.0,0.0,0.0,1.0,1.0,0.2674904222,0.2968140566,0.05004650354,0.05368626118
3962,1.0,0.0,0.0,0.0,1.0,1.0,0.2612816015,0.2768725281,0.05109369755,0.05140715837
3963,1.0,0.0,0.0,0.0,1.0,1.0,0.2605857585,0.2803714371,0.05197119713,0.0538725853
3964,1.0,0.0,0.0,0.0,1.0,1.0,0.2701193395,0.2971762726,0.05189973116,0.05464738607
3965,1.0,0.0,0.0,0.0,1.0,1.0,0.2722027002,0.2884987471,0.04987102747,0.05047184229
3966,1.0,0.0,0.0,0.0,1.0,1.0,0.2590842423,0.2791545037,0.04898267984,0.05022275448
3967,1.0,0.0,0.0,0.0,1.0,1.0,0.2697682005,0.2882351743,0.05136412382,0.05229240656
3968,1.0,0.0,0.0,0.0,1.0,1.0,0.2522706585,0.2783682265,0.04890495539,0.05170845985
3969,1.0,0.0,0.0,0.0,1.0,1.0,0.2478870253,0.2669521143,0.04696327448,0.04905718565
3970,1.0,0.0,0.0,0.0,1.0,1.0,0.2455034037,0.2682208128,0.049931705,0.05178105831
3971,1.0,0.0,0.0,0.0,1.0,1.0,0.2267576525,0.2401254617,0.04269236326,0.04327714443
3972,1.0,0.0,0.0,0.0,1.0,1.0,0.2172701571,0.2217410533,0.04096025229,0.04037505388
3973,1.0,0.0,0.0,0.0,1.0,1.0,0.2294064819,0.2226480305,0.04182034731,0.03948074579
3974,1.0,0.0,0.0,0.0,1.0,1.0,0.2195865205,0.2118023587,0.04038494825,0.03800940514
3975,1.0,0.0,0.0,0.0,1.0,1.0,0.2215591998,0.218421042,0.04011005163,0.03864616156
3976,1.0,0.0,0.0,0.0,1.0,1.0,0.2057674172,0.2106666667,0.03930425644,0.03812217712
3977,1.0,0.0,0.0,0.0,1.0,1.0,0.2212388854,0.2198770379,0.04265749454,0.03937608004
3978,1.0,0.0,0.0,0.0,1.0,1.0,0.2126469711,0.2332031791,0.04187476635,0.04187482595
3979,1.0,0.0,0.0,0.0,1.0,1.0,0.2384686588,0.2657380165,0.04732608795,0.04792898893
3980,1.0,0.0,0.0,0.0,1.0,1.0,0.2202415808,0.2584172483,0.04297506809,0.04475337267
3981,1.0,0.0,0.0,0.0,1.0,1.0,0.2186279159,0.2722494423,0.0421730876,0.04578793049
3982,1.0,0.0,0.0,0.0,1.0,1.0,0.2189700093,0.2650851046,0.04176020622,0.04414653778
3983,1.0,0.0,0.0,0.0,1.0,1.0,0.2087650513,0.2772034065,0.03972697258,0.0459831357
3984,1.0,0.0,0.0,0.0,1.0,1.0,0.2005199035,0.259855017,0.03866243362,0.0435333252
3985,1.0,0.0,0.0,0.0,1.0,1.0,0.2161801919,0.2688027401,0.04346346855,0.04692792892
3986,1.0,0.0,0.0,0.0,1.0,1.0,0.2215670708,0.2717459034,0.04292160273,0.04600942135
3987,1.0,0.0,0.0,0.0,1.0,1.0,0.2002088106,0.2608029686,0.03833287954,0.04385274649
3988,1.0,0.0,0.0,0.0,1.0,1.0,0.1947382013,0.2507691827,0.03813636303,0.04349440336
3989,1.0,0.0,0.0,0.0,1.0,1.0,0.1955429178,0.2595721065,0.03749281168,0.04374158382
3990,1.0,0.0,0.0,0.0,1.0,1.0,0.1694774554,0.2435463152,0.03291636705,0.04153001308
3991,1.0,0.0,0.0,0.0,1.0,1.0,0.1466924559,0.2065266651,0.02838206291,0.0349317193
3992,1.0,0.0,0.0,0.0,1.0,1.0,0.08698242283,0.1640592512,0.01576972008,0.02690118551
3993,1.0,0.0,0.0,0.0,1.0,1.0,0.1129505016,0.1684451572,0.02038478851,0.02779746056
3994,1.0,0.0,0.0,0.0,1.0,1.0,0.1215777632,0.1553438484,0.02076894045,0.02535033226
3995,1.0,0.0,0.0,0.0,1.0,1.0,0.1284006978,0.1630296183,0.02130079269,0.02648204565
3996,1.0,0.0,0.0,0.0,1.0,1.0,0.1569091141,0.1688244233,0.02634328604,0.02863395214
3997,1.0,0.0,0.0,0.0,1.0,1.0,0.1706362372,0.1449191211,0.02766609192,0.02456074953
3998,1.0,0.0,0.0,0.0,1.0,1.0,0.1378542986,0.108710933,0.02040398121,0.01757001877
3999,1.0,0.0,0.0,0.0,1.0,1.0,0.1268281952,0.1170233623,0.02307486534,0.02404987812
4000,1.0,0.0,0.0,0.0,1.0,1.0,0.1387863942,0.1401085404,0.02626484632,0.03069913387
4001,1.0,0.0,0.0,0.0,1.0,1.0,0.2482859299,0.2073469449,0.04607957602,0.04641354084
4002,1.0,0.0,0.0,0.0,1.0,1.0,0.2829470665,0.2240638082,0.05167657137,0.05067640543
4003,1.0,0.0,0.0,0.0,1.0,1.0,0.3293830239,0.2520848107,0.0591763258,0.05748558044
4004,1.0,0.0,0.0,0.0,1.0,1.0,0.3438531121,0.2603336933,0.06143206358,0.05873179436
4005,1.0,0.0,0.0,0.0,1.0,1.0,0.3360277372,0.2544033526,0.05902373791,0.05666273832
4006,1.0,0.0,0.0,0.0,1.0,1.0,0.3305698791,0.2544310439,0.05975407362,0.0583562851
4007,1.0,0.0,0.0,0.0,1.0,1.0,0.3224006572,0.2403350886,0.05707842112,0.05506390333
4008,1.0,0.0,0.0,0.0,1.0,1.0,0.310235636,0.2405531929,0.05094778538,0.05125284195
4009,1.0,0.0,0.0,0.0,1.0,1.0,0.320183227,0.2443387256,0.0548158288,0.0548158288
4010,1.0,0.0,0.0,0.0,1.0,1.0,0.2983944858,0.2406588816,0.05441594124,0.05572718382
4011,1.0,0.0,0.0,0.0,1.0,1.0,0.2890159202,0.2477725376,0.05364948511,0.05718332529
4012,1.0,0.0,0.0,0.0,1.0,1.0,0.2843389653,0.2484568706,0.04980516434,0.05278748274
4013,1.0,0.0,0.0,0.0,1.0,1.0,0.2551021883,0.2411443238,0.04404127598,0.05007433891
4014,1.0,0.0,0.0,0.0,1.0,1.0,0.2575793918,0.2476493758,0.04454934597,0.05126219988
4015,1.0,0.0,0.0,0.0,1.0,1.0,0.2521413463,0.2435614594,0.04506725073,0.05159014463
4016,1.0,0.0,0.0,0.0,1.0,1.0,0.2511075905,0.2462601271,0.04673314095,0.0529229641
4017,1.0,0.0,0.0,0.0,1.0,1.0,0.251761459,0.2520714563,0.04733538628,0.05432444811
4018,1.0,0.0,0.0,0.0,1.0,1.0,0.2530884321,0.2588915596,0.0475820303,0.05567425489
4019,1.0,0.0,0.0,0.0,1.0,1.0,0.2459403394,0.2669131703,0.04398620129,0.05313766003
4020,1.0,0.0,0.0,0.0,1.0,1.0,0.2331489107,0.2581141909,0.04253602028,0.05116218328
4021,1.0,0.0,0.0,0.0,1.0,1.0,0.2210226671,0.2521115472,0.04166412354,0.0510917902
4022,1.0,0.0,0.0,0.0,1.0,1.0,0.2500648705,0.275075707,0.04759025574,0.05598849058
4023,1.0,0.0,0.0,0.0,1.0,1.0,0.2465730123,0.2795314077,0.04823213816,0.05755698681
4024,1.0,0.0,0.0,0.0,1.0,1.0,0.2400619394,0.2769154312,0.04542636871,0.0537700057
4025,1.0,0.0,0.0,0.0,1.0,1.0,0.2559349643,0.2809934359,0.05078923702,0.05657535791
4026,1.0,0.0,0.0,0.0,1.0,1.0,0.2597234765,0.2942435507,0.04899471998,0.05550664663
4027,1.0,0.0,0.0,0.0,1.0,1.0,0.2595951366,0.2975311446,0.0510032773,0.05769747496
4028,1.0,0.0,0.0,0.0,1.0,1.0,0.2502721375,0.2908075941,0.04871052504,0.05576074123
4029,1.0,0.0,0.0,0.0,1.0,1.0,0.2698493298,0.2994901004,0.05208325386,0.05626273155
4030,1.0,0.0,0.0,0.0,1.0,1.0,0.2355587347,0.268016595,0.0448756814,0.04968380928
4031,1.0,0.0,0.0,0.0,1.0,1.0,0.1281808924,0.2141660324,0.02297842503,0.03696537018
4032,1.0,0.0,0.0,0.0,1.0,1.0,0.1251634784,0.2342441001,0.02192473412,0.03926825523
4033,1.0,0.0,0.0,0.0,1.0,1.0,0.1588759098,0.2296013323,0.02940809727,0.04069262743
4034,1.0,0.0,0.0,0.0,1.0,1.0,0.2370358745,0.2663952159,0.04429078102,0.04792654514
4035,1.0,0.0,0.0,0.0,1.0,1.0,0.2629223295,0.2870735637,0.05141294003,0.05339032412
4036,1.0,0.0,0.0,0.0,1.0,1.0,0.2686311741,0.2948882266,0.05285799503,0.05482786894
4037,1.0,0.0,0.0,0.0,1.0,1.0,0.2757654636,0.2969870913,0.05280941725,0.05344957113
4038,1.0,0.0,0.0,0.0,1.0,1.0,0.2776228472,0.3121001694,0.05464196205,0.0572912693
4039,1.0,0.0,0.0,0.0,1.0,1.0,0.2767939139,0.2991160919,0.05102485418,0.05102485418
4040,1.0,0.0,0.0,0.0,1.0,1.0,0.2885485943,0.3110151971,0.05550134182,0.05519127846
4041,1.0,0.0,0.0,0.0,1.0,1.0,0.2976707882,0.2991162788,0.05794221163,0.05405783653
4042,1.0,0.0,0.0,0.0,1.0,1.0,0.2999982122,0.3051867107,0.05850934982,0.05527681112
4043,1.0,0.0,0.0,0.0,1.0,1.0,0.3133843236,0.3056898952,0.05941110849,0.05363053083
4044,1.0,0.0,0.0,0.0,1.0,1.0,0.3110151036,0.2922896567,0.05800807476,0.05051267147
4045,1.0,0.0,0.0,0.0,1.0,1.0,0.335216479,0.3013298823,0.06057423353,0.05160027742
4046,1.0,0.0,0.0,0.0,1.0,1.0,0.3471010819,0.3009679666,0.06328320503,0.05056291819
4047,1.0,0.0,0.0,0.0,1.0,1.0,0.3449937475,0.3028047165,0.05979055166,0.04897415638
4048,1.0,0.0,0.0,0.0,1.0,1.0,0.3477847457,0.2935167623,0.05969154835,0.04763269424
4049,1.0,0.0,0.0,0.0,1.0,1.0,0.3366540168,0.2663952308,0.05488753319,0.04145151377
4050,1.0,0.0,0.0,0.0,1.0,1.0,0.3436680273,0.2784420617,0.05499154329,0.04236584902
4051,1.0,0.0,0.0,0.0,1.0,1.0,0.3471745775,0.2757717193,0.05757200718,0.04332435131
4052,1.0,0.0,0.0,0.0,1.0,1.0,0.3486423894,0.2712239222,0.05364257097,0.04016315937
4053,1.0,0.0,0.0,0.0,1.0,1.0,0.3621423504,0.2831752794,0.05677896738,0.04258424044
4054,1.0,0.0,0.0,0.0,1.0,1.0,0.3668164607,0.2902790941,0.05843150616,0.04459989071
4055,1.0,0.0,0.0,0.0,1.0,1.0,0.3656929409,0.2808648856,0.05816072226,0.04347932339
4056,1.0,0.0,0.0,0.0,1.0,1.0,0.3632723712,0.2788295895,0.05726408958,0.04301786423
4057,1.0,0.0,0.0,0.0,1.0,1.0,0.3618368559,0.2796271525,0.06016159058,0.04526716471
4058,1.0,0.0,0.0,0.0,1.0,1.0,0.3686751743,0.2955336007,0.05862665176,0.04584544897
4059,1.0,0.0,0.0,0.0,1.0,1.0,0.359388259,0.2888455538,0.05966967344,0.04631501436
4060,1.0,0.0,0.0,0.0,1.0,1.0,0.3551316345,0.2870739067,0.05929666758,0.0457431674
4061,1.0,0.0,0.0,0.0,1.0,1.0,0.3551316435,0.2830586185,0.06236940622,0.04811352491
4062,1.0,0.0,0.0,0.0,1.0,1.0,0.3522621624,0.2838548513,0.06462967396,0.05020070076
4063,1.0,0.0,0.0,0.0,1.0,1.0,0.3531359924,0.2848239006,0.06301146746,0.04963642359
4064,1.0,0.0,0.0,0.0,1.0,1.0,0.3479905452,0.2778107525,0.06098288298,0.04739898443
4065,1.0,0.0,0.0,0.0,1.0,1.0,0.3556497024,0.2917833248,0.0633007884,0.05099231005
4066,1.0,0.0,0.0,0.0,1.0,1.0,0.3446917668,0.2800447694,0.0621714592,0.04967767
4067,1.0,0.0,0.0,0.0,1.0,1.0,0.3397118978,0.2870017093,0.06221014261,0.05109041929
4068,1.0,0.0,0.0,0.0,1.0,1.0,0.3130980795,0.2380426312,0.05475753546,0.0406358242
4069,1.0,0.0,0.0,0.0,1.0,1.0,0.3019895423,0.1851485099,0.05051535368,0.03097075224
4070,1.0,0.0,0.0,0.0,1.0,1.0,0.2991160809,0.1778369253,0.04876971245,0.02920347452
4071,1.0,0.0,0.0,0.0,1.0,1.0,0.3015856848,0.2041114714,0.05025213957,0.03389102221
4072,1.0,0.0,0.0,0.0,1.0,1.0,0.3102293639,0.250713094,0.05419719219,0.04306477308
4073,1.0,0.0,0.0,0.0,1.0,1.0,0.3132578503,0.2651580063,0.05653870106,0.04666686058
4074,1.0,0.0,0.0,0.0,1.0,1.0,0.3194261885,0.270892347,0.05613589287,0.04658699036
4075,1.0,0.0,0.0,0.0,1.0,1.0,0.3156133087,0.2785606684,0.0564956069,0.0485509038
4076,1.0,0.0,0.0,0.0,1.0,1.0,0.313550376,0.2733373241,0.054436028,0.04621392488
4077,1.0,0.0,0.0,0.0,1.0,1.0,0.312123338,0.2755937368,0.0552315712,0.04750490189
4078,1.0,0.0,0.0,0.0,1.0,1.0,0.3124280682,0.2759401492,0.05466544628,0.0469378233
4079,1.0,0.0,0.0,0.0,1.0,1.0,0.3154384053,0.2667429322,0.0557539463,0.04636383057
4080,1.0,0.0,0.0,0.0,1.0,1.0,0.3141338216,0.2649526385,0.05480152369,0.04557180405
4081,1.0,0.0,0.0,0.0,1.0,1.0,0.3181556358,0.2676474936,0.0558360219,0.04618901014
4082,1.0,0.0,0.0,0.0,1.0,1.0,0.312222596,0.2693413307,0.05613523722,0.04722487926
4083,1.0,0.0,0.0,0.0,1.0,1.0,0.3100579297,0.2600586126,0.05488544703,0.04466736317
4084,1.0,0.0,0.0,0.0,1.0,1.0,0.3060179594,0.259921978,0.05499380827,0.04534065723
4085,1.0,0.0,0.0,0.0,1.0,1.0,0.301779572,0.2725751259,0.05517137051,0.04805248976
4086,1.0,0.0,0.0,0.0,1.0,1.0,0.3096185493,0.2807797452,0.056643188,0.04930597544
4087,1.0,0.0,0.0,0.0,1.0,1.0,0.3112227649,0.2855549314,0.05550229549,0.04920822382
4088,1.0,0.0,0.0,0.0,1.0,1.0,0.3078924291,0.2698493273,0.05655986071,0.04797226191
4089,1.0,0.0,0.0,0.0,1.0,1.0,0.3169749246,0.279645076,0.05889678001,0.05078345537
4090,1.0,0.0,0.0,0.0,1.0,1.0,0.3108312817,0.2810931261,0.0561003685,0.04919570684
4091,1.0,0.0,0.0,0.0,1.0,1.0,0.315446538,0.2785329457,0.05789858103,0.04946106672
4092,1.0,0.0,0.0,0.0,1.0,1.0,0.3161985594,0.2768943066,0.0552546382,0.04692476988
4093,1.0,0.0,0.0,0.0,1.0,1.0,0.3172832065,0.2827369081,0.05673980713,0.04879623652
4094,1.0,0.0,0.0,0.0,1.0,1.0,0.3155290521,0.2801713797,0.05420684814,0.04705262184
4095,1.0,0.0,0.0,0.0,1.0,1.0,0.3209069705,0.28578802,0.05807286501,0.05056095123
4096,1.0,0.0,0.0,0.0,1.0,1.0,0.3224523417,0.2860243683,0.05657064915,0.04897159338
4097,1.0,0.0,0.0,0.0,1.0,1.0,0.3192438351,0.2855549045,0.05602294207,0.04842185974
4098,1.0,0.0,0.0,0.0,1.0,1.0,0.319244051,0.2789138471,0.0568716526,0.04801219702
4099,1.0,0.0,0.0,0.0,1.0,1.0,0.3166233055,0.2778055127,0.05642437935,0.04816019535
4100,1.0,0.0,0.0,0.0,1.0,1.0,0.3219894597,0.2902668832,0.05800896883,0.05054241419
4101,1.0,0.0,0.0,0.0,1.0,1.0,0.2975311815,0.2515603502,0.05076628923,0.04151058197
4102,1.0,0.0,0.0,0.0,1.0,1.0,0.259890023,0.1952312875,0.04134684801,0.03024697304
4103,1.0,0.0,0.0,0.0,1.0,1.0,0.259370807,0.194237993,0.04258775711,0.03123104572
4104,1.0,0.0,0.0,0.0,1.0,1.0,0.2942519457,0.2230590272,0.04897135496,0.03630638123
4105,1.0,0.0,0.0,0.0,1.0,1.0,0.3128402288,0.2540666358,0.05178695917,0.04115694761
4106,1.0,0.0,0.0,0.0,1.0,1.0,0.313740667,0.2623117935,0.05336993933,0.04346621037
4107,1.0,0.0,0.0,0.0,1.0,1.0,0.3213066491,0.2664075866,0.0546759367,0.0442353487
4108,1.0,0.0,0.0,0.0,1.0,1.0,0.3202092622,0.2664073188,0.0570256114,0.04636931419
4109,1.0,0.0,0.0,0.0,1.0,1.0,0.3191086083,0.2665178028,0.05378240347,0.04368114471
4110,1.0,0.0,0.0,0.0,1.0,1.0,0.3185923517,0.2674089642,0.05611151457,0.04557275772
4111,1.0,0.0,0.0,0.0,1.0,1.0,0.3304342639,0.2731805941,0.06140828133,0.04961061478
4112,1.0,0.0,0.0,0.0,1.0,1.0,0.3293616821,0.2697169933,0.05562454462,0.04466402531
4113,1.0,0.0,0.0,0.0,1.0,1.0,0.3240125913,0.2746809126,0.05577069521,0.04605937004
4114,1.0,0.0,0.0,0.0,1.0,1.0,0.3320779168,0.2768945385,0.05678790808,0.04636305571
4115,1.0,0.0,0.0,0.0,1.0,1.0,0.3283192752,0.274517815,0.05537950993,0.04533517361
4116,1.0,0.0,0.0,0.0,1.0,1.0,0.3259225546,0.2605103337,0.05523169041,0.04326027632
4117,1.0,0.0,0.0,0.0,1.0,1.0,0.3219356991,0.267177257,0.05721628666,0.04611456394
4118,1.0,0.0,0.0,0.0,1.0,1.0,0.3267098248,0.2730262114,0.05802500248,0.04716312885
4119,1.0,0.0,0.0,0.0,1.0,1.0,0.3227113497,0.2800449182,0.05667740107,0.04709017277
4120,1.0,0.0,0.0,0.0,1.0,1.0,0.3224522738,0.2765123091,0.05534297228,0.04570615292
4121,1.0,0.0,0.0,0.0,1.0,1.0,0.3266784822,0.275765687,0.05593186617,0.04568690062
4122,1.0,0.0,0.0,0.0,1.0,1.0,0.3256247639,0.2807796632,0.05715376139,0.04753381014
4123,1.0,0.0,0.0,0.0,1.0,1.0,0.3277652677,0.2800448029,0.05820393562,0.04788202047
4124,1.0,0.0,0.0,0.0,1.0,1.0,0.327791486,0.2815095027,0.05582308769,0.04624557495
4125,1.0,0.0,0.0,0.0,1.0,1.0,0.3230196831,0.2829544563,0.05584424734,0.0472740531
4126,1.0,0.0,0.0,0.0,1.0,1.0,0.3182224571,0.2798437096,0.05785369873,0.04884129763
4127,1.0,0.0,0.0,0.0,1.0,1.0,0.3213068082,0.2833985607,0.05467575788,0.04643315077
4128,1.0,0.0,0.0,0.0,1.0,1.0,0.322921645,0.2800449312,0.05673509836,0.04737377167
4129,1.0,0.0,0.0,0.0,1.0,1.0,0.3218815157,0.2774368802,0.05643129349,0.04683792591
4130,1.0,0.0,0.0,0.0,1.0,1.0,0.3219357546,0.2848411757,0.05497038364,0.0467658639
4131,1.0,0.0,0.0,0.0,1.0,1.0,0.3193105217,0.2731807288,0.05451136827,0.04469931126
4132,1.0,0.0,0.0,0.0,1.0,1.0,0.3182224645,0.2748463785,0.05765759945,0.04780650139
4133,1.0,0.0,0.0,0.0,1.0,1.0,0.3219893112,0.281299823,0.05755674839,0.04843884706
4134,1.0,0.0,0.0,0.0,1.0,1.0,0.32517733,0.2779904099,0.05726337433,0.04715806246
4135,1.0,0.0,0.0,0.0,1.0,1.0,0.3241432761,0.2787222373,0.05484253168,0.04543328285
4136,1.0,0.0,0.0,0.0,1.0,1.0,0.3262178889,0.2731809941,0.05758196115,0.04629141092
4137,1.0,0.0,0.0,0.0,1.0,1.0,0.3251003142,0.27576571,0.05902004242,0.04820942879
4138,1.0,0.0,0.0,0.0,1.0,1.0,0.3245773875,0.2715151589,0.05928897858,0.04784214497
4139,1.0,0.0,0.0,0.0,1.0,1.0,0.3283189517,0.276512076,0.05602794886,0.04559135437
4140,1.0,0.0,0.0,0.0,1.0,1.0,0.3253622376,0.273180521,0.05642527342,0.04581058025
4141,1.0,0.0,0.0,0.0,1.0,1.0,0.3218815638,0.2724231241,0.05703186989,0.04648095369
4142,1.0,0.0,0.0,0.0,1.0,1.0,0.3304862592,0.2772536926,0.0576416254,0.04650312662
4143,1.0,0.0,0.0,0.0,1.0,1.0,0.3245778998,0.2798437385,0.05761247873,0.04791527987
4144,1.0,0.0,0.0,0.0,1.0,1.0,0.3272932844,0.2789139838,0.05636042356,0.04618805647
4145,1.0,0.0,0.0,0.0,1.0,1.0,0.3252151821,0.2754237748,0.05750304461,0.04684394598
4146,1.0,0.0,0.0,0.0,1.0,1.0,0.3255100316,0.2799738525,0.05800074339,0.0484277606
4147,1.0,0.0,0.0,0.0,1.0,1.0,0.3281276389,0.2710906858,0.05923265219,0.04750061035
4148,1.0,0.0,0.0,0.0,1.0,1.0,0.3270902288,0.2734626823,0.05962115526,0.04838812351
4149,1.0,0.0,0.0,0.0,1.0,1.0,0.3236738578,0.2734625436,0.05857175589,0.04800021648
4150,1.0,0.0,0.0,0.0,1.0,1.0,0.3215867198,0.2758200863,0.05750757456,0.04792302847
4151,1.0,0.0,0.0,0.0,1.0,1.0,0.3294688747,0.2718351716,0.05848866701,0.04673498869
4152,1.0,0.0,0.0,0.0,1.0,1.0,0.3270612402,0.2661912851,0.05825120211,0.04609197378
4153,1.0,0.0,0.0,0.0,1.0,1.0,0.336335396,0.2839327138,0.05960375071,0.04943442345
4154,1.0,0.0,0.0,0.0,1.0,1.0,0.3272932027,0.2818097933,0.05951297283,0.04993283749
4155,1.0,0.0,0.0,0.0,1.0,1.0,0.3310253869,0.2806873932,0.05885207653,0.04894906282
4156,1.0,0.0,0.0,0.0,1.0,1.0,0.3299745761,0.2799742066,0.05939918756,0.04911857843
4157,1.0,0.0,0.0,0.0,1.0,1.0,0.3400991755,0.291640439,0.05745995045,0.04824465513
4158,1.0,0.0,0.0,0.0,1.0,1.0,0.3320779783,0.2818098215,0.05891138315,0.04895049334
4159,1.0,0.0,0.0,0.0,1.0,1.0,0.3304860685,0.2790650805,0.05751031637,0.04778641462
4160,1.0,0.0,0.0,0.0,1.0,1.0,0.3089184279,0.2423398171,0.05272215605,0.0408808589
4161,1.0,0.0,0.0,0.0,1.0,1.0,0.2875833894,0.182041015,0.04574102163,0.02879989147
4162,1.0,0.0,0.0,0.0,1.0,1.0,0.2918723207,0.1796152122,0.04536312819,0.02776777744
4163,1.0,0.0,0.0,0.0,1.0,1.0,0.3108631662,0.2271457118,0.05600088835,0.04064577818
4164,1.0,0.0,0.0,0.0,1.0,1.0,0.306253929,0.2389968046,0.05310899019,0.04083108902
4165,1.0,0.0,0.0,0.0,1.0,1.0,0.3217159383,0.2631860461,0.05711901188,0.0458111167
4166,1.0,0.0,0.0,0.0,1.0,1.0,0.3261168018,0.271371495,0.05658471584,0.04616856575
4167,1.0,0.0,0.0,0.0,1.0,1.0,0.3228719133,0.2721253468,0.05623579025,0.04662764072
4168,1.0,0.0,0.0,0.0,1.0,1.0,0.3272367129,0.2743565512,0.05716669559,0.04731035233
4169,1.0,0.0,0.0,0.0,1.0,1.0,0.323396857,0.2638793809,0.05389368534,0.04333162308
4170,1.0,0.0,0.0,0.0,1.0,1.0,0.3309623798,0.2697168945,0.05527341366,0.04460185766
4171,1.0,0.0,0.0,0.0,1.0,1.0,0.3298650343,0.2665180998,0.05741995573,0.04570746422
4172,1.0,0.0,0.0,0.0,1.0,1.0,0.3331471886,0.2649527338,0.06104516983,0.04751300812
4173,1.0,0.0,0.0,0.0,1.0,1.0,0.3315222268,0.2715149804,0.05796712637,0.04631686211
4174,1.0,0.0,0.0,0.0,1.0,1.0,0.337453057,0.2787220622,0.05608838797,0.04535371065
4175,1.0,0.0,0.0,0.0,1.0,1.0,0.3358381648,0.2752560245,0.05796146393,0.04681503773
4176,1.0,0.0,0.0,0.0,1.0,1.0,0.3272364115,0.2713716502,0.05726832151,0.04626607895
4177,1.0,0.0,0.0,0.0,1.0,1.0,0.3217713592,0.250696086,0.05460345745,0.04136627913
4178,1.0,0.0,0.0,0.0,1.0,1.0,0.3211324538,0.2515373815,0.05442786217,0.04165393114
4179,1.0,0.0,0.0,0.0,1.0,1.0,0.3244091173,0.2573815068,0.05603647232,0.04358392954
4180,1.0,0.0,0.0,0.0,1.0,1.0,0.3218266736,0.2548576253,0.05629974604,0.0432857275
4181,1.0,0.0,0.0,0.0,1.0,1.0,0.3218266222,0.2531481102,0.05505877733,0.04260832071
4182,1.0,0.0,0.0,0.0,1.0,1.0,0.3178553831,0.2465290098,0.05520540476,0.04211544991
4183,1.0,0.0,0.0,0.0,1.0,1.0,0.3225622964,0.2642592702,0.05212056637,0.04212856293
4184,1.0,0.0,0.0,0.0,1.0,1.0,0.314257272,0.2299755967,0.04953384399,0.03600007296
4185,1.0,0.0,0.0,0.0,1.0,1.0,0.3042581421,0.1684043037,0.04471307993,0.02493095398
4186,1.0,0.0,0.0,0.0,1.0,1.0,0.3159156303,0.200269713,0.04700094461,0.02990967035
4187,1.0,0.0,0.0,0.0,1.0,1.0,0.3396162472,0.208377937,0.04906874895,0.0302824378
4188,1.0,0.0,0.0,0.0,1.0,1.0,0.3298940897,0.2103074074,0.04547119141,0.02932757139
4189,1.0,0.0,0.0,0.0,1.0,1.0,0.316751927,0.2096868502,0.0463783741,0.03082293272
4190,1.0,0.0,0.0,0.0,1.0,1.0,0.3029194793,0.204519184,0.04450184107,0.03004586697
4191,1.0,0.0,0.0,0.0,1.0,1.0,0.2973385848,0.1991075231,0.0429803133,0.02828383446
4192,1.0,0.0,0.0,0.0,1.0,1.0,0.2699222379,0.1495513567,0.04040771723,0.02238804102
4193,1.0,0.0,0.0,0.0,1.0,1.0,0.2899405581,0.2298369166,0.04661995173,0.03619903326
4194,1.0,0.0,0.0,0.0,1.0,1.0,0.3070071856,0.2584174761,0.05030983686,0.04128688574
4195,1.0,0.0,0.0,0.0,1.0,1.0,0.3194936554,0.2761171221,0.05333912373,0.04458606243
4196,1.0,0.0,0.0,0.0,1.0,1.0,0.315963226,0.2772422501,0.05114543438,0.04360818863
4197,1.0,0.0,0.0,0.0,1.0,1.0,0.3124280511,0.2799122213,0.05238372087,0.04470437765
4198,1.0,0.0,0.0,0.0,1.0,1.0,0.3150947923,0.2884985654,0.05431091785,0.04752206802
4199,1.0,0.0,0.0,0.0,1.0,1.0,0.2817218074,0.2524720942,0.04511058331,0.03893470764
4200,1.0,0.0,0.0,0.0,1.0,1.0,0.2447610292,0.1840057196,0.03766393661,0.02710664272
4201,1.0,0.0,0.0,0.0,1.0,1.0,0.2470530072,0.2374153549,0.03741753101,0.0351498127
4202,1.0,0.0,0.0,0.0,1.0,1.0,0.2427489391,0.2399454267,0.03535211086,0.0334187746
4203,1.0,0.0,0.0,0.0,1.0,1.0,0.2460749099,0.2271459382,0.0377882123,0.03342801332
4204,1.0,0.0,0.0,0.0,1.0,1.0,0.2409199731,0.2508480568,0.03588968515,0.0356093049
4205,1.0,0.0,0.0,0.0,1.0,1.0,0.2310845147,0.2378672187,0.03312122822,0.03284525871
4206,1.0,0.0,0.0,0.0,1.0,1.0,0.225495415,0.2399453315,0.03426831961,0.0351395607
4207,1.0,0.0,0.0,0.0,1.0,1.0,0.2369616996,0.2408293636,0.03504288197,0.03391242027
4208,1.0,0.0,0.0,0.0,1.0,1.0,0.2216735156,0.2458629748,0.03316062689,0.03516173363
4209,1.0,0.0,0.0,0.0,1.0,1.0,0.2178513954,0.2468502765,0.03274095058,0.03532582521
4210,1.0,0.0,0.0,0.0,1.0,1.0,0.2163545435,0.2528708021,0.03190606833,0.03557664156
4211,1.0,0.0,0.0,0.0,1.0,1.0,0.2182690187,0.2438156528,0.03232640028,0.03431135416
4212,1.0,0.0,0.0,0.0,1.0,1.0,0.2235846446,0.2508639102,0.03387099504,0.03618693352
4213,1.0,0.0,0.0,0.0,1.0,1.0,0.2272333439,0.2427794813,0.0330696106,0.03363013268
4214,1.0,0.0,0.0,0.0,1.0,1.0,0.219530935,0.2478454566,0.03185534477,0.03437018394
4215,1.0,0.0,0.0,0.0,1.0,1.0,0.2325621084,0.2438638352,0.03443855047,0.03472322226
4216,1.0,0.0,0.0,0.0,1.0,1.0,0.2401758932,0.2448430279,0.03605163097,0.03547012806
4217,1.0,0.0,0.0,0.0,1.0,1.0,0.2411783387,0.2478454157,0.03487789631,0.03431981802
4218,1.0,0.0,0.0,0.0,1.0,1.0,0.2392484958,0.2458305399,0.03518664837,0.03461915255
4219,1.0,0.0,0.0,0.0,1.0,1.0,0.2208503323,0.2080550144,0.03295081854,0.02987915277
4220,1.0,0.0,0.0,0.0,1.0,1.0,0.2030951738,0.1850818853,0.03074270487,0.02696728706
4221,1.0,0.0,0.0,0.0,1.0,1.0,0.239592212,0.2105965261,0.03913015127,0.0329810977
4222,1.0,0.0,0.0,0.0,1.0,1.0,0.2841389568,0.2610997556,0.04734486341,0.04156434536
4223,1.0,0.0,0.0,0.0,1.0,1.0,0.2961919548,0.2783912143,0.0494184494,0.04444903135
4224,1.0,0.0,0.0,0.0,1.0,1.0,0.3029608625,0.2808776308,0.05073302984,0.04494285583
4225,1.0,0.0,0.0,0.0,1.0,1.0,0.3056145377,0.2818494167,0.05125457048,0.04515939951
4226,1.0,0.0,0.0,0.0,1.0,1.0,0.3082691976,0.2848241005,0.05356532335,0.04708117247
4227,1.0,0.0,0.0,0.0,1.0,1.0,0.3096632506,0.29121645,0.05250233412,0.04694646597
4228,1.0,0.0,0.0,0.0,1.0,1.0,0.3136457067,0.2838547851,0.0521197319,0.04509842396
4229,1.0,0.0,0.0,0.0,1.0,1.0,0.3122250606,0.280249119,0.05212706327,0.0446035862
4230,1.0,0.0,0.0,0.0,1.0,1.0,0.3066469206,0.2804557001,0.05263769627,0.0459535718
4231,1.0,0.0,0.0,0.0,1.0,1.0,0.3228212539,0.3008524955,0.05473220348,0.04892730713
4232,1.0,0.0,0.0,0.0,1.0,1.0,0.3092738164,0.2811989322,0.05209898949,0.04551804066
4233,1.0,0.0,0.0,0.0,1.0,1.0,0.3016261334,0.2702572274,0.05149906874,0.04426133633
4234,1.0,0.0,0.0,0.0,1.0,1.0,0.2894825149,0.2557890077,0.04891258478,0.04126137495
4235,1.0,0.0,0.0,0.0,1.0,1.0,0.2579204644,0.2069020819,0.04140406847,0.03214263916
4236,1.0,0.0,0.0,0.0,1.0,1.0,0.2457340706,0.1634066361,0.03719937801,0.02387422323
4237,1.0,0.0,0.0,0.0,1.0,1.0,0.2452843929,0.1829168761,0.03814452887,0.02761209011
4238,1.0,0.0,0.0,0.0,1.0,1.0,0.2627210284,0.1815465836,0.03819453716,0.02590817213
4239,1.0,0.0,0.0,0.0,1.0,1.0,0.2688667278,0.1892882193,0.04093337059,0.02822989225
4240,1.0,0.0,0.0,0.0,1.0,1.0,0.2447986156,0.1760382767,0.03711754084,0.02595442533
4241,1.0,0.0,0.0,0.0,1.0,1.0,0.255931818,0.1748070179,0.03788644075,0.0254419446
4242,1.0,0.0,0.0,0.0,1.0,1.0,0.26777518,0.1818910786,0.04072207212,0.0272436738
4243,1.0,0.0,0.0,0.0,1.0,1.0,0.2612178368,0.1857201113,0.03946948051,0.02774304152
4244,1.0,0.0,0.0,0.0,1.0,1.0,0.2768854336,0.190278113,0.04060798883,0.02753549814
4245,1.0,0.0,0.0,0.0,1.0,1.0,0.2601545348,0.1786072014,0.03885114193,0.02627336979
4246,1.0,0.0,0.0,0.0,1.0,1.0,0.2683328245,0.1665736463,0.03913426399,0.02410441637
4247,1.0,0.0,0.0,0.0,1.0,1.0,0.2833668171,0.1659307392,0.04207724333,0.02445030212
4248,1.0,0.0,0.0,0.0,1.0,1.0,0.2950730727,0.1866658973,0.04358291626,0.02699327469
4249,1.0,0.0,0.0,0.0,1.0,1.0,0.3036041816,0.17423204,0.04470354319,0.02526718378
4250,1.0,0.0,0.0,0.0,1.0,1.0,0.298484721,0.1717789165,0.04138070345,0.02349352837
4251,1.0,0.0,0.0,0.0,1.0,1.0,0.2931698672,0.1678599344,0.04450112581,0.02514022589
4252,1.0,0.0,0.0,0.0,1.0,1.0,0.2964122183,0.1640011832,0.0439106822,0.02392572165
4253,1.0,0.0,0.0,0.0,1.0,1.0,0.3032657386,0.1652770966,0.04384899139,0.02344125509
4254,1.0,0.0,0.0,0.0,1.0,1.0,0.2928422908,0.1518382133,0.04358667135,0.02221512794
4255,1.0,0.0,0.0,0.0,1.0,1.0,0.2926542617,0.1371412984,0.04301261902,0.01974791288
4256,1.0,0.0,0.0,0.0,1.0,1.0,0.2712513062,0.1258424554,0.0402815938,0.01865392923
4257,1.0,0.0,0.0,0.0,1.0,1.0,0.2648698006,0.1438043018,0.04176801443,0.02227622271
4258,1.0,0.0,0.0,0.0,1.0,1.0,0.275356593,0.1799693497,0.04364007711,0.02774643898
4259,1.0,0.0,0.0,0.0,1.0,1.0,0.287692925,0.2148971838,0.0458766222,0.03341305256
4260,1.0,0.0,0.0,0.0,1.0,1.0,0.2923987334,0.2296016607,0.04879420996,0.03749161959
4261,1.0,0.0,0.0,0.0,1.0,1.0,0.3009775141,0.2523843788,0.0486754179,0.039681077
4262,1.0,0.0,0.0,0.0,1.0,1.0,0.2946240979,0.2422891705,0.04807883501,0.03825056553
4263,1.0,0.0,0.0,0.0,1.0,1.0,0.3126292773,0.2623949409,0.05276685953,0.04292428493
4264,1.0,0.0,0.0,0.0,1.0,1.0,0.3136461249,0.2582449494,0.0539740324,0.04306733608
4265,1.0,0.0,0.0,0.0,1.0,1.0,0.3211321665,0.2707518216,0.05134570599,0.0424388051
4266,1.0,0.0,0.0,0.0,1.0,1.0,0.315005552,0.2659531548,0.05205458403,0.04278832674
4267,1.0,0.0,0.0,0.0,1.0,1.0,0.3097780531,0.2598546925,0.05195778608,0.04266005754
4268,1.0,0.0,0.0,0.0,1.0,1.0,0.3141570179,0.2648519977,0.04987710714,0.04109042883
4269,1.0,0.0,0.0,0.0,1.0,1.0,0.3114084894,0.2615989313,0.05147510767,0.04204249382
4270,1.0,0.0,0.0,0.0,1.0,1.0,0.3189007652,0.2675272665,0.05075824261,0.0416008234
4271,1.0,0.0,0.0,0.0,1.0,1.0,0.321012777,0.2615990213,0.05328959227,0.04285144806
4272,1.0,0.0,0.0,0.0,1.0,1.0,0.3122223188,0.2490193121,0.05215120316,0.04083800316
4273,1.0,0.0,0.0,0.0,1.0,1.0,0.3071289878,0.2153970641,0.0501306653,0.03462064266
4274,1.0,0.0,0.0,0.0,1.0,1.0,0.2832926613,0.165387885,0.04396414757,0.02539539337
4275,1.0,0.0,0.0,0.0,1.0,1.0,0.3086509716,0.1337545167,0.04502040148,0.01929450035
4276,1.0,0.0,0.0,0.0,1.0,1.0,0.3061021114,0.1456749951,0.04565215111,0.02172601223
4277,1.0,0.0,0.0,0.0,1.0,1.0,0.3027508718,0.1459040586,0.04648995399,0.02240478992
4278,1.0,0.0,0.0,0.0,1.0,1.0,0.3171661898,0.1506512089,0.04680937529,0.02231609821
4279,1.0,0.0,0.0,0.0,1.0,1.0,0.3071011686,0.1562764493,0.04671436548,0.02377182245
4280,1.0,0.0,0.0,0.0,1.0,1.0,0.3116342993,0.1548952684,0.04632377625,0.02302485704
4281,1.0,0.0,0.0,0.0,1.0,1.0,0.3115140991,0.1566286453,0.04500609636,0.02250301838
4282,1.0,0.0,0.0,0.0,1.0,1.0,0.3217900698,0.1608948522,0.04825717211,0.02412855625
4283,1.0,0.0,0.0,0.0,1.0,1.0,0.3120931408,0.1491707577,0.04745459557,0.02259749174
4284,1.0,0.0,0.0,0.0,1.0,1.0,0.3106124168,0.1513751334,0.04651039839,0.02270799875
4285,1.0,0.0,0.0,0.0,1.0,1.0,0.3079565596,0.1425061357,0.0467697382,0.02151983976
4286,1.0,0.0,0.0,0.0,1.0,1.0,0.3069448721,0.1301162408,0.04483520985,0.01886361837
4287,1.0,0.0,0.0,0.0,1.0,1.0,0.3050731141,0.1216549685,0.04411697388,0.01759266853
4288,1.0,0.0,0.0,0.0,1.0,1.0,0.2990894209,0.1281810312,0.04355370998,0.01866585016
4289,1.0,0.0,0.0,0.0,1.0,1.0,0.2913500883,0.1351098473,0.04320037365,0.01995968819
4290,1.0,0.0,0.0,0.0,1.0,1.0,0.2884419643,0.1377906835,0.04158115387,0.0198636055
4291,1.0,0.0,0.0,0.0,1.0,1.0,0.2831754031,0.1406622639,0.04157203436,0.02065014839
4292,1.0,0.0,0.0,0.0,1.0,1.0,0.2942703233,0.1701949396,0.04408627748,0.02526897192
4293,1.0,0.0,0.0,0.0,1.0,1.0,0.3022789147,0.1942378645,0.04691809416,0.02983230352
4294,1.0,0.0,0.0,0.0,1.0,1.0,0.2934459372,0.1922002974,0.04708564281,0.0304671526
4295,1.0,0.0,0.0,0.0,1.0,1.0,0.297779112,0.2072012413,0.04641270638,0.03174197674
4296,1.0,0.0,0.0,0.0,1.0,1.0,0.2989779891,0.1978061496,0.04856681824,0.03163784742
4297,1.0,0.0,0.0,0.0,1.0,1.0,0.2975961404,0.1978063274,0.04789662361,0.03156197071
4298,1.0,0.0,0.0,0.0,1.0,1.0,0.3003417012,0.1998885195,0.04866123199,0.03189098835
4299,1.0,0.0,0.0,0.0,1.0,1.0,0.2993251443,0.2016117808,0.04898315668,0.03237873316
4300,1.0,0.0,0.0,0.0,1.0,1.0,0.2929684542,0.2141661849,0.04825365543,0.03391546011
4301,1.0,0.0,0.0,0.0,1.0,1.0,0.3059855429,0.2498605737,0.05049043894,0.03978866339
4302,1.0,0.0,0.0,0.0,1.0,1.0,0.298836199,0.2352639561,0.04919117689,0.03744000196
4303,1.0,0.0,0.0,0.0,1.0,1.0,0.3043226804,0.2327467322,0.05094981194,0.03786432743
4304,1.0,0.0,0.0,0.0,1.0,1.0,0.2704579642,0.1495515778,0.0415161252,0.02254521847
4305,1.0,0.0,0.0,0.0,1.0,1.0,0.2873849599,0.1480653706,0.04346626997,0.02214843035
4306,1.0,0.0,0.0,0.0,1.0,1.0,0.2922019442,0.165306934,0.04413169622,0.0244551301
4307,1.0,0.0,0.0,0.0,1.0,1.0,0.3073754826,0.1836098063,0.04537630081,0.02700310946
4308,1.0,0.0,0.0,0.0,1.0,1.0,0.3092611328,0.1697527578,0.04622918367,0.0250878334
4309,1.0,0.0,0.0,0.0,1.0,1.0,0.3111469427,0.1773820299,0.04630064964,0.02609676123
4310,1.0,0.0,0.0,0.0,1.0,1.0,0.2990754936,0.1735671623,0.04452395439,0.02564352751
4311,1.0,0.0,0.0,0.0,1.0,1.0,0.3160138645,0.1723174139,0.04734349251,0.02566814423
4312,1.0,0.0,0.0,0.0,1.0,1.0,0.3161113975,0.1805076279,0.04619282484,0.0262773633
4313,1.0,0.0,0.0,0.0,1.0,1.0,0.3192132564,0.1773818671,0.04782527685,0.02647471428
4314,1.0,0.0,0.0,0.0,1.0,1.0,0.298340879,0.1527451751,0.04464942217,0.02260380983
4315,1.0,0.0,0.0,0.0,1.0,1.0,0.2798439006,0.1382990277,0.04176747799,0.02034127712
4316,1.0,0.0,0.0,0.0,1.0,1.0,0.2751574146,0.159409034,0.04310244322,0.02474910021
4317,1.0,0.0,0.0,0.0,1.0,1.0,0.284069987,0.1854089141,0.04521632195,0.02894949913
4318,1.0,0.0,0.0,0.0,1.0,1.0,0.295443244,0.2161423089,0.04805600643,0.03432571888
4319,1.0,0.0,0.0,0.0,1.0,1.0,0.2996651846,0.2175655433,0.0474922657,0.03396093845
4320,1.0,0.0,0.0,0.0,1.0,1.0,0.2966837092,0.2096145231,0.04812407494,0.03360617161
4321,1.0,0.0,0.0,0.0,1.0,1.0,0.2919904806,0.2141663443,0.04770874977,0.0343503356
4322,1.0,0.0,0.0,0.0,1.0,1.0,0.3013389959,0.2151340612,0.04817312956,0.03398883343
4323,1.0,0.0,0.0,0.0,1.0,1.0,0.295821396,0.2141660403,0.04721093178,0.03360778093
4324,1.0,0.0,0.0,0.0,1.0,1.0,0.2624434058,0.1466569253,0.0406088829,0.02252954245
4325,1.0,0.0,0.0,0.0,1.0,1.0,0.2704153905,0.142513153,0.04098808765,0.02132493258
4326,1.0,0.0,0.0,0.0,1.0,1.0,0.3076674933,0.1646589623,0.04570573568,0.02441424131
4327,1.0,0.0,0.0,0.0,1.0,1.0,0.2956366304,0.1640305834,0.04261136055,0.02364242077
4328,1.0,0.0,0.0,0.0,1.0,1.0,0.2948544563,0.1602159195,0.0427312851,0.02330797911
4329,1.0,0.0,0.0,0.0,1.0,1.0,0.3072216021,0.1762578822,0.04578876495,0.02637195587
4330,1.0,0.0,0.0,0.0,1.0,1.0,0.3081132318,0.1710584862,0.04593247175,0.02554994822
4331,1.0,0.0,0.0,0.0,1.0,1.0,0.3099047164,0.1678600271,0.04591012001,0.02496361732
4332,1.0,0.0,0.0,0.0,1.0,1.0,0.309261362,0.1476449354,0.04467171431,0.02124631405
4333,1.0,0.0,0.0,0.0,1.0,1.0,0.2881941312,0.116040082,0.04351198673,0.0172932148
4334,1.0,0.0,0.0,0.0,1.0,1.0,0.2909333013,0.1884760198,0.04492914677,0.02880752087
4335,1.0,0.0,0.0,0.0,1.0,1.0,0.300996669,0.2144070601,0.04958534241,0.03479188681
4336,1.0,0.0,0.0,0.0,1.0,1.0,0.3095470837,0.2422889437,0.05107063055,0.03911793232
4337,1.0,0.0,0.0,0.0,1.0,1.0,0.3171782828,0.246484339,0.05202627182,0.0395616889
4338,1.0,0.0,0.0,0.0,1.0,1.0,0.3127389455,0.2380428751,0.05079698563,0.03789621592
4339,1.0,0.0,0.0,0.0,1.0,1.0,0.3172570949,0.261598848,0.05103904009,0.0412543416
4340,1.0,0.0,0.0,0.0,1.0,1.0,0.3200183417,0.2573813047,0.05478495359,0.04326605797
4341,1.0,0.0,0.0,0.0,1.0,1.0,0.3210729902,0.2573810505,0.05208927393,0.04113709927
4342,1.0,0.0,0.0,0.0,1.0,1.0,0.3122223209,0.2456538996,0.05174320936,0.03997093439
4343,1.0,0.0,0.0,0.0,1.0,1.0,0.3089184681,0.2507016887,0.05202388763,0.04145216942
4344,1.0,0.0,0.0,0.0,1.0,1.0,0.3085524525,0.2279131222,0.05013954639,0.03678715229
4345,1.0,0.0,0.0,0.0,1.0,1.0,0.2920905348,0.1784717154,0.04637980461,0.02793961763
4346,1.0,0.0,0.0,0.0,1.0,1.0,0.2945723308,0.1765799968,0.04526144266,0.02694135904
4347,1.0,0.0,0.0,0.0,1.0,1.0,0.2919518476,0.1689704949,0.0444611907,0.02564018965
4348,1.0,0.0,0.0,0.0,1.0,1.0,0.2725751343,0.1477280343,0.04208952188,0.02272838354
4349,1.0,0.0,0.0,0.0,1.0,1.0,0.2673781369,0.1411850135,0.04116982222,0.02157866955
4350,1.0,0.0,0.0,0.0,1.0,1.0,0.2705671949,0.141185171,0.04106992483,0.02123343945
4351,1.0,0.0,0.0,0.0,1.0,1.0,0.2666389468,0.1427777203,0.04105114937,0.02178227901
4352,1.0,0.0,0.0,0.0,1.0,1.0,0.2626270967,0.1451396798,0.04019165039,0.02204960585
4353,1.0,0.0,0.0,0.0,1.0,1.0,0.2685887047,0.1419874519,0.04095047712,0.02145028114
4354,1.0,0.0,0.0,0.0,1.0,1.0,0.2796946385,0.1371414121,0.04137891531,0.02013772726
4355,1.0,0.0,0.0,0.0,1.0,1.0,0.3000069683,0.1991895529,0.04779487848,0.03167802095
4356,1.0,0.0,0.0,0.0,1.0,1.0,0.305985743,0.2498605693,0.05129134655,0.04125607014
4357,1.0,0.0,0.0,0.0,1.0,1.0,0.3188301092,0.2692100024,0.05266058445,0.04365646839
4358,1.0,0.0,0.0,0.0,1.0,1.0,0.3242781744,0.2761172719,0.05377870798,0.04495352507
4359,1.0,0.0,0.0,0.0,1.0,1.0,0.3243222547,0.2761171848,0.05452769995,0.04534703493
4360,1.0,0.0,0.0,0.0,1.0,1.0,0.3210129474,0.2718077193,0.05378991365,0.04464006424
4361,1.0,0.0,0.0,0.0,1.0,1.0,0.3364294434,0.2961311118,0.05623823404,0.04828262329
4362,1.0,0.0,0.0,0.0,1.0,1.0,0.3364292726,0.3011783122,0.05574095249,0.04867136478
4363,1.0,0.0,0.0,0.0,1.0,1.0,0.3238778319,0.2807795079,0.05479425192,0.04649209976
4364,1.0,0.0,0.0,0.0,1.0,1.0,0.3390676085,0.3001681675,0.05939972401,0.05063122511
4365,1.0,0.0,0.0,0.0,1.0,1.0,0.3261508312,0.2867526819,0.0562646389,0.04762995243
4366,1.0,0.0,0.0,0.0,1.0,1.0,0.328848829,0.2898382229,0.05627053976,0.04799544811
4367,1.0,0.0,0.0,0.0,1.0,1.0,0.3282957512,0.288429625,0.05621850491,0.0476334095
4368,1.0,0.0,0.0,0.0,1.0,1.0,0.3240124562,0.2917834631,0.05519419909,0.04778009653
4369,1.0,0.0,0.0,0.0,1.0,1.0,0.3266469462,0.2886902195,0.05675899982,0.04828751087
4370,1.0,0.0,0.0,0.0,1.0,1.0,0.3239235931,0.2860356747,0.05498284101,0.04697024822
4371,1.0,0.0,0.0,0.0,1.0,1.0,0.3266469933,0.2927659431,0.05616247654,0.04861825705
4372,1.0,0.0,0.0,0.0,1.0,1.0,0.3304473776,0.2974926182,0.05790197849,0.05052232742
4373,1.0,0.0,0.0,0.0,1.0,1.0,0.320788484,0.2867526492,0.05599445105,0.04811584949
4374,1.0,0.0,0.0,0.0,1.0,1.0,0.3044659041,0.2481722764,0.05078333616,0.04057145119
4375,1.0,0.0,0.0,0.0,1.0,1.0,0.2789138971,0.1708139645,0.04311645031,0.02598047256
4376,1.0,0.0,0.0,0.0,1.0,1.0,0.2801461766,0.1249303443,0.04107546806,0.01803994179
4377,1.0,0.0,0.0,0.0,1.0,1.0,0.2877184152,0.1408480902,0.04337364435,0.02083075047
4378,1.0,0.0,0.0,0.0,1.0,1.0,0.3003993585,0.1355833377,0.04413771629,0.01943171024
4379,1.0,0.0,0.0,0.0,1.0,1.0,0.3013585935,0.1464026258,0.04492366314,0.02132451534
4380,1.0,0.0,0.0,0.0,1.0,1.0,0.2956366256,0.1497217955,0.04361820221,0.02166837454
4381,1.0,0.0,0.0,0.0,1.0,1.0,0.2945122138,0.1375201609,0.04399085045,0.02015066147
4382,1.0,0.0,0.0,0.0,1.0,1.0,0.2994508141,0.1341662857,0.04302459955,0.0189089179
4383,1.0,0.0,0.0,0.0,1.0,1.0,0.2744293776,0.1192517736,0.04130846262,0.01758402586
4384,1.0,0.0,0.0,0.0,1.0,1.0,0.2850642976,0.1981351777,0.04562115669,0.03105539083
4385,1.0,0.0,0.0,0.0,1.0,1.0,0.2974926231,0.2294636258,0.04938137531,0.03745216131
4386,1.0,0.0,0.0,0.0,1.0,1.0,0.3043227839,0.243061475,0.05019980669,0.03922712803
4387,1.0,0.0,0.0,0.0,1.0,1.0,0.3031640749,0.2438910896,0.05037689209,0.03958183527
4388,1.0,0.0,0.0,0.0,1.0,1.0,0.3004965813,0.238849714,0.05042660236,0.03928261995
4389,1.0,0.0,0.0,0.0,1.0,1.0,0.3021569958,0.2439313197,0.05004912615,0.03959923983
4390,1.0,0.0,0.0,0.0,1.0,1.0,0.3016558138,0.2439713471,0.04984307289,0.03971010447
4391,1.0,0.0,0.0,0.0,1.0,1.0,0.2969960611,0.2387743938,0.04859006405,0.0382168889
4392,1.0,0.0,0.0,0.0,1.0,1.0,0.2953276327,0.2361692978,0.04933255911,0.03846263885
4393,1.0,0.0,0.0,0.0,1.0,1.0,0.3072608768,0.2274594911,0.05091369152,0.03692644835
4394,1.0,0.0,0.0,0.0,1.0,1.0,0.2832643171,0.1738160416,0.04394686222,0.0265339613
4395,1.0,0.0,0.0,0.0,1.0,1.0,0.2661452931,0.1362873828,0.04037374258,0.02032804489
4396,1.0,0.0,0.0,0.0,1.0,1.0,0.2656511696,0.1333839162,0.04083651304,0.02027541399
4397,1.0,0.0,0.0,0.0,1.0,1.0,0.2749885452,0.1215535017,0.04004704952,0.0173997283
4398,1.0,0.0,0.0,0.0,1.0,1.0,0.2559316519,0.1335132632,0.03908526897,0.01997059584
4399,1.0,0.0,0.0,0.0,1.0,1.0,0.2620259928,0.1296984572,0.03975272179,0.01930844784
4400,1.0,0.0,0.0,0.0,1.0,1.0,0.2629130125,0.1359395658,0.03873956203,0.01950716972
4401,1.0,0.0,0.0,0.0,1.0,1.0,0.2601545173,0.1359396309,0.03895437717,0.01989758015
4402,1.0,0.0,0.0,0.0,1.0,1.0,0.256411029,0.1373278918,0.0382964015,0.02012658119
4403,1.0,0.0,0.0,0.0,1.0,1.0,0.2734501853,0.1436209155,0.04050827026,0.0208247304
4404,1.0,0.0,0.0,0.0,1.0,1.0,0.2708410145,0.1424983085,0.04126751423,0.02121496201
4405,1.0,0.0,0.0,0.0,1.0,1.0,0.279766542,0.1441880809,0.04191595316,0.02110248804
4406,1.0,0.0,0.0,0.0,1.0,1.0,0.2599705972,0.1416532132,0.03928297758,0.02095091343
4407,1.0,0.0,0.0,0.0,1.0,1.0,0.2813391249,0.1465042618,0.04146569967,0.02116775513
4408,1.0,0.0,0.0,0.0,1.0,1.0,0.2861305424,0.1583476808,0.04151010513,0.02250897884
4409,1.0,0.0,0.0,0.0,1.0,1.0,0.2938315809,0.167270692,0.04145222902,0.02335339785
4410,1.0,0.0,0.0,0.0,1.0,1.0,0.2890949311,0.1547254167,0.04111737013,0.02173346281
4411,1.0,0.0,0.0,0.0,1.0,1.0,0.2858528082,0.1581393976,0.04083573818,0.02235531807
4412,1.0,0.0,0.0,0.0,1.0,1.0,0.2666578785,0.1637382822,0.03846251965,0.02331978083
4413,1.0,0.0,0.0,0.0,1.0,1.0,0.2626739998,0.1767574052,0.03732615709,0.02458065748
4414,1.0,0.0,0.0,0.0,1.0,1.0,0.2572403063,0.163701414,0.03717285395,0.02315682173
4415,1.0,0.0,0.0,0.0,1.0,1.0,0.2624583339,0.1751160261,0.03770506382,0.02473455667
4416,1.0,0.0,0.0,0.0,1.0,1.0,0.2478292807,0.1569370915,0.03485018015,0.02170991898
4417,1.0,0.0,0.0,0.0,1.0,1.0,0.2473262294,0.1706867407,0.0355271697,0.02417016029
4418,1.0,0.0,0.0,0.0,1.0,1.0,0.2518918368,0.1582449919,0.03611648083,0.02213591337
4419,1.0,0.0,0.0,0.0,1.0,1.0,0.2529710373,0.1844462931,0.03543198109,0.02497661114
4420,1.0,0.0,0.0,0.0,1.0,1.0,0.2202161331,0.1529314239,0.03105431795,0.02120047808
4421,1.0,0.0,0.0,0.0,1.0,1.0,0.2223248364,0.1553753753,0.03167515993,0.02150422335
4422,1.0,0.0,0.0,0.0,1.0,1.0,0.239041445,0.1637381812,0.03356176615,0.02227807045
4423,1.0,0.0,0.0,0.0,1.0,1.0,0.2327470667,0.1679225143,0.03456389904,0.02410757542
4424,1.0,0.0,0.0,0.0,1.0,1.0,0.2203799372,0.1540643184,0.03106701374,0.02125638723
4425,1.0,0.0,0.0,0.0,1.0,1.0,0.2233601568,0.1556824616,0.0330427289,0.02268189192
4426,1.0,0.0,0.0,0.0,1.0,1.0,0.2312283924,0.1652618968,0.03337627649,0.02317029238
4427,1.0,0.0,0.0,0.0,1.0,1.0,0.2445650754,0.1786154182,0.03555893898,0.02491927147
4428,1.0,0.0,0.0,0.0,1.0,1.0,0.24986043,0.1966773065,0.03677994013,0.02794134617
4429,1.0,0.0,0.0,0.0,1.0,1.0,0.2393297724,0.1811735503,0.03553289175,0.025867939
4430,1.0,0.0,0.0,0.0,1.0,1.0,0.2293174071,0.1764885339,0.03435778618,0.02548199892
4431,1.0,0.0,0.0,0.0,1.0,1.0,0.2284437605,0.1757911704,0.03328824043,0.02468878031
4432,1.0,0.0,0.0,0.0,1.0,1.0,0.2411781577,0.1798993651,0.03584885597,0.02581113577
4433,1.0,0.0,0.0,0.0,1.0,1.0,0.2309317293,0.1849363831,0.03412187099,0.02629065514
4434,1.0,0.0,0.0,0.0,1.0,1.0,0.2280093719,0.1711641655,0.03313392401,0.02402210236
4435,1.0,0.0,0.0,0.0,1.0,1.0,0.2322513639,0.1777665088,0.03489476442,0.02574205399
4436,1.0,0.0,0.0,0.0,1.0,1.0,0.2649594797,0.1820844805,0.03900623322,0.02581292391
4437,1.0,0.0,0.0,0.0,1.0,1.0,0.2518125466,0.1720350267,0.03692322969,0.02404302359
4438,1.0,0.0,0.0,0.0,1.0,1.0,0.2669074996,0.1853802865,0.03745484352,0.02515214682
4439,1.0,0.0,0.0,0.0,1.0,1.0,0.2382389603,0.161853055,0.03366351128,0.0218949914
4440,1.0,0.0,0.0,0.0,1.0,1.0,0.2366586187,0.158447708,0.03496855497,0.02254164219
4441,1.0,0.0,0.0,0.0,1.0,1.0,0.2294732242,0.1520889421,0.0329066515,0.02094060183
4442,1.0,0.0,0.0,0.0,1.0,1.0,0.2403958418,0.1561629033,0.03609961271,0.02273994684
4443,1.0,0.0,0.0,0.0,1.0,1.0,0.2318094655,0.151489984,0.03443437815,0.02173316479
4444,1.0,0.0,0.0,0.0,1.0,1.0,0.2446452045,0.1645903528,0.0362071991,0.02329605818
4445,1.0,0.0,0.0,0.0,1.0,1.0,0.2556712913,0.1800613882,0.03704857826,0.02497971058
4446,1.0,0.0,0.0,0.0,1.0,1.0,0.2493772548,0.1732905238,0.03609973192,0.02406650782
4447,1.0,0.0,0.0,0.0,1.0,1.0,0.2624015353,0.1833650593,0.03747236729,0.02507340908
4448,1.0,0.0,0.0,0.0,1.0,1.0,0.2469209255,0.1686303066,0.03539866209,0.02303725481
4449,1.0,0.0,0.0,0.0,1.0,1.0,0.2270576947,0.1584479656,0.0323843956,0.0215895772
4450,1.0,0.0,0.0,0.0,1.0,1.0,0.2245266954,0.1519985148,0.03097242117,0.02000874281
4451,1.0,0.0,0.0,0.0,1.0,1.0,0.2382393693,0.1605528359,0.03319036961,0.02158719301
4452,1.0,0.0,0.0,0.0,1.0,1.0,0.2116462896,0.1279773237,0.0296728611,0.01730918884
4453,1.0,0.0,0.0,0.0,1.0,1.0,0.1842110428,0.1454104786,0.0272705555,0.02059793472
4454,1.0,0.0,0.0,0.0,1.0,1.0,0.29466323,0.2534814494,0.04958957434,0.04059958458
4455,1.0,0.0,0.0,0.0,1.0,1.0,0.3187586145,0.297743397,0.05760216713,0.05130201578
4456,1.0,0.0,0.0,0.0,1.0,1.0,0.3392144778,0.3221196385,0.05970478058,0.05387991667
4457,1.0,0.0,0.0,0.0,1.0,1.0,0.3479904092,0.319549581,0.06042963266,0.05384254456
4458,1.0,0.0,0.0,0.0,1.0,1.0,0.3544818412,0.3207669894,0.06235539913,0.05484968424
4459,1.0,0.0,0.0,0.0,1.0,1.0,0.336495635,0.3052903251,0.0559027791,0.04978406429
4460,1.0,0.0,0.0,0.0,1.0,1.0,0.2960678176,0.232509315,0.0486536026,0.03768545389
4461,1.0,0.0,0.0,0.0,1.0,1.0,0.2827499841,0.1419443552,0.04115694761,0.02086430788
4462,1.0,0.0,0.0,0.0,1.0,1.0,0.3193236595,0.1462596459,0.04568588734,0.02135962248
4463,1.0,0.0,0.0,0.0,1.0,1.0,0.3263067102,0.1719683532,0.04673904181,0.02498620749
4464,1.0,0.0,0.0,0.0,1.0,1.0,0.3324547112,0.1590945235,0.04647862911,0.02265828848
4465,1.0,0.0,0.0,0.0,1.0,1.0,0.3371611266,0.1797415529,0.05381196737,0.02914816141
4466,1.0,0.0,0.0,0.0,1.0,1.0,0.3561725829,0.1736315626,0.0537340045,0.02670413256
4467,1.0,0.0,0.0,0.0,1.0,1.0,0.3446353379,0.1791830552,0.05150020123,0.02726483345
4468,1.0,0.0,0.0,0.0,1.0,1.0,0.3596319296,0.1706365073,0.05255526304,0.0256665349
4469,1.0,0.0,0.0,0.0,1.0,1.0,0.356488895,0.1693268793,0.05187660456,0.02532070875
4470,1.0,0.0,0.0,0.0,1.0,1.0,0.3433042303,0.1638759079,0.05429452658,0.02602279186
4471,1.0,0.0,0.0,0.0,1.0,1.0,0.2887660813,0.1728487313,0.05083799362,0.03074634075
4472,1.0,0.0,0.0,0.0,1.0,1.0,0.2973692418,0.2436362165,0.05001205206,0.04054230452
4473,1.0,0.0,0.0,0.0,1.0,1.0,0.3061669206,0.2471737846,0.05167496204,0.04098361731
4474,1.0,0.0,0.0,0.0,1.0,1.0,0.3394982757,0.2991286578,0.05856364965,0.05079501867
4475,1.0,0.0,0.0,0.0,1.0,1.0,0.3621789987,0.326672628,0.06295543909,0.05546075106
4476,1.0,0.0,0.0,0.0,1.0,1.0,0.3483035996,0.3118825263,0.06226760149,0.05398565531
4477,1.0,0.0,0.0,0.0,1.0,1.0,0.3558946812,0.3224006746,0.06173044443,0.05393922329
4478,1.0,0.0,0.0,0.0,1.0,1.0,0.3648482465,0.3235599531,0.06317937374,0.0538970232
4479,1.0,0.0,0.0,0.0,1.0,1.0,0.3476319262,0.3008699212,0.06127476692,0.0512586832
4480,1.0,0.0,0.0,0.0,1.0,1.0,0.3409078163,0.3005196466,0.05860674381,0.05003017187
4481,1.0,0.0,0.0,0.0,1.0,1.0,0.3448661086,0.3032790832,0.05932188034,0.05068278313
4482,1.0,0.0,0.0,0.0,1.0,1.0,0.3400937013,0.3005192451,0.06011927128,0.05157285929
4483,1.0,0.0,0.0,0.0,1.0,1.0,0.3375599677,0.2974525099,0.05826872587,0.04998534918
4484,1.0,0.0,0.0,0.0,1.0,1.0,0.3413130129,0.2984912721,0.05796527863,0.04936754704
4485,1.0,0.0,0.0,0.0,1.0,1.0,0.3355907913,0.2910834726,0.05834877491,0.04900169373
4486,1.0,0.0,0.0,0.0,1.0,1.0,0.3141102645,0.2690804775,0.05417567492,0.04461526871
4487,1.0,0.0,0.0,0.0,1.0,1.0,0.3154354308,0.2733663932,0.05427742004,0.04556983709
4488,1.0,0.0,0.0,0.0,1.0,1.0,0.3289727613,0.2806653128,0.05584973097,0.04649418592
4489,1.0,0.0,0.0,0.0,1.0,1.0,0.3247342169,0.2801201569,0.0567689538,0.04765063524
4490,1.0,0.0,0.0,0.0,1.0,1.0,0.3292082127,0.2799123977,0.05474591255,0.04576194286
4491,1.0,0.0,0.0,0.0,1.0,1.0,0.3339950276,0.2932389437,0.05700522661,0.04890292883
4492,1.0,0.0,0.0,0.0,1.0,1.0,0.3300284639,0.2907784452,0.05697888136,0.049048841
4493,1.0,0.0,0.0,0.0,1.0,1.0,0.3353832085,0.2857994305,0.05743688345,0.04795980453
4494,1.0,0.0,0.0,0.0,1.0,1.0,0.3235966974,0.2678915606,0.05396938324,0.04385012388
4495,1.0,0.0,0.0,0.0,1.0,1.0,0.3359755696,0.2843238324,0.05639904737,0.04699915648
4496,1.0,0.0,0.0,0.0,1.0,1.0,0.3427139611,0.2950570171,0.0569486618,0.04853260517
4497,1.0,0.0,0.0,0.0,1.0,1.0,0.3354173354,0.2826006069,0.05579376221,0.04644757509
4498,1.0,0.0,0.0,0.0,1.0,1.0,0.3376038118,0.2802490486,0.05657064915,0.04648882151
4499,1.0,0.0,0.0,0.0,1.0,1.0,0.3354174846,0.273657117,0.05520224571,0.04511457682
4500,1.0,0.0,0.0,0.0,1.0,1.0,0.3587739557,0.2981095098,0.06048691273,0.04982972145
4501,1.0,0.0,0.0,0.0,1.0,1.0,0.3499729299,0.2940535942,0.05741876364,0.04775696993
4502,1.0,0.0,0.0,0.0,1.0,1.0,0.3569436368,0.3025990354,0.06030225754,0.05025184155
4503,1.0,0.0,0.0,0.0,1.0,1.0,0.3598670771,0.3140610675,0.06079286337,0.05214941502
4504,1.0,0.0,0.0,0.0,1.0,1.0,0.3654423522,0.3192660235,0.06209999323,0.05314600468
4505,1.0,0.0,0.0,0.0,1.0,1.0,0.3581618585,0.3001796073,0.06017148495,0.0495698452
4506,1.0,0.0,0.0,0.0,1.0,1.0,0.3546407474,0.288498968,0.06104493141,0.04906964302
4507,1.0,0.0,0.0,0.0,1.0,1.0,0.3539340671,0.3015556907,0.06016385555,0.05013650656
4508,1.0,0.0,0.0,0.0,1.0,1.0,0.3388520725,0.2855548595,0.05700778961,0.04721856117
4509,1.0,0.0,0.0,0.0,1.0,1.0,0.353933889,0.3056714022,0.06035900116,0.05116146803
4510,1.0,0.0,0.0,0.0,1.0,1.0,0.3493848318,0.2998325661,0.06052058935,0.05150067806
4511,1.0,0.0,0.0,0.0,1.0,1.0,0.3043282894,0.2246133134,0.05030941963,0.0368745327
4512,1.0,0.0,0.0,0.0,1.0,1.0,0.3434934271,0.1073781297,0.04987823963,0.01562452316
4513,1.0,0.0,0.0,0.0,1.0,1.0,0.3189278425,0.1108252286,0.04496878386,0.0157533884
4514,1.0,0.0,0.0,0.0,1.0,1.0,0.3139402474,0.1141098299,0.0458059907,0.01681488752
4515,1.0,0.0,0.0,0.0,1.0,1.0,0.3056642781,0.1168702629,0.0451156497,0.01721519232
4516,1.0,0.0,0.0,0.0,1.0,1.0,0.2934140422,0.1622707078,0.04609006643,0.0253494978
4517,1.0,0.0,0.0,0.0,1.0,1.0,0.293056742,0.1998882625,0.04799282551,0.03218013048
4518,1.0,0.0,0.0,0.0,1.0,1.0,0.3079090746,0.2344583524,0.05094945431,0.03814250231
4519,1.0,0.0,0.0,0.0,1.0,1.0,0.3063615952,0.247267072,0.05212402344,0.04073083401
4520,1.0,0.0,0.0,0.0,1.0,1.0,0.3051984521,0.2377981494,0.05102282763,0.03868764639
4521,1.0,0.0,0.0,0.0,1.0,1.0,0.3062262881,0.2377981735,0.04989731312,0.03783422709
4522,1.0,0.0,0.0,0.0,1.0,1.0,0.3064953355,0.2481488302,0.05136936903,0.04048126936
4523,1.0,0.0,0.0,0.0,1.0,1.0,0.3048299284,0.2507132793,0.05153042078,0.04139328003
4524,1.0,0.0,0.0,0.0,1.0,1.0,0.3113836324,0.2610226381,0.05263715982,0.04301536083
4525,1.0,0.0,0.0,0.0,1.0,1.0,0.3013393453,0.2593056505,0.05064356327,0.04248434305
4526,1.0,0.0,0.0,0.0,1.0,1.0,0.314110306,0.2697454762,0.05248606205,0.04378515482
4527,1.0,0.0,0.0,0.0,1.0,1.0,0.3090712085,0.2645582402,0.05258691311,0.0437271595
4528,1.0,0.0,0.0,0.0,1.0,1.0,0.3076513718,0.2655861057,0.05278974771,0.04433172941
4529,1.0,0.0,0.0,0.0,1.0,1.0,0.3364787019,0.305671125,0.0576621294,0.05081117153
4530,1.0,0.0,0.0,0.0,1.0,1.0,0.328099596,0.2904953364,0.0566290617,0.04878813028
4531,1.0,0.0,0.0,0.0,1.0,1.0,0.340377343,0.30120159,0.05900424719,0.05090564489
4532,1.0,0.0,0.0,0.0,1.0,1.0,0.3359755178,0.2960019736,0.05788946152,0.04970306158
4533,1.0,0.0,0.0,0.0,1.0,1.0,0.3253217357,0.2967091937,0.05541056395,0.04884123802
4534,1.0,0.0,0.0,0.0,1.0,1.0,0.3292862785,0.2943562011,0.0561760664,0.04855418205
4535,1.0,0.0,0.0,0.0,1.0,1.0,0.3314899872,0.2974120794,0.05687451363,0.04891210794
4536,1.0,0.0,0.0,0.0,1.0,1.0,0.338708799,0.3060574324,0.05773288012,0.0503385663
4537,1.0,0.0,0.0,0.0,1.0,1.0,0.339777089,0.3091060423,0.05823540688,0.05113357306
4538,1.0,0.0,0.0,0.0,1.0,1.0,0.3539008258,0.321126395,0.06150889397,0.05325073004
4539,1.0,0.0,0.0,0.0,1.0,1.0,0.3467783191,0.3110509726,0.06018275023,0.0519502759
4540,1.0,0.0,0.0,0.0,1.0,1.0,0.34677843,0.3127506879,0.0603967309,0.05241984129
4541,1.0,0.0,0.0,0.0,1.0,1.0,0.3336977797,0.2994901978,0.05741369724,0.04973959923
4542,1.0,0.0,0.0,0.0,1.0,1.0,0.3442891691,0.3071202705,0.0582125783,0.0500176549
4543,1.0,0.0,0.0,0.0,1.0,1.0,0.3387370102,0.3029668214,0.05819225311,0.05012601614
4544,1.0,0.0,0.0,0.0,1.0,1.0,0.3442336328,0.3140603432,0.05949485302,0.05202203989
4545,1.0,0.0,0.0,0.0,1.0,1.0,0.3426181159,0.3099314328,0.0580919385,0.05044078827
4546,1.0,0.0,0.0,0.0,1.0,1.0,0.3376494,0.2991287376,0.05663698912,0.04814141989
4547,1.0,0.0,0.0,0.0,1.0,1.0,0.3421362604,0.3044075009,0.05889892578,0.05019462109
4548,1.0,0.0,0.0,0.0,1.0,1.0,0.3359329227,0.2977431853,0.05640619993,0.04798734188
4549,1.0,0.0,0.0,0.0,1.0,1.0,0.3441785508,0.3080470841,0.05974000692,0.05169808865
4550,1.0,0.0,0.0,0.0,1.0,1.0,0.3503885473,0.3114698719,0.06004989147,0.05204325914
4551,1.0,0.0,0.0,0.0,1.0,1.0,0.3420457557,0.3022367489,0.05823373795,0.0499958396
4552,1.0,0.0,0.0,0.0,1.0,1.0,0.3507973577,0.3042517802,0.06032973528,0.05093878508
4553,1.0,0.0,0.0,0.0,1.0,1.0,0.3420458739,0.2994902012,0.05869746208,0.0501075983
4554,1.0,0.0,0.0,0.0,1.0,1.0,0.3404140457,0.2904952439,0.05863213539,0.04852312803
4555,1.0,0.0,0.0,0.0,1.0,1.0,0.3477050297,0.3001795815,0.06143051386,0.05134046078
4556,1.0,0.0,0.0,0.0,1.0,1.0,0.3410256903,0.2935423191,0.05870348215,0.04882270098
4557,1.0,0.0,0.0,0.0,1.0,1.0,0.3415599752,0.2925195191,0.05989831686,0.04957103729
4558,1.0,0.0,0.0,0.0,1.0,1.0,0.3427140894,0.2917951684,0.05874186754,0.04832458496
4559,1.0,0.0,0.0,0.0,1.0,1.0,0.3359324319,0.2980789888,0.05808144808,0.04912364483
4560,1.0,0.0,0.0,0.0,1.0,1.0,0.3509744265,0.3105901585,0.06140810251,0.05234307051
4561,1.0,0.0,0.0,0.0,1.0,1.0,0.338736883,0.2952898342,0.05829977989,0.04877561331
4562,1.0,0.0,0.0,0.0,1.0,1.0,0.3464731667,0.3095159158,0.05929392576,0.05102699995
4563,1.0,0.0,0.0,0.0,1.0,1.0,0.3523567672,0.3170640938,0.06041908264,0.05194908381
4564,1.0,0.0,0.0,0.0,1.0,1.0,0.3463411387,0.3067252397,0.06008201838,0.05092668533
4565,1.0,0.0,0.0,0.0,1.0,1.0,0.350710228,0.3101718617,0.06048023701,0.05111008883
4566,1.0,0.0,0.0,0.0,1.0,1.0,0.3442337487,0.3081902921,0.05866712332,0.05016463995
4567,1.0,0.0,0.0,0.0,1.0,1.0,0.3398435651,0.3033392398,0.05809360743,0.04950833321
4568,1.0,0.0,0.0,0.0,1.0,1.0,0.3353944117,0.2994784592,0.05663192272,0.04809451103
4569,1.0,0.0,0.0,0.0,1.0,1.0,0.3433456667,0.317026944,0.05876898766,0.05149555206
4570,1.0,0.0,0.0,0.0,1.0,1.0,0.3291879777,0.2916522556,0.05452108383,0.04609000683
4571,1.0,0.0,0.0,0.0,1.0,1.0,0.3353832893,0.3050928574,0.05756384134,0.0500805378
4572,1.0,0.0,0.0,0.0,1.0,1.0,0.3392753389,0.3022789279,0.05848956108,0.0498458147
4573,1.0,0.0,0.0,0.0,1.0,1.0,0.3397769156,0.3081902363,0.05878382921,0.05075484514
4574,1.0,0.0,0.0,0.0,1.0,1.0,0.3397772333,0.311672275,0.0580290556,0.05066919327
4575,1.0,0.0,0.0,0.0,1.0,1.0,0.3403415928,0.3099314897,0.05933880806,0.05152344704
4576,1.0,0.0,0.0,0.0,1.0,1.0,0.3430921384,0.3101714798,0.05919265747,0.05147182941
4577,1.0,0.0,0.0,0.0,1.0,1.0,0.3430919534,0.3198908204,0.05951297283,0.05318796635
4578,1.0,0.0,0.0,0.0,1.0,1.0,0.3409077541,0.3170643254,0.05881333351,0.05278855562
4579,1.0,0.0,0.0,0.0,1.0,1.0,0.3375599216,0.3142571515,0.0580868721,0.05210727453
4580,1.0,0.0,0.0,0.0,1.0,1.0,0.3409858607,0.3156134773,0.05746901035,0.05095779896
4581,1.0,0.0,0.0,0.0,1.0,1.0,0.3477784418,0.3214988213,0.05824333429,0.05202323198
4582,1.0,0.0,0.0,0.0,1.0,1.0,0.347779054,0.3162571313,0.05848407745,0.05138647556
4583,1.0,0.0,0.0,0.0,1.0,1.0,0.3415601198,0.3085994115,0.05711823702,0.04952120781
4584,1.0,0.0,0.0,0.0,1.0,1.0,0.3370603349,0.31167286,0.05861258507,0.05219727755
4585,1.0,0.0,0.0,0.0,1.0,1.0,0.3387370164,0.3103532359,0.05766099691,0.05052477121
4586,1.0,0.0,0.0,0.0,1.0,1.0,0.3465404664,0.3138598897,0.06046032906,0.05228209496
4587,1.0,0.0,0.0,0.0,1.0,1.0,0.3370405631,0.3001797852,0.0581125021,0.04976963997
4588,1.0,0.0,0.0,0.0,1.0,1.0,0.3376040901,0.3033394376,0.05777871609,0.04948377609
4589,1.0,0.0,0.0,0.0,1.0,1.0,0.342714019,0.3050926107,0.05911666155,0.05067139864
4590,1.0,0.0,0.0,0.0,1.0,1.0,0.3420908783,0.313205341,0.05844289064,0.050994277
4591,1.0,0.0,0.0,0.0,1.0,1.0,0.337079732,0.3094358381,0.05736011267,0.04990333319
4592,1.0,0.0,0.0,0.0,1.0,1.0,0.3365293716,0.300185818,0.05739510059,0.04903101921
4593,1.0,0.0,0.0,0.0,1.0,1.0,0.342811997,0.3065661171,0.05826956034,0.05015236139
4594,1.0,0.0,0.0,0.0,1.0,1.0,0.3365469575,0.3023223122,0.05673444271,0.0487113595
4595,1.0,0.0,0.0,0.0,1.0,1.0,0.3382464837,0.3023224694,0.05659019947,0.04834342003
4596,1.0,0.0,0.0,0.0,1.0,1.0,0.3230517802,0.2787915877,0.05689001083,0.04711204767
4597,1.0,0.0,0.0,0.0,1.0,1.0,0.2754517475,0.1659380623,0.04102438688,0.02411568165
4598,1.0,0.0,0.0,0.0,1.0,1.0,0.277203685,0.1410978924,0.04281365871,0.02096998692
4599,1.0,0.0,0.0,0.0,1.0,1.0,0.2753935691,0.1752752469,0.04410529137,0.02745628357
4600,1.0,0.0,0.0,0.0,1.0,1.0,0.3020383553,0.2228719689,0.05045980215,0.03628569841
4601,1.0,0.0,0.0,0.0,1.0,1.0,0.3051988442,0.2438086065,0.0508300066,0.03937929869
4602,1.0,0.0,0.0,0.0,1.0,1.0,0.3075204341,0.2490017858,0.05096042156,0.04015904665
4603,1.0,0.0,0.0,0.0,1.0,1.0,0.3232026601,0.2609467294,0.05574667454,0.04373973608
4604,1.0,0.0,0.0,0.0,1.0,1.0,0.3059517152,0.2437664538,0.05155235529,0.04009628296
4605,1.0,0.0,0.0,0.0,1.0,1.0,0.3098779933,0.2411243068,0.05006539822,0.03796172142
4606,1.0,0.0,0.0,0.0,1.0,1.0,0.3120040919,0.2498605129,0.0521376729,0.04067885876
4607,1.0,0.0,0.0,0.0,1.0,1.0,0.3399810673,0.292519386,0.05533140898,0.04671192169
4608,1.0,0.0,0.0,0.0,1.0,1.0,0.3388229537,0.2970370472,0.05909347534,0.05048185587
4609,1.0,0.0,0.0,0.0,1.0,1.0,0.3460902532,0.305384859,0.06090945005,0.05229300261
4610,1.0,0.0,0.0,0.0,1.0,1.0,0.3450452851,0.3005312405,0.05803143978,0.0491694808
4611,1.0,0.0,0.0,0.0,1.0,1.0,0.3552437396,0.2987841783,0.0613900423,0.05022823811
4612,1.0,0.0,0.0,0.0,1.0,1.0,0.3484450494,0.2980792975,0.06029880047,0.05000388622
4613,1.0,0.0,0.0,0.0,1.0,1.0,0.3492026018,0.3107804164,0.06008309126,0.05209171772
4614,1.0,0.0,0.0,0.0,1.0,1.0,0.3523456326,0.31276216,0.06166791916,0.05306994915
4615,1.0,0.0,0.0,0.0,1.0,1.0,0.3451063174,0.3033394139,0.05908077955,0.05059891939
4616,1.0,0.0,0.0,0.0,1.0,1.0,0.3604824596,0.3226269636,0.06163090467,0.05374449492
4617,1.0,0.0,0.0,0.0,1.0,1.0,0.357677127,0.3237629718,0.06202423573,0.05460506678
4618,1.0,0.0,0.0,0.0,1.0,1.0,0.3620426116,0.3167245679,0.06108760834,0.05162334442
4619,1.0,0.0,0.0,0.0,1.0,1.0,0.3548618517,0.3079267537,0.05957108736,0.05036205053
4620,1.0,0.0,0.0,0.0,1.0,1.0,0.3064242428,0.2230897914,0.05065083504,0.03681021929
4621,1.0,0.0,0.0,0.0,1.0,1.0,0.3075208826,0.09268985029,0.04635620117,0.01402878761
4622,1.0,0.0,0.0,0.0,1.0,1.0,0.2758459735,0.1224212757,0.04191708565,0.01852852106
4623,1.0,0.0,0.0,0.0,1.0,1.0,0.2931942077,0.1939214417,0.04570990801,0.02989828587
4624,1.0,0.0,0.0,0.0,1.0,1.0,0.3407588584,0.2858118126,0.05724006891,0.04691326618
4625,1.0,0.0,0.0,0.0,1.0,1.0,0.3532510737,0.3096864481,0.06017768383,0.05166476965
4626,1.0,0.0,0.0,0.0,1.0,1.0,0.3610025196,0.3297125282,0.06265258789,0.05569112301
4627,1.0,0.0,0.0,0.0,1.0,1.0,0.3606753976,0.323956865,0.06246358156,0.05487453938
4628,1.0,0.0,0.0,0.0,1.0,1.0,0.3504756214,0.3063358139,0.05949872732,0.05095821619
4629,1.0,0.0,0.0,0.0,1.0,1.0,0.355020545,0.30672536,0.06116008759,0.0515947938
4630,1.0,0.0,0.0,0.0,1.0,1.0,0.3531476857,0.3132052936,0.05947548151,0.05139142275
4631,1.0,0.0,0.0,0.0,1.0,1.0,0.3652783045,0.3319943586,0.0627913475,0.05581450462
4632,1.0,0.0,0.0,0.0,1.0,1.0,0.3642035346,0.3233490839,0.06304168701,0.05483162403
4633,1.0,0.0,0.0,0.0,1.0,1.0,0.365731759,0.3239572505,0.06235063076,0.05401808023
4634,1.0,0.0,0.0,0.0,1.0,1.0,0.353648517,0.3162572493,0.0595729351,0.05209040642
4635,1.0,0.0,0.0,0.0,1.0,1.0,0.3595962771,0.3181614633,0.06171965599,0.05331653357
4636,1.0,0.0,0.0,0.0,1.0,1.0,0.3562366602,0.3201601924,0.06183642149,0.05410689116
4637,1.0,0.0,0.0,0.0,1.0,1.0,0.362989328,0.3286755683,0.06441152096,0.05661284924
4638,1.0,0.0,0.0,0.0,1.0,1.0,0.352460179,0.3214870538,0.06291335821,0.05544418097
4639,1.0,0.0,0.0,0.0,1.0,1.0,0.3440165338,0.3021963305,0.05953156948,0.05050313473
4640,1.0,0.0,0.0,0.0,1.0,1.0,0.3494781066,0.3123255011,0.06067728996,0.0524546504
4641,1.0,0.0,0.0,0.0,1.0,1.0,0.3516858546,0.3184660469,0.06008350849,0.0525380969
4642,1.0,0.0,0.0,0.0,1.0,1.0,0.3512889579,0.3080472972,0.06129002571,0.05179440975
4643,1.0,0.0,0.0,0.0,1.0,1.0,0.3539006438,0.3217383882,0.06350243092,0.05527067184
4644,1.0,0.0,0.0,0.0,1.0,1.0,0.3489854718,0.3170643571,0.05963301659,0.0515139699
4645,1.0,0.0,0.0,0.0,1.0,1.0,0.3487203541,0.3064490152,0.06181699038,0.05205637217
4646,1.0,0.0,0.0,0.0,1.0,1.0,0.3567034135,0.3156131049,0.0606175065,0.05146765709
4647,1.0,0.0,0.0,0.0,1.0,1.0,0.3511553383,0.3068460118,0.06003910303,0.05051362514
4648,1.0,0.0,0.0,0.0,1.0,1.0,0.3543173266,0.3197517148,0.06005680561,0.05184149742
4649,1.0,0.0,0.0,0.0,1.0,1.0,0.3543172563,0.3227364406,0.05918055773,0.05192255974
4650,1.0,0.0,0.0,0.0,1.0,1.0,0.358259033,0.3186376178,0.06068450212,0.05189377069
4651,1.0,0.0,0.0,0.0,1.0,1.0,0.3538291861,0.3191200466,0.06078916788,0.05243426561
4652,1.0,0.0,0.0,0.0,1.0,1.0,0.353725809,0.3210013426,0.06104570627,0.05327099562
4653,1.0,0.0,0.0,0.0,1.0,1.0,0.3549107147,0.3214987477,0.05940711498,0.05156087875
4654,1.0,0.0,0.0,0.0,1.0,1.0,0.3481390169,0.3067252176,0.06014120579,0.05122071505
4655,1.0,0.0,0.0,0.0,1.0,1.0,0.3578859497,0.3189345677,0.06067705154,0.05228853226
4656,1.0,0.0,0.0,0.0,1.0,1.0,0.3513792559,0.3138176977,0.0593392849,0.05150198936
4657,1.0,0.0,0.0,0.0,1.0,1.0,0.3531359152,0.3121123936,0.0604455471,0.05217707157
4658,1.0,0.0,0.0,0.0,1.0,1.0,0.3599962924,0.3173906163,0.06169325113,0.05296045542
4659,1.0,0.0,0.0,0.0,1.0,1.0,0.3576436128,0.3264168417,0.06218123436,0.05508285761
4660,1.0,0.0,0.0,0.0,1.0,1.0,0.3526457592,0.315341424,0.06098294258,0.05289047956
4661,1.0,0.0,0.0,0.0,1.0,1.0,0.3502318024,0.3132053965,0.05934196711,0.05152618885
4662,1.0,0.0,0.0,0.0,1.0,1.0,0.34674494,0.3162567296,0.05917930603,0.05250710249
4663,1.0,0.0,0.0,0.0,1.0,1.0,0.3468150787,0.3121064905,0.05942702293,0.05210840702
4664,1.0,0.0,0.0,0.0,1.0,1.0,0.3567030223,0.3210015091,0.06183588505,0.05396062136
4665,1.0,0.0,0.0,0.0,1.0,1.0,0.3571833628,0.3153408519,0.06081008911,0.05224519968
4666,1.0,0.0,0.0,0.0,1.0,1.0,0.3580090582,0.32064032,0.06066584587,0.05280178785
4667,1.0,0.0,0.0,0.0,1.0,1.0,0.3509745564,0.3147031005,0.05990886688,0.05192101002
4668,1.0,0.0,0.0,0.0,1.0,1.0,0.3481391583,0.3097586892,0.06061261892,0.05249226093
4669,1.0,0.0,0.0,0.0,1.0,1.0,0.3556191279,0.3140607294,0.06098693609,0.05231583118
4670,1.0,0.0,0.0,0.0,1.0,1.0,0.3498882237,0.3164320952,0.0591288209,0.05177307129
4671,1.0,0.0,0.0,0.0,1.0,1.0,0.3583856655,0.3153411355,0.06121063232,0.0525894165
4672,1.0,0.0,0.0,0.0,1.0,1.0,0.3606752548,0.3175310612,0.06190019846,0.05293339491
4673,1.0,0.0,0.0,0.0,1.0,1.0,0.3666292149,0.3268723956,0.06263303757,0.05462521315
4674,1.0,0.0,0.0,0.0,1.0,1.0,0.3635843223,0.3217379409,0.06401586533,0.05495423079
4675,1.0,0.0,0.0,0.0,1.0,1.0,0.3667984087,0.3210012089,0.06218093634,0.05276823044
4676,1.0,0.0,0.0,0.0,1.0,1.0,0.3646385398,0.3200265063,0.06326085329,0.05377173424
4677,1.0,0.0,0.0,0.0,1.0,1.0,0.369611214,0.3257567599,0.0635715723,0.05444920063
4678,1.0,0.0,0.0,0.0,1.0,1.0,0.3670738224,0.3228437648,0.06330883503,0.05410027504
4679,1.0,0.0,0.0,0.0,1.0,1.0,0.3672444794,0.32334861,0.06288224459,0.05369395018
4680,1.0,0.0,0.0,0.0,1.0,1.0,0.3643450178,0.3250779833,0.06194454432,0.05342006683
4681,1.0,0.0,0.0,0.0,1.0,1.0,0.3650854619,0.319409371,0.06299948692,0.05302220583
4682,1.0,0.0,0.0,0.0,1.0,1.0,0.3655677759,0.326206497,0.06269526482,0.05406743288
4683,1.0,0.0,0.0,0.0,1.0,1.0,0.3749999671,0.3314302724,0.06362074614,0.05481612682
4684,1.0,0.0,0.0,0.0,1.0,1.0,0.3626738796,0.3194091309,0.06148225069,0.05269902945
4685,1.0,0.0,0.0,0.0,1.0,1.0,0.3178497725,0.2550659488,0.05309873819,0.0417407155
4686,1.0,0.0,0.0,0.0,1.0,1.0,0.2762836774,0.1640594516,0.04326438904,0.02526175976
4687,1.0,0.0,0.0,0.0,1.0,1.0,0.3040261723,0.2258523488,0.04925912619,0.03595346212
4688,1.0,0.0,0.0,0.0,1.0,1.0,0.3371404519,0.2850518322,0.05910295248,0.04860240221
4689,1.0,0.0,0.0,0.0,1.0,1.0,0.359330934,0.3114698546,0.06103020906,0.0516628027
4690,1.0,0.0,0.0,0.0,1.0,1.0,0.3626872501,0.3213694028,0.0634522438,0.05483883619
4691,1.0,0.0,0.0,0.0,1.0,1.0,0.3563515664,0.3144500579,0.06205886602,0.05339944363
4692,1.0,0.0,0.0,0.0,1.0,1.0,0.359666651,0.3189346628,0.06242352724,0.05379354954
4693,1.0,0.0,0.0,0.0,1.0,1.0,0.3691780261,0.3274035912,0.06570667028,0.05623549223
4694,1.0,0.0,0.0,0.0,1.0,1.0,0.3660163765,0.327403508,0.06239271164,0.05413067341
4695,1.0,0.0,0.0,0.0,1.0,1.0,0.3645020863,0.3210014317,0.06212127209,0.05296057463
4696,1.0,0.0,0.0,0.0,1.0,1.0,0.3634332323,0.3227362506,0.06217223406,0.05353718996
4697,1.0,0.0,0.0,0.0,1.0,1.0,0.3552436606,0.3162568296,0.0606020689,0.05248314142
4698,1.0,0.0,0.0,0.0,1.0,1.0,0.3580342632,0.3127624554,0.06069201231,0.05148756504
4699,1.0,0.0,0.0,0.0,1.0,1.0,0.3665183308,0.3216199669,0.0635946393,0.05476212502
4700,1.0,0.0,0.0,0.0,1.0,1.0,0.3615372051,0.3125464171,0.05877757072,0.05001747608
4701,1.0,0.0,0.0,0.0,1.0,1.0,0.3659444904,0.3226267862,0.0615260601,0.05339992046
4702,1.0,0.0,0.0,0.0,1.0,1.0,0.3658974571,0.3232461096,0.06436210871,0.05512493849
4703,1.0,0.0,0.0,0.0,1.0,1.0,0.3564561727,0.3173667522,0.05998557806,0.05194926262
4704,1.0,0.0,0.0,0.0,1.0,1.0,0.3643621464,0.3243804859,0.06298542023,0.0544500351
4705,1.0,0.0,0.0,0.0,1.0,1.0,0.3571886658,0.3136546689,0.06189632416,0.0526714325
4706,1.0,0.0,0.0,0.0,1.0,1.0,0.3637427071,0.3214987284,0.06145900488,0.05284321308
4707,1.0,0.0,0.0,0.0,1.0,1.0,0.3662338985,0.3267405335,0.06299740076,0.05504912138
4708,1.0,0.0,0.0,0.0,1.0,1.0,0.3645224288,0.3208737188,0.05914026499,0.05081069469
4709,1.0,0.0,0.0,0.0,1.0,1.0,0.3555064465,0.3125403769,0.06089693308,0.05227941275
4710,1.0,0.0,0.0,0.0,1.0,1.0,0.3575374016,0.312112564,0.06109166145,0.05199897289
4711,1.0,0.0,0.0,0.0,1.0,1.0,0.3614648552,0.3206402679,0.06104260683,0.05288487673
4712,1.0,0.0,0.0,0.0,1.0,1.0,0.3530367813,0.3055728698,0.06041747332,0.0513406992
4713,1.0,0.0,0.0,0.0,1.0,1.0,0.3574160148,0.3195494095,0.0613951087,0.05343651772
4714,1.0,0.0,0.0,0.0,1.0,1.0,0.3629813874,0.3257566172,0.06211274862,0.05417138338
4715,1.0,0.0,0.0,0.0,1.0,1.0,0.3649277881,0.3280997909,0.06213974953,0.0545822382
4716,1.0,0.0,0.0,0.0,1.0,1.0,0.3532365592,0.3164324165,0.05918240547,0.05132883787
4717,1.0,0.0,0.0,0.0,1.0,1.0,0.365116125,0.3268073404,0.06226074696,0.05422711372
4718,1.0,0.0,0.0,0.0,1.0,1.0,0.359463142,0.3244716618,0.06013506651,0.05254793167
4719,1.0,0.0,0.0,0.0,1.0,1.0,0.3597309699,0.3157958583,0.06145250797,0.05275642872
4720,1.0,0.0,0.0,0.0,1.0,1.0,0.3576599551,0.3228437497,0.06007379293,0.05277508497
4721,1.0,0.0,0.0,0.0,1.0,1.0,0.3612847885,0.3175307497,0.06135606766,0.05246800184
4722,1.0,0.0,0.0,0.0,1.0,1.0,0.3534404635,0.3036498859,0.05962693691,0.04992687702
4723,1.0,0.0,0.0,0.0,1.0,1.0,0.2751808061,0.128774136,0.04128611088,0.01920950413
4724,1.0,0.0,0.0,0.0,1.0,1.0,0.2766815588,0.1206871745,0.04168605804,0.01814901829
4725,1.0,0.0,0.0,0.0,1.0,1.0,0.2570505865,0.1517669364,0.03990501165,0.02288258076
4726,1.0,0.0,0.0,0.0,1.0,1.0,0.2955612794,0.2340245704,0.04851639271,0.03729879856
4727,1.0,0.0,0.0,0.0,1.0,1.0,0.3099962962,0.2489898127,0.05082309246,0.03971421719
4728,1.0,0.0,0.0,0.0,1.0,1.0,0.3280481615,0.2725749404,0.05478292704,0.04428046942
4729,1.0,0.0,0.0,0.0,1.0,1.0,0.3177710414,0.2559972111,0.05375295877,0.04219317436
4730,1.0,0.0,0.0,0.0,1.0,1.0,0.3325874268,0.2706822204,0.05608797073,0.04419052601
4731,1.0,0.0,0.0,0.0,1.0,1.0,0.3269986717,0.2724171796,0.05445927382,0.04384666681
4732,1.0,0.0,0.0,0.0,1.0,1.0,0.3292474663,0.2838135622,0.05513036251,0.04561549425
4733,1.0,0.0,0.0,0.0,1.0,1.0,0.3348216443,0.2912165883,0.05554276705,0.04693359137
4734,1.0,0.0,0.0,0.0,1.0,1.0,0.3452619434,0.29575284,0.05743587017,0.04781734943
4735,1.0,0.0,0.0,0.0,1.0,1.0,0.3409079402,0.2988023583,0.05748939514,0.04879587889
4736,1.0,0.0,0.0,0.0,1.0,1.0,0.3403058892,0.2967628562,0.0579995513,0.04898995161
4737,1.0,0.0,0.0,0.0,1.0,1.0,0.3447495251,0.3029130751,0.0580213666,0.04937392473
4738,1.0,0.0,0.0,0.0,1.0,1.0,0.3447497349,0.3052901174,0.05779999495,0.04974126816
4739,1.0,0.0,0.0,0.0,1.0,1.0,0.3414346927,0.2960676159,0.05696094036,0.0478361249
4740,1.0,0.0,0.0,0.0,1.0,1.0,0.3325929999,0.2963863931,0.05624783039,0.04837316275
4741,1.0,0.0,0.0,0.0,1.0,1.0,0.3392450545,0.3032791753,0.05751496553,0.04962074757
4742,1.0,0.0,0.0,0.0,1.0,1.0,0.3408692444,0.302236889,0.05749899149,0.04912537336
4743,1.0,0.0,0.0,0.0,1.0,1.0,0.3425241639,0.3087013757,0.05730688572,0.05010890961
4744,1.0,0.0,0.0,0.0,1.0,1.0,0.3380465154,0.3038845369,0.05672293901,0.04932433367
4745,1.0,0.0,0.0,0.0,1.0,1.0,0.3485658546,0.3172290032,0.05942964554,0.05238819122
4746,1.0,0.0,0.0,0.0,1.0,1.0,0.3419576926,0.3104068981,0.05873227119,0.05163902044
4747,1.0,0.0,0.0,0.0,1.0,1.0,0.3375596072,0.3035847298,0.05629515648,0.04912030697
4748,1.0,0.0,0.0,0.0,1.0,1.0,0.3424316777,0.3116905808,0.05906069279,0.05199605227
4749,1.0,0.0,0.0,0.0,1.0,1.0,0.3458967299,0.3104068594,0.05911153555,0.05172258615
4750,1.0,0.0,0.0,0.0,1.0,1.0,0.33809489,0.3025519213,0.05748009682,0.04990953207
4751,1.0,0.0,0.0,0.0,1.0,1.0,0.3363818537,0.3025065649,0.0569858551,0.04958862066
4752,1.0,0.0,0.0,0.0,1.0,1.0,0.3315061805,0.3015266273,0.05520319939,0.04864442348
4753,1.0,0.0,0.0,0.0,1.0,1.0,0.3303666252,0.2970848734,0.05507260561,0.04811894894
4754,1.0,0.0,0.0,0.0,1.0,1.0,0.3264507936,0.2907785179,0.05453151464,0.04670137167
4755,1.0,0.0,0.0,0.0,1.0,1.0,0.2952145521,0.2532369267,0.04799211025,0.04021686316
4756,1.0,0.0,0.0,0.0,1.0,1.0,0.2703714096,0.1301157289,0.04123854637,0.01962381601
4757,1.0,0.0,0.0,0.0,1.0,1.0,0.2964124636,0.1350599355,0.04483193159,0.02011692524
4758,1.0,0.0,0.0,0.0,1.0,1.0,0.2858255238,0.1321099844,0.04241263866,0.01938056946
4759,1.0,0.0,0.0,0.0,1.0,1.0,0.2828608964,0.1258842606,0.04217123985,0.01855540276
4760,1.0,0.0,0.0,0.0,1.0,1.0,0.2802173863,0.1179118167,0.04128652811,0.01734036207
4761,1.0,0.0,0.0,0.0,1.0,1.0,0.2625175549,0.1615066502,0.039973557,0.02426964045
4762,1.0,0.0,0.0,0.0,1.0,1.0,0.2653385781,0.1713847195,0.04162621498,0.0263633132
4763,1.0,0.0,0.0,0.0,1.0,1.0,0.2746293481,0.1882752448,0.04326450825,0.0292993784
4764,1.0,0.0,0.0,0.0,1.0,1.0,0.2774315394,0.2009369701,0.0446061492,0.03186154366
4765,1.0,0.0,0.0,0.0,1.0,1.0,0.2860412559,0.2144132735,0.04613214731,0.03404992819
4766,1.0,0.0,0.0,0.0,1.0,1.0,0.2857962414,0.2196004791,0.04698973894,0.03531181812
4767,1.0,0.0,0.0,0.0,1.0,1.0,0.2865292443,0.2220984461,0.04725933075,0.03600716591
4768,1.0,0.0,0.0,0.0,1.0,1.0,0.2845750458,0.2325089791,0.04622781277,0.03731644154
4769,1.0,0.0,0.0,0.0,1.0,1.0,0.3314209465,0.2888455205,0.05473148823,0.04646474123
4770,1.0,0.0,0.0,0.0,1.0,1.0,0.3421818745,0.3019146396,0.05759680271,0.04961305857
4771,1.0,0.0,0.0,0.0,1.0,1.0,0.3429121204,0.3160779524,0.05627578497,0.05061990023
4772,1.0,0.0,0.0,0.0,1.0,1.0,0.3507410039,0.3197516416,0.05945247412,0.05281460285
4773,1.0,0.0,0.0,0.0,1.0,1.0,0.3513395727,0.3244713955,0.05874353647,0.05332541466
4774,1.0,0.0,0.0,0.0,1.0,1.0,0.3359897198,0.3072489146,0.05629134178,0.04971927404
4775,1.0,0.0,0.0,0.0,1.0,1.0,0.3297653882,0.3001796387,0.05566173792,0.04938191175
4776,1.0,0.0,0.0,0.0,1.0,1.0,0.321559505,0.2845389199,0.05399179459,0.04669564962
4777,1.0,0.0,0.0,0.0,1.0,1.0,0.3093924901,0.2622650386,0.0511918664,0.04256403446
4778,1.0,0.0,0.0,0.0,1.0,1.0,0.3084486119,0.2711253697,0.05030459166,0.04299777746
4779,1.0,0.0,0.0,0.0,1.0,1.0,0.3105224076,0.2690805673,0.05082309246,0.04276919365
4780,1.0,0.0,0.0,0.0,1.0,1.0,0.2998327479,0.2651951209,0.04900556803,0.04140126705
4781,1.0,0.0,0.0,0.0,1.0,1.0,0.3127622224,0.2884417718,0.05166101456,0.04531162977
4782,1.0,0.0,0.0,0.0,1.0,1.0,0.3119949921,0.2755813003,0.05097806454,0.04320174456
4783,1.0,0.0,0.0,0.0,1.0,1.0,0.3108984856,0.2813242759,0.05173122883,0.04442453384
4784,1.0,0.0,0.0,0.0,1.0,1.0,0.2765630035,0.2262511983,0.04393368959,0.03484392166
4785,1.0,0.0,0.0,0.0,1.0,1.0,0.2264039619,0.1345403665,0.03314101696,0.01880979538
4786,1.0,0.0,0.0,0.0,1.0,1.0,0.2715020354,0.1547256539,0.04039418697,0.02166068554
4787,1.0,0.0,0.0,0.0,1.0,1.0,0.2771891614,0.1638430164,0.04100424051,0.02310097218
4788,1.0,0.0,0.0,0.0,1.0,1.0,0.2723967855,0.1665734617,0.03963720798,0.02309793234
4789,1.0,0.0,0.0,0.0,1.0,1.0,0.27107015,0.1600839207,0.03933793306,0.02222144604
4790,1.0,0.0,0.0,0.0,1.0,1.0,0.2940705343,0.1768560386,0.04419648647,0.02568173409
4791,1.0,0.0,0.0,0.0,1.0,1.0,0.2780703059,0.1469767516,0.04104691744,0.0208209157
4792,1.0,0.0,0.0,0.0,1.0,1.0,0.2917503495,0.1556506158,0.04216700792,0.02165329456
4793,1.0,0.0,0.0,0.0,1.0,1.0,0.275775869,0.1430650134,0.04031461477,0.02030020952
4794,1.0,0.0,0.0,0.0,1.0,1.0,0.2802354682,0.1533006043,0.03963303566,0.02134084702
4795,1.0,0.0,0.0,0.0,1.0,1.0,0.2775111795,0.1401654424,0.03925520182,0.01962757111
4796,1.0,0.0,0.0,0.0,1.0,1.0,0.284115656,0.142777759,0.04155260324,0.02062898874
4797,1.0,0.0,0.0,0.0,1.0,1.0,0.2787288905,0.1499162851,0.0402380228,0.02155607939
4798,1.0,0.0,0.0,0.0,1.0,1.0,0.2878391713,0.1399221623,0.04202860594,0.02043062449
4799,1.0,0.0,0.0,0.0,1.0,1.0,0.2866923085,0.1373737482,0.04161000252,0.01993817091
4800,1.0,0.0,0.0,0.0,1.0,1.0,0.2847014807,0.140238191,0.04056620598,0.02014130354
4801,1.0,0.0,0.0,0.0,1.0,1.0,0.2852697576,0.1299274387,0.04151266813,0.01886940002
4802,1.0,0.0,0.0,0.0,1.0,1.0,0.2929059133,0.134312673,0.04081994295,0.01875513792
4803,1.0,0.0,0.0,0.0,1.0,1.0,0.2791964491,0.1254359542,0.04031956196,0.0181145668
4804,1.0,0.0,0.0,0.0,1.0,1.0,0.2887277703,0.1179342694,0.04304909706,0.01776152849
4805,1.0,0.0,0.0,0.0,1.0,1.0,0.2948847941,0.1234603673,0.04126566648,0.01744788885
4806,1.0,0.0,0.0,0.0,1.0,1.0,0.29983261,0.1194549496,0.04221493006,0.01688593626
4807,1.0,0.0,0.0,0.0,1.0,1.0,0.305829214,0.1314007269,0.04398590326,0.0189743042
4808,1.0,0.0,0.0,0.0,1.0,1.0,0.2964277279,0.1194551989,0.04342615604,0.01760518551
4809,1.0,0.0,0.0,0.0,1.0,1.0,0.3108017697,0.1148550172,0.0443302989,0.01651519537
4810,1.0,0.0,0.0,0.0,1.0,1.0,0.3121989089,0.1213894525,0.04453623295,0.01735174656
4811,1.0,0.0,0.0,0.0,1.0,1.0,0.320307989,0.1259462267,0.0441582799,0.01732796431
4812,1.0,0.0,0.0,0.0,1.0,1.0,0.3146391685,0.1228824566,0.04407769442,0.01728540659
4813,1.0,0.0,0.0,0.0,1.0,1.0,0.3169945335,0.1184080286,0.04453092813,0.01673460007
4814,1.0,0.0,0.0,0.0,1.0,1.0,0.3100311985,0.1254357763,0.04488551617,0.01830852032
4815,1.0,0.0,0.0,0.0,1.0,1.0,0.3049844004,0.1223804808,0.04267680645,0.01730138063
4816,1.0,0.0,0.0,0.0,1.0,1.0,0.3103107109,0.1264353118,0.04293179512,0.01756298542
4817,1.0,0.0,0.0,0.0,1.0,1.0,0.3053285547,0.1309752731,0.04437047243,0.01922720671
4818,1.0,0.0,0.0,0.0,1.0,1.0,0.2937136262,0.1264600246,0.04227465391,0.01820158958
4819,1.0,0.0,0.0,0.0,1.0,1.0,0.2911596011,0.1244118189,0.04171955585,0.01775300503
4820,1.0,0.0,0.0,0.0,1.0,1.0,0.287008816,0.1395979581,0.03995329142,0.01955157518
4821,1.0,0.0,0.0,0.0,1.0,1.0,0.2794357556,0.1468565285,0.03888565302,0.02043622732
4822,1.0,0.0,0.0,0.0,1.0,1.0,0.2861387698,0.1521784571,0.04129505157,0.02182739973
4823,1.0,0.0,0.0,0.0,1.0,1.0,0.2962853742,0.1589072372,0.04066222906,0.02176290751
4824,1.0,0.0,0.0,0.0,1.0,1.0,0.2852572103,0.1484526798,0.04114186764,0.02132171392
4825,1.0,0.0,0.0,0.0,1.0,1.0,0.2746397341,0.1436698453,0.03794252872,0.01968449354
4826,1.0,0.0,0.0,0.0,1.0,1.0,0.2823625909,0.1305391778,0.04052466154,0.01865881681
4827,1.0,0.0,0.0,0.0,1.0,1.0,0.282974569,0.1531400349,0.03947174549,0.02127552032
4828,1.0,0.0,0.0,0.0,1.0,1.0,0.2835152331,0.1651969486,0.04115319252,0.02368527651
4829,1.0,0.0,0.0,0.0,1.0,1.0,0.2740402025,0.1529757766,0.03883606195,0.02141696215
4830,1.0,0.0,0.0,0.0,1.0,1.0,0.2773959455,0.176250468,0.03896635771,0.02435404062
4831,1.0,0.0,0.0,0.0,1.0,1.0,0.2910798613,0.1907649383,0.04149025679,0.02669304609
4832,1.0,0.0,0.0,0.0,1.0,1.0,0.2438154852,0.1445473561,0.03488111496,0.02017915249
4833,1.0,0.0,0.0,0.0,1.0,1.0,0.2588918635,0.1561626817,0.03755241632,0.02183276415
4834,1.0,0.0,0.0,0.0,1.0,1.0,0.2666496205,0.1624607902,0.03779256344,0.02211564779
4835,1.0,0.0,0.0,0.0,1.0,1.0,0.2563698533,0.150742667,0.03648263216,0.02080655098
4836,1.0,0.0,0.0,0.0,1.0,1.0,0.2458305867,0.1327062785,0.03493100405,0.01832449436
4837,1.0,0.0,0.0,0.0,1.0,1.0,0.2523642912,0.1480653279,0.03580445051,0.02045965195
4838,1.0,0.0,0.0,0.0,1.0,1.0,0.2292834988,0.1335286251,0.03349792957,0.01889628172
4839,1.0,0.0,0.0,0.0,1.0,1.0,0.243428757,0.1433625031,0.03475379944,0.01977854967
4840,1.0,0.0,0.0,0.0,1.0,1.0,0.2409012844,0.1300925351,0.03513538837,0.01829361916
4841,1.0,0.0,0.0,0.0,1.0,1.0,0.2736568317,0.1706863231,0.03813499212,0.02293622494
4842,1.0,0.0,0.0,0.0,1.0,1.0,0.2758457814,0.1790668288,0.03982150555,0.02481633425
4843,1.0,0.0,0.0,0.0,1.0,1.0,0.2886404168,0.1871381823,0.04115343094,0.02547591925
4844,1.0,0.0,0.0,0.0,1.0,1.0,0.2747006537,0.1815315302,0.04018610716,0.02536571026
4845,1.0,0.0,0.0,0.0,1.0,1.0,0.2718635568,0.1850818567,0.03997069597,0.02588033676
4846,1.0,0.0,0.0,0.0,1.0,1.0,0.2729320716,0.1755217758,0.04105299711,0.02510434389
4847,1.0,0.0,0.0,0.0,1.0,1.0,0.2815886799,0.1811491121,0.0405729413,0.0248581171
4848,1.0,0.0,0.0,0.0,1.0,1.0,0.275093629,0.1811489067,0.03958171606,0.02477419376
4849,1.0,0.0,0.0,0.0,1.0,1.0,0.2821484159,0.1853131819,0.04172354937,0.02615070343
4850,1.0,0.0,0.0,0.0,1.0,1.0,0.2844260898,0.1886913944,0.0407961607,0.02578091621
4851,1.0,0.0,0.0,0.0,1.0,1.0,0.2776228801,0.187395235,0.04079842567,0.02622753382
4852,1.0,0.0,0.0,0.0,1.0,1.0,0.2770726567,0.1936419096,0.03967982531,0.02635878325
4853,1.0,0.0,0.0,0.0,1.0,1.0,0.261331104,0.1769842698,0.0370323658,0.02402859926
4854,1.0,0.0,0.0,0.0,1.0,1.0,0.2583727438,0.1728203345,0.03628981113,0.02334928513
4855,1.0,0.0,0.0,0.0,1.0,1.0,0.2637415051,0.1768559211,0.03843009472,0.02484953403
4856,1.0,0.0,0.0,0.0,1.0,1.0,0.2608106027,0.1832309415,0.03671050072,0.0246604681
4857,1.0,0.0,0.0,0.0,1.0,1.0,0.2518431634,0.1832310354,0.03617942333,0.02506923676
4858,1.0,0.0,0.0,0.0,1.0,1.0,0.2518434516,0.178323818,0.03750008345,0.02539378405
4859,1.0,0.0,0.0,0.0,1.0,1.0,0.2574626896,0.1826710922,0.03756660223,0.0257346034
4860,1.0,0.0,0.0,0.0,1.0,1.0,0.2598547082,0.1728201645,0.03719699383,0.02374887466
4861,1.0,0.0,0.0,0.0,1.0,1.0,0.2518280381,0.1658912421,0.03758764267,0.02378594875
4862,1.0,0.0,0.0,0.0,1.0,1.0,0.2468976828,0.1536027223,0.0359994173,0.02159965038
4863,1.0,0.0,0.0,0.0,1.0,1.0,0.2616648523,0.1638430906,0.03711354733,0.02232396603
4864,1.0,0.0,0.0,0.0,1.0,1.0,0.2547599458,0.1713917688,0.03689312935,0.02355480194
4865,1.0,0.0,0.0,0.0,1.0,1.0,0.2596976782,0.1651966213,0.03663510084,0.0222030282
4866,1.0,0.0,0.0,0.0,1.0,1.0,0.2600491084,0.1679388095,0.03794515133,0.02322012186
4867,1.0,0.0,0.0,0.0,1.0,1.0,0.2763162389,0.1912514386,0.03905940056,0.02576261759
4868,1.0,0.0,0.0,0.0,1.0,1.0,0.2678113683,0.1841076738,0.03904026747,0.02574396133
4869,1.0,0.0,0.0,0.0,1.0,1.0,0.2671587706,0.1838974727,0.03903120756,0.02583360672
4870,1.0,0.0,0.0,0.0,1.0,1.0,0.2636323126,0.1824707724,0.03830438852,0.02515512705
4871,1.0,0.0,0.0,0.0,1.0,1.0,0.2591147048,0.1841074534,0.03659129143,0.02503609657
4872,1.0,0.0,0.0,0.0,1.0,1.0,0.2577924886,0.1781794376,0.03536725044,0.02366888523
4873,1.0,0.0,0.0,0.0,1.0,1.0,0.2563181356,0.2032064207,0.03573316336,0.0271461606
4874,1.0,0.0,0.0,0.0,1.0,1.0,0.219193643,0.1824707086,0.02953577042,0.02384537458
4875,1.0,0.0,0.0,0.0,1.0,1.0,0.2243234583,0.1700728587,0.03412300348,0.02467823029
4876,1.0,0.0,0.0,0.0,1.0,1.0,0.2507497099,0.2237556869,0.04321146011,0.0367757082
4877,1.0,0.0,0.0,0.0,1.0,1.0,0.3252821213,0.3141101192,0.06072568893,0.05537676811
4878,1.0,0.0,0.0,0.0,1.0,1.0,0.3658523148,0.3682154105,0.07075101137,0.06753504276
4879,1.0,0.0,0.0,0.0,1.0,1.0,0.3535216996,0.3477078697,0.06522232294,0.06065064669
4880,1.0,0.0,0.0,0.0,1.0,1.0,0.3490638183,0.3366541718,0.06530255079,0.05914193392
4881,1.0,0.0,0.0,0.0,1.0,1.0,0.3487201769,0.3355016571,0.06386488676,0.05805897713
4882,1.0,0.0,0.0,0.0,1.0,1.0,0.3564677253,0.3448780022,0.06607073545,0.06051337719
4883,1.0,0.0,0.0,0.0,1.0,1.0,0.354957275,0.3371816923,0.06868314743,0.0617198348
4884,1.0,0.0,0.0,0.0,1.0,1.0,0.3381693212,0.3196094734,0.06489735842,0.05815064907
4885,1.0,0.0,0.0,0.0,1.0,1.0,0.2922241188,0.2597828124,0.05518490076,0.04702150822
4886,1.0,0.0,0.0,0.0,1.0,1.0,0.2539712363,0.1850816844,0.04576325417,0.03292322159
4887,1.0,0.0,0.0,0.0,1.0,1.0,0.3125744239,0.1986596743,0.05240601301,0.03237825632
4888,1.0,0.0,0.0,0.0,1.0,1.0,0.3424938601,0.1986594919,0.05710250139,0.03239148855
4889,1.0,0.0,0.0,0.0,1.0,1.0,0.3195887397,0.207394126,0.05281609297,0.03361028433
4890,1.0,0.0,0.0,0.0,1.0,1.0,0.265696856,0.2013530376,0.04964244366,0.03616338968
4891,1.0,0.0,0.0,0.0,1.0,1.0,0.3046244815,0.2560846672,0.0575158596,0.04652965069
4892,1.0,0.0,0.0,0.0,1.0,1.0,0.3225622744,0.2820722787,0.06149417162,0.05161684752
4893,1.0,0.0,0.0,0.0,1.0,1.0,0.3404505641,0.3015860652,0.06721514463,0.05723273754
4894,1.0,0.0,0.0,0.0,1.0,1.0,0.3420460053,0.3156134163,0.06444555521,0.05658638477
4895,1.0,0.0,0.0,0.0,1.0,1.0,0.3404877247,0.3054832347,0.06435412169,0.0553894043
4896,1.0,0.0,0.0,0.0,1.0,1.0,0.3381697972,0.2949744535,0.06433051825,0.0541395545
4897,1.0,0.0,0.0,0.0,1.0,1.0,0.3487985531,0.316724656,0.06456631422,0.05587470531
4898,1.0,0.0,0.0,0.0,1.0,1.0,0.3524520759,0.3140605694,0.06632399559,0.05635982752
4899,1.0,0.0,0.0,0.0,1.0,1.0,0.3458336546,0.3151547533,0.05874431133,0.05087417364
4900,1.0,0.0,0.0,0.0,1.0,1.0,0.3458965576,0.3116724235,0.05854642391,0.05038368702
4901,1.0,0.0,0.0,0.0,1.0,1.0,0.3293243854,0.2957532776,0.05662357807,0.04901742935
4902,1.0,0.0,0.0,0.0,1.0,1.0,0.3401668304,0.2994959223,0.05562233925,0.04714649916
4903,1.0,0.0,0.0,0.0,1.0,1.0,0.3450262311,0.305198676,0.05943000317,0.05078053474
4904,1.0,0.0,0.0,0.0,1.0,1.0,0.3514167602,0.3071373358,0.06075555086,0.05155855417
4905,1.0,0.0,0.0,0.0,1.0,1.0,0.3440169596,0.2974527767,0.05925065279,0.04914146662
4906,1.0,0.0,0.0,0.0,1.0,1.0,0.3461482827,0.2961311309,0.05805170536,0.04796761274
4907,1.0,0.0,0.0,0.0,1.0,1.0,0.3412726158,0.2841221706,0.05529129505,0.04475963116
4908,1.0,0.0,0.0,0.0,1.0,1.0,0.3408692382,0.2823765202,0.05943661928,0.04760700464
4909,1.0,0.0,0.0,0.0,1.0,1.0,0.3490633807,0.2913629932,0.05784702301,0.04693257809
4910,1.0,0.0,0.0,0.0,1.0,1.0,0.3446920398,0.2879750945,0.05508130789,0.04480302334
4911,1.0,0.0,0.0,0.0,1.0,1.0,0.341353153,0.2809877795,0.05808997154,0.04663950205
4912,1.0,0.0,0.0,0.0,1.0,1.0,0.2994583276,0.1486159563,0.04374110699,0.02187055349
4913,1.0,0.0,0.0,0.0,1.0,1.0,0.319447807,0.1635113683,0.04620414972,0.02404773235
4914,1.0,0.0,0.0,0.0,1.0,1.0,0.2909089204,0.1641938945,0.04437541962,0.02504622936
4915,1.0,0.0,0.0,0.0,1.0,1.0,0.3331472093,0.2722618779,0.05389499664,0.04322546721
4916,1.0,0.0,0.0,0.0,1.0,1.0,0.3536228271,0.2954430867,0.05926078558,0.04868847132
4917,1.0,0.0,0.0,0.0,1.0,1.0,0.3583525744,0.2981668243,0.0616312623,0.0506054759
4918,1.0,0.0,0.0,0.0,1.0,1.0,0.3536229979,0.2974926263,0.05899775028,0.04930329323
4919,1.0,0.0,0.0,0.0,1.0,1.0,0.3298158786,0.2606517743,0.05307459831,0.04208439589
4920,1.0,0.0,0.0,0.0,1.0,1.0,0.3479839244,0.1343122265,0.04839324951,0.0191321969
4921,1.0,0.0,0.0,0.0,1.0,1.0,0.3405354907,0.1375198299,0.04695701599,0.01972746849
4922,1.0,0.0,0.0,0.0,1.0,1.0,0.3521452977,0.1475552919,0.04971802235,0.02155405283
4923,1.0,0.0,0.0,0.0,1.0,1.0,0.3516552417,0.1465049,0.04940950871,0.0210930109
4924,1.0,0.0,0.0,0.0,1.0,1.0,0.3520298823,0.1592736035,0.05319672823,0.02445828915
4925,1.0,0.0,0.0,0.0,1.0,1.0,0.3428884586,0.1522589199,0.05208027363,0.02308106422
4926,1.0,0.0,0.0,0.0,1.0,1.0,0.2865781833,0.1377909907,0.04443156719,0.020827353
4927,1.0,0.0,0.0,0.0,1.0,1.0,0.3103443291,0.2438501495,0.05182564259,0.03956580162
4928,1.0,0.0,0.0,0.0,1.0,1.0,0.3646387673,0.3181615044,0.06484115124,0.05423080921
4929,1.0,0.0,0.0,0.0,1.0,1.0,0.3852874296,0.3456974304,0.06593495607,0.05691820383
4930,1.0,0.0,0.0,0.0,1.0,1.0,0.3822368123,0.340016377,0.06447803974,0.05526691675
4931,1.0,0.0,0.0,0.0,1.0,1.0,0.3841505444,0.355243651,0.06559097767,0.0580868721
4932,1.0,0.0,0.0,0.0,1.0,1.0,0.3796581513,0.3427138598,0.0646739006,0.05610597134
4933,1.0,0.0,0.0,0.0,1.0,1.0,0.3707081669,0.3286299849,0.06301230192,0.05385190248
4934,1.0,0.0,0.0,0.0,1.0,1.0,0.3690750551,0.330323996,0.06346964836,0.05476361513
4935,1.0,0.0,0.0,0.0,1.0,1.0,0.3790984637,0.3376953361,0.06461113691,0.05538100004
4936,1.0,0.0,0.0,0.0,1.0,1.0,0.3778577488,0.3445176679,0.06497782469,0.05682045221
4937,1.0,0.0,0.0,0.0,1.0,1.0,0.3819941692,0.3417334168,0.06593024731,0.05655223131
4938,1.0,0.0,0.0,0.0,1.0,1.0,0.3784770271,0.3439860232,0.06488639116,0.05645960569
4939,1.0,0.0,0.0,0.0,1.0,1.0,0.370468609,0.3342964303,0.0617633462,0.05325376987
4940,1.0,0.0,0.0,0.0,1.0,1.0,0.36657151,0.3389713688,0.06331431866,0.05508059263
4941,1.0,0.0,0.0,0.0,1.0,1.0,0.3680485625,0.3433456305,0.0667322278,0.05810302496
4942,1.0,0.0,0.0,0.0,1.0,1.0,0.3725634821,0.3470285347,0.06677740812,0.05806732178
4943,1.0,0.0,0.0,0.0,1.0,1.0,0.3729972998,0.3579315782,0.06537252665,0.05782955885
4944,1.0,0.0,0.0,0.0,1.0,1.0,0.3619774453,0.3424662006,0.06272572279,0.05439931154
4945,1.0,0.0,0.0,0.0,1.0,1.0,0.3683840125,0.3470281895,0.06587874889,0.05728584528
4946,1.0,0.0,0.0,0.0,1.0,1.0,0.3659245186,0.3389716807,0.0658300519,0.05626010895
4947,1.0,0.0,0.0,0.0,1.0,1.0,0.3591490069,0.3325669425,0.06403446198,0.0553420186
4948,1.0,0.0,0.0,0.0,1.0,1.0,0.3508506799,0.3244714886,0.06159198284,0.05283349752
4949,1.0,0.0,0.0,0.0,1.0,1.0,0.3560104531,0.3244716564,0.06027698517,0.05170547962
4950,1.0,0.0,0.0,0.0,1.0,1.0,0.3449120032,0.3159748662,0.06150060892,0.0526330471
4951,1.0,0.0,0.0,0.0,1.0,1.0,0.3580803197,0.3308965135,0.0626386404,0.05456525087
4952,1.0,0.0,0.0,0.0,1.0,1.0,0.3509365841,0.3262064629,0.06081289053,0.05268579721
4953,1.0,0.0,0.0,0.0,1.0,1.0,0.3036497361,0.2282897993,0.04837661982,0.03510761261
4954,1.0,0.0,0.0,0.0,1.0,1.0,0.3239297899,0.1559129247,0.04745000601,0.02256768942
4955,1.0,0.0,0.0,0.0,1.0,1.0,0.3226545085,0.1626545176,0.04736614227,0.02397191525
4956,1.0,0.0,0.0,0.0,1.0,1.0,0.3377288519,0.1725227803,0.04959255457,0.02508461475
4957,1.0,0.0,0.0,0.0,1.0,1.0,0.335780891,0.1652462559,0.04847359657,0.02366650105
4958,1.0,0.0,0.0,0.0,1.0,1.0,0.3067966023,0.1406058887,0.04684787989,0.02126836777
4959,1.0,0.0,0.0,0.0,1.0,1.0,0.2929396953,0.2033952299,0.04735040665,0.03230971098
4960,1.0,0.0,0.0,0.0,1.0,1.0,0.3190068182,0.2550656126,0.05004686117,0.03913235664
4961,1.0,0.0,0.0,0.0,1.0,1.0,0.3403412621,0.2848239672,0.05694955587,0.04639309645
4962,1.0,0.0,0.0,0.0,1.0,1.0,0.3490637737,0.2937552372,0.0577147007,0.04736965895
4963,1.0,0.0,0.0,0.0,1.0,1.0,0.3578862235,0.3072609036,0.05908107758,0.0495518446
4964,1.0,0.0,0.0,0.0,1.0,1.0,0.3542118683,0.3032205951,0.05798816681,0.04873180389
4965,1.0,0.0,0.0,0.0,1.0,1.0,0.3564678278,0.3055726296,0.05850690603,0.04948478937
4966,1.0,0.0,0.0,0.0,1.0,1.0,0.3602639191,0.3042519544,0.06052881479,0.04992932081
4967,1.0,0.0,0.0,0.0,1.0,1.0,0.3580090328,0.3093511835,0.05945694447,0.05009800196
4968,1.0,0.0,0.0,0.0,1.0,1.0,0.3623803137,0.3121123536,0.06076586246,0.05077695847
4969,1.0,0.0,0.0,0.0,1.0,1.0,0.3545872927,0.3052898766,0.06070554256,0.05054086447
4970,1.0,0.0,0.0,0.0,1.0,1.0,0.3589427356,0.3099965439,0.0609498024,0.05116432905
4971,1.0,0.0,0.0,0.0,1.0,1.0,0.3519629894,0.2964448546,0.05817914009,0.04802525043
4972,1.0,0.0,0.0,0.0,1.0,1.0,0.349142854,0.2998328748,0.05838370323,0.04897594452
4973,1.0,0.0,0.0,0.0,1.0,1.0,0.3563516919,0.3032205844,0.05999481678,0.04994916916
4974,1.0,0.0,0.0,0.0,1.0,1.0,0.3539008778,0.3079090676,0.05858612061,0.04963546991
4975,1.0,0.0,0.0,0.0,1.0,1.0,0.3565928312,0.3085524678,0.06055891514,0.05111396313
4976,1.0,0.0,0.0,0.0,1.0,1.0,0.3578859609,0.308949214,0.05878460407,0.04957413673
4977,1.0,0.0,0.0,0.0,1.0,1.0,0.356351567,0.3015264174,0.06018328667,0.04982614517
4978,1.0,0.0,0.0,0.0,1.0,1.0,0.364483193,0.3169369945,0.05889081955,0.05036360025
4979,1.0,0.0,0.0,0.0,1.0,1.0,0.3601294631,0.3155235641,0.06080001593,0.05159634352
4980,1.0,0.0,0.0,0.0,1.0,1.0,0.3437146325,0.2899404817,0.05504333973,0.04542410374
4981,1.0,0.0,0.0,0.0,1.0,1.0,0.3544820497,0.3038843178,0.05766266584,0.04805219173
4982,1.0,0.0,0.0,0.0,1.0,1.0,0.349967266,0.3133843578,0.0602517724,0.05184459686
4983,1.0,0.0,0.0,0.0,1.0,1.0,0.3532229395,0.3173901656,0.06086057425,0.05272710323
4984,1.0,0.0,0.0,0.0,1.0,1.0,0.3549571116,0.3196867388,0.06086224318,0.05328953266
4985,1.0,0.0,0.0,0.0,1.0,1.0,0.353623324,0.3205105521,0.05835980177,0.05096203089
4986,1.0,0.0,0.0,0.0,1.0,1.0,0.3601297517,0.3302653569,0.06096756458,0.05341649055
4987,1.0,0.0,0.0,0.0,1.0,1.0,0.3543172131,0.3173667874,0.06039577723,0.05156433582
4988,1.0,0.0,0.0,0.0,1.0,1.0,0.3470514126,0.3138597254,0.05759418011,0.04956424236
4989,1.0,0.0,0.0,0.0,1.0,1.0,0.3516856123,0.312540396,0.05924397707,0.05015075207
4990,1.0,0.0,0.0,0.0,1.0,1.0,0.3544816553,0.3136179638,0.05920666456,0.04988712072
4991,1.0,0.0,0.0,0.0,1.0,1.0,0.3499674052,0.3159746589,0.05886119604,0.05037420988
4992,1.0,0.0,0.0,0.0,1.0,1.0,0.3501334369,0.3145097591,0.05864036083,0.04955524206
4993,1.0,0.0,0.0,0.0,1.0,1.0,0.3402706905,0.3040261827,0.05897337198,0.04957181215
4994,1.0,0.0,0.0,0.0,1.0,1.0,0.3534209321,0.3203784945,0.05926406384,0.05071902275
4995,1.0,0.0,0.0,0.0,1.0,1.0,0.3595353142,0.3244715947,0.05880856514,0.05044585466
4996,1.0,0.0,0.0,0.0,1.0,1.0,0.3560101087,0.3205106752,0.06075000763,0.05183261633
4997,1.0,0.0,0.0,0.0,1.0,1.0,0.3490636019,0.3164325092,0.05990320444,0.05170893669
4998,1.0,0.0,0.0,0.0,1.0,1.0,0.3550648155,0.3233487446,0.06151258945,0.05325394869
4999,1.0,0.0,0.0,0.0,1.0,1.0,0.3534210396,0.3233488708,0.06228500605,0.05417346954
5000,1.0,0.0,0.0,0.0,1.0,1.0,0.3459607285,0.3015858632,0.05992239714,0.0497905612
5001,1.0,0.0,0.0,0.0,1.0,1.0,0.3505629577,0.3085997172,0.05995196104,0.0507286191
5002,1.0,0.0,0.0,0.0,1.0,1.0,0.3460250711,0.2935424644,0.05812138319,0.04739999771
5003,1.0,0.0,0.0,0.0,1.0,1.0,0.350563212,0.2987839487,0.05820256472,0.04784917831
5004,1.0,0.0,0.0,0.0,1.0,1.0,0.353544106,0.2984199262,0.05946159363,0.04831254482
5005,1.0,0.0,0.0,0.0,1.0,1.0,0.3486025995,0.2969871685,0.05985534191,0.04924058914
5006,1.0,0.0,0.0,0.0,1.0,1.0,0.3553569112,0.304794186,0.05960470438,0.04928851128
5007,1.0,0.0,0.0,0.0,1.0,1.0,0.3606231288,0.3005314225,0.05989259481,0.04905492067
5008,1.0,0.0,0.0,0.0,1.0,1.0,0.3645221635,0.3068458325,0.06106668711,0.05017215014
5009,1.0,0.0,0.0,0.0,1.0,1.0,0.3628111672,0.2966541229,0.06025987864,0.04775309563
5010,1.0,0.0,0.0,0.0,1.0,1.0,0.3632783011,0.2963257712,0.0612590313,0.04860460758
5011,1.0,0.0,0.0,0.0,1.0,1.0,0.3762804365,0.3123254313,0.0621920228,0.05065411329
5012,1.0,0.0,0.0,0.0,1.0,1.0,0.3684899453,0.2956094706,0.05879956484,0.04659587145
5013,1.0,0.0,0.0,0.0,1.0,1.0,0.3646846808,0.2917952411,0.05917215347,0.04661202431
5014,1.0,0.0,0.0,0.0,1.0,1.0,0.3654803598,0.2928190672,0.05671626329,0.04488921165
5015,1.0,0.0,0.0,0.0,1.0,1.0,0.3711228824,0.2945723986,0.06156665087,0.04810786247
5016,1.0,0.0,0.0,0.0,1.0,1.0,0.3665773022,0.2956096668,0.06050384045,0.04794645309
5017,1.0,0.0,0.0,0.0,1.0,1.0,0.3626594705,0.2987843326,0.05762600899,0.04626315832
5018,1.0,0.0,0.0,0.0,1.0,1.0,0.369912252,0.3036499281,0.05985832214,0.04805141687
5019,1.0,0.0,0.0,0.0,1.0,1.0,0.3671416309,0.2967094819,0.06187540293,0.04898476601
5020,1.0,0.0,0.0,0.0,1.0,1.0,0.3699121007,0.3053849879,0.0614503026,0.04961127043
5021,1.0,0.0,0.0,0.0,1.0,1.0,0.3682154298,0.3029666445,0.05906993151,0.04736483097
5022,1.0,0.0,0.0,0.0,1.0,1.0,0.3669691887,0.3001796102,0.05986458063,0.04772615433
5023,1.0,0.0,0.0,0.0,1.0,1.0,0.3614277716,0.2952895715,0.05724489689,0.04541969299
5024,1.0,0.0,0.0,0.0,1.0,1.0,0.3669693442,0.3029667166,0.06021022797,0.04827916622
5025,1.0,0.0,0.0,0.0,1.0,1.0,0.3692850919,0.2994844987,0.06108421087,0.04819494486
5026,1.0,0.0,0.0,0.0,1.0,1.0,0.3638992335,0.3026476911,0.05987417698,0.04834908247
5027,1.0,0.0,0.0,0.0,1.0,1.0,0.369469722,0.3092678645,0.05921268463,0.04829794168
5028,1.0,0.0,0.0,0.0,1.0,1.0,0.3696566797,0.3121066039,0.06096988916,0.05024373531
5029,1.0,0.0,0.0,0.0,1.0,1.0,0.3456974896,0.2815329653,0.05534529686,0.04383784533
5030,1.0,0.0,0.0,0.0,1.0,1.0,0.3501446304,0.297706434,0.05825775862,0.04751121998
5031,1.0,0.0,0.0,0.0,1.0,1.0,0.3496342951,0.2941618332,0.05952477455,0.04820048809
5032,1.0,0.0,0.0,0.0,1.0,1.0,0.3468148508,0.2923900763,0.05733382702,0.04660141468
5033,1.0,0.0,0.0,0.0,1.0,1.0,0.3496342445,0.293122717,0.05594903231,0.04530507326
5034,1.0,0.0,0.0,0.0,1.0,1.0,0.3502318479,0.2956095948,0.05799436569,0.04752707481
5035,1.0,0.0,0.0,0.0,1.0,1.0,0.3502318056,0.2945725706,0.05650889874,0.04630976915
5036,1.0,0.0,0.0,0.0,1.0,1.0,0.3552439762,0.302278699,0.05779719353,0.04784166813
5037,1.0,0.0,0.0,0.0,1.0,1.0,0.3507409809,0.2910654509,0.05805033445,0.04677844048
5038,1.0,0.0,0.0,0.0,1.0,1.0,0.3541466012,0.2917952495,0.05685156584,0.04564523697
5039,1.0,0.0,0.0,0.0,1.0,1.0,0.3546403863,0.298444162,0.05653625727,0.04652744532
5040,1.0,0.0,0.0,0.0,1.0,1.0,0.3495501784,0.2977432971,0.05808502436,0.04821622372
5041,1.0,0.0,0.0,0.0,1.0,1.0,0.3467451483,0.2963257483,0.05815327168,0.04817599058
5042,1.0,0.0,0.0,0.0,1.0,1.0,0.3489578122,0.2994846805,0.05685853958,0.04747414589
5043,1.0,0.0,0.0,0.0,1.0,1.0,0.3493847158,0.2991406987,0.05878639221,0.04889440536
5044,1.0,0.0,0.0,0.0,1.0,1.0,0.3510645247,0.2994842646,0.05766105652,0.04745310545
5045,1.0,0.0,0.0,0.0,1.0,1.0,0.3519630575,0.311894664,0.05736881495,0.04897993803
5046,1.0,0.0,0.0,0.0,1.0,1.0,0.3548018772,0.3084482924,0.06024998426,0.05063259602
5047,1.0,0.0,0.0,0.0,1.0,1.0,0.3515622961,0.3071202557,0.05880987644,0.04956835508
5048,1.0,0.0,0.0,0.0,1.0,1.0,0.3470513712,0.3005314592,0.05575567484,0.04610568285
5049,1.0,0.0,0.0,0.0,1.0,1.0,0.3448657549,0.2987838818,0.05461597443,0.04533654451
5050,1.0,0.0,0.0,0.0,1.0,1.0,0.3480644546,0.2991409235,0.0589338541,0.04855024815
5051,1.0,0.0,0.0,0.0,1.0,1.0,0.3475594352,0.3012254536,0.05732166767,0.04744809866
5052,1.0,0.0,0.0,0.0,1.0,1.0,0.3480643319,0.2956823518,0.05646538734,0.04597890377
5053,1.0,0.0,0.0,0.0,1.0,1.0,0.351562614,0.3019147103,0.0578032732,0.04789412022
5054,1.0,0.0,0.0,0.0,1.0,1.0,0.3537254708,0.3015558096,0.05591768026,0.04615849257
5055,1.0,0.0,0.0,0.0,1.0,1.0,0.3526460372,0.2963864335,0.05753397942,0.04689973593
5056,1.0,0.0,0.0,0.0,1.0,1.0,0.3498047502,0.2929400089,0.05546343327,0.04489898682
5057,1.0,0.0,0.0,0.0,1.0,1.0,0.3559884551,0.3036501668,0.05932229757,0.04873901606
5058,1.0,0.0,0.0,0.0,1.0,1.0,0.3559886645,0.304328571,0.05774879456,0.04771733284
5059,1.0,0.0,0.0,0.0,1.0,1.0,0.3549108077,0.3008700462,0.05823016167,0.04779267311
5060,1.0,0.0,0.0,0.0,1.0,1.0,0.3539338391,0.3001794613,0.05943381786,0.04896211624
5061,1.0,0.0,0.0,0.0,1.0,1.0,0.3537257225,0.2960675549,0.05779200792,0.04716044664
5062,1.0,0.0,0.0,0.0,1.0,1.0,0.3587312087,0.2988021858,0.06017297506,0.04869812727
5063,1.0,0.0,0.0,0.0,1.0,1.0,0.3597993244,0.3005196628,0.05779719353,0.04682642221
5064,1.0,0.0,0.0,0.0,1.0,1.0,0.3549108618,0.2963860811,0.05880600214,0.04771047831
5065,1.0,0.0,0.0,0.0,1.0,1.0,0.3483670587,0.2862985418,0.05538547039,0.04436218739
5066,1.0,0.0,0.0,0.0,1.0,1.0,0.3377189856,0.2698841434,0.05266046524,0.04143333435
5067,1.0,0.0,0.0,0.0,1.0,1.0,0.342321735,0.2743222318,0.05527794361,0.04361122847
5068,1.0,0.0,0.0,0.0,1.0,1.0,0.3411472648,0.2690805562,0.05597895384,0.0433204174
5069,1.0,0.0,0.0,0.0,1.0,1.0,0.3496340789,0.2766624604,0.05652594566,0.04411786795
5070,1.0,0.0,0.0,0.0,1.0,1.0,0.3451679339,0.2698838597,0.05348885059,0.04124760628
5071,1.0,0.0,0.0,0.0,1.0,1.0,0.3383797364,0.2612575755,0.0511931777,0.03931850195
5072,1.0,0.0,0.0,0.0,1.0,1.0,0.3377426384,0.2629194976,0.05404275656,0.04163497686
5073,1.0,0.0,0.0,0.0,1.0,1.0,0.337718687,0.2611782443,0.05383718014,0.04099279642
5074,1.0,0.0,0.0,0.0,1.0,1.0,0.3243802875,0.2454460596,0.05100142956,0.03832000494
5075,1.0,0.0,0.0,0.0,1.0,1.0,0.3308501107,0.2498607226,0.05251896381,0.03884214163
5076,1.0,0.0,0.0,0.0,1.0,1.0,0.3314385168,0.2578065684,0.05338263512,0.04017460346
5077,1.0,0.0,0.0,0.0,1.0,1.0,0.3342787249,0.2832352016,0.05184388161,0.0413171649
5078,1.0,0.0,0.0,0.0,1.0,1.0,0.344178763,0.3073823262,0.0565803051,0.04651552439
5079,1.0,0.0,0.0,0.0,1.0,1.0,0.3359049477,0.3079460731,0.05493825674,0.04519551992
5080,1.0,0.0,0.0,0.0,1.0,1.0,0.3266150283,0.3079462251,0.05394083261,0.04504060745
5081,1.0,0.0,0.0,0.0,1.0,1.0,0.3158688747,0.30538529,0.05356949568,0.04532808065
5082,1.0,0.7853981853,0.0,0.0,1.0,1.0,0.3180777025,0.297627843,0.05471944809,0.04499769211
5083,1.0,0.7853981853,0.0,0.0,1.0,1.0,0.3154439016,0.2998328078,0.05304932594,0.04384690523
5084,1.0,0.7853981853,0.0,0.0,1.0,1.0,0.3004857045,0.2815589243,0.05076485872,0.04166024923
5085,1.0,0.7853981853,0.0,0.0,1.0,1.0,0.2686314932,0.2347173661,0.04434120655,0.03415095806
5086,1.0,0.7853981853,0.0,0.0,1.0,1.0,0.2270613399,0.1672885431,0.03426605463,0.0219078064
5087,1.0,0.0,0.0,0.0,1.0,1.0,0.267775353,0.1973150117,0.04005640745,0.02595204115
5088,1.0,0.0,0.0,0.0,1.0,1.0,0.2623054621,0.1994596613,0.03982788324,0.02703648806
5089,1.0,0.0,0.0,0.0,1.0,1.0,0.2800738865,0.1994592179,0.04247164726,0.02705383301
5090,1.0,0.0,0.0,0.0,1.0,1.0,0.2660113404,0.1889699988,0.04119896889,0.02648502588
5091,1.0,0.0,0.0,0.0,1.0,1.0,0.2690052011,0.1844461244,0.03993815184,0.02507060766
5092,1.0,0.0,0.0,0.0,1.0,1.0,0.2875379993,0.1981648927,0.04338151217,0.02752476931
5093,1.0,0.0,0.0,0.0,1.0,1.0,0.2830103269,0.1900646071,0.04083251953,0.02541321516
5094,1.0,0.0,0.0,0.0,1.0,1.0,0.2974529681,0.1923611279,0.04324567318,0.02652400732
5095,1.0,0.0,0.0,0.0,1.0,1.0,0.3006289655,0.1994681356,0.04380965233,0.02756232023
5096,1.0,0.0,0.0,0.0,1.0,1.0,0.30566428,0.1957241085,0.04431891441,0.02740776539
5097,1.0,0.0,0.0,0.0,1.0,1.0,0.3008422461,0.1693611744,0.04363268614,0.02371972799
5098,1.0,0.0,0.0,0.0,1.0,1.0,0.3054975335,0.1920414865,0.04376626015,0.02695536613
5099,1.0,0.0,0.0,0.0,1.0,1.0,0.3030438408,0.1740830795,0.04251408577,0.02393174171
5100,1.0,0.0,0.0,0.0,1.0,1.0,0.3082958312,0.1863716634,0.0442404151,0.02631294727
5101,1.0,0.0,0.0,0.0,1.0,1.0,0.3048799166,0.1990756876,0.04306936264,0.02795231342
5102,1.0,0.0,0.0,0.0,1.0,1.0,0.3026766147,0.1822750366,0.04286062717,0.02560126781
5103,1.0,0.0,0.0,0.0,1.0,1.0,0.3068996515,0.1780381549,0.04366469383,0.02527952194
5104,1.0,0.0,0.0,0.0,1.0,1.0,0.3073640875,0.1850816341,0.04312950373,0.0257062912
5105,1.0,0.0,0.0,0.0,1.0,1.0,0.3031096085,0.1781792157,0.04122364521,0.02423280478
5106,1.0,0.0,0.0,0.0,1.0,1.0,0.3155060574,0.1904674529,0.04289746284,0.02573847771
5107,1.0,0.0,0.0,0.0,1.0,1.0,0.3134705215,0.1747995489,0.04364085197,0.02408748865
5108,1.0,0.0,0.0,0.0,1.0,1.0,0.3073642506,0.1740830365,0.04222309589,0.02376794815
5109,1.0,0.0,0.0,0.0,1.0,1.0,0.3028611868,0.168605354,0.0429688096,0.02377611399
5110,1.0,0.0,0.0,0.0,1.0,1.0,0.3095436393,0.1699871843,0.04341465235,0.0235517621
5111,1.0,0.0,0.0,0.0,1.0,1.0,0.3087709394,0.1570555576,0.04225075245,0.02140337229
5112,1.0,0.0,0.0,0.0,1.0,1.0,0.3044391702,0.1491101918,0.04115402699,0.02003550529
5113,1.0,0.0,0.0,0.0,1.0,1.0,0.3124506888,0.1430653834,0.04322588444,0.01967334747
5114,1.0,0.0,0.0,0.0,1.0,1.0,0.3140537833,0.1413552908,0.04464280605,0.01993483305
5115,1.0,0.0,0.0,0.0,1.0,1.0,0.3101033783,0.1314007388,0.04305893183,0.01810121536
5116,1.0,0.0,0.0,0.0,1.0,1.0,0.3006132434,0.1318160394,0.04249221087,0.01848685741
5117,1.0,0.0,0.0,0.0,1.0,1.0,0.2724007746,0.1108328729,0.03964287043,0.01591295004
5118,1.0,0.0,0.0,0.0,1.0,1.0,0.2660387191,0.167186093,0.03974044323,0.02443498373
5119,1.0,0.0,0.0,0.0,1.0,1.0,0.2885342988,0.2139094099,0.04392522573,0.03148859739
5120,1.0,0.0,0.0,0.0,1.0,1.0,0.3104068018,0.2525279667,0.04795920849,0.03741872311
5121,1.0,0.0,0.0,0.0,1.0,1.0,0.328073683,0.2692158579,0.05158859491,0.04068589211
5122,1.0,0.0,0.0,0.0,1.0,1.0,0.3303382917,0.2807616828,0.05321019888,0.04316538572
5123,1.0,0.0,0.0,0.0,1.0,1.0,0.3314561256,0.2825277016,0.05341440439,0.04360359907
5124,1.0,0.0,0.0,0.0,1.0,1.0,0.3015558422,0.2435914911,0.04865723848,0.03781360388
5125,1.0,0.0,0.0,0.0,1.0,1.0,0.2679109093,0.113835607,0.03820455074,0.01598626375
5126,1.0,0.0,0.0,0.0,1.0,1.0,0.2861148877,0.107509518,0.04208993912,0.01556748152
5127,1.0,0.0,0.0,0.0,1.0,1.0,0.2838880344,0.1007343735,0.03992086649,0.01394498348
5128,1.0,0.0,0.0,0.0,1.0,1.0,0.2581586054,0.1366279093,0.03885418177,0.02025967836
5129,1.0,0.0,0.0,0.0,1.0,1.0,0.2704994858,0.1858167745,0.04257947206,0.02847844362
5130,1.0,0.0,0.0,0.0,1.0,1.0,0.2880039878,0.2169607991,0.04693841934,0.03408622742
5131,1.0,0.0,0.0,0.0,1.0,1.0,0.2858022219,0.2131426199,0.04564911127,0.03292268515
5132,1.0,0.0,0.0,0.0,1.0,1.0,0.2729245643,0.09014575317,0.03873485327,0.01254791021
5133,1.0,0.0,0.0,0.0,1.0,1.0,0.2959132082,0.126411617,0.04121702909,0.01746946573
5134,1.0,0.0,0.0,0.0,1.0,1.0,0.2762374584,0.09297169018,0.04032206535,0.01344072819
5135,1.0,0.0,0.0,0.0,1.0,1.0,0.2880335179,0.2105965223,0.04448008537,0.0316183567
5136,1.0,0.0,0.0,0.0,1.0,1.0,0.3198215111,0.2594370589,0.05235826969,0.04063218832
5137,1.0,0.0,0.0,0.0,1.0,1.0,0.3464730195,0.2932389365,0.05738824606,0.04662793875
5138,1.0,0.0,0.0,0.0,1.0,1.0,0.3491427073,0.3077867858,0.05708378553,0.04815602303
5139,1.0,0.0,0.0,0.0,1.0,1.0,0.3436098436,0.2963864061,0.05702292919,0.04715359211
5140,1.0,0.0,0.0,0.0,1.0,1.0,0.3452615652,0.2988019073,0.05581963062,0.04647183418
5141,1.0,0.0,0.0,0.0,1.0,1.0,0.3386811456,0.2897685086,0.05560922623,0.04552322626
5142,1.0,0.0,0.0,0.0,1.0,1.0,0.3408693628,0.2956822529,0.05584836006,0.04635947943
5143,1.0,0.0,0.0,0.0,1.0,1.0,0.3419143085,0.2933518298,0.0561683774,0.04644697905
5144,1.0,0.0,0.0,0.0,1.0,1.0,0.3391845817,0.2919330996,0.05694097281,0.04699009657
5145,1.0,0.0,0.0,0.0,1.0,1.0,0.3485657046,0.3032787615,0.05845361948,0.0487574935
5146,1.0,0.0,0.0,0.0,1.0,1.0,0.3457705349,0.2994903031,0.05727487803,0.04772907495
5147,1.0,0.0,0.0,0.0,1.0,1.0,0.3419142725,0.2953678375,0.05616128445,0.04644107819
5148,1.0,0.0,0.0,0.0,1.0,1.0,0.3418714598,0.2926445872,0.0585899353,0.04793715477
5149,1.0,0.0,0.0,0.0,1.0,1.0,0.3375599394,0.2904953398,0.05474644899,0.04508531094
5150,1.0,0.0,0.0,0.0,1.0,1.0,0.3237858269,0.272417314,0.05185496807,0.04153692722
5151,1.0,0.0,0.0,0.0,1.0,1.0,0.3286977963,0.2785902574,0.05319106579,0.04320091009
5152,1.0,0.0,0.0,0.0,1.0,1.0,0.3264507655,0.2762540999,0.0522146821,0.04203951359
5153,1.0,0.0,0.0,0.0,1.0,1.0,0.3275482831,0.2690807133,0.05295401812,0.04182010889
5154,1.0,0.0,0.0,0.0,1.0,1.0,0.3314647899,0.2787915799,0.05458337069,0.04405456781
5155,1.0,0.0,0.0,0.0,1.0,1.0,0.2948610019,0.2215073993,0.0482826829,0.03508913517
5156,1.0,0.0,0.0,0.0,1.0,1.0,0.2930403161,0.1160766842,0.04160374403,0.01625573635
5157,1.0,0.0,0.0,0.0,1.0,1.0,0.2803777383,0.1147219797,0.04080021381,0.01637560129
5158,1.0,0.0,0.0,0.0,1.0,1.0,0.2899144888,0.1147218613,0.04036682844,0.0156686902
5159,1.0,0.0,0.0,0.0,1.0,1.0,0.2946333847,0.1254200632,0.04130017757,0.01727586985
5160,1.0,0.0,0.0,0.0,1.0,1.0,0.3051731738,0.1157655315,0.04366093874,0.01637285948
5161,1.0,0.0,0.0,0.0,1.0,1.0,0.2906811405,0.183721035,0.04449617863,0.02746683359
5162,1.0,0.0,0.0,0.0,1.0,1.0,0.3166882922,0.2559973724,0.05024766922,0.03944176435
5163,1.0,0.0,0.0,0.0,1.0,1.0,0.3393375465,0.2848061124,0.05346918106,0.04336059093
5164,1.0,0.0,0.0,0.0,1.0,1.0,0.3438757453,0.2822982727,0.05463713408,0.04333287477
5165,1.0,0.0,0.0,0.0,1.0,1.0,0.3506517053,0.294572532,0.05567747355,0.0451875329
5166,1.0,0.0,0.0,0.0,1.0,1.0,0.3483674297,0.2917952381,0.05569112301,0.04514765739
5167,1.0,0.0,0.0,0.0,1.0,1.0,0.3471921874,0.2960018711,0.05621635914,0.04639214277
5168,1.0,0.0,0.0,0.0,1.0,1.0,0.3365294688,0.2860592236,0.05494314432,0.04472756386
5169,1.0,0.0,0.0,0.0,1.0,1.0,0.3415602203,0.2907784172,0.0552739501,0.04547166824
5170,1.0,0.0,0.0,0.0,1.0,1.0,0.3421361985,0.2893120487,0.0542678237,0.04410928488
5171,1.0,0.0,0.0,0.0,1.0,1.0,0.3404505738,0.2810928533,0.0547927618,0.0439426899
5172,1.0,0.0,0.0,0.0,1.0,1.0,0.3453220653,0.2831186555,0.05664473772,0.04520690441
5173,1.0,0.0,0.0,0.0,1.0,1.0,0.3558745733,0.3029133915,0.05823272467,0.04816448689
5174,1.0,0.0,0.0,0.0,1.0,1.0,0.346676206,0.2872961956,0.05623322725,0.04526090622
5175,1.0,0.0,0.0,0.0,1.0,1.0,0.3500581949,0.2853075066,0.05670279264,0.04519784451
5176,1.0,0.0,0.0,0.0,1.0,1.0,0.3527441925,0.2922244017,0.057056427,0.04591685534
5177,1.0,0.0,0.0,0.0,1.0,1.0,0.3552437853,0.2977430086,0.05651211739,0.0462371707
5178,1.0,0.0,0.0,0.0,1.0,1.0,0.3569436638,0.3029665578,0.05690020323,0.04714584351
5179,1.0,0.0,0.0,0.0,1.0,1.0,0.3563376391,0.3022784814,0.05820500851,0.04794979095
5180,1.0,0.0,0.0,0.0,1.0,1.0,0.3546405608,0.3029668583,0.0571564436,0.04758483171
5181,1.0,0.0,0.0,0.0,1.0,1.0,0.3535440703,0.3005313764,0.05649411678,0.04671627283
5182,1.0,0.0,0.0,0.0,1.0,1.0,0.3534402443,0.2977428352,0.05605512857,0.04586327076
5183,1.0,0.0,0.0,0.0,1.0,1.0,0.3497189202,0.2910656602,0.05707073212,0.0464399457
5184,1.0,0.0,0.0,0.0,1.0,1.0,0.3354649885,0.2658090652,0.05277591944,0.04101753235
5185,1.0,0.0,0.0,0.0,1.0,1.0,0.3162566795,0.2427212894,0.04819983244,0.03621643782
5186,1.0,0.0,0.0,0.0,1.0,1.0,0.3033391558,0.2159509914,0.04602265358,0.0321893096
5187,1.0,0.0,0.0,0.0,1.0,1.0,0.3018208457,0.1817167173,0.04633390903,0.02774482965
5188,1.0,0.0,0.0,0.0,1.0,1.0,0.2813243656,0.1467579885,0.04103982449,0.02132987976
5189,1.0,0.0,0.0,0.0,1.0,1.0,0.2764809822,0.1206872258,0.04025757313,0.01740866899
5190,1.0,0.0,0.0,0.0,1.0,1.0,0.2863676095,0.1037880251,0.04076427221,0.01457792521
5191,1.0,0.0,0.0,0.0,1.0,1.0,0.2958499267,0.1144397303,0.04386568069,0.01687139273
5192,1.0,0.0,0.0,0.0,1.0,1.0,0.2907122068,0.108304188,0.04250890017,0.01583659649
5193,1.0,0.0,0.0,0.0,1.0,1.0,0.2874585138,0.1129636843,0.04074513912,0.01592028141
5194,1.0,0.0,0.0,0.0,1.0,1.0,0.2830787886,0.1104034356,0.04015785456,0.01557141542
5195,1.0,0.0,0.0,0.0,1.0,1.0,0.2896652124,0.1244438683,0.04144376516,0.01756554842
5196,1.0,0.0,0.0,0.0,1.0,1.0,0.2833953522,0.1249304686,0.04053109884,0.01756352186
5197,1.0,0.0,0.0,0.0,1.0,1.0,0.3005836563,0.1197053316,0.04386293888,0.01727110147
5198,1.0,0.0,0.0,0.0,1.0,1.0,0.2782330983,0.1137421813,0.04002040625,0.01606076956
5199,1.0,0.0,0.0,0.0,1.0,1.0,0.2722556828,0.1599826894,0.04083055258,0.02344465256
5200,1.0,0.0,0.0,0.0,1.0,1.0,0.2775283442,0.1911211936,0.04314088821,0.02884876728
5201,1.0,0.0,0.0,0.0,1.0,1.0,0.2931695447,0.232509005,0.04708278179,0.03584712744
5202,1.0,0.0,0.0,0.0,1.0,1.0,0.3036698643,0.2429679334,0.0488794446,0.03786820173
5203,1.0,0.0,0.0,0.0,1.0,1.0,0.3121178956,0.2558710721,0.04946869612,0.03920662403
5204,1.0,0.0,0.0,0.0,1.0,1.0,0.3154382822,0.2567527988,0.05137115717,0.04028576612
5205,1.0,0.0,0.0,0.0,1.0,1.0,0.3152601216,0.25591262,0.05104058981,0.04018092155
5206,1.0,0.0,0.0,0.0,1.0,1.0,0.3203554094,0.2584763011,0.05101162195,0.03985279799
5207,1.0,0.0,0.0,0.0,1.0,1.0,0.321911538,0.2594370838,0.05337882042,0.04164105654
5208,1.0,0.0,0.0,0.0,1.0,1.0,0.293650508,0.2268236941,0.04656380415,0.03485476971
5209,1.0,0.0,0.0,0.0,1.0,1.0,0.2778230735,0.1678029738,0.04084420204,0.02413523197
5210,1.0,0.0,0.0,0.0,1.0,1.0,0.2891105715,0.1076321053,0.04171305895,0.0154697299
5211,1.0,0.0,0.0,0.0,1.0,1.0,0.2935021715,0.1162138098,0.04277139902,0.01677304506
5212,1.0,0.0,0.0,0.0,1.0,1.0,0.2956364376,0.1268523027,0.04252272844,0.01810646057
5213,1.0,0.0,0.0,0.0,1.0,1.0,0.3036762934,0.1438883395,0.04329609871,0.02027791739
5214,1.0,0.0,0.0,0.0,1.0,1.0,0.2929396425,0.1327385285,0.04167836905,0.01852375269
5215,1.0,0.0,0.0,0.0,1.0,1.0,0.2986838887,0.136110857,0.04307752848,0.01932966709
5216,1.0,0.0,0.0,0.0,1.0,1.0,0.3048488763,0.143057203,0.04203939438,0.01942324638
5217,1.0,0.0,0.0,0.0,1.0,1.0,0.3119642822,0.1424987254,0.04536157846,0.02044075727
5218,1.0,0.0,0.0,0.0,1.0,1.0,0.3207605388,0.1514904507,0.04596024752,0.02157890797
5219,1.0,0.0,0.0,0.0,1.0,1.0,0.3187196749,0.1525255221,0.04364204407,0.02047407627
5220,1.0,0.0,0.0,0.0,1.0,1.0,0.3265893405,0.1586415836,0.04513984919,0.02175414562
5221,1.0,0.0,0.0,0.0,1.0,1.0,0.3265894532,0.1546753817,0.04698437452,0.02207696438
5222,1.0,0.0,0.0,0.0,1.0,1.0,0.3232906576,0.1552919902,0.04496502876,0.02138584852
5223,1.0,0.0,0.0,0.0,1.0,1.0,0.3324836581,0.1559131546,0.0460934639,0.02152872086
5224,1.0,0.0,0.0,0.0,1.0,1.0,0.3344666671,0.1491101874,0.04641807079,0.02032506466
5225,1.0,0.0,0.0,0.0,1.0,1.0,0.3331469707,0.1551555802,0.04690015316,0.02162468433
5226,1.0,0.0,0.0,0.0,1.0,1.0,0.3404914065,0.1476908874,0.047077775,0.02021574974
5227,1.0,0.0,0.0,0.0,1.0,1.0,0.337185468,0.1410504559,0.04642415047,0.01945924759
5228,1.0,0.0,0.0,0.0,1.0,1.0,0.3371855322,0.13813445,0.04702162743,0.01914656162
5229,1.0,0.0,0.0,0.0,1.0,1.0,0.3391680023,0.1404838846,0.04810130596,0.01992362738
5230,1.0,0.0,0.0,0.0,1.0,1.0,0.3404912432,0.1395978988,0.04759556055,0.01931816339
5231,1.0,0.0,0.0,0.0,1.0,1.0,0.3411268548,0.1511249801,0.04665613174,0.02046316862
5232,1.0,0.0,0.0,0.0,1.0,1.0,0.3452614158,0.1421970956,0.04881829023,0.01998412609
5233,1.0,0.0,0.0,0.0,1.0,1.0,0.3424941121,0.1370205364,0.04692387581,0.01865983009
5234,1.0,0.0,0.0,0.0,1.0,1.0,0.3391320865,0.1384765501,0.04589152336,0.0186265111
5235,1.0,0.0,0.0,0.0,1.0,1.0,0.3318064536,0.1410501596,0.04523080587,0.01918882132
5236,1.0,0.0,0.0,0.0,1.0,1.0,0.3446349968,0.1355517532,0.04730063677,0.0186420083
5237,1.0,0.0,0.0,0.0,1.0,1.0,0.3085657574,0.1288340105,0.04469847679,0.01855403185
5238,1.0,0.0,0.0,0.0,1.0,1.0,0.2828962522,0.1118777661,0.04031950235,0.01591557264
5239,1.0,0.0,0.0,0.0,1.0,1.0,0.2910656526,0.1934403063,0.04449391365,0.0289478302
5240,1.0,0.0,0.0,0.0,1.0,1.0,0.3159748821,0.2445818403,0.04854398966,0.0366718173
5241,1.0,0.0,0.0,0.0,1.0,1.0,0.3291675676,0.2631038273,0.0525586009,0.04057633877
5242,1.0,0.0,0.0,0.0,1.0,1.0,0.338220612,0.2830588099,0.05436235666,0.04403352737
5243,1.0,0.0,0.0,0.0,1.0,1.0,0.348957733,0.298078913,0.05544805527,0.04575806856
5244,1.0,0.0,0.0,0.0,1.0,1.0,0.3462231197,0.2931223937,0.05634868145,0.04607820511
5245,1.0,0.0,0.0,0.0,1.0,1.0,0.3525429184,0.3047941284,0.05549091101,0.0463321805
5246,1.0,0.0,0.0,0.0,1.0,1.0,0.3580342454,0.3085997147,0.05788189173,0.04828065634
5247,1.0,0.0,0.0,0.0,1.0,1.0,0.348877527,0.3050928743,0.05652201176,0.04751127958
5248,1.0,0.0,0.0,0.0,1.0,1.0,0.3482903799,0.2949741429,0.05716598034,0.04694789648
5249,1.0,0.0,0.0,0.0,1.0,1.0,0.3487987705,0.2922242594,0.05602931976,0.0455237627
5250,1.0,0.0,0.0,0.0,1.0,1.0,0.3582590036,0.3125404902,0.05747878551,0.04888385534
5251,1.0,0.0,0.0,0.0,1.0,1.0,0.3576594425,0.3039538993,0.05654525757,0.04676878452
5252,1.0,0.0,0.0,0.0,1.0,1.0,0.3593308935,0.3125400725,0.05865812302,0.04965478182
5253,1.0,0.0,0.0,0.0,1.0,1.0,0.3569435542,0.3114702089,0.0586207509,0.04962319136
5254,1.0,0.0,0.0,0.0,1.0,1.0,0.3453831278,0.2946630982,0.05463856459,0.0451362133
5255,1.0,0.0,0.0,0.0,1.0,1.0,0.3536232713,0.3039538597,0.05640298128,0.04687005281
5256,1.0,0.0,0.0,0.0,1.0,1.0,0.3476319848,0.295682872,0.05500429869,0.04521989822
5257,1.0,0.0,0.0,0.0,1.0,1.0,0.3469823079,0.2981094441,0.05622047186,0.04653656483
5258,1.0,0.0,0.0,0.0,1.0,1.0,0.3138179687,0.2507371595,0.04895168543,0.03804397583
5259,1.0,0.0,0.0,0.0,1.0,1.0,0.2738941866,0.1500995662,0.04119288921,0.02236968279
5260,1.0,0.0,0.0,0.0,1.0,1.0,0.3044276126,0.1138360794,0.04296320677,0.01594233513
5261,1.0,0.0,0.0,0.0,1.0,1.0,0.3164258112,0.1352186292,0.04499989748,0.01893287897
5262,1.0,0.0,0.0,0.0,1.0,1.0,0.3312216157,0.1489362068,0.04674553871,0.02065497637
5263,1.0,0.0,0.0,0.0,1.0,1.0,0.327336371,0.1489365427,0.04623520374,0.02079218626
5264,1.0,0.0,0.0,0.0,1.0,1.0,0.3311988725,0.1514901512,0.04663580656,0.02112329006
5265,1.0,0.0,0.0,0.0,1.0,1.0,0.3311991983,0.1540643972,0.04632538557,0.02125519514
5266,1.0,0.0,0.0,0.0,1.0,1.0,0.3299504031,0.1522586972,0.04648405313,0.02107995749
5267,1.0,0.0,0.0,0.0,1.0,1.0,0.336369115,0.1522585101,0.04824703932,0.02162796259
5268,1.0,0.0,0.0,0.0,1.0,1.0,0.3158161333,0.1371782968,0.04468816519,0.01907420158
5269,1.0,0.0,0.0,0.0,1.0,1.0,0.267249896,0.1281812909,0.03832644224,0.0181131959
5270,1.0,0.0,0.0,0.0,1.0,1.0,0.2857992025,0.2108753809,0.04409068823,0.03141796589
5271,1.0,0.0,0.0,0.0,1.0,1.0,0.3231026456,0.2672121162,0.05079340935,0.04052948952
5272,1.0,0.0,0.0,0.0,1.0,1.0,0.3314981679,0.2799124405,0.05308383703,0.04304808378
5273,1.0,0.0,0.0,0.0,1.0,1.0,0.3309413352,0.2833468267,0.05196195841,0.04286855459
5274,1.0,0.0,0.0,0.0,1.0,1.0,0.3314898775,0.2806649011,0.05341541767,0.04380059242
5275,1.0,0.0,0.0,0.0,1.0,1.0,0.3298485978,0.2764777755,0.05326277018,0.04287654161
5276,1.0,0.0,0.0,0.0,1.0,1.0,0.3387089781,0.2853075477,0.05378293991,0.04371517897
5277,1.0,0.0,0.0,0.0,1.0,1.0,0.3458967625,0.2919333465,0.0559104085,0.04569602013
5278,1.0,0.0,0.0,0.0,1.0,1.0,0.3425239739,0.2909334883,0.05397391319,0.0443264246
5279,1.0,0.0,0.0,0.0,1.0,1.0,0.3464068126,0.2970847847,0.05657613277,0.04683095217
5280,1.0,0.0,0.0,0.0,1.0,1.0,0.3574162782,0.3046244419,0.05678212643,0.04679268599
5281,1.0,0.0,0.0,0.0,1.0,1.0,0.3493848815,0.2939534844,0.05533802509,0.04522818327
5282,1.0,0.0,0.0,0.0,1.0,1.0,0.3493849474,0.2984443181,0.05764043331,0.0476641655
5283,1.0,0.0,0.0,0.0,1.0,1.0,0.3487202518,0.2963861151,0.05688083172,0.04681098461
5284,1.0,0.0,0.0,0.0,1.0,1.0,0.3526461271,0.304328329,0.05770868063,0.04813611507
5285,1.0,0.0,0.0,0.0,1.0,1.0,0.3497218331,0.2998326542,0.05569893122,0.0459318161
5286,1.0,0.0,0.0,0.0,1.0,1.0,0.3375822059,0.2835785839,0.05389130116,0.04353773594
5287,1.0,0.0,0.0,0.0,1.0,1.0,0.3442338467,0.2963862408,0.05499708652,0.04569804668
5288,1.0,0.0,0.0,0.0,1.0,1.0,0.3392755873,0.2870371231,0.05400520563,0.04416191578
5289,1.0,0.0,0.0,0.0,1.0,1.0,0.3460904843,0.2872960571,0.05635148287,0.04535609484
5290,1.0,0.0,0.0,0.0,1.0,1.0,0.3455697003,0.2835785679,0.05613785982,0.04513043165
5291,1.0,0.0,0.0,0.0,1.0,1.0,0.3508314993,0.2845632528,0.0547721386,0.04381769896
