frame_index,face_detected,yaw,pitch,roll,left_eye_valid,right_eye_valid,left_eye_aspect_ratio,right_eye_aspect_ratio,left_eyelid_gap_ratio,right_eyelid_gap_ratio
0,1.0,0.0,0.0,0.0,1.0,1.0,0.4083358017,0.3806651639,0.06140035391,0.06515407562
1,1.0,0.0,0.0,0.0,1.0,1.0,0.4145313566,0.3876342477,0.06189191341,0.06530123949
2,1.0,0.0,0.0,0.0,1.0,1.0,0.423536262,0.3982391156,0.06551039219,0.06897228956
3,1.0,0.0,0.0,0.0,1.0,1.0,0.4039018401,0.3774981687,0.06180137396,0.0641682148
4,1.0,0.0,0.0,0.0,1.0,1.0,0.4134444319,0.3886720806,0.06403619051,0.06668233871
5,1.0,0.0,0.0,0.0,1.0,1.0,0.3994323453,0.3713097289,0.06121712923,0.06332808733
6,1.0,0.0,0.0,0.0,1.0,1.0,0.401873487,0.3708619981,0.06127977371,0.06287837029
7,1.0,0.0,0.0,0.0,1.0,1.0,0.4032529477,0.3791536841,0.06192278862,0.06379121542
8,1.0,0.0,0.0,0.0,1.0,1.0,0.4092201501,0.384769226,0.06215161085,0.06401085854
9,1.0,0.0,0.0,0.0,1.0,1.0,0.4222007482,0.394348562,0.06595772505,0.06759983301
10,1.0,0.0,0.0,0.0,1.0,1.0,0.4195190182,0.3852688411,0.06347292662,0.0637395978
11,1.0,0.0,0.0,0.0,1.0,1.0,0.4276930517,0.3939167616,0.06436103582,0.06516891718
12,1.0,0.0,0.0,0.0,1.0,1.0,0.4258186784,0.3972139321,0.06429046392,0.06588441133
13,1.0,0.0,0.0,0.0,1.0,1.0,0.4251422722,0.3829031475,0.06387001276,0.06333333254
14,1.0,0.0,0.0,0.0,1.0,1.0,0.4244944737,0.3942604057,0.0640026927,0.06562298536
15,1.0,0.0,0.0,0.0,1.0,1.0,0.4185771962,0.3852687137,0.06484735012,0.06567168236
16,1.0,0.0,0.0,0.0,1.0,1.0,0.4130072592,0.385636889,0.0619353056,0.06434839964
17,1.0,0.0,0.0,0.0,1.0,1.0,0.4133164359,0.384898283,0.06353259087,0.0651756525
18,1.0,0.0,0.0,0.0,1.0,1.0,0.4045361177,0.3702852938,0.05983144045,0.06118512154
19,1.0,0.0,0.0,0.0,1.0,1.0,0.3574928363,0.3110509313,0.05200713873,0.05116832256
20,1.0,0.0,0.0,0.0,1.0,1.0,0.2534082462,0.1271377256,0.03658890724,0.02107524872
21,1.0,0.0,0.0,0.0,1.0,1.0,0.2493538177,0.1165427426,0.03762483597,0.02018892765
22,1.0,0.0,0.0,0.0,1.0,1.0,0.2924721631,0.2276124724,0.04752916098,0.04186344147
23,1.0,0.0,0.0,0.0,1.0,1.0,0.3617382805,0.3117073663,0.05461752415,0.05320990086
24,1.0,0.0,0.0,0.0,1.0,1.0,0.3818707353,0.339096675,0.05801069736,0.05801075697
25,1.0,0.0,0.0,0.0,1.0,1.0,0.3881680548,0.3515952984,0.05770552158,0.05824482441
26,1.0,0.0,0.0,0.0,1.0,1.0,0.3811742921,0.3501335051,0.05678313971,0.05786985159
27,1.0,0.0,0.0,0.0,1.0,1.0,0.3839765781,0.3496397548,0.05673754215,0.05755198002
28,1.0,0.0,0.0,0.0,1.0,1.0,0.3690812602,0.3435580637,0.05446493626,0.05635225773
29,1.0,0.0,0.0,0.0,1.0,1.0,0.3539304607,0.3259768672,0.05282306671,0.05391788483
30,1.0,0.0,0.0,0.0,1.0,1.0,0.3668839382,0.3390960687,0.05552005768,0.05716097355
31,1.0,0.0,0.0,0.0,1.0,1.0,0.3746789054,0.3464520929,0.05664968491,0.05881810188
32,1.0,0.0,0.0,0.0,1.0,1.0,0.3833478285,0.345348347,0.05580240488,0.05766242743
33,1.0,0.0,0.0,0.0,1.0,1.0,0.3796046991,0.3410794943,0.05568104982,0.05783295631
34,1.0,0.0,0.0,0.0,1.0,1.0,0.389892147,0.3438447569,0.0572090745,0.06043213606
35,1.0,0.0,0.0,0.0,1.0,1.0,0.3771113826,0.3231633867,0.05394083261,0.05729460716
36,1.0,0.0,0.0,0.0,1.0,1.0,0.396897848,0.3437573036,0.05397212505,0.06040406227
37,1.0,-0.7853981853,0.0,0.0,1.0,1.0,0.4517876656,0.3788204935,0.05781251192,0.0662727952
38,1.0,-0.7853981853,0.0,0.0,1.0,1.0,0.4961935441,0.4039952304,0.06009948254,0.07092308998
39,1.0,-0.7853981853,0.0,0.0,1.0,1.0,0.504088156,0.4010918479,0.0612398982,0.07397294044
40,1.0,-0.7853981853,0.0,0.0,1.0,1.0,0.5083711791,0.3946072939,0.05865114927,0.07032001019
41,1.0,-0.7853981853,0.0,0.0,1.0,1.0,0.5102937052,0.3920751885,0.0556884408,0.06891822815
42,1.0,-0.7853981853,0.0,0.0,1.0,1.0,0.5249594033,0.3969413679,0.0558795929,0.06877487898
43,1.0,-0.7853981853,0.0,0.0,1.0,1.0,0.519229679,0.3804795178,0.05554789305,0.0671069622
44,1.0,-0.7853981853,0.0,0.0,1.0,1.0,0.506046454,0.3707299625,0.05110341311,0.06196290255
45,1.0,-0.7853981853,0.0,0.0,1.0,1.0,0.5251847381,0.3876976403,0.05295664072,0.06386888027
46,1.0,-0.7853981853,0.0,0.0,1.0,1.0,0.5276558555,0.3824785858,0.05347597599,0.06259828806
47,1.0,-0.7853981853,0.0,0.0,1.0,1.0,0.531813375,0.3963955067,0.05761229992,0.06986320019
48,1.0,-0.7853981853,0.0,0.0,1.0,1.0,0.5415546796,0.4043110714,0.05822151899,0.06999665499
49,1.0,-0.7853981853,0.0,0.0,1.0,1.0,0.5459918458,0.407391787,0.05669242144,0.06854337454
50,1.0,-0.7853981853,0.0,0.0,1.0,1.0,0.5534879281,0.4055426251,0.05494612455,0.06624937057
51,1.0,-0.7853981853,0.0,0.0,1.0,1.0,0.534732822,0.3978359067,0.05261045694,0.06419730186
52,1.0,-0.7853981853,0.0,0.0,1.0,1.0,0.523366486,0.3900732701,0.05379039049,0.06513178349
53,1.0,-0.7853981853,0.0,0.0,1.0,1.0,0.5236692735,0.3876976856,0.05225753784,0.06341004372
54,1.0,-0.7853981853,0.0,0.0,1.0,1.0,0.5172832126,0.3821397222,0.05240547657,0.06308066845
55,1.0,-0.7853981853,0.0,0.0,1.0,1.0,0.5206095875,0.3767427599,0.05136060715,0.06118887663
56,1.0,-0.7853981853,0.0,0.0,1.0,1.0,0.518941127,0.3831852749,0.05175173283,0.06197428703
57,1.0,-0.7853981853,0.0,0.0,1.0,1.0,0.5053176582,0.3704493291,0.05134356022,0.0623921752
58,1.0,-0.7853981853,0.0,0.0,1.0,1.0,0.5132701391,0.3788985998,0.05357140303,0.06521731615
59,1.0,-0.7853981853,0.0,0.0,1.0,1.0,0.5280067268,0.3940109353,0.05548763275,0.06770819426
60,1.0,-0.7853981853,0.0,0.0,1.0,1.0,0.5197099182,0.3804692295,0.05250102282,0.06244200468
61,1.0,-0.7853981853,0.0,0.0,1.0,1.0,0.5222585996,0.3814661635,0.05292654037,0.06300777197
62,1.0,-0.7853981853,0.0,0.0,1.0,1.0,0.5545866737,0.416433915,0.05763697624,0.06934922934
63,1.0,-0.7853981853,0.0,0.0,1.0,1.0,0.529543994,0.3925081003,0.0567266345,0.06732392311
64,1.0,-0.7853981853,0.0,0.0,1.0,1.0,0.5162861966,0.3823949539,0.05689620972,0.06693667173
65,1.0,-0.7853981853,0.0,0.0,1.0,1.0,0.5030302577,0.3733056812,0.05807834864,0.06724858284
66,1.0,-0.7853981853,0.0,0.0,1.0,1.0,0.4971844739,0.3754251044,0.05738967657,0.06500262022
67,1.0,-0.7853981853,0.0,0.0,1.0,1.0,0.4753445799,0.3714591124,0.05614769459,0.06420987844
68,1.0,-0.7853981853,0.0,0.0,1.0,1.0,0.4592674705,0.3625427369,0.05556327105,0.06391215324
69,1.0,-0.7853981853,0.0,0.0,1.0,1.0,0.4600605967,0.3747908188,0.05767029524,0.06562483311
70,1.0,-0.7853981853,0.0,0.0,1.0,1.0,0.4471479786,0.3653355692,0.05648225546,0.06347262859
71,1.0,-0.7853981853,0.0,0.0,1.0,1.0,0.4439509756,0.366083813,0.05849730968,0.06577306986
72,1.0,-0.7853981853,0.0,0.0,1.0,1.0,0.4599002601,0.3625580491,0.05955439806,0.06565505266
73,1.0,-0.7853981853,0.0,0.0,1.0,1.0,0.4459570991,0.3622575495,0.0560874939,0.06377464533
74,1.0,-0.7853981853,0.0,0.0,1.0,1.0,0.463211369,0.3788208189,0.05900663137,0.06830823421
75,1.0,-0.7853981853,0.0,0.0,1.0,1.0,0.4787043902,0.3772403015,0.05892342329,0.06639665365
76,1.0,-0.7853981853,0.0,0.0,1.0,1.0,0.4776303641,0.3789274253,0.05874162912,0.06725919247
77,1.0,-0.7853981853,0.0,0.0,1.0,1.0,0.4697500795,0.3735288394,0.05620235205,0.06498396397
78,1.0,-0.7853981853,0.0,0.0,1.0,1.0,0.4684501387,0.37752952,0.05662310123,0.06640613079
79,1.0,-0.7853981853,0.0,0.0,1.0,1.0,0.4680929833,0.3648481635,0.0550146699,0.06274646521
80,1.0,-0.7853981853,0.0,0.0,1.0,1.0,0.4700217766,0.3616862949,0.05394911766,0.06135976315
81,1.0,-0.7853981853,0.0,0.0,1.0,1.0,0.360361873,0.2304982781,0.03812301159,0.03722947836
82,1.0,-0.7853981853,0.0,0.0,1.0,1.0,0.3102748334,0.1376590978,0.03212541342,0.02254956961
83,1.0,-0.7853981853,0.0,0.0,1.0,1.0,0.3077549822,0.1362873733,0.03124928474,0.02227669954
84,1.0,-0.7853981853,0.0,0.0,1.0,1.0,0.3182145918,0.1725116214,0.03148812056,0.02812534571
85,1.0,-0.7853981853,0.0,0.0,1.0,1.0,0.3507875509,0.2106032699,0.03555554152,0.03494250774
86,1.0,-0.7853981853,0.0,0.0,1.0,1.0,0.4379905108,0.297474417,0.04680263996,0.05151432753
87,1.0,-0.7853981853,0.0,0.0,1.0,1.0,0.4812674145,0.3349580401,0.05019432306,0.05696904659
88,1.0,-0.7853981853,0.0,0.0,1.0,1.0,0.4794924779,0.3362262276,0.05050355196,0.0574477911
89,1.0,-0.7853981853,0.0,0.0,1.0,1.0,0.4834509331,0.3413188013,0.05308043957,0.06158691645
90,1.0,-0.7853981853,0.0,0.0,1.0,1.0,0.4933545465,0.3497054057,0.04917407036,0.05583643913
91,1.0,-0.7853981853,0.0,0.0,1.0,1.0,0.5086877744,0.3658486878,0.05016845465,0.05756509304
92,1.0,-0.7853981853,0.0,0.0,1.0,1.0,0.4779937007,0.3243625377,0.04659897089,0.05213874578
93,1.0,-0.7853981853,0.0,0.0,1.0,1.0,0.4765552198,0.3386199442,0.04663681984,0.05343800783
94,1.0,-0.7853981853,0.0,0.0,1.0,1.0,0.5091176748,0.3615444985,0.04906070232,0.05729234219
95,1.0,-0.7853981853,0.0,0.0,1.0,1.0,0.525496831,0.3789551698,0.05267810822,0.06067985296
96,1.0,-0.7853981853,0.0,0.0,1.0,1.0,0.5385598145,0.3827652376,0.05008864403,0.05779457092
97,1.0,-0.7853981853,0.0,0.0,1.0,1.0,0.536802299,0.385560563,0.04951775074,0.05831372738
98,1.0,-0.7853981853,0.0,0.0,1.0,1.0,0.530389731,0.3899168846,0.0487665534,0.057723701
99,1.0,-0.7853981853,0.0,0.0,1.0,1.0,0.5098819005,0.3727894643,0.04602724314,0.0543654561
100,1.0,-0.7853981853,0.0,0.0,1.0,1.0,0.5052127612,0.3820707539,0.04461270571,0.0530179143
101,1.0,-0.7853981853,0.0,0.0,1.0,1.0,0.5088732178,0.3806284291,0.04611611366,0.05407857895
102,1.0,-0.7853981853,0.0,0.0,1.0,1.0,0.4997208439,0.3742093018,0.04444015026,0.05299896002
103,1.0,-0.7853981853,0.0,0.0,1.0,1.0,0.5216061334,0.383693972,0.04805409908,0.05611920357
104,1.0,-0.7853981853,0.0,0.0,1.0,1.0,0.5200050351,0.3867302329,0.04739952087,0.05580365658
105,1.0,-0.7853981853,0.0,0.0,1.0,1.0,0.5194231014,0.3960491259,0.04708576202,0.05520397425
106,1.0,-0.7853981853,0.0,0.0,1.0,1.0,0.5444984575,0.4015613181,0.0499920845,0.05920118093
107,1.0,-0.7853981853,0.0,0.0,1.0,1.0,0.5354149405,0.3850855117,0.04914724827,0.05668318272
108,1.0,-0.7853981853,0.0,0.0,1.0,1.0,0.5399490899,0.390611597,0.04995983839,0.0592238903
109,1.0,-0.7853981853,0.0,0.0,1.0,1.0,0.5567824843,0.4115350097,0.05430626869,0.06375086308
110,1.0,-0.7853981853,0.0,0.0,1.0,1.0,0.54577021,0.3840741577,0.0523045063,0.05916947126
111,1.0,-0.7853981853,0.0,0.0,1.0,1.0,0.5272515654,0.3799532976,0.05116713047,0.05958706141
112,1.0,-0.7853981853,0.0,0.0,1.0,1.0,0.5154145872,0.3658486372,0.04957062006,0.05687910318
113,1.0,-0.7853981853,0.0,0.0,1.0,1.0,0.5210204969,0.3820805849,0.05058139563,0.06044322252
114,1.0,-0.7853981853,0.0,0.0,1.0,1.0,0.5161588333,0.3651020942,0.0503192544,0.05737036467
115,1.0,-0.7853981853,0.0,0.0,1.0,1.0,0.5378021665,0.3876975582,0.05736875534,0.06599062681
116,1.0,-0.7853981853,0.0,0.0,1.0,1.0,0.5261909447,0.3648757278,0.05172473192,0.05803263187
117,1.0,-0.7853981853,0.0,0.0,1.0,1.0,0.5434466316,0.3888875283,0.05434477329,0.06246519089
118,1.0,-0.7853981853,0.0,0.0,1.0,1.0,0.5195196705,0.3669827899,0.05173927546,0.05931091309
119,1.0,-0.7853981853,0.0,0.0,1.0,1.0,0.5209212056,0.3679160123,0.05373805761,0.06061154604
120,1.0,-0.7853981853,0.0,0.0,1.0,1.0,0.5383895828,0.3802021393,0.05605578423,0.06255954504
121,1.0,-0.7853981853,0.0,0.0,1.0,1.0,0.5040917553,0.3543984651,0.05386722088,0.0588490963
122,1.0,-0.7853981853,0.0,0.0,1.0,1.0,0.4997207887,0.3577137315,0.05477911234,0.06089967489
123,1.0,-0.7853981853,0.0,0.0,1.0,1.0,0.5044931419,0.3736891647,0.05659973621,0.06486028433
124,1.0,-0.7853981853,0.0,0.0,1.0,1.0,0.4937159362,0.3623192388,0.05548673868,0.06208515167
125,1.0,-0.7853981853,0.0,0.0,1.0,1.0,0.4750597706,0.3668165952,0.05596059561,0.06329965591
126,0.0,0.0,0.0,0.0,0.0,0.0,0.0,0.0,0.0,0.0
127,1.0,-0.7853981853,0.0,0.0,1.0,1.0,0.4682283542,0.369977536,0.05754452944,0.06455498934
128,1.0,-0.7853981853,0.0,0.0,1.0,1.0,0.447617096,0.3471921646,0.05513942242,0.0600990653
129,1.0,-0.7853981853,0.0,0.0,1.0,1.0,0.4598590794,0.3501335368,0.0567253828,0.06071609259
130,1.0,-0.7853981853,0.0,0.0,1.0,1.0,0.458171071,0.3626874435,0.05873048306,0.06362468004
131,1.0,-0.7853981853,0.0,0.0,1.0,1.0,0.4466532103,0.3483397847,0.05922788382,0.0627464056
132,1.0,-0.7853981853,0.0,0.0,1.0,1.0,0.4345398983,0.3375381356,0.05708271265,0.06001007557
133,1.0,-0.7853981853,0.0,0.0,1.0,1.0,0.4365632045,0.3501332775,0.0571334362,0.0617737174
134,1.0,-0.7853981853,0.0,0.0,1.0,1.0,0.4422109787,0.3529380469,0.05707246065,0.06168437004
135,1.0,-0.7853981853,0.0,0.0,1.0,1.0,0.4474441008,0.3546942518,0.05682492256,0.06110823154
136,1.0,-0.7853981853,0.0,0.0,1.0,1.0,0.4512876439,0.3485658824,0.05833262205,0.0621625185
137,1.0,-0.7853981853,0.0,0.0,1.0,1.0,0.4411646454,0.3436619046,0.05549377203,0.05921238661
138,1.0,-0.7853981853,0.0,0.0,1.0,1.0,0.4439406875,0.3425238685,0.0573246479,0.06148290634
139,1.0,-0.7853981853,0.0,0.0,1.0,1.0,0.4402724909,0.3241430807,0.05390393734,0.05534517765
140,1.0,-0.7853981853,0.0,0.0,1.0,1.0,0.343597762,0.2059237727,0.04110199213,0.03480160236
141,1.0,-0.7853981853,0.0,0.0,1.0,1.0,0.3297908331,0.1807498821,0.03910326958,0.03044676781
142,1.0,-0.7853981853,0.0,0.0,1.0,1.0,0.3355440778,0.1880306161,0.04180639982,0.03314650059
143,1.0,-0.7853981853,0.0,0.0,1.0,1.0,0.3460482806,0.2256267077,0.04308271408,0.0382642746
144,1.0,-0.7853981853,0.0,0.0,1.0,1.0,0.355404824,0.2620687859,0.04608768225,0.04497045279
145,1.0,0.0,0.0,0.0,1.0,1.0,0.3645385181,0.2844071212,0.05045104027,0.04961013794
146,1.0,0.0,0.0,0.0,1.0,1.0,0.3305846769,0.2802921199,0.04725986719,0.04808413982
147,1.0,0.0,0.0,0.0,1.0,1.0,0.3132865544,0.2639721684,0.04521411657,0.04410457611
148,1.0,0.0,0.0,0.0,1.0,1.0,0.298534859,0.2698491484,0.04408890009,0.04436266422
149,1.0,0.0,0.0,0.0,1.0,1.0,0.2688028647,0.2591773216,0.04081505537,0.04191076756
150,1.0,0.0,0.0,0.0,1.0,1.0,0.2665178185,0.2698839906,0.04049116373,0.04240626097
151,1.0,0.0,0.0,0.0,1.0,1.0,0.2634888395,0.2750262762,0.03987950087,0.04207980633
152,1.0,0.0,0.0,0.0,1.0,1.0,0.2682711543,0.288095369,0.04188346863,0.04434722662
153,1.0,0.0,0.0,0.0,1.0,1.0,0.2550661039,0.2792033991,0.04003548622,0.04275894165
154,1.0,0.0,0.0,0.0,1.0,1.0,0.2361694606,0.2605690001,0.03725129366,0.03941082954
155,1.0,0.0,0.0,0.0,1.0,1.0,0.2374743376,0.2659230584,0.0379255414,0.04065400362
156,1.0,0.0,0.0,0.0,1.0,1.0,0.2644570558,0.2947996465,0.04260766506,0.04537445307
157,1.0,0.0,0.0,0.0,1.0,1.0,0.2490016299,0.2796272302,0.04001152515,0.04277098179
158,1.0,0.0,0.0,0.0,1.0,1.0,0.2502834887,0.2782135509,0.04031258821,0.04276400805
159,1.0,0.0,0.0,0.0,1.0,1.0,0.2532368987,0.2778171072,0.0411990881,0.04367107153
160,1.0,0.0,0.0,0.0,1.0,1.0,0.2566134587,0.2776229257,0.04111468792,0.04327863455
161,1.0,0.0,0.0,0.0,1.0,1.0,0.2524187649,0.2722616882,0.03977268934,0.04246002436
162,1.0,0.0,0.0,0.0,1.0,1.0,0.2571967701,0.2732041801,0.04077166319,0.0432344079
163,1.0,0.0,0.0,0.0,1.0,1.0,0.2464143257,0.2576417395,0.03857159615,0.04018998146
164,1.0,0.0,0.0,0.0,1.0,1.0,0.229001837,0.2305053645,0.03488981724,0.03543078899
165,1.0,0.0,0.0,0.0,1.0,1.0,0.2464142553,0.2532830432,0.03815943003,0.0394936204
166,1.0,0.0,0.0,0.0,1.0,1.0,0.2485571857,0.2568012989,0.03873115778,0.04008537531
167,1.0,0.0,0.0,0.0,1.0,1.0,0.2420791917,0.2446911625,0.03748846054,0.03802406788
168,1.0,0.0,0.0,0.0,1.0,1.0,0.2466268706,0.2515717015,0.03842532635,0.0395001173
169,1.0,0.0,0.0,0.0,1.0,1.0,0.2377142736,0.2421852507,0.03618305922,0.03750360012
170,1.0,0.0,0.0,0.0,1.0,1.0,0.2485659383,0.2541242896,0.03790479898,0.03922092915
171,1.0,0.0,0.0,0.0,1.0,1.0,0.2389036348,0.2464837616,0.03616994619,0.03799140453
172,1.0,0.0,0.0,0.0,1.0,1.0,0.2340410033,0.2362622023,0.03571474552,0.03677290678
173,1.0,0.0,0.0,0.0,1.0,1.0,0.2334081074,0.240415778,0.03528410196,0.03714114428
174,1.0,0.0,0.0,0.0,1.0,1.0,0.2339483166,0.2456540833,0.03601080179,0.03865867853
175,1.0,0.0,0.0,0.0,1.0,1.0,0.2333192449,0.2422376841,0.03550332785,0.03788787127
176,1.0,0.0,0.0,0.0,1.0,1.0,0.1888427019,0.1773753084,0.02801567316,0.02748709917
177,1.0,0.0,0.0,0.0,1.0,1.0,0.1386829429,0.1093140733,0.02029031515,0.01704388857
178,1.0,0.0,0.0,0.0,1.0,1.0,0.1516659014,0.1271691182,0.02189743519,0.01993232965
179,1.0,0.0,0.0,0.0,1.0,1.0,0.1568539802,0.1317943373,0.02175164223,0.02007842064
180,1.0,0.0,0.0,0.0,1.0,1.0,0.2154850431,0.206526699,0.02971720695,0.03169840574
181,1.0,0.0,0.0,0.0,1.0,1.0,0.2580526599,0.2552923354,0.03582239151,0.04008698463
182,1.0,0.0,0.0,0.0,1.0,1.0,0.293115517,0.2937428044,0.04053974152,0.04617023468
183,1.0,0.0,0.0,0.0,1.0,1.0,0.3131517281,0.306167235,0.0424592495,0.047973454
184,1.0,0.0,0.0,0.0,1.0,1.0,0.3355197199,0.3250780832,0.0458881855,0.05228471756
185,1.0,0.0,0.0,0.0,1.0,1.0,0.3368680435,0.3205105392,0.04532182217,0.05078220367
186,1.0,-0.7853981853,0.0,0.0,1.0,1.0,0.3149632796,0.3088553134,0.04228794575,0.0491977334
187,1.0,-0.7853981853,0.0,0.0,1.0,1.0,0.3198213258,0.3112445931,0.04373455048,0.05046290159
188,1.0,0.0,0.0,0.0,1.0,1.0,0.2979702426,0.2877702564,0.04056245089,0.04704117775
189,1.0,-0.7853981853,0.0,0.0,1.0,1.0,0.3059304714,0.2848241664,0.0415828228,0.0469211936
190,1.0,-0.7853981853,0.0,0.0,1.0,1.0,0.3248185621,0.2974529186,0.04508370161,0.0505746603
191,1.0,-0.7853981853,0.0,0.0,1.0,1.0,0.3219960145,0.2896689006,0.04366540909,0.04848563671
192,1.0,-0.7853981853,0.0,0.0,1.0,1.0,0.3142632064,0.2816295728,0.04290693998,0.04786890745
193,1.0,-0.7853981853,0.0,0.0,1.0,1.0,0.3219819702,0.2877703697,0.04287445545,0.04805397987
194,1.0,-0.7853981853,0.0,0.0,1.0,1.0,0.3181986337,0.2950571476,0.04285997152,0.0497635603
195,1.0,-0.7853981853,0.0,0.0,1.0,1.0,0.3309976224,0.2993252389,0.04366791248,0.05018979311
196,1.0,-0.7853981853,0.0,0.0,1.0,1.0,0.3421709831,0.3090709708,0.04402625561,0.05127102137
197,1.0,-0.7853981853,0.0,0.0,1.0,1.0,0.3470590192,0.3067426739,0.04540717602,0.0523044467
198,1.0,-0.7853981853,0.0,0.0,1.0,1.0,0.3586034327,0.3247768009,0.04630643129,0.05545341969
199,1.0,-0.7853981853,0.0,0.0,1.0,1.0,0.3727108363,0.3286977082,0.04799383879,0.05627846718
200,1.0,-0.7853981853,0.0,0.0,1.0,1.0,0.3729759962,0.3275481542,0.04839360714,0.05650752783
201,1.0,-0.7853981853,0.0,0.0,1.0,1.0,0.3913273151,0.3476322337,0.05055773258,0.05975013971
202,1.0,-0.7853981853,0.0,0.0,1.0,1.0,0.3873982252,0.3354174436,0.04957908392,0.05779337883
203,1.0,-0.7853981853,0.0,0.0,1.0,1.0,0.3942754567,0.3450456315,0.05064845085,0.0597769618
204,1.0,-0.7853981853,0.0,0.0,1.0,1.0,0.3822748929,0.325756392,0.04935491085,0.05678784847
205,1.0,-0.7853981853,0.0,0.0,1.0,1.0,0.3761216422,0.320937848,0.04650169611,0.05381327868
206,1.0,-0.7853981853,0.0,0.0,1.0,1.0,0.3916573428,0.3343144052,0.04777961969,0.05564576387
207,1.0,-0.7853981853,0.0,0.0,1.0,1.0,0.3890771434,0.3167245257,0.04673296213,0.05257457495
208,1.0,-0.7853981853,0.0,0.0,1.0,1.0,0.4055705273,0.3255627856,0.04925972223,0.05453759432
209,1.0,-0.7853981853,0.0,0.0,1.0,1.0,0.3934999761,0.3048554952,0.04729044437,0.05106204748
210,1.0,-0.7853981853,0.0,0.0,1.0,1.0,0.3400288446,0.2481253413,0.04066872597,0.04154020548
211,1.0,-0.7853981853,0.0,0.0,1.0,1.0,0.2902010856,0.160189457,0.03371888399,0.02674257755
212,1.0,-0.7853981853,0.0,0.0,1.0,1.0,0.2805005082,0.1282235318,0.03317582607,0.02181833982
213,1.0,-0.7853981853,0.0,0.0,1.0,1.0,0.2760480055,0.1454666028,0.03331845999,0.02528631687
214,1.0,-0.7853981853,0.0,0.0,1.0,1.0,0.3275283626,0.1988770008,0.04044419527,0.03509122133
215,1.0,-0.7853981853,0.0,0.0,1.0,1.0,0.3657933991,0.2367101654,0.04522067308,0.0420114994
216,1.0,-0.7853981853,0.0,0.0,1.0,1.0,0.3909342276,0.2682624486,0.04859972,0.04744255543
217,1.0,-0.7853981853,0.0,0.0,1.0,1.0,0.3969906424,0.279973942,0.05067998171,0.05097639561
218,1.0,-0.7853981853,0.0,0.0,1.0,1.0,0.3993151993,0.2808888299,0.05051112175,0.0502191186
219,1.0,-0.7853981853,0.0,0.0,1.0,1.0,0.4111344979,0.3004750767,0.05341631174,0.05518692732
220,1.0,-0.7853981853,0.0,0.0,1.0,1.0,0.405240674,0.2903673192,0.05078279972,0.05163866282
221,1.0,-0.7853981853,0.0,0.0,1.0,1.0,0.4043717871,0.2878392601,0.0517373085,0.05291318893
222,1.0,-0.7853981853,0.0,0.0,1.0,1.0,0.4052718866,0.2880837955,0.05259239674,0.05318665504
223,1.0,-0.7853981853,0.0,0.0,1.0,1.0,0.4103824779,0.2938585518,0.05135285854,0.05250680447
224,1.0,-0.7853981853,0.0,0.0,1.0,1.0,0.3900259552,0.2761618754,0.04893064499,0.04893070459
225,1.0,-0.7853981853,0.0,0.0,1.0,1.0,0.3974525909,0.2808889538,0.04874134064,0.04902637005
226,1.0,-0.7853981853,0.0,0.0,1.0,1.0,0.401151976,0.2887995997,0.05009275675,0.05095148087
227,1.0,-0.7853981853,0.0,0.0,1.0,1.0,0.4016126048,0.2904222007,0.05026870966,0.0514177084
228,1.0,-0.7853981853,0.0,0.0,1.0,1.0,0.4048665184,0.2897406926,0.05109214783,0.05196803808
229,1.0,-0.7853981853,0.0,0.0,1.0,1.0,0.403487174,0.2931910619,0.052965343,0.05509608984
230,1.0,-0.7853981853,0.0,0.0,1.0,1.0,0.4081245768,0.2946239385,0.05054527521,0.05198127031
231,1.0,-0.7853981853,0.0,0.0,1.0,1.0,0.3862802176,0.2739089289,0.04980969429,0.05040979385
232,1.0,-0.7853981853,0.0,0.0,1.0,1.0,0.3838768716,0.2828003223,0.05097663403,0.05308806896
233,1.0,-0.7853981853,0.0,0.0,1.0,1.0,0.3952341585,0.2931056315,0.05155551434,0.05422216654
234,1.0,-0.7853981853,0.0,0.0,1.0,1.0,0.3829104656,0.2779796549,0.04874664545,0.0501974225
235,1.0,-0.7853981853,0.0,0.0,1.0,1.0,0.3870279073,0.2802922153,0.05020296574,0.051679492
236,1.0,-0.7853981853,0.0,0.0,1.0,1.0,0.3753661889,0.2700755401,0.04817229509,0.04935443401
237,1.0,-0.7853981853,0.0,0.0,1.0,1.0,0.3834116844,0.2771698521,0.04754316807,0.04928255081
238,1.0,-0.7853981853,0.0,0.0,1.0,1.0,0.3701637883,0.2682627458,0.04804134369,0.04924237728
239,1.0,-0.7853981853,0.0,0.0,1.0,1.0,0.3795049852,0.2731697546,0.04639208317,0.04812097549
240,1.0,-0.7853981853,0.0,0.0,1.0,1.0,0.3767402462,0.268631059,0.0457957387,0.04696249962
241,1.0,-0.7853981853,0.0,0.0,1.0,1.0,0.3728363747,0.2648520924,0.04466509819,0.04581773281
242,1.0,-0.7853981853,0.0,0.0,1.0,1.0,0.3862576922,0.2777150793,0.0466402173,0.04868072271
243,1.0,-0.7853981853,0.0,0.0,1.0,1.0,0.3878073181,0.2801086854,0.04662615061,0.04864084721
244,1.0,-0.7853981853,0.0,0.0,1.0,1.0,0.3993014407,0.3004964303,0.04899328947,0.0527843833
245,1.0,-0.7853981853,0.0,0.0,1.0,1.0,0.4035090062,0.313356336,0.04953444004,0.05440193415
246,1.0,-0.7853981853,0.0,0.0,1.0,1.0,0.4333864913,0.3480484698,0.05526816845,0.06147170067
247,1.0,-0.7853981853,0.0,0.0,1.0,1.0,0.4427492554,0.3653024856,0.05850452185,0.06624782085
248,1.0,-0.7853981853,0.0,0.0,1.0,1.0,0.4243323608,0.3468742581,0.05648308992,0.06279075146
249,1.0,-0.7853981853,0.0,0.0,1.0,1.0,0.4165235771,0.3466460838,0.05496490002,0.06063139439
250,1.0,-0.7853981853,0.0,0.0,1.0,1.0,0.386338728,0.3261845044,0.05182409286,0.05717551708
251,1.0,0.0,0.0,0.0,1.0,1.0,0.3713341936,0.3174327722,0.0514062047,0.05523431301
252,1.0,0.0,0.0,0.0,1.0,1.0,0.3841756859,0.3438593039,0.05504250526,0.0597923398
253,1.0,0.0,0.0,0.0,1.0,1.0,0.3728004093,0.334208204,0.05281287432,0.055732131
254,1.0,0.0,0.0,0.0,1.0,1.0,0.3711695934,0.345348248,0.05445963144,0.05764746666
255,1.0,0.0,0.0,0.0,1.0,1.0,0.3734755967,0.3628545505,0.05569314957,0.0596151948
256,1.0,0.0,0.0,0.0,1.0,1.0,0.3489278445,0.3385732272,0.05210751295,0.0544641614
257,1.0,0.0,0.0,0.0,1.0,1.0,0.3278594861,0.3094297433,0.05017596483,0.05044567585
258,1.0,0.0,0.0,0.0,1.0,1.0,0.2063241434,0.1302843621,0.02984189987,0.01998585463
259,1.0,0.0,0.0,0.0,1.0,1.0,0.2185090152,0.101761314,0.03245645761,0.01580488682
260,1.0,0.0,0.0,0.0,1.0,1.0,0.2040449715,0.1396280889,0.0305506587,0.02149862051
261,1.0,0.0,0.0,0.0,1.0,1.0,0.2581585171,0.2154597528,0.03803521395,0.03232997656
262,1.0,0.0,0.0,0.0,1.0,1.0,0.3021160989,0.2906176004,0.04666334391,0.04449290037
263,1.0,0.0,0.0,0.0,1.0,1.0,0.3383526851,0.3389717122,0.05324691534,0.05297386646
264,1.0,0.0,0.0,0.0,1.0,1.0,0.3418232651,0.3443305542,0.05352604389,0.05298256874
265,1.0,0.0,0.0,0.0,1.0,1.0,0.3377661331,0.3395993077,0.05303490162,0.05249100924
266,1.0,0.0,0.0,0.0,1.0,1.0,0.3464966373,0.3524344856,0.05454558134,0.05509370565
267,1.0,0.0,0.0,0.0,1.0,1.0,0.3307887908,0.3236628593,0.05109208822,0.04972600937
268,1.0,0.0,0.0,0.0,1.0,1.0,0.3343204698,0.3289974541,0.05208343267,0.05071276426
269,1.0,0.0,0.0,0.0,1.0,1.0,0.3302353565,0.3231411147,0.05159401894,0.0499560833
270,1.0,0.0,0.0,0.0,1.0,1.0,0.3337296122,0.3266726421,0.05227971077,0.05063742399
271,1.0,0.0,0.0,0.0,1.0,1.0,0.3366356897,0.3319699518,0.05289191008,0.0515216589
272,1.0,0.0,0.0,0.0,1.0,1.0,0.3360643219,0.3249070148,0.05275547504,0.05055737495
273,1.0,0.0,0.0,0.0,1.0,1.0,0.336095288,0.3260589958,0.05217605829,0.0505284071
274,1.0,0.0,0.0,0.0,1.0,1.0,0.3248631649,0.3201060072,0.05019664764,0.04937374592
275,1.0,0.0,0.0,0.0,1.0,1.0,0.3384355855,0.3266728445,0.05242359638,0.05051231384
276,1.0,0.0,0.0,0.0,1.0,1.0,0.3396333863,0.3284878117,0.05259335041,0.05149763823
277,1.0,0.0,0.0,0.0,1.0,1.0,0.3284134342,0.3244715168,0.0506529212,0.05120050907
278,1.0,0.0,0.0,0.0,1.0,1.0,0.3464962781,0.358643184,0.05406689644,0.0573272109
279,1.0,0.0,0.0,0.0,1.0,1.0,0.3699775489,0.3759959776,0.05800867081,0.06142097712
280,1.0,0.0,0.0,0.0,1.0,1.0,0.3728488684,0.3695006339,0.06002360582,0.06308037043
281,1.0,0.0,0.0,0.0,1.0,1.0,0.382653378,0.3719606967,0.05932712555,0.06230705976
282,1.0,0.0,0.0,0.0,1.0,1.0,0.3756895078,0.3412335153,0.05634886026,0.05688810349
283,1.0,0.0,0.0,0.0,1.0,1.0,0.3832724835,0.3331470482,0.05705279112,0.05677974224
284,1.0,0.0,0.0,0.0,1.0,1.0,0.3874993631,0.3203340979,0.05734652281,0.05677878857
285,1.0,0.0,0.0,0.0,1.0,1.0,0.3978363025,0.334718825,0.05999082327,0.0623319149
286,1.0,0.0,0.0,0.0,1.0,1.0,0.4328295247,0.3538397501,0.06130957603,0.06353896856
287,1.0,-0.7853981853,0.0,0.0,1.0,1.0,0.4291954495,0.3456015272,0.06398224831,0.06668579578
288,1.0,-0.7853981853,0.0,0.0,1.0,1.0,0.4293593716,0.3347042287,0.06139045954,0.06315290928
289,1.0,-0.7853981853,0.0,0.0,1.0,1.0,0.435970365,0.3429761883,0.06166106462,0.06427878141
290,1.0,-0.7853981853,0.0,0.0,1.0,1.0,0.4446536829,0.3511973578,0.06302344799,0.0662330389
291,1.0,-0.7853981853,0.0,0.0,1.0,1.0,0.436730972,0.3310651647,0.06006377935,0.06121885777
292,1.0,-0.7853981853,0.0,0.0,1.0,1.0,0.4494407565,0.3527441506,0.06386983395,0.06649464369
293,1.0,-0.7853981853,0.0,0.0,1.0,1.0,0.4549467909,0.3521110321,0.06385660172,0.06616812944
294,1.0,-0.7853981853,0.0,0.0,1.0,1.0,0.44990264,0.3522879472,0.06487166882,0.06724148989
295,1.0,-0.7853981853,0.0,0.0,1.0,1.0,0.4472011262,0.3471580396,0.06384980679,0.06622552872
296,1.0,-0.7853981853,0.0,0.0,1.0,1.0,0.4448923521,0.3451199612,0.06304502487,0.0654129982
297,1.0,-0.7853981853,0.0,0.0,1.0,1.0,0.4486433191,0.3457189207,0.06366825104,0.06576061249
298,1.0,-0.7853981853,0.0,0.0,1.0,1.0,0.4413942986,0.3446352779,0.06158155203,0.06451398134
299,1.0,-0.7853981853,0.0,0.0,1.0,1.0,0.4446628306,0.3452331048,0.06258279085,0.06464916468
300,1.0,-0.7853981853,0.0,0.0,1.0,1.0,0.4331616798,0.3415813957,0.05972790718,0.06293284893
301,1.0,-0.7853981853,0.0,0.0,1.0,1.0,0.443495958,0.3425761273,0.0630607605,0.06515282393
302,1.0,-0.7853981853,0.0,0.0,1.0,1.0,0.420267447,0.3252901548,0.05788749456,0.05961549282
303,1.0,-0.7853981853,0.0,0.0,1.0,1.0,0.4357070639,0.3368027071,0.06186556816,0.06303840876
304,1.0,-0.7853981853,0.0,0.0,1.0,1.0,0.4409909983,0.3404349861,0.06222128868,0.06338429451
305,1.0,-0.7853981853,0.0,0.0,1.0,1.0,0.432302111,0.3331473519,0.0624101758,0.06359899044
306,1.0,-0.7853981853,0.0,0.0,1.0,1.0,0.4330230129,0.3419963731,0.0607354641,0.06303822994
307,1.0,-0.7853981853,0.0,0.0,1.0,1.0,0.4142016185,0.324270337,0.0596049428,0.06138420105
308,1.0,-0.7853981853,0.0,0.0,1.0,1.0,0.381832656,0.2966597811,0.05350387096,0.0546733737
309,1.0,-0.7853981853,0.0,0.0,1.0,1.0,0.3526143944,0.2399975817,0.04822975397,0.04400968552
310,1.0,-0.7853981853,0.0,0.0,1.0,1.0,0.2747607098,0.1620257181,0.03606444597,0.02855104208
311,1.0,-0.7853981853,0.0,0.0,1.0,1.0,0.2693370451,0.1598432759,0.03539097309,0.02778631449
312,1.0,0.0,0.0,0.0,1.0,1.0,0.27623312,0.1743213959,0.035833776,0.02962636948
313,1.0,0.0,0.0,0.0,1.0,1.0,0.3522623124,0.2772646241,0.04856735468,0.04856735468
314,1.0,0.0,0.0,0.0,1.0,1.0,0.3701637222,0.3039702979,0.05189335346,0.05216646194
315,1.0,0.0,0.0,0.0,1.0,1.0,0.3725192738,0.3222500045,0.05463755131,0.05517059565
316,1.0,0.0,0.0,0.0,1.0,1.0,0.3575663974,0.3278925563,0.05440509319,0.05520129204
317,1.0,0.0,0.0,0.0,1.0,1.0,0.3348737753,0.3271790587,0.05108755827,0.05293089151
318,1.0,0.0,0.0,0.0,1.0,1.0,0.2938502426,0.3012257001,0.04469180107,0.0462974906
319,1.0,0.0,0.0,0.0,1.0,1.0,0.2890370567,0.3089185742,0.04383760691,0.04489398003
320,1.0,0.0,0.0,0.0,1.0,1.0,0.2912945943,0.3387621793,0.04610145092,0.04795610905
321,1.0,0.0,0.0,0.0,1.0,1.0,0.2933684383,0.3743007629,0.04667615891,0.0503680706
322,1.0,0.0,0.0,0.0,1.0,1.0,0.2841221784,0.3747905949,0.04590559006,0.04860591888
323,1.0,0.7853981853,0.0,0.0,1.0,1.0,0.2869849689,0.3872297611,0.04662001133,0.04851734638
324,1.0,0.7853981853,0.0,0.0,1.0,1.0,0.2817218176,0.3871709582,0.04672366381,0.0478361249
325,1.0,0.7853981853,0.0,0.0,1.0,1.0,0.285554783,0.3923042857,0.04646420479,0.04646420479
326,1.0,0.7853981853,0.0,0.0,1.0,1.0,0.2857993158,0.4036203718,0.0467222333,0.04700195789
327,1.0,0.7853981853,0.0,0.0,1.0,1.0,0.2908696597,0.4192778687,0.04744571447,0.04744571447
328,1.0,0.7853981853,0.0,0.0,1.0,1.0,0.2771416108,0.4084015356,0.04609638453,0.04638451338
329,1.0,0.7853981853,0.0,0.0,1.0,1.0,0.2796363944,0.4058648962,0.04669064283,0.04611426592
330,1.0,0.7853981853,0.0,0.0,1.0,1.0,0.2802667528,0.4045363006,0.04623675346,0.0444920063
331,1.0,0.7853981853,0.0,0.0,1.0,1.0,0.2827947246,0.4199783733,0.04743820429,0.04655426741
332,1.0,0.7853981853,0.0,0.0,1.0,1.0,0.2847968083,0.4199782285,0.04698199034,0.04610651731
333,1.0,0.7853981853,0.0,0.0,1.0,1.0,0.2860592133,0.4348924934,0.04775130749,0.04745656252
334,1.0,0.7853981853,0.0,0.0,1.0,1.0,0.2827600755,0.4159841284,0.04643923044,0.04497891665
335,1.0,0.7853981853,0.0,0.0,1.0,1.0,0.2779195654,0.4115354547,0.04510194063,0.04452377558
336,1.0,0.7853981853,0.0,0.0,1.0,1.0,0.2794900082,0.4045362325,0.04620796442,0.04474568367
337,1.0,0.7853981853,0.0,0.0,1.0,1.0,0.2746690427,0.408862311,0.04509991407,0.04451799393
338,1.0,0.7853981853,0.0,0.0,1.0,1.0,0.2926053038,0.4222244255,0.0482686758,0.04594254494
339,1.0,0.7853981853,0.0,0.0,1.0,1.0,0.3067071785,0.4313379628,0.05066096783,0.04774940014
340,1.0,0.7853981853,0.0,0.0,1.0,1.0,0.3137577375,0.4574163675,0.05204647779,0.05058449507
341,1.0,0.7853981853,0.0,0.0,1.0,1.0,0.3194644308,0.4523786547,0.05204945803,0.05001395941
342,1.0,0.7853981853,0.0,0.0,1.0,1.0,0.3171134549,0.44448864,0.05198419094,0.04935580492
343,1.0,0.7853981853,0.0,0.0,1.0,1.0,0.2936414747,0.422043653,0.04782551527,0.04696112871
344,1.0,0.7853981853,0.0,0.0,1.0,1.0,0.294888508,0.4125901145,0.04944890738,0.04767227173
345,1.0,0.7853981853,0.0,0.0,1.0,1.0,0.3053852555,0.4172670589,0.05082786083,0.04822868109
346,1.0,0.7853981853,0.0,0.0,1.0,1.0,0.3066080665,0.4235729102,0.05206876993,0.05120581388
347,1.0,0.7853981853,0.0,0.0,1.0,1.0,0.3191494943,0.4320017818,0.05366694927,0.05225467682
348,1.0,0.7853981853,0.0,0.0,1.0,1.0,0.3220238552,0.4273626657,0.05444425344,0.05331581831
349,1.0,0.7853981853,0.0,0.0,1.0,1.0,0.3287420684,0.4273931202,0.05574089289,0.05462050438
350,1.0,0.7853981853,0.0,0.0,1.0,1.0,0.3097780607,0.393848203,0.05235391855,0.05125176907
351,1.0,0.7853981853,0.0,0.0,1.0,1.0,0.3053851524,0.3861481582,0.05088019371,0.05088019371
352,1.0,0.7853981853,0.0,0.0,1.0,1.0,0.3230197829,0.408138928,0.05415207148,0.05495631695
353,1.0,0.0,0.0,0.0,1.0,1.0,0.3326292472,0.4031203215,0.05678933859,0.05758541822
354,1.0,0.0,0.0,0.0,1.0,1.0,0.3275094464,0.3930188028,0.05594962835,0.0580509901
355,1.0,0.0,0.0,0.0,1.0,1.0,0.3501133402,0.3963306498,0.05847704411,0.05924987793
356,1.0,0.0,0.0,0.0,1.0,1.0,0.3383444923,0.3697932406,0.05632179976,0.05761951208
357,1.0,0.0,0.0,0.0,1.0,1.0,0.3465804734,0.3611845359,0.05653780699,0.05758970976
358,1.0,0.0,0.0,0.0,1.0,1.0,0.366296159,0.3711283321,0.0578610301,0.05969375372
359,1.0,0.0,0.0,0.0,1.0,1.0,0.369845056,0.3690745725,0.05638456345,0.05926930904
360,1.0,0.0,0.0,0.0,1.0,1.0,0.3797163063,0.363731169,0.05661970377,0.05929040909
361,1.0,0.0,0.0,0.0,1.0,1.0,0.4016104357,0.3784771647,0.05916845798,0.06241059303
362,1.0,0.0,0.0,0.0,1.0,1.0,0.3964265995,0.3687262044,0.05715256929,0.06117743254
363,1.0,0.0,0.0,0.0,1.0,1.0,0.3808279605,0.3505980851,0.05456656218,0.05882549286
364,1.0,0.0,0.0,0.0,1.0,1.0,0.4035132826,0.3743940168,0.061178267,0.06684285402
365,1.0,0.0,0.0,0.0,1.0,1.0,0.3974946757,0.3755863343,0.05779850483,0.06526523829
366,1.0,0.0,0.0,0.0,1.0,1.0,0.4054341098,0.3837985364,0.0614631176,0.07003939152
367,1.0,0.0,0.0,0.0,1.0,1.0,0.4083943317,0.3845204806,0.06336957216,0.07179945707
368,1.0,0.0,0.0,0.0,1.0,1.0,0.4138239734,0.3947636661,0.05819106102,0.06726670265
369,1.0,0.0,0.0,0.0,1.0,1.0,0.4151815629,0.3966534373,0.06265336275,0.07200884819
370,1.0,0.0,0.0,0.0,1.0,1.0,0.403929188,0.386576748,0.05825281143,0.06696355343
371,1.0,0.0,0.0,0.0,1.0,1.0,0.4127096814,0.3972542761,0.06011891365,0.06981545687
372,1.0,0.0,0.0,0.0,1.0,1.0,0.4093409503,0.3858604211,0.05777418613,0.06587332487
373,1.0,0.0,0.0,0.0,1.0,1.0,0.4127095925,0.3937677119,0.06256985664,0.07179677486
374,1.0,0.0,0.0,0.0,1.0,1.0,0.4194947322,0.3975414747,0.0587605238,0.06742566824
375,1.0,0.0,0.0,0.0,1.0,1.0,0.4215204993,0.4023312365,0.06371384859,0.07265108824
376,1.0,0.0,0.0,0.0,1.0,1.0,0.4216243988,0.4049185227,0.06062942743,0.06944829226
377,1.0,0.0,0.0,0.0,1.0,1.0,0.4268348799,0.4145596722,0.06087291241,0.07011258602
378,1.0,0.0,0.0,0.0,1.0,1.0,0.427507033,0.4153525011,0.05994009972,0.06912010908
379,1.0,0.0,0.0,0.0,1.0,1.0,0.4252945969,0.4164343358,0.06034237146,0.06994229555
380,1.0,0.0,0.0,0.0,1.0,1.0,0.4237712316,0.415077455,0.05985754728,0.06969708204
381,1.0,0.0,0.0,0.0,1.0,1.0,0.4351311404,0.4288037597,0.06138879061,0.07125490904
382,1.0,0.0,0.0,0.0,1.0,1.0,0.4313998495,0.426672012,0.06016874313,0.06996995211
383,1.0,0.0,0.0,0.0,1.0,1.0,0.4418176266,0.4382935286,0.0616594553,0.07170969248
384,1.0,0.0,0.0,0.0,1.0,1.0,0.4420422118,0.4330915918,0.06272131205,0.07152432203
385,1.0,0.0,0.0,0.0,1.0,1.0,0.4456971428,0.4416139683,0.06446135044,0.07422822714
386,1.0,0.0,0.0,0.0,1.0,1.0,0.4288943949,0.4058132014,0.05986309052,0.06645345688
387,1.0,0.0,0.0,0.0,1.0,1.0,0.3152745234,0.2400792751,0.04226696491,0.03881657124
388,1.0,0.0,0.0,0.0,1.0,1.0,0.2827364765,0.1713844095,0.03713572025,0.02734804153
389,1.0,0.0,0.0,0.0,1.0,1.0,0.2696564861,0.1813932024,0.03606110811,0.02919232845
390,1.0,0.0,0.0,0.0,1.0,1.0,0.3186627788,0.2533795802,0.04308730364,0.04028940201
391,1.0,0.0,0.0,0.0,1.0,1.0,0.3712495207,0.3230516352,0.05260711908,0.05316078663
392,1.0,0.0,0.0,0.0,1.0,1.0,0.3865768147,0.361750709,0.05569911003,0.05841606855
393,1.0,0.0,0.0,0.0,1.0,1.0,0.3931930282,0.3714591666,0.05826830864,0.06043642759
394,1.0,0.0,0.0,0.0,1.0,1.0,0.3878163084,0.3693589919,0.05753844976,0.05942052603
395,1.0,0.0,0.0,0.0,1.0,1.0,0.3860658118,0.3714141514,0.05815571547,0.05978626013
396,1.0,0.0,0.0,0.0,1.0,1.0,0.3955388368,0.3970847454,0.06061297655,0.06386011839
397,1.0,0.0,0.0,0.0,1.0,1.0,0.3553183178,0.362810806,0.05403715372,0.05643284321
398,1.0,0.0,0.0,0.0,1.0,1.0,0.3512023542,0.3599385073,0.05356830359,0.05490082502
399,1.0,0.0,0.0,0.0,1.0,1.0,0.3542541857,0.3778810171,0.05473679304,0.05658781528
400,1.0,0.0,0.0,0.0,1.0,1.0,0.3542116462,0.3752353993,0.05675631762,0.05622339249
401,1.0,0.0,0.0,0.0,1.0,1.0,0.3370018146,0.3644172276,0.05366337299,0.05313724279
402,1.0,0.0,0.0,0.0,1.0,1.0,0.3364296979,0.371587355,0.05458599329,0.05405342579
403,1.0,0.0,0.0,0.0,1.0,1.0,0.3375815729,0.3790983632,0.0550801754,0.05372351408
404,1.0,0.0,0.0,0.0,1.0,1.0,0.3096376268,0.337867975,0.04983317852,0.04623413086
405,1.0,0.7853981853,0.0,0.0,1.0,1.0,0.3003418647,0.3351786219,0.04928207397,0.04594087601
406,1.0,0.7853981853,0.0,0.0,1.0,1.0,0.2857993505,0.319323593,0.04623115063,0.04263228178
407,1.0,0.7853981853,0.0,0.0,1.0,1.0,0.3022365559,0.3495901493,0.04859095812,0.04500186443
408,1.0,0.7853981853,0.0,0.0,1.0,1.0,0.2949742921,0.363635851,0.04810780287,0.0461268425
409,1.0,0.7853981853,0.0,0.0,1.0,1.0,0.301391789,0.3624100432,0.04973697662,0.04602092505
410,1.0,0.7853981853,0.0,0.0,1.0,1.0,0.301914937,0.3811826907,0.05023479462,0.04734772444
411,1.0,0.7853981853,0.0,0.0,1.0,1.0,0.3005436074,0.3868032204,0.05037939548,0.04799461365
412,1.0,0.7853981853,0.0,0.0,1.0,1.0,0.3053355784,0.4066357484,0.05050575733,0.04874396324
413,1.0,0.7853981853,0.0,0.0,1.0,1.0,0.289080197,0.3790985259,0.04864960909,0.04568314552
414,1.0,0.7853981853,0.0,0.0,1.0,1.0,0.276741354,0.3446350939,0.04661899805,0.04157108068
415,1.0,0.7853981853,0.0,0.0,1.0,1.0,0.2965185528,0.3864834514,0.05030977726,0.04646253586
416,1.0,0.7853981853,0.0,0.0,1.0,1.0,0.2904953089,0.3785014705,0.04999154806,0.04552799463
417,1.0,0.7853981853,0.0,0.0,1.0,1.0,0.2766620849,0.3722411617,0.0476796031,0.04350763559
418,1.0,0.7853981853,0.0,0.0,1.0,1.0,0.2954874554,0.4007917642,0.05060404539,0.04703199863
419,1.0,0.7853981853,0.0,0.0,1.0,1.0,0.2892665299,0.3997766591,0.05000311136,0.0467094779
420,1.0,0.7853981853,0.0,0.0,1.0,1.0,0.2773320365,0.3863817877,0.04551297426,0.04293674231
421,1.0,0.7853981853,0.0,0.0,1.0,1.0,0.2719451121,0.3709269312,0.04541343451,0.04165309668
422,1.0,0.7853981853,0.0,0.0,1.0,1.0,0.2993252797,0.4347571191,0.0514832139,0.0506106019
423,1.0,0.7853981853,0.0,0.0,1.0,1.0,0.2905557732,0.4113864002,0.0487190485,0.04783856869
424,1.0,0.7853981853,0.0,0.0,1.0,1.0,0.3015557372,0.4413783933,0.05094259977,0.05065155029
425,1.0,0.7853981853,0.0,0.0,1.0,1.0,0.2968466703,0.4240060094,0.04805892706,0.0477745533
426,1.0,0.7853981853,0.0,0.0,1.0,1.0,0.3092676185,0.451524571,0.05176824331,0.05206078291
427,1.0,0.7853981853,0.0,0.0,1.0,1.0,0.3186371525,0.4547465257,0.05276340246,0.0524751544
428,1.0,0.7853981853,0.0,0.0,1.0,1.0,0.3107074749,0.4482787333,0.05050122738,0.05134284496
429,1.0,0.7853981853,0.0,0.0,1.0,1.0,0.3240510841,0.4660863226,0.05419325829,0.0553342104
430,1.0,0.7853981853,0.0,0.0,1.0,1.0,0.2984679704,0.4204385377,0.04888606071,0.04888612032
431,1.0,0.7853981853,0.0,0.0,1.0,1.0,0.3085304656,0.4352403505,0.05246043205,0.05273944139
432,1.0,0.7853981853,0.0,0.0,1.0,1.0,0.3057505204,0.4375441035,0.05231624842,0.05344134569
433,1.0,0.7853981853,0.0,0.0,1.0,1.0,0.3085303944,0.4296244873,0.05354344845,0.05411309004
434,1.0,0.7853981853,0.0,0.0,1.0,1.0,0.3228714534,0.4424838536,0.05477803946,0.05532854795
435,1.0,0.7853981853,0.0,0.0,1.0,1.0,0.3080249112,0.4255267417,0.05239754915,0.05434852839
436,1.0,0.7853981853,0.0,0.0,1.0,1.0,0.3071455649,0.4086697624,0.05117946863,0.05226260424
437,1.0,0.7853981853,0.0,0.0,1.0,1.0,0.3125289122,0.4139949049,0.05271190405,0.05435919762
438,1.0,0.7853981853,0.0,0.0,1.0,1.0,0.2990197496,0.3845589616,0.04947382212,0.05028051138
439,1.0,0.7853981853,0.0,0.0,1.0,1.0,0.2016113388,0.2105206515,0.03224360943,0.02728307247
440,1.0,0.0,0.0,0.0,1.0,1.0,0.1443044885,0.1120067883,0.02242773771,0.01439809799
441,1.0,0.0,0.0,0.0,1.0,1.0,0.165653462,0.08115120637,0.02500373125,0.01055711508
442,1.0,0.0,0.0,0.0,1.0,1.0,0.1544590878,0.1117258604,0.02344733477,0.01517176628
443,1.0,0.0,0.0,0.0,1.0,1.0,0.2080689531,0.1773820205,0.03119122982,0.02479302883
444,1.0,0.0,0.0,0.0,1.0,1.0,0.2692798519,0.2886474159,0.04194164276,0.04301702976
445,1.0,0.0,0.0,0.0,1.0,1.0,0.3112448777,0.3331471085,0.04818129539,0.05192869902
446,1.0,0.0,0.0,0.0,1.0,1.0,0.3430656792,0.3407933528,0.05236208439,0.05556797981
447,1.0,0.0,0.0,0.0,1.0,1.0,0.3568793326,0.3363508166,0.05305457115,0.05627000332
448,1.0,0.0,0.0,0.0,1.0,1.0,0.3747908513,0.3283423071,0.05439323187,0.05718261003
449,1.0,0.0,0.0,0.0,1.0,1.0,0.4158335875,0.3567138716,0.05692636967,0.06256264448
450,1.0,-0.7853981853,0.0,0.0,1.0,1.0,0.431175068,0.3550647747,0.05787116289,0.06410342455
451,1.0,-0.7853981853,0.0,0.0,1.0,1.0,0.4774850819,0.3745861199,0.06219106913,0.06981253624
452,1.0,-0.7853981853,0.0,0.0,1.0,1.0,0.4945952316,0.3797533727,0.05959695578,0.06793439388
453,1.0,-0.7853981853,0.0,0.0,1.0,1.0,0.5241638811,0.388867403,0.06432408094,0.07365608215
454,1.0,-0.7853981853,0.0,0.0,1.0,1.0,0.5162109303,0.3781671066,0.05972313881,0.06967699528
455,1.0,-0.7853981853,0.0,0.0,1.0,1.0,0.5149962532,0.3868210338,0.05769711733,0.06812822819
456,1.0,-0.7853981853,0.0,0.0,1.0,1.0,0.5244445123,0.397461122,0.05524104834,0.06502658129
457,1.0,-0.7853981853,0.0,0.0,1.0,1.0,0.4861331223,0.370449489,0.05337411165,0.0636511445
458,1.0,-0.7853981853,0.0,0.0,1.0,1.0,0.498964811,0.3718850643,0.05427390337,0.06315505505
459,1.0,-0.7853981853,0.0,0.0,1.0,1.0,0.4952188402,0.3796329659,0.0545591116,0.06480962038
460,1.0,-0.7853981853,0.0,0.0,1.0,1.0,0.4966922109,0.3630860689,0.0523750782,0.06067848206
461,1.0,-0.7853981853,0.0,0.0,1.0,1.0,0.5101010188,0.3854180495,0.05704951286,0.06766337156
462,1.0,-0.7853981853,0.0,0.0,1.0,1.0,0.5208152976,0.3889821189,0.0592468977,0.06917655468
463,1.0,-0.7853981853,0.0,0.0,1.0,1.0,0.5004440844,0.3799375525,0.05507874489,0.06462997198
464,1.0,-0.7853981853,0.0,0.0,1.0,1.0,0.5335882743,0.4115348024,0.06059610844,0.07252699137
465,1.0,-0.7853981853,0.0,0.0,1.0,1.0,0.513525362,0.3895531723,0.05980038643,0.07105314732
466,1.0,-0.7853981853,0.0,0.0,1.0,1.0,0.5065667647,0.3839960248,0.05821019411,0.06890821457
467,1.0,-0.7853981853,0.0,0.0,1.0,1.0,0.5031021693,0.3876098366,0.05972951651,0.07161122561
468,1.0,-0.7853981853,0.0,0.0,1.0,1.0,0.4977248103,0.3850740786,0.05906116962,0.06948375702
469,1.0,-0.7853981853,0.0,0.0,1.0,1.0,0.482488881,0.3752290675,0.05685943365,0.06685674191
470,1.0,-0.7853981853,0.0,0.0,1.0,1.0,0.474128487,0.377045536,0.05559146404,0.0660148859
471,1.0,-0.7853981853,0.0,0.0,1.0,1.0,0.4957652198,0.3884754145,0.05726420879,0.06701129675
472,1.0,-0.7853981853,0.0,0.0,1.0,1.0,0.5050374065,0.4036893365,0.05763965845,0.06886422634
473,1.0,-0.7853981853,0.0,0.0,1.0,1.0,0.4906821838,0.3941952384,0.05626803637,0.06692934036
474,1.0,-0.7853981853,0.0,0.0,1.0,1.0,0.4883351251,0.4001232192,0.05701947212,0.06824606657
475,1.0,-0.7853981853,0.0,0.0,1.0,1.0,0.473738155,0.3896129296,0.05737239122,0.06732469797
476,1.0,-0.7853981853,0.0,0.0,1.0,1.0,0.4758107969,0.3934151537,0.05924105644,0.06995803118
477,1.0,-0.7853981853,0.0,0.0,1.0,1.0,0.473053712,0.3914479691,0.05856853724,0.06746864319
478,1.0,-0.7853981853,0.0,0.0,1.0,1.0,0.4763586234,0.3964997528,0.05891573429,0.0682182312
479,1.0,-0.7853981853,0.0,0.0,1.0,1.0,0.4786687415,0.3903813889,0.06150329113,0.06862163544
480,1.0,-0.7853981853,0.0,0.0,1.0,1.0,0.4519976736,0.3745860417,0.05959278345,0.06624633074
481,1.0,-0.7853981853,0.0,0.0,1.0,1.0,0.4439606308,0.3778178515,0.05913728476,0.06621104479
482,1.0,-0.7853981853,0.0,0.0,1.0,1.0,0.4369257648,0.3640140708,0.05986201763,0.06593501568
483,1.0,-0.7853981853,0.0,0.0,1.0,1.0,0.4390856596,0.36153425,0.0615311861,0.06592619419
484,1.0,0.0,0.0,0.0,1.0,1.0,0.4414461557,0.364446019,0.06119430065,0.0654835701
485,1.0,0.0,0.0,0.0,1.0,1.0,0.4231961283,0.3544347627,0.05899310112,0.06357514858
486,1.0,0.0,0.0,0.0,1.0,1.0,0.4165191982,0.3518936189,0.0588106513,0.06313496828
487,1.0,0.0,0.0,0.0,1.0,1.0,0.4054244152,0.3320831635,0.05729836226,0.05929386616
488,1.0,-0.7853981853,0.0,0.0,1.0,1.0,0.412182172,0.3384693632,0.06043571234,0.06219601631
489,1.0,0.0,0.0,0.0,1.0,1.0,0.4171935816,0.3401325049,0.06042861938,0.06189531088
490,1.0,-0.7853981853,0.0,0.0,1.0,1.0,0.4127250601,0.3407932379,0.06029981375,0.06148213148
491,1.0,-0.7853981853,0.0,0.0,1.0,1.0,0.406655642,0.3315141292,0.05925875902,0.05984836817
492,1.0,-0.7853981853,0.0,0.0,1.0,1.0,0.41728214,0.3391548194,0.06111842394,0.06171470881
493,1.0,-0.7853981853,0.0,0.0,1.0,1.0,0.4177073645,0.3419142656,0.06115186214,0.06204676628
494,1.0,0.0,0.0,0.0,1.0,1.0,0.4026828064,0.3183043795,0.05921339989,0.05890822411
495,1.0,0.0,0.0,0.0,1.0,1.0,0.4022647896,0.3287638589,0.05735075474,0.05912452936
496,1.0,0.0,0.0,0.0,1.0,1.0,0.3910859001,0.3199531375,0.0554729104,0.05694043636
497,1.0,0.0,0.0,0.0,1.0,1.0,0.3935946628,0.3281996665,0.05688941479,0.05927222967
498,1.0,-0.7853981853,0.0,0.0,1.0,1.0,0.3919780929,0.3217155796,0.05609744787,0.05785965919
499,1.0,-0.7853981853,0.0,0.0,1.0,1.0,0.3993628557,0.3244089289,0.05726581812,0.05874937773
500,1.0,0.0,0.0,0.0,1.0,1.0,0.366462261,0.2759898004,0.05141049623,0.0493657589
501,1.0,-0.7853981853,0.0,0.0,1.0,1.0,0.3579779519,0.2709527354,0.0499458909,0.04821372032
502,1.0,0.0,0.0,0.0,1.0,1.0,0.3665983899,0.289740682,0.05194705725,0.05165690184
503,1.0,0.0,0.0,0.0,1.0,1.0,0.3811263494,0.3056544825,0.0543961525,0.05468541384
504,1.0,0.0,0.0,0.0,1.0,1.0,0.3727426679,0.2874212948,0.05005699396,0.04840677977
505,1.0,0.0,0.0,0.0,1.0,1.0,0.3674718434,0.2885484938,0.04914677143,0.0483366251
506,1.0,0.0,0.0,0.0,1.0,1.0,0.3671821056,0.2998325236,0.05320221186,0.0537711978
507,1.0,0.0,0.0,0.0,1.0,1.0,0.3803700619,0.3188694653,0.05510413647,0.05650985241
508,1.0,0.0,0.0,0.0,1.0,1.0,0.3689660507,0.3117380469,0.0525316596,0.05388557911
509,1.0,0.0,0.0,0.0,1.0,1.0,0.3530735566,0.2976391684,0.05195599794,0.05223089457
510,1.0,0.0,0.0,0.0,1.0,1.0,0.3590586601,0.3089759498,0.05275297165,0.05329686403
511,1.0,0.0,0.0,0.0,1.0,1.0,0.3090065289,0.2548244816,0.04415339231,0.04249757528
512,1.0,0.0,0.0,0.0,1.0,1.0,0.2077030327,0.1293601789,0.02876460552,0.02079021931
513,1.0,0.0,0.0,0.0,1.0,1.0,0.197101125,0.1236421835,0.02751672268,0.02001214027
514,1.0,0.0,0.0,0.0,1.0,1.0,0.2041659215,0.1342790001,0.02869975567,0.02159321308
515,1.0,0.0,0.0,0.0,1.0,1.0,0.266392215,0.2296015631,0.03884339333,0.03746592999
516,1.0,0.0,0.0,0.0,1.0,1.0,0.3120386698,0.2917834746,0.04637402296,0.04746520519
517,1.0,0.0,0.0,0.0,1.0,1.0,0.3488702111,0.3271201656,0.05204880238,0.05284547806
518,1.0,0.0,0.0,0.0,1.0,1.0,0.3367297893,0.3264167915,0.05064117908,0.05225729942
519,1.0,0.0,0.0,0.0,1.0,1.0,0.3319636363,0.3142059438,0.05004799366,0.05031567812
520,1.0,0.0,0.0,0.0,1.0,1.0,0.3290419302,0.3135831236,0.05003875494,0.05003869534
521,1.0,0.0,0.0,0.0,1.0,1.0,0.3383800539,0.319358396,0.05215615034,0.05188733339
522,1.0,0.0,0.0,0.0,1.0,1.0,0.3272193845,0.3133841272,0.04909431934,0.04936110973
523,1.0,0.0,0.0,0.0,1.0,1.0,0.3206763829,0.3055726961,0.0485509634,0.04882073402
524,1.0,0.0,0.0,0.0,1.0,1.0,0.3390022888,0.3303237423,0.05164408684,0.05217921734
525,1.0,0.0,0.0,0.0,1.0,1.0,0.3319823672,0.3253220247,0.05106943846,0.05214464664
526,1.0,0.0,0.0,0.0,1.0,1.0,0.3396334782,0.3342728971,0.05156570673,0.0531771183
527,1.0,0.0,0.0,0.0,1.0,1.0,0.3502467423,0.3581616524,0.05325323343,0.05648070574
528,1.0,0.0,0.0,0.0,1.0,1.0,0.343118012,0.3513397448,0.05169963837,0.05461609364
529,1.0,0.0,0.0,0.0,1.0,1.0,0.3508678927,0.3598673678,0.05298233032,0.0564609766
530,1.0,0.0,0.0,0.0,1.0,1.0,0.3497158788,0.362811253,0.05247282982,0.05646824837
531,1.0,0.0,0.0,0.0,1.0,1.0,0.346708909,0.3606231513,0.05230003595,0.05603575706
532,1.0,0.0,0.0,0.0,1.0,1.0,0.3516232153,0.3675913786,0.05379313231,0.05750304461
533,1.0,0.0,0.0,0.0,1.0,1.0,0.3533554898,0.3692853689,0.05409145355,0.05780363083
534,1.0,0.0,0.0,0.0,1.0,1.0,0.3582906805,0.3697258078,0.05562436581,0.0582857728
535,1.0,0.0,0.0,0.0,1.0,1.0,0.3733058335,0.3856907858,0.05870991945,0.06137859821
536,1.0,0.0,0.0,0.0,1.0,1.0,0.3575516952,0.3726731195,0.05599433184,0.05866068602
537,1.0,0.0,0.0,0.0,1.0,1.0,0.3508315429,0.3657749511,0.05426192284,0.05637943745
538,1.0,0.0,0.0,0.0,1.0,1.0,0.3462229603,0.3618668952,0.05434834957,0.05622243881
539,1.0,0.0,0.0,0.0,1.0,1.0,0.3428119277,0.3643795505,0.05369985104,0.05610430241
540,1.0,0.0,0.0,0.0,1.0,1.0,0.3433457612,0.3648480892,0.05344802141,0.05582934618
541,1.0,0.0,0.0,0.0,1.0,1.0,0.339400991,0.3656494631,0.05275189877,0.05566781759
542,1.0,0.0,0.0,0.0,1.0,1.0,0.3320064309,0.360713952,0.05139535666,0.05430948734
543,1.0,0.0,0.0,0.0,1.0,1.0,0.3337120003,0.3564444215,0.05158293247,0.0534158349
544,1.0,0.0,0.0,0.0,1.0,1.0,0.3410658681,0.3730308287,0.05350679159,0.05643498898
545,1.0,0.0,0.0,0.0,1.0,1.0,0.3365293666,0.3677525472,0.05225294828,0.05487877131
546,1.0,0.0,0.0,0.0,1.0,1.0,0.3447492879,0.3813200048,0.05513519049,0.0580509901
547,1.0,0.0,0.0,0.0,1.0,1.0,0.3314898438,0.3661148867,0.05274277925,0.05564361811
548,1.0,0.0,0.0,0.0,1.0,1.0,0.3325928806,0.3704225531,0.05252623558,0.05567783117
549,1.0,0.0,0.0,0.0,1.0,1.0,0.3287200563,0.3678498682,0.05250883102,0.05622154474
550,1.0,0.0,0.0,0.0,1.0,1.0,0.3185405881,0.3576949917,0.05004411936,0.05401587486
551,1.0,0.0,0.0,0.0,1.0,1.0,0.3217966775,0.361500181,0.04979389906,0.05374574661
552,1.0,0.0,0.0,0.0,1.0,1.0,0.3183912302,0.3536755807,0.04900246859,0.05267107487
553,1.0,0.0,0.0,0.0,1.0,1.0,0.3320067935,0.3659928427,0.05086869001,0.05453956127
554,1.0,0.0,0.0,0.0,1.0,1.0,0.3314477436,0.3734757632,0.05183714628,0.05662208796
555,1.0,0.0,0.0,0.0,1.0,1.0,0.3331473005,0.3795790142,0.05287182331,0.05821239948
556,1.0,0.0,0.0,0.0,1.0,1.0,0.3314648406,0.3665774398,0.05231416225,0.05629748106
557,1.0,0.0,0.0,0.0,1.0,1.0,0.3370406648,0.3834664918,0.05371946096,0.05877226591
558,1.0,0.0,0.0,0.0,1.0,1.0,0.3337090837,0.3721697659,0.05208432674,0.05603009462
559,1.0,0.0,0.0,0.0,1.0,1.0,0.3264846195,0.3626448894,0.05117046833,0.05456441641
560,1.0,0.0,0.0,0.0,1.0,1.0,0.3325930631,0.3643801183,0.05203932524,0.0546413064
561,1.0,0.0,0.0,0.0,1.0,1.0,0.3403414033,0.3782612584,0.05476731062,0.05824041367
562,1.0,0.0,0.0,0.0,1.0,1.0,0.3353608308,0.3717647222,0.05408227444,0.05756282806
563,1.0,0.0,0.0,0.0,1.0,1.0,0.3386538167,0.3726440218,0.05385303497,0.05700540543
564,1.0,0.0,0.0,0.0,1.0,1.0,0.330380375,0.3618670684,0.05165803432,0.05451351404
565,1.0,0.0,0.0,0.0,1.0,1.0,0.3320349497,0.3643800688,0.05185300112,0.05471926928
566,1.0,0.0,0.0,0.0,1.0,1.0,0.3264508704,0.3613900246,0.05107825994,0.05474543571
567,1.0,0.0,0.0,0.0,1.0,1.0,0.3375819154,0.3687595215,0.05293786526,0.05580639839
568,1.0,0.0,0.0,0.0,1.0,1.0,0.335918882,0.3687597992,0.05226963758,0.05537480116
569,1.0,0.0,0.0,0.0,1.0,1.0,0.3392146666,0.3743615348,0.05425572395,0.05769634247
570,1.0,0.0,0.0,0.0,1.0,1.0,0.3287198833,0.3648481911,0.05145287514,0.05483114719
571,1.0,0.0,0.0,0.0,1.0,1.0,0.3359190656,0.3769521,0.05280089378,0.05698311329
572,1.0,0.0,0.0,0.0,1.0,1.0,0.3320402707,0.3657750191,0.05153661966,0.05488651991
573,1.0,0.0,0.0,0.0,1.0,1.0,0.3309077254,0.3643801366,0.0510931015,0.05446475744
574,1.0,0.0,0.0,0.0,1.0,1.0,0.3337061912,0.3713204915,0.0521056056,0.05603319407
575,1.0,0.0,0.0,0.0,1.0,1.0,0.3297990446,0.3631190973,0.05226939917,0.05571866035
576,1.0,0.0,0.0,0.0,1.0,1.0,0.3303520719,0.3648481033,0.05231630802,0.05603426695
577,1.0,0.0,0.0,0.0,1.0,1.0,0.3098780845,0.3430140535,0.04809248447,0.05205613375
578,1.0,0.0,0.0,0.0,1.0,1.0,0.1884342881,0.1703169722,0.02791208029,0.02490198612
579,1.0,0.0,0.0,0.0,1.0,1.0,0.1473655871,0.1041891835,0.02176135778,0.01506561041
580,1.0,0.0,0.0,0.0,1.0,1.0,0.1452021614,0.09573189693,0.02105271816,0.0136705637
581,1.0,0.0,0.0,0.0,1.0,1.0,0.179716414,0.1608949313,0.02634865046,0.02285337448
582,1.0,0.0,0.0,0.0,1.0,1.0,0.2559545949,0.2704586476,0.0393871665,0.04045897722
583,1.0,0.0,0.0,0.0,1.0,1.0,0.2981385614,0.3331471982,0.04713737965,0.05088692904
584,1.0,0.0,0.0,0.0,1.0,1.0,0.3202259163,0.3534612019,0.04977625608,0.05318200588
585,1.0,0.0,0.0,0.0,1.0,1.0,0.3286528819,0.362167358,0.05139237642,0.05481857061
586,1.0,0.0,0.0,0.0,1.0,1.0,0.3292278767,0.3639083759,0.05176907778,0.05520278215
587,1.0,0.0,0.0,0.0,1.0,1.0,0.3275481878,0.3656490998,0.05205094814,0.05605483055
588,1.0,0.0,0.0,0.0,1.0,1.0,0.320291179,0.356943533,0.05041342974,0.05410861969
589,1.0,0.0,0.0,0.0,1.0,1.0,0.3320292859,0.369131768,0.05180776119,0.05547094345
590,1.0,0.0,0.0,0.0,1.0,1.0,0.3292276443,0.3717220771,0.05270051956,0.05700260401
591,1.0,0.0,0.0,0.0,1.0,1.0,0.3370799035,0.3787362301,0.05247616768,0.05667430162
592,1.0,0.0,0.0,0.0,1.0,1.0,0.322843669,0.3619888551,0.04987192154,0.05438166857
593,1.0,0.0,0.0,0.0,1.0,1.0,0.3187874954,0.3519157719,0.04966342449,0.05369013548
594,1.0,0.0,0.0,0.0,1.0,1.0,0.3291056019,0.3637545872,0.04999136925,0.0542011857
595,1.0,0.0,0.0,0.0,1.0,1.0,0.3388814715,0.3721697786,0.05298137665,0.05728441477
596,1.0,0.0,0.0,0.0,1.0,1.0,0.3371820338,0.3747907516,0.05182540417,0.05660927296
597,1.0,0.0,0.0,0.0,1.0,1.0,0.3554716177,0.3942437006,0.05461853743,0.06015956402
598,1.0,0.0,0.0,0.0,1.0,1.0,0.3400521216,0.3743614398,0.05381220579,0.0595484972
599,1.0,0.0,0.0,0.0,1.0,1.0,0.3486028543,0.3863820193,0.05448579788,0.06039059162
600,1.0,0.0,0.0,0.0,1.0,1.0,0.3423215962,0.3760786022,0.05316704512,0.05851048231
601,1.0,0.0,0.0,0.0,1.0,1.0,0.3452932471,0.3795132631,0.0529936552,0.05885225534
602,1.0,0.0,0.0,0.0,1.0,1.0,0.3550876269,0.392637856,0.05567330122,0.06273430586
603,1.0,0.0,0.0,0.0,1.0,1.0,0.3580609873,0.3909382365,0.05584031343,0.0623459816
604,1.0,0.0,0.0,0.0,1.0,1.0,0.3637484612,0.3980828303,0.05561494827,0.06223577261
605,1.0,0.0,0.0,0.0,1.0,1.0,0.3653133164,0.4038148754,0.05596077442,0.06335180998
606,1.0,0.0,0.0,0.0,1.0,1.0,0.3684900783,0.4014707098,0.05617421865,0.06279850006
607,1.0,0.0,0.0,0.0,1.0,1.0,0.3715205803,0.4021322429,0.05845683813,0.06559234858
608,1.0,0.0,0.0,0.0,1.0,1.0,0.3643796202,0.3970845874,0.05629563332,0.06326562166
609,1.0,0.0,0.0,0.0,1.0,1.0,0.3782612139,0.4074908457,0.05842894316,0.06512951851
610,1.0,0.0,0.0,0.0,1.0,1.0,0.3717647118,0.4061276833,0.05746054649,0.06494379044
611,1.0,0.0,0.0,0.0,1.0,1.0,0.3833473195,0.415330997,0.05954867601,0.06672644615
612,1.0,0.0,0.0,0.0,1.0,1.0,0.366689637,0.3978038654,0.05619436502,0.06325125694
613,1.0,0.0,0.0,0.0,1.0,1.0,0.3648219152,0.391584561,0.0575530529,0.06397753954
614,1.0,0.0,0.0,0.0,1.0,1.0,0.36219109,0.3862975793,0.05646514893,0.0625910759
615,1.0,0.0,0.0,0.0,1.0,1.0,0.3623404963,0.3901474372,0.05558478832,0.06190723181
616,1.0,0.0,0.0,0.0,1.0,1.0,0.3571888261,0.3872010006,0.05474984646,0.06159359217
617,1.0,0.0,0.0,0.0,1.0,1.0,0.3606235177,0.3872008825,0.0568150878,0.06330817938
618,1.0,0.0,0.0,0.0,1.0,1.0,0.3624917518,0.3954022718,0.05558252335,0.06219953299
619,1.0,0.0,0.0,0.0,1.0,1.0,0.3626448299,0.3926377816,0.05497533083,0.06076216698
620,1.0,0.0,0.0,0.0,1.0,1.0,0.3516235634,0.3794489884,0.05430704355,0.05992496014
621,1.0,0.0,0.0,0.0,1.0,1.0,0.3425153426,0.3769522802,0.05171537399,0.05781513453
622,1.0,0.0,0.0,0.0,1.0,1.0,0.2779293665,0.2850396099,0.04040390253,0.04227697849
623,1.0,0.0,0.0,0.0,1.0,1.0,0.181543146,0.146534789,0.02611678839,0.0214432478
624,1.0,0.0,0.0,0.0,1.0,1.0,0.1694623088,0.09464438832,0.02418863773,0.01374357939
625,1.0,0.0,0.0,0.0,1.0,1.0,0.1725794024,0.1206873541,0.02475374937,0.01740920544
626,1.0,0.0,0.0,0.0,1.0,1.0,0.2357000955,0.2220984463,0.03483694792,0.03240650892
627,1.0,0.0,0.0,0.0,1.0,1.0,0.2963260018,0.30960942,0.04584896564,0.04639148712
628,1.0,0.0,0.0,0.0,1.0,1.0,0.3001795771,0.3265322203,0.04627281427,0.04841256142
629,1.0,0.0,0.0,0.0,1.0,1.0,0.3170644151,0.3499851803,0.0491309762,0.05180114508
630,1.0,0.0,0.0,0.0,1.0,1.0,0.316062592,0.3528494482,0.0491168499,0.05230283737
631,1.0,0.0,0.0,0.0,1.0,1.0,0.316518632,0.3469284311,0.04904484749,0.05144375563
632,1.0,0.0,0.0,0.0,1.0,1.0,0.300686539,0.3361431988,0.04664170742,0.04955685139
633,1.0,0.0,0.0,0.0,1.0,1.0,0.3102898081,0.344010923,0.04805475473,0.05044424534
634,1.0,0.0,0.0,0.0,1.0,1.0,0.3081755647,0.3433334598,0.04753321409,0.05015933514
635,1.0,0.0,0.0,0.0,1.0,1.0,0.3146390976,0.3455517051,0.04968386889,0.05180937052
636,1.0,0.0,0.0,0.0,1.0,1.0,0.3135831427,0.3414460618,0.04892289639,0.05023097992
637,1.0,0.0,0.0,0.0,1.0,1.0,0.3149150412,0.3366541839,0.04945665598,0.04997730255
638,1.0,0.0,0.0,0.0,1.0,1.0,0.3132580575,0.3372675227,0.04897814989,0.04949641228
639,1.0,0.0,0.0,0.0,1.0,1.0,0.323739398,0.3496282702,0.05074751377,0.05152827501
640,1.0,0.0,0.0,0.0,1.0,1.0,0.3110844431,0.3349195116,0.04946613312,0.04972928762
641,1.0,0.0,0.0,0.0,1.0,1.0,0.3409080337,0.3739047502,0.05351155996,0.05507773161
642,1.0,0.0,0.0,0.0,1.0,1.0,0.3359331167,0.3671785788,0.05359405279,0.0546605587
643,1.0,0.0,0.0,0.0,1.0,1.0,0.3365123843,0.3675482301,0.05260461569,0.05339366198
644,1.0,0.0,0.0,0.0,1.0,1.0,0.3331470004,0.3616161698,0.05241364241,0.05294579268
645,1.0,0.0,0.0,0.0,1.0,1.0,0.3297822522,0.362116433,0.05252099037,0.05359280109
646,1.0,0.0,0.0,0.0,1.0,1.0,0.3314900247,0.3653876143,0.0525764823,0.05362802744
647,1.0,0.0,0.0,0.0,1.0,1.0,0.3381445697,0.3738919142,0.05338442326,0.05469930172
648,1.0,0.0,0.0,0.0,1.0,1.0,0.3252822324,0.3592886489,0.05095463991,0.05201071501
649,1.0,0.0,0.0,0.0,1.0,1.0,0.3265175452,0.3613090657,0.05130791664,0.05234968662
650,1.0,0.0,0.0,0.0,1.0,1.0,0.3298650534,0.3632720903,0.0525482893,0.05359399319
651,1.0,0.0,0.0,0.0,1.0,1.0,0.3249416645,0.3582230708,0.05205518007,0.05258101225
652,1.0,0.0,0.0,0.0,1.0,1.0,0.3094298167,0.3427689748,0.04857778549,0.04935711622
653,1.0,0.0,0.0,0.0,1.0,1.0,0.3303940449,0.3635963799,0.05315834284,0.05395573378
654,1.0,0.0,0.0,0.0,1.0,1.0,0.329305465,0.3702967084,0.05216878653,0.05373382568
655,1.0,0.0,0.0,0.0,1.0,1.0,0.3287636021,0.3667017349,0.05275428295,0.05380940437
656,1.0,0.0,0.0,0.0,1.0,1.0,0.3359049707,0.3797880037,0.05412483215,0.05572462082
657,1.0,0.0,0.0,0.0,1.0,1.0,0.3303941102,0.375702756,0.05281001329,0.05439430475
658,1.0,0.0,0.0,0.0,1.0,1.0,0.3049704777,0.3453951311,0.04841530323,0.04946780205
659,1.0,0.0,0.0,0.0,1.0,1.0,0.1987838684,0.1739030827,0.02982395887,0.02402490377
660,1.0,0.0,0.0,0.0,1.0,1.0,0.1519298301,0.1159351614,0.02235013247,0.01561814547
661,1.0,0.0,0.0,0.0,1.0,1.0,0.1644419596,0.1294098815,0.02448624372,0.01768451929
662,1.0,0.0,0.0,0.0,1.0,1.0,0.1823799466,0.1479175959,0.02764725685,0.0204589963
663,1.0,0.0,0.0,0.0,1.0,1.0,0.2464377778,0.2422313084,0.03867691755,0.03411090374
664,1.0,0.0,0.0,0.0,1.0,1.0,0.2778107714,0.3051733834,0.04432570934,0.0432446599
665,1.0,0.0,0.0,0.0,1.0,1.0,0.2898885943,0.3173132058,0.04603165388,0.04469352961
666,1.0,0.0,0.0,0.0,1.0,1.0,0.2908696743,0.3223388616,0.04632765055,0.04551959038
667,1.0,0.0,0.0,0.0,1.0,1.0,0.2800449299,0.3051734401,0.04474854469,0.04287290573
668,1.0,0.0,0.0,0.0,1.0,1.0,0.2791831432,0.3085398342,0.04507666826,0.04347628355
669,1.0,0.0,0.0,0.0,1.0,1.0,0.2904782171,0.3300045127,0.04664236307,0.0461153388
670,1.0,0.0,0.0,0.0,1.0,1.0,0.2911632404,0.3381573547,0.04754024744,0.04807442427
671,1.0,0.0,0.0,0.0,1.0,1.0,0.2943340288,0.3443770788,0.04798471928,0.04851204157
672,1.0,0.0,0.0,0.0,1.0,1.0,0.294144799,0.3456715235,0.04747897387,0.04826587439
673,1.0,0.0,0.0,0.0,1.0,1.0,0.2901608831,0.3430921562,0.04751634598,0.04857224226
674,1.0,0.0,0.0,0.0,1.0,1.0,0.286952092,0.3369327237,0.04639995098,0.04692721367
675,1.0,0.0,0.0,0.0,1.0,1.0,0.2904779939,0.3407191974,0.04704171419,0.04783910513
676,1.0,0.0,0.0,0.0,1.0,1.0,0.2867249283,0.3350400174,0.04618650675,0.04671436548
677,1.0,0.0,0.0,0.0,1.0,1.0,0.2892692465,0.3482905092,0.04670751095,0.04828196764
678,1.0,0.0,0.0,0.0,1.0,1.0,0.2968638593,0.3583266363,0.04775965214,0.04908627272
679,1.0,0.0,0.0,0.0,1.0,1.0,0.3003249892,0.3674991169,0.04851543903,0.05010610819
680,1.0,0.0,0.0,0.0,1.0,1.0,0.3013141105,0.3654081158,0.0485008359,0.0490309
681,1.0,0.0,0.0,0.0,1.0,1.0,0.3038172742,0.3833202271,0.04891037941,0.05104851723
682,1.0,0.7853981853,0.0,0.0,1.0,1.0,0.3018117652,0.3985377268,0.04898571968,0.05166250467
683,1.0,0.7853981853,0.0,0.0,1.0,1.0,0.3139161087,0.4049466931,0.04979145527,0.050598979
684,1.0,0.7853981853,0.0,0.0,1.0,1.0,0.2964444987,0.3935852933,0.04888236523,0.04972034693
685,1.0,0.7853981853,0.0,0.0,1.0,1.0,0.2931698425,0.4011212211,0.04896920919,0.04980385303
686,1.0,0.7853981853,0.0,0.0,1.0,1.0,0.2915036079,0.3984258255,0.04840993881,0.04896318913
687,1.0,0.7853981853,0.0,0.0,1.0,1.0,0.3009968671,0.4179485009,0.05036514997,0.05119991302
688,1.0,0.7853981853,0.0,0.0,1.0,1.0,0.2984908303,0.411398283,0.04989206791,0.04961180687
689,1.0,0.7853981853,0.0,0.0,1.0,1.0,0.2891785494,0.3978820523,0.04882192612,0.04796540737
690,1.0,0.7853981853,0.0,0.0,1.0,1.0,0.2923539269,0.4112537162,0.0488936305,0.0488936305
691,1.0,0.7853981853,0.0,0.0,1.0,1.0,0.2938530083,0.4128131825,0.04834198952,0.04806095362
692,1.0,0.7853981853,0.0,0.0,1.0,1.0,0.2855551315,0.3973393212,0.04784166813,0.04697704315
693,1.0,0.7853981853,0.0,0.0,1.0,1.0,0.304328432,0.4205574201,0.05029290915,0.04857838154
694,1.0,0.7853981853,0.0,0.0,1.0,1.0,0.3003505209,0.4111005033,0.04968672991,0.04768782854
695,1.0,0.7853981853,0.0,0.0,1.0,1.0,0.29726972,0.4164341451,0.04958605766,0.04844617844
696,1.0,0.7853981853,0.0,0.0,1.0,1.0,0.2956098835,0.4113865804,0.04910153151,0.04764014482
697,1.0,0.7853981853,0.0,0.0,1.0,1.0,0.3033392032,0.4168529538,0.04961174726,0.04760438204
698,1.0,0.7853981853,0.0,0.0,1.0,1.0,0.3093922114,0.4297602261,0.05117350817,0.04944860935
699,1.0,0.7853981853,0.0,0.0,1.0,1.0,0.3036498929,0.4243856391,0.05061233044,0.04887700081
700,1.0,0.7853981853,0.0,0.0,1.0,1.0,0.3158858227,0.4378740764,0.05224841833,0.05053532124
701,1.0,0.7853981853,0.0,0.0,1.0,1.0,0.3147032484,0.4279792492,0.05262112617,0.0500190258
702,1.0,0.7853981853,0.0,0.0,1.0,1.0,0.3012254418,0.4176772875,0.05049091578,0.04903167486
703,1.0,0.7853981853,0.0,0.0,1.0,1.0,0.3129740644,0.440640743,0.05172079802,0.05114930868
704,1.0,0.7853981853,0.0,0.0,1.0,1.0,0.3121063559,0.432926509,0.05147325993,0.05060571432
705,1.0,0.7853981853,0.0,0.0,1.0,1.0,0.3115599834,0.4455639747,0.05115789175,0.05202007294
706,1.0,0.7853981853,0.0,0.0,1.0,1.0,0.3103530133,0.4339044188,0.05111938715,0.05140823126
707,1.0,0.7853981853,0.0,0.0,1.0,1.0,0.3003594865,0.4119650535,0.04921841621,0.04864275455
708,1.0,0.7853981853,0.0,0.0,1.0,1.0,0.308190292,0.430048187,0.0515692234,0.05215191841
709,1.0,0.7853981853,0.0,0.0,1.0,1.0,0.3072550672,0.430711815,0.05131882429,0.05218374729
710,1.0,0.7853981853,0.0,0.0,1.0,1.0,0.3112449592,0.4351638212,0.05209904909,0.0526779294
711,1.0,0.7853981853,0.0,0.0,1.0,1.0,0.312646152,0.4343370491,0.05129301548,0.0521338582
712,1.0,0.7853981853,0.0,0.0,1.0,1.0,0.3087013518,0.4343370273,0.05059963465,0.05199742317
713,1.0,0.7853981853,0.0,0.0,1.0,1.0,0.3020386598,0.4171979799,0.04961162806,0.05072641373
714,1.0,0.7853981853,0.0,0.0,1.0,1.0,0.2874649802,0.3988803898,0.04708790779,0.04873049259
715,1.0,0.7853981853,0.0,0.0,1.0,1.0,0.2848491925,0.385749303,0.04765897989,0.04848539829
716,1.0,0.7853981853,0.0,0.0,1.0,1.0,0.2850919481,0.3891445879,0.04952895641,0.05149888992
717,1.0,0.7853981853,0.0,0.0,1.0,1.0,0.2855546395,0.3742766632,0.04746568203,0.04908388853
718,1.0,0.7853981853,0.0,0.0,1.0,1.0,0.2874211512,0.3656493097,0.04779714346,0.04888343811
719,1.0,0.7853981853,0.0,0.0,1.0,1.0,0.2995120167,0.3816767199,0.05029273033,0.05217540264
720,1.0,0.7853981853,0.0,0.0,1.0,1.0,0.2935760803,0.3694437152,0.04863357544,0.05049389601
721,1.0,0.7853981853,0.0,0.0,1.0,1.0,0.1888027481,0.2100867977,0.02989321947,0.02824771404
722,1.0,0.0,0.0,0.0,1.0,1.0,0.1435464521,0.1553756791,0.02198338509,0.02033466101
723,1.0,0.0,0.0,0.0,1.0,1.0,0.1340932955,0.142777112,0.02071934938,0.01933801174
724,1.0,0.0,0.0,0.0,1.0,1.0,0.1741986682,0.1893471466,0.02694004774,0.02639573812
725,1.0,0.0,0.0,0.0,1.0,1.0,0.2615988908,0.2968819477,0.04141366482,0.04274100065
726,1.0,0.0,0.0,0.0,1.0,1.0,0.3066277274,0.3325545781,0.04836416245,0.04888707399
727,1.0,0.0,0.0,0.0,1.0,1.0,0.3260125701,0.3422749836,0.05177861452,0.05230164528
728,1.0,0.0,0.0,0.0,1.0,1.0,0.3436619871,0.3610995595,0.054887712,0.05594831705
729,1.0,0.0,0.0,0.0,1.0,1.0,0.3211880384,0.3360489613,0.05121546984,0.05257755518
730,1.0,0.0,0.0,0.0,1.0,1.0,0.3251607519,0.3366175188,0.05187922716,0.05297142267
731,1.0,0.0,0.0,0.0,1.0,1.0,0.3145098702,0.3255224665,0.04822486639,0.04956442118
732,1.0,0.0,0.0,0.0,1.0,1.0,0.3181614469,0.3273433034,0.04940187931,0.0504758358
733,1.0,0.0,0.0,0.0,1.0,1.0,0.3171472686,0.3239569677,0.050162673,0.05097609758
734,1.0,0.0,0.0,0.0,1.0,1.0,0.3131813901,0.3233486882,0.04951405525,0.05059629679
735,1.0,0.0,0.0,0.0,1.0,1.0,0.31445005,0.3234493392,0.04916584492,0.05022889376
736,1.0,0.0,0.0,0.0,1.0,1.0,0.3161500422,0.3239572769,0.04988127947,0.05041766167
737,1.0,0.0,0.0,0.0,1.0,1.0,0.3269363252,0.336581625,0.05118471384,0.05198025703
738,1.0,0.0,0.0,0.0,1.0,1.0,0.3139164231,0.3227364262,0.04909271002,0.0493580699
739,1.0,0.0,0.0,0.0,1.0,1.0,0.3150785667,0.3262068061,0.04969763756,0.0502319932
740,1.0,0.0,0.0,0.0,1.0,1.0,0.3180040624,0.3331473479,0.05065762997,0.05146175623
741,1.0,0.0,0.0,0.0,1.0,1.0,0.3184660554,0.3325668523,0.04987585545,0.05067175627
742,1.0,0.0,0.0,0.0,1.0,1.0,0.3252418292,0.3360490836,0.05097961426,0.05124515295
743,1.0,0.0,0.0,0.0,1.0,1.0,0.3173099608,0.3290843217,0.04978430271,0.050316751
744,1.0,0.0,0.0,0.0,1.0,1.0,0.3263485032,0.3377907134,0.05158704519,0.05212444067
745,1.0,0.0,0.0,0.0,1.0,1.0,0.3302950375,0.3407188476,0.05191016197,0.05244809389
746,1.0,0.0,0.0,0.0,1.0,1.0,0.3228964952,0.3390333181,0.05145812035,0.0522749424
747,1.0,0.0,0.0,0.0,1.0,1.0,0.3187877116,0.3361111568,0.05012184381,0.05120551586
748,1.0,0.0,0.0,0.0,1.0,1.0,0.3147982172,0.3278311732,0.04912906885,0.0496660471
749,1.0,0.0,0.0,0.0,1.0,1.0,0.3100520275,0.3259829081,0.04877442122,0.04959189892
750,1.0,0.0,0.0,0.0,1.0,1.0,0.3291266085,0.3420074524,0.05168324709,0.05222439766
751,1.0,0.0,0.0,0.0,1.0,1.0,0.330309492,0.3460967419,0.05205315351,0.05258983374
752,1.0,0.0,0.0,0.0,1.0,1.0,0.3354174354,0.3494554161,0.05304515362,0.05385297537
753,1.0,0.0,0.0,0.0,1.0,1.0,0.3337177243,0.346637525,0.05226027966,0.05279630423
754,1.0,0.0,0.0,0.0,1.0,1.0,0.3285600392,0.3471744827,0.05132627487,0.05320733786
755,1.0,0.0,0.0,0.0,1.0,1.0,0.3285125429,0.3402356447,0.05096995831,0.05177897215
756,1.0,0.0,0.0,0.0,1.0,1.0,0.3349008167,0.3605129709,0.05162596703,0.05459916592
757,1.0,0.0,0.0,0.0,1.0,1.0,0.3290631209,0.3414465154,0.05139648914,0.05249005556
758,1.0,0.0,0.0,0.0,1.0,1.0,0.3366543119,0.3561841978,0.0523520112,0.05480599403
759,1.0,0.0,0.0,0.0,1.0,1.0,0.3343081389,0.3536755707,0.05217307806,0.05461865664
760,1.0,0.0,0.0,0.0,1.0,1.0,0.3401611,0.36295514,0.05191189051,0.05539047718
761,1.0,0.0,0.0,0.0,1.0,1.0,0.345421192,0.3669280319,0.05295491219,0.0564494133
762,1.0,0.0,0.0,0.0,1.0,1.0,0.3465668251,0.3699690939,0.05373823643,0.05726647377
763,1.0,0.0,0.0,0.0,1.0,1.0,0.3448779002,0.3569435455,0.05349326134,0.05594956875
764,1.0,0.0,0.0,0.0,1.0,1.0,0.3425150785,0.3591743489,0.05273777246,0.05598318577
765,1.0,0.0,0.0,0.0,1.0,1.0,0.3508677591,0.3635900992,0.05378729105,0.05731880665
766,1.0,0.0,0.0,0.0,1.0,1.0,0.3556732962,0.3635899251,0.05444860458,0.05744326115
767,1.0,0.0,0.0,0.0,1.0,1.0,0.3552770362,0.3648482783,0.05411732197,0.05767053366
768,1.0,0.0,0.0,0.0,1.0,1.0,0.3624546807,0.3679452574,0.05459618568,0.05810981989
769,1.0,0.0,0.0,0.0,1.0,1.0,0.3687777605,0.3680377006,0.05585175753,0.05881977081
770,1.0,0.0,0.0,0.0,1.0,1.0,0.374122827,0.3739519929,0.05701589584,0.06054538488
771,1.0,0.0,0.0,0.0,1.0,1.0,0.3779249773,0.3752113602,0.05689179897,0.06012737751
772,1.0,0.0,0.0,0.0,1.0,1.0,0.3769117409,0.3727017044,0.05666393042,0.05988657475
773,1.0,0.0,0.0,0.0,1.0,1.0,0.3761340514,0.3710304365,0.05610078573,0.05930656195
774,1.0,0.0,0.0,0.0,1.0,1.0,0.37479041,0.3731249916,0.05572754145,0.05944275856
775,1.0,0.0,0.0,0.0,1.0,1.0,0.3782639813,0.3697937856,0.0556640625,0.05856603384
776,1.0,0.0,0.0,0.0,1.0,1.0,0.3798947191,0.3760276627,0.05682867765,0.06054639816
777,1.0,0.0,0.0,0.0,1.0,1.0,0.3788848757,0.3686466918,0.05737107992,0.06032007933
778,1.0,0.0,0.0,0.0,1.0,1.0,0.3750117587,0.3670082647,0.05643391609,0.05962830782
779,1.0,0.0,0.0,0.0,1.0,1.0,0.3734566261,0.3677811144,0.05560028553,0.05904221535
780,1.0,0.0,0.0,0.0,1.0,1.0,0.3763443327,0.3653695111,0.05696320534,0.05991876125
781,1.0,0.0,0.0,0.0,1.0,1.0,0.3811579437,0.3707083705,0.05871766806,0.06142359972
782,1.0,0.0,0.0,0.0,1.0,1.0,0.3889626272,0.375194787,0.06014376879,0.06257104874
783,1.0,0.0,0.0,0.0,1.0,1.0,0.3952296241,0.3788208166,0.06151139736,0.06396102905
784,1.0,0.0,0.0,0.0,1.0,1.0,0.3851379642,0.3739845479,0.05896693468,0.06190192699
785,1.0,0.0,0.0,0.0,1.0,1.0,0.3871079859,0.3747910267,0.06193846464,0.06503540277
786,1.0,0.0,0.0,0.0,1.0,1.0,0.3772141315,0.3625425499,0.05755937099,0.05971115828
787,1.0,0.0,0.0,0.0,1.0,1.0,0.387163199,0.3755965247,0.05869007111,0.06187683344
788,1.0,0.0,0.0,0.0,1.0,1.0,0.3987273595,0.3792094471,0.05963534117,0.06172782183
789,1.0,0.0,0.0,0.0,1.0,1.0,0.392353733,0.381663909,0.05904066563,0.06276398897
790,1.0,0.0,0.0,0.0,1.0,1.0,0.3983543039,0.3792096157,0.06019276381,0.06341737509
791,1.0,0.0,0.0,0.0,1.0,1.0,0.3907727636,0.3739845188,0.06093418598,0.06514620781
792,1.0,0.0,0.0,0.0,1.0,1.0,0.3954234825,0.3747908292,0.05800396204,0.06146293879
793,1.0,0.0,0.0,0.0,1.0,1.0,0.3931930512,0.3764130165,0.0574439168,0.06198596954
794,1.0,0.0,0.0,0.0,1.0,1.0,0.3081282892,0.261022404,0.04356086254,0.0424438715
795,1.0,0.0,0.0,0.0,1.0,1.0,0.2193131141,0.1209288802,0.02974373102,0.01926261187
796,1.0,0.0,0.0,0.0,1.0,1.0,0.2164932375,0.1321728951,0.02968233824,0.02103704214
797,1.0,0.0,0.0,0.0,1.0,1.0,0.2581202792,0.1858609369,0.03510189056,0.02976638079
798,1.0,0.0,0.0,0.0,1.0,1.0,0.3123871363,0.2540667801,0.04378807545,0.04184812307
799,1.0,0.0,0.0,0.0,1.0,1.0,0.346034674,0.3071374032,0.0502705574,0.05195564032
800,1.0,0.0,0.0,0.0,1.0,1.0,0.3681649247,0.3336950882,0.05230033398,0.05558615923
801,1.0,0.0,0.0,0.0,1.0,1.0,0.3751515191,0.3407933252,0.05560433865,0.05931127071
802,1.0,0.0,0.0,0.0,1.0,1.0,0.3802757312,0.3392149362,0.05435079336,0.05713802576
803,1.0,0.0,0.0,0.0,1.0,1.0,0.3767429478,0.3375599435,0.0532258153,0.05625939369
804,1.0,0.0,0.0,0.0,1.0,1.0,0.387259107,0.3496398068,0.05397796631,0.05779463053
805,1.0,0.0,0.0,0.0,1.0,1.0,0.382225724,0.3474879556,0.05479413271,0.0587079525
806,1.0,0.0,0.0,0.0,1.0,1.0,0.3865671686,0.3501336653,0.05473798513,0.05858898163
807,1.0,0.0,0.0,0.0,1.0,1.0,0.3850706869,0.351111194,0.0550366044,0.05946165323
808,1.0,0.0,0.0,0.0,1.0,1.0,0.3799049375,0.3408692013,0.05440539122,0.05747437477
809,1.0,0.0,0.0,0.0,1.0,1.0,0.3818531533,0.3430424713,0.05376672745,0.05705851316
810,1.0,0.0,0.0,0.0,1.0,1.0,0.3716122912,0.3287200256,0.05206602812,0.05425828695
811,1.0,0.0,0.0,0.0,1.0,1.0,0.3800009563,0.3408690253,0.0543563962,0.05712968111
812,1.0,0.0,0.0,0.0,1.0,1.0,0.367102646,0.3271199782,0.05263906717,0.05484384298
813,1.0,0.0,0.0,0.0,1.0,1.0,0.3637852825,0.3243224453,0.05200737715,0.05422049761
814,1.0,0.0,0.0,0.0,1.0,1.0,0.3613368076,0.3249011698,0.0513445735,0.05380254984
815,1.0,0.0,0.0,0.0,1.0,1.0,0.3627462896,0.3277392281,0.05229991674,0.05502390862
816,1.0,0.0,0.0,0.0,1.0,1.0,0.3703036625,0.334229236,0.05316025019,0.05587255955
817,1.0,0.0,0.0,0.0,1.0,1.0,0.371930027,0.3385735198,0.0528216362,0.05634307861
818,1.0,0.0,0.0,0.0,1.0,1.0,0.3703759079,0.3380465768,0.05256432295,0.05608665943
819,1.0,0.0,0.0,0.0,1.0,1.0,0.3709469559,0.341914264,0.05282473564,0.05693024397
820,1.0,0.0,0.0,0.0,1.0,1.0,0.370022569,0.3380466468,0.05291211605,0.05645775795
821,1.0,0.0,0.0,0.0,1.0,1.0,0.3658335423,0.3293242406,0.05325990915,0.05518162251
822,1.0,0.0,0.0,0.0,1.0,1.0,0.3601419391,0.3243222033,0.05178129673,0.05369913578
823,1.0,0.0,0.0,0.0,1.0,1.0,0.3632604737,0.3281994921,0.05162709951,0.05378949642
824,1.0,0.0,0.0,0.0,1.0,1.0,0.3627533269,0.3342396239,0.05268657207,0.05540239811
825,1.0,0.0,0.0,0.0,1.0,1.0,0.3597246608,0.3380950862,0.05260264874,0.05558532476
826,1.0,0.0,0.0,0.0,1.0,1.0,0.3572079814,0.3331470614,0.05187726021,0.05429637432
827,1.0,0.0,0.0,0.0,1.0,1.0,0.3605758966,0.3369827297,0.05239391327,0.05508071184
828,1.0,0.0,0.0,0.0,1.0,1.0,0.357207803,0.3425242994,0.05159819126,0.05534112453
829,1.0,0.0,0.0,0.0,1.0,1.0,0.3617720499,0.349142993,0.05282980204,0.05629849434
830,1.0,0.0,0.0,0.0,1.0,1.0,0.3582557109,0.3482903692,0.05217385292,0.05538457632
831,1.0,0.0,0.0,0.0,1.0,1.0,0.3514520327,0.3410257542,0.05163222551,0.05432140827
832,1.0,0.0,0.0,0.0,1.0,1.0,0.3498046383,0.3400163395,0.0512893796,0.05373173952
833,1.0,0.0,0.0,0.0,1.0,1.0,0.3462488168,0.3360491651,0.05058300495,0.0527703166
834,1.0,0.0,0.0,0.0,1.0,1.0,0.3380736855,0.3319822405,0.05003911257,0.05195313692
835,1.0,0.0,0.0,0.0,1.0,1.0,0.2589027389,0.2355827634,0.03749078512,0.0363881588
836,1.0,0.0,0.0,0.0,1.0,1.0,0.1822513646,0.1419869028,0.02604043484,0.02156031132
837,1.0,0.0,0.0,0.0,1.0,1.0,0.1669046172,0.1315053125,0.02409547567,0.02007955313
838,1.0,0.0,0.0,0.0,1.0,1.0,0.1593597053,0.1249304335,0.02263003588,0.01871871948
839,1.0,0.0,0.0,0.0,1.0,1.0,0.1964220942,0.1684042209,0.02839577198,0.02561187744
840,1.0,0.0,0.0,0.0,1.0,1.0,0.2484699897,0.2436362354,0.03664594889,0.03746634722
841,1.0,0.0,0.0,0.0,1.0,1.0,0.3104881711,0.3041006273,0.04576146603,0.04630303383
842,1.0,0.0,0.0,0.0,1.0,1.0,0.3373568023,0.3331472638,0.05094140768,0.05175864697
843,1.0,0.0,0.0,0.0,1.0,1.0,0.3403118437,0.3349009151,0.05139994621,0.0516704917
844,1.0,0.0,0.0,0.0,1.0,1.0,0.3444502558,0.3389712901,0.05283659697,0.0531103611
845,1.0,0.0,0.0,0.0,1.0,1.0,0.3379153325,0.3337296281,0.05135774612,0.05190116167
846,1.0,0.0,0.0,0.0,1.0,1.0,0.3349195227,0.3319822691,0.05067074299,0.05093878508
847,1.0,0.0,0.0,0.0,1.0,1.0,0.3278870622,0.3279419138,0.04975664616,0.05028879642
848,1.0,0.0,0.0,0.0,1.0,1.0,0.3360956824,0.3407989288,0.05092674494,0.0517308116
849,1.0,0.0,0.0,0.0,1.0,1.0,0.3331472449,0.3360801357,0.05054402351,0.0510789156
850,1.0,0.0,0.0,0.0,1.0,1.0,0.3278871444,0.3343326701,0.04962044954,0.04988574982
851,1.0,0.0,0.0,0.0,1.0,1.0,0.3285121946,0.3372674688,0.0500574708,0.05058717728
852,1.0,0.0,0.0,0.0,1.0,1.0,0.3261703031,0.3385206501,0.049672544,0.0502038002
853,1.0,0.0,0.0,0.0,1.0,1.0,0.319751691,0.3331474759,0.0486343503,0.04943162203
854,1.0,0.0,0.0,0.0,1.0,1.0,0.3123252993,0.3277736738,0.04757887125,0.04837185144
855,1.0,0.0,0.0,0.0,1.0,1.0,0.3136179158,0.3266032302,0.04781031609,0.04807299376
856,1.0,0.0,0.0,0.0,1.0,1.0,0.3136178688,0.3289528946,0.04805505276,0.04831910133
857,1.0,0.0,0.0,0.0,1.0,1.0,0.3158855627,0.3307505614,0.04838317633,0.04864758253
858,1.0,0.0,0.0,0.0,1.0,1.0,0.3216793269,0.3361432468,0.04942053556,0.04942053556
859,1.0,0.0,0.0,0.0,1.0,1.0,0.314257841,0.3343452741,0.04843300581,0.04922688007
860,1.0,0.0,0.0,0.0,1.0,1.0,0.3187874426,0.339738486,0.04867088795,0.04972326756
861,1.0,0.0,0.0,0.0,1.0,1.0,0.3210641017,0.3355525552,0.0489282608,0.0489282608
862,1.0,0.0,0.0,0.0,1.0,1.0,0.3232975622,0.3391608661,0.04930394888,0.04983413219
863,1.0,0.0,0.0,0.0,1.0,1.0,0.3216790429,0.3391609562,0.04926806688,0.04953157902
864,1.0,0.0,0.0,0.0,1.0,1.0,0.3308500131,0.3523213712,0.05081021786,0.05186873674
865,1.0,0.0,0.0,0.0,1.0,1.0,0.3233490733,0.3409650191,0.04944396019,0.0499727726
866,1.0,0.0,0.0,0.0,1.0,1.0,0.3147030918,0.3307502073,0.0481851697,0.04871463776
867,1.0,0.0,0.0,0.0,1.0,1.0,0.2431075947,0.245216339,0.03668493032,0.0358697176
868,1.0,0.0,0.0,0.0,1.0,1.0,0.1684668358,0.1573922125,0.02424353361,0.02179187536
869,1.0,0.0,0.0,0.0,1.0,1.0,0.1487721181,0.1385946599,0.02092713118,0.01904904842
870,1.0,0.0,0.0,0.0,1.0,1.0,0.1946475796,0.1781951245,0.02803117037,0.02479684353
871,1.0,0.0,0.0,0.0,1.0,1.0,0.2507561417,0.2563622331,0.03804051876,0.03749704361
872,1.0,0.0,0.0,0.0,1.0,1.0,0.2932393816,0.2983945031,0.04509145021,0.04429095984
873,1.0,0.0,0.0,0.0,1.0,1.0,0.3124333763,0.3241916413,0.04798090458,0.04798090458
874,1.0,0.0,0.0,0.0,1.0,1.0,0.3194093897,0.3301726977,0.04920727015,0.04894268513
875,1.0,0.0,0.0,0.0,1.0,1.0,0.3233995049,0.3361114968,0.05023020506,0.05049741268
876,1.0,0.0,0.0,0.0,1.0,1.0,0.3112448473,0.3194646108,0.04791015387,0.04764401913
877,1.0,0.0,0.0,0.0,1.0,1.0,0.3216795823,0.3289976018,0.04998886585,0.04945415258
878,1.0,0.0,0.0,0.0,1.0,1.0,0.3169808346,0.3283881082,0.04889971018,0.0491669178
879,1.0,0.0,0.0,0.0,1.0,1.0,0.3187875748,0.330776158,0.04927802086,0.04954439402
880,1.0,0.0,0.0,0.0,1.0,1.0,0.3147984612,0.3301728586,0.04859262705,0.04912370443
881,1.0,0.0,0.0,0.0,1.0,1.0,0.3165187163,0.3272195358,0.04924070835,0.04924070835
882,1.0,0.0,0.0,0.0,1.0,1.0,0.3170641744,0.3277736179,0.04908442497,0.04881763458
883,1.0,0.0,0.0,0.0,1.0,1.0,0.3175312734,0.3283881326,0.04875302315,0.04901939631
884,1.0,0.0,0.0,0.0,1.0,1.0,0.3291056986,0.3361113049,0.05051916838,0.05025327206
885,1.0,0.0,0.0,0.0,1.0,1.0,0.3256413008,0.3355267637,0.05023223162,0.05023223162
886,1.0,0.0,0.0,0.0,1.0,1.0,0.3256410688,0.3343328836,0.05017411709,0.05017417669
887,1.0,0.0,0.0,0.0,1.0,1.0,0.3348735583,0.3473236187,0.05204290152,0.05257940292
888,1.0,0.0,0.0,0.0,1.0,1.0,0.3203786646,0.3277737099,0.04938912392,0.0491206646
889,1.0,0.0,0.0,0.0,1.0,1.0,0.3105905661,0.3248186712,0.04761737585,0.04841542244
890,1.0,0.0,0.0,0.0,1.0,1.0,0.3227361916,0.3343458789,0.04937463999,0.04937469959
891,1.0,0.0,0.0,0.0,1.0,1.0,0.3365467723,0.3466373275,0.05285799503,0.05259102583
892,1.0,0.0,0.0,0.0,1.0,1.0,0.3212492451,0.3302040633,0.04972094297,0.04919475317
893,1.0,0.0,0.0,0.0,1.0,1.0,0.3303242531,0.3413586757,0.05222523212,0.05195736885
894,1.0,0.0,0.0,0.0,1.0,1.0,0.3291881884,0.3402356172,0.05029290915,0.04977440834
895,1.0,0.0,0.0,0.0,1.0,1.0,0.3353947823,0.3442136839,0.05239123106,0.05186468363
896,1.0,0.0,0.0,0.0,1.0,1.0,0.3325900311,0.3464962421,0.05154210329,0.05154210329
897,1.0,0.0,0.0,0.0,1.0,1.0,0.3309190441,0.3447553111,0.05135345459,0.05135345459
898,1.0,0.0,0.0,0.0,1.0,1.0,0.3458967278,0.3584206377,0.05450117588,0.05450117588
899,1.0,0.0,0.0,0.0,1.0,1.0,0.3448658563,0.3557041931,0.05409163237,0.05382907391
900,1.0,0.0,0.0,0.0,1.0,1.0,0.3381949161,0.3482376845,0.05236053467,0.05210006237
901,1.0,0.0,0.0,0.0,1.0,1.0,0.3309185858,0.3435581742,0.05233812332,0.05233818293
902,1.0,0.0,0.0,0.0,1.0,1.0,0.328124958,0.3400877947,0.05093866587,0.05093866587
903,1.0,0.0,0.0,0.0,1.0,1.0,0.3231025733,0.3325729586,0.05149674416,0.05149674416
904,1.0,0.0,0.0,0.0,1.0,1.0,0.3275483346,0.3354525296,0.05202388763,0.05175703764
905,1.0,0.0,0.0,0.0,1.0,1.0,0.3292479064,0.339465592,0.05258727074,0.05258721113
906,1.0,0.0,0.0,0.0,1.0,1.0,0.3264168521,0.3366174145,0.05145794153,0.05145794153
907,1.0,0.0,0.0,0.0,1.0,1.0,0.3381949883,0.3487636143,0.05393087864,0.05393087864
908,1.0,0.0,0.0,0.0,1.0,1.0,0.3246918985,0.3377907499,0.05057483912,0.05110168457
909,1.0,0.0,0.0,0.0,1.0,1.0,0.3337118614,0.3447550537,0.05207914114,0.05234348774
910,1.0,0.0,0.0,0.0,1.0,1.0,0.3308850263,0.3377903788,0.05173563957,0.05147027969
911,1.0,0.0,0.0,0.0,1.0,1.0,0.3246918963,0.3319822078,0.05076724291,0.0502383709
912,1.0,0.0,0.0,0.0,1.0,1.0,0.3263828741,0.3343079516,0.05100256205,0.05073827505
913,1.0,0.0,0.0,0.0,1.0,1.0,0.324648541,0.3308259878,0.05134278536,0.05107402802
914,1.0,0.0,0.0,0.0,1.0,1.0,0.3194797873,0.3278872052,0.04915928841,0.04915928841
915,1.0,0.0,0.0,0.0,1.0,1.0,0.3245609443,0.3325606409,0.04988723993,0.04988723993
916,1.0,0.0,0.0,0.0,1.0,1.0,0.3222899138,0.3261337136,0.04879081249,0.04827177525
917,1.0,0.0,0.0,0.0,1.0,1.0,0.3217382771,0.3284880191,0.0499791503,0.0499791503
918,1.0,0.0,0.0,0.0,1.0,1.0,0.3182389494,0.3255226176,0.0488781333,0.0488781333
919,1.0,0.0,0.0,0.0,1.0,1.0,0.3251609318,0.3331469303,0.05070728064,0.05070722103
920,1.0,0.0,0.0,0.0,1.0,1.0,0.3152482467,0.3226270025,0.04803311825,0.04856103659
921,1.0,0.0,0.0,0.0,1.0,1.0,0.3239570579,0.3302351807,0.04913568497,0.04939705133
922,1.0,0.0,0.0,0.0,1.0,1.0,0.3216198837,0.3261335216,0.04970508814,0.04970502853
923,1.0,0.0,0.0,0.0,1.0,1.0,0.3232976307,0.3296402185,0.04955327511,0.05008608103
924,1.0,0.0,0.0,0.0,1.0,1.0,0.322119981,0.3331474998,0.04917740822,0.05050653219
925,1.0,0.0,0.0,0.0,1.0,1.0,0.3165185323,0.3227366869,0.04856872559,0.04909670353
926,1.0,0.0,0.0,0.0,1.0,1.0,0.3162569967,0.3197513149,0.04851520061,0.04905122519
927,1.0,0.0,0.0,0.0,1.0,1.0,0.326170316,0.330849908,0.04990446568,0.05123883486
928,1.0,0.0,0.0,0.0,1.0,1.0,0.3285121387,0.3371818156,0.04993706942,0.05152237415
929,1.0,0.0,0.0,0.0,1.0,1.0,0.3144113028,0.3238609286,0.04716646671,0.04901099205
930,1.0,0.0,0.0,0.0,1.0,1.0,0.3107806561,0.3203788275,0.04650402069,0.04861783981
931,1.0,0.0,0.0,0.0,1.0,1.0,0.3190456381,0.3274035582,0.04914146662,0.05158501863
932,1.0,0.0,0.0,0.0,1.0,1.0,0.3185609336,0.3325727135,0.04883271456,0.05178415775
933,1.0,0.0,0.0,0.0,1.0,1.0,0.3146070985,0.3274035052,0.04780972004,0.05018699169
934,1.0,0.0,0.0,0.0,1.0,1.0,0.3214985791,0.3325727288,0.04988384247,0.05232381821
935,1.0,0.0,0.0,0.0,1.0,1.0,0.3209375464,0.3377426261,0.04998975992,0.05325001478
936,1.0,0.0,0.0,0.0,1.0,1.0,0.3232974087,0.3337179555,0.04967439175,0.05207806826
937,1.0,0.0,0.0,0.0,1.0,1.0,0.3115595343,0.3250780962,0.04817396402,0.05088043213
938,1.0,0.0,0.0,0.0,1.0,1.0,0.3158855636,0.329712744,0.04940366745,0.05183339119
939,1.0,0.0,0.0,0.0,1.0,1.0,0.3128685842,0.3302651101,0.0488768816,0.05186378956
940,1.0,0.0,0.0,0.0,1.0,1.0,0.3198213273,0.3314300556,0.04959869385,0.0520247221
941,1.0,0.0,0.0,0.0,1.0,1.0,0.3226270517,0.3394653992,0.04897063971,0.05243045092
942,1.0,0.0,0.0,0.0,1.0,1.0,0.3150605205,0.3291261873,0.04852825403,0.05149382353
943,1.0,0.0,0.0,0.0,1.0,1.0,0.3185610802,0.3319945448,0.04901981354,0.05171322823
944,1.0,0.0,0.0,0.0,1.0,1.0,0.3161681602,0.3308496431,0.04818761349,0.05140006542
945,1.0,0.0,0.0,0.0,1.0,1.0,0.3080590386,0.3268072156,0.04713392258,0.05061542988
946,1.0,0.0,0.0,0.0,1.0,1.0,0.3197515961,0.3314297961,0.04911905527,0.05180311203
947,1.0,0.0,0.0,0.0,1.0,1.0,0.3180043582,0.3348645635,0.0484893918,0.0519528985
948,1.0,0.0,0.0,0.0,1.0,1.0,0.3197518088,0.3314300604,0.04852229357,0.05117374659
949,1.0,0.0,0.0,0.0,1.0,1.0,0.3121063489,0.3228437298,0.04815101624,0.05085611343
950,1.0,0.0,0.0,0.0,1.0,1.0,0.3220617049,0.334284396,0.05010616779,0.05337399244
951,1.0,0.0,0.0,0.0,1.0,1.0,0.3155203828,0.3274623938,0.04855811596,0.05208474398
952,1.0,0.0,0.0,0.0,1.0,1.0,0.3143121282,0.3245609012,0.04804760218,0.05101680756
953,1.0,0.0,0.0,0.0,1.0,1.0,0.313099509,0.3240509529,0.04840821028,0.05196356773
954,1.0,0.0,0.0,0.0,1.0,1.0,0.3153319975,0.3245607875,0.04720842838,0.05040895939
955,1.0,0.0,0.0,0.0,1.0,1.0,0.317679579,0.331430055,0.0480004549,0.05204546452
956,1.0,0.0,0.0,0.0,1.0,1.0,0.3117688311,0.3239571861,0.04661005735,0.05007255077
957,1.0,0.0,0.0,0.0,1.0,1.0,0.3135503307,0.3234497317,0.04670625925,0.05015617609
958,1.0,0.0,0.0,0.0,1.0,1.0,0.2886475906,0.2870369466,0.04390895367,0.04555553198
959,1.0,0.0,0.0,0.0,1.0,1.0,0.2785331819,0.2714745531,0.04199039936,0.0430881381
960,1.0,0.0,0.0,0.0,1.0,1.0,0.2915040705,0.291216952,0.04406630993,0.04625594616
961,1.0,0.0,0.0,0.0,1.0,1.0,0.3043344674,0.3087012871,0.0464490056,0.04974716902
962,1.0,0.0,0.0,0.0,1.0,1.0,0.3110966122,0.3195493148,0.04776024818,0.05160295963
963,1.0,0.0,0.0,0.0,1.0,1.0,0.3098631889,0.3144503326,0.04697775841,0.05023628473
964,1.0,0.0,0.0,0.0,1.0,1.0,0.3115378853,0.3093511569,0.04613405466,0.04853409529
965,1.0,0.0,0.0,0.0,1.0,1.0,0.3068304685,0.314257459,0.04543274641,0.04862099886
966,1.0,0.0,0.0,0.0,1.0,1.0,0.3034020452,0.3227364712,0.04554325342,0.04982966185
967,1.0,0.0,0.0,0.0,1.0,1.0,0.3053359202,0.3192658819,0.04600858688,0.04921841621
968,1.0,0.0,0.0,0.0,1.0,1.0,0.3003596597,0.3181615466,0.04631513357,0.04983615875
969,1.0,0.0,0.0,0.0,1.0,1.0,0.3050927639,0.3233488292,0.04685866833,0.05035960674
970,1.0,0.0,0.0,0.0,1.0,1.0,0.3056289389,0.3238607796,0.04661971331,0.04983484745
971,1.0,0.0,0.0,0.0,1.0,1.0,0.3103528315,0.3319823132,0.04835557938,0.05190712214
972,1.0,0.0,0.0,0.0,1.0,1.0,0.3150605817,0.3366542186,0.0489038825,0.05216413736
973,1.0,0.0,0.0,0.0,1.0,1.0,0.3033396312,0.320243593,0.0458740592,0.04826050997
974,1.0,0.0,0.0,0.0,1.0,1.0,0.298419866,0.3125464248,0.04628813267,0.04847931862
975,1.0,0.0,0.0,0.0,1.0,1.0,0.3075204132,0.3175310883,0.04653304815,0.04838383198
976,1.0,0.0,0.0,0.0,1.0,1.0,0.3050928273,0.3186372699,0.04683452845,0.04925698042
977,1.0,0.0,0.0,0.0,1.0,1.0,0.2984200717,0.3064491149,0.04552525282,0.04741090536
978,1.0,0.0,0.0,0.0,1.0,1.0,0.3090145763,0.3232458894,0.04778075218,0.05051106215
979,1.0,0.0,0.0,0.0,1.0,1.0,0.3122163478,0.3268070107,0.04813086987,0.0508197546
980,1.0,0.0,0.0,0.0,1.0,1.0,0.3241431964,0.3371405271,0.05006736517,0.05302834511
981,1.0,0.0,0.0,0.0,1.0,1.0,0.3249932001,0.336019264,0.04848176241,0.05082768202
982,1.0,0.0,0.0,0.0,1.0,1.0,0.3184371052,0.3269359917,0.04954600334,0.05196940899
983,1.0,0.0,0.0,0.0,1.0,1.0,0.3143122085,0.3101713235,0.04693722725,0.04746454954
984,1.0,0.0,0.0,0.0,1.0,1.0,0.3170645201,0.3087013028,0.04920768738,0.04840534925
985,1.0,0.0,0.0,0.0,1.0,1.0,0.317531006,0.3063360342,0.04901814461,0.04794675112
986,1.0,0.0,0.0,0.0,1.0,1.0,0.3142574266,0.3112445924,0.04838091135,0.04758775234
987,1.0,0.0,0.0,0.0,1.0,1.0,0.2897686898,0.281757707,0.04398733377,0.04188019037
988,1.0,0.0,0.0,0.0,1.0,1.0,0.1958614403,0.15332349,0.02926278114,0.02215218544
989,1.0,0.0,0.0,0.0,1.0,1.0,0.2096206587,0.1190742034,0.03092825413,0.01684486866
990,1.0,0.0,0.0,0.0,1.0,1.0,0.2075034611,0.1179341208,0.03018015623,0.01633602381
991,1.0,0.0,0.0,0.0,1.0,1.0,0.2002626441,0.111266029,0.02971601486,0.01583003998
992,1.0,0.0,0.0,0.0,1.0,1.0,0.1687129587,0.09225592639,0.02494883537,0.01301676035
993,1.0,0.0,0.0,0.0,1.0,1.0,0.2042259042,0.1508591318,0.0305865407,0.02165418863
994,1.0,0.0,0.0,0.0,1.0,1.0,0.2300995812,0.1987941411,0.03490412235,0.02904242277
995,1.0,0.0,0.0,0.0,1.0,1.0,0.2597516711,0.247173784,0.04027980566,0.03681200743
996,1.0,0.0,0.0,0.0,1.0,1.0,0.2606489886,0.2489651277,0.0401545167,0.03696346283
997,1.0,0.0,0.0,0.0,1.0,1.0,0.2717930911,0.2579202905,0.04188489914,0.03817355633
998,1.0,0.0,0.0,0.0,1.0,1.0,0.274590468,0.2802003621,0.04218560457,0.0411375165
999,1.0,0.0,0.0,0.0,1.0,1.0,0.2913627903,0.3165490236,0.04548019171,0.04706668854
1000,1.0,0.0,0.0,0.0,1.0,1.0,0.3143003944,0.3494553199,0.04955035448,0.05243426561
1001,1.0,0.0,0.0,0.0,1.0,1.0,0.3025065813,0.3314120011,0.04729235172,0.04990518093
1002,1.0,0.0,0.0,0.0,1.0,1.0,0.3214289273,0.3532510807,0.05095523596,0.05440527201
1003,1.0,0.0,0.0,0.0,1.0,1.0,0.3061972384,0.3331469893,0.04735404253,0.05107849836
1004,1.0,0.0,0.0,0.0,1.0,1.0,0.3044769343,0.3308499449,0.0468069911,0.05077373981
1005,1.0,0.0,0.0,0.0,1.0,1.0,0.305671205,0.3240510198,0.04784184694,0.05106711388
1006,1.0,0.0,0.0,0.0,1.0,1.0,0.30233744,0.315523657,0.04719698429,0.04989403486
1007,1.0,0.0,0.0,0.0,1.0,1.0,0.3044424155,0.3155235267,0.04590642452,0.04852968454
1008,1.0,0.0,0.0,0.0,1.0,1.0,0.3041779323,0.3200266882,0.04703515768,0.05026042461
1009,1.0,0.0,0.0,0.0,1.0,1.0,0.3091418478,0.3200270665,0.0464040041,0.04930430651
1010,1.0,0.0,0.0,0.0,1.0,1.0,0.3015557551,0.3129569008,0.04706674814,0.05002528429
1011,1.0,0.0,0.0,0.0,1.0,1.0,0.3067254577,0.315702195,0.04778474569,0.05020081997
1012,1.0,0.0,0.0,0.0,1.0,1.0,0.3064491305,0.3059516283,0.04741150141,0.04848903418
1013,1.0,0.0,0.0,0.0,1.0,1.0,0.3088550447,0.3038845675,0.04806667566,0.04860681295
1014,1.0,0.0,0.0,0.0,1.0,1.0,0.2903309914,0.2833467323,0.0450823307,0.0450822711
1015,1.0,0.0,0.0,0.0,1.0,1.0,0.3047077038,0.2957533731,0.04712587595,0.04685664177
1016,1.0,0.0,0.0,0.0,1.0,1.0,0.3005315007,0.2909335643,0.04586869478,0.04533535242
1017,1.0,0.0,0.0,0.0,1.0,1.0,0.2883347577,0.282600928,0.04427713156,0.04454874992
1018,1.0,0.0,0.0,0.0,1.0,1.0,0.2017563114,0.1798997926,0.02976256609,0.02728241682
1019,1.0,0.0,0.0,0.0,1.0,1.0,0.1427775084,0.09845797761,0.02078157663,0.0146856308
1020,1.0,0.0,0.0,0.0,1.0,1.0,0.1350594347,0.08609444005,0.01939886808,0.0127478838
1021,1.0,0.0,0.0,0.0,1.0,1.0,0.1301955916,0.09035555949,0.01890802383,0.01362490654
1022,1.0,0.0,0.0,0.0,1.0,1.0,0.1640591658,0.1299640411,0.02385777235,0.01947015524
1023,1.0,0.0,0.0,0.0,1.0,1.0,0.1987840558,0.1778369634,0.02969264984,0.02749323845
1024,1.0,0.0,0.0,0.0,1.0,1.0,0.2377049116,0.2296966683,0.03623467684,0.03596025705
1025,1.0,0.0,0.0,0.0,1.0,1.0,0.2717623819,0.2637416385,0.04114055634,0.04114055634
1026,1.0,0.0,0.0,0.0,1.0,1.0,0.2958071856,0.2865295013,0.04567420483,0.04540389776
1027,1.0,0.0,0.0,0.0,1.0,1.0,0.3080592934,0.2991528432,0.04636228085,0.04636228085
1028,1.0,0.0,0.0,0.0,1.0,1.0,0.3125465502,0.304252043,0.04731702805,0.04785168171
1029,1.0,0.0,0.0,0.0,1.0,1.0,0.3181613906,0.3098267848,0.04965615273,0.05019587278
1030,1.0,0.0,0.0,0.0,1.0,1.0,0.305092913,0.2984910796,0.04615426064,0.04721528292
1031,1.0,0.0,0.0,0.0,1.0,1.0,0.3053849542,0.3001624123,0.0468184948,0.04841458797
1032,1.0,0.0,0.0,0.0,1.0,1.0,0.3053847535,0.2981940216,0.04673975706,0.04833316803
1033,1.0,0.0,0.0,0.0,1.0,1.0,0.3049737512,0.299175122,0.04694855213,0.04882645607
1034,1.0,0.0,0.0,0.0,1.0,1.0,0.3196139904,0.3131370497,0.04923784733,0.05136710405
1035,1.0,0.0,0.0,0.0,1.0,1.0,0.3174490457,0.3123252391,0.04846793413,0.05059838295
1036,1.0,0.0,0.0,0.0,1.0,1.0,0.3159872706,0.3208912119,0.04841208458,0.0522197485
1037,1.0,0.0,0.0,0.0,1.0,1.0,0.3173116956,0.320290919,0.04738020897,0.0511277914
1038,1.0,0.0,0.0,0.0,1.0,1.0,0.3260211909,0.3331472504,0.05012226105,0.05477839708
1039,1.0,0.0,0.0,0.0,1.0,1.0,0.3307504176,0.3342614943,0.05000281334,0.05435091257
1040,1.0,0.0,0.0,0.0,1.0,1.0,0.3337484541,0.3342614613,0.05064040422,0.05474638939
1041,1.0,0.0,0.0,0.0,1.0,1.0,0.3432426113,0.3427139816,0.05051100254,0.05483281612
1042,1.0,0.0,0.0,0.0,1.0,1.0,0.3435009853,0.3455698022,0.05189049244,0.05630671978
1043,1.0,0.0,0.0,0.0,1.0,1.0,0.3417211933,0.3404878743,0.0511983037,0.05532717705
1044,1.0,0.0,0.0,0.0,1.0,1.0,0.3487492949,0.3427138468,0.05256539583,0.0561619401
1045,1.0,0.0,0.0,0.0,1.0,1.0,0.3513300243,0.3460906708,0.0521466136,0.05626350641
1046,1.0,0.0,0.0,0.0,1.0,1.0,0.3505848786,0.3415598878,0.05217123032,0.05544894934
1047,1.0,0.0,0.0,0.0,1.0,1.0,0.3456442194,0.3410259581,0.05105489492,0.05456662178
1048,1.0,0.0,0.0,0.0,1.0,1.0,0.3556408404,0.3466078043,0.05248898268,0.05544990301
1049,1.0,0.0,0.0,0.0,1.0,1.0,0.3511302582,0.3471214144,0.05229085684,0.05637609959
1050,1.0,0.0,0.0,0.0,1.0,1.0,0.3591027522,0.3550205096,0.05318200588,0.05725204945
1051,1.0,0.0,0.0,0.0,1.0,1.0,0.3603933714,0.3540396414,0.05334192514,0.05746632814
1052,1.0,0.0,0.0,0.0,1.0,1.0,0.3588691724,0.3540395298,0.05210071802,0.05641996861
1053,1.0,0.0,0.0,0.0,1.0,1.0,0.3597623929,0.3588598549,0.05330574512,0.0582011342
1054,1.0,0.0,0.0,0.0,1.0,1.0,0.3575985261,0.3581335747,0.0535146594,0.05900335312
1055,1.0,0.0,0.0,0.0,1.0,1.0,0.3667673536,0.3626740113,0.05499076843,0.05966508389
1056,1.0,0.0,0.0,0.0,1.0,1.0,0.3639321628,0.3672445759,0.05356693268,0.0589505434
1057,1.0,0.0,0.0,0.0,1.0,1.0,0.3619304545,0.3588598745,0.05335760117,0.05796200037
1058,1.0,0.0,0.0,0.0,1.0,1.0,0.3637676305,0.3655675298,0.05330705643,0.05869156122
1059,1.0,0.0,0.0,0.0,1.0,1.0,0.3585852728,0.3576598584,0.05334335566,0.05854094028
1060,1.0,0.0,0.0,0.0,1.0,1.0,0.3600930354,0.3617506752,0.05337691307,0.05855119228
1061,1.0,0.0,0.0,0.0,1.0,1.0,0.3589156213,0.363433341,0.05283892155,0.05852925777
1062,1.0,0.0,0.0,0.0,1.0,1.0,0.3634335675,0.36679836,0.05345767736,0.05885738134
1063,1.0,0.0,0.0,0.0,1.0,1.0,0.36260499,0.368921361,0.05396610498,0.05966103077
1064,1.0,0.0,0.0,0.0,1.0,1.0,0.3609349462,0.3651161556,0.05320650339,0.05860823393
1065,1.0,0.0,0.0,0.0,1.0,1.0,0.349804565,0.348957799,0.05134212971,0.05596023798
1066,1.0,0.0,0.0,0.0,1.0,1.0,0.3555615987,0.3540397689,0.05307227373,0.05747210979
1067,1.0,0.0,0.0,0.0,1.0,1.0,0.3496216556,0.3533382108,0.05178725719,0.05693888664
1068,1.0,0.0,0.0,0.0,1.0,1.0,0.3355923266,0.3354059346,0.04948413372,0.0535402298
1069,1.0,0.0,0.0,0.0,1.0,1.0,0.3306977883,0.3320182307,0.04947453737,0.05387228727
1070,1.0,0.0,0.0,0.0,1.0,1.0,0.3374262098,0.3467452217,0.04989701509,0.05532062054
1071,1.0,0.0,0.0,0.0,1.0,1.0,0.3374027373,0.3484452055,0.05025875568,0.05569219589
1072,1.0,0.0,0.0,0.0,1.0,1.0,0.3307377938,0.342181849,0.04996025562,0.05514734983
1073,1.0,0.0,0.0,0.0,1.0,1.0,0.3361113099,0.3454449276,0.05088961124,0.05546700954
1074,1.0,0.0,0.0,0.0,1.0,1.0,0.3260211353,0.334272678,0.04946058989,0.05351471901
1075,1.0,0.0,0.0,0.0,1.0,1.0,0.3249502458,0.3337067128,0.0498868227,0.0536621213
1076,1.0,0.0,0.0,0.0,1.0,1.0,0.3160779307,0.3241433334,0.04805761576,0.05154782534
1077,1.0,0.0,0.0,0.0,1.0,1.0,0.3290843176,0.3376038557,0.0505656004,0.05404365063
1078,1.0,0.0,0.0,0.0,1.0,1.0,0.3198216397,0.3259049021,0.050096035,0.05309087038
1079,1.0,0.0,0.0,0.0,1.0,1.0,0.3291054047,0.3392752898,0.05119532347,0.05469816923
1080,1.0,0.0,0.0,0.0,1.0,1.0,0.3257184644,0.3392754577,0.05071502924,0.05418503284
1081,1.0,0.0,0.0,0.0,1.0,1.0,0.3275201284,0.3397441401,0.05197829008,0.05519336462
1082,1.0,0.0,0.0,0.0,1.0,1.0,0.3252822418,0.3420017227,0.05121999979,0.05467003584
1083,1.0,0.0,0.0,0.0,1.0,1.0,0.3337121343,0.3476321329,0.05264115334,0.05558049679
1084,1.0,0.0,0.0,0.0,1.0,1.0,0.3275480988,0.3359049862,0.05189180374,0.05402070284
1085,1.0,0.0,0.0,0.0,1.0,1.0,0.337040343,0.3435584175,0.05293512344,0.0547695756
1086,1.0,0.0,0.0,0.0,1.0,1.0,0.3481389722,0.3527440842,0.05486434698,0.05670189857
1087,1.0,0.0,0.0,0.0,1.0,1.0,0.3453224408,0.3527440273,0.05421161652,0.05629658699
1088,1.0,0.0,0.0,0.0,1.0,1.0,0.344749152,0.3450843625,0.05458337069,0.05563312769
1089,1.0,0.0,0.0,0.0,1.0,1.0,0.3458967078,0.3450841437,0.05446994305,0.05551743507
1090,1.0,0.0,0.0,0.0,1.0,1.0,0.3420460797,0.3385730183,0.05378198624,0.05456900597
1091,1.0,0.0,0.0,0.0,1.0,1.0,0.3464731937,0.3457086371,0.05426973104,0.05505245924
1092,1.0,0.0,0.0,0.0,1.0,1.0,0.3404137505,0.3413938158,0.05316919088,0.05421692133
1093,1.0,0.0,0.0,0.0,1.0,1.0,0.3404138704,0.3353390496,0.05456745625,0.05483627319
1094,1.0,0.0,0.0,0.0,1.0,1.0,0.3431922662,0.3402703474,0.054063797,0.05459117889
1095,1.0,0.0,0.0,0.0,1.0,1.0,0.3302950569,0.3269984918,0.05329877138,0.05385106802
1096,1.0,0.0,0.0,0.0,1.0,1.0,0.3353946841,0.3281998435,0.05723303556,0.05723303556
1097,1.0,0.0,0.0,0.0,1.0,1.0,0.3387936923,0.3331475132,0.05339539051,0.05339545012
1098,1.0,0.0,0.0,0.0,1.0,1.0,0.3482900467,0.3486428841,0.05528879166,0.05609017611
1099,1.0,0.0,0.0,0.0,1.0,1.0,0.3285601364,0.3241434646,0.0521954298,0.0524687171
1100,1.0,0.0,0.0,0.0,1.0,1.0,0.2050610492,0.1858167069,0.03051584959,0.0283164978
1101,1.0,0.0,0.0,0.0,1.0,1.0,0.1435872195,0.1025067354,0.02069181204,0.01524657011
1102,1.0,0.0,0.0,0.0,1.0,1.0,0.136200345,0.07988123777,0.01948297024,0.0117995739
1103,1.0,0.0,0.0,0.0,1.0,1.0,0.1359396703,0.08641787719,0.0196210146,0.01271218061
1104,1.0,0.0,0.0,0.0,1.0,1.0,0.1376590021,0.1069513424,0.02002567053,0.01591080427
1105,1.0,0.0,0.0,0.0,1.0,1.0,0.1460287845,0.1137424546,0.0211892724,0.01678627729
1106,1.0,0.0,0.0,0.0,1.0,1.0,0.2085950744,0.1956203785,0.03112918139,0.02977573872
1107,1.0,0.0,0.0,0.0,1.0,1.0,0.2511777962,0.2438086321,0.03863054514,0.03809028864
1108,1.0,0.0,0.0,0.0,1.0,1.0,0.2942605961,0.2912164184,0.04559063911,0.04559063911
1109,1.0,0.0,0.0,0.0,1.0,1.0,0.3205754841,0.3189346807,0.05034899712,0.05034905672
1110,1.0,0.0,0.0,0.0,1.0,1.0,0.3337149166,0.3286300713,0.05141502619,0.0508903861
1111,1.0,0.0,0.0,0.0,1.0,1.0,0.3342785811,0.3331471222,0.05305498838,0.05278563499
1112,1.0,0.0,0.0,0.0,1.0,1.0,0.3354173275,0.3331476107,0.05308705568,0.05281764269
1113,1.0,0.0,0.0,0.0,1.0,1.0,0.3211267723,0.3233487278,0.05037844181,0.05037838221
1114,1.0,0.0,0.0,0.0,1.0,1.0,0.3221197011,0.3267404581,0.04930269718,0.04983568192
1115,1.0,0.0,0.0,0.0,1.0,1.0,0.3196098274,0.3201057796,0.04889154434,0.04862135649
1116,1.0,0.0,0.0,0.0,1.0,1.0,0.3213753092,0.3259829465,0.04938685894,0.04938685894
1117,1.0,0.0,0.0,0.0,1.0,1.0,0.3285120566,0.3325610066,0.05064660311,0.05064666271
1118,1.0,0.0,0.0,0.0,1.0,1.0,0.3167245111,0.3207426102,0.04829621315,0.04856449366
1119,1.0,0.0,0.0,0.0,1.0,1.0,0.3202434294,0.3213754613,0.04881983995,0.04881989956
1120,1.0,0.0,0.0,0.0,1.0,1.0,0.310232306,0.314311949,0.04771113396,0.04825329781
1121,1.0,0.0,0.0,0.0,1.0,1.0,0.3196806182,0.3237629451,0.0489692688,0.04950743914
1122,1.0,0.0,0.0,0.0,1.0,1.0,0.3272819699,0.3266726884,0.04984849691,0.04958051443
1123,1.0,0.0,0.0,0.0,1.0,1.0,0.3255625742,0.3255224085,0.05005258322,0.04978346825
1124,1.0,0.0,0.0,0.0,1.0,1.0,0.3210011501,0.3221195723,0.04937487841,0.04937487841
1125,1.0,0.0,0.0,0.0,1.0,1.0,0.3365995953,0.3430140137,0.05233687162,0.05287367105
1126,1.0,0.0,0.0,0.0,1.0,1.0,0.3291265857,0.3343081164,0.05119758844,0.05146563053
1127,1.0,0.0,0.0,0.0,1.0,1.0,0.3348735007,0.3325672629,0.05148649216,0.05069035292
1128,1.0,0.0,0.0,0.0,1.0,1.0,0.3291472467,0.3337238477,0.05102741718,0.05129319429
1129,1.0,0.0,0.0,0.0,1.0,1.0,0.3365466309,0.3359896638,0.05299919844,0.05273151398
1130,1.0,0.0,0.0,0.0,1.0,1.0,0.3354177016,0.3359899379,0.05233663321,0.05233663321
1131,1.0,0.0,0.0,0.0,1.0,1.0,0.3406399674,0.3406403144,0.05353301764,0.05353307724
1132,1.0,0.0,0.0,0.0,1.0,1.0,0.3254819213,0.3243802793,0.04982286692,0.05009365082
1133,1.0,0.0,0.0,0.0,1.0,1.0,0.3219438276,0.318003906,0.04954528809,0.04954528809
1134,1.0,0.0,0.0,0.0,1.0,1.0,0.3112140066,0.3101108223,0.04804211855,0.04804217815
1135,1.0,0.0,0.0,0.0,1.0,1.0,0.3065440782,0.3069714879,0.04681766033,0.04764872789
1136,1.0,0.0,0.0,0.0,1.0,1.0,0.2749392198,0.2626271441,0.04111391306,0.04000276327
1137,1.0,0.0,0.0,0.0,1.0,1.0,0.2261094084,0.1820544714,0.03320014477,0.02734130621
1138,1.0,0.0,0.0,0.0,1.0,1.0,0.1719883416,0.1143273287,0.02470767498,0.01702082157
1139,1.0,0.0,0.0,0.0,1.0,1.0,0.1845728932,0.1003226996,0.02656805515,0.01497983932
1140,1.0,0.0,0.0,0.0,1.0,1.0,0.1877618354,0.09653708743,0.02748203278,0.01459985971
1141,1.0,0.0,0.0,0.0,1.0,1.0,0.1884995648,0.1056012776,0.02714753151,0.01583606005
1142,1.0,0.0,0.0,0.0,1.0,1.0,0.196709239,0.09381724599,0.02797371149,0.01384556293
1143,1.0,0.0,0.0,0.0,1.0,1.0,0.2010947463,0.08944403023,0.02903681993,0.01335692406
1144,1.0,0.0,0.0,0.0,1.0,1.0,0.2055303516,0.08166663133,0.02899056673,0.01193732023
1145,1.0,0.0,0.0,0.0,1.0,1.0,0.2067115142,0.0875001068,0.02933931351,0.01281821728
1146,1.0,0.0,0.0,0.0,1.0,1.0,0.2102000438,0.09381742669,0.03044325113,0.01407283545
1147,1.0,0.0,0.0,0.0,1.0,1.0,0.2051167825,0.08875357876,0.02892613411,0.01304513216
1148,1.0,0.0,0.0,0.0,1.0,1.0,0.2078047354,0.08930393791,0.03048288822,0.01364475489
1149,1.0,0.0,0.0,0.0,1.0,1.0,0.194122295,0.1249302756,0.02805703878,0.01888990402
1150,1.0,0.0,0.0,0.0,1.0,1.0,0.2300602723,0.1726309975,0.03416091204,0.0266007185
1151,1.0,0.0,0.0,0.0,1.0,1.0,0.2735902206,0.2276306409,0.04054510593,0.03530454636
1152,1.0,0.0,0.0,0.0,1.0,1.0,0.2802170287,0.233797995,0.04157459736,0.03630852699
1153,1.0,0.0,0.0,0.0,1.0,1.0,0.2953741134,0.2552144331,0.04423666,0.03978514671
1154,1.0,0.0,0.0,0.0,1.0,1.0,0.3079459083,0.275284893,0.04629939795,0.0435270071
1155,1.0,0.0,0.0,0.0,1.0,1.0,0.3135865218,0.2984201372,0.04745203257,0.04689705372
1156,1.0,0.0,0.0,0.0,1.0,1.0,0.3258256331,0.3127625815,0.04956042767,0.04983884096
1157,1.0,0.0,0.0,0.0,1.0,1.0,0.3282025903,0.3118827835,0.0492528677,0.04897463322
1158,1.0,0.0,0.0,0.0,1.0,1.0,0.336192246,0.3296404081,0.05173939466,0.05286419392
1159,1.0,0.0,0.0,0.0,1.0,1.0,0.3331473737,0.3232459289,0.05081039667,0.05136567354
1160,1.0,0.0,0.0,0.0,1.0,1.0,0.3300908857,0.312106389,0.05032944679,0.04977023602
1161,1.0,0.0,0.0,0.0,1.0,1.0,0.3294865605,0.312106545,0.04956650734,0.04901576042
1162,1.0,0.0,0.0,0.0,1.0,1.0,0.3221645041,0.306167058,0.04897910357,0.04842251539
1163,1.0,0.0,0.0,0.0,1.0,1.0,0.3204728626,0.3064489393,0.04842811823,0.04815453291
1164,1.0,0.0,0.0,0.0,1.0,1.0,0.3149426802,0.2977431071,0.04744035006,0.04689186811
1165,1.0,0.0,0.0,0.0,1.0,1.0,0.3133386402,0.301225356,0.04793840647,0.04766285419
1166,1.0,0.0,0.0,0.0,1.0,1.0,0.3097369294,0.2925195068,0.04755312204,0.04644721746
1167,1.0,0.0,0.0,0.0,1.0,1.0,0.3152362612,0.3008700363,0.04794436693,0.04739952087
1168,1.0,0.0,0.0,0.0,1.0,1.0,0.309609929,0.2970372129,0.046887815,0.04661363363
1169,1.0,0.0,0.0,0.0,1.0,1.0,0.313799289,0.3061671748,0.04773700237,0.04801297188
1170,1.0,0.0,0.0,0.0,1.0,1.0,0.3118697547,0.3030219471,0.04768460989,0.04768455029
1171,1.0,0.0,0.0,0.0,1.0,1.0,0.3045744843,0.2895908011,0.04567122459,0.04485076666
1172,1.0,0.0,0.0,0.0,1.0,1.0,0.2996500472,0.286316926,0.04540377855,0.04457318783
1173,1.0,0.0,0.0,0.0,1.0,1.0,0.2926541016,0.2776224544,0.04407250881,0.04296374321
1174,1.0,0.0,0.0,0.0,1.0,1.0,0.2847674251,0.2605686696,0.04346680641,0.04094290733
1175,1.0,0.0,0.0,0.0,1.0,1.0,0.2787432079,0.2534299993,0.04216998816,0.03939568996
1176,1.0,0.0,0.0,0.0,1.0,1.0,0.2802859715,0.2525472896,0.04183137417,0.03880417347
1177,1.0,0.0,0.0,0.0,1.0,1.0,0.2750755873,0.2525278971,0.04141795635,0.03920900822
1178,1.0,0.0,0.0,0.0,1.0,1.0,0.2925639306,0.2789962914,0.04425269365,0.043428123
1179,1.0,0.0,0.0,0.0,1.0,1.0,0.2905142248,0.2703116345,0.04378426075,0.04185664654
1180,1.0,0.0,0.0,0.0,1.0,1.0,0.2971315119,0.2893118688,0.04578781128,0.04578775167
1181,1.0,0.0,0.0,0.0,1.0,1.0,0.2889298745,0.2772304951,0.04386734962,0.04331552982
1182,1.0,0.0,0.0,0.0,1.0,1.0,0.2894557385,0.2780137703,0.04335135221,0.04307872057
1183,1.0,0.0,0.0,0.0,1.0,1.0,0.3012756257,0.2973687787,0.04587948322,0.04642891884
1184,1.0,0.0,0.0,0.0,1.0,1.0,0.3044894422,0.2970370033,0.04631870985,0.04631870985
1185,1.0,0.0,0.0,0.0,1.0,1.0,0.3023673428,0.2980792691,0.04585307837,0.04667681456
1186,1.0,0.0,0.0,0.0,1.0,1.0,0.2981759863,0.2909087484,0.04482597113,0.04510265589
1187,1.0,0.0,0.0,0.0,1.0,1.0,0.3025834101,0.2906176072,0.04503381252,0.04476082325
1188,1.0,0.0,0.0,0.0,1.0,1.0,0.3005702672,0.2909090068,0.04499602318,0.04499602318
1189,1.0,0.0,0.0,0.0,1.0,1.0,0.2979818487,0.2809820358,0.04485750198,0.04402166605
1190,1.0,0.0,0.0,0.0,1.0,1.0,0.3079459835,0.3044075291,0.04631352425,0.04797750711
1191,1.0,0.0,0.0,0.0,1.0,1.0,0.3152227962,0.3079265428,0.04668360949,0.04805666208
1192,1.0,0.0,0.0,0.0,1.0,1.0,0.3109375732,0.3037174407,0.04626208544,0.04736357927
1193,1.0,0.0,0.0,0.0,1.0,1.0,0.3115146976,0.3019512568,0.04625165462,0.04707747698
1194,1.0,0.0,0.0,0.0,1.0,1.0,0.3110600184,0.3061669576,0.0467633605,0.04814690351
1195,1.0,0.0,0.0,0.0,1.0,1.0,0.2926542129,0.2875587235,0.0435321331,0.04490107298
1196,1.0,0.0,0.0,0.0,1.0,1.0,0.2989156507,0.2925196067,0.04448360205,0.04584813118
1197,1.0,0.0,0.0,0.0,1.0,1.0,0.2965375664,0.2880338178,0.04359406233,0.04467052221
1198,1.0,0.0,0.0,0.0,1.0,1.0,0.2998327847,0.2946628702,0.04430574179,0.04591679573
1199,1.0,0.0,0.0,0.0,1.0,1.0,0.2953307236,0.2929398712,0.04387795925,0.04548323154
1200,1.0,0.0,0.0,0.0,1.0,1.0,0.3062806137,0.3056711494,0.04539161921,0.0472497344
1201,1.0,0.0,0.0,0.0,1.0,1.0,0.2989323562,0.2946629557,0.04511165619,0.04647040367
1202,1.0,0.0,0.0,0.0,1.0,1.0,0.2891694677,0.2816296258,0.04332321882,0.04440629482
1203,1.0,0.0,0.0,0.0,1.0,1.0,0.2705671576,0.2551019389,0.03984040022,0.03956931829
1204,1.0,0.0,0.0,0.0,1.0,1.0,0.2090088282,0.1677764221,0.03077977896,0.02602291107
1205,1.0,0.0,0.0,0.0,1.0,1.0,0.1897437086,0.142519604,0.0274503231,0.02147102356
1206,1.0,0.0,0.0,0.0,1.0,1.0,0.1868112628,0.1387124546,0.02712368965,0.02115648985
1207,1.0,0.0,0.0,0.0,1.0,1.0,0.2225103096,0.1878385946,0.0323869586,0.02860850096
1208,1.0,0.0,0.0,0.0,1.0,1.0,0.2646108941,0.2473193696,0.03958636522,0.03905135393
1209,1.0,0.0,0.0,0.0,1.0,1.0,0.2875345232,0.2713717757,0.04363936186,0.04311358929
1210,1.0,0.0,0.0,0.0,1.0,1.0,0.3024396439,0.2924789724,0.04641324282,0.04668003321
1211,1.0,0.0,0.0,0.0,1.0,1.0,0.3056711577,0.2978469542,0.04676038027,0.04728579521
1212,1.0,0.0,0.0,0.0,1.0,1.0,0.305265332,0.3001680284,0.04704302549,0.04757457972
1213,1.0,0.0,0.0,0.0,1.0,1.0,0.2989634236,0.2964445904,0.04563778639,0.04643380642
1214,1.0,0.0,0.0,0.0,1.0,1.0,0.3009438687,0.2974529928,0.0468558073,0.04658961296
1215,1.0,0.0,0.0,0.0,1.0,1.0,0.2815330593,0.2654766141,0.0425927043,0.04072922468
1216,1.0,0.0,0.0,0.0,1.0,1.0,0.2748027698,0.251595755,0.04196816683,0.03876042366
1217,1.0,0.0,0.0,0.0,1.0,1.0,0.2525089821,0.22346674,0.03817629814,0.03390485048
1218,1.0,0.0,0.0,0.0,1.0,1.0,0.2653384578,0.2339118223,0.04150414467,0.03652364016
1219,1.0,0.0,0.0,0.0,1.0,1.0,0.2752850936,0.2534299441,0.04191333055,0.0379088521
1220,1.0,0.0,0.0,0.0,1.0,1.0,0.2774252578,0.2525863706,0.04182064533,0.03726327419
1221,1.0,0.0,0.0,0.0,1.0,1.0,0.2647169097,0.2498604719,0.03954792023,0.03605049849
1222,1.0,0.0,0.0,0.0,1.0,1.0,0.2637665959,0.2498606042,0.03952884674,0.03576421738
1223,1.0,0.0,0.0,0.0,1.0,1.0,0.2755881028,0.2821302349,0.04216873646,0.04083424807
1224,1.0,0.0,0.0,0.0,1.0,1.0,0.256040986,0.2526473519,0.03871273994,0.0363098979
1225,1.0,0.0,0.0,0.0,1.0,1.0,0.2564469979,0.2601544682,0.0385197401,0.03667294979
1226,1.0,0.0,0.0,0.0,1.0,1.0,0.2639071318,0.2924293105,0.04115176201,0.04194825888
1227,1.0,0.0,0.0,0.0,1.0,1.0,0.2583018567,0.2847676401,0.04075014591,0.04128283262
1228,1.0,0.0,0.0,0.0,1.0,1.0,0.2730346898,0.3016494055,0.04283308983,0.04389065504
1229,1.0,0.0,0.0,0.0,1.0,1.0,0.2688853074,0.2881601786,0.04278987646,0.04252076149
1230,1.0,0.0,0.0,0.0,1.0,1.0,0.2650548468,0.2689409636,0.04156816006,0.03918528557
1231,1.0,0.0,0.0,0.0,1.0,1.0,0.2638119839,0.2697767075,0.04107201099,0.03922903538
1232,1.0,0.0,0.0,0.0,1.0,1.0,0.268306733,0.2802005687,0.04226744175,0.04147487879
1233,1.0,0.0,0.0,0.0,1.0,1.0,0.2999982978,0.3149648239,0.0470097065,0.04649025202
1234,1.0,0.0,0.0,0.0,1.0,1.0,0.3141569346,0.3256801696,0.05032157898,0.04927861691
1235,1.0,0.0,0.0,0.0,1.0,1.0,0.3133565895,0.3227364102,0.04935449362,0.04831540585
1236,1.0,0.0,0.0,0.0,1.0,1.0,0.3200185837,0.3302946159,0.05029433966,0.04977840185
1237,1.0,0.0,0.0,0.0,1.0,1.0,0.3062541481,0.315341139,0.048165977,0.04738909006
1238,1.0,0.0,0.0,0.0,1.0,1.0,0.312840382,0.3223452989,0.04897749424,0.04871964455
1239,1.0,0.0,0.0,0.0,1.0,1.0,0.3046074458,0.315523422,0.0478669405,0.0478669405
1240,1.0,0.0,0.0,0.0,1.0,1.0,0.3041065414,0.3110508677,0.04796719551,0.0474486351
1241,1.0,0.0,0.0,0.0,1.0,1.0,0.3156133909,0.3173903588,0.04939490557,0.04836583138
1242,1.0,0.0,0.0,0.0,1.0,1.0,0.3184498584,0.3219679351,0.05024117231,0.04946821928
1243,1.0,0.0,0.0,0.0,1.0,1.0,0.3271495693,0.3348297736,0.05191218853,0.0516526103
1244,1.0,0.0,0.0,0.0,1.0,1.0,0.3342397983,0.3370601909,0.05325257778,0.05246943235
1245,1.0,0.0,0.0,0.0,1.0,1.0,0.3326009781,0.3381952645,0.05299776793,0.05247569084
1246,1.0,0.0,0.0,0.0,1.0,1.0,0.3413129935,0.3431415358,0.05469870567,0.05391347408
1247,1.0,0.0,0.0,0.0,1.0,1.0,0.3375378141,0.3420910578,0.05412894487,0.0538649559
1248,1.0,0.0,0.0,0.0,1.0,1.0,0.3353392774,0.3381445717,0.05337446928,0.05311280489
1249,1.0,0.0,0.0,0.0,1.0,1.0,0.3413931693,0.3398101318,0.05499666929,0.05419963598
1250,1.0,0.0,0.0,0.0,1.0,1.0,0.343141596,0.3353831775,0.05304950476,0.05150437355
1251,1.0,0.0,0.0,0.0,1.0,1.0,0.3353722909,0.3286755061,0.05236428976,0.05106163025
1252,1.0,0.0,0.0,0.0,1.0,1.0,0.3320291339,0.3269986849,0.05255156755,0.05175536871
1253,1.0,0.0,0.0,0.0,1.0,1.0,0.3325877191,0.3286755393,0.0515037775,0.05098348856
1254,1.0,0.0,0.0,0.0,1.0,1.0,0.3337118343,0.3253216845,0.0515486002,0.05076360703
1255,1.0,0.0,0.0,0.0,1.0,1.0,0.3337149198,0.3264170947,0.05144935846,0.05092436075
1256,1.0,0.0,0.0,0.0,1.0,1.0,0.3348469242,0.3269986325,0.05196660757,0.05143904686
1257,1.0,0.0,0.0,0.0,1.0,1.0,0.3348558422,0.3292082293,0.05142980814,0.05116742849
1258,1.0,0.0,0.0,0.0,1.0,1.0,0.3297126849,0.3241435943,0.05060809851,0.05060815811
1259,1.0,0.0,0.0,0.0,1.0,1.0,0.3256801184,0.3173903436,0.04966086149,0.04939812422
1260,1.0,0.0,0.0,0.0,1.0,1.0,0.328560188,0.3280997404,0.05124652386,0.05231976509
1261,1.0,0.0,0.0,0.0,1.0,1.0,0.3268402255,0.3247347273,0.0509031415,0.05170685053
1262,1.0,0.0,0.0,0.0,1.0,1.0,0.3342960783,0.3353829984,0.0517295599,0.05332940817
1263,1.0,0.0,0.0,0.0,1.0,1.0,0.3285124513,0.3264172266,0.05134129524,0.05269950628
1264,1.0,0.0,0.0,0.0,1.0,1.0,0.3243803218,0.3263487199,0.04990637302,0.05179476738
1265,1.0,0.0,0.0,0.0,1.0,1.0,0.3278869528,0.3314476849,0.05094218254,0.05312156677
1266,1.0,0.0,0.0,0.0,1.0,1.0,0.3243336202,0.3280479213,0.04979813099,0.0522339344
1267,1.0,0.0,0.0,0.0,1.0,1.0,0.3419605395,0.3421816445,0.05164730549,0.05377709866
1268,1.0,0.0,0.0,0.0,1.0,1.0,0.3454211841,0.3449253085,0.05303215981,0.05518573523
1269,1.0,0.0,0.0,0.0,1.0,1.0,0.3413588414,0.3460906023,0.05170279741,0.05463439226
1270,1.0,0.0,0.0,0.0,1.0,1.0,0.343969626,0.3487984554,0.05292606354,0.05616641045
1271,1.0,0.0,0.0,0.0,1.0,1.0,0.3340309206,0.3404138112,0.05099314451,0.05477041006
1272,1.0,0.0,0.0,0.0,1.0,1.0,0.3417046687,0.3511552361,0.0513317585,0.05532127619
1273,1.0,0.0,0.0,0.0,1.0,1.0,0.3411428077,0.3420910094,0.05172878504,0.05496186018
1274,1.0,0.0,0.0,0.0,1.0,1.0,0.3417048062,0.3482902774,0.05245393515,0.05625885725
1275,1.0,0.0,0.0,0.0,1.0,1.0,0.3456179819,0.3526460002,0.05253177881,0.05713510513
1276,1.0,0.0,0.0,0.0,1.0,1.0,0.3506502222,0.3538290648,0.05278998613,0.05654150248
1277,1.0,0.0,0.0,0.0,1.0,1.0,0.3618207909,0.3652446125,0.05446487665,0.05873668194
1278,1.0,0.0,0.0,0.0,1.0,1.0,0.3568167257,0.3635841555,0.05371785164,0.0585283637
1279,1.0,0.0,0.0,0.0,1.0,1.0,0.3574516208,0.3631308587,0.05416405201,0.0587451458
1280,1.0,0.0,0.0,0.0,1.0,1.0,0.3580357001,0.3559884867,0.05372792482,0.05750781298
1281,1.0,0.0,0.0,0.0,1.0,1.0,0.3583585194,0.3531358558,0.05363404751,0.05713772774
1282,1.0,0.0,0.0,0.0,1.0,1.0,0.3652504269,0.3543173385,0.05417305231,0.05713778734
1283,1.0,0.0,0.0,0.0,1.0,1.0,0.3688305643,0.36403543,0.05493021011,0.05894958973
1284,1.0,0.0,0.0,0.0,1.0,1.0,0.3682635443,0.3614644884,0.05398696661,0.05828440189
1285,1.0,0.0,0.0,0.0,1.0,1.0,0.3642738118,0.3504751855,0.05269616842,0.05590605736
1286,1.0,0.0,0.0,0.0,1.0,1.0,0.2995387995,0.2489837996,0.041631639,0.03863853216
1287,1.0,0.0,0.0,0.0,1.0,1.0,0.2468010381,0.1576178142,0.03420752287,0.02487814426
1288,1.0,0.0,0.0,0.0,1.0,1.0,0.2511264208,0.1547179484,0.03517764807,0.02468109131
1289,1.0,0.0,0.0,0.0,1.0,1.0,0.2473469536,0.1642194206,0.0337831974,0.0255433917
1290,1.0,0.0,0.0,0.0,1.0,1.0,0.2747466469,0.2072011516,0.03792661428,0.03270483017
1291,1.0,0.0,0.0,0.0,1.0,1.0,0.3181816689,0.2653689679,0.04474323988,0.04227274656
1292,1.0,0.0,0.0,0.0,1.0,1.0,0.3401145357,0.2991643563,0.04813593626,0.04813593626
1293,1.0,0.0,0.0,0.0,1.0,1.0,0.3596866723,0.3220792221,0.05162489414,0.05216264725
1294,1.0,0.0,0.0,0.0,1.0,1.0,0.3625881561,0.3265503359,0.05208480358,0.05288612843
1295,1.0,0.0,0.0,0.0,1.0,1.0,0.3739844723,0.3364133368,0.0538175106,0.05461287498
1296,1.0,0.0,0.0,0.0,1.0,1.0,0.3706416153,0.3326010981,0.05339121819,0.05392247438
1297,1.0,0.0,0.0,0.0,1.0,1.0,0.3686539507,0.3347962186,0.05308818817,0.05415529013
1298,1.0,0.0,0.0,0.0,1.0,1.0,0.3609095008,0.32490126,0.05248469114,0.05302304029
1299,1.0,0.0,0.0,0.0,1.0,1.0,0.3587267696,0.3253998967,0.05213809013,0.05267560482
1300,1.0,0.0,0.0,0.0,1.0,1.0,0.3540458479,0.3210126463,0.05205738544,0.0525996089
1301,1.0,0.0,0.0,0.0,1.0,1.0,0.3502632123,0.3193582204,0.05094456673,0.0514780283
1302,1.0,0.0,0.0,0.0,1.0,1.0,0.3512294625,0.3214870796,0.05078232288,0.05131411552
1303,1.0,0.0,0.0,0.0,1.0,1.0,0.3602746256,0.3259770016,0.05307722092,0.05307722092
1304,1.0,0.0,0.0,0.0,1.0,1.0,0.3470671033,0.3133842787,0.05063086748,0.05008935928
1305,1.0,0.0,0.0,0.0,1.0,1.0,0.3498046244,0.3229487555,0.05098825693,0.05125802755
1306,1.0,0.0,0.0,0.0,1.0,1.0,0.3458534632,0.3189347939,0.05035990477,0.05063068867
1307,1.0,0.0,0.0,0.0,1.0,1.0,0.3501288396,0.3223456133,0.05151945353,0.05151945353
1308,1.0,0.0,0.0,0.0,1.0,1.0,0.3522017753,0.327462071,0.05179733038,0.05206853151
1309,1.0,0.0,0.0,0.0,1.0,1.0,0.3453282666,0.3201603725,0.05110943317,0.05110943317
1310,1.0,0.0,0.0,0.0,1.0,1.0,0.3480279687,0.3269361425,0.05137681961,0.05191481113
1311,1.0,0.0,0.0,0.0,1.0,1.0,0.3549930423,0.339877817,0.05264919996,0.05453920364
1312,1.0,0.0,0.0,0.0,1.0,1.0,0.3556406723,0.3450455561,0.05314052105,0.05532068014
1313,1.0,0.0,0.0,0.0,1.0,1.0,0.3557648999,0.3394012381,0.052305758,0.05365383625
1314,1.0,0.0,0.0,0.0,1.0,1.0,0.3538174784,0.339946202,0.05232393742,0.05394214392
1315,1.0,0.0,0.0,0.0,1.0,1.0,0.3517890106,0.3371000025,0.05186873674,0.05293273926
1316,1.0,0.0,0.0,0.0,1.0,1.0,0.3502086975,0.3433456061,0.05137187243,0.05321598053
1317,1.0,0.0,0.0,0.0,1.0,1.0,0.3484129971,0.3399460612,0.05142939091,0.05301994085
1318,1.0,0.0,0.0,0.0,1.0,1.0,0.3484778392,0.3427142466,0.05283516645,0.05444443226
1319,1.0,0.0,0.0,0.0,1.0,1.0,0.3477848967,0.3426180113,0.05301779509,0.05489212275
1320,1.0,0.0,0.0,0.0,1.0,1.0,0.34997865,0.3426180955,0.05271279812,0.05376183987
1321,1.0,0.0,0.0,0.0,1.0,1.0,0.3416145356,0.3415600508,0.0520337224,0.05416846275
1322,1.0,0.0,0.0,0.0,1.0,1.0,0.3466572487,0.3559886908,0.05244976282,0.05558109283
1323,1.0,0.0,0.0,0.0,1.0,1.0,0.3362769278,0.3364787476,0.05178433657,0.05309861898
1324,1.0,0.0,0.0,0.0,1.0,1.0,0.3291056245,0.3331472034,0.05015790462,0.05174183846
1325,1.0,0.0,0.0,0.0,1.0,1.0,0.3193384387,0.32354829,0.04857075214,0.0501459837
1326,1.0,0.0,0.0,0.0,1.0,1.0,0.3137576958,0.3210011337,0.04663729668,0.0484713316
1327,1.0,0.0,0.0,0.0,1.0,1.0,0.3220618023,0.3211262697,0.04798698425,0.04876935482
1328,1.0,0.0,0.0,0.0,1.0,1.0,0.3132053627,0.3278868191,0.04671257734,0.04907441139
1329,1.0,0.0,0.0,0.0,1.0,1.0,0.319609732,0.330800946,0.04798531532,0.04984104633
1330,1.0,0.0,0.0,0.0,1.0,1.0,0.3107803796,0.3272193253,0.04699033499,0.04912626743
1331,1.0,0.0,0.0,0.0,1.0,1.0,0.3105408108,0.3289528436,0.046908319,0.04933458567
1332,1.0,0.0,0.0,0.0,1.0,1.0,0.3026984251,0.3121004058,0.04491460323,0.04597771168
1333,1.0,0.0,0.0,0.0,1.0,1.0,0.3084917059,0.3239949492,0.045789361,0.0473960638
1334,1.0,0.0,0.0,0.0,1.0,1.0,0.3099188647,0.3158085569,0.04593318701,0.04620492458
1335,1.0,0.0,0.0,0.0,1.0,1.0,0.30513145,0.3028046271,0.04592764378,0.04482752085
1336,1.0,0.0,0.0,0.0,1.0,1.0,0.3110602866,0.3102356779,0.04568070173,0.0451400876
1337,1.0,0.0,0.0,0.0,1.0,1.0,0.3075205578,0.3102355224,0.04502886534,0.04476082325
1338,1.0,0.0,0.0,0.0,1.0,1.0,0.3123254928,0.3156131687,0.04704159498,0.04648816586
1339,1.0,0.0,0.0,0.0,1.0,1.0,0.3173409514,0.321249163,0.04740029573,0.04658305645
1340,1.0,0.0,0.0,0.0,1.0,1.0,0.3185835843,0.3174919722,0.0476667881,0.04603248835
1341,1.0,0.0,0.0,0.0,1.0,1.0,0.3071011391,0.3073755549,0.04574263096,0.04411864281
1342,1.0,0.0,0.0,0.0,1.0,1.0,0.3104188373,0.3123258457,0.04627364874,0.0441339016
1343,1.0,0.0,0.0,0.0,1.0,1.0,0.3036276985,0.3097131542,0.04512321949,0.04378032684
1344,1.0,0.0,0.0,0.0,1.0,1.0,0.2897465602,0.3009902209,0.04222673178,0.04169219732
1345,1.0,0.0,0.0,0.0,1.0,1.0,0.2996496846,0.3125670136,0.04460853338,0.04406458139
1346,1.0,0.0,0.0,0.0,1.0,1.0,0.2928768172,0.3021568191,0.04367989302,0.04258787632
1347,1.0,0.0,0.0,0.0,1.0,1.0,0.2954555054,0.3072217596,0.0439864397,0.04290038347
1348,1.0,0.0,0.0,0.0,1.0,1.0,0.3031394051,0.3187198032,0.04522186518,0.04439967871
1349,1.0,0.0,0.0,0.0,1.0,1.0,0.2947074084,0.3140538233,0.04374206066,0.04319864511
1350,1.0,0.0,0.0,0.0,1.0,1.0,0.2858180368,0.2934869864,0.0417189002,0.03983485699
1351,1.0,0.0,0.0,0.0,1.0,1.0,0.279551039,0.2994360047,0.04143357277,0.04089200497
1352,1.0,0.0,0.0,0.0,1.0,1.0,0.2829301591,0.2938356994,0.04181313515,0.03991252184
1353,1.0,0.0,0.0,0.0,1.0,1.0,0.283205714,0.2950160579,0.04263544083,0.04043489695
1354,1.0,0.0,0.0,0.0,1.0,1.0,0.2837475703,0.3006287905,0.04293644428,0.04129552841
1355,1.0,0.0,0.0,0.0,1.0,1.0,0.2809243094,0.3038305208,0.04198229313,0.04090583324
1356,1.0,0.0,0.0,0.0,1.0,1.0,0.2806401388,0.3133497256,0.04230815172,0.04176229239
1357,1.0,0.0,0.0,0.0,1.0,1.0,0.2863267297,0.3161502337,0.04325211048,0.04216402769
1358,1.0,0.0,0.0,0.0,1.0,1.0,0.2850395271,0.3166959806,0.04370337725,0.04259699583
1359,1.0,0.0,0.0,0.0,1.0,1.0,0.2930018625,0.32626402,0.04495763779,0.04357856512
1360,1.0,0.0,0.0,0.0,1.0,1.0,0.2919519181,0.3269011207,0.04505771399,0.04339915514
1361,1.0,0.0,0.0,0.0,1.0,1.0,0.2881272471,0.3261776842,0.04476362467,0.04364454746
1362,1.0,0.0,0.0,0.0,1.0,1.0,0.298205994,0.3380465047,0.0459523797,0.04483836889
1363,1.0,0.0,0.0,0.0,1.0,1.0,0.2960644071,0.3338471813,0.04533034563,0.04368197918
1364,1.0,0.0,0.0,0.0,1.0,1.0,0.2845257512,0.3133843886,0.0435628891,0.04080575705
1365,1.0,0.0,0.0,0.0,1.0,1.0,0.2734146598,0.2959722231,0.04139631987,0.03859931231
1366,1.0,0.7853981853,0.0,0.0,1.0,1.0,0.2729173082,0.2924128478,0.04114079475,0.03801971674
1367,1.0,0.7853981853,0.0,0.0,1.0,1.0,0.2715674444,0.3112300675,0.0409116745,0.03952014446
1368,1.0,0.7853981853,0.0,0.0,1.0,1.0,0.27558131,0.3264843667,0.04228127003,0.04143565893
1369,1.0,0.7853981853,0.0,0.0,1.0,1.0,0.2771094951,0.3285835394,0.04307621717,0.0413531661
1370,1.0,0.7853981853,0.0,0.0,1.0,1.0,0.2717291639,0.3269207047,0.04167759418,0.03996485472
1371,1.0,0.7853981853,0.0,0.0,1.0,1.0,0.2729103052,0.3331474016,0.04248350859,0.04076123238
1372,1.0,0.7853981853,0.0,0.0,1.0,1.0,0.2623303955,0.3219354874,0.04117852449,0.03885859251
1373,1.0,0.7853981853,0.0,0.0,1.0,1.0,0.2657693645,0.32908432,0.04156017303,0.03951138258
1374,1.0,0.7853981853,0.0,0.0,1.0,1.0,0.2503310328,0.3141811483,0.03904795647,0.03728640079
1375,1.0,0.7853981853,0.0,0.0,1.0,1.0,0.2645583692,0.3299125524,0.04236710072,0.04001331329
1376,1.0,0.7853981853,0.0,0.0,1.0,1.0,0.2688665576,0.3315221984,0.04288494587,0.04022312164
1377,1.0,0.7853981853,0.0,0.0,1.0,1.0,0.2624233177,0.3290847876,0.04139578342,0.03963428736
1378,1.0,0.7853981853,0.0,0.0,1.0,1.0,0.2573190275,0.3193342581,0.04003894329,0.03800803423
1379,1.0,0.7853981853,0.0,0.0,1.0,1.0,0.2675088034,0.3259046427,0.0419280529,0.03930747509
1380,1.0,0.7853981853,0.0,0.0,1.0,1.0,0.2611325592,0.3226352348,0.04021340609,0.03847754002
1381,1.0,0.7853981853,0.0,0.0,1.0,1.0,0.2615359085,0.3177838121,0.0406280756,0.03801631927
1382,1.0,0.7853981853,0.0,0.0,1.0,1.0,0.2620258876,0.3180043502,0.04022318125,0.03821206093
1383,1.0,0.7853981853,0.0,0.0,1.0,1.0,0.2703713913,0.3323501752,0.0420794487,0.04033821821
1384,1.0,0.7853981853,0.0,0.0,1.0,1.0,0.255977624,0.3003128436,0.03896999359,0.03581798077
1385,1.0,0.7853981853,0.0,0.0,1.0,1.0,0.260231859,0.3099231641,0.04006552696,0.03745257854
1386,1.0,0.7853981853,0.0,0.0,1.0,1.0,0.2521956095,0.3027159533,0.03896588087,0.03636819124
1387,1.0,0.7853981853,0.0,0.0,1.0,1.0,0.2560238022,0.3027158015,0.03866761923,0.03608983755
1388,1.0,0.7853981853,0.0,0.0,1.0,1.0,0.2734151823,0.3308012137,0.04273360968,0.04071235657
1389,1.0,0.7853981853,0.0,0.0,1.0,1.0,0.2594529224,0.3039777071,0.03989696503,0.03708732128
1390,1.0,0.7853981853,0.0,0.0,1.0,1.0,0.2576257656,0.2975613238,0.03958690166,0.03677934408
1391,1.0,0.7853981853,0.0,0.0,1.0,1.0,0.2615868285,0.3173905857,0.040843606,0.03971689939
1392,1.0,0.7853981853,0.0,0.0,1.0,1.0,0.2674815513,0.3081976683,0.04141891003,0.03918004036
1393,1.0,0.7853981853,0.0,0.0,1.0,1.0,0.2653065122,0.2989595197,0.04078412056,0.03826999664
1394,1.0,0.7853981853,0.0,0.0,1.0,1.0,0.2653064908,0.3063503364,0.04074084759,0.03934556246
1395,1.0,0.7853981853,0.0,0.0,1.0,1.0,0.2493985969,0.2727735341,0.03788763285,0.03508114815
1396,1.0,0.7853981853,0.0,0.0,1.0,1.0,0.2339514281,0.253105171,0.0350561738,0.03281259537
1397,1.0,0.0,0.0,0.0,1.0,1.0,0.2143016325,0.2311488246,0.03151005507,0.02927929163
1398,1.0,0.0,0.0,0.0,1.0,1.0,0.16196483,0.1401928759,0.02353405952,0.01779401302
1399,1.0,0.0,0.0,0.0,1.0,1.0,0.1288964009,0.1093144081,0.01845926046,0.01391547918
1400,1.0,0.0,0.0,0.0,1.0,1.0,0.137297183,0.1062755762,0.01960086823,0.01354765892
1401,1.0,0.0,0.0,0.0,1.0,1.0,0.1372969116,0.1182372315,0.0196596384,0.01532292366
1402,1.0,0.0,0.0,0.0,1.0,1.0,0.1453017886,0.1163140681,0.02119904757,0.01546955109
1403,1.0,0.0,0.0,0.0,1.0,1.0,0.1652926279,0.1368529544,0.02402842045,0.01844036579
1404,1.0,0.0,0.0,0.0,1.0,1.0,0.2018104579,0.1665733203,0.02909213305,0.02244246006
1405,1.0,0.0,0.0,0.0,1.0,1.0,0.2592535535,0.2548778608,0.03811639547,0.03507816792
1406,1.0,0.0,0.0,0.0,1.0,1.0,0.2512775023,0.2409009858,0.03681230545,0.03349083662
1407,1.0,0.0,0.0,0.0,1.0,1.0,0.2574319302,0.2439582887,0.03749150038,0.03418344259
1408,1.0,0.0,0.0,0.0,1.0,1.0,0.2607240957,0.2626990416,0.03787088394,0.03649872541
1409,1.0,0.0,0.0,0.0,1.0,1.0,0.2460458808,0.2429474399,0.03550517559,0.0338537693
1410,1.0,0.0,0.0,0.0,1.0,1.0,0.2493808303,0.2429472467,0.03574305773,0.03381842375
1411,1.0,0.0,0.0,0.0,1.0,1.0,0.2440948276,0.2321537923,0.03485065699,0.03238087893
1412,1.0,0.0,0.0,0.0,1.0,1.0,0.2508179106,0.2401001762,0.03603541851,0.03383475542
1413,1.0,0.0,0.0,0.0,1.0,1.0,0.2517825008,0.2315310821,0.03605985641,0.03303194046
1414,1.0,0.0,0.0,0.0,1.0,1.0,0.252267522,0.2313882471,0.03611499071,0.03280675411
1415,1.0,0.0,0.0,0.0,1.0,1.0,0.264558057,0.2459564145,0.03787577152,0.03535073996
1416,1.0,0.0,0.0,0.0,1.0,1.0,0.2563182531,0.2320129039,0.0358171463,0.03248524666
1417,1.0,0.0,0.0,0.0,1.0,1.0,0.260638953,0.2390821995,0.03705245256,0.03398793936
1418,1.0,0.0,0.0,0.0,1.0,1.0,0.2693810159,0.2440496632,0.03790169954,0.03460586071
1419,1.0,0.0,0.0,0.0,1.0,1.0,0.2684774374,0.2431074758,0.03818875551,0.03512251377
1420,1.0,0.0,0.0,0.0,1.0,1.0,0.2691562412,0.2372216427,0.0372608304,0.03342521191
1421,1.0,0.0,0.0,0.0,1.0,1.0,0.2673158716,0.2371222061,0.03751766682,0.03387784958
1422,1.0,0.0,0.0,0.0,1.0,1.0,0.2628011926,0.2253640477,0.03717309237,0.0323856473
1423,1.0,0.0,0.0,0.0,1.0,1.0,0.2543312073,0.211646585,0.03610688448,0.03046518564
1424,1.0,0.0,0.0,0.0,1.0,1.0,0.2578562098,0.2194854545,0.03631067276,0.03152555227
1425,1.0,0.0,0.0,0.0,1.0,1.0,0.2528951807,0.2121828157,0.0353937149,0.03029698133
1426,1.0,0.0,0.0,0.0,1.0,1.0,0.2674561589,0.228219287,0.03786182404,0.03302240372
1427,1.0,0.0,0.0,0.0,1.0,1.0,0.2725750321,0.2379625004,0.03881120682,0.03449887037
1428,1.0,0.0,0.0,0.0,1.0,1.0,0.2658516164,0.2282189941,0.0379087925,0.0330632925
1429,1.0,0.0,0.0,0.0,1.0,1.0,0.2723929027,0.2380558211,0.03809046745,0.03388929367
1430,1.0,0.0,0.0,0.0,1.0,1.0,0.2755002662,0.2400232928,0.03892785311,0.03466564417
1431,1.0,0.0,0.0,0.0,1.0,1.0,0.2766131947,0.2439583693,0.03856742382,0.03490775824
1432,1.0,0.0,0.0,0.0,1.0,1.0,0.2753564975,0.2488730877,0.03845000267,0.03588670492
1433,1.0,0.0,0.0,0.0,1.0,1.0,0.2843942049,0.2449995418,0.03913033009,0.03521728516
1434,1.0,0.0,0.0,0.0,1.0,1.0,0.2971580147,0.2729245339,0.04214692116,0.03989911079
1435,1.0,0.0,0.0,0.0,1.0,1.0,0.2926158475,0.2623057674,0.04156345129,0.03847432137
1436,1.0,0.0,0.0,0.0,1.0,1.0,0.2983698174,0.2695123348,0.04246354103,0.03996568918
1437,1.0,0.0,0.0,0.0,1.0,1.0,0.2986609412,0.267640661,0.04271626472,0.03992438316
1438,1.0,0.0,0.0,0.0,1.0,1.0,0.2902861766,0.2592538056,0.04135775566,0.03830450773
1439,1.0,0.0,0.0,0.0,1.0,1.0,0.2872296107,0.2592534347,0.04071575403,0.03822290897
1440,1.0,0.0,0.0,0.0,1.0,1.0,0.2813386348,0.2479672748,0.03936988115,0.0360661149
1441,1.0,0.0,0.0,0.0,1.0,1.0,0.2911374131,0.2554541415,0.04125988483,0.03793692589
1442,1.0,0.0,0.0,0.0,1.0,1.0,0.2900034421,0.2657690418,0.04111552238,0.03918391466
1443,1.0,0.0,0.0,0.0,1.0,1.0,0.2922344632,0.2657692254,0.04113394022,0.03894013166
1444,1.0,0.0,0.0,0.0,1.0,1.0,0.2908174108,0.2572636351,0.04108691216,0.03807383776
1445,1.0,0.0,0.0,0.0,1.0,1.0,0.2919497901,0.2628160982,0.04120761156,0.0390098691
1446,1.0,0.0,0.0,0.0,1.0,1.0,0.2900337727,0.2620257771,0.04074132442,0.03853911161
1447,1.0,0.0,0.0,0.0,1.0,1.0,0.2950452007,0.2666419176,0.04168021679,0.03947198391
1448,1.0,0.0,0.0,0.0,1.0,1.0,0.2849896309,0.2536178959,0.03976112604,0.03727602959
1449,1.0,0.0,0.0,0.0,1.0,1.0,0.2920834723,0.2622109315,0.04070949554,0.03821706772
1450,1.0,0.0,0.0,0.0,1.0,1.0,0.2844260944,0.2498604651,0.03957051039,0.03682255745
1451,1.0,0.0,0.0,0.0,1.0,1.0,0.2827104097,0.2536459525,0.039503932,0.03727835417
1452,1.0,0.0,0.0,0.0,1.0,1.0,0.2855548941,0.2479531391,0.03934973478,0.03602439165
1453,1.0,0.0,0.0,0.0,1.0,1.0,0.2832425649,0.246046174,0.03923124075,0.03614884615
1454,1.0,0.0,0.0,0.0,1.0,1.0,0.2701193973,0.2246808455,0.03669255972,0.03274106979
1455,1.0,0.0,0.0,0.0,1.0,1.0,0.2227924006,0.1205551653,0.03029513359,0.01755416393
1456,1.0,0.0,0.0,0.0,1.0,1.0,0.2262888222,0.115170139,0.03047275543,0.01664716005
1457,1.0,0.0,0.0,0.0,1.0,1.0,0.2262886768,0.1093141419,0.03019410372,0.01565623283
1458,1.0,0.0,0.0,0.0,1.0,1.0,0.2334151584,0.1042725058,0.03122580051,0.01504516602
1459,1.0,0.0,0.0,0.0,1.0,1.0,0.2360386757,0.0999444634,0.03147035837,0.01445937157
1460,1.0,0.0,0.0,0.0,1.0,1.0,0.2327759482,0.1088883054,0.03093475103,0.01589304209
1461,1.0,0.0,0.0,0.0,1.0,1.0,0.2377620114,0.0949083046,0.03174012899,0.01376342773
1462,1.0,0.0,0.0,0.0,1.0,1.0,0.2398659459,0.09840062708,0.03221315145,0.01441115141
1463,1.0,0.0,0.0,0.0,1.0,1.0,0.2377618854,0.1163474811,0.03150391579,0.01700657606
1464,1.0,0.0,0.0,0.0,1.0,1.0,0.2360385343,0.1129638237,0.03115057945,0.01655751467
1465,1.0,0.0,0.0,0.0,1.0,1.0,0.2335536599,0.1102049535,0.03078114986,0.01608389616
1466,1.0,0.0,0.0,0.0,1.0,1.0,0.2327180103,0.1081485179,0.03122001886,0.01616752148
1467,1.0,0.0,0.0,0.0,1.0,1.0,0.2312757331,0.1040309064,0.0310317874,0.0155158639
1468,1.0,0.0,0.0,0.0,1.0,1.0,0.2317544948,0.1021736378,0.03095293045,0.01520013809
1469,1.0,0.0,0.0,0.0,1.0,1.0,0.2328594871,0.1077468866,0.03133666515,0.016084373
1470,1.0,0.0,0.0,0.0,1.0,1.0,0.2248748146,0.1070830361,0.02997756004,0.01582145691
1471,1.0,0.0,0.0,0.0,1.0,1.0,0.22790621,0.09805850747,0.03040826321,0.01450669765
1472,1.0,0.0,0.0,0.0,1.0,1.0,0.2260150682,0.1122967711,0.03016984463,0.01660722494
1473,1.0,0.0,0.0,0.0,1.0,1.0,0.2040099687,0.100315911,0.02785694599,0.01519471407
1474,1.0,0.0,0.0,0.0,1.0,1.0,0.1926634451,0.1139068451,0.02676028013,0.01728266478
1475,1.0,0.0,0.0,0.0,1.0,1.0,0.2198771871,0.1610822943,0.03059720993,0.02447777987
1476,1.0,0.0,0.0,0.0,1.0,1.0,0.2479081068,0.1973537232,0.03547161818,0.03044420481
1477,1.0,0.0,0.0,0.0,1.0,1.0,0.2794554504,0.2498603157,0.0399287343,0.03854233027
1478,1.0,0.0,0.0,0.0,1.0,1.0,0.2959886953,0.2649765508,0.042342484,0.04096770287
1479,1.0,0.0,0.0,0.0,1.0,1.0,0.3091249827,0.2815331902,0.04475444555,0.04393082857
1480,1.0,0.0,0.0,0.0,1.0,1.0,0.3142433462,0.2967092697,0.04579073191,0.04633259773
1481,1.0,0.0,0.0,0.0,1.0,1.0,0.3117526084,0.2994902976,0.0461165309,0.04747289419
1482,1.0,0.0,0.0,0.0,1.0,1.0,0.3138433907,0.3036498565,0.04592221975,0.04783564806
1483,1.0,0.0,0.0,0.0,1.0,1.0,0.3169870086,0.3067251804,0.04667389393,0.04887032509
1484,1.0,0.0,0.0,0.0,1.0,1.0,0.3188518092,0.3060573734,0.04683601856,0.04847937822
1485,1.0,0.0,0.0,0.0,1.0,1.0,0.3144310998,0.3008698775,0.04590278864,0.04754215479
1486,1.0,0.0,0.0,0.0,1.0,1.0,0.3154203881,0.3104067966,0.04726654291,0.05001455545
1487,1.0,0.0,0.0,0.0,1.0,1.0,0.3172539453,0.3032205099,0.04708600044,0.0487190485
1488,1.0,0.0,0.0,0.0,1.0,1.0,0.3044172267,0.2913627783,0.04565399885,0.04730415344
1489,1.0,0.0,0.0,0.0,1.0,1.0,0.3177989346,0.3081612385,0.04748874903,0.04991716146
1490,1.0,0.0,0.0,0.0,1.0,1.0,0.3133387839,0.3071371395,0.04635488987,0.04928529263
1491,1.0,0.0,0.0,0.0,1.0,1.0,0.3050070572,0.2941501922,0.0451617837,0.04731231928
1492,1.0,0.0,0.0,0.0,1.0,1.0,0.3058199517,0.2964445375,0.04530519247,0.04776149988
1493,1.0,0.0,0.0,0.0,1.0,1.0,0.313874157,0.2994961423,0.04697316885,0.0488960743
1494,1.0,0.0,0.0,0.0,1.0,1.0,0.3186626174,0.3098269499,0.04788583517,0.05060660839
1495,1.0,0.0,0.0,0.0,1.0,1.0,0.3219919889,0.3098269518,0.04827833176,0.05044817924
1496,1.0,0.0,0.0,0.0,1.0,1.0,0.3125526181,0.2991643534,0.04627585411,0.04815924168
1497,1.0,0.0,0.0,0.0,1.0,1.0,0.3135862994,0.3028609905,0.04666000605,0.04911577702
1498,1.0,0.0,0.0,0.0,1.0,1.0,0.3209886018,0.3064953632,0.04774230719,0.04991239309
1499,1.0,0.0,0.0,0.0,1.0,1.0,0.2964853305,0.2654770434,0.04300320148,0.04244834185
1500,1.0,0.0,0.0,0.0,1.0,1.0,0.2130286182,0.1443240361,0.03029745817,0.02265232801
1501,1.0,0.0,0.0,0.0,1.0,1.0,0.2160411697,0.1176880984,0.03073567152,0.01867121458
1502,1.0,0.0,0.0,0.0,1.0,1.0,0.2106177198,0.1333774291,0.03028798103,0.02143019438
1503,1.0,0.0,0.0,0.0,1.0,1.0,0.2426391526,0.1776011975,0.03518927097,0.02848654985
1504,1.0,0.0,0.0,0.0,1.0,1.0,0.2746556665,0.2222895142,0.04034376144,0.03614127636
1505,1.0,0.0,0.0,0.0,1.0,1.0,0.3144311234,0.283625319,0.04654806852,0.04654806852
1506,1.0,0.0,0.0,0.0,1.0,1.0,0.3232945882,0.2941501082,0.04786026478,0.04813373089
1507,1.0,0.0,0.0,0.0,1.0,1.0,0.330107466,0.3014981226,0.04930979013,0.04930979013
1508,1.0,0.0,0.0,0.0,1.0,1.0,0.3301079118,0.3064956974,0.04981130362,0.05063688755
1509,1.0,0.0,0.0,0.0,1.0,1.0,0.3301241507,0.312118171,0.04904544353,0.05066233873
1510,1.0,0.0,0.0,0.0,1.0,1.0,0.3343654982,0.3175487221,0.04990971088,0.05181884766
1511,1.0,0.0,0.0,0.0,1.0,1.0,0.3306975398,0.314013723,0.04880177975,0.05042850971
1512,1.0,0.0,0.0,0.0,1.0,1.0,0.3173410772,0.2991641551,0.04744780064,0.04881125689
1513,1.0,0.0,0.0,0.0,1.0,1.0,0.3197480221,0.2968142149,0.04727822542,0.04781860113
1514,1.0,0.0,0.0,0.0,1.0,1.0,0.3137991487,0.2891363173,0.04729515314,0.04729521275
1515,1.0,0.0,0.0,0.0,1.0,1.0,0.3065440889,0.2774370399,0.04616689682,0.04534733295
1516,1.0,0.0,0.0,0.0,1.0,1.0,0.3121001658,0.2791081738,0.04656291008,0.04494798183
1517,1.0,0.0,0.0,0.0,1.0,1.0,0.3168519319,0.2894008958,0.04686540365,0.04606205225
1518,1.0,0.0,0.0,0.0,1.0,1.0,0.3162791147,0.2901064051,0.04686999321,0.04633432627
1519,1.0,0.0,0.0,0.0,1.0,1.0,0.2991030808,0.2719572635,0.04424637556,0.04316723347
1520,1.0,0.0,0.0,0.0,1.0,1.0,0.2393297105,0.2041111539,0.03378659487,0.0313539505
1521,1.0,0.0,0.0,0.0,1.0,1.0,0.1688916329,0.1290188841,0.0235606432,0.0196800828
1522,1.0,0.0,0.0,0.0,1.0,1.0,0.1721811206,0.1417391697,0.02381241322,0.02134907246
1523,1.0,0.0,0.0,0.0,1.0,1.0,0.1672295303,0.1376045128,0.02410614491,0.02155375481
1524,1.0,0.0,0.0,0.0,1.0,1.0,0.1901849815,0.1630291658,0.02696347237,0.02531260252
1525,1.0,0.0,0.0,0.0,1.0,1.0,0.2195742799,0.1891305077,0.03148418665,0.0295842886
1526,1.0,0.0,0.0,0.0,1.0,1.0,0.2666419974,0.2404155088,0.03865480423,0.03784388304
1527,1.0,0.0,0.0,0.0,1.0,1.0,0.3146395101,0.2821552086,0.0459010601,0.04482096434
1528,1.0,0.0,0.0,0.0,1.0,1.0,0.3258652862,0.2978132303,0.04852706194,0.04798483849
1529,1.0,0.0,0.0,0.0,1.0,1.0,0.3465217971,0.314014145,0.05171173811,0.05062311888
1530,1.0,0.0,0.0,0.0,1.0,1.0,0.3428211584,0.3095910898,0.05160933733,0.05024397373
1531,1.0,0.0,0.0,0.0,1.0,1.0,0.3373794593,0.3068757349,0.05059742928,0.04978138208
1532,1.0,0.0,0.0,0.0,1.0,1.0,0.3434447995,0.3129564237,0.05110067129,0.05028951168
1533,1.0,0.0,0.0,0.0,1.0,1.0,0.3337587224,0.3015266262,0.0491116643,0.04803228378
1534,1.0,0.0,0.0,0.0,1.0,1.0,0.3361758326,0.3055726359,0.0496212244,0.0485483408
1535,1.0,0.0,0.0,0.0,1.0,1.0,0.3301076428,0.3042520215,0.04889976978,0.04835945368
1536,1.0,0.0,0.0,0.0,1.0,1.0,0.3349482143,0.302506802,0.04963874817,0.04830437899
1537,1.0,0.0,0.0,0.0,1.0,1.0,0.3313464004,0.309591676,0.04931151867,0.04931157827
1538,1.0,0.0,0.0,0.0,1.0,1.0,0.3277738176,0.3001677038,0.04900449514,0.04793334007
1539,1.0,0.0,0.0,0.0,1.0,1.0,0.3331473581,0.3038170451,0.04970282316,0.04863965511
1540,1.0,0.0,0.0,0.0,1.0,1.0,0.332554512,0.3075208317,0.04994761944,0.0491463542
1541,1.0,0.0,0.0,0.0,1.0,1.0,0.3355269955,0.3085524076,0.05062049627,0.04954344034
1542,1.0,0.0,0.0,0.0,1.0,1.0,0.3235602301,0.2984908207,0.04834198952,0.04780483246
1543,1.0,0.0,0.0,0.0,1.0,1.0,0.3355528699,0.3116904378,0.05047428608,0.04993152618
1544,1.0,0.0,0.0,0.0,1.0,1.0,0.322342253,0.298138632,0.0484970808,0.04768431187
1545,1.0,0.0,0.0,0.0,1.0,1.0,0.3170272746,0.2964447411,0.04792004824,0.04737859964
1546,1.0,0.0,0.0,0.0,1.0,1.0,0.3099870118,0.2920664454,0.04722237587,0.04695099592
1547,1.0,0.0,0.0,0.0,1.0,1.0,0.314770795,0.2971310963,0.0477437377,0.04747396708
1548,1.0,0.0,0.0,0.0,1.0,1.0,0.319965291,0.2937547834,0.04802340269,0.04694420099
1549,1.0,0.0,0.0,0.0,1.0,1.0,0.3090498141,0.2875108548,0.04658126831,0.04576408863
1550,1.0,0.0,0.0,0.0,1.0,1.0,0.3108571738,0.2840877695,0.04648518562,0.04486358166
1551,1.0,0.0,0.0,0.0,1.0,1.0,0.2987464055,0.2755311189,0.04469585419,0.04361230135
1552,1.0,0.0,0.0,0.0,1.0,1.0,0.3115374595,0.2940535676,0.04693257809,0.04693263769
1553,1.0,0.0,0.0,0.0,1.0,1.0,0.3234557287,0.3035848,0.04794424772,0.04794424772
1554,1.0,0.0,0.0,0.0,1.0,1.0,0.3307243657,0.3083023988,0.04944860935,0.04944860935
1555,1.0,0.0,0.0,0.0,1.0,1.0,0.3307244014,0.3072608312,0.04902112484,0.04902112484
1556,1.0,0.0,0.0,0.0,1.0,1.0,0.3289530163,0.3048298469,0.04928731918,0.04928731918
1557,1.0,0.0,0.0,0.0,1.0,1.0,0.3259440493,0.3031639911,0.04860395193,0.04887247086
1558,1.0,0.0,0.0,0.0,1.0,1.0,0.336159264,0.3114927564,0.05007100105,0.05034023523
1559,1.0,0.0,0.0,0.0,1.0,1.0,0.3253159215,0.3028112327,0.04887342453,0.04968798161
1560,1.0,0.0,0.0,0.0,1.0,1.0,0.3462354656,0.3233487355,0.05209869146,0.05317282677
1561,1.0,0.0,0.0,0.0,1.0,1.0,0.3361592632,0.3113015755,0.04990971088,0.05098307133
1562,1.0,0.0,0.0,0.0,1.0,1.0,0.3282025349,0.3031639693,0.04773676395,0.04908525944
1563,1.0,0.0,0.0,0.0,1.0,1.0,0.2566132713,0.218843328,0.0364138484,0.03477114439
1564,1.0,0.0,0.0,0.0,1.0,1.0,0.201468625,0.1422693783,0.02879333496,0.02258300781
1565,1.0,0.0,0.0,0.0,1.0,1.0,0.1846358556,0.1186388532,0.02588737011,0.0185713768
1566,1.0,0.0,0.0,0.0,1.0,1.0,0.1979095041,0.1244859054,0.02822941542,0.01976060867
1567,1.0,0.0,0.0,0.0,1.0,1.0,0.2018674181,0.1258164438,0.02869403362,0.01997333765
1568,1.0,0.0,0.0,0.0,1.0,1.0,0.2343651668,0.1852113271,0.03368967772,0.02951329947
1569,1.0,0.0,0.0,0.0,1.0,1.0,0.2670193646,0.2268356324,0.03906947374,0.03659319878
1570,1.0,0.0,0.0,0.0,1.0,1.0,0.306544011,0.2822343277,0.04584062099,0.04611182213
1571,1.0,0.0,0.0,0.0,1.0,1.0,0.340350789,0.3303803476,0.05087047815,0.05356198549
1572,1.0,0.0,0.0,0.0,1.0,1.0,0.352533686,0.350302645,0.05360132456,0.0574105382
1573,1.0,0.0,0.0,0.0,1.0,1.0,0.3466897099,0.3359326813,0.05141437054,0.05382442474
1574,1.0,0.0,0.0,0.0,1.0,1.0,0.3541190018,0.3437680719,0.05315041542,0.05530881882
1575,1.0,0.0,0.0,0.0,1.0,1.0,0.3707605001,0.3576598421,0.05651950836,0.05843085051
1576,1.0,0.0,0.0,0.0,1.0,1.0,0.3751254381,0.3710300265,0.05740177631,0.06068187952
1577,1.0,0.0,0.0,0.0,1.0,1.0,0.3708335624,0.3680373431,0.05627924204,0.05984812975
1578,1.0,0.0,0.0,0.0,1.0,1.0,0.3680256471,0.3663495149,0.06327188015,0.06730389595
1579,1.0,0.0,0.0,0.0,1.0,1.0,0.3616160715,0.3433458609,0.05410027504,0.054915905
1580,1.0,0.0,0.0,0.0,1.0,1.0,0.3698294236,0.3550204241,0.05567574501,0.05730527639
1581,1.0,0.0,0.0,0.0,1.0,1.0,0.3817689321,0.3718462842,0.05719596148,0.05962407589
1582,1.0,0.0,0.0,0.0,1.0,1.0,0.3742283828,0.3600682783,0.05631238222,0.05793678761
1583,1.0,0.0,0.0,0.0,1.0,1.0,0.3814250629,0.3638908431,0.05704563856,0.05839109421
1584,1.0,0.0,0.0,0.0,1.0,1.0,0.3762606316,0.3612846893,0.05618810654,0.05780887604
1585,1.0,0.0,0.0,0.0,1.0,1.0,0.3805669659,0.3612849637,0.05673331022,0.05781400204
1586,1.0,0.0,0.0,0.0,1.0,1.0,0.3855897441,0.36250953,0.0572193265,0.05775916576
1587,1.0,0.0,0.0,0.0,1.0,1.0,0.3895353523,0.3718062687,0.0584102273,0.05978143215
1588,1.0,0.0,0.0,0.0,1.0,1.0,0.3957644561,0.380739908,0.05878603458,0.06068235636
1589,1.0,0.0,0.0,0.0,1.0,1.0,0.3935816244,0.3739407331,0.05890905857,0.05999994278
1590,1.0,0.0,0.0,0.0,1.0,1.0,0.4005014186,0.3845310472,0.06018179655,0.06181573868
1591,1.0,0.0,0.0,0.0,1.0,1.0,0.3986894113,0.3837447121,0.06012064219,0.06148701906
1592,1.0,0.0,0.0,0.0,1.0,1.0,0.3935532884,0.3696564528,0.05859023333,0.05886268616
1593,1.0,0.0,0.0,0.0,1.0,1.0,0.3824911414,0.3564564434,0.05635505915,0.05662602186
1594,1.0,0.0,0.0,0.0,1.0,1.0,0.3938869038,0.3709267725,0.05853533745,0.05908238888
1595,1.0,0.0,0.0,0.0,1.0,1.0,0.392046137,0.3628111653,0.05807375908,0.05780112743
1596,1.0,0.0,0.0,0.0,1.0,1.0,0.3901615471,0.3623406709,0.05783951283,0.05783951283
1597,1.0,0.0,0.0,0.0,1.0,1.0,0.3938596445,0.3645224164,0.05768764019,0.05768764019
1598,1.0,0.0,0.0,0.0,1.0,1.0,0.394637278,0.3615726222,0.05856251717,0.05774533749
1599,1.0,0.0,0.0,0.0,1.0,1.0,0.3894887199,0.358161433,0.05793321133,0.05738657713
1600,1.0,0.0,0.0,0.0,1.0,1.0,0.3917226293,0.36034279,0.05833983421,0.05779457092
1601,1.0,0.0,0.0,0.0,1.0,1.0,0.3795116959,0.3462229746,0.05690532923,0.05607658625
1602,1.0,0.0,0.0,0.0,1.0,1.0,0.3612214653,0.327403353,0.05231076479,0.05149763823
1603,1.0,0.0,0.0,0.0,1.0,1.0,0.3505505854,0.3181615424,0.0513869524,0.0502936244
1604,1.0,0.0,0.0,0.0,1.0,1.0,0.3473897504,0.3227362621,0.05155599117,0.05128026009
1605,1.0,0.0,0.0,0.0,1.0,1.0,0.3519933596,0.3382991335,0.05252373219,0.05361229181
1606,1.0,0.0,0.0,0.0,1.0,1.0,0.3593698263,0.3625095718,0.0541459918,0.0576480031
1607,1.0,0.0,0.0,0.0,1.0,1.0,0.3676517938,0.3735115416,0.05475395918,0.05820930004
1608,1.0,0.0,0.0,0.0,1.0,1.0,0.3685883949,0.3794490938,0.05541968346,0.05968272686
1609,1.0,0.0,0.0,0.0,1.0,1.0,0.3672857475,0.3811427603,0.0553984046,0.05992615223
1610,1.0,0.0,0.0,0.0,1.0,1.0,0.3637483476,0.3793866836,0.05572414398,0.06023514271
1611,1.0,0.0,0.0,0.0,1.0,1.0,0.3579315042,0.3756293237,0.05425059795,0.05870598555
1612,1.0,0.0,0.0,0.0,1.0,1.0,0.3537542511,0.377715515,0.05391377211,0.0591481328
1613,1.0,0.0,0.0,0.0,1.0,1.0,0.3566401493,0.3801862051,0.05549031496,0.06051087379
1614,1.0,0.0,0.0,0.0,1.0,1.0,0.3529438582,0.3805824143,0.05398982763,0.05970031023
1615,1.0,0.0,0.0,0.0,1.0,1.0,0.3444596498,0.3697935421,0.05323076248,0.05821293592
1616,1.0,0.0,0.0,0.0,1.0,1.0,0.3365469929,0.3588602073,0.05246895552,0.05670887232
1617,1.0,0.0,0.0,0.0,1.0,1.0,0.3387368625,0.3574163236,0.05357301235,0.05728602409
1618,1.0,0.0,0.0,0.0,1.0,1.0,0.3123789411,0.3280994877,0.0486137867,0.05180156231
1619,1.0,0.0,0.0,0.0,1.0,1.0,0.2146948852,0.1797554703,0.03141069412,0.0270781517
1620,1.0,0.0,0.0,0.0,1.0,1.0,0.1901925434,0.1466572781,0.02737319469,0.02173751593
1621,1.0,0.0,0.0,0.0,1.0,1.0,0.186115541,0.1376040829,0.02667701244,0.02027451992
1622,1.0,0.0,0.0,0.0,1.0,1.0,0.2218977677,0.1953134268,0.03273141384,0.029538095
1623,1.0,0.0,0.0,0.0,1.0,1.0,0.2503010331,0.2403503765,0.03830963373,0.03750032187
1624,1.0,0.0,0.0,0.0,1.0,1.0,0.2850641759,0.2870018218,0.0439735055,0.04503309727
1625,1.0,0.0,0.0,0.0,1.0,1.0,0.3224005463,0.3242336268,0.05005097389,0.0511046648
1626,1.0,0.0,0.0,0.0,1.0,1.0,0.3370797512,0.3414762503,0.05184412003,0.05314028263
1627,1.0,0.0,0.0,0.0,1.0,1.0,0.3466077248,0.3519627676,0.05452692509,0.05611509085
1628,1.0,0.0,0.0,0.0,1.0,1.0,0.3403775262,0.3463411682,0.05302506685,0.05458462238
1629,1.0,0.0,0.0,0.0,1.0,1.0,0.3353946333,0.3386813444,0.05137586594,0.05266672373
1630,1.0,0.0,0.0,0.0,1.0,1.0,0.3393062659,0.3392146814,0.05267399549,0.05345630646
1631,1.0,0.0,0.0,0.0,1.0,1.0,0.3376266505,0.3420016954,0.05225259066,0.05355238914
1632,1.0,0.0,0.0,0.0,1.0,1.0,0.3426178958,0.345321885,0.05347061157,0.05425310135
1633,1.0,0.0,0.0,0.0,1.0,1.0,0.3404509471,0.342618267,0.05252695084,0.05330705643
1634,1.0,0.0,0.0,0.0,1.0,1.0,0.3263482911,0.3320181389,0.04998326302,0.05102461576
1635,1.0,0.0,0.0,0.0,1.0,1.0,0.3320123528,0.3325844435,0.05124217272,0.05176770687
1636,1.0,0.0,0.0,0.0,1.0,1.0,0.3308847949,0.3370998496,0.05178374052,0.0528459549
1637,1.0,0.0,0.0,0.0,1.0,1.0,0.3268398289,0.3342958923,0.05036020279,0.05142039061
1638,1.0,0.0,0.0,0.0,1.0,1.0,0.327942128,0.3308493027,0.05039989948,0.05119979382
1639,1.0,0.0,0.0,0.0,1.0,1.0,0.3238120775,0.3186373589,0.04973769188,0.04919999838
1640,1.0,0.0,0.0,0.0,1.0,1.0,0.3244257752,0.3249934297,0.04982578754,0.04982584715
1641,1.0,0.0,0.0,0.0,1.0,1.0,0.330219791,0.3302351262,0.05088746548,0.05115813017
1642,1.0,0.0,0.0,0.0,1.0,1.0,0.3156131137,0.3138595535,0.04871368408,0.04844301939
1643,1.0,0.0,0.0,0.0,1.0,1.0,0.3325639104,0.3308257204,0.05161112547,0.05161112547
1644,1.0,0.0,0.0,0.0,1.0,1.0,0.3267070147,0.3238607801,0.0499958992,0.0499958396
1645,1.0,0.0,0.0,0.0,1.0,1.0,0.3272820759,0.3203782786,0.04998505116,0.04944753647
1646,1.0,0.0,0.0,0.0,1.0,1.0,0.3325604985,0.3262065449,0.05160075426,0.05132776499
1647,1.0,0.0,0.0,0.0,1.0,1.0,0.3337357702,0.3308258154,0.05099463463,0.05126446486
1648,1.0,0.0,0.0,0.0,1.0,1.0,0.3284384745,0.322736496,0.05063396692,0.05063396692
1649,1.0,0.0,0.0,0.0,1.0,1.0,0.2646668349,0.2625346051,0.03909939528,0.03964626789
1650,1.0,0.0,0.0,0.0,1.0,1.0,0.1836495938,0.1634068497,0.02637165785,0.02387332916
1651,1.0,0.0,0.0,0.0,1.0,1.0,0.1580148751,0.1345402608,0.02298462391,0.02011150122
1652,1.0,0.0,0.0,0.0,1.0,1.0,0.1629737342,0.1335130752,0.02343469858,0.01976418495
1653,1.0,0.0,0.0,0.0,1.0,1.0,0.1646139816,0.1354207012,0.02394104004,0.02023589611
1654,1.0,0.0,0.0,0.0,1.0,1.0,0.1733134352,0.1347560935,0.02561187744,0.02048951387
1655,1.0,0.0,0.0,0.0,1.0,1.0,0.1662514391,0.1315053814,0.0244615078,0.01991051435
1656,1.0,0.0,0.0,0.0,1.0,1.0,0.1771651251,0.1398471284,0.02593833208,0.02114534378
1657,1.0,0.0,0.0,0.0,1.0,1.0,0.1817165099,0.1323887793,0.02687472105,0.02029901743
1658,1.0,0.0,0.0,0.0,1.0,1.0,0.1898165574,0.1244586787,0.02783423662,0.01874548197
1659,1.0,0.0,0.0,0.0,1.0,1.0,0.1812072622,0.1500994457,0.02795702219,0.0236337781
1660,1.0,0.0,0.0,0.0,1.0,1.0,0.198773879,0.1593312859,0.03016167879,0.02480584383
1661,1.0,0.0,0.0,0.0,1.0,1.0,0.2375274526,0.1963188721,0.03653365374,0.03091305494
1662,1.0,0.0,0.0,0.0,1.0,1.0,0.2435465797,0.1995350894,0.03778111935,0.03162413836
1663,1.0,0.0,0.0,0.0,1.0,1.0,0.2592468023,0.2139157737,0.04034918547,0.03394901752
1664,1.0,0.0,0.0,0.0,1.0,1.0,0.2680564243,0.2246132454,0.04172325134,0.03564435244
1665,1.0,0.0,0.0,0.0,1.0,1.0,0.2809819305,0.2419703194,0.04438215494,0.03876417875
1666,1.0,0.0,0.0,0.0,1.0,1.0,0.2896933018,0.2525280406,0.04503875971,0.03997188807
1667,1.0,0.0,0.0,0.0,1.0,1.0,0.3062807664,0.2629195872,0.04793941975,0.04233247042
1668,1.0,0.0,0.0,0.0,1.0,1.0,0.303241904,0.2673333739,0.04770362377,0.04318732023
1669,1.0,0.0,0.0,0.0,1.0,1.0,0.3122136884,0.2752848779,0.04914277792,0.04434144497
1670,1.0,0.0,0.0,0.0,1.0,1.0,0.3116537009,0.277038468,0.04847830534,0.04402059317
1671,1.0,0.0,0.0,0.0,1.0,1.0,0.30807199,0.2708279078,0.04821777344,0.04345202446
1672,1.0,0.0,0.0,0.0,1.0,1.0,0.3171986065,0.2865535027,0.0501267314,0.04592621326
1673,1.0,0.0,0.0,0.0,1.0,1.0,0.310780278,0.280331298,0.04890823364,0.04473996162
1674,1.0,0.0,0.0,0.0,1.0,1.0,0.3260967868,0.297743106,0.05155873299,0.04765695333
1675,1.0,0.0,0.0,0.0,1.0,1.0,0.3231407495,0.293542594,0.0511738658,0.04697936773
1676,1.0,0.0,0.0,0.0,1.0,1.0,0.3260965106,0.2935422331,0.05155694485,0.04681926966
1677,1.0,0.0,0.0,0.0,1.0,1.0,0.3249503504,0.2897690955,0.05154502392,0.04652988911
1678,1.0,0.0,0.0,0.0,1.0,1.0,0.3238608482,0.2952894214,0.05138552189,0.0466889739
1679,1.0,0.0,0.0,0.0,1.0,1.0,0.3115596652,0.2783913507,0.04973775148,0.04498755932
1680,1.0,0.0,0.0,0.0,1.0,1.0,0.3019515158,0.2690804128,0.0480749011,0.04329550266
1681,1.0,0.0,0.0,0.0,1.0,1.0,0.2819402333,0.2507495585,0.04444140196,0.04016816616
1682,1.0,0.0,0.0,0.0,1.0,1.0,0.2006527086,0.1591704497,0.03034353256,0.02485281229
1683,1.0,0.0,0.0,0.0,1.0,1.0,0.1813658974,0.1384994846,0.02696734667,0.02122962475
1684,1.0,0.0,0.0,0.0,1.0,1.0,0.1758100507,0.1435767242,0.0272783041,0.02283078432
1685,1.0,0.0,0.0,0.0,1.0,1.0,0.2065266103,0.1846793589,0.03206944466,0.02920609713
1686,1.0,0.0,0.0,0.0,1.0,1.0,0.2310636155,0.2092693626,0.03592193127,0.0330709815
1687,1.0,0.0,0.0,0.0,1.0,1.0,0.2556712014,0.2303678115,0.04039663076,0.03672420979
1688,1.0,0.0,0.0,0.0,1.0,1.0,0.2632939687,0.2373674285,0.04062229395,0.03675347567
1689,1.0,0.0,0.0,0.0,1.0,1.0,0.2656968356,0.2489772505,0.0420024991,0.03922080994
1690,1.0,0.0,0.0,0.0,1.0,1.0,0.2760696965,0.2655858411,0.04328835011,0.041644454
1691,1.0,0.0,0.0,0.0,1.0,1.0,0.2820726333,0.2690808077,0.04434913397,0.04215908051
1692,1.0,0.0,0.0,0.0,1.0,1.0,0.2767416063,0.2604929195,0.04357588291,0.04080033302
1693,1.0,0.0,0.0,0.0,1.0,1.0,0.2835295109,0.2738687015,0.04438072443,0.04271650314
1694,1.0,0.0,0.0,0.0,1.0,1.0,0.2860592322,0.2799856444,0.0441968441,0.04310560226
1695,1.0,0.0,0.0,0.0,1.0,1.0,0.28907988,0.2825276296,0.04491317272,0.04381775856
1696,1.0,0.0,0.0,0.0,1.0,1.0,0.2860531441,0.2848060022,0.04513370991,0.04485851526
1697,1.0,0.0,0.0,0.0,1.0,1.0,0.2923057822,0.2938500278,0.04578191042,0.04578197002
1698,1.0,0.0,0.0,0.0,1.0,1.0,0.2923900906,0.2903305864,0.045114398,0.0451143384
1699,1.0,0.0,0.0,0.0,1.0,1.0,0.2896413744,0.2817574246,0.04431796074,0.04349726439
1700,1.0,0.0,0.0,0.0,1.0,1.0,0.2840330565,0.2809816409,0.04365414381,0.04310846329
1701,1.0,0.0,0.0,0.0,1.0,1.0,0.2784161105,0.2819854026,0.04249972105,0.04304456711
1702,1.0,0.0,0.0,0.0,1.0,1.0,0.2722494225,0.2688031723,0.04179507494,0.04097020626
1703,1.0,0.0,0.0,0.0,1.0,1.0,0.2754644803,0.2776225095,0.04246973991,0.0421974659
1704,1.0,0.0,0.0,0.0,1.0,1.0,0.2751573584,0.2816606726,0.04247945547,0.04247939587
1705,1.0,0.0,0.0,0.0,1.0,1.0,0.2686670982,0.2821300909,0.04100251198,0.04182255268
1706,1.0,0.0,0.0,0.0,1.0,1.0,0.2740403813,0.2892157907,0.0415199399,0.04287683964
1707,1.0,0.0,0.0,0.0,1.0,1.0,0.2761381385,0.2866049313,0.04276770353,0.04304367304
1708,1.0,0.0,0.0,0.0,1.0,1.0,0.2712771267,0.2884418462,0.04162865877,0.04299801588
1709,1.0,0.0,0.0,0.0,1.0,1.0,0.2704583254,0.2868766734,0.04134839773,0.04244369268
1710,1.0,0.0,0.0,0.0,1.0,1.0,0.2809820466,0.2998325349,0.04337108135,0.04446905851
1711,1.0,0.0,0.0,0.0,1.0,1.0,0.2753383833,0.2905785051,0.04244834185,0.04327523708
1712,1.0,0.0,0.0,0.0,1.0,1.0,0.2787078236,0.3009473093,0.04281693697,0.04418051243
1713,1.0,0.0,0.0,0.0,1.0,1.0,0.2888458411,0.3097902031,0.04507774115,0.0464605093
1714,1.0,0.0,0.0,0.0,1.0,1.0,0.2819855592,0.3076642594,0.04363238811,0.04556548595
1715,1.0,0.0,0.0,0.0,1.0,1.0,0.2886087049,0.3083780157,0.04512327909,0.04623746872
1716,1.0,0.0,0.0,0.0,1.0,1.0,0.2898736218,0.3095287903,0.04485827684,0.04568392038
1717,1.0,0.0,0.0,0.0,1.0,1.0,0.2984198674,0.3213818862,0.04662531614,0.04772889614
1718,1.0,0.0,0.0,0.0,1.0,1.0,0.2961310302,0.3176664695,0.04631656408,0.04714363813
1719,1.0,0.0,0.0,0.0,1.0,1.0,0.2880952974,0.3118557153,0.04443818331,0.04553538561
1720,1.0,0.0,0.0,0.0,1.0,1.0,0.2842935985,0.2998326188,0.04452443123,0.04480099678
1721,1.0,0.0,0.0,0.0,1.0,1.0,0.2457941224,0.2687893797,0.03806847334,0.03974795341
1722,1.0,0.0,0.0,0.0,1.0,1.0,0.172907186,0.1938915927,0.02586638927,0.02757185698
1723,1.0,0.0,0.0,0.0,1.0,1.0,0.1362002526,0.1672451419,0.02036970854,0.02381247282
1724,1.0,0.0,0.0,0.0,1.0,1.0,0.1316058647,0.1665734683,0.01949846745,0.02345466614
1725,1.0,0.0,0.0,0.0,1.0,1.0,0.1615638542,0.1903699736,0.02438527346,0.02722078562
1726,1.0,0.0,0.0,0.0,1.0,1.0,0.1793389433,0.209686922,0.02727407217,0.03039926291
1727,1.0,0.0,0.0,0.0,1.0,1.0,0.2218979566,0.2517680837,0.03415995836,0.03665947914
1728,1.0,0.0,0.0,0.0,1.0,1.0,0.2543380685,0.2772036277,0.0399081111,0.0413133502
1729,1.0,0.0,0.0,0.0,1.0,1.0,0.2785041172,0.2950384154,0.04370450974,0.04425776005
1730,1.0,0.0,0.0,0.0,1.0,1.0,0.2863078318,0.2994649695,0.04506164789,0.04506158829
1731,1.0,0.0,0.0,0.0,1.0,1.0,0.2838137354,0.3013022325,0.04432523251,0.0445971489
1732,1.0,0.0,0.0,0.0,1.0,1.0,0.2865531597,0.3031396738,0.04524540901,0.04552131891
1733,1.0,0.0,0.0,0.0,1.0,1.0,0.3041777065,0.3215117742,0.04865586758,0.04865592718
1734,1.0,0.0,0.0,0.0,1.0,1.0,0.2972257313,0.3155174485,0.04719805717,0.04775005579
1735,1.0,0.0,0.0,0.0,1.0,1.0,0.2895417113,0.3063981522,0.04568821192,0.04623866081
1736,1.0,0.0,0.0,0.0,1.0,1.0,0.2872958526,0.3045744133,0.0455135107,0.0460652113
1737,1.0,0.0,0.0,0.0,1.0,1.0,0.3052396499,0.3166725755,0.04841583967,0.04786247015
1738,1.0,0.0,0.0,0.0,1.0,1.0,0.3125402583,0.3259049111,0.05006200075,0.04951184988
1739,1.0,0.0,0.0,0.0,1.0,1.0,0.3073884737,0.3222838252,0.04900228977,0.04872852564
1740,1.0,0.0,0.0,0.0,1.0,1.0,0.3050020435,0.3185034449,0.04860794544,0.04778409004
1741,1.0,0.0,0.0,0.0,1.0,1.0,0.3013912161,0.3136935497,0.04766583443,0.04711800814
1742,1.0,0.0,0.0,0.0,1.0,1.0,0.3083200966,0.3221643447,0.04882973433,0.04828107357
1743,1.0,0.0,0.0,0.0,1.0,1.0,0.3135161314,0.3263859807,0.04973614216,0.04863703251
1744,1.0,0.0,0.0,0.0,1.0,1.0,0.3165186226,0.3294863156,0.05076473951,0.04966115952
1745,1.0,0.0,0.0,0.0,1.0,1.0,0.3176120726,0.3337619517,0.05109918118,0.05026602745
1746,1.0,0.0,0.0,0.0,1.0,1.0,0.3187128135,0.3270231567,0.05080890656,0.04915207624
1747,1.0,0.0,0.0,0.0,1.0,1.0,0.3107075401,0.3263860205,0.04976546764,0.04893600941
1748,1.0,0.0,0.0,0.0,1.0,1.0,0.31625712,0.329445555,0.0505412221,0.04970347881
1749,1.0,0.0,0.0,0.0,1.0,1.0,0.3215596391,0.3337621927,0.05112677813,0.05002135038
1750,1.0,0.0,0.0,0.0,1.0,1.0,0.3191202658,0.3288129147,0.0502307415,0.04885077477
1751,1.0,0.0,0.0,0.0,1.0,1.0,0.3167246433,0.3281748502,0.04990649223,0.04879742861
1752,1.0,0.0,0.0,0.0,1.0,1.0,0.3138596556,0.3238933687,0.05026805401,0.04914480448
1753,1.0,0.0,0.0,0.0,1.0,1.0,0.3112140398,0.3232397654,0.04902380705,0.04874372482
1754,1.0,0.0,0.0,0.0,1.0,1.0,0.3101105297,0.3225812999,0.048871696,0.04831320047
1755,1.0,0.0,0.0,0.0,1.0,1.0,0.3204731571,0.3268852792,0.05033904314,0.04948586226
1756,1.0,0.0,0.0,0.0,1.0,1.0,0.2351624888,0.259397248,0.0359801054,0.03822892904
1757,1.0,0.0,0.0,0.0,1.0,1.0,0.1095545295,0.1679225924,0.01619178057,0.02357745171
1758,1.0,0.0,0.0,0.0,1.0,1.0,0.1136168299,0.1625599128,0.0166567564,0.0228677392
1759,1.0,0.0,0.0,0.0,1.0,1.0,0.1475810675,0.1890838674,0.02234637737,0.02772086859
1760,1.0,0.0,0.0,0.0,1.0,1.0,0.1943869839,0.2356099691,0.02941149473,0.03440588713
1761,1.0,0.0,0.0,0.0,1.0,1.0,0.2641385102,0.2847673485,0.04102247953,0.04296267033
1762,1.0,0.0,0.0,0.0,1.0,1.0,0.3017509922,0.3105410056,0.04745447636,0.04772883654
1763,1.0,0.0,0.0,0.0,1.0,1.0,0.3244263058,0.32960324,0.05090421438,0.05090421438
1764,1.0,0.0,0.0,0.0,1.0,1.0,0.3238124814,0.3284384722,0.05077779293,0.05105221272
1765,1.0,0.0,0.0,0.0,1.0,1.0,0.3191933645,0.3249070171,0.04938274622,0.04965263605
1766,1.0,0.0,0.0,0.0,1.0,1.0,0.3174494435,0.3237627921,0.04935747385,0.04989981651
1767,1.0,0.0,0.0,0.0,1.0,1.0,0.3146070739,0.3232464045,0.04945015907,0.05054301023
1768,1.0,0.0,0.0,0.0,1.0,1.0,0.326774167,0.3267405308,0.05119270086,0.05092036724
1769,1.0,0.0,0.0,0.0,1.0,1.0,0.3168105909,0.3202438338,0.04929322004,0.04956561327
1770,1.0,0.0,0.0,0.0,1.0,1.0,0.3186372942,0.3232461778,0.05038398504,0.05093467236
1771,1.0,0.0,0.0,0.0,1.0,1.0,0.3180831898,0.3214990968,0.04983973503,0.05011212826
1772,1.0,0.0,0.0,0.0,1.0,1.0,0.3127625123,0.3167246653,0.04868245125,0.04895442724
1773,1.0,0.0,0.0,0.0,1.0,1.0,0.3117840799,0.3151550786,0.0489282012,0.04920005798
1774,1.0,0.0,0.0,0.0,1.0,1.0,0.3007016701,0.3064490602,0.04707950354,0.04789590836
1775,1.0,0.0,0.0,0.0,1.0,1.0,0.3059160784,0.3110152763,0.04775625467,0.04829895496
1776,1.0,0.0,0.0,0.0,1.0,1.0,0.3053848484,0.306448908,0.04770469666,0.04770469666
1777,1.0,0.0,0.0,0.0,1.0,1.0,0.3019148884,0.3057733203,0.04704672098,0.04731708765
1778,1.0,0.0,0.0,0.0,1.0,1.0,0.3095158134,0.3151550404,0.04806631804,0.04860335588
1779,1.0,0.0,0.0,0.0,1.0,1.0,0.3095158964,0.3095155144,0.04829293489,0.04829287529
1780,1.0,0.0,0.0,0.0,1.0,1.0,0.299316403,0.3008703343,0.04716074467,0.04716080427
1781,1.0,0.0,0.0,0.0,1.0,1.0,0.3013913311,0.3032789411,0.04697501659,0.04751497507
1782,1.0,0.0,0.0,0.0,1.0,1.0,0.3050019732,0.3060577784,0.04783892632,0.04783898592
1783,1.0,0.0,0.0,0.0,1.0,1.0,0.3065878773,0.3067252028,0.04770761728,0.04797714949
1784,1.0,0.0,0.0,0.0,1.0,1.0,0.2961949693,0.296386059,0.04601711035,0.04628622532
1785,1.0,0.0,0.0,0.0,1.0,1.0,0.294572429,0.2915035624,0.04527837038,0.04527831078
1786,1.0,0.0,0.0,0.0,1.0,1.0,0.3012253546,0.2953676156,0.04659181833,0.04632252455
1787,1.0,0.0,0.0,0.0,1.0,1.0,0.2935423021,0.2894937804,0.04525876045,0.04525882006
1788,1.0,0.0,0.0,0.0,1.0,1.0,0.2948883223,0.2960019914,0.04539579153,0.04621130228
1789,1.0,0.0,0.0,0.0,1.0,1.0,0.2978935747,0.2991408062,0.04671978951,0.04782557487
1790,1.0,0.0,0.0,0.0,1.0,1.0,0.2926056584,0.2904952321,0.04554492235,0.04609364271
1791,1.0,0.0,0.0,0.0,1.0,1.0,0.2929095606,0.2917951793,0.04539626837,0.04594647884
1792,1.0,0.0,0.0,0.0,1.0,1.0,0.3024859169,0.2939535644,0.04659050703,0.0463180542
1793,1.0,0.0,0.0,0.0,1.0,1.0,0.2978937467,0.2974120255,0.04595607519,0.04677188396
1794,1.0,0.0,0.0,0.0,1.0,1.0,0.2973694694,0.2949741891,0.046051085,0.04632353783
1795,1.0,0.0,0.0,0.0,1.0,1.0,0.2923899717,0.2855548226,0.04493355751,0.04466122389
1796,1.0,0.0,0.0,0.0,1.0,1.0,0.2931226229,0.2880332334,0.04586523771,0.04586517811
1797,1.0,0.0,0.0,0.0,1.0,1.0,0.3136548284,0.3060573618,0.04856234789,0.04856228828
1798,1.0,0.0,0.0,0.0,1.0,1.0,0.3165492029,0.3077865957,0.04844766855,0.04844766855
1799,1.0,0.0,0.0,0.0,1.0,1.0,0.3200359198,0.3110151614,0.04913383722,0.04885935783
1800,1.0,0.0,0.0,0.0,1.0,1.0,0.3213127158,0.3118944651,0.04940903187,0.04940897226
1801,1.0,0.0,0.0,0.0,1.0,1.0,0.3302045759,0.3211264041,0.05128192902,0.05128186941
1802,1.0,0.0,0.0,0.0,1.0,1.0,0.3307759686,0.3210012851,0.05070096254,0.0504283905
1803,1.0,0.0,0.0,0.0,1.0,1.0,0.3237128289,0.3181616229,0.04988002777,0.05015265942
1804,1.0,0.0,0.0,0.0,1.0,1.0,0.3254821724,0.3147032447,0.04979896545,0.04925763607
1805,1.0,0.0,0.0,0.0,1.0,1.0,0.3249502291,0.3187873114,0.0501716733,0.0501716733
1806,1.0,0.0,0.0,0.0,1.0,1.0,0.3266381612,0.3157958959,0.05037325621,0.04982572794
1807,1.0,0.0,0.0,0.0,1.0,1.0,0.321375442,0.3192661285,0.05028289557,0.05083543062
1808,1.0,0.0,0.0,0.0,1.0,1.0,0.3136548574,0.3116726146,0.04840582609,0.04895275831
1809,1.0,0.0,0.0,0.0,1.0,1.0,0.314770738,0.3138599394,0.04833620787,0.04888242483
1810,1.0,0.0,0.0,0.0,1.0,1.0,0.3202434133,0.3175312017,0.04974526167,0.05001866817
1811,1.0,0.0,0.0,0.0,1.0,1.0,0.320808355,0.32161961,0.04969733953,0.05078959465
1812,1.0,0.0,0.0,0.0,1.0,1.0,0.3220030928,0.3192659651,0.0501858592,0.05046010017
1813,1.0,0.0,0.0,0.0,1.0,1.0,0.3160779355,0.31689604,0.0485432148,0.04935675859
1814,1.0,0.0,0.0,0.0,1.0,1.0,0.322626779,0.3205103936,0.05031567812,0.05086255074
1815,1.0,0.0,0.0,0.0,1.0,1.0,0.3191201129,0.3164319939,0.04948699474,0.04975885153
1816,1.0,0.0,0.0,0.0,1.0,1.0,0.3168106284,0.3153412995,0.04951429367,0.05006146431
1817,1.0,0.0,0.0,0.0,1.0,1.0,0.318083456,0.3142576207,0.04989141226,0.04989141226
1818,1.0,0.0,0.0,0.0,1.0,1.0,0.3073854997,0.3075205606,0.04696959257,0.04723799229
1819,1.0,0.0,0.0,0.0,1.0,1.0,0.3157051613,0.316432461,0.04959470034,0.05014270544
1820,1.0,0.0,0.0,0.0,1.0,1.0,0.3079267356,0.3047079673,0.04748117924,0.04748117924
1821,1.0,0.0,0.0,0.0,1.0,1.0,0.3092678568,0.3105905141,0.04802727699,0.04856997728
1822,1.0,0.0,0.0,0.0,1.0,1.0,0.3010575479,0.3036498948,0.04668903351,0.04750341177
1823,1.0,0.0,0.0,0.0,1.0,1.0,0.3084696009,0.3121065806,0.04794698954,0.04876899719
1824,1.0,0.0,0.0,0.0,1.0,1.0,0.3143124336,0.3171989311,0.0484701395,0.04874241352
1825,1.0,0.0,0.0,0.0,1.0,1.0,0.3014191518,0.3044072448,0.04648184776,0.04702544212
1826,1.0,0.0,0.0,0.0,1.0,1.0,0.2931224748,0.2966541347,0.04516130686,0.04570543766
1827,1.0,0.0,0.0,0.0,1.0,1.0,0.2923900363,0.296987188,0.04496669769,0.04551172256
1828,1.0,0.0,0.0,0.0,1.0,1.0,0.2916518917,0.2962631173,0.0445381403,0.04508131742
1829,1.0,0.0,0.0,0.0,1.0,1.0,0.2832924516,0.2880953216,0.04429447651,0.04456961155
1830,1.0,0.0,0.0,0.0,1.0,1.0,0.2915772064,0.2923898045,0.04472637177,0.04445689917
1831,1.0,0.0,0.0,0.0,1.0,1.0,0.2908429574,0.2926937399,0.04473847151,0.04446732998
1832,1.0,0.0,0.0,0.0,1.0,1.0,0.2732159884,0.2784159374,0.04217267036,0.04244476557
1833,1.0,0.0,0.0,0.0,1.0,1.0,0.2762540278,0.2855548146,0.04254990816,0.04336297512
1834,1.0,0.0,0.0,0.0,1.0,1.0,0.2875588093,0.2959340881,0.04483926296,0.04565948248
1835,1.0,0.0,0.0,0.0,1.0,1.0,0.288571467,0.2944782808,0.04509186745,0.04536676407
1836,1.0,0.0,0.0,0.0,1.0,1.0,0.2807618625,0.2894066087,0.04330986738,0.04385465384
1837,1.0,0.0,0.0,0.0,1.0,1.0,0.2709752915,0.2822167402,0.04211121798,0.04293161631
1838,1.0,0.0,0.0,0.0,1.0,1.0,0.2805450202,0.2919518656,0.04390150309,0.04472470284
1839,1.0,0.0,0.0,0.0,1.0,1.0,0.2810380349,0.293001723,0.04371666908,0.04453635216
1840,1.0,0.0,0.0,0.0,1.0,1.0,0.2926057733,0.3030795455,0.0457726717,0.04632407427
1841,1.0,0.0,0.0,0.0,1.0,1.0,0.2944784205,0.3045743071,0.04523187876,0.04578012228
1842,1.0,0.0,0.0,0.0,1.0,1.0,0.2799854948,0.2965376226,0.04394966364,0.04506230354
1843,1.0,0.0,0.0,0.0,1.0,1.0,0.2082169319,0.2411107133,0.03083533049,0.03475987911
1844,1.0,0.0,0.0,0.0,1.0,1.0,0.152719593,0.1951103082,0.02213281393,0.02745586634
1845,1.0,0.0,0.0,0.0,1.0,1.0,0.1207902945,0.1619098427,0.01762640476,0.0230280757
1846,1.0,0.0,0.0,0.0,1.0,1.0,0.1149455546,0.1591852251,0.01668262482,0.0223377347
1847,1.0,0.0,0.0,0.0,1.0,1.0,0.09817692967,0.1733725881,0.01427537203,0.02426815033
1848,1.0,0.0,0.0,0.0,1.0,1.0,0.09659318448,0.1658908321,0.01401007175,0.02315944433
1849,1.0,0.0,0.0,0.0,1.0,1.0,0.09462193973,0.168630211,0.01366817951,0.02334976196
1850,1.0,0.0,0.0,0.0,1.0,1.0,0.09265034434,0.1727433068,0.01341819763,0.02398151159
1851,1.0,0.0,0.0,0.0,1.0,1.0,0.1075719896,0.1726679427,0.0154722333,0.02391165495
1852,1.0,0.0,0.0,0.0,1.0,1.0,0.09798439681,0.174082965,0.0140401125,0.02386820316
1853,1.0,0.0,0.0,0.0,1.0,1.0,0.1013076454,0.1794919356,0.0148255825,0.02508956194
1854,1.0,0.0,0.0,0.0,1.0,1.0,0.093515033,0.176131117,0.01339524984,0.02399981022
1855,1.0,0.0,0.0,0.0,1.0,1.0,0.09955386558,0.1830256232,0.01461607218,0.02550649643
1856,1.0,0.0,0.0,0.0,1.0,1.0,0.09703326263,0.1891944383,0.01438969374,0.02647697926
1857,1.0,0.0,0.0,0.0,1.0,1.0,0.09174581461,0.1941063788,0.01353192329,0.02706378698
1858,1.0,0.0,0.0,0.0,1.0,1.0,0.09760159508,0.1886914265,0.0143289566,0.02607876062
1859,1.0,0.0,0.0,0.0,1.0,1.0,0.09640298829,0.1899763591,0.01397997141,0.02624803782
1860,1.0,0.0,0.0,0.0,1.0,1.0,0.09621360088,0.1853133223,0.01410233974,0.02561444044
1861,1.0,0.0,0.0,0.0,1.0,1.0,0.1049995428,0.1843233943,0.01550155878,0.02583599091
1862,1.0,0.0,0.0,0.0,1.0,1.0,0.1395449888,0.1911283857,0.02086478472,0.02706778049
1863,1.0,0.0,0.0,0.0,1.0,1.0,0.1940308609,0.2335861085,0.02939170599,0.03382819891
1864,1.0,0.0,0.0,0.0,1.0,1.0,0.2769323509,0.2866046709,0.04315489531,0.04315489531
1865,1.0,0.0,0.0,0.0,1.0,1.0,0.2914293491,0.2969357604,0.04441738129,0.04468989372
1866,1.0,0.0,0.0,0.0,1.0,1.0,0.3272507858,0.3237628215,0.05073678493,0.05046254396
1867,1.0,0.0,0.0,0.0,1.0,1.0,0.3267407986,0.3159747309,0.05083853006,0.0500229001
1868,1.0,0.0,0.0,0.0,1.0,1.0,0.3290415984,0.3194091631,0.05063462257,0.05036383867
1869,1.0,0.0,0.0,0.0,1.0,1.0,0.3278023948,0.3170644988,0.05060172081,0.05060178041
1870,1.0,0.0,0.0,0.0,1.0,1.0,0.3142117726,0.3008523571,0.04833984375,0.04833984375
1871,1.0,0.0,0.0,0.0,1.0,1.0,0.3176800358,0.305290525,0.04833710194,0.0486086607
1872,1.0,0.0,0.0,0.0,1.0,1.0,0.3236118487,0.3089490488,0.04939776659,0.04994356632
1873,1.0,0.0,0.0,0.0,1.0,1.0,0.3278590553,0.3158770222,0.05074936152,0.0515679121
1874,1.0,0.0,0.0,0.0,1.0,1.0,0.3384636452,0.3183041192,0.05141568184,0.05195403099
1875,1.0,0.0,0.0,0.0,1.0,1.0,0.3590915777,0.3391546522,0.05569374561,0.05679112673
1876,1.0,0.0,0.0,0.0,1.0,1.0,0.3520158631,0.3238320669,0.05309760571,0.05256390572
1877,1.0,0.0,0.0,0.0,1.0,1.0,0.3655205223,0.3380468269,0.05694723129,0.05694723129
1878,1.0,0.0,0.0,0.0,1.0,1.0,0.3722184735,0.3407930912,0.0573489666,0.05734890699
1879,1.0,0.0,0.0,0.0,1.0,1.0,0.3701637574,0.3364457728,0.05512756109,0.05485862494
1880,1.0,0.0,0.0,0.0,1.0,1.0,0.3706300608,0.3369828209,0.05529087782,0.0550224781
1881,1.0,0.0,0.0,0.0,1.0,1.0,0.3799679535,0.345202095,0.05674952269,0.05648058653
1882,1.0,0.0,0.0,0.0,1.0,1.0,0.3798781711,0.3463410614,0.05661326647,0.05661326647
1883,1.0,0.0,0.0,0.0,1.0,1.0,0.3806538347,0.3468458038,0.05758792162,0.05758792162
1884,1.0,0.0,0.0,0.0,1.0,1.0,0.3781671083,0.3446921684,0.05654597282,0.05627673864
1885,1.0,0.0,0.0,0.0,1.0,1.0,0.3838436674,0.3446919098,0.05867594481,0.0578455925
1886,1.0,0.0,0.0,0.0,1.0,1.0,0.3809125078,0.3392145703,0.05807971954,0.05669689178
1887,1.0,0.0,0.0,0.0,1.0,1.0,0.3791920509,0.3430429107,0.05849331617,0.05793625116
1888,1.0,0.0,0.0,0.0,1.0,1.0,0.3647595533,0.3204191089,0.05540269613,0.05346363783
1889,1.0,0.0,0.0,0.0,1.0,1.0,0.371039414,0.33038005,0.05580222607,0.05443447828
1890,1.0,0.0,0.0,0.0,1.0,1.0,0.3834219739,0.3425238837,0.05776023865,0.05666530132
1891,1.0,0.0,0.0,0.0,1.0,1.0,0.3855899182,0.3446923207,0.06017702818,0.05932551622
1892,1.0,0.0,0.0,0.0,1.0,1.0,0.3862930373,0.3425238371,0.05812990665,0.05675888062
1893,1.0,0.0,0.0,0.0,1.0,1.0,0.383843791,0.3458334157,0.0571218133,0.0563134551
1894,1.0,0.0,0.0,0.0,1.0,1.0,0.3914406206,0.3541068746,0.05924904346,0.05870044231
1895,1.0,0.0,0.0,0.0,1.0,1.0,0.3822998675,0.3464732035,0.05751305819,0.0569653511
1896,1.0,0.0,0.0,0.0,1.0,1.0,0.3758116855,0.3348131355,0.05662310123,0.05498188734
1897,1.0,0.0,0.0,0.0,1.0,1.0,0.3774245068,0.3376041315,0.05619466305,0.05510348082
1898,1.0,0.0,0.0,0.0,1.0,1.0,0.379511379,0.3365124971,0.0567612052,0.05510801077
1899,1.0,0.0,0.0,0.0,1.0,1.0,0.3799530177,0.3415602343,0.05650132895,0.05540955067
1900,1.0,0.0,0.0,0.0,1.0,1.0,0.3666155977,0.3258314602,0.0550661087,0.05340582132
1901,1.0,0.0,0.0,0.0,1.0,1.0,0.3719280434,0.3309189411,0.05517679453,0.05381774902
1902,1.0,0.0,0.0,0.0,1.0,1.0,0.3627671388,0.3258316153,0.05519247055,0.05379873514
1903,1.0,0.0,0.0,0.0,1.0,1.0,0.3657378691,0.3259048497,0.05481755733,0.0529178977
1904,1.0,0.0,0.0,0.0,1.0,1.0,0.3737599591,0.3342727985,0.05662244558,0.05495709181
1905,1.0,0.0,0.0,0.0,1.0,1.0,0.3757025828,0.3398777678,0.05571848154,0.05463659763
1906,1.0,0.0,0.0,0.0,1.0,1.0,0.3757025724,0.342181819,0.05621135235,0.05511987209
1907,1.0,0.0,0.0,0.0,1.0,1.0,0.3608090933,0.3225625809,0.05468380451,0.05276995897
1908,1.0,0.0,0.0,0.0,1.0,1.0,0.3660435839,0.3231526993,0.05559235811,0.05286717415
1909,1.0,0.0,0.0,0.0,1.0,1.0,0.3716335763,0.3392753043,0.05618214607,0.05536395311
1910,1.0,0.0,0.0,0.0,1.0,1.0,0.3673237478,0.3397444471,0.05662578344,0.05662584305
1911,1.0,0.0,0.0,0.0,1.0,1.0,0.3679806721,0.3403414956,0.05673104525,0.05645561218
1912,1.0,0.0,0.0,0.0,1.0,1.0,0.3679804413,0.3403414923,0.05574303865,0.05547243357
1913,1.0,0.0,0.0,0.0,1.0,1.0,0.3673623794,0.3387370891,0.05581271648,0.05526554585
1914,1.0,0.0,0.0,0.0,1.0,1.0,0.3596916397,0.3331477303,0.05433446169,0.05406421423
1915,1.0,0.0,0.0,0.0,1.0,1.0,0.3679801418,0.3414759693,0.05666077137,0.05638575554
1916,1.0,0.0,0.0,0.0,1.0,1.0,0.3696321345,0.3398777823,0.05641812086,0.05532264709
1917,1.0,0.0,0.0,0.0,1.0,1.0,0.3795577209,0.3545873809,0.05894255638,0.05921792984
1918,1.0,0.0,0.0,0.0,1.0,1.0,0.3728858577,0.3403414856,0.05627447367,0.05546283722
1919,1.0,0.0,0.0,0.0,1.0,1.0,0.3681680758,0.3386814441,0.0560784936,0.05580496788
1920,1.0,0.0,0.0,0.0,1.0,1.0,0.3807396285,0.3514704498,0.05767685175,0.05740481615
1921,1.0,0.0,0.0,0.0,1.0,1.0,0.3797165951,0.3486421933,0.05855774879,0.05800521374
1922,1.0,0.0,0.0,0.0,1.0,1.0,0.3642491418,0.3270597323,0.05533897877,0.05370330811
1923,1.0,0.0,0.0,0.0,1.0,1.0,0.3731009417,0.3403412255,0.05818849802,0.05762624741
1924,1.0,0.0,0.0,0.0,1.0,1.0,0.3678817102,0.3325901588,0.05583661795,0.05473637581
1925,1.0,0.0,0.0,0.0,1.0,1.0,0.3635963238,0.3221888219,0.0547658205,0.05287736654
1926,1.0,0.0,0.0,0.0,1.0,1.0,0.3773496859,0.3396796713,0.05721217394,0.05613267422
1927,1.0,0.0,0.0,0.0,1.0,1.0,0.360305989,0.321602667,0.05450093746,0.0534054637
1928,1.0,0.0,0.0,0.0,1.0,1.0,0.3640889938,0.3254764602,0.05465739965,0.05357509851
1929,1.0,0.0,0.0,0.0,1.0,1.0,0.3637607234,0.3238325316,0.05529987812,0.05393111706
1930,1.0,0.0,0.0,0.0,1.0,1.0,0.3548742204,0.3150057253,0.05364257097,0.05227416754
1931,1.0,0.0,0.0,0.0,1.0,1.0,0.3606326272,0.3238321832,0.05425906181,0.05371373892
1932,1.0,0.0,0.0,0.0,1.0,1.0,0.3645994779,0.3204191001,0.05443900824,0.05279761553
1933,1.0,0.0,0.0,0.0,1.0,1.0,0.3661228514,0.3208912726,0.05475968122,0.05310034752
1934,1.0,0.0,0.0,0.0,1.0,1.0,0.3766832824,0.3258312512,0.05565267801,0.05397468805
1935,1.0,0.0,0.0,0.0,1.0,1.0,0.3836807534,0.3404140539,0.05735307932,0.05679357052
1936,1.0,0.0,0.0,0.0,1.0,1.0,0.3700944311,0.3224548992,0.05451059341,0.05285030603
1937,1.0,0.0,0.0,0.0,1.0,1.0,0.3815371122,0.3359328963,0.05704349279,0.05593049526
1938,1.0,0.0,0.0,0.0,1.0,1.0,0.371490866,0.3253216248,0.0544295311,0.0536006093
1939,1.0,0.0,0.0,0.0,1.0,1.0,0.3757297595,0.3314647427,0.05597490072,0.0551353097
1940,1.0,0.0,0.0,0.0,1.0,1.0,0.3790336901,0.3314646784,0.05563080311,0.05452370644
1941,1.0,0.0,0.0,0.0,1.0,1.0,0.378115938,0.3359611062,0.05511879921,0.05511879921
1942,1.0,0.0,0.0,0.0,1.0,1.0,0.3651442651,0.318614062,0.05354303122,0.05243909359
1943,1.0,0.0,0.0,0.0,1.0,1.0,0.3761944104,0.3281499574,0.05506128073,0.05396550894
1944,1.0,0.0,0.0,0.0,1.0,1.0,0.3942753207,0.3522624062,0.0584872365,0.0584872365
1945,1.0,0.0,0.0,0.0,1.0,1.0,0.3754811746,0.3260472897,0.05511534214,0.05376440287
1946,1.0,0.0,0.0,0.0,1.0,1.0,0.3906074559,0.3489854483,0.05788761377,0.05788761377
1947,1.0,0.0,0.0,0.0,1.0,1.0,0.3913256009,0.3457083612,0.05795174837,0.05740755796
1948,1.0,0.0,0.0,0.0,1.0,1.0,0.3720145355,0.327060079,0.0548337698,0.05374258757
1949,1.0,0.0,0.0,0.0,1.0,1.0,0.389393078,0.3514703876,0.05808097124,0.05835753679
1950,1.0,0.0,0.0,0.0,1.0,1.0,0.3703702736,0.3286756491,0.05492377281,0.05409580469
1951,1.0,0.0,0.0,0.0,1.0,1.0,0.3689085353,0.3325845658,0.05477952957,0.05505907536
1952,1.0,0.0,0.0,0.0,1.0,1.0,0.3630934013,0.332018192,0.05389690399,0.05445253849
1953,1.0,0.0,0.0,0.0,1.0,1.0,0.3595778714,0.3242338043,0.0537365675,0.05346101522
1954,1.0,0.0,0.0,0.0,1.0,1.0,0.3620900151,0.3286752648,0.0541908741,0.0541908145
1955,1.0,0.0,0.0,0.0,1.0,1.0,0.3473106632,0.312956687,0.05247300863,0.05191481113
1956,1.0,0.0,0.0,0.0,1.0,1.0,0.3491577915,0.3201603166,0.05277460814,0.05277466774
1957,1.0,0.0,0.0,0.0,1.0,1.0,0.3461032106,0.3217380499,0.05203860998,0.05231684446
1958,1.0,0.0,0.0,0.0,1.0,1.0,0.3473898525,0.3189346976,0.05213147402,0.05213147402
1959,1.0,0.0,0.0,0.0,1.0,1.0,0.3405095735,0.3116902671,0.05148553848,0.0512072444
1960,1.0,0.0,0.0,0.0,1.0,1.0,0.3337551803,0.3116904607,0.05013656616,0.05041056871
1961,1.0,0.0,0.0,0.0,1.0,1.0,0.3385495594,0.3186141446,0.05132991076,0.05187600851
1962,1.0,0.0,0.0,0.0,1.0,1.0,0.3391933715,0.3129565266,0.05167561769,0.05139929056
1963,1.0,0.0,0.0,0.0,1.0,1.0,0.3252729457,0.3042519647,0.04956454039,0.04956454039
1964,1.0,0.0,0.0,0.0,1.0,1.0,0.3276860608,0.3069955449,0.04914832115,0.04914826155
1965,1.0,0.0,0.0,0.0,1.0,1.0,0.3421029293,0.3230518288,0.05293959379,0.05321675539
1966,1.0,0.0,0.0,0.0,1.0,1.0,0.3373569339,0.3157022671,0.0508556366,0.0508556366
1967,1.0,0.0,0.0,0.0,1.0,1.0,0.3379664687,0.3150781993,0.051456213,0.05118107796
1968,1.0,0.0,0.0,0.0,1.0,1.0,0.333745306,0.3146393369,0.05111944675,0.05139434338
1969,1.0,0.0,0.0,0.0,1.0,1.0,0.328336594,0.3116903992,0.05007445812,0.0506247282
1970,1.0,0.0,0.0,0.0,1.0,1.0,0.3367487631,0.3150782468,0.05149739981,0.05122202635
1971,1.0,0.0,0.0,0.0,1.0,1.0,0.3307374507,0.3110506054,0.05063390732,0.05063390732
1972,1.0,0.0,0.0,0.0,1.0,1.0,0.3355269159,0.3158770083,0.0511906147,0.05146288872
1973,1.0,0.0,0.0,0.0,1.0,1.0,0.3467811918,0.3264845026,0.05283683538,0.0531078577
1974,1.0,0.0,0.0,0.0,1.0,1.0,0.3420073536,0.3220791818,0.05217581987,0.05244618654
1975,1.0,0.0,0.0,0.0,1.0,1.0,0.3472487204,0.3314815413,0.05327999592,0.05382090807
1976,1.0,0.0,0.0,0.0,1.0,1.0,0.3308010346,0.3131582925,0.05174201727,0.05174201727
1977,1.0,0.0,0.0,0.0,1.0,1.0,0.3372455381,0.3193581924,0.05176490545,0.05203455687
1978,1.0,0.0,0.0,0.0,1.0,1.0,0.3319763427,0.3158771998,0.05086487532,0.05086487532
1979,1.0,0.0,0.0,0.0,1.0,1.0,0.331384608,0.3142058132,0.05144554377,0.05144554377
1980,1.0,0.0,0.0,0.0,1.0,1.0,0.3307886238,0.3119063838,0.0506502986,0.05037945509
1981,1.0,0.0,0.0,0.0,1.0,1.0,0.3290200942,0.3119066565,0.05016177893,0.05016177893
1982,1.0,0.0,0.0,0.0,1.0,1.0,0.3343267334,0.3119063566,0.05158549547,0.05076664686
1983,1.0,0.0,0.0,0.0,1.0,1.0,0.337839584,0.3198215857,0.05251693726,0.05251693726
1984,1.0,0.0,0.0,0.0,1.0,1.0,0.3349008913,0.3154384021,0.05084460974,0.05057835579
1985,1.0,0.0,0.0,0.0,1.0,1.0,0.3366724651,0.3214871178,0.05213731527,0.05268329382
1986,1.0,0.0,0.0,0.0,1.0,1.0,0.3308134038,0.3148240466,0.0513432622,0.0513432622
1987,1.0,0.0,0.0,0.0,1.0,1.0,0.324906819,0.3125342161,0.04971981049,0.05053043365
1988,1.0,0.0,0.0,0.0,1.0,1.0,0.3255225818,0.3142057936,0.05011808872,0.05093079805
1989,1.0,0.0,0.0,0.0,1.0,1.0,0.3201753425,0.3062262927,0.04875946045,0.04902881384
1990,1.0,0.0,0.0,0.0,1.0,1.0,0.3242867849,0.3095915105,0.05055749416,0.0508338213
1991,1.0,0.0,0.0,0.0,1.0,1.0,0.3217799459,0.3071377604,0.04965722561,0.04992717505
1992,1.0,0.0,0.0,0.0,1.0,1.0,0.3314031269,0.3170987221,0.05165207386,0.05192393064
1993,1.0,0.0,0.0,0.0,1.0,1.0,0.3210013937,0.3114927305,0.05053681135,0.05108314753
1994,1.0,0.0,0.0,0.0,1.0,1.0,0.3250778179,0.3170986556,0.05038696527,0.05119103193
1995,1.0,0.0,0.0,0.0,1.0,1.0,0.3262429776,0.3160487843,0.05129992962,0.05184274912
1996,1.0,0.0,0.0,0.0,1.0,1.0,0.3256802419,0.3187590311,0.05192804337,0.052752316
1997,1.0,0.0,0.0,0.0,1.0,1.0,0.3141597949,0.3104579594,0.04902094603,0.05036765337
1998,1.0,0.0,0.0,0.0,1.0,1.0,0.3285361305,0.3220793874,0.05095756054,0.05203038454
1999,1.0,0.0,0.0,0.0,1.0,1.0,0.318712555,0.310863262,0.05062454939,0.05117487907
2000,1.0,0.0,0.0,0.0,1.0,1.0,0.3291055099,0.3181553776,0.05130410194,0.05157411098
2001,1.0,0.0,0.0,0.0,1.0,1.0,0.3285601018,0.3220793142,0.05144935846,0.05225747824
2002,1.0,0.0,0.0,0.0,1.0,1.0,0.3165184094,0.3121181068,0.05005282164,0.05114096403
2003,1.0,0.0,0.0,0.0,1.0,1.0,0.3222900446,0.3148242109,0.05069357157,0.05096322298
2004,1.0,0.0,0.0,0.0,1.0,1.0,0.3387940078,0.3309625887,0.05393534899,0.05447465181
2005,1.0,0.0,0.0,0.0,1.0,1.0,0.339981085,0.3292862649,0.05316543579,0.05316543579
2006,1.0,0.0,0.0,0.0,1.0,1.0,0.3302947675,0.3181559199,0.05186015368,0.0513228178
2007,1.0,0.0,0.0,0.0,1.0,1.0,0.3279953999,0.3164896796,0.05187499523,0.05160337687
2008,1.0,0.0,0.0,0.0,1.0,1.0,0.3303095519,0.3231528433,0.05213069916,0.05213069916
2009,1.0,0.0,0.0,0.0,1.0,1.0,0.2991408117,0.2937551862,0.04680538177,0.04707598686
2010,1.0,0.0,0.0,0.0,1.0,1.0,0.2098275785,0.2056613241,0.03163695335,0.03163695335
2011,1.0,0.0,0.0,0.0,1.0,1.0,0.1716023632,0.1684241575,0.02596795559,0.02596789598
2012,1.0,0.0,0.0,0.0,1.0,1.0,0.1659451164,0.1591705288,0.02478200197,0.02421879768
2013,1.0,0.0,0.0,0.0,1.0,1.0,0.2149535202,0.2077695644,0.03195148706,0.03167843819
2014,1.0,0.0,0.0,0.0,1.0,1.0,0.2392278195,0.2341349971,0.03754323721,0.03726518154
2015,1.0,0.0,0.0,0.0,1.0,1.0,0.2608774373,0.2646605053,0.04045003653,0.04154324532
2016,1.0,0.0,0.0,0.0,1.0,1.0,0.2778169604,0.2766622362,0.04293066263,0.04320067167
2017,1.0,0.0,0.0,0.0,1.0,1.0,0.2897688693,0.2884988937,0.04555696249,0.04582977295
2018,1.0,0.0,0.0,0.0,1.0,1.0,0.308855266,0.3035846675,0.04739880562,0.04739880562
2019,1.0,0.0,0.0,0.0,1.0,1.0,0.3107075527,0.3069956875,0.04809558392,0.04809552431
2020,1.0,0.0,0.0,0.0,1.0,1.0,0.3088555446,0.3052902257,0.04746419191,0.04773080349
2021,1.0,0.0,0.0,0.0,1.0,1.0,0.3123255414,0.3091057487,0.04887205362,0.04887205362
2022,1.0,0.0,0.0,0.0,1.0,1.0,0.3025992761,0.3015557494,0.04660391808,0.04660391808
2023,1.0,0.0,0.0,0.0,1.0,1.0,0.3019147916,0.3022364044,0.04731857777,0.04786241055
2024,1.0,0.0,0.0,0.0,1.0,1.0,0.3071201357,0.3022368109,0.04723471403,0.04696786404
2025,1.0,0.0,0.0,0.0,1.0,1.0,0.3003503489,0.2984681683,0.04643952847,0.04670643806
2026,1.0,0.0,0.0,0.0,1.0,1.0,0.3055288157,0.3025521195,0.04774856567,0.0480183363
2027,1.0,0.0,0.0,0.0,1.0,1.0,0.3108229966,0.3069955995,0.04877918959,0.04850965738
2028,1.0,0.0,0.0,0.0,1.0,1.0,0.3137182867,0.3116904995,0.04957544804,0.04984641075
2029,1.0,0.0,0.0,0.0,1.0,1.0,0.3142573788,0.3110505636,0.04933333397,0.04933333397
2030,1.0,0.0,0.0,0.0,1.0,1.0,0.3211263601,0.3155233184,0.05069249868,0.05015033484
2031,1.0,0.0,0.0,0.0,1.0,1.0,0.3165183479,0.3110509302,0.05011153221,0.04983925819
2032,1.0,0.0,0.0,0.0,1.0,1.0,0.3165184666,0.3076510746,0.04934811592,0.04854351282
2033,1.0,0.0,0.0,0.0,1.0,1.0,0.3010366213,0.2977787031,0.04733139277,0.04706090689
2034,1.0,0.0,0.0,0.0,1.0,1.0,0.3061974825,0.3018794691,0.04755246639,0.04728531837
2035,1.0,0.0,0.0,0.0,1.0,1.0,0.3095154171,0.307388511,0.04840052128,0.04840058088
2036,1.0,0.0,0.0,0.0,1.0,1.0,0.3079176886,0.3025518808,0.04857760668,0.04830616713
2037,1.0,0.0,0.0,0.0,1.0,1.0,0.3165186151,0.3093510641,0.04971939325,0.04917895794
2038,1.0,0.0,0.0,0.0,1.0,1.0,0.3158856961,0.3114699899,0.04974246025,0.04947066307
2039,1.0,0.0,0.0,0.0,1.0,1.0,0.3118948727,0.3097582241,0.04845011234,0.04845005274
2040,1.0,0.0,0.0,0.0,1.0,1.0,0.3012257325,0.2988024071,0.04642224312,0.04669058323
2041,1.0,0.0,0.0,0.0,1.0,1.0,0.2984446212,0.2946628071,0.04633939266,0.04606992006
2042,1.0,0.0,0.0,0.0,1.0,1.0,0.2939534377,0.2943560161,0.04596847296,0.0465092659
2043,1.0,0.0,0.0,0.0,1.0,1.0,0.2912862132,0.2835785543,0.04461681843,0.04381525517
2044,1.0,0.0,0.0,0.0,1.0,1.0,0.2512062098,0.2489775475,0.03874504566,0.03902179003
2045,1.0,0.0,0.0,0.0,1.0,1.0,0.2032447093,0.1862430749,0.03005182743,0.02784621716
2046,1.0,0.0,0.0,0.0,1.0,1.0,0.1700770884,0.1640594611,0.02525424957,0.02468675375
2047,1.0,0.0,0.0,0.0,1.0,1.0,0.1605221397,0.1565164688,0.02355337143,0.02327299118
2048,1.0,0.0,0.0,0.0,1.0,1.0,0.1573018711,0.1520064993,0.02275925875,0.02220416069
2049,1.0,0.0,0.0,0.0,1.0,1.0,0.1583086036,0.1508592182,0.02306222916,0.0222286582
2050,1.0,0.0,0.0,0.0,1.0,1.0,0.1547894845,0.1506794266,0.02307540178,0.02250564098
2051,1.0,0.0,0.0,0.0,1.0,1.0,0.1518380879,0.1373278698,0.02215027809,0.02018761635
2052,1.0,0.0,0.0,0.0,1.0,1.0,0.1528782432,0.1438589239,0.02192240953,0.02082628012
2053,1.0,0.0,0.0,0.0,1.0,1.0,0.1599106828,0.1546307006,0.02324664593,0.0226931572
2054,1.0,0.0,0.0,0.0,1.0,1.0,0.1541997589,0.1433161703,0.02259933949,0.02120429277
2055,1.0,0.0,0.0,0.0,1.0,1.0,0.1549228865,0.1465344775,0.02314084768,0.02201199532
2056,1.0,0.0,0.0,0.0,1.0,1.0,0.1555105191,0.1470876671,0.02261215448,0.02150917053
2057,1.0,0.0,0.0,0.0,1.0,1.0,0.1593036653,0.1497293717,0.0235543251,0.0224327445
2058,1.0,0.0,0.0,0.0,1.0,1.0,0.1564012609,0.1476448005,0.0228908062,0.02177417278
2059,1.0,0.0,0.0,0.0,1.0,1.0,0.1602876798,0.1454413978,0.02320194244,0.02129125595
2060,1.0,0.0,0.0,0.0,1.0,1.0,0.1958240714,0.1842039639,0.02934211493,0.02795809507
2061,1.0,0.0,0.0,0.0,1.0,1.0,0.2427214032,0.2260219126,0.03698450327,0.03480893373
2062,1.0,0.0,0.0,0.0,1.0,1.0,0.2853078216,0.2875107112,0.04411524534,0.04491734505
2063,1.0,0.0,0.0,0.0,1.0,1.0,0.3073886987,0.3025520476,0.04793846607,0.0476706028
2064,1.0,0.0,0.0,0.0,1.0,1.0,0.3073885682,0.2947504852,0.04798281193,0.04664248228
2065,1.0,0.0,0.0,0.0,1.0,1.0,0.3171471297,0.3058492388,0.04960387945,0.04906761646
2066,1.0,0.0,0.0,0.0,1.0,1.0,0.3067251335,0.2944485973,0.04812055826,0.04730957747
2067,1.0,0.0,0.0,0.0,1.0,1.0,0.3108228936,0.2981665724,0.04906529188,0.04852312803
2068,1.0,0.0,0.0,0.0,1.0,1.0,0.3240512507,0.3110843536,0.05184060335,0.05129486322
2069,1.0,0.0,0.0,0.0,1.0,1.0,0.309248499,0.2955159494,0.04834467173,0.04807454348
2070,1.0,0.0,0.0,0.0,1.0,1.0,0.3167061058,0.3011564546,0.04939967394,0.04912978411
2071,1.0,0.0,0.0,0.0,1.0,1.0,0.3191938117,0.3021567988,0.04894483089,0.04867732525
2072,1.0,0.0,0.0,0.0,1.0,1.0,0.3252774507,0.3061205316,0.05037552118,0.05010473728
2073,1.0,0.0,0.0,0.0,1.0,1.0,0.3229638149,0.3038169869,0.05068325996,0.05013531446
2074,1.0,0.0,0.0,0.0,1.0,1.0,0.3349008321,0.3166549645,0.05150341988,0.05177307129
2075,1.0,0.0,0.0,0.0,1.0,1.0,0.339002453,0.3166546253,0.05228358507,0.05201262236
2076,1.0,0.0,0.0,0.0,1.0,1.0,0.3337359672,0.3114924065,0.05136495829,0.05082136393
2077,1.0,0.0,0.0,0.0,1.0,1.0,0.3281483527,0.3114928043,0.05052489042,0.05079656839
2078,1.0,0.0,0.0,0.0,1.0,1.0,0.3393329491,0.3192195481,0.05162072182,0.05135184526
2079,1.0,0.0,0.0,0.0,1.0,1.0,0.3355139694,0.3169372505,0.05161100626,0.05161106586
2080,1.0,0.0,0.0,0.0,1.0,1.0,0.3349287715,0.3169371283,0.05059111118,0.05086022615
2081,1.0,0.0,0.0,0.0,1.0,1.0,0.3452457379,0.3226676235,0.05386722088,0.05386722088
2082,1.0,0.0,0.0,0.0,1.0,1.0,0.3416145628,0.3259768105,0.05256485939,0.0531039834
2083,1.0,0.0,0.0,0.0,1.0,1.0,0.3413156568,0.3270599616,0.05194407701,0.05247682333
2084,1.0,0.0,0.0,0.0,1.0,1.0,0.3461947354,0.333147066,0.05317765474,0.05344486237
2085,1.0,0.0,0.0,0.0,1.0,1.0,0.3430137601,0.3353833244,0.05298537016,0.05379229784
2086,1.0,0.0,0.0,0.0,1.0,1.0,0.3407186686,0.3303524732,0.05340284109,0.05395060778
2087,1.0,0.0,0.0,0.0,1.0,1.0,0.3354648296,0.3248184413,0.0525046587,0.0530487299
2088,1.0,0.0,0.0,0.0,1.0,1.0,0.3377903253,0.32867543,0.05323040485,0.05377918482
2089,1.0,0.0,0.0,0.0,1.0,1.0,0.34241778,0.3331473488,0.05322045088,0.05349057913
2090,1.0,0.0,0.0,0.0,1.0,1.0,0.3388812542,0.3248186154,0.05237722397,0.05184549093
2091,1.0,0.0,0.0,0.0,1.0,1.0,0.3483032878,0.3420018895,0.05439037085,0.05519419909
2092,1.0,0.0,0.0,0.0,1.0,1.0,0.3507115239,0.3509743023,0.05434793234,0.05622196198
2093,1.0,0.0,0.0,0.0,1.0,1.0,0.3531476213,0.3503026057,0.05447095633,0.05579304695
2094,1.0,0.0,0.0,0.0,1.0,1.0,0.3429627996,0.3415601784,0.05266451836,0.05399441719
2095,1.0,0.0,0.0,0.0,1.0,1.0,0.3346073743,0.3359609559,0.05093109608,0.05306428671
2096,1.0,0.0,0.0,0.0,1.0,1.0,0.2700697782,0.2498603597,0.0401263237,0.03903442621
2097,1.0,0.0,0.0,0.0,1.0,1.0,0.1998883808,0.1479317694,0.02847832441,0.02267205715
2098,1.0,0.0,0.0,0.0,1.0,1.0,0.1932516321,0.133983293,0.02720153332,0.02033245564
2099,1.0,0.0,0.0,0.0,1.0,1.0,0.2186878661,0.1701178275,0.0313269496,0.02638059855
2100,1.0,0.0,0.0,0.0,1.0,1.0,0.2786993794,0.2574835045,0.04141396284,0.04168826342
2101,1.0,0.0,0.0,0.0,1.0,1.0,0.3158997295,0.294537524,0.04653656483,0.0476064086
2102,1.0,0.0,0.0,0.0,1.0,1.0,0.3396431552,0.3309191576,0.04913848639,0.05316627026
2103,1.0,0.0,0.0,0.0,1.0,1.0,0.347712629,0.3375600619,0.05079001188,0.05540734529
2104,1.0,0.0,0.0,0.0,1.0,1.0,0.3539492861,0.3380947427,0.05189049244,0.05598711967
2105,1.0,0.0,0.0,0.0,1.0,1.0,0.3632622062,0.3419141831,0.05249243975,0.05657213926
2106,1.0,0.0,0.0,0.0,1.0,1.0,0.3632588325,0.3342504011,0.05286228657,0.05649828911
2107,1.0,0.0,0.0,0.0,1.0,1.0,0.3770000527,0.3498047228,0.05327582359,0.0582703948
2108,1.0,0.0,0.0,0.0,1.0,1.0,0.3895459042,0.3574163309,0.05739712715,0.06261509657
2109,1.0,0.0,0.0,0.0,1.0,1.0,0.390955134,0.3509745443,0.05423629284,0.05840831995
2110,1.0,0.0,0.0,0.0,1.0,1.0,0.3899262499,0.3552437218,0.05361115932,0.05897223949
2111,1.0,0.0,0.0,0.0,1.0,1.0,0.4022269548,0.3646611226,0.05636674166,0.06180310249
2112,1.0,0.0,0.0,0.0,1.0,1.0,0.4039195091,0.357908196,0.05553901196,0.06038087606
2113,1.0,0.0,0.0,0.0,1.0,1.0,0.4018589193,0.359121307,0.05520689487,0.06064176559
2114,1.0,0.0,0.0,0.0,1.0,1.0,0.4089094662,0.3646613894,0.05629575253,0.06172537804
2115,1.0,0.0,0.0,0.0,1.0,1.0,0.4018700221,0.3516556054,0.05536609888,0.06026828289
2116,1.0,0.0,0.0,0.0,1.0,1.0,0.3972804091,0.3545316761,0.05436366796,0.05977159739
2117,1.0,0.0,0.0,0.0,1.0,1.0,0.3889609561,0.3477788412,0.05447864532,0.06001389027
2118,1.0,0.0,0.0,0.0,1.0,1.0,0.3878120692,0.3482902422,0.05271661282,0.05804437399
2119,1.0,0.0,0.0,0.0,1.0,1.0,0.3761887935,0.3427138663,0.05322343111,0.05840188265
2120,1.0,-0.7853981853,0.0,0.0,1.0,1.0,0.3746640575,0.3359609798,0.05304068327,0.05705457926
2121,1.0,0.0,0.0,0.0,1.0,1.0,0.3647157447,0.3202910367,0.05141013861,0.05425047874
2122,1.0,0.0,0.0,0.0,1.0,1.0,0.3598771332,0.3298158049,0.05123460293,0.05513292551
2123,1.0,0.0,0.0,0.0,1.0,1.0,0.3618668692,0.330407847,0.05168163776,0.05496305227
2124,1.0,0.0,0.0,0.0,1.0,1.0,0.3475482054,0.3135831995,0.04977530241,0.05142533779
2125,1.0,0.0,0.0,0.0,1.0,1.0,0.3391469025,0.3064954001,0.04890137911,0.05026733875
2126,1.0,0.0,0.0,0.0,1.0,1.0,0.3475516651,0.324321899,0.05026876926,0.05213057995
2127,1.0,0.0,0.0,0.0,1.0,1.0,0.3396679635,0.3222955655,0.05006104708,0.05189573765
2128,1.0,0.0,0.0,0.0,1.0,1.0,0.350430652,0.335904919,0.05200397968,0.05386120081
2129,1.0,0.0,0.0,0.0,1.0,1.0,0.3637575653,0.3511555049,0.05487012863,0.05594605207
2130,1.0,0.0,0.0,0.0,1.0,1.0,0.3424599663,0.3325666738,0.05172365904,0.05199581385
2131,1.0,0.0,0.0,0.0,1.0,1.0,0.3445112539,0.3343200474,0.05227833986,0.05173373222
2132,1.0,0.0,0.0,0.0,1.0,1.0,0.3295455373,0.3241915975,0.0492310524,0.04869300127
2133,1.0,0.0,0.0,0.0,1.0,1.0,0.3245890828,0.3208542884,0.04822897911,0.04741162062
2134,1.0,0.0,0.0,0.0,1.0,1.0,0.3179211919,0.3225812759,0.04747658968,0.04720377922
2135,1.0,0.0,0.0,0.0,1.0,1.0,0.3270899921,0.3319039697,0.04879921675,0.04825699329
2136,1.0,0.0,0.0,0.0,1.0,1.0,0.317921129,0.3205755819,0.0481325388,0.04702603817
2137,1.0,0.0,0.0,0.0,1.0,1.0,0.3190102683,0.3198970279,0.04742616415,0.0463295579
2138,1.0,0.0,0.0,0.0,1.0,1.0,0.3095284676,0.3144963667,0.04578387737,0.0449565053
2139,1.0,0.0,0.0,0.0,1.0,1.0,0.31278837,0.3227770235,0.0464078784,0.0455840826
2140,1.0,0.0,0.0,0.0,1.0,1.0,0.3069444537,0.3199793224,0.04586577415,0.04530644417
2141,1.0,0.0,0.0,0.0,1.0,1.0,0.2902224808,0.307205177,0.04285216331,0.042568326
2142,1.0,0.0,0.0,0.0,1.0,1.0,0.289914666,0.3174456364,0.04327255487,0.04412657022
2143,1.0,0.0,0.0,0.0,1.0,1.0,0.295503719,0.3222692494,0.04344666004,0.04372340441
2144,1.0,0.0,0.0,0.0,1.0,1.0,0.2841741176,0.3027353572,0.04172790051,0.04144400358
2145,1.0,0.0,0.0,0.0,1.0,1.0,0.2847245795,0.3014842386,0.04137182236,0.04109036922
2146,1.0,0.0,0.0,0.0,1.0,1.0,0.2912660465,0.3180042315,0.04327434301,0.04355716705
2147,1.0,0.0,0.0,0.0,1.0,1.0,0.2820395661,0.3064134462,0.04202514887,0.04202514887
2148,1.0,0.0,0.0,0.0,1.0,1.0,0.2901001137,0.3209589407,0.04330742359,0.04414564371
2149,1.0,0.0,0.0,0.0,1.0,1.0,0.3003886139,0.3251194917,0.04484963417,0.04484963417
2150,1.0,0.0,0.0,0.0,1.0,1.0,0.2871532845,0.312070486,0.04424369335,0.04395633936
2151,1.0,0.0,0.0,0.0,1.0,1.0,0.3072359547,0.3404470819,0.04747492075,0.04890483618
2152,1.0,0.0,0.0,0.0,1.0,1.0,0.3083578259,0.3449054058,0.0488691926,0.05059397221
2153,1.0,0.0,0.0,0.0,1.0,1.0,0.3191934734,0.3601765802,0.05452907085,0.05691289902
2154,1.0,0.0,0.0,0.0,1.0,1.0,0.2973690923,0.3465497968,0.04825788736,0.05168449879
2155,1.0,0.0,0.0,0.0,1.0,1.0,0.2931224363,0.3594145217,0.04720813036,0.05318021774
2156,1.0,0.0,0.0,0.0,1.0,1.0,0.286781112,0.3337686175,0.04674750566,0.05010664463
2157,1.0,0.0,0.0,0.0,1.0,1.0,0.3163216262,0.3660958606,0.05277132988,0.05613970757
2158,1.0,0.0,0.0,0.0,1.0,1.0,0.2977787417,0.3558618648,0.04932963848,0.05329871178
2159,1.0,0.0,0.0,0.0,1.0,1.0,0.2975965319,0.3515144493,0.04903882742,0.05244028568
2160,1.0,0.0,0.0,0.0,1.0,1.0,0.2988364397,0.3466697896,0.05118763447,0.05346262455
2161,1.0,0.0,0.0,0.0,1.0,1.0,0.3023952229,0.3639479017,0.05064618587,0.05522441864
2162,1.0,0.0,0.0,0.0,1.0,1.0,0.3128540238,0.3733974232,0.05423361063,0.05892407894
2163,1.0,0.0,0.0,0.0,1.0,1.0,0.2981387757,0.369196567,0.05053085089,0.05684715509
2164,1.0,0.0,0.0,0.0,1.0,1.0,0.3224552735,0.3821394873,0.05417525768,0.05899709463
2165,1.0,0.0,0.0,0.0,1.0,1.0,0.3213695237,0.3667020244,0.05386501551,0.0575312376
2166,1.0,0.0,0.0,0.0,1.0,1.0,0.3165186123,0.3738785443,0.05135375261,0.05721473694
2167,1.0,0.0,0.0,0.0,1.0,1.0,0.3238610167,0.3734380077,0.0521350503,0.05802130699
2168,1.0,0.0,0.0,0.0,1.0,1.0,0.3220618522,0.3707609052,0.05185294151,0.058334589
2169,1.0,0.0,0.0,0.0,1.0,1.0,0.3255621958,0.3712714462,0.05175745487,0.05871415138
2170,1.0,0.0,0.0,0.0,1.0,1.0,0.3393001622,0.3822427235,0.05524128675,0.06239694357
2171,1.0,0.0,0.0,0.0,1.0,1.0,0.3426151616,0.3844006547,0.05446463823,0.06208401918
2172,1.0,0.0,0.0,0.0,1.0,1.0,0.3366358417,0.3747909698,0.05503827333,0.06245279312
2173,1.0,0.0,0.0,0.0,1.0,1.0,0.3355268004,0.3726144075,0.05355244875,0.06095868349
2174,1.0,0.0,0.0,0.0,1.0,1.0,0.3388548641,0.3648484226,0.05358701944,0.06014293432
2175,1.0,0.0,0.0,0.0,1.0,1.0,0.3107738421,0.3284877324,0.04943060875,0.05498790741
2176,1.0,0.0,0.0,0.0,1.0,1.0,0.3370315678,0.3662339993,0.05386418104,0.06131350994
2177,1.0,0.0,0.0,0.0,1.0,1.0,0.3535805727,0.3823367208,0.05651623011,0.06475222111
2178,1.0,0.0,0.0,0.0,1.0,1.0,0.3209625765,0.3493034444,0.052500844,0.06095933914
2179,1.0,0.0,0.0,0.0,1.0,1.0,0.2958569402,0.3099964298,0.04769319296,0.05454909801
2180,1.0,0.0,0.0,0.0,1.0,1.0,0.2413452688,0.2121622332,0.0377189517,0.03680640459
2181,1.0,0.0,0.0,0.0,1.0,1.0,0.2096589916,0.1909648971,0.03179073334,0.03302532434
2182,1.0,0.0,0.0,0.0,1.0,1.0,0.2229912138,0.1949264357,0.03341972828,0.03311860561
2183,1.0,0.0,0.0,0.0,1.0,1.0,0.2778983902,0.2524720926,0.04265707731,0.04418051243
2184,1.0,0.0,0.0,0.0,1.0,1.0,0.3134006254,0.3178498135,0.04917597771,0.05607259274
2185,1.0,0.0,0.0,0.0,1.0,1.0,0.3253997428,0.3303525823,0.05027079582,0.0565905571
2186,1.0,0.0,0.0,0.0,1.0,1.0,0.3213159183,0.3392148224,0.04890155792,0.05828386545
2187,1.0,0.0,0.0,0.0,1.0,1.0,0.3414069044,0.3564786393,0.05508679152,0.06486034393
2188,1.0,0.0,0.0,0.0,1.0,1.0,0.3322447204,0.3502867496,0.05307626724,0.06288379431
2189,1.0,0.0,0.0,0.0,1.0,1.0,0.3132307195,0.3229706944,0.053201437,0.06181210279
2190,1.0,0.0,0.0,0.0,1.0,1.0,0.327355725,0.3369085701,0.05057638884,0.05905294418
2191,1.0,0.0,0.0,0.0,1.0,1.0,0.3395715995,0.3656896008,0.0537943244,0.06426239014
2192,1.0,0.0,0.0,0.0,1.0,1.0,0.3433551563,0.366132315,0.05312097073,0.06374520063
2193,1.0,0.0,0.0,0.0,1.0,1.0,0.3506811464,0.3756072672,0.05393594503,0.06529092789
2194,1.0,0.0,0.0,0.0,1.0,1.0,0.3443141701,0.3698594629,0.05356574059,0.06514757872
2195,1.0,0.0,0.0,0.0,1.0,1.0,0.3515340157,0.3776770845,0.05435532331,0.06620949507
2196,1.0,0.0,0.0,0.0,1.0,1.0,0.3471450634,0.3698592414,0.0541343689,0.06548511982
2197,1.0,0.0,0.0,0.0,1.0,1.0,0.3375722484,0.3747906704,0.05099779367,0.06360399723
2198,1.0,0.0,0.0,0.0,1.0,1.0,0.3360278134,0.3696564507,0.05146801472,0.06352615356
2199,1.0,0.0,0.0,0.0,1.0,1.0,0.3477166347,0.3799961531,0.05255061388,0.06429374218
2200,1.0,0.0,0.0,0.0,1.0,1.0,0.3417878743,0.3713201507,0.05256342888,0.0631942153
2201,1.0,0.0,0.0,0.0,1.0,1.0,0.356255838,0.3826532646,0.0551045537,0.06523185968
2202,1.0,0.0,0.0,0.0,1.0,1.0,0.3477165847,0.3826534259,0.0526829958,0.064455688
2203,1.0,0.0,0.0,0.0,1.0,1.0,0.3452438691,0.3681218323,0.0534388423,0.06285136938
2204,1.0,0.0,0.0,0.0,1.0,1.0,0.3409860807,0.3676517013,0.05235958099,0.06198889017
2205,1.0,0.0,0.0,0.0,1.0,1.0,0.3396920237,0.3637542905,0.05182307959,0.06170845032
2206,1.0,0.0,0.0,0.0,1.0,1.0,0.3503399157,0.377880999,0.05358070135,0.06370151043
2207,1.0,0.0,0.0,0.0,1.0,1.0,0.3457009095,0.3822427519,0.05301010609,0.06455975771
2208,1.0,0.0,0.0,0.0,1.0,1.0,0.3364073139,0.3668164402,0.05129271746,0.06173014641
2209,1.0,0.0,0.0,0.0,1.0,1.0,0.3360272011,0.3695120923,0.05204033852,0.06244850159
2210,1.0,0.0,0.0,0.0,1.0,1.0,0.3328269553,0.3612018814,0.0510532856,0.06079173088
2211,1.0,0.0,0.0,0.0,1.0,1.0,0.338566595,0.3717222218,0.05299127102,0.06346982718
2212,1.0,0.0,0.0,0.0,1.0,1.0,0.336351007,0.3619886298,0.05251121521,0.06151306629
2213,1.0,0.0,0.0,0.0,1.0,1.0,0.3350622289,0.3642330996,0.05218082666,0.0617223978
2214,1.0,0.0,0.0,0.0,1.0,1.0,0.3401945633,0.3690516425,0.05247527361,0.0619623065
2215,1.0,0.0,0.0,0.0,1.0,1.0,0.3369546825,0.3691316137,0.05332356691,0.06386774778
2216,1.0,0.0,0.0,0.0,1.0,1.0,0.339181722,0.3643799372,0.05198907852,0.06133538485
2217,1.0,0.0,0.0,0.0,1.0,1.0,0.3441162165,0.3717649979,0.05350261927,0.06285834312
2218,1.0,0.0,0.0,0.0,1.0,1.0,0.3470546391,0.3677524366,0.05371081829,0.06134188175
2219,1.0,0.0,0.0,0.0,1.0,1.0,0.3479610831,0.3769823863,0.05335134268,0.06233984232
2220,1.0,0.0,0.0,0.0,1.0,1.0,0.3637741261,0.3925145063,0.05710446835,0.0668181777
2221,1.0,0.0,0.0,0.0,1.0,1.0,0.3506485068,0.3769824274,0.05612641573,0.06453037262
2222,1.0,0.0,0.0,0.0,1.0,1.0,0.3504167835,0.3734936759,0.05542486906,0.06436437368
2223,1.0,0.0,0.0,0.0,1.0,1.0,0.3512060738,0.3829478241,0.0556910634,0.06605905294
2224,1.0,0.0,0.0,0.0,1.0,1.0,0.3487495184,0.3919042597,0.05586373806,0.06733042002
2225,1.0,0.0,0.0,0.0,1.0,1.0,0.3482763417,0.3657751363,0.05417710543,0.06138151884
2226,1.0,0.0,0.0,0.0,1.0,1.0,0.3546405919,0.3708177057,0.05691504478,0.06391531229
2227,1.0,0.0,0.0,0.0,1.0,1.0,0.358535824,0.3945164454,0.05761170387,0.06716388464
2228,1.0,0.0,0.0,0.0,1.0,1.0,0.3598367102,0.3930187548,0.05755448341,0.06659442186
2229,1.0,0.0,0.0,0.0,1.0,1.0,0.358628663,0.3894621959,0.05729758739,0.06604301929
2230,1.0,0.0,0.0,0.0,1.0,1.0,0.359686691,0.3933971734,0.05854737759,0.06769537926
2231,1.0,0.0,0.0,0.0,1.0,1.0,0.3572794517,0.3876835635,0.05760896206,0.06609863043
2232,1.0,0.0,0.0,0.0,1.0,1.0,0.3470547428,0.3792844616,0.05582153797,0.06436252594
2233,1.0,0.0,0.0,0.0,1.0,1.0,0.3649804984,0.3947975538,0.05917304754,0.06806439161
2234,1.0,0.0,0.0,0.0,1.0,1.0,0.352519971,0.3854988121,0.05457270145,0.06371730566
2235,1.0,0.0,0.0,0.0,1.0,1.0,0.3489804564,0.3707021121,0.05387359858,0.06105679274
2236,1.0,0.0,0.0,0.0,1.0,1.0,0.2701765899,0.2517973394,0.03985321522,0.04047590494
2237,1.0,0.0,0.0,0.0,1.0,1.0,0.2482131688,0.1946705509,0.03563535213,0.03058964014
2238,1.0,0.0,0.0,0.0,1.0,1.0,0.2356762297,0.1869037255,0.03380852938,0.02973902225
2239,1.0,0.0,0.0,0.0,1.0,1.0,0.2440250406,0.1924995319,0.03701460361,0.03186476231
2240,1.0,0.0,0.0,0.0,1.0,1.0,0.2785330129,0.2574320803,0.04075074196,0.04075074196
2241,1.0,0.0,0.0,0.0,1.0,1.0,0.3203079603,0.3076638517,0.04727947712,0.04937410355
2242,1.0,0.0,0.0,0.0,1.0,1.0,0.3658845348,0.3515891813,0.05661308765,0.05869877338
2243,1.0,0.0,0.0,0.0,1.0,1.0,0.3426079508,0.3312962589,0.04976642132,0.05271112919
2244,1.0,0.0,0.0,0.0,1.0,1.0,0.3506106977,0.3404691983,0.05108863115,0.05461198092
2245,1.0,0.0,0.0,0.0,1.0,1.0,0.3442062237,0.3205756505,0.04980230331,0.05100232363
2246,1.0,0.0,0.0,0.0,1.0,1.0,0.3566634202,0.3559162963,0.05279529095,0.05743664503
2247,1.0,0.0,0.0,0.0,1.0,1.0,0.3637779967,0.3464964161,0.05468159914,0.05667519569
2248,1.0,0.0,0.0,0.0,1.0,1.0,0.3757162273,0.3535439893,0.05749356747,0.05890965462
2249,1.0,0.0,0.0,0.0,1.0,1.0,0.3421028715,0.3214872736,0.05356812477,0.05412906408
2250,1.0,0.0,0.0,0.0,1.0,1.0,0.3590484959,0.34200183,0.05553901196,0.05692064762
2251,1.0,0.0,0.0,0.0,1.0,1.0,0.3484957342,0.3187589278,0.05384135246,0.05356234312
2252,1.0,0.0,0.0,0.0,1.0,1.0,0.3560916096,0.34102576,0.05512237549,0.05739539862
2253,1.0,0.0,0.0,0.0,1.0,1.0,0.3680186287,0.3462231362,0.05658221245,0.05830556154
2254,1.0,0.0,0.0,0.0,1.0,1.0,0.3736233061,0.344925188,0.05580538511,0.05720049143
2255,1.0,0.0,0.0,0.0,1.0,1.0,0.3649651163,0.3242334765,0.05395883322,0.05368202925
2256,1.0,0.0,0.0,0.0,1.0,1.0,0.373024421,0.3269989565,0.05490642786,0.05407458544
2257,1.0,0.0,0.0,0.0,1.0,1.0,0.3745551108,0.3314815982,0.05894762278,0.05894768238
2258,1.0,0.0,0.0,0.0,1.0,1.0,0.3797504444,0.3275762488,0.05803400278,0.05659031868
2259,1.0,0.0,0.0,0.0,1.0,1.0,0.3910858895,0.333700594,0.05923271179,0.0575158
2260,1.0,0.0,0.0,0.0,1.0,1.0,0.3807397198,0.3247346492,0.05711722374,0.05511814356
2261,1.0,0.0,0.0,0.0,1.0,1.0,0.3873662395,0.3314816961,0.05911356211,0.05710482597
2262,1.0,0.0,0.0,0.0,1.0,1.0,0.3873073316,0.3286754101,0.05968254805,0.05706232786
2263,1.0,0.0,0.0,0.0,1.0,1.0,0.3934071129,0.3370598034,0.0606110692,0.05801343918
2264,1.0,0.0,0.0,0.0,1.0,1.0,0.3967396758,0.3405631018,0.06192207336,0.05895924568
2265,1.0,0.0,0.0,0.0,1.0,1.0,0.3914162309,0.3411888252,0.06000030041,0.05767023563
2266,1.0,0.0,0.0,0.0,1.0,1.0,0.405102287,0.3463583115,0.06087690592,0.05744719505
2267,1.0,0.0,0.0,0.0,1.0,1.0,0.402408957,0.3434504588,0.06163144112,0.05759948492
2268,1.0,0.0,0.0,0.0,1.0,1.0,0.4031516923,0.3429116726,0.06238728762,0.05774450302
2269,1.0,0.0,0.0,0.0,1.0,1.0,0.4050767628,0.3452933085,0.06170749664,0.05738222599
2270,1.0,0.0,0.0,0.0,1.0,1.0,0.4016627663,0.3459608068,0.06305724382,0.05861657858
2271,1.0,0.0,0.0,0.0,1.0,1.0,0.4145410406,0.3599387512,0.06693929434,0.06296575069
2272,1.0,0.0,0.0,0.0,1.0,1.0,0.4181528069,0.3769521574,0.07701528072,0.07528853416
2273,1.0,0.0,0.0,0.0,1.0,1.0,0.4234275591,0.3739049871,0.07083928585,0.06732928753
2274,1.0,0.0,0.0,0.0,1.0,1.0,0.4054338906,0.3430141253,0.06203347445,0.05684000254
2275,1.0,0.0,0.0,0.0,1.0,1.0,0.3614581652,0.2615025971,0.0545579195,0.04352706671
2276,1.0,0.0,0.0,0.0,1.0,1.0,0.3520301986,0.1689705211,0.05452406406,0.02945554256
2277,1.0,0.0,0.0,0.0,1.0,1.0,0.3747906851,0.1272018485,0.05716490746,0.02186638117
2278,1.0,0.0,0.0,0.0,1.0,1.0,0.3719804831,0.1181160711,0.05722051859,0.0204359293
2279,1.0,0.0,0.0,0.0,1.0,1.0,0.366598674,0.1313134851,0.0577801466,0.0232411623
2280,1.0,0.0,0.0,0.0,1.0,1.0,0.3701636083,0.1299640211,0.05743932724,0.02265661955
2281,1.0,0.0,0.0,0.0,1.0,1.0,0.3344906118,0.1635778205,0.05106133223,0.02799147367
2282,1.0,0.0,0.0,0.0,1.0,1.0,0.3185472949,0.2038573294,0.0495955348,0.03502684832
2283,1.0,0.0,0.0,0.0,1.0,1.0,0.3600244089,0.2783914854,0.05835819244,0.04893577099
2284,1.0,0.0,0.0,0.0,1.0,1.0,0.3743158858,0.2935423035,0.05800616741,0.0494671464
2285,1.0,0.0,0.0,0.0,1.0,1.0,0.3684143142,0.3019516625,0.05715769529,0.0501229167
2286,1.0,0.0,0.0,0.0,1.0,1.0,0.3662075987,0.2969872454,0.05640596151,0.04906147718
2287,1.0,0.0,0.0,0.0,1.0,1.0,0.3653264669,0.2987655974,0.05562573671,0.04842031002
2288,1.0,0.0,0.0,0.0,1.0,1.0,0.3426116169,0.2784161522,0.05278426409,0.04549366236
2289,1.0,0.0,0.0,0.0,1.0,1.0,0.3511049809,0.2987654906,0.05415815115,0.04814058542
2290,1.0,0.0,0.0,0.0,1.0,1.0,0.3485138274,0.2959338252,0.05414795876,0.04784500599
2291,1.0,0.0,0.0,0.0,1.0,1.0,0.3429276604,0.2987654064,0.05334216356,0.04792237282
2292,1.0,0.0,0.0,0.0,1.0,1.0,0.3416275627,0.2945724242,0.052967906,0.04733300209
2293,1.0,0.0,0.0,0.0,1.0,1.0,0.3398102472,0.2952089517,0.05250716209,0.0466106534
2294,1.0,0.0,0.0,0.0,1.0,1.0,0.3331474012,0.2837701287,0.05182361603,0.0450270772
2295,1.0,0.0,0.0,0.0,1.0,1.0,0.3194645849,0.2794137052,0.05141150951,0.04480552673
2296,1.0,0.0,0.0,0.0,1.0,1.0,0.3154263507,0.2829962886,0.04982984066,0.04423105717
2297,1.0,0.0,0.0,0.0,1.0,1.0,0.3113307671,0.2915039251,0.04923272133,0.04503673315
2298,1.0,0.0,0.0,0.0,1.0,1.0,0.30738541,0.2796269749,0.04894888401,0.04335469007
2299,1.0,0.0,0.0,0.0,1.0,1.0,0.3124336154,0.2898736431,0.04988950491,0.04492807388
2300,1.0,0.0,0.0,0.0,1.0,1.0,0.317692301,0.29593389,0.0512521863,0.0462654233
2301,1.0,0.0,0.0,0.0,1.0,1.0,0.3013916349,0.2784157296,0.04779452085,0.04285019636
2302,1.0,0.0,0.0,0.0,1.0,1.0,0.300701847,0.2812052434,0.04763650894,0.04323083162
2303,1.0,0.0,0.0,0.0,1.0,1.0,0.2678361577,0.2425114514,0.04148423672,0.03675109148
2304,1.0,0.0,0.0,0.0,1.0,1.0,0.1900079864,0.1427770969,0.02805685997,0.02076202631
2305,1.0,0.0,0.0,0.0,1.0,1.0,0.1865625943,0.1191641132,0.02886837721,0.01826363802
2306,1.0,0.0,0.0,0.0,1.0,1.0,0.1850108573,0.1171221478,0.02746653557,0.01698964834
2307,1.0,0.0,0.0,0.0,1.0,1.0,0.1784719334,0.1354204431,0.02657276392,0.01985961199
2308,1.0,0.0,0.0,0.0,1.0,1.0,0.2192084131,0.181716416,0.03320521116,0.02701437473
2309,1.0,0.0,0.0,0.0,1.0,1.0,0.2516842675,0.226639087,0.03797054291,0.03356814384
2310,1.0,0.0,0.0,0.0,1.0,1.0,0.2591802903,0.2307799769,0.04063761234,0.03534913063
2311,1.0,0.0,0.0,0.0,1.0,1.0,0.2926054,0.2760190098,0.04605150223,0.04244506359
2312,1.0,0.0,0.0,0.0,1.0,1.0,0.2931225263,0.2881601525,0.04597902298,0.04376316071
2313,1.0,0.0,0.0,0.0,1.0,1.0,0.2977062797,0.2881602499,0.0464746356,0.04370826483
2314,1.0,0.0,0.0,0.0,1.0,1.0,0.2814826426,0.2719071165,0.04372423887,0.04095691442
2315,1.0,0.0,0.0,0.0,1.0,1.0,0.2799155187,0.2702195507,0.04326623678,0.04049277306
2316,1.0,0.0,0.0,0.0,1.0,1.0,0.276823735,0.2765983763,0.0425593853,0.04145395756
2317,1.0,0.0,0.0,0.0,1.0,1.0,0.2817575992,0.2881601684,0.0434513092,0.04317802191
2318,1.0,0.0,0.0,0.0,1.0,1.0,0.2776225261,0.2800634296,0.04290366173,0.04235011339
2319,1.0,0.0,0.0,0.0,1.0,1.0,0.2994780827,0.3052841512,0.04656088352,0.04628539085
2320,1.0,0.0,0.0,0.0,1.0,1.0,0.2832352355,0.2887276276,0.04362678528,0.04334890842
2321,1.0,0.0,0.0,0.0,1.0,1.0,0.2909770423,0.296131109,0.04505133629,0.04477149248
2322,1.0,0.0,0.0,0.0,1.0,1.0,0.2757080174,0.2863569662,0.04202634096,0.04230284691
2323,1.0,0.0,0.0,0.0,1.0,1.0,0.2804827758,0.2931941395,0.04349964857,0.04377496243
2324,1.0,0.0,0.0,0.0,1.0,1.0,0.2782132939,0.2921160879,0.04296636581,0.04351371527
2325,1.0,0.0,0.0,0.0,1.0,1.0,0.3017511378,0.315517146,0.04693007469,0.04693007469
2326,1.0,0.0,0.0,0.0,1.0,1.0,0.2917949626,0.3045747527,0.04570066929,0.04570072889
2327,1.0,0.0,0.0,0.0,1.0,1.0,0.300003988,0.3109775173,0.04752898216,0.04698580503
2328,1.0,0.0,0.0,0.0,1.0,1.0,0.3060896765,0.3259828168,0.04836452007,0.0486317277
2329,1.0,0.0,0.0,0.0,1.0,1.0,0.3079172513,0.3277157229,0.0482891202,0.04882872105
2330,1.0,0.0,0.0,0.0,1.0,1.0,0.2975962951,0.3155172649,0.04681605101,0.04681605101
2331,1.0,0.0,0.0,0.0,1.0,1.0,0.3068613221,0.330107884,0.04839926958,0.04894006252
2332,1.0,0.0,0.0,0.0,1.0,1.0,0.3039542629,0.3203342337,0.04778075218,0.04724085331
2333,1.0,0.0,0.0,0.0,1.0,1.0,0.3067428442,0.3295652498,0.0484418273,0.04897415638
2334,1.0,0.0,0.0,0.0,1.0,1.0,0.3029611441,0.3308010742,0.04846304655,0.04951655865
2335,1.0,0.0,0.0,0.0,1.0,1.0,0.3021569178,0.3277738268,0.04822188616,0.0484868288
2336,1.0,0.0,0.0,0.0,1.0,1.0,0.3026135739,0.3261336175,0.04837238789,0.04863381386
2337,1.0,0.0,0.0,0.0,1.0,1.0,0.2970427352,0.318970681,0.04790627956,0.04764157534
2338,1.0,0.0,0.0,0.0,1.0,1.0,0.2881130564,0.3138598165,0.04704660177,0.04757815599
2339,1.0,0.0,0.0,0.0,1.0,1.0,0.2874212433,0.3183275955,0.04624539614,0.04703366756
2340,1.0,0.0,0.0,0.0,1.0,1.0,0.2925197781,0.3202438686,0.04682165384,0.04734188318
2341,1.0,0.0,0.0,0.0,1.0,1.0,0.2902133399,0.323141288,0.04806631804,0.04941648245
2342,1.0,0.0,0.0,0.0,1.0,1.0,0.2988526167,0.3349196818,0.04928261042,0.05089849234
2343,1.0,0.0,0.0,0.0,1.0,1.0,0.3069025093,0.3541882318,0.05156612396,0.05453592539
2344,1.0,0.0,0.0,0.0,1.0,1.0,0.3088890414,0.3512023393,0.05063295364,0.05328387022
2345,1.0,0.0,0.0,0.0,1.0,1.0,0.3159528467,0.3581919105,0.05217552185,0.05457133055
2346,1.0,0.0,0.0,0.0,1.0,1.0,0.3117233295,0.355704065,0.05233567953,0.05530309677
2347,1.0,0.0,0.0,0.0,1.0,1.0,0.3111165261,0.3522336763,0.05186337233,0.05455058813
2348,1.0,0.0,0.0,0.0,1.0,1.0,0.3083899276,0.3470283075,0.05131739378,0.05373549461
2349,1.0,0.0,0.0,0.0,1.0,1.0,0.3103957059,0.3459606189,0.05028480291,0.05212771893
2350,1.0,0.0,0.0,0.0,1.0,1.0,0.3085305102,0.344877709,0.05047464371,0.05262249708
2351,1.0,0.0,0.0,0.0,1.0,1.0,0.3113015257,0.3478624468,0.05148363113,0.05338042974
2352,1.0,0.0,0.0,0.0,1.0,1.0,0.3190397625,0.3541879583,0.05315470695,0.05478191376
2353,1.0,0.0,0.0,0.0,1.0,1.0,0.3107918371,0.344877924,0.05164009333,0.05327087641
2354,1.0,0.0,0.0,0.0,1.0,1.0,0.3185922409,0.3564442104,0.05245041847,0.05431413651
2355,1.0,0.0,0.0,0.0,1.0,1.0,0.3115144294,0.3430136963,0.05055975914,0.05187636614
2356,1.0,0.0,0.0,0.0,1.0,1.0,0.314431093,0.3470282771,0.0526278615,0.05370187759
2357,1.0,0.0,0.0,0.0,1.0,1.0,0.3108311575,0.3435581845,0.05194222927,0.05274134874
2358,1.0,0.0,0.0,0.0,1.0,1.0,0.3060490747,0.3366177155,0.05133390427,0.05186867714
2359,1.0,0.0,0.0,0.0,1.0,1.0,0.3207885914,0.3482377733,0.05233436823,0.05259740353
2360,1.0,0.0,0.0,0.0,1.0,1.0,0.3080142557,0.3354770727,0.05034428835,0.05034428835
2361,1.0,0.0,0.0,0.0,1.0,1.0,0.3145206512,0.3383528553,0.05268037319,0.05214560032
2362,1.0,0.0,0.0,0.0,1.0,1.0,0.3172070912,0.3417337548,0.05251759291,0.05251765251
2363,1.0,0.0,0.0,0.0,1.0,1.0,0.3160352343,0.3365815564,0.0517437458,0.05148106813
2364,1.0,0.0,0.0,0.0,1.0,1.0,0.3133299629,0.339465368,0.05219787359,0.05273318291
2365,1.0,0.0,0.0,0.0,1.0,1.0,0.3185923141,0.3377420868,0.05267763138,0.05241018534
2366,1.0,0.0,0.0,0.0,1.0,1.0,0.3229216672,0.3458275748,0.05260485411,0.0526047945
2367,1.0,0.0,0.0,0.0,1.0,1.0,0.3163817638,0.3354524889,0.05174982548,0.05148440599
2368,1.0,0.0,0.0,0.0,1.0,1.0,0.3164628432,0.3371820168,0.0512817502,0.05102014542
2369,1.0,0.0,0.0,0.0,1.0,1.0,0.3139274579,0.3348642067,0.05234509706,0.05207794905
2370,1.0,0.0,0.0,0.0,1.0,1.0,0.3091224545,0.3297129461,0.05092406273,0.05066019297
2371,1.0,0.0,0.0,0.0,1.0,1.0,0.3020818081,0.323957106,0.04998624325,0.04998630285
2372,1.0,0.0,0.0,0.0,1.0,1.0,0.310615657,0.329712779,0.05141091347,0.05114454031
2373,1.0,0.0,0.0,0.0,1.0,1.0,0.3128267143,0.33891092,0.05181515217,0.05208086967
2374,1.0,0.0,0.0,0.0,1.0,1.0,0.3128269806,0.3360192669,0.05178457499,0.05178457499
2375,1.0,0.0,0.0,0.0,1.0,1.0,0.3186625634,0.3411887265,0.05180978775,0.05180978775
2376,1.0,0.0,0.0,0.0,1.0,1.0,0.3267094938,0.3456971165,0.05384224653,0.05357700586
2377,1.0,0.0,0.0,0.0,1.0,1.0,0.3165437302,0.336581835,0.05259597301,0.05232894421
2378,1.0,0.0,0.0,0.0,1.0,1.0,0.3142490981,0.3337237324,0.05271798372,0.05244624615
2379,1.0,0.0,0.0,0.0,1.0,1.0,0.3066469835,0.3285360835,0.05015933514,0.05042469501
2380,1.0,0.0,0.0,0.0,1.0,1.0,0.3202720799,0.3382989923,0.05196768045,0.05144536495
2381,1.0,0.0,0.0,0.0,1.0,1.0,0.3151835569,0.3372243142,0.05162727833,0.05162727833
2382,1.0,0.0,0.0,0.0,1.0,1.0,0.3174120889,0.3442135371,0.0523852706,0.05292260647
2383,1.0,0.0,0.0,0.0,1.0,1.0,0.3178553728,0.3378396431,0.05300158262,0.05245518684
2384,1.0,0.0,0.0,0.0,1.0,1.0,0.3141568437,0.341358429,0.05214178562,0.05241191387
2385,1.0,0.0,0.0,0.0,1.0,1.0,0.3109013405,0.3413585629,0.05109888315,0.05190145969
2386,1.0,0.0,0.0,0.0,1.0,1.0,0.3091560898,0.3372673898,0.05097365379,0.05151307583
2387,1.0,0.0,0.0,0.0,1.0,1.0,0.3195605208,0.3466374436,0.05210059881,0.05236643553
2388,1.0,0.0,0.0,0.0,1.0,1.0,0.3133565273,0.3337359582,0.05095911026,0.05069088936
2389,1.0,0.0,0.0,0.0,1.0,1.0,0.3172568614,0.3437797667,0.0516192317,0.05188673735
2390,1.0,0.0,0.0,0.0,1.0,1.0,0.3134540083,0.3407991155,0.05127340555,0.05181026459
2391,1.0,0.0,0.0,0.0,1.0,1.0,0.3156994081,0.3389714212,0.05196791887,0.05223715305
2392,1.0,0.0,0.0,0.0,1.0,1.0,0.3180774249,0.3435580743,0.052295506,0.05256098509
2393,1.0,0.0,0.0,0.0,1.0,1.0,0.3196268059,0.3440984685,0.05177813768,0.05230379105
2394,1.0,0.0,0.0,0.0,1.0,1.0,0.3130386411,0.3348825621,0.05148756504,0.05175578594
2395,1.0,0.0,0.0,0.0,1.0,1.0,0.3195606489,0.3394652291,0.05212968588,0.0523955822
2396,1.0,0.0,0.0,0.0,1.0,1.0,0.314578582,0.3314120695,0.05183231831,0.05156230927
2397,1.0,0.0,0.0,0.0,1.0,1.0,0.3189005729,0.3325725903,0.05214005709,0.05187129974
2398,1.0,0.0,0.0,0.0,1.0,1.0,0.3238783017,0.3434508138,0.05303537846,0.0535710454
2399,1.0,0.0,0.0,0.0,1.0,1.0,0.3162168277,0.327995788,0.05102825165,0.05049949884
2400,1.0,0.0,0.0,0.0,1.0,1.0,0.3190400911,0.3371403428,0.05275297165,0.05302208662
2401,1.0,0.0,0.0,0.0,1.0,1.0,0.3014707382,0.3153410254,0.04801744223,0.04775649309
2402,1.0,0.0,0.0,0.0,1.0,1.0,0.2808348351,0.2984442182,0.04516428709,0.04569560289
2403,1.0,0.0,0.0,0.0,1.0,1.0,0.1848879164,0.1812173632,0.02932316065,0.02738672495
2404,1.0,0.0,0.0,0.0,1.0,1.0,0.1124833903,0.0807238581,0.01655095816,0.01139569283
2405,1.0,0.0,0.0,0.0,1.0,1.0,0.1189812925,0.09536648668,0.01854097843,0.01426225901
2406,1.0,0.0,0.0,0.0,1.0,1.0,0.1615967854,0.1482691444,0.02523165941,0.02221488953
2407,1.0,0.0,0.0,0.0,1.0,1.0,0.2203897044,0.2303675026,0.03494483232,0.03521567583
2408,1.0,0.0,0.0,0.0,1.0,1.0,0.2834240175,0.2956824625,0.04568952322,0.04568946362
2409,1.0,0.0,0.0,0.0,1.0,1.0,0.3043224629,0.3181611333,0.04961115122,0.04988223314
2410,1.0,0.0,0.0,0.0,1.0,1.0,0.303460755,0.3142573156,0.05025041103,0.04997730255
2411,1.0,0.0,0.0,0.0,1.0,1.0,0.3171783449,0.3274623833,0.05205583572,0.05205583572
2412,1.0,0.0,0.0,0.0,1.0,1.0,0.3172570774,0.3331476584,0.05170661211,0.05251038074
2413,1.0,0.0,0.0,0.0,1.0,1.0,0.3171781098,0.3286301789,0.05109369755,0.05162596703
2414,1.0,0.0,0.0,0.0,1.0,1.0,0.3198876198,0.3280479746,0.051869452,0.051869452
2415,1.0,0.0,0.0,0.0,1.0,1.0,0.3187588859,0.3331474142,0.05252200365,0.05361622572
2416,1.0,0.0,0.0,0.0,1.0,1.0,0.3135834458,0.3222336114,0.05049800873,0.05049794912
2417,1.0,0.0,0.0,0.0,1.0,1.0,0.3124304901,0.3256803368,0.05245572329,0.05330181122
2418,1.0,0.0,0.0,0.0,1.0,1.0,0.3163217961,0.3296770431,0.05127251148,0.05181795359
2419,1.0,0.0,0.0,0.0,1.0,1.0,0.3142059138,0.3274034696,0.05335104465,0.05391860008
2420,1.0,0.0,0.0,0.0,1.0,1.0,0.3136813176,0.3239569917,0.05190432072,0.05190432072
2421,1.0,0.0,0.0,0.0,1.0,1.0,0.3091918491,0.319266248,0.05076122284,0.05048686266
2422,1.0,0.0,0.0,0.0,1.0,1.0,0.3180806269,0.3331472748,0.05217307806,0.05272221565
2423,1.0,0.0,0.0,0.0,1.0,1.0,0.3192894409,0.335452992,0.05295813084,0.05350977182
2424,1.0,0.0,0.0,0.0,1.0,1.0,0.3206065318,0.3382464127,0.05239641666,0.05319839716
2425,1.0,0.0,0.0,0.0,1.0,1.0,0.3265506071,0.3388518087,0.05417531729,0.05417525768
2426,1.0,0.0,0.0,0.0,1.0,1.0,0.3147322547,0.3296774031,0.05159312487,0.05214202404
2427,1.0,0.0,0.0,0.0,1.0,1.0,0.3202911235,0.3308498454,0.05249786377,0.05277270079
2428,1.0,0.0,0.0,0.0,1.0,1.0,0.3219678047,0.3406404725,0.0521966815,0.05355602503
2429,1.0,0.0,0.0,0.0,1.0,1.0,0.3314649901,0.3487635474,0.0534850955,0.05457103252
2430,1.0,0.0,0.0,0.0,1.0,1.0,0.3235481314,0.3395319049,0.05079042912,0.05185413361
2431,1.0,0.0,0.0,0.0,1.0,1.0,0.3325757524,0.3506814611,0.05163693428,0.05323398113
2432,1.0,0.0,0.0,0.0,1.0,1.0,0.3217380698,0.3401610345,0.05023223162,0.05183541775
2433,1.0,0.0,0.0,0.0,1.0,1.0,0.3245608965,0.3395318871,0.05053824186,0.05214267969
2434,1.0,0.0,0.0,0.0,1.0,1.0,0.3157958443,0.3296406211,0.04851865768,0.05011820793
2435,1.0,0.0,0.0,0.0,1.0,1.0,0.319821237,0.3431180597,0.04951816797,0.05247849226
2436,1.0,0.0,0.0,0.0,1.0,1.0,0.323860999,0.3431184136,0.04975825548,0.0521659255
2437,1.0,0.0,0.0,0.0,1.0,1.0,0.2994780964,0.3118828681,0.04565745592,0.0475486517
2438,1.0,0.0,0.0,0.0,1.0,1.0,0.2114203013,0.1873953028,0.03051638603,0.02746474743
2439,1.0,0.0,0.0,0.0,1.0,1.0,0.1581150496,0.1068104888,0.02274852991,0.01572734118
2440,1.0,0.0,0.0,0.0,1.0,1.0,0.1675477278,0.09805849938,0.02390360832,0.0144533515
2441,1.0,0.0,0.0,0.0,1.0,1.0,0.1948228082,0.1417119611,0.02828747034,0.0214985013
2442,1.0,0.0,0.0,0.0,1.0,1.0,0.2344841561,0.1903697714,0.03414064646,0.02910351753
2443,1.0,0.0,0.0,0.0,1.0,1.0,0.2732556334,0.2454143964,0.04065543413,0.03842771053
2444,1.0,0.0,0.0,0.0,1.0,1.0,0.3171660564,0.2935424482,0.047072649,0.0459779501
2445,1.0,0.0,0.0,0.0,1.0,1.0,0.3429818938,0.3244718447,0.05146551132,0.05174225569
2446,1.0,0.0,0.0,0.0,1.0,1.0,0.3405504357,0.3210015767,0.05102884769,0.05130624771
2447,1.0,0.0,0.0,0.0,1.0,1.0,0.3670675704,0.3535439436,0.05556499958,0.05721545219
2448,1.0,0.0,0.0,0.0,1.0,1.0,0.3790988167,0.3600681222,0.05812823772,0.05951881409
2449,1.0,0.0,0.0,0.0,1.0,1.0,0.3745622774,0.3466080822,0.05570924282,0.05598104
2450,1.0,0.0,0.0,0.0,1.0,1.0,0.3743297256,0.3460903314,0.0569383502,0.05749928951
2451,1.0,0.0,0.0,0.0,1.0,1.0,0.3873659171,0.3484447806,0.05839288235,0.05810940266
2452,1.0,0.0,0.0,0.0,1.0,1.0,0.3850539268,0.3525429424,0.05734682083,0.05790907145
2453,1.0,0.0,0.0,0.0,1.0,1.0,0.3971290759,0.3645220792,0.05906462669,0.05990839005
2454,1.0,0.0,0.0,0.0,1.0,1.0,0.3967395784,0.3657752755,0.05938386917,0.06052041054
2455,1.0,0.0,0.0,0.0,1.0,1.0,0.4065845962,0.3756407287,0.06093734503,0.06263798475
2456,1.0,0.0,0.0,0.0,1.0,1.0,0.399020418,0.3683947907,0.05940878391,0.06081652641
2457,1.0,0.0,0.0,0.0,1.0,1.0,0.4054879074,0.3735116043,0.06037938595,0.06208020449
2458,1.0,0.0,0.0,0.0,1.0,1.0,0.4115348275,0.3807398759,0.06172311306,0.06371420622
2459,1.0,0.0,0.0,0.0,1.0,1.0,0.4119836387,0.378213578,0.06177866459,0.06320875883
2460,1.0,0.0,0.0,0.0,1.0,1.0,0.4139584247,0.3739410389,0.06192243099,0.06306922436
2461,1.0,0.0,0.0,0.0,1.0,1.0,0.4119256607,0.3714140674,0.06125313044,0.06209993362
2462,1.0,0.0,0.0,0.0,1.0,1.0,0.4177055927,0.3828369663,0.06236773729,0.06436121464
2463,1.0,0.0,0.0,0.0,1.0,1.0,0.4184151959,0.3871560448,0.06296575069,0.06496924162
2464,1.0,0.0,0.0,0.0,1.0,1.0,0.4260227831,0.3875387194,0.063988626,0.06513130665
2465,1.0,0.0,0.0,0.0,1.0,1.0,0.4300913519,0.3899851997,0.06428158283,0.06541436911
2466,1.0,0.0,0.0,0.0,1.0,1.0,0.4096854217,0.3898168236,0.06050795317,0.06388515234
2467,1.0,0.0,0.0,0.0,1.0,1.0,0.4150061034,0.3922724353,0.06160902977,0.06500041485
2468,1.0,0.0,0.0,0.0,1.0,1.0,0.4234925087,0.3967376153,0.06334751844,0.06616288424
2469,1.0,0.0,0.0,0.0,1.0,1.0,0.4152544312,0.3930009943,0.06139165163,0.06474030018
2470,1.0,0.0,0.0,0.0,1.0,1.0,0.4107556676,0.3909381116,0.06236720085,0.0661034584
2471,1.0,0.0,0.0,0.0,1.0,1.0,0.4176203868,0.3909382856,0.0626373291,0.06548452377
2472,1.0,0.0,0.0,0.0,1.0,1.0,0.4346216937,0.4091674132,0.0666282773,0.07007449865
2473,1.0,0.0,0.0,0.0,1.0,1.0,0.4225127095,0.388671913,0.06210714579,0.06433522701
2474,1.0,0.0,0.0,0.0,1.0,1.0,0.4127711038,0.3807397118,0.06087183952,0.06312638521
2475,1.0,0.0,0.0,0.0,1.0,1.0,0.4101757263,0.3735113048,0.06348532438,0.06527358294
2476,1.0,0.0,0.0,0.0,1.0,1.0,0.4005545406,0.3683062665,0.05838054419,0.06036430597
2477,1.0,0.0,0.0,0.0,1.0,1.0,0.4156287676,0.3683950464,0.06338608265,0.06368088722
2478,1.0,0.0,0.0,0.0,1.0,1.0,0.4324508103,0.3828372697,0.06698173285,0.06727945805
2479,1.0,0.0,0.0,0.0,1.0,1.0,0.4265560307,0.3752113082,0.06425660849,0.06425660849
2480,1.0,0.0,0.0,0.0,1.0,1.0,0.4302359783,0.3832319183,0.06654459238,0.06683903933
2481,1.0,0.0,0.0,0.0,1.0,1.0,0.4257755289,0.3840139648,0.067032516,0.06792235374
2482,1.0,0.0,0.0,0.0,1.0,1.0,0.4197282336,0.375211619,0.0657607317,0.0657607317
2483,1.0,0.0,0.0,0.0,1.0,1.0,0.4186341609,0.3731027919,0.06360459328,0.06331813335
2484,1.0,0.0,0.0,0.0,1.0,1.0,0.4280626393,0.3913069333,0.06629323959,0.06746143103
2485,1.0,0.0,0.0,0.0,1.0,1.0,0.4125876024,0.3680374706,0.06410080194,0.06380808353
2486,1.0,0.0,0.0,0.0,1.0,1.0,0.4148628919,0.3811431018,0.06381946802,0.06526988745
2487,1.0,0.0,0.0,0.0,1.0,1.0,0.4005436666,0.3657748833,0.06177741289,0.06295967102
2488,1.0,0.0,0.0,0.0,1.0,1.0,0.4009276055,0.3657752002,0.06127536297,0.06244814396
2489,1.0,0.0,0.0,0.0,1.0,1.0,0.4161171421,0.3786281629,0.06431007385,0.06519109011
2490,1.0,0.0,0.0,0.0,1.0,1.0,0.4163555016,0.3786283187,0.06082421541,0.06109946966
2491,1.0,0.0,0.0,0.0,1.0,1.0,0.4054338591,0.3642032919,0.06326705217,0.06326705217
2492,1.0,0.0,0.0,0.0,1.0,1.0,0.4064895238,0.3827294283,0.0630043745,0.06618350744
2493,1.0,0.0,0.0,0.0,1.0,1.0,0.395342683,0.3676878101,0.06324476004,0.06501805782
2494,1.0,0.0,0.0,0.0,1.0,1.0,0.3916105585,0.3631304875,0.05928295851,0.06124967337
2495,1.0,0.0,0.0,0.0,1.0,1.0,0.3886715942,0.353623345,0.0584525466,0.05928766727
2496,1.0,0.0,0.0,0.0,1.0,1.0,0.3859138431,0.357908354,0.05696547031,0.05862468481
2497,1.0,0.0,0.0,0.0,1.0,1.0,0.388620186,0.3622138095,0.05764728785,0.0595780611
2498,1.0,0.0,0.0,0.0,1.0,1.0,0.3624144279,0.3421817191,0.0526150465,0.05478471518
2499,1.0,0.0,0.0,0.0,1.0,1.0,0.362414099,0.3467450895,0.05403077602,0.05681592226
2500,1.0,0.0,0.0,0.0,1.0,1.0,0.3887229115,0.3655673863,0.05842262506,0.0603607893
2501,1.0,0.0,0.0,0.0,1.0,1.0,0.3768691234,0.360067952,0.05656653643,0.0593393445
2502,1.0,0.0,0.0,0.0,1.0,1.0,0.3724855855,0.3562196879,0.05634981394,0.05886042118
2503,1.0,0.0,0.0,0.0,1.0,1.0,0.3817059169,0.3643451923,0.05803221464,0.06111603975
2504,1.0,0.0,0.0,0.0,1.0,1.0,0.3762819371,0.3571830136,0.0562376976,0.05843234062
2505,1.0,0.0,0.0,0.0,1.0,1.0,0.377770597,0.366462144,0.05865496397,0.06264126301
2506,1.0,0.0,0.0,0.0,1.0,1.0,0.3815221938,0.3655672893,0.05735641718,0.05982625484
2507,1.0,0.0,0.0,0.0,1.0,1.0,0.3887736587,0.3614645225,0.057690382,0.05905097723
2508,1.0,0.0,0.0,0.0,1.0,1.0,0.3886218602,0.3665715194,0.05924028158,0.06116008759
2509,1.0,0.0,0.0,0.0,1.0,1.0,0.3871141327,0.3620927222,0.05827277899,0.06017887592
2510,1.0,0.0,0.0,0.0,1.0,1.0,0.3891793943,0.3595351191,0.05859225988,0.05996763706
2511,1.0,0.0,0.0,0.0,1.0,1.0,0.4012294098,0.3817541686,0.06076776981,0.06406736374
2512,1.0,0.0,0.0,0.0,1.0,1.0,0.4105813732,0.3926376963,0.06236338615,0.06619268656
2513,1.0,0.0,0.0,0.0,1.0,1.0,0.4005083698,0.3747907618,0.05973559618,0.06219047308
2514,1.0,0.0,0.0,0.0,1.0,1.0,0.4088623136,0.3879412016,0.06009536982,0.06303340197
2515,1.0,0.0,0.0,0.0,1.0,1.0,0.3865852186,0.3628335724,0.05772256851,0.06018465757
2516,1.0,0.0,0.0,0.0,1.0,1.0,0.4052531318,0.3842739793,0.06012564898,0.06310486794
2517,1.0,0.0,0.0,0.0,1.0,1.0,0.4078233863,0.3892218776,0.06180208921,0.06540495157
2518,1.0,0.0,0.0,0.0,1.0,1.0,0.4074508777,0.3908707539,0.06160998344,0.06547784805
2519,1.0,0.0,0.0,0.0,1.0,1.0,0.4155190816,0.3954746539,0.06167697906,0.06493741274
2520,1.0,0.0,0.0,0.0,1.0,1.0,0.4041860693,0.3822367971,0.06186532974,0.06495857239
2521,1.0,0.0,0.0,0.0,1.0,1.0,0.4085711888,0.3872008811,0.06174367666,0.0647892952
2522,1.0,0.0,0.0,0.0,1.0,1.0,0.3930075231,0.3651162039,0.05837845802,0.06061303616
2523,1.0,0.0,0.0,0.0,1.0,1.0,0.2899302051,0.2246945109,0.03985488415,0.03508347273
2524,1.0,0.0,0.0,0.0,1.0,1.0,0.2741562389,0.1665735168,0.03839427233,0.02664673328
2525,1.0,0.0,0.0,0.0,1.0,1.0,0.2809021399,0.1647826482,0.03987592459,0.02658396959
2526,1.0,0.0,0.0,0.0,1.0,1.0,0.2597531512,0.1600530746,0.03663790226,0.02576106787
2527,1.0,0.0,0.0,0.0,1.0,1.0,0.2875377405,0.2184097323,0.04066193104,0.03505343199
2528,1.0,0.0,0.0,0.0,1.0,1.0,0.3529697822,0.3012017418,0.05239129066,0.05011343956
2529,1.0,0.0,0.0,0.0,1.0,1.0,0.3839664048,0.3466078625,0.05819922686,0.05876982212
2530,1.0,0.0,0.0,0.0,1.0,1.0,0.4027323164,0.3706541617,0.05911487341,0.060741961
2531,1.0,0.0,0.0,0.0,1.0,1.0,0.402360621,0.3752059078,0.06176018715,0.06402665377
2532,1.0,0.0,0.0,0.0,1.0,1.0,0.4118578122,0.3826246626,0.06191414595,0.06384038925
2533,1.0,0.0,0.0,0.0,1.0,1.0,0.4071456305,0.3785260138,0.05987650156,0.06177306175
2534,1.0,0.0,0.0,0.0,1.0,1.0,0.4115349628,0.3838915566,0.06247860193,0.06470996141
2535,1.0,0.0,0.0,0.0,1.0,1.0,0.4100746396,0.3793258201,0.06227940321,0.06423431635
2536,1.0,0.0,0.0,0.0,1.0,1.0,0.4071120625,0.3793260089,0.06173318624,0.0639578104
2537,1.0,0.0,0.0,0.0,1.0,1.0,0.415209227,0.3826244229,0.06276893616,0.06443536282
2538,1.0,0.0,0.0,0.0,1.0,1.0,0.4082353485,0.3805822471,0.06027936935,0.06245166063
2539,1.0,0.0,0.0,0.0,1.0,1.0,0.40602296,0.3768657195,0.05969369411,0.06131434441
2540,1.0,0.0,0.0,0.0,1.0,1.0,0.4115348993,0.3793263978,0.06215208769,0.06381690502
2541,1.0,0.0,0.0,0.0,1.0,1.0,0.4119136394,0.381846669,0.06190913916,0.06356739998
2542,1.0,0.0,0.0,0.0,1.0,1.0,0.4129923756,0.3842737882,0.06259250641,0.06481802464
2543,1.0,0.0,0.0,0.0,1.0,1.0,0.4143140276,0.3879412431,0.062705338,0.06490552425
2544,1.0,0.0,0.0,0.0,1.0,1.0,0.4126137686,0.3822368355,0.06234228611,0.06400471926
2545,1.0,0.0,0.0,0.0,1.0,1.0,0.4126724806,0.3801862801,0.06163138151,0.06300711632
2546,1.0,0.0,0.0,0.0,1.0,1.0,0.4140027321,0.38300998,0.06186139584,0.06349647045
2547,1.0,0.0,0.0,0.0,1.0,1.0,0.40998064,0.3842739316,0.06064063311,0.06279677153
2548,1.0,0.0,0.0,0.0,1.0,1.0,0.408082847,0.3830097012,0.06144338846,0.06334650517
2549,1.0,0.0,0.0,0.0,1.0,1.0,0.4019590384,0.3727294083,0.05983424187,0.06118804216
2550,1.0,0.0,0.0,0.0,1.0,1.0,0.4041260473,0.3764345776,0.06127429008,0.06292295456
2551,1.0,0.0,0.0,0.0,1.0,1.0,0.402325378,0.3723086389,0.05916178226,0.06023257971
2552,1.0,0.0,0.0,0.0,1.0,1.0,0.40376015,0.3813659662,0.06084161997,0.06329709291
2553,1.0,0.0,0.0,0.0,1.0,1.0,0.4055971257,0.3805821401,0.05969613791,0.06156998873
2554,1.0,0.0,0.0,0.0,1.0,1.0,0.4059384521,0.3797222046,0.06129086018,0.06320619583
2555,1.0,0.0,0.0,0.0,1.0,1.0,0.3997765872,0.3743785016,0.05940794945,0.06129825115
2556,1.0,0.0,0.0,0.0,1.0,1.0,0.3972374985,0.3818464063,0.05951309204,0.06250226498
2557,1.0,0.0,0.0,0.0,1.0,1.0,0.4030448677,0.3888556503,0.06023770571,0.06376510859
2558,1.0,0.0,0.0,0.0,1.0,1.0,0.3990574184,0.3859230359,0.06221592426,0.06557899714
2559,1.0,0.0,0.0,0.0,1.0,1.0,0.4001372777,0.3847854306,0.05922651291,0.06162762642
2560,1.0,0.0,0.0,0.0,1.0,1.0,0.3972602672,0.3831194808,0.060115695,0.06256383657
2561,1.0,0.0,0.0,0.0,1.0,1.0,0.3980001847,0.3797221149,0.06041651964,0.06230449677
2562,1.0,0.0,0.0,0.0,1.0,1.0,0.397315633,0.3879412706,0.06105625629,0.06375783682
2563,1.0,0.0,0.0,0.0,1.0,1.0,0.3987182807,0.3866694486,0.06114178896,0.06384718418
2564,1.0,0.0,0.0,0.0,1.0,1.0,0.3969539729,0.3826247328,0.06217104197,0.06410527229
2565,1.0,0.0,0.0,0.0,1.0,1.0,0.388324127,0.3756291386,0.06015467644,0.06209510565
2566,1.0,0.0,0.0,0.0,1.0,1.0,0.3853053499,0.3769224986,0.05875056982,0.06095713377
2567,1.0,0.0,0.0,0.0,1.0,1.0,0.3075207605,0.265922948,0.04471224546,0.04163825512
2568,1.0,0.0,0.0,0.0,1.0,1.0,0.2252263792,0.1497289117,0.03235727549,0.02311229706
2569,1.0,0.0,0.0,0.0,1.0,1.0,0.2121266489,0.1301957903,0.03046172857,0.01991730928
2570,1.0,0.0,0.0,0.0,1.0,1.0,0.1974701186,0.1133980009,0.02835851908,0.01707297564
2571,1.0,0.0,0.0,0.0,1.0,1.0,0.1932514286,0.1239765619,0.02813756466,0.01847416162
2572,1.0,0.0,0.0,0.0,1.0,1.0,0.2250650284,0.1734878716,0.03264850378,0.0254547596
2573,1.0,0.0,0.0,0.0,1.0,1.0,0.2573188909,0.2309314498,0.03821480274,0.03378409147
2574,1.0,0.0,0.0,0.0,1.0,1.0,0.2498602263,0.2460745239,0.03743219376,0.03578078747
2575,1.0,0.0,0.0,0.0,1.0,1.0,0.2634893977,0.2763606509,0.03989285231,0.04016792774
2576,1.0,0.0,0.0,0.0,1.0,1.0,0.2597115498,0.284192455,0.03959864378,0.0406910181
2577,1.0,0.0,0.0,0.0,1.0,1.0,0.2680565868,0.2952895507,0.04086315632,0.04221618176
2578,1.0,0.0,0.0,0.0,1.0,1.0,0.282861085,0.308816107,0.04474788904,0.04474782944
2579,1.0,0.0,0.0,0.0,1.0,1.0,0.2897180234,0.3130330214,0.04553991556,0.04473155737
2580,1.0,0.0,0.0,0.0,1.0,1.0,0.2759401998,0.3050728902,0.04383689165,0.04356956482
2581,1.0,0.0,0.0,0.0,1.0,1.0,0.2855547395,0.3116341333,0.04554474354,0.04423600435
2582,1.0,0.0,0.0,0.0,1.0,1.0,0.3085096133,0.3361756735,0.04971772432,0.04790502787
2583,1.0,0.0,0.0,0.0,1.0,1.0,0.3075204866,0.3386390591,0.04995024204,0.04812920094
2584,1.0,0.0,0.0,0.0,1.0,1.0,0.3038954768,0.3300395989,0.04990750551,0.04723864794
2585,1.0,0.0,0.0,0.0,1.0,1.0,0.3173354833,0.3445046712,0.05021750927,0.04711121321
2586,1.0,0.0,0.0,0.0,1.0,1.0,0.3168164151,0.3426118227,0.05134600401,0.04790532589
2587,1.0,0.0,0.0,0.0,1.0,1.0,0.3094298669,0.3344285301,0.0495210886,0.04607844353
2588,1.0,0.0,0.0,0.0,1.0,1.0,0.292066672,0.3298551032,0.04683738947,0.04521292448
2589,1.0,0.0,0.0,0.0,1.0,1.0,0.3051986376,0.3415081221,0.0491002202,0.04775130749
2590,1.0,0.0,0.0,0.0,1.0,1.0,0.3169370756,0.3486420864,0.05100810528,0.04857909679
2591,1.0,0.0,0.0,0.0,1.0,1.0,0.314639165,0.3422214635,0.0506529808,0.04767340422
2592,1.0,0.0,0.0,0.0,1.0,1.0,0.3240976211,0.3501981366,0.05150228739,0.04799687862
2593,1.0,0.0,0.0,0.0,1.0,1.0,0.3035217473,0.3344583812,0.04941022396,0.04640734196
2594,1.0,0.0,0.0,0.0,1.0,1.0,0.3122225174,0.3501980372,0.05194544792,0.04892212152
2595,1.0,0.0,0.0,0.0,1.0,1.0,0.3314982343,0.3620026832,0.05458599329,0.04996925592
2596,1.0,0.0,0.0,0.0,1.0,1.0,0.3253998675,0.3580675906,0.05305474997,0.04926508665
2597,1.0,0.0,0.0,0.0,1.0,1.0,0.3309188084,0.3663294764,0.05483317375,0.05095613003
2598,1.0,0.0,0.0,0.0,1.0,1.0,0.3314813318,0.3657961091,0.05475360155,0.0503513813
2599,1.0,0.0,0.0,0.0,1.0,1.0,0.3298159091,0.3648758285,0.05532646179,0.05141448975
2600,1.0,0.0,0.0,0.0,1.0,1.0,0.3253994128,0.3614583657,0.05428779125,0.05068713427
2601,1.0,0.0,0.0,0.0,1.0,1.0,0.3287420694,0.35862304,0.05436098576,0.04999023676
2602,1.0,0.0,0.0,0.0,1.0,1.0,0.3197544172,0.3476319986,0.05360132456,0.04939180613
2603,1.0,0.0,0.0,0.0,1.0,1.0,0.3238322874,0.356389945,0.05333071947,0.04981142282
2604,1.0,0.0,0.0,0.0,1.0,1.0,0.3189008036,0.3511551223,0.05228799582,0.04905366898
2605,1.0,0.0,0.0,0.0,1.0,1.0,0.3199535778,0.348642545,0.05230432749,0.04852974415
2606,1.0,0.0,0.0,0.0,1.0,1.0,0.3226674805,0.3440386405,0.05331289768,0.0489385128
2607,1.0,0.0,0.0,0.0,1.0,1.0,0.3347882779,0.3613366058,0.05474215746,0.05044865608
2608,1.0,0.0,0.0,0.0,1.0,1.0,0.3238781137,0.3547638285,0.05399286747,0.05072057247
2609,1.0,0.0,0.0,0.0,1.0,1.0,0.3228214508,0.3534151099,0.05377501249,0.05051594973
2610,1.0,0.0,0.0,0.0,1.0,1.0,0.3222425299,0.3450902342,0.05311226845,0.04933774471
2611,1.0,0.0,0.0,0.0,1.0,1.0,0.3222423555,0.3456712523,0.05278265476,0.04929947853
2612,1.0,0.0,0.0,0.0,1.0,1.0,0.3276857124,0.3450904398,0.0548697114,0.05020582676
2613,1.0,0.0,0.0,0.0,1.0,1.0,0.3266150011,0.3545191462,0.05436778069,0.05110573769
2614,1.0,0.0,0.0,0.0,1.0,1.0,0.3424314773,0.3658332928,0.05742037296,0.05329930782
2615,1.0,0.0,0.0,0.0,1.0,1.0,0.3309627906,0.3539689563,0.05392593145,0.0499215126
2616,1.0,0.0,0.0,0.0,1.0,1.0,0.3309629416,0.3468215032,0.05516940355,0.05079954863
2617,1.0,0.0,0.0,0.0,1.0,1.0,0.341957755,0.3601761467,0.05676537752,0.05237770081
2618,1.0,0.0,0.0,0.0,1.0,1.0,0.3408309636,0.3492474568,0.05746567249,0.05219107866
2619,1.0,0.0,0.0,0.0,1.0,1.0,0.3446920339,0.3561442531,0.05641424656,0.05155557394
2620,1.0,0.0,0.0,0.0,1.0,1.0,0.33314721,0.3468212825,0.05320173502,0.04898774624
2621,1.0,0.0,0.0,0.0,1.0,1.0,0.33314748,0.3425052672,0.05468583107,0.05003750324
2622,1.0,0.0,0.0,0.0,1.0,1.0,0.3286754272,0.343204772,0.05196011066,0.04824870825
2623,1.0,0.0,0.0,0.0,1.0,1.0,0.331464573,0.3458142175,0.0524097085,0.04841911793
2624,1.0,0.0,0.0,0.0,1.0,1.0,0.3325930231,0.3462487854,0.05476564169,0.05065822601
2625,1.0,0.0,0.0,0.0,1.0,1.0,0.3464734061,0.3601764415,0.05744254589,0.05274772644
2626,1.0,0.0,0.0,0.0,1.0,1.0,0.3447492884,0.362061795,0.05576443672,0.05147486925
2627,1.0,0.0,0.0,0.0,1.0,1.0,0.3487983328,0.3653264661,0.0562441349,0.05218809843
2628,1.0,0.0,0.0,0.0,1.0,1.0,0.352056969,0.362579358,0.05686944723,0.05201804638
2629,1.0,0.0,0.0,0.0,1.0,1.0,0.3548016094,0.368215243,0.05701094866,0.05246078968
2630,1.0,0.0,0.0,0.0,1.0,1.0,0.3525486668,0.3658334351,0.05675798655,0.05193889141
2631,1.0,0.0,0.0,0.0,1.0,1.0,0.3453218866,0.3615405066,0.05525660515,0.05074048042
2632,1.0,0.0,0.0,0.0,1.0,1.0,0.3398436728,0.3539689641,0.05431568623,0.05003464222
2633,1.0,0.0,0.0,0.0,1.0,1.0,0.3448076594,0.3601762172,0.05523222685,0.05096304417
2634,1.0,0.0,0.0,0.0,1.0,1.0,0.3337006388,0.355064672,0.05402505398,0.05079966784
2635,1.0,0.0,0.0,0.0,1.0,1.0,0.3336925236,0.3556063772,0.05532735586,0.05153036118
2636,1.0,0.0,0.0,0.0,1.0,1.0,0.3336954811,0.3556065933,0.05651909113,0.05289959908
2637,1.0,0.0,0.0,0.0,1.0,1.0,0.3386539024,0.3601761817,0.05509150028,0.05132913589
2638,1.0,0.0,0.0,0.0,1.0,1.0,0.3353388317,0.3524151642,0.05431729555,0.05032342672
2639,1.0,0.0,0.0,0.0,1.0,1.0,0.3249012655,0.3455317897,0.05294632912,0.04998987913
2640,1.0,0.0,0.0,0.0,1.0,1.0,0.3232028278,0.3356057017,0.05302244425,0.04948753119
2641,1.0,0.0,0.0,0.0,1.0,1.0,0.3237394715,0.3313167748,0.05229479074,0.04854029417
2642,1.0,0.0,0.0,0.0,1.0,1.0,0.3187587961,0.3265326908,0.05189365149,0.04892063141
2643,1.0,0.0,0.0,0.0,1.0,1.0,0.3109744015,0.3252729986,0.04983282089,0.04770094156
2644,1.0,0.0,0.0,0.0,1.0,1.0,0.3259411373,0.3367684315,0.05216562748,0.04950410128
2645,1.0,0.0,0.0,0.0,1.0,1.0,0.3159634353,0.3295653072,0.05047142506,0.04887759686
2646,1.0,0.0,0.0,0.0,1.0,1.0,0.2978138162,0.3091800771,0.04652285576,0.04520863295
2647,1.0,0.0,0.0,0.0,1.0,1.0,0.2951372787,0.3112141757,0.04701858759,0.04675143957
2648,1.0,0.0,0.0,0.0,1.0,1.0,0.2881723929,0.3037170998,0.04671698809,0.04644691944
2649,1.0,0.0,0.0,0.0,1.0,1.0,0.2956331026,0.3054832102,0.04744726419,0.04663854837
2650,1.0,0.0,0.0,0.0,1.0,1.0,0.2998323835,0.3044074937,0.04723566771,0.04616820812
2651,1.0,0.0,0.0,0.0,1.0,1.0,0.2904951369,0.2955335247,0.0452426672,0.04443472624
2652,1.0,0.0,0.0,0.0,1.0,1.0,0.3135166855,0.3194640665,0.04900836945,0.04846674204
2653,1.0,0.0,0.0,0.0,1.0,1.0,0.3081904637,0.3098629116,0.04760867357,0.04653275013
2654,1.0,0.0,0.0,0.0,1.0,1.0,0.3210643223,0.322003358,0.05000633001,0.04919975996
2655,1.0,0.0,0.0,0.0,1.0,1.0,0.3176119333,0.324287304,0.04984396696,0.04957312346
2656,1.0,0.0,0.0,0.0,1.0,1.0,0.3123255201,0.3167245004,0.04881107807,0.04881107807
2657,1.0,0.0,0.0,0.0,1.0,1.0,0.3159746315,0.3197513405,0.04912090302,0.04885393381
2658,1.0,0.0,0.0,0.0,1.0,1.0,0.3069842522,0.3136545879,0.04740446806,0.04767376184
2659,1.0,0.0,0.0,0.0,1.0,1.0,0.3186371314,0.3249934798,0.04925251007,0.05005997419
2660,1.0,0.0,0.0,0.0,1.0,1.0,0.3064242064,0.3118824867,0.04764914513,0.04875725508
2661,1.0,0.0,0.0,0.0,1.0,1.0,0.2976678427,0.3055844962,0.04572939873,0.04711508751
2662,1.0,0.0,0.0,0.0,1.0,1.0,0.3020291366,0.3037873694,0.04593503475,0.04704862833
2663,1.0,0.0,0.0,0.0,1.0,1.0,0.2715464702,0.2526263361,0.04041987658,0.03845500946
2664,1.0,0.0,0.0,0.0,1.0,1.0,0.2401758645,0.2090088396,0.0351099968,0.03114598989
2665,1.0,0.0,0.0,0.0,1.0,1.0,0.219916483,0.1678453814,0.03231143951,0.02538758516
2666,1.0,0.0,0.0,0.0,1.0,1.0,0.2006751553,0.1316057993,0.02944517136,0.0199187994
2667,1.0,0.0,0.0,0.0,1.0,1.0,0.1955432863,0.1282808571,0.0283806324,0.01920706034
2668,1.0,0.0,0.0,0.0,1.0,1.0,0.2006751881,0.1273052468,0.02938705683,0.01930326223
2669,1.0,0.0,0.0,0.0,1.0,1.0,0.2014842181,0.127791266,0.02899551392,0.01923465729
2670,1.0,0.0,0.0,0.0,1.0,1.0,0.2042948231,0.1340249407,0.02948665619,0.02023595572
2671,1.0,0.0,0.0,0.0,1.0,1.0,0.2144551952,0.1091346863,0.03074777126,0.01653420925
2672,1.0,0.0,0.0,0.0,1.0,1.0,0.2122527088,0.1034578418,0.03006696701,0.01547133923
2673,1.0,0.0,0.0,0.0,1.0,1.0,0.2150437026,0.1080478662,0.03034323454,0.01618307829
2674,1.0,0.0,0.0,0.0,1.0,1.0,0.2181735547,0.1054098841,0.03032946587,0.0155979991
2675,1.0,0.0,0.0,0.0,1.0,1.0,0.2186275172,0.1132182397,0.03061187267,0.01690948009
2676,1.0,0.0,0.0,0.0,1.0,1.0,0.2220981628,0.1084663325,0.03106969595,0.01611018181
2677,1.0,0.0,0.0,0.0,1.0,1.0,0.2239414207,0.1162141491,0.03125160933,0.01736199856
2678,1.0,0.0,0.0,0.0,1.0,1.0,0.2243644383,0.1167930297,0.03133130074,0.01737463474
2679,1.0,0.0,0.0,0.0,1.0,1.0,0.2202513008,0.1196245757,0.03096145391,0.01810956001
2680,1.0,0.0,0.0,0.0,1.0,1.0,0.2264042724,0.1273053328,0.03209203482,0.0193708539
2681,1.0,0.0,0.0,0.0,1.0,1.0,0.2200418132,0.1148785178,0.03103756905,0.01740425825
2682,1.0,0.0,0.0,0.0,1.0,1.0,0.2234524616,0.1108406631,0.03232640028,0.01733875275
2683,1.0,0.0,0.0,0.0,1.0,1.0,0.2261365717,0.1141686973,0.03332877159,0.01815229654
2684,1.0,0.0,0.0,0.0,1.0,1.0,0.2216503597,0.104030919,0.0323497653,0.01646894217
2685,1.0,0.0,0.0,0.0,1.0,1.0,0.2306405233,0.1054964753,0.03433531523,0.01716762781
2686,1.0,0.0,0.0,0.0,1.0,1.0,0.2272374605,0.09219915928,0.03308552504,0.01463955641
2687,1.0,0.0,0.0,0.0,1.0,1.0,0.2342126729,0.102506945,0.03345811367,0.01615220308
2688,1.0,0.0,0.0,0.0,1.0,1.0,0.2413137888,0.1035783478,0.03418111801,0.01623600721
2689,1.0,0.0,0.0,0.0,1.0,1.0,0.2372919125,0.1028305147,0.03367125988,0.01626491547
2690,1.0,0.0,0.0,0.0,1.0,1.0,0.2398660475,0.103884468,0.03478848934,0.01681441069
2691,1.0,0.0,0.0,0.0,1.0,1.0,0.2349289157,0.09958855143,0.03433030844,0.0162923336
2692,1.0,0.0,0.0,0.0,1.0,1.0,0.2262154071,0.1013417451,0.03321623802,0.01660805941
2693,1.0,0.0,0.0,0.0,1.0,1.0,0.2180248703,0.1296852896,0.03176963329,0.02108603716
2694,1.0,0.0,0.0,0.0,1.0,1.0,0.2460750038,0.1722014766,0.03717207909,0.02916580439
2695,1.0,0.0,0.0,0.0,1.0,1.0,0.279214903,0.2235593839,0.04202741385,0.03785252571
2696,1.0,0.0,0.0,0.0,1.0,1.0,0.320696111,0.2728738308,0.04809176922,0.04535925388
2697,1.0,0.0,0.0,0.0,1.0,1.0,0.347553737,0.3115144118,0.05315828323,0.05288285017
2698,1.0,0.0,0.0,0.0,1.0,1.0,0.3466899477,0.3088887497,0.05201351643,0.05174255371
2699,1.0,0.0,0.0,0.0,1.0,1.0,0.3474730155,0.3109014841,0.05184227228,0.05211514235
2700,1.0,0.0,0.0,0.0,1.0,1.0,0.3450124544,0.3053849675,0.05192124844,0.05137187243
2701,1.0,0.0,0.0,0.0,1.0,1.0,0.3467638075,0.3119171794,0.05236715078,0.05236709118
2702,1.0,0.0,0.0,0.0,1.0,1.0,0.3475535876,0.3102844709,0.05305308104,0.05222845078
2703,1.0,0.0,0.0,0.0,1.0,1.0,0.3479470226,0.3113014468,0.05211061239,0.05156779289
2704,1.0,0.0,0.0,0.0,1.0,1.0,0.3503379266,0.327178787,0.05297040939,0.05404597521
2705,1.0,0.0,0.0,0.0,1.0,1.0,0.3512756662,0.3271789634,0.05326282978,0.05434435606
2706,1.0,0.0,0.0,0.0,1.0,1.0,0.3594093056,0.3326118732,0.05494749546,0.05603027344
2707,1.0,0.0,0.0,0.0,1.0,1.0,0.350337923,0.3228717164,0.05311542749,0.05365473032
2708,1.0,0.0,0.0,0.0,1.0,1.0,0.3584569665,0.335851465,0.05573654175,0.05683481693
2709,1.0,0.0,0.0,0.0,1.0,1.0,0.3549252685,0.3309840487,0.05462789536,0.0554432869
2710,1.0,0.0,0.0,0.0,1.0,1.0,0.3594098923,0.3429454762,0.05579614639,0.05772006512
2711,1.0,0.0,0.0,0.0,1.0,1.0,0.3581408066,0.3385207541,0.05562579632,0.05754393339
2712,1.0,0.0,0.0,0.0,1.0,1.0,0.3519161614,0.3251389905,0.05321103334,0.05400919914
2713,1.0,0.0,0.0,0.0,1.0,1.0,0.3580356891,0.3293616547,0.05456644297,0.05566328764
2714,1.0,0.0,0.0,0.0,1.0,1.0,0.3583075259,0.327119741,0.05377489328,0.05432081223
2715,1.0,0.0,0.0,0.0,1.0,1.0,0.3505847256,0.3172573655,0.05182301998,0.05236572027
2716,1.0,0.0,0.0,0.0,1.0,1.0,0.34620571,0.3060178502,0.0524969101,0.05194431543
2717,1.0,0.0,0.0,0.0,1.0,1.0,0.3444453789,0.3057501407,0.05120497942,0.05066025257
2718,1.0,0.0,0.0,0.0,1.0,1.0,0.3432425927,0.3063862106,0.05135965347,0.05135965347
2719,1.0,0.0,0.0,0.0,1.0,1.0,0.31384335,0.272273321,0.0466196537,0.04550969601
2720,1.0,0.0,0.0,0.0,1.0,1.0,0.2461087305,0.1753407222,0.0349458456,0.02841126919
2721,1.0,0.0,0.0,0.0,1.0,1.0,0.1972717944,0.1112455408,0.02865356207,0.01842015982
2722,1.0,0.0,0.0,0.0,1.0,1.0,0.2037208035,0.1192316526,0.02991992235,0.02014410496
2723,1.0,0.0,0.0,0.0,1.0,1.0,0.254546852,0.1814052894,0.03592580557,0.02952039242
2724,1.0,0.0,0.0,0.0,1.0,1.0,0.3022702303,0.2381219118,0.04375493526,0.04008513689
2725,1.0,0.0,0.0,0.0,1.0,1.0,0.3174360088,0.268306296,0.04609572887,0.04469883442
2726,1.0,0.0,0.0,0.0,1.0,1.0,0.334407023,0.2834482691,0.04923850298,0.04812574387
2727,1.0,0.0,0.0,0.0,1.0,1.0,0.3245065105,0.2748464308,0.04731589556,0.04619598389
2728,1.0,0.0,0.0,0.0,1.0,1.0,0.3283469779,0.2857936047,0.04816782475,0.04816782475
2729,1.0,0.0,0.0,0.0,1.0,1.0,0.3378933326,0.2921956848,0.04976630211,0.04920709133
2730,1.0,0.0,0.0,0.0,1.0,1.0,0.336332511,0.2921958456,0.04829806089,0.04829806089
2731,1.0,0.0,0.0,0.0,1.0,1.0,0.3427759399,0.2955161458,0.05003339052,0.05003339052
2732,1.0,0.0,0.0,0.0,1.0,1.0,0.349133368,0.3041780775,0.0504270792,0.0504270792
2733,1.0,0.0,0.0,0.0,1.0,1.0,0.3625617227,0.3187590231,0.05253118277,0.05336499214
2734,1.0,0.0,0.0,0.0,1.0,1.0,0.3569433698,0.3125345806,0.05109524727,0.05164766312
2735,1.0,0.0,0.0,0.0,1.0,1.0,0.3667853613,0.3208912154,0.05372911692,0.05458199978
2736,1.0,0.0,0.0,0.0,1.0,1.0,0.3604542455,0.3192200042,0.05237978697,0.05350029469
2737,1.0,0.0,0.0,0.0,1.0,1.0,0.3622006567,0.3242337313,0.05288541317,0.05486512184
2738,1.0,0.0,0.0,0.0,1.0,1.0,0.3741847008,0.3292477379,0.05344122648,0.0545488596
2739,1.0,0.0,0.0,0.0,1.0,1.0,0.3791658752,0.3381446385,0.05446487665,0.05669933558
2740,1.0,0.0,0.0,0.0,1.0,1.0,0.3815699071,0.3359329346,0.05500787497,0.0561248064
2741,1.0,0.0,0.0,0.0,1.0,1.0,0.3790988597,0.3281995336,0.05479103327,0.05506771803
2742,1.0,0.0,0.0,0.0,1.0,1.0,0.3630859726,0.3041064395,0.05319696665,0.05179703236
2743,1.0,0.0,0.0,0.0,1.0,1.0,0.3676107313,0.3129401981,0.05307364464,0.0527972579
2744,1.0,0.0,0.0,0.0,1.0,1.0,0.3637779695,0.3096630656,0.05363416672,0.05279612541
2745,1.0,0.0,0.0,0.0,1.0,1.0,0.3745555661,0.3266151489,0.05568486452,0.05596470833
2746,1.0,0.0,0.0,0.0,1.0,1.0,0.3776520795,0.3331472574,0.0550904274,0.05620330572
2747,1.0,0.0,0.0,0.0,1.0,1.0,0.3801095333,0.3320515051,0.05625224113,0.05653208494
2748,1.0,0.0,0.0,0.0,1.0,1.0,0.3768228488,0.3320403455,0.05477946997,0.05561369658
2749,1.0,0.0,0.0,0.0,1.0,1.0,0.3750285254,0.3276315079,0.05470728874,0.05498498678
2750,1.0,0.0,0.0,0.0,1.0,1.0,0.3714399225,0.329247691,0.05346995592,0.05429685116
2751,1.0,0.0,0.0,0.0,1.0,1.0,0.3810130982,0.3466080021,0.05560600758,0.0575620532
2752,1.0,0.0,0.0,0.0,1.0,1.0,0.3796549422,0.3409468051,0.05638152361,0.05750918388
2753,1.0,0.0,0.0,0.0,1.0,1.0,0.3880959802,0.3545876399,0.05653476715,0.05900478363
2754,1.0,0.0,0.0,0.0,1.0,1.0,0.3775041162,0.3453221626,0.05574697256,0.05797684193
2755,1.0,0.0,0.0,0.0,1.0,1.0,0.3844007291,0.3550648557,0.05708676577,0.06014996767
2756,1.0,0.0,0.0,0.0,1.0,1.0,0.3793915405,0.3479906118,0.05725461245,0.06010311842
2757,1.0,0.0,0.0,0.0,1.0,1.0,0.3809194643,0.3452021614,0.05662596226,0.05886858702
2758,1.0,0.0,0.0,0.0,1.0,1.0,0.3744357819,0.3380950886,0.05456602573,0.05649518967
2759,1.0,0.0,0.0,0.0,1.0,1.0,0.3857825041,0.3468456247,0.05665194988,0.05859589577
2760,1.0,0.0,0.0,0.0,1.0,1.0,0.3892462638,0.3501335426,0.05746167898,0.05912727118
2761,1.0,0.0,0.0,0.0,1.0,1.0,0.3896603725,0.3517772298,0.05726611614,0.05891805887
2762,1.0,0.0,0.0,0.0,1.0,1.0,0.3802019634,0.3446921073,0.05561059713,0.05753773451
2763,1.0,0.0,0.0,0.0,1.0,1.0,0.3877874789,0.3555390927,0.0570576787,0.05981403589
2764,1.0,0.0,0.0,0.0,1.0,1.0,0.3742028979,0.3425240415,0.05503815413,0.05725079775
2765,1.0,0.0,0.0,0.0,1.0,1.0,0.3726734573,0.338094616,0.05482631922,0.05676454306
2766,1.0,0.0,0.0,0.0,1.0,1.0,0.3649647523,0.3336952516,0.05391699076,0.05612897873
2767,1.0,0.0,0.0,0.0,1.0,1.0,0.3691121631,0.3375597234,0.05412447453,0.05662250519
2768,1.0,0.0,0.0,0.0,1.0,1.0,0.3707154703,0.338046722,0.05467355251,0.05687153339
2769,1.0,0.0,0.0,0.0,1.0,1.0,0.3668014859,0.3402007443,0.05372148752,0.0567060113
2770,1.0,0.0,0.0,0.0,1.0,1.0,0.3700955568,0.3390964658,0.05558729172,0.05751365423
2771,1.0,0.0,0.0,0.0,1.0,1.0,0.3647732894,0.3364134516,0.05464673042,0.05685466528
2772,1.0,0.0,0.0,0.0,1.0,1.0,0.3728296701,0.3452019164,0.05598843098,0.05820578337
2773,1.0,0.0,0.0,0.0,1.0,1.0,0.3646111545,0.3425240739,0.05462366343,0.0573964715
2774,1.0,0.0,0.0,0.0,1.0,1.0,0.3597250637,0.3314983292,0.05323505402,0.0551559329
2775,1.0,0.0,0.0,0.0,1.0,1.0,0.357342343,0.3265500843,0.05251979828,0.05416101217
2776,1.0,0.0,0.0,0.0,1.0,1.0,0.3641090885,0.3380952857,0.05399382114,0.05647313595
2777,1.0,0.0,0.0,0.0,1.0,1.0,0.3639424872,0.3276316479,0.0539778471,0.05480825901
2778,1.0,0.0,0.0,0.0,1.0,1.0,0.3674825172,0.3386264693,0.05443650484,0.05663597584
2779,1.0,0.0,0.0,0.0,1.0,1.0,0.3629257428,0.3375595175,0.05333828926,0.05580002069
2780,1.0,0.0,0.0,0.0,1.0,1.0,0.3632640052,0.3348127742,0.05365025997,0.05530101061
2781,1.0,0.0,0.0,0.0,1.0,1.0,0.3669539532,0.342523881,0.05463981628,0.05683636665
2782,1.0,0.0,0.0,0.0,1.0,1.0,0.3674418404,0.3452018618,0.05449432135,0.05721902847
2783,1.0,0.0,0.0,0.0,1.0,1.0,0.3796044064,0.3571778281,0.05652576685,0.05952960253
2784,1.0,0.0,0.0,0.0,1.0,1.0,0.3791621429,0.3534211898,0.05606764555,0.05851721764
2785,1.0,0.0,0.0,0.0,1.0,1.0,0.3614420639,0.3380465839,0.05426138639,0.0567278266
2786,1.0,0.0,0.0,0.0,1.0,1.0,0.3609094646,0.335361324,0.05335390568,0.05526924133
2787,1.0,0.0,0.0,0.0,1.0,1.0,0.365144587,0.3381951521,0.05422693491,0.05618357658
2788,1.0,0.0,0.0,0.0,1.0,1.0,0.3550648503,0.3297819576,0.05197399855,0.05389893055
2789,1.0,0.0,0.0,0.0,1.0,1.0,0.3478771955,0.3258317959,0.05090737343,0.05310881138
2790,1.0,0.0,0.0,0.0,1.0,1.0,0.3580090353,0.338194695,0.05300086737,0.05548524857
2791,1.0,0.0,0.0,0.0,1.0,1.0,0.3630928005,0.3404878864,0.05393135548,0.05587738752
2792,1.0,0.0,0.0,0.0,1.0,1.0,0.3605461401,0.3359610082,0.0541831851,0.05586767197
2793,1.0,0.0,0.0,0.0,1.0,1.0,0.3482050442,0.3224548465,0.05060064793,0.05224168301
2794,1.0,0.0,0.0,0.0,1.0,1.0,0.3518632539,0.3286301721,0.05160456896,0.0532515645
2795,1.0,0.0,0.0,0.0,1.0,1.0,0.3545190569,0.3303239186,0.0517514348,0.05367833376
2796,1.0,0.0,0.0,0.0,1.0,1.0,0.3573421024,0.3376492183,0.05227011442,0.05444806814
2797,1.0,0.0,0.0,0.0,1.0,1.0,0.3535061559,0.3381950667,0.05194461346,0.05466425419
2798,1.0,0.0,0.0,0.0,1.0,1.0,0.3585358014,0.3427141652,0.05254405737,0.05526655912
2799,1.0,0.0,0.0,0.0,1.0,1.0,0.3564183197,0.3427141268,0.0523301959,0.05475795269
2800,1.0,0.0,0.0,0.0,1.0,1.0,0.3405098174,0.3303240561,0.04960995913,0.05229157209
2801,1.0,0.0,0.0,0.0,1.0,1.0,0.3392938184,0.3297477728,0.04964190722,0.05233985186
2802,1.0,0.0,0.0,0.0,1.0,1.0,0.3466700818,0.3382466833,0.05066210032,0.05362635851
2803,1.0,0.0,0.0,0.0,1.0,1.0,0.3587737861,0.3460907099,0.05302172899,0.05545645952
2804,1.0,0.0,0.0,0.0,1.0,1.0,0.3515532267,0.3438759128,0.05114632845,0.05435973406
2805,1.0,0.0,0.0,0.0,1.0,1.0,0.3516556848,0.3416459466,0.05163788795,0.05462741852
2806,1.0,0.0,0.0,0.0,1.0,1.0,0.356291283,0.3533383822,0.05298805237,0.0570640564
2807,1.0,0.0,0.0,0.0,1.0,1.0,0.3538168,0.3499726784,0.05280286074,0.05661338568
2808,1.0,0.0,0.0,0.0,1.0,1.0,0.3514521902,0.3427139862,0.05226045847,0.05525451899
2809,1.0,0.0,0.0,0.0,1.0,1.0,0.3592885324,0.3487986993,0.05304545164,0.05600738525
2810,1.0,0.0,0.0,0.0,1.0,1.0,0.3588207004,0.3476317851,0.05338740349,0.0560836792
2811,1.0,0.0,0.0,0.0,1.0,1.0,0.3593697517,0.3479904763,0.05374294519,0.05641674995
2812,1.0,0.0,0.0,0.0,1.0,1.0,0.3650602041,0.3557617352,0.05474328995,0.05769515038
2813,1.0,0.0,0.0,0.0,1.0,1.0,0.3577140484,0.3474880462,0.05324703455,0.05619031191
2814,1.0,0.0,0.0,0.0,1.0,1.0,0.3753439984,0.3599963563,0.05677837133,0.05865311623
2815,1.0,0.0,0.0,0.0,1.0,1.0,0.3624642505,0.3507973834,0.0544937849,0.05663079023
2816,1.0,0.0,0.0,0.0,1.0,1.0,0.3626293674,0.3552832249,0.05472207069,0.05712449551
2817,1.0,0.0,0.0,0.0,1.0,1.0,0.3537848003,0.3413934018,0.0535326004,0.05540621281
2818,1.0,0.0,0.0,0.0,1.0,1.0,0.3527442052,0.3347804536,0.05308866501,0.05414515734
2819,1.0,0.0,0.0,0.0,1.0,1.0,0.3529497096,0.3320619291,0.05373072624,0.0542626977
2820,1.0,0.0,0.0,0.0,1.0,1.0,0.3618668783,0.3530284713,0.05537861586,0.0577519536
2821,1.0,0.0,0.0,0.0,1.0,1.0,0.3501948474,0.332062127,0.05315327644,0.05367952585
2822,1.0,0.0,0.0,0.0,1.0,1.0,0.3499789015,0.328248129,0.0529333353,0.0529333353
2823,1.0,0.0,0.0,0.0,1.0,1.0,0.352743899,0.3364134249,0.05424439907,0.05477625132
2824,1.0,0.0,0.0,0.0,1.0,1.0,0.344576087,0.3261167006,0.05363047123,0.05363047123
2825,1.0,0.0,0.0,0.0,1.0,1.0,0.3486828384,0.3276859573,0.05331075191,0.05278289318
2826,1.0,0.0,0.0,0.0,1.0,1.0,0.3527441121,0.3320513781,0.05387943983,0.05335122347
2827,1.0,0.0,0.0,0.0,1.0,1.0,0.3480813168,0.3282480111,0.05447393656,0.05420428514
2828,1.0,0.0,0.0,0.0,1.0,1.0,0.3440982135,0.3265501734,0.05265587568,0.05239129066
2829,1.0,0.0,0.0,0.0,1.0,1.0,0.3400877654,0.3214871737,0.05200427771,0.05120831728
2830,1.0,0.0,0.0,0.0,1.0,1.0,0.3446349838,0.3325959732,0.0528434515,0.05310773849
2831,1.0,0.0,0.0,0.0,1.0,1.0,0.340601624,0.3276317367,0.05260109901,0.05260109901
2832,1.0,0.0,0.0,0.0,1.0,1.0,0.3440417657,0.3276315049,0.05330663919,0.05277359486
2833,1.0,0.0,0.0,0.0,1.0,1.0,0.3423218597,0.3287201831,0.05318671465,0.05291944742
2834,1.0,0.0,0.0,0.0,1.0,1.0,0.349119787,0.3336952946,0.05376654863,0.0535030365
2835,1.0,0.0,0.0,0.0,1.0,1.0,0.3486828612,0.3337004348,0.05370694399,0.05344098806
2836,1.0,0.0,0.0,0.0,1.0,1.0,0.3435042744,0.3270600744,0.05263698101,0.05210798979
2837,1.0,0.0,0.0,0.0,1.0,1.0,0.3354407205,0.3204192763,0.05116289854,0.05063819885
2838,1.0,0.0,0.0,0.0,1.0,1.0,0.3399812289,0.3254763937,0.05221807957,0.05195569992
2839,1.0,0.0,0.0,0.0,1.0,1.0,0.3498044112,0.3359052166,0.05489552021,0.05489557981
2840,1.0,0.0,0.0,0.0,1.0,1.0,0.3388814757,0.319358091,0.05235999823,0.05129683018
2841,1.0,0.0,0.0,0.0,1.0,1.0,0.3548619277,0.3403417006,0.05523258448,0.05469894409
2842,1.0,0.0,0.0,0.0,1.0,1.0,0.3565762082,0.3413935802,0.05628740788,0.05601680279
2843,1.0,0.0,0.0,0.0,1.0,1.0,0.3435042006,0.3325901734,0.05288797617,0.05288797617
2844,1.0,0.0,0.0,0.0,1.0,1.0,0.3423694364,0.3298154702,0.05287563801,0.0528755784
2845,1.0,0.0,0.0,0.0,1.0,1.0,0.3508311565,0.3397439997,0.05388611555,0.05414897203
2846,1.0,0.0,0.0,0.0,1.0,1.0,0.3417335606,0.3249007581,0.05239355564,0.0518669486
2847,1.0,0.0,0.0,0.0,1.0,1.0,0.3519399397,0.3391548399,0.05562335253,0.05589342117
2848,1.0,0.0,0.0,0.0,1.0,1.0,0.3474086414,0.3353392659,0.05370223522,0.05396682024
2849,1.0,0.0,0.0,0.0,1.0,1.0,0.352036873,0.3413932748,0.05395162106,0.05447798967
2850,1.0,0.0,0.0,0.0,1.0,1.0,0.3445760244,0.3358780365,0.05256420374,0.05361026525
2851,1.0,0.0,0.0,0.0,1.0,1.0,0.3617190393,0.3522624069,0.05556517839,0.05661857128
2852,1.0,0.0,0.0,0.0,1.0,1.0,0.3525424302,0.3435582369,0.05464947224,0.05544543266
2853,1.0,0.0,0.0,0.0,1.0,1.0,0.3578036413,0.3507973375,0.05526447296,0.05632722378
2854,1.0,0.0,0.0,0.0,1.0,1.0,0.3562025,0.3430427632,0.05530828238,0.05584526062
2855,1.0,0.0,0.0,0.0,1.0,1.0,0.3515278669,0.341393486,0.05450814962,0.05530971289
2856,1.0,0.0,0.0,0.0,1.0,1.0,0.3581618807,0.3440702625,0.05566489697,0.05566489697
2857,1.0,0.0,0.0,0.0,1.0,1.0,0.3589062066,0.3501334127,0.05640798807,0.0574875474
2858,1.0,0.0,0.0,0.0,1.0,1.0,0.3531476491,0.3386264222,0.05448460579,0.05448454618
2859,1.0,0.0,0.0,0.0,1.0,1.0,0.3587737119,0.3473472276,0.05607372522,0.05660784245
2860,1.0,0.0,0.0,0.0,1.0,1.0,0.3604825366,0.3550645669,0.05567926168,0.0569986105
2861,1.0,0.0,0.0,0.0,1.0,1.0,0.3559659533,0.3484896302,0.05553525686,0.05660319328
2862,1.0,0.0,0.0,0.0,1.0,1.0,0.3515278205,0.3430425434,0.05456739664,0.05563730001
2863,1.0,0.0,0.0,0.0,1.0,1.0,0.352846366,0.3370214773,0.05374026299,0.05374032259
2864,1.0,0.0,0.0,0.0,1.0,1.0,0.3378397193,0.3158770399,0.05177807808,0.05096900463
2865,1.0,0.0,0.0,0.0,1.0,1.0,0.3390334938,0.327519715,0.05172622204,0.05226498842
2866,1.0,0.0,0.0,0.0,1.0,1.0,0.3343328491,0.3157020693,0.05094349384,0.05067253113
2867,1.0,0.0,0.0,0.0,1.0,1.0,0.3421027811,0.3224550528,0.05134516954,0.05134516954
2868,1.0,0.0,0.0,0.0,1.0,1.0,0.3378898605,0.3252422617,0.05158054829,0.052123487
2869,1.0,0.0,0.0,0.0,1.0,1.0,0.3361113891,0.3196870093,0.05089658499,0.05116587877
2870,1.0,0.0,0.0,0.0,1.0,1.0,0.3295843916,0.3127506692,0.05035805702,0.05008584261
2871,1.0,0.0,0.0,0.0,1.0,1.0,0.3414463088,0.3241432728,0.05240732431,0.05240732431
2872,1.0,0.0,0.0,0.0,1.0,1.0,0.3313466778,0.3121123314,0.05018001795,0.04990726709
2873,1.0,0.0,0.0,0.0,1.0,1.0,0.3289533364,0.3093508987,0.049669981,0.04939848185
2874,1.0,0.0,0.0,0.0,1.0,1.0,0.3385205736,0.3178496074,0.05156499147,0.05101931095
2875,1.0,0.0,0.0,0.0,1.0,1.0,0.3385207191,0.3195492081,0.05142515898,0.05115300417
2876,1.0,0.0,0.0,0.0,1.0,1.0,0.3397031719,0.3263485221,0.05167633295,0.05222028494
2877,1.0,0.0,0.0,0.0,1.0,1.0,0.336159526,0.3159746457,0.05079013109,0.05024397373
2878,1.0,0.0,0.0,0.0,1.0,1.0,0.3385496771,0.3166038284,0.05132651329,0.05050742626
2879,1.0,0.0,0.0,0.0,1.0,1.0,0.3422003227,0.3250781601,0.05192542076,0.05165070295
2880,1.0,0.0,0.0,0.0,1.0,1.0,0.3193907651,0.3056712105,0.04893136024,0.04893136024
2881,1.0,0.0,0.0,0.0,1.0,1.0,0.3168521293,0.2991409104,0.04787629843,0.04732912779
2882,1.0,0.0,0.0,0.0,1.0,1.0,0.2541274405,0.2246947991,0.03786963224,0.03532618284
2883,1.0,0.0,0.0,0.0,1.0,1.0,0.2285541823,0.1995225788,0.03337913752,0.03083336353
2884,1.0,0.0,0.0,0.0,1.0,1.0,0.2263609531,0.1969703349,0.03351074457,0.03067088127
2885,1.0,0.0,0.0,0.0,1.0,1.0,0.2479675613,0.2291140748,0.03678935766,0.03566604853
2886,1.0,0.0,0.0,0.0,1.0,1.0,0.276797284,0.2649763859,0.04168820381,0.04168814421
2887,1.0,0.0,0.0,0.0,1.0,1.0,0.3033037764,0.2895906939,0.04621732235,0.04566049576
2888,1.0,0.0,0.0,0.0,1.0,1.0,0.3211203875,0.3043279659,0.04903817177,0.04848712683
2889,1.0,0.0,0.0,0.0,1.0,1.0,0.3271876028,0.3073887613,0.04999762774,0.04890483618
2890,1.0,0.0,0.0,0.0,1.0,1.0,0.3354769706,0.3252421182,0.05204826593,0.05204826593
2891,1.0,0.0,0.0,0.0,1.0,1.0,0.3242872921,0.3114699036,0.04974061251,0.04946875572
2892,1.0,0.0,0.0,0.0,1.0,1.0,0.3283365492,0.3186374729,0.04981583357,0.0500895381
2893,1.0,0.0,0.0,0.0,1.0,1.0,0.3206094539,0.3088549896,0.04885834455,0.04858535528
2894,1.0,0.0,0.0,0.0,1.0,1.0,0.3349193354,0.3250779436,0.05163854361,0.05136531591
2895,1.0,0.0,0.0,0.0,1.0,1.0,0.3462352138,0.3372244777,0.05306953192,0.0527960062
2896,1.0,0.0,0.0,0.0,1.0,1.0,0.3474761085,0.3354768538,0.05355393887,0.05300182104
2897,1.0,0.0,0.0,0.0,1.0,1.0,0.3415359726,0.3355016939,0.05232167244,0.05232167244
2898,1.0,0.0,0.0,0.0,1.0,1.0,0.3373115954,0.3384074347,0.05176943541,0.05286508799
2899,1.0,0.0,0.0,0.0,1.0,1.0,0.3432789365,0.3366543277,0.05235981941,0.05235981941
2900,1.0,0.0,0.0,0.0,1.0,1.0,0.3542995884,0.351720135,0.05495244265,0.05522584915
2901,1.0,0.0,0.0,0.0,1.0,1.0,0.3544118737,0.3487633379,0.05444502831,0.05471724272
2902,1.0,0.0,0.0,0.0,1.0,1.0,0.336729445,0.3337359516,0.05268418789,0.05296444893
2903,1.0,0.0,0.0,0.0,1.0,1.0,0.3367105225,0.3319700274,0.05263519287,0.05235666037
2904,1.0,0.0,0.0,0.0,1.0,1.0,0.3396333715,0.3407991202,0.05391198397,0.05419278145
2905,1.0,0.0,0.0,0.0,1.0,1.0,0.3349097071,0.3343204558,0.05190074444,0.05190080404
2906,1.0,0.0,0.0,0.0,1.0,1.0,0.3331475299,0.3355015793,0.05206435919,0.05233979225
2907,1.0,0.0,0.0,0.0,1.0,1.0,0.3165491804,0.318818409,0.04906737804,0.04906737804
2908,1.0,0.0,0.0,0.0,1.0,1.0,0.2623303095,0.262912987,0.04018032551,0.03989738226
2909,1.0,0.0,0.0,0.0,1.0,1.0,0.1613884314,0.1783319509,0.02342271805,0.02568036318
2910,1.0,0.0,0.0,0.0,1.0,1.0,0.1327386669,0.1495228339,0.0192039609,0.02146321535
2911,1.0,0.0,0.0,0.0,1.0,1.0,0.1352187701,0.1495230748,0.01951825619,0.02149838209
2912,1.0,0.0,0.0,0.0,1.0,1.0,0.1349537771,0.1520890236,0.01936751604,0.02161306143
2913,1.0,0.0,0.0,0.0,1.0,1.0,0.1623848943,0.1762581118,0.02332258224,0.0252661705
2914,1.0,0.0,0.0,0.0,1.0,1.0,0.2383140617,0.2304981901,0.03550308943,0.03440219164
2915,1.0,0.0,0.0,0.0,1.0,1.0,0.2896933119,0.2826890414,0.04392153025,0.04254901409
2916,1.0,0.0,0.0,0.0,1.0,1.0,0.3093082224,0.3063981172,0.04693722725,0.04558068514
2917,1.0,0.0,0.0,0.0,1.0,1.0,0.3007330065,0.3035344409,0.04571712017,0.04489588737
2918,1.0,0.0,0.0,0.0,1.0,1.0,0.3124362245,0.3136935384,0.04746878147,0.04638999701
2919,1.0,0.0,0.0,0.0,1.0,1.0,0.3103528561,0.3168521896,0.04743254185,0.04689663649
2920,1.0,0.0,0.0,0.0,1.0,1.0,0.2963259267,0.3016495482,0.04534697533,0.04454195499
2921,1.0,0.0,0.0,0.0,1.0,1.0,0.2940564369,0.2998326528,0.04504853487,0.04424411058
2922,1.0,0.0,0.0,0.0,1.0,1.0,0.2780140342,0.2810933388,0.04320013523,0.0418330431
2923,1.0,0.0,0.0,0.0,1.0,1.0,0.2877972729,0.2965378885,0.04410481453,0.04330295324
2924,1.0,0.0,0.0,0.0,1.0,1.0,0.2803312359,0.2873852793,0.04407340288,0.04297840595
2925,1.0,0.0,0.0,0.0,1.0,1.0,0.2949741072,0.303859848,0.04554545879,0.04447382689
2926,1.0,0.0,0.0,0.0,1.0,1.0,0.2996591212,0.3063983631,0.04637932777,0.04503893852
2927,1.0,0.0,0.0,0.0,1.0,1.0,0.2967092302,0.3045742897,0.0458881259,0.04481470585
2928,1.0,0.0,0.0,0.0,1.0,1.0,0.285554716,0.2972793237,0.04460853338,0.04433655739
2929,1.0,0.0,0.0,0.0,1.0,1.0,0.2828284755,0.2943811874,0.04418247938,0.04391139746
2930,1.0,0.0,0.0,0.0,1.0,1.0,0.2897686226,0.300926897,0.04465961456,0.04412478209
2931,1.0,0.0,0.0,0.0,1.0,1.0,0.290998708,0.298015257,0.04497969151,0.04390871525
2932,1.0,0.0,0.0,0.0,1.0,1.0,0.2791543783,0.2907468377,0.0442558527,0.04370951653
2933,1.0,0.0,0.0,0.0,1.0,1.0,0.2843241644,0.2961980712,0.04430663586,0.0437695384
2934,1.0,0.0,0.0,0.0,1.0,1.0,0.29171951,0.2991031712,0.04505860806,0.04372555017
2935,1.0,0.0,0.0,0.0,1.0,1.0,0.2784767205,0.2922556476,0.0432728529,0.04300743341
2936,1.0,0.0,0.0,0.0,1.0,1.0,0.2795049983,0.2919515467,0.04428327084,0.04374647141
2937,1.0,0.0,0.0,0.0,1.0,1.0,0.2901063974,0.3023219863,0.04602563381,0.04522746801
2938,1.0,0.0,0.0,0.0,1.0,1.0,0.2804554209,0.2976678551,0.04381680489,0.04381686449
2939,1.0,0.0,0.0,0.0,1.0,1.0,0.2699349922,0.2852950993,0.04163557291,0.04137200117
2940,1.0,0.0,0.0,0.0,1.0,1.0,0.2781952657,0.2918075725,0.04332667589,0.04279172421
2941,1.0,0.0,0.0,0.0,1.0,1.0,0.2813626177,0.2954556041,0.04336696863,0.0431009531
2942,1.0,0.0,0.0,0.0,1.0,1.0,0.2732039525,0.2845128481,0.04227519035,0.04174005985
2943,1.0,0.0,0.0,0.0,1.0,1.0,0.2830889892,0.2965376475,0.04410374165,0.04356586933
2944,1.0,0.0,0.0,0.0,1.0,1.0,0.2830889784,0.2943811422,0.04435008764,0.0438092351
2945,1.0,0.0,0.0,0.0,1.0,1.0,0.2880038891,0.3023673306,0.04452782869,0.04426276684
2946,1.0,0.0,0.0,0.0,1.0,1.0,0.2838346062,0.2969355133,0.04441952705,0.04415029287
2947,1.0,0.0,0.0,0.0,1.0,1.0,0.288267417,0.3045744418,0.04489260912,0.04489260912
2948,1.0,0.0,0.0,0.0,1.0,1.0,0.2946631418,0.3100459625,0.04549908638,0.04523301125
2949,1.0,0.0,0.0,0.0,1.0,1.0,0.2982899353,0.3132311932,0.04707533121,0.04680478573
2950,1.0,0.0,0.0,0.0,1.0,1.0,0.2860470802,0.3034668638,0.0444547534,0.04472255707
2951,1.0,0.0,0.0,0.0,1.0,1.0,0.2960676036,0.3084920128,0.04642170668,0.04588502645
2952,1.0,0.0,0.0,0.0,1.0,1.0,0.2897180789,0.3005566289,0.0452952981,0.04449123144
2953,1.0,0.0,0.0,0.0,1.0,1.0,0.3093508576,0.3152363164,0.04817593098,0.04658776522
2954,1.0,0.0,0.0,0.0,1.0,1.0,0.291148868,0.3066878089,0.04582774639,0.04555976391
2955,1.0,0.0,0.0,0.0,1.0,1.0,0.2984683264,0.3120999353,0.04641336203,0.04588288069
2956,1.0,0.0,0.0,0.0,1.0,1.0,0.2974531082,0.3062808475,0.04643058777,0.04536932707
2957,1.0,0.0,0.0,0.0,1.0,1.0,0.3042516138,0.3116540238,0.04732263088,0.04600083828
2958,1.0,0.0,0.0,0.0,1.0,1.0,0.2957529998,0.3069714765,0.0465131402,0.04597854614
2959,1.0,0.0,0.0,0.0,1.0,1.0,0.3037355058,0.3094355574,0.04758054018,0.04625141621
2960,1.0,0.0,0.0,0.0,1.0,1.0,0.3015265363,0.310110512,0.0474037528,0.04660481215
2961,1.0,0.0,0.0,0.0,1.0,1.0,0.3183912576,0.3225148131,0.04979509115,0.0484636426
2962,1.0,0.0,0.0,0.0,1.0,1.0,0.3025521446,0.3129923682,0.04707914591,0.04655015469
2963,1.0,0.0,0.0,0.0,1.0,1.0,0.3133841795,0.3218843966,0.04929679632,0.04823094606
2964,1.0,0.0,0.0,0.0,1.0,1.0,0.3161497927,0.3196096257,0.04914093018,0.04781997204
2965,1.0,0.0,0.0,0.0,1.0,1.0,0.3156130321,0.3249070259,0.05035495758,0.04981356859
2966,1.0,0.0,0.0,0.0,1.0,1.0,0.3109373231,0.3178436707,0.04862219095,0.04808789492
2967,1.0,0.0,0.0,0.0,1.0,1.0,0.3154326796,0.3213752653,0.04904514551,0.04851204157
2968,1.0,0.0,0.0,0.0,1.0,1.0,0.3165184869,0.3231412149,0.04919147491,0.04892414808
2969,1.0,0.0,0.0,0.0,1.0,1.0,0.3320063515,0.3343206163,0.05137735605,0.05031806231
2970,1.0,0.0,0.0,0.0,1.0,1.0,0.3256801923,0.3308010827,0.0503411293,0.05007475615
2971,1.0,0.0,0.0,0.0,1.0,1.0,0.3274033991,0.3313754312,0.05099344254,0.05018830299
2972,1.0,0.0,0.0,0.0,1.0,1.0,0.3158858938,0.3196091078,0.04930132627,0.04876244068
2973,1.0,0.0,0.0,0.0,1.0,1.0,0.3210644093,0.3254410763,0.04962182045,0.04882144928
2974,1.0,0.0,0.0,0.0,1.0,1.0,0.3302651741,0.3343328467,0.05099016428,0.05018931627
2975,1.0,0.0,0.0,0.0,1.0,1.0,0.3273736539,0.334333103,0.05050349236,0.05023628473
2976,1.0,0.0,0.0,0.0,1.0,1.0,0.3239092438,0.3307502134,0.05030280352,0.04949575663
2977,1.0,0.0,0.0,0.0,1.0,1.0,0.323860741,0.3301728451,0.04998373985,0.04971504211
2978,1.0,0.0,0.0,0.0,1.0,1.0,0.327914795,0.3301724107,0.05087703466,0.05006510019
2979,1.0,0.0,0.0,0.0,1.0,1.0,0.3255627276,0.3313562353,0.05085062981,0.0505772233
2980,1.0,0.0,0.0,0.0,1.0,1.0,0.3238608527,0.3295651007,0.05015790462,0.0496186018
2981,1.0,0.0,0.0,0.0,1.0,1.0,0.3238611007,0.328388294,0.05022871494,0.04968863726
2982,1.0,0.0,0.0,0.0,1.0,1.0,0.3360491628,0.3396680591,0.05218279362,0.05164206028
2983,1.0,0.0,0.0,0.0,1.0,1.0,0.3244262512,0.3313562173,0.05023413897,0.04996407032
2984,1.0,0.0,0.0,0.0,1.0,1.0,0.3343080897,0.3361112137,0.05181455612,0.05100494623
2985,1.0,0.0,0.0,0.0,1.0,1.0,0.3360343327,0.3384632813,0.05191206932,0.05110925436
2986,1.0,0.0,0.0,0.0,1.0,1.0,0.3325698158,0.3355016958,0.05139678717,0.05086141825
2987,1.0,0.0,0.0,0.0,1.0,1.0,0.3371818754,0.340799264,0.05220133066,0.05166596174
2988,1.0,0.0,0.0,0.0,1.0,1.0,0.3325700334,0.3360799462,0.05147206783,0.05120396614
2989,1.0,0.0,0.0,0.0,1.0,1.0,0.3291056764,0.3313753507,0.05075901747,0.04995757341
2990,1.0,0.0,0.0,0.0,1.0,1.0,0.3152485506,0.3183272359,0.04863971472,0.04783791304
2991,1.0,0.0,0.0,0.0,1.0,1.0,0.2521444533,0.252667912,0.03742522001,0.03661161661
2992,1.0,0.0,0.0,0.0,1.0,1.0,0.1694294276,0.1639709507,0.0248516202,0.023455441
2993,1.0,0.0,0.0,0.0,1.0,1.0,0.1496287698,0.1573926651,0.02145135403,0.02200138569
2994,1.0,0.0,0.0,0.0,1.0,1.0,0.1181511564,0.1308796456,0.01685631275,0.01823800802
2995,1.0,0.0,0.0,0.0,1.0,1.0,0.1149456158,0.1254279598,0.01635181904,0.01746040583
2996,1.0,0.0,0.0,0.0,1.0,1.0,0.1104034084,0.1194549335,0.0159086585,0.01674592495
2997,1.0,0.0,0.0,0.0,1.0,1.0,0.1045926986,0.1224218847,0.01478105783,0.01669716835
2998,1.0,0.0,0.0,0.0,1.0,1.0,0.1065297904,0.1199330545,0.01516020298,0.01653838158
2999,1.0,0.0,0.0,0.0,1.0,1.0,0.1101897672,0.1299275137,0.01560473442,0.01779490709
3000,1.0,0.0,0.0,0.0,1.0,1.0,0.1106253086,0.1303616228,0.01611036062,0.01833242178
3001,1.0,0.0,0.0,0.0,1.0,1.0,0.1097874304,0.1327380947,0.01615399122,0.01893907785
3002,1.0,0.0,0.0,0.0,1.0,1.0,0.1125075956,0.1399998906,0.01653182507,0.01983821392
3003,1.0,0.0,0.0,0.0,1.0,1.0,0.1108405151,0.1396856705,0.01612883806,0.01940923929
3004,1.0,0.0,0.0,0.0,1.0,1.0,0.1129312746,0.1385944611,0.01663815975,0.01968848705
3005,1.0,0.0,0.0,0.0,1.0,1.0,0.1164760212,0.1366422121,0.01745319366,0.01970523596
3006,1.0,0.0,0.0,0.0,1.0,1.0,0.1152475178,0.1410978725,0.01702368259,0.02009356022
3007,1.0,0.0,0.0,0.0,1.0,1.0,0.09573205927,0.1473280223,0.01381516457,0.02044641972
3008,1.0,0.0,0.0,0.0,1.0,1.0,0.1027996561,0.1467437671,0.0148204565,0.02030956745
3009,1.0,0.0,0.0,0.0,1.0,1.0,0.1012569265,0.1501136684,0.01478779316,0.02081239223
3010,1.0,0.0,0.0,0.0,1.0,1.0,0.09103063637,0.1519148637,0.01334750652,0.02113354206
3011,1.0,0.0,0.0,0.0,1.0,1.0,0.09103059261,0.1625595284,0.01325893402,0.02237445116
3012,1.0,0.0,0.0,0.0,1.0,1.0,0.08582971448,0.1612006361,0.01242554188,0.02208995819
3013,1.0,0.0,0.0,0.0,1.0,1.0,0.09068672375,0.1665735467,0.01324135065,0.02317231894
3014,1.0,0.0,0.0,0.0,1.0,1.0,0.08501840371,0.1752010224,0.01237636805,0.02420276403
3015,1.0,0.0,0.0,0.0,1.0,1.0,0.08707261059,0.1752010585,0.0126247406,0.02415168285
3016,1.0,0.0,0.0,0.0,1.0,1.0,0.1032631702,0.1698657375,0.01540499926,0.02365773916
3017,1.0,0.0,0.0,0.0,1.0,1.0,0.1802271446,0.2218837406,0.02707719803,0.03145331144
3018,1.0,0.0,0.0,0.0,1.0,1.0,0.2641622609,0.2806402145,0.04205191135,0.04151618481
3019,1.0,0.0,0.0,0.0,1.0,1.0,0.3252823198,0.3307503642,0.05104190111,0.04866164923
3020,1.0,0.0,0.0,0.0,1.0,1.0,0.344749165,0.3448776362,0.05532431602,0.0521325469
3021,1.0,0.0,0.0,0.0,1.0,1.0,0.334267315,0.3349197634,0.05366826057,0.05097138882
3022,1.0,0.0,0.0,0.0,1.0,1.0,0.3320291806,0.3302044264,0.05312252045,0.05017131567
3023,1.0,0.0,0.0,0.0,1.0,1.0,0.3275760185,0.331375177,0.0527343154,0.0503128767
3024,1.0,0.0,0.0,0.0,1.0,1.0,0.3236447893,0.3207426379,0.05117076635,0.04798913002
3025,1.0,0.0,0.0,0.0,1.0,1.0,0.3264170824,0.3284384523,0.05216741562,0.05001616478
3026,1.0,0.0,0.0,0.0,1.0,1.0,0.3370212573,0.3436678072,0.05393141508,0.05207169056
3027,1.0,0.0,0.0,0.0,1.0,1.0,0.3275760141,0.333729727,0.05262857676,0.05128604174
3028,1.0,0.0,0.0,0.0,1.0,1.0,0.317018298,0.3272819702,0.05142873526,0.05034601688
3029,1.0,0.0,0.0,0.0,1.0,1.0,0.3252820935,0.3296031661,0.05135428905,0.04949170351
3030,1.0,0.0,0.0,0.0,1.0,1.0,0.3224550246,0.3231411422,0.05158782005,0.04942709208
3031,1.0,0.0,0.0,0.0,1.0,1.0,0.3444593861,0.3420076143,0.05377328396,0.05112439394
3032,1.0,0.0,0.0,0.0,1.0,1.0,0.3269041364,0.3278310327,0.05139774084,0.04952389002
3033,1.0,0.0,0.0,0.0,1.0,1.0,0.3348556928,0.3319570305,0.05258309841,0.04990023375
3034,1.0,0.0,0.0,0.0,1.0,1.0,0.3308615428,0.3307758933,0.0513023138,0.049441576
3035,1.0,0.0,0.0,0.0,1.0,1.0,0.3376490996,0.3360800129,0.05382156372,0.05139964819
3036,1.0,0.0,0.0,0.0,1.0,1.0,0.3404881729,0.3384075209,0.0533195138,0.05119729042
3037,1.0,0.0,0.0,0.0,1.0,1.0,0.3387940051,0.3389713603,0.05411565304,0.05249214172
3038,1.0,0.0,0.0,0.0,1.0,1.0,0.3308964004,0.329084621,0.05396986008,0.05204236507
3039,1.0,0.0,0.0,0.0,1.0,1.0,0.3308962959,0.3285364781,0.05206769705,0.05047380924
3040,1.0,0.0,0.0,0.0,1.0,1.0,0.3359467947,0.3429118564,0.05432134867,0.0540497303
3041,1.0,0.0,0.0,0.0,1.0,1.0,0.321854026,0.3279416955,0.05072408915,0.05045711994
3042,1.0,0.0,0.0,0.0,1.0,1.0,0.3264509495,0.331429781,0.05157762766,0.05104857683
3043,1.0,0.0,0.0,0.0,1.0,1.0,0.3359329288,0.3468853209,0.05343550444,0.05370134115
3044,1.0,0.0,0.0,0.0,1.0,1.0,0.3353833819,0.3475568099,0.05292212963,0.05318671465
3045,1.0,0.0,0.0,0.0,1.0,1.0,0.347192229,0.3549741848,0.05477786064,0.05477786064
3046,1.0,0.0,0.0,0.0,1.0,1.0,0.3471216803,0.3542543803,0.05486112833,0.05486112833
3047,1.0,0.0,0.0,0.0,1.0,1.0,0.3538292511,0.3591213887,0.05579698086,0.05606138706
3048,1.0,0.0,0.0,0.0,1.0,1.0,0.3559882268,0.3550204961,0.05658221245,0.05605095625
3049,1.0,0.0,0.0,0.0,1.0,1.0,0.3477786581,0.3484448388,0.05531650782,0.05504798889
3050,1.0,0.0,0.0,0.0,1.0,1.0,0.3381697161,0.3438757183,0.05363315344,0.05389863253
3051,1.0,0.0,0.0,0.0,1.0,1.0,0.3398775822,0.3450453943,0.05305111408,0.05331373215
3052,1.0,0.0,0.0,0.0,1.0,1.0,0.340450736,0.3438758459,0.05336099863,0.05362516642
3053,1.0,0.0,0.0,0.0,1.0,1.0,0.3398104571,0.3426180086,0.05363070965,0.05389356613
3054,1.0,0.0,0.0,0.0,1.0,1.0,0.3415179726,0.3387369083,0.05330902338,0.05278635025
3055,1.0,0.0,0.0,0.0,1.0,1.0,0.3420908835,0.3376039872,0.05371582508,0.05318915844
3056,1.0,0.0,0.0,0.0,1.0,1.0,0.3454446419,0.3386813208,0.05451864004,0.0539893508
3057,1.0,0.0,0.0,0.0,1.0,1.0,0.3505630189,0.3459608757,0.05486935377,0.05460560322
3058,1.0,0.0,0.0,0.0,1.0,1.0,0.34997314,0.3442891978,0.05547976494,0.05494624376
3059,1.0,0.0,0.0,0.0,1.0,1.0,0.3483674538,0.3415602997,0.0551866889,0.05438297987
3060,1.0,0.0,0.0,0.0,1.0,1.0,0.3449851781,0.3420905605,0.05474346876,0.05474340916
3061,1.0,0.0,0.0,0.0,1.0,1.0,0.3387937491,0.3325904251,0.05308234692,0.05281698704
3062,1.0,0.0,0.0,0.0,1.0,1.0,0.3507411532,0.3454447039,0.05565160513,0.05565160513
3063,1.0,0.0,0.0,0.0,1.0,1.0,0.3478532615,0.3392754125,0.05486822128,0.05433291197
3064,1.0,0.0,0.0,0.0,1.0,1.0,0.3450456068,0.3404141285,0.05496954918,0.05496954918
3065,1.0,0.0,0.0,0.0,1.0,1.0,0.3411472746,0.335960829,0.05299061537,0.05299061537
3066,1.0,0.0,0.0,0.0,1.0,1.0,0.343345824,0.3325903893,0.05437803268,0.05357044935
3067,1.0,0.0,0.0,0.0,1.0,1.0,0.343986038,0.339275516,0.05385285616,0.05438870192
3068,1.0,0.0,0.0,0.0,1.0,1.0,0.3449849385,0.3375597621,0.05415761471,0.05415761471
3069,1.0,0.0,0.0,0.0,1.0,1.0,0.3394009263,0.3309408176,0.05236291885,0.05262601376
3070,1.0,0.0,0.0,0.0,1.0,1.0,0.338325761,0.3280994931,0.05241531134,0.0521478653
3071,1.0,0.0,0.0,0.0,1.0,1.0,0.3405631723,0.3253995289,0.05301105976,0.05221188068
3072,1.0,0.0,0.0,0.0,1.0,1.0,0.3468150672,0.3320515848,0.05416715145,0.05390030146
3073,1.0,0.0,0.0,0.0,1.0,1.0,0.3411473553,0.3359053161,0.05305123329,0.05411761999
3074,1.0,0.0,0.0,0.0,1.0,1.0,0.3439859575,0.3331471807,0.05484062433,0.05511343479
3075,1.0,0.0,0.0,0.0,1.0,1.0,0.3412727224,0.3303525055,0.05239135027,0.0526586771
3076,1.0,0.0,0.0,0.0,1.0,1.0,0.3372028021,0.3275764252,0.05184519291,0.05237972736
3077,1.0,0.0,0.0,0.0,1.0,1.0,0.3360644769,0.3275760795,0.05164319277,0.05271905661
3078,1.0,0.0,0.0,0.0,1.0,1.0,0.3337390462,0.3230519572,0.05020338297,0.05127155781
3079,1.0,0.0,0.0,0.0,1.0,1.0,0.3260212134,0.3150781272,0.04886716604,0.04966825247
3080,1.0,0.0,0.0,0.0,1.0,1.0,0.3122133003,0.3087011503,0.04704070091,0.04893314838
3081,1.0,0.0,0.0,0.0,1.0,1.0,0.3289530688,0.3201603605,0.04907119274,0.05068010092
3082,1.0,0.0,0.0,0.0,1.0,1.0,0.3278029057,0.3213694811,0.04946386814,0.05134564638
3083,1.0,0.0,0.0,0.0,1.0,1.0,0.3283882196,0.3252421263,0.04980695248,0.05197244883
3084,1.0,0.0,0.0,0.0,1.0,1.0,0.3373796402,0.3359902182,0.05035084486,0.05332863331
3085,1.0,0.0,0.0,0.0,1.0,1.0,0.3368082974,0.3348645491,0.04986727238,0.05284845829
3086,1.0,0.0,0.0,0.0,1.0,1.0,0.3417209712,0.3411887289,0.05078721046,0.054063797
3087,1.0,0.0,0.0,0.0,1.0,1.0,0.3337617788,0.3291266104,0.04948920012,0.05222344398
3088,1.0,0.0,0.0,0.0,1.0,1.0,0.3367882306,0.3348471588,0.05002754927,0.05327260494
3089,1.0,0.0,0.0,0.0,1.0,1.0,0.3466697437,0.3434508147,0.05121517181,0.05448424816
3090,1.0,0.0,0.0,0.0,1.0,1.0,0.3404693681,0.3417334584,0.04968237877,0.05315476656
3091,1.0,0.0,0.0,0.0,1.0,1.0,0.3368285942,0.3365819135,0.04959887266,0.05312228203
3092,1.0,0.0,0.0,0.0,1.0,1.0,0.3398471693,0.3387941156,0.05019360781,0.05397158861
3093,1.0,0.0,0.0,0.0,1.0,1.0,0.3343653024,0.3354060825,0.04891008139,0.0529191494
3094,1.0,0.0,0.0,0.0,1.0,1.0,0.3398839645,0.3387937063,0.04989439249,0.05393981934
3095,1.0,0.0,0.0,0.0,1.0,1.0,0.3349779971,0.3359609797,0.04982060194,0.05417644978
3096,1.0,0.0,0.0,0.0,1.0,1.0,0.3417208211,0.3376493838,0.05015772581,0.05393308401
3097,1.0,0.0,0.0,0.0,1.0,1.0,0.3472325438,0.3399462924,0.05141764879,0.05441021919
3098,1.0,0.0,0.0,0.0,1.0,1.0,0.3539311823,0.3489576697,0.05245500803,0.05598819256
3099,1.0,0.0,0.0,0.0,1.0,1.0,0.3557646802,0.3523456462,0.05274826288,0.05655485392
3100,1.0,0.0,0.0,0.0,1.0,1.0,0.3481098487,0.3420908042,0.05184602737,0.05566626787
3101,1.0,0.0,0.0,0.0,1.0,1.0,0.3429277274,0.3410255237,0.05097490549,0.05506378412
3102,1.0,0.0,0.0,0.0,1.0,1.0,0.3515533196,0.3455700246,0.05179721117,0.0553227067
3103,1.0,0.0,0.0,0.0,1.0,1.0,0.348982791,0.343242501,0.05105370283,0.05452847481
3104,1.0,0.0,0.0,0.0,1.0,1.0,0.3401961338,0.3354062153,0.04955857992,0.05304116011
3105,1.0,0.0,0.0,0.0,1.0,1.0,0.3519932124,0.3482904103,0.05237364769,0.05617278814
3106,1.0,0.0,0.0,0.0,1.0,1.0,0.3528531059,0.3438759427,0.05268460512,0.05599462986
3107,1.0,0.0,0.0,0.0,1.0,1.0,0.3560914217,0.3489577214,0.05335050821,0.05665051937
3108,1.0,0.0,0.0,0.0,1.0,1.0,0.3596165014,0.3533377201,0.05311381817,0.0566187501
3109,1.0,0.0,0.0,0.0,1.0,1.0,0.3509354624,0.3466076996,0.05176198483,0.05496370792
3110,1.0,0.0,0.0,0.0,1.0,1.0,0.3476318467,0.3454447298,0.05189943314,0.05568379164
3111,1.0,0.0,0.0,0.0,1.0,1.0,0.3517892815,0.3453218805,0.05252933502,0.05603122711
3112,1.0,0.0,0.0,0.0,1.0,1.0,0.3534830285,0.3581334823,0.05307286978,0.05792218447
3113,1.0,0.0,0.0,0.0,1.0,1.0,0.346448963,0.3404139333,0.05161994696,0.05486309528
3114,1.0,0.0,0.0,0.0,1.0,1.0,0.3490398566,0.3448073966,0.05260288715,0.05612784624
3115,1.0,0.0,0.0,0.0,1.0,1.0,0.3202632252,0.3167723385,0.04771256447,0.05127727985
3116,1.0,0.0,0.0,0.0,1.0,1.0,0.2334604173,0.180600894,0.03394317627,0.02889376879
3117,1.0,0.0,0.0,0.0,1.0,1.0,0.1983326197,0.1240439927,0.02851837873,0.01957142353
3118,1.0,0.0,0.0,0.0,1.0,1.0,0.2025637558,0.1337281952,0.02932399511,0.02102476358
3119,1.0,0.0,0.0,0.0,1.0,1.0,0.2299930846,0.1888980494,0.03377878666,0.03020870686
3120,1.0,0.0,0.0,0.0,1.0,1.0,0.2868516518,0.2650546389,0.04270792007,0.04243761301
3121,1.0,0.0,0.0,0.0,1.0,1.0,0.3241915945,0.3154386075,0.0495890379,0.05205482244
3122,1.0,0.0,0.0,0.0,1.0,1.0,0.3281217084,0.3259768168,0.04964518547,0.05286544561
3123,1.0,0.0,0.0,0.0,1.0,1.0,0.3307762146,0.3287199664,0.04975110292,0.05296081305
3124,1.0,0.0,0.0,0.0,1.0,1.0,0.3298782979,0.3331471612,0.04969203472,0.05372107029
3125,1.0,0.0,0.0,0.0,1.0,1.0,0.3325546285,0.3303803878,0.04952025414,0.05269801617
3126,1.0,0.0,0.0,0.0,1.0,1.0,0.3340260443,0.3287636201,0.05088430643,0.05356246233
3127,1.0,0.0,0.0,0.0,1.0,1.0,0.3454862119,0.339154681,0.05391550064,0.05694133043
3128,1.0,0.0,0.0,0.0,1.0,1.0,0.3480908058,0.3452020587,0.0526419878,0.05583238602
3129,1.0,0.0,0.0,0.0,1.0,1.0,0.3414021219,0.3359050408,0.05184453726,0.05453079939
3130,1.0,0.0,0.0,0.0,1.0,1.0,0.3464732887,0.3458335026,0.05255782604,0.05633121729
3131,1.0,0.0,0.0,0.0,1.0,1.0,0.3495410309,0.3468455851,0.05213570595,0.05527955294
3132,1.0,0.0,0.0,0.0,1.0,1.0,0.3508955119,0.3462120931,0.0532400012,0.05615371466
3133,1.0,0.0,0.0,0.0,1.0,1.0,0.3552023057,0.3522623536,0.05547499657,0.05846631527
3134,1.0,0.0,0.0,0.0,1.0,1.0,0.3442716903,0.3397442298,0.05113887787,0.05374801159
3135,1.0,0.0,0.0,0.0,1.0,1.0,0.3583725826,0.3478450574,0.05468845367,0.05654680729
3136,1.0,0.0,0.0,0.0,1.0,1.0,0.351928338,0.351595043,0.05415230989,0.05762016773
3137,1.0,0.0,0.0,0.0,1.0,1.0,0.342715209,0.3369452402,0.0523917675,0.05505126715
3138,1.0,0.0,0.0,0.0,1.0,1.0,0.3588632516,0.3520759997,0.05504220724,0.05770117044
3139,1.0,0.0,0.0,0.0,1.0,1.0,0.3536623593,0.3493194224,0.05395019054,0.05712366104
3140,1.0,0.0,0.0,0.0,1.0,1.0,0.3548619416,0.3485315895,0.05437713861,0.05752944946
3141,1.0,0.0,0.0,0.0,1.0,1.0,0.3579837444,0.3544346938,0.05462235212,0.05801987648
3142,1.0,0.0,0.0,0.0,1.0,1.0,0.3556612102,0.3537708035,0.05730414391,0.06143665314
3143,1.0,0.0,0.0,0.0,1.0,1.0,0.3478578031,0.3491643839,0.05624967813,0.06100714207
3144,1.0,0.0,0.0,0.0,1.0,1.0,0.3551663757,0.3505980862,0.05432158709,0.05799555779
3145,1.0,0.0,0.0,0.0,1.0,1.0,0.3610552748,0.3501229253,0.05550086498,0.0589863658
3146,1.0,0.0,0.0,0.0,1.0,1.0,0.3678929081,0.3555705756,0.05516970158,0.05832219124
3147,1.0,0.0,0.0,0.0,1.0,1.0,0.3653493711,0.3551069116,0.05508881807,0.05853188038
3148,1.0,0.0,0.0,0.0,1.0,1.0,0.3676110555,0.3571723481,0.05603069067,0.06007134914
3149,1.0,0.0,0.0,0.0,1.0,1.0,0.3571336588,0.3493193461,0.05401182175,0.05804258585
3150,1.0,0.0,0.0,0.0,1.0,1.0,0.3722544892,0.3627004943,0.05757755041,0.06139785051
3151,1.0,0.0,0.0,0.0,1.0,1.0,0.3639223856,0.3472086621,0.05489325523,0.05786776543
3152,1.0,0.0,0.0,0.0,1.0,1.0,0.3680254121,0.3532227038,0.05459296703,0.05807191133
3153,1.0,0.0,0.0,0.0,1.0,1.0,0.3639270354,0.3483396957,0.05443644524,0.057957232
3154,1.0,0.0,0.0,0.0,1.0,1.0,0.3778268048,0.3578649616,0.0559887886,0.05918818712
3155,1.0,0.0,0.0,0.0,1.0,1.0,0.3694958959,0.3514169047,0.0555549264,0.05907797813
3156,1.0,0.0,0.0,0.0,1.0,1.0,0.3662217035,0.3465806511,0.05450385809,0.05772572756
3157,1.0,0.0,0.0,0.0,1.0,1.0,0.3674016512,0.3477023353,0.05369526148,0.05715090036
3158,1.0,0.0,0.0,0.0,1.0,1.0,0.3581180571,0.3407190548,0.05251401663,0.05626505613
3159,1.0,0.0,0.0,0.0,1.0,1.0,0.3665523618,0.3470730994,0.05466759205,0.05816847086
3160,1.0,0.0,0.0,0.0,1.0,1.0,0.3655830227,0.3472088735,0.05434370041,0.0578584671
3161,1.0,0.0,0.0,0.0,1.0,1.0,0.361945241,0.3444676245,0.05373471975,0.05751502514
3162,1.0,0.0,0.0,0.0,1.0,1.0,0.3696319558,0.3498050122,0.05494189262,0.05787575245
3163,1.0,0.0,0.0,0.0,1.0,1.0,0.3631034329,0.3532232389,0.05372047424,0.05828672647
3164,1.0,0.0,0.0,0.0,1.0,1.0,0.3754708309,0.3574055199,0.05604684353,0.05983746052
3165,1.0,0.0,0.0,0.0,1.0,1.0,0.3589606221,0.3494781953,0.05411458015,0.05878442526
3166,1.0,0.0,0.0,0.0,1.0,1.0,0.3500348693,0.3326012584,0.05136746168,0.05488210917
3167,1.0,0.0,0.0,0.0,1.0,1.0,0.3612660259,0.3468454958,0.05290102959,0.05666047335
3168,1.0,0.0,0.0,0.0,1.0,1.0,0.371885421,0.3578860675,0.05409365892,0.05869162083
3169,1.0,0.0,0.0,0.0,1.0,1.0,0.371755303,0.3517769428,0.05366259813,0.05770742893
3170,1.0,0.0,0.0,0.0,1.0,1.0,0.3547637305,0.3348129399,0.05070656538,0.05479580164
3171,1.0,0.0,0.0,0.0,1.0,1.0,0.276485079,0.2226824204,0.03846287727,0.03618353605
3172,1.0,0.0,0.0,0.0,1.0,1.0,0.225081142,0.1425262317,0.03032201529,0.02253288031
3173,1.0,0.0,0.0,0.0,1.0,1.0,0.2314496099,0.1333778748,0.03146547079,0.02145379782
3174,1.0,0.0,0.0,0.0,1.0,1.0,0.2336633504,0.1359666336,0.03118103743,0.02182674408
3175,1.0,0.0,0.0,0.0,1.0,1.0,0.2757079626,0.1978064001,0.03794813156,0.03277343512
3176,1.0,0.0,0.0,0.0,1.0,1.0,0.3440701327,0.2899406308,0.04756265879,0.04812890291
3177,1.0,0.0,0.0,0.0,1.0,1.0,0.3877233369,0.3499728171,0.05465012789,0.05889749527
3178,1.0,0.0,0.0,0.0,1.0,1.0,0.3989705989,0.3654419252,0.0548055172,0.05951100588
3179,1.0,0.0,0.0,0.0,1.0,1.0,0.3973924986,0.3660165571,0.05712902546,0.06255632639
3180,1.0,0.0,0.0,0.0,1.0,1.0,0.406519089,0.3768659613,0.05800801516,0.06423324347
3181,1.0,0.0,0.0,0.0,1.0,1.0,0.4082226427,0.3710302442,0.05805569887,0.06348949671
3182,1.0,0.0,0.0,0.0,1.0,1.0,0.4156882471,0.3838916053,0.06041276455,0.06706106663
3183,1.0,0.0,0.0,0.0,1.0,1.0,0.4139702466,0.3792670884,0.0631327033,0.07004719973
3184,1.0,0.0,0.0,0.0,1.0,1.0,0.4175007746,0.3792096097,0.06260842085,0.06969618797
3185,1.0,0.0,0.0,0.0,1.0,1.0,0.4228025622,0.3877708012,0.0611858964,0.06865465641
3186,1.0,0.0,0.0,0.0,1.0,1.0,0.427196767,0.3975051594,0.06141644716,0.06998616457
3187,1.0,-0.7853981853,0.0,0.0,1.0,1.0,0.4240662379,0.3933288027,0.06083071232,0.06968396902
3188,1.0,-0.7853981853,0.0,0.0,1.0,1.0,0.4304977318,0.3981383531,0.06134933233,0.06999009848
3189,1.0,-0.7853981853,0.0,0.0,1.0,1.0,0.4444197398,0.4043050762,0.06361997128,0.07196831703
3190,1.0,-0.7853981853,0.0,0.0,1.0,1.0,0.4317589123,0.3962476271,0.06299602985,0.0720371604
3191,1.0,-0.7853981853,0.0,0.0,1.0,1.0,0.4457512633,0.4013628328,0.06518548727,0.07395476103
3192,1.0,-0.7853981853,0.0,0.0,1.0,1.0,0.4399556316,0.3988157233,0.06335330009,0.07203179598
3193,1.0,-0.7853981853,0.0,0.0,1.0,1.0,0.4557455537,0.4108815744,0.0688739419,0.07823836803
3194,1.0,-0.7853981853,0.0,0.0,1.0,1.0,0.4466443532,0.4121901405,0.06689679623,0.07769626379
3195,1.0,-0.7853981853,0.0,0.0,1.0,1.0,0.4394707253,0.408495726,0.06553441286,0.07640653849
3196,1.0,-0.7853981853,0.0,0.0,1.0,1.0,0.4435275531,0.4094486522,0.06421005726,0.07379794121
3197,1.0,-0.7853981853,0.0,0.0,1.0,1.0,0.4437481315,0.4107738895,0.06164121628,0.07116758823
3198,1.0,-0.7853981853,0.0,0.0,1.0,1.0,0.4453056749,0.4161663071,0.06627118587,0.07696968317
3199,1.0,-0.7853981853,0.0,0.0,1.0,1.0,0.4461972376,0.4149539822,0.06904298067,0.07956969738
3200,1.0,-0.7853981853,0.0,0.0,1.0,1.0,0.4357564746,0.4110607438,0.06398797035,0.07484835386
3201,1.0,-0.7853981853,0.0,0.0,1.0,1.0,0.4326245477,0.4082000906,0.06327742338,0.07382363081
3202,1.0,-0.7853981853,0.0,0.0,1.0,1.0,0.4437521187,0.413617834,0.0655412674,0.07587438822
3203,1.0,-0.7853981853,0.0,0.0,1.0,1.0,0.4468561291,0.4175086874,0.06523704529,0.07543033361
3204,1.0,-0.7853981853,0.0,0.0,1.0,1.0,0.4417314552,0.414008231,0.06436926126,0.07524436712
3205,1.0,-0.7853981853,0.0,0.0,1.0,1.0,0.4392708192,0.4127779643,0.06517666578,0.07593983412
3206,1.0,-0.7853981853,0.0,0.0,1.0,1.0,0.4370030448,0.410110258,0.06568539143,0.07724112272
3207,1.0,-0.7853981853,0.0,0.0,1.0,1.0,0.434979433,0.3940106398,0.06300491095,0.07208937407
3208,1.0,-0.7853981853,0.0,0.0,1.0,1.0,0.4406033455,0.3962472256,0.06422019005,0.07276320457
3209,1.0,-0.7853981853,0.0,0.0,1.0,1.0,0.4426387363,0.4113458018,0.06814926863,0.07894212008
3210,1.0,-0.7853981853,0.0,0.0,1.0,1.0,0.4397544306,0.4094486373,0.06689012051,0.07722765207
3211,1.0,-0.7853981853,0.0,0.0,1.0,1.0,0.4375064253,0.4071799975,0.06544393301,0.07595103979
3212,1.0,-0.7853981853,0.0,0.0,1.0,1.0,0.4392708665,0.4010704466,0.06503331661,0.07398283482
3213,1.0,-0.7853981853,0.0,0.0,1.0,1.0,0.4379463818,0.4137302795,0.06539058685,0.07648903131
3214,1.0,-0.7853981853,0.0,0.0,1.0,1.0,0.4354205456,0.4104848921,0.06313800812,0.07429724932
3215,1.0,-0.7853981853,0.0,0.0,1.0,1.0,0.4435213006,0.4185974451,0.06465882063,0.07617342472
3216,1.0,-0.7853981853,0.0,0.0,1.0,1.0,0.4341008991,0.4099020135,0.0637383461,0.07441085577
3217,1.0,-0.7853981853,0.0,0.0,1.0,1.0,0.4395133993,0.4137300028,0.06454604864,0.07515639067
3218,1.0,-0.7853981853,0.0,0.0,1.0,1.0,0.439270893,0.4160276772,0.0621714592,0.0730086565
3219,1.0,-0.7853981853,0.0,0.0,1.0,1.0,0.4361202735,0.4112456725,0.06448322535,0.07493185997
3220,1.0,-0.7853981853,0.0,0.0,1.0,1.0,0.437002838,0.4092330916,0.06571698189,0.0763655901
3221,1.0,-0.7853981853,0.0,0.0,1.0,1.0,0.4376970873,0.4101945518,0.06722414494,0.07806676626
3222,1.0,-0.7853981853,0.0,0.0,1.0,1.0,0.4137689626,0.3861478959,0.06326931715,0.07274442911
3223,1.0,-0.7853981853,0.0,0.0,1.0,1.0,0.4093616583,0.3796582174,0.0607560873,0.06935089827
3224,1.0,-0.7853981853,0.0,0.0,1.0,1.0,0.4144510959,0.3991275885,0.05914235115,0.06961250305
3225,1.0,0.0,0.0,0.0,1.0,1.0,0.4143071927,0.3929845049,0.06325638294,0.07284975052
3226,1.0,0.0,0.0,0.0,1.0,1.0,0.3887268305,0.3801157667,0.0532156229,0.06267017126
3227,1.0,0.0,0.0,0.0,1.0,1.0,0.3854703044,0.3818465437,0.05410057306,0.06413990259
3228,1.0,0.0,0.0,0.0,1.0,1.0,0.3808337405,0.3818466654,0.05578631163,0.06648111343
3229,1.0,0.0,0.0,0.0,1.0,1.0,0.3471114912,0.3464730178,0.04775428772,0.05708557367
3230,1.0,0.0,0.0,0.0,1.0,1.0,0.2596226761,0.2009365781,0.0360891223,0.03374183178
3231,1.0,0.0,0.0,0.0,1.0,1.0,0.2822204486,0.1777176525,0.03830546141,0.02908909321
3232,1.0,0.0,0.0,0.0,1.0,1.0,0.2806944647,0.1759579932,0.03760755062,0.02849054337
3233,1.0,0.0,0.0,0.0,1.0,1.0,0.2727690154,0.168345737,0.03680670261,0.02731746435
3234,1.0,0.0,0.0,0.0,1.0,1.0,0.2553092366,0.1740405648,0.03482013941,0.02859210968
3235,1.0,0.0,0.0,0.0,1.0,1.0,0.2591146698,0.2205665396,0.03521955013,0.0357785821
3236,1.0,0.0,0.0,0.0,1.0,1.0,0.3103106277,0.2892218532,0.04342871904,0.04765874147
3237,1.0,0.0,0.0,0.0,1.0,1.0,0.3508888441,0.3586433129,0.04827821255,0.05722868443
3238,1.0,0.0,0.0,0.0,1.0,1.0,0.3547038788,0.3629729512,0.04984211922,0.05920469761
3239,1.0,0.0,0.0,0.0,1.0,1.0,0.3512354226,0.3654423411,0.04851210117,0.05859607458
3240,1.0,0.0,0.0,0.0,1.0,1.0,0.3595255176,0.3663497182,0.04951298237,0.05839306116
3241,1.0,0.0,0.0,0.0,1.0,1.0,0.3559654976,0.3739409759,0.05001986027,0.06046360731
3242,1.0,0.0,0.0,0.0,1.0,1.0,0.3590230101,0.3794494309,0.05079758167,0.06150627136
3243,1.0,0.0,0.0,0.0,1.0,1.0,0.3616659276,0.3785763405,0.05235284567,0.06332999468
3244,1.0,0.0,0.0,0.0,1.0,1.0,0.3703757118,0.3806599173,0.05250418186,0.06143534184
3245,1.0,0.0,0.0,0.0,1.0,1.0,0.3815533255,0.3914479065,0.05489772558,0.06418389082
3246,1.0,0.0,0.0,0.0,1.0,1.0,0.3859518246,0.3961000127,0.05487495661,0.06470328569
3247,1.0,0.0,0.0,0.0,1.0,1.0,0.3910029478,0.3888559178,0.05665528774,0.06494635344
3248,1.0,0.0,0.0,0.0,1.0,1.0,0.3963138789,0.3997767207,0.05635356903,0.06565463543
3249,1.0,0.0,0.0,0.0,1.0,1.0,0.4056269248,0.4027853095,0.05792605877,0.06711632013
3250,1.0,0.0,0.0,0.0,1.0,1.0,0.3957990499,0.399094814,0.05554139614,0.06531000137
3251,1.0,0.0,0.0,0.0,1.0,1.0,0.3845546848,0.4091792136,0.05436223745,0.0665371418
3252,1.0,0.0,0.0,0.0,1.0,1.0,0.3925662051,0.4077582605,0.05748689175,0.06892561913
3253,1.0,0.0,0.0,0.0,1.0,1.0,0.405834045,0.412661783,0.05701261759,0.06722384691
3254,1.0,0.0,0.0,0.0,1.0,1.0,0.4173494285,0.4224445475,0.06001871824,0.07064402103
3255,1.0,0.0,0.0,0.0,1.0,1.0,0.4030332403,0.4135012869,0.05750328302,0.06824886799
3256,1.0,0.0,0.0,0.0,1.0,1.0,0.4058339389,0.4008178101,0.05902296305,0.06783235073
3257,1.0,0.0,0.0,0.0,1.0,1.0,0.4085017908,0.3984030579,0.05924457312,0.06672209501
3258,1.0,0.0,0.0,0.0,1.0,1.0,0.3962286506,0.3894377942,0.05825442076,0.06549996138
3259,1.0,0.0,0.0,0.0,1.0,1.0,0.3899780355,0.3722060992,0.05667322874,0.06151473522
3260,1.0,0.0,0.0,0.0,1.0,1.0,0.299029646,0.2030115233,0.04530996084,0.03557896614
3261,1.0,0.0,0.0,0.0,1.0,1.0,0.282937932,0.17472764,0.04128921032,0.02970445156
3262,1.0,0.0,0.0,0.0,1.0,1.0,0.2832749073,0.1810837156,0.04136520624,0.03029567003
3263,1.0,0.0,0.0,0.0,1.0,1.0,0.3134347903,0.223058731,0.04700756073,0.03813815117
3264,1.0,0.0,0.0,0.0,1.0,1.0,0.3331473058,0.2801201639,0.05151236057,0.04823696613
3265,1.0,0.0,0.0,0.0,1.0,1.0,0.3491333271,0.2977432505,0.05501955748,0.05169421434
3266,1.0,0.0,0.0,0.0,1.0,1.0,0.3396543004,0.2827602616,0.05340796709,0.0488038063
3267,1.0,0.0,0.0,0.0,1.0,1.0,0.331897149,0.2801203,0.05225557089,0.0478271246
3268,1.0,0.0,0.0,0.0,1.0,1.0,0.3295264031,0.2742574615,0.05152475834,0.04614573717
3269,1.0,0.0,0.0,0.0,1.0,1.0,0.3500766986,0.2998325928,0.05787616968,0.05307817459
3270,1.0,0.0,0.0,0.0,1.0,1.0,0.3487259537,0.2981386607,0.05712491274,0.05182468891
3271,1.0,0.0,0.0,0.0,1.0,1.0,0.3373342173,0.3035844966,0.05280566216,0.04999679327
3272,1.0,0.0,0.0,0.0,1.0,1.0,0.3295653586,0.3012015978,0.05201494694,0.0497533679
3273,1.0,0.0,0.0,0.0,1.0,1.0,0.3319509816,0.3140608366,0.05217504501,0.05104696751
3274,1.0,0.0,0.0,0.0,1.0,1.0,0.3130118408,0.2952087056,0.05298680067,0.05143749714
3275,1.0,0.0,0.0,0.0,1.0,1.0,0.2541601726,0.2280096838,0.04307353497,0.03886336088
3276,1.0,0.0,0.0,0.0,1.0,1.0,0.175201198,0.139138253,0.02590614557,0.02090156078
3277,1.0,0.0,0.0,0.0,1.0,1.0,0.1698269162,0.1430572753,0.0254176259,0.02132743597
3278,1.0,0.0,0.0,0.0,1.0,1.0,0.1552530345,0.1430571819,0.02290296555,0.02089893818
3279,1.0,0.0,0.0,0.0,1.0,1.0,0.2161455419,0.206651451,0.03309810162,0.0311178565
3280,1.0,0.0,0.0,0.0,1.0,1.0,0.246663245,0.2555394601,0.03792601824,0.03792601824
3281,1.0,0.0,0.0,0.0,1.0,1.0,0.2569489996,0.2778300973,0.04028201103,0.04139322042
3282,1.0,0.0,0.0,0.0,1.0,1.0,0.2727319734,0.3009474825,0.04330700636,0.0444034338
3283,1.0,0.0,0.0,0.0,1.0,1.0,0.2673126003,0.3028051251,0.04271620512,0.04434865713
3284,1.0,0.0,0.0,0.0,1.0,1.0,0.2637415373,0.3072213161,0.04291260242,0.04460650682
3285,1.0,0.0,0.0,0.0,1.0,1.0,0.2678013756,0.3160290488,0.04311323166,0.04508572817
3286,1.0,0.0,0.0,0.0,1.0,1.0,0.2621209418,0.3176518269,0.04304879904,0.04554837942
3287,1.0,0.0,0.0,0.0,1.0,1.0,0.278835852,0.3285568895,0.04588568211,0.04616212845
3288,1.0,0.7853981853,0.0,0.0,1.0,1.0,0.2746433079,0.3222139727,0.0458099246,0.04526782036
3289,1.0,0.7853981853,0.0,0.0,1.0,1.0,0.276993,0.3344434888,0.04585587978,0.04612398148
3290,1.0,0.7853981853,0.0,0.0,1.0,1.0,0.2813962009,0.3331474737,0.0462949872,0.04576289654
3291,1.0,0.7853981853,0.0,0.0,1.0,1.0,0.283255888,0.3350842456,0.04812884331,0.04730844498
3292,1.0,0.7853981853,0.0,0.0,1.0,1.0,0.2771697362,0.337811133,0.04616290331,0.04589134455
3293,1.0,0.7853981853,0.0,0.0,1.0,1.0,0.3038951876,0.3515824589,0.05047279596,0.04804366827
3294,1.0,0.7853981853,0.0,0.0,1.0,1.0,0.2948353923,0.3453357187,0.04903072119,0.04709166288
3295,1.0,0.7853981853,0.0,0.0,1.0,1.0,0.2947284334,0.3465806647,0.04873228073,0.04682654142
3296,1.0,0.7853981853,0.0,0.0,1.0,1.0,0.286255913,0.3485956826,0.04786008596,0.04731309414
3297,1.0,0.7853981853,0.0,0.0,1.0,1.0,0.28909471,0.3514296978,0.04901772738,0.04845750332
3298,1.0,0.7853981853,0.0,0.0,1.0,1.0,0.2806312298,0.3425505333,0.04767292738,0.04739415646
3299,1.0,0.7853981853,0.0,0.0,1.0,1.0,0.2656536551,0.3291810586,0.04682677984,0.04739785194
3300,1.0,0.7853981853,0.0,0.0,1.0,1.0,0.2063145551,0.2746399682,0.03355658054,0.03658217192
3301,1.0,0.7853981853,0.0,0.0,1.0,1.0,0.1074667079,0.1702586839,0.01725065708,0.02213835716
3302,1.0,0.7853981853,0.0,0.0,1.0,1.0,0.1302028646,0.1791036895,0.02002620697,0.02284675837
3303,1.0,0.7853981853,0.0,0.0,1.0,1.0,0.135109885,0.164381857,0.02107560635,0.02165299654
3304,1.0,0.7853981853,0.0,0.0,1.0,1.0,0.1364551505,0.1532477316,0.02103924751,0.01961767673
3305,1.0,0.7853981853,0.0,0.0,1.0,1.0,0.1411852289,0.1459363254,0.02244955301,0.01949566603
3306,1.0,0.7853981853,0.0,0.0,1.0,1.0,0.1398472122,0.1427773778,0.02257651091,0.01926529408
3307,1.0,0.7853981853,0.0,0.0,1.0,1.0,0.1414302456,0.1517008759,0.02170503139,0.01967924833
3308,1.0,0.7853981853,0.0,0.0,1.0,1.0,0.1390198517,0.1437250422,0.02106505632,0.01850312948
3309,1.0,0.0,0.0,0.0,1.0,1.0,0.145441115,0.1348808169,0.02222764492,0.01738321781
3310,1.0,0.0,0.0,0.0,1.0,1.0,0.1403393123,0.1370913879,0.02092498541,0.01753169298
3311,1.0,0.0,0.0,0.0,1.0,1.0,0.14841343,0.1549353271,0.02275443077,0.02045017481
3312,1.0,0.0,0.0,0.0,1.0,1.0,0.1343632277,0.1302694655,0.02055251598,0.01717406511
3313,1.0,0.0,0.0,0.0,1.0,1.0,0.1188524091,0.1238806291,0.01846790314,0.01650923491
3314,1.0,0.0,0.0,0.0,1.0,1.0,0.1765800384,0.192981404,0.02745860815,0.02608561516
3315,1.0,0.0,0.0,0.0,1.0,1.0,0.2200134408,0.2360885209,0.03550964594,0.03303223848
3316,1.0,0.0,0.0,0.0,1.0,1.0,0.2481837018,0.2814523623,0.03973412514,0.03946566582
3317,1.0,0.0,0.0,0.0,1.0,1.0,0.2820206167,0.3186897971,0.04593706131,0.04539978504
3318,1.0,0.0,0.0,0.0,1.0,1.0,0.2975312339,0.3374501942,0.04868507385,0.04922306538
3319,1.0,0.0,0.0,0.0,1.0,1.0,0.3079007299,0.3465217656,0.04981797934,0.05061715841
3320,1.0,0.0,0.0,0.0,1.0,1.0,0.3260121453,0.3613093538,0.0525277853,0.05332374573
3321,1.0,0.0,0.0,0.0,1.0,1.0,0.3265177511,0.3528498718,0.05287075043,0.05287075043
3322,1.0,0.0,0.0,0.0,1.0,1.0,0.3230518482,0.339668158,0.05134403706,0.05107665062
3323,1.0,0.0,0.0,0.0,1.0,1.0,0.3219676911,0.3372673843,0.05061852932,0.05035489798
3324,1.0,0.0,0.0,0.0,1.0,1.0,0.3219114269,0.3366541393,0.05223834515,0.05251181126
3325,1.0,0.0,0.0,0.0,1.0,1.0,0.3398776458,0.3544731127,0.05440491438,0.05521285534
3326,1.0,0.0,0.0,0.0,1.0,1.0,0.3394010639,0.3522337224,0.05455219746,0.0556486845
3327,1.0,0.0,0.0,0.0,1.0,1.0,0.337120097,0.3405630799,0.05359554291,0.0538662076
3328,1.0,0.0,0.0,0.0,1.0,1.0,0.3211883067,0.3245611082,0.05202043056,0.05229711533
3329,1.0,0.0,0.0,0.0,1.0,1.0,0.3262780194,0.3262784261,0.05171048641,0.05171054602
3330,1.0,0.0,0.0,0.0,1.0,1.0,0.3164323543,0.315796036,0.05009233952,0.04981863499
3331,1.0,0.0,0.0,0.0,1.0,1.0,0.3193382104,0.312540132,0.05275774002,0.05190217495
3332,1.0,0.0,0.0,0.0,1.0,1.0,0.3280218792,0.3212492439,0.05444091558,0.0535902977
3333,1.0,0.0,0.0,0.0,1.0,1.0,0.3325815679,0.3280482475,0.0552521348,0.0544064641
3334,1.0,0.0,0.0,0.0,1.0,1.0,0.3291881592,0.3280480301,0.05445802212,0.05417728424
3335,1.0,0.0,0.0,0.0,1.0,1.0,0.3274620385,0.327995604,0.05210840702,0.05183702707
3336,1.0,0.0,0.0,0.0,1.0,1.0,0.3303380342,0.3337179025,0.05450111628,0.05422312021
3337,1.0,0.0,0.0,0.0,1.0,1.0,0.3157021116,0.3148923378,0.05190438032,0.05107164383
3338,1.0,0.0,0.0,0.0,1.0,1.0,0.3269677468,0.3319947452,0.05275267363,0.05220884085
3339,1.0,0.0,0.0,0.0,1.0,1.0,0.3263481513,0.3337297802,0.05220329762,0.05193144083
3340,1.0,0.0,0.0,0.0,1.0,1.0,0.3325756785,0.3473236026,0.05272203684,0.05326557159
3341,1.0,0.0,0.0,0.0,1.0,1.0,0.329712943,0.3403117598,0.05179917812,0.05125957727
3342,1.0,0.0,0.0,0.0,1.0,1.0,0.3337207674,0.3463770013,0.05321937799,0.05267071724
3343,1.0,0.0,0.0,0.0,1.0,1.0,0.3205757349,0.3409645896,0.05051827431,0.05105853081
3344,1.0,0.0,0.0,0.0,1.0,1.0,0.3176122698,0.3343586353,0.050524652,0.0505245924
3345,1.0,0.0,0.0,0.0,1.0,1.0,0.3189347577,0.339160716,0.05024206638,0.05051070452
3346,1.0,0.0,0.0,0.0,1.0,1.0,0.2860592668,0.3051730902,0.04473608732,0.04418379068
3347,1.0,0.0,0.0,0.0,1.0,1.0,0.1772594136,0.1833652202,0.02717375755,0.02630650997
3348,1.0,0.0,0.0,0.0,1.0,1.0,0.1419555551,0.157588143,0.02140569687,0.02198415995
3349,1.0,0.0,0.0,0.0,1.0,1.0,0.1492552093,0.1679388411,0.02286410332,0.02373230457
3350,1.0,0.0,0.0,0.0,1.0,1.0,0.1771164757,0.2124798152,0.02775555849,0.03058773279
3351,1.0,0.0,0.0,0.0,1.0,1.0,0.2009748152,0.2283879287,0.03155076504,0.03325617313
3352,1.0,0.0,0.0,0.0,1.0,1.0,0.2617166761,0.2793115988,0.04167109728,0.04111176729
3353,1.0,0.0,0.0,0.0,1.0,1.0,0.2974119207,0.3076640113,0.04765373468,0.04571431875
3354,1.0,0.0,0.0,0.0,1.0,1.0,0.307786696,0.315999881,0.04978662729,0.04810839891
3355,1.0,0.0,0.0,0.0,1.0,1.0,0.3222337922,0.328284015,0.05199617147,0.0500498414
3356,1.0,0.0,0.0,0.0,1.0,1.0,0.3115598963,0.3183407577,0.05026113987,0.04856693745
3357,1.0,0.0,0.0,0.0,1.0,1.0,0.3244717911,0.3294861577,0.05135345459,0.04943108559
3358,1.0,0.0,0.0,0.0,1.0,1.0,0.3144113467,0.3171658532,0.05025160313,0.04828643799
3359,1.0,0.0,0.0,0.0,1.0,1.0,0.3248633108,0.3238932719,0.05164825916,0.04939037561
3360,1.0,0.0,0.0,0.0,1.0,1.0,0.315987174,0.3159999295,0.05085247755,0.04913830757
3361,1.0,0.0,0.0,0.0,1.0,1.0,0.3319700243,0.3265326389,0.0545566082,0.05252528191
3362,1.0,0.0,0.0,0.0,1.0,1.0,0.3272508186,0.3229243776,0.05194604397,0.05026131868
3363,1.0,0.0,0.0,0.0,1.0,1.0,0.344450355,0.3373118869,0.05439037085,0.05326318741
3364,1.0,0.0,0.0,0.0,1.0,1.0,0.3373566326,0.323662593,0.05206972361,0.05067747831
3365,1.0,0.0,0.0,0.0,1.0,1.0,0.3557944594,0.338971548,0.05493748188,0.05355709791
3366,1.0,0.0,0.0,0.0,1.0,1.0,0.3439518385,0.327887152,0.05286026001,0.05175328255
3367,1.0,0.0,0.0,0.0,1.0,1.0,0.3427168178,0.3290842963,0.05216914415,0.05162286758
3368,1.0,0.0,0.0,0.0,1.0,1.0,0.3486425983,0.332572771,0.05329912901,0.05275243521
3369,1.0,0.0,0.0,0.0,1.0,1.0,0.3422004691,0.3222336324,0.05160599947,0.05105984211
3370,1.0,0.0,0.0,0.0,1.0,1.0,0.3516888018,0.3320061178,0.05269378424,0.05215603113
3371,1.0,0.0,0.0,0.0,1.0,1.0,0.3585918413,0.3404880773,0.05508202314,0.0548093915
3372,1.0,0.0,0.0,0.0,1.0,1.0,0.3610083114,0.3427139587,0.05520313978,0.05520313978
3373,1.0,0.0,0.0,0.0,1.0,1.0,0.356307328,0.338793514,0.05499207973,0.05499202013
3374,1.0,0.0,0.0,0.0,1.0,1.0,0.3573223485,0.335932718,0.05542808771,0.05515372753
3375,1.0,0.0,0.0,0.0,1.0,1.0,0.3661669274,0.3448074872,0.05733281374,0.05733287334
3376,1.0,0.0,0.0,0.0,1.0,1.0,0.3550417803,0.3275761478,0.05296510458,0.05190575123
3377,1.0,0.0,0.0,0.0,1.0,1.0,0.3603673107,0.338144737,0.05482012033,0.05482012033
3378,1.0,0.0,0.0,0.0,1.0,1.0,0.3587279072,0.3348130676,0.05634647608,0.05634653568
3379,1.0,0.0,0.0,0.0,1.0,1.0,0.3522182413,0.3281500213,0.05293601751,0.05293601751
3380,1.0,0.0,0.0,0.0,1.0,1.0,0.3688846142,0.3398104692,0.05595684052,0.0562325716
3381,1.0,0.0,0.0,0.0,1.0,1.0,0.3720551524,0.3498044695,0.05613338947,0.05778431892
3382,1.0,0.0,0.0,0.0,1.0,1.0,0.3791919872,0.3512888582,0.05780827999,0.05863410234
3383,1.0,0.0,0.0,0.0,1.0,1.0,0.373519598,0.3431414611,0.05455332994,0.05563354492
3384,1.0,0.0,0.0,0.0,1.0,1.0,0.3765208421,0.3498046588,0.05600112677,0.05764824152
3385,1.0,0.0,0.0,0.0,1.0,1.0,0.3727351625,0.3380951365,0.05544131994,0.05571311712
3386,1.0,0.0,0.0,0.0,1.0,1.0,0.3761535879,0.3435581787,0.05771660805,0.0582742691
3387,1.0,0.0,0.0,0.0,1.0,1.0,0.3782164098,0.3446922124,0.05806797743,0.05862909555
3388,1.0,0.0,0.0,0.0,1.0,1.0,0.3630999365,0.3309411018,0.05761343241,0.05819541216
3389,1.0,0.0,0.0,0.0,1.0,1.0,0.3773215843,0.3426180548,0.05765002966,0.05765002966
3390,1.0,0.0,0.0,0.0,1.0,1.0,0.3834746043,0.3469823064,0.05739861727,0.05795317888
3391,1.0,0.0,0.0,0.0,1.0,1.0,0.3853940247,0.3514702106,0.05745643377,0.05800616741
3392,1.0,0.0,0.0,0.0,1.0,1.0,0.3815371788,0.3487984241,0.05629444122,0.05711829662
3393,1.0,0.0,0.0,0.0,1.0,1.0,0.3841866238,0.3555061021,0.05675947666,0.0581304431
3394,1.0,0.0,0.0,0.0,1.0,1.0,0.386760944,0.3538292587,0.05722922087,0.05805462599
3395,1.0,0.0,0.0,0.0,1.0,1.0,0.381268627,0.3476321265,0.05676925182,0.05732041597
3396,1.0,0.0,0.0,0.0,1.0,1.0,0.3791620047,0.3448075433,0.05668783188,0.05696302652
3397,1.0,0.0,0.0,0.0,1.0,1.0,0.3799530992,0.3498044322,0.05777293444,0.05861020088
3398,1.0,0.0,0.0,0.0,1.0,1.0,0.3642738662,0.3325901216,0.05434197187,0.05489367247
3399,1.0,0.0,0.0,0.0,1.0,1.0,0.3765470875,0.3432427299,0.05519139767,0.05601513386
3400,1.0,0.0,0.0,0.0,1.0,1.0,0.377112532,0.3409465553,0.05911767483,0.05940890312
3401,1.0,0.0,0.0,0.0,1.0,1.0,0.3577548027,0.3291676195,0.05503177643,0.05619645119
3402,1.0,0.0,0.0,0.0,1.0,1.0,0.3832444587,0.3472636142,0.05656301975,0.05684030056
3403,1.0,0.0,0.0,0.0,1.0,1.0,0.3719727217,0.3404879174,0.05563646555,0.05647945404
3404,1.0,0.0,0.0,0.0,1.0,1.0,0.3717089987,0.3371405368,0.05411213636,0.05438822508
3405,1.0,0.0,0.0,0.0,1.0,1.0,0.3711404911,0.3236445356,0.05434978008,0.05324620008
3406,1.0,0.0,0.0,0.0,1.0,1.0,0.3738654881,0.3281499397,0.05511063337,0.05374646187
3407,1.0,0.0,0.0,0.0,1.0,1.0,0.3765209461,0.3303801862,0.05519866943,0.05384576321
3408,1.0,0.0,0.0,0.0,1.0,1.0,0.3610646613,0.3207669879,0.05397033691,0.0528575778
3409,1.0,0.0,0.0,0.0,1.0,1.0,0.3605461975,0.3217384244,0.05261313915,0.05125015974
3410,1.0,0.0,0.0,0.0,1.0,1.0,0.365649774,0.323956873,0.05382990837,0.05189746618
3411,1.0,0.0,0.0,0.0,1.0,1.0,0.3568098161,0.3176919497,0.05368453264,0.05199813843
3412,1.0,0.0,0.0,0.0,1.0,1.0,0.3514518691,0.3161499738,0.05411988497,0.05242866278
3413,1.0,0.0,0.0,0.0,1.0,1.0,0.3422996376,0.3110509215,0.05180263519,0.05069458485
3414,1.0,0.0,0.0,0.0,1.0,1.0,0.3355922627,0.3035846476,0.0492811203,0.04793465137
3415,1.0,0.0,0.0,0.0,1.0,1.0,0.3374029073,0.3104071714,0.05050212145,0.04968321323
3416,1.0,0.0,0.0,0.0,1.0,1.0,0.3362094279,0.3084484971,0.05169653893,0.05056655407
3417,1.0,0.0,0.0,0.0,1.0,1.0,0.3101069099,0.2858051449,0.04688990116,0.04604250193
3418,1.0,0.0,0.0,0.0,1.0,1.0,0.1966769555,0.1709573421,0.02792811394,0.02593332529
3419,1.0,0.0,0.0,0.0,1.0,1.0,0.1813503916,0.1659449697,0.02573722601,0.02516525984
3420,1.0,0.0,0.0,0.0,1.0,1.0,0.1840556056,0.1734105644,0.0265417695,0.0265417695
3421,1.0,0.0,0.0,0.0,1.0,1.0,0.2208067179,0.2167904938,0.03230631351,0.03343987465
3422,1.0,0.0,0.0,0.0,1.0,1.0,0.2582824455,0.2471927583,0.03913533688,0.03941893578
3423,1.0,0.0,0.0,0.0,1.0,1.0,0.280512567,0.2677078746,0.04176676273,0.04149019718
3424,1.0,0.0,0.0,0.0,1.0,1.0,0.2981758958,0.2789964885,0.04455530643,0.04345524311
3425,1.0,0.0,0.0,0.0,1.0,1.0,0.3089183456,0.2934304522,0.04611879587,0.04476237297
3426,1.0,0.0,0.0,0.0,1.0,1.0,0.2972795445,0.2901607919,0.04469907284,0.04442483187
3427,1.0,0.0,0.0,0.0,1.0,1.0,0.3079462164,0.2943809075,0.04641008377,0.04502052069
3428,1.0,0.0,0.0,0.0,1.0,1.0,0.2962698705,0.2916586533,0.04484713078,0.04456329346
3429,1.0,0.0,0.0,0.0,1.0,1.0,0.3028047574,0.3035343829,0.0452196002,0.04549705982
3430,1.0,0.0,0.0,0.0,1.0,1.0,0.2960607149,0.2968266746,0.04420042038,0.04448199272
3431,1.0,0.0,0.0,0.0,1.0,1.0,0.2479236269,0.2684773361,0.03625452518,0.03880363703
3432,1.0,0.0,0.0,0.0,1.0,1.0,0.1234369834,0.1720350272,0.01752281189,0.02374058962
3433,1.0,0.0,0.0,0.0,1.0,1.0,0.1067951233,0.1783237838,0.01490306854,0.02418237925
3434,1.0,0.0,0.0,0.0,1.0,1.0,0.09895469383,0.1775868198,0.01438701153,0.02474564314
3435,1.0,0.0,0.0,0.0,1.0,1.0,0.1710583611,0.2229832114,0.0257679224,0.03242707253
3436,1.0,0.0,0.0,0.0,1.0,1.0,0.217021655,0.2586791284,0.03207349777,0.03713774681
3437,1.0,0.0,0.0,0.0,1.0,1.0,0.2442245224,0.2769768904,0.03702002764,0.04072201252
3438,1.0,0.0,0.0,0.0,1.0,1.0,0.2670124131,0.288300549,0.04095870256,0.04266530275
3439,1.0,0.0,0.0,0.0,1.0,1.0,0.2794733834,0.2937291045,0.04284864664,0.04369997978
3440,1.0,0.0,0.0,0.0,1.0,1.0,0.2834516007,0.2956366993,0.04331707954,0.04359835386
3441,1.0,0.0,0.0,0.0,1.0,1.0,0.2994650839,0.3066468426,0.04628503323,0.0460010767
3442,1.0,0.0,0.0,0.0,1.0,1.0,0.2955837389,0.3040128659,0.04493403435,0.04493403435
3443,1.0,0.0,0.0,0.0,1.0,1.0,0.2935163162,0.3021122856,0.04457068443,0.04485273361
3444,1.0,0.0,0.0,0.0,1.0,1.0,0.3020703461,0.3036041172,0.04599499702,0.0457110405
3445,1.0,0.0,0.0,0.0,1.0,1.0,0.3189312721,0.3125596417,0.04880052805,0.0473819375
3446,1.0,0.0,0.0,0.0,1.0,1.0,0.317837299,0.309790045,0.04834610224,0.04694879055
3447,1.0,0.0,0.0,0.0,1.0,1.0,0.3246828073,0.3185037217,0.04927492142,0.04789853096
3448,1.0,0.0,0.0,0.0,1.0,1.0,0.316763004,0.314369968,0.04835408926,0.04807621241
3449,1.0,0.0,0.0,0.0,1.0,1.0,0.3148424752,0.3077994515,0.04785549641,0.04729908705
3450,1.0,0.0,0.0,0.0,1.0,1.0,0.3149424209,0.3121000521,0.04730039835,0.04730039835
3451,1.0,0.0,0.0,0.0,1.0,1.0,0.3094811689,0.3005439992,0.04668265581,0.04640805721
3452,1.0,0.0,0.0,0.0,1.0,1.0,0.3266725107,0.3187876587,0.05011582375,0.05011588335
3453,1.0,0.0,0.0,0.0,1.0,1.0,0.3360954173,0.3337176993,0.05116307735,0.05250948668
3454,1.0,0.0,0.0,0.0,1.0,1.0,0.3237128933,0.323449532,0.04958337545,0.05120909214
3455,1.0,0.0,0.0,0.0,1.0,1.0,0.3154265383,0.3144501477,0.04845559597,0.05036115646
3456,1.0,0.0,0.0,0.0,1.0,1.0,0.3090146764,0.3083025393,0.04723286629,0.04912221432
3457,1.0,0.0,0.0,0.0,1.0,1.0,0.3123255485,0.3166040599,0.04700827599,0.04969447851
3458,1.0,0.0,0.0,0.0,1.0,1.0,0.3091801734,0.3216198133,0.04795634747,0.05185973644
3459,1.0,0.0,0.0,0.0,1.0,1.0,0.3117685828,0.3194090227,0.04693758488,0.04988795519
3460,1.0,0.0,0.0,0.0,1.0,1.0,0.314471408,0.3273434057,0.04646348953,0.05020201206
3461,1.0,0.0,0.0,0.0,1.0,1.0,0.3062807482,0.3181616586,0.04557901621,0.04904407263
3462,1.0,0.0,0.0,0.0,1.0,1.0,0.2989322664,0.3129740208,0.04463100433,0.0486639142
3463,1.0,0.0,0.0,0.0,1.0,1.0,0.3105407903,0.3274034341,0.0462243557,0.05047488213
3464,1.0,0.0,0.0,0.0,1.0,1.0,0.3068303433,0.3205108577,0.04577213526,0.04978728294
3465,1.0,0.0,0.0,0.0,1.0,1.0,0.3101716327,0.3273434126,0.04573559761,0.05028241873
3466,1.0,0.0,0.0,0.0,1.0,1.0,0.3150414117,0.3279420971,0.04693895578,0.05098545551
3467,1.0,0.0,0.0,0.0,1.0,1.0,0.3198936692,0.3342959605,0.04738330841,0.05193424225
3468,1.0,0.0,0.0,0.0,1.0,1.0,0.3125526421,0.3256804945,0.04755967855,0.05226039886
3469,1.0,0.0,0.0,0.0,1.0,1.0,0.3126645602,0.3234496909,0.04618608952,0.05045765638
3470,1.0,0.0,0.0,0.0,1.0,1.0,0.3144716942,0.3251609694,0.0463078022,0.05056601763
3471,1.0,0.0,0.0,0.0,1.0,1.0,0.3087854947,0.318787489,0.04534620047,0.04963934422
3472,1.0,0.0,0.0,0.0,1.0,1.0,0.3223426755,0.3337177637,0.04816132784,0.0524662137
3473,1.0,0.0,0.0,0.0,1.0,1.0,0.3090498745,0.3194090533,0.04568469524,0.04969209433
3474,1.0,0.0,0.0,0.0,1.0,1.0,0.2969354166,0.2998324984,0.04363387823,0.04629451036
3475,1.0,0.0,0.0,0.0,1.0,1.0,0.3025340474,0.3153411521,0.04498684406,0.04900348186
3476,1.0,0.0,0.0,0.0,1.0,1.0,0.300557032,0.311015006,0.04470431805,0.04793590307
3477,1.0,0.0,0.0,0.0,1.0,1.0,0.2347173062,0.2118384417,0.03426867723,0.03233420849
3478,1.0,0.0,0.0,0.0,1.0,1.0,0.1778504283,0.131013363,0.02565163374,0.01951760054
3479,1.0,0.0,0.0,0.0,1.0,1.0,0.1558065608,0.1058891369,0.02246934175,0.01561897993
3480,1.0,0.0,0.0,0.0,1.0,1.0,0.169078569,0.1203034937,0.02477645874,0.01789414883
3481,1.0,0.0,0.0,0.0,1.0,1.0,0.2233184852,0.2049214279,0.03307276964,0.03090405464
3482,1.0,0.0,0.0,0.0,1.0,1.0,0.2564012544,0.2533307347,0.03993928432,0.03966760635
3483,1.0,0.0,0.0,0.0,1.0,1.0,0.301555814,0.2984682633,0.04754441977,0.04754441977
3484,1.0,0.0,0.0,0.0,1.0,1.0,0.2993166009,0.2970853188,0.04556500912,0.04530316591
3485,1.0,0.0,0.0,0.0,1.0,1.0,0.2996592433,0.3008701242,0.04571455717,0.04597884417
3486,1.0,0.0,0.0,0.0,1.0,1.0,0.3073882247,0.3147031682,0.04702013731,0.04780822992
3487,1.0,0.0,0.0,0.0,1.0,1.0,0.2996592856,0.2977433107,0.04545158148,0.04492616653
3488,1.0,0.0,0.0,0.0,1.0,1.0,0.2979593885,0.3071201742,0.04742437601,0.04796642065
3489,1.0,0.0,0.0,0.0,1.0,1.0,0.2913623703,0.2991409259,0.04559332132,0.04585844278
3490,1.0,0.0,0.0,0.0,1.0,1.0,0.3038840854,0.3136182779,0.04769140482,0.04822140932
3491,1.0,0.0,0.0,0.0,1.0,1.0,0.2983156554,0.3032791863,0.04760062695,0.04733175039
3492,1.0,0.0,0.0,0.0,1.0,1.0,0.3014981438,0.3069958823,0.04846972227,0.04820197821
3493,1.0,0.0,0.0,0.0,1.0,1.0,0.2986645156,0.3063356223,0.04815471172,0.04815471172
3494,1.0,0.0,0.0,0.0,1.0,1.0,0.2983407417,0.3080470313,0.04760068655,0.04760068655
3495,1.0,0.0,0.0,0.0,1.0,1.0,0.3033132877,0.3138180264,0.04762250185,0.04788273573
3496,1.0,0.0,0.0,0.0,1.0,1.0,0.3034610166,0.3138180293,0.04918915033,0.04918915033
3497,1.0,0.0,0.0,0.0,1.0,1.0,0.3046872311,0.3159747616,0.04826974869,0.04880023003
3498,1.0,0.0,0.0,0.0,1.0,1.0,0.2943449224,0.3043283402,0.04741990566,0.04715198278
3499,1.0,0.0,0.0,0.0,1.0,1.0,0.2933683654,0.3060572545,0.04710608721,0.04710608721
3500,1.0,0.0,0.0,0.0,1.0,1.0,0.2912278185,0.2998326355,0.04767501354,0.04713332653
3501,1.0,0.0,0.0,0.0,1.0,1.0,0.3051099859,0.3239566422,0.04894638062,0.04974007607
3502,1.0,0.0,0.0,0.0,1.0,1.0,0.3051098805,0.3108227478,0.04904729128,0.04798680544
3503,1.0,0.0,0.0,0.0,1.0,1.0,0.3057503392,0.317228971,0.04905712605,0.04905712605
3504,1.0,0.0,0.0,0.0,1.0,1.0,0.2999985433,0.3095159429,0.04725831747,0.04673612118
3505,1.0,0.0,0.0,0.0,1.0,1.0,0.3099432084,0.3200268989,0.04929935932,0.04929935932
3506,1.0,0.0,0.0,0.0,1.0,1.0,0.3137784044,0.3274030928,0.04985064268,0.05011433363
3507,1.0,0.0,0.0,0.0,1.0,1.0,0.318686567,0.3331469455,0.05041193962,0.05067586899
3508,1.0,0.0,0.0,0.0,1.0,1.0,0.3160485752,0.3256802399,0.04976463318,0.04924356937
3509,1.0,0.0,0.0,0.0,1.0,1.0,0.3155265277,0.3245608842,0.04986512661,0.04934293032
3510,1.0,0.0,0.0,0.0,1.0,1.0,0.3128399391,0.3223454705,0.05028486252,0.0500202179
3511,1.0,0.0,0.0,0.0,1.0,1.0,0.3159632477,0.3274036673,0.05172085762,0.05172091722
3512,1.0,0.0,0.0,0.0,1.0,1.0,0.3132580788,0.325679937,0.04994928837,0.04994922876
3513,1.0,0.0,0.0,0.0,1.0,1.0,0.3151697123,0.3267405518,0.04912054539,0.04912054539
3514,1.0,0.0,0.0,0.0,1.0,1.0,0.329782171,0.3412728213,0.05162721872,0.05162721872
3515,1.0,0.0,0.0,0.0,1.0,1.0,0.3163217127,0.3273433075,0.05001550913,0.05001550913
3516,1.0,0.0,0.0,0.0,1.0,1.0,0.3197545433,0.3285364991,0.05050438643,0.05023998022
3517,1.0,0.0,0.0,0.0,1.0,1.0,0.317849652,0.3255223577,0.04952120781,0.04899156094
3518,1.0,0.0,0.0,0.0,1.0,1.0,0.3194799309,0.3278869032,0.04976898432,0.04976892471
3519,1.0,0.0,0.0,0.0,1.0,1.0,0.3123256699,0.3238607903,0.0483725071,0.04863393307
3520,1.0,0.0,0.0,0.0,1.0,1.0,0.3075206482,0.3138176782,0.04808348417,0.04808342457
3521,1.0,0.0,0.0,0.0,1.0,1.0,0.3170181876,0.3240510308,0.04939973354,0.04939973354
3522,1.0,0.0,0.0,0.0,1.0,1.0,0.3231529735,0.329712494,0.05087256432,0.05034804344
3523,1.0,0.0,0.0,0.0,1.0,1.0,0.3342506337,0.3416458957,0.05373835564,0.0534722805
3524,1.0,0.0,0.0,0.0,1.0,1.0,0.3253999529,0.325242371,0.05198717117,0.0509262085
3525,1.0,0.0,0.0,0.0,1.0,1.0,0.3320457741,0.3337118224,0.05320906639,0.05215018988
3526,1.0,0.0,0.0,0.0,1.0,1.0,0.310344339,0.3167718319,0.0486266017,0.04888796806
3527,1.0,0.0,0.0,0.0,1.0,1.0,0.3180802288,0.3212494023,0.04935157299,0.04909187555
3528,1.0,0.0,0.0,0.0,1.0,1.0,0.3225090441,0.3240511599,0.05082392693,0.05029451847
3529,1.0,0.0,0.0,0.0,1.0,1.0,0.3224552409,0.3245610898,0.04974371195,0.04922282696
3530,1.0,0.0,0.0,0.0,1.0,1.0,0.3252420816,0.3257564376,0.05027884245,0.05001693964
3531,1.0,0.0,0.0,0.0,1.0,1.0,0.3211265997,0.3186373404,0.04960936308,0.04854816198
3532,1.0,0.0,0.0,0.0,1.0,1.0,0.3149647312,0.3098625073,0.04833298922,0.04671287537
3533,1.0,0.0,0.0,0.0,1.0,1.0,0.3069711517,0.3016499726,0.04671698809,0.0450873971
3534,1.0,0.0,0.0,0.0,1.0,1.0,0.3194646394,0.3196743506,0.04850304127,0.04714816809
3535,1.0,0.0,0.0,0.0,1.0,1.0,0.3171137642,0.3294456352,0.04897892475,0.04897886515
3536,1.0,0.0,0.0,0.0,1.0,1.0,0.3158951667,0.322698377,0.04750412703,0.0469673872
3537,1.0,0.0,0.0,0.0,1.0,1.0,0.3260212337,0.3337621187,0.05019187927,0.04964333773
3538,1.0,0.0,0.0,0.0,1.0,1.0,0.326568347,0.3343860726,0.05035203695,0.04979872704
3539,1.0,0.0,0.0,0.0,1.0,1.0,0.3131221315,0.3200460167,0.04703474045,0.04676127434
3540,1.0,0.0,0.0,0.0,1.0,1.0,0.314369922,0.3231281783,0.04751121998,0.04723662138
3541,1.0,0.0,0.0,0.0,1.0,1.0,0.3211849381,0.3238933851,0.04974240065,0.04863089323
3542,1.0,0.0,0.0,0.0,1.0,1.0,0.325229979,0.3375474299,0.04917919636,0.04945546389
3543,1.0,0.0,0.0,0.0,1.0,1.0,0.3190877525,0.3306137529,0.04848307371,0.04848307371
3544,1.0,0.0,0.0,0.0,1.0,1.0,0.3239947439,0.3337831737,0.04933971167,0.04878222942
3545,1.0,0.0,0.0,0.0,1.0,1.0,0.3130121537,0.3204316918,0.04710429907,0.04627788067
3546,1.0,0.0,0.0,0.0,1.0,1.0,0.318583474,0.3375979095,0.04814779758,0.04869806767
3547,1.0,0.0,0.0,0.0,1.0,1.0,0.324044948,0.343319741,0.04945743084,0.05001312494
3548,1.0,0.0,0.0,0.0,1.0,1.0,0.3245419823,0.347296303,0.04896736145,0.05008023977
3549,1.0,0.0,0.0,0.0,1.0,1.0,0.3244938559,0.3461104405,0.0485239625,0.04935586452
3550,1.0,0.0,0.0,0.0,1.0,1.0,0.3250971428,0.3409862324,0.04749810696,0.04722672701
3551,1.0,0.0,0.0,0.0,1.0,1.0,0.3319181897,0.3507847254,0.04958862066,0.04931312799
3552,1.0,0.0,0.0,0.0,1.0,1.0,0.3282298488,0.3416062273,0.0494120717,0.04857933521
3553,1.0,0.0,0.0,0.0,1.0,1.0,0.3206462275,0.3378111289,0.04735505581,0.04680120945
3554,1.0,0.0,0.0,0.0,1.0,1.0,0.3275638512,0.3383939599,0.04809439182,0.04700136185
3555,1.0,0.0,0.0,0.0,1.0,1.0,0.3119752884,0.305385172,0.04594093561,0.04236471653
3556,1.0,0.0,0.0,0.0,1.0,1.0,0.3043413252,0.2958349517,0.04452508688,0.04067724943
3557,1.0,0.0,0.0,0.0,1.0,1.0,0.2996462129,0.2998322482,0.04424095154,0.04121828079
3558,1.0,0.0,0.0,0.0,1.0,1.0,0.3080983653,0.2970232487,0.0448704958,0.04049295187
3559,1.0,0.0,0.0,0.0,1.0,1.0,0.300020064,0.2938358262,0.0440068841,0.04043132067
3560,1.0,0.0,0.0,0.0,1.0,1.0,0.3106879164,0.3098267867,0.04580950737,0.04277390242
3561,1.0,0.0,0.0,0.0,1.0,1.0,0.313734741,0.3054970617,0.0460575819,0.04164481163
3562,1.0,0.0,0.0,0.0,1.0,1.0,0.318004402,0.3148647054,0.04671430588,0.04309946299
3563,1.0,0.0,0.0,0.0,1.0,1.0,0.3198971449,0.3156136082,0.04693841934,0.04332780838
3564,1.0,0.0,0.0,0.0,1.0,1.0,0.3206463102,0.3231128276,0.04838162661,0.04555231333
3565,1.0,0.0,0.0,0.0,1.0,1.0,0.3237890888,0.3190989607,0.04779684544,0.04392892122
3566,1.0,0.0,0.0,0.0,1.0,1.0,0.3060671194,0.298613889,0.04472023249,0.04057949781
3567,1.0,0.0,0.0,0.0,1.0,1.0,0.3060675584,0.2941905968,0.04531019926,0.04083508253
3568,1.0,0.0,0.0,0.0,1.0,1.0,0.2950736412,0.2908212156,0.04247272015,0.03891044855
3569,1.0,0.0,0.0,0.0,1.0,1.0,0.2958501511,0.2957530493,0.04331099987,0.04025697708
3570,1.0,0.0,0.0,0.0,1.0,1.0,0.2920573385,0.2990133942,0.04339450598,0.04114019871
3571,1.0,0.0,0.0,0.0,1.0,1.0,0.2907121809,0.2855547216,0.04366487265,0.03995478153
3572,1.0,0.0,0.0,0.0,1.0,1.0,0.2975434989,0.3051574426,0.04333353043,0.0413891077
3573,1.0,0.0,0.0,0.0,1.0,1.0,0.297543987,0.3026766821,0.04406052828,0.04208344221
3574,1.0,0.0,0.0,0.0,1.0,1.0,0.2975437248,0.3018727052,0.04412293434,0.04186028242
3575,1.0,0.0,0.0,0.0,1.0,1.0,0.2977463295,0.2904882715,0.04449266195,0.04052519798
3576,1.0,0.0,0.0,0.0,1.0,1.0,0.2921444752,0.2920181922,0.04311227798,0.04027599096
3577,1.0,0.0,0.0,0.0,1.0,1.0,0.293040422,0.2960531883,0.0426555872,0.03983068466
3578,1.0,0.0,0.0,0.0,1.0,1.0,0.2769771468,0.2795050151,0.04162347317,0.03842169046
3579,1.0,0.0,0.0,0.0,1.0,1.0,0.2790522154,0.2861839493,0.04123276472,0.03801602125
3580,1.0,0.0,0.0,0.0,1.0,1.0,0.2745500688,0.2810931492,0.04036706686,0.03659176826
3581,1.0,0.0,0.0,0.0,1.0,1.0,0.2632190774,0.2633664867,0.039311409,0.03458225727
3582,1.0,0.7853981853,0.0,0.0,1.0,1.0,0.2644439334,0.2711490483,0.03925937414,0.03492927551
3583,1.0,0.7853981853,0.0,0.0,1.0,1.0,0.2750402952,0.2901607333,0.04010671377,0.03558766842
3584,1.0,0.7853981853,0.0,0.0,1.0,1.0,0.2748464962,0.2932638471,0.04142922163,0.03621441126
3585,1.0,0.7853981853,0.0,0.0,1.0,1.0,0.2674027497,0.2824509131,0.04237502813,0.03516227007
3586,1.0,0.7853981853,0.0,0.0,1.0,1.0,0.2718638122,0.3003373285,0.04200893641,0.03596448898
3587,1.0,0.7853981853,0.0,0.0,1.0,1.0,0.2654766723,0.2941065039,0.04176574945,0.03470242023
3588,1.0,0.7853981853,0.0,0.0,1.0,1.0,0.2738195876,0.3050933062,0.04267215729,0.03535699844
3589,1.0,0.7853981853,0.0,0.0,1.0,1.0,0.2802356346,0.3126596877,0.04410141706,0.03608298302
3590,1.0,0.7853981853,0.0,0.0,1.0,1.0,0.2771889587,0.3170272922,0.04325431585,0.03594374657
3591,1.0,0.7853981853,0.0,0.0,1.0,1.0,0.2813962146,0.3160396715,0.04437547922,0.03580641747
3592,1.0,0.7853981853,0.0,0.0,1.0,1.0,0.2805450938,0.3150412978,0.04500639439,0.03625512123
3593,1.0,0.7853981853,0.0,0.0,1.0,1.0,0.2869684804,0.3276863178,0.04510462284,0.03732800484
3594,1.0,0.7853981853,0.0,0.0,1.0,1.0,0.287241197,0.3276863715,0.04418873787,0.03631955385
3595,1.0,0.7853981853,0.0,0.0,1.0,1.0,0.2869492517,0.3340524573,0.0452567935,0.03786790371
3596,1.0,0.7853981853,0.0,0.0,1.0,1.0,0.2933782469,0.338521,0.04664307833,0.03918021917
3597,1.0,0.7853981853,0.0,0.0,1.0,1.0,0.282450901,0.326844252,0.04361605644,0.03690588474
3598,1.0,0.7853981853,0.0,0.0,1.0,1.0,0.2919938971,0.3269447731,0.04628431797,0.038207829
3599,1.0,0.7853981853,0.0,0.0,1.0,1.0,0.288598866,0.3201337295,0.04644787312,0.03834283352
3600,1.0,0.7853981853,0.0,0.0,1.0,1.0,0.274395563,0.2817572717,0.04277533293,0.03309625387
3601,1.0,0.7853981853,0.0,0.0,1.0,1.0,0.2704370827,0.2654767316,0.04286122322,0.03168004751
3602,1.0,0.7853981853,0.0,0.0,1.0,1.0,0.2147563999,0.1576660802,0.03182297945,0.01805341244
3603,1.0,0.7853981853,0.0,0.0,1.0,1.0,0.1906692582,0.1189815171,0.02774465084,0.01371991634
3604,1.0,0.7853981853,0.0,0.0,1.0,1.0,0.1956352247,0.1262450453,0.02844291925,0.01483976841
3605,1.0,0.7853981853,0.0,0.0,1.0,1.0,0.2371899576,0.1883006881,0.03540933132,0.02360624075
3606,1.0,0.0,0.0,0.0,1.0,1.0,0.2434789756,0.1980460709,0.03672671318,0.02547174692
3607,1.0,0.0,0.0,0.0,1.0,1.0,0.2767378705,0.2532831451,0.04021972418,0.03211790323
3608,1.0,0.0,0.0,0.0,1.0,1.0,0.2867083296,0.2633661661,0.04114550352,0.03390157223
3609,1.0,0.0,0.0,0.0,1.0,1.0,0.3055493548,0.2950938019,0.0445458889,0.03937280178
3610,1.0,0.0,0.0,0.0,1.0,1.0,0.3026199437,0.282820689,0.04366713762,0.03820872307
3611,1.0,0.0,0.0,0.0,1.0,1.0,0.3121986577,0.2888683611,0.04420864582,0.03932851553
3612,1.0,0.0,0.0,0.0,1.0,1.0,0.3228650111,0.2930855767,0.04581874609,0.04056566954
3613,1.0,0.0,0.0,0.0,1.0,1.0,0.3194090177,0.2918537959,0.04495483637,0.04031437635
3614,1.0,0.0,0.0,0.0,1.0,1.0,0.3222019177,0.2855546278,0.04498505592,0.04011404514
3615,1.0,0.0,0.0,0.0,1.0,1.0,0.3261778692,0.2932249371,0.04499924183,0.04096084833
3616,1.0,0.0,0.0,0.0,1.0,1.0,0.3160453568,0.2812190809,0.04414600134,0.03984600306
3617,1.0,0.0,0.0,0.0,1.0,1.0,0.3153975051,0.279843575,0.04421108961,0.04019188881
3618,1.0,0.0,0.0,0.0,1.0,1.0,0.3216126764,0.27850048,0.04425609112,0.03949433565
3619,1.0,0.0,0.0,0.0,1.0,1.0,0.3317818922,0.298252337,0.04568839073,0.04258608818
3620,1.0,0.0,0.0,0.0,1.0,1.0,0.33314719,0.2963463371,0.04624426365,0.04314255714
3621,1.0,0.0,0.0,0.0,1.0,1.0,0.3344907455,0.2921447957,0.04651218653,0.04258948565
3622,1.0,0.0,0.0,0.0,1.0,1.0,0.3411748448,0.2979102297,0.04841482639,0.0441429019
3623,1.0,0.0,0.0,0.0,1.0,1.0,0.3365470772,0.2929399746,0.04718697071,0.04375517368
3624,1.0,0.0,0.0,0.0,1.0,1.0,0.3400164117,0.2994439051,0.04646879435,0.04337090254
3625,1.0,0.0,0.0,0.0,1.0,1.0,0.3474542253,0.3063421116,0.04899966717,0.04611730576
3626,1.0,0.0,0.0,0.0,1.0,1.0,0.3453353273,0.3044277825,0.04840141535,0.0452696085
3627,1.0,0.0,0.0,0.0,1.0,1.0,0.3358781974,0.2940667946,0.04609543085,0.04300367832
3628,1.0,0.0,0.0,0.0,1.0,1.0,0.3256380184,0.286378563,0.04506826401,0.04223376513
3629,1.0,0.0,0.0,0.0,1.0,1.0,0.3365468845,0.2959886725,0.04581648111,0.04276204109
3630,1.0,0.0,0.0,0.0,1.0,1.0,0.3228015041,0.2769769376,0.04518258572,0.0414173007
3631,1.0,0.0,0.0,0.0,1.0,1.0,0.3199877128,0.2692293986,0.04290407896,0.03872507811
3632,1.0,0.0,0.0,0.0,1.0,1.0,0.315176422,0.2644440827,0.0428596139,0.03834813833
3633,1.0,0.0,0.0,0.0,1.0,1.0,0.3059087694,0.2625985526,0.04109752178,0.03771966696
3634,1.0,0.0,0.0,0.0,1.0,1.0,0.3065516689,0.2597754453,0.04091131687,0.03670805693
3635,1.0,0.0,0.0,0.0,1.0,1.0,0.2991958435,0.2579206123,0.04001879692,0.0363291502
3636,1.0,0.0,0.0,0.0,1.0,1.0,0.2953381376,0.2549182561,0.03982830048,0.03636497259
3637,1.0,0.0,0.0,0.0,1.0,1.0,0.2928301147,0.2528708886,0.03951430321,0.03607827425
3638,1.0,0.0,0.0,0.0,1.0,1.0,0.3060789922,0.2646745747,0.04209268093,0.03837025166
3639,1.0,0.0,0.0,0.0,1.0,1.0,0.3012867749,0.26467453,0.04094833136,0.03784197569
3640,1.0,0.0,0.0,0.0,1.0,1.0,0.2998325993,0.2637415681,0.04033863544,0.03725719452
3641,1.0,0.0,0.0,0.0,1.0,1.0,0.2816795812,0.2458945241,0.03827100992,0.03515267372
3642,1.0,0.0,0.0,0.0,1.0,1.0,0.2864379351,0.2508403502,0.03920644522,0.03610378504
3643,1.0,0.0,0.0,0.0,1.0,1.0,0.2858488537,0.248888313,0.03928589821,0.03617691994
3644,1.0,0.0,0.0,0.0,1.0,1.0,0.2890442219,0.2595451218,0.04009056091,0.03783196211
3645,1.0,0.0,0.0,0.0,1.0,1.0,0.2852613753,0.2527544806,0.03910475969,0.03685414791
3646,1.0,0.0,0.0,0.0,1.0,1.0,0.2832096737,0.2634188337,0.03852957487,0.03797113895
3647,1.0,0.0,0.0,0.0,1.0,1.0,0.2867249897,0.2662603908,0.03944420815,0.03888070583
3648,1.0,0.0,0.0,0.0,1.0,1.0,0.2828997001,0.251812563,0.03809195757,0.03586763144
3649,1.0,0.0,0.0,0.0,1.0,1.0,0.2887730731,0.2643311193,0.03918457031,0.03807294369
3650,1.0,0.0,0.0,0.0,1.0,1.0,0.27670502,0.2517974327,0.03737920523,0.03626340628
3651,1.0,0.0,0.0,0.0,1.0,1.0,0.2540250128,0.2225319798,0.03437411785,0.032120049
3652,1.0,0.0,0.0,0.0,1.0,1.0,0.1884543212,0.1314005853,0.02489000559,0.01845771074
3653,1.0,0.0,0.0,0.0,1.0,1.0,0.1892562721,0.110610338,0.02513855696,0.015817523
3654,1.0,0.0,0.0,0.0,1.0,1.0,0.1857002864,0.133258884,0.02522754669,0.01927495003
3655,1.0,0.0,0.0,0.0,1.0,1.0,0.2051698792,0.1685103424,0.0283062458,0.02438259125
3656,1.0,0.0,0.0,0.0,1.0,1.0,0.2294128582,0.2078991294,0.03198057413,0.03031200171
3657,1.0,0.0,0.0,0.0,1.0,1.0,0.2498602141,0.2403235727,0.03567767143,0.03567767143
3658,1.0,0.0,0.0,0.0,1.0,1.0,0.2600491447,0.2640033611,0.03767740726,0.03936439753
3659,1.0,0.0,0.0,0.0,1.0,1.0,0.271166498,0.2795374866,0.03941041231,0.04109942913
3660,1.0,0.0,0.0,0.0,1.0,1.0,0.2767687013,0.2896109027,0.04063010216,0.04316943884
3661,1.0,0.0,0.0,0.0,1.0,1.0,0.2724042378,0.2805124844,0.04019975662,0.04186320305
3662,1.0,0.0,0.0,0.0,1.0,1.0,0.2718933523,0.2813240828,0.04026252031,0.04220616817
3663,1.0,0.0,0.0,0.0,1.0,1.0,0.28851801,0.2990893646,0.04280924797,0.0450476408
3664,1.0,0.0,0.0,0.0,1.0,1.0,0.277418677,0.2798435839,0.04146897793,0.04229283333
3665,1.0,0.0,0.0,0.0,1.0,1.0,0.2949172591,0.2955340179,0.04449373484,0.04531770945
3666,1.0,0.0,0.0,0.0,1.0,1.0,0.2943808911,0.2958634737,0.04451459646,0.04506415129
3667,1.0,0.0,0.0,0.0,1.0,1.0,0.2928768871,0.2933145632,0.04398465157,0.04453444481
3668,1.0,0.0,0.0,0.0,1.0,1.0,0.2601543559,0.2619354579,0.03900212049,0.03956329823
3669,1.0,0.0,0.0,0.0,1.0,1.0,0.1672297114,0.1756829166,0.02430790663,0.02573770285
3670,1.0,0.0,0.0,0.0,1.0,1.0,0.1276729937,0.1505184316,0.01802623272,0.02112454176
3671,1.0,0.0,0.0,0.0,1.0,1.0,0.1144991056,0.1522588529,0.01677501202,0.02217715979
3672,1.0,0.0,0.0,0.0,1.0,1.0,0.1419973416,0.1913431615,0.02161133289,0.02853804827
3673,1.0,0.0,0.0,0.0,1.0,1.0,0.1593312396,0.2076048293,0.02449852228,0.03145837784
3674,1.0,0.0,0.0,0.0,1.0,1.0,0.2619720733,0.2806404782,0.04029786587,0.04278200865
3675,1.0,0.0,0.0,0.0,1.0,1.0,0.2822163608,0.2876089792,0.04415112734,0.04499477148
3676,1.0,0.0,0.0,0.0,1.0,1.0,0.2758973918,0.2876619784,0.04262250662,0.04403376579
3677,1.0,0.0,0.0,0.0,1.0,1.0,0.3058787049,0.3155170966,0.04786062241,0.04813891649
3678,1.0,0.0,0.0,0.0,1.0,1.0,0.2937428196,0.3158090679,0.04546046257,0.04712367058
3679,1.0,0.0,0.0,0.0,1.0,1.0,0.3094357264,0.3331470877,0.04828953743,0.04939961433
3680,1.0,0.0,0.0,0.0,1.0,1.0,0.3213127444,0.3481199545,0.05047237873,0.05186659098
3681,1.0,0.0,0.0,0.0,1.0,1.0,0.3325726816,0.3558899393,0.05340641737,0.05340647697
3682,1.0,0.0,0.0,0.0,1.0,1.0,0.3446351753,0.3669538326,0.05477541685,0.05450153351
3683,1.0,0.0,0.0,0.0,1.0,1.0,0.3406403741,0.3659667782,0.0545014739,0.0545014739
3684,1.0,0.0,0.0,0.0,1.0,1.0,0.3471013652,0.3729260811,0.05510002375,0.05537688732
3685,1.0,0.0,0.0,0.0,1.0,1.0,0.3435582616,0.3614217302,0.05486351252,0.05430930853
3686,1.0,0.0,0.0,0.0,1.0,1.0,0.3360647736,0.3522020356,0.05324488878,0.05296754837
3687,1.0,0.0,0.0,0.0,1.0,1.0,0.3331471699,0.3691968775,0.05306583643,0.05530023575
3688,1.0,0.0,0.0,0.0,1.0,1.0,0.2425119597,0.3318305955,0.03752195835,0.04775518179
3689,1.0,0.0,0.0,0.0,1.0,1.0,0.1533232002,0.3406257564,0.02274209261,0.04688805342
3690,1.0,0.0,0.0,0.0,1.0,1.0,0.1574072715,0.3331470673,0.02332574129,0.04608941078
3691,1.0,0.0,0.0,0.0,1.0,1.0,0.1422426652,0.3471955526,0.02144247293,0.04880982637
3692,1.0,0.0,0.0,0.0,1.0,1.0,0.2105050688,0.3234624896,0.03263485432,0.04739147425
3693,1.0,0.0,0.0,0.0,1.0,1.0,0.2703715839,0.336350819,0.04087096453,0.04932701588
3694,1.0,0.0,0.0,0.0,1.0,1.0,0.3009472648,0.3496146208,0.04572021961,0.05192911625
3695,1.0,0.0,0.0,0.0,1.0,1.0,0.3362263155,0.3582905887,0.05227249861,0.05457019806
3696,1.0,0.0,0.0,0.0,1.0,1.0,0.3337519649,0.3609096106,0.05237442255,0.05550551414
3697,1.0,0.0,0.0,0.0,1.0,1.0,0.3560396763,0.3720547142,0.05539429188,0.05736261606
3698,1.0,0.0,0.0,0.0,1.0,1.0,0.3560397079,0.3729532952,0.0556088686,0.05730253458
3699,1.0,0.0,0.0,0.0,1.0,1.0,0.3631066868,0.3789095066,0.05710065365,0.05851405859
3700,1.0,0.0,0.0,0.0,1.0,1.0,0.365915972,0.3761737057,0.05719661713,0.05805027485
3701,1.0,0.0,0.0,0.0,1.0,1.0,0.3696820236,0.3794873638,0.0564249754,0.05727559328
3702,1.0,0.0,0.0,0.0,1.0,1.0,0.3752482917,0.3892956602,0.05988180637,0.06075811386
3703,1.0,0.0,0.0,0.0,1.0,1.0,0.3733973836,0.3944158628,0.05826556683,0.05971497297
3704,1.0,0.0,0.0,0.0,1.0,1.0,0.3842587024,0.4059039219,0.05874246359,0.05987215042
3705,1.0,0.0,0.0,0.0,1.0,1.0,0.3894884065,0.4116473713,0.06071817875,0.0615773797
3706,1.0,0.0,0.0,0.0,1.0,1.0,0.3928337318,0.4173916871,0.06131315231,0.06216871738
3707,1.0,0.0,0.0,0.0,1.0,1.0,0.3939406861,0.4266850975,0.06222468615,0.06395316124
3708,1.0,0.0,0.0,0.0,1.0,1.0,0.3950863214,0.4305287414,0.06270170212,0.06413322687
3709,1.0,0.0,0.0,0.0,1.0,1.0,0.387464761,0.4209186675,0.06146997213,0.06290614605
3710,1.0,0.0,0.0,0.0,1.0,1.0,0.3882724768,0.4212206255,0.06151968241,0.06265890598
3711,1.0,0.0,0.0,0.0,1.0,1.0,0.2769987181,0.378820642,0.04310721159,0.05475783348
3712,1.0,0.0,0.0,0.0,1.0,1.0,0.1690507536,0.4212522932,0.02593451738,0.05813884735
3713,1.0,0.0,0.0,0.0,1.0,1.0,0.1687859735,0.416434273,0.02519845963,0.05662584305
3714,1.0,0.0,0.0,0.0,1.0,1.0,0.1568892574,0.4078916031,0.02368044853,0.05583900213
3715,1.0,0.0,0.0,0.0,1.0,1.0,0.1630158799,0.3837518078,0.02454906702,0.05318957567
3716,1.0,0.0,0.0,0.0,1.0,1.0,0.1555548773,0.3737410008,0.02308660746,0.05136781931
3717,1.0,0.0,0.0,0.0,1.0,1.0,0.1385944263,0.3795346026,0.02034348249,0.05157500505
3718,1.0,0.0,0.0,0.0,1.0,1.0,0.1217393393,0.3668837725,0.01782798767,0.05003345013
3719,1.0,0.0,0.0,0.0,1.0,1.0,0.1099772628,0.3639940968,0.01657444239,0.05146795511
3720,1.0,0.0,0.0,0.0,1.0,1.0,0.1317533526,0.3344742504,0.02004158497,0.04809969664
3721,1.0,0.0,0.0,0.0,1.0,1.0,0.2192560576,0.3017182298,0.03426384926,0.04568511248
3722,1.0,0.0,0.0,0.0,1.0,1.0,0.2709439352,0.3216387425,0.04201883078,0.04925388098
3723,1.0,0.0,0.0,0.0,1.0,1.0,0.3136545325,0.3533740488,0.04988890886,0.05580794811
3724,1.0,0.0,0.0,0.0,1.0,1.0,0.3366728454,0.3607142291,0.05311191082,0.05700492859
3725,1.0,0.0,0.0,0.0,1.0,1.0,0.3438365954,0.3602231856,0.05401551723,0.05709415674
3726,1.0,0.0,0.0,0.0,1.0,1.0,0.3598702269,0.3769827734,0.05557644367,0.0591531992
3727,1.0,0.0,0.0,0.0,1.0,1.0,0.3583585405,0.3845372315,0.0556511879,0.06068497896
3728,1.0,0.0,0.0,0.0,1.0,1.0,0.3451961028,0.3783602728,0.0531681776,0.05901390314
3729,1.0,0.0,0.0,0.0,1.0,1.0,0.3682152333,0.3876839425,0.0569229126,0.06112909317
3730,1.0,0.0,0.0,0.0,1.0,1.0,0.361112166,0.3890683159,0.0561118722,0.06177973747
3731,1.0,0.0,0.0,0.0,1.0,1.0,0.3684072689,0.3972601451,0.05751925707,0.06292951107
3732,1.0,0.0,0.0,0.0,1.0,1.0,0.3549932792,0.3900700048,0.05476540327,0.06094402075
3733,1.0,0.0,0.0,0.0,1.0,1.0,0.3725196383,0.4037601963,0.05736029148,0.06239676476
3734,1.0,0.0,0.0,0.0,1.0,1.0,0.3517894241,0.3900696394,0.05452775955,0.06067949533
3735,1.0,0.0,0.0,0.0,1.0,1.0,0.1444280464,0.3625425195,0.02169030905,0.05350273848
3736,1.0,0.0,0.0,0.0,1.0,1.0,0.1295939091,0.3732610177,0.01878130436,0.05207532644
3737,1.0,0.0,0.0,0.0,1.0,1.0,0.1186104677,0.3844009987,0.0173907876,0.05416822433
3738,1.0,0.0,0.0,0.0,1.0,1.0,0.1637178306,0.352516349,0.02465891838,0.05218523741
3739,1.0,0.0,0.0,0.0,1.0,1.0,0.2166090996,0.3299685819,0.03234058619,0.04907828569
3740,1.0,0.0,0.0,0.0,1.0,1.0,0.2842278505,0.3522020952,0.04306864738,0.05376547575
3741,1.0,0.0,0.0,0.0,1.0,1.0,0.3252728804,0.3716335122,0.0502358079,0.05781328678
3742,1.0,0.0,0.0,0.0,1.0,1.0,0.3440700385,0.3783604384,0.05318766832,0.05966031551
3743,1.0,0.0,0.0,0.0,1.0,1.0,0.3561645896,0.3872837756,0.0550468564,0.060944736
3744,1.0,0.0,0.0,0.0,1.0,1.0,0.3496215122,0.3815070593,0.05354601145,0.05971360207
3745,1.0,0.0,0.0,0.0,1.0,1.0,0.3608094749,0.3880811761,0.0558655858,0.06117278337
3746,1.0,0.0,0.0,0.0,1.0,1.0,0.3590052331,0.3867101247,0.05578434467,0.06139087677
3747,1.0,0.0,0.0,0.0,1.0,1.0,0.3596546428,0.3876840139,0.05585134029,0.06118386984
3748,1.0,0.0,0.0,0.0,1.0,1.0,0.3555184858,0.3827647056,0.0553855896,0.0610371232
3749,1.0,0.0,0.0,0.0,1.0,1.0,0.3613091398,0.3875031792,0.05641126633,0.06202435493
3750,1.0,0.0,0.0,0.0,1.0,1.0,0.3713773106,0.3910096825,0.05693334341,0.06223595142
3751,1.0,0.0,0.0,0.0,1.0,1.0,0.3595776419,0.3796464381,0.05503684282,0.0606816411
3752,1.0,0.0,0.0,0.0,1.0,1.0,0.370370645,0.3859053169,0.05655747652,0.06167316437
3753,1.0,0.0,0.0,0.0,1.0,1.0,0.3759367102,0.389256343,0.0566701889,0.06136971712
3754,1.0,0.0,0.0,0.0,1.0,1.0,0.3614218915,0.3809060801,0.0550455451,0.06122410297
3755,1.0,0.0,0.0,0.0,1.0,1.0,0.3560164373,0.3739170881,0.054081738,0.06027859449
3756,1.0,0.0,0.0,0.0,1.0,1.0,0.3552345679,0.3708731237,0.05452144146,0.06017130613
3757,1.0,0.0,0.0,0.0,1.0,1.0,0.3560164221,0.3635902664,0.05456340313,0.0599629283
3758,1.0,0.0,0.0,0.0,1.0,1.0,0.3509069854,0.3554714769,0.05483365059,0.05942702293
3759,1.0,0.0,0.0,0.0,1.0,1.0,0.3374738481,0.3400163723,0.05129337311,0.0558027029
3760,1.0,0.0,0.0,0.0,1.0,1.0,0.3313172016,0.3297480166,0.05107611418,0.05474454165
3761,1.0,0.0,0.0,0.0,1.0,1.0,0.3410942271,0.3359612012,0.05210739374,0.05574929714
3762,1.0,0.0,0.0,0.0,1.0,1.0,0.3337487107,0.3303521721,0.05254477262,0.05595302582
3763,1.0,0.0,0.0,0.0,1.0,1.0,0.3331473673,0.3298160109,0.05322897434,0.05696940422
3764,1.0,0.0,0.0,0.0,1.0,1.0,0.3204042383,0.3152599985,0.04996269941,0.05336916447
3765,1.0,0.0,0.0,0.0,1.0,1.0,0.3257850334,0.3202909282,0.05027085543,0.05424708128
3766,1.0,0.0,0.0,0.0,1.0,1.0,0.328257203,0.3219679969,0.05042767525,0.05409002304
3767,1.0,0.0,0.0,0.0,1.0,1.0,0.3222836021,0.315438464,0.04973495007,0.05308789015
3768,1.0,0.0,0.0,0.0,1.0,1.0,0.3205419095,0.3160488814,0.04928988218,0.0528897047
3769,1.0,0.0,0.0,0.0,1.0,1.0,0.3229244624,0.317703614,0.04958617687,0.0531874299
3770,1.0,0.0,0.0,0.0,1.0,1.0,0.3127750823,0.3117070995,0.04800367355,0.05214190483
3771,1.0,0.0,0.0,0.0,1.0,1.0,0.2950383619,0.2981386702,0.04530745745,0.04983818531
3772,1.0,0.0,0.0,0.0,1.0,1.0,0.3126646046,0.3121179044,0.04891741276,0.05315876007
3773,1.0,0.0,0.0,0.0,1.0,1.0,0.3139038504,0.3067593019,0.04903185368,0.05241340399
3774,1.0,0.0,0.0,0.0,1.0,1.0,0.314369951,0.3100577075,0.04906147718,0.05331534147
3775,1.0,0.0,0.0,0.0,1.0,1.0,0.3036277177,0.2988527386,0.04716747999,0.05137890577
3776,1.0,0.0,0.0,0.0,1.0,1.0,0.3133385801,0.3037517587,0.0496327281,0.05305564404
3777,1.0,0.0,0.0,0.0,1.0,1.0,0.304417246,0.2923203983,0.04789423943,0.05164498091
3778,1.0,0.0,0.0,0.0,1.0,1.0,0.3029728702,0.2978792619,0.04729789495,0.05277758837
3779,1.0,0.0,0.0,0.0,1.0,1.0,0.3075205979,0.2998326143,0.04823362827,0.05382168293
3780,1.0,0.0,0.0,0.0,1.0,1.0,0.316804296,0.299175047,0.04864609241,0.05269992352
3781,1.0,0.0,0.0,0.0,1.0,1.0,0.3205038799,0.298513083,0.04870587587,0.05216431618
3782,1.0,0.0,0.0,0.0,1.0,1.0,0.3241950772,0.2995017366,0.04810130596,0.05151683092
3783,1.0,0.0,0.0,0.0,1.0,1.0,0.3280321976,0.2988365356,0.04968094826,0.05229568481
3784,1.0,0.0,0.0,0.0,1.0,1.0,0.3369546867,0.3021186079,0.05050104856,0.05278354883
3785,1.0,0.0,0.0,0.0,1.0,1.0,0.3114894738,0.2783459152,0.04621511698,0.04848331213
3786,1.0,0.0,0.0,0.0,1.0,1.0,0.3174027245,0.2770887908,0.04782909155,0.04925262928
3787,1.0,0.0,0.0,0.0,1.0,1.0,0.3136242634,0.2679891454,0.04894816875,0.05012768507
3788,1.0,0.0,0.0,0.0,1.0,1.0,0.3337725159,0.2746911275,0.05201798677,0.0517256856
3789,1.0,0.0,0.0,0.0,1.0,1.0,0.3274688897,0.2734320962,0.0498996377,0.05018800497
3790,1.0,0.0,0.0,0.0,1.0,1.0,0.3274686287,0.2678756119,0.04769802094,0.04714661837
3791,1.0,0.0,0.0,0.0,1.0,1.0,0.3280898524,0.2711416976,0.04991406202,0.04962551594
3792,1.0,0.0,0.0,0.0,1.0,1.0,0.3369548425,0.2744497091,0.05161082745,0.05044442415
3793,1.0,0.0,0.0,0.0,1.0,1.0,0.3223389477,0.2690803093,0.04857957363,0.04829210043
3794,1.0,0.0,0.0,0.0,1.0,1.0,0.326740553,0.2706822237,0.0490577817,0.04876923561
3795,1.0,0.0,0.0,0.0,1.0,1.0,0.3478827679,0.2917723735,0.05274271965,0.05274266005
3796,1.0,0.0,0.0,0.0,1.0,1.0,0.3534147853,0.2966086689,0.05409699678,0.05351531506
3797,1.0,0.0,0.0,0.0,1.0,1.0,0.3531865189,0.3033451686,0.05473083258,0.05531305075
3798,1.0,0.0,0.0,0.0,1.0,1.0,0.3518633938,0.3107241718,0.05455476046,0.05629593134
3799,1.0,0.0,0.0,0.0,1.0,1.0,0.3654674216,0.3288897175,0.05722206831,0.06014156342
3800,1.0,0.0,0.0,0.0,1.0,1.0,0.364964881,0.3315459517,0.05746799707,0.06100451946
3801,1.0,0.0,0.0,0.0,1.0,1.0,0.3676109166,0.3320621672,0.05585771799,0.05934882164
3802,1.0,0.0,0.0,0.0,1.0,1.0,0.3693797232,0.3331472278,0.05650401115,0.06003552675
3803,1.0,0.0,0.0,0.0,1.0,1.0,0.3653874214,0.3194936291,0.05380690098,0.05610877275
3804,1.0,0.0,0.0,0.0,1.0,1.0,0.3764004295,0.3264844572,0.05573540926,0.05749547482
3805,1.0,0.0,0.0,0.0,1.0,1.0,0.393839389,0.3458332653,0.0589273572,0.06188851595
3806,1.0,0.0,0.0,0.0,1.0,1.0,0.4029217049,0.3517773539,0.05871117115,0.06128871441
3807,1.0,0.0,0.0,0.0,1.0,1.0,0.4108379229,0.359070721,0.06134003401,0.06399410963
3808,1.0,0.0,0.0,0.0,1.0,1.0,0.4144028865,0.3722409897,0.06177979708,0.06632238626
3809,1.0,0.0,0.0,0.0,1.0,1.0,0.4144026825,0.3672447168,0.06443285942,0.06917059422
3810,1.0,0.0,0.0,0.0,1.0,1.0,0.4192189516,0.3647963015,0.06131178141,0.06486606598
3811,1.0,0.0,0.0,0.0,1.0,1.0,0.4439688617,0.3897823166,0.06488531828,0.0699685216
3812,1.0,0.0,0.0,0.0,1.0,1.0,0.4397142937,0.3915842932,0.06437349319,0.07057452202
3813,1.0,0.0,0.0,0.0,1.0,1.0,0.4471186559,0.3890336924,0.06535053253,0.07067322731
3814,1.0,0.0,0.0,0.0,1.0,1.0,0.4469046939,0.3935710765,0.06472736597,0.07090592384
3815,1.0,0.0,0.0,0.0,1.0,1.0,0.4471188448,0.3910156681,0.06429076195,0.07010895014
3816,1.0,0.0,0.0,0.0,1.0,1.0,0.4426243765,0.3922892503,0.06408542395,0.07052326202
3817,1.0,0.0,0.0,0.0,1.0,1.0,0.4435148641,0.3906614636,0.06316113472,0.06985569
3818,1.0,0.0,0.0,0.0,1.0,1.0,0.4448737049,0.3997765905,0.06567114592,0.0731678009
3819,1.0,0.0,0.0,0.0,1.0,1.0,0.4448797274,0.3952038728,0.06290876865,0.07015627623
3820,1.0,0.0,0.0,0.0,1.0,1.0,0.4497486641,0.4041002296,0.07166516781,0.08062332869
3821,1.0,0.0,0.0,0.0,1.0,1.0,0.4389784764,0.3895848916,0.06322830915,0.06969815493
3822,1.0,0.0,0.0,0.0,1.0,1.0,0.4361201506,0.3893929704,0.06235426664,0.06928253174
3823,1.0,0.0,0.0,0.0,1.0,1.0,0.4450875396,0.3958830807,0.06377178431,0.07009154558
3824,1.0,0.0,0.0,0.0,1.0,1.0,0.443748295,0.3981383856,0.06382137537,0.07049357891
3825,1.0,0.0,0.0,0.0,1.0,1.0,0.4404321572,0.3913671608,0.06364232302,0.06968975067
3826,1.0,0.0,0.0,0.0,1.0,1.0,0.4428665408,0.393916636,0.06427133083,0.07006150484
3827,1.0,0.0,0.0,0.0,1.0,1.0,0.4360112866,0.3870386948,0.06379318237,0.06903648376
3828,1.0,0.0,0.0,0.0,1.0,1.0,0.384643193,0.3144503424,0.05417561531,0.05476772785
3829,1.0,0.0,0.0,0.0,1.0,1.0,0.2884522469,0.1828689483,0.03865361214,0.03050011396
3830,1.0,0.0,0.0,0.0,1.0,1.0,0.2925199241,0.1898581312,0.04106402397,0.03297561407
3831,1.0,0.0,0.0,0.0,1.0,1.0,0.3338654052,0.2586581889,0.04607158899,0.04369366169
3832,1.0,0.0,0.0,0.0,1.0,1.0,0.3818090442,0.3184662849,0.05433887243,0.05462950468
3833,1.0,0.0,0.0,0.0,1.0,1.0,0.409878136,0.3623804597,0.06105053425,0.06336522102
3834,1.0,0.0,0.0,0.0,1.0,1.0,0.4017079803,0.3567087515,0.06090283394,0.06353807449
3835,1.0,0.0,0.0,0.0,1.0,1.0,0.3877311365,0.3506239661,0.06000453234,0.06233477592
3836,1.0,0.0,0.0,0.0,1.0,1.0,0.3784649078,0.3481926844,0.05941152573,0.06229561567
3837,1.0,0.0,0.0,0.0,1.0,1.0,0.3899373271,0.3509366133,0.06108778715,0.06194412708
3838,1.0,0.0,0.0,0.0,1.0,1.0,0.3652504829,0.3315140539,0.0588440299,0.05942952633
3839,1.0,0.0,0.0,0.0,1.0,1.0,0.3711695991,0.3309839369,0.05990624428,0.0596140027
3840,1.0,0.0,0.0,0.0,1.0,1.0,0.3577140252,0.3206676691,0.05611157417,0.05554759502
3841,1.0,0.0,0.0,0.0,1.0,1.0,0.3570751004,0.321369584,0.05696678162,0.05608588457
3842,1.0,0.0,0.0,0.0,1.0,1.0,0.3504537237,0.3155237017,0.05343550444,0.05230462551
3843,1.0,0.0,0.0,0.0,1.0,1.0,0.3102357633,0.2845631937,0.04864674807,0.04777282476
3844,1.0,0.0,0.0,0.0,1.0,1.0,0.1886499545,0.1684244918,0.02783560753,0.0269472003
3845,1.0,0.0,0.0,0.0,1.0,1.0,0.1770665159,0.1580002239,0.02605688572,0.02489882708
3846,1.0,0.0,0.0,0.0,1.0,1.0,0.1665734793,0.1493630868,0.02554392815,0.02434188128
3847,1.0,0.0,0.0,0.0,1.0,1.0,0.1766000606,0.1714371693,0.02623260021,0.02709746361
3848,1.0,0.0,0.0,0.0,1.0,1.0,0.2392485584,0.2218978439,0.03643298149,0.0361391902
3849,1.0,0.0,0.0,0.0,1.0,1.0,0.2423458379,0.2383007487,0.03712075949,0.0385594964
3850,1.0,0.0,0.0,0.0,1.0,1.0,0.2672500467,0.2655856677,0.04166054726,0.04337257147
3851,1.0,0.0,0.0,0.0,1.0,1.0,0.306135377,0.2981091747,0.04765766859,0.04849863052
3852,1.0,0.0,0.0,0.0,1.0,1.0,0.3048839811,0.2946629536,0.048368752,0.04894113541
3853,1.0,0.0,0.0,0.0,1.0,1.0,0.3091795608,0.3053847755,0.04904258251,0.05018311739
3854,1.0,0.0,0.0,0.0,1.0,1.0,0.3130992262,0.3067254911,0.0502139926,0.05049777031
3855,1.0,0.0,0.0,0.0,1.0,1.0,0.3067072317,0.3005193224,0.04848241806,0.04876101017
3856,1.0,0.0,0.0,0.0,1.0,1.0,0.2200261216,0.2370940382,0.03411233425,0.03758144379
3857,1.0,0.0,0.0,0.0,1.0,1.0,0.1455881206,0.1640305234,0.02147275209,0.02495479584
3858,1.0,0.0,0.0,0.0,1.0,1.0,0.1335207622,0.1761466843,0.01945573092,0.02632242441
3859,1.0,0.0,0.0,0.0,1.0,1.0,0.1438736615,0.1791452286,0.02174848318,0.02754807472
3860,1.0,0.0,0.0,0.0,1.0,1.0,0.1887832967,0.2307803763,0.02912700176,0.03626602888
3861,1.0,0.0,0.0,0.0,1.0,1.0,0.2202777919,0.2552144623,0.03434610367,0.0405908227
3862,1.0,0.0,0.0,0.0,1.0,1.0,0.2737208848,0.2941622444,0.04214024544,0.0460216403
3863,1.0,0.0,0.0,0.0,1.0,1.0,0.3195373824,0.3232460342,0.05011856556,0.05151075125
3864,1.0,0.0,0.0,0.0,1.0,1.0,0.337267749,0.3343081063,0.05266231298,0.05293798447
3865,1.0,0.0,0.0,0.0,1.0,1.0,0.3254409282,0.3273434286,0.05008667707,0.05145519972
3866,1.0,0.0,0.0,0.0,1.0,1.0,0.3395992048,0.3371819061,0.05297750235,0.05352646112
3867,1.0,0.0,0.0,0.0,1.0,1.0,0.3337361247,0.3308259071,0.05210214853,0.05237782001
3868,1.0,0.0,0.0,0.0,1.0,1.0,0.3395651157,0.3320062583,0.05329984426,0.05329984426
3869,1.0,0.0,0.0,0.0,1.0,1.0,0.3429629807,0.3348468459,0.0540754199,0.05380225182
3870,1.0,0.0,0.0,0.0,1.0,1.0,0.3377903242,0.3314475648,0.05282837152,0.05310070515
3871,1.0,0.0,0.0,0.0,1.0,1.0,0.3436676663,0.3285837206,0.05407005548,0.0529665947
3872,1.0,0.0,0.0,0.0,1.0,1.0,0.3378148993,0.3257568893,0.05283379555,0.05228632689
3873,1.0,0.0,0.0,0.0,1.0,1.0,0.3367099578,0.3205106316,0.0515037179,0.0506862402
3874,1.0,0.0,0.0,0.0,1.0,1.0,0.3319761472,0.3200265245,0.05192548037,0.05137598515
3875,1.0,0.0,0.0,0.0,1.0,1.0,0.340839589,0.3211268474,0.05290019512,0.05152267218
3876,1.0,0.0,0.0,0.0,1.0,1.0,0.3313561695,0.315341186,0.05088353157,0.0503334403
3877,1.0,0.0,0.0,0.0,1.0,1.0,0.3277740778,0.3129741166,0.05025088787,0.04970169067
3878,1.0,0.0,0.0,0.0,1.0,1.0,0.3302041255,0.3148928535,0.05166548491,0.05083668232
3879,1.0,0.0,0.0,0.0,1.0,1.0,0.3325543684,0.3148927079,0.05267810822,0.05183303356
3880,1.0,0.0,0.0,0.0,1.0,1.0,0.3259828826,0.3029130978,0.05076891184,0.04937416315
3881,1.0,0.0,0.0,0.0,1.0,1.0,0.3151390514,0.2929399251,0.04870116711,0.04730975628
3882,1.0,0.0,0.0,0.0,1.0,1.0,0.3198934601,0.2981092737,0.04923027754,0.04811775684
3883,1.0,0.0,0.0,0.0,1.0,1.0,0.3266031882,0.3046244931,0.050794065,0.04940629005
3884,1.0,0.0,0.0,0.0,1.0,1.0,0.3180862021,0.2963865524,0.04962581396,0.04849803448
3885,1.0,0.0,0.0,0.0,1.0,1.0,0.3271232321,0.3084483944,0.05039900541,0.04984205961
3886,1.0,0.0,0.0,0.0,1.0,1.0,0.3228125967,0.3032790553,0.04915380478,0.04887610674
3887,1.0,0.0,0.0,0.0,1.0,1.0,0.3209885404,0.2994841452,0.04851710796,0.04741442204
3888,1.0,0.0,0.0,0.0,1.0,1.0,0.3289074162,0.3088553779,0.05008977652,0.04925954342
3889,1.0,0.0,0.0,0.0,1.0,1.0,0.3252295096,0.3047077203,0.04973423481,0.04889601469
3890,1.0,0.0,0.0,0.0,1.0,1.0,0.3301568539,0.3129741207,0.05064254999,0.04981684685
3891,1.0,0.0,0.0,0.0,1.0,1.0,0.3241433828,0.3081904494,0.05002951622,0.04919570684
3892,1.0,0.0,0.0,0.0,1.0,1.0,0.3283621712,0.3151551482,0.05050235987,0.04995048046
3893,1.0,0.0,0.0,0.0,1.0,1.0,0.3271230658,0.3138595606,0.05042588711,0.04986864328
3894,1.0,0.0,0.0,0.0,1.0,1.0,0.3188182175,0.3103529596,0.04906582832,0.04879021645
3895,1.0,0.0,0.0,0.0,1.0,1.0,0.3403116334,0.3232463138,0.0533170104,0.05191397667
3896,1.0,0.0,0.0,0.0,1.0,1.0,0.3241919284,0.3167248178,0.05004942417,0.04977291822
3897,1.0,0.0,0.0,0.0,1.0,1.0,0.3065441325,0.298048011,0.04661178589,0.0460601449
3898,1.0,0.0,0.0,0.0,1.0,1.0,0.3009269878,0.2976677992,0.04527950287,0.04527950287
3899,1.0,0.0,0.0,0.0,1.0,1.0,0.3253579644,0.3158946961,0.05019617081,0.04908680916
3900,1.0,0.0,0.0,0.0,1.0,1.0,0.3259829201,0.3183275606,0.04948800802,0.04867225885
3901,1.0,0.0,0.0,0.0,1.0,1.0,0.3236117199,0.3129924242,0.04977142811,0.04839652777
3902,1.0,0.0,0.0,0.0,1.0,1.0,0.3218845642,0.3136548367,0.0499150157,0.04881191254
3903,1.0,0.0,0.0,0.0,1.0,1.0,0.3188182518,0.312325858,0.04880803823,0.04798549414
3904,1.0,0.0,0.0,0.0,1.0,1.0,0.3231410842,0.3167244834,0.0500652194,0.04924446344
3905,1.0,0.0,0.0,0.0,1.0,1.0,0.3179242106,0.3149651428,0.04918527603,0.04864186049
3906,1.0,0.0,0.0,0.0,1.0,1.0,0.3210012981,0.3173667117,0.04993015528,0.04885059595
3907,1.0,0.0,0.0,0.0,1.0,1.0,0.3285837486,0.3243800441,0.05199444294,0.05009877682
3908,1.0,0.0,0.0,0.0,1.0,1.0,0.3274329061,0.328488068,0.05153256655,0.05072319508
3909,1.0,0.0,0.0,0.0,1.0,1.0,0.333147357,0.3319946283,0.05279892683,0.05172139406
3910,1.0,0.0,0.0,0.0,1.0,1.0,0.3365467856,0.3337239841,0.05354392529,0.05219185352
3911,1.0,0.0,0.0,0.0,1.0,1.0,0.3421817566,0.3383525834,0.05426317453,0.0523827672
3912,1.0,0.0,0.0,0.0,1.0,1.0,0.3325846044,0.3319946114,0.0529614687,0.05161726475
3913,1.0,0.0,0.0,0.0,1.0,1.0,0.3455695782,0.3470284354,0.05524104834,0.05415791273
3914,1.0,0.0,0.0,0.0,1.0,1.0,0.3359468997,0.3389106651,0.05413913727,0.05305629969
3915,1.0,0.0,0.0,0.0,1.0,1.0,0.3399813317,0.3354767363,0.05358034372,0.05169552565
3916,1.0,0.0,0.0,0.0,1.0,1.0,0.3297304971,0.3331472255,0.05198705196,0.05117893219
3917,1.0,0.0,0.0,0.0,1.0,1.0,0.3331472073,0.3355017239,0.05234748125,0.05100524426
3918,1.0,0.0,0.0,0.0,1.0,1.0,0.3206400386,0.3272822644,0.05070847273,0.05016905069
3919,1.0,0.0,0.0,0.0,1.0,1.0,0.3188614615,0.3260591387,0.05038815737,0.04984635115
3920,1.0,0.0,0.0,0.0,1.0,1.0,0.3382206144,0.3395318276,0.05313414335,0.05180579424
3921,1.0,0.0,0.0,0.0,1.0,1.0,0.3432939453,0.3447552843,0.05471068621,0.0533631444
3922,1.0,0.0,0.0,0.0,1.0,1.0,0.3388228439,0.3419144908,0.05337607861,0.052303195
3923,1.0,0.0,0.0,0.0,1.0,1.0,0.3342786453,0.3413586254,0.05330783129,0.05249601603
3924,1.0,0.0,0.0,0.0,1.0,1.0,0.3269674629,0.3319942128,0.05181092024,0.05127674341
3925,1.0,0.0,0.0,0.0,1.0,1.0,0.3450453238,0.3459604999,0.05457192659,0.05322778225
3926,1.0,0.0,0.0,0.0,1.0,1.0,0.3433455518,0.3418232896,0.05401921272,0.05268216133
3927,1.0,0.0,0.0,0.0,1.0,1.0,0.3508317328,0.3447551823,0.05530363321,0.05341517925
3928,1.0,0.0,0.0,0.0,1.0,1.0,0.3303097851,0.3377905379,0.052097857,0.052097857
3929,1.0,0.0,0.0,0.0,1.0,1.0,0.3303095312,0.3262067496,0.05178308487,0.05018156767
3930,1.0,0.0,0.0,0.0,1.0,1.0,0.3297303334,0.3314123621,0.05209285021,0.05155307055
3931,1.0,0.0,0.0,0.0,1.0,1.0,0.2912167976,0.2970370042,0.04561144114,0.04588133097
3932,1.0,0.0,0.0,0.0,1.0,1.0,0.3039539198,0.3071200661,0.04740613699,0.04740613699
3933,1.0,0.0,0.0,0.0,1.0,1.0,0.2988022562,0.2967092827,0.04763782024,0.04681646824
3934,1.0,0.0,0.0,0.0,1.0,1.0,0.2960674665,0.2981092147,0.04732215405,0.04732215405
3935,1.0,0.0,0.0,0.0,1.0,1.0,0.305529009,0.306449234,0.04857265949,0.04829823971
3936,1.0,0.0,0.0,0.0,1.0,1.0,0.3120042978,0.312325467,0.05002093315,0.04947119951
3937,1.0,0.0,0.0,0.0,1.0,1.0,0.3171471013,0.3164324016,0.05085146427,0.05030173063
3938,1.0,0.0,0.0,0.0,1.0,1.0,0.3084484313,0.3071203939,0.04878848791,0.04824340343
3939,1.0,0.0,0.0,0.0,1.0,1.0,0.3112448919,0.3101716012,0.04950588942,0.04950588942
3940,1.0,0.0,0.0,0.0,1.0,1.0,0.3215596505,0.3192662328,0.05096566677,0.0506901741
3941,1.0,0.0,0.0,0.0,1.0,1.0,0.3197513631,0.3147031319,0.05007869005,0.04980504513
3942,1.0,0.0,0.0,0.0,1.0,1.0,0.3244719364,0.3262780916,0.05129230022,0.05211508274
3943,1.0,0.0,0.0,0.0,1.0,1.0,0.3261703946,0.3239572071,0.05126684904,0.05154103041
3944,1.0,0.0,0.0,0.0,1.0,1.0,0.3197514326,0.3214987521,0.05042392015,0.05069947243
3945,1.0,0.0,0.0,0.0,1.0,1.0,0.3220619186,0.3238610293,0.05098098516,0.05153512955
3946,1.0,0.0,0.0,0.0,1.0,1.0,0.3238609235,0.3187872528,0.05108314753,0.05080848932
3947,1.0,0.0,0.0,0.0,1.0,1.0,0.3237627991,0.3203784506,0.0510559082,0.0510559082
3948,1.0,0.0,0.0,0.0,1.0,1.0,0.3184840943,0.310590511,0.05020624399,0.04965150356
3949,1.0,0.0,0.0,0.0,1.0,1.0,0.3243338397,0.3198909264,0.05144965649,0.05172932148
3950,1.0,0.0,0.0,0.0,1.0,1.0,0.323246049,0.3187875028,0.05127096176,0.05127096176
3951,1.0,0.0,0.0,0.0,1.0,1.0,0.3272192075,0.3197516694,0.05120462179,0.05092638731
3952,1.0,0.0,0.0,0.0,1.0,1.0,0.3267406805,0.3216198974,0.0521120429,0.05183339119
3953,1.0,0.0,0.0,0.0,1.0,1.0,0.3250358168,0.316604104,0.05121737719,0.0506696105
3954,1.0,0.0,0.0,0.0,1.0,1.0,0.3226819829,0.3140608845,0.05083429813,0.04973518848
3955,1.0,0.0,0.0,0.0,1.0,1.0,0.3256802888,0.3211266887,0.05154049397,0.05099511147
3956,1.0,0.0,0.0,0.0,1.0,1.0,0.3203786574,0.3175310345,0.05022722483,0.04995423555
3957,1.0,0.0,0.0,0.0,1.0,1.0,0.32100107,0.3284875012,0.05093765259,0.05176365376
3958,1.0,0.0,0.0,0.0,1.0,1.0,0.3144502364,0.3175311284,0.05060905218,0.05006194115
3959,1.0,0.0,0.0,0.0,1.0,1.0,0.314703311,0.3226267398,0.04966467619,0.05021041632
3960,1.0,0.0,0.0,0.0,1.0,1.0,0.3153410427,0.3213755197,0.04964780807,0.04937654734
3961,1.0,0.0,0.0,0.0,1.0,1.0,0.3087283098,0.3158952277,0.04849344492,0.04849344492
3962,1.0,0.0,0.0,0.0,1.0,1.0,0.3187873239,0.3296030894,0.05020415783,0.05047553778
3963,1.0,0.0,0.0,0.0,1.0,1.0,0.3027569195,0.3136547802,0.04836845398,0.048643291
3964,1.0,0.0,0.0,0.0,1.0,1.0,0.3027567072,0.3123252669,0.04731953144,0.04705065489
3965,1.0,0.0,0.0,0.0,1.0,1.0,0.2981093083,0.3120999723,0.0465759635,0.0465759635
3966,1.0,0.0,0.0,0.0,1.0,1.0,0.2972699064,0.312775006,0.04785174131,0.04785174131
3967,1.0,0.0,0.0,0.0,1.0,1.0,0.2931469625,0.3091799767,0.04630923271,0.04658001661
3968,1.0,0.0,0.0,0.0,1.0,1.0,0.2626396907,0.2800635355,0.04074430466,0.0418381691
3969,1.0,0.0,0.0,0.0,1.0,1.0,0.1678033249,0.1968013513,0.02512985468,0.02816748619
3970,1.0,0.0,0.0,0.0,1.0,1.0,0.1342533143,0.1646140641,0.02036958933,0.02376455069
3971,1.0,0.0,0.0,0.0,1.0,1.0,0.1290791569,0.1620188919,0.01981818676,0.02349871397
3972,1.0,0.0,0.0,0.0,1.0,1.0,0.1289000805,0.1685336729,0.01912742853,0.02384001017
3973,1.0,0.0,0.0,0.0,1.0,1.0,0.1139549726,0.169197226,0.01715552807,0.02418655157
3974,1.0,0.0,0.0,0.0,1.0,1.0,0.103715753,0.1752009754,0.01522445679,0.02435910702
3975,1.0,0.0,0.0,0.0,1.0,1.0,0.09690431274,0.1786149598,0.01449501514,0.02529513836
3976,1.0,0.0,0.0,0.0,1.0,1.0,0.1032636548,0.1804545567,0.01582056284,0.02570831776
3977,1.0,0.0,0.0,0.0,1.0,1.0,0.09599160225,0.1866428194,0.01432949305,0.02613025904
3978,1.0,0.0,0.0,0.0,1.0,1.0,0.09824389327,0.1861308618,0.01481807232,0.02621656656
3979,1.0,0.0,0.0,0.0,1.0,1.0,0.1052042897,0.1753051411,0.01593881845,0.02476209402
3980,1.0,0.0,0.0,0.0,1.0,1.0,0.09768963301,0.1813504562,0.01461386681,0.02529329062
3981,1.0,0.0,0.0,0.0,1.0,1.0,0.103325803,0.1841074431,0.01567542553,0.02593564987
3982,1.0,0.0,0.0,0.0,1.0,1.0,0.1054026445,0.1787619975,0.01621443033,0.02547979355
3983,1.0,0.0,0.0,0.0,1.0,1.0,0.0976899082,0.178761825,0.01485258341,0.02513509989
3984,1.0,0.0,0.0,0.0,1.0,1.0,0.09824370826,0.1746988621,0.01473796368,0.0243743062
3985,1.0,0.0,0.0,0.0,1.0,1.0,0.0982439105,0.1820841321,0.01435279846,0.02484130859
3986,1.0,0.0,0.0,0.0,1.0,1.0,0.1033256317,0.1806222101,0.01549810171,0.02536058426
3987,1.0,0.0,0.0,0.0,1.0,1.0,0.1068819925,0.1739027946,0.01662307978,0.02537208796
3988,1.0,0.0,0.0,0.0,1.0,1.0,0.1160399078,0.1705398605,0.01735877991,0.02407836914
3989,1.0,0.0,0.0,0.0,1.0,1.0,0.111892126,0.1579117606,0.01627773046,0.02179557085
3990,1.0,0.0,0.0,0.0,1.0,1.0,0.1246940559,0.1560393239,0.01870268583,0.0223865509
3991,1.0,0.0,0.0,0.0,1.0,1.0,0.1349057048,0.1567755889,0.01964092255,0.02213066816
3992,1.0,0.0,0.0,0.0,1.0,1.0,0.1425096923,0.1594439599,0.02162104845,0.02332794666
3993,1.0,0.0,0.0,0.0,1.0,1.0,0.1690231988,0.1786077834,0.0259680748,0.02653264999
3994,1.0,0.0,0.0,0.0,1.0,1.0,0.2220979425,0.2214879946,0.03423380852,0.03340560198
3995,1.0,0.0,0.0,0.0,1.0,1.0,0.2754093346,0.2919516023,0.0430418849,0.04412472248
3996,1.0,0.0,0.0,0.0,1.0,1.0,0.2938530099,0.3050927063,0.04669350386,0.04723644257
3997,1.0,0.0,0.0,0.0,1.0,1.0,0.318315401,0.3283879015,0.05052477121,0.04998147488
3998,1.0,0.0,0.0,0.0,1.0,1.0,0.3224006275,0.3361116153,0.05226534605,0.05199033022
3999,1.0,0.0,0.0,0.0,1.0,1.0,0.3246918325,0.3438940449,0.05195307732,0.05195307732
4000,1.0,0.0,0.0,0.0,1.0,1.0,0.3087014668,0.3271554925,0.04940313101,0.04967606068
4001,1.0,0.0,0.0,0.0,1.0,1.0,0.3006869051,0.3216383333,0.04833763838,0.04861223698
4002,1.0,0.0,0.0,0.0,1.0,1.0,0.2979271724,0.3153220154,0.04728001356,0.04700511694
4003,1.0,0.0,0.0,0.0,1.0,1.0,0.3047077696,0.3208541171,0.0483430624,0.04806685448
4004,1.0,0.0,0.0,0.0,1.0,1.0,0.3083197023,0.3258251686,0.04947322607,0.04947322607
4005,1.0,0.0,0.0,0.0,1.0,1.0,0.3128688158,0.3258253746,0.0496686697,0.04911679029
4006,1.0,0.0,0.0,0.0,1.0,1.0,0.3031238262,0.3191650191,0.04882395267,0.04882395267
4007,1.0,0.0,0.0,0.0,1.0,1.0,0.3157051305,0.3313169292,0.04987597466,0.04987597466
4008,1.0,0.0,0.0,0.0,1.0,1.0,0.2476174837,0.2677749109,0.03828758001,0.03939735889
4009,1.0,0.0,0.0,0.0,1.0,1.0,0.1659379612,0.1752007981,0.02452516556,0.02480703592
4010,1.0,0.0,0.0,0.0,1.0,1.0,0.1541993818,0.180454775,0.02315181494,0.02601009607
4011,1.0,0.0,0.0,0.0,1.0,1.0,0.1800116912,0.1928058909,0.02713322639,0.02769857645
4012,1.0,0.0,0.0,0.0,1.0,1.0,0.2351628717,0.2498602346,0.03651863337,0.03737449646
4013,1.0,0.0,0.0,0.0,1.0,1.0,0.2794137297,0.291971593,0.04421681166,0.04421681166
4014,1.0,0.0,0.0,0.0,1.0,1.0,0.2820293622,0.2924293643,0.04387539625,0.04332697392
4015,1.0,0.0,0.0,0.0,1.0,1.0,0.296002206,0.3130120708,0.04681831598,0.04709368944
4016,1.0,0.0,0.0,0.0,1.0,1.0,0.2947742833,0.3104884542,0.04624003172,0.04624003172
4017,1.0,0.0,0.0,0.0,1.0,1.0,0.3029666571,0.3191644906,0.04871976376,0.04899972677
4018,1.0,0.0,0.0,0.0,1.0,1.0,0.2930299911,0.3093510645,0.04617977142,0.04645466805
4019,1.0,0.0,0.0,0.0,1.0,1.0,0.2820296164,0.303533847,0.04453444481,0.04564774036
4020,1.0,0.0,0.0,0.0,1.0,1.0,0.3001794042,0.315517346,0.04833942652,0.04833948612
4021,1.0,0.0,0.0,0.0,1.0,1.0,0.2830275966,0.3028049864,0.04383200407,0.04465389252
4022,1.0,0.0,0.0,0.0,1.0,1.0,0.291285875,0.3086512558,0.04576021433,0.04603421688
4023,1.0,0.0,0.0,0.0,1.0,1.0,0.2757684925,0.2998327428,0.04275661707,0.04411834478
4024,1.0,0.0,0.0,0.0,1.0,1.0,0.2810383547,0.3097900373,0.04405236244,0.04625493288
4025,1.0,0.0,0.0,0.0,1.0,1.0,0.2787076079,0.3053848686,0.04324370623,0.04544717073
4026,1.0,0.0,0.0,0.0,1.0,1.0,0.274494833,0.2950380719,0.04314661026,0.04425287247
4027,1.0,0.0,0.0,0.0,1.0,1.0,0.2772303398,0.2979816091,0.0433229208,0.04442667961
4028,1.0,0.0,0.0,0.0,1.0,1.0,0.2685333958,0.2935162999,0.04175668955,0.04369240999
4029,1.0,0.0,0.0,0.0,1.0,1.0,0.2683184362,0.2836762234,0.04118359089,0.04173642397
4030,1.0,0.0,0.0,0.0,1.0,1.0,0.2593833328,0.2820393639,0.0397439003,0.04141145945
4031,1.0,0.0,0.0,0.0,1.0,1.0,0.2521279702,0.2753180402,0.03859806061,0.04054182768
4032,1.0,0.0,0.0,0.0,1.0,1.0,0.2766312928,0.2990894904,0.04283577204,0.04449391365
4033,1.0,0.0,0.0,0.0,1.0,1.0,0.2738683819,0.2902789984,0.04242670536,0.04352867603
4034,1.0,0.0,0.0,0.0,1.0,1.0,0.2783032738,0.29910272,0.0436501503,0.04502278566
4035,1.0,0.0,0.0,0.0,1.0,1.0,0.273215905,0.292876675,0.04269719124,0.04407453537
4036,1.0,0.0,0.0,0.0,1.0,1.0,0.2937490978,0.3163701621,0.04609054327,0.04799962044
4037,1.0,0.0,0.0,0.0,1.0,1.0,0.2880334479,0.3123257561,0.04556697607,0.04803752899
4038,1.0,0.0,0.0,0.0,1.0,1.0,0.2525860774,0.2591834572,0.03863918781,0.03863918781
4039,1.0,0.0,0.0,0.0,1.0,1.0,0.1588260802,0.0832868055,0.02355629206,0.01206541061
4040,1.0,0.0,0.0,0.0,1.0,1.0,0.1711105213,0.07595758662,0.02564048767,0.0110720396
4041,1.0,0.0,0.0,0.0,1.0,1.0,0.1822512893,0.0782696028,0.02733778954,0.01146423817
4042,1.0,0.0,0.0,0.0,1.0,1.0,0.1897178113,0.08725293439,0.02847826481,0.01291799545
4043,1.0,0.0,0.0,0.0,1.0,1.0,0.1912148826,0.08629706583,0.02860981226,0.01268267632
4044,1.0,0.0,0.0,0.0,1.0,1.0,0.1928056109,0.0779564156,0.02888965607,0.01149690151
4045,1.0,0.0,0.0,0.0,1.0,1.0,0.1924268966,0.07733793339,0.02847111225,0.01133036613
4046,1.0,0.0,0.0,0.0,1.0,1.0,0.1987080285,0.08098238875,0.02939456701,0.01193243265
4047,1.0,0.0,0.0,0.0,1.0,1.0,0.1913824647,0.103055447,0.02927678823,0.01567345858
4048,1.0,0.0,0.0,0.0,1.0,1.0,0.1884659401,0.1140044824,0.0294007659,0.01781862974
4049,1.0,0.0,0.0,0.0,1.0,1.0,0.2204376288,0.1759317511,0.03398048878,0.02706921101
4050,1.0,0.0,0.0,0.0,1.0,1.0,0.2649343186,0.227309675,0.0409719944,0.03560322523
4051,1.0,0.0,0.0,0.0,1.0,1.0,0.2984197371,0.2850520592,0.04790574312,0.0459215045
4052,1.0,0.0,0.0,0.0,1.0,1.0,0.3096862197,0.3061670004,0.04913550615,0.04857712984
4053,1.0,0.0,0.0,0.0,1.0,1.0,0.3161681531,0.3220031309,0.04972076416,0.05054938793
4054,1.0,0.0,0.0,0.0,1.0,1.0,0.3173663887,0.3180040099,0.05012106895,0.05039799213
4055,1.0,0.0,0.0,0.0,1.0,1.0,0.3231938375,0.3261338374,0.05086350441,0.05141639709
4056,1.0,0.0,0.0,0.0,1.0,1.0,0.3161680052,0.3180044275,0.0495724678,0.05012327433
4057,1.0,0.0,0.0,0.0,1.0,1.0,0.3186371509,0.3273433697,0.05087143183,0.05226141214
4058,1.0,0.0,0.0,0.0,1.0,1.0,0.3250358455,0.3395319334,0.05225735903,0.05449301004
4059,1.0,0.0,0.0,0.0,1.0,1.0,0.3163451159,0.3261338494,0.0507299304,0.05184489489
4060,1.0,0.0,0.0,0.0,1.0,1.0,0.315795967,0.3313940481,0.04973775148,0.05165076256
4061,1.0,0.0,0.0,0.0,1.0,1.0,0.3135163304,0.3249931727,0.04962933064,0.05100029707
4062,1.0,0.0,0.0,0.0,1.0,1.0,0.3030676389,0.3142573975,0.04783332348,0.04917693138
4063,1.0,0.0,0.0,0.0,1.0,1.0,0.3110507562,0.3138179509,0.04955899715,0.04982984066
4064,1.0,0.0,0.0,0.0,1.0,1.0,0.3043282799,0.3095158954,0.04791432619,0.04873108864
4065,1.0,0.0,0.0,0.0,1.0,1.0,0.3036500468,0.3118949623,0.04760992527,0.04924225807
4066,1.0,0.0,0.0,0.0,1.0,1.0,0.3034955103,0.2991410804,0.04715907574,0.04688805342
4067,1.0,0.0,0.0,0.0,1.0,1.0,0.3091057368,0.3189343611,0.04805827141,0.04992717505
4068,1.0,0.0,0.0,0.0,1.0,1.0,0.3107071505,0.3178495001,0.04796868563,0.04983413219
4069,1.0,0.0,0.0,0.0,1.0,1.0,0.3124334684,0.3178496168,0.04892206192,0.0505437851
4070,1.0,0.0,0.0,0.0,1.0,1.0,0.3127624154,0.316432485,0.04867488146,0.04976260662
4071,1.0,0.0,0.0,0.0,1.0,1.0,0.3296585567,0.3257568588,0.05136322975,0.05190682411
4072,1.0,0.0,0.0,0.0,1.0,1.0,0.3273433146,0.3325727814,0.05107337236,0.05243170261
4073,1.0,0.0,0.0,0.0,1.0,1.0,0.3429120652,0.348957642,0.05419510603,0.05610144138
4074,1.0,0.0,0.0,0.0,1.0,1.0,0.3377666007,0.3394007759,0.05275577307,0.05383789539
4075,1.0,0.0,0.0,0.0,1.0,1.0,0.3372028964,0.3492858109,0.05319267511,0.05538618565
4076,1.0,0.0,0.0,0.0,1.0,1.0,0.337161384,0.3451679974,0.05351221561,0.05487728119
4077,1.0,0.0,0.0,0.0,1.0,1.0,0.322790717,0.3297126267,0.05085730553,0.05221706629
4078,1.0,0.0,0.0,0.0,1.0,1.0,0.3101718787,0.3136180495,0.04915225506,0.04969835281
4079,1.0,0.0,0.0,0.0,1.0,1.0,0.3177713617,0.3245610748,0.05029630661,0.05110752583
4080,1.0,0.0,0.0,0.0,1.0,1.0,0.3228968738,0.3319945712,0.05143976212,0.05225622654
4081,1.0,0.0,0.0,0.0,1.0,1.0,0.3161501137,0.3250780165,0.05077755451,0.05132353306
4082,1.0,0.0,0.0,0.0,1.0,1.0,0.3280481221,0.3389111524,0.05240613222,0.0532207489
4083,1.0,0.0,0.0,0.0,1.0,1.0,0.3263481095,0.3377904612,0.05222177505,0.05276578665
4084,1.0,0.0,0.0,0.0,1.0,1.0,0.3187130498,0.3220032059,0.05031049252,0.05003702641
4085,1.0,0.0,0.0,0.0,1.0,1.0,0.3176120508,0.3138601481,0.05002719164,0.04866778851
4086,1.0,0.0,0.0,0.0,1.0,1.0,0.322949098,0.3244717692,0.05132418871,0.05051380396
4087,1.0,0.0,0.0,0.0,1.0,1.0,0.312645737,0.3099315407,0.04995852709,0.04859358072
4088,1.0,0.0,0.0,0.0,1.0,1.0,0.3005194711,0.2973690564,0.04743504524,0.0458086729
4089,1.0,0.0,0.0,0.0,1.0,1.0,0.2875106583,0.2888461192,0.04552716017,0.04417222738
4090,1.0,0.0,0.0,0.0,1.0,1.0,0.2865296432,0.2934306947,0.04541397095,0.04460299015
4091,1.0,0.0,0.0,0.0,1.0,1.0,0.282600746,0.299471692,0.04433512688,0.04487580061
4092,1.0,0.0,0.0,0.0,1.0,1.0,0.2862984495,0.3072358369,0.04543751478,0.04571288824
4093,1.0,0.0,0.0,0.0,1.0,1.0,0.2748029029,0.3054901455,0.04324048758,0.04461759329
4094,1.0,0.0,0.0,0.0,1.0,1.0,0.2862984454,0.3205758576,0.045337677,0.04671156406
4095,1.0,0.0,0.0,0.0,1.0,1.0,0.2892665014,0.3262331779,0.04612708092,0.04778438807
4096,1.0,0.0,0.0,0.0,1.0,1.0,0.2850584223,0.3166173001,0.04484885931,0.04539579153
4097,1.0,0.0,0.0,0.0,1.0,1.0,0.2892665323,0.3242465747,0.04600638151,0.04683285952
4098,1.0,0.0,0.0,0.0,1.0,1.0,0.2986241547,0.3268135379,0.04764038324,0.04736500978
4099,1.0,0.0,0.0,0.0,1.0,1.0,0.269215928,0.295201519,0.04163694382,0.04163688421
4100,1.0,0.0,0.0,0.0,1.0,1.0,0.2476338453,0.2789140302,0.03882974386,0.0402264595
4101,1.0,0.0,0.0,0.0,1.0,1.0,0.2590498255,0.2902226997,0.0408936739,0.04172259569
4102,1.0,0.0,0.0,0.0,1.0,1.0,0.2708279092,0.3094426534,0.04288977385,0.04455000162
4103,1.0,0.0,0.0,0.0,1.0,1.0,0.284051713,0.3259896364,0.04523217678,0.04662823677
4104,1.0,0.0,0.0,0.0,1.0,1.0,0.2738437719,0.3169436438,0.04381948709,0.04549407959
4105,1.0,0.0,0.0,0.0,1.0,1.0,0.2725749876,0.3162296707,0.04266965389,0.04431080818
4106,1.0,0.0,0.0,0.0,1.0,1.0,0.2679279026,0.3120788852,0.04180902243,0.04345941544
4107,1.0,0.0,0.0,0.0,1.0,1.0,0.278013632,0.3162296156,0.04416954517,0.04528778791
4108,1.0,0.0,0.0,0.0,1.0,1.0,0.2620913853,0.3029799885,0.04127401114,0.0423746109
4109,1.0,0.0,0.0,0.0,1.0,1.0,0.255549279,0.3026199452,0.04081708193,0.04249447584
4110,1.0,0.0,0.0,0.0,1.0,1.0,0.2855548661,0.330492793,0.04573345184,0.04573345184
4111,1.0,0.7853981853,0.0,0.0,1.0,1.0,0.2877701632,0.3324839088,0.0462334156,0.04623347521
4112,1.0,0.0,0.0,0.0,1.0,1.0,0.2984683108,0.343681464,0.04753428698,0.047262609
4113,1.0,0.0,0.0,0.0,1.0,1.0,0.294155917,0.3410792072,0.04663610458,0.04690879583
4114,1.0,0.0,0.0,0.0,1.0,1.0,0.2858023951,0.3324837286,0.04553180933,0.04608368874
4115,1.0,0.0,0.0,0.0,1.0,1.0,0.2915037333,0.3364651924,0.04602342844,0.04629737139
4116,1.0,0.0,0.0,0.0,1.0,1.0,0.2845632386,0.3225290559,0.04502546787,0.04447638988
4117,1.0,0.0,0.0,0.0,1.0,1.0,0.3005194533,0.3462635566,0.04870563745,0.04898399115
4118,1.0,0.0,0.0,0.0,1.0,1.0,0.2953673936,0.3417062289,0.04758405685,0.04786074162
4119,1.0,0.0,0.0,0.0,1.0,1.0,0.2904952371,0.3344592355,0.04605996609,0.04660832882
4120,1.0,0.0,0.0,0.0,1.0,1.0,0.293239126,0.3417066073,0.04628634453,0.0473818779
4121,1.0,0.0,0.0,0.0,1.0,1.0,0.2917195192,0.3364261662,0.04745990038,0.04802155495
4122,1.0,0.0,0.0,0.0,1.0,1.0,0.2919331456,0.3318459285,0.04633921385,0.04633921385
4123,1.0,0.0,0.0,0.0,1.0,1.0,0.2919334013,0.3344435938,0.04732841253,0.04788517952
4124,1.0,0.0,0.0,0.0,1.0,1.0,0.2956827192,0.331846089,0.04711180925,0.04683631659
4125,1.0,0.0,0.0,0.0,1.0,1.0,0.3031235127,0.3462632659,0.04864746332,0.04892545938
4126,1.0,0.0,0.0,0.0,1.0,1.0,0.2991410618,0.3449055807,0.04786008596,0.04869002104
4127,1.0,0.0,0.0,0.0,1.0,1.0,0.3015557376,0.3468650186,0.04890716076,0.04946607351
4128,1.0,0.0,0.0,0.0,1.0,1.0,0.2907782884,0.337113409,0.04685550928,0.04769724607
4129,1.0,0.0,0.0,0.0,1.0,1.0,0.2996592371,0.3456566882,0.04782474041,0.04837763309
4130,1.0,0.0,0.0,0.0,1.0,1.0,0.3008700543,0.3488249066,0.04810088873,0.0492066741
4131,1.0,0.0,0.0,0.0,1.0,1.0,0.2998328886,0.3442961963,0.04829823971,0.04857581854
4132,1.0,0.0,0.0,0.0,1.0,1.0,0.2956829017,0.3423287708,0.04750788212,0.04834133387
4133,1.0,0.0,0.0,0.0,1.0,1.0,0.2904953619,0.3383938999,0.04650837183,0.04761570692
4134,1.0,0.0,0.0,0.0,1.0,1.0,0.2946632831,0.342946228,0.04753935337,0.04865139723
4135,1.0,0.0,0.0,0.0,1.0,1.0,0.2951720312,0.3442960302,0.04716318846,0.04826641083
4136,1.0,0.0,0.0,0.0,1.0,1.0,0.291719617,0.3350843254,0.04677706957,0.04788422585
4137,1.0,0.0,0.0,0.0,1.0,1.0,0.2961951392,0.3370207637,0.04746478796,0.04829746485
4138,1.0,0.0,0.0,0.0,1.0,1.0,0.3032785466,0.3499988236,0.04854810238,0.04965150356
4139,1.0,0.0,0.0,0.0,1.0,1.0,0.2915769687,0.3370668149,0.04605090618,0.04771542549
4140,1.0,0.0,0.0,0.0,1.0,1.0,0.3013915407,0.3472962874,0.04806464911,0.04972201586
4141,1.0,0.0,0.0,0.0,1.0,1.0,0.3096380561,0.3528566744,0.05085468292,0.052267313
4142,1.0,0.0,0.0,0.0,1.0,1.0,0.3134139642,0.3465498686,0.05094277859,0.05122578144
4143,1.0,0.0,0.0,0.0,1.0,1.0,0.3059160283,0.3498049528,0.0486266613,0.05028444529
4144,1.0,0.0,0.0,0.0,1.0,1.0,0.311784231,0.3509489784,0.05043631792,0.05155712366
4145,1.0,0.0,0.0,0.0,1.0,1.0,0.3038027732,0.3363141364,0.04986274242,0.0501460433
4146,1.0,0.0,0.0,0.0,1.0,1.0,0.298109465,0.330004304,0.04847675562,0.04903715849
4147,1.0,0.0,0.0,0.0,1.0,1.0,0.3059515128,0.3306976508,0.05047780275,0.05047780275
4148,1.0,0.0,0.0,0.0,1.0,1.0,0.2996651146,0.3229242936,0.04910641909,0.04910641909
4149,1.0,0.0,0.0,0.0,1.0,1.0,0.3068614451,0.3270231644,0.05036228895,0.05008089542
4150,1.0,0.0,0.0,0.0,1.0,1.0,0.3183912722,0.3343588358,0.05141735077,0.05059248209
4151,1.0,0.0,0.0,0.0,1.0,1.0,0.3257188825,0.3440105861,0.05121272802,0.05121266842
4152,1.0,0.0,0.0,0.0,1.0,1.0,0.319479798,0.3319445024,0.05153822899,0.05071139336
4153,1.0,0.0,0.0,0.0,1.0,1.0,0.3142574663,0.3295651522,0.04999768734,0.05027091503
4154,1.0,0.0,0.0,0.0,1.0,1.0,0.322345593,0.340881263,0.05178922415,0.05233728886
4155,1.0,0.0,0.0,0.0,1.0,1.0,0.3240976326,0.3372672386,0.05236166716,0.05236160755
4156,1.0,0.0,0.0,0.0,1.0,1.0,0.3269361491,0.3378395682,0.05532860756,0.05504190922
4157,1.0,0.0,0.0,0.0,1.0,1.0,0.3325843538,0.343013724,0.05348628759,0.05348628759
4158,1.0,0.0,0.0,0.0,1.0,1.0,0.3416029902,0.3527439068,0.05394136906,0.05447536707
4159,1.0,0.0,0.0,0.0,1.0,1.0,0.3342783529,0.3411887523,0.05362999439,0.05390226841
4160,1.0,0.0,0.0,0.0,1.0,1.0,0.3466761363,0.3554715816,0.05410087109,0.05462867022
4161,1.0,0.0,0.0,0.0,1.0,1.0,0.3546943003,0.3654419837,0.05841803551,0.05869096518
4162,1.0,0.0,0.0,0.0,1.0,1.0,0.3370798665,0.3394008431,0.05509859324,0.05482310057
4163,1.0,0.0,0.0,0.0,1.0,1.0,0.3297479678,0.3360192044,0.05549663305,0.05578267574
4164,1.0,0.0,0.0,0.0,1.0,1.0,0.3421817807,0.3439859656,0.0540882349,0.05382049084
4165,1.0,0.0,0.0,0.0,1.0,1.0,0.349634068,0.3508314208,0.05608075857,0.05608075857
4166,1.0,0.0,0.0,0.0,1.0,1.0,0.3511552144,0.3511551498,0.05686825514,0.05686825514
4167,1.0,0.0,0.0,0.0,1.0,1.0,0.3551318107,0.3545314639,0.05719000101,0.05718994141
4168,1.0,0.0,0.0,0.0,1.0,1.0,0.3522483679,0.3538291532,0.05760109425,0.058152318
4169,1.0,0.0,0.0,0.0,1.0,1.0,0.3553941846,0.3564679317,0.05907726288,0.0593546629
4170,1.0,0.0,0.0,0.0,1.0,1.0,0.3517493724,0.3521522734,0.0580201149,0.05857801437
4171,1.0,0.0,0.0,0.0,1.0,1.0,0.3589901079,0.3610024665,0.05751663446,0.05832672119
4172,1.0,0.0,0.0,0.0,1.0,1.0,0.3561037544,0.3576596814,0.05783855915,0.05838418007
4173,1.0,0.0,0.0,0.0,1.0,1.0,0.3580343966,0.3538293306,0.05839914083,0.05839914083
4174,1.0,0.0,0.0,0.0,1.0,1.0,0.3592539382,0.3562200506,0.05842995644,0.05843001604
4175,1.0,0.0,0.0,0.0,1.0,1.0,0.3560831073,0.3535444263,0.05631607771,0.05658823252
4176,1.0,0.0,0.0,0.0,1.0,1.0,0.2258000588,0.2227019589,0.03433007002,0.03461146355
4177,1.0,0.0,0.0,0.0,1.0,1.0,0.1611383905,0.1659452639,0.02350986004,0.02462941408
4178,1.0,0.0,0.0,0.0,1.0,1.0,0.1528780496,0.1572154902,0.0225276351,0.02365404367
4179,1.0,0.0,0.0,0.0,1.0,1.0,0.1942836465,0.2131162174,0.02921694517,0.03258818388
4180,1.0,0.0,0.0,0.0,1.0,1.0,0.2352700741,0.2489713336,0.03633254766,0.03943067789
4181,1.0,0.0,0.0,0.0,1.0,1.0,0.2845256145,0.2870736456,0.04421007633,0.04532933235
4182,1.0,0.0,0.0,0.0,1.0,1.0,0.3273433655,0.3194093684,0.05265116692,0.05209106207
4183,1.0,0.0,0.0,0.0,1.0,1.0,0.3366358883,0.325756489,0.0537520051,0.05319494009
4184,1.0,0.0,0.0,0.0,1.0,1.0,0.3395993826,0.3274031092,0.05374377966,0.05290830135
4185,1.0,0.0,0.0,0.0,1.0,1.0,0.3343081784,0.3240510636,0.05380791426,0.05324739218
4186,1.0,0.0,0.0,0.0,1.0,1.0,0.3296770566,0.3280481454,0.05341523886,0.05425864458
4187,1.0,0.0,0.0,0.0,1.0,1.0,0.3273733626,0.3286300769,0.05226075649,0.05364334583
4188,1.0,0.0,0.0,0.0,1.0,1.0,0.3366176835,0.3354059703,0.05406433344,0.05517905951
4189,1.0,0.0,0.0,0.0,1.0,1.0,0.3337235554,0.3337121676,0.05317091942,0.0542729497
4190,1.0,0.0,0.0,0.0,1.0,1.0,0.3262067337,0.3303239854,0.05237704515,0.05432724953
4191,1.0,0.0,0.0,0.0,1.0,1.0,0.3360194419,0.3376491683,0.0549364686,0.05634504557
4192,1.0,0.0,0.0,0.0,1.0,1.0,0.3354527976,0.3342724716,0.05376857519,0.05487716198
4193,1.0,0.0,0.0,0.0,1.0,1.0,0.3395318746,0.3354061088,0.05328822136,0.05410802364
4194,1.0,0.0,0.0,0.0,1.0,1.0,0.327343152,0.3280480875,0.05074298382,0.05209255219
4195,1.0,0.0,0.0,0.0,1.0,1.0,0.3390331351,0.3337176255,0.05298566818,0.0538135767
4196,1.0,0.0,0.0,0.0,1.0,1.0,0.3372676905,0.3302950213,0.05243486166,0.05298388004
4197,1.0,0.0,0.0,0.0,1.0,1.0,0.3378896077,0.3256801806,0.05223977566,0.05196481943
4198,1.0,0.0,0.0,0.0,1.0,1.0,0.3402737411,0.327403308,0.05387341976,0.05359131098
4199,1.0,0.0,0.0,0.0,1.0,1.0,0.328413451,0.3164325123,0.05236428976,0.05179822445
4200,1.0,0.0,0.0,0.0,1.0,1.0,0.3200360273,0.3099312438,0.04934728146,0.04907155037
4201,1.0,0.0,0.0,0.0,1.0,1.0,0.3242394391,0.3147030551,0.05104827881,0.05104827881
4202,1.0,0.0,0.0,0.0,1.0,1.0,0.3296030258,0.3194091687,0.05276298523,0.05276298523
4203,1.0,0.0,0.0,0.0,1.0,1.0,0.33788959,0.3245610326,0.05197107792,0.0516975522
4204,1.0,0.0,0.0,0.0,1.0,1.0,0.3414022932,0.3280481208,0.05302518606,0.05302518606
4205,1.0,0.0,0.0,0.0,1.0,1.0,0.3408397046,0.3291678568,0.05343753099,0.05371588469
4206,1.0,0.0,0.0,0.0,1.0,1.0,0.3343329726,0.3268725781,0.05266159773,0.05350196362
4207,1.0,0.0,0.0,0.0,1.0,1.0,0.3390647219,0.3263480553,0.05253577232,0.05281078815
4208,1.0,0.0,0.0,0.0,1.0,1.0,0.3302042754,0.3161501975,0.05213606358,0.05185729265
4209,1.0,0.0,0.0,0.0,1.0,1.0,0.3430657295,0.3247344412,0.05481147766,0.05397254229
4210,1.0,0.0,0.0,0.0,1.0,1.0,0.3395991221,0.3263483371,0.05384665728,0.05356764793
4211,1.0,0.0,0.0,0.0,1.0,1.0,0.3337329289,0.3218539234,0.0534517169,0.0534516573
4212,1.0,0.0,0.0,0.0,1.0,1.0,0.341914292,0.326348428,0.0541639924,0.05333071947
4213,1.0,0.0,0.0,0.0,1.0,1.0,0.337289773,0.3189345201,0.05298149586,0.05214488506
4214,1.0,0.0,0.0,0.0,1.0,1.0,0.3319702553,0.3178497604,0.05268722773,0.05240696669
4215,1.0,0.0,0.0,0.0,1.0,1.0,0.3272509172,0.3140138453,0.05073362589,0.05100786686
4216,1.0,0.0,0.0,0.0,1.0,1.0,0.3396682515,0.3189347083,0.05350959301,0.05238896608
4217,1.0,0.0,0.0,0.0,1.0,1.0,0.324143329,0.3077869063,0.05029445887,0.04973566532
4218,1.0,0.0,0.0,0.0,1.0,1.0,0.3349193995,0.3150783056,0.05237591267,0.05154454708
4219,1.0,0.0,0.0,0.0,1.0,1.0,0.3438938462,0.3274621458,0.05276179314,0.05276179314
4220,1.0,0.0,0.0,0.0,1.0,1.0,0.339128472,0.3167721143,0.05274719,0.0521889925
4221,1.0,0.0,0.0,0.0,1.0,1.0,0.3538949135,0.3337062259,0.05494117737,0.05494117737
4222,1.0,0.0,0.0,0.0,1.0,1.0,0.3476318896,0.3211262415,0.05332583189,0.05193710327
4223,1.0,0.0,0.0,0.0,1.0,1.0,0.3524254116,0.3263482726,0.05473035574,0.05388832092
4224,1.0,0.0,0.0,0.0,1.0,1.0,0.3504536833,0.3211263298,0.05186331272,0.05131447315
4225,1.0,0.0,0.0,0.0,1.0,1.0,0.3656046315,0.3382464643,0.05597865582,0.05597865582
4226,1.0,0.0,0.0,0.0,1.0,1.0,0.3592884537,0.3286301706,0.05453598499,0.05370551348
4227,1.0,0.0,0.0,0.0,1.0,1.0,0.3472326806,0.3161499586,0.05204367638,0.051217556
4228,1.0,0.0,0.0,0.0,1.0,1.0,0.3497125815,0.3195493759,0.05243241787,0.05188047886
4229,1.0,0.0,0.0,0.0,1.0,1.0,0.3558897317,0.3246484602,0.05384165049,0.05328369141
4230,1.0,0.0,0.0,0.0,1.0,1.0,0.3458903848,0.3224550334,0.05272305012,0.05300056934
4231,1.0,0.0,0.0,0.0,1.0,1.0,0.3549928034,0.3258313724,0.05426114798,0.05370461941
4232,1.0,0.0,0.0,0.0,1.0,1.0,0.35317247,0.3292081651,0.05359059572,0.05386686325
4233,1.0,0.0,0.0,0.0,1.0,1.0,0.3551132906,0.3297480742,0.05356496572,0.05356496572
4234,1.0,0.0,0.0,0.0,1.0,1.0,0.3428739486,0.3161499314,0.05204749107,0.05149382353
4235,1.0,0.0,0.0,0.0,1.0,1.0,0.3526367101,0.3229487747,0.05392026901,0.0530821085
4236,1.0,0.0,0.0,0.0,1.0,1.0,0.3380736128,0.3114697793,0.05114334822,0.05086386204
4237,1.0,0.0,0.0,0.0,1.0,1.0,0.3380739577,0.3087013917,0.05104333162,0.05048543215
4238,1.0,0.0,0.0,0.0,1.0,1.0,0.353282399,0.3257570024,0.05314791203,0.05259722471
4239,1.0,0.0,0.0,0.0,1.0,1.0,0.3465218196,0.3178498407,0.05295747519,0.05212134123
4240,1.0,0.0,0.0,0.0,1.0,1.0,0.3500766172,0.3246485724,0.05384910107,0.05329108238
4241,1.0,0.0,0.0,0.0,1.0,1.0,0.3478720584,0.3167721598,0.05267322063,0.052115798
4242,1.0,0.0,0.0,0.0,1.0,1.0,0.3386995994,0.3080471465,0.05082255602,0.04998940229
4243,1.0,0.0,0.0,0.0,1.0,1.0,0.3607564515,0.3263486141,0.05428594351,0.05317807198
4244,1.0,0.0,0.0,0.0,1.0,1.0,0.3411823946,0.314257328,0.05106860399,0.05079102516
4245,1.0,0.0,0.0,0.0,1.0,1.0,0.3504534648,0.3176918657,0.05305945873,0.05193650723
4246,1.0,0.0,0.0,0.0,1.0,1.0,0.3468213031,0.3148928251,0.05250686407,0.05194228888
4247,1.0,0.0,0.0,0.0,1.0,1.0,0.360909331,0.3247342269,0.05440688133,0.05384886265
4248,1.0,0.0,0.0,0.0,1.0,1.0,0.3625966061,0.3214874462,0.05504143238,0.0539239049
4249,1.0,0.0,0.0,0.0,1.0,1.0,0.3586338499,0.3226674069,0.05382591486,0.05327945948
4250,1.0,0.0,0.0,0.0,1.0,1.0,0.347631973,0.3154385188,0.05291712284,0.05236589909
4251,1.0,0.0,0.0,0.0,1.0,1.0,0.3434446103,0.3071376442,0.05174034834,0.05064535141
4252,1.0,0.0,0.0,0.0,1.0,1.0,0.3483456366,0.3104579974,0.05212455988,0.05103296041
4253,1.0,0.0,0.0,0.0,1.0,1.0,0.3435584351,0.3031639258,0.05095970631,0.04959708452
4254,1.0,0.0,0.0,0.0,1.0,1.0,0.3436156709,0.3041779281,0.05111539364,0.05001616478
4255,1.0,0.0,0.0,0.0,1.0,1.0,0.3436742195,0.3079090622,0.05141043663,0.05085468292
4256,1.0,0.0,0.0,0.0,1.0,1.0,0.3300740451,0.2991640751,0.04917347431,0.04917347431
4257,1.0,0.0,0.0,0.0,1.0,1.0,0.3343788842,0.3021959238,0.04981279373,0.04926234484
4258,1.0,0.0,0.0,0.0,1.0,1.0,0.3337617988,0.3011789391,0.04995119572,0.04939931631
4259,1.0,0.0,0.0,0.0,1.0,1.0,0.3288606249,0.2951370541,0.04956966639,0.04873883724
4260,1.0,0.0,0.0,0.0,1.0,1.0,0.2903409018,0.2634585778,0.04302382469,0.042748034
4261,1.0,0.0,0.0,0.0,1.0,1.0,0.2113444946,0.1725656135,0.03037410975,0.02725154161
4262,1.0,0.0,0.0,0.0,1.0,1.0,0.1775455129,0.148813934,0.02562427521,0.02332097292
4263,1.0,0.0,0.0,0.0,1.0,1.0,0.1897181619,0.1612003145,0.02715599537,0.02519625425
4264,1.0,0.0,0.0,0.0,1.0,1.0,0.2246366036,0.1967541872,0.03290867805,0.03151422739
4265,1.0,0.0,0.0,0.0,1.0,1.0,0.2489176783,0.2230588622,0.03638833761,0.03556132317
4266,1.0,0.0,0.0,0.0,1.0,1.0,0.2818462809,0.2627400151,0.04231226444,0.04259067774
4267,1.0,0.0,0.0,0.0,1.0,1.0,0.3116341821,0.2848237852,0.04661113024,0.04605948925
4268,1.0,0.0,0.0,0.0,1.0,1.0,0.3196743446,0.2909333155,0.0487036705,0.04758405685
4269,1.0,0.0,0.0,0.0,1.0,1.0,0.326460101,0.3025522089,0.04952704906,0.0492503643
4270,1.0,0.0,0.0,0.0,1.0,1.0,0.3227555538,0.2994902946,0.04854696989,0.04827111959
4271,1.0,0.0,0.0,0.0,1.0,1.0,0.3192405345,0.302552059,0.04849296808,0.04904407263
4272,1.0,0.0,0.0,0.0,1.0,1.0,0.3295066169,0.3059516647,0.04977244139,0.04949742556
4273,1.0,0.0,0.0,0.0,1.0,1.0,0.3210551826,0.3008522753,0.04832559824,0.04832553864
4274,1.0,0.0,0.0,0.0,1.0,1.0,0.3197485956,0.3001739295,0.04783797264,0.04811131954
4275,1.0,0.0,0.0,0.0,1.0,1.0,0.321575448,0.3046244401,0.04894798994,0.04950422049
4276,1.0,0.0,0.0,0.0,1.0,1.0,0.3349579898,0.3189347046,0.05142241716,0.05197834969
4277,1.0,0.0,0.0,0.0,1.0,1.0,0.3283103291,0.3142573926,0.04975247383,0.05030220747
4278,1.0,0.0,0.0,0.0,1.0,1.0,0.3259046556,0.313618216,0.04940420389,0.04995322227
4279,1.0,0.0,0.0,0.0,1.0,1.0,0.314471817,0.3071199343,0.04820746183,0.049038589
4280,1.0,0.0,0.0,0.0,1.0,1.0,0.3132310261,0.3033396062,0.04809641838,0.04809641838
4281,1.0,0.0,0.0,0.0,1.0,1.0,0.3156133446,0.3125464253,0.04780507088,0.04862928391
4282,1.0,0.0,0.0,0.0,1.0,1.0,0.3171134905,0.3092681883,0.0495544076,0.04927605391
4283,1.0,0.0,0.0,0.0,1.0,1.0,0.3148687549,0.3088552538,0.04841125011,0.04841119051
4284,1.0,0.0,0.0,0.0,1.0,1.0,0.3077927933,0.304794369,0.04776370525,0.04721468687
4285,1.0,0.0,0.0,0.0,1.0,1.0,0.3098095004,0.3092679026,0.04812848568,0.04812848568
4286,1.0,0.0,0.0,0.0,1.0,1.0,0.3041777429,0.3057730515,0.04815995693,0.04815995693
4287,1.0,0.0,0.0,0.0,1.0,1.0,0.3064492336,0.3125464794,0.04897075891,0.0492489934
4288,1.0,0.0,0.0,0.0,1.0,1.0,0.2967093422,0.3076572503,0.04581701756,0.04635286331
4289,1.0,0.0,0.0,0.0,1.0,1.0,0.3036499894,0.3118826505,0.04667794704,0.04694467783
4290,1.0,0.0,0.0,0.0,1.0,1.0,0.2939532327,0.306166819,0.04616189003,0.04724806547
4291,1.0,0.0,0.0,0.0,1.0,1.0,0.3038025915,0.3114455528,0.04814147949,0.04841500521
4292,1.0,0.0,0.0,0.0,1.0,1.0,0.3012253553,0.3105407591,0.04620569944,0.04647278786
4293,1.0,0.0,0.0,0.0,1.0,1.0,0.2945725175,0.3044896336,0.04581791162,0.04636335373
4294,1.0,0.0,0.0,0.0,1.0,1.0,0.2908430769,0.3001919416,0.04490065575,0.04544484615
4295,1.0,0.0,0.0,0.0,1.0,1.0,0.2926053837,0.3012755168,0.04477459192,0.04504430294
4296,1.0,0.0,0.0,0.0,1.0,1.0,0.2959337978,0.3059885191,0.04482990503,0.04536682367
4297,1.0,0.0,0.0,0.0,1.0,1.0,0.2903901427,0.300927038,0.04381644726,0.04435414076
4298,1.0,0.0,0.0,0.0,1.0,1.0,0.2985810293,0.3059883265,0.04522353411,0.04576510191
4299,1.0,0.0,0.0,0.0,1.0,1.0,0.3063983044,0.3090865736,0.04577946663,0.04550695419
4300,1.0,0.0,0.0,0.0,1.0,1.0,0.314942757,0.3164900454,0.04706543684,0.04652130604
4301,1.0,0.0,0.0,0.0,1.0,1.0,0.3082218236,0.3190099836,0.04618412256,0.04727727175
4302,1.0,0.0,0.0,0.0,1.0,1.0,0.3130120997,0.3201915155,0.04682689905,0.04737454653
4303,1.0,0.0,0.0,0.0,1.0,1.0,0.30258353,0.3076638204,0.04540801048,0.04540795088
4304,1.0,0.0,0.0,0.0,1.0,1.0,0.3044172206,0.311855959,0.04577451944,0.04577451944
4305,1.0,0.0,0.0,0.0,1.0,1.0,0.3068139059,0.3149183385,0.04519826174,0.04519826174
4306,1.0,0.0,0.0,0.0,1.0,1.0,0.3044173423,0.3180044662,0.04588449001,0.04643732309
4307,1.0,0.0,0.0,0.0,1.0,1.0,0.3069584569,0.3261536215,0.04707872868,0.04791939259
4308,1.0,0.0,0.0,0.0,1.0,1.0,0.3190877444,0.339653999,0.04893296957,0.04893296957
4309,1.0,0.0,0.0,0.0,1.0,1.0,0.3115143415,0.3318304634,0.04782992601,0.04782992601
4310,1.0,0.0,0.0,0.0,1.0,1.0,0.2847673925,0.3064693881,0.04259592295,0.04314553738
4311,1.0,0.0,0.0,0.0,1.0,1.0,0.2933145298,0.3188881475,0.04465359449,0.04520487785
4312,1.0,0.0,0.0,0.0,1.0,1.0,0.2720803734,0.3066016214,0.04131519794,0.0424169302
4313,1.0,0.0,0.0,0.0,1.0,1.0,0.2729036075,0.3029803116,0.04188215733,0.04271423817
4314,1.0,0.0,0.0,0.0,1.0,1.0,0.2709439752,0.3041779888,0.04143196344,0.04225510359
4315,1.0,0.0,0.0,0.0,1.0,1.0,0.2761379503,0.3180043931,0.04195338488,0.04357743263
4316,1.0,0.0,0.0,0.0,1.0,1.0,0.2628230856,0.2990457231,0.03967607021,0.04102557898
4317,1.0,0.0,0.0,0.0,1.0,1.0,0.2642407398,0.3026200604,0.0401327014,0.04149782658
4318,1.0,0.0,0.0,0.0,1.0,1.0,0.2543383945,0.2926655628,0.0385812521,0.03993976116
4319,1.0,0.0,0.0,0.0,1.0,1.0,0.2462390594,0.282974599,0.03710281849,0.03846693039
4320,1.0,0.0,0.0,0.0,1.0,1.0,0.2498606145,0.2826291479,0.03751647472,0.03806817532
4321,1.0,0.0,0.0,0.0,1.0,1.0,0.2443080763,0.2808348325,0.03679233789,0.03790724277
4322,1.0,0.0,0.0,0.0,1.0,1.0,0.2646669457,0.2969652001,0.03919571638,0.0397439003
4323,1.0,0.0,0.0,0.0,1.0,1.0,0.2569453201,0.287654564,0.03874528408,0.03903019428
4324,1.0,0.0,0.0,0.0,1.0,1.0,0.2574319893,0.2804340201,0.03849899769,0.03764975071
4325,1.0,0.0,0.0,0.0,1.0,1.0,0.2545746052,0.2759963637,0.03849571943,0.03764027357
4326,1.0,0.0,0.0,0.0,1.0,1.0,0.2613045484,0.2783255357,0.0391677618,0.03773826361
4327,1.0,0.0,0.0,0.0,1.0,1.0,0.2806125402,0.2973024522,0.04175198078,0.04032212496
4328,1.0,0.0,0.0,0.0,1.0,1.0,0.2747996902,0.2885420777,0.04140424728,0.03913551569
4329,1.0,0.0,0.0,0.0,1.0,1.0,0.2839104036,0.2930851356,0.04162657261,0.03909522295
4330,1.0,0.0,0.0,0.0,1.0,1.0,0.2731030249,0.293827589,0.04122942686,0.04005986452
4331,1.0,0.0,0.0,0.0,1.0,1.0,0.2725749955,0.2809589047,0.04079991579,0.0379062891
4332,1.0,0.0,0.0,0.0,1.0,1.0,0.282534508,0.2950935706,0.04191547632,0.03906404972
4333,1.0,0.0,0.0,0.0,1.0,1.0,0.2780548625,0.291503974,0.04174888134,0.03882938623
4334,1.0,0.0,0.0,0.0,1.0,1.0,0.279999284,0.2967773743,0.04125756025,0.03896546364
4335,1.0,0.0,0.0,0.0,1.0,1.0,0.2780546324,0.2993922416,0.04091054201,0.03890794516
4336,1.0,0.0,0.0,0.0,1.0,1.0,0.2748466013,0.303795094,0.04181402922,0.04035198689
4337,1.0,0.0,0.0,0.0,1.0,1.0,0.2755743383,0.3117723847,0.04134631157,0.04105508327
4338,1.0,0.0,0.0,0.0,1.0,1.0,0.2595451965,0.2998325057,0.03897428513,0.03926509619
4339,1.0,0.0,0.0,0.0,1.0,1.0,0.2503493287,0.3021041781,0.03871953487,0.04023206234
4340,1.0,0.0,0.0,0.0,1.0,1.0,0.2576685597,0.3171747289,0.03875267506,0.0408077836
4341,1.0,0.0,0.0,0.0,1.0,1.0,0.264727552,0.321892501,0.04052007198,0.04198819399
4342,1.0,0.0,0.0,0.0,1.0,1.0,0.2637151025,0.321249197,0.04082161188,0.04259645939
4343,1.0,0.0,0.0,0.0,1.0,1.0,0.2440942208,0.3061352308,0.03694623709,0.03956449032
4344,1.0,0.0,0.0,0.0,1.0,1.0,0.2460163606,0.3106374304,0.03774160147,0.04069018364
4345,1.0,0.0,0.0,0.0,1.0,1.0,0.2474625254,0.307003335,0.03720903397,0.03951656818
4346,1.0,0.0,0.0,0.0,1.0,1.0,0.2449990892,0.3034832206,0.03687483072,0.03892344236
4347,1.0,0.0,0.0,0.0,1.0,1.0,0.2518436711,0.2988983963,0.03720152378,0.03749442101
4348,1.0,0.0,0.0,0.0,1.0,1.0,0.275295606,0.3108863597,0.04140025377,0.04050022364
4349,1.0,0.0,0.0,0.0,1.0,1.0,0.2571177029,0.3060494637,0.03807854652,0.03930693865
4350,1.0,0.0,0.0,0.0,1.0,1.0,0.2600170559,0.2932635197,0.03994518518,0.03900903463
4351,1.0,0.0,0.0,0.0,1.0,1.0,0.2522678459,0.2849091659,0.03925675154,0.03775840998
4352,1.0,0.0,0.0,0.0,1.0,1.0,0.2627210294,0.2815019245,0.04286342859,0.03866696358
4353,1.0,0.0,0.0,0.0,1.0,1.0,0.2737685152,0.2920743838,0.04664349556,0.04089289904
4354,1.0,0.0,0.0,0.0,1.0,1.0,0.2375273221,0.2287611872,0.04059612751,0.03216463327
4355,1.0,0.0,0.0,0.0,1.0,1.0,0.2384634448,0.2574981427,0.04090666771,0.03549253941
4356,1.0,0.0,0.0,0.0,1.0,1.0,0.2397990245,0.2437163599,0.04207104445,0.03501015902
4357,1.0,0.0,0.0,0.0,1.0,1.0,0.2398660779,0.2477250054,0.04113137722,0.03457421064
4358,1.0,0.0,0.0,0.0,1.0,1.0,0.24118491,0.2456255697,0.04183864594,0.03491568565
4359,1.0,0.0,0.0,0.0,1.0,1.0,0.2403502347,0.2329209216,0.04183495045,0.03310680389
4360,1.0,0.0,0.0,0.0,1.0,1.0,0.2468808354,0.2424805786,0.0433357954,0.03436976671
4361,1.0,0.0,0.0,0.0,1.0,1.0,0.2371556679,0.2239411891,0.04134273529,0.0318929553
4362,1.0,0.0,0.0,0.0,1.0,1.0,0.2385222355,0.2276956274,0.04185861349,0.03331005573
4363,1.0,0.0,0.0,0.0,1.0,1.0,0.2341349952,0.2164781263,0.03896909952,0.03111708164
4364,1.0,0.0,0.0,0.0,1.0,1.0,0.1921325911,0.1598300587,0.03337019682,0.02418577671
4365,1.0,0.0,0.0,0.0,1.0,1.0,0.1614899102,0.1031813609,0.02865356207,0.01623702049
4366,1.0,0.0,0.0,0.0,1.0,1.0,0.1923386196,0.1513099759,0.03385347128,0.02404546738
4367,1.0,0.0,0.0,0.0,1.0,1.0,0.197608356,0.1233877785,0.03246504068,0.01872980595
4368,1.0,0.0,0.0,0.0,1.0,1.0,0.2799793223,0.269080417,0.05086869001,0.04531937838
4369,1.0,0.0,0.0,0.0,1.0,1.0,0.2815329326,0.2778299607,0.04782176018,0.04453402758
4370,1.0,0.0,0.0,0.0,1.0,1.0,0.3003503488,0.2961980413,0.05159664154,0.04833477736
4371,1.0,0.0,0.0,0.0,1.0,1.0,0.2930564631,0.2847874814,0.05079901218,0.04668819904
4372,1.0,0.0,0.0,0.0,1.0,1.0,0.2976677371,0.2946113869,0.0502436161,0.0481120348
4373,1.0,0.0,0.0,0.0,1.0,1.0,0.3101719222,0.2953739819,0.05281108618,0.04910498857
4374,1.0,0.0,0.0,0.0,1.0,1.0,0.3130121366,0.2972318489,0.05346626043,0.05002689362
4375,1.0,0.0,0.0,0.0,1.0,1.0,0.3101717622,0.2866048207,0.05359566212,0.04889428616
4376,1.0,0.0,0.0,0.0,1.0,1.0,0.3082219384,0.292747073,0.05195623636,0.04826706648
4377,1.0,0.0,0.0,0.0,1.0,1.0,0.3167630526,0.291350354,0.0545604825,0.04954344034
4378,1.0,0.0,0.0,0.0,1.0,1.0,0.3093082177,0.2947072861,0.05455869436,0.05077433586
4379,1.0,0.0,0.0,0.0,1.0,1.0,0.2985809098,0.285554991,0.05016493797,0.04686069489
4380,1.0,0.0,0.0,0.0,1.0,1.0,0.3091796509,0.2954555264,0.05241644382,0.04936903715
4381,1.0,0.0,0.0,0.0,1.0,1.0,0.3112140007,0.2965377281,0.05203723907,0.04817163944
4382,1.0,0.0,0.0,0.0,1.0,1.0,0.3073823156,0.2976278969,0.0520195961,0.04928171635
4383,1.0,0.0,0.0,0.0,1.0,1.0,0.3180863956,0.2994651937,0.05264359713,0.04875516891
4384,1.0,0.0,0.0,0.0,1.0,1.0,0.3037872024,0.2895061731,0.05074852705,0.04714506865
4385,1.0,0.0,0.0,0.0,1.0,1.0,0.2998323512,0.2845122918,0.05036062002,0.0467634201
4386,1.0,0.0,0.0,0.0,1.0,1.0,0.3076571341,0.2925640381,0.05173408985,0.04814565182
4387,1.0,0.0,0.0,0.0,1.0,1.0,0.2965373743,0.2702193774,0.04951310158,0.04462295771
4388,1.0,0.0,0.0,0.0,1.0,1.0,0.2983684554,0.2739212557,0.04910480976,0.04458594322
4389,1.0,0.0,0.0,0.0,1.0,1.0,0.3066680789,0.2749395221,0.05082392693,0.04531288147
4390,1.0,0.0,0.0,0.0,1.0,1.0,0.3009269009,0.2757720234,0.05033439398,0.04545348883
4391,1.0,0.0,0.0,0.0,1.0,1.0,0.3052840973,0.2790410929,0.05121839046,0.0466452837
4392,1.0,0.0,0.0,0.0,1.0,1.0,0.2989322719,0.2895061418,0.05076849461,0.04801595211
4393,1.0,0.0,0.0,0.0,1.0,1.0,0.2913501799,0.2695122999,0.04862451553,0.04431599379
4394,1.0,0.0,0.0,0.0,1.0,1.0,0.2974307948,0.2749395126,0.04977160692,0.04575282335
4395,1.0,0.0,0.0,0.0,1.0,1.0,0.3020290582,0.276598459,0.05074977875,0.04613620043
4396,1.0,0.0,0.0,0.0,1.0,1.0,0.299288159,0.284512735,0.05114936829,0.04835945368
4397,1.0,0.0,0.0,0.0,1.0,1.0,0.3017850347,0.2840141252,0.05161035061,0.04796731472
4398,1.0,0.0,0.0,0.0,1.0,1.0,0.3083383763,0.2991162882,0.05296522379,0.05083447695
4399,1.0,0.0,0.0,0.0,1.0,1.0,0.2989321371,0.2725749881,0.05103695393,0.04611772299
4400,1.0,0.0,0.0,0.0,1.0,1.0,0.2952482303,0.286357056,0.05087947845,0.04835128784
4401,1.0,0.0,0.0,0.0,1.0,1.0,0.2974745694,0.2776225853,0.0502063036,0.04592037201
4402,1.0,0.0,0.0,0.0,1.0,1.0,0.3023672646,0.2882285854,0.05134123564,0.047344625
4403,1.0,0.0,0.0,0.0,1.0,1.0,0.2936316087,0.2741009644,0.05087345839,0.04644972086
4404,1.0,0.0,0.0,0.0,1.0,1.0,0.2983681698,0.290404024,0.05062192678,0.04782688618
4405,1.0,0.0,0.0,0.0,1.0,1.0,0.3051311624,0.297586651,0.0511598587,0.04870909452
4406,1.0,0.0,0.0,0.0,1.0,1.0,0.3029158425,0.2979817589,0.05157911777,0.04972600937
4407,1.0,0.0,0.0,0.0,1.0,1.0,0.3025337289,0.2898009508,0.0517359376,0.04804050922
4408,1.0,0.0,0.0,0.0,1.0,1.0,0.295125134,0.2890174272,0.04982626438,0.04738074541
4409,1.0,0.0,0.0,0.0,1.0,1.0,0.2962631604,0.2798437516,0.05254161358,0.0487434268
4410,1.0,0.0,0.0,0.0,1.0,1.0,0.2945913069,0.2847675161,0.05130726099,0.04878914356
4411,1.0,0.0,0.0,0.0,1.0,1.0,0.2912764194,0.2729102064,0.04859000444,0.04494571686
4412,1.0,0.0,0.0,0.0,1.0,1.0,0.2941684941,0.2805124222,0.05015313625,0.0470380187
4413,1.0,0.0,0.0,0.0,1.0,1.0,0.2850261282,0.276998908,0.04741585255,0.04556846619
4414,1.0,0.0,0.0,0.0,1.0,1.0,0.2758382341,0.2755114679,0.04619264603,0.04587626457
4415,1.0,0.0,0.0,0.0,1.0,1.0,0.2717111306,0.2710024445,0.04548335075,0.04484724998
4416,1.0,0.0,0.0,0.0,1.0,1.0,0.2756434554,0.2850118706,0.04520887136,0.04613149166
4417,1.0,0.0,0.0,0.0,1.0,1.0,0.2815065836,0.2986840196,0.04793912172,0.05019128323
4418,1.0,0.0,0.0,0.0,1.0,1.0,0.2788707656,0.303676337,0.04706639051,0.04990923405
4419,1.0,0.0,0.0,0.0,1.0,1.0,0.2833955043,0.2986841283,0.04654628038,0.04840821028
4420,1.0,0.0,0.0,0.0,1.0,1.0,0.2796171946,0.2952018533,0.04544252157,0.0469776988
4421,1.0,0.0,0.0,0.0,1.0,1.0,0.2831438788,0.3178304408,0.0455045104,0.05002486706
4422,1.0,0.0,0.0,0.0,1.0,1.0,0.2655064771,0.2971315295,0.04232335091,0.04655569792
4423,1.0,0.0,0.0,0.0,1.0,1.0,0.2376838873,0.2459560665,0.03811562061,0.0393652916
4424,1.0,0.0,0.0,0.0,1.0,1.0,0.1724526237,0.1559129637,0.02782911062,0.02466672659
4425,1.0,0.0,0.0,0.0,1.0,1.0,0.1861707111,0.1679063162,0.03031921387,0.02680855989
4426,1.0,0.0,0.0,0.0,1.0,1.0,0.1764889207,0.1523539464,0.02912139893,0.02454048395
4427,1.0,0.0,0.0,0.0,1.0,1.0,0.2040528859,0.1721728881,0.03148579597,0.02634525299
4428,1.0,0.0,0.0,0.0,1.0,1.0,0.2089346981,0.1819158672,0.03044933081,0.02605462074
4429,1.0,0.0,0.0,0.0,1.0,1.0,0.2483214633,0.2415317419,0.04013341665,0.03847497702
4430,1.0,0.0,0.0,0.0,1.0,1.0,0.2715249999,0.2655998021,0.04531806707,0.0433896184
4431,1.0,0.0,0.0,0.0,1.0,1.0,0.2728975504,0.2863366662,0.0493696332,0.05033135414
4432,1.0,0.0,0.0,0.0,1.0,1.0,0.2728911862,0.2907466155,0.04800158739,0.04891878366
4433,1.0,0.0,0.0,0.0,1.0,1.0,0.2804554213,0.2890370097,0.05005890131,0.05036228895
4434,1.0,0.0,0.0,0.0,1.0,1.0,0.2536652518,0.2692160338,0.04258161783,0.0434333086
4435,1.0,0.0,0.0,0.0,1.0,1.0,0.2628290912,0.2796271141,0.04378509521,0.04464924335
4436,1.0,0.0,0.0,0.0,1.0,1.0,0.267077751,0.2783913788,0.04598158598,0.04655998945
4437,1.0,0.0,0.0,0.0,1.0,1.0,0.2668575461,0.281757501,0.04373705387,0.04429423809
4438,1.0,0.0,0.0,0.0,1.0,1.0,0.2609466771,0.2754647761,0.04198038578,0.04280352592
4439,1.0,0.0,0.0,0.0,1.0,1.0,0.275060266,0.291652024,0.04385143518,0.04466849566
4440,1.0,0.0,0.0,0.0,1.0,1.0,0.2753564108,0.2840518273,0.0446999073,0.0446999073
4441,1.0,0.0,0.0,0.0,1.0,1.0,0.2753563166,0.286553317,0.04483032227,0.045383811
4442,1.0,0.0,0.0,0.0,1.0,1.0,0.2824145137,0.2897690633,0.04630875587,0.04630875587
4443,1.0,0.0,0.0,0.0,1.0,1.0,0.2826705002,0.2894935291,0.04610645771,0.04610645771
4444,1.0,0.0,0.0,0.0,1.0,1.0,0.2917111365,0.299490437,0.04835265875,0.04807794094
4445,1.0,0.0,0.0,0.0,1.0,1.0,0.2876931089,0.2988023551,0.04708558321,0.04735773802
4446,1.0,0.0,0.0,0.0,1.0,1.0,0.294050776,0.3001736049,0.04810273647,0.04756224155
4447,1.0,0.0,0.0,0.0,1.0,1.0,0.2934603978,0.2998325684,0.04767507315,0.04740262032
4448,1.0,0.0,0.0,0.0,1.0,1.0,0.3033131022,0.309350938,0.05023020506,0.04995572567
4449,1.0,0.0,0.0,0.0,1.0,1.0,0.2971764172,0.3052904761,0.04846429825,0.04846429825
4450,1.0,0.0,0.0,0.0,1.0,1.0,0.2996653544,0.3008527336,0.04883474112,0.0482891202
4451,1.0,0.0,0.0,0.0,1.0,1.0,0.2956334118,0.3012014752,0.04773527384,0.04773521423
4452,1.0,0.0,0.0,0.0,1.0,1.0,0.2968140103,0.2991529572,0.04821336269,0.04794102907
4453,1.0,0.0,0.0,0.0,1.0,1.0,0.2700730056,0.2724174195,0.04318511486,0.04318511486
4454,1.0,0.0,0.0,0.0,1.0,1.0,0.280185268,0.2867814362,0.04511404037,0.04593932629
4455,1.0,0.0,0.0,0.0,1.0,1.0,0.2958763499,0.3012252773,0.0472753644,0.04755014181
4456,1.0,0.0,0.0,0.0,1.0,1.0,0.2981096834,0.3064493585,0.0471419692,0.04795944691
4457,1.0,0.0,0.0,0.0,1.0,1.0,0.308319905,0.3127624821,0.04969829321,0.04997754097
4458,1.0,0.0,0.0,0.0,1.0,1.0,0.3045585678,0.3118824839,0.04788678885,0.04843717813
4459,1.0,0.0,0.0,0.0,1.0,1.0,0.2813114363,0.2909090008,0.04494935274,0.04550772905
4460,1.0,0.0,0.0,0.0,1.0,1.0,0.291577155,0.3001920033,0.04611235857,0.04639011621
4461,1.0,0.0,0.0,0.0,1.0,1.0,0.2624434243,0.282130431,0.04120886326,0.04318463802
4462,1.0,0.0,0.0,0.0,1.0,1.0,0.1433161437,0.1787460614,0.02155047655,0.02637094259
4463,1.0,0.0,0.0,0.0,1.0,1.0,0.1244586919,0.1735669794,0.01844358444,0.02542978525
4464,1.0,0.0,0.0,0.0,1.0,1.0,0.120007965,0.1767073222,0.01776361465,0.02581274509
4465,1.0,0.0,0.0,0.0,1.0,1.0,0.1325226447,0.1890331368,0.02020287514,0.02834016085
4466,1.0,0.0,0.0,0.0,1.0,1.0,0.1519296228,0.2069740575,0.02290087938,0.03062653542
4467,1.0,0.0,0.0,0.0,1.0,1.0,0.199531969,0.247134627,0.03200614452,0.03886461258
4468,1.0,0.0,0.0,0.0,1.0,1.0,0.2576957575,0.2898738467,0.04101735353,0.04517453909
4469,1.0,0.0,0.0,0.0,1.0,1.0,0.2775250976,0.3037873972,0.04351168871,0.04654103518
4470,1.0,0.0,0.0,0.0,1.0,1.0,0.2867963657,0.3083382186,0.04578179121,0.0482789278
4471,1.0,0.0,0.0,0.0,1.0,1.0,0.2958760364,0.3184840799,0.0475384593,0.05002593994
4472,1.0,0.0,0.0,0.0,1.0,1.0,0.3003500635,0.3173663524,0.04806268215,0.04999625683
4473,1.0,0.0,0.0,0.0,1.0,1.0,0.2965184104,0.3143124518,0.04732125998,0.04954820871
4474,1.0,0.0,0.0,0.0,1.0,1.0,0.296001966,0.3114457612,0.04693549871,0.04886811972
4475,1.0,0.0,0.0,0.0,1.0,1.0,0.3080591724,0.3178439129,0.04933053255,0.05045169592
4476,1.0,0.0,0.0,0.0,1.0,1.0,0.3128690074,0.3238610298,0.049924016,0.05158811808
4477,1.0,0.0,0.0,0.0,1.0,1.0,0.313310018,0.3203784975,0.0497585535,0.05114847422
4478,1.0,0.0,0.0,0.0,1.0,1.0,0.3161676836,0.3249934604,0.04995024204,0.05161529779
4479,1.0,0.0,0.0,0.0,1.0,1.0,0.3272819124,0.3349007348,0.05195653439,0.05335325003
4480,1.0,0.0,0.0,0.0,1.0,1.0,0.3296589169,0.3319946572,0.0525586009,0.05339288712
4481,1.0,0.0,0.0,0.0,1.0,1.0,0.3243803926,0.3296770743,0.05162346363,0.05301868916
4482,1.0,0.0,0.0,0.0,1.0,1.0,0.3150603899,0.3284877737,0.05008733273,0.052313447
4483,1.0,0.0,0.0,0.0,1.0,1.0,0.3127621852,0.323349054,0.04995298386,0.05218559504
4484,1.0,0.0,0.0,0.0,1.0,1.0,0.3170643569,0.3256802968,0.05083286762,0.05221420527
4485,1.0,0.0,0.0,0.0,1.0,1.0,0.3053850352,0.31689613,0.0489089489,0.05057626963
4486,1.0,0.0,0.0,0.0,1.0,1.0,0.2972252305,0.3061673118,0.04787325859,0.04871320724
4487,1.0,0.0,0.0,0.0,1.0,1.0,0.3020765869,0.3127623077,0.04919284582,0.05031722784
4488,1.0,0.0,0.0,0.0,1.0,1.0,0.3047079716,0.3149648679,0.04855936766,0.04966926575
4489,1.0,0.0,0.0,0.0,1.0,1.0,0.3001794028,0.3047080931,0.04802066088,0.04857587814
4490,1.0,0.0,0.0,0.0,1.0,1.0,0.3052393144,0.3092681395,0.04979270697,0.05036187172
4491,1.0,0.0,0.0,0.0,1.0,1.0,0.3037172904,0.3033394304,0.04896098375,0.04924565554
4492,1.0,0.0,0.0,0.0,1.0,1.0,0.3129924876,0.3085995834,0.04834532738,0.04834532738
4493,1.0,0.0,0.0,0.0,1.0,1.0,0.3129922338,0.3012254566,0.04962861538,0.04878270626
4494,1.0,0.0,0.0,0.0,1.0,1.0,0.3075203454,0.2897689895,0.04918766022,0.047757864
4495,1.0,0.0,0.0,0.0,1.0,1.0,0.3046425914,0.2884988344,0.04770600796,0.04686909914
4496,1.0,0.0,0.0,0.0,1.0,1.0,0.3094813171,0.3005193831,0.04730540514,0.04869669676
4497,1.0,0.0,0.0,0.0,1.0,1.0,0.3084920415,0.2940531479,0.04722577333,0.04777806997
4498,1.0,0.0,0.0,0.0,1.0,1.0,0.2996532316,0.2845868484,0.04619848728,0.04647511244
4499,1.0,0.0,0.0,0.0,1.0,1.0,0.3001923281,0.2845866647,0.04514425993,0.04541450739
4500,1.0,0.0,0.0,0.0,1.0,1.0,0.3240941459,0.2988198268,0.04928839207,0.04873776436
4501,1.0,0.0,0.0,0.0,1.0,1.0,0.3198215036,0.2998322933,0.04849857092,0.04877406359
4502,1.0,0.0,0.0,0.0,1.0,1.0,0.3185035233,0.2984681702,0.04828947783,0.04856699705
4503,1.0,0.0,0.0,0.0,1.0,1.0,0.3215754733,0.3052902659,0.04895937443,0.04979389906
4504,1.0,0.0,0.0,0.0,1.0,1.0,0.3140574471,0.2926451612,0.04819083214,0.04847437143
4505,1.0,0.0,0.0,0.0,1.0,1.0,0.2626132288,0.2463659309,0.03931599855,0.03988170624
4506,1.0,0.0,0.0,0.0,1.0,1.0,0.1522585377,0.1407158185,0.02325111628,0.02325117588
4507,1.0,0.0,0.0,0.0,1.0,1.0,0.1460723386,0.1374233285,0.02158081532,0.02186477184
4508,1.0,0.0,0.0,0.0,1.0,1.0,0.1444279948,0.1320692097,0.02153933048,0.0212521553
4509,1.0,0.0,0.0,0.0,1.0,1.0,0.1735674018,0.1595598308,0.02540236712,0.02540230751
4510,1.0,0.0,0.0,0.0,1.0,1.0,0.2180948997,0.2037189216,0.03202474117,0.03258162737
4511,1.0,0.0,0.0,0.0,1.0,1.0,0.2626130019,0.2420793671,0.03889364004,0.03917348385
4512,1.0,0.0,0.0,0.0,1.0,1.0,0.2874090566,0.2652631625,0.04321068525,0.04321074486
4513,1.0,0.0,0.0,0.0,1.0,1.0,0.3029731387,0.2797072684,0.04550975561,0.04550975561
4514,1.0,0.0,0.0,0.0,1.0,1.0,0.3134782607,0.2906539382,0.0474383831,0.04771739244
4515,1.0,0.0,0.0,0.0,1.0,1.0,0.3232397707,0.2916462434,0.04821246862,0.04738122225
4516,1.0,0.0,0.0,0.0,1.0,1.0,0.3072358144,0.2840877953,0.04603773355,0.04603773355
4517,1.0,0.0,0.0,0.0,1.0,1.0,0.221883794,0.200955584,0.03252643347,0.03196078539
4518,1.0,0.0,0.0,0.0,1.0,1.0,0.1612646877,0.1486161108,0.0232809186,0.022993505
4519,1.0,0.0,0.0,0.0,1.0,1.0,0.1503066471,0.144324002,0.02156060934,0.0224006772
4520,1.0,0.0,0.0,0.0,1.0,1.0,0.1643440951,0.1641939711,0.02401781082,0.0256934762
4521,1.0,0.0,0.0,0.0,1.0,1.0,0.2279102507,0.2159070532,0.03382152319,0.03437590599
4522,1.0,0.0,0.0,0.0,1.0,1.0,0.298558426,0.2766620816,0.04529464245,0.04418987036
4523,1.0,0.0,0.0,0.0,1.0,1.0,0.3410072807,0.3080468426,0.05088281631,0.04871755838
4524,1.0,0.0,0.0,0.0,1.0,1.0,0.3511551356,0.3189344658,0.05284959078,0.05068141222
4525,1.0,0.0,0.0,0.0,1.0,1.0,0.3563071283,0.3314476543,0.05406725407,0.05271559954
4526,1.0,0.0,0.0,0.0,1.0,1.0,0.3577139138,0.3382990072,0.05395829678,0.05341601372
4527,1.0,0.0,0.0,0.0,1.0,1.0,0.362786681,0.3450455091,0.05541223288,0.05514061451
4528,1.0,0.0,0.0,0.0,1.0,1.0,0.3478623791,0.3365123594,0.05340540409,0.05421864986
4529,1.0,0.0,0.0,0.0,1.0,1.0,0.3592296639,0.3460907827,0.05429875851,0.05510526896
4530,1.0,0.0,0.0,0.0,1.0,1.0,0.3449401466,0.3365819481,0.05241650343,0.05268532038
4531,1.0,0.0,0.0,0.0,1.0,1.0,0.3566972696,0.3516553719,0.05563294888,0.05617046356
4532,1.0,0.0,0.0,0.0,1.0,1.0,0.351015062,0.3501449291,0.05435711145,0.05516046286
4533,1.0,0.0,0.0,0.0,1.0,1.0,0.3480048534,0.3477787313,0.05598312616,0.05681043863
4534,1.0,0.0,0.0,0.0,1.0,1.0,0.3473361667,0.3523455486,0.05405664444,0.05511653423
4535,1.0,0.0,0.0,0.0,1.0,1.0,0.3451065165,0.3547507785,0.05453377962,0.05615359545
4536,1.0,0.0,0.0,0.0,1.0,1.0,0.3439859921,0.351844419,0.05484414101,0.05648130178
4537,1.0,0.0,0.0,0.0,1.0,1.0,0.3507410885,0.363278311,0.05513739586,0.05701100826
4538,1.0,0.0,0.0,0.0,1.0,1.0,0.355965706,0.3675914821,0.05489850044,0.05727392435
4539,1.0,0.0,0.0,0.0,1.0,1.0,0.3524434938,0.3629729213,0.05608862638,0.05825632811
4540,1.0,0.0,0.0,0.0,1.0,1.0,0.3546406604,0.3663496621,0.05640280247,0.05856180191
4541,1.0,0.0,0.0,0.0,1.0,1.0,0.3536488327,0.3642033682,0.05563026667,0.0577802062
4542,1.0,0.0,0.0,0.0,1.0,1.0,0.3666895036,0.3798554797,0.05869191885,0.06142175198
4543,1.0,0.0,0.0,0.0,1.0,1.0,0.3664046847,0.3824393895,0.05830150843,0.06158608198
4544,1.0,0.0,0.0,0.0,1.0,1.0,0.3566973327,0.3769224735,0.0576723814,0.06157290936
4545,1.0,0.0,0.0,0.0,1.0,1.0,0.3481593206,0.3722408622,0.0556191206,0.06059986353
4546,1.0,0.0,0.0,0.0,1.0,1.0,0.3612017092,0.3867703837,0.05612319708,0.06157207489
4547,1.0,0.0,0.0,0.0,1.0,1.0,0.3640700662,0.3926379556,0.05891382694,0.06542831659
4548,1.0,0.0,0.0,0.0,1.0,1.0,0.3662878218,0.3923984715,0.0573567152,0.06391173601
4549,1.0,0.0,0.0,0.0,1.0,1.0,0.3717223766,0.3840138984,0.05793565512,0.06258141994
4550,1.0,0.0,0.0,0.0,1.0,1.0,0.3844007693,0.3967883839,0.06096541882,0.06623059511
4551,1.0,0.0,0.0,0.0,1.0,1.0,0.3794018294,0.3835067526,0.05830281973,0.06235158443
4552,1.0,0.0,0.0,0.0,1.0,1.0,0.3815729447,0.3842739975,0.05882811546,0.0628759861
4553,1.0,0.0,0.0,0.0,1.0,1.0,0.3780727731,0.3768387613,0.05831325054,0.06209278107
4554,1.0,0.0,0.0,0.0,1.0,1.0,0.3789187371,0.3743838457,0.05839025974,0.06160444021
4555,1.0,0.0,0.0,0.0,1.0,1.0,0.3920752273,0.3792672354,0.05983531475,0.0622394681
4556,1.0,0.0,0.0,0.0,1.0,1.0,0.4001262865,0.3784297076,0.06150889397,0.06285190582
4557,1.0,0.0,0.0,0.0,1.0,1.0,0.3955756811,0.3671087953,0.06273925304,0.06301689148
4558,1.0,0.0,0.0,0.0,1.0,1.0,0.4004792487,0.3671089269,0.06454122066,0.06425815821
4559,1.0,0.0,0.0,0.0,1.0,1.0,0.3829145807,0.3527441345,0.06203067303,0.06146156788
4560,1.0,0.0,0.0,0.0,1.0,1.0,0.3850896527,0.3531359476,0.06100064516,0.06014943123
4561,1.0,0.0,0.0,0.0,1.0,1.0,0.3405506371,0.312540127,0.0512470603,0.05068999529
4562,1.0,0.0,0.0,0.0,1.0,1.0,0.1923525856,0.1629127089,0.0287873745,0.02641320229
4563,1.0,0.0,0.0,0.0,1.0,1.0,0.1648776456,0.1156069708,0.02422964573,0.01854610443
4564,1.0,0.0,0.0,0.0,1.0,1.0,0.157806617,0.1193361808,0.02287769318,0.01877140999
4565,1.0,0.0,0.0,0.0,1.0,1.0,0.1738157555,0.1500993303,0.02513635159,0.02342253923
4566,1.0,0.0,0.0,0.0,1.0,1.0,0.2041662176,0.1842038595,0.03023183346,0.02908015251
4567,1.0,0.0,0.0,0.0,1.0,1.0,0.2798435826,0.2551765089,0.0418637991,0.04100942612
4568,1.0,0.0,0.0,0.0,1.0,1.0,0.3337553441,0.3118947214,0.05164915323,0.05108463764
4569,1.0,0.0,0.0,0.0,1.0,1.0,0.3632691367,0.3348470417,0.05672168732,0.05559289455
4570,1.0,0.0,0.0,0.0,1.0,1.0,0.361960253,0.3411063041,0.05703949928,0.05675566196
4571,1.0,0.0,0.0,0.0,1.0,1.0,0.36821539,0.3433456516,0.05630356073,0.05602622032
4572,1.0,0.0,0.0,0.0,1.0,1.0,0.3684992054,0.3427140487,0.05626398325,0.05571508408
4573,1.0,0.0,0.0,0.0,1.0,1.0,0.37701368,0.3464732195,0.05731266737,0.0562313199
4574,1.0,0.0,0.0,0.0,1.0,1.0,0.3632722096,0.332029536,0.0559899807,0.05407816172
4575,1.0,0.0,0.0,0.0,1.0,1.0,0.3623195003,0.3342617273,0.05633533001,0.05443030596
4576,1.0,0.0,0.0,0.0,1.0,1.0,0.3580607954,0.333700626,0.05496388674,0.05362981558
4577,1.0,0.0,0.0,0.0,1.0,1.0,0.3490959986,0.3241433257,0.05448645353,0.05310350657
4578,1.0,0.0,0.0,0.0,1.0,1.0,0.36183659,0.3427141144,0.05583977699,0.05502659082
4579,1.0,0.0,0.0,0.0,1.0,1.0,0.3619886058,0.3393373941,0.05521976948,0.05414229631
4580,1.0,0.0,0.0,0.0,1.0,1.0,0.3549256956,0.3337116659,0.05360662937,0.05253976583
4581,1.0,0.0,0.0,0.0,1.0,1.0,0.3483971079,0.3246487885,0.05430006981,0.05238038301
4582,1.0,0.0,0.0,0.0,1.0,1.0,0.3461655734,0.3211267096,0.05408483744,0.05186599493
4583,1.0,0.0,0.0,0.0,1.0,1.0,0.3548107901,0.3308963455,0.05463582277,0.05301296711
4584,1.0,0.0,0.0,0.0,1.0,1.0,0.350774246,0.3218539563,0.05440032482,0.05193996429
4585,1.0,0.0,0.0,0.0,1.0,1.0,0.3522339036,0.3309190938,0.05479776859,0.05344808102
4586,1.0,0.0,0.0,0.0,1.0,1.0,0.3510151892,0.3325900869,0.05447989702,0.05340635777
4587,1.0,0.0,0.0,0.0,1.0,1.0,0.340640135,0.3219678744,0.05287325382,0.05153131485
4588,1.0,0.0,0.0,0.0,1.0,1.0,0.3388815794,0.3242336932,0.05329072475,0.05247914791
4589,1.0,0.0,0.0,0.0,1.0,1.0,0.331988719,0.3224551649,0.05194938183,0.05194938183
4590,1.0,0.0,0.0,0.0,1.0,1.0,0.3189706203,0.3073885558,0.04959726334,0.04932177067
4591,1.0,0.0,0.0,0.0,1.0,1.0,0.3141103687,0.3077865144,0.04837417603,0.04892385006
4592,1.0,0.0,0.0,0.0,1.0,1.0,0.3136546298,0.3046245093,0.04811578989,0.04838764668
4593,1.0,0.0,0.0,0.0,1.0,1.0,0.3260965016,0.3155232955,0.05041003227,0.05041003227
4594,1.0,0.0,0.0,0.0,1.0,1.0,0.3272819824,0.3195495378,0.05087345839,0.05142050982
4595,1.0,0.0,0.0,0.0,1.0,1.0,0.3284385032,0.3206400266,0.05071592331,0.0512612462
4596,1.0,0.0,0.0,0.0,1.0,1.0,0.324907092,0.3172292155,0.05077791214,0.05132985115
4597,1.0,0.0,0.0,0.0,1.0,1.0,0.213620942,0.215746684,0.03176492453,0.03318303823
4598,1.0,0.0,0.0,0.0,1.0,1.0,0.127629949,0.1321101317,0.01871246099,0.01986402273
4599,1.0,0.0,0.0,0.0,1.0,1.0,0.1266352964,0.1263662674,0.01865381002,0.01894074678
4600,1.0,0.0,0.0,0.0,1.0,1.0,0.1474272583,0.1414304431,0.02188527584,0.02131682634
4601,1.0,0.0,0.0,0.0,1.0,1.0,0.2136352312,0.2144257737,0.03223800659,0.03307902813
4602,1.0,0.0,0.0,0.0,1.0,1.0,0.2719328262,0.2764413365,0.04287940264,0.04343628883
4603,1.0,0.0,0.0,0.0,1.0,1.0,0.3089811955,0.309515812,0.04877221584,0.04877221584
4604,1.0,0.0,0.0,0.0,1.0,1.0,0.3257568347,0.3239569421,0.05166041851,0.05084896088
4605,1.0,0.0,0.0,0.0,1.0,1.0,0.3398104078,0.3444020474,0.05427163839,0.05427157879
4606,1.0,0.0,0.0,0.0,1.0,1.0,0.3446348278,0.3559886409,0.05519843102,0.05598706007
4607,1.0,0.0,0.0,0.0,1.0,1.0,0.3517772708,0.3571831264,0.05668312311,0.05641824007
4608,1.0,0.0,0.0,0.0,1.0,1.0,0.3418284948,0.3454444757,0.0547644496,0.05372130871
4609,1.0,0.0,0.0,0.0,1.0,1.0,0.3440167359,0.3466079429,0.05505603552,0.05375140905
4610,1.0,0.0,0.0,0.0,1.0,1.0,0.3557882737,0.3643447904,0.05855339766,0.05802106857
4611,1.0,0.0,0.0,0.0,1.0,1.0,0.3547454009,0.3631308485,0.05875533819,0.05848705769
4612,1.0,0.0,0.0,0.0,1.0,1.0,0.3304076937,0.3376490018,0.05471837521,0.05444610119
4613,1.0,0.0,0.0,0.0,1.0,1.0,0.3369829287,0.3540395601,0.05432879925,0.05538886786
4614,1.0,0.0,0.0,0.0,1.0,1.0,0.3413128086,0.3528435969,0.05546671152,0.05546671152
4615,1.0,0.0,0.0,0.0,1.0,1.0,0.3440701624,0.3603429126,0.05671769381,0.0572578311
4616,1.0,0.0,0.0,0.0,1.0,1.0,0.3413527579,0.3574273782,0.05505943298,0.05585354567
4617,1.0,0.0,0.0,0.0,1.0,1.0,0.3483398797,0.368037524,0.05745685101,0.05853074789
4618,1.0,0.0,0.0,0.0,1.0,1.0,0.3434561747,0.365441929,0.05608320236,0.05714637041
4619,1.0,0.0,0.0,0.0,1.0,1.0,0.3438593992,0.3692852509,0.05798244476,0.05906623602
4620,1.0,0.0,0.0,0.0,1.0,1.0,0.3428038934,0.3663492959,0.05636245012,0.0574208498
4621,1.0,0.0,0.0,0.0,1.0,1.0,0.3433075371,0.3692854562,0.0569806695,0.0580457449
4622,1.0,0.0,0.0,0.0,1.0,1.0,0.3385205806,0.3620429733,0.05669039488,0.05750030279
4623,1.0,0.0,0.0,0.0,1.0,1.0,0.3454661827,0.3709794925,0.0576274991,0.05869966745
4624,1.0,0.0,0.0,0.0,1.0,1.0,0.3481201305,0.3714141631,0.05776315928,0.05856174231
4625,1.0,0.0,0.0,0.0,1.0,1.0,0.3444680513,0.3666893823,0.05671691895,0.05724942684
4626,1.0,0.0,0.0,0.0,1.0,1.0,0.3460850111,0.3666892981,0.05665045977,0.05691516399
4627,1.0,0.0,0.0,0.0,1.0,1.0,0.34508414,0.3674921568,0.05641949177,0.05695170164
4628,1.0,0.0,0.0,0.0,1.0,1.0,0.339096167,0.3618671508,0.05659037828,0.05686122179
4629,1.0,0.0,0.0,0.0,1.0,1.0,0.346211816,0.3734757199,0.05671983957,0.05698740482
4630,1.0,0.0,0.0,0.0,1.0,1.0,0.3331472691,0.3584567521,0.05446374416,0.05473333597
4631,1.0,0.0,0.0,0.0,1.0,1.0,0.3314898618,0.3635960043,0.05290406942,0.05369758606
4632,1.0,0.0,0.0,0.0,1.0,1.0,0.340235491,0.3708175157,0.05592608452,0.05646383762
4633,1.0,0.0,0.0,0.0,1.0,1.0,0.3238322489,0.3569435146,0.05261623859,0.05341750383
4634,1.0,0.0,0.0,0.0,1.0,1.0,0.3211906677,0.3478624388,0.05252414942,0.05252420902
4635,1.0,0.0,0.0,0.0,1.0,1.0,0.318449478,0.3443305345,0.05156803131,0.05156803131
4636,1.0,0.0,0.0,0.0,1.0,1.0,0.3206676324,0.3448776085,0.05224233866,0.05197715759
4637,1.0,0.0,0.0,0.0,1.0,1.0,0.3179302739,0.3432248089,0.05157202482,0.0510430932
4638,1.0,0.0,0.0,0.0,1.0,1.0,0.3096630916,0.3476318094,0.05039858818,0.05119854212
4639,1.0,0.0,0.0,0.0,1.0,1.0,0.2985128893,0.3307243912,0.04795879126,0.04822379351
4640,1.0,0.0,0.0,0.0,1.0,1.0,0.3150055431,0.3558901481,0.05189704895,0.0524405241
4641,1.0,0.0,0.0,0.0,1.0,1.0,0.3003248827,0.3393625324,0.04886329174,0.04859626293
4642,1.0,0.0,0.0,0.0,1.0,1.0,0.298365485,0.3405509472,0.04909586906,0.04936414957
4643,1.0,0.0,0.0,0.0,1.0,1.0,0.3088889766,0.3540461077,0.05187243223,0.0521440506
4644,1.0,0.0,0.0,0.0,1.0,1.0,0.3152710294,0.3553570242,0.05249112844,0.05194997787
4645,1.0,0.0,0.0,0.0,1.0,1.0,0.2926000138,0.3368903707,0.04820483923,0.04874640703
4646,1.0,0.0,0.0,0.0,1.0,1.0,0.3087709316,0.3516557413,0.05149245262,0.05149245262
4647,1.0,0.0,0.0,0.0,1.0,1.0,0.3046875801,0.3458145806,0.04958093166,0.04958093166
4648,1.0,0.0,0.0,0.0,1.0,1.0,0.2990066153,0.333775912,0.04866415262,0.04758870602
4649,1.0,0.0,0.0,0.0,1.0,1.0,0.2991753418,0.3406336397,0.04986447096,0.04986441135
4650,1.0,0.0,0.0,0.0,1.0,1.0,0.2948355087,0.3262327656,0.04804861546,0.04696273804
4651,1.0,0.0,0.0,0.0,1.0,1.0,0.2103144884,0.1853801803,0.03283184767,0.02581644058
4652,1.0,0.0,0.0,0.0,1.0,1.0,0.1543394708,0.1117515726,0.02357316017,0.01523625851
4653,1.0,0.0,0.0,0.0,1.0,1.0,0.1675146551,0.09448508162,0.02593827248,0.01311486959
4654,1.0,0.0,0.0,0.0,1.0,1.0,0.1586704992,0.1121822806,0.02497518063,0.01578891277
4655,1.0,0.0,0.0,0.0,1.0,1.0,0.1938422422,0.1606243635,0.03022313118,0.02245932817
4656,1.0,0.0,0.0,0.0,1.0,1.0,0.2417173487,0.2276721742,0.03874564171,0.0324254632
4657,1.0,0.0,0.0,0.0,1.0,1.0,0.2713490525,0.2863784573,0.04364687204,0.04039371014
4658,1.0,0.0,0.0,0.0,1.0,1.0,0.287918835,0.3104326486,0.04700499773,0.04430353642
4659,1.0,0.0,0.0,0.0,1.0,1.0,0.2963746212,0.3312329574,0.04857438803,0.04668545723
4660,1.0,0.0,0.0,0.0,1.0,1.0,0.3003248278,0.3318758187,0.04926419258,0.04684138298
4661,1.0,0.0,0.0,0.0,1.0,1.0,0.3041065563,0.3350619641,0.05020523071,0.04749143124
4662,1.0,0.0,0.0,0.0,1.0,1.0,0.3033129603,0.3382725436,0.04891514778,0.04704409838
4663,1.0,0.0,0.0,0.0,1.0,1.0,0.2135250494,0.184323716,0.03330051899,0.0251853466
4664,1.0,0.0,0.0,0.0,1.0,1.0,0.1693653039,0.09105072443,0.02590477467,0.01224070787
4665,1.0,0.0,0.0,0.0,1.0,1.0,0.1668829112,0.08681574184,0.02568268776,0.01169985533
4666,1.0,0.0,0.0,0.0,1.0,1.0,0.1680637136,0.1131057199,0.02657169104,0.01554727554
4667,1.0,0.0,0.0,0.0,1.0,1.0,0.2294373211,0.209882732,0.03679990768,0.02927261591
4668,1.0,0.0,0.0,0.0,1.0,1.0,0.2783677349,0.2838881343,0.04527002573,0.03981584311
4669,1.0,0.0,0.0,0.0,1.0,1.0,0.2905937737,0.3118412856,0.04706501961,0.04380041361
4670,1.0,0.0,0.0,0.0,1.0,1.0,0.2881721166,0.303676638,0.04716795683,0.04307830334
4671,1.0,0.0,0.0,0.0,1.0,1.0,0.2931695804,0.314496464,0.04756188393,0.04404884577
4672,1.0,0.0,0.0,0.0,1.0,1.0,0.2953277881,0.3113645543,0.0478938818,0.04383504391
4673,1.0,0.0,0.0,0.0,1.0,1.0,0.2903785173,0.3106373181,0.04656517506,0.04358714819
4674,1.0,0.0,0.0,0.0,1.0,1.0,0.2953274822,0.3216596474,0.04786592722,0.04543209076
4675,1.0,0.0,0.0,0.0,1.0,1.0,0.2829239001,0.3044276324,0.04587459564,0.04316014051
4676,1.0,0.0,0.0,0.0,1.0,1.0,0.2879461669,0.3044277564,0.04655241966,0.04303395748
4677,1.0,0.0,0.0,0.0,1.0,1.0,0.2904360429,0.3215261503,0.04625314474,0.04516488314
4678,1.0,0.0,0.0,0.0,1.0,1.0,0.2981386457,0.3350618749,0.04785436392,0.04758244753
4679,1.0,0.0,0.0,0.0,1.0,1.0,0.3008353113,0.3375473048,0.04816323519,0.04789566994
4680,1.0,0.0,0.0,0.0,1.0,1.0,0.3107507383,0.3482903079,0.04959952831,0.04933142662
4681,1.0,0.0,0.0,0.0,1.0,1.0,0.3072608259,0.3488614828,0.04966372252,0.05048233271
4682,1.0,0.0,0.0,0.0,1.0,1.0,0.3001679439,0.3368905712,0.04854398966,0.04881519079
4683,1.0,0.0,0.0,0.0,1.0,1.0,0.3048296965,0.3368489163,0.04932767153,0.04905813932
4684,1.0,0.0,0.0,0.0,1.0,1.0,0.3028110368,0.3343720937,0.04846119881,0.04819637537
4685,1.0,0.0,0.0,0.0,1.0,1.0,0.3011563668,0.3331473009,0.04863792658,0.04863792658
4686,1.0,0.0,0.0,0.0,1.0,1.0,0.3061204311,0.3301078689,0.04913181067,0.04806953669
4687,1.0,0.0,0.0,0.0,1.0,1.0,0.3105702828,0.337402926,0.05004274845,0.04924422503
4688,1.0,0.0,0.0,0.0,1.0,1.0,0.3138743304,0.3416271888,0.05051678419,0.04998499155
4689,1.0,0.0,0.0,0.0,1.0,1.0,0.3105703011,0.3391607254,0.0497173667,0.0497173667
4690,1.0,0.0,0.0,0.0,1.0,1.0,0.3080244483,0.3337420592,0.04995751381,0.0496917963
4691,1.0,0.0,0.0,0.0,1.0,1.0,0.3111934721,0.335526925,0.05058735609,0.05031973124
4692,1.0,0.0,0.0,0.0,1.0,1.0,0.3100579349,0.3385204437,0.04994016886,0.05020576715
4693,1.0,0.0,0.0,0.0,1.0,1.0,0.3121181692,0.3415361346,0.04999369383,0.05052554607
4694,1.0,0.0,0.0,0.0,1.0,1.0,0.3076487133,0.337940514,0.04937595129,0.05017656088
4695,1.0,0.0,0.0,0.0,1.0,1.0,0.3104581082,0.3379406644,0.05032122135,0.05059027672
4696,1.0,0.0,0.0,0.0,1.0,1.0,0.3071374521,0.3379407055,0.04923188686,0.05003023148
4697,1.0,0.0,0.0,0.0,1.0,1.0,0.3013141656,0.3283882206,0.04821318388,0.04847669601
4698,1.0,0.0,0.0,0.0,1.0,1.0,0.2937607535,0.3183274178,0.04681271315,0.04681265354
4699,1.0,0.0,0.0,0.0,1.0,1.0,0.2960077828,0.3206097613,0.04732555151,0.04759144783
4700,1.0,0.0,0.0,0.0,1.0,1.0,0.2923990129,0.3152361872,0.04658448696,0.04632127285
4701,1.0,0.0,0.0,0.0,1.0,1.0,0.2869682969,0.3076571722,0.04550772905,0.04524618387
4702,1.0,0.0,0.0,0.0,1.0,1.0,0.2917111169,0.3134448588,0.0464874506,0.04622328281
4703,1.0,0.0,0.0,0.0,1.0,1.0,0.2907468176,0.3134449694,0.04638755322,0.04612398148
4704,1.0,0.0,0.0,0.0,1.0,1.0,0.3023101474,0.3379408744,0.04870206118,0.05003279448
4705,1.0,0.0,0.0,0.0,1.0,1.0,0.2895273205,0.3176794964,0.04643702507,0.04669934511
4706,1.0,0.0,0.0,0.0,1.0,1.0,0.2930818096,0.3199648181,0.04707419872,0.04707413912
4707,1.0,0.0,0.0,0.0,1.0,1.0,0.2914351871,0.3199651278,0.04711675644,0.04738295078
4708,1.0,0.0,0.0,0.0,1.0,1.0,0.294434625,0.3199650988,0.04807442427,0.04754024744
4709,1.0,0.0,0.0,0.0,1.0,1.0,0.2937604984,0.3222839342,0.04734015465,0.04707568884
4710,1.0,0.0,0.0,0.0,1.0,1.0,0.2939535772,0.32292415,0.04787641764,0.04761040211
4711,1.0,0.0,0.0,0.0,1.0,1.0,0.2963747298,0.3265324981,0.04796493053,0.0482314229
4712,1.0,0.0,0.0,0.0,1.0,1.0,0.2942436397,0.324728327,0.04784619808,0.04811346531
4713,1.0,0.0,0.0,0.0,1.0,1.0,0.2841222018,0.3111813769,0.04575431347,0.04575431347
4714,1.0,0.0,0.0,0.0,1.0,1.0,0.2067813061,0.2073940393,0.03204524517,0.02951532602
4715,1.0,0.0,0.0,0.0,1.0,1.0,0.1459442639,0.1430649129,0.02225273848,0.01999926567
4716,1.0,0.0,0.0,0.0,1.0,1.0,0.1323889751,0.1146900721,0.0199303031,0.01571965218
4717,1.0,0.0,0.0,0.0,1.0,1.0,0.1277064106,0.1085456302,0.0196288228,0.01507717371
4718,1.0,0.0,0.0,0.0,1.0,1.0,0.1256229241,0.1126419822,0.01917344332,0.01550793648
4719,1.0,0.0,0.0,0.0,1.0,1.0,0.130038913,0.1131057427,0.01981252432,0.01556700468
4720,1.0,0.0,0.0,0.0,1.0,1.0,0.1260893289,0.1126419293,0.02016466856,0.01630961895
4721,1.0,0.0,0.0,0.0,1.0,1.0,0.1235265351,0.1192749981,0.01883065701,0.01654815674
4722,1.0,0.0,0.0,0.0,1.0,1.0,0.1232955764,0.1161174977,0.01884758472,0.01599186659
4723,1.0,0.0,0.0,0.0,1.0,1.0,0.1232958975,0.1218329149,0.01876062155,0.01677083969
4724,1.0,0.0,0.0,0.0,1.0,1.0,0.1226082615,0.1249304318,0.01851534843,0.01711267233
4725,1.0,0.0,0.0,0.0,1.0,1.0,0.1216547816,0.1197677642,0.01890558004,0.01686960459
4726,1.0,0.0,0.0,0.0,1.0,1.0,0.1249304157,0.1192749905,0.01948642731,0.01686882973
4727,1.0,0.0,0.0,0.0,1.0,1.0,0.1256228377,0.1203409464,0.01962578297,0.01702827215
4728,1.0,0.0,0.0,0.0,1.0,1.0,0.1265116252,0.1199332243,0.02102744579,0.01802355051
4729,1.0,0.0,0.0,0.0,1.0,1.0,0.1260722809,0.1229154546,0.01930165291,0.01706379652
4730,1.0,0.0,0.0,0.0,1.0,1.0,0.1306823156,0.1264598692,0.02146536112,0.01874434948
4731,1.0,0.0,0.0,0.0,1.0,1.0,0.1297263841,0.1279774917,0.02086269855,0.01851201057
4732,1.0,0.0,0.0,0.0,1.0,1.0,0.1253843793,0.1254358142,0.01924979687,0.01729691029
4733,1.0,0.0,0.0,0.0,1.0,1.0,0.1315054914,0.1405462528,0.02106499672,0.02022236586
4734,1.0,0.0,0.0,0.0,1.0,1.0,0.1895491732,0.2018101755,0.0307867527,0.02938735485
4735,1.0,0.0,0.0,0.0,1.0,1.0,0.2230296449,0.2564111785,0.03630822897,0.03740024567
4736,1.0,0.0,0.0,0.0,1.0,1.0,0.2933685291,0.330670414,0.04856294394,0.04883730412
4737,1.0,0.0,0.0,0.0,1.0,1.0,0.3024629179,0.3380464711,0.04876613617,0.04876607656
4738,1.0,0.0,0.0,0.0,1.0,1.0,0.303460895,0.3448260653,0.04997950792,0.05079442263
4739,1.0,0.0,0.0,0.0,1.0,1.0,0.2944347186,0.3362093495,0.04849165678,0.04929983616
4740,1.0,0.0,0.0,0.0,1.0,1.0,0.2867250362,0.3270236219,0.04762363434,0.04844009876
4741,1.0,0.0,0.0,0.0,1.0,1.0,0.3033133959,0.3405506926,0.05002623796,0.05029958487
4742,1.0,0.0,0.0,0.0,1.0,1.0,0.2936588541,0.3325210991,0.04826050997,0.04853475094
4743,1.0,0.0,0.0,0.0,1.0,1.0,0.2937546623,0.3237891617,0.04681998491,0.04655092955
4744,1.0,0.0,0.0,0.0,1.0,1.0,0.2645578646,0.2986614405,0.04244661331,0.04244667292
4745,1.0,0.0,0.0,0.0,1.0,1.0,0.122572851,0.1580313238,0.01864123344,0.02122235298
4746,1.0,0.0,0.0,0.0,1.0,1.0,0.1048106126,0.1503396852,0.01614409685,0.02046835423
4747,1.0,0.0,0.0,0.0,1.0,1.0,0.10530145,0.1566922964,0.01677489281,0.02177798748
4748,1.0,0.0,0.0,0.0,1.0,1.0,0.1498282736,0.2067120077,0.02383798361,0.02888602018
4749,1.0,0.0,0.0,0.0,1.0,1.0,0.2468397295,0.2841550566,0.03969466686,0.04024982452
4750,1.0,0.0,0.0,0.0,1.0,1.0,0.2942520254,0.3248186221,0.04844135046,0.04704934359
4751,1.0,0.0,0.0,0.0,1.0,1.0,0.304914397,0.3312326823,0.04955244064,0.04762542248
4752,1.0,0.0,0.0,0.0,1.0,1.0,0.3148927679,0.3389579425,0.05107748508,0.04857909679
4753,1.0,0.0,0.0,0.0,1.0,1.0,0.3177712514,0.3499990624,0.05172967911,0.05006098747
4754,1.0,0.0,0.0,0.0,1.0,1.0,0.3090710934,0.3440385567,0.05075156689,0.04937243462
4755,1.0,0.0,0.0,0.0,1.0,1.0,0.2981388339,0.3383329472,0.04842996597,0.04787963629
4756,1.0,0.0,0.0,0.0,1.0,1.0,0.3129565049,0.3530849288,0.05108249187,0.05025863647
4757,1.0,0.0,0.0,0.0,1.0,1.0,0.3297988458,0.3699482353,0.05510008335,0.05342191458
4758,1.0,0.0,0.0,0.0,1.0,1.0,0.3164063048,0.3636102972,0.05171912909,0.05117183924
4759,1.0,0.0,0.0,0.0,1.0,1.0,0.3292672393,0.3704495086,0.05384838581,0.05221658945
4760,1.0,0.0,0.0,0.0,1.0,1.0,0.3292669859,0.372378674,0.05485290289,0.05346769094
4761,1.0,0.0,0.0,0.0,1.0,1.0,0.3259411878,0.3738223923,0.05435961485,0.05352759361
4762,1.0,0.0,0.0,0.0,1.0,1.0,0.3309188595,0.3713879662,0.05477035046,0.05283403397
4763,1.0,0.0,0.0,0.0,1.0,1.0,0.312222269,0.3674993947,0.05193245411,0.05193251371
4764,1.0,0.0,0.0,0.0,1.0,1.0,0.3253996421,0.3699484297,0.05380290747,0.05243039131
4765,1.0,0.0,0.0,0.0,1.0,1.0,0.3275479895,0.3699485257,0.05392992496,0.05282372236
4766,1.0,0.0,0.0,0.0,1.0,1.0,0.3303664941,0.377696129,0.05425101519,0.05342900753
4767,1.0,0.0,0.0,0.0,1.0,1.0,0.3259411661,0.3757592329,0.05370986462,0.05316179991
4768,1.0,0.0,0.0,0.0,1.0,1.0,0.3320351867,0.3743083672,0.05479979515,0.05342286825
4769,1.0,0.0,0.0,0.0,1.0,1.0,0.3342503593,0.3790986815,0.0559540987,0.05484610796
4770,1.0,0.0,0.0,0.0,1.0,1.0,0.3226151261,0.3676105041,0.05360931158,0.05305659771
4771,1.0,0.0,0.0,0.0,1.0,1.0,0.3260122461,0.3625793983,0.05401223898,0.05264830589
4772,1.0,0.0,0.0,0.0,1.0,1.0,0.3331473274,0.3667153734,0.05456978083,0.05292445421
4773,1.0,0.0,0.0,0.0,1.0,1.0,0.3231026769,0.3629152419,0.0539701581,0.05341088772
4774,1.0,0.0,0.0,0.0,1.0,1.0,0.3080359759,0.3501832692,0.04997676611,0.05024832487
4775,1.0,0.0,0.0,0.0,1.0,1.0,0.311273702,0.343204838,0.05181640387,0.05097621679
4776,1.0,0.0,0.0,0.0,1.0,1.0,0.3225088642,0.3518635476,0.05253219604,0.05143779516
4777,1.0,0.0,0.0,0.0,1.0,1.0,0.3037355013,0.3420146411,0.04964435101,0.04992169142
4778,1.0,0.0,0.0,0.0,1.0,1.0,0.3083024578,0.3426116805,0.050321877,0.05004537106
4779,1.0,0.0,0.0,0.0,1.0,1.0,0.3075205458,0.349428939,0.05037790537,0.05092549324
4780,1.0,0.0,0.0,0.0,1.0,1.0,0.3046875759,0.3469761259,0.0504437685,0.0509980917
4781,1.0,0.0,0.0,0.0,1.0,1.0,0.3046874568,0.3425055516,0.04931759834,0.04958862066
4782,1.0,0.0,0.0,0.0,1.0,1.0,0.3112741073,0.3469759228,0.05027616024,0.05000436306
4783,1.0,0.0,0.0,0.0,1.0,1.0,0.3082856466,0.3455320315,0.05154949427,0.05154949427
4784,1.0,0.0,0.0,0.0,1.0,1.0,0.3059852948,0.3418167204,0.0504411459,0.0504412055
4785,1.0,0.0,0.0,0.0,1.0,1.0,0.2855548659,0.3281187776,0.04654175043,0.04763686657
4786,1.0,0.0,0.0,0.0,1.0,1.0,0.2946424724,0.3375474715,0.04829746485,0.04912078381
4787,1.0,0.0,0.0,0.0,1.0,1.0,0.2838944249,0.3337687661,0.04686158895,0.049053967
4788,1.0,0.0,0.0,0.0,1.0,1.0,0.2897885175,0.3386993789,0.04962587357,0.05159962177
4789,1.0,0.0,0.0,0.0,1.0,1.0,0.2829546322,0.3374982044,0.04762893915,0.0504142642
4790,1.0,0.0,0.0,0.0,1.0,1.0,0.2676190481,0.3263103271,0.04527896643,0.04891246557
4791,1.0,0.0,0.0,0.0,1.0,1.0,0.1483272312,0.2338691969,0.02370035648,0.03301113844
4792,1.0,0.0,0.0,0.0,1.0,1.0,0.1079984842,0.1920412384,0.01694017649,0.02670222521
4793,1.0,0.0,0.0,0.0,1.0,1.0,0.1087956258,0.1845444246,0.01673430204,0.02524322271
4794,1.0,0.0,0.0,0.0,1.0,1.0,0.1208118441,0.1767304401,0.01896572113,0.02500021458
4795,1.0,0.0,0.0,0.0,1.0,1.0,0.1461276112,0.1983020177,0.02323710918,0.02868783474
4796,1.0,0.0,0.0,0.0,1.0,1.0,0.2149150254,0.2680497819,0.03492128849,0.03974783421
4797,1.0,0.0,0.0,0.0,1.0,1.0,0.2570966446,0.3020701657,0.0422578454,0.04533624649
4798,1.0,0.0,0.0,0.0,1.0,1.0,0.2688856454,0.3125524087,0.04440224171,0.0480325222
4799,1.0,0.0,0.0,0.0,1.0,1.0,0.2696641078,0.3089184923,0.04475319386,0.04755026102
4800,1.0,0.0,0.0,0.0,1.0,1.0,0.2666325811,0.3164900289,0.04382789135,0.0483520627
4801,1.0,0.0,0.0,0.0,1.0,1.0,0.2564012127,0.3080987191,0.04179191589,0.04662501812
4802,1.0,0.0,0.0,0.0,1.0,1.0,0.2736771995,0.3163025462,0.04557842016,0.04875159264
4803,1.0,0.0,0.0,0.0,1.0,1.0,0.2687427395,0.2979815023,0.04321449995,0.04547405243
4804,1.0,0.0,0.0,0.0,1.0,1.0,0.265696529,0.2950382453,0.04322981834,0.04580646753
4805,1.0,0.0,0.0,0.0,1.0,1.0,0.2793580263,0.2998326177,0.04577744007,0.0469147563
4806,1.0,0.0,0.0,0.0,1.0,1.0,0.2692797499,0.2925640595,0.04346573353,0.04485887289
4807,1.0,0.0,0.0,0.0,1.0,1.0,0.2739850521,0.2933144483,0.04510343075,0.04595440626
4808,1.0,0.0,0.0,0.0,1.0,1.0,0.2725749994,0.294059688,0.04440432787,0.04552143812
4809,1.0,0.0,0.0,0.0,1.0,1.0,0.2735134799,0.2947992455,0.04463297129,0.04603648186
4810,1.0,0.0,0.0,0.0,1.0,1.0,0.2811465759,0.3019897982,0.04711735249,0.04826658964
4811,1.0,0.0,0.0,0.0,1.0,1.0,0.2870193236,0.3009072847,0.04755461216,0.04755461216
4812,1.0,0.0,0.0,0.0,1.0,1.0,0.2857991675,0.2998326626,0.04763531685,0.04792058468
4813,1.0,0.0,0.0,0.0,1.0,1.0,0.2831183429,0.2977058726,0.045758605,0.04630988836
4814,1.0,0.0,0.0,0.0,1.0,1.0,0.285310736,0.3041008873,0.04686641693,0.04798901081
4815,1.0,0.0,0.0,0.0,1.0,1.0,0.2904364298,0.3058791438,0.04809236526,0.04865813255
4816,1.0,0.0,0.0,0.0,1.0,1.0,0.2972699208,0.3194646298,0.04880410433,0.05020654202
4817,1.0,0.0,0.0,0.0,1.0,1.0,0.2897180817,0.3087561544,0.04751956463,0.04864430428
4818,1.0,0.0,0.0,0.0,1.0,1.0,0.288234818,0.3037173628,0.04674512148,0.04757493734
4819,1.0,0.0,0.0,0.0,1.0,1.0,0.2801205235,0.2959339814,0.04600405693,0.04742389917
4820,1.0,0.0,0.0,0.0,1.0,1.0,0.2808204539,0.2863169591,0.04546070099,0.04546070099
4821,1.0,0.0,0.0,0.0,1.0,1.0,0.2887662466,0.302647907,0.04642188549,0.0478117466
4822,1.0,0.0,0.0,0.0,1.0,1.0,0.2907154706,0.2994843758,0.04609465599,0.04691290855
4823,1.0,0.0,0.0,0.0,1.0,1.0,0.2934456568,0.305093146,0.04728412628,0.04839676619
4824,1.0,0.0,0.0,0.0,1.0,1.0,0.2923535099,0.3077864171,0.04725116491,0.04889947176
4825,1.0,0.0,0.0,0.0,1.0,1.0,0.2925609524,0.3077865426,0.0469968915,0.04835516214
4826,1.0,0.0,0.0,0.0,1.0,1.0,0.2889143618,0.306725481,0.04684555531,0.04847973585
4827,1.0,0.0,0.0,0.0,1.0,1.0,0.2795051686,0.2984444563,0.04462814331,0.04652142525
4828,1.0,0.0,0.0,0.0,1.0,1.0,0.2884293536,0.3112448313,0.04598367214,0.04812246561
4829,1.0,0.0,0.0,0.0,1.0,1.0,0.2917834213,0.3112448701,0.04688328505,0.04849994183
4830,1.0,0.0,0.0,0.0,1.0,1.0,0.2857964494,0.3047079344,0.04589343071,0.04752278328
4831,1.0,0.0,0.0,0.0,1.0,1.0,0.3008353823,0.3227364721,0.04860347509,0.05022358894
4832,1.0,0.0,0.0,0.0,1.0,1.0,0.293460104,0.3140605151,0.04733020067,0.04895293713
4833,1.0,0.0,0.0,0.0,1.0,1.0,0.2782826113,0.2935422431,0.04397672415,0.04504930973
4834,1.0,0.0,0.0,0.0,1.0,1.0,0.2877182748,0.310353176,0.04680031538,0.04844242334
4835,1.0,0.0,0.0,0.0,1.0,1.0,0.2748888888,0.3005436754,0.04369109869,0.0455789566
4836,1.0,0.0,0.0,0.0,1.0,1.0,0.2915041414,0.3189705405,0.04694753885,0.04828882217
4837,1.0,0.0,0.0,0.0,1.0,1.0,0.2876931603,0.3158949194,0.04660838842,0.0476859808
4838,1.0,0.0,0.0,0.0,1.0,1.0,0.2813487716,0.3212488747,0.04650318623,0.04866605997
4839,1.0,0.0,0.0,0.0,1.0,1.0,0.2792557524,0.3228126156,0.04582411051,0.04743200541
4840,1.0,0.0,0.0,0.0,1.0,1.0,0.2740668678,0.3251862539,0.04466974735,0.047344625
4841,1.0,0.0,0.0,0.0,1.0,1.0,0.2667373646,0.317491925,0.04413712025,0.04604429007
4842,1.0,0.0,0.0,0.0,1.0,1.0,0.273169893,0.3268852756,0.04535955191,0.04726088047
4843,1.0,0.0,0.0,0.0,1.0,1.0,0.2794492653,0.3388912362,0.04669779539,0.04862064123
4844,1.0,0.0,0.0,0.0,1.0,1.0,0.2791826863,0.3428318615,0.04650306702,0.04870444536
4845,1.0,0.0,0.0,0.0,1.0,1.0,0.279449396,0.3440387235,0.04642665386,0.04888451099
4846,1.0,0.0,0.0,0.0,1.0,1.0,0.2816015777,0.3439144657,0.04686290026,0.04903000593
4847,1.0,0.0,0.0,0.0,1.0,1.0,0.2846201144,0.3503789358,0.04753154516,0.04999005795
4848,1.0,0.0,0.0,0.0,1.0,1.0,0.2818098356,0.3388913613,0.04670929909,0.0480671525
4849,1.0,0.0,0.0,0.0,1.0,1.0,0.2767184234,0.3331474802,0.04650914669,0.04815065861
4850,1.0,0.0,0.0,0.0,1.0,1.0,0.2788766784,0.3375472278,0.04643261433,0.04804295301
4851,1.0,0.0,0.0,0.0,1.0,1.0,0.2733102244,0.3318901609,0.04535275698,0.04723125696
4852,1.0,0.0,0.0,0.0,1.0,1.0,0.2813487059,0.3356617796,0.04633235931,0.04794859886
4853,1.0,0.0,0.0,0.0,1.0,1.0,0.2941446714,0.3455319896,0.0514048934,0.05282491446
4854,1.0,0.0,0.0,0.0,1.0,1.0,0.3045917563,0.3532823579,0.06307476759,0.06340324879
4855,1.0,0.0,0.0,0.0,1.0,1.0,0.3093510306,0.3651097286,0.05598735809,0.05684870481
4856,1.0,0.0,0.0,0.0,1.0,1.0,0.2908342739,0.3486857427,0.04949527979,0.05113601685
4857,1.0,0.0,0.0,0.0,1.0,1.0,0.2993496983,0.3511050418,0.0500857234,0.05089354515
4858,1.0,0.0,0.0,0.0,1.0,1.0,0.3012905157,0.3466699209,0.05008924007,0.05062782764
4859,1.0,0.0,0.0,0.0,1.0,1.0,0.3004855818,0.3429815955,0.04996621609,0.05050933361
4860,1.0,0.0,0.0,0.0,1.0,1.0,0.3081475866,0.3545813407,0.05131858587,0.05240470171
4861,1.0,0.0,0.0,0.0,1.0,1.0,0.3054775043,0.3453953781,0.04961431026,0.05069285631
4862,1.0,0.0,0.0,0.0,1.0,1.0,0.2978466945,0.3307504791,0.04823559523,0.04930752516
4863,1.0,0.0,0.0,0.0,1.0,1.0,0.2969477706,0.3246361749,0.04784744978,0.0486677289
4864,1.0,0.0,0.0,0.0,1.0,1.0,0.2593054701,0.2834780538,0.04092520475,0.04228031635
4865,1.0,0.0,0.0,0.0,1.0,1.0,0.1438310234,0.1477775069,0.02176868916,0.02121055126
4866,1.0,0.0,0.0,0.0,1.0,1.0,0.1501945006,0.1455122547,0.02241057158,0.02102714777
4867,1.0,0.0,0.0,0.0,1.0,1.0,0.1860274118,0.1827341251,0.02837860584,0.02726578712
4868,1.0,0.0,0.0,0.0,1.0,1.0,0.2237015692,0.2126085219,0.03423964977,0.03230679035
4869,1.0,0.0,0.0,0.0,1.0,1.0,0.2770385891,0.2681432921,0.04389750957,0.04278618097
4870,1.0,0.0,0.0,0.0,1.0,1.0,0.3104722358,0.3001735578,0.0491271019,0.04857510328
4871,1.0,0.0,0.0,0.0,1.0,1.0,0.3230880453,0.3087011527,0.05027842522,0.05000209808
4872,1.0,0.0,0.0,0.0,1.0,1.0,0.3295064739,0.3108228221,0.05096250772,0.05096244812
4873,1.0,0.0,0.0,0.0,1.0,1.0,0.3289074992,0.3121122287,0.05072784424,0.05128830671
4874,1.0,0.0,0.0,0.0,1.0,1.0,0.3465220716,0.3224550824,0.05334788561,0.05362862349
4875,1.0,0.0,0.0,0.0,1.0,1.0,0.3483455972,0.3236444978,0.05303382874,0.05358910561
4876,1.0,0.0,0.0,0.0,1.0,1.0,0.3498048405,0.3258316801,0.05227601528,0.0533823967
4877,1.0,0.0,0.0,0.0,1.0,1.0,0.3565475071,0.3314646746,0.05444538593,0.05557382107
4878,1.0,0.0,0.0,0.0,1.0,1.0,0.3595780313,0.3353610587,0.05386209488,0.05579560995
4879,1.0,0.0,0.0,0.0,1.0,1.0,0.3572705247,0.3320513926,0.05361437798,0.05553901196
4880,1.0,0.0,0.0,0.0,1.0,1.0,0.3596164133,0.3424318188,0.05359447002,0.05685913563
4881,1.0,0.0,0.0,0.0,1.0,1.0,0.3625794958,0.3386809489,0.05263644457,0.05563640594
4882,1.0,0.0,0.0,0.0,1.0,1.0,0.3644580408,0.3407935773,0.05255848169,0.05635142326
4883,1.0,0.0,0.0,0.0,1.0,1.0,0.355686362,0.3282477333,0.05242973566,0.05488735437
4884,1.0,0.0,0.0,0.0,1.0,1.0,0.3593075058,0.3391546661,0.05269652605,0.05741143227
4885,1.0,0.0,0.0,0.0,1.0,1.0,0.3532997698,0.3315144641,0.05131852627,0.05570948124
4886,1.0,0.0,0.0,0.0,1.0,1.0,0.3658334452,0.3428506647,0.05328029394,0.05822384357
4887,1.0,0.0,0.0,0.0,1.0,1.0,0.3810957851,0.3583205654,0.05522847176,0.06037223339
4888,1.0,0.0,0.0,0.0,1.0,1.0,0.3752622455,0.351893445,0.05664169788,0.06233429909
4889,1.0,0.0,0.0,0.0,1.0,1.0,0.375490905,0.3512415067,0.0549788475,0.06017589569
4890,1.0,0.0,0.0,0.0,1.0,1.0,0.3739724521,0.3528381184,0.05719536543,0.06320089102
4891,1.0,0.0,0.0,0.0,1.0,1.0,0.3812791131,0.3512417447,0.05450499058,0.05936187506
4892,1.0,0.0,0.0,0.0,1.0,1.0,0.370729865,0.3481926972,0.05528998375,0.06155997515
4893,1.0,0.0,0.0,0.0,1.0,1.0,0.391750252,0.3643126216,0.05916368961,0.0652244091
4894,1.0,0.0,0.0,0.0,1.0,1.0,0.3971037414,0.3644460006,0.06052112579,0.06663143635
4895,1.0,0.0,0.0,0.0,1.0,1.0,0.3921256599,0.3640140715,0.05987989902,0.06659811735
4896,1.0,0.0,0.0,0.0,1.0,1.0,0.3955523287,0.3711756706,0.05987125635,0.06713724136
4897,1.0,0.0,0.0,0.0,1.0,1.0,0.3821113494,0.3592241107,0.05721616745,0.06469160318
4898,1.0,0.0,0.0,0.0,1.0,1.0,0.3951283818,0.363141109,0.05783039331,0.06406694651
4899,1.0,0.0,0.0,0.0,1.0,1.0,0.3892664723,0.3594767236,0.05894571543,0.06572449207
4900,1.0,0.0,0.0,0.0,1.0,1.0,0.379633011,0.3528382099,0.05895698071,0.06647700071
4901,1.0,0.0,0.0,0.0,1.0,1.0,0.3898396958,0.3605582611,0.06007856131,0.0671466589
4902,1.0,0.0,0.0,0.0,1.0,1.0,0.3789991238,0.35283824,0.0588786602,0.06605172157
4903,1.0,0.0,0.0,0.0,1.0,1.0,0.3815696951,0.3535006127,0.05798465014,0.06475448608
4904,1.0,0.0,0.0,0.0,1.0,1.0,0.3762603523,0.343356522,0.05921328068,0.06568974257
4905,1.0,0.0,0.0,0.0,1.0,1.0,0.3754051521,0.3455862691,0.05512136221,0.06147038937
4906,1.0,0.0,0.0,0.0,1.0,1.0,0.3696562488,0.3402008041,0.05595988035,0.06188160181
4907,1.0,0.0,0.0,0.0,1.0,1.0,0.3765159813,0.3462120033,0.05493599176,0.06097602844
4908,1.0,0.0,0.0,0.0,1.0,1.0,0.3628984686,0.3407188449,0.05367338657,0.06092655659
4909,1.0,0.0,0.0,0.0,1.0,1.0,0.3713881371,0.3444675001,0.05511820316,0.06146681309
4910,1.0,0.0,0.0,0.0,1.0,1.0,0.3723409407,0.3418286945,0.05556404591,0.06141293049
4911,1.0,0.0,0.0,0.0,1.0,1.0,0.3835066665,0.3514166947,0.05795365572,0.0638076067
4912,1.0,0.0,0.0,0.0,1.0,1.0,0.3632550724,0.3353176538,0.05447763205,0.06066155434
4913,1.0,0.0,0.0,0.0,1.0,1.0,0.3757743852,0.3418285347,0.05660140514,0.06223189831
4914,1.0,0.0,0.0,0.0,1.0,1.0,0.3783811495,0.3435583237,0.05532157421,0.06053519249
4915,1.0,0.0,0.0,0.0,1.0,1.0,0.3708247896,0.3375165293,0.05257606506,0.05791801214
4916,1.0,0.0,0.0,0.0,1.0,1.0,0.381676572,0.3460851663,0.05513745546,0.06082177162
4917,1.0,0.0,0.0,0.0,1.0,1.0,0.3993853492,0.3583209986,0.05914795399,0.06465685368
4918,1.0,0.0,0.0,0.0,1.0,1.0,0.3897823153,0.3511110953,0.05863982439,0.06465417147
4919,1.0,0.0,0.0,0.0,1.0,1.0,0.4093142197,0.3707079258,0.06146889925,0.06773513556
4920,1.0,0.0,0.0,0.0,1.0,1.0,0.3945690135,0.3576435335,0.05837416649,0.06489318609
4921,1.0,0.0,0.0,0.0,1.0,1.0,0.3785459334,0.3342287934,0.0576621294,0.06284868717
4922,1.0,0.0,0.0,0.0,1.0,1.0,0.2687026966,0.1867470868,0.03554970026,0.03121435642
4923,1.0,0.0,0.0,0.0,1.0,1.0,0.2493040937,0.1118254997,0.03258466721,0.01861977577
4924,1.0,0.0,0.0,0.0,1.0,1.0,0.2449400856,0.1193105304,0.0324357152,0.01998269558
4925,1.0,0.0,0.0,0.0,1.0,1.0,0.2530503336,0.1676915701,0.03569978476,0.02999979258
4926,1.0,0.0,0.0,0.0,1.0,1.0,0.3368449366,0.2741974763,0.04874294996,0.04932671785
4927,1.0,0.0,0.0,0.0,1.0,1.0,0.3825516846,0.3353174229,0.05411213636,0.05836176872
4928,1.0,0.0,0.0,0.0,1.0,1.0,0.3836242389,0.3419145644,0.05542004108,0.06067037582
4929,1.0,0.0,0.0,0.0,1.0,1.0,0.381696629,0.3424319238,0.05683207512,0.06251525879
4930,1.0,0.0,0.0,0.0,1.0,1.0,0.3812200593,0.3369827315,0.05421870947,0.05880862474
4931,1.0,0.0,0.0,0.0,1.0,1.0,0.3871436951,0.3397442258,0.0560965538,0.06082046032
4932,1.0,0.0,0.0,0.0,1.0,1.0,0.3790984703,0.3353390244,0.05627804995,0.06139427423
4933,1.0,0.0,0.0,0.0,1.0,1.0,0.3515418461,0.3143942434,0.05157738924,0.05697506666
4934,1.0,0.0,0.0,0.0,1.0,1.0,0.3460392779,0.3094298842,0.05009812117,0.05510789156
4935,1.0,0.0,0.0,0.0,1.0,1.0,0.3518037402,0.3157847941,0.05127817392,0.0565225482
4936,1.0,0.0,0.0,0.0,1.0,1.0,0.3515622879,0.3216025615,0.05191195011,0.05784475803
4937,1.0,0.0,0.0,0.0,1.0,1.0,0.3550911838,0.3238322729,0.05166405439,0.05717873573
4938,1.0,0.0,0.0,0.0,1.0,1.0,0.3492996272,0.3199532288,0.05122494698,0.05744302273
4939,1.0,0.0,0.0,0.0,1.0,1.0,0.3478945275,0.3189006894,0.05191498995,0.05821675062
4940,1.0,0.0,0.0,0.0,1.0,1.0,0.3650836059,0.3276857803,0.05518060923,0.06097304821
4941,1.0,-0.7853981853,0.0,0.0,1.0,1.0,0.3621313892,0.3166546886,0.05319017172,0.05769777298
4942,1.0,-0.7853981853,0.0,0.0,1.0,1.0,0.37110094,0.3190783836,0.0538367033,0.05781322718
4943,1.0,-0.7853981853,0.0,0.0,1.0,1.0,0.3842301502,0.3274034409,0.05133444071,0.0563788414
4944,1.0,-0.7853981853,0.0,0.0,1.0,1.0,0.4162487764,0.3393062892,0.05643415451,0.06096094847
4945,1.0,-0.7853981853,0.0,0.0,1.0,1.0,0.4119482269,0.322400951,0.05124312639,0.05531930923
4946,1.0,-0.7853981853,0.0,0.0,1.0,1.0,0.4409660401,0.3434507989,0.05492287874,0.06035476923
4947,1.0,-0.7853981853,0.0,0.0,1.0,1.0,0.4346498821,0.3343143453,0.05262541771,0.05843871832
4948,1.0,-0.7853981853,0.0,0.0,1.0,1.0,0.4535925382,0.3489280426,0.05342334509,0.06006360054
4949,1.0,-0.7853981853,0.0,0.0,1.0,1.0,0.462274242,0.3553182114,0.05645179749,0.06402075291
4950,1.0,-0.7853981853,0.0,0.0,1.0,1.0,0.4553441165,0.3489279843,0.05457144976,0.06135433912
4951,1.0,-0.7853981853,0.0,0.0,1.0,1.0,0.4384650931,0.3413586238,0.05070275068,0.05786073208
4952,1.0,-0.7853981853,0.0,0.0,1.0,1.0,0.4285155902,0.3308257923,0.05139422417,0.05847245455
4953,1.0,-0.7853981853,0.0,0.0,1.0,1.0,0.4140000179,0.319751434,0.04974317551,0.05584663153
4954,1.0,-0.7853981853,0.0,0.0,1.0,1.0,0.4243029713,0.3258317286,0.05219972134,0.0582343936
4955,1.0,-0.7853981853,0.0,0.0,1.0,1.0,0.4359901918,0.3386539904,0.05425161123,0.06077367067
4956,1.0,-0.7853981853,0.0,0.0,1.0,1.0,0.4321289279,0.3446919879,0.05568516254,0.06223630905
4957,1.0,-0.7853981853,0.0,0.0,1.0,1.0,0.4481402562,0.3588978591,0.05970102549,0.06590759754
4958,1.0,-0.7853981853,0.0,0.0,1.0,1.0,0.4379333798,0.3562526655,0.06134706736,0.06711733341
4959,1.0,-0.7853981853,0.0,0.0,1.0,1.0,0.3906118715,0.3210128888,0.05238491297,0.05677467585
4960,1.0,-0.7853981853,0.0,0.0,1.0,1.0,0.378461153,0.3201599896,0.05365771055,0.05828332901
4961,1.0,-0.7853981853,0.0,0.0,1.0,1.0,0.2650206571,0.1777177598,0.03386271,0.02898418903
4962,1.0,0.0,0.0,0.0,1.0,1.0,0.2271957201,0.1327926393,0.03012675047,0.0220156312
4963,1.0,0.0,0.0,0.0,1.0,1.0,0.22892864,0.1306690894,0.03180360794,0.02179133892
4964,1.0,0.0,0.0,0.0,1.0,1.0,0.2655858033,0.1933852608,0.03655600548,0.03105890751
4965,1.0,0.0,0.0,0.0,1.0,1.0,0.2964763107,0.2498606384,0.04310595989,0.04039490223
4966,1.0,0.0,0.0,0.0,1.0,1.0,0.3373567002,0.3148241005,0.05102348328,0.0515691638
4967,1.0,0.0,0.0,0.0,1.0,1.0,0.3582735245,0.3427140441,0.05502891541,0.05530136824
4968,1.0,0.0,0.0,0.0,1.0,1.0,0.3427692125,0.3343079605,0.05094444752,0.0514806509
4969,1.0,0.0,0.0,0.0,1.0,1.0,0.3367489332,0.3319703354,0.05099731684,0.05127006769
4970,1.0,0.0,0.0,0.0,1.0,1.0,0.326603675,0.3343202424,0.04942256212,0.05131298304
4971,1.0,0.0,0.0,0.0,1.0,1.0,0.3183277713,0.3325606235,0.04861533642,0.05133122206
4972,1.0,0.0,0.0,0.0,1.0,1.0,0.3272196894,0.3436680433,0.04975771904,0.05300277472
4973,1.0,0.0,0.0,0.0,1.0,1.0,0.3218845463,0.3377905866,0.04917800426,0.05271011591
4974,1.0,0.0,0.0,0.0,1.0,1.0,0.3259829374,0.334296246,0.04960685968,0.05287766457
4975,1.0,0.0,0.0,0.0,1.0,1.0,0.3331472543,0.3394006951,0.05059993267,0.05413645506
4976,1.0,0.0,0.0,0.0,1.0,1.0,0.3328477065,0.3382466514,0.05055207014,0.05437761545
4977,1.0,0.0,0.0,0.0,1.0,1.0,0.3367686207,0.3337122362,0.05136537552,0.05440312624
4978,1.0,0.0,0.0,0.0,1.0,1.0,0.3637641607,0.3509744091,0.05557131767,0.05834984779
4979,1.0,0.0,0.0,0.0,1.0,1.0,0.3731011437,0.3583527256,0.0557795763,0.05874371529
4980,1.0,0.0,0.0,0.0,1.0,1.0,0.3791622488,0.3619240883,0.05684709549,0.06015855074
4981,1.0,0.0,0.0,0.0,1.0,1.0,0.3758423852,0.3538290713,0.05672305822,0.05954509974
4982,1.0,0.0,0.0,0.0,1.0,1.0,0.3736232094,0.3481388748,0.05545216799,0.05794751644
4983,1.0,0.0,0.0,0.0,1.0,1.0,0.3591595623,0.3376491566,0.05484133959,0.05742549896
4984,1.0,0.0,0.0,0.0,1.0,1.0,0.3820004027,0.3499729438,0.05668026209,0.05836385489
4985,1.0,0.0,0.0,0.0,1.0,1.0,0.3671417961,0.3309411522,0.05519282818,0.05575037003
4986,1.0,0.0,0.0,0.0,1.0,1.0,0.3560912919,0.3238320683,0.05561459064,0.05647456646
4987,1.0,0.0,0.0,0.0,1.0,1.0,0.3542559758,0.3189007156,0.05558550358,0.05587345362
4988,1.0,0.0,0.0,0.0,1.0,1.0,0.3465954011,0.3057501247,0.0540381074,0.05318033695
4989,1.0,0.0,0.0,0.0,1.0,1.0,0.3448260724,0.2995018881,0.05360734463,0.05188733339
4990,1.0,0.0,0.0,0.0,1.0,1.0,0.3374263564,0.2975311372,0.05364650488,0.05277180672
4991,1.0,0.0,0.0,0.0,1.0,1.0,0.3331470901,0.2961922482,0.05167478323,0.05110383034
4992,1.0,0.0,0.0,0.0,1.0,1.0,0.3195242249,0.2886903095,0.05007553101,0.04978442192
4993,1.0,0.0,0.0,0.0,1.0,1.0,0.3018570257,0.272575138,0.04778468609,0.04720199108
4994,1.0,0.0,0.0,0.0,1.0,1.0,0.2416448561,0.1880484507,0.03763449192,0.03251618147
4995,1.0,0.0,0.0,0.0,1.0,1.0,0.1855250824,0.1427772816,0.02864181995,0.02402216196
4996,1.0,0.0,0.0,0.0,1.0,1.0,0.1941222854,0.1570552216,0.03084790707,0.02687740326
4997,1.0,0.0,0.0,0.0,1.0,1.0,0.1843628474,0.1448465102,0.02761125565,0.02325159311
4998,1.0,0.0,0.0,0.0,1.0,1.0,0.2299271422,0.2009370818,0.03419655561,0.03171461821
4999,1.0,0.0,0.0,0.0,1.0,1.0,0.2676100003,0.242871462,0.04114741087,0.03890812397
5000,1.0,0.0,0.0,0.0,1.0,1.0,0.281532847,0.2736564864,0.04436832666,0.04464560747
5001,1.0,0.0,0.0,0.0,1.0,1.0,0.298079096,0.2946629052,0.04664182663,0.04691618681
5002,1.0,0.0,0.0,0.0,1.0,1.0,0.3057734763,0.3053852789,0.04824155569,0.04851722717
5003,1.0,0.0,0.0,0.0,1.0,1.0,0.3018790728,0.3035848914,0.04780465364,0.04807478189
5004,1.0,0.0,0.0,0.0,1.0,1.0,0.2892220654,0.2953679334,0.04559987783,0.04640936852
5005,1.0,0.0,0.0,0.0,1.0,1.0,0.2823378736,0.2840518679,0.04463583231,0.04436200857
5006,1.0,0.0,0.0,0.0,1.0,1.0,0.1823934412,0.16594504,0.02713727951,0.02436816692
5007,1.0,0.0,0.0,0.0,1.0,1.0,0.1497292446,0.1441500254,0.02206909657,0.02068972588
5008,1.0,0.0,0.0,0.0,1.0,1.0,0.1482685754,0.140073535,0.02226811647,0.02034378052
5009,1.0,0.0,0.0,0.0,1.0,1.0,0.1758275185,0.1608299352,0.02666699886,0.02357929945
5010,1.0,0.0,0.0,0.0,1.0,1.0,0.2154275199,0.2105052773,0.03326618671,0.03135746717
5011,1.0,0.0,0.0,0.0,1.0,1.0,0.2322644735,0.243500354,0.03538399935,0.03592014313
5012,1.0,0.0,0.0,0.0,1.0,1.0,0.2429199396,0.2679665955,0.03771412373,0.03986924887
5013,1.0,0.0,0.0,0.0,1.0,1.0,0.2554707656,0.2800634154,0.04007899761,0.04143297672
5014,1.0,0.0,0.0,0.0,1.0,1.0,0.2563112477,0.2852952357,0.04041552544,0.04258549213
5015,1.0,0.0,0.0,0.0,1.0,1.0,0.2681013705,0.3001920668,0.04283547401,0.04527550936
5016,1.0,0.0,0.0,0.0,1.0,1.0,0.2579755047,0.2925638261,0.04127001762,0.04400312901
5017,1.0,0.0,0.0,0.0,1.0,1.0,0.2364831107,0.2690806865,0.03724068403,0.03995895386
5018,1.0,0.0,0.0,0.0,1.0,1.0,0.1169160443,0.1536027304,0.01778459549,0.02151358128
5019,1.0,0.0,0.0,0.0,1.0,1.0,0.1052043852,0.144547673,0.01616126299,0.02020162344
5020,1.0,0.0,0.0,0.0,1.0,1.0,0.1021735763,0.1556507403,0.01569515467,0.02168780565
5021,1.0,0.0,0.0,0.0,1.0,1.0,0.1256228453,0.1787618388,0.01894706488,0.02451974154
5022,1.0,0.0,0.0,0.0,1.0,1.0,0.2033646712,0.2440943049,0.03223907948,0.0349945426
5023,1.0,0.0,0.0,0.0,1.0,1.0,0.2741230105,0.3043414529,0.04415345192,0.04442769289
5024,1.0,0.0,0.0,0.0,1.0,1.0,0.3018449614,0.3349979909,0.04961526394,0.04989087582
5025,1.0,0.0,0.0,0.0,1.0,1.0,0.3142056254,0.3398837819,0.05140674114,0.05058646202
5026,1.0,0.0,0.0,0.0,1.0,1.0,0.3198878428,0.3470789318,0.05148983002,0.05095624924
5027,1.0,0.0,0.0,0.0,1.0,1.0,0.3248600099,0.3507135773,0.05280810595,0.05199986696
5028,1.0,0.0,0.0,0.0,1.0,1.0,0.3215453838,0.3507129759,0.05215865374,0.05188971758
5029,1.0,0.0,0.0,0.0,1.0,1.0,0.3249012089,0.3574648,0.05376625061,0.05349332094
5030,1.0,0.0,0.0,0.0,1.0,1.0,0.32763156,0.3574646895,0.0530974865,0.0525611639
5031,1.0,0.0,0.0,0.0,1.0,1.0,0.3193581997,0.3488957168,0.05230563879,0.05203455687
5032,1.0,0.0,0.0,0.0,1.0,1.0,0.3215452098,0.3488963231,0.05340135098,0.05285084248
5033,1.0,0.0,0.0,0.0,1.0,1.0,0.3043225798,0.3349778958,0.05014538765,0.05014538765
5034,1.0,0.0,0.0,0.0,1.0,1.0,0.3004966769,0.333755454,0.04928457737,0.04982918501
5035,1.0,0.0,0.0,0.0,1.0,1.0,0.2912279721,0.3228123375,0.04782527685,0.04809701443
5036,1.0,0.0,0.0,0.0,1.0,1.0,0.2917110194,0.3222838174,0.04746758938,0.04800701141
5037,1.0,0.0,0.0,0.0,1.0,1.0,0.2981669047,0.3234555333,0.04860323668,0.04833167791
5038,1.0,0.0,0.0,0.0,1.0,1.0,0.2929687226,0.315041423,0.04794758558,0.04767358303
5039,1.0,0.0,0.0,0.0,1.0,1.0,0.2761169463,0.3013021841,0.04460787773,0.04488152266
5040,1.0,0.0,0.0,0.0,1.0,1.0,0.2744231428,0.2965377534,0.04414051771,0.04414051771
5041,1.0,0.0,0.0,0.0,1.0,1.0,0.2155661045,0.2412444056,0.03375726938,0.03515213728
5042,1.0,0.0,0.0,0.0,1.0,1.0,0.1569217689,0.1943358812,0.02377301455,0.0277351737
5043,1.0,0.0,0.0,0.0,1.0,1.0,0.1358647058,0.1685568993,0.02056640387,0.02394717932
5044,1.0,0.0,0.0,0.0,1.0,1.0,0.1251637619,0.160624524,0.01895415783,0.02291470766
5045,1.0,0.0,0.0,0.0,1.0,1.0,0.1214276502,0.1592734886,0.01842063665,0.02267152071
5046,1.0,0.0,0.0,0.0,1.0,1.0,0.1216548199,0.1507093802,0.01826912165,0.02136081457
5047,1.0,0.0,0.0,0.0,1.0,1.0,0.1112586229,0.1519150657,0.01673734188,0.02155995369
5048,1.0,0.0,0.0,0.0,1.0,1.0,0.1114690119,0.1525252295,0.01675349474,0.02158075571
5049,1.0,0.0,0.0,0.0,1.0,1.0,0.1087571795,0.1499163135,0.01632887125,0.02111494541
5050,1.0,0.0,0.0,0.0,1.0,1.0,0.1114690318,0.1525251865,0.01663500071,0.02142810822
5051,1.0,0.0,0.0,0.0,1.0,1.0,0.1116799673,0.1559132517,0.01658666134,0.02192819118
5052,1.0,0.0,0.0,0.0,1.0,1.0,0.1137426112,0.1540642503,0.0173304081,0.02216017246
5053,1.0,0.0,0.0,0.0,1.0,1.0,0.1137880803,0.1517372875,0.01687514782,0.02109402418
5054,1.0,0.0,0.0,0.0,1.0,1.0,0.1112584605,0.1539141704,0.0164244771,0.02143537998
5055,1.0,0.0,0.0,0.0,1.0,1.0,0.1125074232,0.151915378,0.01700609922,0.02154111862
5056,1.0,0.0,0.0,0.0,1.0,1.0,0.1131445743,0.1499162319,0.01684993505,0.02106237411
5057,1.0,0.0,0.0,0.0,1.0,1.0,0.1112587941,0.1579117689,0.01644355059,0.02201759815
5058,1.0,0.0,0.0,0.0,1.0,1.0,0.1112584958,0.1519155148,0.01650679111,0.02126306295
5059,1.0,0.0,0.0,0.0,1.0,1.0,0.1141685532,0.1473279391,0.01721888781,0.02088844776
5060,1.0,0.0,0.0,0.0,1.0,1.0,0.1127190301,0.1539140942,0.01684302092,0.0216152072
5061,1.0,0.0,0.0,0.0,1.0,1.0,0.111468748,0.1485113619,0.01648044586,0.02067041397
5062,1.0,0.0,0.0,0.0,1.0,1.0,0.1118922658,0.1525250453,0.01661682129,0.02140462399
5063,1.0,0.0,0.0,0.0,1.0,1.0,0.1116801031,0.152525486,0.01663959026,0.02143406868
5064,1.0,0.0,0.0,0.0,1.0,1.0,0.1190260351,0.1511255699,0.01781600714,0.02120959759
5065,1.0,0.0,0.0,0.0,1.0,1.0,0.1135730313,0.1505179336,0.01668792963,0.02085983753
5066,1.0,0.0,0.0,0.0,1.0,1.0,0.1161256245,0.149110353,0.01712691784,0.02077692747
5067,1.0,0.0,0.0,0.0,1.0,1.0,0.1171367695,0.147328265,0.01734423637,0.02070122957
5068,1.0,0.0,0.0,0.0,1.0,1.0,0.116695639,0.1499161561,0.01717555523,0.02077686787
5069,1.0,0.0,0.0,0.0,1.0,1.0,0.1171366431,0.1473282011,0.01757085323,0.02097171545
5070,1.0,0.0,0.0,0.0,1.0,1.0,0.120687561,0.1439195911,0.01798957586,0.02023822069
5071,1.0,0.0,0.0,0.0,1.0,1.0,0.1190261335,0.1433459815,0.01777768135,0.02031731606
5072,1.0,0.0,0.0,0.0,1.0,1.0,0.1216547963,0.1467435324,0.01832568645,0.02086311579
5073,1.0,0.0,0.0,0.0,1.0,1.0,0.1166956111,0.1479172991,0.01756960154,0.02097016573
5074,1.0,0.0,0.0,0.0,1.0,1.0,0.1173588349,0.1453371949,0.01741927862,0.02050977945
5075,1.0,0.0,0.0,0.0,1.0,1.0,0.1209156528,0.1459184122,0.01838421822,0.02096945047
5076,1.0,0.0,0.0,0.0,1.0,1.0,0.1221123594,0.1447602484,0.0183596611,0.02061927319
5077,1.0,0.0,0.0,0.0,1.0,1.0,0.1228047043,0.1487261708,0.01818037033,0.02097731829
5078,1.0,0.0,0.0,0.0,1.0,1.0,0.1225732663,0.1453372374,0.01805835962,0.02028089762
5079,1.0,0.0,0.0,0.0,1.0,1.0,0.1213745252,0.1459184421,0.01769834757,0.02018713951
5080,1.0,0.0,0.0,0.0,1.0,1.0,0.1268230185,0.1539141258,0.01901608706,0.02185434103
5081,1.0,0.0,0.0,0.0,1.0,1.0,0.1223425074,0.1507097684,0.01835227013,0.02145802975
5082,1.0,0.0,0.0,0.0,1.0,1.0,0.1182548478,0.1462598676,0.01750057936,0.02032321692
5083,1.0,0.0,0.0,0.0,1.0,1.0,0.1242137107,0.153760244,0.01846539974,0.02159029245
5084,1.0,0.0,0.0,0.0,1.0,1.0,0.1215536882,0.1509361198,0.01791411638,0.02104198933
5085,1.0,0.0,0.0,0.0,1.0,1.0,0.1225371615,0.1476909669,0.01825982332,0.02082759142
5086,1.0,0.0,0.0,0.0,1.0,1.0,0.1249304658,0.1470956048,0.01854670048,0.02082937956
5087,1.0,0.0,0.0,0.0,1.0,1.0,0.1242136742,0.1531399785,0.0186522603,0.02180874348
5088,1.0,0.0,0.0,0.0,1.0,1.0,0.1385546473,0.1606947531,0.02123993635,0.02322238684
5089,1.0,0.0,0.0,0.0,1.0,1.0,0.2145491228,0.23948885,0.03350549936,0.03545999527
5090,1.0,0.0,0.0,0.0,1.0,1.0,0.2580880578,0.2818936094,0.041061759,0.04243963957
5091,1.0,0.0,0.0,0.0,1.0,1.0,0.3121126062,0.3301407907,0.04998773336,0.04998773336
5092,1.0,0.0,0.0,0.0,1.0,1.0,0.309996411,0.3289530616,0.05002790689,0.05002790689
5093,1.0,0.0,0.0,0.0,1.0,1.0,0.309943129,0.3361115011,0.05069071054,0.05123287439
5094,1.0,0.0,0.0,0.0,1.0,1.0,0.3085523948,0.3319573496,0.0498303771,0.05037200451
5095,1.0,0.0,0.0,0.0,1.0,1.0,0.2986445891,0.3198212721,0.04748004675,0.04748004675
5096,1.0,0.0,0.0,0.0,1.0,1.0,0.2958762038,0.3215113992,0.04729932547,0.04812425375
5097,1.0,0.0,0.0,0.0,1.0,1.0,0.3015558277,0.3325345925,0.0483763814,0.05003494024
5098,1.0,0.0,0.0,0.0,1.0,1.0,0.296709308,0.3203339324,0.04606187344,0.0471393466
5099,1.0,0.0,0.0,0.0,1.0,1.0,0.294463213,0.3270234616,0.04591959715,0.04808050394
5100,1.0,0.0,0.0,0.0,1.0,1.0,0.3058122157,0.3392265176,0.04874885082,0.05065518618
5101,1.0,0.0,0.0,0.0,1.0,1.0,0.3000039823,0.3337622165,0.04804652929,0.04969388247
5102,1.0,0.0,0.0,0.0,1.0,1.0,0.153323461,0.1881539619,0.0227676034,0.02614057064
5103,1.0,0.0,0.0,0.0,1.0,1.0,0.102215879,0.1474587131,0.01542210579,0.02056276798
5104,1.0,0.0,0.0,0.0,1.0,1.0,0.1185776744,0.1638429192,0.01818090677,0.02308690548
5105,1.0,0.0,0.0,0.0,1.0,1.0,0.1833840265,0.2307947012,0.02854019403,0.03282117844
5106,1.0,0.0,0.0,0.0,1.0,1.0,0.2419144938,0.2825344502,0.03787106276,0.04063534737
5107,1.0,0.0,0.0,0.0,1.0,1.0,0.302647833,0.3388914259,0.04771173,0.04909873009
5108,1.0,0.0,0.0,0.0,1.0,1.0,0.3001797342,0.3337834688,0.04817855358,0.04873555899
5109,1.0,0.0,0.0,0.0,1.0,1.0,0.308059098,0.3433196904,0.04948300123,0.05060762167
5110,1.0,0.0,0.0,0.0,1.0,1.0,0.3137577846,0.3550139604,0.04962027073,0.05129283667
5111,1.0,0.0,0.0,0.0,1.0,1.0,0.2986031216,0.341507993,0.04694777727,0.04888087511
5112,1.0,0.0,0.0,0.0,1.0,1.0,0.3075203822,0.3478824552,0.04875534773,0.05014044046
5113,1.0,0.0,0.0,0.0,1.0,1.0,0.3084696048,0.3474623541,0.04862362146,0.04945719242
5114,1.0,0.0,0.0,0.0,1.0,1.0,0.3015859579,0.3402769917,0.04719626904,0.04801946878
5115,1.0,0.0,0.0,0.0,1.0,1.0,0.3085994391,0.3507845128,0.04825472832,0.04907727242
5116,1.0,0.0,0.0,0.0,1.0,1.0,0.2994842084,0.3461100888,0.04722124338,0.04886847734
5117,1.0,0.0,0.0,0.0,1.0,1.0,0.2978937765,0.3535572703,0.04672050476,0.04948496819
5118,1.0,0.0,0.0,0.0,1.0,1.0,0.2803943234,0.3337904969,0.0445984602,0.04733455181
5119,1.0,0.0,0.0,0.0,1.0,1.0,0.2948608305,0.3492257136,0.04646939039,0.04890096188
5120,1.0,0.0,0.0,0.0,1.0,1.0,0.2953673615,0.3382724096,0.04643756151,0.04751753807
5121,1.0,0.0,0.0,0.0,1.0,1.0,0.3010164524,0.3496143155,0.04772895575,0.04933774471
5122,1.0,0.0,0.0,0.0,1.0,1.0,0.303013262,0.3539690704,0.04891389608,0.05053538084
5123,1.0,0.0,0.0,0.0,1.0,1.0,0.3009967829,0.3475501548,0.04837918282,0.04944831133
5124,1.0,0.0,0.0,0.0,1.0,1.0,0.3188304046,0.3566781565,0.05126619339,0.05100053549
5125,1.0,0.0,0.0,0.0,1.0,1.0,0.3292862633,0.3678242563,0.05332666636,0.05305868387
5126,1.0,0.0,0.0,0.0,1.0,1.0,0.3259050528,0.3625792705,0.05197817087,0.05144500732
5127,1.0,0.0,0.0,0.0,1.0,1.0,0.3348131207,0.3719727272,0.0537147522,0.05291301012
5128,1.0,0.0,0.0,0.0,1.0,1.0,0.3403414539,0.3733974825,0.05461543798,0.05354976654
5129,1.0,0.0,0.0,0.0,1.0,1.0,0.3359611585,0.3588221601,0.05322152376,0.05108195543
5130,1.0,0.0,0.0,0.0,1.0,1.0,0.3458275868,0.3596473619,0.05328226089,0.05061811209
5131,1.0,0.0,0.0,0.0,1.0,1.0,0.3469567866,0.3598738417,0.05447489023,0.05230671167
5132,1.0,0.0,0.0,0.0,1.0,1.0,0.3546969532,0.3658332344,0.05460453033,0.05218362808
5133,1.0,0.0,0.0,0.0,1.0,1.0,0.3563227657,0.3622511357,0.05499333143,0.05231070518
5134,1.0,0.0,0.0,0.0,1.0,1.0,0.3656078256,0.3747909826,0.05727618933,0.05540269613
5135,1.0,0.0,0.0,0.0,1.0,1.0,0.3672127196,0.3660958465,0.05684441328,0.05362677574
5136,1.0,0.0,0.0,0.0,1.0,1.0,0.3750087055,0.3807399375,0.05737006664,0.05550223589
5137,1.0,0.0,0.0,0.0,1.0,1.0,0.3854742535,0.3834223273,0.06012868881,0.05740791559
5138,1.0,0.0,0.0,0.0,1.0,1.0,0.3828019332,0.376133986,0.05932563543,0.05637276173
5139,1.0,0.0,0.0,0.0,1.0,1.0,0.3794013869,0.3752419666,0.05809795856,0.05594623089
5140,1.0,0.0,0.0,0.0,1.0,1.0,0.3899405831,0.3810819563,0.05986016989,0.05716371536
5141,1.0,0.0,0.0,0.0,1.0,1.0,0.3863090121,0.3766012912,0.05903112888,0.05632328987
5142,1.0,0.0,0.0,0.0,1.0,1.0,0.373904459,0.3639272521,0.0570808053,0.05437558889
5143,1.0,0.0,0.0,0.0,1.0,1.0,0.3838566457,0.3729803044,0.05906808376,0.05607384443
5144,1.0,0.0,0.0,0.0,1.0,1.0,0.3818289481,0.3738919555,0.06006354094,0.05757242441
5145,1.0,0.0,0.0,0.0,1.0,1.0,0.374131917,0.3634336228,0.05775481462,0.05422991514
5146,1.0,0.0,0.0,0.0,1.0,1.0,0.3662878149,0.3729533552,0.05724233389,0.0553342104
5147,1.0,0.0,0.0,0.0,1.0,1.0,0.3787355818,0.3866454058,0.05891638994,0.05782538652
5148,1.0,0.0,0.0,0.0,1.0,1.0,0.3802414467,0.3842619292,0.05983155966,0.05845928192
5149,1.0,0.0,0.0,0.0,1.0,1.0,0.3778807864,0.3802223424,0.05887556076,0.0577750802
5150,1.0,0.0,0.0,0.0,1.0,1.0,0.3741227332,0.3725193067,0.05736804008,0.05600214005
5151,1.0,0.0,0.0,0.0,1.0,1.0,0.3776856075,0.3707608152,0.05819869041,0.05682611465
5152,1.0,0.0,0.0,0.0,1.0,1.0,0.3803982129,0.3734374584,0.05817455053,0.05680245161
5153,1.0,0.0,0.0,0.0,1.0,1.0,0.3832986865,0.3810821101,0.06004172564,0.0594805479
5154,1.0,0.0,0.0,0.0,1.0,1.0,0.3790369773,0.3689700166,0.05822956562,0.0565816164
5155,1.0,0.0,0.0,0.0,1.0,1.0,0.3786591303,0.3616162408,0.05749565363,0.05500787497
5156,1.0,0.0,0.0,0.0,1.0,1.0,0.277951491,0.2255550667,0.04115521908,0.03385818005
5157,1.0,0.0,0.0,0.0,1.0,1.0,0.2438637837,0.1224996447,0.03492456675,0.01803481579
5158,1.0,0.0,0.0,0.0,1.0,1.0,0.2375883297,0.1455124271,0.0350087285,0.02198892832
5159,1.0,0.0,0.0,0.0,1.0,1.0,0.2775183852,0.2186278697,0.04143613577,0.03331691027
5160,1.0,0.0,0.0,0.0,1.0,1.0,0.3054898295,0.2637931116,0.04526108503,0.0396732688
5161,1.0,0.0,0.0,0.0,1.0,1.0,0.3551128479,0.3349778679,0.05454617739,0.05145341158
5162,1.0,0.0,0.0,0.0,1.0,1.0,0.3714265487,0.3595116018,0.0576172471,0.05566883087
5163,1.0,0.0,0.0,0.0,1.0,1.0,0.3684993125,0.3595115019,0.05647873878,0.05510121584
5164,1.0,0.0,0.0,0.0,1.0,1.0,0.3605131611,0.3577139446,0.05576902628,0.05494076014
5165,1.0,0.0,0.0,0.0,1.0,1.0,0.3705595417,0.3702970572,0.05785739422,0.05730110407
5166,1.0,0.0,0.0,0.0,1.0,1.0,0.3605129796,0.3608092773,0.05636930466,0.05581116676
5167,1.0,0.0,0.0,0.0,1.0,1.0,0.3669965237,0.3566847788,0.05619978905,0.05374443531
5168,1.0,0.0,0.0,0.0,1.0,1.0,0.3445730864,0.336808128,0.05200982094,0.0501036644
5169,1.0,0.0,0.0,0.0,1.0,1.0,0.3438363669,0.3319446167,0.05238425732,0.04994148016
5170,1.0,0.0,0.0,0.0,1.0,1.0,0.3390333338,0.3325417109,0.05173414946,0.04930913448
5171,1.0,0.0,0.0,0.0,1.0,1.0,0.3413588011,0.3361760019,0.05274546146,0.05029851198
5172,1.0,0.0,0.0,0.0,1.0,1.0,0.3372032996,0.3276559435,0.05241465569,0.04836195707
5173,1.0,0.0,0.0,0.0,1.0,1.0,0.3483169259,0.3411381183,0.05486917496,0.05100905895
5174,1.0,0.0,0.0,0.0,1.0,1.0,0.3419606407,0.3375474623,0.05310952663,0.04900312424
5175,1.0,0.0,0.0,0.0,1.0,1.0,0.3325575519,0.3249132554,0.05102956295,0.04641515017
5176,1.0,0.0,0.0,0.0,1.0,1.0,0.3499787399,0.3537348343,0.0541254282,0.05089402199
5177,1.0,0.0,0.0,0.0,1.0,1.0,0.358060961,0.3639478405,0.05566465855,0.05215185881
5178,1.0,0.0,0.0,0.0,1.0,1.0,0.358323822,0.3604854157,0.05521160364,0.05115187168
5179,1.0,0.0,0.0,0.0,1.0,1.0,0.3632752027,0.3719295021,0.05661797523,0.05282539129
5180,1.0,0.0,0.0,0.0,1.0,1.0,0.3542995261,0.358872911,0.05444008112,0.05037736893
5181,1.0,0.0,0.0,0.0,1.0,1.0,0.3313753234,0.3357808342,0.05171883106,0.04701709747
5182,1.0,0.0,0.0,0.0,1.0,1.0,0.3235603444,0.3251200259,0.04874563217,0.04387110472
5183,1.0,0.0,0.0,0.0,1.0,1.0,0.3096095267,0.2941901545,0.04666954279,0.03984647989
5184,1.0,0.0,0.0,0.0,1.0,1.0,0.3201058461,0.3216826492,0.04949212074,0.04371803999
5185,1.0,0.0,0.0,0.0,1.0,1.0,0.3371612238,0.3572303044,0.05383336544,0.04888945818
5186,1.0,0.7853981853,0.0,0.0,1.0,1.0,0.3411473474,0.379953475,0.05584609509,0.05163663626
5187,1.0,0.7853981853,0.0,0.0,1.0,1.0,0.333147547,0.3764135116,0.05412662029,0.04879808426
5188,1.0,0.7853981853,0.0,0.0,1.0,1.0,0.3343082007,0.3859452309,0.05450505018,0.04911130667
5189,1.0,0.7853981853,0.0,0.0,1.0,1.0,0.3378398775,0.4054340704,0.05516701937,0.04942041636
5190,1.0,0.7853981853,0.0,0.0,1.0,1.0,0.322342541,0.3897821919,0.05219084024,0.04548472166
5191,1.0,0.7853981853,0.0,0.0,1.0,1.0,0.3175121061,0.3976835059,0.05191445351,0.04483520985
5192,1.0,0.7853981853,0.0,0.0,1.0,1.0,0.3234558186,0.4291081198,0.05408018827,0.04800373316
5193,1.0,0.7853981853,0.0,0.0,1.0,1.0,0.3254887768,0.4435396971,0.05274701118,0.04654151201
5194,1.0,0.7853981853,0.0,0.0,1.0,1.0,0.3108019471,0.4206508205,0.04869133234,0.04232645035
5195,1.0,0.7853981853,0.0,0.0,1.0,1.0,0.3031096013,0.410954709,0.04716140032,0.03983223438
5196,1.0,0.7853981853,0.0,0.0,1.0,1.0,0.3115667413,0.4467702937,0.04940026999,0.04330545664
5197,1.0,0.7853981853,0.0,0.0,1.0,1.0,0.3112034366,0.446417337,0.05027228594,0.04318261147
5198,1.0,0.7853981853,0.0,0.0,1.0,1.0,0.3099661285,0.453079707,0.04893290997,0.04265940189
5199,1.0,0.7853981853,0.0,0.0,1.0,1.0,0.3036536473,0.4283322387,0.04732888937,0.03949296474
5200,1.0,0.7853981853,0.0,0.0,1.0,1.0,0.3075205636,0.4449569175,0.04875761271,0.04170060158
5201,1.0,0.7853981853,0.0,0.0,1.0,1.0,0.3048803307,0.4209976643,0.04914152622,0.04002916813
5202,1.0,0.7853981853,0.0,0.0,1.0,1.0,0.2852658139,0.3956119372,0.04644954205,0.03755491972
5203,1.0,0.7853981853,0.0,0.0,1.0,1.0,0.296057345,0.4215333586,0.05048012733,0.04201030731
5204,1.0,0.7853981853,0.0,0.0,1.0,1.0,0.2988431615,0.4292908072,0.0507902503,0.04305398464
5205,1.0,0.7853981853,0.0,0.0,1.0,1.0,0.2996352605,0.4364230423,0.0495237112,0.04268163443
5206,1.0,0.7853981853,0.0,0.0,1.0,1.0,0.3033324139,0.4372553978,0.05040454865,0.04297310114
5207,1.0,0.7853981853,0.0,0.0,1.0,1.0,0.2988427745,0.4241049914,0.04887378216,0.04175311327
5208,1.0,0.7853981853,0.0,0.0,1.0,1.0,0.3016066507,0.4384647702,0.04821711779,0.0428596735
5209,1.0,0.7853981853,0.0,0.0,1.0,1.0,0.2932726523,0.4296966494,0.04927158356,0.04376095533
5210,1.0,0.7853981853,0.0,0.0,1.0,1.0,0.2970782609,0.4315768172,0.04777079821,0.04207623005
5211,1.0,0.7853981853,0.0,0.0,1.0,1.0,0.2998324371,0.445610931,0.05128502846,0.04602503777
5212,1.0,0.7853981853,0.0,0.0,1.0,1.0,0.2942909035,0.4380673992,0.04904359579,0.04299277067
5213,1.0,0.7853981853,0.0,0.0,1.0,1.0,0.293069353,0.445264076,0.04951572418,0.0441197753
5214,1.0,0.7853981853,0.0,0.0,1.0,1.0,0.2898010138,0.4427906032,0.04895788431,0.04393655062
5215,1.0,0.7853981853,0.0,0.0,1.0,1.0,0.2876622187,0.4400061241,0.04867339134,0.04368126392
5216,1.0,0.7853981853,0.0,0.0,1.0,1.0,0.2866048777,0.4310089964,0.04844725132,0.0428571105
5217,1.0,0.7853981853,0.0,0.0,1.0,1.0,0.291951498,0.4428668842,0.05065000057,0.04598903656
5218,1.0,0.7853981853,0.0,0.0,1.0,1.0,0.2899279877,0.4346682731,0.04926896095,0.0449846983
5219,1.0,0.7853981853,0.0,0.0,1.0,1.0,0.2585076337,0.3725729039,0.0440095067,0.03905069828
5220,1.0,0.7853981853,0.0,0.0,1.0,1.0,0.2343906708,0.3390968441,0.03862780333,0.03522861004
5221,1.0,0.7853981853,0.0,0.0,1.0,1.0,0.2166090583,0.2888559313,0.03411781788,0.02992790937
5222,1.0,0.7853981853,0.0,0.0,1.0,1.0,0.1640876178,0.1778669207,0.02622163296,0.01877230406
5223,1.0,0.7853981853,0.0,0.0,1.0,1.0,0.1328736415,0.1234943436,0.02080535889,0.01296567917
5224,1.0,0.7853981853,0.0,0.0,1.0,1.0,0.1251673714,0.1049140986,0.01988595724,0.01144951582
5225,1.0,0.7853981853,0.0,0.0,1.0,1.0,0.1464384667,0.1236422474,0.02346408367,0.01407843828
5226,1.0,0.7853981853,0.0,0.0,1.0,1.0,0.1509946833,0.1303622584,0.02433246374,0.01564234495
5227,1.0,0.7853981853,0.0,0.0,1.0,1.0,0.2048767148,0.2026517966,0.03250825405,0.02487587929
5228,1.0,0.7853981853,0.0,0.0,1.0,1.0,0.2314318207,0.2617586884,0.03779315948,0.03387385607
5229,1.0,0.7853981853,0.0,0.0,1.0,1.0,0.252770566,0.2937134516,0.04101771116,0.03885889053
5230,1.0,0.0,0.0,0.0,1.0,1.0,0.258561791,0.2958344986,0.04160410166,0.0394705534
5231,1.0,0.0,0.0,0.0,1.0,1.0,0.2773406921,0.3118412448,0.04308331013,0.04229521751
5232,1.0,0.0,0.0,0.0,1.0,1.0,0.2875346766,0.3106375206,0.04472982883,0.04338252544
5233,1.0,0.0,0.0,0.0,1.0,1.0,0.2949742419,0.3142183928,0.04522651434,0.04416233301
5234,1.0,0.0,0.0,0.0,1.0,1.0,0.3071204273,0.3312966611,0.047354877,0.04788994789
5235,1.0,0.0,0.0,0.0,1.0,1.0,0.3186373822,0.3331474694,0.04923206568,0.04950112104
5236,1.0,0.0,0.0,0.0,1.0,1.0,0.3119951658,0.3141103051,0.04866284132,0.04838788509
5237,1.0,0.0,0.0,0.0,1.0,1.0,0.316077786,0.3256018101,0.04803872108,0.05018568039
5238,1.0,0.0,0.0,0.0,1.0,1.0,0.31533191,0.3274034073,0.0476025939,0.05109882355
5239,1.0,0.0,0.0,0.0,1.0,1.0,0.3148686061,0.3268723018,0.04931408167,0.05291563272
5240,1.0,0.0,0.0,0.0,1.0,1.0,0.3248187374,0.3331474168,0.04919213057,0.05297613144
5241,1.0,0.0,0.0,0.0,1.0,1.0,0.322868488,0.3184659629,0.04811370373,0.05081671476
5242,1.0,0.0,0.0,0.0,1.0,1.0,0.3438937916,0.3448070901,0.05198776722,0.05604928732
5243,1.0,0.0,0.0,0.0,1.0,1.0,0.3400440551,0.3392756354,0.05090391636,0.0546746254
5244,1.0,0.0,0.0,0.0,1.0,1.0,0.3216383683,0.3224552414,0.04763484001,0.05140262842
5245,1.0,0.0,0.0,0.0,1.0,1.0,0.3437569424,0.3449248764,0.05095672607,0.05527049303
5246,1.0,0.0,0.0,0.0,1.0,1.0,0.3465956298,0.3404875018,0.05166846514,0.05494892597
5247,1.0,0.0,0.0,0.0,1.0,1.0,0.3507130206,0.3410259062,0.05296719074,0.05543720722
5248,1.0,0.0,0.0,0.0,1.0,1.0,0.3498499156,0.343242506,0.05287349224,0.05617809296
5249,1.0,0.0,0.0,0.0,1.0,1.0,0.3513517765,0.3444026043,0.05225551128,0.05523389578
5250,1.0,0.0,0.0,0.0,1.0,1.0,0.3325452343,0.3353831261,0.05015468597,0.05451589823
5251,1.0,0.0,0.0,0.0,1.0,1.0,0.3451310458,0.3486423933,0.05241423845,0.05732804537
5252,1.0,0.0,0.0,0.0,1.0,1.0,0.345752693,0.3503027149,0.05206561089,0.05721795559
5253,1.0,0.0,0.0,0.0,1.0,1.0,0.3328411126,0.3264843896,0.04872518778,0.05276316404
5254,1.0,0.0,0.0,0.0,1.0,1.0,0.3374259021,0.3281502449,0.04973977804,0.0532540679
5255,1.0,0.0,0.0,0.0,1.0,1.0,0.3477128008,0.3420908564,0.05209994316,0.05683630705
5256,1.0,0.0,0.0,0.0,1.0,1.0,0.3459249446,0.328720013,0.05026721954,0.0537994504
5257,1.0,0.0,0.0,0.0,1.0,1.0,0.3514316686,0.3353612537,0.05149269104,0.05503457785
5258,1.0,0.0,0.0,0.0,1.0,1.0,0.3539498545,0.3314982894,0.05191916227,0.05492502451
5259,1.0,0.0,0.0,0.0,1.0,1.0,0.3572149563,0.3337007112,0.05192196369,0.05551230907
5260,1.0,0.0,0.0,0.0,1.0,1.0,0.3583809359,0.3265504945,0.05281382799,0.05592054129
5261,1.0,0.0,0.0,0.0,1.0,1.0,0.3520650713,0.3092738069,0.05043715239,0.05236649513
5262,1.0,0.0,0.0,0.0,1.0,1.0,0.35479719,0.3141567397,0.05226463079,0.05512058735
5263,1.0,0.0,0.0,0.0,1.0,1.0,0.3771475869,0.3199534688,0.05406010151,0.0551982522
5264,1.0,0.0,0.0,0.0,1.0,1.0,0.3896816165,0.3409466511,0.05609709024,0.05929428339
5265,1.0,0.0,0.0,0.0,1.0,1.0,0.3888407277,0.3325899003,0.05619722605,0.0582460165
5266,1.0,0.0,0.0,0.0,1.0,1.0,0.3948665325,0.3410258366,0.05984574556,0.06263649464
5267,1.0,0.0,0.0,0.0,1.0,1.0,0.4165189344,0.3571830376,0.06104081869,0.06373381615
5268,1.0,0.0,0.0,0.0,1.0,1.0,0.4188533248,0.3642032615,0.05839490891,0.06215298176
5269,1.0,0.0,0.0,0.0,1.0,1.0,0.4357854002,0.3747905463,0.0633187294,0.06688594818
5270,1.0,0.0,0.0,0.0,1.0,1.0,0.4262924861,0.3619240005,0.06139856577,0.0640425086
5271,1.0,0.0,0.0,0.0,1.0,1.0,0.4184653819,0.3586036671,0.06012398005,0.06304264069
5272,1.0,0.0,0.0,0.0,1.0,1.0,0.4271643801,0.366461997,0.06276488304,0.06606829166
5273,1.0,0.0,0.0,0.0,1.0,1.0,0.4193175568,0.3597991881,0.06057262421,0.06351310015
5274,1.0,0.0,0.0,0.0,1.0,1.0,0.4160113141,0.3519630227,0.06166315079,0.06376874447
5275,1.0,0.0,0.0,0.0,1.0,1.0,0.4232692545,0.3623802316,0.0617184639,0.06467145681
5276,1.0,0.0,0.0,0.0,1.0,1.0,0.4171933321,0.3569433733,0.06221795082,0.06493622065
5277,1.0,0.0,0.0,0.0,1.0,1.0,0.418698674,0.3578860761,0.05986660719,0.06245702505
5278,1.0,0.0,0.0,0.0,1.0,1.0,0.4297803525,0.3632838839,0.06352108717,0.06621772051
5279,1.0,0.0,0.0,0.0,1.0,1.0,0.4330232181,0.3613619923,0.0622009635,0.06544369459
5280,1.0,0.0,0.0,0.0,1.0,1.0,0.4081929666,0.3309409194,0.05819404125,0.05999386311
5281,1.0,0.0,0.0,0.0,1.0,1.0,0.4189528856,0.3407934917,0.05967855453,0.06175690889
5282,1.0,0.0,0.0,0.0,1.0,1.0,0.4263721141,0.3436618862,0.06117999554,0.06269437075
5283,1.0,0.0,0.0,0.0,1.0,1.0,0.4303303676,0.3499730642,0.05990689993,0.06230318546
5284,1.0,0.0,0.0,0.0,1.0,1.0,0.4275689751,0.3337008626,0.06165736914,0.06196564436
5285,1.0,0.0,0.0,0.0,1.0,1.0,0.4260610551,0.3369827427,0.06010198593,0.06129801273
5286,1.0,0.0,0.0,0.0,1.0,1.0,0.4327045334,0.3347804276,0.06344473362,0.06344473362
5287,1.0,-0.7853981853,0.0,0.0,1.0,1.0,0.427727152,0.3336954305,0.05986964703,0.06016606092
5288,1.0,-0.7853981853,0.0,0.0,1.0,1.0,0.4241331219,0.3336952255,0.06161719561,0.06192219257
5289,1.0,0.0,0.0,0.0,1.0,1.0,0.4323604849,0.3407930966,0.06330233812,0.06360810995
5290,1.0,0.0,0.0,0.0,1.0,1.0,0.4301393218,0.3448072584,0.06153517962,0.06244009733
5291,1.0,0.0,0.0,0.0,1.0,1.0,0.4275798247,0.3348130809,0.06068408489,0.06008625031
5292,1.0,0.0,0.0,0.0,1.0,1.0,0.4154625563,0.3225624519,0.05854141712,0.0576453805
5293,1.0,0.0,0.0,0.0,1.0,1.0,0.3396052494,0.2207246166,0.04551160336,0.03818082809
5294,1.0,0.0,0.0,0.0,1.0,1.0,0.3277614666,0.1027796845,0.04431200027,0.01809930801
5295,1.0,0.0,0.0,0.0,1.0,1.0,0.3014190727,0.1236242817,0.03935474157,0.02100890875
5296,1.0,0.0,0.0,0.0,1.0,1.0,0.2890488783,0.1723176178,0.03880113363,0.02984702587
5297,1.0,0.0,0.0,0.0,1.0,1.0,0.3422296977,0.2378809125,0.04665517807,0.04130619764
5298,1.0,0.0,0.0,0.0,1.0,1.0,0.3788459566,0.2905354304,0.05416178703,0.05236637592
5299,1.0,0.0,0.0,0.0,1.0,1.0,0.3894732608,0.3037519376,0.05800020695,0.0570795536
5300,1.0,0.0,0.0,0.0,1.0,1.0,0.3792431713,0.2974928176,0.05633372068,0.05540001392
5301,1.0,0.0,0.0,0.0,1.0,1.0,0.384320412,0.3038169421,0.05721229315,0.05690133572
5302,1.0,0.0,0.0,0.0,1.0,1.0,0.379616221,0.29513713,0.05413240194,0.05382657051
5303,1.0,0.0,0.0,0.0,1.0,1.0,0.3797239913,0.2948355064,0.0536646843,0.053363204
5304,1.0,0.0,0.0,0.0,1.0,1.0,0.3813516865,0.2978467048,0.05319744349,0.05379515886
5305,1.0,0.0,0.0,0.0,1.0,1.0,0.398909445,0.312739392,0.05599761009,0.05751931667
5306,1.0,-0.7853981853,0.0,0.0,1.0,1.0,0.3373841793,0.23182949,0.04394078255,0.04063016176
5307,1.0,-0.7853981853,0.0,0.0,1.0,1.0,0.2771456082,0.148662493,0.03557360172,0.02612930536
5308,1.0,-0.7853981853,0.0,0.0,1.0,1.0,0.289024754,0.1435367935,0.03684705496,0.02508074045
5309,1.0,-0.7853981853,0.0,0.0,1.0,1.0,0.2983055451,0.1682909141,0.03796470165,0.0292956233
5310,1.0,-0.7853981853,0.0,0.0,1.0,1.0,0.3273433341,0.2086378596,0.04185730219,0.03681069613
5311,1.0,-0.7853981853,0.0,0.0,1.0,1.0,0.3952847761,0.2905355968,0.0519862175,0.05169087648
5312,1.0,-0.7853981853,0.0,0.0,1.0,1.0,0.4193307806,0.3298811685,0.05867290497,0.06140899658
5313,1.0,-0.7853981853,0.0,0.0,1.0,1.0,0.4112113941,0.323832568,0.05644363165,0.05946207047
5314,1.0,-0.7853981853,0.0,0.0,1.0,1.0,0.4193315198,0.334780541,0.05842381716,0.06205636263
5315,1.0,-0.7853981853,0.0,0.0,1.0,1.0,0.4161643969,0.3288067673,0.05930697918,0.0620726347
5316,1.0,-0.7853981853,0.0,0.0,1.0,1.0,0.4180669084,0.3276861008,0.05831718445,0.06074714661
5317,1.0,-0.7853981853,0.0,0.0,1.0,1.0,0.4164341536,0.3336954203,0.05830258131,0.06229174137
5318,1.0,-0.7853981853,0.0,0.0,1.0,1.0,0.4154374379,0.32932454,0.05847817659,0.06153988838
5319,1.0,-0.7853981853,0.0,0.0,1.0,1.0,0.4185232875,0.3309408091,0.0590557456,0.06151634455
5320,1.0,-0.7853981853,0.0,0.0,1.0,1.0,0.4178700731,0.3353388541,0.05916690826,0.06221669912
5321,1.0,-0.7853981853,0.0,0.0,1.0,1.0,0.4167055639,0.3325956853,0.05859971046,0.06134653091
5322,1.0,-0.7853981853,0.0,0.0,1.0,1.0,0.4210464519,0.3347963089,0.05942046642,0.06217700243
5323,1.0,-0.7853981853,0.0,0.0,1.0,1.0,0.4217235948,0.3458331838,0.05980962515,0.06377655268
5324,1.0,-0.7853981853,0.0,0.0,1.0,1.0,0.4019378511,0.3166549451,0.05529779196,0.05708158016
5325,1.0,0.0,0.0,0.0,1.0,1.0,0.4023586969,0.3086508879,0.05645394325,0.0570576787
5326,1.0,0.0,0.0,0.0,1.0,1.0,0.3887307325,0.2978791684,0.05394309759,0.05394309759
5327,1.0,0.0,0.0,0.0,1.0,1.0,0.3681028352,0.2783680961,0.0516461134,0.0498445034
5328,1.0,0.0,0.0,0.0,1.0,1.0,0.3848782247,0.3018115316,0.05553823709,0.05464243889
5329,1.0,0.0,0.0,0.0,1.0,1.0,0.3775667999,0.3086512467,0.05499601364,0.05558425188
5330,1.0,0.0,0.0,0.0,1.0,1.0,0.3517871672,0.2908073541,0.05066496134,0.05095779896
5331,1.0,0.0,0.0,0.0,1.0,1.0,0.3562365957,0.2952145366,0.05100208521,0.05071872473
5332,1.0,0.0,0.0,0.0,1.0,1.0,0.3513660326,0.3044656011,0.05066072941,0.05178654194
5333,1.0,0.0,0.0,0.0,1.0,1.0,0.3593500212,0.3221884815,0.0541254282,0.05525302887
5334,1.0,0.0,0.0,0.0,1.0,1.0,0.3294247747,0.2915040749,0.04893499613,0.04838210344
5335,1.0,0.0,0.0,0.0,1.0,1.0,0.3429820366,0.3169375128,0.05122429132,0.05205053091
5336,1.0,0.0,0.0,0.0,1.0,1.0,0.3434444032,0.3331471858,0.0514896512,0.05394154787
5337,1.0,0.0,0.0,0.0,1.0,1.0,0.3422003346,0.3314473264,0.05189353228,0.05354088545
5338,1.0,0.0,0.0,0.0,1.0,1.0,0.3325480262,0.3263483449,0.04993587732,0.05182534456
5339,1.0,0.0,0.0,0.0,1.0,1.0,0.3234027151,0.3159747882,0.04819762707,0.050103724
5340,1.0,0.0,0.0,0.0,1.0,1.0,0.3488104275,0.349120197,0.05270725489,0.05571132898
5341,1.0,0.0,0.0,0.0,1.0,1.0,0.337915027,0.3348470065,0.05094569921,0.05310213566
5342,1.0,0.0,0.0,0.0,1.0,1.0,0.3450666686,0.3421814091,0.05194407701,0.05436629057
5343,1.0,0.0,0.0,0.0,1.0,1.0,0.3397381765,0.3342845063,0.05193984509,0.053863585
5344,1.0,0.0,0.0,0.0,1.0,1.0,0.3355523399,0.3331473335,0.05012047291,0.0522762537
5345,1.0,0.0,0.0,0.0,1.0,1.0,0.3349383248,0.3325786655,0.05078274012,0.05295526981
5346,1.0,0.0,0.0,0.0,1.0,1.0,0.3373114082,0.3348469984,0.05057066679,0.0527112484
5347,1.0,0.0,0.0,0.0,1.0,1.0,0.3307505422,0.3302952113,0.0496019721,0.05202817917
5348,1.0,0.0,0.0,0.0,1.0,1.0,0.3260210857,0.3257564288,0.0495211482,0.0516859889
5349,1.0,0.0,0.0,0.0,1.0,1.0,0.3283882948,0.3229487002,0.04965829849,0.05127751827
5350,1.0,0.0,0.0,0.0,1.0,1.0,0.3379150483,0.3359901146,0.05132645369,0.05349904299
5351,1.0,0.0,0.0,0.0,1.0,1.0,0.3301406047,0.3256801172,0.04942649603,0.05104702711
5352,1.0,0.0,0.0,0.0,1.0,1.0,0.3223424164,0.3192659501,0.04822337627,0.04957038164
5353,1.0,0.0,0.0,0.0,1.0,1.0,0.3349384475,0.3342961727,0.05060786009,0.05250227451
5354,1.0,0.0,0.0,0.0,1.0,1.0,0.3301242796,0.3261338322,0.04957526922,0.05066484213
5355,1.0,0.0,0.0,0.0,1.0,1.0,0.3343520433,0.3360796702,0.05069077015,0.05233478546
5356,1.0,0.0,0.0,0.0,1.0,1.0,0.3337423226,0.3343201949,0.05062448978,0.05143660307
5357,1.0,0.0,0.0,0.0,1.0,1.0,0.3314032072,0.3331470982,0.05075192451,0.05128610134
5358,1.0,0.0,0.0,0.0,1.0,1.0,0.3168108547,0.3145098577,0.04782629013,0.04756206274
5359,1.0,0.0,0.0,0.0,1.0,1.0,0.3146068232,0.3180042021,0.04902237654,0.04929322004
5360,1.0,0.0,0.0,0.0,1.0,1.0,0.3249932499,0.3325605758,0.05018514395,0.05099457502
5361,1.0,0.0,0.0,0.0,1.0,1.0,0.3056289452,0.3076573565,0.04660016298,0.04633235931
5362,1.0,0.0,0.0,0.0,1.0,1.0,0.3291472128,0.3313935928,0.05235135555,0.05153334141
5363,1.0,0.0,0.0,0.0,1.0,1.0,0.3024396939,0.3062805052,0.04636353254,0.04556417465
5364,1.0,0.0,0.0,0.0,1.0,1.0,0.3195493093,0.3313755455,0.05041563511,0.05014753342
5365,1.0,0.0,0.0,0.0,1.0,1.0,0.3192197079,0.3319699902,0.05099856853,0.05019754171
5366,1.0,0.0,0.0,0.0,1.0,1.0,0.3105706483,0.3290413395,0.04905444384,0.0487934351
5367,1.0,0.0,0.0,0.0,1.0,1.0,0.2973545946,0.3171984642,0.04693233967,0.04667156935
5368,1.0,0.0,0.0,0.0,1.0,1.0,0.2971760114,0.3230338885,0.04737842083,0.04790782928
5369,1.0,0.0,0.0,0.0,1.0,1.0,0.3034609352,0.3367682402,0.04972219467,0.05026262999
5370,1.0,0.0,0.0,0.0,1.0,1.0,0.2853165372,0.3160001455,0.04581320286,0.04608112574
5371,1.0,0.0,0.0,0.0,1.0,1.0,0.287215257,0.3196741812,0.04559928179,0.04586279392
5372,1.0,0.0,0.0,0.0,1.0,1.0,0.2838945649,0.325096962,0.04588019848,0.04695338011
5373,1.0,0.0,0.0,0.0,1.0,1.0,0.2681836984,0.3092613165,0.04318422079,0.0439888835
5374,1.0,0.0,0.0,0.0,1.0,1.0,0.2722733334,0.3137346399,0.04344713688,0.04424190521
5375,1.0,0.0,0.0,0.0,1.0,1.0,0.2888751201,0.3407185471,0.04631137848,0.04790830612
5376,1.0,0.0,0.0,0.0,1.0,1.0,0.2853163677,0.3325138605,0.04593408108,0.04700857401
5377,1.0,0.0,0.0,0.0,1.0,1.0,0.282234364,0.3217904417,0.04554843903,0.04554849863
5378,1.0,0.0,0.0,0.0,1.0,1.0,0.2954013115,0.3400355678,0.04735213518,0.04761523008
5379,1.0,0.0,0.0,0.0,1.0,1.0,0.2850867714,0.3362786635,0.0461717248,0.04749852419
