frame_index,face_detected,yaw,pitch,roll,left_eye_valid,right_eye_valid,left_eye_aspect_ratio,right_eye_aspect_ratio,left_eyelid_gap_ratio,right_eyelid_gap_ratio
0,1.0,0.7853981853,0.0,0.0,1.0,1.0,0.3435066821,0.4329380534,0.05978679657,0.05352348089
1,1.0,0.7853981853,0.0,0.0,1.0,1.0,0.3462119179,0.4309522488,0.06002008915,0.05322539806
2,1.0,0.7853981853,0.0,0.0,1.0,1.0,0.3473468345,0.4332445273,0.05996096134,0.05345582962
3,1.0,0.7853981853,0.0,0.0,1.0,1.0,0.339711827,0.432938212,0.059040308,0.0536211729
4,1.0,0.7853981853,0.0,0.0,1.0,1.0,0.3402354273,0.4283322834,0.05887383223,0.05264681578
5,1.0,0.7853981853,0.0,0.0,1.0,1.0,0.3403058538,0.4303150728,0.05872881413,0.0530269742
6,1.0,0.7853981853,0.0,0.0,1.0,1.0,0.3375821149,0.4233744943,0.05730420351,0.05165839195
7,1.0,0.7853981853,0.0,0.0,1.0,1.0,0.3409075567,0.4263669374,0.0578687191,0.05250525475
8,1.0,0.7853981853,0.0,0.0,1.0,1.0,0.3304209583,0.4141833002,0.05673760176,0.05168181658
9,1.0,0.7853981853,0.0,0.0,1.0,1.0,0.3417033696,0.4283325146,0.05903738737,0.05321681499
10,1.0,0.7853981853,0.0,0.0,1.0,1.0,0.326740444,0.4171777928,0.05626022816,0.05157190561
11,1.0,0.7853981853,0.0,0.0,1.0,1.0,0.3347490951,0.4286495191,0.05790305138,0.05347025394
12,1.0,0.7853981853,0.0,0.0,1.0,1.0,0.3315377917,0.4235301224,0.05831003189,0.05349802971
13,1.0,0.7853981853,0.0,0.0,1.0,1.0,0.336366123,0.4242074753,0.05819875002,0.05318641663
14,1.0,0.7853981853,0.0,0.0,1.0,1.0,0.3352968163,0.4286499035,0.05789512396,0.05371999741
15,1.0,0.7853981853,0.0,0.0,1.0,1.0,0.3406457449,0.428963976,0.05926036835,0.05422884226
16,1.0,0.7853981853,0.0,0.0,1.0,1.0,0.3368904846,0.4283324992,0.05796837807,0.05299967527
17,1.0,0.7853981853,0.0,0.0,1.0,1.0,0.3368723165,0.426752778,0.05856400728,0.05356806517
18,1.0,0.7853981853,0.0,0.0,1.0,1.0,0.3219892697,0.4086605816,0.05638438463,0.0513600111
19,1.0,0.7853981853,0.0,0.0,1.0,1.0,0.3389827009,0.4270743826,0.05870938301,0.05347239971
20,1.0,0.7853981853,0.0,0.0,1.0,1.0,0.3326117405,0.4238703564,0.05731123686,0.05260449648
21,1.0,0.7853981853,0.0,0.0,1.0,1.0,0.3422086709,0.4311753005,0.05962026119,0.0543269515
22,1.0,0.7853981853,0.0,0.0,1.0,1.0,0.3379292545,0.4289641605,0.05899876356,0.05398947001
23,1.0,0.7853981853,0.0,0.0,1.0,1.0,0.3433075121,0.4289643047,0.05903100967,0.05351412296
24,1.0,0.7853981853,0.0,0.0,1.0,1.0,0.3390392768,0.4264287702,0.05873048306,0.05344194174
25,1.0,0.7853981853,0.0,0.0,1.0,1.0,0.3406098369,0.4308708758,0.05938237906,0.05408537388
26,1.0,0.7853981853,0.0,0.0,1.0,1.0,0.3315458093,0.4216394217,0.05687230825,0.05192685127
27,1.0,0.7853981853,0.0,0.0,1.0,1.0,0.3331474175,0.4302526171,0.05742663145,0.05326521397
28,1.0,0.7853981853,0.0,0.0,1.0,1.0,0.3444677138,0.4372557328,0.05928713083,0.0545552969
29,1.0,0.7853981853,0.0,0.0,1.0,1.0,0.3353069389,0.4299397736,0.05812734365,0.05363440514
30,1.0,0.7853981853,0.0,0.0,1.0,1.0,0.3418714887,0.4257713181,0.05876177549,0.05341976881
31,1.0,0.7853981853,0.0,0.0,1.0,1.0,0.3320673941,0.4238706295,0.05708801746,0.05291086435
32,1.0,0.7853981853,0.0,0.0,1.0,1.0,0.3309735294,0.4186849639,0.05635082722,0.05163174868
33,1.0,0.7853981853,0.0,0.0,1.0,1.0,0.3304343344,0.4212896535,0.0571256876,0.05290460587
34,1.0,0.7853981853,0.0,0.0,1.0,1.0,0.3304210802,0.4168079036,0.05656135082,0.05208128691
35,1.0,0.7853981853,0.0,0.0,1.0,1.0,0.3374950538,0.4261014571,0.05790382624,0.05342817307
36,1.0,0.7853981853,0.0,0.0,1.0,1.0,0.3298808614,0.4100847558,0.05644392967,0.05113488436
37,1.0,0.7853981853,0.0,0.0,1.0,1.0,0.3293426748,0.4100848592,0.05684894323,0.05150181055
38,1.0,0.7853981853,0.0,0.0,1.0,1.0,0.3271788262,0.4100849379,0.05658149719,0.05151450634
39,1.0,0.7853981853,0.0,0.0,1.0,1.0,0.3391254841,0.4171778092,0.05820930004,0.05233240128
40,1.0,0.7853981853,0.0,0.0,1.0,1.0,0.3364135322,0.4212893325,0.0578405261,0.05278646946
41,1.0,0.7853981853,0.0,0.0,1.0,1.0,0.3150054754,0.3911839606,0.05338305235,0.04835218191
42,1.0,0.7853981853,0.0,0.0,1.0,1.0,0.3238781323,0.4029281742,0.05505686998,0.04977363348
43,1.0,0.7853981853,0.0,0.0,1.0,1.0,0.3282236625,0.4078440098,0.05630624294,0.05123871565
44,1.0,0.7853981853,0.0,0.0,1.0,1.0,0.3309627078,0.4119320232,0.05672210455,0.05138683319
45,1.0,0.7853981853,0.0,0.0,1.0,1.0,0.3315064894,0.4141830789,0.05648708344,0.05145353079
46,1.0,0.7853981853,0.0,0.0,1.0,1.0,0.3429455111,0.4283322356,0.05872166157,0.05368840694
47,1.0,0.7853981853,0.0,0.0,1.0,1.0,0.3331472286,0.4175442472,0.0572527051,0.05250489712
48,1.0,0.7853981853,0.0,0.0,1.0,1.0,0.3320675177,0.4175446067,0.05735552311,0.05259919167
49,1.0,0.7853981853,0.0,0.0,1.0,1.0,0.3255879323,0.4145668066,0.05623370409,0.05175739527
50,1.0,0.7853981853,0.0,0.0,1.0,1.0,0.3385206854,0.4242077373,0.05857902765,0.05327904224
51,1.0,0.7853981853,0.0,0.0,1.0,1.0,0.3260823844,0.4056032671,0.05611741543,0.05078625679
52,1.0,0.7853981853,0.0,0.0,1.0,1.0,0.3304344555,0.4149469446,0.0567997098,0.05204308033
53,1.0,0.7853981853,0.0,0.0,1.0,1.0,0.3401666396,0.422330811,0.05909222364,0.05374580622
54,1.0,0.7853981853,0.0,0.0,1.0,1.0,0.3228214132,0.402927866,0.05542558432,0.05010694265
55,1.0,0.7853981853,0.0,0.0,1.0,1.0,0.3228716613,0.4056033201,0.05523383617,0.05023783445
56,1.0,0.7853981853,0.0,0.0,1.0,1.0,0.3217716461,0.402928217,0.05408716202,0.04889696836
57,1.0,0.7853981853,0.0,0.0,1.0,1.0,0.3185213957,0.4006770285,0.0545732975,0.04956144094
58,1.0,0.7853981853,0.0,0.0,1.0,1.0,0.3233490167,0.4024899119,0.05432099104,0.04883396626
59,1.0,0.7853981853,0.0,0.0,1.0,1.0,0.3217714576,0.4047515709,0.05552071333,0.05019301176
60,1.0,0.7853981853,0.0,0.0,1.0,1.0,0.3261164661,0.4078439135,0.05601483583,0.05071991682
61,1.0,0.7853981853,0.0,0.0,1.0,1.0,0.3244942171,0.4074299102,0.05613458157,0.050801754
62,1.0,0.7853981853,0.0,0.0,1.0,1.0,0.3304344103,0.4141826469,0.05657404661,0.05127888918
63,1.0,0.7853981853,0.0,0.0,1.0,1.0,0.328271915,0.4164341722,0.05741161108,0.05257993937
64,1.0,0.7853981853,0.0,0.0,1.0,1.0,0.3260823043,0.4115347131,0.05617374182,0.05111807585
65,1.0,0.7853981853,0.0,0.0,1.0,1.0,0.3201463599,0.4051790197,0.05505108833,0.05030047894
66,1.0,0.7853981853,0.0,0.0,1.0,1.0,0.3298649302,0.4070128274,0.05663073063,0.05071413517
67,1.0,0.7853981853,0.0,0.0,1.0,1.0,0.3353175207,0.4168074946,0.05775117874,0.05214428902
68,1.0,0.7853981853,0.0,0.0,1.0,1.0,0.3336896029,0.4183184317,0.0567201972,0.05118656158
69,1.0,0.7853981853,0.0,0.0,1.0,1.0,0.3418286002,0.432190909,0.05892491341,0.05387419462
70,1.0,0.7853981853,0.0,0.0,1.0,1.0,0.3450839358,0.4299398357,0.06007504463,0.05412423611
71,1.0,0.7853981853,0.0,0.0,1.0,1.0,0.3249013345,0.4057367035,0.05673342943,0.05097365379
72,1.0,0.7853981853,0.0,0.0,1.0,1.0,0.3216594892,0.4038841438,0.05434113741,0.04907339811
73,1.0,0.7853981853,0.0,0.0,1.0,1.0,0.3200185435,0.408862849,0.0558347106,0.0515397191
74,1.0,0.7853981853,0.0,0.0,1.0,1.0,0.3375163616,0.423187309,0.0571936965,0.05219620466
75,1.0,0.7853981853,0.0,0.0,1.0,1.0,0.342477521,0.4312659706,0.05842161179,0.05308502913
76,1.0,0.7853981853,0.0,0.0,1.0,1.0,0.3386538699,0.4179483861,0.05854803324,0.05255043507
77,1.0,0.7853981853,0.0,0.0,1.0,1.0,0.3385999232,0.4228408407,0.05968248844,0.05391603708
78,1.0,0.7853981853,0.0,0.0,1.0,1.0,0.3370403605,0.4122125881,0.05858892202,0.05191797018
79,1.0,0.7853981853,0.0,0.0,1.0,1.0,0.3359327347,0.4141202556,0.05765235424,0.05134212971
80,1.0,0.7853981853,0.0,0.0,1.0,1.0,0.3281251862,0.4048665637,0.05539995432,0.04946422577
81,1.0,0.7853981853,0.0,0.0,1.0,1.0,0.3342560032,0.41874721,0.05674999952,0.05110317469
82,1.0,0.7853981853,0.0,0.0,1.0,1.0,0.3409467336,0.4210611589,0.05868595839,0.0523570776
83,1.0,0.7853981853,0.0,0.0,1.0,1.0,0.3342556623,0.4122121624,0.05698692799,0.05074959993
84,1.0,0.7853981853,0.0,0.0,1.0,1.0,0.3353719204,0.4168178596,0.0575568676,0.05182981491
85,1.0,0.7853981853,0.0,0.0,1.0,1.0,0.3420460379,0.4214234974,0.05811041594,0.05187416077
86,1.0,0.7853981853,0.0,0.0,1.0,1.0,0.3325959563,0.4061663855,0.05752235651,0.05094021559
87,1.0,0.7853981853,0.0,0.0,1.0,1.0,0.3353500131,0.4126138439,0.05856651068,0.05193090439
88,1.0,0.7853981853,0.0,0.0,1.0,1.0,0.3342446419,0.4126135912,0.05801302195,0.05144017935
89,1.0,0.7853981853,0.0,0.0,1.0,1.0,0.3331471206,0.4145151062,0.05755716562,0.05154377222
90,1.0,0.7853981853,0.0,0.0,1.0,1.0,0.3331474289,0.4122122496,0.05777728558,0.05145341158
91,1.0,0.7853981853,0.0,0.0,1.0,1.0,0.3353607658,0.410729295,0.05841058493,0.05204904079
92,1.0,0.7853981853,0.0,0.0,1.0,1.0,0.3348048312,0.4113978674,0.05771720409,0.05057394505
93,1.0,0.7853981853,0.0,0.0,1.0,1.0,0.3348048798,0.4118070098,0.05805999041,0.05116176605
94,1.0,0.7853981853,0.0,0.0,1.0,1.0,0.3370209859,0.416433895,0.0578147769,0.05126434565
95,1.0,0.7853981853,0.0,0.0,1.0,1.0,0.331489758,0.412212452,0.05757564306,0.05153024197
96,1.0,0.7853981853,0.0,0.0,1.0,1.0,0.3409075799,0.4233743736,0.05913859606,0.05279201269
97,1.0,0.7853981853,0.0,0.0,1.0,1.0,0.3386812848,0.4168177168,0.05766785145,0.05116605759
98,1.0,0.7853981853,0.0,0.0,1.0,1.0,0.3376042864,0.4071799888,0.0574631691,0.05006688833
99,1.0,0.7853981853,0.0,0.0,1.0,1.0,0.3325903616,0.4053036918,0.05740398169,0.05076932907
100,1.0,0.7853981853,0.0,0.0,1.0,1.0,0.3342562438,0.413722326,0.05730551481,0.05074810982
101,1.0,0.7853981853,0.0,0.0,1.0,1.0,0.3375817067,0.4149059259,0.05762815475,0.05138278008
102,1.0,0.7853981853,0.0,0.0,1.0,1.0,0.3342558923,0.4137223378,0.05776280165,0.05115312338
103,1.0,0.7853981853,0.0,0.0,1.0,1.0,0.3242334209,0.4016451676,0.05552810431,0.04923117161
104,1.0,0.7853981853,0.0,0.0,1.0,1.0,0.3359330041,0.4156558617,0.0582882762,0.05161845684
105,1.0,0.7853981853,0.0,0.0,1.0,1.0,0.3398435449,0.4176071314,0.05845445395,0.05125564337
106,1.0,0.7853981853,0.0,0.0,1.0,1.0,0.3320292998,0.4054337954,0.05632960796,0.04893279076
107,1.0,0.7853981853,0.0,0.0,1.0,1.0,0.3286754094,0.4086503598,0.05537647009,0.04944330454
108,1.0,0.7853981853,0.0,0.0,1.0,1.0,0.3309077145,0.4086501845,0.056666255,0.05033802986
109,1.0,0.7853981853,0.0,0.0,1.0,1.0,0.3325876487,0.4063154769,0.05642592907,0.04958641529
110,1.0,0.7853981853,0.0,0.0,1.0,1.0,0.3292277761,0.4058763725,0.05548125505,0.04897069931
111,1.0,0.7853981853,0.0,0.0,1.0,1.0,0.3314731791,0.4063153793,0.0562993288,0.04947519302
112,1.0,0.7853981853,0.0,0.0,1.0,1.0,0.3342725365,0.4101482364,0.05548858643,0.0487627387
113,1.0,0.7853981853,0.0,0.0,1.0,1.0,0.3314816329,0.4067497272,0.05746120214,0.05053120852
114,1.0,0.7853981853,0.0,0.0,1.0,1.0,0.3269984252,0.405876475,0.055560112,0.04929178953
115,1.0,0.7853981853,0.0,0.0,1.0,1.0,0.3286976614,0.4063150793,0.05583870411,0.04931950569
116,1.0,0.7853981853,0.0,0.0,1.0,1.0,0.3191495343,0.3932992183,0.05413383245,0.04843556881
117,1.0,0.7853981853,0.0,0.0,1.0,1.0,0.2464609754,0.334740939,0.04086142778,0.03945237398
118,1.0,0.7853981853,0.0,0.0,1.0,1.0,0.09468367733,0.2408910635,0.0152195096,0.02649331093
119,1.0,0.7853981853,0.0,0.0,1.0,1.0,0.09101178746,0.2234331374,0.01503890753,0.02590030432
120,1.0,0.7853981853,0.0,0.0,1.0,1.0,0.1856796874,0.2733517337,0.03179508448,0.03538936377
121,1.0,0.7853981853,0.0,0.0,1.0,1.0,0.2244899552,0.2982521872,0.03899508715,0.04033052921
122,1.0,0.0,0.0,0.0,1.0,1.0,0.2445442183,0.3144312108,0.04205203056,0.04388040304
123,1.0,0.0,0.0,0.0,1.0,1.0,0.2444788187,0.2983684569,0.04209804535,0.04315716028
124,1.0,0.0,0.0,0.0,1.0,1.0,0.2587154948,0.3112143545,0.04369211197,0.04551261663
125,1.0,0.0,0.0,0.0,1.0,1.0,0.2591145193,0.3081898908,0.04386252165,0.04621225595
126,1.0,0.0,0.0,0.0,1.0,1.0,0.2697879604,0.3189343197,0.04574137926,0.04860019684
127,1.0,0.0,0.0,0.0,1.0,1.0,0.2649684049,0.3032205786,0.04429763556,0.04637002945
128,1.0,0.0,0.0,0.0,1.0,1.0,0.2820129233,0.3139690827,0.04669767618,0.04900687933
129,1.0,0.0,0.0,0.0,1.0,1.0,0.2815765966,0.3017793781,0.04690033197,0.0479310751
130,1.0,0.0,0.0,0.0,1.0,1.0,0.287320141,0.3111166658,0.04818898439,0.05000257492
131,1.0,0.0,0.0,0.0,1.0,1.0,0.2882400763,0.3043904143,0.04795026779,0.04873210192
132,1.0,0.0,0.0,0.0,1.0,1.0,0.2844323042,0.3027625146,0.04708278179,0.04838341475
133,1.0,0.0,0.0,0.0,1.0,1.0,0.2833061624,0.3011349326,0.0469430089,0.04824703932
134,1.0,0.0,0.0,0.0,1.0,1.0,0.2767438837,0.2981940138,0.0456071496,0.04743146896
135,1.0,0.0,0.0,0.0,1.0,1.0,0.275162764,0.2965559126,0.04518634081,0.04700422287
136,1.0,0.0,0.0,0.0,1.0,1.0,0.2722887037,0.2981940413,0.0452709198,0.04762607813
137,1.0,0.0,0.0,0.0,1.0,1.0,0.275436999,0.2932788872,0.04555606842,0.04659730196
138,1.0,0.0,0.0,0.0,1.0,1.0,0.2790952471,0.2988524223,0.04671955109,0.04776352644
139,1.0,0.0,0.0,0.0,1.0,1.0,0.2628453876,0.2846095659,0.04374468327,0.04505443573
140,1.0,0.0,0.0,0.0,1.0,1.0,0.2717085324,0.2931696529,0.04466563463,0.045971632
141,1.0,0.0,0.0,0.0,1.0,1.0,0.2778054565,0.3173665244,0.04643839598,0.04973578453
142,0.0,0.0,0.0,0.0,0.0,0.0,0.0,0.0,0.0,0.0
143,0.0,0.0,0.0,0.0,0.0,0.0,0.0,0.0,0.0,0.0
144,1.0,0.0,0.0,0.0,1.0,1.0,0.1955030771,0.2251709136,0.03101116419,0.03303998709
145,1.0,0.0,0.0,0.0,1.0,1.0,0.1942873898,0.222743705,0.03092467785,0.03203904629
146,1.0,0.0,0.0,0.0,1.0,1.0,0.1732135618,0.1944367496,0.02819091082,0.03016424179
147,1.0,0.0,0.0,0.0,1.0,1.0,0.1817168777,0.193554011,0.02871704102,0.02924883366
148,1.0,0.0,0.0,0.0,1.0,1.0,0.1713813472,0.1931543852,0.02734482288,0.02951073647
149,1.0,0.0,0.0,0.0,1.0,1.0,0.1932802562,0.233203091,0.03146398067,0.03576678038
150,1.0,0.0,0.0,0.0,1.0,1.0,0.1517303362,0.1858611226,0.02412039042,0.02779090405
151,1.0,0.0,0.0,0.0,1.0,1.0,0.1811286327,0.2173443662,0.02913367748,0.03303551674
152,1.0,0.0,0.0,0.0,1.0,1.0,0.2307627745,0.2515373412,0.03740531206,0.03869515657
153,1.0,0.0,0.0,0.0,1.0,1.0,0.2585857496,0.2739333061,0.04228329659,0.04280209541
154,1.0,0.0,0.0,0.0,1.0,1.0,0.2751185073,0.2767184502,0.04521632195,0.043428123
155,1.0,0.0,0.0,0.0,1.0,1.0,0.2866617966,0.2913684983,0.04725265503,0.04572016001
156,1.0,0.0,0.0,0.0,1.0,1.0,0.2886255681,0.2924412385,0.0480208993,0.04648828506
157,1.0,0.0,0.0,0.0,1.0,1.0,0.2908024111,0.2988686504,0.04838019609,0.04736167192
158,1.0,0.0,0.0,0.0,1.0,1.0,0.2879749623,0.2969122357,0.04764854908,0.04662930965
159,1.0,0.0,0.0,0.0,1.0,1.0,0.2783060795,0.2910999546,0.04611998796,0.04586523771
160,1.0,0.0,0.0,0.0,1.0,1.0,0.2833548886,0.2927166307,0.04683572054,0.04607206583
161,1.0,0.0,0.0,0.0,1.0,1.0,0.283584079,0.2924411861,0.04669731855,0.04594004154
162,1.0,0.0,0.0,0.0,1.0,1.0,0.2883885884,0.3036888698,0.04787951708,0.04787951708
163,1.0,0.0,0.0,0.0,1.0,1.0,0.2877414796,0.2998328491,0.04796040058,0.04745018482
164,1.0,0.0,0.0,0.0,1.0,1.0,0.2978369704,0.3085094926,0.04917091131,0.04866397381
165,1.0,0.0,0.0,0.0,1.0,1.0,0.2964703388,0.3017486779,0.04917192459,0.04790467024
166,1.0,0.0,0.0,0.0,1.0,1.0,0.2972147526,0.3033451055,0.04900920391,0.04824739695
167,1.0,0.0,0.0,0.0,1.0,1.0,0.2959587718,0.2998323305,0.04889237881,0.04761242867
168,1.0,0.0,0.0,0.0,1.0,1.0,0.2946871539,0.298534441,0.04849630594,0.04721331596
169,1.0,0.0,0.0,0.0,1.0,1.0,0.2911761766,0.292320411,0.04770302773,0.04615586996
170,1.0,0.0,0.0,0.0,1.0,1.0,0.2932969263,0.3001625922,0.0480914712,0.04756879807
171,1.0,0.0,0.0,0.0,1.0,1.0,0.286008828,0.2978468579,0.04698848724,0.04698848724
172,1.0,0.0,0.0,0.0,1.0,1.0,0.285554841,0.2968139882,0.04681658745,0.04655355215
173,1.0,0.0,0.0,0.0,1.0,1.0,0.251472635,0.2718077022,0.04100269079,0.042316854
174,1.0,0.0,0.0,0.0,1.0,1.0,0.1685200679,0.2026839424,0.02672374249,0.03069263697
175,1.0,0.0,0.0,0.0,1.0,1.0,0.09858475655,0.1289601514,0.01550704241,0.01925003529
176,1.0,0.0,0.0,0.0,1.0,1.0,0.1430147637,0.1659911504,0.02265042067,0.02502083778
177,1.0,0.0,0.0,0.0,1.0,1.0,0.2092226911,0.2202161403,0.03405290842,0.03405296803
178,1.0,0.0,0.0,0.0,1.0,1.0,0.2458433244,0.2623953189,0.04038923979,0.04144519567
179,1.0,0.0,0.0,0.0,1.0,1.0,0.2755987872,0.2916404446,0.04546952248,0.04651480913
180,1.0,0.0,0.0,0.0,1.0,1.0,0.2911762446,0.3050244699,0.04789286852,0.04866945744
181,1.0,0.0,0.0,0.0,1.0,1.0,0.2907183894,0.3066467966,0.04817682505,0.04921841621
182,1.0,0.0,0.0,0.0,1.0,1.0,0.304517485,0.3165431466,0.05057048798,0.05108910799
183,1.0,0.0,0.0,0.0,1.0,1.0,0.305125628,0.3181504885,0.05068397522,0.05120116472
184,1.0,0.0,0.0,0.0,1.0,1.0,0.3092024681,0.3213637147,0.05113637447,0.05165284872
185,1.0,0.0,0.0,0.0,1.0,1.0,0.30295589,0.3165433603,0.05020999908,0.05098640919
186,1.0,0.0,0.0,0.0,1.0,1.0,0.3052557857,0.3235372698,0.05096435547,0.05225789547
187,1.0,0.0,0.0,0.0,1.0,1.0,0.3051254391,0.3207889735,0.05118817091,0.05197173357
188,1.0,0.0,0.0,0.0,1.0,1.0,0.3093138909,0.3277911866,0.05171447992,0.05301386118
189,1.0,0.0,0.0,0.0,1.0,1.0,0.31281424,0.325624328,0.05227530003,0.05279803276
190,1.0,0.0,0.0,0.0,1.0,1.0,0.306790659,0.3233488313,0.05093598366,0.0519862175
191,1.0,0.0,0.0,0.0,1.0,1.0,0.2915037759,0.3067592176,0.0477476716,0.04879707098
192,1.0,0.0,0.0,0.0,1.0,1.0,0.2171255701,0.2327468153,0.03486508131,0.03619587421
193,1.0,0.0,0.0,0.0,1.0,1.0,0.1505081106,0.1648017907,0.02369421721,0.02475917339
194,1.0,0.0,0.0,0.0,1.0,1.0,0.1408380951,0.1559412525,0.02247595787,0.02382993698
195,1.0,0.0,0.0,0.0,1.0,1.0,0.1741838039,0.193553781,0.0275863409,0.0294610858
196,1.0,0.0,0.0,0.0,1.0,1.0,0.1788299563,0.1967544021,0.02840930223,0.03000235558
197,1.0,0.0,0.0,0.0,1.0,1.0,0.1829262671,0.2005799335,0.02933132648,0.03093117476
198,1.0,0.0,0.0,0.0,1.0,1.0,0.1995529307,0.2149147912,0.03191536665,0.03298813105
199,1.0,0.0,0.0,0.0,1.0,1.0,0.2045065333,0.2188431567,0.03299117088,0.03378927708
200,1.0,0.0,0.0,0.0,1.0,1.0,0.2064961078,0.2180912364,0.03317284584,0.0337036252
201,1.0,0.0,0.0,0.0,1.0,1.0,0.2058650303,0.2136737807,0.03289139271,0.03289139271
202,1.0,0.0,0.0,0.0,1.0,1.0,0.2125060933,0.2259010609,0.03405213356,0.03511619568
203,1.0,0.0,0.0,0.0,1.0,1.0,0.2170586967,0.2339830052,0.03524690866,0.03682512045
204,1.0,0.0,0.0,0.0,1.0,1.0,0.2224619196,0.2373257663,0.03589880466,0.03748255968
205,1.0,0.0,0.0,0.0,1.0,1.0,0.222461593,0.2366229334,0.03585541248,0.0377009511
206,1.0,0.0,0.0,0.0,1.0,1.0,0.2336356839,0.2457641274,0.0377175808,0.03928911686
207,1.0,0.0,0.0,0.0,1.0,1.0,0.2337403037,0.237652109,0.03792440891,0.03818595409
208,1.0,0.0,0.0,0.0,1.0,1.0,0.2478357546,0.2523019174,0.04035264254,0.04088008404
209,1.0,0.0,0.0,0.0,1.0,1.0,0.2433705172,0.2523021845,0.03968322277,0.04100602865
210,1.0,0.0,0.0,0.0,1.0,1.0,0.2478092444,0.2441261372,0.04043358564,0.03989803791
211,1.0,0.0,0.0,0.0,1.0,1.0,0.2519184334,0.237572242,0.04076576233,0.03863424063
212,1.0,0.0,0.0,0.0,1.0,1.0,0.2536147331,0.2357486678,0.0407538414,0.03807264566
213,1.0,0.0,0.0,0.0,1.0,1.0,0.2107666688,0.1744790369,0.03341549635,0.02775645256
214,1.0,0.0,0.0,0.0,1.0,1.0,0.1636717799,0.1137296297,0.02555471659,0.01794266701
215,1.0,0.0,0.0,0.0,1.0,1.0,0.2213415819,0.1794298983,0.03499758244,0.02880567312
216,1.0,0.0,0.0,0.0,1.0,1.0,0.2531701743,0.2293801318,0.0406690836,0.03721350431
217,1.0,0.0,0.0,0.0,1.0,1.0,0.2902132384,0.2749274372,0.04745137691,0.04531872272
218,1.0,0.0,0.0,0.0,1.0,1.0,0.2972615084,0.2919004049,0.04858422279,0.04832160473
219,1.0,0.0,0.0,0.0,1.0,1.0,0.3033450067,0.306177941,0.04930365086,0.05008208752
220,1.0,0.0,0.0,0.0,1.0,1.0,0.3091223088,0.3099535712,0.05009073019,0.05086934566
221,1.0,0.0,0.0,0.0,1.0,1.0,0.3091223868,0.3125238352,0.05077284575,0.05182510614
222,1.0,0.0,0.0,0.0,1.0,1.0,0.3111163698,0.3103362369,0.05077964067,0.05130589008
223,1.0,0.0,0.0,0.0,1.0,1.0,0.3124767236,0.3123255045,0.0511983037,0.05146217346
224,1.0,0.0,0.0,0.0,1.0,1.0,0.3059190823,0.306538244,0.05022883415,0.05049180984
225,1.0,0.0,0.0,0.0,1.0,1.0,0.3032566761,0.2995069686,0.04938012362,0.04884910583
226,1.0,0.0,0.0,0.0,1.0,1.0,0.2904220906,0.2906874447,0.04771065712,0.04744416475
227,1.0,0.0,0.0,0.0,1.0,1.0,0.2917725411,0.2966086826,0.04797434807,0.04876953363
228,1.0,0.0,0.0,0.0,1.0,1.0,0.2880838507,0.2947074016,0.04732763767,0.04864966869
229,1.0,0.0,0.0,0.0,1.0,1.0,0.2910374246,0.2950733613,0.04838681221,0.04945027828
230,1.0,0.0,0.0,0.0,1.0,1.0,0.2931909363,0.2995121091,0.04819864035,0.04979640245
231,1.0,0.0,0.0,0.0,1.0,1.0,0.2969119694,0.3011139687,0.04882764816,0.05016177893
232,1.0,0.0,0.0,0.0,1.0,1.0,0.2873796263,0.2882404612,0.04775714874,0.04881840944
233,1.0,0.0,0.0,0.0,1.0,1.0,0.2973022882,0.3039054817,0.04966008663,0.05124497414
234,1.0,0.0,0.0,0.0,1.0,1.0,0.2960728049,0.297341567,0.04930442572,0.04982614517
235,1.0,0.0,0.0,0.0,1.0,1.0,0.2921094093,0.2955665389,0.04920727015,0.04998010397
236,1.0,0.0,0.0,0.0,1.0,1.0,0.2407665298,0.1947441735,0.04460501671,0.03401535749
237,1.0,0.0,0.0,0.0,1.0,1.0,0.2383011512,0.2715464693,0.03966999054,0.04263043404
238,1.0,0.0,0.0,0.0,1.0,1.0,0.286272132,0.3008525798,0.04871284962,0.05042213202
239,1.0,0.0,0.0,0.0,1.0,1.0,0.3098778432,0.3296766603,0.05175513029,0.05403006077
240,1.0,0.0,0.0,0.0,1.0,1.0,0.3058119325,0.3360799192,0.05029767752,0.05366963148
241,1.0,0.0,0.0,0.0,1.0,1.0,0.3043284067,0.3384634999,0.04928332567,0.05348360538
242,1.0,0.0,0.0,0.0,1.0,1.0,0.3129737511,0.3626131277,0.05097419024,0.05660670996
243,1.0,0.0,0.0,0.0,1.0,1.0,0.2727262716,0.319078535,0.04502207041,0.05188518763
244,1.0,0.0,0.0,0.0,1.0,1.0,0.2783465525,0.3119173173,0.04601818323,0.05140036345
245,1.0,0.0,0.0,0.0,1.0,1.0,0.2807419152,0.3182936299,0.04692214727,0.05362534523
246,1.0,0.0,0.0,0.0,1.0,1.0,0.2796532624,0.3095756466,0.04720312357,0.05283528566
247,1.0,0.0,0.0,0.0,1.0,1.0,0.2703804679,0.2960130398,0.04457330704,0.04934900999
248,1.0,0.0,0.0,0.0,1.0,1.0,0.2667320266,0.2875753295,0.04435163736,0.04889369011
249,1.0,0.0,0.0,0.0,1.0,1.0,0.2599517796,0.2781466509,0.04316657782,0.04745644331
250,1.0,0.0,0.0,0.0,1.0,1.0,0.2705132472,0.2840028519,0.04489403963,0.04919528961
251,1.0,0.0,0.0,0.0,1.0,1.0,0.2630111089,0.2748467331,0.04257231951,0.04682958126
252,1.0,0.0,0.0,0.0,1.0,1.0,0.246068036,0.2553777801,0.0392383337,0.04353845119
253,1.0,0.0,0.0,0.0,1.0,1.0,0.2332601518,0.2379625629,0.0366987586,0.04018110037
254,1.0,0.0,0.0,0.0,1.0,1.0,0.2332598235,0.2308836184,0.03637719154,0.03876692057
255,1.0,0.0,0.0,0.0,1.0,1.0,0.2342704705,0.2254262776,0.03644323349,0.03749197721
256,1.0,0.0,0.0,0.0,1.0,1.0,0.2357489529,0.213943294,0.03711110353,0.03580439091
257,1.0,0.0,0.0,0.0,1.0,1.0,0.2410714781,0.2109930612,0.03824412823,0.03532266617
258,1.0,0.0,0.0,0.0,1.0,1.0,0.2423894721,0.203356423,0.03839093447,0.03392076492
259,1.0,0.0,0.0,0.0,1.0,1.0,0.2403926855,0.2030612367,0.03819036484,0.03348201513
260,1.0,0.0,0.0,0.0,1.0,1.0,0.2119019655,0.1633075734,0.03310316801,0.02606546879
261,1.0,0.0,0.0,0.0,1.0,1.0,0.1639842797,0.1133388782,0.02504253387,0.01739799976
262,1.0,0.0,0.0,0.0,1.0,1.0,0.165169129,0.1236058978,0.02617365122,0.01869547367
263,1.0,0.0,0.0,0.0,1.0,1.0,0.2088383102,0.1742796445,0.03345841169,0.0260232091
264,1.0,0.0,0.0,0.0,1.0,1.0,0.2482691445,0.2444286136,0.04126214981,0.03570759296
265,1.0,0.7853981853,0.0,0.0,1.0,1.0,0.2557444088,0.2712239112,0.04418349266,0.03957533836
266,1.0,0.7853981853,0.0,0.0,1.0,1.0,0.2691410638,0.2998322439,0.04688793421,0.04195231199
267,1.0,0.7853981853,0.0,0.0,1.0,1.0,0.2583370679,0.3105261764,0.04518222809,0.04264074564
268,1.0,0.7853981853,0.0,0.0,1.0,1.0,0.2666270198,0.3489431887,0.0483417511,0.04804515839
269,1.0,0.7853981853,0.0,0.0,1.0,1.0,0.2978934554,0.4109857566,0.05170702934,0.05384880304
270,1.0,0.7853981853,0.0,0.0,1.0,1.0,0.2689469392,0.3610423473,0.04620540142,0.0450130105
271,1.0,0.7853981853,0.0,0.0,1.0,1.0,0.2600838326,0.3628110479,0.04563975334,0.04563975334
272,1.0,0.7853981853,0.0,0.0,1.0,1.0,0.2667375206,0.3661547867,0.04779469967,0.04690957069
273,1.0,0.7853981853,0.0,0.0,1.0,1.0,0.2812996591,0.3817313414,0.05102020502,0.04951965809
274,1.0,0.7853981853,0.0,0.0,1.0,1.0,0.2924788742,0.3794176755,0.05043333769,0.04726320505
275,1.0,0.7853981853,0.0,0.0,1.0,1.0,0.2897886963,0.3753557924,0.05185270309,0.04890650511
276,1.0,0.7853981853,0.0,0.0,1.0,1.0,0.2820207163,0.3719383115,0.04992246628,0.04758691788
277,1.0,0.7853981853,0.0,0.0,1.0,1.0,0.2824866487,0.3759161423,0.04965412617,0.04849267006
278,1.0,0.7853981853,0.0,0.0,1.0,1.0,0.2692711755,0.3607847318,0.0463591218,0.04579025507
279,1.0,0.7853981853,0.0,0.0,1.0,1.0,0.2736369504,0.3759371227,0.04639941454,0.04639941454
280,1.0,0.7853981853,0.0,0.0,1.0,1.0,0.2658449129,0.364474952,0.04575002193,0.04603952169
281,1.0,0.7853981853,0.0,0.0,1.0,1.0,0.2552834895,0.3605295002,0.04336959124,0.04478687048
282,1.0,0.7853981853,0.0,0.0,1.0,1.0,0.250280582,0.3650926153,0.04265373945,0.04580259323
283,1.0,0.7853981853,0.0,0.0,1.0,1.0,0.2440107257,0.3489041208,0.04156458378,0.04412680864
284,1.0,0.7853981853,0.0,0.0,1.0,1.0,0.2571964233,0.3632228426,0.04354381561,0.0458817482
285,1.0,0.7853981853,0.0,0.0,1.0,1.0,0.2261895422,0.3300480827,0.0378036499,0.04161328077
286,1.0,0.7853981853,0.0,0.0,1.0,1.0,0.175763719,0.2809488832,0.0296395421,0.03545123339
287,1.0,0.7853981853,0.0,0.0,1.0,1.0,0.1006381301,0.2157885879,0.01646971703,0.02697628736
288,1.0,0.7853981853,0.0,0.0,1.0,1.0,0.06046438369,0.237310144,0.00947290659,0.02897596359
289,1.0,0.0,0.0,0.0,1.0,1.0,0.1070216148,0.2177207156,0.01728963852,0.02928078175
290,1.0,0.0,0.0,0.0,1.0,1.0,0.2312624151,0.3127882145,0.03813993931,0.04507446289
291,1.0,0.0,0.0,0.0,1.0,1.0,0.2731700411,0.3236624376,0.04439079762,0.04837793112
292,1.0,0.0,0.0,0.0,1.0,1.0,0.289312088,0.3184663268,0.04603594542,0.04917478561
293,1.0,0.0,0.0,0.0,1.0,1.0,0.3110095585,0.3198852768,0.04919505119,0.05150109529
294,1.0,0.0,0.0,0.0,1.0,1.0,0.3211593658,0.3158613375,0.05144578218,0.05385732651
295,1.0,0.0,0.0,0.0,1.0,1.0,0.342564964,0.3172830139,0.0524405241,0.05406236649
296,1.0,0.0,0.0,0.0,1.0,1.0,0.3447613922,0.3095754412,0.05359405279,0.05615973473
297,1.0,0.0,0.0,0.0,1.0,1.0,0.3584339809,0.3141104204,0.0531078577,0.05563676357
298,1.0,0.0,0.0,0.0,1.0,1.0,0.3706668303,0.3054720975,0.05382585526,0.0549530983
299,1.0,0.0,0.0,0.0,1.0,1.0,0.3803626641,0.2979703401,0.0538790822,0.0538790822
300,1.0,-0.7853981853,0.0,0.0,1.0,1.0,0.3881131558,0.2952195795,0.0556075573,0.05531942844
301,1.0,0.0,0.0,0.0,1.0,1.0,0.3919781055,0.2926716395,0.05495584011,0.05409270525
302,1.0,-0.7853981853,0.0,0.0,1.0,1.0,0.4039412312,0.2902106353,0.0567997694,0.05475026369
303,1.0,-0.7853981853,0.0,0.0,1.0,1.0,0.4132714212,0.301394236,0.05651855469,0.05565345287
304,1.0,-0.7853981853,0.0,0.0,1.0,1.0,0.4071004353,0.2832810921,0.05267864466,0.04961264133
305,1.0,-0.7853981853,0.0,0.0,1.0,1.0,0.4280265746,0.3103363929,0.05638641119,0.05497676134
306,1.0,-0.7853981853,0.0,0.0,1.0,1.0,0.4277182698,0.2912385541,0.05754184723,0.0529153347
307,1.0,-0.7853981853,0.0,0.0,1.0,1.0,0.4283321289,0.2889762353,0.05583631992,0.05028051138
308,1.0,-0.7853981853,0.0,0.0,1.0,1.0,0.4186707892,0.2806874726,0.05585104227,0.04954987764
309,1.0,-0.7853981853,0.0,0.0,1.0,1.0,0.4100275314,0.2774424329,0.05442464352,0.04847192764
310,1.0,0.0,0.0,0.0,1.0,1.0,0.4177395712,0.2848728051,0.05703097582,0.05104273558
311,1.0,0.0,0.0,0.0,1.0,1.0,0.4113523203,0.2837531945,0.05583202839,0.05050134659
312,1.0,-0.7853981853,0.0,0.0,1.0,1.0,0.3939707473,0.2800982607,0.05492389202,0.05087685585
313,1.0,-0.7853981853,0.0,0.0,1.0,1.0,0.3930147853,0.2906874091,0.05531066656,0.05293178558
314,1.0,0.0,0.0,0.0,1.0,1.0,0.400598464,0.2947071702,0.05597692728,0.05281925201
315,1.0,0.0,0.0,0.0,1.0,1.0,0.394891178,0.2960132441,0.05670261383,0.05436444283
316,1.0,0.0,0.0,0.0,1.0,1.0,0.3836242654,0.2800985892,0.05616688728,0.05202829838
317,1.0,0.0,0.0,0.0,1.0,1.0,0.3846306586,0.2860036718,0.05723887682,0.0539765358
318,1.0,0.0,0.0,0.0,1.0,1.0,0.4001788621,0.3045917537,0.0618776679,0.05970108509
319,1.0,0.0,0.0,0.0,1.0,1.0,0.395270772,0.3111165487,0.06297767162,0.06297773123
320,1.0,0.0,0.0,0.0,1.0,1.0,0.3928909796,0.3033449155,0.06284433603,0.06154859066
321,1.0,0.0,0.0,0.0,1.0,1.0,0.3897823342,0.3017181793,0.060988307,0.06005001068
322,1.0,0.0,0.0,0.0,1.0,1.0,0.3993755256,0.308975973,0.06105977297,0.06013929844
323,1.0,0.0,0.0,0.0,1.0,1.0,0.3925664256,0.3020120129,0.05990701914,0.0592957139
324,1.0,0.0,0.0,0.0,1.0,1.0,0.3949648623,0.3089757811,0.06072247028,0.06041425467
325,1.0,0.0,0.0,0.0,1.0,1.0,0.3941460531,0.3080043499,0.0577018857,0.0577019453
326,1.0,0.0,0.0,0.0,1.0,1.0,0.399776704,0.3072820172,0.05921494961,0.05862283707
327,1.0,0.0,0.0,0.0,1.0,1.0,0.4136305566,0.3244342426,0.06139177084,0.06197923422
328,1.0,0.0,0.0,0.0,1.0,1.0,0.4167633541,0.3331470893,0.05992144346,0.06134134531
329,1.0,0.0,0.0,0.0,1.0,1.0,0.4231069835,0.3367348183,0.06272757053,0.06419312954
330,1.0,0.0,0.0,0.0,1.0,1.0,0.4097216299,0.3285203646,0.05869728327,0.0606918335
331,1.0,0.0,0.0,0.0,1.0,1.0,0.4193461745,0.3265045144,0.06186169386,0.06274539232
332,1.0,0.0,0.0,0.0,1.0,1.0,0.4134237853,0.3157745981,0.06033360958,0.06033360958
333,1.0,0.0,0.0,0.0,1.0,1.0,0.397380561,0.3069274894,0.05942231417,0.05942231417
334,1.0,0.0,0.0,0.0,1.0,1.0,0.4155893245,0.3212493821,0.06179875135,0.06240171194
335,1.0,0.0,0.0,0.0,1.0,1.0,0.4001810469,0.3097958558,0.05800884962,0.05830180645
336,1.0,0.0,0.0,0.0,1.0,1.0,0.3989667066,0.314871345,0.05807596445,0.05925518274
337,1.0,-0.7853981853,0.0,0.0,1.0,1.0,0.4017956705,0.311352678,0.05951243639,0.0598115325
338,1.0,-0.7853981853,0.0,0.0,1.0,1.0,0.3972936377,0.3049414029,0.05633920431,0.05604577065
339,1.0,0.0,0.0,0.0,1.0,1.0,0.3944354027,0.3007727771,0.05581378937,0.05581384897
340,1.0,0.0,0.0,0.0,1.0,1.0,0.3802452085,0.2839681171,0.05620378256,0.05497521162
341,1.0,0.0,0.0,0.0,1.0,1.0,0.3785608872,0.2785070738,0.05391037464,0.05183690786
342,1.0,0.0,0.0,0.0,1.0,1.0,0.3751813381,0.2753240393,0.05529731512,0.05314689875
343,1.0,0.0,0.0,0.0,1.0,1.0,0.3935629328,0.2938608468,0.05754828453,0.05663955212
344,1.0,0.0,0.0,0.0,1.0,1.0,0.3806428793,0.2800293289,0.05670332909,0.05488395691
345,1.0,0.0,0.0,0.0,1.0,1.0,0.3933220386,0.2912483598,0.05905222893,0.05753809214
346,1.0,0.0,0.0,0.0,1.0,1.0,0.3876009042,0.2899617684,0.0571936965,0.0562953949
347,1.0,0.0,0.0,0.0,1.0,1.0,0.384247478,0.2931495821,0.05751729012,0.05751734972
348,1.0,0.0,0.0,0.0,1.0,1.0,0.3864380215,0.2851259552,0.05932825804,0.05722010136
349,1.0,0.0,0.0,0.0,1.0,1.0,0.3907445649,0.2950160185,0.0608714819,0.05995380878
350,1.0,0.0,0.0,0.0,1.0,1.0,0.3950594694,0.2986319675,0.06086868048,0.06026303768
351,1.0,-0.7853981853,0.0,0.0,1.0,1.0,0.4005547113,0.3028160264,0.06205976009,0.06115597486
352,1.0,-0.7853981853,0.0,0.0,1.0,1.0,0.3986044476,0.2986321248,0.06146550179,0.05995899439
353,1.0,-0.7853981853,0.0,0.0,1.0,1.0,0.406485735,0.3025416815,0.06211340427,0.06060576439
354,1.0,-0.7853981853,0.0,0.0,1.0,1.0,0.4033354641,0.3079849704,0.0622137785,0.0622137785
355,1.0,-0.7853981853,0.0,0.0,1.0,1.0,0.4013742604,0.3007302469,0.06723499298,0.06723499298
356,1.0,-0.7853981853,0.0,0.0,1.0,1.0,0.3919783632,0.3081099226,0.06493151188,0.06833100319
357,1.0,-0.7853981853,0.0,0.0,1.0,1.0,0.3926751187,0.3010740342,0.06724560261,0.06939172745
358,1.0,-0.7853981853,0.0,0.0,1.0,1.0,0.3862875533,0.2952197089,0.06475287676,0.06578063965
359,1.0,-0.7853981853,0.0,0.0,1.0,1.0,0.3960637596,0.2970903118,0.06666898727,0.06771069765
360,1.0,-0.7853981853,0.0,0.0,1.0,1.0,0.4026978077,0.3029077915,0.06356620789,0.06488364935
361,1.0,-0.7853981853,0.0,0.0,1.0,1.0,0.3895261577,0.289868616,0.06240707636,0.06306403875
362,1.0,-0.7853981853,0.0,0.0,1.0,1.0,0.386238452,0.2900166026,0.06084531546,0.0611589551
363,1.0,-0.7853981853,0.0,0.0,1.0,1.0,0.3985925811,0.3007302136,0.06174558401,0.06143993139
364,1.0,-0.7853981853,0.0,0.0,1.0,1.0,0.401806014,0.3016610578,0.06025654078,0.06025660038
365,1.0,-0.7853981853,0.0,0.0,1.0,1.0,0.3948667588,0.2890696058,0.05904191732,0.05751234293
366,1.0,-0.7853981853,0.0,0.0,1.0,1.0,0.3985377184,0.2886585639,0.05851107836,0.05638891459
367,1.0,0.0,0.0,0.0,1.0,1.0,0.4072960851,0.2967092847,0.05892497301,0.05741405487
368,1.0,-0.7853981853,0.0,0.0,1.0,1.0,0.4119675933,0.3039054001,0.05992341042,0.05931192636
369,1.0,-0.7853981853,0.0,0.0,1.0,1.0,0.4087171999,0.2916352355,0.05821013451,0.05608791113
370,1.0,-0.7853981853,0.0,0.0,1.0,1.0,0.4100276945,0.29321172,0.05702525377,0.0552431941
371,1.0,-0.7853981853,0.0,0.0,1.0,1.0,0.3976387516,0.285329625,0.05620217323,0.0546913743
372,1.0,-0.7853981853,0.0,0.0,1.0,1.0,0.4040522347,0.2835406158,0.05708122253,0.05466508865
373,1.0,-0.7853981853,0.0,0.0,1.0,1.0,0.3972141895,0.2741415282,0.05523145199,0.05196505785
374,1.0,-0.7853981853,0.0,0.0,1.0,1.0,0.3946840851,0.2757079822,0.05637860298,0.05334746838
375,1.0,-0.7853981853,0.0,0.0,1.0,1.0,0.381449875,0.2694417386,0.05389285088,0.05178529024
376,1.0,-0.7853981853,0.0,0.0,1.0,1.0,0.3786905351,0.2577176497,0.05214059353,0.0485855341
377,1.0,-0.7853981853,0.0,0.0,1.0,1.0,0.3711283118,0.2482892034,0.05085319281,0.04698717594
378,1.0,-0.7853981853,0.0,0.0,1.0,1.0,0.3772728022,0.2474810646,0.04982209206,0.04545176029
379,1.0,-0.7853981853,0.0,0.0,1.0,1.0,0.3722527536,0.2370469951,0.0500330925,0.04487812519
380,1.0,-0.7853981853,0.0,0.0,1.0,1.0,0.3782882288,0.2482790655,0.05058401823,0.04699224234
381,1.0,-0.7853981853,0.0,0.0,1.0,1.0,0.3813803109,0.2616834634,0.05162090063,0.05040633678
382,1.0,-0.7853981853,0.0,0.0,1.0,1.0,0.405240467,0.2725751041,0.0530423522,0.05185043812
383,1.0,-0.7853981853,0.0,0.0,1.0,1.0,0.3974660106,0.2664127537,0.05024456978,0.04936820269
384,1.0,-0.7853981853,0.0,0.0,1.0,1.0,0.4126135399,0.2880010942,0.05299592018,0.0544680357
385,1.0,-0.7853981853,0.0,0.0,1.0,1.0,0.411806943,0.2826546818,0.05204600096,0.05292320251
386,1.0,-0.7853981853,0.0,0.0,1.0,1.0,0.3978707126,0.2673666542,0.04885131121,0.0491438508
387,1.0,-0.7853981853,0.0,0.0,1.0,1.0,0.4021848096,0.2647000291,0.04886561632,0.04828047752
388,1.0,-0.7853981853,0.0,0.0,1.0,1.0,0.398792268,0.2583924589,0.04908150434,0.04817259312
389,1.0,-0.7853981853,0.0,0.0,1.0,1.0,0.4052459689,0.2650905664,0.0482955575,0.04770296812
390,1.0,-0.7853981853,0.0,0.0,1.0,1.0,0.4156093279,0.276268656,0.04983514547,0.05042845011
391,1.0,-0.7853981853,0.0,0.0,1.0,1.0,0.4162261538,0.2713929692,0.04936313629,0.04936313629
392,1.0,-0.7853981853,0.0,0.0,1.0,1.0,0.4247628519,0.2848573376,0.05058670044,0.05207455158
393,1.0,-0.7853981853,0.0,0.0,1.0,1.0,0.4369423556,0.2951045218,0.05175447464,0.05383652449
394,1.0,-0.7853981853,0.0,0.0,1.0,1.0,0.4564576737,0.3190400068,0.05362910032,0.05775439739
395,1.0,-0.7853981853,0.0,0.0,1.0,1.0,0.4237735095,0.2850869172,0.0483134985,0.05064189434
396,1.0,-0.7853981853,0.0,0.0,1.0,1.0,0.4478510026,0.3102842805,0.05253469944,0.05639320612
397,1.0,-0.7853981853,0.0,0.0,1.0,1.0,0.4335240362,0.289573494,0.04933744669,0.05170094967
398,1.0,-0.7853981853,0.0,0.0,1.0,1.0,0.438146906,0.2912279983,0.04880732298,0.05082893372
399,1.0,-0.7853981853,0.0,0.0,1.0,1.0,0.4344272597,0.2930816593,0.04934173822,0.0522787571
400,1.0,-0.7853981853,0.0,0.0,1.0,1.0,0.4373365248,0.3004858894,0.05155450106,0.0558001399
401,1.0,-0.7853981853,0.0,0.0,1.0,1.0,0.4358852125,0.2980213089,0.04970383644,0.05323314667
402,1.0,-0.7853981853,0.0,0.0,1.0,1.0,0.4361199828,0.3014982647,0.0559604764,0.06029075384
403,1.0,-0.7853981853,0.0,0.0,1.0,1.0,0.4346530748,0.2960075701,0.05102717876,0.05438822508
404,1.0,-0.7853981853,0.0,0.0,1.0,1.0,0.4216396025,0.2838946092,0.04876053333,0.05146944523
405,1.0,-0.7853981853,0.0,0.0,1.0,1.0,0.4166537305,0.2707520052,0.04679441452,0.04797911644
406,1.0,-0.7853981853,0.0,0.0,1.0,1.0,0.416212888,0.2759401283,0.04647660255,0.04854881763
407,1.0,-0.7853981853,0.0,0.0,1.0,1.0,0.4171110989,0.271643393,0.04628843069,0.04779136181
408,1.0,-0.7853981853,0.0,0.0,1.0,1.0,0.3937195052,0.2532831636,0.04210442305,0.04357659817
409,1.0,-0.7853981853,0.0,0.0,1.0,1.0,0.3904924148,0.2498605375,0.04178059101,0.04178059101
410,1.0,-0.7853981853,0.0,0.0,1.0,1.0,0.4089240179,0.270073143,0.04541695118,0.0469109416
411,1.0,-0.7853981853,0.0,0.0,1.0,1.0,0.3825359295,0.25506596,0.04132610559,0.04278123379
412,1.0,-0.7853981853,0.0,0.0,1.0,1.0,0.4040295148,0.2730436244,0.04463303089,0.04668855667
413,1.0,-0.7853981853,0.0,0.0,1.0,1.0,0.3867125052,0.258679135,0.0426851511,0.04441559315
414,1.0,-0.7853981853,0.0,0.0,1.0,1.0,0.3832747685,0.2613141401,0.04134845734,0.04421985149
415,1.0,-0.7853981853,0.0,0.0,1.0,1.0,0.3945166706,0.2658449026,0.04340004921,0.04571473598
416,1.0,-0.7853981853,0.0,0.0,1.0,1.0,0.4123846918,0.2707517091,0.04539948702,0.04684531689
417,1.0,-0.7853981853,0.0,0.0,1.0,1.0,0.4003071396,0.2697984232,0.04247820377,0.04472869635
418,1.0,-0.7853981853,0.0,0.0,1.0,1.0,0.400797716,0.2748463977,0.04528623819,0.04759383202
419,1.0,-0.7853981853,0.0,0.0,1.0,1.0,0.3931816204,0.2739331282,0.04430627823,0.04716467857
420,1.0,-0.7853981853,0.0,0.0,1.0,1.0,0.4028356214,0.2817663621,0.04469531775,0.04808998108
421,1.0,-0.7853981853,0.0,0.0,1.0,1.0,0.4038664253,0.2801087703,0.04430288076,0.04738724232
422,1.0,-0.7853981853,0.0,0.0,1.0,1.0,0.4023067939,0.2853192561,0.04500454664,0.04896724224
423,1.0,-0.7853981853,0.0,0.0,1.0,1.0,0.4007911433,0.2876929843,0.04665213823,0.05108118057
424,1.0,-0.7853981853,0.0,0.0,1.0,1.0,0.3941100234,0.2845980494,0.04599267244,0.05110293627
425,1.0,-0.7853981853,0.0,0.0,1.0,1.0,0.3906448102,0.2834235516,0.04434245825,0.04923737049
426,1.0,-0.7853981853,0.0,0.0,1.0,1.0,0.3859736542,0.2822342232,0.04492306709,0.05057561398
427,1.0,-0.7853981853,0.0,0.0,1.0,1.0,0.3871257987,0.2779904187,0.04293000698,0.04713881016
428,1.0,-0.7853981853,0.0,0.0,1.0,1.0,0.3930968102,0.2841223718,0.04603201151,0.05114668608
429,1.0,-0.7853981853,0.0,0.0,1.0,1.0,0.383521567,0.2888751797,0.04754596949,0.05478805304
430,1.0,-0.7853981853,0.0,0.0,1.0,1.0,0.3844986165,0.2860299662,0.04370748997,0.04978603125
431,1.0,-0.7853981853,0.0,0.0,1.0,1.0,0.3558619603,0.2772537215,0.04200911522,0.04975545406
432,1.0,-0.7853981853,0.0,0.0,1.0,1.0,0.3528887758,0.2773490191,0.04032921791,0.04766184092
433,1.0,-0.7853981853,0.0,0.0,1.0,1.0,0.3714738243,0.2798435838,0.04175001383,0.047714293
434,1.0,-0.7853981853,0.0,0.0,1.0,1.0,0.3485858028,0.2710634047,0.04016709328,0.04578489065
435,1.0,-0.7853981853,0.0,0.0,1.0,1.0,0.3594589949,0.2789138697,0.04188096523,0.04754054546
436,1.0,-0.7853981853,0.0,0.0,1.0,1.0,0.3551937135,0.2841225756,0.0403585434,0.04731696844
437,1.0,-0.7853981853,0.0,0.0,1.0,1.0,0.3504218941,0.2774370736,0.03957229853,0.04626053572
438,1.0,-0.7853981853,0.0,0.0,1.0,1.0,0.3775669997,0.2881722667,0.04250270128,0.04805856943
439,1.0,-0.7853981853,0.0,0.0,1.0,1.0,0.3688711187,0.2865065258,0.04102760553,0.04768073559
440,1.0,-0.7853981853,0.0,0.0,1.0,1.0,0.3589020591,0.2822344395,0.03995925188,0.04717409611
441,1.0,-0.7853981853,0.0,0.0,1.0,1.0,0.3323270741,0.2697169201,0.03749340773,0.04526978731
442,1.0,-0.7853981853,0.0,0.0,1.0,1.0,0.3389200004,0.2800447486,0.03816533089,0.04652261734
443,1.0,-0.7853981853,0.0,0.0,1.0,1.0,0.3488155384,0.2831754249,0.03989303112,0.0480979681
444,1.0,-0.7853981853,0.0,0.0,1.0,1.0,0.3539170862,0.2874649238,0.03887671232,0.04709011316
445,1.0,-0.7853981853,0.0,0.0,1.0,1.0,0.3499897742,0.2838948737,0.03942376375,0.04747509956
446,1.0,-0.7853981853,0.0,0.0,1.0,1.0,0.340606264,0.2766911428,0.03798919916,0.04575335979
447,1.0,-0.7853981853,0.0,0.0,1.0,1.0,0.3331470962,0.2778054448,0.03776222467,0.04658263922
448,1.0,-0.7853981853,0.0,0.0,1.0,1.0,0.334358637,0.2768942266,0.03811043501,0.04667145014
449,1.0,-0.7853981853,0.0,0.0,1.0,1.0,0.3399790718,0.2778052329,0.03910881281,0.0468750596
450,1.0,-0.7853981853,0.0,0.0,1.0,1.0,0.3303138219,0.2719790529,0.03790599108,0.04626756907
451,1.0,-0.7853981853,0.0,0.0,1.0,1.0,0.3343409535,0.2785332495,0.03832232952,0.04653435946
452,1.0,-0.7853981853,0.0,0.0,1.0,1.0,0.3287792585,0.2734631272,0.0374737978,0.04562032223
453,1.0,-0.7853981853,0.0,0.0,1.0,1.0,0.3244014622,0.2776227043,0.03680723906,0.04600900412
454,1.0,-0.7853981853,0.0,0.0,1.0,1.0,0.3162342278,0.2776226772,0.03656792641,0.04639214277
455,1.0,-0.7853981853,0.0,0.0,1.0,1.0,0.3354770815,0.2883631939,0.03870481253,0.04730582237
456,1.0,-0.7853981853,0.0,0.0,1.0,1.0,0.3638576323,0.2978790632,0.04282355309,0.05023527145
457,1.0,-0.7853981853,0.0,0.0,1.0,1.0,0.3743493933,0.3119173718,0.04277950525,0.05138921738
458,1.0,-0.7853981853,0.0,0.0,1.0,1.0,0.376096808,0.3121235726,0.04372179508,0.05208832026
459,1.0,-0.7853981853,0.0,0.0,1.0,1.0,0.391184299,0.3236287126,0.04617470503,0.0544487834
460,1.0,-0.7853981853,0.0,0.0,1.0,1.0,0.4024599124,0.3300341097,0.04808008671,0.05662769079
461,1.0,-0.7853981853,0.0,0.0,1.0,1.0,0.3809530055,0.3165936523,0.04501664639,0.05402004719
462,1.0,-0.7853981853,0.0,0.0,1.0,1.0,0.3836936919,0.3167020428,0.04404109716,0.05248010159
463,1.0,-0.7853981853,0.0,0.0,1.0,1.0,0.3674764916,0.3105062348,0.04149770737,0.05074876547
464,1.0,-0.7853981853,0.0,0.0,1.0,1.0,0.3569436409,0.3080245553,0.03942298889,0.04941010475
465,1.0,-0.7853981853,0.0,0.0,1.0,1.0,0.364759784,0.3084084015,0.0396258235,0.04940015078
466,1.0,-0.7853981853,0.0,0.0,1.0,1.0,0.3686063907,0.3127394494,0.03964662552,0.05028998852
467,1.0,-0.7853981853,0.0,0.0,1.0,1.0,0.3506813626,0.3004967796,0.03722667694,0.0481287837
468,1.0,-0.7853981853,0.0,0.0,1.0,1.0,0.3787092787,0.3094298321,0.04046708345,0.05011487007
469,1.0,-0.7853981853,0.0,0.0,1.0,1.0,0.392137869,0.3215452065,0.04181545973,0.0526766181
470,1.0,-0.7853981853,0.0,0.0,1.0,1.0,0.3798899538,0.3131583124,0.04119950533,0.05198323727
471,1.0,-0.7853981853,0.0,0.0,1.0,1.0,0.3910299441,0.3225088893,0.04234141111,0.05348390341
472,1.0,-0.7853981853,0.0,0.0,1.0,1.0,0.3806162289,0.3099964242,0.0398055315,0.04955387115
473,1.0,-0.7853981853,0.0,0.0,1.0,1.0,0.3881586217,0.3115806681,0.03999102116,0.04978471994
474,1.0,-0.7853981853,0.0,0.0,1.0,1.0,0.3717039881,0.304398532,0.0401558876,0.05054587126
475,1.0,-0.7853981853,0.0,0.0,1.0,1.0,0.3544307084,0.2994960445,0.03743004799,0.04898929596
476,1.0,-0.7853981853,0.0,0.0,1.0,1.0,0.3662470425,0.3028611882,0.03944802284,0.05000454187
477,1.0,-0.7853981853,0.0,0.0,1.0,1.0,0.3693030824,0.3028612608,0.03932386637,0.04949855804
478,1.0,-0.7853981853,0.0,0.0,1.0,1.0,0.3860614581,0.3071374073,0.04179370403,0.05086731911
479,1.0,-0.7853981853,0.0,0.0,1.0,1.0,0.4018508598,0.3119062475,0.04417318106,0.05300778151
480,1.0,-0.7853981853,0.0,0.0,1.0,1.0,0.4060231425,0.3073912381,0.04825794697,0.05661028624
481,1.0,-0.7853981853,0.0,0.0,1.0,1.0,0.4116871889,0.3128541411,0.04509991407,0.05247473717
482,1.0,-0.7853981853,0.0,0.0,1.0,1.0,0.3920389341,0.3005079138,0.04312634468,0.05050325394
483,1.0,-0.7853981853,0.0,0.0,1.0,1.0,0.3818685035,0.2946628279,0.04256671667,0.05019932985
484,1.0,-0.7853981853,0.0,0.0,1.0,1.0,0.360984659,0.2850521077,0.03940016031,0.04763299227
485,1.0,-0.7853981853,0.0,0.0,1.0,1.0,0.3871465549,0.292389814,0.04263144732,0.04988783598
486,1.0,-0.7853981853,0.0,0.0,1.0,1.0,0.3713772447,0.2837702766,0.04110646248,0.04805833101
487,1.0,-0.7853981853,0.0,0.0,1.0,1.0,0.3575242489,0.2703116374,0.03920799494,0.04514855146
488,1.0,-0.7853981853,0.0,0.0,1.0,1.0,0.3256460372,0.2498603292,0.03645139933,0.04297113419
489,1.0,-0.7853981853,0.0,0.0,1.0,1.0,0.2965097767,0.2305111171,0.03344279528,0.03949707747
490,1.0,-0.7853981853,0.0,0.0,1.0,1.0,0.2507731688,0.1955426387,0.02961730957,0.03364294767
491,1.0,-0.7853981853,0.0,0.0,1.0,1.0,0.240415542,0.1762768421,0.02884584665,0.02994471788
492,1.0,-0.7853981853,0.0,0.0,1.0,1.0,0.2413182258,0.1708313087,0.03071689606,0.02908593416
493,1.0,0.0,0.0,0.0,1.0,1.0,0.2745941157,0.2132566701,0.0365793705,0.03604143858
494,1.0,0.0,0.0,0.0,1.0,1.0,0.2775147764,0.215752457,0.03852248192,0.03663676977
495,1.0,0.0,0.0,0.0,1.0,1.0,0.3039778243,0.2498604209,0.0443751812,0.04249256849
496,1.0,0.0,0.0,0.0,1.0,1.0,0.3147705344,0.2751628309,0.04676043987,0.04596793652
497,1.0,0.0,0.0,0.0,1.0,1.0,0.3100240945,0.2781465041,0.04775893688,0.04670345783
498,1.0,0.0,0.0,0.0,1.0,1.0,0.3289086323,0.3020467117,0.05127453804,0.05048167706
499,1.0,0.0,0.0,0.0,1.0,1.0,0.3337010058,0.308004255,0.05279457569,0.05148124695
500,1.0,0.0,0.0,0.0,1.0,1.0,0.3446349231,0.3244338811,0.05610996485,0.0550660491
501,1.0,0.0,0.0,0.0,1.0,1.0,0.3390106209,0.3290090626,0.0552918911,0.0552919507
502,1.0,0.0,0.0,0.0,1.0,1.0,0.3365874516,0.3274566595,0.05533081293,0.05506974459
503,1.0,0.0,0.0,0.0,1.0,1.0,0.3381750205,0.3331471132,0.05508369207,0.05534225702
504,1.0,0.0,0.0,0.0,1.0,1.0,0.3231632568,0.3109719327,0.05288511515,0.05185323954
505,1.0,0.0,0.0,0.0,1.0,1.0,0.3268315523,0.314466342,0.05320239067,0.05191737413
506,1.0,0.0,0.0,0.0,1.0,1.0,0.3305483973,0.3182836678,0.0543769002,0.05309444666
507,1.0,0.0,0.0,0.0,1.0,1.0,0.3307735107,0.3082391697,0.05366593599,0.05084139109
508,1.0,0.0,0.0,0.0,1.0,1.0,0.3295032399,0.3157747574,0.05398625135,0.05270701647
509,1.0,0.0,0.0,0.0,1.0,1.0,0.3217487459,0.3064753832,0.05255436897,0.05153882504
510,1.0,0.0,0.0,0.0,1.0,1.0,0.3147113954,0.2992248804,0.05120050907,0.04993313551
511,1.0,0.0,0.0,0.0,1.0,1.0,0.2685794019,0.2231458419,0.04216873646,0.0362907052
512,1.0,0.0,0.0,0.0,1.0,1.0,0.2266075356,0.1601045346,0.0346326232,0.02558678389
513,1.0,0.0,0.0,0.0,1.0,1.0,0.2510995961,0.1979725352,0.03882223368,0.03167074919
514,1.0,0.0,0.0,0.0,1.0,1.0,0.2919719283,0.25143183,0.04684358835,0.0411811471
515,1.0,0.0,0.0,0.0,1.0,1.0,0.3127186222,0.2777951576,0.05083960295,0.04573005438
516,1.0,0.0,0.0,0.0,1.0,1.0,0.3180042065,0.2891466085,0.05236625671,0.04746496677
517,1.0,0.0,0.0,0.0,1.0,1.0,0.3284551526,0.2966597888,0.05453765392,0.04856449366
518,1.0,0.0,0.0,0.0,1.0,1.0,0.3269202234,0.299832739,0.05512142181,0.04960930347
519,1.0,0.0,0.0,0.0,1.0,1.0,0.3228010776,0.2912389653,0.05398577452,0.04749715328
520,1.0,0.0,0.0,0.0,1.0,1.0,0.3248960384,0.2976046023,0.05396234989,0.04805219173
521,1.0,0.0,0.0,0.0,1.0,1.0,0.3238500283,0.2969586911,0.05423521996,0.04826676846
522,1.0,0.0,0.0,0.0,1.0,1.0,0.3175797216,0.2940481921,0.05333173275,0.04784172773
523,1.0,0.0,0.0,0.0,1.0,1.0,0.3192014368,0.3043171176,0.05346077681,0.04930847883
524,1.0,0.0,0.0,0.0,1.0,1.0,0.3124227776,0.2931057182,0.05276191235,0.04803699255
525,1.0,0.0,0.0,0.0,1.0,1.0,0.3162596992,0.3065381212,0.05376791954,0.05011379719
526,1.0,0.0,0.0,0.0,1.0,1.0,0.3099043437,0.3014447225,0.05178695917,0.04842084646
527,1.0,0.0,0.0,0.0,1.0,1.0,0.3065580363,0.3008028473,0.05103540421,0.0484315753
528,1.0,0.0,0.0,0.0,1.0,1.0,0.3067906074,0.2991749078,0.05095177889,0.04780012369
529,1.0,0.0,0.0,0.0,1.0,1.0,0.3095754281,0.2998323626,0.05129921436,0.04765355587
530,1.0,0.0,0.0,0.0,1.0,1.0,0.3169341291,0.3072718197,0.05313193798,0.04997563362
531,1.0,0.0,0.0,0.0,1.0,1.0,0.3177875439,0.3063863192,0.05234855413,0.04894590378
532,1.0,0.0,0.0,0.0,1.0,1.0,0.3178603449,0.3041064835,0.05295556784,0.04874020815
533,1.0,0.0,0.0,0.0,1.0,1.0,0.3252152672,0.3080247547,0.05402642488,0.04954618216
534,1.0,0.0,0.0,0.0,1.0,1.0,0.3195705666,0.3014444164,0.0534825325,0.04902565479
535,1.0,0.0,0.0,0.0,1.0,1.0,0.3336744619,0.3105062932,0.05590695143,0.05087268353
536,1.0,0.0,0.0,0.0,1.0,1.0,0.3278673637,0.312123309,0.05487412214,0.05116283894
537,1.0,0.0,0.0,0.0,1.0,1.0,0.327867584,0.3024204597,0.05556493998,0.05019640923
538,1.0,0.0,0.0,0.0,1.0,1.0,0.3305488388,0.3145207365,0.05843997002,0.05430501699
539,1.0,0.0,0.0,0.0,1.0,1.0,0.335245731,0.3139274126,0.06000989676,0.05522042513
540,1.0,0.0,0.0,0.0,1.0,1.0,0.3294336102,0.3125291184,0.05974692106,0.05541747808
541,1.0,0.0,0.0,0.0,1.0,1.0,0.3305115173,0.3121232127,0.0588054657,0.05430358648
542,1.0,0.0,0.0,0.0,1.0,1.0,0.3299745842,0.3163817258,0.05605959892,0.05255585909
543,1.0,0.0,0.0,0.0,1.0,1.0,0.3209654473,0.303751913,0.05503934622,0.05067980289
544,1.0,0.0,0.0,0.0,1.0,1.0,0.317358198,0.3011348016,0.05440890789,0.05007785559
545,1.0,0.0,0.0,0.0,1.0,1.0,0.3231159055,0.3060182936,0.0549685359,0.05065733194
546,1.0,0.0,0.0,0.0,1.0,1.0,0.3220949049,0.3056544042,0.05487257242,0.05083781481
547,1.0,0.0,0.0,0.0,1.0,1.0,0.3220950134,0.3040372332,0.05503213406,0.0507158637
548,1.0,0.0,0.0,0.0,1.0,1.0,0.3232103965,0.3052954895,0.05536955595,0.05106896162
549,1.0,0.0,0.0,0.0,1.0,1.0,0.3268315491,0.3095046215,0.05565226078,0.05161952972
550,1.0,0.0,0.0,0.0,1.0,1.0,0.3252901749,0.311116664,0.05539810658,0.0516513586
551,1.0,0.0,0.0,0.0,1.0,1.0,0.3251774906,0.3115144364,0.05484330654,0.05161720514
552,1.0,0.0,0.0,0.0,1.0,1.0,0.329433614,0.3147593253,0.05587744713,0.05236828327
553,1.0,0.0,0.0,0.0,1.0,1.0,0.3230196035,0.3125288681,0.05477833748,0.05206650496
554,1.0,0.0,0.0,0.0,1.0,1.0,0.3261846944,0.3082693735,0.05482113361,0.05131036043
555,1.0,0.0,0.0,0.0,1.0,1.0,0.3272364425,0.3060179395,0.05489832163,0.05084180832
556,1.0,0.0,0.0,0.0,1.0,1.0,0.3272651615,0.3043904313,0.0552213788,0.0506196022
557,1.0,0.0,0.0,0.0,1.0,1.0,0.3261505282,0.3060181438,0.05466967821,0.05088073015
558,1.0,0.0,0.0,0.0,1.0,1.0,0.3293616691,0.3053849841,0.05478489399,0.0504668355
559,1.0,0.0,0.0,0.0,1.0,1.0,0.3244519086,0.3041063606,0.05385899544,0.05006986856
560,1.0,0.0,0.0,0.0,1.0,1.0,0.3255880752,0.3043903583,0.05486148596,0.05104029179
561,1.0,0.0,0.0,0.0,1.0,1.0,0.3245359971,0.3047478648,0.05468565226,0.05060464144
562,1.0,0.0,0.0,0.0,1.0,1.0,0.3369083194,0.3211320279,0.05687898397,0.05334109068
563,1.0,0.0,0.0,0.0,1.0,1.0,0.3326117004,0.3109009742,0.05601453781,0.05168485641
564,1.0,0.0,0.0,0.0,1.0,1.0,0.3288900872,0.3105059299,0.05529606342,0.05153799057
565,1.0,0.0,0.0,0.0,1.0,1.0,0.328890028,0.3062803667,0.05533796549,0.05103981495
566,1.0,0.0,0.0,0.0,1.0,1.0,0.3262178017,0.3072716992,0.05473953485,0.05098289251
567,1.0,0.0,0.0,0.0,1.0,1.0,0.3278928364,0.3101164721,0.05573225021,0.05171310902
568,1.0,0.0,0.0,0.0,1.0,1.0,0.3219891283,0.302420125,0.0537250042,0.04973554611
569,1.0,0.0,0.0,0.0,1.0,1.0,0.3256610509,0.3043903689,0.05380350351,0.04956281185
570,1.0,0.0,0.0,0.0,1.0,1.0,0.3220424236,0.305295746,0.05369412899,0.05025559664
571,1.0,0.0,0.0,0.0,1.0,1.0,0.3205159762,0.2995122727,0.05386459827,0.04961913824
572,1.0,0.0,0.0,0.0,1.0,1.0,0.3162789365,0.2979102096,0.05263996124,0.0489551425
573,1.0,0.0,0.0,0.0,1.0,1.0,0.320516044,0.3011141968,0.05309194326,0.04916894436
574,1.0,0.0,0.0,0.0,1.0,1.0,0.3199478931,0.3011141652,0.0532143712,0.04952633381
575,1.0,0.0,0.0,0.0,1.0,1.0,0.3236738055,0.2985550061,0.05391168594,0.04917794466
576,1.0,0.0,0.0,0.0,1.0,1.0,0.3210807954,0.3007873902,0.05342912674,0.04950046539
577,1.0,0.0,0.0,0.0,1.0,1.0,0.3236741951,0.2969586511,0.05388230085,0.04888826609
578,1.0,0.0,0.0,0.0,1.0,1.0,0.3195066396,0.2921687834,0.05297875404,0.0477591157
579,1.0,0.0,0.0,0.0,1.0,1.0,0.3190042253,0.2979106403,0.05280709267,0.04838484526
580,1.0,0.0,0.0,0.0,1.0,1.0,0.310279243,0.289227504,0.05161601305,0.04668784142
581,1.0,0.0,0.0,0.0,1.0,1.0,0.3092021059,0.2933847677,0.05152136087,0.04735809565
582,1.0,0.0,0.0,0.0,1.0,1.0,0.3033742187,0.2915035975,0.05125033855,0.04734802246
583,1.0,0.0,0.0,0.0,1.0,1.0,0.2946681858,0.2899021781,0.05023479462,0.0468685627
584,1.0,0.0,0.0,0.0,1.0,1.0,0.2855548324,0.2876680539,0.04845333099,0.04558777809
585,1.0,0.0,0.0,0.0,1.0,1.0,0.2742373777,0.2915041529,0.04741483927,0.04609775543
586,1.0,0.0,0.0,0.0,1.0,1.0,0.2659067319,0.2913629446,0.04621016979,0.0456790328
587,1.0,0.0,0.0,0.0,1.0,1.0,0.2555305279,0.2964446025,0.0446293354,0.04621380568
588,1.0,0.0,0.0,0.0,1.0,1.0,0.2631712705,0.3131814756,0.04601430893,0.0486741066
589,1.0,0.0,0.0,0.0,1.0,1.0,0.2604604989,0.3172291179,0.04642945528,0.05020862818
590,1.0,0.0,0.0,0.0,1.0,1.0,0.2596736141,0.3325729534,0.04634231329,0.0520004034
591,1.0,0.0,0.0,0.0,1.0,1.0,0.2645137319,0.3371406886,0.04745054245,0.05311232805
592,1.0,0.0,0.0,0.0,1.0,1.0,0.2540186202,0.3354528552,0.04584574699,0.05294090509
593,1.0,0.0,0.0,0.0,1.0,1.0,0.2603967973,0.3388517287,0.04753392935,0.05440294743
594,1.0,0.0,0.0,0.0,1.0,1.0,0.250615409,0.3285836893,0.04598981142,0.05319303274
595,1.0,0.0,0.0,0.0,1.0,1.0,0.2433953703,0.324050867,0.0443302393,0.05264210701
596,1.0,0.0,0.0,0.0,1.0,1.0,0.2471900572,0.3224552682,0.0445971489,0.05258065462
597,1.0,0.0,0.0,0.0,1.0,1.0,0.2548195568,0.3342726688,0.04601323605,0.05455458164
598,1.0,0.0,0.0,0.0,1.0,1.0,0.2490915888,0.3280481143,0.04485797882,0.05344194174
599,1.0,0.0,0.0,0.0,1.0,1.0,0.2467757757,0.3224550606,0.04477196932,0.0534465313
600,1.0,0.0,0.0,0.0,1.0,1.0,0.2417252049,0.3173900808,0.0439016819,0.05290716887
601,1.0,0.0,0.0,0.0,1.0,1.0,0.2544873967,0.3269986478,0.04629898071,0.0547170043
602,1.0,0.0,0.0,0.0,1.0,1.0,0.244824343,0.3119065506,0.04408311844,0.05189538002
603,1.0,0.0,0.0,0.0,1.0,1.0,0.2514027643,0.3137785091,0.04562216997,0.05289936066
604,1.0,0.0,0.0,0.0,1.0,1.0,0.2456643077,0.3077751883,0.04521530867,0.05223631859
605,1.0,0.0,0.0,0.0,1.0,1.0,0.2502445017,0.3077750335,0.04560858011,0.05204409361
606,1.0,0.0,0.0,0.0,1.0,1.0,0.2514027714,0.2952147592,0.04588031769,0.05038392544
607,1.0,0.0,0.0,0.0,1.0,1.0,0.2544031763,0.2952896759,0.0466555953,0.05054360628
608,1.0,0.0,0.0,0.0,1.0,1.0,0.2664149614,0.3008189306,0.04837584496,0.05117219687
609,1.0,0.0,0.0,0.0,1.0,1.0,0.2769350431,0.3014709844,0.05028599501,0.05169063807
610,1.0,0.0,0.0,0.0,1.0,1.0,0.2745378244,0.2923205091,0.05014312267,0.05042487383
611,1.0,0.0,0.0,0.0,1.0,1.0,0.2664153232,0.2841548594,0.04789799452,0.04817479849
612,1.0,0.0,0.0,0.0,1.0,1.0,0.2700780924,0.2887997797,0.04854786396,0.04882216454
613,1.0,0.0,0.0,0.0,1.0,1.0,0.2749224363,0.2892272226,0.04940348864,0.04913049936
614,1.0,0.0,0.0,0.0,1.0,1.0,0.2735473212,0.2878651945,0.0488307476,0.04855799675
615,1.0,0.0,0.0,0.0,1.0,1.0,0.2722985444,0.279779105,0.04916042089,0.04751259089
616,1.0,0.0,0.0,0.0,1.0,1.0,0.2766041443,0.2816015924,0.04968625307,0.04749011993
617,1.0,0.0,0.0,0.0,1.0,1.0,0.2746560281,0.2749273619,0.04881858826,0.04610639811
618,1.0,0.0,0.0,0.0,1.0,1.0,0.2799044401,0.2763730622,0.0497854948,0.04653865099
619,1.0,0.0,0.0,0.0,1.0,1.0,0.2866496852,0.2821002364,0.0502448082,0.04702049494
620,1.0,0.0,0.0,0.0,1.0,1.0,0.3012853961,0.2905725398,0.0524418354,0.04844880104
621,1.0,0.0,0.0,0.0,1.0,1.0,0.2984550247,0.2857826509,0.05184370279,0.0475898385
622,1.0,0.0,0.0,0.0,1.0,1.0,0.3023003549,0.2908343458,0.05172628164,0.04776763916
623,1.0,0.0,0.0,0.0,1.0,1.0,0.309424872,0.2892276504,0.05291223526,0.04762101173
624,1.0,0.0,0.0,0.0,1.0,1.0,0.3040423855,0.2763732035,0.05076158047,0.0447743535
625,1.0,0.0,0.0,0.0,1.0,1.0,0.3177873885,0.2939534352,0.0524212122,0.0471791029
626,1.0,0.0,0.0,0.0,1.0,1.0,0.3087445001,0.2843807383,0.05098134279,0.04546278715
627,1.0,0.0,0.0,0.0,1.0,1.0,0.3065380158,0.2862639806,0.05025166273,0.04527884722
628,1.0,0.0,0.0,0.0,1.0,1.0,0.311534897,0.2935655548,0.05178362131,0.04678928852
629,1.0,0.0,0.0,0.0,1.0,1.0,0.3038302795,0.2915038983,0.05074328184,0.04673725367
630,1.0,0.0,0.0,0.0,1.0,1.0,0.3039702536,0.2908075585,0.05037599802,0.04589229822
631,1.0,0.0,0.0,0.0,1.0,1.0,0.3139272784,0.2998324681,0.0516898036,0.04747021198
632,1.0,0.0,0.0,0.0,1.0,1.0,0.3186623891,0.2971763724,0.05233067274,0.04730910063
633,1.0,0.0,0.0,0.0,1.0,1.0,0.3197569895,0.2971763085,0.0530115366,0.04768377542
634,1.0,0.0,0.0,0.0,1.0,1.0,0.3192438169,0.2925996662,0.05248457193,0.04694598913
635,1.0,0.0,0.0,0.0,1.0,1.0,0.3181501748,0.2955158542,0.05249148607,0.04718929529
636,1.0,0.0,0.0,0.0,1.0,1.0,0.3229217223,0.2998326257,0.05328083038,0.04795271158
637,1.0,0.0,0.0,0.0,1.0,1.0,0.3278168353,0.3077752829,0.05467629433,0.04960876703
638,1.0,0.0,0.0,0.0,1.0,1.0,0.3304604215,0.3041779289,0.05509334803,0.04891216755
639,1.0,0.0,0.0,0.0,1.0,1.0,0.3283191374,0.3041780046,0.0542871356,0.04843264818
640,1.0,0.0,0.0,0.0,1.0,1.0,0.333681967,0.3075207461,0.05499941111,0.04865336418
641,1.0,0.0,0.0,0.0,1.0,1.0,0.3358124454,0.3091917538,0.05621755123,0.0495249629
642,1.0,0.0,0.0,0.0,1.0,1.0,0.3422966249,0.3135833162,0.05598109961,0.04937958717
643,1.0,0.0,0.0,0.0,1.0,1.0,0.335296675,0.3068757025,0.05554193258,0.04886621237
644,1.0,0.0,0.0,0.0,1.0,1.0,0.3352758932,0.3175483037,0.0550096035,0.04977059364
645,1.0,0.0,0.0,0.0,1.0,1.0,0.3336844527,0.315701731,0.05442637205,0.04916775227
646,1.0,0.0,0.0,0.0,1.0,1.0,0.308024547,0.2967095591,0.04926681519,0.04481190443
647,1.0,0.0,0.0,0.0,1.0,1.0,0.2414190508,0.205767362,0.03811013699,0.02984851599
648,1.0,0.0,0.0,0.0,1.0,1.0,0.1961038593,0.1570004224,0.03058677912,0.02200102806
649,1.0,0.0,0.0,0.0,1.0,1.0,0.2103202764,0.2069157992,0.03335160017,0.02828216553
650,1.0,0.0,0.0,0.0,1.0,1.0,0.2407530136,0.2771891803,0.04036068916,0.03770542145
651,1.0,0.7853981853,0.0,0.0,1.0,1.0,0.2522102583,0.3199790888,0.04307341576,0.0433409214
652,1.0,0.7853981853,0.0,0.0,1.0,1.0,0.262683439,0.3473667896,0.04528588057,0.04582184553
653,1.0,0.7853981853,0.0,0.0,1.0,1.0,0.2862178971,0.3742762333,0.04909962416,0.04830336571
654,1.0,0.7853981853,0.0,0.0,1.0,1.0,0.2946871013,0.3896127421,0.05083137751,0.04948663712
655,1.0,0.7853981853,0.0,0.0,1.0,1.0,0.297604667,0.3958827423,0.05198359489,0.05087161064
656,1.0,0.7853981853,0.0,0.0,1.0,1.0,0.2967845872,0.3957964292,0.05174010992,0.05006200075
657,1.0,0.7853981853,0.0,0.0,1.0,1.0,0.3076434324,0.4015227131,0.05419892073,0.05167150497
658,1.0,0.7853981853,0.0,0.0,1.0,1.0,0.300316969,0.3957065339,0.05316537619,0.05002117157
659,1.0,0.7853981853,0.0,0.0,1.0,1.0,0.3154439122,0.4019975043,0.05553805828,0.05128765106
660,1.0,0.7853981853,0.0,0.0,1.0,1.0,0.3145208907,0.4050602248,0.05484908819,0.05122959614
661,1.0,0.7853981853,0.0,0.0,1.0,1.0,0.322921444,0.4108820632,0.05592226982,0.05172812939
662,1.0,0.7853981853,0.0,0.0,1.0,1.0,0.3163818271,0.4037920095,0.05549669266,0.05151224136
663,1.0,0.7853981853,0.0,0.0,1.0,1.0,0.3124251928,0.4032834347,0.0548158884,0.05145978928
664,1.0,0.7853981853,0.0,0.0,1.0,1.0,0.3093510839,0.3976041481,0.05462002754,0.05125880241
665,1.0,0.7853981853,0.0,0.0,1.0,1.0,0.3137964867,0.4010632568,0.05757582188,0.05383336544
666,1.0,0.7853981853,0.0,0.0,1.0,1.0,0.3153658015,0.3972140637,0.05582946539,0.05166304111
667,1.0,0.7853981853,0.0,0.0,1.0,1.0,0.2999880295,0.3816434313,0.05392360687,0.0505708456
668,1.0,0.7853981853,0.0,0.0,1.0,1.0,0.2882108692,0.3695416886,0.05209076405,0.04929023981
669,1.0,0.7853981853,0.0,0.0,1.0,1.0,0.2998324654,0.3795351646,0.05282175541,0.04952043295
670,1.0,0.7853981853,0.0,0.0,1.0,1.0,0.275436767,0.3514983127,0.04797506332,0.04550772905
671,1.0,0.7853981853,0.0,0.0,1.0,1.0,0.2719898368,0.3443453555,0.04698699713,0.045596838
672,1.0,0.7853981853,0.0,0.0,1.0,1.0,0.2387908462,0.3138743345,0.04097253084,0.04124385118
673,1.0,0.7853981853,0.0,0.0,1.0,1.0,0.2018101554,0.2644356937,0.0340243578,0.03429442644
674,1.0,0.7853981853,0.0,0.0,1.0,1.0,0.1351901675,0.1835709355,0.02236700058,0.02396464348
675,1.0,0.7853981853,0.0,0.0,1.0,1.0,0.1510409971,0.1900897886,0.02503544092,0.02583444118
676,1.0,0.0,0.0,0.0,1.0,1.0,0.1929299332,0.2396431868,0.03233343363,0.0341886878
677,1.0,0.0,0.0,0.0,1.0,1.0,0.2404908934,0.2888457536,0.04090183973,0.0432921648
678,1.0,0.0,0.0,0.0,1.0,1.0,0.2670507418,0.305773321,0.04480332136,0.04694962502
679,1.0,0.0,0.0,0.0,1.0,1.0,0.2807958496,0.3048296356,0.04664880037,0.04823005199
680,1.0,0.0,0.0,0.0,1.0,1.0,0.3012904355,0.3053852591,0.04943931103,0.04970514774
681,1.0,0.0,0.0,0.0,1.0,1.0,0.3232027737,0.3156132023,0.05192428827,0.05112540722
682,1.0,0.0,0.0,0.0,1.0,1.0,0.3361834794,0.3240125665,0.05440533161,0.05386930704
683,1.0,0.0,0.0,0.0,1.0,1.0,0.3469139407,0.332616861,0.05585706234,0.05559104681
684,1.0,0.0,0.0,0.0,1.0,1.0,0.3502526002,0.3331470909,0.05784368515,0.05757462978
685,1.0,0.0,0.0,0.0,1.0,1.0,0.3557200704,0.3290084827,0.05829930305,0.05669462681
686,1.0,0.0,0.0,0.0,1.0,1.0,0.3609095707,0.3378175566,0.05890417099,0.05783802271
687,1.0,0.0,0.0,0.0,1.0,1.0,0.3616565813,0.3336645506,0.0591480732,0.05728298426
688,1.0,0.0,0.0,0.0,1.0,1.0,0.3523567002,0.3231632956,0.06061083078,0.05806177855
689,1.0,0.0,0.0,0.0,1.0,1.0,0.3394328725,0.3152812579,0.05465507507,0.05280685425
690,1.0,0.0,0.0,0.0,1.0,1.0,0.3457084674,0.32943379,0.05595678091,0.05489599705
691,1.0,0.0,0.0,0.0,1.0,1.0,0.3482031495,0.3278424891,0.05633497238,0.05474060774
692,1.0,0.0,0.0,0.0,1.0,1.0,0.3462764122,0.334748665,0.05626058578,0.05572724342
693,1.0,0.0,0.0,0.0,1.0,1.0,0.3482780172,0.3331473263,0.05584383011,0.05504983664
694,1.0,0.0,0.0,0.0,1.0,1.0,0.3522623374,0.3363199617,0.05680197477,0.05600935221
695,1.0,0.0,0.0,0.0,1.0,1.0,0.3597002449,0.3368724105,0.05815649033,0.05603206158
696,1.0,0.0,0.0,0.0,1.0,1.0,0.3565929979,0.3389828882,0.05819314718,0.05685847998
697,1.0,0.0,0.0,0.0,1.0,1.0,0.3598645702,0.3448552575,0.05888313055,0.05781251192
698,1.0,0.0,0.0,0.0,1.0,1.0,0.3594051646,0.3379522693,0.05916941166,0.05700796843
699,1.0,0.0,0.0,0.0,1.0,1.0,0.3580582892,0.3379522472,0.05919092894,0.05729025602
700,1.0,0.0,0.0,0.0,1.0,1.0,0.3628337006,0.3400658019,0.05952805281,0.05763399601
701,1.0,0.0,0.0,0.0,1.0,1.0,0.3581816238,0.3352764482,0.05826973915,0.05639010668
702,1.0,0.0,0.0,0.0,1.0,1.0,0.3572402674,0.3363506715,0.05823153257,0.05687731504
703,1.0,0.0,0.0,0.0,1.0,1.0,0.3470517766,0.3251389629,0.05582559109,0.05448359251
704,1.0,0.0,0.0,0.0,1.0,1.0,0.354613563,0.3347491636,0.05698853731,0.05618214607
705,1.0,0.0,0.0,0.0,1.0,1.0,0.3565848036,0.3326168385,0.05697280169,0.05590289831
706,1.0,0.0,0.0,0.0,1.0,1.0,0.3632810226,0.3399998794,0.0576570034,0.05712562799
707,1.0,0.0,0.0,0.0,1.0,1.0,0.3516554519,0.3289303106,0.05608862638,0.05582028627
708,1.0,0.0,0.0,0.0,1.0,1.0,0.3535327224,0.330511523,0.05628418922,0.05575066805
709,1.0,0.0,0.0,0.0,1.0,1.0,0.3490914782,0.3226045994,0.05584073067,0.05476683378
710,1.0,0.0,0.0,0.0,1.0,1.0,0.3228964553,0.2738853117,0.0505259037,0.04571390152
711,1.0,0.0,0.0,0.0,1.0,1.0,0.2414636863,0.1215537245,0.03621023893,0.01960253716
712,1.0,0.0,0.0,0.0,1.0,1.0,0.2649768561,0.1909233006,0.04042059183,0.03119707108
713,1.0,0.0,0.0,0.0,1.0,1.0,0.322566608,0.2715525607,0.05065625906,0.04553675652
714,1.0,0.0,0.0,0.0,1.0,1.0,0.3368333336,0.2995120874,0.05271553993,0.04978686571
715,1.0,0.0,0.0,0.0,1.0,1.0,0.3651160968,0.3299745423,0.05787920952,0.05547869205
716,1.0,0.0,0.0,0.0,1.0,1.0,0.3634334527,0.3320827302,0.05731922388,0.05571210384
717,1.0,0.0,0.0,0.0,1.0,1.0,0.3693405802,0.3417447014,0.05800527334,0.05693107843
718,1.0,0.0,0.0,0.0,1.0,1.0,0.3693401291,0.3433566506,0.05799365044,0.05718821287
719,1.0,0.0,0.0,0.0,1.0,1.0,0.3743611494,0.3427572837,0.05876606703,0.057687819
720,1.0,0.0,0.0,0.0,1.0,1.0,0.3747906755,0.3411557949,0.05900657177,0.05738997459
721,1.0,0.0,0.0,0.0,1.0,1.0,0.3730793129,0.3481930147,0.05895143747,0.05841064453
722,1.0,0.0,0.0,0.0,1.0,1.0,0.3747908909,0.3507655843,0.05904734135,0.05904728174
723,1.0,0.0,0.0,0.0,1.0,1.0,0.3775668654,0.348531385,0.05897885561,0.05844509602
724,1.0,0.0,0.0,0.0,1.0,1.0,0.3766012588,0.3544347814,0.05969411135,0.0599642396
725,1.0,0.0,0.0,0.0,1.0,1.0,0.3748970482,0.3505979086,0.05903059244,0.05929893255
726,1.0,0.0,0.0,0.0,1.0,1.0,0.3756523048,0.3571724351,0.05860203505,0.05994611979
727,1.0,0.0,0.0,0.0,1.0,1.0,0.3771478235,0.351714535,0.05970990658,0.05998134613
728,1.0,0.0,0.0,0.0,1.0,1.0,0.3809032682,0.3580801891,0.06005167961,0.06086313725
729,1.0,0.0,0.0,0.0,1.0,1.0,0.3810697546,0.3615343705,0.05942744017,0.06077802181
730,1.0,0.0,0.0,0.0,1.0,1.0,0.3859316529,0.3603759175,0.06076663733,0.0613116622
731,1.0,0.0,0.0,0.0,1.0,1.0,0.3852643553,0.3576277692,0.06092405319,0.06119728088
732,1.0,0.0,0.0,0.0,1.0,1.0,0.379839761,0.3512415869,0.06050401926,0.06023019552
733,1.0,0.0,0.0,0.0,1.0,1.0,0.3708022769,0.3236289484,0.05837213993,0.05538570881
734,1.0,0.0,0.0,0.0,1.0,1.0,0.3649838527,0.3168575041,0.05774205923,0.05423432589
735,1.0,0.0,0.0,0.0,1.0,1.0,0.36034315,0.3178603863,0.0569459796,0.05399119854
736,1.0,0.0,0.0,0.0,1.0,1.0,0.3553197025,0.3180040346,0.05671328306,0.0545629859
737,1.0,0.0,0.0,0.0,1.0,1.0,0.358306003,0.3243531676,0.05800157785,0.05612194538
738,1.0,0.0,0.0,0.0,1.0,1.0,0.3542952727,0.3125188447,0.05740475655,0.05393373966
739,1.0,0.0,0.0,0.0,1.0,1.0,0.3433260065,0.2930460305,0.05603468418,0.0511854887
740,1.0,0.0,0.0,0.0,1.0,1.0,0.3336952972,0.2851169254,0.05532515049,0.05069202185
741,1.0,0.0,0.0,0.0,1.0,1.0,0.3189708298,0.276243374,0.05301016569,0.04838877916
742,1.0,0.0,0.0,0.0,1.0,1.0,0.3073941316,0.2795313203,0.05134159327,0.04914516211
743,1.0,0.0,0.0,0.0,1.0,1.0,0.3043900137,0.2830697634,0.05051761866,0.04835647345
744,1.0,0.0,0.0,0.0,1.0,1.0,0.2921194335,0.2825898023,0.04870593548,0.04843229055
745,1.0,0.0,0.0,0.0,1.0,1.0,0.2850813152,0.2813962556,0.04672968388,0.04727303982
746,1.0,0.0,0.0,0.0,1.0,1.0,0.2724257916,0.277979706,0.0446023941,0.04648321867
747,1.0,0.0,0.0,0.0,1.0,1.0,0.2806315395,0.2797789896,0.04617804289,0.04671812057
748,1.0,0.0,0.0,0.0,1.0,1.0,0.2660852757,0.2772643985,0.04378139973,0.04591703415
749,1.0,0.0,0.0,0.0,1.0,1.0,0.2790648749,0.2862480521,0.04601579905,0.04735350609
750,1.0,0.0,0.0,0.0,1.0,1.0,0.272868625,0.2837126409,0.04512774944,0.0469969511
751,1.0,0.0,0.0,0.0,1.0,1.0,0.273598976,0.2913681676,0.04568010569,0.04809850454
752,1.0,0.0,0.0,0.0,1.0,1.0,0.276036624,0.300475214,0.04594224691,0.04937463999
753,1.0,0.0,0.0,0.0,1.0,1.0,0.2804636958,0.3042464101,0.04701298475,0.05012983084
754,1.0,0.0,0.0,0.0,1.0,1.0,0.2784823187,0.3036277986,0.04681396484,0.04993486404
755,1.0,0.0,0.0,0.0,1.0,1.0,0.2944093924,0.3156965364,0.0486843586,0.0509904027
756,1.0,0.0,0.0,0.0,1.0,1.0,0.2848874104,0.3083720502,0.0471958518,0.05029070377
757,1.0,0.0,0.0,0.0,1.0,1.0,0.2891076894,0.314110231,0.04795318842,0.0510469079
758,1.0,0.0,0.0,0.0,1.0,1.0,0.2902107076,0.3188693691,0.04824542999,0.05185735226
759,1.0,0.0,0.0,0.0,1.0,1.0,0.2817742264,0.3107241199,0.04673862457,0.05009555817
760,1.0,0.0,0.0,0.0,1.0,1.0,0.2797816838,0.312924183,0.04663056135,0.05077546835
761,1.0,0.0,0.0,0.0,1.0,1.0,0.2748464837,0.309731581,0.04528951645,0.049921453
762,1.0,0.0,0.0,0.0,1.0,1.0,0.2817740062,0.3167018979,0.04669487476,0.05133855343
763,1.0,0.0,0.0,0.0,1.0,1.0,0.2842307237,0.3172830009,0.04681813717,0.05088925362
764,1.0,0.0,0.0,0.0,1.0,1.0,0.2781463678,0.3171306625,0.04563558102,0.05105000734
765,1.0,0.0,0.0,0.0,1.0,1.0,0.2812420336,0.3169752926,0.0458663106,0.05078983307
766,1.0,0.0,0.0,0.0,1.0,1.0,0.2896472016,0.3244941333,0.04765081406,0.0523635149
767,1.0,0.0,0.0,0.0,1.0,1.0,0.2901090769,0.3282958566,0.04841554165,0.05400198698
768,1.0,0.0,0.0,0.0,1.0,1.0,0.2924410943,0.3309628704,0.04768234491,0.05292218924
769,1.0,0.0,0.0,0.0,1.0,1.0,0.298388895,0.3331475272,0.04901254177,0.05375570059
770,1.0,0.0,0.0,0.0,1.0,1.0,0.302910366,0.3336953375,0.04961764812,0.05386298895
771,1.0,0.0,0.0,0.0,1.0,1.0,0.3051607724,0.3397445978,0.05033069849,0.05485785007
772,1.0,0.0,0.0,0.0,1.0,1.0,0.2996707429,0.3386269274,0.04904896021,0.05461668968
773,1.0,0.0,0.0,0.0,1.0,1.0,0.3072714747,0.3375163316,0.05024594069,0.05447721481
774,1.0,0.0,0.0,0.0,1.0,1.0,0.2753731515,0.3200829655,0.0448846221,0.05174934864
775,1.0,0.0,0.0,0.0,1.0,1.0,0.2005571135,0.2708923652,0.0319391489,0.04285162687
776,1.0,0.0,0.0,0.0,1.0,1.0,0.1358966383,0.2524541146,0.02153378725,0.03979659081
777,1.0,0.0,0.0,0.0,1.0,1.0,0.1861375966,0.2590524434,0.0298140645,0.04163223505
778,1.0,0.0,0.0,0.0,1.0,1.0,0.2228264664,0.2774424395,0.03643363714,0.0458099246
779,1.0,0.0,0.0,0.0,1.0,1.0,0.2474186188,0.2901603251,0.04046374559,0.04791760445
780,1.0,0.0,0.0,0.0,1.0,1.0,0.2547279201,0.2953622728,0.04149836302,0.04889935255
781,1.0,0.0,0.0,0.0,1.0,1.0,0.2654514925,0.3004650233,0.04412204027,0.05050116777
782,1.0,0.0,0.0,0.0,1.0,1.0,0.2542864396,0.2919001738,0.04170525074,0.04856806993
783,1.0,0.0,0.0,0.0,1.0,1.0,0.2640340563,0.2928301553,0.04332989454,0.04891228676
784,1.0,0.0,0.0,0.0,1.0,1.0,0.2624960616,0.2905725892,0.04242110252,0.04795432091
785,1.0,0.0,0.0,0.0,1.0,1.0,0.2666267515,0.2953624225,0.04371678829,0.0496172905
786,1.0,0.0,0.0,0.0,1.0,1.0,0.2670639611,0.2934868313,0.04331737757,0.04916387796
787,1.0,0.0,0.0,0.0,1.0,1.0,0.278722207,0.3011138569,0.04508805275,0.05015712976
788,1.0,0.0,0.0,0.0,1.0,1.0,0.2813245378,0.3030053356,0.04499965906,0.0502627492
789,1.0,0.0,0.0,0.0,1.0,1.0,0.2796448169,0.2985753506,0.04424679279,0.04974496365
790,1.0,0.0,0.0,0.0,1.0,1.0,0.2917110444,0.3042466406,0.04660004377,0.05110120773
791,1.0,0.0,0.0,0.0,1.0,1.0,0.3067510672,0.3156968891,0.04882001877,0.05279994011
792,1.0,0.0,0.0,0.0,1.0,1.0,0.3073928058,0.315696815,0.04944354296,0.05318522453
793,1.0,0.0,0.0,0.0,1.0,1.0,0.3059853923,0.3141102862,0.04903364182,0.05276447535
794,1.0,0.0,0.0,0.0,1.0,1.0,0.2947817446,0.30935094,0.04749977589,0.0520362258
795,1.0,0.0,0.0,0.0,1.0,1.0,0.2926817347,0.3113276399,0.04711300135,0.05219906569
796,1.0,0.0,0.0,0.0,1.0,1.0,0.2974625533,0.3152813448,0.04849463701,0.05329084396
797,1.0,0.0,0.0,0.0,1.0,1.0,0.2937605286,0.3135192613,0.04752153158,0.05230021477
798,1.0,0.0,0.0,0.0,1.0,1.0,0.2952896347,0.3184343098,0.04815202951,0.05344349146
799,1.0,0.0,0.0,0.0,1.0,1.0,0.2931912829,0.3137050619,0.04784554243,0.05260366201
800,1.0,0.0,0.0,0.0,1.0,1.0,0.2924413645,0.3180043568,0.04764068127,0.05313766003
801,1.0,0.0,0.0,0.0,1.0,1.0,0.3036889465,0.3252901692,0.04963201284,0.05435889959
802,1.0,0.0,0.0,0.0,1.0,1.0,0.2959514,0.319004341,0.04787647724,0.05310887098
803,1.0,0.0,0.0,0.0,1.0,1.0,0.2987021818,0.320010465,0.04870182276,0.05344039202
804,1.0,0.0,0.0,0.0,1.0,1.0,0.3024202255,0.3226047875,0.04950559139,0.0540060997
805,1.0,0.0,0.0,0.0,1.0,1.0,0.2959513442,0.3210231958,0.04821532965,0.05348473787
806,1.0,0.0,0.0,0.0,1.0,1.0,0.2996706576,0.3184343796,0.0488884449,0.05338090658
807,1.0,0.0,0.0,0.0,1.0,1.0,0.2938583806,0.3142897395,0.0479169488,0.05265599489
808,1.0,0.0,0.0,0.0,1.0,1.0,0.2919716495,0.3190042792,0.04771733284,0.05322319269
809,1.0,0.0,0.0,0.0,1.0,1.0,0.2987022405,0.3194418672,0.0484893322,0.05294513702
810,1.0,0.0,0.0,0.0,1.0,1.0,0.294047713,0.3190042288,0.04833579063,0.05361843109
811,1.0,0.0,0.0,0.0,1.0,1.0,0.2906294367,0.3142899202,0.04730147123,0.05255717039
812,1.0,0.0,0.0,0.0,1.0,1.0,0.2982206398,0.3148709927,0.04861104488,0.0528151989
813,1.0,0.0,0.0,0.0,1.0,1.0,0.2973947635,0.3168578707,0.04820519686,0.05294674635
814,1.0,0.0,0.0,0.0,1.0,1.0,0.2978795265,0.3137049065,0.04807454348,0.05227774382
815,1.0,0.0,0.0,0.0,1.0,1.0,0.3038953915,0.3190042095,0.04949903488,0.05373424292
816,1.0,0.0,0.0,0.0,1.0,1.0,0.3014446842,0.3201337541,0.04893577099,0.05364614725
817,1.0,0.0,0.0,0.0,1.0,1.0,0.3006450914,0.3154490504,0.04846978188,0.05292379856
818,1.0,0.0,0.0,0.0,1.0,1.0,0.3137404126,0.3222495805,0.05091333389,0.05432504416
819,1.0,0.0,0.0,0.0,1.0,1.0,0.2941449076,0.308239267,0.04732775688,0.05177289248
820,1.0,0.0,0.0,0.0,1.0,1.0,0.2980506866,0.3094247909,0.04819256067,0.05238324404
821,1.0,0.0,0.0,0.0,1.0,1.0,0.2996707648,0.3044455058,0.04845815897,0.05186331272
822,1.0,0.0,0.0,0.0,1.0,1.0,0.2980506952,0.3029079214,0.04802280664,0.05141574144
823,1.0,0.0,0.0,0.0,1.0,1.0,0.3014446978,0.3035115255,0.04891043901,0.05178749561
824,1.0,0.0,0.0,0.0,1.0,1.0,0.3056545298,0.3013701507,0.04948478937,0.05131757259
825,1.0,0.0,0.0,0.0,1.0,1.0,0.2967347694,0.2955005849,0.04764717817,0.05000334978
826,1.0,0.0,0.0,0.0,1.0,1.0,0.2969121456,0.2933145253,0.0481697917,0.04974913597
827,1.0,0.0,0.0,0.0,1.0,1.0,0.2906289798,0.28996149,0.0469442606,0.04903072119
828,1.0,0.0,0.0,0.0,1.0,1.0,0.2958348511,0.2940432119,0.04816657305,0.05024945736
829,1.0,0.0,0.0,0.0,1.0,1.0,0.2894383798,0.2894726765,0.04721677303,0.04956459999
830,1.0,0.0,0.0,0.0,1.0,1.0,0.2914376486,0.2898683149,0.04729568958,0.04935204983
831,1.0,0.0,0.0,0.0,1.0,1.0,0.284419852,0.2846893885,0.04618626833,0.04850846529
832,1.0,0.0,0.0,0.0,1.0,1.0,0.2905169399,0.2922610807,0.04721814394,0.04952776432
833,1.0,0.0,0.0,0.0,1.0,1.0,0.2927497364,0.2920054464,0.04766196012,0.04971194267
834,1.0,0.0,0.0,0.0,1.0,1.0,0.2855551233,0.2842724378,0.04609000683,0.0481159091
835,1.0,0.0,0.0,0.0,1.0,1.0,0.2898542867,0.293775355,0.04683923721,0.04965466261
836,1.0,0.0,0.0,0.0,1.0,1.0,0.2878137513,0.2907468416,0.0465772748,0.04913651943
837,1.0,0.0,0.0,0.0,1.0,1.0,0.2699459453,0.2567375952,0.04334110022,0.04334110022
838,1.0,0.0,0.0,0.0,1.0,1.0,0.2800368587,0.2696663122,0.04492282867,0.04569733143
839,1.0,0.0,0.0,0.0,1.0,1.0,0.2850894107,0.2668259621,0.04535323381,0.04483485222
840,1.0,0.0,0.0,0.0,1.0,1.0,0.2968478246,0.285117018,0.04733592272,0.04785048962
841,1.0,0.0,0.0,0.0,1.0,1.0,0.309370171,0.2909961366,0.0494030714,0.04889112711
842,1.0,0.0,0.0,0.0,1.0,1.0,0.3000745186,0.2774524716,0.04817771912,0.04688262939
843,1.0,0.0,0.0,0.0,1.0,1.0,0.2999957619,0.2722934446,0.04757034779,0.04550200701
844,1.0,0.0,0.0,0.0,1.0,1.0,0.3036073885,0.2762433679,0.04831314087,0.04648506641
845,1.0,0.0,0.0,0.0,1.0,1.0,0.3036072565,0.2748466253,0.04814833403,0.0458059907
846,1.0,0.0,0.0,0.0,1.0,1.0,0.3031096265,0.2708766852,0.0479953289,0.04514151812
847,1.0,0.0,0.0,0.0,1.0,1.0,0.3061204888,0.2654767341,0.04796653986,0.04407733679
848,1.0,0.0,0.0,0.0,1.0,1.0,0.3092923419,0.2677634727,0.0493221283,0.04512453079
849,1.0,0.0,0.0,0.0,1.0,1.0,0.3103138917,0.2710084618,0.04922777414,0.04530000687
850,1.0,0.0,0.0,0.0,1.0,1.0,0.3115570099,0.2741416012,0.04971235991,0.04578769207
851,1.0,0.0,0.0,0.0,1.0,1.0,0.3047479143,0.2671461786,0.04899060726,0.04477632046
852,1.0,0.0,0.0,0.0,1.0,1.0,0.3047478818,0.268718108,0.04912388325,0.04516232014
853,1.0,0.0,0.0,0.0,1.0,1.0,0.3009965487,0.2587548258,0.04827439785,0.04267346859
854,1.0,0.0,0.0,0.0,1.0,1.0,0.2574833623,0.1969585826,0.04048967361,0.03223192692
855,1.0,0.0,0.0,0.0,1.0,1.0,0.2052426268,0.1236422196,0.03162771463,0.01980167627
856,1.0,0.0,0.0,0.0,1.0,1.0,0.2416611857,0.1776415734,0.03793680668,0.02899456024
857,1.0,0.0,0.0,0.0,1.0,1.0,0.2677685091,0.2127525407,0.04221910238,0.03468960524
858,1.0,0.0,0.0,0.0,1.0,1.0,0.2838550886,0.2326570585,0.04453057051,0.03786432743
859,1.0,0.0,0.0,0.0,1.0,1.0,0.2906537849,0.2440878468,0.04597747326,0.03979337215
860,1.0,0.0,0.0,0.0,1.0,1.0,0.2981386536,0.2465729725,0.04744547606,0.04043650627
861,1.0,0.0,0.0,0.0,1.0,1.0,0.3132831802,0.2704760974,0.04923778772,0.04388588667
862,1.0,0.0,0.0,0.0,1.0,1.0,0.3173100948,0.2737743752,0.0499586463,0.0443482995
863,1.0,0.0,0.0,0.0,1.0,1.0,0.3252421023,0.2886178218,0.05128246546,0.04674184322
864,1.0,0.0,0.0,0.0,1.0,1.0,0.3280742386,0.2876681529,0.05216085911,0.04705226421
865,1.0,0.0,0.0,0.0,1.0,1.0,0.3280741905,0.2942437778,0.05184990168,0.04784089327
866,1.0,0.0,0.0,0.0,1.0,1.0,0.3337090642,0.2909559518,0.05296051502,0.04734349251
867,1.0,0.0,0.0,0.0,1.0,1.0,0.3399810794,0.3008352245,0.05366921425,0.04854500294
868,1.0,0.0,0.0,0.0,1.0,1.0,0.3377424411,0.3011783023,0.0540599823,0.04937106371
869,1.0,0.0,0.0,0.0,1.0,1.0,0.3342958848,0.2944482145,0.05375653505,0.04849171638
870,1.0,0.0,0.0,0.0,1.0,1.0,0.3383258391,0.2978136549,0.05372691154,0.04851871729
871,1.0,0.0,0.0,0.0,1.0,1.0,0.3376954423,0.2984908921,0.05379772186,0.0483635664
872,1.0,0.0,0.0,0.0,1.0,1.0,0.3337207314,0.2910829512,0.05301892757,0.04727971554
873,1.0,0.0,0.0,0.0,1.0,1.0,0.3325758676,0.2901063611,0.05270034075,0.0469956398
874,1.0,0.0,0.0,0.0,1.0,1.0,0.3285837354,0.2833987184,0.05178880692,0.04558491707
875,1.0,0.0,0.0,0.0,1.0,1.0,0.326840032,0.286035637,0.051189363,0.04580098391
876,1.0,0.0,0.0,0.0,1.0,1.0,0.3245165041,0.2768725175,0.0511868,0.0446523428
877,1.0,0.0,0.0,0.0,1.0,1.0,0.3239570577,0.2733375485,0.05079108477,0.04403698444
878,1.0,0.0,0.0,0.0,1.0,1.0,0.3274033493,0.2793052991,0.05171096325,0.04517906904
879,1.0,0.0,0.0,0.0,1.0,1.0,0.3394984952,0.2944482009,0.05351895094,0.04778474569
880,1.0,0.0,0.0,0.0,1.0,1.0,0.344634992,0.3008354202,0.0542267561,0.04880410433
881,1.0,0.0,0.0,0.0,1.0,1.0,0.3480046106,0.3031637181,0.05504888296,0.04935413599
882,1.0,0.0,0.0,0.0,1.0,1.0,0.3428615749,0.2971763467,0.05440920591,0.04869627953
883,1.0,0.0,0.0,0.0,1.0,1.0,0.3480815092,0.3058494852,0.05488497019,0.0497225523
884,1.0,0.0,0.0,0.0,1.0,1.0,0.3452305864,0.301178289,0.05458003283,0.04884904623
885,1.0,0.0,0.0,0.0,1.0,1.0,0.3440415489,0.3031638242,0.05498540401,0.05003672838
886,1.0,0.0,0.0,0.0,1.0,1.0,0.3320004526,0.2857936349,0.05202502012,0.0460947156
887,1.0,0.0,0.0,0.0,1.0,1.0,0.3285362885,0.2783677852,0.0510494113,0.0446010232
888,1.0,0.0,0.0,0.0,1.0,1.0,0.3111309166,0.247336888,0.04835724831,0.03971236944
889,1.0,0.0,0.0,0.0,1.0,1.0,0.2722496199,0.1974421169,0.04144871235,0.03081381321
890,1.0,0.0,0.0,0.0,1.0,1.0,0.2544033619,0.1729801536,0.03851395845,0.02723485231
891,1.0,0.0,0.0,0.0,1.0,1.0,0.2525863329,0.1665736677,0.03823047876,0.02585369349
892,1.0,0.0,0.0,0.0,1.0,1.0,0.2588481335,0.1799694422,0.03920310736,0.02804112434
893,1.0,0.0,0.0,0.0,1.0,1.0,0.2678363759,0.18978943,0.04089057446,0.02991318703
894,1.0,0.0,0.0,0.0,1.0,1.0,0.2817096092,0.2050575601,0.04341596365,0.03290760517
895,1.0,0.0,0.0,0.0,1.0,1.0,0.3031816741,0.2421858085,0.04675990343,0.03860414028
896,1.0,0.0,0.0,0.0,1.0,1.0,0.3216196858,0.2692098624,0.04989624023,0.04292148352
897,1.0,0.0,0.0,0.0,1.0,1.0,0.3216196795,0.269983492,0.05045318604,0.04367184639
898,1.0,0.0,0.0,0.0,1.0,1.0,0.332862482,0.2812997409,0.05227065086,0.04556930065
899,1.0,0.0,0.0,0.0,1.0,1.0,0.3427140898,0.2916403783,0.05391961336,0.0472792387
900,1.0,0.0,0.0,0.0,1.0,1.0,0.3577309347,0.3129399564,0.05631166697,0.05097401142
901,1.0,0.0,0.0,0.0,1.0,1.0,0.3551662546,0.3054771972,0.05582606792,0.04962319136
902,1.0,0.0,0.0,0.0,1.0,1.0,0.3514336449,0.3034607015,0.05539876223,0.04972368479
903,1.0,0.0,0.0,0.0,1.0,1.0,0.3573046378,0.3157844943,0.05652582645,0.05172646046
904,1.0,0.0,0.0,0.0,1.0,1.0,0.3615901334,0.3174120763,0.05675721169,0.0517179966
905,1.0,0.0,0.0,0.0,1.0,1.0,0.3506814009,0.2998325581,0.0559258461,0.04953432083
906,1.0,0.0,0.0,0.0,1.0,1.0,0.3522487923,0.3060179865,0.05595618486,0.05033373833
907,1.0,0.0,0.0,0.0,1.0,1.0,0.351763285,0.3014443694,0.05611675978,0.04973381758
908,1.0,0.0,0.0,0.0,1.0,1.0,0.3475597532,0.3062805773,0.05577361584,0.05070328712
909,1.0,0.0,0.0,0.0,1.0,1.0,0.3455069956,0.2995072495,0.05527067184,0.04960882664
910,1.0,0.0,0.0,0.0,1.0,1.0,0.3168551885,0.2652240004,0.05102479458,0.04451096058
911,1.0,0.0,0.0,0.0,1.0,1.0,0.3048255003,0.2289689713,0.04771131277,0.03756576777
912,1.0,0.0,0.0,0.0,1.0,1.0,0.2845260821,0.1784717293,0.04352205992,0.02892285585
913,1.0,0.0,0.0,0.0,1.0,1.0,0.2870931129,0.1784715764,0.04427218437,0.02905356884
914,1.0,0.0,0.0,0.0,1.0,1.0,0.2865785598,0.1795607895,0.04407346249,0.02919864655
915,1.0,0.0,0.0,0.0,1.0,1.0,0.2934305959,0.2029582219,0.04612880945,0.0332686305
916,1.0,0.0,0.0,0.0,1.0,1.0,0.3147846942,0.2406064939,0.04972082376,0.03950047493
917,1.0,0.0,0.0,0.0,1.0,1.0,0.3161586444,0.2565234101,0.05048942566,0.04248839617
918,1.0,0.0,0.0,0.0,1.0,1.0,0.3354289141,0.2848406951,0.05405074358,0.04715651274
919,1.0,0.0,0.0,0.0,1.0,1.0,0.3384530652,0.2965559535,0.05494248867,0.04923069477
920,1.0,0.0,0.0,0.0,1.0,1.0,0.3602046298,0.3166546139,0.05805253983,0.05232906342
921,1.0,0.0,0.0,0.0,1.0,1.0,0.3591613458,0.3249011689,0.05830651522,0.05367469788
922,1.0,0.0,0.0,0.0,1.0,1.0,0.3641962706,0.3227705881,0.05964994431,0.05415225029
923,1.0,0.0,0.0,0.0,1.0,1.0,0.370720234,0.3255511712,0.06097191572,0.05492967367
924,1.0,0.0,0.0,0.0,1.0,1.0,0.3721591748,0.3287638914,0.06048369408,0.05473643541
925,1.0,0.0,0.0,0.0,1.0,1.0,0.3804217521,0.3369452484,0.06279182434,0.05700838566
926,1.0,0.0,0.0,0.0,1.0,1.0,0.3789831354,0.3249817277,0.06152099371,0.05417108536
927,1.0,0.0,0.0,0.0,1.0,1.0,0.3775293888,0.3309625487,0.06151068211,0.05546945333
928,1.0,0.0,0.0,0.0,1.0,1.0,0.3762602036,0.3282482175,0.06142252684,0.05511581898
929,1.0,0.0,0.0,0.0,1.0,1.0,0.3795350561,0.3369826876,0.06190699339,0.05640411377
930,1.0,0.0,0.0,0.0,1.0,1.0,0.3815435562,0.3331472739,0.06219112873,0.05613714457
931,1.0,0.0,0.0,0.0,1.0,1.0,0.3809840631,0.329324534,0.06126576662,0.05522161722
932,1.0,0.0,0.0,0.0,1.0,1.0,0.3742593047,0.3282480942,0.06086194515,0.05560564995
933,1.0,0.0,0.0,0.0,1.0,1.0,0.3601121936,0.2895731091,0.05794942379,0.04899102449
934,1.0,0.0,0.0,0.0,1.0,1.0,0.3506180503,0.1924602665,0.05399936438,0.03173160553
935,1.0,0.0,0.0,0.0,1.0,1.0,0.3629359017,0.1773753009,0.05539363623,0.02894943953
936,1.0,0.0,0.0,0.0,1.0,1.0,0.3730311417,0.2779904083,0.05833488703,0.04622763395
937,1.0,0.0,0.0,0.0,1.0,1.0,0.3888673492,0.3249008177,0.06055903435,0.05398243666
938,1.0,0.0,0.0,0.0,1.0,1.0,0.4057227866,0.3555389975,0.06394588947,0.05981141329
939,1.0,0.0,0.0,0.0,1.0,1.0,0.4126058137,0.3857782634,0.06615257263,0.06587463617
940,1.0,0.0,0.0,0.0,1.0,1.0,0.41082428,0.3906610748,0.06594949961,0.06650364399
941,1.0,0.0,0.0,0.5235987902,1.0,1.0,0.4133817656,0.3908708711,0.0648085475,0.0648085475
942,1.0,0.0,0.0,0.5235987902,1.0,1.0,0.4151261448,0.3974680386,0.06564295292,0.0664703846
943,1.0,0.0,0.0,0.5235987902,1.0,1.0,0.4173880859,0.3918075362,0.06580418348,0.06552648544
944,1.0,0.0,0.0,0.5235987902,1.0,1.0,0.4174446719,0.3961602645,0.06561303139,0.06561297178
945,1.0,0.0,0.0,0.5235987902,1.0,1.0,0.4175215372,0.4067497867,0.06545752287,0.06682121754
946,1.0,0.0,0.0,0.5235987902,1.0,1.0,0.4196260982,0.4073633677,0.06722313166,0.06889677048
947,1.0,0.0,0.0,0.5235987902,1.0,1.0,0.4251099262,0.3997766479,0.06667351723,0.06640136242
948,1.0,0.0,0.0,0.5235987902,1.0,1.0,0.4277162143,0.4020554386,0.06811141968,0.06783676147
949,1.0,0.0,0.0,0.5235987902,1.0,1.0,0.4316756216,0.4131678322,0.06872141361,0.06982535124
950,1.0,0.0,0.0,0.5235987902,1.0,1.0,0.4236386745,0.403683439,0.06743824482,0.06826406717
951,1.0,0.0,0.0,0.5235987902,1.0,1.0,0.431097117,0.4090123104,0.06703615189,0.06785696745
952,1.0,0.0,0.0,0.5235987902,1.0,1.0,0.4283320153,0.4073629904,0.06728482246,0.06839239597
953,1.0,0.0,0.0,0.5235987902,1.0,1.0,0.4245880966,0.4010701916,0.06645447016,0.06782180071
954,1.0,0.0,0.0,0.5235987902,1.0,1.0,0.4320504301,0.4110604197,0.06798404455,0.069622159
955,1.0,0.0,0.0,0.5235987902,1.0,1.0,0.4449750899,0.4366493316,0.06864714622,0.07297134399
956,1.0,0.0,0.0,0.5235987902,1.0,1.0,0.452378776,0.4368527463,0.07042765617,0.07397633791
957,1.0,0.0,0.0,0.5235987902,1.0,1.0,0.4556407697,0.4354481697,0.07052534819,0.07322746515
958,1.0,0.0,0.0,0.5235987902,1.0,1.0,0.4506768596,0.4239567953,0.07200288773,0.07426178455
959,1.0,0.0,0.0,0.5235987902,1.0,1.0,0.4596363307,0.4255687373,0.07200521231,0.0736797452
960,1.0,0.0,0.0,0.5235987902,1.0,1.0,0.4600463735,0.4352409709,0.07410246134,0.07754909992
961,1.0,0.0,0.0,0.5235987902,1.0,1.0,0.4659319752,0.4454385183,0.07628268003,0.08123236895
962,1.0,0.0,0.0,0.5235987902,1.0,1.0,0.4621075664,0.4449127727,0.0739043355,0.0790604353
963,1.0,0.0,0.0,0.5235987902,1.0,1.0,0.460316606,0.4449126724,0.07392078638,0.07938569784
964,1.0,0.0,0.0,0.5235987902,1.0,1.0,0.4593485491,0.440076846,0.07212144136,0.07691073418
965,1.0,0.0,0.0,0.5235987902,1.0,1.0,0.4592029159,0.4283324675,0.07129484415,0.07381117344
966,1.0,0.0,0.0,0.5235987902,1.0,1.0,0.4458473325,0.3656900612,0.06858962774,0.06315970421
967,1.0,0.0,0.0,0.5235987902,1.0,1.0,0.4660813451,0.2867816551,0.06925833225,0.04839390516
968,1.0,0.0,0.0,0.5235987902,1.0,1.0,0.4542916617,0.3011784753,0.06943768263,0.05178892612
969,1.0,0.0,0.0,0.5235987902,1.0,1.0,0.4558202634,0.3697935742,0.07097452879,0.06457519531
970,1.0,0.0,0.0,0.5235987902,1.0,1.0,0.4515386288,0.387572212,0.07107442617,0.06789624691
971,1.0,0.0,0.0,0.5235987902,1.0,1.0,0.4597431686,0.4099018539,0.07170009613,0.07113331556
972,1.0,0.0,0.0,0.5235987902,1.0,1.0,0.4665258758,0.42346504,0.07193517685,0.07221186161
973,1.0,0.0,0.0,0.5235987902,1.0,1.0,0.4743115447,0.4368529045,0.07539647818,0.07681369781
974,1.0,0.0,0.0,0.5235987902,1.0,1.0,0.477799311,0.4431182494,0.07652515173,0.07853144407
975,1.0,0.0,0.0,0.5235987902,1.0,1.0,0.4763529379,0.4413119906,0.07753801346,0.07958614826
976,1.0,0.0,0.0,0.5235987902,1.0,1.0,0.4794434892,0.4427493365,0.07754528522,0.07929444313
977,1.0,0.0,0.0,0.5235987902,1.0,1.0,0.475497496,0.4433007566,0.07474690676,0.07756751776
978,1.0,0.0,0.0,0.5235987902,1.0,1.0,0.4708480828,0.4402687605,0.07538086176,0.07794100046
979,1.0,0.0,0.0,0.5235987902,1.0,1.0,0.4824891862,0.4441963419,0.07871109247,0.08048653603
980,1.0,0.0,0.0,0.5235987902,1.0,1.0,0.4769647646,0.4264721571,0.07600706816,0.07600712776
981,1.0,0.0,0.0,0.5235987902,1.0,1.0,0.4792965814,0.4346108003,0.07633066177,0.07719802856
982,1.0,0.0,0.0,0.5235987902,1.0,1.0,0.4846883468,0.4427493584,0.0763604641,0.07808285952
983,1.0,0.0,0.0,0.5235987902,1.0,1.0,0.4800974043,0.4392971996,0.07412815094,0.07581925392
984,1.0,0.0,0.0,0.5235987902,1.0,1.0,0.4810439517,0.4358221829,0.07454633713,0.07511109114
985,1.0,0.0,0.0,0.5235987902,1.0,1.0,0.4901197247,0.4522065695,0.07827675343,0.08061337471
986,1.0,0.0,0.0,0.5235987902,1.0,1.0,0.4910182316,0.445652933,0.07794868946,0.07911211252
987,1.0,0.0,0.0,0.5235987902,1.0,1.0,0.4919485278,0.4489297597,0.07805347443,0.07950431108
988,1.0,0.0,0.0,0.5235987902,1.0,1.0,0.4987936864,0.4520499104,0.07791423798,0.079652071
989,1.0,0.0,0.0,0.5235987902,1.0,1.0,0.4910181369,0.4443770771,0.07856655121,0.08003234863
990,1.0,0.0,0.0,0.5235987902,1.0,1.0,0.4923447845,0.4472911666,0.07742458582,0.079164505
991,1.0,0.0,0.0,0.5235987902,1.0,1.0,0.4937333257,0.4489299051,0.07980751991,0.08159434795
992,1.0,0.0,0.0,0.5235987902,1.0,1.0,0.4955911376,0.4492603293,0.0788192153,0.08057069778
993,1.0,0.0,0.0,0.5235987902,1.0,1.0,0.4942296314,0.4474627624,0.07929962873,0.08047443628
994,1.0,0.0,0.0,0.5235987902,1.0,1.0,0.4905348015,0.4392970651,0.07749646902,0.07807695866
995,1.0,0.0,0.0,0.5235987902,1.0,1.0,0.4919199597,0.4538449429,0.07913559675,0.08179312944
996,1.0,0.0,0.0,0.5235987902,1.0,1.0,0.4992583743,0.4554833398,0.07897204161,0.08131200075
997,1.0,0.0,0.0,0.5235987902,1.0,1.0,0.4969498678,0.4489296278,0.07976800203,0.08125066757
998,1.0,0.0,0.0,0.5235987902,1.0,1.0,0.4969396789,0.4487626554,0.07759046555,0.07903802395
999,1.0,0.0,0.0,0.5235987902,1.0,1.0,0.4964669391,0.4388995504,0.07830095291,0.07830095291
1000,1.0,0.0,0.0,0.5235987902,1.0,1.0,0.4959775883,0.4290370002,0.07670634985,0.07554858923
1001,1.0,0.0,0.0,0.5235987902,1.0,1.0,0.4903979805,0.437049911,0.07678794861,0.07737189531
1002,1.0,0.0,0.0,0.5235987902,1.0,1.0,0.5039201621,0.4454748896,0.07856440544,0.07885539532
1003,1.0,0.0,0.0,0.5235987902,1.0,1.0,0.5062837344,0.4419974103,0.08026993275,0.07967537642
1004,1.0,0.0,0.0,0.5235987902,1.0,1.0,0.5039200746,0.4504065774,0.08033704758,0.08152729273
1005,1.0,0.0,0.0,0.5235987902,1.0,1.0,0.4997209076,0.4485942946,0.07536005974,0.0770599246
1006,1.0,0.0,0.0,0.5235987902,1.0,1.0,0.4955294245,0.4421870743,0.07777434587,0.07865148783
1007,1.0,0.0,0.0,0.5235987902,1.0,1.0,0.4978493347,0.4454748203,0.07948827744,0.08098238707
1008,1.0,0.0,0.0,0.5235987902,1.0,1.0,0.502512928,0.4518931287,0.07996743917,0.08115214109
1009,1.0,0.0,0.0,0.5235987902,1.0,1.0,0.505763926,0.4586253278,0.08149272203,0.08358997107
1010,1.0,0.0,0.0,0.5235987902,1.0,1.0,0.5113858709,0.4652007753,0.08053147793,0.08317667246
1011,1.0,0.0,0.0,0.5235987902,1.0,1.0,0.5108671449,0.4619130152,0.08122801781,0.08300024271
1012,1.0,0.0,0.0,0.5235987902,1.0,1.0,0.5122957137,0.4619133242,0.08175826073,0.08354204893
1013,1.0,0.0,0.0,0.5235987902,1.0,1.0,0.5108256904,0.4654262541,0.08201795816,0.08469247818
1014,1.0,0.0,0.0,0.5235987902,1.0,1.0,0.5113860113,0.4620371049,0.08144271374,0.08382058144
1015,1.0,0.0,0.0,0.5235987902,1.0,1.0,0.5076530816,0.4602691382,0.07965451479,0.08199727535
1016,1.0,0.0,0.0,0.5235987902,1.0,1.0,0.5072071989,0.4635568146,0.08015722036,0.08341085911
1017,1.0,0.0,0.0,0.5235987902,1.0,1.0,0.5099190969,0.4554836001,0.08201527596,0.08291006088
1018,1.0,0.0,0.0,0.5235987902,1.0,1.0,0.5081273649,0.4634375395,0.08023327589,0.08288806677
1019,1.0,0.0,0.0,0.5235987902,1.0,1.0,0.5119092396,0.4551915632,0.08146673441,0.08236199617
1020,1.0,0.0,0.0,0.5235987902,1.0,1.0,0.5076235574,0.4684882139,0.08213376999,0.08574402332
1021,1.0,0.0,0.0,0.5235987902,1.0,1.0,0.5090788143,0.4649720879,0.07955169678,0.0821839571
1022,1.0,0.0,0.0,0.5235987902,1.0,1.0,0.5109089835,0.4666266927,0.08135056496,0.08372569084
1023,1.0,0.0,0.0,0.5235987902,1.0,1.0,0.5104326666,0.481458977,0.07871514559,0.08331167698
1024,1.0,0.0,0.0,0.5235987902,1.0,1.0,0.5029807439,0.4634373555,0.08111435175,0.08441901207
1025,1.0,0.0,0.0,0.5235987902,1.0,1.0,0.5090793259,0.4600078906,0.08268463612,0.08450847864
1026,1.0,0.0,0.0,0.5235987902,1.0,1.0,0.5099955107,0.4600082186,0.08105188608,0.08253639936
1027,1.0,0.0,0.0,0.5235987902,1.0,1.0,0.5072352618,0.4547462813,0.08032083511,0.08121335506
1028,1.0,0.0,0.0,0.5235987902,1.0,1.0,0.510992936,0.4714032363,0.08093512058,0.08420819044
1029,1.0,0.0,0.0,0.5235987902,1.0,1.0,0.5109507656,0.4616625906,0.07874023914,0.0804707408
1030,1.0,0.0,0.0,0.5235987902,1.0,1.0,0.5132518707,0.4601390281,0.07997488976,0.08113819361
1031,1.0,0.0,0.0,0.5235987902,1.0,1.0,0.5025549114,0.4514148026,0.07836830616,0.07984143496
1032,1.0,0.0,0.0,0.5235987902,1.0,1.0,0.5906766725,0.318503347,0.08154004812,0.05140566826
1033,1.0,0.0,0.0,0.5235987902,1.0,1.0,0.5988036709,0.3178372318,0.08292853832,0.05160659552
1034,1.0,0.0,0.0,0.5235987902,1.0,1.0,0.5223213736,0.3618668094,0.07709735632,0.06227093935
1035,1.0,0.0,0.0,0.5235987902,1.0,1.0,0.502144479,0.4220618214,0.07754069567,0.0748462677
1036,1.0,0.0,0.0,0.5235987902,1.0,1.0,0.5209556357,0.4566987394,0.08137977123,0.08137977123
1037,1.0,0.0,0.0,0.5235987902,1.0,1.0,0.5322807145,0.4815192526,0.08323585987,0.08589231968
1038,1.0,0.0,0.0,0.5235987902,1.0,1.0,0.5357832988,0.4980718818,0.08511126041,0.08987277746
1039,1.0,0.0,0.0,0.5235987902,1.0,1.0,0.5359191329,0.4931240373,0.0896679759,0.09407269955
1040,1.0,0.0,0.0,0.5235987902,1.0,1.0,0.5429299434,0.5063396636,0.08570617437,0.09074771404
1041,1.0,0.0,0.0,0.5235987902,1.0,1.0,0.5356484706,0.4931237806,0.08495378494,0.08850586414
1042,1.0,0.0,0.0,0.5235987902,1.0,1.0,0.542420134,0.4964114464,0.08426225185,0.08746945858
1043,1.0,0.0,0.0,0.5235987902,1.0,1.0,0.5352816418,0.4997209219,0.08411854506,0.08911859989
1044,1.0,0.0,0.0,0.5235987902,1.0,1.0,0.5413242917,0.4864391551,0.08462464809,0.08761489391
1045,1.0,0.0,0.0,0.5235987902,1.0,1.0,0.5444580005,0.4914196688,0.08445221186,0.08740502596
1046,1.0,0.0,0.0,0.5235987902,1.0,1.0,0.5460089998,0.5096491907,0.08581465483,0.09145641327
1047,1.0,0.0,0.0,0.5235987902,1.0,1.0,0.5489358746,0.5096163137,0.08467113972,0.09021854401
1048,1.0,0.0,0.0,0.5235987902,1.0,1.0,0.5475617366,0.5146131312,0.08643144369,0.09301096201
1049,1.0,0.0,0.0,0.5235987902,1.0,1.0,0.5486012748,0.5030194172,0.08680194616,0.09160763025
1050,1.0,0.0,0.0,0.5235987902,1.0,1.0,0.5544070824,0.5111897364,0.08793246746,0.09331607819
1051,1.0,0.0,0.0,0.5235987902,1.0,1.0,0.5514814358,0.5111898771,0.08821153641,0.09393167496
1052,1.0,0.0,0.0,0.5235987902,1.0,1.0,0.5478980254,0.511189816,0.087272048,0.09389269352
1053,1.0,0.0,0.0,0.5235987902,1.0,1.0,0.5437723462,0.504652431,0.08590567112,0.09189212322
1054,1.0,0.0,0.0,0.5235987902,1.0,1.0,0.5470430802,0.5062961373,0.08655172586,0.09224194288
1055,1.0,0.0,0.0,0.5235987902,1.0,1.0,0.5480808789,0.5129150495,0.08556127548,0.09207463264
1056,1.0,0.0,0.0,0.5235987902,1.0,1.0,0.5383060729,0.5013590944,0.08289080858,0.08868730068
1057,1.0,0.0,0.0,0.5235987902,1.0,1.0,0.5424202978,0.5062964212,0.08545053005,0.09106838703
1058,1.0,0.0,0.0,0.5235987902,1.0,1.0,0.540340729,0.4931674144,0.08377313614,0.08816689253
1059,1.0,0.0,0.0,0.5235987902,1.0,1.0,0.5423915552,0.489857974,0.08336418867,0.08686196804
1060,1.0,0.0,0.0,0.5235987902,1.0,1.0,0.5382341189,0.4881379227,0.08099108934,0.08442533016
1061,1.0,0.0,0.0,0.5235987902,1.0,1.0,0.5416825382,0.4848778095,0.08276879787,0.08568316698
1062,1.0,0.0,0.0,0.5235987902,1.0,1.0,0.5401357883,0.4881764893,0.08265221119,0.08614462614
1063,1.0,0.0,0.0,0.5235987902,1.0,1.0,0.5349393288,0.4816390002,0.08277118206,0.08630591631
1064,1.0,0.0,0.0,0.5235987902,1.0,1.0,0.5354494029,0.4815791131,0.08199763298,0.08520746231
1065,1.0,0.0,0.0,0.5235987902,1.0,1.0,0.5388958378,0.4881379271,0.08168148994,0.08544695377
1066,1.0,0.0,0.0,0.5235987902,1.0,1.0,0.5315168741,0.4865270318,0.08172041178,0.08609831333
1067,1.0,0.0,0.0,0.5235987902,1.0,1.0,0.529618888,0.4864832909,0.08424931765,0.08877885342
1068,1.0,0.0,0.0,0.5235987902,1.0,1.0,0.5349392322,0.4865269436,0.08313220739,0.08727401495
1069,1.0,0.0,0.0,0.5235987902,1.0,1.0,0.5344304154,0.49144764,0.08418995142,0.08898371458
1070,1.0,0.0,0.0,0.5235987902,1.0,1.0,0.5345628036,0.49638945,0.08214372396,0.08742439747
1071,1.0,0.0,0.0,0.5235987902,1.0,1.0,0.5350738965,0.4947402217,0.08353722095,0.08890748024
1072,1.0,0.0,0.0,0.5235987902,1.0,1.0,0.5404461737,0.4997207318,0.08431601524,0.08969783783
1073,1.0,0.0,0.0,0.5235987902,1.0,1.0,0.5421998948,0.4964004309,0.0854408145,0.08995348215
1074,1.0,0.0,0.0,0.5235987902,1.0,1.0,0.5330356722,0.4914473863,0.08247196674,0.08747917414
1075,1.0,0.0,0.0,0.5235987902,1.0,1.0,0.5339351061,0.4830634789,0.08022719622,0.08399236202
1076,1.0,0.0,0.0,0.5235987902,1.0,1.0,0.5243924851,0.4416136193,0.08227485418,0.08075684309
1077,1.0,0.0,0.0,0.5235987902,1.0,1.0,0.5256029359,0.393977798,0.07892453671,0.06905895472
1078,1.0,0.0,0.0,0.5235987902,1.0,1.0,0.5329015953,0.3842680517,0.08028560877,0.06756108999
1079,1.0,0.0,0.0,0.5235987902,1.0,1.0,0.5349126867,0.3970385052,0.07827925682,0.06827360392
1080,1.0,0.0,0.0,0.5235987902,1.0,1.0,0.5306416358,0.4052720038,0.08041393757,0.07134473324
1081,1.0,0.0,0.0,0.5235987902,1.0,1.0,0.5335664689,0.4468494254,0.08142119646,0.07959836721
1082,1.0,0.0,0.0,0.5235987902,1.0,1.0,0.5451500451,0.4775491055,0.08378738165,0.08500170708
1083,1.0,0.0,0.0,0.5235987902,1.0,1.0,0.5370425518,0.4811500744,0.08346563578,0.08587616682
1084,1.0,0.0,0.0,0.5235987902,1.0,1.0,0.5449751057,0.4863502775,0.08614063263,0.08857566118
1085,1.0,0.0,0.0,0.5235987902,1.0,1.0,0.5477711727,0.5098503362,0.08567970991,0.09079039097
1086,1.0,0.0,0.0,0.5235987902,1.0,1.0,0.5454968422,0.5114198659,0.08763349056,0.09376168251
1087,1.0,0.0,0.0,0.5235987902,1.0,1.0,0.5460178484,0.5064063015,0.08727800846,0.09246587753
1088,1.0,0.0,0.0,0.5235987902,1.0,1.0,0.5370700424,0.4997212372,0.08623117208,0.09108930826
1089,1.0,0.0,0.0,0.5235987902,1.0,1.0,0.5418775867,0.5063837836,0.08361756802,0.08888018131
1090,1.0,0.0,0.0,0.5235987902,1.0,1.0,0.5374357309,0.5047016038,0.08383750916,0.0894266963
1091,1.0,0.0,0.0,0.5235987902,1.0,1.0,0.5420700582,0.5096822247,0.08689540625,0.09262812138
1092,1.0,0.0,0.0,0.5235987902,1.0,1.0,0.5383055295,0.5079946104,0.08585309982,0.09215706587
1093,1.0,0.0,0.0,0.5235987902,1.0,1.0,0.5374357539,0.5080219418,0.08560800552,0.09191596508
1094,1.0,0.0,0.0,0.5235987902,1.0,1.0,0.5446343076,0.5147124381,0.08672088385,0.09304428101
1095,1.0,0.0,0.0,0.5235987902,1.0,1.0,0.5384514275,0.5080496607,0.08619165421,0.09224021435
1096,1.0,0.0,0.0,0.5235987902,1.0,1.0,0.541522737,0.5080773192,0.08594655991,0.0916762948
1097,1.0,0.0,0.0,0.5235987902,1.0,1.0,0.5399828455,0.509815944,0.08609950542,0.09153729677
1098,1.0,0.0,0.0,0.5235987902,1.0,1.0,0.5439272267,0.4963557855,0.08308780193,0.08661091328
1099,1.0,0.0,0.0,0.5235987902,1.0,1.0,0.5369848199,0.499720765,0.08381605148,0.08858847618
1100,1.0,0.0,0.0,0.5235987902,1.0,1.0,0.5425262657,0.5048028379,0.08406156301,0.08883106709
1101,1.0,0.0,0.0,0.5235987902,1.0,1.0,0.5442788925,0.5014090026,0.0859066844,0.08983904123
1102,1.0,0.0,0.0,0.5235987902,1.0,1.0,0.5404952161,0.5081054914,0.08567869663,0.09108996391
1103,1.0,0.0,0.0,0.5235987902,1.0,1.0,0.5405433638,0.507994704,0.08605104685,0.09172803164
1104,1.0,0.0,0.0,0.5235987902,1.0,1.0,0.539680029,0.5097827031,0.08551734686,0.0905828476
1105,1.0,0.0,0.0,0.5235987902,1.0,1.0,0.5412073165,0.5097489369,0.08339887857,0.08862948418
1106,1.0,0.0,0.0,0.5235987902,1.0,1.0,0.5441194949,0.5064285891,0.08717674017,0.0914145112
1107,1.0,0.0,0.0,0.5235987902,1.0,1.0,0.5422304135,0.5064059746,0.0842782855,0.08897668123
1108,1.0,0.0,0.0,0.5235987902,1.0,1.0,0.5406972486,0.5064065603,0.08513635397,0.08988267183
1109,1.0,0.0,0.0,0.5235987902,1.0,1.0,0.5423915608,0.5030634146,0.08468848467,0.08913016319
1110,1.0,0.0,0.0,0.5235987902,1.0,1.0,0.5467034324,0.5115387176,0.08575993776,0.09022659063
1111,1.0,0.0,0.0,0.5235987902,1.0,1.0,0.5415225652,0.5064513449,0.08255660534,0.08719140291
1112,1.0,0.0,0.0,0.5235987902,1.0,1.0,0.5380878343,0.4930359147,0.08277493715,0.085981071
1113,1.0,0.0,0.0,0.5235987902,1.0,1.0,0.5397750024,0.4913078548,0.08673530817,0.08949363232
1114,1.0,0.0,0.0,0.5235987902,1.0,1.0,0.5461841422,0.4947072121,0.08588063717,0.08826631308
1115,1.0,0.0,0.0,0.5235987902,1.0,1.0,0.5418431142,0.499721261,0.08625793457,0.09082996845
1116,1.0,0.0,0.0,0.5235987902,1.0,1.0,0.5553530036,0.4913078422,0.08616471291,0.08766579628
1117,1.0,0.0,0.0,0.5235987902,1.0,1.0,0.5520172003,0.4863055339,0.08832347393,0.08987301588
1118,1.0,0.0,0.0,0.5235987902,1.0,1.0,0.5455081416,0.4774729956,0.08473980427,0.08535164595
1119,1.0,0.0,0.0,0.5235987902,1.0,1.0,0.5323660858,0.4333246693,0.07825535536,0.07323521376
1120,1.0,0.0,0.0,0.5235987902,1.0,1.0,0.5508572842,0.3952496411,0.08161407709,0.06811177731
1121,1.0,0.0,0.0,0.5235987902,1.0,1.0,0.5486732782,0.4085436293,0.07989597321,0.06920355558
1122,1.0,0.0,0.0,0.5235987902,1.0,1.0,0.5413226977,0.4303155751,0.08271086216,0.07597148418
1123,1.0,0.0,0.0,0.5235987902,1.0,1.0,0.5396986682,0.4459314401,0.08191758394,0.07797336578
1124,1.0,0.0,0.0,0.5235987902,1.0,1.0,0.5498415486,0.4687038456,0.08335143328,0.08184695244
1125,1.0,0.0,0.0,0.5235987902,1.0,1.0,0.5408279376,0.4669805723,0.08293533325,0.0823277235
1126,1.0,0.0,0.0,0.5235987902,1.0,1.0,0.556125493,0.4808310903,0.082503438,0.08220976591
1127,1.0,0.0,0.0,0.5235987902,1.0,1.0,0.5594544429,0.4946217279,0.08722251654,0.08813107014
1128,1.0,0.0,0.0,0.5235987902,1.0,1.0,0.5539545261,0.4963442053,0.08471357822,0.08708310127
1129,1.0,0.0,0.0,0.5235987902,1.0,1.0,0.5491649002,0.4946562986,0.08651542664,0.08863294125
1130,1.0,0.0,0.0,0.5235987902,1.0,1.0,0.5524744963,0.5064739623,0.0869089365,0.09053015709
1131,1.0,0.0,0.0,0.5235987902,1.0,1.0,0.5569409351,0.5114597009,0.08623206615,0.09007120132
1132,1.0,0.0,0.0,0.5235987902,1.0,1.0,0.5571599376,0.5149150612,0.0878816247,0.09210962057
1133,1.0,0.0,0.0,0.5235987902,1.0,1.0,0.5583157919,0.5181670423,0.0839831233,0.08856916428
1134,1.0,0.0,0.0,0.5235987902,1.0,1.0,0.5593819326,0.5215210514,0.08735883236,0.09272563457
1135,1.0,0.0,0.0,0.5235987902,1.0,1.0,0.5609897653,0.5249592818,0.0874286294,0.09309798479
1136,1.0,0.0,0.0,0.5235987902,1.0,1.0,0.5574729737,0.5249592711,0.08895879984,0.09505182505
1137,1.0,0.0,0.0,0.5235987902,1.0,1.0,0.5614627103,0.5233564034,0.08657801151,0.09223085642
1138,1.0,0.0,0.0,0.5235987902,1.0,1.0,0.5566269814,0.5131363319,0.08744740486,0.09195500612
1139,1.0,0.0,0.0,0.5235987902,1.0,1.0,0.5648187997,0.5283247216,0.08927536011,0.09502530098
1140,1.0,0.0,0.0,0.5235987902,1.0,1.0,0.5619428821,0.5030863342,0.08786100149,0.09090125561
1141,1.0,0.0,0.0,0.5235987902,1.0,1.0,0.5625485973,0.5148640343,0.08850979805,0.09307217598
1142,1.0,0.0,0.0,0.5235987902,1.0,1.0,0.561462569,0.5164899998,0.08701378107,0.09209704399
1143,1.0,0.0,0.0,0.5235987902,1.0,1.0,0.5653213589,0.5197764876,0.08790123463,0.09330129623
1144,1.0,0.0,0.0,0.5235987902,1.0,1.0,0.5636889265,0.5130911691,0.08834981918,0.09257131815
1145,1.0,0.0,0.0,0.5235987902,1.0,1.0,0.5557776915,0.5063617921,0.08782875538,0.09237164259
1146,1.0,0.0,0.0,0.5235987902,1.0,1.0,0.5691798881,0.5197767151,0.08903884888,0.09386813641
1147,1.0,0.0,0.0,0.5235987902,1.0,1.0,0.5629040754,0.514662849,0.08911025524,0.09395980835
1148,1.0,0.0,0.0,0.5235987902,1.0,1.0,0.5585399251,0.507994492,0.09078967571,0.09545350075
1149,1.0,0.0,0.0,0.5235987902,1.0,1.0,0.5691804866,0.5030414229,0.08916181326,0.09157973528
1150,1.0,0.0,0.0,0.5235987902,1.0,1.0,0.5677986987,0.5030413783,0.08647894859,0.08912628889
1151,1.0,0.0,0.0,0.5235987902,1.0,1.0,0.5661244451,0.5064061358,0.08756071329,0.09085917473
1152,1.0,0.0,0.0,0.5235987902,1.0,1.0,0.5688984006,0.5063839418,0.08538514376,0.08828938007
1153,1.0,0.0,0.0,0.5235987902,1.0,1.0,0.5636383334,0.5114596519,0.08543324471,0.0895435214
1154,1.0,0.0,0.0,0.5235987902,1.0,1.0,0.5683483317,0.499721201,0.08679550886,0.08856683969
1155,1.0,0.0,0.0,0.5235987902,1.0,1.0,0.5596109645,0.5030635385,0.08809483051,0.0908100605
1156,1.0,0.0,0.0,0.5235987902,1.0,1.0,0.5572881496,0.4980326676,0.085947752,0.08803671598
1157,1.0,0.0,0.0,0.5235987902,1.0,1.0,0.547586972,0.4947072586,0.08587449789,0.08887714148
1158,1.0,0.0,0.0,0.5235987902,1.0,1.0,0.5442790704,0.4913078846,0.08802348375,0.09050297737
1159,1.0,0.0,0.0,0.5235987902,1.0,1.0,0.5540899219,0.5013756834,0.08873069286,0.09175902605
1160,1.0,0.0,0.0,0.5235987902,1.0,1.0,0.5522727723,0.489760042,0.08517920971,0.08694767952
1161,1.0,0.0,0.0,0.5235987902,1.0,1.0,0.5531261865,0.4880607993,0.08533763885,0.08622044325
1162,1.0,0.0,0.0,0.5235987902,1.0,1.0,0.5549254239,0.4930134052,0.08351290226,0.08495777845
1163,1.0,0.0,0.0,0.5235987902,1.0,1.0,0.5453245794,0.4929449313,0.08304297924,0.08508980274
1164,1.0,0.0,0.0,0.5235987902,1.0,1.0,0.5491652947,0.4861690879,0.08649265766,0.08679503202
1165,1.0,0.0,0.0,0.5235987902,1.0,1.0,0.5467363328,0.4809600181,0.08501172066,0.08501172066
1166,1.0,0.0,0.0,0.5235987902,1.0,1.0,0.5368429955,0.4844751394,0.08305233717,0.08423036337
1167,1.0,0.0,0.0,0.5235987902,1.0,1.0,0.5335439739,0.4844749468,0.08006769419,0.08178335428
1168,1.0,0.0,0.0,0.5235987902,1.0,1.0,0.5264235929,0.4742251686,0.0821325779,0.08302533627
1169,1.0,0.0,0.0,0.5235987902,1.0,1.0,0.5305093773,0.4761651453,0.08203327656,0.08291220665
1170,1.0,0.0,0.0,0.5235987902,1.0,1.0,0.5305093996,0.4760856224,0.08387702703,0.08447617292
1171,1.0,0.0,0.0,0.5235987902,1.0,1.0,0.5222828451,0.4572276826,0.07890510559,0.07803481817
1172,1.0,0.0,0.0,0.5235987902,1.0,1.0,0.5105628469,0.3990825626,0.07945674658,0.07056003809
1173,1.0,0.0,0.0,0.5235987902,1.0,1.0,0.5157758953,0.3756766819,0.0774319768,0.06387388706
1174,1.0,0.0,0.0,0.5235987902,1.0,1.0,0.5593584245,0.3622976361,0.08169531822,0.06097114086
1175,1.0,0.0,0.0,0.5235987902,1.0,1.0,0.5673059374,0.3597281341,0.08897823095,0.06520789862
1176,1.0,0.0,0.0,0.5235987902,1.0,1.0,0.5614843916,0.3730311733,0.08469265699,0.06529033184
1177,1.0,0.0,0.0,0.5235987902,1.0,1.0,0.544050776,0.4064633399,0.08395397663,0.07182735205
1178,1.0,0.0,0.0,0.5235987902,1.0,1.0,0.5383929611,0.4298297194,0.08036124706,0.07376438379
1179,1.0,0.0,0.0,0.5235987902,1.0,1.0,0.5395394925,0.4509676363,0.08123469353,0.07763755322
1180,1.0,0.0,0.0,0.5235987902,1.0,1.0,0.5469387387,0.4636585336,0.0867292285,0.08423340321
1181,1.0,0.0,0.0,0.5235987902,1.0,1.0,0.5551380737,0.4777737386,0.08466303349,0.08319324255
1182,1.0,0.0,0.0,0.5235987902,1.0,1.0,0.5551385177,0.4827813215,0.08145171404,0.08060324192
1183,1.0,0.0,0.0,0.5235987902,1.0,1.0,0.5518739177,0.5047688218,0.08615064621,0.08881515265
1184,1.0,0.0,0.0,0.5235987902,1.0,1.0,0.5591550484,0.506451241,0.08414816856,0.08615165949
1185,1.0,0.0,0.0,0.5235987902,1.0,1.0,0.5631473379,0.5064737295,0.08708655834,0.08916705847
1186,1.0,0.0,0.0,0.5235987902,1.0,1.0,0.5678211704,0.5182916218,0.08797806501,0.09124749899
1187,1.0,0.0,0.0,0.5235987902,1.0,1.0,0.5653984976,0.5215209333,0.08708977699,0.0911950469
1188,1.0,0.0,0.0,0.5235987902,1.0,1.0,0.5624235438,0.5264621174,0.0888774395,0.09458243847
1189,1.0,0.0,0.0,0.5235987902,1.0,1.0,0.5607554076,0.5164900117,0.08615899086,0.09026181698
1190,1.0,0.0,0.0,0.5235987902,1.0,1.0,0.5691930355,0.5266418287,0.08618247509,0.09082531929
1191,1.0,0.0,0.0,0.5235987902,1.0,1.0,0.5722143415,0.5315822824,0.08796405792,0.09420472383
1192,1.0,0.0,0.0,0.5235987902,1.0,1.0,0.5778952215,0.5201873817,0.0895614028,0.09354871511
1193,1.0,0.0,0.0,0.5235987902,1.0,1.0,0.5685971896,0.5183547305,0.08823955059,0.09278804064
1194,1.0,0.0,0.0,0.5235987902,1.0,1.0,0.5750213544,0.5166604995,0.08639937639,0.0896319747
1195,1.0,0.0,0.0,0.5235987902,1.0,1.0,0.5783669548,0.5200486185,0.08726531267,0.09050834179
1196,1.0,0.0,0.0,0.5235987902,1.0,1.0,0.5775424133,0.5200484247,0.0850058198,0.08846366405
1197,1.0,0.0,0.0,0.5235987902,1.0,1.0,0.5763771829,0.5266419686,0.08847171068,0.09323787689
1198,1.0,0.0,0.0,0.5235987902,1.0,1.0,0.5786243341,0.5284210869,0.09008562565,0.09493869543
1199,1.0,0.0,0.0,0.5235987902,1.0,1.0,0.5834158878,0.5301095044,0.08899331093,0.09377145767
1200,1.0,0.0,0.0,0.5235987902,1.0,1.0,0.5868645655,0.5303160842,0.09058403969,0.09483963251
1201,1.0,0.0,0.0,0.5235987902,1.0,1.0,0.5892889545,0.5317976698,0.09078645706,0.09500908852
1202,1.0,0.0,0.0,0.5235987902,1.0,1.0,0.5864173634,0.5368622599,0.09031164646,0.09541225433
1203,1.0,0.0,0.0,0.5235987902,1.0,1.0,0.5856105298,0.5352941597,0.0890083909,0.09375548363
1204,1.0,0.0,0.0,0.5235987902,1.0,1.0,0.5877924106,0.5385502858,0.09253418446,0.09774303436
1205,1.0,0.0,0.0,0.5235987902,1.0,1.0,0.5961236194,0.5320156977,0.09050261974,0.0934895277
1206,1.0,0.0,0.0,0.5235987902,1.0,1.0,0.5892889961,0.5336002157,0.08915734291,0.09330415726
1207,1.0,0.0,0.0,0.5235987902,1.0,1.0,0.5907556088,0.5453036761,0.08997154236,0.09528130293
1208,1.0,0.0,0.0,0.5235987902,1.0,1.0,0.5918265492,0.5317978232,0.09024089575,0.09412544966
1209,1.0,0.0,0.0,0.5235987902,1.0,1.0,0.6006596247,0.5321259516,0.09170824289,0.09474492073
1210,1.0,0.0,0.0,0.5235987902,1.0,1.0,0.6014695757,0.5289139561,0.09001165628,0.09241193533
1211,1.0,0.0,0.0,0.5235987902,1.0,1.0,0.5952408994,0.5289145126,0.08728730679,0.09082603455
1212,1.0,0.0,0.0,0.5235987902,1.0,1.0,0.593075184,0.5253917921,0.0889287591,0.09192305803
1213,1.0,0.0,0.0,0.5235987902,1.0,1.0,0.6022663158,0.5339485954,0.09125357866,0.09458845854
1214,1.0,0.0,0.0,0.5235987902,1.0,1.0,0.6036627778,0.5339482104,0.08753919601,0.09043782949
1215,1.0,0.0,0.0,0.5235987902,1.0,1.0,0.5944783424,0.5289145988,0.08732932806,0.09025990963
1216,1.0,0.0,0.0,0.5235987902,1.0,1.0,0.5946427051,0.5255686088,0.08941060305,0.09212917089
1217,1.0,0.0,0.0,0.5235987902,1.0,1.0,0.6044529785,0.533948209,0.09443432093,0.09723925591
1218,1.0,0.0,0.0,0.5235987902,1.0,1.0,0.6042669997,0.537500299,0.09174448252,0.09508615732
1219,1.0,0.0,0.0,0.5235987902,1.0,1.0,0.5927039284,0.5306317026,0.08925801516,0.09255278111
1220,1.0,0.0,0.0,0.5235987902,1.0,1.0,0.589542038,0.5305255689,0.08761036396,0.09144508839
1221,1.0,0.0,0.0,0.5235987902,1.0,1.0,0.5794745541,0.4997208915,0.08621370792,0.08681446314
1222,1.0,0.0,0.0,0.5235987902,1.0,1.0,0.5798600155,0.4647754144,0.08445507288,0.07910227776
1223,1.0,0.0,0.0,0.5235987902,1.0,1.0,0.5900690952,0.44593163,0.08853518963,0.0787319541
1224,1.0,0.0,0.0,0.5235987902,1.0,1.0,0.5841951684,0.4528721765,0.08645826578,0.07862579823
1225,1.0,0.0,0.0,0.5235987902,1.0,1.0,0.5682309251,0.4705278468,0.0850803256,0.08266675472
1226,1.0,0.0,0.0,0.5235987902,1.0,1.0,0.5713921601,0.4911932321,0.08845812082,0.08815199137
1227,1.0,0.0,0.0,0.5235987902,1.0,1.0,0.5649020113,0.4945515251,0.08453160524,0.08482718468
1228,1.0,0.0,0.0,0.5235987902,1.0,1.0,0.573661948,0.4997210985,0.08695185184,0.08725273609
1229,1.0,0.0,0.0,0.5235987902,1.0,1.0,0.569978734,0.5031673797,0.08592379093,0.08711719513
1230,1.0,0.0,0.0,0.5235987902,1.0,1.0,0.5635360944,0.5082778553,0.08678877354,0.08981275558
1231,1.0,0.0,0.0,0.5235987902,1.0,1.0,0.5713899821,0.5099542921,0.08523029089,0.08757346869
1232,1.0,0.0,0.0,0.5235987902,1.0,1.0,0.57421025,0.5219685045,0.08897328377,0.09325379133
1233,1.0,0.0,0.0,0.5235987902,1.0,1.0,0.5753172339,0.5235170212,0.08857148886,0.0931058526
1234,1.0,0.0,0.0,0.5235987902,1.0,1.0,0.5800685366,0.5218928058,0.09113532305,0.09421414137
1235,1.0,0.0,0.0,0.5235987902,1.0,1.0,0.5813487824,0.5254796732,0.09004300833,0.09436011314
1236,1.0,0.0,0.0,0.5235987902,1.0,1.0,0.5821800621,0.5271967751,0.08815413713,0.09236621857
1237,1.0,0.0,0.0,0.5235987902,1.0,1.0,0.5888496311,0.5360327468,0.08871895075,0.09354716539
1238,1.0,0.0,0.0,0.5235987902,1.0,1.0,0.5880247701,0.534423708,0.086371243,0.09079301357
1239,1.0,0.0,0.0,0.5235987902,1.0,1.0,0.5893361613,0.5380268591,0.0863776207,0.09172058105
1240,1.0,0.0,0.0,0.5235987902,1.0,1.0,0.5889749671,0.534544481,0.09032392502,0.09496378899
1241,1.0,0.0,0.0,0.5235987902,1.0,1.0,0.5909032705,0.5136503374,0.08946204185,0.09100449085
1242,1.0,0.0,0.0,0.5235987902,1.0,1.0,0.5968037165,0.5170726304,0.09052318335,0.0923832655
1243,1.0,0.0,0.0,0.5235987902,1.0,1.0,0.5945920369,0.5152294697,0.0893163681,0.09114533663
1244,1.0,0.0,0.0,0.5235987902,1.0,1.0,0.5948096081,0.5169528614,0.09025013447,0.0920919776
1245,1.0,0.0,0.0,0.5235987902,1.0,1.0,0.5958017548,0.5206154191,0.09267109632,0.09456878901
1246,1.0,0.0,0.0,0.5235987902,1.0,1.0,0.5968328969,0.5292183023,0.09218221903,0.09530699253
1247,1.0,0.0,0.0,0.5235987902,1.0,1.0,0.5986504464,0.5255685819,0.08993339539,0.09298199415
1248,1.0,0.0,0.0,0.5235987902,1.0,1.0,0.5972276854,0.5240130544,0.08782941103,0.09021931887
1249,1.0,0.0,0.0,0.5235987902,1.0,1.0,0.6080024086,0.5377622597,0.09244269133,0.09615278244
1250,1.0,0.0,0.0,0.5235987902,1.0,1.0,0.6008792051,0.5251304333,0.09099173546,0.09497451782
1251,1.0,0.0,0.0,0.5235987902,1.0,1.0,0.6022929031,0.5233564319,0.09092277288,0.09458404779
1252,1.0,0.0,0.0,0.5235987902,1.0,1.0,0.5996648068,0.5151234176,0.08875101805,0.09086418152
1253,1.0,0.0,0.0,0.5235987902,1.0,1.0,0.5763652827,0.4928045026,0.08637279272,0.08729165792
1254,1.0,0.0,0.0,0.5235987902,1.0,1.0,0.5702459303,0.4979859949,0.087238729,0.08847182989
1255,1.0,0.0,0.0,0.5235987902,1.0,1.0,0.572814717,0.5135541495,0.08824652433,0.09100419283
1256,1.0,0.0,0.0,0.5235987902,1.0,1.0,0.5739568983,0.5238454728,0.09004223347,0.09504455328
1257,1.0,0.0,0.0,0.5235987902,1.0,1.0,0.5730926546,0.5290148084,0.08808225393,0.09356832504
1258,1.0,0.0,0.0,0.5235987902,1.0,1.0,0.5730923557,0.5325747088,0.08858197927,0.0944057703
1259,1.0,0.0,0.0,0.5235987902,1.0,1.0,0.5778947898,0.5428003135,0.08736348152,0.09424489737
1260,1.0,0.0,0.0,0.5235987902,1.0,1.0,0.5795578938,0.5409351049,0.08959877491,0.09599870443
1261,1.0,0.0,0.0,0.5235987902,1.0,1.0,0.5815294536,0.5445234091,0.08936095238,0.09572219849
1262,1.0,0.0,0.0,0.5235987902,1.0,1.0,0.5780608013,0.5507128388,0.0942465663,0.102814436
1263,1.0,0.0,0.0,0.5235987902,1.0,1.0,0.5825208531,0.5488462129,0.09327787161,0.1010770202
1264,1.0,0.0,0.0,0.5235987902,1.0,1.0,0.5793577672,0.5308454667,0.08869838715,0.09357529879
1265,1.0,0.0,0.0,0.5235987902,1.0,1.0,0.5828368118,0.44165478,0.08789080381,0.07767814398
1266,1.0,0.0,0.0,0.5235987902,1.0,1.0,0.5914221408,0.4486930759,0.08818733692,0.07835459709
1267,1.0,0.0,0.0,0.5235987902,1.0,1.0,0.571109444,0.4628996226,0.08583748341,0.08093255758
1268,1.0,0.0,0.0,0.5235987902,1.0,1.0,0.5665499908,0.4962742982,0.08787935972,0.08911705017
1269,1.0,0.0,0.0,0.5235987902,1.0,1.0,0.574529492,0.5135062507,0.08773171902,0.0907779336
1270,1.0,0.0,0.0,0.5235987902,1.0,1.0,0.5773235252,0.5220452448,0.09108668566,0.09482997656
1271,1.0,0.0,0.0,0.5235987902,1.0,1.0,0.5795579781,0.5288139549,0.08814156055,0.09263855219
1272,1.0,0.0,0.0,0.5235987902,1.0,1.0,0.5752602174,0.5423591243,0.08987033367,0.09622478485
1273,1.0,0.0,0.0,0.5235987902,1.0,1.0,0.5830892397,0.5457702621,0.0908048749,0.09718245268
1274,1.0,0.0,0.0,0.5235987902,1.0,1.0,0.5802583625,0.5542981465,0.0877649188,0.09539669752
1275,1.0,0.0,0.0,0.5235987902,1.0,1.0,0.5860803146,0.5630419614,0.08909147978,0.09705668688
1276,1.0,0.0,0.0,0.5235987902,1.0,1.0,0.5826860856,0.5592115891,0.09413278103,0.1025486588
1277,1.0,0.0,0.0,0.5235987902,1.0,1.0,0.5766009661,0.5535627796,0.09013390541,0.09884685278
1278,1.0,0.0,0.0,0.5235987902,1.0,1.0,0.5832493734,0.5611201341,0.08833265305,0.09622991085
1279,1.0,0.0,0.0,0.5235987902,1.0,1.0,0.5838132432,0.557511747,0.08707171679,0.09456795454
1280,1.0,0.0,0.0,0.5235987902,1.0,1.0,0.5813181055,0.5647530549,0.08947718143,0.09809786081
1281,1.0,0.0,0.0,0.5235987902,1.0,1.0,0.585610462,0.5632593843,0.09109348059,0.09959554672
1282,1.0,0.0,0.0,0.5235987902,1.0,1.0,0.5852765184,0.5611200107,0.08973824978,0.09808593988
1283,1.0,0.0,0.0,0.5235987902,1.0,1.0,0.5852763578,0.5579077436,0.09183990955,0.09946781397
1284,1.0,0.0,0.0,0.5235987902,1.0,1.0,0.5818801819,0.563041752,0.09155833721,0.1000753641
1285,1.0,0.0,0.0,0.5235987902,1.0,1.0,0.5806921197,0.5607037647,0.09199184179,0.1004927158
1286,1.0,0.0,0.0,0.5235987902,1.0,1.0,0.5743917742,0.5539278919,0.08758813143,0.09547108412
1287,1.0,0.0,0.0,0.5235987902,1.0,1.0,0.5757550203,0.5518805489,0.09247881174,0.1007742882
1288,1.0,0.0,0.0,0.5235987902,1.0,1.0,0.5774555152,0.5524123593,0.08978205919,0.09758913517
1289,1.0,0.0,0.0,0.5235987902,1.0,1.0,0.580258552,0.5630417901,0.09217852354,0.1014271975
1290,1.0,0.0,0.0,0.5235987902,1.0,1.0,0.5727682235,0.5561963446,0.09063190222,0.09951138496
1291,1.0,0.0,0.0,0.5235987902,1.0,1.0,0.5758182581,0.5493509408,0.09016472101,0.09745079279
1292,1.0,0.0,0.0,0.5235987902,1.0,1.0,0.5783670695,0.5514161818,0.08933287859,0.09657609463
1293,1.0,0.0,0.0,0.5235987902,1.0,1.0,0.5705275193,0.4979614033,0.08478116989,0.08568954468
1294,1.0,0.0,0.0,0.5235987902,1.0,1.0,0.5908132205,0.4571916974,0.08900439739,0.08001095057
1295,1.0,0.0,0.0,0.5235987902,1.0,1.0,0.5895990639,0.4533182701,0.08815312386,0.07801699638
1296,1.0,0.0,0.0,0.5235987902,1.0,1.0,0.5804527334,0.4627698,0.08732843399,0.08087110519
1297,1.0,0.0,0.0,0.5235987902,1.0,1.0,0.5722609865,0.499720885,0.08553540707,0.08643895388
1298,1.0,0.0,0.0,0.5235987902,1.0,1.0,0.5679777554,0.4979920435,0.08577430248,0.08667725325
1299,1.0,0.0,0.0,0.5235987902,1.0,1.0,0.573917432,0.5239291552,0.08567535877,0.08890289068
1300,1.0,0.0,0.0,0.5235987902,1.0,1.0,0.5728025195,0.5256578794,0.0897167325,0.09404790401
1301,1.0,0.0,0.0,0.5235987902,1.0,1.0,0.5688831165,0.5376305921,0.08644205332,0.09236270189
1302,1.0,0.0,0.0,0.5235987902,1.0,1.0,0.5757864502,0.556196287,0.08963876963,0.09743344784
1303,1.0,0.0,0.0,0.5235987902,1.0,1.0,0.5834889136,0.5524128686,0.08887171745,0.0953245163
1304,1.0,0.0,0.0,0.5235987902,1.0,1.0,0.5804449231,0.5556218558,0.08896791935,0.09662741423
1305,1.0,0.0,0.0,0.5235987902,1.0,1.0,0.5807569732,0.5524126981,0.08796340227,0.09497708082
1306,1.0,0.0,0.0,0.5235987902,1.0,1.0,0.5760473184,0.5556214392,0.08842676878,0.09667986631
1307,1.0,0.0,0.0,0.5235987902,1.0,1.0,0.5724681789,0.5588093959,0.08868443966,0.09752339125
1308,1.0,0.0,0.0,0.5235987902,1.0,1.0,0.5711094705,0.5623978312,0.08814579248,0.09754806757
1309,1.0,0.0,0.0,0.5235987902,1.0,1.0,0.5814936312,0.5588098582,0.08634501696,0.09401381016
1310,1.0,0.0,0.0,0.5235987902,1.0,1.0,0.577412857,0.5640916871,0.08883792162,0.0982824564
1311,1.0,0.0,0.0,0.5235987902,1.0,1.0,0.5768210031,0.5706276184,0.08941459656,0.09974300861
1312,1.0,0.0,0.0,0.5235987902,1.0,1.0,0.584992609,0.5617668663,0.09173554182,0.1001023054
1313,1.0,0.0,0.0,0.5235987902,1.0,1.0,0.5842891584,0.5708674792,0.08881705999,0.0984583497
1314,1.0,0.0,0.0,0.5235987902,1.0,1.0,0.586775386,0.5742556821,0.09023350477,0.100292325
1315,1.0,0.0,0.0,0.5235987902,1.0,1.0,0.58541485,0.5694099579,0.09240758419,0.1018307209
1316,1.0,0.0,0.0,0.5235987902,1.0,1.0,0.5832493592,0.5713532073,0.08962005377,0.09941291809
1317,1.0,0.0,0.0,0.5235987902,1.0,1.0,0.5859792532,0.573058391,0.0914542675,0.1010810137
1318,1.0,0.0,0.0,0.5235987902,1.0,1.0,0.5865450455,0.574255531,0.0912655592,0.1017730832
1319,1.0,0.0,0.0,0.5235987902,1.0,1.0,0.5926922437,0.578175229,0.0909512639,0.100759685
1320,1.0,0.0,0.0,0.5235987902,1.0,1.0,0.5959885376,0.5815864939,0.0937461257,0.1037903428
1321,1.0,0.0,0.0,0.5235987902,1.0,1.0,0.5888185464,0.5747646609,0.09069383144,0.1005389094
1322,1.0,0.0,0.0,0.5235987902,1.0,1.0,0.5876794268,0.5787145168,0.08916735649,0.09884673357
1323,1.0,0.0,0.0,0.5235987902,1.0,1.0,0.5963305065,0.5784442611,0.09095597267,0.1011286974
1324,1.0,0.0,0.0,0.5235987902,1.0,1.0,0.5934182742,0.5821491684,0.09057682753,0.101005137
1325,1.0,0.0,0.0,0.5235987902,1.0,1.0,0.5891649747,0.5764699777,0.09021896124,0.1006403565
1326,1.0,0.0,0.0,0.5235987902,1.0,1.0,0.591109408,0.5801557739,0.09042513371,0.100835979
1327,1.0,0.0,0.0,0.5235987902,1.0,1.0,0.5934182583,0.5750212474,0.09121638536,0.1008181572
1328,1.0,0.0,0.0,0.5235987902,1.0,1.0,0.5951624482,0.5750214105,0.09222340584,0.1019310951
1329,1.0,0.0,0.0,0.5235987902,1.0,1.0,0.5858463345,0.5755409897,0.09076100588,0.1007115841
1330,1.0,0.0,0.0,0.5235987902,1.0,1.0,0.5933572156,0.5738174396,0.09197515249,0.1017531753
1331,1.0,0.0,0.0,0.5235987902,1.0,1.0,0.5957458591,0.5787148336,0.08912694454,0.09880191088
1332,1.0,0.0,0.0,0.5235987902,1.0,1.0,0.591466244,0.5818668801,0.08944350481,0.1003656983
1333,1.0,0.0,0.0,0.5235987902,1.0,1.0,0.5971199918,0.5821492472,0.09118407965,0.101348877
1334,1.0,0.0,0.0,0.5235987902,1.0,1.0,0.5967112785,0.5824332383,0.0913734436,0.1019281149
1335,1.0,0.0,0.0,0.5235987902,1.0,1.0,0.5986801959,0.5876032505,0.09189754725,0.1030825377
1336,1.0,0.0,0.0,0.5235987902,1.0,1.0,0.5945297232,0.5755408365,0.0901479125,0.1000312567
1337,1.0,0.0,0.0,0.5235987902,1.0,1.0,0.5929889734,0.5752799235,0.09094911814,0.100887239
1338,1.0,0.0,0.0,0.5235987902,1.0,1.0,0.5929889065,0.5772639597,0.09082573652,0.1007504463
1339,1.0,0.0,0.0,0.5235987902,1.0,1.0,0.5962976092,0.5778023664,0.09171766043,0.1014683247
1340,1.0,0.0,0.0,0.5235987902,1.0,1.0,0.5911634349,0.5706153675,0.0905418992,0.09992915392
1341,1.0,0.0,0.0,0.5235987902,1.0,1.0,0.5897697276,0.5723448391,0.09241938591,0.1026537418
1342,1.0,0.0,0.0,0.5235987902,1.0,1.0,0.5866288228,0.5760672427,0.08830493689,0.09871125221
1343,1.0,0.0,0.0,0.5235987902,1.0,1.0,0.5873212325,0.5763332303,0.09074574709,0.1018198729
1344,1.0,0.0,0.0,0.5235987902,1.0,1.0,0.5944785042,0.5743319745,0.09140664339,0.1015288234
1345,1.0,0.0,0.0,0.5235987902,1.0,1.0,0.5929230704,0.5792614664,0.09078329802,0.101713717
1346,1.0,0.0,0.0,0.5235987902,1.0,1.0,0.5883732964,0.5723450137,0.09037870169,0.1007251143
1347,1.0,0.0,0.0,0.5235987902,1.0,1.0,0.595915804,0.5870009955,0.09292334318,0.1055388451
1348,1.0,0.0,0.0,0.5235987902,1.0,1.0,0.598480053,0.5838663116,0.09017986059,0.1011918783
1349,1.0,0.0,0.0,0.5235987902,1.0,1.0,0.5892888639,0.5821491416,0.09095799923,0.1024410725
1350,1.0,0.0,0.0,0.5235987902,1.0,1.0,0.5876757594,0.5789871842,0.09137922525,0.1026870608
1351,1.0,0.0,0.0,0.5235987902,1.0,1.0,0.5870985241,0.5769974189,0.09131211042,0.1026116014
1352,1.0,0.0,0.0,0.5235987902,1.0,1.0,0.5919694117,0.5821493311,0.09096640348,0.1027920842
1353,1.0,0.0,0.0,0.5235987902,1.0,1.0,0.5882542066,0.5855836288,0.09215176105,0.1050961614
1354,1.0,0.0,0.0,0.5235987902,1.0,1.0,0.5941566551,0.5818667227,0.09149134159,0.1030034423
1355,1.0,0.0,0.0,0.5235987902,1.0,1.0,0.5902214712,0.5807105788,0.09060251713,0.1017768979
1356,1.0,0.0,0.0,0.5235987902,1.0,1.0,0.5957066407,0.5733098307,0.09197026491,0.1023589373
1357,1.0,0.0,0.0,0.5235987902,1.0,1.0,0.5875627545,0.5769973525,0.09092026949,0.1014923453
1358,1.0,0.0,0.0,0.5235987902,1.0,1.0,0.5919692901,0.5824334346,0.09095072746,0.1024711728
1359,1.0,0.0,0.0,0.5235987902,1.0,1.0,0.5923352449,0.580710261,0.09176081419,0.103422761
1360,1.0,0.0,0.0,0.5235987902,1.0,1.0,0.5911634225,0.5772634588,0.09084701538,0.1017850637
1361,1.0,0.0,0.0,0.5235987902,1.0,1.0,0.5916068979,0.5789870457,0.09194254875,0.1026334763
1362,1.0,0.0,0.0,0.5235987902,1.0,1.0,0.5975028153,0.5735624824,0.09296947718,0.1021441221
1363,1.0,0.0,0.0,0.5235987902,1.0,1.0,0.5853304718,0.5393537089,0.0885284543,0.09424966574
1364,1.0,0.0,0.0,0.5235987902,1.0,1.0,0.5590438337,0.4753444601,0.0868601799,0.08529800177
1365,1.0,0.0,0.0,0.5235987902,1.0,1.0,0.5437275284,0.4688104006,0.08557927608,0.08404010534
1366,1.0,0.0,0.0,0.5235987902,1.0,1.0,0.5285510764,0.4658415717,0.08137792349,0.08137792349
1367,1.0,0.0,0.0,0.5235987902,1.0,1.0,0.5091141216,0.4479101693,0.07660746574,0.07575941086
1368,1.0,0.0,0.0,0.5235987902,1.0,1.0,0.4964426859,0.4357838156,0.07474797964,0.07305556536
1369,1.0,0.0,0.0,0.5235987902,1.0,1.0,0.4682069196,0.4250118459,0.07265126705,0.07153356075
1370,1.0,0.0,0.0,0.5235987902,1.0,1.0,0.4336011353,0.3930009785,0.06577885151,0.06332242489
1371,1.0,0.0,0.0,0.0,1.0,1.0,0.4078638249,0.3663496066,0.06291306019,0.05884540081
1372,1.0,0.0,0.0,0.0,1.0,1.0,0.3693967757,0.3325730219,0.05800098181,0.05230927467
1373,1.0,0.0,0.0,0.0,1.0,1.0,0.3472776239,0.3089491616,0.05716562271,0.04911410809
1374,1.0,0.0,0.0,0.0,1.0,1.0,0.3336771161,0.3049146468,0.0556396842,0.0476911664
1375,1.0,0.0,0.0,0.0,1.0,1.0,0.30716087,0.2857992285,0.05147147179,0.04363316298
1376,1.0,0.0,0.0,0.0,1.0,1.0,0.2730027134,0.2630114009,0.04529601336,0.0390483737
1377,1.0,0.0,0.0,0.0,1.0,1.0,0.223517254,0.2281334594,0.0372608304,0.03353476524
1378,1.0,0.0,0.0,0.0,1.0,1.0,0.1506695136,0.1795870277,0.0242986083,0.02483856678
1379,1.0,0.0,0.0,0.0,1.0,1.0,0.08385713625,0.2002929917,0.01335084438,0.0269742012
1380,1.0,0.0,0.0,0.0,1.0,1.0,0.06945274162,0.2315778103,0.01107519865,0.0307944417
1381,1.0,0.0,0.0,0.0,1.0,1.0,0.1199988317,0.2360886292,0.01953035593,0.032104671
1382,1.0,0.0,0.0,0.0,1.0,1.0,0.1624709415,0.2674287513,0.02649307251,0.03666210175
1383,1.0,0.0,0.0,0.0,1.0,1.0,0.1779370226,0.2908531593,0.02931630611,0.04082369804
1384,1.0,0.0,0.0,0.0,1.0,1.0,0.204583547,0.3185473493,0.03335785866,0.04374808073
1385,1.0,0.0,0.0,0.0,1.0,1.0,0.1677263283,0.3235899466,0.02703976631,0.04404419661
1386,1.0,0.0,0.0,0.0,1.0,1.0,0.2030116834,0.332458612,0.03327167034,0.04578405619
1387,1.0,0.0,0.0,0.0,1.0,1.0,0.2404798072,0.3601229433,0.03947657347,0.04983574152
1388,1.0,0.0,0.0,0.0,1.0,1.0,0.3103443262,0.3825985301,0.05151879787,0.05428856611
1389,1.0,0.0,0.0,0.0,1.0,1.0,0.3429940352,0.4024467558,0.05779182911,0.058344841
1390,1.0,0.0,0.0,0.0,1.0,1.0,0.3554295991,0.419917436,0.05998581648,0.0608112812
1391,1.0,0.0,0.0,0.0,1.0,1.0,0.3796578814,0.4299485851,0.06341171265,0.06178581715
1392,1.0,0.0,0.0,0.0,1.0,1.0,0.3886718521,0.4410413779,0.06529563665,0.06392383575
1393,1.0,0.0,0.0,0.0,1.0,1.0,0.4053564329,0.4633427515,0.06761050224,0.06624186039
1394,1.0,0.0,0.0,0.0,1.0,1.0,0.4266718248,0.4746383819,0.07106369734,0.06802207232
1395,1.0,0.0,0.0,0.0,1.0,1.0,0.4299925174,0.4802765147,0.07225525379,0.06890749931
1396,1.0,0.0,0.0,0.0,1.0,1.0,0.4524835335,0.5016656646,0.07493704557,0.07081967592
1397,1.0,0.0,0.0,-0.5235987902,1.0,1.0,0.4544415479,0.501650552,0.07552731037,0.07114893198
1398,1.0,0.0,0.0,-0.5235987902,1.0,1.0,0.4548953767,0.5114789688,0.07580542564,0.07220882177
1399,1.0,0.0,0.0,-0.5235987902,1.0,1.0,0.4564118695,0.5193176855,0.07584786415,0.07335650921
1400,1.0,0.0,0.0,-0.5235987902,1.0,1.0,0.4634850222,0.5295849599,0.07618886232,0.07369542122
1401,1.0,0.0,0.0,-0.5235987902,1.0,1.0,0.4612810115,0.5253984236,0.07626014948,0.07349711657
1402,1.0,0.0,0.0,-0.5235987902,1.0,1.0,0.46372748,0.5212771437,0.07537329197,0.07238012552
1403,1.0,0.0,0.0,-0.5235987902,1.0,1.0,0.4727997247,0.525297205,0.07758027315,0.07371509075
1404,1.0,0.0,0.0,-0.5235987902,1.0,1.0,0.4806603287,0.5267328939,0.0787332654,0.07411783934
1405,1.0,0.0,0.0,-0.5235987902,1.0,1.0,0.4798644735,0.5305919884,0.07832288742,0.07427173853
1406,1.0,0.0,0.0,0.0,1.0,1.0,0.484779279,0.5265256493,0.07821619511,0.07366245985
1407,1.0,0.0,0.0,-0.5235987902,1.0,1.0,0.4741152423,0.5226091826,0.07672870159,0.07325321436
1408,1.0,0.0,0.0,-0.5235987902,1.0,1.0,0.4731576264,0.5206221372,0.07630074024,0.07335585356
1409,1.0,0.0,0.0,-0.5235987902,1.0,1.0,0.4779211415,0.5246114642,0.07617259026,0.07323259115
1410,1.0,0.0,0.0,-0.5235987902,1.0,1.0,0.4760856537,0.517019097,0.07531005144,0.0718383193
1411,1.0,0.0,0.0,-0.5235987902,1.0,1.0,0.4760854511,0.5228738696,0.07597535849,0.07301175594
1412,1.0,0.0,0.0,-0.5235987902,1.0,1.0,0.4759249155,0.5170860694,0.07528305054,0.07205665112
1413,1.0,0.0,0.0,-0.5235987902,1.0,1.0,0.4562668699,0.511121556,0.07314807177,0.07207632065
1414,1.0,0.0,0.0,-0.5235987902,1.0,1.0,0.4445677648,0.4940637348,0.07176780701,0.07068860531
1415,1.0,0.0,0.0,-0.5235987902,1.0,1.0,0.4273818952,0.4866684062,0.06961888075,0.07070243359
1416,1.0,0.0,0.0,-0.5235987902,1.0,1.0,0.4219496617,0.4739047421,0.06836044788,0.06889659166
1417,1.0,0.0,0.0,-0.5235987902,1.0,1.0,0.4254719278,0.4702171019,0.06765049696,0.06765049696
1418,1.0,0.0,0.0,-0.5235987902,1.0,1.0,0.4201040746,0.45730938,0.06626075506,0.06626081467
1419,1.0,0.0,0.0,-0.5235987902,1.0,1.0,0.4099403314,0.453790616,0.06565737724,0.06701397896
1420,1.0,0.0,0.0,-0.5235987902,1.0,1.0,0.4123331138,0.4573092339,0.06604135036,0.06740027666
1421,1.0,0.0,0.0,-0.5235987902,1.0,1.0,0.4175753905,0.4554649769,0.06628471613,0.06709963083
1422,1.0,0.0,0.0,-0.5235987902,1.0,1.0,0.4148627944,0.4536214655,0.06553351879,0.066616714
1423,1.0,0.0,0.0,-0.5235987902,1.0,1.0,0.4258791594,0.4574651137,0.06723546982,0.06750655174
1424,1.0,0.0,0.0,-0.5235987902,1.0,1.0,0.4222514272,0.4627043309,0.06712281704,0.06766408682
1425,1.0,0.0,0.0,-0.5235987902,1.0,1.0,0.4162935456,0.4629767381,0.06632393599,0.06766653061
1426,1.0,0.0,0.0,-0.5235987902,1.0,1.0,0.4194979983,0.4632450612,0.06731390953,0.06811851263
1427,1.0,0.0,0.0,-0.5235987902,1.0,1.0,0.4128127607,0.4702170513,0.06620752811,0.06835192442
1428,1.0,0.0,0.0,-0.5235987902,1.0,1.0,0.4107522072,0.4720612323,0.06601423025,0.0684196353
1429,1.0,0.0,0.0,-0.5235987902,1.0,1.0,0.3844009831,0.4697750386,0.06134480238,0.06694579124
1430,1.0,0.0,0.0,-0.5235987902,1.0,1.0,0.3703515598,0.4750195059,0.0584590435,0.06673401594
1431,1.0,0.0,0.0,-0.5235987902,1.0,1.0,0.3589902016,0.4731194591,0.05717658997,0.06684017181
1432,1.0,0.0,0.0,-0.5235987902,1.0,1.0,0.388018608,0.4751137195,0.06219434738,0.0675791502
1433,1.0,0.0,0.0,-0.5235987902,1.0,1.0,0.4091674566,0.4790559985,0.06523400545,0.06817489862
1434,1.0,0.0,0.0,-0.5235987902,1.0,1.0,0.4244668775,0.477261433,0.067276299,0.06834840775
1435,1.0,0.0,0.0,-0.5235987902,1.0,1.0,0.4196644817,0.4846352167,0.06684809923,0.0689958334
1436,1.0,0.0,0.0,-0.5235987902,1.0,1.0,0.4273706344,0.4866198502,0.06855809689,0.07017761469
1437,1.0,0.0,0.0,-0.5235987902,1.0,1.0,0.4216130285,0.4848036537,0.06688272953,0.06928092241
1438,1.0,0.0,0.0,-0.5235987902,1.0,1.0,0.4268972166,0.4885327606,0.06885123253,0.07074123621
1439,1.0,0.0,0.0,-0.5235987902,1.0,1.0,0.4307078394,0.4886156451,0.06931376457,0.07065182924
1440,1.0,0.0,0.0,-0.5235987902,1.0,1.0,0.435909406,0.4868130396,0.07012683153,0.07039344311
1441,1.0,0.0,0.0,-0.5235987902,1.0,1.0,0.4314258443,0.4903629061,0.07018017769,0.07099306583
1442,1.0,0.0,0.0,-0.5235987902,1.0,1.0,0.4410287222,0.4941268611,0.06982827187,0.07035928965
1443,1.0,0.0,0.0,-0.5235987902,1.0,1.0,0.4567432197,0.4941481499,0.07263535261,0.07129526138
1444,1.0,0.0,0.0,-0.5235987902,1.0,1.0,0.4553570464,0.4997208743,0.07283401489,0.07176291943
1445,1.0,0.0,0.0,-0.5235987902,1.0,1.0,0.441574861,0.4978351566,0.07023942471,0.07077556849
1446,1.0,0.0,0.0,-0.5235987902,1.0,1.0,0.4443827632,0.5015995667,0.07056838274,0.07110095024
1447,1.0,0.0,0.0,-0.5235987902,1.0,1.0,0.450335037,0.5015997092,0.07299232483,0.07244962454
1448,1.0,0.0,0.0,-0.5235987902,1.0,1.0,0.4488310584,0.5053781305,0.0729777813,0.07270652056
1449,1.0,0.0,0.0,-0.5235987902,1.0,1.0,0.4545954566,0.5072354922,0.07340252399,0.07286280394
1450,1.0,0.0,0.0,-0.5235987902,1.0,1.0,0.4480830303,0.5072355536,0.07139128447,0.07165670395
1451,1.0,0.0,0.0,-0.5235987902,1.0,1.0,0.4547461076,0.5072076541,0.07348561287,0.07294726372
1452,1.0,0.0,0.0,-0.5235987902,1.0,1.0,0.4579383028,0.5072357811,0.07297891378,0.07191354036
1453,1.0,0.0,0.0,-0.5235987902,1.0,1.0,0.4621791038,0.5128220582,0.07434147596,0.07353633642
1454,1.0,0.0,0.0,-0.5235987902,1.0,1.0,0.4536828737,0.5053569319,0.07268130779,0.07214492559
1455,1.0,0.0,0.0,-0.5235987902,1.0,1.0,0.4553572381,0.5053357411,0.07249009609,0.07195705175
1456,1.0,0.0,0.0,-0.5235987902,1.0,1.0,0.4494134018,0.5034925891,0.07237935066,0.07210928202
1457,1.0,0.0,0.0,-0.5235987902,1.0,1.0,0.4484893408,0.5015996809,0.07097446918,0.07097440958
1458,1.0,0.0,0.0,-0.5235987902,1.0,1.0,0.4567430537,0.5016065834,0.07239699364,0.07106125355
1459,1.0,0.0,0.0,-0.5235987902,1.0,1.0,0.4483163439,0.4959494954,0.07029974461,0.06950688362
1460,1.0,0.0,0.0,-0.5235987902,1.0,1.0,0.4453123711,0.4997209107,0.07161217928,0.07161217928
1461,1.0,0.0,0.0,-0.5235987902,1.0,1.0,0.4520089112,0.499720657,0.07251280546,0.07170706987
1462,1.0,0.0,0.0,-0.5235987902,1.0,1.0,0.4660696049,0.5091493858,0.07324236631,0.07139146328
1463,1.0,0.0,0.0,-0.5235987902,1.0,1.0,0.4479104602,0.5053357605,0.07124447823,0.07177615166
1464,1.0,0.0,0.0,-0.5235987902,1.0,1.0,0.4506635466,0.5034500453,0.07301825285,0.07274878025
1465,1.0,0.0,0.0,-0.5235987902,1.0,1.0,0.4438256481,0.4978561609,0.0705769062,0.07084220648
1466,1.0,0.0,0.0,-0.5235987902,1.0,1.0,0.4436382937,0.503492396,0.07104426622,0.07158046961
1467,1.0,0.0,0.0,-0.5235987902,1.0,1.0,0.4512532816,0.5015930471,0.07217901945,0.07164436579
1468,1.0,0.0,0.0,-0.5235987902,1.0,1.0,0.4373597967,0.4922620955,0.06986498833,0.07013058662
1469,1.0,0.0,0.0,-0.5235987902,1.0,1.0,0.4423486676,0.495991791,0.07139325142,0.07139325142
1470,1.0,0.0,0.0,-0.5235987902,1.0,1.0,0.4512527149,0.4997209023,0.07149928808,0.07096970081
1471,1.0,0.0,0.0,-0.5235987902,1.0,1.0,0.4440113446,0.5015923233,0.07102590799,0.07129192352
1472,1.0,0.0,0.0,-0.5235987902,1.0,1.0,0.4530804952,0.5034501718,0.0724657774,0.07193291187
1473,1.0,0.0,0.0,-0.5235987902,1.0,1.0,0.4506633056,0.5015859948,0.0728007555,0.07226353884
1474,1.0,0.0,0.0,-0.5235987902,1.0,1.0,0.4539894966,0.4997206449,0.07358181477,0.07250362635
1475,1.0,0.0,0.0,-0.5235987902,1.0,1.0,0.4521682293,0.4997207558,0.07215833664,0.07162576914
1476,1.0,0.0,0.0,-0.5235987902,1.0,1.0,0.4499150124,0.5015783393,0.07251119614,0.07224357128
1477,1.0,0.0,0.0,-0.5235987902,1.0,1.0,0.4482548234,0.4997208816,0.07278138399,0.07251179218
1478,1.0,0.0,0.0,-0.5235987902,1.0,1.0,0.4504994695,0.4959917488,0.07186335325,0.07079875469
1479,1.0,0.0,0.0,-0.5235987902,1.0,1.0,0.4523261842,0.4978633108,0.07262742519,0.07155942917
1480,1.0,0.0,0.0,-0.5235987902,1.0,1.0,0.4555054693,0.5015926302,0.07341122627,0.0720666647
1481,1.0,0.0,0.0,-0.5235987902,1.0,1.0,0.4568877622,0.4997210759,0.07305085659,0.07170802355
1482,1.0,0.0,0.0,-0.5235987902,1.0,1.0,0.4552077239,0.5034780699,0.07281303406,0.07200700045
1483,1.0,0.0,0.0,-0.5235987902,1.0,1.0,0.4526087681,0.5053782914,0.07212388515,0.07185584307
1484,1.0,0.0,0.0,-0.5235987902,1.0,1.0,0.4495814986,0.5034644376,0.07245290279,0.0724529624
1485,1.0,0.0,0.0,-0.5235987902,1.0,1.0,0.4434497774,0.503506611,0.07041651011,0.07094997168
1486,1.0,0.0,0.0,-0.5235987902,1.0,1.0,0.4453123184,0.4959635199,0.07194274664,0.07140183449
1487,1.0,0.0,0.0,-0.5235987902,1.0,1.0,0.4443827696,0.5053781877,0.07105284929,0.07185721397
1488,1.0,0.0,0.0,-0.5235987902,1.0,1.0,0.446986409,0.4997210466,0.07121992111,0.07121998072
1489,1.0,0.0,0.0,-0.5235987902,1.0,1.0,0.4462391985,0.5015993408,0.07141011953,0.07141005993
1490,1.0,0.0,0.0,-0.5235987902,1.0,1.0,0.4504994479,0.4997212695,0.07191485167,0.07084953785
1491,1.0,0.0,0.0,-0.5235987902,1.0,1.0,0.4486609365,0.4997210204,0.07131850719,0.07078623772
1492,1.0,0.0,0.0,-0.5235987902,1.0,1.0,0.4471626723,0.5016064907,0.07187157869,0.0713351965
1493,1.0,0.0,0.0,-0.5235987902,1.0,1.0,0.4538366885,0.5053360394,0.07313996553,0.07260221243
1494,1.0,0.0,0.0,-0.5235987902,1.0,1.0,0.4462389017,0.5034926033,0.07172656059,0.0717266202
1495,1.0,0.0,0.0,-0.5235987902,1.0,1.0,0.4539892996,0.501585676,0.07234817743,0.07128816843
1496,1.0,0.0,0.0,-0.5235987902,1.0,1.0,0.4587052102,0.5034644817,0.07276642323,0.07143861055
1497,1.0,0.0,0.0,-0.5235987902,1.0,1.0,0.4530805663,0.5091143993,0.07261008024,0.07234311104
1498,1.0,0.0,0.0,-0.5235987902,1.0,1.0,0.4538368366,0.5053567902,0.07294011116,0.07213556767
1499,1.0,0.0,0.0,-0.5235987902,1.0,1.0,0.4512530975,0.5034778332,0.07309699059,0.07255548239
1500,1.0,0.0,0.0,-0.5235987902,1.0,1.0,0.4506633656,0.4960192832,0.07295411825,0.07214653492
1501,1.0,0.0,0.0,-0.5235987902,1.0,1.0,0.4506632822,0.4997209706,0.07280534506,0.07226806879
1502,1.0,0.0,0.0,-0.5235987902,1.0,1.0,0.4524838244,0.505294332,0.07324582338,0.07297754288
1503,1.0,0.0,0.0,-0.5235987902,1.0,1.0,0.4434611662,0.4997209094,0.07224947214,0.07251900434
1504,1.0,0.0,0.0,-0.5235987902,1.0,1.0,0.4473374296,0.4978562199,0.07329934835,0.07275438309
1505,1.0,0.0,0.0,-0.5235987902,1.0,1.0,0.4562669678,0.4997212726,0.07315182686,0.07181209326
1506,1.0,0.0,0.0,-0.5235987902,1.0,1.0,0.4541413597,0.5015784491,0.07396233082,0.07288253307
1507,1.0,0.0,0.0,-0.5235987902,1.0,1.0,0.4524837792,0.4978698247,0.07381504774,0.07273346186
1508,1.0,0.0,0.0,-0.5235987902,1.0,1.0,0.4499148488,0.4978700119,0.07266312838,0.07212686539
1509,1.0,0.0,0.0,-0.5235987902,1.0,1.0,0.4497488119,0.4960058868,0.07207423449,0.07127344608
1510,1.0,0.0,0.0,-0.5235987902,1.0,1.0,0.446944977,0.4941685753,0.07303249836,0.07195454836
1511,1.0,0.0,0.0,-0.5235987902,1.0,1.0,0.4535421353,0.4960467187,0.07429748774,0.07294666767
1512,1.0,0.0,0.0,-0.5235987902,1.0,1.0,0.45024352,0.5015714918,0.07234543562,0.07181543112
1513,1.0,0.0,0.0,-0.5235987902,1.0,1.0,0.4509879005,0.4960193106,0.07346278429,0.07211732864
1514,1.0,0.0,0.0,-0.5235987902,1.0,1.0,0.4631964797,0.5015719895,0.07455819845,0.07242035866
1515,1.0,0.0,0.0,-0.5235987902,1.0,1.0,0.4539895621,0.4960331508,0.07348871231,0.0724119544
1516,1.0,0.0,0.0,-0.5235987902,1.0,1.0,0.4508262302,0.4960191468,0.07262915373,0.07156103849
1517,1.0,0.0,0.0,-0.5235987902,1.0,1.0,0.4548955772,0.4960329821,0.07357257605,0.07222998142
1518,1.0,0.0,0.0,-0.5235987902,1.0,1.0,0.4172756998,0.4828762949,0.06651115417,0.06919300556
1519,1.0,0.0,0.0,-0.5235987902,1.0,1.0,0.3547505713,0.486214524,0.05570423603,0.06748777628
1520,1.0,0.0,0.0,-0.5235987902,1.0,1.0,0.3052900004,0.5134383439,0.0480671525,0.07035529613
1521,1.0,0.0,0.0,-0.5235987902,1.0,1.0,0.3331472436,0.4919428876,0.05196642876,0.06742310524
1522,1.0,0.0,0.0,-0.5235987902,1.0,1.0,0.3563373989,0.4669203664,0.05707162619,0.06576824188
1523,1.0,0.0,0.0,-0.5235987902,1.0,1.0,0.383506524,0.4790558226,0.06216108799,0.06861943007
1524,1.0,0.0,0.0,-0.5235987902,1.0,1.0,0.391517029,0.4701082868,0.06324875355,0.06778562069
1525,1.0,0.0,0.0,-0.5235987902,1.0,1.0,0.3984485427,0.4775111728,0.06512546539,0.07000988722
1526,1.0,0.0,0.0,-0.5235987902,1.0,1.0,0.3987757476,0.4737131136,0.06457436085,0.06889730692
1527,1.0,0.0,0.0,-0.5235987902,1.0,1.0,0.405813624,0.4719589424,0.0652204752,0.06872409582
1528,1.0,0.0,0.0,-0.5235987902,1.0,1.0,0.4090892937,0.4755711006,0.06621217728,0.06890374422
1529,1.0,0.0,0.0,-0.5235987902,1.0,1.0,0.4061273899,0.4753896833,0.06573539972,0.06871110201
1530,1.0,0.0,0.0,-0.5235987902,1.0,1.0,0.4117302465,0.4792861541,0.06711173058,0.06981784105
1531,1.0,0.0,0.0,-0.5235987902,1.0,1.0,0.4128129048,0.4792861279,0.06701797247,0.07000255585
1532,1.0,0.0,0.0,-0.5235987902,1.0,1.0,0.3994454942,0.4810747411,0.06515258551,0.06974840164
1533,1.0,0.0,0.0,-0.5235987902,1.0,1.0,0.3997766528,0.4810045079,0.06574136019,0.07039803267
1534,1.0,0.0,0.0,-0.5235987902,1.0,1.0,0.4057634417,0.4830016925,0.06607311964,0.07040578127
1535,1.0,0.0,0.0,-0.5235987902,1.0,1.0,0.3960996092,0.4716467994,0.06397742033,0.06802666187
1536,1.0,0.0,0.0,-0.5235987902,1.0,1.0,0.3980970068,0.4752983058,0.06414055824,0.06847071648
1537,1.0,0.0,0.0,0.0,1.0,1.0,0.402132109,0.4753901891,0.06482750177,0.06889623404
1538,1.0,0.0,0.0,-0.5235987902,1.0,1.0,0.4051791191,0.4697752215,0.06441181898,0.06736403704
1539,1.0,0.0,0.0,0.0,1.0,1.0,0.4079353389,0.4752065893,0.06512176991,0.06837791204
1540,1.0,0.0,0.0,0.0,1.0,1.0,0.4091675814,0.4811442957,0.06574231386,0.06978386641
1541,1.0,0.0,0.0,0.0,1.0,1.0,0.396763528,0.477345117,0.0638589263,0.06897836924
1542,1.0,0.0,0.0,0.0,1.0,1.0,0.394473013,0.4721626144,0.06372660398,0.06881397963
1543,1.0,0.0,0.0,0.0,1.0,1.0,0.3861854293,0.462976885,0.06217622757,0.06724643707
1544,1.0,0.0,0.0,0.0,1.0,1.0,0.37705483,0.459597251,0.06133276224,0.06749278307
1545,1.0,0.0,0.0,0.0,1.0,1.0,0.3727013806,0.4556278541,0.06015956402,0.06690394878
1546,1.0,0.0,0.0,0.0,1.0,1.0,0.3681280485,0.455789094,0.05916649103,0.06666260958
1547,1.0,0.0,0.0,0.0,1.0,1.0,0.3731023887,0.4553010893,0.05969214439,0.06644463539
1548,1.0,0.0,0.0,0.0,1.0,1.0,0.3585139411,0.4548019732,0.05803334713,0.06651932001
1549,1.0,0.0,0.0,0.0,1.0,1.0,0.3603429479,0.4491872656,0.05811870098,0.06579476595
1550,1.0,0.0,0.0,0.0,1.0,1.0,0.3432940554,0.448997729,0.05517059565,0.06495457888
1551,1.0,0.0,0.0,0.0,1.0,1.0,0.3478529364,0.449187313,0.05543190241,0.06489592791
1552,1.0,0.0,0.0,0.0,1.0,1.0,0.3393691679,0.4454442313,0.05437451601,0.06470566988
1553,1.0,0.0,0.0,0.0,1.0,1.0,0.3387939023,0.4489974325,0.05413144827,0.06468707323
1554,1.0,0.0,0.0,0.0,1.0,1.0,0.342181605,0.4475112336,0.05488413572,0.0652089119
1555,1.0,0.0,0.0,0.0,1.0,1.0,0.3365296769,0.4475112179,0.05430734158,0.06549626589
1556,1.0,0.0,0.0,0.0,1.0,1.0,0.3493847711,0.4495631913,0.05689698458,0.06619745493
1557,1.0,0.0,0.0,0.0,1.0,1.0,0.3528432279,0.45124039,0.05701333284,0.06601548195
1558,1.0,0.0,0.0,0.0,1.0,1.0,0.3550204991,0.4515993556,0.05747503042,0.0664640069
1559,1.0,0.0,0.0,0.0,1.0,1.0,0.3494669395,0.4529304204,0.05675393343,0.06634998322
1560,1.0,0.0,0.0,0.0,1.0,1.0,0.3472637414,0.4527543008,0.0560914278,0.06594157219
1561,1.0,0.0,0.0,0.0,1.0,1.0,0.3478533312,0.4602695194,0.05625009537,0.06722575426
1562,1.0,0.0,0.0,0.0,1.0,1.0,0.3507414156,0.4638918016,0.05641829967,0.06737321615
1563,1.0,0.0,0.0,0.0,1.0,1.0,0.3541465047,0.4563492145,0.05669951439,0.06596773863
1564,1.0,0.0,0.0,0.0,1.0,1.0,0.3474088173,0.4580774391,0.05506694317,0.06564629078
1565,1.0,0.0,0.0,0.0,1.0,1.0,0.3554715126,0.4636196086,0.05657821894,0.06669127941
1566,1.0,0.0,0.0,0.0,1.0,1.0,0.364983863,0.4750198858,0.05868387222,0.06855595112
1567,1.0,0.0,0.0,0.0,1.0,1.0,0.3609568407,0.4732208032,0.05760514736,0.06793063879
1568,1.0,0.0,0.0,0.0,1.0,1.0,0.3656080284,0.4825552365,0.05861371756,0.06929564476
1569,1.0,0.0,0.0,0.0,1.0,1.0,0.3702909574,0.4806471588,0.05940449238,0.0693051219
1570,1.0,0.0,0.0,0.0,1.0,1.0,0.3679449247,0.4786598295,0.05849462748,0.06801706553
1571,1.0,0.0,0.0,0.0,1.0,1.0,0.3814793324,0.4843450567,0.06064009666,0.06914621592
1572,1.0,0.0,0.0,0.0,1.0,1.0,0.3745748873,0.4861625413,0.05955630541,0.06888771057
1573,1.0,0.0,0.0,0.0,1.0,1.0,0.3774115908,0.4820838301,0.05940580368,0.06765663624
1574,1.0,0.0,0.0,0.0,1.0,1.0,0.3804896108,0.4860031634,0.05911636353,0.06756150723
1575,1.0,0.0,0.0,0.0,1.0,1.0,0.3750087859,0.4859489039,0.05867367983,0.06740647554
1576,1.0,0.0,0.0,0.0,1.0,1.0,0.3612017898,0.4780794984,0.05634534359,0.06646561623
1577,1.0,0.0,0.0,0.0,1.0,1.0,0.361201785,0.4740436181,0.05657917261,0.06591749191
1578,1.0,0.0,0.0,0.0,1.0,1.0,0.3570683529,0.4700933419,0.05609148741,0.06544011831
1579,1.0,0.0,0.0,0.0,1.0,1.0,0.3669279968,0.4780795858,0.05791598558,0.0670170784
1580,1.0,0.0,0.0,0.0,1.0,1.0,0.3540780314,0.4837937942,0.05578404665,0.06677597761
1581,1.0,0.0,0.0,0.0,1.0,1.0,0.3654802325,0.4762966137,0.05763846636,0.06665307283
1582,1.0,0.0,0.0,0.0,1.0,1.0,0.3621668904,0.4742451463,0.05735313892,0.06672823429
1583,1.0,0.0,0.0,0.0,1.0,1.0,0.3588189916,0.4700928198,0.0568343401,0.06598323584
1584,1.0,0.0,0.0,0.0,1.0,1.0,0.3548108035,0.4640268779,0.05666685104,0.06564378738
1585,1.0,0.0,0.0,0.0,1.0,1.0,0.3598703683,0.4618936178,0.0566431284,0.06505548954
1586,1.0,0.0,0.0,0.0,1.0,1.0,0.3637607437,0.4674808623,0.05697065592,0.06543165445
1587,1.0,0.0,0.0,0.0,1.0,1.0,0.3601591642,0.4654660567,0.0564853549,0.06524062157
1588,1.0,0.0,0.0,0.0,1.0,1.0,0.3433332618,0.4515547876,0.0533657074,0.06286537647
1589,1.0,0.0,0.0,0.0,1.0,1.0,0.3524254148,0.4511648257,0.05524939299,0.06318259239
1590,1.0,0.0,0.0,0.0,1.0,1.0,0.3518906668,0.455211653,0.05454200506,0.06325751543
1591,1.0,0.0,0.0,0.0,1.0,1.0,0.3506178103,0.4471183538,0.0545091033,0.06209540367
1592,1.0,0.0,0.0,0.0,1.0,1.0,0.3551589986,0.4577443744,0.05617123842,0.0646392107
1593,1.0,0.0,0.0,0.0,1.0,1.0,0.3534832143,0.4519389882,0.05481415987,0.06316149235
1594,1.0,0.0,0.0,0.0,1.0,1.0,0.3481810815,0.4437520035,0.05422860384,0.06237691641
1595,1.0,0.0,0.0,0.0,1.0,1.0,0.3485596752,0.4355545273,0.05469107628,0.06250411272
1596,1.0,0.0,0.0,0.0,1.0,1.0,0.3483166174,0.4461111838,0.05574643612,0.06527101994
1597,1.0,0.0,0.0,0.0,1.0,1.0,0.3540062902,0.4333517621,0.05708682537,0.06400644779
1598,1.0,0.0,0.0,0.0,1.0,1.0,0.3521165951,0.4338660471,0.05536401272,0.06263399124
1599,1.0,0.0,0.0,0.0,1.0,1.0,0.3420075725,0.4299926055,0.05454009771,0.06273525953
1600,1.0,0.0,0.0,0.0,1.0,1.0,0.3481003301,0.4258322903,0.05466377735,0.06170803308
1601,1.0,0.0,0.0,0.0,1.0,1.0,0.3445729243,0.4183707651,0.05430716276,0.06141537428
1602,1.0,0.0,0.0,0.0,1.0,1.0,0.3432791005,0.4138910956,0.05465042591,0.06176632643
1603,1.0,0.0,0.0,0.0,1.0,1.0,0.3446350186,0.4078181121,0.05479705334,0.06143039465
1604,1.0,0.0,0.0,0.0,1.0,1.0,0.3319381467,0.4020743286,0.05240565538,0.06013762951
1605,1.0,0.0,0.0,0.0,1.0,1.0,0.3368084053,0.4039889837,0.05205231905,0.05969041586
1606,1.0,0.0,0.0,0.0,1.0,1.0,0.3258652806,0.3993911571,0.05106109381,0.05904835463
1607,1.0,0.0,0.0,0.0,1.0,1.0,0.3185834816,0.3955321436,0.04991167784,0.0584679842
1608,1.0,0.0,0.0,0.0,1.0,1.0,0.3209887952,0.3925012076,0.0501036644,0.05835938454
1609,1.0,0.0,0.0,0.0,1.0,1.0,0.3319176977,0.3908322135,0.05182015896,0.05786585808
1610,1.0,0.0,0.0,0.0,1.0,1.0,0.3227556741,0.395932752,0.05010557175,0.05864626169
1611,1.0,0.0,0.0,0.0,1.0,1.0,0.3222835839,0.3948176206,0.05032014847,0.05851840973
1612,1.0,0.0,0.0,0.0,1.0,1.0,0.3210547007,0.3886716742,0.04991668463,0.05724906921
1613,1.0,0.0,0.0,0.0,1.0,1.0,0.3118697202,0.3865030268,0.04803037643,0.05561411381
1614,1.0,0.0,0.0,0.0,1.0,1.0,0.3126748309,0.3862383219,0.04751002789,0.05486267805
1615,1.0,0.0,0.0,0.0,1.0,1.0,0.312559298,0.3877837217,0.04730308056,0.05495095253
1616,1.0,0.0,0.0,0.0,1.0,1.0,0.3040974184,0.3842477106,0.04640471935,0.05461043119
1617,1.0,0.0,0.0,0.0,1.0,1.0,0.3043415765,0.3888956153,0.04644203186,0.05532902479
1618,1.0,0.0,0.0,0.0,1.0,1.0,0.3106877268,0.3917815451,0.04787677526,0.05652928352
1619,1.0,0.0,0.0,0.0,1.0,1.0,0.3150213179,0.3949411778,0.04841953516,0.05648946762
1620,1.0,0.0,0.0,0.0,1.0,1.0,0.3138434247,0.3842475078,0.048381567,0.05558121204
1621,1.0,0.0,0.0,0.0,1.0,1.0,0.316987003,0.3910858255,0.04861348867,0.05662041903
1622,1.0,0.0,0.0,0.0,1.0,1.0,0.3219176323,0.3891108126,0.04893803596,0.05605113506
1623,1.0,0.0,0.0,0.0,1.0,1.0,0.3237359722,0.3871353035,0.04928410053,0.05616098642
1624,1.0,0.0,0.0,0.0,1.0,1.0,0.3082394313,0.3728386536,0.04670226574,0.05406135321
1625,1.0,0.0,0.0,0.0,1.0,1.0,0.3062198254,0.3762602783,0.04652309418,0.05480021238
1626,1.0,0.0,0.0,0.0,1.0,1.0,0.2917392351,0.3689348756,0.04425525665,0.05396288633
1627,1.0,0.0,0.0,0.0,1.0,1.0,0.297543622,0.366461783,0.0441544652,0.05292874575
1628,1.0,0.0,0.0,0.0,1.0,1.0,0.298510095,0.3616659578,0.04469209909,0.05261224508
1629,1.0,0.0,0.0,0.0,1.0,1.0,0.3104330119,0.3650306335,0.04666429758,0.05320864916
1630,1.0,0.0,0.0,0.0,1.0,1.0,0.3224610907,0.3699481163,0.04892444611,0.05464661121
1631,1.0,0.0,0.0,0.0,1.0,1.0,0.3211819471,0.3752767423,0.04802978039,0.05452787876
1632,1.0,0.0,0.0,0.0,1.0,1.0,0.3230710726,0.3743006961,0.04896700382,0.05469411612
1633,1.0,0.0,0.0,0.0,1.0,1.0,0.3174917847,0.3733326088,0.04830181599,0.05487549305
1634,1.0,0.0,0.0,0.0,1.0,1.0,0.3106881253,0.365554388,0.04624855518,0.05237782001
1635,1.0,0.0,0.0,0.0,1.0,1.0,0.3170768318,0.3747906963,0.04759311676,0.05427289009
1636,1.0,0.0,0.0,0.0,1.0,1.0,0.3102356136,0.3642999556,0.04594546556,0.0525483489
1637,1.0,0.0,0.0,0.0,1.0,1.0,0.314057572,0.3634337257,0.04729181528,0.0534119606
1638,1.0,0.0,0.0,0.0,1.0,1.0,0.3020293641,0.3513074796,0.04497075081,0.05096679926
1639,1.0,0.0,0.0,0.0,1.0,1.0,0.2493986285,0.3275321477,0.03701364994,0.04798060656
1640,1.0,0.0,0.0,0.0,1.0,1.0,0.07068752978,0.3379258493,0.009971618652,0.04570317268
1641,1.0,0.0,0.0,0.0,1.0,1.0,0.08622665104,0.3365470817,0.01207095385,0.04526597261
1642,1.0,0.0,0.0,0.0,1.0,1.0,0.2196167663,0.3120864393,0.03235435486,0.04469287395
1643,1.0,0.0,0.0,0.0,1.0,1.0,0.2605622741,0.3211133814,0.03811651468,0.04601204395
1644,1.0,0.0,0.0,0.0,1.0,1.0,0.2739213402,0.3312544462,0.0399736166,0.04726606607
1645,1.0,0.0,0.0,0.0,1.0,1.0,0.2829301785,0.3293617719,0.04175502062,0.0471777916
1646,1.0,0.0,0.0,0.0,1.0,1.0,0.2739212703,0.3248187132,0.04008036852,0.04576742649
1647,1.0,0.0,0.0,0.0,1.0,1.0,0.2637930113,0.325399505,0.03869903088,0.04578477144
1648,1.0,0.0,0.0,0.0,1.0,1.0,0.264177616,0.3222139733,0.03925275803,0.0458406806
1649,1.0,0.0,0.0,0.0,1.0,1.0,0.2640725015,0.3228965942,0.0390638113,0.04557448626
1650,1.0,0.0,0.0,0.0,1.0,1.0,0.2649345016,0.3166170289,0.03953593969,0.04526180029
1651,1.0,0.0,0.0,0.0,1.0,1.0,0.2659066187,0.3209745222,0.03936904669,0.04534226656
1652,1.0,0.0,0.0,0.0,1.0,1.0,0.2571558687,0.3085398726,0.03818416595,0.04414194822
1653,1.0,0.0,0.0,0.0,1.0,1.0,0.2643450038,0.3142183194,0.0396233201,0.04505115747
1654,1.0,0.0,0.0,0.0,1.0,1.0,0.2599280145,0.3047537973,0.03820419312,0.04331600666
1655,1.0,0.0,0.0,0.0,1.0,1.0,0.2539715561,0.3028612151,0.03725671768,0.04288542271
1656,1.0,0.0,0.0,0.0,1.0,1.0,0.2608032471,0.3028611955,0.03899222612,0.04362767935
1657,1.0,0.0,0.0,0.0,1.0,1.0,0.2462127125,0.2990753483,0.03629052639,0.0424733758
1658,1.0,0.0,0.0,0.0,1.0,1.0,0.2279751893,0.2907121303,0.0333647728,0.04083842039
1659,1.0,0.0,0.0,0.0,1.0,1.0,0.2339893506,0.2893123371,0.03447502851,0.04115623236
1660,1.0,0.0,0.0,0.0,1.0,1.0,0.240807637,0.297182393,0.03564476967,0.0420768857
1661,1.0,0.0,0.0,0.0,1.0,1.0,0.2282899392,0.2893121555,0.03389310837,0.04109871387
1662,1.0,0.0,0.0,0.0,1.0,1.0,0.2367574275,0.2933968371,0.03543579578,0.04192787409
1663,1.0,0.0,0.0,0.0,1.0,1.0,0.2489583407,0.2994582394,0.03688722849,0.04276782274
1664,1.0,0.0,0.0,0.0,1.0,1.0,0.2312007733,0.2828611296,0.03439354897,0.04062229395
1665,1.0,0.0,0.0,0.0,1.0,1.0,0.2439439066,0.2885182724,0.03588503599,0.0409732461
1666,1.0,0.0,0.0,0.0,1.0,1.0,0.2457642009,0.2863568575,0.03647518158,0.04133856297
1667,1.0,0.0,0.0,0.0,1.0,1.0,0.2476015639,0.2860855833,0.03710877895,0.04171347618
1668,1.0,0.0,0.0,0.0,1.0,1.0,0.2390749918,0.2792557571,0.03537660837,0.0404304266
1669,1.0,0.0,0.0,0.0,1.0,1.0,0.2381345315,0.2792555346,0.03497904539,0.04027879238
1670,1.0,0.0,0.0,0.0,1.0,1.0,0.2387260844,0.2788298866,0.03533673286,0.04061084986
1671,1.0,0.0,0.0,0.0,1.0,1.0,0.240936974,0.2733982142,0.03581297398,0.04005748034
1672,1.0,0.0,0.0,0.0,1.0,1.0,0.2368514524,0.269922529,0.03465867043,0.0388597846
1673,1.0,0.0,0.0,0.0,1.0,1.0,0.2422345757,0.2679664057,0.03542792797,0.03883951902
1674,1.0,0.0,0.0,0.0,1.0,1.0,0.2435003878,0.2634893229,0.03562557697,0.03855007887
1675,1.0,0.0,0.0,0.0,1.0,1.0,0.2416831951,0.2599281769,0.0352434516,0.03762835264
1676,1.0,0.0,0.0,0.0,1.0,1.0,0.2406746116,0.25631424,0.03494364023,0.03707754612
1677,1.0,0.0,0.0,0.0,1.0,1.0,0.2521782892,0.266518004,0.03590089083,0.038012743
1678,1.0,0.0,0.0,0.0,1.0,1.0,0.2470739327,0.2563145404,0.03515768051,0.03674376011
1679,1.0,0.0,0.0,0.0,1.0,1.0,0.217270064,0.221680616,0.03029602766,0.03108632565
1680,1.0,0.0,0.0,0.0,1.0,1.0,0.1836498567,0.2083775796,0.02552527189,0.02901816368
1681,1.0,0.0,0.0,0.0,1.0,1.0,0.1905552756,0.2106103916,0.02656233311,0.02981483936
1682,1.0,0.0,0.0,0.0,1.0,1.0,0.2320801769,0.2268106132,0.03375411034,0.03348189592
1683,1.0,0.0,0.0,0.0,1.0,1.0,0.2400895465,0.2397927655,0.03382223845,0.03434658051
1684,1.0,0.0,0.0,0.0,1.0,1.0,0.2447229846,0.242457063,0.03479862213,0.03479862213
1685,1.0,0.0,0.0,0.0,1.0,1.0,0.2516974959,0.2552924935,0.03636032343,0.03742200136
1686,1.0,0.0,0.0,0.0,1.0,1.0,0.2457646828,0.2489582216,0.03571373224,0.03650730848
1687,1.0,0.0,0.0,0.0,1.0,1.0,0.2489518248,0.2507559519,0.03635436296,0.0371504426
1688,1.0,0.0,0.0,0.0,1.0,1.0,0.2544031392,0.2570507825,0.03692030907,0.03771150112
1689,1.0,0.0,0.0,0.0,1.0,1.0,0.24438884,0.2462654944,0.03547370434,0.03626793623
1690,1.0,0.0,0.0,0.0,1.0,1.0,0.2457939855,0.2489651003,0.03575783968,0.03654664755
1691,1.0,0.0,0.0,0.0,1.0,1.0,0.2407412767,0.2489585608,0.03470653296,0.03628414869
1692,1.0,0.0,0.0,0.0,1.0,1.0,0.2439438027,0.2489584342,0.03556358814,0.03662520647
1693,1.0,0.0,0.0,0.0,1.0,1.0,0.240674614,0.244388923,0.03501921892,0.03582113981
1694,1.0,0.0,0.0,0.0,1.0,1.0,0.2466154694,0.2489517835,0.0351369381,0.03619366884
1695,1.0,0.0,0.0,0.0,1.0,1.0,0.2378744659,0.2453174895,0.0345223546,0.03612804413
1696,1.0,0.0,0.0,0.0,1.0,1.0,0.227910238,0.2361320855,0.0328681469,0.03475403786
1697,1.0,0.0,0.0,0.0,1.0,1.0,0.2237555487,0.2314883862,0.03182500601,0.03341627121
1698,1.0,0.0,0.0,0.0,1.0,1.0,0.2428549622,0.2489451511,0.03475493193,0.03635901213
1699,1.0,0.0,0.0,0.0,1.0,1.0,0.2264654547,0.2370001756,0.03214913607,0.0342746973
1700,1.0,0.0,0.0,0.0,1.0,1.0,0.2418311709,0.2480096221,0.03472733498,0.03635513783
1701,1.0,0.0,0.0,0.0,1.0,1.0,0.2371555413,0.2425118459,0.03434032202,0.03597563505
1702,1.0,0.0,0.0,0.0,1.0,1.0,0.2465668413,0.2544702955,0.03571224213,0.03762048483
1703,1.0,0.0,0.0,0.0,1.0,1.0,0.2475340758,0.2553321009,0.03598237038,0.03787618876
1704,1.0,0.0,0.0,0.0,1.0,1.0,0.2400161891,0.2434535803,0.03499406576,0.03636097908
1705,1.0,0.0,0.0,0.0,1.0,1.0,0.2479817998,0.2553719759,0.03642714024,0.03835886717
1706,1.0,0.0,0.0,0.0,1.0,1.0,0.2461033681,0.2535350487,0.035846591,0.03776204586
1707,1.0,0.0,0.0,0.0,1.0,1.0,0.2484595024,0.2572093653,0.03623270988,0.03813970089
1708,1.0,0.0,0.0,0.0,1.0,1.0,0.2447234796,0.259046718,0.03599447012,0.03874212503
1709,1.0,0.0,0.0,0.0,1.0,1.0,0.2452163107,0.2598549906,0.03599095345,0.03899019957
1710,1.0,0.0,0.0,0.0,1.0,1.0,0.2396433371,0.2516844522,0.03499448299,0.03743594885
1711,1.0,0.0,0.0,0.0,1.0,1.0,0.1461634832,0.1983326465,0.02054202557,0.02831465006
1712,1.0,0.0,0.0,0.0,1.0,1.0,0.1244287776,0.2358683243,0.01735341549,0.03302741051
1713,1.0,0.0,0.0,0.0,1.0,1.0,0.1169982931,0.2360888657,0.01625072956,0.03305232525
1714,1.0,0.0,0.0,0.0,1.0,1.0,0.1472045805,0.2037327144,0.02051907778,0.02861875296
1715,1.0,0.0,0.0,0.0,1.0,1.0,0.1957864017,0.2194347318,0.02808117867,0.03182530403
1716,1.0,0.0,0.0,0.0,1.0,1.0,0.215996739,0.2299440693,0.03101497889,0.03338050842
1717,1.0,0.0,0.0,0.0,1.0,1.0,0.2102211031,0.2329659788,0.03095459938,0.03436487913
1718,1.0,0.0,0.0,0.0,1.0,1.0,0.2117908751,0.2411845673,0.0315027833,0.03618907928
1719,1.0,0.0,0.0,0.0,1.0,1.0,0.2064248983,0.2404800795,0.030777812,0.03616398573
1720,1.0,0.0,0.0,0.0,1.0,1.0,0.2207671895,0.2490132163,0.03330862522,0.0379562974
1721,1.0,0.0,0.0,0.0,1.0,1.0,0.2281520121,0.2599898509,0.03475606441,0.03994351625
1722,1.0,0.0,0.0,0.0,1.0,1.0,0.2209650749,0.258301891,0.03375887871,0.03973162174
1723,1.0,0.0,0.0,0.0,1.0,1.0,0.2318031126,0.2657382557,0.03546637297,0.04086351395
1724,1.0,0.0,0.0,0.0,1.0,1.0,0.2422890546,0.2698492782,0.03777426481,0.04249602556
1725,1.0,0.0,0.0,0.0,1.0,1.0,0.2523846283,0.2731806335,0.03923773766,0.04289984703
1726,1.0,0.0,0.0,0.0,1.0,1.0,0.2473195816,0.2776230518,0.03832095861,0.04330796003
1727,1.0,0.0,0.0,0.0,1.0,1.0,0.2595513867,0.2884295306,0.04025685787,0.04496222734
1728,1.0,0.0,0.0,0.0,1.0,1.0,0.2688854857,0.2968142342,0.04201310873,0.04676932096
1729,1.0,0.0,0.0,0.0,1.0,1.0,0.2655035366,0.2884294883,0.04120361805,0.04514020681
1730,1.0,0.0,0.0,0.0,1.0,1.0,0.2600588918,0.2850754425,0.03976792097,0.0441865325
1731,1.0,0.0,0.0,0.0,1.0,1.0,0.26618327,0.2928828255,0.0414249897,0.04611456394
1732,1.0,0.0,0.0,0.0,1.0,1.0,0.2636456672,0.2879748467,0.04014647007,0.04460722208
1733,1.0,0.0,0.0,0.0,1.0,1.0,0.2643576368,0.2910834737,0.04094022512,0.04569458961
1734,1.0,0.0,0.0,0.0,1.0,1.0,0.277810997,0.3001677001,0.04347771406,0.04745429754
1735,1.0,0.0,0.0,0.0,1.0,1.0,0.2767682559,0.3011786018,0.04319173098,0.04772424698
1736,1.0,0.0,0.0,0.0,1.0,1.0,0.2747202907,0.2981666443,0.04316192865,0.0473986268
1737,1.0,0.0,0.0,0.0,1.0,1.0,0.2435187119,0.2739333233,0.03873747587,0.04438668489
1738,1.0,0.0,0.0,0.0,1.0,1.0,0.1889918219,0.2439715057,0.0299398303,0.03911054134
1739,1.0,0.0,0.0,0.0,1.0,1.0,0.1048366503,0.2080750199,0.0162602663,0.03306251764
1740,1.0,0.0,0.0,0.0,1.0,1.0,0.05212897936,0.2427721637,0.007958173752,0.03759562969
1741,1.0,0.0,0.0,0.0,1.0,1.0,0.04559517904,0.2579785206,0.006908535957,0.03951662779
1742,1.0,0.0,0.0,0.0,1.0,1.0,0.04733260271,0.2579788764,0.007094681263,0.03902059793
1743,1.0,0.0,0.0,0.0,1.0,1.0,0.05451489332,0.26880306,0.008244812489,0.04094934464
1744,1.0,0.0,0.0,0.0,1.0,1.0,0.04733239014,0.2643449032,0.007185697556,0.04035043716
1745,1.0,0.0,0.0,0.0,1.0,1.0,0.05674492888,0.2662745047,0.008526146412,0.04015535116
1746,1.0,0.0,0.0,0.0,1.0,1.0,0.06994236765,0.2727414045,0.01042830944,0.04089003801
1747,1.0,0.0,0.0,0.0,1.0,1.0,0.06981400439,0.2792556215,0.0105060339,0.04202407598
1748,1.0,0.0,0.0,0.0,1.0,1.0,0.07191531831,0.2873852131,0.01080387831,0.04349267483
1749,1.0,0.0,0.0,0.0,1.0,1.0,0.06650644932,0.296881983,0.00996029377,0.04454451799
1750,1.0,0.0,0.0,0.0,1.0,1.0,0.06406688604,0.2884418552,0.009634912014,0.04321938753
1751,1.0,0.0,0.0,0.0,1.0,1.0,0.06613968367,0.295038217,0.009921729565,0.04409646988
1752,1.0,0.0,0.0,0.0,1.0,1.0,0.06565696998,0.2972318032,0.009850025177,0.04377776384
1753,1.0,0.0,0.0,0.0,1.0,1.0,0.06212273444,0.2998324784,0.009390354156,0.04474210739
1754,1.0,0.0,0.0,0.0,1.0,1.0,0.06051675473,0.3009472958,0.009166121483,0.04499727488
1755,1.0,0.0,0.0,0.0,1.0,1.0,0.05279385654,0.3132576355,0.008012652397,0.04641807079
1756,1.0,0.0,0.0,0.0,1.0,1.0,0.04485837282,0.3009268292,0.006936490536,0.04578071833
1757,1.0,0.0,0.0,0.0,1.0,1.0,0.1092580581,0.2883691054,0.01709324121,0.04511487484
1758,1.0,0.0,0.0,0.0,1.0,1.0,0.2077877645,0.2970850662,0.03297787905,0.04715019464
1759,1.0,0.0,0.0,0.0,1.0,1.0,0.2843670556,0.3231530503,0.04661107063,0.05288040638
1760,1.0,0.0,0.0,0.0,1.0,1.0,0.2953276594,0.3254758908,0.04764586687,0.05329871178
1761,1.0,0.0,0.0,0.0,1.0,1.0,0.3138742533,0.3452019428,0.05142575502,0.05683898926
1762,1.0,0.0,0.0,0.0,1.0,1.0,0.3041063688,0.3342395152,0.04975658655,0.05486673117
1763,1.0,0.0,0.0,0.0,1.0,1.0,0.323739491,0.3489854672,0.05260062218,0.05745607615
1764,1.0,0.0,0.0,0.0,1.0,1.0,0.3221883449,0.3496396047,0.05284142494,0.05715501308
1765,1.0,0.0,0.0,0.0,1.0,1.0,0.331506143,0.3571775513,0.05499118567,0.05934691429
1766,1.0,0.0,0.0,0.0,1.0,1.0,0.3358779941,0.3607255931,0.05577600002,0.05931299925
1767,1.0,0.0,0.0,0.0,1.0,1.0,0.3391845839,0.3619241078,0.05632823706,0.05960947275
1768,1.0,0.0,0.0,0.0,1.0,1.0,0.336413535,0.3607256852,0.05606001616,0.05932563543
1769,1.0,0.0,0.0,0.0,1.0,1.0,0.3510234351,0.3727291083,0.05825895071,0.06095612049
1770,1.0,0.0,0.0,0.0,1.0,1.0,0.3422967015,0.3682157202,0.05733156204,0.06057679653
1771,1.0,0.0,0.0,0.0,1.0,1.0,0.3391253584,0.3628335607,0.05697512627,0.06026214361
1772,1.0,0.0,0.0,0.0,1.0,1.0,0.3146694426,0.349142621,0.05178314447,0.05661261082
1773,1.0,0.0,0.0,0.0,1.0,1.0,0.2636256966,0.3331476016,0.04271900654,0.05299323797
1774,1.0,0.0,0.0,0.0,1.0,1.0,0.0552177463,0.3713884046,0.008374273777,0.05331629515
1775,1.0,0.0,0.0,0.0,1.0,1.0,0.05144192597,0.3689347562,0.007856845856,0.05303364992
1776,1.0,0.0,0.0,0.0,1.0,1.0,0.04978786134,0.3650304048,0.007565200329,0.05239582062
1777,1.0,0.0,0.0,0.0,1.0,1.0,0.05172706316,0.356663357,0.007859528065,0.05108696222
1778,1.0,0.0,0.0,0.0,1.0,1.0,0.06292776714,0.3591746206,0.009558260441,0.05172711611
1779,1.0,0.0,0.0,0.0,1.0,1.0,0.05552449851,0.3630782014,0.008418440819,0.05219435692
1780,1.0,0.0,0.0,0.0,1.0,1.0,0.04821080883,0.3625425233,0.007332086563,0.05217033625
1781,1.0,0.0,0.0,0.0,1.0,1.0,0.05347566142,0.3645023408,0.008199155331,0.05258768797
1782,1.0,0.0,0.0,0.0,1.0,1.0,0.05327900089,0.3655548838,0.008166491985,0.05294150114
1783,1.0,0.0,0.0,0.0,1.0,1.0,0.0494231206,0.3525161412,0.007587015629,0.05114191771
1784,1.0,0.0,0.0,0.0,1.0,1.0,0.1998883151,0.3050928044,0.03186458349,0.04738837481
1785,1.0,0.0,0.0,0.0,1.0,1.0,0.2742272935,0.3365467235,0.04417556524,0.05269128084
1786,1.0,0.0,0.0,0.0,1.0,1.0,0.3144863791,0.3595966879,0.05118137598,0.05707669258
1787,1.0,0.0,0.0,0.0,1.0,1.0,0.326517525,0.3663494463,0.05314069986,0.05853569508
1788,1.0,0.0,0.0,0.0,1.0,1.0,0.3071373371,0.366689561,0.05005395412,0.05817085505
1789,1.0,0.0,0.0,0.0,1.0,1.0,0.2926815227,0.3513392724,0.04787969589,0.05604100227
1790,1.0,0.0,0.0,0.0,1.0,1.0,0.2960075358,0.3547503105,0.04784625769,0.05591022968
1791,1.0,0.0,0.0,0.0,1.0,1.0,0.3014984487,0.3615727415,0.04843622446,0.05673187971
1792,1.0,0.0,0.0,0.0,1.0,1.0,0.3122224322,0.3642034623,0.05082112551,0.05781239271
1793,1.0,0.0,0.0,0.0,1.0,1.0,0.3138744748,0.3663494598,0.05068206787,0.05788421631
1794,1.0,0.0,0.0,0.0,1.0,1.0,0.3101717852,0.3605367183,0.05067116022,0.05764174461
1795,1.0,0.0,0.0,0.0,1.0,1.0,0.3039624937,0.3509748457,0.0494415164,0.05642783642
1796,1.0,0.0,0.0,0.0,1.0,1.0,0.3204822515,0.3588600961,0.05188977718,0.05723923445
1797,1.0,0.0,0.0,0.0,1.0,1.0,0.3122223161,0.3555062517,0.05055063963,0.05670231581
1798,1.0,0.0,0.0,0.0,1.0,1.0,0.3023107101,0.3481390854,0.04918527603,0.05617332458
1799,1.0,0.0,0.0,0.0,1.0,1.0,0.3001624437,0.3459609617,0.04870814085,0.05539888144
1800,1.0,0.0,0.0,0.0,1.0,1.0,0.3100577068,0.3514704722,0.05016791821,0.05630552769
1801,1.0,0.0,0.0,0.0,1.0,1.0,0.3101714637,0.3430427594,0.05023884773,0.0552893281
1802,1.0,0.0,0.0,0.0,1.0,1.0,0.310171638,0.3441787755,0.05022501945,0.05527412891
1803,1.0,0.0,0.0,0.0,1.0,1.0,0.3173351302,0.3534207482,0.05157953501,0.05716282129
1804,1.0,0.0,0.0,0.0,1.0,1.0,0.3222421212,0.3564783944,0.05245506763,0.05831301212
1805,1.0,0.0,0.0,0.0,1.0,1.0,0.3146695563,0.3489854595,0.0510083437,0.0562941432
1806,1.0,0.0,0.0,0.0,1.0,1.0,0.2689527441,0.3208908951,0.04294425249,0.05089688301
1807,1.0,0.0,0.0,0.0,1.0,1.0,0.05552430809,0.3265325096,0.008425951004,0.04919689894
1808,1.0,0.0,0.0,0.0,1.0,1.0,0.06268903221,0.3270900565,0.00956094265,0.04917055368
1809,1.0,0.0,0.0,0.0,1.0,1.0,0.1883765823,0.2872962348,0.02930372953,0.04476958513
1810,1.0,0.0,0.0,0.0,1.0,1.0,0.2447263377,0.3121123091,0.03871744871,0.04954749346
1811,1.0,0.0,0.0,0.0,1.0,1.0,0.2819795908,0.3264844533,0.0448231101,0.05198419094
1812,1.0,0.0,0.0,0.0,1.0,1.0,0.2983409657,0.3358783436,0.04825937748,0.0549620986
1813,1.0,0.0,0.0,0.0,1.0,1.0,0.3033132929,0.3386265622,0.0488935113,0.05503857136
1814,1.0,0.0,0.0,0.0,1.0,1.0,0.3094296502,0.3336901195,0.04963093996,0.05440831184
1815,1.0,0.0,0.0,0.0,1.0,1.0,0.3109745851,0.3419143711,0.04980182648,0.0553945303
1816,1.0,0.0,0.0,0.0,1.0,1.0,0.3114926915,0.3402008577,0.04974544048,0.05559784174
1817,1.0,0.0,0.0,0.0,1.0,1.0,0.311383877,0.3364133759,0.04984104633,0.05520027876
1818,1.0,0.0,0.0,0.0,1.0,1.0,0.312012611,0.3424318309,0.04981541634,0.05567610264
1819,1.0,0.0,0.0,0.0,1.0,1.0,0.3143004519,0.3419141755,0.05071902275,0.05581772327
1820,1.0,0.0,0.0,0.0,1.0,1.0,0.3160489901,0.3434563692,0.05070137978,0.05601036549
1821,1.0,0.0,0.0,0.0,1.0,1.0,0.316048572,0.3429456479,0.05077546835,0.05582642555
1822,1.0,0.0,0.0,0.0,1.0,1.0,0.3210127783,0.3418288121,0.05172145367,0.05598717928
1823,1.0,0.0,0.0,0.0,1.0,1.0,0.3139690393,0.3417446104,0.05055689812,0.05611556768
1824,1.0,0.0,0.0,0.0,1.0,1.0,0.3150055522,0.3428503658,0.05053055286,0.0560862422
1825,1.0,0.0,0.0,0.0,1.0,1.0,0.3183042089,0.343356721,0.05094361305,0.05622273684
1826,1.0,0.0,0.0,0.0,1.0,1.0,0.3133562695,0.3390965504,0.05006748438,0.05507427454
1827,1.0,0.0,0.0,0.0,1.0,1.0,0.3127393635,0.3439639217,0.04964363575,0.05568492413
1828,1.0,0.0,0.0,0.0,1.0,1.0,0.3105703584,0.3434562196,0.05019581318,0.05633676052
1829,1.0,0.0,0.0,0.0,1.0,1.0,0.3150054808,0.3506238594,0.05098348856,0.05712288618
1830,1.0,0.0,0.0,0.0,1.0,1.0,0.2978470197,0.3398100993,0.04778116941,0.05415195227
1831,1.0,0.0,0.0,0.0,1.0,1.0,0.3150054266,0.3503026958,0.05041152239,0.05569022894
1832,1.0,0.0,0.0,0.0,1.0,1.0,0.3034607227,0.345322032,0.04920804501,0.05562651157
1833,1.0,0.0,0.0,0.0,1.0,1.0,0.3150055794,0.352938393,0.05078947544,0.05690550804
1834,1.0,0.0,0.0,0.0,1.0,1.0,0.3143941106,0.3484895524,0.0503692627,0.05620145798
1835,1.0,0.0,0.0,0.0,1.0,1.0,0.3161331017,0.3529380694,0.0507401228,0.05655407906
1836,1.0,0.0,0.0,0.0,1.0,1.0,0.3087976899,0.3491426802,0.04923331738,0.05585068464
1837,1.0,0.0,0.0,0.0,1.0,1.0,0.3143003795,0.3496397273,0.05022126436,0.05633282661
1838,1.0,0.0,0.0,0.0,1.0,1.0,0.311707126,0.3517772558,0.05043965578,0.0571115613
1839,1.0,0.0,0.0,0.0,1.0,1.0,0.3067594236,0.3473473341,0.04927223921,0.05615979433
1840,1.0,0.0,0.0,0.0,1.0,1.0,0.3046074374,0.3445787398,0.04903078079,0.05592161417
1841,1.0,0.0,0.0,0.0,1.0,1.0,0.3090378183,0.3499674093,0.04941892624,0.05651634932
1842,1.0,0.0,0.0,0.0,1.0,1.0,0.3039624795,0.3462118136,0.04892456532,0.05636960268
1843,1.0,0.0,0.0,0.0,1.0,1.0,0.3016556342,0.3440698482,0.04841303825,0.05586117506
1844,1.0,0.0,0.0,0.0,1.0,1.0,0.297991152,0.3425239756,0.04736107588,0.05507719517
1845,1.0,0.0,0.0,0.0,1.0,1.0,0.3013393843,0.3413932658,0.04776597023,0.05493080616
1846,1.0,0.0,0.0,0.0,1.0,1.0,0.2981665811,0.3424316031,0.04701554775,0.05489528179
1847,1.0,0.0,0.0,0.0,1.0,1.0,0.2881722268,0.3369829562,0.0456314683,0.05407202244
1848,1.0,0.0,0.0,0.0,1.0,1.0,0.2943447068,0.3407931581,0.04698312283,0.05521178246
1849,1.0,0.0,0.0,0.0,1.0,1.0,0.2924785461,0.3413934438,0.04639536142,0.05487912893
1850,1.0,0.0,0.0,0.0,1.0,1.0,0.2919906686,0.3392147334,0.04673939943,0.05475187302
1851,1.0,0.0,0.0,0.0,1.0,1.0,0.2965009078,0.3446922566,0.04743456841,0.05569571257
1852,1.0,0.0,0.0,0.0,1.0,1.0,0.2827041759,0.3336953863,0.04548424482,0.05431354046
1853,1.0,0.0,0.0,0.0,1.0,1.0,0.2869849292,0.3293241101,0.04551756382,0.05319201946
1854,1.0,0.0,0.0,0.0,1.0,1.0,0.2874427424,0.3375163886,0.04607504606,0.05454862118
1855,1.0,0.0,0.0,0.0,1.0,1.0,0.2827041277,0.3309623676,0.04508686066,0.05357372761
1856,1.0,0.0,0.0,0.0,1.0,1.0,0.2824869482,0.3326012589,0.04532593489,0.05380797386
1857,1.0,0.0,0.0,0.0,1.0,1.0,0.2739333899,0.3249819918,0.04385751486,0.0528948307
1858,1.0,0.0,0.0,0.0,1.0,1.0,0.2486007119,0.3110844709,0.03928041458,0.04989671707
1859,1.0,0.0,0.0,0.0,1.0,1.0,0.2578660536,0.3139694059,0.04063886404,0.05073219538
1860,1.0,0.0,0.0,0.0,1.0,1.0,0.2737967745,0.3194936404,0.0433536768,0.05186480284
1861,1.0,0.0,0.0,0.0,1.0,1.0,0.2737966464,0.3244089795,0.04331445694,0.05261510611
1862,1.0,0.0,0.0,0.0,1.0,1.0,0.289620315,0.3342395527,0.04620403051,0.0544834137
1863,1.0,0.0,0.0,0.0,1.0,1.0,0.3048296381,0.3413127885,0.04870855808,0.05562895536
1864,1.0,0.0,0.0,0.0,1.0,1.0,0.3103445315,0.3483397519,0.04954373837,0.05700188875
1865,1.0,0.0,0.0,0.0,1.0,1.0,0.3086758158,0.3445789611,0.04922682047,0.05614519119
1866,1.0,0.0,0.0,0.0,1.0,1.0,0.3086757284,0.3478450285,0.0492297411,0.05668073893
1867,1.0,0.0,0.0,0.0,1.0,1.0,0.3154384078,0.3504533431,0.05035930872,0.05725055933
1868,1.0,0.0,0.0,0.0,1.0,1.0,0.3121179503,0.3467118184,0.04997414351,0.05661964417
1869,1.0,0.0,0.0,0.0,1.0,1.0,0.3098270275,0.347844936,0.04982221127,0.05705446005
1870,1.0,0.0,0.0,0.0,1.0,1.0,0.3044656354,0.3429455548,0.04903554916,0.05596446991
1871,1.0,0.0,0.0,0.0,1.0,1.0,0.3059854891,0.3407186771,0.04924356937,0.05620187521
1872,1.0,0.0,0.0,0.0,1.0,1.0,0.3011565958,0.3353176846,0.04872882366,0.055154562
1873,1.0,0.0,0.0,0.0,1.0,1.0,0.3003333345,0.3375162705,0.04778009653,0.05468159914
1874,1.0,0.0,0.0,0.0,1.0,1.0,0.302659542,0.340200869,0.04827898741,0.05544126034
1875,1.0,0.0,0.0,0.0,1.0,1.0,0.2941500251,0.330962522,0.04690349102,0.05383241177
1876,1.0,0.0,0.0,0.0,1.0,1.0,0.2941501363,0.3304075442,0.04712378979,0.0538175106
1877,1.0,0.0,0.0,0.0,1.0,1.0,0.2943446595,0.334780346,0.04704290628,0.054484725
1878,1.0,0.0,0.0,0.0,1.0,1.0,0.2807795599,0.3221883658,0.04465347528,0.05209571123
1879,1.0,0.0,0.0,0.0,1.0,1.0,0.2451781171,0.3142056625,0.03829157352,0.04999178648
1880,1.0,0.0,0.0,0.0,1.0,1.0,0.2198083401,0.3072609618,0.03409862518,0.04848402739
1881,1.0,0.0,0.0,0.0,1.0,1.0,0.21943155,0.3066083387,0.0341194272,0.04824697971
1882,1.0,0.0,0.0,0.0,1.0,1.0,0.2297174313,0.3102296661,0.03589737415,0.04955983162
1883,1.0,0.0,0.0,0.0,1.0,1.0,0.2249603563,0.3055723648,0.03529006243,0.04875952005
1884,1.0,0.0,0.0,0.0,1.0,1.0,0.2259013094,0.3068756889,0.03525090218,0.04887056351
1885,1.0,0.0,0.0,0.0,1.0,1.0,0.2511419354,0.3158768509,0.039093256,0.05026268959
1886,1.0,0.0,0.0,0.0,1.0,1.0,0.2600589521,0.3137781381,0.04093152285,0.05056244135
1887,1.0,0.0,0.0,0.0,1.0,1.0,0.2765857084,0.3210129776,0.04368680716,0.05199539661
1888,1.0,0.0,0.0,0.0,1.0,1.0,0.2831467326,0.3265504325,0.04492640495,0.05294907093
1889,1.0,0.0,0.0,0.0,1.0,1.0,0.2860355605,0.3309412955,0.04586493969,0.05395877361
1890,1.0,0.0,0.0,0.0,1.0,1.0,0.2874874331,0.3292866247,0.04576426744,0.05357116461
1891,1.0,0.0,0.0,0.0,1.0,1.0,0.2963168668,0.3397440211,0.04731845856,0.0550711751
1892,1.0,0.0,0.0,0.0,1.0,1.0,0.3045435379,0.3413937357,0.04862302542,0.0556076169
1893,1.0,0.0,0.0,0.0,1.0,1.0,0.3050571503,0.3435581746,0.04852461815,0.05603122711
1894,1.0,0.0,0.0,0.0,1.0,1.0,0.3041780323,0.3396797002,0.04876321554,0.05572938919
1895,1.0,0.0,0.0,0.0,1.0,1.0,0.3051988824,0.3392145994,0.04883289337,0.05500406027
1896,1.0,0.0,0.0,0.0,1.0,1.0,0.3023523935,0.3364459934,0.04787069559,0.05425345898
1897,1.0,0.0,0.0,0.0,1.0,1.0,0.2989925301,0.3364454631,0.04804211855,0.05505949259
1898,1.0,0.0,0.0,0.0,1.0,1.0,0.3018448848,0.3397444509,0.04847145081,0.0554729104
1899,1.0,0.0,0.0,0.0,1.0,1.0,0.3068756226,0.3408693649,0.04921287298,0.05539810658
1900,1.0,0.0,0.0,0.0,1.0,1.0,0.3085524013,0.3441787835,0.04967045784,0.05614924431
1901,1.0,0.0,0.0,0.0,1.0,1.0,0.3062259888,0.3453224426,0.04909712076,0.05611109734
1902,1.0,0.0,0.0,0.0,1.0,1.0,0.3164064783,0.3512889244,0.0506669879,0.05710083246
1903,1.0,0.0,0.0,0.0,1.0,1.0,0.3119062576,0.35030269,0.04963093996,0.05630177259
1904,1.0,0.0,0.0,0.0,1.0,1.0,0.3095914415,0.343141624,0.04968386889,0.0556243062
1905,1.0,0.0,0.0,0.0,1.0,1.0,0.2961307684,0.3437677984,0.04753470421,0.05536717176
1906,1.0,0.0,0.0,0.0,1.0,1.0,0.2979913247,0.3386813583,0.04782277346,0.0548080802
1907,1.0,0.0,0.0,0.0,1.0,1.0,0.2956334748,0.3431417855,0.04688811302,0.05488038063
1908,1.0,0.0,0.0,0.0,1.0,1.0,0.2996653219,0.342618012,0.04801344872,0.05498743057
1909,1.0,0.0,0.0,0.0,1.0,1.0,0.2894005041,0.3348128598,0.04618453979,0.0539714694
1910,1.0,0.0,0.0,0.0,1.0,1.0,0.2905941637,0.337604274,0.04688435793,0.05474358797
1911,1.0,0.0,0.0,0.0,1.0,1.0,0.2872547959,0.3365122621,0.04487961531,0.05311191082
1912,1.0,0.0,0.0,0.0,1.0,1.0,0.2906539619,0.3370600247,0.04525011778,0.05318874121
1913,1.0,0.0,0.0,0.0,1.0,1.0,0.2906543758,0.3364785943,0.04557102919,0.05383235216
1914,1.0,0.0,0.0,0.0,1.0,1.0,0.2911494696,0.3376042447,0.04576301575,0.05405920744
1915,1.0,0.0,0.0,0.0,1.0,1.0,0.2889541248,0.339275177,0.044914186,0.05363279581
1916,1.0,0.0,0.0,0.0,1.0,1.0,0.2708604908,0.3275764864,0.0420717597,0.05219036341
1917,1.0,0.0,0.0,0.0,1.0,1.0,0.2507250708,0.324648783,0.03887993097,0.05121427774
1918,1.0,0.0,0.0,0.0,1.0,1.0,0.2347568725,0.3184661814,0.0365550518,0.05053192377
1919,1.0,0.0,0.0,0.0,1.0,1.0,0.2371258303,0.3176921565,0.03620970249,0.04962074757
1920,1.0,0.0,0.0,0.0,1.0,1.0,0.2230741489,0.3142574364,0.03439843655,0.04956620932
1921,1.0,0.0,0.0,0.0,1.0,1.0,0.2058713136,0.3118947631,0.03161418438,0.04890733957
1922,1.0,0.0,0.0,0.0,1.0,1.0,0.2073312596,0.3053848809,0.03193354607,0.04803669453
1923,1.0,0.0,0.0,0.0,1.0,1.0,0.2002427937,0.3060572615,0.03096991777,0.04851037264
1924,1.0,0.0,0.0,0.0,1.0,1.0,0.2009555576,0.3060571903,0.03089243174,0.04838895798
1925,1.0,0.0,0.0,0.0,1.0,1.0,0.1831715879,0.3134139057,0.02841991186,0.04966592789
1926,1.0,0.0,0.0,0.0,1.0,1.0,0.1849503195,0.3162569364,0.02859681845,0.04976940155
1927,1.0,0.0,0.0,0.0,1.0,1.0,0.1891802736,0.3145097561,0.02914071083,0.04948419333
1928,1.0,0.0,0.0,0.0,1.0,1.0,0.1809024303,0.3231410792,0.02796900272,0.05067652464
1929,1.0,0.0,0.0,0.0,1.0,1.0,0.1791111366,0.3289975197,0.02775740623,0.05135124922
1930,1.0,0.0,0.0,0.0,1.0,1.0,0.1766871359,0.3254411019,0.02735751867,0.05056995153
1931,1.0,0.0,0.0,0.0,1.0,1.0,0.1740497692,0.3349382775,0.02694910765,0.05195349455
1932,1.0,0.0,0.0,0.0,1.0,1.0,0.1742801114,0.3343327783,0.02705818415,0.05190747976
1933,1.0,0.0,0.0,0.0,1.0,1.0,0.1797557513,0.3355526944,0.02779453993,0.05169785023
1934,1.0,0.0,0.0,0.0,1.0,1.0,0.1641940513,0.3409648849,0.02533084154,0.05203837156
1935,1.0,0.0,0.0,0.0,1.0,1.0,0.1509947347,0.3543476319,0.0232232213,0.0539110899
1936,1.0,0.0,0.0,0.0,1.0,1.0,0.1701557925,0.3512531051,0.02631956339,0.05374735594
1937,1.0,0.0,0.0,0.0,1.0,1.0,0.1566692113,0.3757159426,0.02417188883,0.05640107393
1938,1.0,0.0,0.0,0.0,1.0,1.0,0.1731883661,0.369681898,0.02665126324,0.05524587631
1939,1.0,0.0,0.0,0.0,1.0,1.0,0.1699233759,0.3766833336,0.02610963583,0.05586898327
1940,1.0,0.0,0.0,0.0,1.0,1.0,0.1629527132,0.3836810315,0.02526938915,0.05755800009
1941,1.0,0.0,0.0,0.0,1.0,1.0,0.1701947865,0.3937195483,0.02626633644,0.05812126398
1942,1.0,0.0,0.0,0.0,1.0,1.0,0.1641681563,0.3971169577,0.02529901266,0.05810439587
1943,1.0,0.0,0.0,0.0,1.0,1.0,0.1461707097,0.413230737,0.02247399092,0.06039881706
1944,1.0,0.0,0.0,0.0,1.0,1.0,0.1520890043,0.4173914364,0.02335697412,0.06061691046
1945,1.0,0.0,0.0,0.0,1.0,1.0,0.1742144142,0.4102769664,0.02654749155,0.05896347761
1946,1.0,0.0,0.0,0.0,1.0,1.0,0.1582907907,0.4216395015,0.02420020103,0.06078195572
1947,1.0,0.0,0.0,0.0,1.0,1.0,0.1577104041,0.4311318206,0.02409571409,0.06164008379
1948,1.0,0.0,0.0,0.0,1.0,1.0,0.161619744,0.4365150646,0.0244731307,0.06216740608
1949,1.0,0.0,0.0,0.0,1.0,1.0,0.1668793119,0.44046536,0.02576601505,0.06314086914
1950,1.0,0.0,0.0,0.0,1.0,1.0,0.1699234342,0.4463909275,0.02602106333,0.0632339716
1951,1.0,0.0,0.0,0.0,1.0,1.0,0.1693343464,0.4435274685,0.02583801746,0.0620675087
1952,1.0,0.0,0.0,0.0,1.0,1.0,0.1782092409,0.4614358185,0.02713537216,0.06406188011
1953,1.0,0.0,0.0,0.0,1.0,1.0,0.1788666582,0.4712814933,0.02717995644,0.06500780582
1954,1.0,0.0,0.0,0.0,1.0,1.0,0.177022729,0.4733130097,0.02697592974,0.06547290087
1955,1.0,0.0,0.0,0.0,1.0,1.0,0.1798626332,0.4690004341,0.02719753981,0.06420856714
1956,1.0,0.0,0.0,0.0,1.0,1.0,0.1810451845,0.4750434624,0.02763849497,0.06514781713
1957,1.0,0.0,0.0,0.0,1.0,1.0,0.1857698659,0.4770066669,0.02798771858,0.06465166807
1958,1.0,0.0,0.0,0.0,1.0,1.0,0.1815499344,0.4811360153,0.02780556679,0.06544137001
1959,1.0,0.0,0.0,0.0,1.0,1.0,0.1865869917,0.4976475408,0.02806222439,0.06668257713
1960,1.0,0.0,0.0,0.0,1.0,1.0,0.1902819628,0.4935260284,0.02884930372,0.06694155931
1961,1.0,0.0,0.0,0.0,1.0,1.0,0.1939765108,0.497647221,0.02955847979,0.06756228209
1962,1.0,0.0,0.0,0.0,1.0,1.0,0.1969160915,0.5018031204,0.0300115943,0.06823390722
1963,1.0,0.0,0.0,0.0,1.0,1.0,0.202113166,0.503919982,0.03064787388,0.067481637
1964,1.0,0.0,0.0,0.0,1.0,1.0,0.2069737538,0.5102637608,0.03102248907,0.06763470173
1965,1.0,0.0,0.0,0.0,1.0,1.0,0.2054927888,0.5168054267,0.03104901314,0.06830781698
1966,1.0,0.0,0.0,0.0,1.0,1.0,0.2051093456,0.5360254706,0.0308329463,0.07035517693
1967,1.0,0.0,0.0,0.0,1.0,1.0,0.209530461,0.5399522103,0.03168708086,0.07150620222
1968,1.0,0.0,0.0,0.0,1.0,1.0,0.2013799098,0.5443770831,0.03024041653,0.07168108225
1969,1.0,0.0,0.0,0.0,1.0,1.0,0.2058222956,0.5402969691,0.03070670366,0.0699890852
1970,1.0,0.0,0.0,0.0,1.0,1.0,0.2124509663,0.5509743849,0.03193610907,0.07164788246
1971,1.0,0.0,0.0,0.0,1.0,1.0,0.2179931912,0.5420701618,0.03283268213,0.07123011351
1972,1.0,0.0,0.0,0.0,1.0,1.0,0.2107033429,0.536181249,0.03159219027,0.0698941946
1973,1.0,0.0,0.0,0.0,1.0,1.0,0.2150932201,0.5535701635,0.03258359432,0.07218950987
1974,1.0,0.0,0.0,0.0,1.0,1.0,0.2162973336,0.5490494713,0.03246122599,0.07163846493
1975,1.0,0.0,0.0,0.0,1.0,1.0,0.2253823737,0.5509743068,0.03379505873,0.07146823406
1976,1.0,0.0,0.0,0.0,1.0,1.0,0.2309247631,0.5486300984,0.03483730555,0.07190418243
1977,1.0,0.0,0.0,0.0,1.0,1.0,0.2302187874,0.5441876487,0.03508496284,0.07156217098
1978,1.0,0.0,0.0,0.0,1.0,1.0,0.2169475712,0.5667830492,0.03276526928,0.073371768
1979,1.0,0.0,0.0,0.0,1.0,1.0,0.2259767741,0.5533390573,0.03455710411,0.07248562574
1980,1.0,0.0,0.0,0.0,1.0,1.0,0.2249667275,0.5488391124,0.03411960602,0.07187491655
1981,1.0,0.0,0.0,0.0,1.0,1.0,0.2103108054,0.5428007697,0.03178650141,0.07088679075
1982,1.0,0.0,0.0,0.0,1.0,1.0,0.2416830731,0.485325911,0.03675305843,0.06521600485
1983,1.0,0.0,0.0,0.0,1.0,1.0,0.3007016383,0.411424308,0.04777389765,0.06047677994
1984,1.0,0.0,0.0,0.0,1.0,1.0,0.3354173939,0.4059106299,0.05380564928,0.06145316362
1985,1.0,0.0,0.0,0.0,1.0,1.0,0.3194798783,0.3809929825,0.0508710742,0.05848813057
1986,1.0,0.0,0.0,0.0,1.0,1.0,0.1033255687,0.4076151477,0.01556324959,0.05885744095
1987,1.0,0.0,0.0,0.0,1.0,1.0,0.07514611323,0.4013506024,0.01123034954,0.05727469921
1988,1.0,0.0,0.0,0.0,1.0,1.0,0.2082171697,0.3136547385,0.03211599588,0.04737108946
1989,1.0,0.0,0.0,0.0,1.0,1.0,0.2615987921,0.3268723367,0.0412825942,0.05054473877
1990,1.0,0.0,0.0,0.0,1.0,1.0,0.2996705083,0.3474880062,0.04826319218,0.05478525162
1991,1.0,0.0,0.0,0.0,1.0,1.0,0.3020821145,0.3445788178,0.04885733128,0.05483454466
1992,1.0,0.0,0.0,0.0,1.0,1.0,0.2957696229,0.334780558,0.04721403122,0.05318069458
1993,1.0,0.0,0.0,0.0,1.0,1.0,0.2869523274,0.3298813751,0.04597276449,0.05276423693
1994,1.0,0.0,0.0,0.0,1.0,1.0,0.2791830359,0.3178550629,0.04463422298,0.0512368679
1995,1.0,0.0,0.0,0.0,1.0,1.0,0.2850866315,0.3159525048,0.04602217674,0.05184108019
1996,1.0,0.0,0.0,0.0,1.0,1.0,0.2853218527,0.3113278123,0.045812428,0.0510481596
1997,1.0,0.0,0.0,0.0,1.0,1.0,0.2822726261,0.2972617186,0.0453619957,0.04879051447
1998,1.0,0.0,0.0,0.0,1.0,1.0,0.2808887492,0.2928302617,0.04550021887,0.04867470264
1999,1.0,0.0,0.0,0.0,1.0,1.0,0.2862640929,0.2896473169,0.04569965601,0.04807710648
2000,1.0,0.0,0.0,0.0,1.0,1.0,0.293368439,0.2889760336,0.04648262262,0.04753309488
2001,1.0,0.0,0.0,0.0,1.0,1.0,0.2940507401,0.2934867681,0.04737579823,0.04923886061
2002,1.0,0.0,0.0,0.0,1.0,1.0,0.2941500925,0.2940480285,0.04744172096,0.0493286252
2003,1.0,0.0,0.0,0.0,1.0,1.0,0.2957024956,0.2928300817,0.04781234264,0.04914790392
2004,1.0,0.0,0.0,0.0,1.0,1.0,0.291018649,0.287379554,0.04663467407,0.04796713591
2005,1.0,0.0,0.0,0.0,1.0,1.0,0.3016557585,0.3020822346,0.048420012,0.05001628399
2006,1.0,0.0,0.0,0.0,1.0,1.0,0.3026595813,0.3001568551,0.04846328497,0.04926210642
2007,1.0,0.0,0.0,0.0,1.0,1.0,0.2937551623,0.2942438298,0.04657280445,0.04791110754
2008,1.0,0.0,0.0,0.0,1.0,1.0,0.2857965333,0.2853193648,0.04543238878,0.04650771618
2009,1.0,0.0,0.0,0.0,1.0,1.0,0.3011786243,0.3021189248,0.04812848568,0.049741745
2010,1.0,0.0,0.0,0.0,1.0,1.0,0.3035219612,0.3060178719,0.04884517193,0.05073416233
2011,1.0,0.0,0.0,0.0,1.0,1.0,0.3023521986,0.3037521061,0.04850077629,0.05011749268
2012,1.0,0.0,0.0,0.0,1.0,1.0,0.3018449694,0.301444568,0.04849654436,0.05038249493
2013,1.0,0.0,0.0,0.0,1.0,1.0,0.2898887103,0.2939534424,0.04607385397,0.04821681976
2014,1.0,0.0,0.0,0.0,1.0,1.0,0.2939534821,0.2927169399,0.04661971331,0.04821813107
2015,1.0,0.0,0.0,0.0,1.0,1.0,0.2946430807,0.2966088157,0.04700005054,0.04913640022
2016,1.0,0.0,0.0,0.0,1.0,1.0,0.2994958872,0.2894821714,0.04750883579,0.04777574539
2017,1.0,0.0,0.0,0.0,1.0,1.0,0.2949450808,0.2878651389,0.04730165005,0.04811251163
2018,1.0,0.0,0.0,0.0,1.0,1.0,0.2944485634,0.2855550221,0.04684644938,0.04711413383
2019,1.0,0.0,0.0,0.0,1.0,1.0,0.3051988247,0.2956547629,0.04841703176,0.04894906282
2020,1.0,0.0,0.0,0.0,1.0,1.0,0.3033719524,0.2894821671,0.04822826385,0.04796028137
2021,1.0,0.0,0.0,0.0,1.0,1.0,0.3085526551,0.2972614247,0.04944372177,0.04971235991
2022,1.0,0.0,0.0,0.0,1.0,1.0,0.3035218408,0.2927168224,0.0481466651,0.0481466651
2023,1.0,0.0,0.0,0.0,1.0,1.0,0.3080359426,0.2979106165,0.04908561707,0.04961913824
2024,1.0,0.0,0.0,0.0,1.0,1.0,0.2897181678,0.2670641832,0.04528814554,0.04368031025
2025,1.0,0.0,0.0,0.0,1.0,1.0,0.1738954239,0.1137296587,0.02549999952,0.01771581173
2026,1.0,0.0,0.0,0.0,1.0,1.0,0.1854253785,0.09149813676,0.02694535255,0.01401156187
2027,1.0,0.0,0.0,0.0,1.0,1.0,0.2333813542,0.1761729045,0.0354180336,0.02811813354
2028,1.0,0.0,0.0,0.0,1.0,1.0,0.2724172398,0.2316586697,0.04172098637,0.03720343113
2029,1.0,0.0,0.0,0.0,1.0,1.0,0.3051468088,0.274356672,0.04719752073,0.04454600811
2030,1.0,0.0,0.0,0.0,1.0,1.0,0.3222903586,0.2897404623,0.0500535965,0.04739111662
2031,1.0,0.0,0.0,0.0,1.0,1.0,0.3257187392,0.2966082916,0.05066782236,0.04906773567
2032,1.0,0.0,0.0,0.0,1.0,1.0,0.3320121773,0.2979106894,0.05141508579,0.04904210567
2033,1.0,0.0,0.0,0.0,1.0,1.0,0.3394008292,0.3055616534,0.05228233337,0.05044323206
2034,1.0,0.0,0.0,0.0,1.0,1.0,0.333147231,0.2921687776,0.0508158803,0.04793453217
2035,1.0,0.0,0.0,0.0,1.0,1.0,0.333723991,0.2937660039,0.05091798306,0.04854357243
2036,1.0,0.0,0.0,0.0,1.0,1.0,0.3366176366,0.293105373,0.05109864473,0.04820126295
2037,1.0,0.0,0.0,0.0,1.0,1.0,0.3483819491,0.3125240775,0.05329990387,0.05198061466
2038,1.0,0.0,0.0,0.0,1.0,1.0,0.3432077209,0.3055617669,0.05217128992,0.05033612251
2039,1.0,0.0,0.0,0.0,1.0,1.0,0.3469567398,0.3036280215,0.05330115557,0.05091452599
2040,1.0,0.0,0.0,0.0,1.0,1.0,0.3416144993,0.2972618875,0.0516731143,0.04902327061
2041,1.0,0.0,0.0,0.0,1.0,1.0,0.3512024497,0.304941649,0.05359888077,0.05093228817
2042,1.0,0.0,0.0,0.0,1.0,1.0,0.3471010454,0.3001517799,0.0532258749,0.05028373003
2043,1.0,0.0,0.0,0.0,1.0,1.0,0.3506810914,0.3065378935,0.05367022753,0.05152344704
2044,1.0,0.0,0.0,0.0,1.0,1.0,0.3576949704,0.3055621418,0.05476337671,0.05154204369
2045,1.0,0.0,0.0,0.0,1.0,1.0,0.3488451476,0.2976044525,0.05361962318,0.05013436079
2046,1.0,0.0,0.0,0.0,1.0,1.0,0.3545841614,0.3030053125,0.0551546216,0.05163991451
2047,1.0,0.0,0.0,0.0,1.0,1.0,0.3496739562,0.3014188678,0.05353277922,0.05060315132
2048,1.0,0.0,0.0,0.0,1.0,1.0,0.3481591469,0.3036279597,0.05312603712,0.05074727535
2049,1.0,0.0,0.0,0.0,1.0,1.0,0.3596606325,0.311146982,0.05596631765,0.05327564478
2050,1.0,0.0,0.0,0.0,1.0,1.0,0.3602839948,0.3174330221,0.05478996038,0.05320954323
2051,1.0,0.0,0.0,0.0,1.0,1.0,0.3662606421,0.320576023,0.05541300774,0.05332195759
2052,1.0,0.0,0.0,0.0,1.0,1.0,0.3623407472,0.3195707104,0.05531978607,0.05348449945
2053,1.0,0.0,0.0,0.0,1.0,1.0,0.3660897438,0.3148713203,0.05522680283,0.05211544037
2054,1.0,0.0,0.0,0.0,1.0,1.0,0.3590810433,0.3144658726,0.05496704578,0.0528730154
2055,1.0,0.0,0.0,0.0,1.0,1.0,0.3606756714,0.3161812207,0.05591261387,0.05356109142
2056,1.0,0.0,0.0,0.0,1.0,1.0,0.3568227116,0.3212491979,0.05529969931,0.05425137281
2057,1.0,0.0,0.0,0.0,1.0,1.0,0.3526445279,0.3144660666,0.05443388224,0.05286365747
2058,1.0,0.0,0.0,0.0,1.0,1.0,0.3625179186,0.3259716303,0.05654454231,0.05549740791
2059,1.0,0.0,0.0,0.0,1.0,1.0,0.3591215236,0.3140663643,0.05559414625,0.05323404074
2060,1.0,0.0,0.0,0.0,1.0,1.0,0.3588174755,0.3069271213,0.05634778738,0.05289244652
2061,1.0,0.0,0.0,0.0,1.0,1.0,0.3769225797,0.3254357102,0.05909073353,0.05641698837
2062,1.0,0.0,0.0,0.0,1.0,1.0,0.3658973886,0.309278626,0.05798560381,0.05449575186
2063,1.0,0.0,0.0,0.0,1.0,1.0,0.370351736,0.3214667271,0.05874860287,0.05660247803
2064,1.0,0.0,0.0,0.0,1.0,1.0,0.3652958178,0.3214666647,0.0578840971,0.05707257986
2065,1.0,0.0,0.0,0.0,1.0,1.0,0.3702265561,0.3199434015,0.05832803249,0.0561875701
2066,1.0,0.0,0.0,0.0,1.0,1.0,0.3679029936,0.3229903284,0.05766105652,0.05633246899
2067,1.0,0.0,0.0,0.0,1.0,1.0,0.3516234687,0.2992155042,0.05410945415,0.05171048641
2068,1.0,0.0,0.0,0.0,1.0,1.0,0.3393005209,0.2857778971,0.05164068937,0.04896497726
2069,1.0,0.0,0.0,0.0,1.0,1.0,0.3351841207,0.2714535027,0.05124741793,0.04697680473
2070,1.0,0.0,0.0,0.0,1.0,1.0,0.3501948621,0.2915039102,0.05457663536,0.05106425285
2071,1.0,0.0,0.0,0.0,1.0,1.0,0.3533646006,0.302626186,0.05389159918,0.05228292942
2072,1.0,0.0,0.0,0.0,1.0,1.0,0.3480906585,0.3010740743,0.05325430632,0.05217844248
2073,1.0,0.0,0.0,0.0,1.0,1.0,0.3573815559,0.3075205208,0.05532115698,0.05423641205
2074,1.0,0.0,0.0,0.0,1.0,1.0,0.3530539682,0.3100118298,0.05445128679,0.05445128679
2075,1.0,0.0,0.0,0.0,1.0,1.0,0.3571949223,0.3109717096,0.05487561226,0.05433493853
2076,1.0,0.0,0.0,0.0,1.0,1.0,0.3487039649,0.2998322716,0.05342370272,0.05261421204
2077,1.0,0.0,0.0,0.0,1.0,1.0,0.351297399,0.3059831705,0.05401682854,0.0537468195
2078,1.0,0.0,0.0,0.0,1.0,1.0,0.3521260975,0.3059830116,0.05456215143,0.05401921272
2079,1.0,0.0,0.0,0.0,1.0,1.0,0.355777305,0.3134613791,0.0556781292,0.0556781292
2080,1.0,0.0,0.0,0.0,1.0,1.0,0.3531477432,0.3049655954,0.05525702238,0.05418401957
2081,1.0,0.0,0.0,0.0,1.0,1.0,0.3485234957,0.3079849863,0.05463558435,0.05463552475
2082,1.0,0.0,0.0,0.0,1.0,1.0,0.3521438475,0.3091366175,0.05575329065,0.05548393726
2083,1.0,0.0,0.0,0.0,1.0,1.0,0.3480813529,0.3043755991,0.05480194092,0.05453068018
2084,1.0,0.0,0.0,0.0,1.0,1.0,0.3520369206,0.3089185219,0.05548256636,0.05521196127
2085,1.0,0.0,0.0,0.0,1.0,1.0,0.3408950865,0.3062314213,0.05318039656,0.05398613214
2086,1.0,0.0,0.0,0.0,1.0,1.0,0.3451061154,0.3058899076,0.05431556702,0.05431562662
2087,1.0,0.0,0.0,0.0,1.0,1.0,0.3513395219,0.3119469235,0.05528527498,0.05528527498
2088,1.0,0.0,0.0,0.0,1.0,1.0,0.3495032235,0.3144140719,0.05505931377,0.05614423752
2089,1.0,0.0,0.0,0.0,1.0,1.0,0.3543631313,0.3149755452,0.0558911562,0.05643379688
2090,1.0,0.0,0.0,0.0,1.0,1.0,0.3684419581,0.3255758986,0.05777662992,0.05804663897
2091,1.0,0.0,0.0,0.0,1.0,1.0,0.363275337,0.3174518777,0.05700981617,0.05700981617
2092,1.0,0.0,0.0,0.0,1.0,1.0,0.3683063996,0.3220087201,0.05836349726,0.05808949471
2093,1.0,0.0,0.0,0.0,1.0,1.0,0.3631188394,0.3174517877,0.05706715584,0.05679541826
2094,1.0,0.0,0.0,0.0,1.0,1.0,0.3664049002,0.3240613849,0.05821883678,0.05849212408
2095,1.0,0.0,0.0,0.0,1.0,1.0,0.3628110313,0.3180040195,0.05728912354,0.05674862862
2096,1.0,0.0,0.0,0.0,1.0,1.0,0.3607908148,0.3195185818,0.05706417561,0.05706417561
2097,1.0,0.0,0.0,0.0,1.0,1.0,0.3572474777,0.3100678697,0.0561965704,0.05512613058
2098,1.0,0.0,0.0,0.0,1.0,1.0,0.3611215424,0.3156920279,0.0575760603,0.05703544617
2099,1.0,0.0,0.0,0.0,1.0,1.0,0.3602046653,0.305218716,0.05712038279,0.05470687151
2100,1.0,0.0,0.0,0.0,1.0,1.0,0.3599328912,0.3132578923,0.05738663673,0.05605208874
2101,1.0,0.0,0.0,0.0,1.0,1.0,0.3676875344,0.3177329776,0.05881005526,0.05693882704
2102,1.0,0.0,0.0,0.0,1.0,1.0,0.3640406999,0.3167874391,0.05830895901,0.05697160959
2103,1.0,0.0,0.0,0.0,1.0,1.0,0.3649552212,0.3177328379,0.0587105751,0.05736398697
2104,1.0,0.0,0.0,0.0,1.0,1.0,0.3641963221,0.3162412826,0.05828410387,0.05694115162
2105,1.0,0.0,0.0,0.0,1.0,1.0,0.3663494296,0.3160885274,0.05818557739,0.05630862713
2106,1.0,0.0,0.0,0.0,1.0,1.0,0.3629686451,0.3104324683,0.05723160505,0.05508202314
2107,1.0,0.0,0.0,0.0,1.0,1.0,0.3606496428,0.3055525313,0.05695110559,0.05453342199
2108,1.0,0.0,0.0,0.0,1.0,1.0,0.3640579686,0.3115729255,0.05714452267,0.05579674244
2109,1.0,0.0,0.0,0.0,1.0,1.0,0.3732854454,0.3240611966,0.05852931738,0.05772012472
2110,1.0,0.0,0.0,0.0,1.0,1.0,0.367670097,0.3123253094,0.05711996555,0.05497461557
2111,1.0,0.0,0.0,0.0,1.0,1.0,0.3681698541,0.3203731173,0.05839651823,0.05757009983
2112,1.0,0.0,0.0,0.0,1.0,1.0,0.3794255903,0.3270902075,0.05953621864,0.05845379829
2113,1.0,0.0,0.0,0.0,1.0,1.0,0.3741409287,0.3235274078,0.05854946375,0.05773627758
2114,1.0,0.0,0.0,0.0,1.0,1.0,0.3742518195,0.3270343912,0.05996394157,0.05913490057
2115,1.0,0.0,0.0,0.0,1.0,1.0,0.3758732814,0.3280377236,0.05850720406,0.05769836903
2116,1.0,0.0,0.0,0.0,1.0,1.0,0.372848865,0.3193935903,0.05838280916,0.05649077892
2117,1.0,0.0,0.0,0.0,1.0,1.0,0.375328644,0.32299021,0.05847990513,0.0568703413
2118,1.0,0.0,0.0,0.0,1.0,1.0,0.3725269585,0.3182838883,0.05809545517,0.05567485094
2119,1.0,0.0,0.0,0.0,1.0,1.0,0.3664046026,0.3062313164,0.05782628059,0.05456846952
2120,1.0,0.0,0.0,0.0,1.0,1.0,0.3700358157,0.3044452952,0.05737394094,0.05308425426
2121,1.0,0.0,0.0,0.0,1.0,1.0,0.3713679918,0.3083384678,0.05803197622,0.05428797007
2122,1.0,0.0,0.0,0.0,1.0,1.0,0.3665475673,0.3136708441,0.0582691431,0.05554628372
2123,1.0,0.0,0.0,0.0,1.0,1.0,0.3660644929,0.3102244522,0.05802416801,0.05478566885
2124,1.0,0.0,0.0,0.0,1.0,1.0,0.3592541257,0.2952197145,0.05682176352,0.05170512199
2125,1.0,0.0,0.0,0.0,1.0,1.0,0.3553572895,0.2875315865,0.05531942844,0.04973423481
2126,1.0,0.0,0.0,0.0,1.0,1.0,0.3543631265,0.2824506865,0.05495291948,0.04855060577
2127,1.0,0.0,0.0,0.0,1.0,1.0,0.3597313552,0.2939534926,0.05652040243,0.05065506697
2128,1.0,0.0,0.0,0.0,1.0,1.0,0.3484449823,0.2837530935,0.05501919985,0.04830950499
2129,1.0,0.0,0.0,0.0,1.0,1.0,0.3444022036,0.2903138566,0.05506366491,0.0493953228
2130,1.0,0.0,0.0,0.0,1.0,1.0,0.3409860474,0.2988683932,0.05435544252,0.04980349541
2131,1.0,0.0,0.0,0.0,1.0,1.0,0.3287200321,0.2904222846,0.05244767666,0.04741483927
2132,1.0,0.0,0.0,0.0,1.0,1.0,0.3232027495,0.2916405448,0.05188184977,0.0473588109
2133,1.0,0.0,0.0,0.0,1.0,1.0,0.3156992483,0.2846096358,0.05091536045,0.04537540674
2134,1.0,0.0,0.0,0.0,1.0,1.0,0.3164630708,0.3085525036,0.05165797472,0.04849523306
2135,1.0,0.0,0.0,0.0,1.0,1.0,0.2921193546,0.2904952871,0.04735177755,0.04469156265
2136,1.0,0.0,0.0,0.0,1.0,1.0,0.276544594,0.2838137455,0.04504823685,0.04294073582
2137,1.0,0.0,0.0,0.0,1.0,1.0,0.2775334404,0.303717221,0.0461384058,0.04587173462
2138,1.0,0.0,0.0,0.0,1.0,1.0,0.2744497638,0.3222837943,0.04578649998,0.0471098423
2139,1.0,0.7853981853,0.0,0.0,1.0,1.0,0.2765753259,0.3373565323,0.04621231556,0.04910051823
2140,1.0,0.7853981853,0.0,0.0,1.0,1.0,0.2608606505,0.3234559102,0.04394471645,0.04712146521
2141,1.0,0.7853981853,0.0,0.0,1.0,1.0,0.2671463496,0.3289070148,0.04478251934,0.04768019915
2142,1.0,0.7853981853,0.0,0.0,1.0,1.0,0.2592893384,0.3180042626,0.04273158312,0.04532134533
2143,1.0,0.7853981853,0.0,0.0,1.0,1.0,0.2596973749,0.318004282,0.04423242807,0.04691320658
2144,1.0,0.7853981853,0.0,0.0,1.0,1.0,0.2585856688,0.3141626069,0.04314941168,0.04526716471
2145,1.0,0.7853981853,0.0,0.0,1.0,1.0,0.2621745646,0.3190101923,0.04420495033,0.04634827375
2146,1.0,0.7853981853,0.0,0.0,1.0,1.0,0.2585859467,0.3183408706,0.04312551022,0.04550665617
2147,1.0,0.7853981853,0.0,0.0,1.0,1.0,0.260930205,0.317837416,0.04408597946,0.04622352123
2148,1.0,0.7853981853,0.0,0.0,1.0,1.0,0.2557814883,0.3148425162,0.04235988855,0.04497468472
2149,1.0,0.7853981853,0.0,0.0,1.0,1.0,0.2592300197,0.3222836998,0.04389458895,0.04706770182
2150,1.0,0.7853981853,0.0,0.0,1.0,1.0,0.2607239863,0.3176798619,0.04467433691,0.04733353853
2151,1.0,0.7853981853,0.0,0.0,1.0,1.0,0.2724333467,0.3266034202,0.04619586468,0.04830771685
2152,1.0,0.7853981853,0.0,0.0,1.0,1.0,0.2568659445,0.3147709786,0.0436219573,0.04679447412
2153,1.0,0.0,0.0,0.0,1.0,1.0,0.2667271146,0.318970808,0.04493898153,0.04758244753
2154,1.0,0.0,0.0,0.0,1.0,1.0,0.262353327,0.3156132728,0.0442327261,0.04739224911
2155,1.0,0.0,0.0,0.0,1.0,1.0,0.2616836848,0.3213756243,0.04418188334,0.04844039679
2156,1.0,0.0,0.0,0.0,1.0,1.0,0.2494604402,0.287073746,0.04148632288,0.04308199883
2157,1.0,0.0,0.0,0.0,1.0,1.0,0.1398536668,0.144957133,0.02183824778,0.02024030685
2158,1.0,0.0,0.0,0.0,1.0,1.0,0.128848068,0.1493189607,0.01972746849,0.01999402046
2159,1.0,0.0,0.0,0.0,1.0,1.0,0.1162923717,0.1154656784,0.0184867382,0.01634335518
2160,1.0,0.0,0.0,0.0,1.0,1.0,0.1889970156,0.1864897579,0.0309201479,0.0269895792
2161,1.0,0.0,0.0,0.0,1.0,1.0,0.2471235327,0.2665175719,0.04142922163,0.03985589743
2162,1.0,0.0,0.0,0.0,1.0,1.0,0.2722888893,0.2994842847,0.04568725824,0.04542315006
2163,1.0,0.0,0.0,0.0,1.0,1.0,0.2957850495,0.3246483603,0.04995292425,0.05021578074
2164,1.0,0.0,0.0,0.0,1.0,1.0,0.2909171596,0.3083024919,0.04899823666,0.04794454575
2165,1.0,0.0,0.0,0.0,1.0,1.0,0.3054717764,0.3229488412,0.05171191692,0.0503860116
2166,1.0,0.0,0.0,0.0,1.0,1.0,0.3105520905,0.3158770162,0.0521261692,0.05000936985
2167,1.0,0.0,0.0,0.0,1.0,1.0,0.319004375,0.3170984994,0.05302131176,0.04988700151
2168,1.0,0.0,0.0,0.0,1.0,1.0,0.3252528245,0.318303889,0.05411785841,0.05070263147
2169,1.0,0.0,0.0,0.0,1.0,1.0,0.3268018273,0.3156130088,0.05413097143,0.05045211315
2170,1.0,0.0,0.0,0.0,1.0,1.0,0.3315378307,0.3143940166,0.05479490757,0.05053901672
2171,1.0,0.0,0.0,0.0,1.0,1.0,0.3352760149,0.3109013564,0.05578368902,0.05073660612
2172,1.0,0.0,0.0,0.0,1.0,1.0,0.3427574,0.3163814671,0.0571756959,0.05209928751
2173,1.0,0.0,0.0,0.0,1.0,1.0,0.3497243136,0.3282956313,0.05856525898,0.05453556776
2174,1.0,0.0,0.0,0.0,1.0,1.0,0.3477730484,0.3180042564,0.05758744478,0.05274367332
2175,1.0,0.0,0.0,0.0,1.0,1.0,0.3494780156,0.3222954613,0.05748265982,0.05318486691
2176,1.0,0.0,0.0,0.0,1.0,1.0,0.3494782924,0.3217157703,0.05775976181,0.05317133665
2177,1.0,0.0,0.0,0.0,1.0,1.0,0.3511110822,0.3222954923,0.05715107918,0.05263215303
2178,1.0,0.0,0.0,0.0,1.0,1.0,0.3544816784,0.3271791277,0.05787134171,0.05385255814
2179,1.0,0.0,0.0,0.0,1.0,1.0,0.360454375,0.336945422,0.05875581503,0.05528390408
2180,1.0,0.0,0.0,0.0,1.0,1.0,0.3598642635,0.3299128547,0.0590313077,0.05473816395
2181,1.0,0.0,0.0,0.0,1.0,1.0,0.35847759,0.3222953046,0.05795896053,0.05288416147
2182,1.0,0.0,0.0,0.0,1.0,1.0,0.3518696658,0.3168165211,0.05726993084,0.05216133595
2183,1.0,0.0,0.0,0.0,1.0,1.0,0.3589429326,0.3212492235,0.05810254812,0.05277204514
2184,1.0,0.0,0.0,0.0,1.0,1.0,0.3638824503,0.3282480512,0.05905109644,0.0537071228
2185,1.0,0.0,0.0,0.0,1.0,1.0,0.3595351576,0.3239234248,0.05860155821,0.0534940958
2186,1.0,0.0,0.0,0.0,1.0,1.0,0.3524521182,0.316816464,0.05717641115,0.05207616091
2187,1.0,0.0,0.0,0.0,1.0,1.0,0.3546943966,0.3147594938,0.05686920881,0.05155432224
2188,1.0,0.0,0.0,0.0,1.0,1.0,0.3550647354,0.304390151,0.05719929934,0.0495197773
2189,1.0,0.0,0.0,0.0,1.0,1.0,0.3551316702,0.3054771486,0.05594480038,0.04901826382
2190,1.0,0.0,0.0,0.0,1.0,1.0,0.3634332303,0.3127393556,0.05732429028,0.05015879869
2191,1.0,0.0,0.0,0.0,1.0,1.0,0.3631249313,0.3091919728,0.05630898476,0.04867833853
2192,1.0,0.0,0.0,0.0,1.0,1.0,0.3620429326,0.3075205665,0.05639570951,0.04871737957
2193,1.0,0.0,0.0,0.0,1.0,1.0,0.3600045296,0.3005078148,0.05561584234,0.04714107513
2194,1.0,0.0,0.0,0.0,1.0,1.0,0.3600049917,0.3028611518,0.05592650175,0.04793697596
2195,1.0,0.0,0.0,0.0,1.0,1.0,0.356083626,0.3015266625,0.05505418777,0.04734128714
2196,1.0,0.0,0.0,0.0,1.0,1.0,0.3601439429,0.3015266363,0.05549585819,0.04726439714
2197,1.0,0.0,0.0,0.0,1.0,1.0,0.3585519306,0.3035847389,0.05533367395,0.04758161306
2198,1.0,0.0,0.0,0.0,1.0,1.0,0.3563226785,0.303584689,0.05452829599,0.04734653234
2199,1.0,0.0,0.0,0.0,1.0,1.0,0.3528463531,0.2933514642,0.05398082733,0.04573744535
2200,1.0,0.0,0.0,0.0,1.0,1.0,0.355587254,0.295753466,0.05442684889,0.04597222805
2201,1.0,0.0,0.0,0.0,1.0,1.0,0.368031892,0.3087016072,0.05659770966,0.04855066538
2202,1.0,0.0,0.0,0.0,1.0,1.0,0.3635898709,0.306226305,0.05618977547,0.04846704006
2203,1.0,0.0,0.0,0.0,1.0,1.0,0.3651478248,0.3062264544,0.05690085888,0.04861950874
2204,1.0,0.0,0.0,0.0,1.0,1.0,0.3602839582,0.3028615584,0.0551789403,0.04775106907
2205,1.0,0.0,0.0,0.0,1.0,1.0,0.3680316885,0.3104069332,0.05697506666,0.04914438725
2206,1.0,0.0,0.0,0.0,1.0,1.0,0.3542995122,0.2963861341,0.05437707901,0.04653161764
2207,1.0,0.0,0.0,0.0,1.0,1.0,0.3615002678,0.30711979,0.05562323332,0.04826128483
2208,1.0,0.0,0.0,0.0,1.0,1.0,0.3757589059,0.3306425584,0.05673903227,0.05147463083
2209,1.0,0.0,0.0,0.0,1.0,1.0,0.368707882,0.319964894,0.05993151665,0.05415129662
2210,1.0,0.0,0.0,0.0,1.0,1.0,0.3693999075,0.3259049358,0.0625872016,0.05718624592
2211,1.0,0.0,0.0,0.0,1.0,1.0,0.3651097381,0.3289530908,0.06331640482,0.05851972103
2212,1.0,0.0,0.0,0.0,1.0,1.0,0.3562559536,0.3261535054,0.06229358912,0.05757939816
2213,1.0,0.0,0.0,0.0,1.0,1.0,0.3596477141,0.3337759038,0.0665743947,0.06201928854
2214,1.0,0.0,0.0,0.0,1.0,1.0,0.3570783432,0.3344140434,0.06417256594,0.05975860357
2215,1.0,0.0,0.0,0.0,1.0,1.0,0.3570782746,0.3299684509,0.06412792206,0.05869913101
2216,1.0,0.0,0.0,0.0,1.0,1.0,0.3542799468,0.2919719835,0.06041193008,0.04960137606
2217,1.0,0.0,0.0,0.0,1.0,1.0,0.3468211464,0.2898011068,0.06095135212,0.05112051964
2218,1.0,0.0,0.0,0.0,1.0,1.0,0.3477078641,0.2877703646,0.06739318371,0.05655610561
2219,1.0,0.0,0.0,0.0,1.0,1.0,0.3652781648,0.3072609051,0.06885462999,0.05801641941
2220,1.0,0.0,0.0,0.0,1.0,1.0,0.3228438027,0.2696088956,0.05520820618,0.04610472918
2221,1.0,0.0,0.0,0.0,1.0,1.0,0.3474820604,0.3069956974,0.05996775627,0.05343663692
2222,1.0,0.0,0.0,0.0,1.0,1.0,0.3478530647,0.3195491934,0.06124991179,0.05617064238
2223,1.0,0.0,0.0,0.0,1.0,1.0,0.3526430338,0.3274622893,0.06209421158,0.05815654993
2224,1.0,0.0,0.0,0.0,1.0,1.0,0.3549741644,0.322948847,0.06157076359,0.05678856373
2225,1.0,0.0,0.0,0.0,1.0,1.0,0.3492859045,0.3189345632,0.06147289276,0.05690807104
2226,1.0,0.0,0.0,0.0,1.0,1.0,0.3601437782,0.331447461,0.0618763566,0.05773150921
2227,1.0,0.0,0.0,0.0,1.0,1.0,0.3580611072,0.3291674588,0.06036484241,0.05655533075
2228,1.0,0.0,0.0,0.0,1.0,1.0,0.3565759814,0.3308964669,0.06141203642,0.05786907673
2229,1.0,0.0,0.0,0.0,1.0,1.0,0.3576770158,0.3325844578,0.06354379654,0.05989533663
2230,1.0,0.0,0.0,0.0,1.0,1.0,0.3690244461,0.33258435,0.06503379345,0.05931323767
2231,1.0,0.0,0.0,0.0,1.0,1.0,0.3609569023,0.3241432456,0.06475126743,0.05864262581
2232,1.0,0.0,0.0,0.0,1.0,1.0,0.3640578776,0.3190784952,0.06487417221,0.05783593655
2233,1.0,0.0,0.0,0.0,1.0,1.0,0.3634333614,0.3252421622,0.06389003992,0.05786269903
2234,1.0,0.0,0.0,0.0,1.0,1.0,0.3570657858,0.3150783822,0.06533271074,0.05814296007
2235,1.0,0.0,0.0,0.0,1.0,1.0,0.3623405979,0.3229489113,0.06432747841,0.0579252243
2236,1.0,0.0,0.0,0.0,1.0,1.0,0.3600046511,0.3167724538,0.06482046843,0.057721138
2237,1.0,0.0,0.0,0.0,1.0,1.0,0.3617190827,0.3211266854,0.06636691093,0.05881810188
2238,1.0,0.0,0.0,0.0,1.0,1.0,0.3580343422,0.3180042784,0.06401020288,0.0573361516
2239,1.0,0.0,0.0,0.0,1.0,1.0,0.3673164018,0.3252422143,0.06541883945,0.0584205389
2240,1.0,0.0,0.0,0.0,1.0,1.0,0.3642177868,0.3256800854,0.06573492289,0.05888104439
2241,1.0,0.0,0.0,0.0,1.0,1.0,0.3665772954,0.3256802212,0.0629786849,0.05614608526
2242,1.0,0.0,0.0,0.0,1.0,1.0,0.3648482575,0.3319944652,0.06629133224,0.06032192707
2243,1.0,0.0,0.0,0.0,1.0,1.0,0.3578032534,0.3233487898,0.06347644329,0.05706781149
2244,1.0,0.0,0.0,0.0,1.0,1.0,0.3656075268,0.3314300234,0.06387984753,0.05761128664
2245,1.0,0.0,0.0,0.0,1.0,1.0,0.3623403932,0.3233490077,0.063108325,0.05593019724
2246,1.0,0.0,0.0,0.0,1.0,1.0,0.3601434033,0.3198905136,0.06344515085,0.05615961552
2247,1.0,0.0,0.0,0.0,1.0,1.0,0.3607654778,0.3285361604,0.06424349546,0.05840319395
2248,1.0,0.0,0.0,0.0,1.0,1.0,0.358060991,0.3227366262,0.06167584658,0.05568790436
2249,1.0,0.0,0.0,0.0,1.0,1.0,0.3540781996,0.3197513292,0.06094461679,0.05494016409
2250,1.0,0.0,0.0,0.0,1.0,1.0,0.3604825384,0.3234496522,0.06239920855,0.05589312315
2251,1.0,0.0,0.0,0.0,1.0,1.0,0.358161797,0.3234493926,0.06705909967,0.0603531599
2252,1.0,0.0,0.0,0.0,1.0,1.0,0.3560835956,0.3159744992,0.06439226866,0.05723750591
2253,1.0,0.0,0.0,0.0,1.0,1.0,0.3512976926,0.2880335984,0.06164765358,0.0511675477
2254,1.0,0.0,0.0,0.0,1.0,1.0,0.346376992,0.2842936151,0.05745375156,0.04817736149
2255,1.0,0.0,0.0,0.0,1.0,1.0,0.3505236826,0.2878250456,0.05734151602,0.04793161154
2256,1.0,0.0,0.0,0.0,1.0,1.0,0.3498944608,0.2752849096,0.06411623955,0.0516217947
2257,1.0,0.0,0.0,0.0,1.0,1.0,0.3463771216,0.2780135588,0.05839312077,0.04805260897
2258,1.0,0.0,0.0,0.0,1.0,1.0,0.3463057678,0.2717779989,0.06438881159,0.05171120167
2259,1.0,0.0,0.0,0.0,1.0,1.0,0.3480200964,0.2724174421,0.06313896179,0.05083495378
2260,1.0,0.0,0.0,0.0,1.0,1.0,0.336192622,0.2542439301,0.06119263172,0.0482224226
2261,1.0,0.0,0.0,0.0,1.0,1.0,0.3355659432,0.2585362515,0.06178593636,0.04976272583
2262,1.0,0.0,0.0,0.0,1.0,1.0,0.341007488,0.2681429181,0.06256878376,0.05125313997
2263,1.0,0.0,0.0,0.0,1.0,1.0,0.333147401,0.2595041954,0.06106156111,0.04938310385
2264,1.0,0.0,0.0,0.0,1.0,1.0,0.3368082998,0.2666358253,0.06128525734,0.05029392242
2265,1.0,0.0,0.0,0.0,1.0,1.0,0.3374028709,0.2756465542,0.06361806393,0.0533015728
2266,1.0,0.0,0.0,0.0,1.0,1.0,0.3367882006,0.2621773663,0.0620341897,0.04996263981
2267,1.0,0.0,0.0,0.0,1.0,1.0,0.3319179454,0.2669988279,0.06085419655,0.0500356555
2268,1.0,0.0,0.0,0.0,1.0,1.0,0.3337619623,0.2660385681,0.0556602478,0.04551225901
2269,1.0,0.0,0.0,0.0,1.0,1.0,0.33678837,0.2703115936,0.06061351299,0.04980134964
2270,1.0,0.0,0.0,0.0,1.0,1.0,0.3313165441,0.2632937638,0.05731469393,0.04654842615
2271,1.0,0.0,0.0,0.0,1.0,1.0,0.3392268132,0.2756465281,0.0613488555,0.05112397671
2272,1.0,0.0,0.0,0.0,1.0,1.0,0.3355791445,0.2738682164,0.05965650082,0.04992985725
2273,1.0,0.0,0.0,0.0,1.0,1.0,0.3416739438,0.2766312813,0.06038451195,0.05005133152
2274,1.0,0.0,0.0,0.0,1.0,1.0,0.3392268478,0.2694923825,0.06209641695,0.05041158199
2275,1.0,0.0,0.0,0.0,1.0,1.0,0.3422495082,0.2758314493,0.0629940033,0.05160146952
2276,1.0,0.0,0.0,0.0,1.0,1.0,0.3422996355,0.2758317442,0.06388127804,0.05260813236
2277,1.0,0.0,0.0,0.0,1.0,1.0,0.3427688259,0.276630951,0.06511688232,0.05312162638
2278,1.0,0.0,0.0,0.0,1.0,1.0,0.3474762179,0.277230615,0.06339740753,0.05130618811
2279,1.0,0.0,0.0,0.0,1.0,1.0,0.3491812394,0.2735313969,0.06603997946,0.0525624156
2280,1.0,0.0,0.0,0.0,1.0,1.0,0.3490957151,0.2770383468,0.06648522615,0.05332320929
2281,1.0,0.0,0.0,0.0,1.0,1.0,0.3457527262,0.2736987249,0.06080555916,0.04908782244
2282,1.0,0.0,0.0,0.0,1.0,1.0,0.3428212498,0.2703118596,0.06437915564,0.05177587271
2283,1.0,0.0,0.0,0.0,1.0,1.0,0.3403896565,0.2678358617,0.06294292212,0.049885571
2284,1.0,0.0,0.0,0.0,1.0,1.0,0.3024143558,0.21570679,0.05634409189,0.0412273407
2285,1.0,0.0,0.0,0.0,1.0,1.0,0.2568923571,0.0362392448,0.04725623131,0.006553769112
2286,1.0,0.0,0.0,0.0,1.0,1.0,0.2774117148,0.03975046212,0.05148112774,0.00740480423
2287,1.0,0.0,0.0,0.0,1.0,1.0,0.2521445061,0.0941503343,0.04668730497,0.01759231091
2288,1.0,0.0,0.0,0.0,1.0,1.0,0.2600778809,0.1548947447,0.04879802465,0.02927875519
2289,1.0,0.0,0.0,0.0,1.0,1.0,0.2672707039,0.1640873009,0.05096238852,0.03158229589
2290,1.0,0.0,0.0,0.0,1.0,1.0,0.2752620643,0.1788668579,0.05399996042,0.03515434265
2291,1.0,0.0,0.0,0.0,1.0,1.0,0.2949174175,0.205339991,0.05773591995,0.0402725935
2292,1.0,0.0,0.0,0.0,1.0,1.0,0.2959955824,0.2089743262,0.05970591307,0.04238384962
2293,1.0,0.0,0.0,0.0,1.0,1.0,0.3009071247,0.2134038547,0.05819326639,0.04156661034
2294,1.0,0.0,0.0,0.0,1.0,1.0,0.2994719896,0.2016417217,0.0588799119,0.04079025984
2295,1.0,0.0,0.0,0.0,1.0,1.0,0.3044073062,0.2104989484,0.05894988775,0.04191237688
2296,1.0,0.0,0.0,0.0,1.0,1.0,0.3005438417,0.2168928955,0.05802601576,0.0429186821
2297,1.0,0.0,0.0,0.0,1.0,1.0,0.3083384467,0.2205664107,0.05803114176,0.04268956184
2298,1.0,0.0,0.0,0.0,1.0,1.0,0.3083382714,0.2222893574,0.05888944864,0.04365938902
2299,1.0,0.0,0.0,0.0,1.0,1.0,0.2918725125,0.2109548978,0.05437892675,0.04020744562
2300,1.0,0.0,0.0,0.0,1.0,1.0,0.2895908894,0.2040382668,0.05393910408,0.03880983591
2301,1.0,0.0,0.0,0.0,1.0,1.0,0.2893122341,0.202267922,0.05382621288,0.03882008791
2302,1.0,0.0,0.0,0.0,1.0,1.0,0.3105227864,0.2440497581,0.06072098017,0.04877585173
2303,1.0,0.0,0.0,0.0,1.0,1.0,0.3546941574,0.2998326977,0.06796705723,0.05812138319
2304,1.0,0.0,0.0,0.0,1.0,1.0,0.3459923864,0.3037519424,0.06690555811,0.05897831917
2305,1.0,0.0,0.0,0.0,1.0,1.0,0.3524524155,0.3177032907,0.06381398439,0.05752241611
2306,1.0,0.0,0.0,0.0,1.0,1.0,0.3540212925,0.3154383149,0.06757038832,0.06055831909
2307,1.0,0.0,0.0,0.0,1.0,1.0,0.3541069234,0.3178552196,0.06904155016,0.06258904934
2308,1.0,0.0,0.0,0.0,1.0,1.0,0.3484292453,0.3117069206,0.06251519918,0.0565328598
2309,1.0,0.0,0.0,0.0,1.0,1.0,0.3574163377,0.3216025706,0.06601464748,0.05959653854
2310,1.0,0.0,0.0,0.0,1.0,1.0,0.3570599594,0.3151836069,0.07053226233,0.06215858459
2311,1.0,0.0,0.0,0.0,1.0,1.0,0.3457087468,0.3057503327,0.06317389011,0.05568879843
2312,1.0,0.0,0.0,0.0,1.0,1.0,0.3391846412,0.2916404773,0.06222069263,0.0537635088
2313,1.0,0.0,0.0,0.0,1.0,1.0,0.3440702179,0.3041063725,0.06312632561,0.05561125278
2314,1.0,0.0,0.0,0.0,1.0,1.0,0.3466459419,0.3076457521,0.06391173601,0.05644541979
2315,1.0,0.0,0.0,0.0,1.0,1.0,0.3619642976,0.3282956192,0.06705480814,0.06076842546
2316,1.0,0.0,0.0,0.0,1.0,1.0,0.3575238448,0.3217159818,0.06612372398,0.05921083689
2317,1.0,0.0,0.0,0.0,1.0,1.0,0.3471310009,0.3073941182,0.06423199177,0.05692601204
2318,1.0,0.0,0.0,0.0,1.0,1.0,0.3469137732,0.3051103467,0.06398946047,0.05637168884
2319,1.0,0.0,0.0,0.0,1.0,1.0,0.349384791,0.3146389837,0.06331682205,0.0569242239
2320,1.0,0.0,0.0,0.0,1.0,1.0,0.3506516369,0.3104070125,0.06426024437,0.05649936199
2321,1.0,0.0,0.0,0.0,1.0,1.0,0.3490386576,0.3059516399,0.06399190426,0.05618798733
2322,1.0,0.0,0.0,0.0,1.0,1.0,0.351339422,0.3099963568,0.06388455629,0.05675184727
2323,1.0,0.0,0.0,0.0,1.0,1.0,0.3628171219,0.3348297251,0.06752371788,0.06279069185
2324,1.0,0.0,0.0,0.0,1.0,1.0,0.3657316581,0.3359328331,0.06741654873,0.06244575977
2325,1.0,0.0,0.0,0.0,1.0,1.0,0.3533379958,0.3198212456,0.064684093,0.05913972855
2326,1.0,0.0,0.0,0.0,1.0,1.0,0.356103841,0.3187587512,0.06658273935,0.06030130386
2327,1.0,0.0,0.0,0.0,1.0,1.0,0.3495500634,0.3142058012,0.06552660465,0.05980098248
2328,1.0,0.0,0.0,0.0,1.0,1.0,0.3426658455,0.3121180773,0.06269735098,0.05777990818
2329,1.0,0.0,0.0,0.0,1.0,1.0,0.3433454828,0.3102295594,0.06141448021,0.05624598265
2330,1.0,0.0,0.0,0.0,1.0,1.0,0.3382204316,0.3035217823,0.06191557646,0.0560336113
2331,1.0,0.0,0.0,0.0,1.0,1.0,0.3314562077,0.2981669627,0.05820465088,0.05315631628
2332,1.0,0.0,0.0,0.0,1.0,1.0,0.3371820263,0.2981386634,0.06091862917,0.05498296022
2333,1.0,0.0,0.0,0.0,1.0,1.0,0.3354176478,0.286506961,0.06031280756,0.05265891552
2334,1.0,0.0,0.0,0.0,1.0,1.0,0.3320005798,0.284352934,0.05942308903,0.0520336628
2335,1.0,0.0,0.0,0.0,1.0,1.0,0.3359900301,0.2826706615,0.06156277657,0.05250024796
2336,1.0,0.0,0.0,0.0,1.0,1.0,0.3290632541,0.26868582,0.05637264252,0.04707717896
2337,1.0,0.0,0.0,0.0,1.0,1.0,0.3383257704,0.2826704928,0.06051158905,0.05186706781
2338,1.0,0.0,0.0,0.0,1.0,1.0,0.3270897773,0.2667429447,0.05663156509,0.04734283686
2339,1.0,0.0,0.0,0.0,1.0,1.0,0.3244262317,0.2540953913,0.05868518353,0.0473267436
2340,1.0,0.0,0.0,0.0,1.0,1.0,0.3139609413,0.249013445,0.05607199669,0.04579210281
2341,1.0,0.0,0.0,0.0,1.0,1.0,0.3106256636,0.2438501227,0.05491793156,0.04405844212
2342,1.0,0.0,0.0,0.0,1.0,1.0,0.3061673121,0.2327467763,0.0549929142,0.04298293591
2343,1.0,0.0,0.0,0.0,1.0,1.0,0.3098093761,0.2388497101,0.05271327496,0.04199194908
2344,1.0,0.0,0.0,0.0,1.0,1.0,0.3060239662,0.2354617261,0.05528372526,0.04441869259
2345,1.0,0.0,0.0,0.0,1.0,1.0,0.3091608201,0.2353635078,0.05335175991,0.04231345654
2346,1.0,0.0,0.0,0.0,1.0,1.0,0.3044075313,0.2338761051,0.05319148302,0.04273766279
2347,1.0,0.0,0.0,0.0,1.0,1.0,0.3069838538,0.2465289363,0.05368167162,0.04514139891
2348,1.0,0.0,0.0,0.0,1.0,1.0,0.3057531906,0.252384257,0.05345219374,0.04634582996
2349,1.0,0.0,0.0,0.0,1.0,1.0,0.312822629,0.2515373261,0.05460530519,0.0462756753
2350,1.0,0.0,0.0,0.0,1.0,1.0,0.3117686777,0.2439715497,0.05344665051,0.04428440332
2351,1.0,0.0,0.0,0.0,1.0,1.0,0.3076574268,0.2447960079,0.05394762754,0.04521626234
2352,1.0,0.0,0.0,0.0,1.0,1.0,0.3114456984,0.2481946973,0.05430096388,0.04571098089
2353,1.0,0.0,0.0,0.0,1.0,1.0,0.3049145605,0.2422375759,0.05337488651,0.04463511705
2354,1.0,0.0,0.0,0.0,1.0,1.0,0.3125462267,0.244010809,0.05364894867,0.04425281286
2355,1.0,0.0,0.0,0.0,1.0,1.0,0.3193274658,0.2515488652,0.05426323414,0.04466974735
2356,1.0,0.0,0.0,0.0,1.0,1.0,0.3129921925,0.2524015126,0.05343496799,0.0452376008
2357,1.0,0.0,0.0,0.0,1.0,1.0,0.3091797189,0.2413617321,0.05277907848,0.04357343912
2358,1.0,0.0,0.0,0.0,1.0,1.0,0.3145725097,0.2481608483,0.05455803871,0.04551702738
2359,1.0,0.0,0.0,0.0,1.0,1.0,0.3089182142,0.2276127044,0.05275672674,0.04127442837
2360,1.0,0.0,0.0,0.0,1.0,1.0,0.3102957248,0.2352637465,0.05462545156,0.04350984097
2361,1.0,0.0,0.0,0.0,1.0,1.0,0.3029162653,0.2215258918,0.05261725187,0.04064446688
2362,1.0,0.0,0.0,0.0,1.0,1.0,0.2907800819,0.2023088438,0.04976421595,0.03661888838
2363,1.0,0.0,0.0,0.0,1.0,1.0,0.2868600202,0.1953928045,0.04881745577,0.03513616323
2364,1.0,0.0,0.0,0.0,1.0,1.0,0.2860786839,0.2054600552,0.04846847057,0.03666204214
2365,1.0,0.0,0.0,0.0,1.0,1.0,0.279694841,0.1490394443,0.04831665754,0.02737939358
2366,1.0,0.0,0.0,0.0,1.0,1.0,0.291587658,0.04164346612,0.05317908525,0.008068561554
2367,1.0,0.0,0.0,0.0,1.0,0.0,0.2971864695,0.0,0.05196553469,0.0
2368,1.0,0.0,0.0,0.0,1.0,0.0,0.3026764926,0.0,0.05005013943,0.0
2369,1.0,0.0,0.0,0.0,1.0,0.0,0.2959806585,0.0,0.05079603195,0.0
2370,1.0,0.0,0.0,0.0,1.0,0.0,0.297186132,0.0,0.05034989119,0.0
2371,1.0,0.0,0.0,0.0,1.0,0.0,0.2887733563,0.0,0.04582923651,0.0
2372,1.0,0.0,0.0,0.0,1.0,0.0,0.2725753678,0.0,0.04344254732,0.0
2373,1.0,0.0,0.0,0.0,1.0,0.0,0.2619507541,0.0,0.04129946232,0.0
2374,1.0,0.0,0.0,0.0,1.0,1.0,0.2493695616,0.05448085832,0.04128849506,0.009428083897
2375,1.0,0.0,0.0,0.0,1.0,1.0,0.2439113968,0.06600081129,0.04192018509,0.01192849874
2376,1.0,0.0,0.0,0.0,1.0,1.0,0.2277708137,0.06788672097,0.04035913944,0.01252526045
2377,1.0,0.0,0.0,0.0,1.0,1.0,0.2028661425,0.06291439825,0.03686201572,0.01183640957
2378,1.0,0.0,0.0,0.0,1.0,1.0,0.2024416135,0.1165427738,0.03565210104,0.02119857073
2379,1.0,0.0,0.0,0.0,1.0,1.0,0.2480884381,0.2022680265,0.04355233908,0.0370194912
2380,1.0,0.0,0.0,0.0,1.0,1.0,0.2659231927,0.2215260336,0.04585045576,0.03969603777
2381,1.0,0.0,0.0,0.0,1.0,1.0,0.2719201981,0.2349563091,0.04630416632,0.04109108448
2382,1.0,0.0,0.0,0.0,1.0,1.0,0.2771260242,0.2342443443,0.04899650812,0.04267442226
2383,1.0,0.0,0.0,0.0,1.0,1.0,0.2748917725,0.2305052198,0.04748517275,0.04119580984
2384,1.0,0.0,0.0,0.0,1.0,1.0,0.2751075812,0.2576415427,0.0480670929,0.04532909393
2385,1.0,0.0,0.0,0.0,1.0,1.0,0.2721170652,0.2515259705,0.04898369312,0.04565757513
2386,1.0,0.0,0.0,0.0,1.0,1.0,0.2773491013,0.2482167598,0.04895377159,0.04373979568
2387,1.0,0.0,0.0,0.0,1.0,1.0,0.2671618252,0.2409074816,0.04590028524,0.04092305899
2388,1.0,0.0,0.0,0.0,1.0,1.0,0.2816684072,0.2603723808,0.04717552662,0.0431548357
2389,1.0,0.0,0.0,0.0,1.0,1.0,0.285107282,0.2665178119,0.04840320349,0.04467988014
2390,1.0,0.0,0.0,0.0,1.0,1.0,0.2804360385,0.2569543719,0.04759603739,0.04310083389
2391,1.0,0.0,0.0,0.0,1.0,1.0,0.2707963733,0.2451162621,0.04653209448,0.041690588
2392,1.0,0.0,0.0,0.0,1.0,1.0,0.2210147618,0.1758888203,0.03671610355,0.02888697386
2393,1.0,0.0,0.0,0.0,1.0,1.0,0.2318564097,0.1149183847,0.03669846058,0.01834923029
2394,1.0,0.0,0.0,0.0,1.0,1.0,0.2290387951,0.1106651105,0.03600758314,0.01745826006
2395,1.0,0.0,0.0,0.0,1.0,1.0,0.2055709828,0.1286905721,0.03345310688,0.02094215155
2396,1.0,0.0,0.0,0.0,1.0,1.0,0.2357325004,0.1853802597,0.03909319639,0.03079259396
2397,1.0,0.0,0.0,0.0,1.0,1.0,0.2801287071,0.23571754,0.04756104946,0.0403059721
2398,1.0,0.0,0.0,0.0,1.0,1.0,0.2869058574,0.2498605136,0.04934376478,0.04310804605
2399,1.0,0.0,0.0,0.0,1.0,1.0,0.2864591139,0.2577675365,0.04921412468,0.04431992769
2400,1.0,0.0,0.0,0.0,1.0,1.0,0.3010938962,0.2702892772,0.05125969648,0.04616051912
2401,1.0,0.0,0.0,0.0,1.0,1.0,0.2894380807,0.2490620744,0.05022162199,0.04328495264
2402,1.0,0.0,0.0,0.0,1.0,1.0,0.2991090597,0.2626735971,0.05111318827,0.04506748915
2403,1.0,0.0,0.0,0.0,1.0,1.0,0.3067832146,0.2767443435,0.05132222176,0.04677808285
2404,1.0,0.0,0.0,0.0,1.0,1.0,0.3101990959,0.2835409526,0.05267494917,0.04864370823
2405,1.0,0.0,0.0,0.0,1.0,1.0,0.3184768118,0.2925579138,0.05305325985,0.0493208766
2406,1.0,0.0,0.0,0.0,1.0,1.0,0.3151026384,0.2947074532,0.05254864693,0.04958444834
2407,1.0,0.0,0.0,0.0,1.0,1.0,0.326250582,0.3070387842,0.05543792248,0.05300414562
2408,1.0,0.0,0.0,0.0,1.0,1.0,0.3262177246,0.3070388916,0.05427962542,0.05215108395
2409,1.0,0.0,0.0,0.0,1.0,1.0,0.3278422545,0.3117379061,0.05520915985,0.05333310366
2410,1.0,0.0,0.0,0.0,1.0,1.0,0.3278170317,0.2995222578,0.05503809452,0.05181634426
2411,1.0,0.0,0.0,0.0,1.0,1.0,0.327791534,0.3013942911,0.05530679226,0.05232453346
2412,1.0,0.0,0.0,0.0,1.0,1.0,0.3317985671,0.3168579928,0.05569255352,0.05460590124
2413,1.0,0.0,0.0,0.0,1.0,1.0,0.3374947995,0.3162793025,0.05614817142,0.05424952507
2414,1.0,0.0,0.0,0.0,1.0,1.0,0.3345068967,0.3162790119,0.05594617128,0.05458164215
2415,1.0,0.0,0.0,0.0,1.0,1.0,0.3426659691,0.3200108422,0.05707246065,0.0551700592
2416,1.0,0.0,0.0,0.0,1.0,1.0,0.3372602125,0.3125239034,0.05620867014,0.05401515961
2417,1.0,0.0,0.0,0.0,1.0,1.0,0.3384266203,0.3181503734,0.05587130785,0.05449515581
2418,1.0,0.0,0.0,0.0,1.0,1.0,0.3359326148,0.309122074,0.05510133505,0.05290824175
2419,1.0,0.0,0.0,0.0,1.0,1.0,0.3212489815,0.2763731752,0.05211257935,0.04742527008
2420,1.0,0.0,0.0,0.0,1.0,1.0,0.2925194392,0.2367960103,0.04612886906,0.03981363773
2421,1.0,0.0,0.0,0.0,1.0,1.0,0.2842776638,0.1998885199,0.04403990507,0.03323769569
2422,1.0,0.0,0.0,0.0,1.0,1.0,0.3024141914,0.1219659738,0.04511135817,0.01980501413
2423,1.0,0.0,0.0,0.0,1.0,1.0,0.3186901127,0.09196226756,0.04720026255,0.0148023963
2424,1.0,0.0,0.0,0.0,1.0,1.0,0.340154052,0.08675700191,0.04972416162,0.01396745443
2425,1.0,0.0,0.0,0.0,1.0,1.0,0.3356903636,0.08991530178,0.04940354824,0.01459652185
2426,1.0,0.0,0.0,0.0,1.0,1.0,0.3533186357,0.07214292894,0.05061537027,0.01146537066
2427,1.0,0.0,0.0,0.0,1.0,1.0,0.3601950358,0.08151478853,0.05169188976,0.01306498051
2428,1.0,0.0,0.0,0.0,1.0,1.0,0.3706016229,0.07364303507,0.0526906848,0.0117713213
2429,1.0,0.0,0.0,0.0,1.0,1.0,0.3706669996,0.1058437913,0.05330550671,0.01702427864
2430,1.0,0.0,0.0,0.0,1.0,1.0,0.3319248023,0.2035900405,0.05000150204,0.033426404
2431,1.0,0.0,0.0,0.0,1.0,1.0,0.3421028135,0.2931697311,0.05213439465,0.04804009199
2432,1.0,0.0,0.0,0.0,1.0,1.0,0.3750086249,0.3585661473,0.05814862251,0.05977141857
2433,1.0,0.0,0.0,0.0,1.0,1.0,0.3902833638,0.3691487342,0.06135171652,0.06328624487
2434,1.0,0.0,0.0,0.0,1.0,1.0,0.4106099254,0.3920641075,0.06391632557,0.06636416912
2435,1.0,0.0,0.0,0.0,1.0,1.0,0.4257043944,0.4207328036,0.06662023067,0.07155507803
2436,1.0,0.0,0.0,0.0,1.0,1.0,0.4231088132,0.4196375236,0.06520444155,0.07030272484
2437,1.0,0.0,0.0,0.0,1.0,1.0,0.4287104604,0.4283319677,0.06576520205,0.07144856453
2438,1.0,0.0,0.0,0.0,1.0,1.0,0.4328569553,0.4292475713,0.0666140914,0.07257145643
2439,1.0,0.0,0.0,0.0,1.0,1.0,0.4389501664,0.4376538182,0.06761437654,0.07407951355
2440,1.0,0.0,0.0,0.0,1.0,1.0,0.4340832049,0.4440196151,0.06800687313,0.07650774717
2441,1.0,0.0,0.0,0.5235987902,1.0,1.0,0.4367010588,0.4356540718,0.06729578972,0.07440835238
2442,1.0,0.0,0.0,0.5235987902,1.0,1.0,0.442198943,0.4370550121,0.0709246397,0.07842075825
2443,1.0,0.0,0.0,0.5235987902,1.0,1.0,0.4465973886,0.4342624236,0.07115006447,0.07803559303
2444,1.0,0.0,0.0,0.5235987902,1.0,1.0,0.4592783426,0.4360310637,0.06982851028,0.07548266649
2445,1.0,0.0,0.0,0.5235987902,1.0,1.0,0.4549838971,0.3941695305,0.0686994195,0.0686994791
2446,1.0,0.0,0.0,0.5235987902,1.0,1.0,0.4786336727,0.3672449694,0.0722887516,0.06488215923
2447,1.0,0.0,0.0,0.5235987902,1.0,1.0,0.5037187282,0.3666894379,0.07586270571,0.06472414732
2448,1.0,0.0,0.0,0.5235987902,1.0,1.0,0.5307312508,0.3790986968,0.07713097334,0.06501460075
2449,1.0,0.0,0.0,0.5235987902,1.0,1.0,0.5753093542,0.3576946628,0.08258754015,0.06148844957
2450,1.0,0.0,0.0,0.5235987902,1.0,1.0,0.6178368791,0.3533742786,0.08870846033,0.06077605486
2451,1.0,0.0,0.0,0.5235987902,1.0,1.0,0.6203429807,0.3456852645,0.08615142107,0.05773347616
2452,1.0,0.0,0.0,0.5235987902,1.0,1.0,0.5883980938,0.3634335376,0.08451026678,0.06233382225
2453,1.0,0.0,0.0,0.5235987902,1.0,1.0,0.5475556577,0.3730794317,0.08064591885,0.06535619497
2454,1.0,0.0,0.0,0.5235987902,1.0,1.0,0.5451498459,0.3919047367,0.08020371199,0.06802469492
2455,1.0,0.0,0.0,0.5235987902,1.0,1.0,0.5158409334,0.4256883721,0.07805860043,0.07480621338
2456,1.0,0.0,0.0,0.5235987902,1.0,1.0,0.5274299996,0.458077564,0.08158177137,0.08128619194
2457,1.0,0.0,0.0,0.5235987902,1.0,1.0,0.5262177121,0.4866134254,0.08589959145,0.09014904499
2458,1.0,0.0,0.0,0.5235987902,1.0,1.0,0.5257287754,0.4931886252,0.08479982615,0.090493083
2459,1.0,0.0,0.0,0.5235987902,1.0,1.0,0.5243585488,0.4915017711,0.08375144005,0.08880025148
2460,1.0,0.0,0.0,0.5235987902,1.0,1.0,0.5237814209,0.4948217943,0.08330500126,0.08919233084
2461,1.0,0.0,0.0,0.5235987902,1.0,1.0,0.5210449776,0.4866135163,0.08328723907,0.08802956343
2462,1.0,0.0,0.0,0.5235987902,1.0,1.0,0.5273013556,0.4947892837,0.08400052786,0.08966010809
2463,1.0,0.0,0.0,0.5235987902,1.0,1.0,0.5310409939,0.4915288502,0.08451110125,0.08927232027
2464,1.0,0.0,0.0,0.5235987902,1.0,1.0,0.5228991388,0.4802512016,0.08497911692,0.08919793367
2465,1.0,0.0,0.0,0.5235987902,1.0,1.0,0.5244502236,0.4801240173,0.08299797773,0.08683776855
2466,1.0,0.0,0.0,0.5235987902,1.0,1.0,0.5239611388,0.4849752082,0.08439528942,0.08890038729
2467,1.0,0.0,0.0,0.5235987902,1.0,1.0,0.5306603352,0.49147476,0.08228176832,0.08664304018
2468,1.0,0.0,0.0,0.5235987902,1.0,1.0,0.5310412524,0.4866564381,0.08455657959,0.08872485161
2469,1.0,0.0,0.0,0.5235987902,1.0,1.0,0.5319161346,0.4980827092,0.08439224958,0.09001839161
2470,1.0,0.0,0.0,0.5235987902,1.0,1.0,0.5244502856,0.4947734253,0.08097583055,0.08645111322
2471,1.0,0.0,0.0,0.5235987902,1.0,1.0,0.5196727416,0.4931455643,0.08344602585,0.08940643072
2472,1.0,0.0,0.0,0.5235987902,1.0,1.0,0.5310412092,0.5030414643,0.0799638629,0.08531355858
2473,1.0,0.0,0.0,0.5235987902,1.0,1.0,0.5201555225,0.5013758862,0.08404868841,0.09095275402
2474,1.0,0.0,0.0,0.5235987902,1.0,1.0,0.5277952436,0.5063399251,0.0785138011,0.08519583941
2475,1.0,0.0,0.0,0.5235987902,1.0,1.0,0.5279008556,0.5164900715,0.08060914278,0.08835446835
2476,1.0,0.0,0.0,0.5235987902,1.0,1.0,0.5229639212,0.4809597825,0.07842290401,0.08190828562
2477,1.0,0.0,0.0,0.5235987902,1.0,1.0,0.6424984471,0.3610151855,0.08632844687,0.05695277452
2478,1.0,0.0,0.0,0.5235987902,1.0,1.0,0.6527887627,0.343437337,0.0871001482,0.05346143246
2479,1.0,0.0,0.0,0.5235987902,1.0,1.0,0.6298452618,0.3664617552,0.08708095551,0.05986809731
2480,1.0,0.0,0.0,0.5235987902,1.0,1.0,0.5623836443,0.4040298451,0.08093470335,0.06911277771
2481,1.0,0.0,0.0,0.5235987902,1.0,1.0,0.5343954801,0.4376868646,0.07768285275,0.07531088591
2482,1.0,0.0,0.0,0.5235987902,1.0,1.0,0.5414899369,0.4669802486,0.07980149984,0.08039480448
2483,1.0,0.0,0.0,0.5235987902,1.0,1.0,0.5529252995,0.4928754038,0.08218204975,0.08513820171
2484,1.0,0.0,0.0,0.5235987902,1.0,1.0,0.5606382374,0.509919304,0.08334612846,0.08835279942
2485,1.0,0.0,0.0,0.5235987902,1.0,1.0,0.56348363,0.513365112,0.08503061533,0.08980423212
2486,1.0,0.0,0.0,0.5235987902,1.0,1.0,0.5592936228,0.521892944,0.08604812622,0.09271383286
2487,1.0,0.0,0.0,0.5235987902,1.0,1.0,0.5674122639,0.5306313823,0.08635741472,0.09362959862
2488,1.0,0.0,0.0,0.5235987902,1.0,1.0,0.5685624484,0.5322368385,0.08448904753,0.0915543437
2489,1.0,0.0,0.0,0.5235987902,1.0,1.0,0.560710724,0.5253038813,0.08393847942,0.09071242809
2490,1.0,0.0,0.0,0.5235987902,1.0,1.0,0.5589761085,0.5218928239,0.08235323429,0.08904629946
2491,1.0,0.0,0.0,0.5235987902,1.0,1.0,0.5603974917,0.5253915262,0.08488309383,0.09175747633
2492,1.0,0.0,0.0,0.5235987902,1.0,1.0,0.560951385,0.5271966894,0.08281290531,0.08951956034
2493,1.0,0.0,0.0,0.5235987902,1.0,1.0,0.5663174967,0.53763081,0.0834993124,0.09077274799
2494,1.0,0.0,0.0,0.5235987902,1.0,1.0,0.5609515078,0.5271969531,0.08219432831,0.08885091543
2495,1.0,0.0,0.0,0.5235987902,1.0,1.0,0.5609514537,0.5324616489,0.0819002986,0.08910989761
2496,1.0,0.0,0.0,0.5235987902,1.0,1.0,0.5652018828,0.5357831246,0.08606421947,0.09356105328
2497,1.0,0.0,0.0,0.5235987902,1.0,1.0,0.5637365893,0.530953409,0.08496016264,0.09154158831
2498,1.0,0.0,0.0,0.5235987902,1.0,1.0,0.5598449893,0.5393540948,0.08474373817,0.09339720011
2499,1.0,0.0,0.0,0.5235987902,1.0,1.0,0.5618163105,0.5446787256,0.08339089155,0.09216892719
2500,1.0,0.0,0.0,0.5235987902,1.0,1.0,0.561943028,0.5316893276,0.08546072245,0.09344488382
2501,1.0,0.0,0.0,0.5235987902,1.0,1.0,0.5597649151,0.5367374392,0.08570891619,0.09460604191
2502,1.0,0.0,0.0,0.5235987902,1.0,1.0,0.5649446939,0.5372426801,0.08684837818,0.09499037266
2503,1.0,0.0,0.0,0.5235987902,1.0,1.0,0.5616374329,0.5476393586,0.08619815111,0.09577572346
2504,1.0,0.0,0.0,0.5235987902,1.0,1.0,0.5627923413,0.5388147455,0.08801925182,0.09621417522
2505,1.0,0.0,0.0,0.5235987902,1.0,1.0,0.5672242723,0.5525925065,0.08834707737,0.09802901745
2506,1.0,0.0,0.0,0.5235987902,1.0,1.0,0.5619433383,0.5457704614,0.08386594057,0.09286189079
2507,1.0,0.0,0.0,0.5235987902,1.0,1.0,0.5649444467,0.5548628779,0.08523291349,0.09529519081
2508,1.0,0.0,0.0,0.5235987902,1.0,1.0,0.5608092059,0.5153373271,0.08496516943,0.09012377262
2509,1.0,0.0,0.0,0.5235987902,1.0,1.0,0.6250656348,0.3930389822,0.08434742689,0.06258994341
2510,1.0,0.0,0.0,0.5235987902,1.0,1.0,0.6536530848,0.3871883155,0.09025371075,0.06253069639
2511,1.0,0.0,0.0,0.5235987902,1.0,1.0,0.56568211,0.4329711265,0.08293020725,0.07426583767
2512,1.0,0.0,0.0,0.5235987902,1.0,1.0,0.5469985796,0.469912887,0.08236253262,0.08205634356
2513,1.0,0.0,0.0,0.5235987902,1.0,1.0,0.5688206007,0.5240128054,0.08564770222,0.09107607603
2514,1.0,0.0,0.0,0.5235987902,1.0,1.0,0.5827590508,0.5377621317,0.0889801383,0.09444653988
2515,1.0,0.0,0.0,0.5235987902,1.0,1.0,0.5745055519,0.5624035907,0.08863955736,0.09872615337
2516,1.0,0.0,0.0,0.5235987902,1.0,1.0,0.5750484124,0.56218606,0.08879977465,0.09853124619
2517,1.0,0.0,0.0,0.5235987902,1.0,1.0,0.581601568,0.5643698532,0.08705121279,0.09596431255
2518,1.0,0.0,0.0,0.5235987902,1.0,1.0,0.5844110066,0.5676274036,0.09037101269,0.09986764193
2519,1.0,0.0,0.0,0.5235987902,1.0,1.0,0.5812776473,0.5656561577,0.08582872152,0.0951706171
2520,1.0,0.0,0.0,0.5235987902,1.0,1.0,0.5863925045,0.5676275352,0.0886092782,0.09758991003
2521,1.0,0.0,0.0,0.5235987902,1.0,1.0,0.5784175948,0.5673916068,0.0874094367,0.09722065926
2522,1.0,0.0,0.0,0.5235987902,1.0,1.0,0.5860495953,0.5688863983,0.091332376,0.101172924
2523,1.0,0.0,0.0,0.5235987902,1.0,1.0,0.5826785994,0.5691268624,0.0912451148,0.1014522314
2524,1.0,0.0,0.0,0.5235987902,1.0,1.0,0.573644287,0.5554389704,0.08833444118,0.09683394432
2525,1.0,0.0,0.0,0.5235987902,1.0,1.0,0.5854720885,0.5740738766,0.09185642004,0.1026812196
2526,1.0,0.0,0.0,0.5235987902,1.0,1.0,0.5781085641,0.5723449315,0.08853626251,0.09934073687
2527,1.0,0.0,0.0,0.5235987902,1.0,1.0,0.5767146728,0.5743320479,0.08942943811,0.1006841063
2528,1.0,0.0,0.0,0.5235987902,1.0,1.0,0.5844112245,0.571109398,0.08848178387,0.09837967157
2529,1.0,0.0,0.0,0.5235987902,1.0,1.0,0.581853245,0.565885838,0.08856981993,0.09790879488
2530,1.0,0.0,0.0,0.5235987902,1.0,1.0,0.5796170555,0.5641448469,0.08969944715,0.09952944517
2531,1.0,0.0,0.0,0.5235987902,1.0,1.0,0.5847482198,0.569368791,0.08934545517,0.09937405586
2532,1.0,0.0,0.0,0.5235987902,1.0,1.0,0.5815294291,0.5691264021,0.08791941404,0.09775441885
2533,1.0,0.0,0.0,0.5235987902,1.0,1.0,0.5838325949,0.5676273129,0.08600693941,0.09504497051
2534,1.0,0.0,0.0,0.5235987902,1.0,1.0,0.5845036575,0.5696117332,0.08863222599,0.09861469269
2535,1.0,0.0,0.0,0.5235987902,1.0,1.0,0.5821800834,0.569857414,0.08620685339,0.09562194347
2536,1.0,0.0,0.0,0.5235987902,1.0,1.0,0.5839211919,0.5663502753,0.08879333735,0.09788477421
2537,1.0,0.0,0.0,0.5235987902,1.0,1.0,0.5816017856,0.5624037725,0.08865922689,0.09773695469
2538,1.0,0.0,0.0,0.5235987902,1.0,1.0,0.5801928396,0.5645969433,0.08888739347,0.09801965952
2539,1.0,0.0,0.0,0.5235987902,1.0,1.0,0.5805141529,0.5648252833,0.08711123466,0.09609174728
2540,1.0,0.0,0.0,0.5235987902,1.0,1.0,0.586737155,0.5766009876,0.08912044764,0.0996940136
2541,1.0,0.0,0.0,0.5235987902,1.0,1.0,0.5827593351,0.5716105116,0.08701467514,0.09681493044
2542,1.0,0.0,0.0,0.5235987902,1.0,1.0,0.582509112,0.5663501693,0.08678609133,0.09599965811
2543,1.0,0.0,0.0,0.5235987902,1.0,1.0,0.5818533211,0.5766009415,0.08916753531,0.1000859737
2544,1.0,0.0,0.0,0.5235987902,1.0,1.0,0.5811646649,0.5577869754,0.08499991894,0.09323513508
2545,1.0,0.0,0.0,0.5235987902,1.0,1.0,0.5849410197,0.5542683226,0.08803075552,0.09561961889
2546,1.0,0.0,0.0,0.5235987902,1.0,1.0,0.596229179,0.566350656,0.09056407213,0.09916001558
2547,1.0,0.0,0.0,0.5235987902,1.0,1.0,0.5932303669,0.5624039155,0.09087097645,0.09949600697
2548,1.0,0.0,0.0,0.5235987902,1.0,1.0,0.5956271235,0.5626227412,0.09032964706,0.09859704971
2549,1.0,0.0,0.0,0.5235987902,1.0,1.0,0.5938275037,0.5698570603,0.09000998735,0.09916353226
2550,1.0,0.0,0.0,0.5235987902,1.0,1.0,0.593008738,0.5665854092,0.08909875154,0.0975844264
2551,1.0,0.0,0.0,0.5235987902,1.0,1.0,0.595455095,0.5713592576,0.09026998281,0.09938812256
2552,1.0,0.0,0.0,0.5235987902,1.0,1.0,0.5918144795,0.5701043417,0.08944040537,0.09856700897
2553,1.0,0.0,0.0,0.5235987902,1.0,1.0,0.5927865725,0.5681037771,0.0891237855,0.0985532403
2554,1.0,0.0,0.0,0.5235987902,1.0,1.0,0.5950258862,0.5681039966,0.08890473843,0.09764456749
2555,1.0,0.0,0.0,0.5235987902,1.0,1.0,0.5927863194,0.5554392294,0.08835530281,0.09619575739
2556,1.0,0.0,0.0,0.5235987902,1.0,1.0,0.5889749192,0.5593368852,0.08832371235,0.09649062157
2557,1.0,0.0,0.0,0.5235987902,1.0,1.0,0.58850424,0.5525085613,0.08651477098,0.09367460012
2558,1.0,0.0,0.0,0.5235987902,1.0,1.0,0.5832607172,0.552882818,0.08771115541,0.095020473
2559,1.0,0.0,0.0,0.5235987902,1.0,1.0,0.5858798195,0.5637424007,0.08778762817,0.09629303217
2560,1.0,0.0,0.0,0.5235987902,1.0,1.0,0.5881445683,0.5542678001,0.08942806721,0.09680360556
2561,1.0,0.0,0.0,0.5235987902,1.0,1.0,0.5905331369,0.5632898035,0.08634841442,0.09465688467
2562,1.0,0.0,0.0,0.5235987902,1.0,1.0,0.5879067801,0.5562266866,0.08986163139,0.09760838747
2563,1.0,0.0,0.0,0.5235987902,1.0,1.0,0.5853430924,0.5319610043,0.08610028028,0.09068006277
2564,1.0,0.0,0.0,0.5235987902,1.0,1.0,0.586139075,0.4704333387,0.08341038227,0.07852184772
2565,1.0,0.0,0.0,0.5235987902,1.0,1.0,0.5983644624,0.4668924794,0.0839189291,0.07783782482
2566,1.0,0.0,0.0,0.5235987902,1.0,1.0,0.6085442409,0.4631112692,0.08602803946,0.07745581865
2567,1.0,0.0,0.0,0.5235987902,1.0,1.0,0.6093897417,0.4595974077,0.08746004105,0.078155756
2568,1.0,0.0,0.0,0.5235987902,1.0,1.0,0.6061830404,0.461280677,0.0859926343,0.077670753
2569,1.0,0.0,0.0,0.5235987902,1.0,1.0,0.6118588283,0.462976296,0.08440923691,0.07569789886
2570,1.0,0.0,0.0,0.5235987902,1.0,1.0,0.5923419843,0.4615606347,0.0862827301,0.07969385386
2571,1.0,0.0,0.0,0.5235987902,1.0,1.0,0.5919441021,0.467130317,0.08486330509,0.0793287158
2572,1.0,0.0,0.0,0.5235987902,1.0,1.0,0.576887621,0.4707514984,0.08178025484,0.07846075296
2573,1.0,0.0,0.0,0.5235987902,1.0,1.0,0.5756617536,0.4816151288,0.08300161362,0.08147019148
2574,1.0,0.0,0.0,0.5235987902,1.0,1.0,0.5786245034,0.5033288478,0.08552694321,0.08677089214
2575,1.0,0.0,0.0,0.5235987902,1.0,1.0,0.5806582722,0.5104675018,0.0824290514,0.08450454473
2576,1.0,0.0,0.0,0.5235987902,1.0,1.0,0.5832672251,0.5247966668,0.08428430557,0.08788365126
2577,1.0,0.0,0.0,0.5235987902,1.0,1.0,0.5858441708,0.5299529171,0.08809971809,0.09244263172
2578,1.0,0.0,0.0,0.5235987902,1.0,1.0,0.5908132443,0.5424016554,0.08671349287,0.09215193987
2579,1.0,0.0,0.0,0.5235987902,1.0,1.0,0.5880271069,0.5566285585,0.08583575487,0.0932867527
2580,1.0,0.0,0.0,0.5235987902,1.0,1.0,0.5986400691,0.5639709227,0.08864867687,0.09593486786
2581,1.0,0.0,0.0,0.5235987902,1.0,1.0,0.5915063741,0.5635151625,0.08785670996,0.09633946419
2582,1.0,0.0,0.0,0.5235987902,1.0,1.0,0.5893362215,0.5726339884,0.08678394556,0.0960290432
2583,1.0,0.0,0.0,0.5235987902,1.0,1.0,0.5936080938,0.568587433,0.08971095085,0.09825485945
2584,1.0,0.0,0.0,0.5235987902,1.0,1.0,0.5901659056,0.5703528782,0.0898129344,0.09934788942
2585,1.0,0.0,0.0,0.5235987902,1.0,1.0,0.5877885576,0.5721185682,0.08827328682,0.09794706106
2586,1.0,0.0,0.0,0.5235987902,1.0,1.0,0.5871971723,0.5668212367,0.08879685402,0.09761571884
2587,1.0,0.0,0.0,0.5235987902,1.0,1.0,0.5915889104,0.5685869361,0.0908164382,0.09980505705
2588,1.0,0.0,0.0,0.5235987902,1.0,1.0,0.5903960406,0.5668212779,0.08883786201,0.09732747078
2589,1.0,0.0,0.0,0.5235987902,1.0,1.0,0.5909919535,0.5723750788,0.08948117495,0.09864300489
2590,1.0,0.0,0.0,0.5235987902,1.0,1.0,0.5918145217,0.5683448311,0.09050142765,0.0994284749
2591,1.0,0.0,0.0,0.5235987902,1.0,1.0,0.5880250296,0.5683447545,0.0904931426,0.09975868464
2592,1.0,0.0,0.0,0.5235987902,1.0,1.0,0.6004710207,0.5748536359,0.09051042795,0.09992593527
2593,1.0,0.0,0.0,0.5235987902,1.0,1.0,0.5964414906,0.5731061932,0.09064376354,0.1004430056
2594,1.0,0.0,0.0,0.5235987902,1.0,1.0,0.5927863096,0.5701042158,0.08705598116,0.09626668692
2595,1.0,0.0,0.0,0.5235987902,1.0,1.0,0.5921867997,0.5665851811,0.09040755033,0.09935581684
2596,1.0,0.0,0.0,0.5235987902,1.0,1.0,0.5903963903,0.5613062395,0.09202229977,0.1001880765
2597,1.0,0.0,0.0,0.5235987902,1.0,1.0,0.5926338101,0.5608756629,0.08858925104,0.09639716148
2598,1.0,0.0,0.0,0.5235987902,1.0,1.0,0.5912191,0.5698573235,0.09246325493,0.1022127867
2599,1.0,0.0,0.0,0.5235987902,1.0,1.0,0.5950260616,0.5648254817,0.09056037664,0.09854197502
2600,1.0,0.0,0.0,0.5235987902,1.0,1.0,0.5962294879,0.5685868531,0.08831042051,0.09639298916
2601,1.0,0.0,0.0,0.5235987902,1.0,1.0,0.595627167,0.5665851227,0.09165513515,0.1000438929
2602,1.0,0.0,0.0,0.5235987902,1.0,1.0,0.5918145773,0.5630659377,0.09184962511,0.09997236729
2603,1.0,0.0,0.0,0.5235987902,1.0,1.0,0.5922621268,0.5608756108,0.09227192402,0.1000651121
2604,1.0,0.0,0.0,0.5235987902,1.0,1.0,0.5984562278,0.56635036,0.08949971199,0.09733468294
2605,1.0,0.0,0.0,0.5235987902,1.0,1.0,0.5887547422,0.5263016623,0.08496922255,0.08823722601
2606,1.0,0.0,0.0,0.5235987902,1.0,1.0,0.5765202936,0.4870928505,0.08482730389,0.08358895779
2607,1.0,0.0,0.0,0.5235987902,1.0,1.0,0.6026678146,0.4651944414,0.08687001467,0.0791413188
2608,1.0,0.0,0.0,0.5235987902,1.0,1.0,0.610709738,0.4612810536,0.08503085375,0.07598507404
2609,1.0,0.0,0.0,0.5235987902,1.0,1.0,0.6142062874,0.464813621,0.08652973175,0.07735693455
2610,1.0,0.0,0.0,0.5235987902,1.0,1.0,0.6232845103,0.468372908,0.08613675833,0.07676744461
2611,1.0,0.0,0.0,0.5235987902,1.0,1.0,0.6320320764,0.4609973751,0.08930724859,0.07725542784
2612,1.0,0.0,0.0,0.5235987902,1.0,1.0,0.6219236093,0.4573093446,0.08733874559,0.07600003481
2613,1.0,0.0,0.0,0.5235987902,1.0,1.0,0.6297253293,0.4554651093,0.08661711216,0.07454502583
2614,1.0,0.0,0.0,0.5235987902,1.0,1.0,0.6403544875,0.4586990635,0.08756685257,0.07479667664
2615,1.0,0.0,0.0,0.5235987902,1.0,1.0,0.6476202864,0.4531048861,0.08932584524,0.07510787249
2616,1.0,0.0,0.0,0.5235987902,1.0,1.0,0.6396424915,0.4588512627,0.08734887838,0.07491379976
2617,1.0,0.0,0.0,0.5235987902,1.0,1.0,0.6343897279,0.4604168795,0.08588767052,0.07413458824
2618,1.0,0.0,0.0,0.5235987902,1.0,1.0,0.6491335394,0.4546333834,0.08819824457,0.07359993458
2619,1.0,0.0,0.0,0.5235987902,1.0,1.0,0.6491334794,0.4527546038,0.08937817812,0.07427632809
2620,1.0,0.0,0.0,0.5235987902,1.0,1.0,0.6543834086,0.4546329914,0.09015709162,0.07446414232
2621,1.0,0.0,0.0,0.5235987902,1.0,1.0,0.6602853221,0.458234703,0.09012573957,0.07474589348
2622,1.0,0.0,0.0,0.5235987902,1.0,1.0,0.6693301342,0.4525773173,0.0907856822,0.07411074638
2623,1.0,0.0,0.0,0.5235987902,1.0,1.0,0.6647712305,0.4520376594,0.08968448639,0.0730420351
2624,1.0,0.0,0.0,0.5235987902,1.0,1.0,0.669350918,0.4501300102,0.09051656723,0.07315719128
2625,1.0,0.0,0.0,0.5235987902,1.0,1.0,0.6647768694,0.4598195374,0.08969426155,0.07433569431
2626,1.0,0.0,0.0,0.5235987902,1.0,1.0,0.6785200462,0.4465185553,0.0933624506,0.07412219048
2627,1.0,0.0,0.0,0.5235987902,1.0,1.0,0.6809637757,0.4478268705,0.0908318162,0.07198578119
2628,1.0,0.0,0.0,0.5235987902,1.0,1.0,0.6907736,0.4463153219,0.09213167429,0.07162392139
2629,1.0,0.0,0.0,0.5235987902,1.0,1.0,0.7008772731,0.431317968,0.09334427118,0.06970113516
2630,1.0,0.0,0.0,0.5235987902,1.0,1.0,0.6876896194,0.4389182003,0.0919521451,0.07080310583
2631,1.0,0.0,0.0,0.5235987902,1.0,1.0,0.6949608177,0.4341209652,0.09273082018,0.06978076696
2632,1.0,0.0,0.0,0.5235987902,1.0,1.0,0.6902289567,0.4382171506,0.09116399288,0.06974965334
2633,1.0,0.0,0.0,0.5235987902,1.0,1.0,0.7100371773,0.431400008,0.09233891964,0.06734955311
2634,1.0,0.0,0.0,0.5235987902,1.0,1.0,0.7107138259,0.4283321486,0.09246569872,0.06752431393
2635,1.0,0.0,0.0,0.5235987902,1.0,1.0,0.720718092,0.4266848585,0.0954003334,0.06854003668
2636,1.0,0.0,0.0,0.5235987902,1.0,1.0,0.7224035379,0.4261187681,0.09383708239,0.06680959463
2637,1.0,0.0,0.0,0.5235987902,1.0,1.0,0.7162278049,0.4399090595,0.09437304735,0.07031720877
2638,1.0,0.0,0.0,0.5235987902,1.0,1.0,0.7152186002,0.4266845706,0.09258759022,0.06695252657
2639,1.0,0.0,0.0,0.5235987902,1.0,1.0,0.7177281095,0.4280556233,0.09508937597,0.06845194101
2640,1.0,0.0,0.0,0.5235987902,1.0,1.0,0.7195059311,0.430793908,0.09724712372,0.07035559416
2641,1.0,0.0,0.0,0.5235987902,1.0,1.0,0.7249718163,0.4269646071,0.09622830153,0.06855881214
2642,1.0,0.0,0.0,0.5235987902,1.0,1.0,0.7206077976,0.4310568885,0.09584075212,0.06898093224
2643,1.0,0.0,0.0,0.5235987902,1.0,1.0,0.7232954146,0.4348715815,0.09988033772,0.07275629044
2644,1.0,0.0,0.0,0.5235987902,1.0,1.0,0.7262380637,0.4459048648,0.09922581911,0.07308059931
2645,1.0,0.0,0.0,0.5235987902,1.0,1.0,0.724768704,0.4463154833,0.09620851278,0.07169675827
2646,1.0,0.0,0.0,0.5235987902,1.0,1.0,0.7237339929,0.4429344182,0.09698861837,0.07204866409
2647,1.0,0.0,0.0,0.5235987902,1.0,1.0,0.7202363822,0.441263002,0.09595197439,0.07105302811
2648,1.0,0.0,0.0,0.5235987902,1.0,1.0,0.7310203225,0.4488060791,0.09886932373,0.07353407145
2649,1.0,0.0,0.0,0.5235987902,1.0,1.0,0.7498719987,0.4520373481,0.0992988348,0.07286006212
2650,1.0,0.0,0.0,0.5235987902,1.0,1.0,0.739982587,0.4655196268,0.09735441208,0.07500576973
2651,1.0,0.0,0.0,0.5235987902,1.0,1.0,0.7461269943,0.4579191986,0.09958028793,0.07407051325
2652,1.0,0.0,0.0,0.5235987902,1.0,1.0,0.7432341622,0.4579191235,0.09748399258,0.07296156883
2653,1.0,0.0,0.0,0.5235987902,1.0,1.0,0.7399828105,0.463481667,0.09666973352,0.07387024164
2654,1.0,0.0,0.0,0.5235987902,1.0,1.0,0.7414464841,0.4615745533,0.09785419703,0.07423424721
2655,1.0,0.0,0.0,0.5235987902,1.0,1.0,0.7449546235,0.467296071,0.09684985876,0.0736900568
2656,1.0,0.0,0.0,0.5235987902,1.0,1.0,0.7423096914,0.4748304556,0.09819185734,0.07633721828
2657,1.0,0.0,0.0,0.5235987902,1.0,1.0,0.7321491439,0.4710011882,0.09587973356,0.07487750053
2658,1.0,0.0,0.0,0.5235987902,1.0,1.0,0.7513365013,0.4901111463,0.09831172228,0.07809817791
2659,1.0,0.0,0.0,0.5235987902,1.0,1.0,0.7513367606,0.4844037715,0.09776085615,0.07705140114
2660,1.0,0.0,0.0,0.5235987902,1.0,1.0,0.7457827399,0.4939769161,0.09660452604,0.07813149691
2661,1.0,0.0,0.0,0.5235987902,1.0,1.0,0.7575464258,0.4900739304,0.09870815277,0.07810550928
2662,1.0,0.0,0.0,0.5235987902,1.0,1.0,0.7598098217,0.4939772646,0.100471735,0.07975912094
2663,1.0,0.0,0.0,0.5235987902,1.0,1.0,0.7695232298,0.4882329816,0.1018804312,0.07920581102
2664,1.0,0.0,0.0,0.5235987902,1.0,1.0,0.7577928676,0.4901110954,0.1011446118,0.0798510313
2665,1.0,0.0,0.0,0.5235987902,1.0,1.0,0.770255421,0.4882331043,0.1008381844,0.07887649536
2666,1.0,0.0,0.0,0.5235987902,1.0,1.0,0.779064562,0.5016578432,0.1038837433,0.08228099346
2667,1.0,0.0,0.0,0.5235987902,1.0,1.0,0.7742991287,0.5094056861,0.1007221341,0.08150750399
2668,1.0,0.0,0.0,0.5235987902,1.0,1.0,0.7693542474,0.5133320656,0.09938645363,0.08173841238
2669,1.0,0.0,0.0,0.5235987902,1.0,1.0,0.7814470889,0.5074685599,0.101905942,0.08140045404
2670,1.0,0.0,0.0,0.5235987902,1.0,1.0,0.773532681,0.5209445802,0.1014894247,0.08379858732
2671,1.0,0.0,0.0,0.5235987902,1.0,1.0,0.7923290739,0.5192411984,0.1007951498,0.08149391413
2672,1.0,0.0,0.0,0.5235987902,1.0,1.0,0.7778788879,0.5133856393,0.09911298752,0.08070194721
2673,1.0,0.0,0.0,0.5235987902,1.0,1.0,0.7773439447,0.5290012237,0.09925562143,0.08353495598
2674,1.0,0.0,0.0,0.5235987902,1.0,1.0,0.77946903,0.5329055634,0.1014617085,0.08496642113
2675,1.0,0.0,0.0,0.5235987902,1.0,1.0,0.7913257687,0.5326481503,0.1012061238,0.08511215448
2676,1.0,0.0,0.0,0.5235987902,1.0,1.0,0.7770776764,0.5423329645,0.09893590212,0.08523714542
2677,1.0,0.0,0.0,0.5235987902,1.0,1.0,0.7874392707,0.5424988928,0.101205647,0.08688116074
2678,1.0,0.0,0.0,0.5235987902,1.0,1.0,0.7916374243,0.5390692165,0.09960585833,0.08528751135
2679,1.0,0.0,0.0,0.5235987902,1.0,1.0,0.8050368031,0.5412000231,0.1012989283,0.08593159914
2680,1.0,0.0,0.0,0.5235987902,1.0,1.0,0.8020523862,0.5492965677,0.1004017591,0.08663952351
2681,1.0,0.0,0.0,0.5235987902,1.0,1.0,0.8109617677,0.5369553043,0.1016952395,0.08521252871
2682,1.0,0.0,0.0,0.5235987902,1.0,1.0,0.8000486215,0.5455121766,0.1020002365,0.0865265727
2683,1.0,0.0,0.0,0.5235987902,1.0,1.0,0.8059616776,0.5451501328,0.1036787629,0.08750867844
2684,1.0,0.0,0.0,0.5235987902,1.0,1.0,0.822341135,0.5431751493,0.1049656272,0.08694446087
2685,1.0,0.0,0.0,0.5235987902,1.0,1.0,0.8115768684,0.5475031347,0.1029695272,0.08739697933
2686,1.0,0.0,0.0,0.5235987902,1.0,1.0,0.8040621339,0.5556898825,0.1026395559,0.08889037371
2687,1.0,0.0,0.0,0.5235987902,1.0,1.0,0.8299160909,0.5556897156,0.1041505933,0.08827400208
2688,1.0,0.0,0.0,0.5235987902,1.0,1.0,0.8362679167,0.5559144596,0.1031262279,0.08709132671
2689,1.0,0.0,0.0,0.5235987902,1.0,1.0,0.822325324,0.5592115735,0.1025724411,0.08900135756
2690,1.0,0.0,0.0,0.5235987902,1.0,1.0,0.846767486,0.5682312025,0.105327785,0.09000736475
2691,1.0,0.0,0.0,0.5235987902,1.0,1.0,0.8208347151,0.5358449672,0.1013556123,0.08352446556
2692,1.0,0.0,0.0,0.5235987902,1.0,1.0,0.7587695593,0.487916502,0.1003525853,0.07777327299
2693,1.0,0.0,0.0,0.5235987902,1.0,1.0,0.7319543301,0.4522190688,0.09725397825,0.07078427076
2694,1.0,0.0,0.0,0.5235987902,1.0,1.0,0.6655651166,0.3978546604,0.08753103018,0.05960166454
2695,1.0,0.0,0.0,0.5235987902,1.0,1.0,0.5244595046,0.4083741523,0.07998788357,0.06881976128
2696,1.0,0.0,0.0,0.5235987902,1.0,1.0,0.4805360861,0.4207271345,0.07236546278,0.06741267443
2697,1.0,0.0,0.0,0.5235987902,1.0,1.0,0.4631774591,0.4368307286,0.07180339098,0.07016527653
2698,1.0,0.0,0.0,0.5235987902,1.0,1.0,0.4379482298,0.4077987426,0.0695527792,0.06603449583
2699,1.0,0.0,0.0,0.5235987902,1.0,1.0,0.4140781113,0.3954746582,0.06663531065,0.06395924091
2700,1.0,0.0,0.0,0.5235987902,1.0,1.0,0.4074582633,0.3944285462,0.06636226177,0.06418645382
2701,1.0,0.0,0.0,0.0,1.0,1.0,0.3883926213,0.36759139,0.06300038099,0.05892711878
2702,1.0,0.0,0.0,0.0,1.0,1.0,0.3701032069,0.3281501287,0.06108701229,0.05301386118
2703,1.0,0.0,0.0,0.0,1.0,1.0,0.356427463,0.3139693804,0.05926793814,0.05099177361
2704,1.0,0.0,0.0,0.0,1.0,1.0,0.3384690228,0.2942436088,0.05666875839,0.0478476882
2705,1.0,0.0,0.0,0.0,1.0,1.0,0.3447440883,0.3100582752,0.05754357576,0.04962480068
2706,1.0,0.0,0.0,0.0,1.0,1.0,0.3436564303,0.3106815951,0.05834001303,0.05057919025
2707,1.0,0.0,0.0,0.0,1.0,1.0,0.3331472199,0.2961924226,0.05545401573,0.04726797342
2708,1.0,0.0,0.0,0.0,1.0,1.0,0.3258024328,0.2978468854,0.05414652824,0.04708391428
2709,1.0,0.0,0.0,0.0,1.0,1.0,0.3181452638,0.3096632256,0.05326122046,0.04910427332
2710,1.0,0.0,0.0,0.0,1.0,1.0,0.3147244188,0.3092737276,0.05397939682,0.05002969503
2711,1.0,0.0,0.0,0.0,1.0,1.0,0.3087196938,0.3084085884,0.05263519287,0.0497110486
2712,1.0,0.0,0.0,0.0,1.0,1.0,0.2971737924,0.2988365326,0.0504950881,0.0478374362
2713,1.0,0.0,0.0,0.0,1.0,1.0,0.2893533434,0.2955158162,0.0494762063,0.04760408401
2714,1.0,0.0,0.0,0.0,1.0,1.0,0.2904628733,0.3004965321,0.04962009192,0.04828619957
2715,1.0,0.0,0.0,0.0,1.0,1.0,0.28510717,0.3021566793,0.04771047831,0.04771047831
2716,1.0,0.0,0.0,0.0,1.0,1.0,0.2915687969,0.3150055423,0.04993450642,0.05100262165
2717,1.0,0.0,0.0,0.0,1.0,1.0,0.2784050936,0.2985134116,0.04736918211,0.04816752672
2718,1.0,0.0,0.0,0.0,1.0,1.0,0.2871238997,0.3057503414,0.04892504215,0.04972708225
2719,1.0,0.0,0.0,0.0,1.0,1.0,0.279023942,0.2975314867,0.0470533967,0.04811680317
2720,1.0,0.0,0.0,0.0,1.0,1.0,0.2864543226,0.3021187228,0.04891723394,0.04972350597
2721,1.0,0.0,0.0,0.0,1.0,1.0,0.2826227623,0.299832866,0.04745316505,0.04851359129
2722,1.0,0.0,0.0,0.0,1.0,1.0,0.28396828,0.303109239,0.04763299227,0.04922962189
2723,1.0,0.0,0.0,0.0,1.0,1.0,0.2816899196,0.2981940673,0.04703527689,0.04836392403
2724,1.0,0.0,0.0,0.0,1.0,1.0,0.2809934041,0.2981941085,0.04699426889,0.04859632254
2725,1.0,0.0,0.0,0.0,1.0,1.0,0.2816462379,0.2991748283,0.04698371887,0.04886305332
2726,1.0,0.0,0.0,0.0,1.0,1.0,0.286936501,0.2995069741,0.04759299755,0.04919725657
2727,1.0,0.0,0.0,0.0,1.0,1.0,0.2871774075,0.2949173359,0.04714792967,0.04794704914
2728,1.0,0.0,0.0,0.0,1.0,1.0,0.2800368179,0.2962513752,0.04658651352,0.04872840643
2729,1.0,0.0,0.0,0.0,1.0,1.0,0.2779799626,0.2887996463,0.04624670744,0.04758328199
2730,1.0,0.0,0.0,0.0,1.0,1.0,0.2583372616,0.2759897171,0.04264426231,0.04504299164
2731,1.0,0.0,0.0,0.0,1.0,1.0,0.2015539153,0.2296013396,0.03236567974,0.0363779664
2732,1.0,0.0,0.0,0.0,1.0,1.0,0.1064387508,0.1689964075,0.01602345705,0.02525728941
2733,1.0,0.0,0.0,0.0,1.0,1.0,0.1691629851,0.1953925046,0.02617257833,0.03017854691
2734,1.0,0.0,0.0,0.0,1.0,1.0,0.2055234705,0.2347681138,0.03258156776,0.03678566217
2735,1.0,0.0,0.0,0.0,1.0,1.0,0.2478090462,0.2713715466,0.03973424435,0.04315507412
2736,1.0,0.0,0.0,0.0,1.0,1.0,0.2677375566,0.2927654991,0.04269522429,0.04614257812
2737,1.0,0.0,0.0,0.0,1.0,1.0,0.2840700866,0.2994846472,0.04404437542,0.04619294405
2738,1.0,0.0,0.0,0.0,1.0,1.0,0.2801203356,0.2977428123,0.04331195354,0.04571813345
2739,1.0,0.0,0.0,0.0,1.0,1.0,0.2828278319,0.2998324925,0.04342538118,0.04555672407
2740,1.0,0.0,0.0,0.0,1.0,1.0,0.2888054718,0.3040259675,0.04405146837,0.04645425081
2741,1.0,0.0,0.0,0.0,1.0,1.0,0.2956093186,0.3040259845,0.04494690895,0.04655218124
2742,1.0,0.0,0.0,0.0,1.0,1.0,0.3099312699,0.3173665438,0.04798948765,0.04879832268
2743,1.0,0.0,0.0,0.0,1.0,1.0,0.3111307161,0.3116722987,0.04792690277,0.04792684317
2744,1.0,0.0,0.0,0.0,1.0,1.0,0.3055286458,0.3043281608,0.04739063978,0.04712289572
2745,1.0,0.0,0.0,0.0,1.0,1.0,0.2991407714,0.3019146715,0.04619568586,0.04646271467
2746,1.0,0.0,0.0,0.0,1.0,1.0,0.2840701191,0.2925195119,0.0437245369,0.0447909832
2747,1.0,0.0,0.0,0.0,1.0,1.0,0.202395806,0.2146815969,0.03012299538,0.03172248602
2748,1.0,0.0,0.0,0.0,1.0,1.0,0.08545438635,0.1805077589,0.01216524839,0.02512383461
2749,1.0,0.0,0.0,0.0,1.0,1.0,0.1574341145,0.1695482511,0.02328413725,0.02485388517
2750,1.0,0.0,0.0,0.0,1.0,1.0,0.2257359822,0.2368014251,0.03417694569,0.03548139334
2751,1.0,0.0,0.0,0.0,1.0,1.0,0.2583589706,0.2662874865,0.04015815258,0.04068660736
2752,1.0,0.0,0.0,0.0,1.0,1.0,0.2918572082,0.2998326939,0.04586863518,0.04640203714
2753,1.0,0.0,0.0,0.0,1.0,1.0,0.3010162151,0.31534142,0.04747831821,0.04881203175
2754,1.0,0.0,0.0,0.0,1.0,1.0,0.3068756583,0.3172287806,0.048432827,0.04922676086
2755,1.0,0.0,0.0,0.0,1.0,1.0,0.3035216969,0.3114699353,0.04821038246,0.04847675562
2756,1.0,0.0,0.0,0.0,1.0,1.0,0.3090377095,0.3180042284,0.04938709736,0.04964983463
2757,1.0,0.0,0.0,0.0,1.0,1.0,0.3114085562,0.3170988082,0.04975372553,0.04975372553
2758,1.0,0.0,0.0,0.0,1.0,1.0,0.3062805856,0.313969551,0.04955267906,0.04981350899
2759,1.0,0.0,0.0,0.0,1.0,1.0,0.2991857891,0.3090379414,0.04821455479,0.04899638891
2760,1.0,0.0,0.0,0.0,1.0,1.0,0.3124280068,0.3143940059,0.05040746927,0.05014353991
2761,1.0,0.0,0.0,0.0,1.0,1.0,0.3084082982,0.2995014975,0.04878515005,0.04721987247
2762,1.0,0.0,0.0,0.0,1.0,1.0,0.3123257349,0.3084088558,0.04979598522,0.04900974035
2763,1.0,0.0,0.0,0.0,1.0,1.0,0.3080245075,0.2968637317,0.04974031448,0.04762369394
2764,1.0,0.0,0.0,0.0,1.0,1.0,0.2043916235,0.1408150217,0.03168034554,0.02201521397
2765,1.0,0.0,0.0,0.0,1.0,1.0,0.2104085479,0.08936597203,0.03124135733,0.01319676638
2766,1.0,0.0,0.0,0.0,1.0,1.0,0.2002527589,0.07757406714,0.02956622839,0.01155769825
2767,1.0,0.0,0.0,0.0,1.0,1.0,0.2494304352,0.2043534762,0.03888821602,0.03191518784
2768,1.0,0.0,0.0,0.0,1.0,1.0,0.2735133343,0.2351627078,0.0422745347,0.03615933657
2769,1.0,0.0,0.0,0.0,1.0,1.0,0.3000041067,0.2713261895,0.04637342691,0.04186856747
2770,1.0,0.0,0.0,0.0,1.0,1.0,0.3130581352,0.2833986363,0.04898661375,0.0442712903
2771,1.0,0.0,0.0,0.0,1.0,1.0,0.3066083152,0.2768726262,0.04809290171,0.04357594252
2772,1.0,0.0,0.0,0.0,1.0,1.0,0.3109378038,0.2768723739,0.048206985,0.04343920946
2773,1.0,0.0,0.0,0.0,1.0,1.0,0.3190071944,0.2877180648,0.05009269714,0.04556298256
2774,1.0,0.0,0.0,0.0,1.0,1.0,0.3286530314,0.2948351856,0.05114221573,0.04642134905
2775,1.0,0.0,0.0,0.0,1.0,1.0,0.335394298,0.3064953617,0.05258452892,0.04862087965
2776,1.0,0.0,0.0,0.0,1.0,1.0,0.3387937278,0.3075203141,0.05314326286,0.04889178276
2777,1.0,0.0,0.0,0.0,1.0,1.0,0.3365468639,0.3025066498,0.05241954327,0.04791885614
2778,1.0,0.0,0.0,0.0,1.0,1.0,0.3399811748,0.3035214623,0.05263864994,0.04787731171
2779,1.0,0.0,0.0,0.0,1.0,1.0,0.3382988996,0.3021963667,0.05227911472,0.04750239849
2780,1.0,0.0,0.0,0.0,1.0,1.0,0.332006272,0.2903785157,0.0514165163,0.04558581114
2781,1.0,0.0,0.0,0.0,1.0,1.0,0.3285601942,0.2903785095,0.05072689056,0.04568076134
2782,1.0,0.0,0.0,0.0,1.0,1.0,0.3394009439,0.2978134176,0.05342161655,0.04751569033
2783,1.0,0.0,0.0,0.0,1.0,1.0,0.3360194657,0.2872544778,0.05264693499,0.04562729597
2784,1.0,0.0,0.0,0.0,1.0,1.0,0.3400875552,0.2923535579,0.05297875404,0.04649156332
2785,1.0,0.0,0.0,0.0,1.0,1.0,0.3394008616,0.2927655021,0.05348956585,0.0467697382
2786,1.0,0.0,0.0,0.0,1.0,1.0,0.3410660114,0.2924790572,0.05424851179,0.04723131657
2787,1.0,0.0,0.0,0.0,1.0,1.0,0.3432941356,0.2991639735,0.05480194092,0.04832285643
2788,1.0,0.0,0.0,0.0,1.0,1.0,0.3438756884,0.2998325524,0.05433315039,0.04817718267
2789,1.0,0.0,0.0,0.0,1.0,1.0,0.3496395594,0.3086513547,0.05644243956,0.05031901598
2790,1.0,0.0,0.0,0.0,1.0,1.0,0.340270504,0.2894823198,0.0552726388,0.04779613018
2791,1.0,0.0,0.0,0.0,1.0,1.0,0.3418712765,0.2940478817,0.05569535494,0.04876673222
2792,1.0,0.0,0.0,0.0,1.0,1.0,0.3353498941,0.2929962145,0.05364692211,0.04756873846
2793,1.0,0.0,0.0,0.0,1.0,1.0,0.3397771254,0.2998325055,0.05513721704,0.04922002554
2794,1.0,0.0,0.0,0.0,1.0,1.0,0.3175482893,0.2752558877,0.05079305172,0.04491174221
2795,1.0,0.0,0.0,0.0,1.0,1.0,0.320225898,0.2827368825,0.05089223385,0.04607087374
2796,1.0,0.0,0.0,0.0,1.0,1.0,0.3224552633,0.2879187165,0.05146104097,0.04688072205
2797,1.0,0.0,0.0,0.0,1.0,1.0,0.3241887964,0.2988525092,0.05212920904,0.04942816496
2798,1.0,0.0,0.0,0.0,1.0,1.0,0.3236923456,0.2962514322,0.05192953348,0.04871737957
2799,1.0,0.0,0.0,0.0,1.0,1.0,0.3259410565,0.3004860173,0.05251085758,0.04929596186
2800,1.0,0.0,0.0,0.0,1.0,1.0,0.3079048213,0.2801715383,0.04927802086,0.04554885626
2801,1.0,0.0,0.0,0.0,1.0,1.0,0.2127610879,0.1420259134,0.03199934959,0.02178108692
2802,1.0,0.0,0.0,0.0,1.0,1.0,0.1623181434,0.07317341833,0.02389431,0.01100748777
2803,1.0,0.0,0.0,0.0,1.0,1.0,0.2144133906,0.174642746,0.03331625462,0.02713656425
2804,1.0,0.0,0.0,0.0,1.0,1.0,0.2615056599,0.2498604784,0.04165756702,0.03957468271
2805,1.0,0.0,0.0,0.0,1.0,1.0,0.3011137553,0.2963088799,0.0487049222,0.04792773724
2806,1.0,0.0,0.0,0.0,1.0,1.0,0.326025314,0.3146976294,0.05312424898,0.05131906271
2807,1.0,0.0,0.0,0.0,1.0,1.0,0.3435095274,0.3336596892,0.05606257915,0.05504786968
2808,1.0,0.0,0.0,0.0,1.0,1.0,0.3493043476,0.3396892774,0.05726647377,0.05676192045
2809,1.0,0.0,0.0,0.0,1.0,1.0,0.3537435567,0.345261493,0.05778867006,0.057536304
2810,1.0,0.0,0.0,0.0,1.0,1.0,0.3531979163,0.3461921349,0.05766171217,0.05791348219
2811,1.0,0.0,0.0,0.0,1.0,1.0,0.3589327193,0.3457284695,0.05834150314,0.05758708715
2812,1.0,0.0,0.0,0.0,1.0,1.0,0.3548403051,0.3446870959,0.05762255192,0.05762261152
2813,1.0,0.0,0.0,0.0,1.0,1.0,0.3553915035,0.3416765619,0.05739110708,0.05688989162
2814,1.0,0.0,0.0,0.0,1.0,1.0,0.3531104302,0.339149895,0.05705922842,0.05680781603
2815,1.0,0.0,0.0,0.0,1.0,1.0,0.3502384306,0.3356785761,0.056178689,0.05592560768
2816,1.0,0.0,0.0,0.0,1.0,1.0,0.3572805833,0.3392044156,0.05745613575,0.05669683218
2817,1.0,0.0,0.0,0.0,1.0,1.0,0.3589377301,0.3382260723,0.05705302954,0.05629235506
2818,1.0,0.0,0.0,0.0,1.0,1.0,0.3582000586,0.3407884956,0.05730962753,0.0570538044
2819,1.0,0.0,0.0,0.0,1.0,1.0,0.3567140109,0.3351787458,0.05679905415,0.05628734827
2820,1.0,0.0,0.0,0.0,1.0,1.0,0.3578649403,0.3377319567,0.05723553896,0.05697768927
2821,1.0,0.0,0.0,0.0,1.0,1.0,0.3505382947,0.3280376181,0.0551686883,0.0549120903
2822,1.0,0.0,0.0,0.0,1.0,1.0,0.355032791,0.3331473417,0.05645096302,0.05619323254
2823,1.0,0.0,0.0,0.0,1.0,1.0,0.3498856139,0.3290845354,0.05547297001,0.05547297001
2824,1.0,0.0,0.0,0.0,1.0,1.0,0.3471406618,0.3255758715,0.05514711142,0.05514711142
2825,1.0,0.0,0.0,0.0,1.0,1.0,0.3437360737,0.3198211696,0.0545950532,0.05381882191
2826,1.0,0.0,0.0,0.0,1.0,1.0,0.349724152,0.3261017534,0.05591249466,0.05539953709
2827,1.0,0.0,0.0,0.0,1.0,1.0,0.349724527,0.3271447541,0.05616933107,0.05616933107
2828,1.0,0.0,0.0,0.0,1.0,1.0,0.3499244715,0.3291575062,0.05615144968,0.05640786886
2829,1.0,0.0,0.0,0.0,1.0,1.0,0.349602556,0.3251195231,0.05528336763,0.05528330803
2830,1.0,0.0,0.0,0.0,1.0,1.0,0.349885924,0.3266248026,0.05533128977,0.05558741093
2831,1.0,0.0,0.0,0.0,1.0,1.0,0.3468457326,0.3220085116,0.0543435216,0.05460107327
2832,1.0,0.0,0.0,0.0,1.0,1.0,0.3505380852,0.3226427224,0.05552262068,0.05552268028
2833,1.0,0.0,0.0,0.0,1.0,1.0,0.3484141518,0.3251193799,0.05459284782,0.05536174774
2834,1.0,0.0,0.0,0.0,1.0,1.0,0.3539009082,0.3221093587,0.05567461252,0.05515909195
2835,1.0,0.0,0.0,0.0,1.0,1.0,0.3500499591,0.3211420227,0.054897964,0.054897964
2836,1.0,0.0,0.0,0.0,1.0,1.0,0.3452019826,0.3185531267,0.05371367931,0.05396944284
2837,1.0,0.0,0.0,0.0,1.0,1.0,0.3474174033,0.3210329188,0.05472278595,0.05498212576
2838,1.0,0.0,0.0,0.0,1.0,1.0,0.3516859331,0.32264239,0.05537945032,0.05537939072
2839,1.0,0.0,0.0,0.0,1.0,1.0,0.3479902046,0.3185533831,0.05398792028,0.05398797989
2840,1.0,0.0,0.0,0.0,1.0,1.0,0.346778415,0.3201803025,0.05407655239,0.05458670855
2841,1.0,0.0,0.0,0.0,1.0,1.0,0.3503367582,0.3236145728,0.05459105968,0.05484616756
2842,1.0,0.0,0.0,0.0,1.0,1.0,0.3521687996,0.3276614725,0.05536437035,0.05613332987
2843,1.0,0.0,0.0,0.0,1.0,1.0,0.3507103583,0.320062846,0.05454397202,0.05428785086
2844,1.0,0.0,0.0,0.0,1.0,1.0,0.3424316593,0.3175937432,0.05338668823,0.05389755964
2845,1.0,0.0,0.0,0.0,1.0,1.0,0.3380461869,0.3106372989,0.05221277475,0.05221283436
2846,1.0,0.0,0.0,0.0,1.0,1.0,0.3413528487,0.3126996583,0.05266529322,0.05291849375
2847,1.0,0.0,0.0,0.0,1.0,1.0,0.3463412016,0.3185532187,0.05404728651,0.05430465937
2848,1.0,0.0,0.0,0.0,1.0,1.0,0.3512888357,0.3291211487,0.05504190922,0.0563339591
2849,1.0,0.0,0.0,0.0,1.0,1.0,0.3513793495,0.3235275011,0.05465769768,0.05491548777
2850,1.0,0.0,0.0,0.0,1.0,1.0,0.3485657221,0.3240613412,0.05403971672,0.05480802059
2851,1.0,0.0,0.0,0.0,1.0,1.0,0.3501332677,0.324592532,0.05477434397,0.05528873205
2852,1.0,0.0,0.0,0.0,1.0,1.0,0.3562367154,0.3301186046,0.05525267124,0.05576425791
2853,1.0,0.0,0.0,0.0,1.0,1.0,0.3468455045,0.3250465414,0.05407601595,0.05484491587
2854,1.0,0.0,0.0,0.0,1.0,1.0,0.3436098256,0.3144140689,0.05307179689,0.05281662941
2855,1.0,0.0,0.0,0.0,1.0,1.0,0.3419143104,0.3144139709,0.05324238539,0.05298638344
2856,1.0,0.0,0.0,0.0,1.0,1.0,0.3265827566,0.3031843361,0.0505259037,0.0505259037
2857,1.0,0.0,0.0,0.0,1.0,1.0,0.3320568436,0.3053006793,0.05133229494,0.05082654953
2858,1.0,0.0,0.0,0.0,1.0,1.0,0.3246751626,0.29922497,0.050393641,0.05013912916
2859,1.0,0.0,0.0,0.0,1.0,1.0,0.2363899151,0.2118557194,0.03537279367,0.03407227993
2860,1.0,0.0,0.0,0.0,1.0,1.0,0.1159572162,0.1138820663,0.01680541039,0.01787245274
2861,1.0,0.0,0.0,0.0,1.0,1.0,0.1184522801,0.1097361967,0.01705664396,0.01732319593
2862,1.0,0.0,0.0,0.0,1.0,1.0,0.1938953335,0.174096229,0.02904379368,0.02851569653
2863,1.0,0.0,0.0,0.0,1.0,1.0,0.266974309,0.2436140771,0.04081475735,0.04081475735
2864,1.0,0.0,0.0,0.0,1.0,1.0,0.3043987482,0.2786605531,0.04688841105,0.04662787914
2865,1.0,0.0,0.0,0.0,1.0,1.0,0.3113837173,0.2895577856,0.04840946198,0.04840946198
2866,1.0,0.0,0.0,0.0,1.0,1.0,0.3104578881,0.2933144386,0.04819124937,0.04870665073
2867,1.0,0.0,0.0,0.0,1.0,1.0,0.3227705657,0.3044453635,0.05090403557,0.0511624217
2868,1.0,0.0,0.0,0.0,1.0,1.0,0.3110846425,0.2995223952,0.04884266853,0.05014169216
2869,1.0,0.0,0.0,0.0,1.0,1.0,0.3116002525,0.2976395328,0.0490989089,0.04962128401
2870,1.0,0.0,0.0,0.0,1.0,1.0,0.322821488,0.3100122737,0.05131322145,0.05209070444
2871,1.0,0.0,0.0,0.0,1.0,1.0,0.308024562,0.3017184382,0.04871201515,0.04974848032
2872,1.0,0.0,0.0,0.0,1.0,1.0,0.3048869537,0.299205959,0.04833078384,0.0493645668
2873,1.0,0.0,0.0,0.0,1.0,1.0,0.3082691542,0.3051253175,0.04874974489,0.05028921366
2874,1.0,0.0,0.0,0.0,1.0,1.0,0.3071453718,0.2985754639,0.04889553785,0.04915428162
2875,1.0,0.0,0.0,0.0,1.0,1.0,0.3083896453,0.2982707008,0.04948282242,0.04948282242
2876,1.0,0.0,0.0,0.0,1.0,1.0,0.3097310392,0.3045175643,0.05013036728,0.05038881302
2877,1.0,0.0,0.0,0.0,1.0,1.0,0.3102265865,0.3039053655,0.0501101017,0.0501101017
2878,1.0,0.0,0.0,0.0,1.0,1.0,0.3012671844,0.2992058996,0.0491617918,0.04968202114
2879,1.0,0.0,0.0,0.0,1.0,1.0,0.3175063458,0.3187075344,0.05211901665,0.05288928747
2880,1.0,0.0,0.0,0.0,1.0,1.0,0.3045172397,0.3051255763,0.05001598597,0.05027252436
2881,1.0,0.0,0.0,0.0,1.0,1.0,0.3136126878,0.3156966837,0.05149435997,0.05175441504
2882,1.0,0.0,0.0,0.0,1.0,1.0,0.3053414629,0.3103359903,0.05004894733,0.05030685663
2883,1.0,0.0,0.0,0.0,1.0,1.0,0.3063059223,0.3155289985,0.05032974482,0.05110806227
2884,1.0,0.0,0.0,0.0,1.0,1.0,0.2968327657,0.307892701,0.04893946648,0.04972040653
2885,1.0,0.0,0.0,0.0,1.0,1.0,0.2873795594,0.3037520687,0.04732263088,0.04890006781
2886,1.0,0.0,0.0,0.0,1.0,1.0,0.2887631577,0.3073940585,0.04728335142,0.04912215471
2887,1.0,0.0,0.0,0.0,1.0,1.0,0.2862480587,0.3038168783,0.04658120871,0.04816019535
2888,1.0,0.0,0.0,0.0,1.0,1.0,0.2718349224,0.2901066642,0.04398798943,0.04556846619
2889,1.0,0.0,0.0,0.0,1.0,1.0,0.226004473,0.2455670678,0.03622359037,0.03837013245
2890,1.0,0.0,0.0,0.0,1.0,1.0,0.1985309289,0.2261894028,0.03132790327,0.03454101086
2891,1.0,0.0,0.0,0.0,1.0,1.0,0.1927859476,0.2253985386,0.03057986498,0.03460347652
2892,1.0,0.0,0.0,0.0,1.0,1.0,0.201907644,0.2342444498,0.0319699645,0.03596621752
2893,1.0,0.0,0.0,0.0,1.0,1.0,0.2042777515,0.2334335091,0.03252077103,0.03628349304
2894,1.0,0.0,0.0,0.0,1.0,1.0,0.2035899591,0.2429200845,0.0325242877,0.03763145208
2895,1.0,0.0,0.0,0.0,1.0,1.0,0.2370151901,0.2660632778,0.03779762983,0.0412338376
2896,1.0,0.0,0.0,0.0,1.0,1.0,0.2667372899,0.2896686302,0.04311817884,0.04551362991
2897,1.0,0.0,0.0,0.0,1.0,1.0,0.2848492739,0.304251549,0.0462320447,0.04783540964
2898,1.0,0.0,0.0,0.0,1.0,1.0,0.2991751829,0.3161500678,0.04845929146,0.04952430725
2899,1.0,0.0,0.0,0.0,1.0,1.0,0.3136462015,0.3303241274,0.05130320787,0.0518348217
2900,1.0,0.0,0.0,0.0,1.0,1.0,0.3071455815,0.3275200786,0.05037480593,0.05170750618
2901,1.0,0.0,0.0,0.0,1.0,1.0,0.3212493666,0.3320295912,0.05224370956,0.05224370956
2902,1.0,0.0,0.0,0.0,1.0,1.0,0.3342288212,0.3437676898,0.05496031046,0.05469352007
2903,1.0,0.0,0.0,0.0,1.0,1.0,0.3326091328,0.3459606992,0.05486422777,0.05513054132
2904,1.0,0.0,0.0,0.0,1.0,1.0,0.3228715793,0.3387370398,0.05334711075,0.05415135622
2905,1.0,0.0,0.0,0.0,1.0,1.0,0.3271495813,0.3410257408,0.05327612162,0.05380886793
2906,1.0,0.0,0.0,0.0,1.0,1.0,0.3249820757,0.3410258072,0.05343967676,0.05424529314
2907,1.0,0.0,0.0,0.0,1.0,1.0,0.3206680699,0.337059801,0.05304932594,0.05412638187
2908,1.0,0.0,0.0,0.0,1.0,1.0,0.3271787623,0.3409470195,0.05383557081,0.05463916063
2909,1.0,0.0,0.0,0.0,1.0,1.0,0.3293056105,0.3376493773,0.05348241329,0.05348241329
2910,1.0,0.0,0.0,0.0,1.0,1.0,0.3172571488,0.335960971,0.05178683996,0.05339676142
2911,1.0,0.0,0.0,0.0,1.0,1.0,0.3156992449,0.3337062023,0.05199462175,0.05361104012
2912,1.0,0.0,0.0,0.0,1.0,1.0,0.3172570793,0.3325902572,0.05204087496,0.05365872383
2913,1.0,0.0,0.0,0.0,1.0,1.0,0.3157845135,0.332040481,0.05192655325,0.0535325408
2914,1.0,0.0,0.0,0.0,1.0,1.0,0.3223484856,0.3409469087,0.05297958851,0.05431073904
2915,1.0,0.0,0.0,0.0,1.0,1.0,0.3184494803,0.3381443634,0.05240887403,0.05455899239
2916,1.0,0.0,0.0,0.0,1.0,1.0,0.3233969057,0.3436618263,0.05258822441,0.05470228195
2917,1.0,0.0,0.0,0.0,1.0,1.0,0.3255511636,0.3414758856,0.05343812704,0.05477404594
2918,1.0,0.0,0.0,0.0,1.0,1.0,0.3183771814,0.335932714,0.05189478397,0.05376726389
2919,1.0,0.0,0.0,0.0,1.0,1.0,0.3216024475,0.3348129108,0.05213612318,0.05374032259
2920,1.0,0.0,0.0,0.0,1.0,1.0,0.3227708084,0.3348128529,0.05303871632,0.05411559343
2921,1.0,0.0,0.0,0.0,1.0,1.0,0.3162167861,0.3348129986,0.05158108473,0.05371916294
2922,1.0,0.0,0.0,0.0,1.0,1.0,0.3111933429,0.3303523948,0.05101263523,0.0531719327
2923,1.0,0.0,0.0,0.0,1.0,1.0,0.3161331393,0.3337063647,0.05154836178,0.05342775583
2924,1.0,0.0,0.0,0.0,1.0,1.0,0.2876929396,0.3129565643,0.04652750492,0.05002379417
2925,1.0,0.0,0.0,0.0,1.0,1.0,0.2077875876,0.2656969706,0.03241115808,0.04044705629
2926,1.0,0.0,0.0,0.0,1.0,1.0,0.09798423694,0.2710664019,0.01505738497,0.0402444005
2927,1.0,0.0,0.0,0.0,1.0,1.0,0.1410149752,0.2471348273,0.02185308933,0.03715020418
2928,1.0,0.0,0.0,0.0,1.0,1.0,0.2043153034,0.27082786,0.03229957819,0.04172027111
2929,1.0,0.0,0.0,0.0,1.0,1.0,0.2410119613,0.2816297537,0.03865528107,0.04433196783
2930,1.0,0.0,0.0,0.0,1.0,1.0,0.2755935947,0.3055725752,0.04460191727,0.04863220453
2931,1.0,0.0,0.0,0.0,1.0,1.0,0.2942433647,0.3219677506,0.04815393686,0.05165117979
2932,1.0,0.0,0.0,0.0,1.0,1.0,0.3029611838,0.3280996145,0.04928261042,0.0522288084
2933,1.0,0.0,0.0,0.0,1.0,1.0,0.3075204364,0.3309186051,0.05076420307,0.05346441269
2934,1.0,0.0,0.0,0.0,1.0,1.0,0.3101715341,0.3286755281,0.05096191168,0.05284941196
2935,1.0,0.0,0.0,0.0,1.0,1.0,0.3080244084,0.3275761389,0.05038452148,0.05252856016
2936,1.0,0.0,0.0,0.0,1.0,1.0,0.3096630625,0.3275761258,0.05087697506,0.0527613163
2937,1.0,0.0,0.0,0.0,1.0,1.0,0.3113013173,0.3309189761,0.05079209805,0.0529307723
2938,1.0,0.0,0.0,0.0,1.0,1.0,0.3221885932,0.3376042364,0.05251151323,0.0541189909
2939,1.0,0.0,0.0,0.0,1.0,1.0,0.3096632283,0.3325903468,0.05093467236,0.05362963676
2940,1.0,0.0,0.0,0.0,1.0,1.0,0.3177795883,0.3348126933,0.05197167397,0.05412590504
2941,1.0,0.0,0.0,0.0,1.0,1.0,0.3156996264,0.3381443383,0.05170840025,0.05438750982
2942,1.0,0.0,0.0,0.0,1.0,1.0,0.3233005193,0.3398104339,0.05282360315,0.05470061302
2943,1.0,0.0,0.0,0.0,1.0,1.0,0.3183040892,0.3337061321,0.05195266008,0.05356776714
2944,1.0,0.0,0.0,0.0,1.0,1.0,0.3156131639,0.3309188829,0.05190044641,0.0535223484
2945,1.0,0.0,0.0,0.0,1.0,1.0,0.3164899884,0.3292077616,0.05143469572,0.05278819799
2946,1.0,0.0,0.0,0.0,1.0,1.0,0.3132576234,0.334273027,0.05088108778,0.05330407619
2947,1.0,0.0,0.0,0.0,1.0,1.0,0.3137783066,0.333712146,0.05096364021,0.05312085152
2948,1.0,0.0,0.0,0.0,1.0,1.0,0.3204822395,0.3432425508,0.05262625217,0.05533891916
2949,1.0,0.0,0.0,0.0,1.0,1.0,0.3143941969,0.3337120971,0.05113863945,0.05302268267
2950,1.0,0.0,0.0,0.0,1.0,1.0,0.3164899297,0.3370999116,0.05171823502,0.05416804552
2951,1.0,0.0,0.0,0.0,1.0,1.0,0.3164897802,0.3394010389,0.05160874128,0.05405342579
2952,1.0,0.0,0.0,0.0,1.0,1.0,0.3153498042,0.3354289451,0.05138671398,0.05328989029
2953,1.0,0.0,0.0,0.0,1.0,1.0,0.3104578335,0.3382465044,0.05042654276,0.05366247892
2954,1.0,0.0,0.0,0.0,1.0,1.0,0.3142059443,0.3388518483,0.05069166422,0.05338799953
2955,1.0,0.0,0.0,0.0,1.0,1.0,0.3165730564,0.3399461484,0.05140596628,0.05382817984
2956,1.0,0.0,0.0,0.0,1.0,1.0,0.3054771123,0.335428964,0.04953718185,0.05276787281
2957,1.0,0.0,0.0,0.0,1.0,1.0,0.3149153625,0.3394008675,0.0513651371,0.0537981987
2958,1.0,0.0,0.0,0.0,1.0,1.0,0.3087975324,0.3348468972,0.04986673594,0.05281585455
2959,1.0,0.0,0.0,0.0,1.0,1.0,0.3094299222,0.3382467288,0.05050909519,0.05375033617
2960,1.0,0.0,0.0,0.0,1.0,1.0,0.275593943,0.3155233173,0.04490286112,0.05004227161
2961,1.0,0.0,0.0,0.0,1.0,1.0,0.2736365697,0.3125403354,0.04432219267,0.04918688536
2962,1.0,0.0,0.0,0.0,1.0,1.0,0.2612369169,0.3015557914,0.0418138504,0.04720920324
2963,1.0,0.0,0.0,0.0,1.0,1.0,0.2498603196,0.2984442855,0.03984951973,0.0463116169
2964,1.0,0.0,0.0,0.0,1.0,1.0,0.2380427693,0.2942607737,0.0379614234,0.04549986124
2965,1.0,0.0,0.0,0.0,1.0,1.0,0.2380428444,0.2977430442,0.03813832998,0.04625284672
2966,1.0,0.0,0.0,0.0,1.0,1.0,0.245241341,0.296709237,0.03935748339,0.04609674215
2967,1.0,0.0,0.0,0.0,1.0,1.0,0.2443829387,0.2987842352,0.03914260864,0.04616129398
2968,1.0,0.0,0.0,0.0,1.0,1.0,0.2243646108,0.297369088,0.03577947617,0.0458085537
2969,1.0,0.0,0.0,0.0,1.0,1.0,0.2157689239,0.2916519064,0.03411149979,0.04475426674
2970,1.0,0.0,0.0,0.0,1.0,1.0,0.2026837849,0.2814314196,0.03193861246,0.04295200109
2971,1.0,0.0,0.0,0.0,1.0,1.0,0.2012887808,0.2871124208,0.03155785799,0.04335772991
2972,1.0,0.0,0.0,0.0,1.0,1.0,0.2061238249,0.2894070103,0.0325089097,0.04398274422
2973,1.0,0.0,0.0,0.0,1.0,1.0,0.2173444874,0.2955336816,0.03473317623,0.04512572289
2974,1.0,0.0,0.0,0.0,1.0,1.0,0.2344580257,0.3062804111,0.03728789091,0.04654181004
2975,1.0,0.0,0.0,0.0,1.0,1.0,0.254526969,0.3072488975,0.04064685106,0.04715031385
2976,1.0,0.0,0.0,0.0,1.0,1.0,0.26979854,0.3143122646,0.04307675362,0.04822427034
2977,1.0,0.0,0.0,0.0,1.0,1.0,0.2797762016,0.3173664774,0.04489278793,0.04894936085
2978,1.0,0.0,0.0,0.0,1.0,1.0,0.2939534339,0.325602056,0.04728543758,0.05052787066
2979,1.0,0.0,0.0,0.0,1.0,1.0,0.3121181628,0.3360194204,0.05063688755,0.05252230167
2980,1.0,0.0,0.0,0.0,1.0,1.0,0.3242779537,0.3417334088,0.05250877142,0.05358588696
2981,1.0,0.0,0.0,0.0,1.0,1.0,0.3314896941,0.3503201729,0.05402451754,0.05510509014
2982,1.0,0.0,0.0,0.0,1.0,1.0,0.3315062893,0.3508313779,0.05437195301,0.05517941713
2983,1.0,0.0,0.0,0.0,1.0,1.0,0.3381196587,0.3589059577,0.0552534461,0.05660766363
2984,1.0,0.0,0.0,0.0,1.0,1.0,0.338094916,0.3576768199,0.05526351929,0.05634182692
2985,1.0,0.0,0.0,0.0,1.0,1.0,0.3364291396,0.3542542689,0.05536979437,0.05591005087
2986,1.0,0.0,0.0,0.0,1.0,1.0,0.3380707761,0.3623406655,0.05532068014,0.05666339397
2987,1.0,0.0,0.0,0.0,1.0,1.0,0.3380949773,0.3584206902,0.05537003279,0.05618035793
2988,1.0,0.0,0.0,0.0,1.0,1.0,0.338095252,0.3584205348,0.05533796549,0.05614775419
2989,1.0,0.0,0.0,0.0,1.0,1.0,0.3413934531,0.3626447172,0.05591499805,0.05645525455
2990,1.0,0.0,0.0,0.0,1.0,1.0,0.3413934227,0.3648482206,0.05598294735,0.05706477165
2991,1.0,0.0,0.0,0.0,1.0,1.0,0.345261579,0.3643798445,0.05663704872,0.05690807104
2992,1.0,0.0,0.0,0.0,1.0,1.0,0.3408692421,0.3639081602,0.05544751883,0.05625498295
2993,1.0,0.0,0.0,0.0,1.0,1.0,0.3453221927,0.3634336238,0.0565225482,0.0565225482
2994,1.0,0.0,0.0,0.0,1.0,1.0,0.3436617495,0.3629550613,0.05631935596,0.05631935596
2995,1.0,0.0,0.0,0.0,1.0,1.0,0.3376040543,0.3554352865,0.05474793911,0.05474793911
2996,1.0,0.0,0.0,0.0,1.0,1.0,0.3447493649,0.364708999,0.05604547262,0.05604553223
2997,1.0,0.0,0.0,0.0,1.0,1.0,0.3303662482,0.3529500558,0.05382394791,0.05491137505
2998,1.0,0.0,0.0,0.0,1.0,1.0,0.3067426283,0.3366915698,0.04924380779,0.05140841007
2999,1.0,0.0,0.0,0.0,1.0,1.0,0.282892638,0.3277740978,0.04516369104,0.04949080944
3000,1.0,0.0,0.0,0.0,1.0,1.0,0.2725750054,0.324191772,0.04384350777,0.04898566008
3001,1.0,0.0,0.0,0.0,1.0,1.0,0.2668577861,0.3199653958,0.0428943038,0.0486317873
3002,1.0,0.0,0.0,0.0,1.0,1.0,0.2541538018,0.3114204813,0.04039919376,0.04695039988
3003,1.0,0.0,0.0,0.0,1.0,1.0,0.2541832183,0.313230677,0.04010933638,0.0472034812
3004,1.0,0.0,0.0,0.0,1.0,1.0,0.250291949,0.3132309069,0.03986430168,0.04756224155
3005,1.0,0.0,0.0,0.0,1.0,1.0,0.244654963,0.3118699328,0.0384747386,0.04666090012
3006,1.0,0.0,0.0,0.0,1.0,1.0,0.2373026622,0.3100458897,0.03741252422,0.04642426968
3007,1.0,0.0,0.0,0.0,1.0,1.0,0.2343515909,0.3059885439,0.03693544865,0.04589778185
3008,1.0,0.0,0.0,0.0,1.0,1.0,0.2331458242,0.3132310693,0.0369976759,0.04706329107
3009,1.0,0.0,0.0,0.0,1.0,1.0,0.2303737514,0.3141629253,0.03632593155,0.04670482874
3010,1.0,0.0,0.0,0.0,1.0,1.0,0.2240129923,0.3134781178,0.03559970856,0.04655343294
3011,1.0,0.0,0.0,0.0,1.0,1.0,0.2120555033,0.3146392192,0.03337085247,0.04650038481
3012,1.0,0.0,0.0,0.0,1.0,1.0,0.2026360586,0.3337619666,0.03199237585,0.04907304049
3013,1.0,0.0,0.0,0.0,1.0,1.0,0.1898764284,0.3300396411,0.02993053198,0.04816102982
3014,1.0,0.0,0.0,0.0,1.0,1.0,0.1789017861,0.3275952384,0.028188169,0.04797416925
3015,1.0,0.0,0.0,0.0,1.0,1.0,0.1781009889,0.3343856719,0.02793955803,0.04882645607
3016,1.0,0.0,0.0,0.0,1.0,1.0,0.1691630688,0.3412274462,0.0265801549,0.04963433743
3017,1.0,0.0,0.0,0.0,1.0,1.0,0.1432763488,0.3620621989,0.0221222043,0.05179846287
3018,1.0,0.0,0.0,0.0,1.0,1.0,0.1308166157,0.368615348,0.02028924227,0.05248165131
3019,1.0,0.0,0.0,0.0,1.0,1.0,0.1360497902,0.370515587,0.02116495371,0.05291235447
3020,1.0,0.0,0.0,0.0,1.0,1.0,0.1279986503,0.37811603,0.01976150274,0.05387043953
3021,1.0,0.0,0.0,0.0,1.0,1.0,0.1397819,0.3724156348,0.02174824476,0.05328327417
3022,1.0,0.0,0.0,0.0,1.0,1.0,0.1327929878,0.3795589653,0.02065002918,0.05407047272
3023,1.0,0.0,0.0,0.0,1.0,1.0,0.1360495603,0.379559207,0.02117407322,0.05402112007
3024,1.0,0.0,0.0,0.0,1.0,1.0,0.1402725968,0.385884558,0.02159750462,0.05399370193
3025,1.0,0.0,0.0,0.0,1.0,1.0,0.1470280676,0.3882445892,0.02297109365,0.05524003506
3026,1.0,0.0,0.0,0.0,1.0,1.0,0.1402727663,0.3927767762,0.02179652452,0.05503612757
3027,1.0,0.0,0.0,0.0,1.0,1.0,0.1377937045,0.3970652496,0.02143526077,0.05562323332
3028,1.0,0.0,0.0,0.0,1.0,1.0,0.1507930216,0.3966657819,0.02346950769,0.05567187071
3029,1.0,0.0,0.0,0.0,1.0,1.0,0.1598407444,0.4005547327,0.02473109961,0.05598461628
3030,1.0,0.0,0.0,0.0,1.0,1.0,0.1639572594,0.4044433374,0.02545553446,0.05632716417
3031,1.0,0.0,0.0,0.0,1.0,1.0,0.1723778964,0.4099276697,0.02671760321,0.05667364597
3032,1.0,0.0,0.0,0.0,1.0,1.0,0.1755541477,0.4067496808,0.02754169703,0.05726492405
3033,1.0,0.0,0.0,0.0,1.0,1.0,0.1869583134,0.4095751685,0.02932733297,0.05728429556
3034,1.0,0.0,0.0,0.0,1.0,1.0,0.1810836814,0.4177351724,0.02812474966,0.05787199736
3035,1.0,0.0,0.0,0.0,1.0,1.0,0.1911979169,0.4210246866,0.03000384569,0.05837100744
3036,1.0,0.0,0.0,0.0,1.0,1.0,0.1889405132,0.437755929,0.02933603525,0.06004291773
3037,1.0,0.0,0.0,0.0,1.0,1.0,0.1998886192,0.4320297356,0.03060382605,0.05877012014
3038,1.0,0.0,0.0,0.0,1.0,1.0,0.1917942025,0.4395138097,0.0298088789,0.05989128351
3039,1.0,0.0,0.0,0.0,1.0,1.0,0.1973763448,0.459093334,0.03035867214,0.06237328053
3040,1.0,0.0,0.0,0.0,1.0,1.0,0.1977505938,0.4630068666,0.03052657843,0.06242823601
3041,1.0,0.0,0.0,0.0,1.0,1.0,0.2020337469,0.4770063297,0.03117078543,0.06372082233
3042,1.0,0.0,0.0,0.0,1.0,1.0,0.2105968046,0.4893964184,0.03238219023,0.06503880024
3043,1.0,0.0,0.0,0.0,1.0,1.0,0.2120030495,0.4813635556,0.03266060352,0.06477218866
3044,1.0,0.0,0.0,0.0,1.0,1.0,0.2136617253,0.4875823149,0.03306174278,0.06585025787
3045,1.0,0.0,0.0,0.0,1.0,1.0,0.2220983132,0.4834701604,0.03421163559,0.06462198496
3046,1.0,0.0,0.0,0.0,1.0,1.0,0.2242910473,0.5017947579,0.03400099277,0.06582599878
3047,1.0,0.0,0.0,0.0,1.0,1.0,0.2345262878,0.4976476155,0.03569060564,0.06589031219
3048,1.0,0.0,0.0,0.0,1.0,1.0,0.2360043151,0.5080150845,0.03674566746,0.06820213795
3049,1.0,0.0,0.0,0.0,1.0,1.0,0.2317547552,0.5229147753,0.03517401218,0.06814962626
3050,1.0,0.0,0.0,0.0,1.0,1.0,0.244428966,0.5124259352,0.03738850355,0.06702232361
3051,1.0,0.0,0.0,0.0,1.0,1.0,0.2503105971,0.5039028703,0.03836232424,0.06651312113
3052,1.0,0.0,0.0,0.0,1.0,1.0,0.2548309254,0.5208061917,0.03903764486,0.068385005
3053,1.0,0.0,0.0,0.0,1.0,1.0,0.2616720097,0.5338896444,0.04014015198,0.06968772411
3054,1.0,0.0,0.0,0.0,1.0,1.0,0.2629164096,0.5292407202,0.04048728943,0.06960487366
3055,1.0,0.0,0.0,0.0,1.0,1.0,0.2602524909,0.5445674373,0.0400378108,0.0709002614
3056,1.0,0.0,0.0,0.0,1.0,1.0,0.2643452114,0.537997211,0.04062008858,0.07038956881
3057,1.0,0.0,0.0,0.0,1.0,1.0,0.2717464103,0.5447600989,0.04112505913,0.07010573149
3058,1.0,0.0,0.0,0.0,1.0,1.0,0.2801326387,0.5469047868,0.04308283329,0.07087826729
3059,1.0,0.0,0.0,0.0,1.0,1.0,0.2748920637,0.567074736,0.04174530506,0.07215577364
3060,1.0,0.0,0.0,0.0,1.0,1.0,0.2791235046,0.5578779891,0.04282569885,0.07156032324
3061,1.0,0.0,0.0,0.0,1.0,1.0,0.2902190629,0.5581299953,0.04456061125,0.07185399532
3062,1.0,0.0,0.0,0.0,1.0,1.0,0.2938469352,0.5689461471,0.04488360882,0.07286655903
3063,1.0,0.0,0.0,0.0,1.0,1.0,0.2917288581,0.5732732244,0.04519528151,0.07393062115
3064,1.0,0.0,0.0,-0.5235987902,1.0,1.0,0.2935296177,0.5866286079,0.04499989748,0.07453972101
3065,1.0,0.0,0.0,-0.5235987902,1.0,1.0,0.3005568171,0.5848265115,0.04608166218,0.07439690828
3066,1.0,0.0,0.0,-0.5235987902,1.0,1.0,0.3100455136,0.5899789116,0.04700672626,0.07410478592
3067,1.0,0.0,0.0,-0.5235987902,1.0,1.0,0.3178371169,0.5974442842,0.04809570312,0.0747846961
3068,1.0,0.0,0.0,-0.5235987902,1.0,1.0,0.3094810126,0.591774543,0.04702782631,0.07469123602
3069,1.0,0.0,0.0,-0.5235987902,1.0,1.0,0.3130119362,0.6036453389,0.04733496904,0.07556986809
3070,1.0,0.0,0.0,-0.5235987902,1.0,1.0,0.3155170292,0.5992230016,0.04744398594,0.07431983948
3071,1.0,0.0,0.0,-0.5235987902,1.0,1.0,0.3150412538,0.595737324,0.04797714949,0.07527452707
3072,1.0,0.0,0.0,-0.5235987902,1.0,1.0,0.3083575455,0.5965829539,0.04682397842,0.07464295626
3073,1.0,0.0,0.0,-0.5235987902,1.0,1.0,0.3160939913,0.6085488555,0.04754263163,0.07529872656
3074,1.0,0.0,0.0,-0.5235987902,1.0,1.0,0.3190097842,0.6257766362,0.04787528515,0.07693260908
3075,1.0,0.0,0.0,-0.5235987902,1.0,1.0,0.3087854987,0.6274525294,0.04714620113,0.07811206579
3076,1.0,0.0,0.0,-0.5235987902,1.0,1.0,0.3154201969,0.6257770137,0.04786503315,0.07736331224
3077,1.0,0.0,0.0,-0.5235987902,1.0,1.0,0.3185834034,0.6252116926,0.04884564877,0.07787394524
3078,1.0,0.0,0.0,-0.5235987902,1.0,1.0,0.3211202637,0.624095574,0.04939484596,0.07797724009
3079,1.0,0.0,0.0,-0.5235987902,1.0,1.0,0.3101714979,0.6196541585,0.04767233133,0.07778120041
3080,1.0,0.0,0.0,0.0,1.0,1.0,0.266886218,0.5974440544,0.0401982069,0.07457453012
3081,1.0,0.0,0.0,0.0,1.0,1.0,0.2212648339,0.5305404728,0.033662498,0.06875133514
3082,1.0,0.0,0.0,0.0,1.0,1.0,0.1708135711,0.4750432368,0.02579587698,0.06339204311
3083,1.0,0.0,0.0,0.0,1.0,1.0,0.1952313289,0.3318759394,0.03005129099,0.04797184467
3084,1.0,0.0,0.0,0.0,1.0,1.0,0.2833198531,0.3212491235,0.04453468323,0.04917943478
3085,1.0,0.0,0.0,0.0,1.0,1.0,0.3279955603,0.3480814439,0.05153870583,0.05450689793
3086,1.0,0.0,0.0,0.0,1.0,1.0,0.3212490229,0.3410256226,0.05024117231,0.05369693041
3087,1.0,0.0,0.0,0.0,1.0,1.0,0.3214872911,0.3392145484,0.05100691319,0.05417829752
3088,1.0,0.0,0.0,0.0,1.0,1.0,0.3249817795,0.3369455064,0.05184006691,0.05392414331
3089,1.0,0.0,0.0,0.0,1.0,1.0,0.325513844,0.3315143645,0.05246114731,0.05351567268
3090,1.0,0.0,0.0,0.0,1.0,1.0,0.3139695007,0.3261166324,0.05076813698,0.05342614651
3091,1.0,0.0,0.0,0.0,1.0,1.0,0.303607047,0.3147592808,0.04889649153,0.0512752533
3092,1.0,0.0,0.0,0.0,1.0,1.0,0.3021568321,0.312325245,0.0485907793,0.05072659254
3093,1.0,0.0,0.0,0.0,1.0,1.0,0.3054771199,0.3129399119,0.04888105392,0.05074065924
3094,1.0,0.0,0.0,0.0,1.0,1.0,0.3103958531,0.3139269998,0.05066794157,0.05199426413
3095,1.0,0.0,0.0,0.0,1.0,1.0,0.3038303356,0.3115349538,0.04970121384,0.05153232813
3096,1.0,0.0,0.0,0.0,1.0,1.0,0.2924412988,0.2973023132,0.04732686281,0.04888707399
3097,1.0,0.0,0.0,0.0,1.0,1.0,0.2934738602,0.2857829206,0.04706156254,0.04680013657
3098,1.0,0.0,0.0,0.0,1.0,1.0,0.2969121169,0.2848729515,0.04795384407,0.04690569639
3099,1.0,0.0,0.0,0.0,1.0,1.0,0.3070181964,0.288976074,0.049690485,0.04784029722
3100,1.0,0.0,0.0,0.0,1.0,1.0,0.3014711835,0.2901603343,0.04883414507,0.04777246714
3101,1.0,0.0,0.0,0.0,1.0,1.0,0.309037996,0.2901606014,0.04938083887,0.04727953672
3102,1.0,0.0,0.0,0.0,1.0,1.0,0.3044659258,0.2855548641,0.04895174503,0.04682338238
3103,1.0,0.0,0.0,0.0,1.0,1.0,0.3117073002,0.2920448177,0.05019295216,0.0478028059
3104,1.0,0.0,0.0,0.0,1.0,1.0,0.2985133067,0.2659804661,0.0478053689,0.04357945919
3105,1.0,0.0,0.0,0.0,1.0,1.0,0.2093904007,0.142293598,0.03197824955,0.02257287502
3106,1.0,0.0,0.0,0.0,1.0,1.0,0.2141662605,0.0841824125,0.03120809793,0.01253658533
3107,1.0,0.0,0.0,0.0,1.0,1.0,0.2125680642,0.07423363912,0.03046959639,0.01095831394
3108,1.0,0.0,0.0,0.0,1.0,1.0,0.2247817978,0.06830704963,0.03263550997,0.01024913788
3109,1.0,0.0,0.0,0.0,1.0,1.0,0.2367100394,0.06268899887,0.03390055895,0.009416818619
3110,1.0,0.0,0.0,0.0,1.0,1.0,0.2391187053,0.05297403325,0.0338050127,0.007923066616
3111,1.0,0.0,0.0,0.0,1.0,1.0,0.2484489453,0.04623767895,0.03509306908,0.00691229105
3112,1.0,0.0,0.0,0.0,1.0,1.0,0.2531669514,0.03721319193,0.03589719534,0.005625665188
3113,1.0,0.0,0.0,0.0,1.0,1.0,0.2765529279,0.2054774523,0.04178118706,0.03305476904
3114,1.0,0.0,0.0,0.0,1.0,1.0,0.3115805967,0.2579203664,0.04819327593,0.04213619232
3115,1.0,0.0,0.0,0.0,1.0,1.0,0.3309076579,0.2876205652,0.05179095268,0.04705876112
3116,1.0,0.0,0.0,0.0,1.0,1.0,0.3337063599,0.2883003919,0.05234867334,0.04735052586
3117,1.0,0.0,0.0,0.0,1.0,1.0,0.3370599297,0.2982205048,0.05305755138,0.04883408546
3118,1.0,0.0,0.0,0.0,1.0,1.0,0.3320294147,0.2844073433,0.05209368467,0.04656863213
3119,1.0,0.0,0.0,0.0,1.0,1.0,0.3475599201,0.305561678,0.05513858795,0.05065357685
3120,1.0,0.0,0.0,0.0,1.0,1.0,0.3454447958,0.2953621534,0.05463045835,0.04906129837
3121,1.0,0.0,0.0,0.0,1.0,1.0,0.3455699733,0.2966085104,0.05336332321,0.04813158512
3122,1.0,0.0,0.0,0.0,1.0,1.0,0.351655643,0.3046684438,0.05604040623,0.05067765713
3123,1.0,0.0,0.0,0.0,1.0,1.0,0.360675519,0.3159527512,0.05756384134,0.05272203684
3124,1.0,0.0,0.0,0.0,1.0,1.0,0.3538289431,0.3027156524,0.05645281076,0.05056679249
3125,1.0,0.0,0.0,0.0,1.0,1.0,0.3617507456,0.3224004861,0.05735063553,0.05334943533
3126,1.0,0.0,0.0,0.0,1.0,1.0,0.3534404499,0.306646873,0.05590301752,0.05055344105
3127,1.0,0.0,0.0,0.0,1.0,1.0,0.3540399084,0.2991855853,0.05598765612,0.04955840111
3128,1.0,0.0,0.0,0.0,1.0,1.0,0.3577830562,0.3072719188,0.05647426844,0.05037617683
3129,1.0,0.0,0.0,0.0,1.0,1.0,0.3622137006,0.3149364663,0.0584256649,0.05301588774
3130,1.0,0.0,0.0,0.0,1.0,1.0,0.3634336299,0.3101162412,0.05733048916,0.05122584105
3131,1.0,0.0,0.0,0.0,1.0,1.0,0.3648216967,0.3180041502,0.05726343393,0.05220293999
3132,1.0,0.0,0.0,0.0,1.0,1.0,0.3682153574,0.3191768166,0.05772662163,0.05267226696
3133,1.0,0.0,0.0,0.0,1.0,1.0,0.3765019331,0.3288066182,0.05944883823,0.0545848608
3134,1.0,0.0,0.0,0.0,1.0,1.0,0.3733992212,0.3169750056,0.05868554115,0.05276310444
3135,1.0,0.0,0.0,0.0,1.0,1.0,0.3737190718,0.3228716028,0.05875605345,0.05363512039
3136,1.0,0.0,0.0,0.0,1.0,1.0,0.3554713076,0.300486062,0.05545693636,0.04929512739
3137,1.0,0.0,0.0,0.0,1.0,1.0,0.2939537734,0.07390208771,0.04174667597,0.0113119483
3138,1.0,0.0,0.0,0.0,1.0,1.0,0.3087081493,0.0611170096,0.04436969757,0.009428560734
3139,1.0,0.0,0.0,0.0,1.0,1.0,0.2808652002,0.1803113581,0.04158437252,0.02835291624
3140,1.0,0.0,0.0,0.0,1.0,1.0,0.3202438363,0.2481949562,0.04866015911,0.03983718157
3141,1.0,0.0,0.0,0.0,1.0,1.0,0.350895588,0.2921959612,0.05483490229,0.04801470041
3142,1.0,0.0,0.0,0.0,1.0,1.0,0.3692645859,0.3210127434,0.05747592449,0.05234897137
3143,1.0,0.0,0.0,0.0,1.0,1.0,0.3609094135,0.3127392275,0.05583637953,0.05073595047
3144,1.0,0.0,0.0,0.0,1.0,1.0,0.3618669318,0.3133566924,0.05630671978,0.0509442091
3145,1.0,0.0,0.0,0.0,1.0,1.0,0.3384354411,0.2819371401,0.05210381746,0.04531943798
3146,1.0,0.0,0.0,0.0,1.0,1.0,0.2860998589,0.05289040834,0.04092293978,0.007911801338
3147,1.0,0.0,0.0,0.0,1.0,1.0,0.2760364344,0.03872372706,0.03947484493,0.005717039108
3148,1.0,0.0,0.0,0.0,1.0,1.0,0.2539416849,0.1485185789,0.03791600466,0.0230204463
3149,1.0,0.0,0.0,0.0,1.0,1.0,0.2791541852,0.2072011699,0.04335319996,0.03184586763
3150,1.0,0.0,0.0,0.0,1.0,1.0,0.3093114789,0.2688154974,0.04934042692,0.04138231277
3151,1.0,0.0,0.0,0.0,1.0,1.0,0.3164628835,0.3029664549,0.05063664913,0.04495292902
3152,1.0,0.0,0.0,0.0,1.0,1.0,0.3113015505,0.3041777037,0.05047011375,0.04462617636
3153,1.0,0.0,0.0,0.0,1.0,1.0,0.3130387442,0.3215120577,0.05082672834,0.04632651806
3154,1.0,0.0,0.0,0.0,1.0,1.0,0.3224004599,0.3545189282,0.05311977863,0.04993259907
3155,1.0,0.7853981853,0.0,0.0,1.0,1.0,0.3207883196,0.3643005724,0.05346614122,0.05131679773
3156,1.0,0.7853981853,0.0,0.0,1.0,1.0,0.3116195105,0.3522936879,0.05146533251,0.04906535149
3157,1.0,0.7853981853,0.0,0.0,1.0,1.0,0.3121282426,0.3577544146,0.05249398947,0.05010789633
3158,1.0,0.7853981853,0.0,0.0,1.0,1.0,0.3065583681,0.3634334638,0.05173957348,0.05068361759
3159,1.0,0.7853981853,0.0,0.0,1.0,1.0,0.2999878088,0.3513076764,0.04997718334,0.04842352867
3160,1.0,0.7853981853,0.0,0.0,1.0,1.0,0.2979704051,0.3550648709,0.04988020658,0.04910081625
3161,1.0,0.7853981853,0.0,0.0,1.0,1.0,0.2918308543,0.3496146079,0.04877775908,0.0482532382
3162,1.0,0.7853981853,0.0,0.0,1.0,1.0,0.2880011299,0.3394328335,0.04825234413,0.0469481945
3163,1.0,0.7853981853,0.0,0.0,1.0,1.0,0.285112094,0.3375475945,0.04790186882,0.04660022259
3164,1.0,0.7853981853,0.0,0.0,1.0,1.0,0.2877651207,0.346248609,0.04773402214,0.04747736454
3165,1.0,0.7853981853,0.0,0.0,1.0,1.0,0.2782271342,0.3375472805,0.04575538635,0.04575538635
3166,1.0,0.7853981853,0.0,0.0,1.0,1.0,0.2826544995,0.3362786675,0.04719877243,0.04667729139
3167,1.0,0.7853981853,0.0,0.0,1.0,1.0,0.2864642368,0.3369332346,0.04751926661,0.04699128866
3168,1.0,0.7853981853,0.0,0.0,1.0,1.0,0.2901090019,0.3394332374,0.0482659936,0.04773563147
3169,1.0,0.7853981853,0.0,0.0,1.0,1.0,0.2951045829,0.3375974571,0.0482403636,0.04717421532
3170,1.0,0.7853981853,0.0,0.0,1.0,1.0,0.2927169592,0.3174922687,0.04766559601,0.04450547695
3171,1.0,0.0,0.0,0.0,1.0,1.0,0.2543737182,0.2460750581,0.04084414244,0.03425639868
3172,1.0,0.0,0.0,0.0,1.0,1.0,0.1796942025,0.1171220157,0.02770280838,0.01583015919
3173,1.0,0.0,0.0,0.0,1.0,1.0,0.1616487575,0.08459867722,0.02448320389,0.01132023335
3174,1.0,0.0,0.0,0.0,1.0,1.0,0.2232088886,0.1671931033,0.03561145067,0.02391815186
3175,1.0,0.0,0.0,0.0,1.0,1.0,0.261367221,0.2237016782,0.04180467129,0.03260236979
3176,1.0,0.0,0.0,0.0,1.0,1.0,0.2841707558,0.251607807,0.04603767395,0.03766721487
3177,1.0,0.0,0.0,0.0,1.0,1.0,0.3126293228,0.2757079825,0.05002182722,0.04146885872
3178,1.0,0.0,0.0,0.0,1.0,1.0,0.3266785955,0.2865293369,0.05269622803,0.04382652044
3179,1.0,0.0,0.0,0.0,1.0,1.0,0.3374530887,0.3025524419,0.0547555089,0.04663389921
3180,1.0,0.0,0.0,0.0,1.0,1.0,0.3431769058,0.3099962672,0.05610269308,0.04865777493
3181,1.0,0.0,0.0,0.0,1.0,1.0,0.3467120895,0.3184664582,0.05648505688,0.04985535145
3182,1.0,0.0,0.0,0.0,1.0,1.0,0.3637312888,0.3404878023,0.05934017897,0.05372691154
3183,1.0,0.0,0.0,0.0,1.0,1.0,0.369500352,0.3409467748,0.06118053198,0.05498164892
3184,1.0,0.0,0.0,0.0,1.0,1.0,0.3650853509,0.3359609734,0.05978226662,0.05383110046
3185,1.0,0.0,0.0,0.0,1.0,1.0,0.3706540655,0.3432426228,0.06057649851,0.05516785383
3186,1.0,0.0,0.0,0.0,1.0,1.0,0.3693048643,0.3499731013,0.05998760462,0.05595260859
3187,1.0,0.0,0.0,0.0,1.0,1.0,0.3676106284,0.3409469029,0.06059664488,0.05518627167
3188,1.0,0.0,0.0,0.0,1.0,1.0,0.370103393,0.351962765,0.06089705229,0.05687296391
3189,1.0,0.0,0.0,0.0,1.0,1.0,0.3785639956,0.3635843564,0.06204146147,0.05856502056
3190,1.0,0.0,0.0,0.0,1.0,1.0,0.3711282558,0.3517772281,0.06084185839,0.05710595846
3191,1.0,0.0,0.0,0.0,1.0,1.0,0.3238227563,0.2778110057,0.05171877146,0.04440772533
3192,1.0,0.0,0.0,0.0,1.0,1.0,0.2915040541,0.1035139075,0.04312026501,0.01553404331
3193,1.0,0.0,0.0,0.0,1.0,1.0,0.321446937,0.08659392592,0.04711353779,0.01299679279
3194,1.0,0.0,0.0,0.0,1.0,1.0,0.2847870025,0.1636718535,0.04263281822,0.02520436049
3195,1.0,0.0,0.0,0.0,1.0,1.0,0.3089810678,0.2364450106,0.04750299454,0.03741854429
3196,1.0,0.0,0.0,0.0,1.0,1.0,0.3424245406,0.3001620918,0.0543538332,0.04873102903
3197,1.0,0.0,0.0,0.0,1.0,1.0,0.3535327785,0.3189007561,0.05635219812,0.05181193352
3198,1.0,0.0,0.0,0.0,1.0,1.0,0.3472639294,0.313158569,0.05497360229,0.05041480064
3199,1.0,0.0,0.0,0.0,1.0,1.0,0.2833201432,0.2222897975,0.04346597195,0.03439944983
3200,1.0,0.0,0.0,0.0,1.0,1.0,0.3033690286,0.07059241475,0.0441493988,0.01029247046
3201,1.0,0.0,0.0,0.0,1.0,1.0,0.3096603421,0.07085589868,0.04574251175,0.01040846109
3202,1.0,0.0,0.0,0.0,1.0,1.0,0.3022428291,0.06550631225,0.04434853792,0.009522676468
3203,1.0,0.0,0.0,0.0,1.0,1.0,0.2988983705,0.07003664028,0.04365634918,0.01009553671
3204,1.0,0.0,0.0,0.0,1.0,1.0,0.2494181902,0.1096512089,0.0378922224,0.01639312506
3205,1.0,0.0,0.0,0.0,1.0,1.0,0.2529128031,0.1731176675,0.03924047947,0.02625054121
3206,1.0,0.0,0.0,0.0,1.0,1.0,0.2838549819,0.2411236593,0.04511427879,0.0372800231
3207,1.0,0.0,0.0,0.0,1.0,1.0,0.3235664337,0.3087013963,0.05305498838,0.04874593019
3208,1.0,0.0,0.0,0.0,1.0,1.0,0.3466461083,0.3398103222,0.05761480331,0.05492252111
3209,1.0,0.0,0.0,0.0,1.0,1.0,0.3600574936,0.3660162844,0.06015747786,0.05907839537
3210,1.0,0.0,0.0,0.0,1.0,1.0,0.3570602674,0.3605369915,0.05852293968,0.05745398998
3211,1.0,0.0,0.0,0.0,1.0,1.0,0.3663810675,0.3727018169,0.06019681692,0.05939775705
3212,1.0,0.0,0.0,0.0,1.0,1.0,0.367872732,0.3722754206,0.06029850245,0.05923128128
3213,1.0,0.0,0.0,0.0,1.0,1.0,0.3766252141,0.3781223184,0.06120455265,0.06014472246
3214,1.0,0.0,0.0,0.0,1.0,1.0,0.3860365269,0.3991059491,0.06312644482,0.0636613965
3215,1.0,0.0,0.0,0.0,1.0,1.0,0.3929290748,0.3971292629,0.06410950422,0.06384348869
3216,1.0,0.0,0.0,0.0,1.0,1.0,0.3852274111,0.3881162514,0.06247359514,0.06247353554
3217,1.0,0.0,0.0,0.0,1.0,1.0,0.3881165601,0.3957522928,0.06241369247,0.0632173419
3218,1.0,0.0,0.0,0.0,1.0,1.0,0.3994438059,0.406749832,0.0637217164,0.06504929066
3219,1.0,0.0,0.0,0.0,1.0,1.0,0.4070876353,0.4183709368,0.06512331963,0.06698399782
3220,1.0,0.0,0.0,0.0,1.0,1.0,0.4021027657,0.4197654569,0.06440746784,0.06706893444
3221,1.0,0.0,0.0,0.0,1.0,1.0,0.4088625884,0.4211696475,0.06483745575,0.06723886728
3222,1.0,0.0,0.0,0.0,1.0,1.0,0.4085185297,0.4228407352,0.06456130743,0.06721818447
3223,1.0,0.0,0.0,0.0,1.0,1.0,0.4140909523,0.4261833026,0.06551325321,0.06874847412
3224,1.0,0.0,0.0,0.0,1.0,1.0,0.4143820466,0.422840647,0.06543195248,0.06784540415
3225,1.0,0.0,0.0,0.5235987902,1.0,1.0,0.4154410677,0.4280942711,0.06526958942,0.06874704361
3226,1.0,0.0,0.0,0.5235987902,1.0,1.0,0.4277235746,0.4382933273,0.06739157438,0.07088196278
3227,1.0,0.0,0.0,0.5235987902,1.0,1.0,0.4299228451,0.4443826103,0.06775689125,0.07153612375
3228,1.0,0.0,0.0,0.5235987902,1.0,1.0,0.4113799589,0.3943372685,0.06363219023,0.06308823824
3229,1.0,0.0,0.0,0.5235987902,1.0,1.0,0.4020526746,0.3145728126,0.05870234966,0.04845714569
3230,1.0,0.0,0.0,0.5235987902,1.0,1.0,0.4651870615,0.2698113615,0.06368738413,0.03949177265
3231,1.0,0.0,0.0,0.5235987902,1.0,1.0,0.4832010595,0.2517827225,0.06612974405,0.03702139854
3232,1.0,0.0,0.0,0.5235987902,1.0,1.0,0.4612806743,0.2828608006,0.06429696083,0.04230064154
3233,1.0,0.0,0.0,0.5235987902,1.0,1.0,0.4503966915,0.3002055434,0.06316614151,0.0449988842
3234,1.0,0.0,0.0,0.5235987902,1.0,1.0,0.4382997105,0.320853779,0.06282150745,0.04901766777
3235,1.0,0.0,0.0,0.5235987902,1.0,1.0,0.4272274214,0.3592881417,0.0622459054,0.05548614264
3236,1.0,0.0,0.0,0.5235987902,1.0,1.0,0.4477957531,0.4083741275,0.06623524427,0.06426227093
3237,1.0,0.0,0.0,0.5235987902,1.0,1.0,0.4651607908,0.4451740216,0.0689085722,0.07001554966
3238,1.0,0.0,0.0,0.5235987902,1.0,1.0,0.4644247656,0.4490498851,0.07016384602,0.07212841511
3239,1.0,0.0,0.0,0.5235987902,1.0,1.0,0.4517362949,0.390463181,0.06584733725,0.06160825491
3240,1.0,0.0,0.0,0.5235987902,1.0,1.0,0.5432210504,0.3318609796,0.07373064756,0.0495377779
3241,1.0,0.0,0.0,0.5235987902,1.0,1.0,0.4891100936,0.3710614994,0.06818675995,0.05607092381
3242,1.0,0.0,0.0,0.5235987902,1.0,1.0,0.4687304048,0.4206283654,0.06752437353,0.06529217958
3243,1.0,0.0,0.0,0.5235987902,1.0,1.0,0.4833902707,0.4681595459,0.07240098715,0.07463729382
3244,1.0,0.0,0.0,0.5235987902,1.0,1.0,0.4876234629,0.4857427827,0.0727981329,0.07724380493
3245,1.0,0.0,0.0,0.5235987902,1.0,1.0,0.4932311863,0.5032152532,0.07436513901,0.08051556349
3246,1.0,0.0,0.0,0.5235987902,1.0,1.0,0.4932789544,0.5188741724,0.0745870471,0.08293634653
3247,1.0,0.0,0.0,0.5235987902,1.0,1.0,0.4974183347,0.5136022371,0.0750336647,0.08225911856
3248,1.0,0.0,0.0,0.5235987902,1.0,1.0,0.4969804026,0.5152296436,0.0754379034,0.08292621374
3249,1.0,0.0,0.0,0.5235987902,1.0,1.0,0.4974262153,0.5152834207,0.07571530342,0.08325898647
3250,1.0,0.0,0.0,0.5235987902,1.0,1.0,0.490119797,0.5152831597,0.07486671209,0.08324730396
3251,1.0,0.0,0.0,0.5235987902,1.0,1.0,0.4914685183,0.51009556,0.07433128357,0.08181989193
3252,1.0,0.0,0.0,0.5235987902,1.0,1.0,0.4882909055,0.5083668437,0.07474178076,0.08229994774
3253,1.0,0.0,0.0,0.5235987902,1.0,1.0,0.4845221646,0.4893098823,0.07375377417,0.07908195257
3254,1.0,0.0,0.0,0.5235987902,1.0,1.0,0.4790556883,0.4716664141,0.07157295942,0.07550245523
3255,1.0,0.0,0.0,0.5235987902,1.0,1.0,0.4894848725,0.4840501588,0.07398962975,0.07820951939
3256,1.0,0.0,0.0,0.5235987902,1.0,1.0,0.4959636965,0.4874899947,0.07443618774,0.07866549492
3257,1.0,0.0,0.0,0.5235987902,1.0,1.0,0.5006621291,0.5067592212,0.07465189695,0.08082610369
3258,1.0,0.0,0.0,0.5235987902,1.0,1.0,0.5015715011,0.5014442832,0.07553654909,0.08111125231
3259,1.0,0.0,0.0,0.5235987902,1.0,1.0,0.5113859825,0.5083367138,0.07707595825,0.08298319578
3260,1.0,0.0,0.0,0.5235987902,1.0,1.0,0.5109087355,0.5100244408,0.07855731249,0.08515155315
3261,1.0,0.0,0.0,0.5235987902,1.0,1.0,0.5161435379,0.5222775785,0.07867753506,0.08611613512
3262,1.0,0.0,0.0,0.5235987902,1.0,1.0,0.5176015765,0.518874014,0.07892423868,0.08552521467
3263,1.0,0.0,0.0,0.5235987902,1.0,1.0,0.503535752,0.4786803128,0.07538384199,0.07795375586
3264,1.0,0.0,0.0,0.5235987902,1.0,1.0,0.559853382,0.3882592028,0.07729202509,0.05982977152
3265,1.0,0.0,0.0,0.5235987902,1.0,1.0,0.5607635621,0.3715397183,0.08079266548,0.05962556601
3266,1.0,0.0,0.0,0.5235987902,1.0,1.0,0.5067311618,0.4131266876,0.07152301073,0.06473821402
3267,1.0,0.0,0.0,0.5235987902,1.0,1.0,0.5045913949,0.4713681591,0.0752146244,0.07724750042
3268,1.0,0.0,0.0,0.5235987902,1.0,1.0,0.504981032,0.4997208593,0.0751863718,0.08088231087
3269,1.0,0.0,0.0,0.5235987902,1.0,1.0,0.5115178265,0.5118669835,0.0757702589,0.08248054981
3270,1.0,0.0,0.0,0.5235987902,1.0,1.0,0.5194839832,0.5345445246,0.07952541113,0.08845758438
3271,1.0,0.0,0.0,0.5235987902,1.0,1.0,0.5174018941,0.5377619038,0.07924991846,0.08865725994
3272,1.0,0.0,0.0,0.5235987902,1.0,1.0,0.5190680936,0.531282336,0.08065962791,0.08887225389
3273,1.0,0.0,0.0,0.5235987902,1.0,1.0,0.5236511346,0.5308454911,0.07974326611,0.08774620295
3274,1.0,0.0,0.0,0.5235987902,1.0,1.0,0.52950552,0.543402992,0.08106380701,0.0900387764
3275,1.0,0.0,0.0,0.5235987902,1.0,1.0,0.5296669751,0.5360330928,0.08298373222,0.09090089798
3276,1.0,0.0,0.0,0.5235987902,1.0,1.0,0.5297794798,0.5396290667,0.07892996073,0.08704680204
3277,1.0,0.0,0.0,0.5235987902,1.0,1.0,0.5275093628,0.5396290045,0.08226287365,0.09137052298
3278,1.0,0.0,0.0,0.5235987902,1.0,1.0,0.5302780604,0.5432506598,0.08298683167,0.09181517363
3279,1.0,0.0,0.0,0.5235987902,1.0,1.0,0.5287856326,0.5361589202,0.08717387915,0.09552025795
3280,1.0,0.0,0.0,0.5235987902,1.0,1.0,0.5274053516,0.5344240305,0.08592516184,0.09418129921
3281,1.0,0.0,0.0,0.5235987902,1.0,1.0,0.5327836388,0.5449918016,0.08310544491,0.09224116802
3282,1.0,0.0,0.0,0.5235987902,1.0,1.0,0.5330356925,0.5377620197,0.08024311066,0.08787184954
3283,1.0,0.0,0.0,0.5235987902,1.0,1.0,0.531538333,0.549865737,0.08078271151,0.09045386314
3284,1.0,0.0,0.0,0.5235987902,1.0,1.0,0.5364237338,0.5556339999,0.08093070984,0.09030163288
3285,1.0,0.0,0.0,0.5235987902,1.0,1.0,0.5317783197,0.5554388118,0.08002656698,0.09052652121
3286,1.0,0.0,0.0,0.5235987902,1.0,1.0,0.5265169286,0.5415095536,0.07839876413,0.08707863092
3287,1.0,0.0,0.0,0.5235987902,1.0,1.0,0.5367895677,0.5486443896,0.08029288054,0.0881536603
3288,1.0,0.0,0.0,0.5235987902,1.0,1.0,0.5334097246,0.5467328646,0.08162975311,0.08993595839
3289,1.0,0.0,0.0,0.5235987902,1.0,1.0,0.5356858497,0.5538869219,0.0805143714,0.09018748999
3290,1.0,0.0,0.0,0.5235987902,1.0,1.0,0.5421997803,0.5470628151,0.08271354437,0.09086835384
3291,1.0,0.0,0.0,0.5235987902,1.0,1.0,0.5435896543,0.5451503998,0.0828538537,0.09070318937
3292,1.0,0.0,0.0,0.5235987902,1.0,1.0,0.54152285,0.552139129,0.08105319738,0.08986949921
3293,1.0,0.0,0.0,0.5235987902,1.0,1.0,0.5420380175,0.5540764111,0.08053052425,0.08928996325
3294,1.0,0.0,0.0,0.5235987902,1.0,1.0,0.5387466876,0.5415096567,0.08284497261,0.09104168415
3295,1.0,0.0,0.0,0.5235987902,1.0,1.0,0.535623239,0.5190766577,0.07899665833,0.08443486691
3296,1.0,0.0,0.0,0.5235987902,1.0,1.0,0.5385491293,0.4435931244,0.07819354534,0.07175064087
3297,1.0,0.0,0.0,0.5235987902,1.0,1.0,0.6342191936,0.3733548114,0.08626902103,0.05800849199
3298,1.0,0.0,0.0,0.5235987902,1.0,1.0,0.594830526,0.3986536797,0.08462935686,0.06369632483
3299,1.0,0.0,0.0,0.5235987902,1.0,1.0,0.5323659039,0.4475917556,0.07518148422,0.07064223289
3300,1.0,0.0,0.0,0.5235987902,1.0,1.0,0.5180821713,0.4780725911,0.07337754965,0.07450211048
3301,1.0,0.0,0.0,0.5235987902,1.0,1.0,0.5272418903,0.5049994906,0.08177852631,0.08597224951
3302,1.0,0.0,0.0,0.5235987902,1.0,1.0,0.5356858281,0.5204705258,0.08402949572,0.0893740654
3303,1.0,0.0,0.0,0.5235987902,1.0,1.0,0.543092903,0.5412204504,0.08083099127,0.08784759045
3304,1.0,0.0,0.0,0.5235987902,1.0,1.0,0.5460086788,0.5376305231,0.08206284046,0.08859378099
3305,1.0,0.0,0.0,0.5235987902,1.0,1.0,0.5510232401,0.5410774268,0.08863830566,0.0959739089
3306,1.0,0.0,0.0,0.5235987902,1.0,1.0,0.5546035999,0.5328035364,0.08274847269,0.08792024851
3307,1.0,0.0,0.0,0.5235987902,1.0,1.0,0.5540494285,0.531618159,0.08075243235,0.08560323715
3308,1.0,0.0,0.0,0.5235987902,1.0,1.0,0.5512794741,0.5337521116,0.07711160183,0.08265918493
3309,1.0,0.0,0.0,0.5235987902,1.0,1.0,0.5460562478,0.5249779301,0.07472610474,0.07936239243
3310,1.0,0.0,0.0,0.5235987902,1.0,1.0,0.5541260262,0.5415158783,0.07614904642,0.08251786232
3311,1.0,0.0,0.0,0.5235987902,1.0,1.0,0.5598493553,0.5399915139,0.07628434896,0.08124142885
3312,1.0,0.0,0.0,0.5235987902,1.0,1.0,0.5504462356,0.5234305277,0.07739716768,0.08106935024
3313,1.0,0.0,0.0,0.5235987902,1.0,1.0,0.5445999104,0.5161957233,0.07556158304,0.07891994715
3314,1.0,0.0,0.0,0.5235987902,1.0,1.0,0.5431530994,0.5143112234,0.07689982653,0.07972705364
3315,1.0,0.0,0.0,0.5235987902,1.0,1.0,0.5502083801,0.5034226811,0.07645350695,0.07788521051
3316,1.0,0.0,0.0,0.5235987902,1.0,1.0,0.5489162238,0.4978633039,0.07605212927,0.07691311836
3317,1.0,0.0,0.0,0.5235987902,1.0,1.0,0.5470196652,0.4960195208,0.07617205381,0.07674479485
3318,1.0,0.0,0.0,0.5235987902,1.0,1.0,0.5440388767,0.492345213,0.07491600513,0.07491600513
3319,1.0,0.0,0.0,0.5235987902,1.0,1.0,0.5475830562,0.4830638295,0.07616376877,0.07473212481
3320,1.0,0.0,0.0,0.5235987902,1.0,1.0,0.5492801495,0.483001541,0.07585918903,0.07414805889
3321,1.0,0.0,0.0,0.5235987902,1.0,1.0,0.5487130555,0.4756604987,0.077224195,0.0746113658
3322,1.0,0.0,0.0,0.5235987902,1.0,1.0,0.557099791,0.4717514906,0.0761320591,0.07214015722
3323,1.0,0.0,0.0,0.5235987902,1.0,1.0,0.5460868968,0.4812810896,0.07491260767,0.07378184795
3324,1.0,0.0,0.0,0.5235987902,1.0,1.0,0.5474124008,0.4775112322,0.07510310411,0.0733962059
3325,1.0,0.0,0.0,0.5235987902,1.0,1.0,0.5470411191,0.4681405507,0.07395768166,0.07086443901
3326,1.0,0.0,0.0,0.5235987902,1.0,1.0,0.5491208869,0.4701081896,0.07553261518,0.07267159224
3327,1.0,0.0,0.0,0.5235987902,1.0,1.0,0.5517751585,0.4740000802,0.07595282793,0.07394653559
3328,1.0,0.0,0.0,0.5235987902,1.0,1.0,0.5472390235,0.4719586999,0.07468605042,0.07269060612
3329,1.0,0.0,0.0,0.5235987902,1.0,1.0,0.5500567201,0.4649421628,0.07478266954,0.07167845964
3330,1.0,0.0,0.0,0.5235987902,1.0,1.0,0.5477811658,0.4704333394,0.07712352276,0.07479524612
3331,1.0,0.0,0.0,0.5235987902,1.0,1.0,0.5529273636,0.4794368165,0.0755649209,0.07413911819
3332,1.0,0.0,0.0,0.5235987902,1.0,1.0,0.54932741,0.4776742351,0.0751028657,0.07424616814
3333,1.0,0.0,0.0,0.5235987902,1.0,1.0,0.5597711724,0.4942093421,0.07577073574,0.07605344057
3334,1.0,0.0,0.0,0.5235987902,1.0,1.0,0.5502664471,0.483186412,0.07657617331,0.0762861371
3335,1.0,0.0,0.0,0.5235987902,1.0,1.0,0.5527929309,0.477511309,0.0750349164,0.07360845804
3336,1.0,0.0,0.0,0.5235987902,1.0,1.0,0.5499018747,0.4682574409,0.07466387749,0.07182502747
3337,1.0,0.0,0.0,0.5235987902,1.0,1.0,0.5523507737,0.4629768446,0.07665044069,0.07289022207
3338,1.0,0.0,0.0,0.5235987902,1.0,1.0,0.5485503115,0.4776742698,0.07464724779,0.07351619005
3339,1.0,0.0,0.0,0.5235987902,1.0,1.0,0.5472384344,0.4738096463,0.07471728325,0.07300627232
3340,1.0,0.0,0.0,0.5235987902,1.0,1.0,0.5510550775,0.4794372947,0.07670015097,0.07582527399
3341,1.0,0.0,0.0,0.5235987902,1.0,1.0,0.5493274192,0.484914379,0.07513189316,0.0748462081
3342,1.0,0.0,0.0,0.5235987902,1.0,1.0,0.5518520569,0.4849144491,0.07558995485,0.07558995485
3343,1.0,0.0,0.0,0.5235987902,1.0,1.0,0.5525712829,0.4849690589,0.07550626993,0.07522022724
3344,1.0,0.0,0.0,0.5235987902,1.0,1.0,0.5539586144,0.4794368168,0.07567220926,0.07480895519
3345,1.0,0.0,0.0,0.5235987902,1.0,1.0,0.5524339889,0.4794373624,0.07477372885,0.07420301437
3346,1.0,0.0,0.0,0.5235987902,1.0,1.0,0.546119562,0.4642927175,0.07356446981,0.07155293226
3347,1.0,0.0,0.0,0.5235987902,1.0,1.0,0.5500137932,0.4679035582,0.07359075546,0.07158637047
3348,1.0,0.0,0.0,0.5235987902,1.0,1.0,0.5618484212,0.4752063062,0.07552534342,0.07320147753
3349,1.0,0.0,0.0,0.5235987902,1.0,1.0,0.5596873863,0.4807201162,0.07520496845,0.07346278429
3350,1.0,0.0,0.0,0.5235987902,1.0,1.0,0.5640096072,0.4752983049,0.07546371222,0.07315057516
3351,1.0,0.0,0.0,0.5235987902,1.0,1.0,0.5584795908,0.4752062527,0.07508140802,0.0730522275
3352,1.0,0.0,0.0,0.5235987902,1.0,1.0,0.5621858205,0.4789779493,0.07503694296,0.07302451134
3353,1.0,0.0,0.0,0.5235987902,1.0,1.0,0.5637325195,0.4810046316,0.07563871145,0.07419520617
3354,1.0,0.0,0.0,0.5235987902,1.0,1.0,0.5628546201,0.4866198952,0.07617014647,0.07530134916
3355,1.0,0.0,0.0,0.5235987902,1.0,1.0,0.5559527309,0.4754808658,0.07406032085,0.07208162546
3356,1.0,0.0,0.0,0.5235987902,1.0,1.0,0.5520725972,0.4753903256,0.0744458437,0.07244926691
3357,1.0,0.0,0.0,0.5235987902,1.0,1.0,0.5482172193,0.4640264581,0.07307362556,0.06941992044
3358,1.0,0.0,0.0,0.5235987902,1.0,1.0,0.5478422272,0.4659052697,0.07520806789,0.07201391459
3359,1.0,0.0,0.0,0.5235987902,1.0,1.0,0.5436121073,0.4657780526,0.07362055779,0.07075595856
3360,1.0,0.0,0.0,0.5235987902,1.0,1.0,0.5412754909,0.4618633761,0.07222217321,0.06937879324
3361,1.0,0.0,0.0,0.5235987902,1.0,1.0,0.5500144135,0.461574293,0.07332396507,0.06904429197
3362,1.0,0.0,0.0,0.5235987902,1.0,1.0,0.5516332301,0.4810749016,0.07552957535,0.07409369946
3363,1.0,0.0,0.0,0.5235987902,1.0,1.0,0.5596875792,0.4866682095,0.07537102699,0.07395422459
3364,1.0,0.0,0.0,0.5235987902,1.0,1.0,0.5505398003,0.4789776669,0.07467961311,0.07295626402
3365,1.0,0.0,0.0,0.5235987902,1.0,1.0,0.5578279054,0.4660319773,0.07439827919,0.07017111778
3366,1.0,0.0,0.0,0.5235987902,1.0,1.0,0.556303324,0.4734199324,0.07412171364,0.07102155685
3367,1.0,0.0,0.0,0.5235987902,1.0,1.0,0.5501130616,0.4460470561,0.07396769524,0.06803894043
3368,1.0,0.0,0.0,0.5235987902,1.0,1.0,0.5464725096,0.4536212665,0.0745061636,0.0696901679
3369,1.0,0.0,0.0,0.5235987902,1.0,1.0,0.5601832724,0.4595973108,0.07631009817,0.07095998526
3370,1.0,0.0,0.0,0.5235987902,1.0,1.0,0.552486548,0.4557895176,0.07476109266,0.06972104311
3371,1.0,0.0,0.0,0.5235987902,1.0,1.0,0.5483118929,0.4615604281,0.07461071014,0.07071316242
3372,1.0,0.0,0.0,0.5235987902,1.0,1.0,0.5464427505,0.454942973,0.07500183582,0.07081955671
3373,1.0,0.0,0.0,0.5235987902,1.0,1.0,0.5537858565,0.4568876945,0.07668149471,0.07164400816
3374,1.0,0.0,0.0,0.5235987902,1.0,1.0,0.5484373507,0.4551029461,0.07620638609,0.07118177414
3375,1.0,0.0,0.0,0.5235987902,1.0,1.0,0.5526681241,0.4552615203,0.07551550865,0.07055461407
3376,1.0,0.0,0.0,0.5235987902,1.0,1.0,0.5539075021,0.4622416024,0.07588946819,0.07121509314
3377,1.0,0.0,0.0,0.5235987902,1.0,1.0,0.5476665471,0.4610102242,0.07635295391,0.07221829891
3378,1.0,0.0,0.0,0.5235987902,1.0,1.0,0.5435213809,0.4604572785,0.07598406076,0.07180911303
3379,1.0,0.0,0.0,0.5235987902,1.0,1.0,0.542582731,0.4741873982,0.07585990429,0.07332181931
3380,1.0,0.0,0.0,0.5235987902,1.0,1.0,0.5413223371,0.4633776321,0.07517856359,0.07100200653
3381,1.0,0.0,0.0,0.5235987902,1.0,1.0,0.5364798205,0.4582280318,0.07482159138,0.07038772106
3382,1.0,0.0,0.0,0.5235987902,1.0,1.0,0.5368654711,0.4561088535,0.07515704632,0.06961041689
3383,1.0,0.0,0.0,0.5235987902,1.0,1.0,0.526228649,0.4495695288,0.07389265299,0.06920540333
3384,1.0,0.0,0.0,0.5235987902,1.0,1.0,0.5243620358,0.4439967886,0.07390791178,0.06862878799
3385,1.0,0.0,0.0,0.5235987902,1.0,1.0,0.5265452133,0.436120118,0.07398569584,0.06700587273
3386,1.0,0.0,0.0,0.5235987902,1.0,1.0,0.5123352678,0.4329711884,0.07245922089,0.06587201357
3387,1.0,0.0,0.0,0.5235987902,1.0,1.0,0.4997210788,0.4182449034,0.07049405575,0.06385934353
3388,1.0,0.0,0.0,0.5235987902,1.0,1.0,0.4866846848,0.3983282867,0.0697414279,0.06088536978
3389,1.0,0.0,0.0,0.5235987902,1.0,1.0,0.4866848139,0.4070453613,0.069445014,0.06172889471
3390,1.0,0.0,0.0,0.5235987902,1.0,1.0,0.478715804,0.3835495285,0.06847572327,0.05813449621
3391,1.0,0.0,0.0,0.5235987902,1.0,1.0,0.470779971,0.3858139921,0.0679756403,0.05850356817
3392,1.0,0.0,0.0,0.5235987902,1.0,1.0,0.475001519,0.4005118705,0.06908124685,0.0614682436
3393,1.0,0.0,0.0,0.5235987902,1.0,1.0,0.4751917285,0.4067070745,0.06884115934,0.06215214729
3394,1.0,0.0,0.0,0.5235987902,1.0,1.0,0.4695235848,0.3882590308,0.06738740206,0.05843967199
3395,1.0,0.0,0.0,0.5235987902,1.0,1.0,0.4686097132,0.3960751874,0.06816893816,0.06053179502
3396,1.0,0.0,0.0,0.5235987902,1.0,1.0,0.4666653148,0.3923736562,0.0675573349,0.05967569351
3397,1.0,0.0,0.0,0.5235987902,1.0,1.0,0.469066154,0.3886717644,0.06714916229,0.05851173401
3398,1.0,0.0,0.0,0.5235987902,1.0,1.0,0.4686096576,0.3890812609,0.06734740734,0.05896389484
3399,1.0,0.0,0.0,0.5235987902,1.0,1.0,0.4684882843,0.395301649,0.06745034456,0.05958116055
3400,1.0,0.0,0.0,0.5235987902,1.0,1.0,0.4721773961,0.3878431188,0.06784683466,0.05880057812
3401,1.0,0.0,0.0,0.5235987902,1.0,1.0,0.4733168556,0.390522554,0.06845068932,0.05968219042
3402,1.0,0.0,0.0,0.5235987902,1.0,1.0,0.4722855583,0.3909255742,0.06771242619,0.05956441164
3403,1.0,0.0,0.0,0.5235987902,1.0,1.0,0.4702099878,0.388258887,0.0672749877,0.05883038044
3404,1.0,0.0,0.0,0.5235987902,1.0,1.0,0.4611286968,0.3710616853,0.0658454895,0.05623716116
3405,1.0,0.0,0.0,0.0,1.0,1.0,0.4641679941,0.368708085,0.06677496433,0.05597728491
3406,1.0,0.0,0.0,0.0,1.0,1.0,0.46021695,0.3687080906,0.06646740437,0.05619782209
3407,1.0,0.0,0.0,0.0,1.0,1.0,0.4582420205,0.3687078444,0.06556928158,0.05567735434
3408,1.0,0.0,0.0,0.0,1.0,1.0,0.4591497449,0.3687078962,0.06578063965,0.05585682392
3409,1.0,0.0,0.0,0.0,1.0,1.0,0.4679924659,0.3752551533,0.06690299511,0.05726444721
3410,1.0,0.0,0.0,0.5235987902,1.0,1.0,0.4679925315,0.3874240243,0.06765884161,0.05934482813
3411,1.0,0.0,0.0,0.5235987902,1.0,1.0,0.4694962547,0.373851508,0.06669193506,0.05696004629
3412,1.0,0.0,0.0,0.5235987902,1.0,1.0,0.4762106941,0.3930392964,0.06849122047,0.06043344736
3413,1.0,0.0,0.0,0.5235987902,1.0,1.0,0.4726819472,0.3888805749,0.06798541546,0.05963128805
3414,1.0,0.0,0.0,0.5235987902,1.0,1.0,0.4765016457,0.3870017778,0.06790357828,0.05927175283
3415,1.0,0.0,0.0,0.5235987902,1.0,1.0,0.4696173118,0.3828049272,0.06723749638,0.05832993984
3416,1.0,0.0,0.0,0.5235987902,1.0,1.0,0.4778210577,0.3994053178,0.06812095642,0.06102502346
3417,1.0,0.0,0.0,0.5235987902,1.0,1.0,0.4767798198,0.3878431139,0.06792509556,0.0591146946
3418,1.0,0.0,0.0,0.5235987902,1.0,1.0,0.4816584251,0.3915724094,0.06830871105,0.05977016687
3419,1.0,0.0,0.0,0.5235987902,1.0,1.0,0.474982235,0.3817057704,0.06768023968,0.05837422609
3420,1.0,0.0,0.0,0.5235987902,1.0,1.0,0.4822131948,0.3967817632,0.06916624308,0.0608432889
3421,1.0,0.0,0.0,0.5235987902,1.0,1.0,0.4762105928,0.3855526938,0.0675932169,0.05850505829
3422,1.0,0.0,0.0,0.5235987902,1.0,1.0,0.4812495866,0.3915725009,0.06787073612,0.05914050341
3423,1.0,0.0,0.0,0.5235987902,1.0,1.0,0.480844787,0.3915723088,0.06954097748,0.06034547091
3424,1.0,0.0,0.0,0.5235987902,1.0,1.0,0.4822832438,0.3949103045,0.06856530905,0.0597820878
3425,1.0,0.0,0.0,0.5235987902,1.0,1.0,0.4877277289,0.3945164824,0.07050091028,0.06067699194
3426,1.0,0.0,0.0,0.5235987902,1.0,1.0,0.4706790386,0.3762153859,0.06680822372,0.05628943443
3427,1.0,0.0,0.0,0.5235987902,1.0,1.0,0.4716240657,0.3800157262,0.06634110212,0.05646049976
3428,1.0,0.0,0.0,0.0,1.0,1.0,0.4670659456,0.3865768631,0.06681877375,0.05804175138
3429,1.0,0.0,0.0,0.5235987902,1.0,1.0,0.458567267,0.3832446119,0.06456488371,0.05628734827
3430,1.0,0.0,0.0,0.0,1.0,1.0,0.4560944231,0.37051542,0.06433695555,0.05454653502
3431,1.0,0.0,0.0,0.0,1.0,1.0,0.4591497104,0.3728979132,0.06588852406,0.05594843626
3432,1.0,0.0,0.0,0.0,1.0,1.0,0.4575050191,0.3809195401,0.06558084488,0.05685549974
3433,1.0,0.0,0.0,0.5235987902,1.0,1.0,0.4542915218,0.3757158165,0.065538764,0.05661433935
3434,1.0,0.0,0.0,0.0,1.0,1.0,0.4507284563,0.3743229393,0.06508684158,0.05659729242
3435,1.0,0.0,0.0,0.0,1.0,1.0,0.4507287647,0.3659666384,0.06527131796,0.05590629578
3436,1.0,0.0,0.0,0.0,1.0,1.0,0.4573883445,0.3729532552,0.06664538383,0.05757021904
3437,1.0,0.0,0.0,0.5235987902,1.0,1.0,0.456830756,0.3617383523,0.06484788656,0.05493664742
3438,1.0,0.0,0.0,0.5235987902,1.0,1.0,0.4637411952,0.3747907675,0.06565308571,0.05688047409
3439,1.0,0.0,0.0,0.5235987902,1.0,1.0,0.4637411224,0.3780658548,0.0662329793,0.05766832829
3440,1.0,0.0,0.0,0.5235987902,1.0,1.0,0.462667429,0.3700940246,0.06629449129,0.05653685331
3441,1.0,0.0,0.0,0.5235987902,1.0,1.0,0.4597433427,0.3757300702,0.06556636095,0.05701422691
3442,1.0,0.0,0.0,0.5235987902,1.0,1.0,0.4648102408,0.3691965381,0.06546604633,0.05563205481
3443,1.0,0.0,0.0,0.0,1.0,1.0,0.4641675764,0.3696819659,0.06673330069,0.05651032925
3444,1.0,0.0,0.0,0.0,1.0,1.0,0.4588255888,0.3598736151,0.06553965807,0.05499631166
3445,1.0,0.0,0.0,0.5235987902,1.0,1.0,0.4679928119,0.3632659411,0.06653010845,0.0555357337
3446,1.0,0.0,0.0,0.5235987902,1.0,1.0,0.4670656743,0.3664618758,0.06616646051,0.05551254749
3447,1.0,0.0,0.0,0.5235987902,1.0,1.0,0.4629622774,0.3715397026,0.065964818,0.05662214756
3448,1.0,0.0,0.0,0.5235987902,1.0,1.0,0.4609754533,0.3678241505,0.0658441186,0.05619448423
3449,1.0,0.0,0.0,0.5235987902,1.0,1.0,0.4591495937,0.3678243245,0.06509745121,0.05555731058
3450,1.0,0.0,0.0,0.5235987902,1.0,1.0,0.4589882992,0.3646114567,0.06634533405,0.05658024549
3451,1.0,0.0,0.0,0.0,1.0,1.0,0.4600605967,0.3603934444,0.0663497448,0.05548208952
3452,1.0,0.0,0.0,0.0,1.0,1.0,0.4602173675,0.3646110344,0.06535923481,0.05526077747
3453,1.0,0.0,0.0,0.0,1.0,1.0,0.453212504,0.3572076858,0.0639359951,0.05388486385
3454,1.0,0.0,0.0,0.0,1.0,1.0,0.4593098543,0.3609092394,0.06514251232,0.05451834202
3455,1.0,0.0,0.0,0.0,1.0,1.0,0.4653590138,0.3780177219,0.06675821543,0.05774444342
3456,1.0,0.0,0.0,0.0,1.0,1.0,0.4651734598,0.3747908082,0.06605809927,0.05638432503
3457,1.0,0.0,0.0,0.0,1.0,1.0,0.4623403429,0.3651097516,0.06523501873,0.05496394634
3458,1.0,0.0,0.0,0.0,1.0,1.0,0.4590173901,0.3692791503,0.06525146961,0.05604934692
3459,1.0,0.0,0.0,0.5235987902,1.0,1.0,0.4659491039,0.3715874796,0.06609654427,0.05637651682
3460,1.0,0.0,0.0,0.5235987902,1.0,1.0,0.4645842803,0.3784650219,0.06687539816,0.05788373947
3461,1.0,0.0,0.0,0.5235987902,1.0,1.0,0.4679068544,0.3729535001,0.06662726402,0.05659139156
3462,1.0,0.0,0.0,0.5235987902,1.0,1.0,0.465358966,0.3679264827,0.06590485573,0.05589401722
3463,1.0,0.0,0.0,0.5235987902,1.0,1.0,0.4615820048,0.3747903668,0.06532269716,0.05646532774
3464,1.0,0.0,0.0,0.5235987902,1.0,1.0,0.4617422601,0.3595776151,0.06498783827,0.05485981703
3465,1.0,0.0,0.0,0.5235987902,1.0,1.0,0.458825325,0.3585359442,0.06549370289,0.05495780706
3466,1.0,0.0,0.0,0.5235987902,1.0,1.0,0.4650867543,0.3715398873,0.06688141823,0.0569204092
3467,1.0,0.0,0.0,0.5235987902,1.0,1.0,0.4595829163,0.3572080038,0.06678152084,0.05628311634
3468,1.0,0.0,0.0,0.5235987902,1.0,1.0,0.4498504901,0.3144311839,0.06263464689,0.04761368036
3469,1.0,0.0,0.0,0.5235987902,1.0,1.0,0.5246527472,0.190278365,0.0688496232,0.02816575766
3470,1.0,0.0,0.0,0.5235987902,1.0,1.0,0.5147990078,0.2018101309,0.0679487586,0.02985191345
3471,1.0,0.0,0.0,0.5235987902,1.0,1.0,0.4777205261,0.2874335701,0.06554162502,0.04398190975
3472,1.0,0.0,0.0,0.5235987902,1.0,1.0,0.4614397035,0.3169871565,0.06388324499,0.04870027304
3473,1.0,0.0,0.0,0.5235987902,1.0,1.0,0.4672186694,0.3461027589,0.06573098898,0.05344212055
3474,1.0,0.0,0.0,0.5235987902,1.0,1.0,0.4693736388,0.3527445117,0.06586736441,0.05451095104
3475,1.0,0.0,0.0,0.5235987902,1.0,1.0,0.4774660303,0.3794177574,0.06896191835,0.05990338326
3476,1.0,0.0,0.0,0.5235987902,1.0,1.0,0.47746606,0.3761737741,0.06772685051,0.05854356289
3477,1.0,0.0,0.0,0.5235987902,1.0,1.0,0.4746848116,0.3734176995,0.0668733716,0.05756187439
3478,1.0,0.0,0.0,0.5235987902,1.0,1.0,0.4846386955,0.3835495387,0.06876349449,0.05934774876
3479,1.0,0.0,0.0,0.5235987902,1.0,1.0,0.4780795041,0.3914782611,0.06903451681,0.06164813042
3480,1.0,0.0,0.0,0.5235987902,1.0,1.0,0.4818030109,0.383422213,0.06785362959,0.05916160345
3481,1.0,0.0,0.0,0.5235987902,1.0,1.0,0.4766877707,0.3803022425,0.06737005711,0.05859494209
3482,1.0,0.0,0.0,0.5235987902,1.0,1.0,0.4806169929,0.3729536802,0.06794571877,0.05771124363
3483,1.0,0.0,0.0,0.5235987902,1.0,1.0,0.4779078914,0.3784120812,0.0686814189,0.05956190825
3484,1.0,0.0,0.0,0.5235987902,1.0,1.0,0.4732622664,0.3665836287,0.06679940224,0.05665266514
3485,1.0,0.0,0.0,0.5235987902,1.0,1.0,0.473630799,0.3642654928,0.06686836481,0.05638480186
3486,1.0,0.0,0.0,0.5235987902,1.0,1.0,0.4802122253,0.3670678219,0.06756460667,0.05686688423
3487,1.0,0.0,0.0,0.5235987902,1.0,1.0,0.4813235824,0.3729801962,0.06840395927,0.05822813511
3488,1.0,0.0,0.0,0.5235987902,1.0,1.0,0.4745122161,0.371169315,0.06798279285,0.05806863308
3489,1.0,0.0,0.0,0.5235987902,1.0,1.0,0.4759247733,0.3743363536,0.06761169434,0.05803334713
3490,1.0,0.0,0.0,0.5235987902,1.0,1.0,0.4774336826,0.381173838,0.06745910645,0.05850189924
3491,1.0,0.0,0.0,0.5235987902,1.0,1.0,0.482421094,0.3802224859,0.06893932819,0.05933302641
3492,1.0,0.0,0.0,0.5235987902,1.0,1.0,0.4799691065,0.3802222476,0.06785959005,0.05864405632
3493,1.0,0.0,0.0,0.5235987902,1.0,1.0,0.4717128139,0.3797876099,0.06716609001,0.05849045515
3494,1.0,0.0,0.0,0.5235987902,1.0,1.0,0.482965125,0.3884692426,0.06794369221,0.05906939507
3495,1.0,0.0,0.0,0.5235987902,1.0,1.0,0.4811403732,0.3932824161,0.0698402524,0.06189095974
3496,1.0,0.0,0.0,0.0,1.0,1.0,0.4851094235,0.388272437,0.07083821297,0.06145000458
3497,1.0,0.0,0.0,0.5235987902,1.0,1.0,0.4727488748,0.3697567829,0.068125844,0.0571013093
3498,1.0,0.0,0.0,0.5235987902,1.0,1.0,0.4722852942,0.3720550843,0.06698232889,0.05669873953
3499,1.0,0.0,0.0,0.0,1.0,1.0,0.4671947767,0.353817078,0.06668788195,0.05458837748
3500,1.0,0.0,0.0,0.0,1.0,1.0,0.475829939,0.3556408557,0.06559354067,0.05351775885
3501,1.0,0.0,0.0,0.0,1.0,1.0,0.4771402974,0.3670675867,0.06640762091,0.05520302057
3502,1.0,0.0,0.0,0.0,1.0,1.0,0.4746383068,0.3640824491,0.06692951918,0.05550253391
3503,1.0,0.0,0.0,0.0,1.0,1.0,0.4722535108,0.359229727,0.06662350893,0.05493032932
3504,1.0,0.0,0.0,0.5235987902,1.0,1.0,0.4759244853,0.36441783,0.06677412987,0.05505466461
3505,1.0,0.0,0.0,0.5235987902,1.0,1.0,0.4763878167,0.3644173518,0.06637346745,0.05472421646
3506,1.0,0.0,0.0,0.5235987902,1.0,1.0,0.4714533225,0.3569436165,0.06650650501,0.0540702939
3507,1.0,0.0,0.0,0.5235987902,1.0,1.0,0.4698798154,0.3615003439,0.06752026081,0.0555408597
3508,1.0,0.0,0.0,0.5235987902,1.0,1.0,0.4659496948,0.3170274994,0.06476563215,0.04816603661
3509,1.0,0.0,0.0,0.5235987902,1.0,1.0,0.5195428017,0.2114924801,0.06980913877,0.03168046474
3510,1.0,0.0,0.0,0.5235987902,1.0,1.0,0.5053703479,0.2313520728,0.06864255667,0.03487932682
3511,1.0,0.0,0.0,0.5235987902,1.0,1.0,0.4493171503,0.3171986149,0.06463903189,0.04944604635
3512,1.0,0.0,0.0,0.5235987902,1.0,1.0,0.4624282018,0.3599385415,0.06811469793,0.05657911301
3513,1.0,0.0,0.0,0.5235987902,1.0,1.0,0.4667724058,0.3994308953,0.06891041994,0.06242471933
3514,1.0,0.0,0.0,0.5235987902,1.0,1.0,0.4756654361,0.4221782673,0.0710169673,0.06640899181
3515,1.0,0.0,0.0,0.5235987902,1.0,1.0,0.4794371221,0.4228407918,0.0708591342,0.06595349312
3516,1.0,0.0,0.0,0.5235987902,1.0,1.0,0.4773182039,0.4161438209,0.07044094801,0.06450337172
3517,1.0,0.0,0.0,0.5235987902,1.0,1.0,0.4743730077,0.4303154148,0.06980210543,0.06607222557
3518,1.0,0.0,0.0,0.5235987902,1.0,1.0,0.4640588105,0.4283323644,0.06867879629,0.06573927402
3519,1.0,0.0,0.0,0.5235987902,1.0,1.0,0.4731831731,0.4342404705,0.07052969933,0.06757980585
3520,1.0,0.0,0.0,0.5235987902,1.0,1.0,0.4713837965,0.4359633111,0.06979012489,0.06739276648
3521,1.0,0.0,0.0,0.5235987902,1.0,1.0,0.4779935477,0.4527090994,0.07148373127,0.07040071487
3522,1.0,0.0,0.0,0.5235987902,1.0,1.0,0.4707452883,0.4322847377,0.07139968872,0.06761336327
3523,1.0,0.0,0.0,0.5235987902,1.0,1.0,0.4677853458,0.4233746722,0.07037264109,0.06604206562
3524,1.0,0.0,0.0,0.5235987902,1.0,1.0,0.4713839481,0.4315774566,0.07148003578,0.06738770008
3525,1.0,0.0,0.0,0.5235987902,1.0,1.0,0.4630684362,0.4285802304,0.07043027878,0.0671671629
3526,1.0,0.0,0.0,0.5235987902,1.0,1.0,0.4641205616,0.4302682354,0.07086467743,0.06818044186
3527,1.0,0.0,0.0,0.5235987902,1.0,1.0,0.4638393731,0.4150225301,0.07177233696,0.06635552645
3528,1.0,0.0,0.0,0.5235987902,1.0,1.0,0.4643696053,0.4268804195,0.07238835096,0.06857842207
3529,1.0,0.0,0.0,0.5235987902,1.0,1.0,0.4683795853,0.4326440651,0.07380342484,0.07078540325
3530,1.0,0.0,0.0,0.5235987902,1.0,1.0,0.468895155,0.4309673937,0.07440364361,0.07082128525
3531,1.0,0.0,0.0,0.5235987902,1.0,1.0,0.4715495909,0.428094353,0.07620888948,0.07200616598
3532,1.0,0.0,0.0,0.5235987902,1.0,1.0,0.4759246405,0.4330917641,0.07694041729,0.07274371386
3533,1.0,0.0,0.0,0.5235987902,1.0,1.0,0.47617374,0.4297599641,0.07691919804,0.07269287109
3534,1.0,0.0,0.0,0.5235987902,1.0,1.0,0.4566338037,0.3790400553,0.07319462299,0.06351131201
3535,1.0,0.0,0.0,0.5235987902,1.0,1.0,0.4828766362,0.3107804041,0.07541376352,0.05144500732
3536,1.0,0.0,0.0,0.5235987902,1.0,1.0,0.5410360889,0.247134959,0.07980418205,0.03946685791
3537,1.0,0.0,0.0,0.5235987902,1.0,1.0,0.5503885651,0.2480233423,0.08024656773,0.03910934925
3538,1.0,0.0,0.0,0.5235987902,1.0,1.0,0.558336253,0.2434063002,0.08090412617,0.03800475597
3539,1.0,0.0,0.0,0.5235987902,1.0,1.0,0.5610547994,0.2452163534,0.08085942268,0.03825610876
3540,1.0,0.0,0.0,0.5235987902,1.0,1.0,0.5601709288,0.2414382048,0.08142054081,0.03778147697
3541,1.0,0.0,0.0,0.5235987902,1.0,1.0,0.559044088,0.2386724758,0.08056139946,0.03709298372
3542,1.0,0.0,0.0,0.5235987902,1.0,1.0,0.5734172195,0.2348310965,0.08331137896,0.03666871786
3543,1.0,0.0,0.0,0.5235987902,1.0,1.0,0.5636850125,0.2303544874,0.08443242311,0.03712630272
3544,1.0,0.0,0.0,0.5235987902,1.0,1.0,0.5699628774,0.2368084213,0.08258461952,0.03693050146
3545,1.0,0.0,0.0,0.5235987902,1.0,1.0,0.5662159522,0.2385028366,0.08041143417,0.03605633974
3546,1.0,0.0,0.0,0.5235987902,1.0,1.0,0.5623101478,0.2274849017,0.08242160082,0.03553158045
3547,1.0,0.0,0.0,0.5235987902,1.0,1.0,0.4876234636,0.2603440255,0.07320088148,0.04162949324
3548,1.0,0.0,0.0,0.5235987902,1.0,1.0,0.4586415097,0.3371407164,0.07088828087,0.05498033762
3549,1.0,0.0,0.0,0.5235987902,1.0,1.0,0.465997325,0.3954019911,0.07433617115,0.06567293406
3550,1.0,0.0,0.0,0.5235987902,1.0,1.0,0.4767503895,0.4266719524,0.07750022411,0.07242745161
3551,1.0,0.0,0.0,0.5235987902,1.0,1.0,0.4815335402,0.4514147401,0.07872819901,0.07674586773
3552,1.0,0.0,0.0,0.5235987902,1.0,1.0,0.48242969,0.4495818596,0.07976603508,0.07690703869
3553,1.0,0.0,0.0,0.5235987902,1.0,1.0,0.491443025,0.4594753067,0.07931739092,0.07706731558
3554,1.0,0.0,0.0,0.5235987902,1.0,1.0,0.4975466134,0.4612811629,0.08067107201,0.0778504014
3555,1.0,0.0,0.0,0.5235987902,1.0,1.0,0.5014619644,0.4696373631,0.08211624622,0.08012038469
3556,1.0,0.0,0.0,0.5235987902,1.0,1.0,0.4948948055,0.4659559714,0.0798380971,0.07813942432
3557,1.0,0.0,0.0,0.5235987902,1.0,1.0,0.5006023473,0.4608911942,0.08047217131,0.07735526562
3558,1.0,0.0,0.0,0.5235987902,1.0,1.0,0.4953451867,0.4596096544,0.08095008135,0.07866173983
3559,1.0,0.0,0.0,0.5235987902,1.0,1.0,0.4988455668,0.4678596834,0.08069014549,0.07899147272
3560,1.0,0.0,0.0,0.5235987902,1.0,1.0,0.5005959629,0.4662946961,0.08105158806,0.07906782627
3561,1.0,0.0,0.0,0.5235987902,1.0,1.0,0.5085502725,0.4693322794,0.08168679476,0.07885038853
3562,1.0,0.0,0.0,0.5235987902,1.0,1.0,0.5058470177,0.4746513011,0.08154094219,0.08013021946
3563,1.0,0.0,0.0,0.5235987902,1.0,1.0,0.5049992972,0.4728902793,0.08164274693,0.08022046089
3564,1.0,0.0,0.0,0.5235987902,1.0,1.0,0.5103160548,0.4728904601,0.08109086752,0.07912671566
3565,1.0,0.0,0.0,0.5235987902,1.0,1.0,0.5099014611,0.4743970668,0.0797765851,0.0778375268
3566,1.0,0.0,0.0,0.5235987902,1.0,1.0,0.5054855374,0.4674257041,0.08087080717,0.07803314924
3567,1.0,0.0,0.0,0.5235987902,1.0,1.0,0.506479927,0.4570826806,0.07951897383,0.07584017515
3568,1.0,0.0,0.0,0.5235987902,1.0,1.0,0.5091325363,0.4553769397,0.07974046469,0.07496726513
3569,1.0,0.0,0.0,0.5235987902,1.0,1.0,0.5028639717,0.4569365877,0.07885527611,0.07519412041
3570,1.0,0.0,0.0,0.5235987902,1.0,1.0,0.499268754,0.4449570247,0.07839053869,0.07384616137
3571,1.0,0.0,0.0,0.5235987902,1.0,1.0,0.502909729,0.4466683374,0.07919847965,0.07489418983
3572,1.0,0.0,0.0,0.5235987902,1.0,1.0,0.4883327556,0.4079355542,0.07668155432,0.06867003441
3573,1.0,0.0,0.0,0.5235987902,1.0,1.0,0.5105202061,0.2912046354,0.07270294428,0.04529958963
3574,1.0,0.0,0.0,0.5235987902,1.0,1.0,0.5536620239,0.2366104517,0.07659834623,0.03520148993
3575,1.0,0.0,0.0,0.5235987902,1.0,1.0,0.5492800753,0.2269722179,0.07475936413,0.03344494104
3576,1.0,0.0,0.0,0.5235987902,1.0,1.0,0.5425541477,0.2261097664,0.07375365496,0.03299510479
3577,1.0,0.0,0.0,0.5235987902,1.0,1.0,0.5364353385,0.2212503852,0.07403630018,0.03265476227
3578,1.0,0.0,0.0,0.5235987902,1.0,1.0,0.5425539249,0.225742781,0.075291574,0.03311699629
3579,1.0,0.0,0.0,0.5235987902,1.0,1.0,0.5365854604,0.2257426586,0.07426083088,0.03316229582
3580,1.0,0.0,0.0,0.5235987902,1.0,1.0,0.5529696353,0.2216660559,0.07591313124,0.03205221891
3581,1.0,0.0,0.0,0.5235987902,1.0,1.0,0.5462534393,0.2266178362,0.07742786407,0.0335521102
3582,1.0,0.0,0.0,0.5235987902,1.0,1.0,0.5403575679,0.2244508095,0.07508671284,0.03235441446
3583,1.0,0.0,0.0,0.0,1.0,1.0,0.2400792388,0.1446559608,0.04599481821,0.02623409033
3584,0.0,0.0,0.0,0.0,0.0,0.0,0.0,0.0,0.0,0.0
3585,0.0,0.0,0.0,0.0,0.0,0.0,0.0,0.0,0.0,0.0
3586,0.0,0.0,0.0,0.0,0.0,0.0,0.0,0.0,0.0,0.0
3587,0.0,0.0,0.0,0.0,0.0,0.0,0.0,0.0,0.0,0.0
3588,1.0,0.0,0.0,0.0,1.0,1.0,0.3195372462,0.2828608816,0.05802583694,0.04835486412
3589,1.0,0.0,0.0,0.0,1.0,1.0,0.271332855,0.2332034074,0.04450166225,0.03585749865
3590,1.0,0.0,0.0,0.0,1.0,1.0,0.3781669737,0.1288168055,0.06156587601,0.01961988211
3591,1.0,0.0,0.0,0.0,1.0,1.0,0.2658890221,0.06786321332,0.04472953081,0.01046860218
3592,1.0,0.0,0.0,0.0,1.0,1.0,0.3271925639,0.1023527653,0.05095845461,0.01493614912
3593,1.0,0.0,0.0,0.0,1.0,1.0,0.2860788488,0.06051285853,0.04553496838,0.009048581123
3594,1.0,0.0,0.0,0.0,1.0,1.0,0.4208175877,0.1125854846,0.06161379814,0.01688456535
3595,1.0,0.0,0.0,0.0,1.0,1.0,0.4920029878,0.1767075163,0.07457643747,0.02719849348
3596,1.0,0.0,0.0,0.0,1.0,1.0,0.4575523558,0.1507097857,0.07193654776,0.02316606045
3597,1.0,0.0,0.0,0.0,1.0,1.0,0.353471632,0.10560162,0.06285524368,0.01759952307
3598,1.0,0.0,0.0,0.0,1.0,1.0,0.3161586901,0.11190639,0.0606943965,0.01923644543
3599,1.0,0.0,0.0,0.0,1.0,1.0,0.3604546013,0.1397687083,0.07236933708,0.02527731657
3600,1.0,0.0,0.0,0.0,1.0,1.0,0.4664059865,0.1770664303,0.08420783281,0.02926141024
3601,1.0,0.0,0.0,0.0,1.0,1.0,0.4978973996,0.2330714633,0.09179669619,0.03967767954
3602,1.0,0.0,0.0,0.0,1.0,1.0,0.5059734998,0.2384560094,0.08895230293,0.03889548779
3603,1.0,0.0,0.0,0.0,1.0,1.0,0.5668479171,0.251908504,0.09672003984,0.04174232483
3604,1.0,0.0,0.0,0.0,1.0,1.0,0.5347206808,0.199888472,0.0902479887,0.03281748295
3605,1.0,0.0,0.0,0.0,1.0,1.0,0.5248576648,0.1945633098,0.08545327187,0.0311036706
3606,1.0,0.0,0.0,0.0,1.0,1.0,0.4849946552,0.1978488501,0.07878988981,0.03094178438
3607,1.0,0.0,0.0,0.0,1.0,1.0,0.5579210534,0.2011325496,0.08786308765,0.03065729141
3608,1.0,0.0,0.0,0.0,1.0,1.0,0.4947339311,0.236493377,0.07490867376,0.03473585844
3609,1.0,0.0,0.0,0.0,1.0,1.0,0.5080146733,0.2153606649,0.0733140111,0.03082180023
3610,1.0,0.0,0.0,0.5235987902,1.0,1.0,0.5048514214,0.2127717059,0.07235580683,0.03206008673
3611,1.0,0.0,0.0,0.5235987902,1.0,1.0,0.4637563408,0.2075456458,0.07103681564,0.02986449003
3612,1.0,0.0,0.0,0.5235987902,1.0,1.0,0.4605455857,0.1797415809,0.06956779957,0.026268363
3613,1.0,0.0,0.0,0.5235987902,1.0,1.0,0.4907082233,0.150709547,0.07219713926,0.02239584923
3614,1.0,0.0,0.0,0.5235987902,1.0,1.0,0.490707997,0.1548155057,0.07370388508,0.02376574278
3615,1.0,0.0,0.0,0.5235987902,1.0,1.0,0.4189389081,0.2676408034,0.06384074688,0.04093825817
3616,1.0,0.0,0.0,0.5235987902,1.0,1.0,0.4304226484,0.3508680654,0.06948173046,0.05502957106
3617,1.0,0.0,0.0,0.5235987902,1.0,1.0,0.4661769602,0.4199779344,0.0751606822,0.06573086977
3618,1.0,0.0,0.0,0.5235987902,1.0,1.0,0.4511961175,0.4202599491,0.07248836756,0.06510275602
3619,1.0,0.0,0.0,0.5235987902,1.0,1.0,0.4597264652,0.4333242826,0.07570707798,0.06877416372
3620,1.0,0.0,0.0,0.5235987902,1.0,1.0,0.4677884523,0.4353502216,0.07767832279,0.07079195976
3621,1.0,0.0,0.0,0.5235987902,1.0,1.0,0.4670929356,0.4504525416,0.0798843503,0.07518529892
3622,1.0,0.0,0.0,0.5235987902,1.0,1.0,0.4570828895,0.4742806892,0.08219230175,0.08004546165
3623,1.0,0.0,0.0,0.5235987902,1.0,1.0,0.4298867067,0.4900363591,0.07404887676,0.07904797792
3624,1.0,0.0,0.0,0.0,1.0,1.0,0.3912986744,0.435009025,0.07524800301,0.07587510347
3625,1.0,0.0,0.0,0.0,1.0,1.0,0.4413990517,0.4979363918,0.08238863945,0.08740091324
3626,1.0,0.0,0.0,0.0,1.0,1.0,0.4151223071,0.4106235014,0.06707137823,0.06738930941
3627,1.0,0.0,0.0,0.0,1.0,1.0,0.3282524086,0.34055066,0.06152278185,0.05957996845
3628,1.0,0.0,0.0,0.0,1.0,1.0,0.2819583806,0.2824509282,0.05493611097,0.05101209879
3629,1.0,0.0,0.0,0.0,1.0,1.0,0.2815330947,0.2162969871,0.05342745781,0.03873485327
3630,1.0,0.0,0.0,0.5235987902,1.0,1.0,0.3156131631,0.1422281532,0.05468559265,0.02325707674
3631,1.0,0.0,0.0,0.5235987902,1.0,1.0,0.2456329942,0.1425059451,0.04590058327,0.02494597435
3632,1.0,0.0,0.0,0.5235987902,1.0,1.0,0.1775565119,0.07565500534,0.03291887045,0.01289606094
3633,1.0,0.0,0.0,0.5235987902,1.0,1.0,0.1911129031,0.1007840635,0.03344362974,0.01638054848
3634,1.0,0.0,0.0,0.5235987902,1.0,1.0,0.3166954777,0.2211533059,0.05072206259,0.03425389528
3635,1.0,0.0,0.0,0.5235987902,1.0,1.0,0.5523230463,0.323223531,0.08340787888,0.05030947924
3636,1.0,0.0,0.0,0.5235987902,1.0,1.0,0.5369171022,0.3023520669,0.08323633671,0.04813665152
3637,1.0,0.0,0.0,0.5235987902,1.0,1.0,0.554083672,0.3643797359,0.09213620424,0.06084465981
3638,1.0,0.0,0.0,0.0,1.0,1.0,0.5742897467,0.3903404082,0.08399736881,0.05925399065
3639,1.0,0.0,0.0,0.0,1.0,1.0,0.6533050824,0.4301945502,0.1099793911,0.0764067173
3640,1.0,0.0,0.0,0.5235987902,1.0,1.0,0.6296931779,0.4164343215,0.1017445922,0.07060569525
3641,1.0,0.0,0.0,0.5235987902,1.0,1.0,0.5876449501,0.3195639977,0.08776444197,0.04953372478
3642,1.0,0.0,0.0,0.5235987902,1.0,1.0,0.5379195566,0.2822692273,0.08175051212,0.04294288158
3643,1.0,0.0,0.0,0.5235987902,1.0,1.0,0.6452917184,0.3753180713,0.09297227859,0.05572080612
3644,1.0,0.0,0.0,0.5235987902,1.0,1.0,0.521538307,0.2923680287,0.07912290096,0.04444754124
3645,1.0,0.0,0.0,0.5235987902,1.0,1.0,0.4951734257,0.279196092,0.07762569189,0.04372382164
3646,1.0,0.0,0.0,0.5235987902,1.0,1.0,0.5704967093,0.263565802,0.08976960182,0.04218494892
3647,1.0,0.0,0.0,0.5235987902,1.0,1.0,0.371377612,0.1883277153,0.0709810257,0.03514254093
3648,1.0,0.0,0.0,0.5235987902,1.0,1.0,0.3698125077,0.2440041325,0.06816673279,0.04369658232
3649,1.0,0.0,0.0,0.5235987902,1.0,1.0,0.3813384616,0.2509147059,0.0636972785,0.0416482091
3650,1.0,0.0,0.0,0.5235987902,1.0,1.0,0.433123328,0.3298553513,0.0752414465,0.05559879541
3651,1.0,0.0,0.0,0.0,1.0,1.0,0.4845183556,0.3085923904,0.0788243413,0.049464643
3652,1.0,0.0,0.0,0.5235987902,1.0,1.0,0.5420702102,0.3747905704,0.08279937506,0.05570691824
3653,1.0,0.0,0.0,0.5235987902,1.0,1.0,0.4810151133,0.3479540463,0.08899080753,0.06196397543
3654,1.0,0.0,0.0,0.5235987902,1.0,1.0,0.4703256657,0.4038334944,0.1016446948,0.08431887627
3655,0.0,0.0,0.0,0.0,0.0,0.0,0.0,0.0,0.0,0.0
3656,1.0,0.0,0.0,0.0,1.0,1.0,0.4573562588,0.2882286689,0.09603896737,0.05892431736
3657,1.0,0.0,0.0,0.0,1.0,1.0,0.5281525117,0.3006131711,0.1086320877,0.06105595827
3658,1.0,0.0,0.0,0.0,1.0,1.0,0.5521891114,0.2970229743,0.1091879308,0.05963033438
3659,1.0,0.0,0.0,0.0,1.0,1.0,0.5605565853,0.3359469734,0.08909642696,0.05525362492
3660,1.0,0.0,0.0,0.0,1.0,1.0,0.6012900918,0.3806383272,0.08444923162,0.05836451054
3661,1.0,0.0,0.0,0.5235987902,1.0,1.0,0.6782843026,0.434146632,0.08782488108,0.06387263536
3662,1.0,0.0,0.0,0.5235987902,1.0,1.0,0.6255673916,0.3720863034,0.07905226946,0.05311322212
3663,1.0,0.0,0.0,0.5235987902,1.0,1.0,0.6591045645,0.3758586132,0.08424854279,0.05391907692
3664,1.0,0.0,0.0,0.0,1.0,1.0,0.5872671396,0.3603564467,0.08887434006,0.05957871675
3665,1.0,0.0,0.0,0.0,1.0,1.0,0.5613448066,0.3940106916,0.09141600132,0.06915229559
3666,1.0,0.0,0.0,0.0,1.0,1.0,0.5440264311,0.3830546113,0.09099149704,0.06789892912
3667,1.0,0.0,0.0,0.0,1.0,1.0,0.5955943381,0.3733094967,0.08952277899,0.06086266041
3668,1.0,0.0,0.0,0.5235987902,1.0,1.0,0.6094954419,0.3682153785,0.08902293444,0.05807232857
3669,1.0,0.0,0.0,0.5235987902,1.0,1.0,0.593452178,0.3859636907,0.08573663235,0.05880856514
3670,1.0,0.0,0.0,0.5235987902,1.0,1.0,0.5872791952,0.3929258744,0.08764773607,0.06215018034
3671,1.0,0.0,0.0,0.5235987902,1.0,1.0,0.5822387828,0.4009618749,0.08982127905,0.06420326233
3672,1.0,0.0,0.0,0.5235987902,1.0,1.0,0.5771853208,0.3873809422,0.08687716722,0.0609664917
3673,1.0,0.0,0.0,0.5235987902,1.0,1.0,0.5494470466,0.4173915402,0.08450388908,0.06602811813
3674,1.0,0.0,0.0,0.5235987902,1.0,1.0,0.53997315,0.436050173,0.08175677061,0.06718927622
3675,1.0,0.0,0.0,0.5235987902,1.0,1.0,0.5522972648,0.4611326149,0.0827370286,0.07037067413
3676,1.0,0.0,0.0,0.5235987902,1.0,1.0,0.5632860093,0.4843450679,0.08461660147,0.07403957844
3677,1.0,0.0,0.0,0.5235987902,1.0,1.0,0.5475869936,0.5169525873,0.08375030756,0.07906496525
3678,1.0,0.0,0.0,0.5235987902,1.0,1.0,0.5562111821,0.517019209,0.08511894941,0.07950347662
3679,1.0,0.0,0.0,0.5235987902,1.0,1.0,0.5432958282,0.5506362152,0.08327746391,0.08299326897
3680,1.0,0.0,0.0,0.5235987902,1.0,1.0,0.5206561237,0.5091139876,0.08056032658,0.07633513212
3681,1.0,0.0,0.0,0.5235987902,1.0,1.0,0.5374355326,0.355013645,0.0814166069,0.0525636673
3682,1.0,0.0,0.0,0.5235987902,1.0,1.0,0.5254207363,0.3026199029,0.07946497202,0.04376333952
3683,1.0,0.0,0.0,0.5235987902,1.0,1.0,0.494042147,0.2675673066,0.07449096441,0.03881525993
3684,1.0,0.0,0.0,0.5235987902,1.0,1.0,0.3882849724,0.3169875523,0.06169337034,0.04703086615
3685,1.0,0.0,0.0,0.5235987902,1.0,1.0,0.4001086558,0.401949577,0.06714051962,0.06184732914
3686,1.0,0.0,0.0,0.5235987902,1.0,1.0,0.384898514,0.3668165557,0.06530171633,0.05679601431
3687,1.0,0.0,0.0,0.0,1.0,1.0,0.3638665704,0.33959891,0.06223100424,0.05244797468
3688,1.0,0.0,0.0,0.0,1.0,1.0,0.3576128392,0.34127283,0.06159669161,0.0527203083
3689,1.0,0.0,0.0,0.0,1.0,1.0,0.3466811564,0.3267407563,0.06006717682,0.05059719086
3690,1.0,0.0,0.0,0.0,1.0,1.0,0.3216412876,0.3101106038,0.05584287643,0.04767078161
3691,1.0,0.0,0.0,0.0,1.0,1.0,0.3223511359,0.3168965696,0.05742114782,0.05000311136
3692,1.0,0.0,0.0,0.0,1.0,1.0,0.3074018477,0.3033393236,0.05479818583,0.0476385951
3693,1.0,0.0,0.0,0.0,1.0,1.0,0.3027229583,0.3140605018,0.05407392979,0.04918277264
3694,1.0,0.0,0.0,0.0,1.0,1.0,0.2985947441,0.313413851,0.05209165812,0.04858291149
3695,1.0,0.0,0.0,0.0,1.0,1.0,0.2893119892,0.3127624243,0.05103987455,0.0488563776
3696,1.0,0.0,0.0,0.0,1.0,1.0,0.2775362914,0.3026480395,0.04851412773,0.0468788147
3697,1.0,0.0,0.0,0.0,1.0,1.0,0.2755471785,0.3050925675,0.0473805666,0.04657745361
3698,1.0,0.0,0.0,0.0,1.0,1.0,0.2820131403,0.3136180908,0.04917824268,0.04917824268
3699,1.0,0.0,0.0,0.0,1.0,1.0,0.261683491,0.2840515504,0.04438441992,0.04331487417
3700,1.0,0.0,0.0,0.0,1.0,1.0,0.1371782615,0.159273467,0.0209684968,0.02178543806
3701,1.0,0.0,0.0,0.0,1.0,1.0,0.1437916984,0.1878953247,0.02194613218,0.02546840906
3702,1.0,0.0,0.0,0.0,1.0,1.0,0.1320330394,0.1579043803,0.02105396986,0.02265304327
3703,1.0,0.0,0.0,0.0,1.0,1.0,0.2062339438,0.2367101434,0.03460723162,0.03593832254
3704,1.0,0.0,0.0,0.0,1.0,1.0,0.236628058,0.2757081592,0.04009824991,0.04220867157
3705,1.0,0.0,0.0,0.0,1.0,1.0,0.2634188626,0.2977790594,0.04492068291,0.04597765207
3706,1.0,0.0,0.0,0.0,1.0,1.0,0.2722939533,0.3110507941,0.04656338692,0.04841530323
3707,1.0,0.0,0.0,0.0,1.0,1.0,0.2751184792,0.3144500762,0.04623740911,0.04832720757
3708,1.0,0.0,0.0,0.0,1.0,1.0,0.2684837544,0.3068758057,0.0455403924,0.04817277193
3709,1.0,0.0,0.0,0.0,1.0,1.0,0.2662064874,0.306495478,0.044891119,0.04830390215
3710,1.0,0.0,0.0,0.0,1.0,1.0,0.25726656,0.2961921776,0.04287797213,0.04651612043
3711,1.0,0.0,0.0,0.0,1.0,1.0,0.2666216534,0.3084085536,0.04415464401,0.04828608036
3712,1.0,0.0,0.0,0.0,1.0,1.0,0.2739902697,0.3102843173,0.04561150074,0.04923969507
3713,1.0,0.0,0.0,0.0,1.0,1.0,0.2565077138,0.2975310992,0.04270941019,0.04713660479
3714,1.0,0.0,0.0,0.0,1.0,1.0,0.2596976335,0.3018119107,0.04298228025,0.04767125845
3715,1.0,0.0,0.0,0.0,1.0,1.0,0.2482890802,0.2952146275,0.04131758213,0.04680913687
3716,1.0,0.0,0.0,0.0,1.0,1.0,0.2056268366,0.2623955375,0.03390198946,0.04126060009
3717,1.0,0.0,0.0,0.0,1.0,1.0,0.1652103969,0.24641424,0.02669161558,0.03779113293
3718,1.0,0.0,0.0,0.0,1.0,1.0,0.1274123233,0.2384633281,0.02033835649,0.03592228889
3719,1.0,0.0,0.0,0.0,1.0,1.0,0.1209410959,0.2356839956,0.01903992891,0.03517091274
3720,1.0,0.0,0.0,0.0,1.0,1.0,0.09960646307,0.2390750834,0.01575535536,0.03551632166
3721,1.0,0.0,0.0,0.0,1.0,1.0,0.08868753958,0.2525668941,0.01401370764,0.03772932291
3722,1.0,0.0,0.0,0.0,1.0,1.0,0.1171874491,0.2436362716,0.01875638962,0.036708951
3723,1.0,0.0,0.0,0.0,1.0,1.0,0.1504176225,0.2569488563,0.02415007353,0.0389084816
3724,1.0,0.0,0.0,0.0,1.0,1.0,0.1892632642,0.26745611,0.03022569418,0.0403008461
3725,1.0,0.0,0.0,0.0,1.0,1.0,0.2217357898,0.2853077558,0.03614395857,0.04385113716
3726,1.0,0.0,0.0,0.0,1.0,1.0,0.245420086,0.3032789019,0.04078519344,0.04722499847
3727,1.0,0.0,0.0,0.0,1.0,1.0,0.2779798638,0.3229487656,0.04610532522,0.05063587427
3728,1.0,0.0,0.0,0.0,1.0,1.0,0.2844071674,0.3297477445,0.04666608572,0.05114811659
3729,1.0,0.0,0.0,0.0,1.0,1.0,0.2857829053,0.3275197973,0.04766172171,0.05165570974
3730,1.0,0.0,0.0,0.0,1.0,1.0,0.2921692073,0.3320182393,0.04825747013,0.05168563128
3731,1.0,0.0,0.0,0.0,1.0,1.0,0.2880557204,0.3280998606,0.04766738415,0.05135440826
3732,1.0,0.0,0.0,0.0,1.0,1.0,0.2910374039,0.3280998823,0.04848313332,0.05194628239
3733,1.0,0.0,0.0,0.0,1.0,1.0,0.2896472438,0.3320293778,0.04824197292,0.05248302221
3734,1.0,0.0,0.0,0.0,1.0,1.0,0.2878394404,0.3236447508,0.04717683792,0.05058401823
3735,1.0,0.0,0.0,0.0,1.0,1.0,0.2878390888,0.3264840595,0.04744642973,0.05166387558
3736,1.0,0.0,0.0,0.0,1.0,1.0,0.2834722774,0.3196866082,0.04608720541,0.05003750324
3737,1.0,0.0,0.0,0.0,1.0,1.0,0.2830134738,0.3202906486,0.0467030406,0.05097299814
3738,1.0,0.0,0.0,0.0,1.0,1.0,0.2894825973,0.3253213634,0.04773443937,0.05173444748
3739,1.0,0.0,0.0,0.0,1.0,1.0,0.2922441313,0.3259048081,0.04759252071,0.05127364397
3740,1.0,0.0,0.0,0.0,1.0,1.0,0.2906294179,0.3269983514,0.04789853096,0.0518900156
3741,1.0,0.0,0.0,0.0,1.0,1.0,0.2931914427,0.3280997976,0.04790848494,0.0516141057
3742,1.0,0.0,0.0,0.0,1.0,1.0,0.2878651317,0.3236448166,0.04758274555,0.05159252882
3743,1.0,0.0,0.0,0.0,1.0,1.0,0.2876207727,0.3242338662,0.04700100422,0.05093967915
3744,1.0,0.0,0.0,0.0,1.0,1.0,0.2853244052,0.3236446767,0.04626232386,0.05044424534
3745,1.0,0.0,0.0,0.0,1.0,1.0,0.2892273426,0.3253214243,0.0473524332,0.05103540421
3746,1.0,0.0,0.0,0.0,1.0,1.0,0.2901606393,0.3247345385,0.04714244604,0.05054718256
3747,1.0,0.0,0.0,0.0,1.0,1.0,0.2903677997,0.3259050171,0.04778724909,0.05148345232
3748,1.0,0.0,0.0,0.0,1.0,1.0,0.295654743,0.3275764395,0.04879188538,0.05197399855
3749,1.0,0.0,0.0,0.0,1.0,1.0,0.2880837276,0.3219677376,0.04717737436,0.05060368776
3750,1.0,0.0,0.0,0.0,1.0,1.0,0.2841709798,0.3275199099,0.04681813717,0.0516063571
3751,1.0,0.0,0.0,0.0,1.0,1.0,0.2846307985,0.3286301871,0.04678183794,0.05156636238
3752,1.0,0.0,0.0,0.0,1.0,1.0,0.2818522051,0.3235482193,0.04659622908,0.05114877224
3753,1.0,0.0,0.0,0.0,1.0,1.0,0.2797791738,0.3263483261,0.04616808891,0.05123853683
3754,1.0,0.0,0.0,0.0,1.0,1.0,0.2821004809,0.3269363168,0.04696655273,0.05179744959
3755,1.0,0.0,0.0,0.0,1.0,1.0,0.2811933969,0.3274620679,0.04710376263,0.0516795516
3756,1.0,0.0,0.0,0.0,1.0,1.0,0.2793271652,0.3280479815,0.04609322548,0.05142188072
3757,1.0,0.0,0.0,0.0,1.0,1.0,0.2786908253,0.3252417658,0.04610210657,0.05087119341
3758,1.0,0.0,0.0,0.0,1.0,1.0,0.281893662,0.3269357836,0.04693096876,0.05146408081
3759,1.0,0.0,0.0,0.0,1.0,1.0,0.2887634107,0.3320177086,0.04756695032,0.0517950654
3760,1.0,0.0,0.0,0.0,1.0,1.0,0.2844069335,0.3297479992,0.04700779915,0.05152273178
3761,1.0,0.0,0.0,0.0,1.0,1.0,0.2837126336,0.3297481221,0.0466709137,0.05144411325
3762,1.0,0.0,0.0,0.0,1.0,1.0,0.2772646689,0.327462348,0.04560756683,0.05091077089
3763,1.0,0.0,0.0,0.0,1.0,1.0,0.2828001455,0.3314302445,0.04694521427,0.05147975683
3764,1.0,0.0,0.0,0.0,1.0,1.0,0.2551423536,0.3112448043,0.04200083017,0.04815375805
3765,1.0,0.0,0.0,0.0,1.0,1.0,0.2531265126,0.3088552672,0.04125404358,0.04737561941
3766,1.0,0.0,0.0,0.0,1.0,1.0,0.2339118799,0.2932391988,0.03821736574,0.04516601562
3767,1.0,0.0,0.0,0.0,1.0,1.0,0.2202717861,0.2830587208,0.03600865602,0.04353284836
3768,1.0,0.0,0.0,0.0,1.0,1.0,0.2204651073,0.2853077402,0.03618973494,0.04423189163
3769,1.0,0.0,0.0,0.0,1.0,1.0,0.2113573769,0.2865535177,0.03449821472,0.04385823011
3770,1.0,0.0,0.0,0.0,1.0,1.0,0.198564636,0.2878253467,0.03234195709,0.0439311862
3771,1.0,0.0,0.0,0.0,1.0,1.0,0.191945912,0.2842933297,0.03135621548,0.04352021217
3772,1.0,0.0,0.0,0.0,1.0,1.0,0.196910187,0.2868115977,0.03203684092,0.04388231039
3773,1.0,0.0,0.0,0.0,1.0,1.0,0.197563758,0.2835295037,0.03217506409,0.04326063395
3774,1.0,0.0,0.0,0.0,1.0,1.0,0.1832312352,0.2809816376,0.02962088585,0.04254627228
3775,1.0,0.0,0.0,0.0,1.0,1.0,0.1859426278,0.2855549983,0.03010058403,0.0430008769
3776,1.0,0.0,0.0,0.0,1.0,1.0,0.1936004598,0.28329227,0.03138190508,0.04318362474
3777,1.0,0.0,0.0,0.0,1.0,1.0,0.2025012368,0.2868118758,0.03329145908,0.04376220703
3778,1.0,0.0,0.0,0.0,1.0,1.0,0.1932804386,0.2860593373,0.03129333258,0.04332923889
3779,1.0,0.0,0.0,0.0,1.0,1.0,0.217554454,0.294572372,0.03567993641,0.0450693965
3780,1.0,0.0,0.0,0.0,1.0,1.0,0.2315184819,0.3008883591,0.0384542942,0.04630762339
3781,1.0,0.0,0.0,0.0,1.0,1.0,0.2380399734,0.3026477786,0.0391151309,0.04608082771
3782,1.0,0.0,0.0,0.0,1.0,1.0,0.2445959644,0.3075204924,0.04062461853,0.04735052586
3783,1.0,0.0,0.0,0.0,1.0,1.0,0.2692044857,0.326206865,0.04491215944,0.05055981874
3784,1.0,0.0,0.0,0.0,1.0,1.0,0.2668411586,0.3210015107,0.04412275553,0.0494710207
3785,1.0,0.0,0.0,0.0,1.0,1.0,0.2744831995,0.329084615,0.04571145773,0.05082041025
3786,1.0,0.0,0.0,0.0,1.0,1.0,0.2724284071,0.3256024768,0.04523640871,0.05005455017
3787,1.0,0.0,0.0,0.0,1.0,1.0,0.2777126092,0.3308258326,0.04629188776,0.05113637447
3788,1.0,0.0,0.0,0.0,1.0,1.0,0.2797792992,0.3319821986,0.04656988382,0.05114603043
3789,1.0,0.0,0.0,0.0,1.0,1.0,0.2790648458,0.3308260146,0.04613620043,0.05096447468
3790,1.0,0.0,0.0,0.0,1.0,1.0,0.2818523471,0.3302352041,0.04666632414,0.05068928003
3791,1.0,0.0,0.0,0.0,1.0,1.0,0.2883319423,0.3354768402,0.04783445597,0.05159664154
3792,1.0,0.0,0.0,0.0,1.0,1.0,0.2867118631,0.3349005883,0.04705113173,0.05077266693
3793,1.0,0.0,0.0,0.0,1.0,1.0,0.289740206,0.3395992075,0.0484597683,0.05254352093
3794,1.0,0.0,0.0,0.0,1.0,1.0,0.2823095556,0.3407992156,0.04695683718,0.05208438635
3795,1.0,0.0,0.0,0.0,1.0,1.0,0.2827687957,0.3378396553,0.04667747021,0.05150622129
3796,1.0,0.0,0.0,0.0,1.0,1.0,0.2871772742,0.3420075121,0.04775810242,0.05207520723
3797,1.0,0.0,0.0,0.0,1.0,1.0,0.2778937285,0.3313751292,0.04620063305,0.05052345991
3798,1.0,0.0,0.0,0.0,1.0,1.0,0.2672740127,0.3249069564,0.04414182901,0.04922479391
3799,1.0,0.0,0.0,0.0,1.0,1.0,0.2494554919,0.3212492028,0.04138326645,0.0483700633
3800,1.0,0.0,0.0,0.0,1.0,1.0,0.2429310596,0.3217628357,0.03956353664,0.04752939939
3801,1.0,0.0,0.0,0.0,1.0,1.0,0.2506744427,0.3253579108,0.04128330946,0.04852128029
3802,1.0,0.0,0.0,0.0,1.0,1.0,0.2502722004,0.3307245232,0.04098576307,0.04907506704
3803,1.0,0.0,0.0,0.0,1.0,1.0,0.2411876887,0.3258249442,0.03939062357,0.04802411795
3804,1.0,0.0,0.0,0.0,1.0,1.0,0.2303855273,0.3294457369,0.03729403019,0.04775780439
3805,1.0,0.0,0.0,0.0,1.0,1.0,0.2385978699,0.3288125513,0.03865587711,0.04784679413
3806,1.0,0.0,0.0,0.0,1.0,1.0,0.2237808178,0.3343994093,0.03630280495,0.04858565331
3807,1.0,0.0,0.0,0.0,1.0,1.0,0.2286856612,0.3331474213,0.03719508648,0.04849141836
3808,1.0,0.0,0.0,0.0,1.0,1.0,0.2168281395,0.3268140301,0.03493458033,0.04694336653
3809,1.0,0.0,0.0,0.0,1.0,1.0,0.2194721234,0.3325140484,0.03552770615,0.04782575369
3810,1.0,0.0,0.0,0.0,1.0,1.0,0.212360248,0.3337834103,0.03457427025,0.04801988602
3811,1.0,0.0,0.0,0.0,1.0,1.0,0.2121055695,0.3446353021,0.03422623873,0.04928582907
3812,1.0,0.0,0.0,0.0,1.0,1.0,0.2009188008,0.3395787347,0.03214848042,0.04836010933
3813,1.0,0.0,0.0,0.0,1.0,1.0,0.1958020368,0.345961116,0.03171497583,0.04964089394
3814,1.0,0.0,0.0,0.0,1.0,1.0,0.1995470055,0.3492257081,0.03219276667,0.04980254173
3815,1.0,0.0,0.0,0.0,1.0,1.0,0.1974845177,0.3538876911,0.03149014711,0.04983645678
3816,1.0,0.0,0.0,0.0,1.0,1.0,0.2029848189,0.3519437879,0.03261858225,0.05003362894
3817,1.0,0.0,0.0,0.0,1.0,1.0,0.1933292583,0.3597213181,0.03088891506,0.05102181435
3818,1.0,0.0,0.0,0.0,1.0,1.0,0.1930547333,0.356390119,0.03121554852,0.05082881451
3819,1.0,0.0,0.0,0.0,1.0,1.0,0.1851453988,0.3650306491,0.02998667955,0.05192136765
3820,1.0,0.0,0.0,0.0,1.0,1.0,0.1792099941,0.37380699,0.02885591984,0.05271762609
3821,1.0,0.0,0.0,0.0,1.0,1.0,0.1737411655,0.381210093,0.02784633636,0.05321133137
3822,1.0,0.0,0.0,0.0,1.0,1.0,0.1756696956,0.377741724,0.02853554487,0.0531924963
3823,1.0,0.0,0.0,0.0,1.0,1.0,0.1616997595,0.3807397277,0.02575290203,0.05260163546
3824,1.0,0.0,0.0,0.0,1.0,1.0,0.174040799,0.3812100281,0.0278159976,0.05315333605
3825,1.0,0.0,0.0,0.0,1.0,1.0,0.1587245157,0.4005860612,0.02506828308,0.05454421043
3826,1.0,0.0,0.0,0.0,1.0,1.0,0.152164401,0.4018165477,0.02436602116,0.05454659462
3827,1.0,0.0,0.0,0.0,1.0,1.0,0.1546962445,0.4042460762,0.02458262444,0.05496567488
3828,1.0,0.0,0.0,0.0,1.0,1.0,0.1472861361,0.4096070339,0.02322685719,0.05530202389
3829,1.0,0.0,0.0,0.0,1.0,1.0,0.1500035348,0.4174622337,0.02377641201,0.05612337589
3830,1.0,0.0,0.0,0.0,1.0,1.0,0.1520131335,0.4092363859,0.02391707897,0.0547068119
3831,1.0,0.0,0.0,0.0,1.0,1.0,0.1445186079,0.4274471509,0.02279543877,0.05685126781
3832,1.0,0.0,0.0,0.0,1.0,1.0,0.150265505,0.4274475107,0.023914814,0.05756253004
3833,1.0,0.0,0.0,0.0,1.0,1.0,0.1498282553,0.4244490297,0.02340060472,0.0558860898
3834,1.0,0.0,0.0,0.0,1.0,1.0,0.1510580921,0.4289271934,0.02391916513,0.05729472637
3835,1.0,0.0,0.0,0.0,1.0,1.0,0.1487782707,0.4328127055,0.02375513315,0.05785083771
3836,1.0,0.0,0.0,0.0,1.0,1.0,0.1498279074,0.447007913,0.02380472422,0.05937188864
3837,1.0,0.0,0.0,0.0,1.0,1.0,0.1490395233,0.4325314031,0.02367258072,0.05737119913
3838,1.0,0.0,0.0,0.0,1.0,1.0,0.1485185099,0.4307218635,0.02405339479,0.05829411745
3839,1.0,0.0,0.0,0.0,1.0,1.0,0.1457521329,0.4330918213,0.02374249697,0.05879092216
3840,1.0,0.0,0.0,0.0,1.0,1.0,0.1532248521,0.4310093747,0.02442628145,0.05745714903
3841,1.0,0.0,0.0,0.0,1.0,1.0,0.1477436747,0.431009295,0.02387988567,0.05815452337
3842,1.0,0.0,0.0,0.0,1.0,1.0,0.1489633649,0.4233170047,0.02417099476,0.05761694908
3843,1.0,0.0,0.0,0.0,1.0,1.0,0.1457522268,0.4271473386,0.02331477404,0.05717658997
3844,1.0,0.0,0.0,0.0,1.0,1.0,0.1482592426,0.4289270828,0.02375429869,0.05756926537
3845,1.0,0.0,0.0,0.0,1.0,1.0,0.1452777591,0.4268448758,0.02305150032,0.0569344759
3846,1.0,0.0,0.0,0.0,1.0,1.0,0.1432765644,0.4349035176,0.02274352312,0.05769091845
3847,1.0,0.0,0.0,0.0,1.0,1.0,0.1392520499,0.4343564047,0.02202117443,0.05742228031
3848,1.0,0.0,0.0,0.0,1.0,1.0,0.1377938731,0.4349037966,0.02212238312,0.05824631453
3849,1.0,0.0,0.0,0.0,1.0,1.0,0.1457884926,0.434356652,0.02344453335,0.05818766356
3850,1.0,0.0,0.0,0.0,1.0,1.0,0.1460450393,0.4406822395,0.02312725782,0.05823618174
3851,1.0,0.0,0.0,0.0,1.0,1.0,0.1470281176,0.4346314726,0.02351635695,0.05795109272
3852,1.0,0.0,0.0,0.0,1.0,1.0,0.1450240046,0.4430295008,0.02321302891,0.05901134014
3853,1.0,0.0,0.0,0.0,1.0,1.0,0.1514834681,0.4333678965,0.02419304848,0.0581188798
3854,1.0,0.0,0.0,0.0,1.0,1.0,0.1487786542,0.4369943588,0.02394598722,0.05887889862
3855,1.0,0.0,0.0,0.0,1.0,1.0,0.1468208232,0.4369947295,0.02319628,0.05840986967
3856,1.0,0.0,0.0,0.0,1.0,1.0,0.1500928138,0.4489017595,0.02362012863,0.05891138315
3857,1.0,0.0,0.0,0.0,1.0,1.0,0.1468204821,0.4446670025,0.02322566509,0.05876380205
3858,1.0,0.0,0.0,0.0,1.0,1.0,0.1530838146,0.4491164534,0.02417111397,0.05917745829
3859,1.0,0.0,0.0,0.0,1.0,1.0,0.1595600918,0.4472291762,0.0251069665,0.05876684189
3860,1.0,0.0,0.0,0.0,1.0,1.0,0.1691897818,0.4556280224,0.02679550648,0.05994468927
3861,1.0,0.0,0.0,0.0,1.0,1.0,0.1792103931,0.4419022908,0.02863287926,0.05891764164
3862,1.0,0.0,0.0,0.0,1.0,1.0,0.1879294731,0.4503657379,0.03009361029,0.05991357565
3863,1.0,0.0,0.0,0.0,1.0,1.0,0.190453275,0.4616066303,0.03010034561,0.06020063162
3864,1.0,0.0,0.0,0.0,1.0,1.0,0.1940497838,0.4620850976,0.03123420477,0.06108635664
3865,1.0,0.0,0.0,0.0,1.0,1.0,0.1929358576,0.4825630232,0.03040665388,0.061635077
3866,1.0,0.0,0.0,0.0,1.0,1.0,0.2009188044,0.4786359366,0.03238296509,0.0628284812
3867,1.0,0.0,0.0,0.0,1.0,1.0,0.2144132902,0.4847080027,0.03382724524,0.06165283918
3868,1.0,0.0,0.0,0.0,1.0,1.0,0.2162841465,0.4997212348,0.03409814835,0.06352156401
3869,1.0,0.0,0.0,0.0,1.0,1.0,0.2209474276,0.5084116565,0.03515529633,0.064268291
3870,1.0,0.0,0.0,0.0,1.0,1.0,0.231982175,0.5084499561,0.03670400381,0.06430101395
3871,1.0,0.0,0.0,0.0,1.0,1.0,0.2432035739,0.5289838899,0.03854221106,0.06611251831
3872,1.0,0.0,0.0,0.0,1.0,1.0,0.2411241039,0.5395215264,0.03817617893,0.06749987602
3873,1.0,0.0,0.0,0.0,1.0,1.0,0.2529561223,0.5559957609,0.04006415606,0.06920170784
3874,1.0,0.0,0.0,0.0,1.0,1.0,0.2694922713,0.5565073313,0.04212397337,0.06834685802
3875,1.0,0.0,0.0,0.0,1.0,1.0,0.27862116,0.5959973203,0.04334008694,0.07269954681
3876,1.0,0.0,0.0,0.0,1.0,1.0,0.2976678393,0.6084565447,0.04596954584,0.07327264547
3877,1.0,0.0,0.0,-0.5235987902,1.0,1.0,0.3068141896,0.6193729501,0.04690140486,0.07414352894
3878,1.0,0.0,0.0,-0.5235987902,1.0,1.0,0.3136935492,0.6188134177,0.04766827822,0.0734423995
3879,1.0,0.0,0.0,-0.5235987902,1.0,1.0,0.3214470693,0.6312262935,0.04871875048,0.07391810417
3880,1.0,0.0,0.0,-0.5235987902,1.0,1.0,0.3232942655,0.6342614137,0.04900509119,0.07392776012
3881,1.0,0.0,0.0,-0.5235987902,1.0,1.0,0.3195243267,0.6299801283,0.04795783758,0.07416731119
3882,1.0,0.0,0.0,-0.5235987902,1.0,1.0,0.3003789229,0.6189207198,0.04608023167,0.07540398836
3883,1.0,0.0,0.0,0.0,1.0,1.0,0.2666387775,0.6134968187,0.04110586643,0.07689875364
3884,1.0,0.0,0.0,0.0,1.0,1.0,0.2263227079,0.5757653435,0.03492259979,0.07403594255
3885,1.0,0.0,0.0,0.0,1.0,1.0,0.2049213579,0.5245002104,0.03167486191,0.07057386637
3886,1.0,0.0,0.0,0.0,1.0,1.0,0.1629124765,0.4935513114,0.02522301674,0.06801718473
3887,1.0,0.0,0.0,0.0,1.0,1.0,0.1488142507,0.4713964894,0.02318269014,0.06668585539
3888,1.0,0.0,0.0,0.0,1.0,1.0,0.1265586831,0.4415206354,0.01944512129,0.06291073561
3889,1.0,0.0,0.0,0.0,1.0,1.0,0.1196386095,0.4154545749,0.01853126287,0.0604404211
3890,1.0,0.0,0.0,0.0,1.0,1.0,0.1026949714,0.3916736449,0.01589673758,0.05762571096
3891,1.0,0.0,0.0,0.0,1.0,1.0,0.0808373823,0.3743155785,0.01237106323,0.05538851023
3892,1.0,0.0,0.0,0.0,1.0,1.0,0.06144869476,0.3548206216,0.009493589401,0.05333149433
3893,1.0,0.0,0.0,0.0,1.0,1.0,0.06806242857,0.3114203663,0.01057583094,0.0478695035
3894,1.0,0.0,0.0,0.0,1.0,1.0,0.102830513,0.2480884089,0.01566153765,0.03846698999
3895,1.0,0.0,0.0,0.0,1.0,1.0,0.1981499241,0.2532601238,0.03072112799,0.04015314579
3896,1.0,0.0,0.0,0.0,1.0,1.0,0.2630107464,0.2921956299,0.04153519869,0.04716259241
3897,1.0,0.0,0.0,0.0,1.0,1.0,0.2869849752,0.3100576604,0.0454543829,0.04968267679
3898,1.0,0.0,0.0,0.0,1.0,1.0,0.2942436946,0.3139693123,0.04711741209,0.05027610064
3899,1.0,0.0,0.0,0.0,1.0,1.0,0.2965556712,0.305750737,0.04757040739,0.0488845706
3900,1.0,0.0,0.0,0.0,1.0,1.0,0.2872149873,0.2968142241,0.04565143585,0.04670697451
3901,1.0,0.0,0.0,0.0,1.0,1.0,0.2183656036,0.239661954,0.03454577923,0.03746885061
3902,1.0,0.0,0.0,0.0,1.0,1.0,0.1222339925,0.1520891992,0.01818978786,0.02246975899
3903,1.0,0.0,0.0,0.0,1.0,1.0,0.1204362203,0.1354552649,0.01800167561,0.01988244057
3904,1.0,0.0,0.0,0.0,1.0,1.0,0.1279989535,0.1244854378,0.01953798532,0.01873499155
3905,1.0,0.0,0.0,0.0,1.0,1.0,0.1871808787,0.1841075641,0.02918273211,0.02811175585
3906,1.0,0.0,0.0,0.0,1.0,1.0,0.2234047915,0.2131915384,0.03553718328,0.03339958191
3907,1.0,0.0,0.0,0.0,1.0,1.0,0.2511075678,0.2473194033,0.04046887159,0.03912883997
3908,1.0,0.0,0.0,0.0,1.0,1.0,0.2801090017,0.272422892,0.04527401924,0.04366660118
3909,1.0,0.0,0.0,0.0,1.0,1.0,0.2912282144,0.2820206232,0.04709869623,0.04576063156
3910,1.0,0.0,0.0,0.0,1.0,1.0,0.2966830755,0.2768948322,0.04813170433,0.0454428792
3911,1.0,0.0,0.0,0.0,1.0,1.0,0.3053849465,0.2844068719,0.05008006096,0.04740196466
3912,1.0,0.0,0.0,0.0,1.0,1.0,0.3033129516,0.2724284665,0.04884105921,0.04510462284
3913,1.0,0.0,0.0,0.0,1.0,1.0,0.3160486268,0.2828003952,0.05082595348,0.04683440924
3914,1.0,0.0,0.0,0.0,1.0,1.0,0.3153495456,0.2786904888,0.04954510927,0.04561299086
3915,1.0,0.0,0.0,0.0,1.0,1.0,0.3148242236,0.2746069201,0.0491861105,0.04476195574
3916,1.0,0.0,0.0,0.0,1.0,1.0,0.3257942483,0.2869364284,0.05111074448,0.04738390446
3917,1.0,0.0,0.0,0.0,1.0,1.0,0.3280998563,0.2899023035,0.05190771818,0.04818099737
3918,1.0,0.0,0.0,0.0,1.0,1.0,0.3263133952,0.2797788689,0.05062162876,0.0458509922
3919,1.0,0.0,0.0,0.0,1.0,1.0,0.3233992731,0.275090785,0.04985207319,0.04481387138
3920,1.0,0.0,0.0,0.0,1.0,1.0,0.3302948386,0.280488571,0.05047482252,0.0455058217
3921,1.0,0.0,0.0,0.0,1.0,1.0,0.3297305069,0.2860137482,0.05071163177,0.04677027464
3922,1.0,0.0,0.0,0.0,1.0,1.0,0.3302952624,0.2811932533,0.05088585615,0.04613995552
3923,1.0,0.0,0.0,0.0,1.0,1.0,0.3325758063,0.2850973122,0.05136585236,0.04712951183
3924,1.0,0.0,0.0,0.0,1.0,1.0,0.3451678036,0.2988836863,0.05235826969,0.04923242331
3925,1.0,0.0,0.0,0.0,1.0,1.0,0.3492027451,0.3029556598,0.05307531357,0.0507221818
3926,1.0,0.0,0.0,0.0,1.0,1.0,0.3390024892,0.2966597469,0.05082964897,0.04924941063
3927,1.0,0.0,0.0,0.0,1.0,1.0,0.3372458738,0.295432554,0.05023676157,0.04919016361
3928,1.0,0.0,0.0,0.0,1.0,1.0,0.3322490614,0.280600434,0.04956656694,0.0476911068
3929,1.0,0.0,0.0,0.0,1.0,1.0,0.3346631534,0.2760362659,0.04877543449,0.04612457752
3930,1.0,0.0,0.0,0.0,1.0,1.0,0.3361927376,0.2727186504,0.04921704531,0.04627472162
3931,1.0,0.0,0.0,0.0,1.0,1.0,0.3303785053,0.2672558902,0.04741150141,0.04476284981
3932,1.0,0.0,0.0,0.0,1.0,1.0,0.3284813662,0.2625920423,0.04729408026,0.04433816671
3933,1.0,0.0,0.0,0.0,1.0,1.0,0.3253561672,0.2684585736,0.04666161537,0.04451626539
3934,1.0,0.0,0.0,0.0,1.0,1.0,0.3237361163,0.2644627503,0.04610878229,0.04369616508
3935,1.0,0.0,0.0,0.0,1.0,1.0,0.3325174243,0.2767183829,0.0469674468,0.04536628723
3936,1.0,0.0,0.0,0.0,1.0,1.0,0.3293831134,0.2716928376,0.04656350613,0.04470092058
3937,1.0,0.0,0.0,0.0,1.0,1.0,0.3287390132,0.2693302192,0.04628282785,0.04415488243
3938,1.0,0.0,0.0,0.0,1.0,1.0,0.2766487319,0.2182115377,0.03795963526,0.03501909971
3939,1.0,0.0,0.0,0.0,1.0,1.0,0.1669211739,0.1098677313,0.02228587866,0.01727157831
3940,1.0,0.0,0.0,0.0,1.0,1.0,0.1452549796,0.091523995,0.01869672537,0.01395279169
3941,1.0,0.0,0.0,0.0,1.0,1.0,0.1694332684,0.1313135908,0.02208632231,0.02012932301
3942,1.0,0.0,0.0,0.0,1.0,1.0,0.2396203159,0.1902052803,0.03196972609,0.03005701303
3943,1.0,0.0,0.0,0.0,1.0,1.0,0.2769534328,0.2144073237,0.03739714622,0.03441625834
3944,1.0,0.0,0.0,0.0,1.0,1.0,0.3177814877,0.2498600885,0.04344826937,0.04103440046
3945,1.0,0.0,0.0,0.0,1.0,1.0,0.3308765507,0.2603047005,0.04592388868,0.04376274347
3946,1.0,0.0,0.0,0.0,1.0,1.0,0.3337942873,0.2594090087,0.04617613554,0.04375988245
3947,1.0,0.0,0.0,0.0,1.0,1.0,0.3461102246,0.2728636002,0.048183918,0.04655975103
3948,1.0,0.0,0.0,0.0,1.0,1.0,0.3502398717,0.2727182781,0.05019211769,0.04797369242
3949,1.0,0.0,0.0,0.0,1.0,1.0,0.3470284111,0.2688372582,0.04772537947,0.04636180401
3950,1.0,-0.7853981853,0.0,0.0,1.0,1.0,0.3449135072,0.2683388985,0.04852259159,0.04738754034
3951,1.0,-0.7853981853,0.0,0.0,1.0,1.0,0.3576735264,0.2828000726,0.04847830534,0.04875528812
3952,1.0,-0.7853981853,0.0,0.0,1.0,1.0,0.3602157544,0.2839324193,0.04910010099,0.04966771603
3953,1.0,-0.7853981853,0.0,0.0,1.0,1.0,0.3843206631,0.3121236261,0.05285614729,0.05544149876
3954,1.0,-0.7853981853,0.0,0.0,1.0,1.0,0.3716411967,0.2972618011,0.04978370667,0.05203384161
3955,1.0,-0.7853981853,0.0,0.0,1.0,1.0,0.3820465128,0.2953621179,0.0513407588,0.05247533321
3956,1.0,-0.7853981853,0.0,0.0,1.0,1.0,0.3848117707,0.2998324465,0.05167204142,0.05339443684
3957,1.0,-0.7853981853,0.0,0.0,1.0,1.0,0.3842346127,0.294047956,0.05234843493,0.05381888151
3958,1.0,-0.7853981853,0.0,0.0,1.0,1.0,0.3783441898,0.2846307488,0.04970234632,0.05056428909
3959,1.0,-0.7853981853,0.0,0.0,1.0,1.0,0.3868086244,0.2933846053,0.04892379045,0.05146896839
3960,1.0,-0.7853981853,0.0,0.0,1.0,1.0,0.3863583002,0.2921956616,0.04815852642,0.05075389147
3961,1.0,-0.7853981853,0.0,0.0,1.0,1.0,0.3978592797,0.3005194531,0.04901218414,0.05166947842
3962,1.0,-0.7853981853,0.0,0.0,1.0,1.0,0.4124278507,0.3057328171,0.04817759991,0.05054217577
3963,1.0,-0.7853981853,0.0,0.0,1.0,1.0,0.4180488813,0.3019344459,0.04592615366,0.04805517197
3964,1.0,-0.7853981853,0.0,0.0,1.0,1.0,0.4375236834,0.3253541826,0.0465914607,0.05085474253
3965,1.0,-0.7853981853,0.0,0.0,1.0,1.0,0.4532354448,0.3422746632,0.0483584404,0.05424821377
3966,1.0,-0.7853981853,0.0,0.0,1.0,1.0,0.4601533054,0.354703777,0.04902386665,0.05651795864
3967,1.0,-0.7853981853,0.0,0.0,1.0,1.0,0.4911048677,0.3755126044,0.05243319273,0.05979222059
3968,1.0,-0.7853981853,0.0,0.0,1.0,1.0,0.4849360415,0.3747904066,0.0512290597,0.0609126091
3969,1.0,-0.7853981853,0.0,0.0,1.0,1.0,0.4822886836,0.3716613195,0.05113917589,0.05945700407
3970,1.0,-0.7853981853,0.0,0.0,1.0,1.0,0.5101629735,0.3954483632,0.05301755667,0.06231886148
3971,1.0,-0.7853981853,0.0,0.0,1.0,1.0,0.5407311604,0.4156095536,0.05533498526,0.06528288126
3972,1.0,-0.7853981853,0.0,0.0,1.0,1.0,0.5552457002,0.4314859217,0.05630594492,0.06725430489
3973,1.0,-0.7853981853,0.0,0.0,1.0,1.0,0.5767271026,0.4409303761,0.05553710461,0.06626588106
3974,1.0,-0.7853981853,0.0,0.0,1.0,1.0,0.5857656033,0.4517734273,0.05691194534,0.06816571951
3975,1.0,-0.7853981853,0.0,0.0,1.0,1.0,0.6077689232,0.4820316509,0.05815404654,0.07043099403
3976,1.0,-0.7853981853,0.0,0.0,1.0,1.0,0.5989804617,0.4765549877,0.05710357428,0.07048213482
3977,1.0,-0.7853981853,0.0,0.0,1.0,1.0,0.6124520858,0.464708597,0.05796021223,0.06974339485
3978,1.0,-0.7853981853,0.0,0.0,1.0,1.0,0.5990030414,0.4560354321,0.05709910393,0.06750947237
3979,1.0,-0.7853981853,0.0,0.0,1.0,1.0,0.6076341682,0.4622686757,0.0581137538,0.06859326363
3980,1.0,-0.7853981853,0.0,0.0,1.0,1.0,0.594439109,0.4658416897,0.05701810122,0.06892299652
3981,1.0,-0.7853981853,0.0,0.0,1.0,1.0,0.587531649,0.466406568,0.0579046011,0.07049256563
3982,1.0,-0.7853981853,0.0,0.0,1.0,1.0,0.5851163243,0.466681496,0.05732440948,0.07002872229
3983,1.0,-0.7853981853,0.0,0.0,1.0,1.0,0.570659213,0.440990769,0.05715823174,0.06757932901
3984,1.0,-0.7853981853,0.0,0.0,1.0,1.0,0.5751503709,0.4451124346,0.05818349123,0.06867563725
3985,1.0,-0.7853981853,0.0,0.0,1.0,1.0,0.5733476727,0.4199674068,0.05724567175,0.06506609917
3986,1.0,-0.7853981853,0.0,0.0,1.0,1.0,0.546278438,0.3993751531,0.05526417494,0.06248623133
3987,1.0,-0.7853981853,0.0,0.0,1.0,1.0,0.5471630551,0.393657435,0.05373680592,0.05994910002
3988,1.0,-0.7853981853,0.0,0.0,1.0,1.0,0.5309538325,0.3578000267,0.05380374193,0.0566521287
3989,1.0,-0.7853981853,0.0,0.0,1.0,1.0,0.5611433549,0.368520004,0.05747544765,0.05933952332
3990,1.0,-0.7853981853,0.0,0.0,1.0,1.0,0.5468070986,0.3293615741,0.05738550425,0.05547267199
3991,1.0,-0.7853981853,0.0,0.0,1.0,1.0,0.5269520284,0.2685069013,0.05587750673,0.04495173693
3992,1.0,-0.7853981853,0.0,0.0,1.0,1.0,0.5361439723,0.2777243163,0.05718147755,0.0472368598
3993,1.0,-0.7853981853,0.0,0.0,1.0,1.0,0.5425543102,0.2516580305,0.05827397108,0.04293870926
3994,1.0,-0.7853981853,0.0,0.0,1.0,1.0,0.560380707,0.2082930141,0.0613091588,0.03602701426
3995,1.0,-0.7853981853,0.0,0.0,1.0,1.0,0.5602315576,0.1796149768,0.06264960766,0.03071653843
3996,1.0,-0.7853981853,0.0,0.0,1.0,1.0,0.5726828529,0.1779581644,0.06507748365,0.03097438812
3997,1.0,-0.7853981853,0.0,0.0,1.0,1.0,0.5437376209,0.1712330852,0.0639462471,0.02984160185
3998,1.0,-0.7853981853,0.0,0.0,1.0,1.0,0.5369749157,0.1754338724,0.06435489655,0.0304839015
3999,1.0,-0.7853981853,0.0,0.0,1.0,1.0,0.5266669207,0.1688950458,0.06589388847,0.02972882986
4000,1.0,-0.7853981853,0.0,0.0,1.0,1.0,0.5176107914,0.1787196533,0.06505215168,0.03087729216
4001,1.0,-0.7853981853,0.0,0.0,1.0,1.0,0.5145407329,0.1677508981,0.06623852253,0.02899843454
4002,1.0,0.0,0.0,0.0,1.0,1.0,0.5044133397,0.1707230318,0.06592857838,0.02943783998
4003,1.0,0.0,0.0,0.0,1.0,1.0,0.495115302,0.1648015385,0.06581896544,0.0284705162
4004,1.0,0.0,0.0,0.0,1.0,1.0,0.5088901097,0.1683458083,0.06781375408,0.02901941538
4005,1.0,0.0,0.0,0.0,1.0,1.0,0.5167957923,0.1630294728,0.06950068474,0.028167665
4006,1.0,0.0,0.0,0.0,1.0,1.0,0.5099191989,0.16716652,0.06894600391,0.0288041234
4007,1.0,0.0,0.0,0.0,1.0,1.0,0.4385199377,0.2076541759,0.0623742342,0.0372428298
4008,1.0,0.0,0.0,0.0,1.0,1.0,0.4159292689,0.302118892,0.06210035086,0.05576974154
4009,1.0,0.0,0.0,0.0,1.0,1.0,0.4213240763,0.3589768426,0.06499952078,0.06737393141
4010,1.0,0.0,0.0,0.0,1.0,1.0,0.435846926,0.377875381,0.06852716208,0.0723670125
4011,1.0,0.0,0.0,0.0,1.0,1.0,0.4324421218,0.3902143815,0.06542646885,0.07104247808
4012,1.0,0.0,0.0,0.0,1.0,1.0,0.4355830892,0.3847544617,0.06588047743,0.07006782293
4013,1.0,0.0,0.0,0.0,1.0,1.0,0.43588782,0.3893529706,0.0666462779,0.07082909346
4014,1.0,0.0,0.0,0.0,1.0,1.0,0.4358879389,0.3967014817,0.06598967314,0.07123571634
4015,1.0,0.0,0.0,0.0,1.0,1.0,0.4427673112,0.4007051286,0.06790161133,0.07297313213
4016,1.0,0.0,0.0,0.0,1.0,1.0,0.4376578347,0.396653401,0.06635868549,0.07081979513
4017,1.0,0.0,0.0,0.0,1.0,1.0,0.4359168645,0.3947638964,0.0656068325,0.07065349817
4018,1.0,0.0,0.0,0.0,1.0,1.0,0.4362206277,0.3994635346,0.06620621681,0.07123452425
4019,1.0,0.0,0.0,0.0,1.0,1.0,0.4398657528,0.400407525,0.06716841459,0.07198643684
4020,1.0,0.0,0.0,0.0,1.0,1.0,0.44275545,0.4013633295,0.06838822365,0.07239425182
4021,1.0,0.0,0.0,0.0,1.0,1.0,0.4411203117,0.4055243896,0.06747043133,0.07170498371
4022,1.0,0.0,0.0,0.0,1.0,1.0,0.4405255101,0.408000255,0.06812244654,0.07323163748
4023,1.0,0.0,0.0,0.0,1.0,1.0,0.4360535908,0.4079999812,0.0667797327,0.07239145041
4024,1.0,0.0,0.0,0.0,1.0,1.0,0.4366847693,0.4010301145,0.06746023893,0.07225871086
4025,1.0,0.0,0.0,0.0,1.0,1.0,0.4417422836,0.4051365666,0.06926369667,0.07416987419
4026,1.0,0.0,0.0,0.0,1.0,1.0,0.4452144153,0.4117198194,0.07087099552,0.07641232014
4027,1.0,0.0,0.0,0.0,1.0,1.0,0.4452310879,0.4140546398,0.06853187084,0.07484030724
4028,1.0,0.0,0.0,0.0,1.0,1.0,0.4474836121,0.4127439295,0.06979453564,0.07527422905
4029,1.0,0.0,0.0,0.0,1.0,1.0,0.4527861196,0.4195770282,0.07007998228,0.07606238127
4030,1.0,0.0,0.0,0.0,1.0,1.0,0.4553721623,0.42766064,0.07140243053,0.07828462124
4031,1.0,0.0,0.0,0.0,1.0,1.0,0.4643870783,0.4263247234,0.07343184948,0.07923680544
4032,1.0,0.0,0.0,0.0,1.0,1.0,0.4529579349,0.4185161733,0.07047325373,0.07646489143
4033,1.0,0.0,0.0,0.0,1.0,1.0,0.4645166341,0.4296667255,0.07533806562,0.08186340332
4034,1.0,0.0,0.0,0.0,1.0,1.0,0.4647266193,0.4213946298,0.07047563791,0.07613629103
4035,1.0,0.0,0.0,0.0,1.0,1.0,0.4628794015,0.4145947195,0.07281392813,0.0781635046
4036,1.0,0.0,0.0,0.0,1.0,1.0,0.4636194215,0.4124682118,0.06997674704,0.07456541061
4037,1.0,0.0,0.0,0.0,1.0,1.0,0.4688739004,0.4095812526,0.07443678379,0.0780531168
4038,1.0,0.0,0.0,0.0,1.0,1.0,0.4764668313,0.4233307882,0.07614886761,0.08069968224
4039,1.0,0.0,0.0,0.0,1.0,1.0,0.4871556578,0.4262794634,0.07347863913,0.07785230875
4040,1.0,0.0,0.0,0.0,1.0,1.0,0.4832890858,0.4242004092,0.07370430231,0.07783174515
4041,1.0,0.0,0.0,0.0,1.0,1.0,0.4928753344,0.4223449366,0.07218068838,0.07504504919
4042,1.0,0.0,0.0,0.0,1.0,1.0,0.503147004,0.4370548944,0.07705569267,0.08155310154
4043,1.0,0.0,0.0,0.0,1.0,1.0,0.5090206559,0.4374555467,0.07802647352,0.08222788572
4044,1.0,0.0,0.0,0.0,1.0,1.0,0.5110667727,0.437054945,0.07769203186,0.08159166574
4045,1.0,0.0,0.0,0.0,1.0,1.0,0.5080575695,0.429472748,0.07510215044,0.07800191641
4046,1.0,0.0,0.0,0.0,1.0,1.0,0.5210169893,0.4418755661,0.07870686054,0.08229809999
4047,1.0,0.0,0.0,0.0,1.0,1.0,0.5215341897,0.4454382767,0.07524096966,0.07981836796
4048,1.0,0.0,0.0,0.0,1.0,1.0,0.5217087033,0.4372556522,0.07762694359,0.08119595051
4049,1.0,0.0,0.0,0.0,1.0,1.0,0.523373791,0.4384645512,0.07666951418,0.08020800352
4050,1.0,0.0,0.0,0.0,1.0,1.0,0.5292932883,0.4402684755,0.07819736004,0.08115935326
4051,1.0,0.0,0.0,0.0,1.0,1.0,0.5303572433,0.4386618116,0.07866585255,0.08134764433
4052,1.0,0.0,0.0,0.0,1.0,1.0,0.5370740481,0.4529728066,0.07938170433,0.08385807276
4053,1.0,0.0,0.0,0.5235987902,1.0,1.0,0.5407314718,0.4529728993,0.08057463169,0.08479952812
4054,1.0,0.0,0.0,0.5235987902,1.0,1.0,0.5373782145,0.457536931,0.07902818918,0.08441650867
4055,1.0,0.0,0.0,0.5235987902,1.0,1.0,0.5432863187,0.4684882327,0.07982873917,0.08585351706
4056,1.0,0.0,0.0,0.5235987902,1.0,1.0,0.5356351743,0.4523616935,0.07905483246,0.08390110731
4057,1.0,0.0,0.0,0.5235987902,1.0,1.0,0.5462657253,0.4637935388,0.08007919788,0.08517795801
4058,1.0,0.0,0.0,0.5235987902,1.0,1.0,0.5363365457,0.4551914521,0.07845675945,0.08328485489
4059,1.0,0.0,0.0,0.5235987902,1.0,1.0,0.5408501637,0.4539947495,0.07925027609,0.08377027512
4060,1.0,0.0,0.0,0.5235987902,1.0,1.0,0.5442201162,0.4639103164,0.08030486107,0.08604091406
4061,1.0,0.0,0.0,0.5235987902,1.0,1.0,0.5438442928,0.4636755762,0.07977920771,0.08519816399
4062,1.0,0.0,0.0,0.5235987902,1.0,1.0,0.5473868435,0.4735919659,0.07973390818,0.08660238981
4063,1.0,0.0,0.0,0.5235987902,1.0,1.0,0.5477514387,0.4624041958,0.08129948378,0.08645653725
4064,1.0,0.0,0.0,0.5235987902,1.0,1.0,0.5457074203,0.4719587325,0.07888382673,0.08538365364
4065,1.0,0.0,0.0,0.5235987902,1.0,1.0,0.5453367567,0.470325377,0.08021563292,0.0868499279
4066,1.0,0.0,0.0,0.5235987902,1.0,1.0,0.5488323928,0.4738455913,0.08101177216,0.08758836985
4067,1.0,0.0,0.0,0.5235987902,1.0,1.0,0.546633323,0.4753046399,0.08033180237,0.08752572536
4068,1.0,0.0,0.0,0.5235987902,1.0,1.0,0.549436945,0.4833367504,0.08093315363,0.08908683062
4069,1.0,0.0,0.0,0.5235987902,1.0,1.0,0.5521891221,0.480187891,0.08128100634,0.08847934008
4070,1.0,0.0,0.0,0.5235987902,1.0,1.0,0.5531890936,0.4816982376,0.07979643345,0.08721244335
4071,1.0,0.0,0.0,0.5235987902,1.0,1.0,0.5529698915,0.4833366619,0.08040446043,0.08784931898
4072,1.0,0.0,0.0,0.5235987902,1.0,1.0,0.548712997,0.4816386333,0.07970887423,0.08779960871
4073,1.0,0.0,0.0,0.5235987902,1.0,1.0,0.5457141309,0.4765551551,0.07940286398,0.08662128448
4074,1.0,0.0,0.0,0.5235987902,1.0,1.0,0.5521319098,0.4782099158,0.08043324947,0.08738803864
4075,1.0,0.0,0.0,0.5235987902,1.0,1.0,0.5491208357,0.4814585042,0.0788294673,0.08659297228
4076,1.0,0.0,0.0,0.5235987902,1.0,1.0,0.5534099445,0.4881763944,0.08086949587,0.08931857347
4077,1.0,0.0,0.0,0.5235987902,1.0,1.0,0.5619271298,0.4864834124,0.08036708832,0.08718788624
4078,1.0,0.0,0.0,0.5235987902,1.0,1.0,0.5514163168,0.4667362813,0.0795789957,0.08530628681
4079,1.0,0.0,0.0,0.5235987902,1.0,1.0,0.5484225029,0.449581509,0.07724738121,0.08022987843
4080,1.0,0.0,0.0,0.5235987902,1.0,1.0,0.5418141566,0.425437863,0.07597059011,0.0762732029
4081,1.0,0.0,0.0,0.5235987902,1.0,1.0,0.5437490573,0.4107292079,0.07429182529,0.07218635082
4082,1.0,0.0,0.0,0.5235987902,1.0,1.0,0.5548739703,0.3959724941,0.07643163204,0.07029253244
4083,1.0,0.0,0.0,0.5235987902,1.0,1.0,0.5653409478,0.3987318482,0.07604581118,0.06910508871
4084,1.0,0.0,0.0,0.5235987902,1.0,1.0,0.5752994358,0.3952496686,0.07794320583,0.0693847537
4085,1.0,0.0,0.0,0.5235987902,1.0,1.0,0.5762548391,0.3852015344,0.07686829567,0.06665921211
4086,1.0,0.0,0.0,0.5235987902,1.0,1.0,0.5736706362,0.3873269519,0.07726961374,0.06761091948
4087,1.0,0.0,0.0,0.5235987902,1.0,1.0,0.5855315154,0.3852012843,0.07798486948,0.06633192301
4088,1.0,0.0,0.0,0.5235987902,1.0,1.0,0.5910922165,0.3886721488,0.07829684019,0.06694084406
4089,1.0,0.0,0.0,0.5235987902,1.0,1.0,0.5978603612,0.3896424275,0.07924103737,0.06668204069
4090,1.0,0.0,0.0,0.5235987902,1.0,1.0,0.5969519305,0.3913899092,0.08002823591,0.06790274382
4091,1.0,0.0,0.0,0.5235987902,1.0,1.0,0.5969823963,0.3842682612,0.08058798313,0.06730753183
4092,1.0,0.0,0.0,0.5235987902,1.0,1.0,0.5958430165,0.3917671657,0.08009320498,0.06800359488
4093,1.0,0.0,0.0,0.5235987902,1.0,1.0,0.6125978675,0.3878952881,0.0812946558,0.06684225798
4094,1.0,0.0,0.0,0.5235987902,1.0,1.0,0.61222944,0.3878952381,0.08240807056,0.06826341152
4095,1.0,0.0,0.0,0.5235987902,1.0,1.0,0.614514301,0.3853483012,0.08141666651,0.06628346443
4096,1.0,0.0,0.0,0.5235987902,1.0,1.0,0.6134738854,0.3867097524,0.08175235987,0.06606554985
4097,1.0,0.0,0.0,0.5235987902,1.0,1.0,0.6266522496,0.3920070671,0.08301699162,0.06726193428
4098,1.0,0.0,0.0,0.5235987902,1.0,1.0,0.6315918127,0.3930190307,0.08193206787,0.06632596254
4099,1.0,0.0,0.0,0.5235987902,1.0,1.0,0.6285507046,0.3912403407,0.08217680454,0.0664665103
4100,1.0,0.0,0.0,0.5235987902,1.0,1.0,0.6376949604,0.4030009192,0.08410048485,0.06880950928
4101,1.0,0.0,0.0,0.5235987902,1.0,1.0,0.6430786645,0.3916253086,0.08398264647,0.0670042038
4102,1.0,0.0,0.0,0.5235987902,1.0,1.0,0.6269644279,0.3983540476,0.0812754631,0.06717973948
4103,1.0,0.0,0.0,0.5235987902,1.0,1.0,0.6272843146,0.3962071237,0.08119624853,0.06725955009
4104,1.0,0.0,0.0,0.5235987902,1.0,1.0,0.640396219,0.3968902521,0.08305799961,0.06717926264
4105,1.0,0.0,0.0,0.5235987902,1.0,1.0,0.638794125,0.408862609,0.08126181364,0.06746828556
4106,1.0,0.0,0.0,0.5235987902,1.0,1.0,0.6348285047,0.4019496238,0.08032953739,0.06629431248
4107,1.0,0.0,0.0,0.5235987902,1.0,1.0,0.6449542708,0.3965176703,0.08239418268,0.06633943319
4108,1.0,0.0,0.0,0.5235987902,1.0,1.0,0.6457928039,0.4088627467,0.08245873451,0.06796056032
4109,1.0,0.0,0.0,0.5235987902,1.0,1.0,0.6457204055,0.407045239,0.08375269175,0.0689727664
4110,1.0,0.0,0.0,0.5235987902,1.0,1.0,0.6424983297,0.4161314667,0.082267344,0.06977492571
4111,1.0,0.0,0.0,0.5235987902,1.0,1.0,0.6457929387,0.4091920144,0.08274388313,0.06849867105
4112,1.0,0.0,0.0,0.5235987902,1.0,1.0,0.6457932457,0.4128131972,0.08315759897,0.06945031881
4113,1.0,0.0,0.0,0.5235987902,1.0,1.0,0.6527941239,0.4158259744,0.08375054598,0.0696901679
4114,1.0,0.0,0.0,0.5235987902,1.0,1.0,0.6567420451,0.4124968526,0.0839881897,0.06932842731
4115,1.0,0.0,0.0,0.5235987902,1.0,1.0,0.6591556948,0.4179482124,0.08338230848,0.06923437119
4116,1.0,0.0,0.0,0.5235987902,1.0,1.0,0.6528420412,0.4249452904,0.08440822363,0.07151681185
4117,1.0,0.0,0.0,0.5235987902,1.0,1.0,0.6694708656,0.4149308234,0.08656781912,0.07085627317
4118,1.0,0.0,0.0,0.5235987902,1.0,1.0,0.6647119031,0.4128128208,0.08600217104,0.07003033161
4119,1.0,0.0,0.0,0.5235987902,1.0,1.0,0.6718337722,0.4170335815,0.08586859703,0.07039409876
4120,1.0,0.0,0.0,0.5235987902,1.0,1.0,0.6726326289,0.4167344471,0.08541506529,0.06972038746
4121,1.0,0.0,0.0,0.5235987902,1.0,1.0,0.6782784742,0.4194737317,0.08696645498,0.07067942619
4122,1.0,0.0,0.0,0.5235987902,1.0,1.0,0.6830716357,0.4167414741,0.08524733782,0.0675996542
4123,1.0,0.0,0.0,0.5235987902,1.0,1.0,0.6774261564,0.4173491651,0.08761185408,0.07033622265
4124,1.0,0.0,0.0,0.5235987902,1.0,1.0,0.6758126826,0.421297325,0.08628636599,0.07018363476
4125,1.0,0.0,0.0,0.5235987902,1.0,1.0,0.6734334366,0.4158265568,0.08616471291,0.06941896677
4126,1.0,0.0,0.0,0.5235987902,1.0,1.0,0.6838919125,0.4212975538,0.08656924963,0.07016664743
4127,1.0,0.0,0.0,0.5235987902,1.0,1.0,0.700813519,0.4280698439,0.08837199211,0.07075834274
4128,1.0,0.0,0.0,0.5235987902,1.0,1.0,0.701531663,0.4225580478,0.08996814489,0.07086527348
4129,1.0,0.0,0.0,0.5235987902,1.0,1.0,0.7032216706,0.4173490555,0.08918380737,0.06963664293
4130,1.0,0.0,0.0,0.5235987902,1.0,1.0,0.7090469226,0.4283323029,0.0901235342,0.07197582722
4131,1.0,0.0,0.0,0.5235987902,1.0,1.0,0.7107683107,0.428332126,0.08954167366,0.0715110898
4132,1.0,0.0,0.0,0.5235987902,1.0,1.0,0.7149290101,0.4152089389,0.09054547548,0.06960296631
4133,1.0,0.0,0.0,0.5235987902,1.0,1.0,0.7378592944,0.4056773878,0.08998113871,0.06620687246
4134,1.0,0.0,0.0,0.5235987902,1.0,1.0,0.7266446463,0.4008749639,0.08890604973,0.06555694342
4135,1.0,0.0,0.0,0.5235987902,1.0,1.0,0.7270940038,0.3949103242,0.08890467882,0.06446349621
4136,1.0,0.0,0.0,0.5235987902,1.0,1.0,0.7076338203,0.3761737119,0.08865171671,0.06214761734
4137,1.0,0.0,0.0,0.5235987902,1.0,1.0,0.68154731,0.3430920304,0.08499193192,0.05525976419
4138,1.0,0.0,0.0,0.5235987902,1.0,1.0,0.6042078224,0.3206094448,0.07905137539,0.05319625139
4139,1.0,0.0,0.0,0.5235987902,1.0,1.0,0.5024282205,0.3624734995,0.07035470009,0.06247007847
4140,1.0,0.0,0.0,0.0,1.0,1.0,0.4692686518,0.3899845105,0.06801342964,0.06685566902
4141,1.0,0.0,0.0,0.0,1.0,1.0,0.4516065008,0.3866693695,0.06679421663,0.06651240587
4142,1.0,0.0,0.0,0.0,1.0,1.0,0.4328791507,0.4007347969,0.06447523832,0.06799703836
4143,1.0,0.0,0.0,0.0,1.0,1.0,0.414691045,0.3926382525,0.06397527456,0.06790363789
4144,1.0,0.0,0.0,0.0,1.0,1.0,0.3893023113,0.3507656664,0.06090342999,0.05981099606
4145,1.0,0.0,0.0,0.0,1.0,1.0,0.3888146835,0.3438592278,0.06173348427,0.05819803476
4146,1.0,0.0,0.0,0.0,1.0,1.0,0.3677272144,0.3363818818,0.05945044756,0.05672335625
4147,1.0,0.0,0.0,0.0,1.0,1.0,0.3432757705,0.2998325879,0.05606073141,0.05069607496
4148,1.0,0.0,0.0,0.0,1.0,1.0,0.3298969591,0.2979104444,0.05468022823,0.0501011014
4149,1.0,0.0,0.0,0.0,1.0,1.0,0.3106910101,0.2793969399,0.05208361149,0.04650324583
4150,1.0,0.0,0.0,0.0,1.0,1.0,0.2991960308,0.2802921157,0.0501036644,0.04663902521
4151,1.0,0.0,0.0,0.0,1.0,1.0,0.2924814026,0.2889757714,0.04982590675,0.04822719097
4152,1.0,0.0,0.0,0.0,1.0,1.0,0.2896022913,0.2969119503,0.04957133532,0.04930186272
4153,1.0,0.0,0.0,0.0,1.0,1.0,0.2853343782,0.2991856464,0.0495249033,0.0495249033
4154,1.0,0.0,0.0,0.0,1.0,1.0,0.2762429225,0.2943336187,0.04722362757,0.04828482866
4155,1.0,0.0,0.0,0.0,1.0,1.0,0.2668335534,0.2820205707,0.04506480694,0.04559808969
4156,1.0,0.0,0.0,0.0,1.0,1.0,0.143779162,0.1484679845,0.02269935608,0.02269941568
4157,1.0,0.0,0.0,0.0,1.0,1.0,0.1076041787,0.1754743566,0.01641386747,0.02559447289
4158,1.0,0.0,0.0,0.0,1.0,1.0,0.1537603358,0.1802566035,0.02378213406,0.02729541063
4159,1.0,0.0,0.0,0.0,1.0,1.0,0.2146454311,0.2524362297,0.03401744366,0.03906685114
4160,1.0,0.0,0.0,0.0,1.0,1.0,0.2399975626,0.2804557878,0.03897047043,0.04404199123
4161,1.0,0.0,0.0,0.0,1.0,1.0,0.2469977623,0.2906536645,0.04021716118,0.04554390907
4162,1.0,0.0,0.0,0.0,1.0,1.0,0.2678244636,0.3039539364,0.04348242283,0.04692918062
4163,1.0,0.0,0.0,0.0,1.0,1.0,0.2594702408,0.3080471155,0.04214257002,0.04682511091
4164,1.0,0.0,0.0,0.0,1.0,1.0,0.2619114396,0.3099315838,0.04292929173,0.04687988758
4165,1.0,0.0,0.0,0.0,1.0,1.0,0.2689583669,0.3168961855,0.04434144497,0.04775226116
4166,1.0,0.0,0.0,0.0,1.0,1.0,0.2764752986,0.3249933751,0.04547530413,0.04861152172
4167,1.0,0.0,0.0,0.0,1.0,1.0,0.2710085481,0.3221198974,0.04472023249,0.04782223701
4168,1.0,0.0,0.0,0.0,1.0,1.0,0.270847087,0.3202437814,0.0446524024,0.04752480984
4169,1.0,0.0,0.0,0.0,1.0,1.0,0.2803505846,0.3272191579,0.04694408178,0.04880058765
4170,1.0,0.0,0.0,0.0,1.0,1.0,0.271413909,0.3295259397,0.04493331909,0.04810506105
4171,1.0,0.0,0.0,0.0,1.0,1.0,0.2701195165,0.3265323469,0.04473298788,0.04762744904
4172,1.0,0.0,0.0,0.0,1.0,1.0,0.2717083124,0.331336967,0.04492217302,0.04807466269
4173,1.0,0.0,0.0,0.0,1.0,1.0,0.2784275969,0.3368081364,0.0455058217,0.04839920998
4174,1.0,0.0,0.0,0.0,1.0,1.0,0.2855548681,0.3288125378,0.04667204618,0.04747670889
4175,1.0,0.0,0.0,0.0,1.0,1.0,0.2931912253,0.3325343768,0.04765641689,0.04765635729
4176,1.0,0.0,0.0,0.0,1.0,1.0,0.2983649621,0.3337621886,0.04868280888,0.04815083742
4177,1.0,0.0,0.0,0.0,1.0,1.0,0.2920446161,0.3258254345,0.04755288363,0.04702454805
4178,1.0,0.0,0.0,0.0,1.0,1.0,0.3085305822,0.3368489993,0.05022394657,0.04862105846
4179,1.0,0.0,0.0,0.0,1.0,1.0,0.3102840674,0.3374499145,0.05067980289,0.0488126874
4180,1.0,0.0,0.0,0.0,1.0,1.0,0.3136460159,0.3379928609,0.05122482777,0.04936689138
4181,1.0,0.0,0.0,0.0,1.0,1.0,0.3100042651,0.3325480521,0.05069839954,0.04885005951
4182,1.0,0.0,0.0,0.0,1.0,1.0,0.2938586224,0.3277153604,0.04807209969,0.0478079319
4183,1.0,0.0,0.0,0.0,1.0,1.0,0.3022702957,0.3259051911,0.04965180159,0.04805016518
4184,1.0,0.0,0.0,0.0,1.0,1.0,0.2864746666,0.3194644741,0.04750436544,0.04777121544
4185,1.0,0.0,0.0,0.0,1.0,1.0,0.2932972306,0.3272822262,0.04860979319,0.04913818836
4186,1.0,0.0,0.0,0.0,1.0,1.0,0.2890148493,0.316724236,0.04711610079,0.04737925529
4187,1.0,0.0,0.0,0.0,1.0,1.0,0.2846306301,0.3202441838,0.04654753208,0.04813444614
4188,1.0,0.0,0.0,0.0,1.0,1.0,0.2850867847,0.3160781826,0.04619204998,0.04751944542
4189,1.0,0.0,0.0,0.0,1.0,1.0,0.28063148,0.3094353612,0.04576307535,0.04656589031
4190,1.0,0.0,0.0,0.0,1.0,1.0,0.2902667519,0.3178436666,0.04675972462,0.04782247543
4191,1.0,0.0,0.0,0.0,1.0,1.0,0.2857934182,0.3076571886,0.04549825191,0.04603040218
4192,1.0,0.0,0.0,0.0,1.0,1.0,0.2812998502,0.3090147159,0.04535639286,0.04669040442
4193,1.0,0.0,0.0,0.0,1.0,1.0,0.2927988809,0.3208736162,0.04742145538,0.04848116636
4194,1.0,0.0,0.0,0.0,1.0,1.0,0.2897405285,0.3175308123,0.04680669308,0.04812145233
4195,1.0,0.0,0.0,0.0,1.0,1.0,0.2879185494,0.3114459268,0.04582375288,0.04661387205
4196,1.0,0.0,0.0,0.0,1.0,1.0,0.2867387132,0.313205386,0.046033144,0.04736357927
4197,1.0,0.0,0.0,0.0,1.0,1.0,0.2955159267,0.3225149685,0.04727059603,0.04833287001
4198,1.0,0.0,0.0,0.0,1.0,1.0,0.299006429,0.3284385016,0.04800790548,0.04933410883
4199,1.0,0.0,0.0,0.0,1.0,1.0,0.2211459466,0.2755812893,0.03438323736,0.03998047113
4200,1.0,0.0,0.0,0.0,1.0,1.0,0.07509201114,0.2085450095,0.01130801439,0.02853935957
4201,1.0,0.0,0.0,0.0,1.0,1.0,0.1402411754,0.2191085324,0.02126049995,0.03067976236
4202,1.0,0.0,0.0,0.0,1.0,1.0,0.2253474311,0.2792558172,0.03523683548,0.04088550806
4203,1.0,0.0,0.0,0.0,1.0,1.0,0.2865177474,0.3277739242,0.04547411203,0.04895156622
4204,1.0,0.0,0.0,0.0,1.0,1.0,0.3125345765,0.3407988418,0.05062675476,0.05225110054
4205,1.0,0.0,0.0,0.0,1.0,1.0,0.3303942487,0.3512025325,0.05326926708,0.05353558064
4206,1.0,0.0,0.0,0.0,1.0,1.0,0.3369830142,0.3609097127,0.05468297005,0.05548322201
4207,1.0,0.0,0.0,0.0,1.0,1.0,0.347417136,0.3589058981,0.05617743731,0.05564492941
4208,1.0,0.0,0.0,0.0,1.0,1.0,0.3479905093,0.3593885063,0.05604892969,0.05578333139
4209,1.0,0.0,0.0,0.0,1.0,1.0,0.3616398715,0.3701005611,0.05890452862,0.05810135603
4210,1.0,0.0,0.0,0.0,1.0,1.0,0.3599962259,0.3688417122,0.05833214521,0.0577994585
4211,1.0,0.0,0.0,0.0,1.0,1.0,0.3594052051,0.367591164,0.05903190374,0.05849277973
4212,1.0,0.0,0.0,0.0,1.0,1.0,0.3665714263,0.3743670946,0.05929553509,0.05876374245
4213,1.0,0.0,0.0,0.0,1.0,1.0,0.3595350943,0.3683951406,0.05811232328,0.05757921934
4214,1.0,0.0,0.0,0.0,1.0,1.0,0.3563516166,0.363278707,0.05754339695,0.05700814724
4215,1.0,0.0,0.0,0.0,1.0,1.0,0.3518697765,0.3620425497,0.05726838112,0.05726832151
4216,1.0,0.0,0.0,0.0,1.0,1.0,0.3502174911,0.3608152594,0.05729228258,0.05756253004
4217,1.0,0.0,0.0,0.0,1.0,1.0,0.3543172756,0.3591214752,0.05742746592,0.05742746592
4218,1.0,0.0,0.0,0.0,1.0,1.0,0.346406991,0.3555061321,0.05662882328,0.05744165182
4219,1.0,0.0,0.0,0.0,1.0,1.0,0.352645909,0.3579081813,0.05740219355,0.05767422915
4220,1.0,0.0,0.0,0.0,1.0,1.0,0.3531362293,0.3608155453,0.05734574795,0.05761623383
4221,1.0,0.0,0.0,0.0,1.0,1.0,0.3553944314,0.3608152514,0.05788815022,0.05788809061
4222,1.0,0.0,0.0,0.0,1.0,1.0,0.3481390479,0.3562199242,0.05682003498,0.05736374855
4223,1.0,0.0,0.0,0.0,1.0,1.0,0.350302567,0.3600684146,0.05724591017,0.0580598712
4224,1.0,0.0,0.0,0.0,1.0,1.0,0.3530367406,0.3588599549,0.05757421255,0.05784451962
4225,1.0,0.0,0.0,0.0,1.0,1.0,0.3536230475,0.3617508534,0.05768245459,0.05822408199
4226,1.0,0.0,0.0,0.0,1.0,1.0,0.3635844974,0.3642034201,0.05880022049,0.0577262044
4227,1.0,0.0,0.0,0.0,1.0,1.0,0.3640353426,0.3562199581,0.05955576897,0.05711936951
4228,1.0,0.0,0.0,0.0,1.0,1.0,0.3562369486,0.3482903188,0.05812352896,0.05570167303
4229,1.0,0.0,0.0,0.0,1.0,1.0,0.3620929958,0.3543172118,0.0591840148,0.05677378178
4230,1.0,0.0,0.0,0.0,1.0,1.0,0.3649014909,0.3522624125,0.05959618092,0.05669546127
4231,1.0,0.0,0.0,0.0,1.0,1.0,0.3606398781,0.3435585206,0.05903673172,0.0553304553
4232,1.0,0.0,0.0,0.0,1.0,1.0,0.3623992166,0.3457087101,0.05913567543,0.05595350266
4233,1.0,0.0,0.0,0.0,1.0,1.0,0.3609096541,0.3430425724,0.05863344669,0.05518436432
4234,1.0,0.0,0.0,0.0,1.0,1.0,0.3719606075,0.3511113419,0.06122153997,0.05722886324
4235,1.0,0.0,0.0,0.0,1.0,1.0,0.3659244314,0.3406458127,0.06020408869,0.05622589588
4236,1.0,0.0,0.0,0.0,1.0,1.0,0.3719607056,0.3433565221,0.06091624498,0.05641371012
4237,1.0,0.0,0.0,0.0,1.0,1.0,0.3729506866,0.3407186092,0.06128948927,0.05645078421
4238,1.0,0.0,0.0,0.0,1.0,1.0,0.3658087725,0.3385731297,0.06009817123,0.05580544472
4239,1.0,0.0,0.0,0.0,1.0,1.0,0.3705248349,0.3390963176,0.06157046556,0.05643957853
4240,1.0,0.0,0.0,0.0,1.0,1.0,0.3666783816,0.3363819035,0.06043112278,0.05561804771
4241,1.0,0.0,0.0,0.0,1.0,1.0,0.3575237519,0.329361455,0.05928426981,0.05470323563
4242,1.0,0.0,0.0,0.0,1.0,1.0,0.3547451894,0.3272366645,0.05805170536,0.05381047726
4243,1.0,0.0,0.0,0.0,1.0,1.0,0.3510235003,0.3256247077,0.05795705318,0.05420058966
4244,1.0,0.0,0.0,0.0,1.0,1.0,0.3423413564,0.3240126287,0.05695796013,0.05425852537
4245,1.0,0.0,0.0,0.0,1.0,1.0,0.3434563103,0.3240125142,0.05661720037,0.05393391848
4246,1.0,0.0,0.0,0.0,1.0,1.0,0.3336925713,0.3163818974,0.05472022295,0.05230611563
4247,1.0,0.0,0.0,0.0,1.0,1.0,0.3466459268,0.3241003911,0.05699771643,0.05406796932
4248,1.0,0.0,0.0,0.0,1.0,1.0,0.3489853834,0.3277911035,0.05681192875,0.05441141129
4249,1.0,0.0,0.0,0.0,1.0,1.0,0.3479172281,0.331004686,0.05667513609,0.05507111549
4250,1.0,0.0,0.0,0.0,1.0,1.0,0.3419141412,0.3181504666,0.05577123165,0.05308997631
4251,1.0,0.0,0.0,0.0,1.0,1.0,0.3472777674,0.3241002605,0.05745142698,0.05475413799
4252,1.0,0.0,0.0,0.0,1.0,1.0,0.3347805942,0.3171306906,0.05495339632,0.05307692289
4253,1.0,0.0,0.0,0.0,1.0,1.0,0.3402703946,0.3145209281,0.05488318205,0.05223184824
4254,1.0,0.0,0.0,0.0,1.0,1.0,0.3397115438,0.320906643,0.05507063866,0.05347436666
4255,1.0,0.0,0.0,0.0,1.0,1.0,0.3408311821,0.318293747,0.05488598347,0.05302995443
4256,1.0,0.0,0.0,0.0,1.0,1.0,0.3435583072,0.3172829426,0.05528050661,0.0528999567
4257,1.0,0.0,0.0,0.0,1.0,1.0,0.3375378538,0.3099534445,0.05410212278,0.05172693729
4258,1.0,0.0,0.0,0.0,1.0,1.0,0.3260122197,0.3010936875,0.0521222353,0.0502795577
4259,1.0,0.0,0.0,0.0,1.0,1.0,0.332592975,0.2979407648,0.0528832674,0.04997467995
4260,1.0,0.0,0.0,0.0,1.0,1.0,0.334245173,0.3017183971,0.05347847939,0.05058062077
4261,1.0,0.0,0.0,0.0,1.0,1.0,0.3391844639,0.3064329295,0.05425220728,0.05135530233
4262,1.0,0.0,0.0,0.0,1.0,1.0,0.3336953188,0.3054720767,0.05337125063,0.05126792192
4263,1.0,0.0,0.0,0.0,1.0,1.0,0.3446349378,0.3160227849,0.05512702465,0.05328947306
4264,1.0,0.0,0.0,0.0,1.0,1.0,0.3467122185,0.3181456711,0.05552363396,0.05343824625
4265,1.0,0.0,0.0,0.0,1.0,1.0,0.3380707562,0.3164375258,0.0539470315,0.05289947987
4266,1.0,0.0,0.0,0.0,1.0,1.0,0.3336922923,0.310764076,0.0537468791,0.05242961645
4267,1.0,0.0,0.0,0.0,1.0,1.0,0.3353280603,0.3127188293,0.05390912294,0.052331388
4268,1.0,0.0,0.0,0.0,1.0,1.0,0.3309732743,0.3123253332,0.05354863405,0.05275726318
4269,1.0,0.0,0.0,0.0,1.0,1.0,0.3397116694,0.3180041605,0.05436217785,0.05331170559
4270,1.0,0.0,0.0,0.0,1.0,1.0,0.333147337,0.3180042613,0.05338042974,0.05311876535
4271,1.0,0.0,0.0,0.0,1.0,1.0,0.323202718,0.3083721042,0.05070269108,0.05070269108
4272,1.0,0.0,0.0,0.0,1.0,1.0,0.291082989,0.2837125771,0.04560238123,0.04639321566
4273,1.0,0.0,0.0,0.0,1.0,1.0,0.1435561705,0.1619305172,0.02117997408,0.02493339777
4274,1.0,0.0,0.0,0.0,1.0,1.0,0.1224180549,0.1385194578,0.01786482334,0.02106451988
4275,1.0,0.0,0.0,0.0,1.0,1.0,0.2142914702,0.2083583117,0.03213709593,0.03240054846
4276,1.0,0.0,0.0,0.0,1.0,1.0,0.2537985566,0.2464841411,0.03910893202,0.03937870264
4277,1.0,0.0,0.0,0.0,1.0,1.0,0.3001679342,0.2913682838,0.04748672247,0.04748672247
4278,1.0,0.0,0.0,0.0,1.0,1.0,0.2942516926,0.2816018931,0.0463295579,0.04606336355
4279,1.0,0.0,0.0,0.0,1.0,1.0,0.2996623394,0.2949171993,0.04729926586,0.04837423563
4280,1.0,0.0,0.0,0.0,1.0,1.0,0.3091057306,0.3054774303,0.04810661077,0.04917567968
4281,1.0,0.0,0.0,0.0,1.0,1.0,0.3101134374,0.3001573391,0.0489808321,0.04924708605
4282,1.0,0.0,0.0,0.0,1.0,1.0,0.3079089144,0.2975683593,0.04828232527,0.04854613543
4283,1.0,0.0,0.0,0.0,1.0,1.0,0.3097098637,0.2982206506,0.04930663109,0.04930663109
4284,1.0,0.0,0.0,0.0,1.0,1.0,0.3000010543,0.2904222179,0.04748803377,0.04775482416
4285,1.0,0.0,0.0,0.0,1.0,1.0,0.3079088551,0.3001568333,0.04909741879,0.0496339798
4286,1.0,0.0,0.0,0.0,1.0,1.0,0.3021568158,0.2949964695,0.04804503918,0.04830902815
4287,1.0,0.0,0.0,0.0,1.0,1.0,0.3004964277,0.2949965486,0.04814571142,0.04867774248
4288,1.0,0.0,0.0,0.0,1.0,1.0,0.3036487892,0.2950732511,0.04888814688,0.0486266613
4289,1.0,0.0,0.0,0.0,1.0,1.0,0.3039624866,0.2853246677,0.04823452234,0.04639953375
4290,1.0,0.0,0.0,0.0,1.0,1.0,0.3089186844,0.2860139424,0.04970949888,0.04731702805
4291,1.0,0.0,0.0,0.0,1.0,1.0,0.3084084048,0.2818939237,0.04909187555,0.04620414972
4292,1.0,0.0,0.0,0.0,1.0,1.0,0.3141566673,0.2866986323,0.04999339581,0.04636693001
4293,1.0,0.0,0.0,0.0,1.0,1.0,0.3214871409,0.2893120229,0.05088937283,0.04640686512
4294,1.0,0.0,0.0,0.0,1.0,1.0,0.3180042896,0.2822345663,0.05013650656,0.0450963378
4295,1.0,0.0,0.0,0.0,1.0,1.0,0.3138180347,0.2770562228,0.04909515381,0.04349189997
4296,1.0,0.0,0.0,0.0,1.0,1.0,0.3129740856,0.2669744794,0.04820907116,0.04155039787
4297,1.0,0.0,0.0,0.0,1.0,1.0,0.3233491552,0.2789536251,0.04971092939,0.04333084822
4298,1.0,0.0,0.0,0.0,1.0,1.0,0.3331473788,0.288235182,0.05171948671,0.04505461454
4299,1.0,0.0,0.0,0.0,1.0,1.0,0.3267742702,0.2826009995,0.05077952147,0.04429703951
4300,1.0,0.0,0.0,0.0,1.0,1.0,0.3274327714,0.2789538856,0.05149829388,0.04394882917
4301,1.0,0.0,0.0,0.0,1.0,1.0,0.3245162312,0.2791544223,0.05139029026,0.04428315163
4302,1.0,0.0,0.0,0.0,1.0,1.0,0.3267069489,0.2797735607,0.05113464594,0.04371190071
4303,1.0,0.0,0.0,0.0,1.0,1.0,0.3343200385,0.2832927541,0.05553936958,0.047062397
4304,1.0,0.0,0.0,0.0,1.0,1.0,0.3337092083,0.30120174,0.06108522415,0.05429798365
4305,1.0,0.0,0.0,0.0,1.0,1.0,0.3307762463,0.2916520329,0.05669802427,0.04999178648
4306,1.0,0.0,0.0,0.0,1.0,1.0,0.3302351612,0.2977059428,0.05684542656,0.05052924156
4307,1.0,0.0,0.0,0.0,1.0,1.0,0.2965968974,0.2784425233,0.0498431325,0.04561406374
4308,1.0,0.0,0.0,0.0,1.0,1.0,0.2899840734,0.2581584732,0.04923522472,0.04335176945
4309,1.0,0.0,0.0,0.0,1.0,1.0,0.2919514506,0.2562205975,0.05027651787,0.04349076748
4310,1.0,0.0,0.0,0.0,1.0,1.0,0.2977060785,0.2651947351,0.04972350597,0.04350805283
4311,1.0,0.0,0.0,0.0,1.0,1.0,0.2982628061,0.2756467801,0.05187159777,0.04701811075
4312,1.0,0.0,0.0,0.0,1.0,1.0,0.3039537923,0.27625432,0.05387473106,0.04778724909
4313,1.0,0.0,0.0,0.0,1.0,1.0,0.2968982532,0.2728973186,0.04996079206,0.04473233223
4314,1.0,0.0,0.0,0.0,1.0,1.0,0.308825763,0.2828282161,0.05414456129,0.04849213362
4315,1.0,0.0,0.0,0.0,1.0,1.0,0.3160630106,0.2991288002,0.05439740419,0.04998677969
4316,1.0,0.0,0.0,0.0,1.0,1.0,0.3185404103,0.2963861926,0.05573606491,0.05072277784
4317,1.0,0.0,0.0,0.0,1.0,1.0,0.312430705,0.2913627053,0.05447858572,0.05037802458
4318,1.0,0.0,0.0,0.0,1.0,1.0,0.3081610974,0.2819370419,0.0531359911,0.04796600342
4319,1.0,0.0,0.0,0.0,1.0,1.0,0.3190071914,0.2872545205,0.05550950766,0.04989945889
4320,1.0,0.0,0.0,0.0,1.0,1.0,0.3144502155,0.2838550873,0.0545039773,0.04920089245
4321,1.0,0.0,0.0,0.0,1.0,1.0,0.329167687,0.3001736482,0.0570243597,0.05200147629
4322,1.0,0.0,0.0,0.0,1.0,1.0,0.3234494334,0.2853136216,0.05578798056,0.04988449812
4323,1.0,0.0,0.0,0.0,1.0,1.0,0.3297476767,0.2853135756,0.05745214224,0.0500485301
4324,1.0,0.0,0.0,0.0,1.0,1.0,0.3274033978,0.2791547149,0.05610692501,0.04783856869
4325,1.0,0.0,0.0,0.0,1.0,1.0,0.3285599269,0.2887661898,0.05732554197,0.05012238026
4326,1.0,0.0,0.0,0.0,1.0,1.0,0.3302501616,0.2897685522,0.05693411827,0.0500420928
4327,1.0,0.0,0.0,0.0,1.0,1.0,0.3285833338,0.2894936335,0.05748981237,0.05030363798
4328,1.0,0.0,0.0,0.0,1.0,1.0,0.3280216788,0.2816295491,0.05612927675,0.04794377089
4329,1.0,0.0,0.0,0.0,1.0,1.0,0.3269360855,0.2821550729,0.05715471506,0.04915893078
4330,1.0,0.0,0.0,0.0,1.0,1.0,0.3246050406,0.2791543154,0.05555611849,0.04736888409
4331,1.0,0.0,0.0,0.0,1.0,1.0,0.3211880963,0.2757080018,0.05608761311,0.04773414135
4332,1.0,0.0,0.0,0.0,1.0,1.0,0.3223456201,0.2799125183,0.05558472872,0.04793816805
4333,1.0,0.0,0.0,0.0,1.0,1.0,0.318391163,0.2757083579,0.05453974009,0.04666507244
4334,1.0,0.0,0.0,0.0,1.0,1.0,0.3157902025,0.2787560878,0.05369204283,0.0468377471
4335,1.0,0.0,0.0,0.0,1.0,1.0,0.318004145,0.2889541556,0.05505758524,0.04952269793
4336,1.0,0.0,0.0,0.0,1.0,1.0,0.3208291442,0.2892219039,0.0558347106,0.04940348864
4337,1.0,0.0,0.0,0.0,1.0,1.0,0.3120126308,0.2753562549,0.05406320095,0.04683548212
4338,1.0,0.0,0.0,0.0,1.0,1.0,0.3075205786,0.2659530038,0.05364710093,0.04577493668
4339,1.0,0.0,0.0,0.0,1.0,1.0,0.3190400662,0.2822345996,0.05822628736,0.05050241947
4340,1.0,0.0,0.0,0.0,1.0,1.0,0.3244516381,0.284609271,0.06129324436,0.05297708511
4341,1.0,0.0,0.0,0.0,1.0,1.0,0.3255137979,0.2912281947,0.0591738224,0.05233466625
4342,1.0,0.0,0.0,0.0,1.0,1.0,0.3271788988,0.2923205182,0.06059503555,0.05396276712
4343,1.0,0.0,0.0,0.0,1.0,1.0,0.3210727379,0.2857881587,0.05869293213,0.05267316103
4344,1.0,0.0,0.0,0.0,1.0,1.0,0.3287421122,0.2949174017,0.05828541517,0.05272048712
4345,1.0,0.0,0.0,0.0,1.0,1.0,0.3287637735,0.285788034,0.05833864212,0.05104631186
4346,1.0,0.0,0.0,0.0,1.0,1.0,0.323786203,0.2869684243,0.05975323915,0.0530462265
4347,1.0,0.0,0.0,0.0,1.0,1.0,0.3270599577,0.2853191877,0.05892270803,0.05174428225
4348,1.0,0.0,0.0,0.0,1.0,1.0,0.3315220794,0.2904223168,0.06123620272,0.05373179913
4349,1.0,0.0,0.0,0.0,1.0,1.0,0.3320728421,0.2862477865,0.06288659573,0.05403357744
4350,1.0,0.0,0.0,0.0,1.0,1.0,0.3384948923,0.2892275183,0.06043928862,0.05155956745
4351,1.0,0.0,0.0,0.0,1.0,1.0,0.3310047616,0.2841861068,0.0625910759,0.05408352613
4352,1.0,0.0,0.0,0.0,1.0,1.0,0.3240568233,0.2809933338,0.06152766943,0.0536082387
4353,1.0,0.0,0.0,0.0,1.0,1.0,0.2862638807,0.2239008598,0.05323702097,0.04246652126
4354,1.0,0.0,0.0,0.0,1.0,1.0,0.2590526977,0.1781185683,0.04627037048,0.03224003315
4355,1.0,0.0,0.0,0.0,1.0,1.0,0.2262548659,0.124056404,0.03738892078,0.02090245485
4356,1.0,0.0,0.0,0.0,1.0,1.0,0.2224841785,0.1420438565,0.03815871477,0.02474355698
4357,1.0,0.0,0.0,0.0,1.0,1.0,0.2721169999,0.210147546,0.04740071297,0.03715980053
4358,1.0,0.0,0.0,0.0,1.0,1.0,0.2902671222,0.2408490063,0.05354785919,0.04472458363
4359,1.0,0.0,0.0,0.0,1.0,1.0,0.320606637,0.2834484699,0.05762910843,0.05086654425
4360,1.0,0.0,0.0,0.0,1.0,1.0,0.3239233113,0.2830134563,0.05938923359,0.05222672224
4361,1.0,0.0,0.0,0.0,1.0,1.0,0.3347487134,0.30653819,0.06195503473,0.05691570044
4362,1.0,0.0,0.0,0.0,1.0,1.0,0.3358252608,0.2979103776,0.06199789047,0.0551751256
4363,1.0,0.0,0.0,0.0,1.0,1.0,0.3422088905,0.3151106121,0.06364554167,0.05888700485
4364,1.0,0.0,0.0,0.0,1.0,1.0,0.3380463518,0.3115144244,0.06470918655,0.06002014875
4365,1.0,0.0,0.0,0.0,1.0,1.0,0.3315062172,0.3043901533,0.06059533358,0.05609565973
4366,1.0,0.0,0.0,0.0,1.0,1.0,0.3364134617,0.3056545224,0.06181514263,0.05671387911
4367,1.0,0.0,0.0,0.0,1.0,1.0,0.3385207229,0.3149367548,0.06561475992,0.06124043465
4368,1.0,0.0,0.0,0.0,1.0,1.0,0.3363977847,0.3121234333,0.06176751852,0.05758994818
4369,1.0,0.0,0.0,0.0,1.0,1.0,0.3379989206,0.3056543739,0.06130319834,0.05543684959
4370,1.0,0.0,0.0,0.0,1.0,1.0,0.3363662939,0.3095047508,0.0616389513,0.056625247
4371,1.0,0.0,0.0,0.0,1.0,1.0,0.3423860465,0.3141566606,0.06211316586,0.05708497763
4372,1.0,0.0,0.0,0.0,1.0,1.0,0.3342396232,0.3060181492,0.06111598015,0.05632257462
4373,1.0,0.0,0.0,0.0,1.0,1.0,0.3331475081,0.3043903894,0.06212973595,0.05695223808
4374,1.0,0.0,0.0,0.0,1.0,1.0,0.3320622597,0.2952898907,0.06025630236,0.05375808477
4375,1.0,0.0,0.0,0.0,1.0,1.0,0.3207885509,0.2899023842,0.05825346708,0.05298435688
4376,1.0,0.0,0.0,0.0,1.0,1.0,0.3196923082,0.2883006094,0.05934810638,0.05395281315
4377,1.0,0.0,0.0,0.0,1.0,1.0,0.3201463505,0.2869368619,0.05883061886,0.05315667391
4378,1.0,0.0,0.0,0.0,1.0,1.0,0.320468746,0.2834956375,0.05828398466,0.05210238695
4379,1.0,0.0,0.0,0.0,1.0,1.0,0.3231340183,0.2933846291,0.05899882317,0.05395871401
4380,1.0,0.0,0.0,0.0,1.0,1.0,0.3156994179,0.2867250085,0.05707633495,0.05175310373
4381,1.0,0.0,0.0,0.0,1.0,1.0,0.3111935288,0.2693300659,0.05672907829,0.04982554913
4382,1.0,0.0,0.0,0.0,1.0,1.0,0.3096631286,0.2668412727,0.05637848377,0.04921931028
4383,1.0,0.0,0.0,0.0,1.0,1.0,0.3020610825,0.2596586431,0.05387997627,0.04681366682
4384,1.0,0.0,0.0,0.0,1.0,1.0,0.2963748401,0.2604409924,0.05434501171,0.04830670357
4385,1.0,0.0,0.0,0.0,1.0,1.0,0.2943343047,0.2562265895,0.0544706583,0.04818558693
4386,1.0,0.0,0.0,0.0,1.0,1.0,0.2933845326,0.2530434025,0.05351626873,0.04675322771
4387,1.0,0.0,0.0,0.0,1.0,1.0,0.2983887474,0.2633450647,0.0553958416,0.04943931103
4388,1.0,0.0,0.0,0.0,1.0,1.0,0.2967845703,0.2610007784,0.05509644747,0.0488422513
4389,1.0,0.0,0.0,0.0,1.0,1.0,0.2926367312,0.2522251677,0.05383723974,0.04707080126
4390,1.0,0.0,0.0,0.0,1.0,1.0,0.294048211,0.2545748785,0.05462169647,0.04835361242
4391,1.0,0.0,0.0,0.0,1.0,1.0,0.3051606202,0.2706821069,0.0589479804,0.05271011591
4392,1.0,0.0,0.0,0.0,1.0,1.0,0.3056147351,0.2727235037,0.05472820997,0.04940325022
4393,1.0,0.0,0.0,0.0,1.0,1.0,0.3110843966,0.2702075251,0.05859589577,0.05173897743
4394,1.0,0.0,0.0,0.0,1.0,1.0,0.2989291286,0.2604408476,0.05404561758,0.04751265049
4395,1.0,0.0,0.0,0.0,1.0,1.0,0.3068827762,0.2703407358,0.05570620298,0.04968386889
4396,1.0,0.0,0.0,0.0,1.0,1.0,0.3035647304,0.2629248502,0.05680000782,0.04997158051
4397,1.0,0.0,0.0,0.0,1.0,1.0,0.2981670322,0.2563926377,0.05487281084,0.04812860489
4398,1.0,0.0,0.0,0.0,1.0,1.0,0.3001679574,0.2539837696,0.054220438,0.04664778709
4399,1.0,0.0,0.0,0.0,1.0,1.0,0.3023950223,0.2457098618,0.05280405283,0.04415255785
4400,1.0,0.0,0.0,0.0,1.0,1.0,0.2909333428,0.2355588166,0.05123561621,0.04219406843
4401,1.0,0.0,0.0,0.0,1.0,1.0,0.2912856405,0.2302468515,0.05078846216,0.04105657339
4402,1.0,0.0,0.0,0.0,1.0,1.0,0.2725750482,0.2070764227,0.04782176018,0.03709256649
4403,1.0,0.0,0.0,0.0,1.0,1.0,0.285304557,0.2207673798,0.04952937365,0.03919816017
4404,1.0,0.0,0.0,0.0,1.0,1.0,0.2883006604,0.2251302983,0.05120301247,0.04096239805
4405,1.0,0.0,0.0,0.0,1.0,1.0,0.294974255,0.2329780864,0.05293595791,0.04297155142
4406,1.0,0.0,0.0,0.0,1.0,1.0,0.3055291485,0.2456255233,0.05327343941,0.04364204407
4407,1.0,0.0,0.0,0.0,1.0,1.0,0.3000040174,0.2363545437,0.05352318287,0.0428185463
4408,1.0,0.0,0.0,0.0,1.0,1.0,0.301555748,0.2431072713,0.05289274454,0.0435231328
4409,1.0,0.0,0.0,0.0,1.0,1.0,0.2988022479,0.2363544862,0.05309200287,0.04271769524
4410,1.0,0.0,0.0,0.0,1.0,1.0,0.2946631337,0.2328632494,0.05237156153,0.04195851088
4411,1.0,0.0,0.0,0.0,1.0,1.0,0.3006867546,0.2406065144,0.05297261477,0.04304027557
4412,1.0,0.0,0.0,0.0,1.0,1.0,0.2984681569,0.2456543048,0.05219173431,0.04354286194
4413,1.0,0.0,0.0,0.0,1.0,1.0,0.3018790265,0.2306404415,0.05412089825,0.04219597578
4414,1.0,0.0,0.0,0.0,1.0,1.0,0.2930565981,0.2274477165,0.05234837532,0.04145509005
4415,1.0,0.0,0.0,0.0,1.0,1.0,0.2925608839,0.2298715795,0.05361288786,0.04276633263
4416,1.0,0.0,0.0,0.0,1.0,1.0,0.3075205572,0.2490411497,0.05454343557,0.04505759478
4417,1.0,0.0,0.0,0.0,1.0,1.0,0.3029132649,0.2574320399,0.05567842722,0.0481287837
4418,1.0,0.0,0.0,0.0,1.0,1.0,0.3077804558,0.2598547691,0.05607962608,0.04806828499
4419,1.0,0.0,0.0,0.0,1.0,1.0,0.3062263278,0.2589315091,0.05503028631,0.04747122526
4420,1.0,0.0,0.0,0.0,1.0,1.0,0.3121181667,0.262925039,0.05575627089,0.04774868488
4421,1.0,0.0,0.0,0.0,1.0,1.0,0.3114927159,0.2688270253,0.05659592152,0.04933232069
4422,1.0,0.0,0.0,0.0,1.0,1.0,0.3149153886,0.2688267456,0.05586385727,0.04792529345
4423,1.0,0.0,0.0,0.0,1.0,1.0,0.3191494231,0.2765123221,0.05838942528,0.05101394653
4424,1.0,0.0,0.0,0.0,1.0,1.0,0.3151696965,0.2716603013,0.05600130558,0.04851448536
4425,1.0,0.0,0.0,0.0,1.0,1.0,0.3170182855,0.274846345,0.05887144804,0.0511251688
4426,1.0,0.0,0.0,0.0,1.0,1.0,0.3108629563,0.2731807632,0.05737382174,0.05058771372
4427,1.0,0.0,0.0,0.0,1.0,1.0,0.3143004696,0.277990415,0.05825787783,0.0517847538
4428,1.0,0.0,0.0,0.0,1.0,1.0,0.3137785688,0.2739333991,0.05603867769,0.04892259836
4429,1.0,0.0,0.0,0.0,1.0,1.0,0.3119063566,0.2781780212,0.05599313974,0.05027341843
4430,1.0,0.0,0.0,0.0,1.0,1.0,0.3102292172,0.2783682731,0.05655235052,0.05074435472
4431,1.0,0.0,0.0,0.0,1.0,1.0,0.3126375153,0.2748465923,0.05619204044,0.04931747913
4432,1.0,0.0,0.0,0.0,1.0,1.0,0.3048295454,0.2724230828,0.05529880524,0.04925525188
4433,1.0,0.0,0.0,0.0,1.0,1.0,0.2964443877,0.2523842648,0.05305963755,0.04547971487
4434,1.0,0.0,0.0,0.0,1.0,1.0,0.2681015088,0.2120027406,0.04715704918,0.03760623932
4435,1.0,0.0,0.0,0.0,1.0,1.0,0.2415464895,0.1768769054,0.04202753305,0.03136831522
4436,1.0,0.0,0.0,0.0,1.0,1.0,0.2110736407,0.1244856217,0.03574973345,0.02138870955
4437,1.0,0.0,0.0,0.0,1.0,1.0,0.2144256614,0.09069667486,0.03608506918,0.01559609175
4438,1.0,0.0,0.0,0.0,1.0,1.0,0.2144255785,0.08002670165,0.03676241636,0.0140196085
4439,1.0,0.0,0.0,0.0,1.0,1.0,0.2249199272,0.07469130268,0.03825998306,0.01295900345
4440,1.0,0.0,0.0,0.0,1.0,1.0,0.2214880679,0.07701795064,0.03743296862,0.01330262423
4441,1.0,0.0,0.0,0.0,1.0,1.0,0.2081423015,0.09260576428,0.03765565157,0.01720476151
4442,1.0,0.0,0.0,0.0,1.0,1.0,0.2375584734,0.1525995094,0.04420828819,0.02873539925
4443,1.0,0.0,0.0,0.0,1.0,1.0,0.2757658472,0.2057674647,0.05145317316,0.03929150105
4444,1.0,0.0,0.0,0.0,1.0,1.0,0.2917112648,0.2320133748,0.05278640985,0.04288893938
4445,1.0,0.0,0.0,0.0,1.0,1.0,0.3117987144,0.2672926012,0.0558347702,0.04859137535
4446,1.0,0.0,0.0,0.0,1.0,1.0,0.3122222181,0.2708164898,0.0595446229,0.05292856693
4447,1.0,0.0,0.0,0.0,1.0,1.0,0.3128400804,0.2595323342,0.05839687586,0.04948365688
4448,1.0,0.0,0.0,0.0,1.0,1.0,0.3092735535,0.252255118,0.05791956186,0.0481646657
4449,1.0,0.0,0.0,0.0,1.0,1.0,0.3137115287,0.2530638907,0.05942839384,0.04916065931
4450,1.0,0.0,0.0,0.0,1.0,1.0,0.3087977881,0.2554843475,0.05676865578,0.04852801561
4451,1.0,0.0,0.0,0.0,1.0,1.0,0.3049708309,0.2449929634,0.05774497986,0.04738849401
4452,1.0,0.0,0.0,0.0,1.0,1.0,0.3018446549,0.2465725838,0.05569899082,0.04641580582
4453,1.0,0.0,0.0,0.0,1.0,1.0,0.3079088538,0.2506798276,0.05617779493,0.04696834087
4454,1.0,0.0,0.0,0.0,1.0,1.0,0.3067426337,0.2523181037,0.05619412661,0.04754889011
4455,1.0,0.0,0.0,0.0,1.0,1.0,0.3071330739,0.2457374695,0.05912709236,0.04814177752
4456,1.0,0.0,0.0,0.0,1.0,1.0,0.3050572434,0.2415872048,0.05484068394,0.04423618317
4457,1.0,0.0,0.0,0.0,1.0,1.0,0.3126933393,0.2457373127,0.05917626619,0.04740464687
4458,1.0,0.0,0.0,0.0,1.0,1.0,0.3063617084,0.232543512,0.055513978,0.04277306795
4459,1.0,0.0,0.0,0.0,1.0,1.0,0.3123256954,0.2498606814,0.059491992,0.04855835438
4460,1.0,0.0,0.0,0.0,1.0,1.0,0.3121681847,0.2539836454,0.0595485568,0.04930365086
4461,1.0,0.0,0.0,0.0,1.0,1.0,0.3180803625,0.2597233286,0.0587028265,0.04881602526
4462,1.0,0.0,0.0,0.0,1.0,1.0,0.3168548374,0.2548248756,0.06062549353,0.04966139793
4463,1.0,0.0,0.0,0.0,1.0,1.0,0.3204963227,0.2730261097,0.05771380663,0.05011981726
4464,1.0,0.0,0.0,0.0,1.0,1.0,0.3123254506,0.269849288,0.05632394552,0.04932153225
4465,1.0,0.0,0.0,0.0,1.0,1.0,0.3062263495,0.2657376627,0.05404365063,0.04721391201
4466,1.0,0.0,0.0,0.0,1.0,1.0,0.3122194097,0.2640668191,0.05530238152,0.04748797417
4467,1.0,0.0,0.0,0.0,1.0,1.0,0.3144687029,0.2754238388,0.0590839386,0.0524841547
4468,1.0,0.0,0.0,0.0,1.0,1.0,0.3184942995,0.2785328021,0.05823040009,0.05155813694
4469,1.0,0.0,0.0,0.0,1.0,1.0,0.314468984,0.2722730313,0.05785155296,0.05046617985
4470,1.0,0.0,0.0,0.0,1.0,1.0,0.3134197088,0.2713715836,0.05931943655,0.05174672604
4471,1.0,0.0,0.0,0.0,1.0,1.0,0.3075203927,0.2647528246,0.0543845892,0.04729098082
4472,1.0,0.0,0.0,0.0,1.0,1.0,0.31789084,0.2615206604,0.06024700403,0.0495223999
4473,1.0,0.0,0.0,0.0,1.0,1.0,0.3122732972,0.2615205947,0.05625838041,0.0472329855
4474,1.0,0.0,0.0,0.0,1.0,1.0,0.3164062589,0.261520552,0.05796545744,0.04815119505
4475,1.0,0.0,0.0,0.0,1.0,1.0,0.3116449549,0.2573812393,0.05521774292,0.04571789503
4476,1.0,0.0,0.0,0.0,1.0,1.0,0.3111231553,0.2724233826,0.05702018738,0.04996937513
4477,1.0,0.0,0.0,0.0,1.0,1.0,0.3209523735,0.2689528697,0.05720514059,0.04801672697
4478,1.0,0.0,0.0,0.0,1.0,1.0,0.3167537215,0.2598549684,0.05702269077,0.04681867361
4479,1.0,0.0,0.0,0.0,1.0,1.0,0.3146390778,0.2639722354,0.05731242895,0.04873090982
4480,1.0,0.0,0.0,0.0,1.0,1.0,0.3185401781,0.2639723269,0.05750066042,0.04837363958
4481,1.0,0.0,0.0,0.0,1.0,1.0,0.3200226072,0.2648523586,0.05707126856,0.04750961065
4482,1.0,0.0,0.0,0.0,1.0,1.0,0.3177366835,0.2689527251,0.05759435892,0.04936659336
4483,1.0,0.0,0.0,0.0,1.0,1.0,0.3133203003,0.2589313378,0.05778735876,0.04851669073
4484,1.0,0.0,0.0,0.0,1.0,1.0,0.3149957604,0.2623118391,0.05736625195,0.04821205139
4485,1.0,0.0,0.0,0.0,1.0,1.0,0.3147318978,0.260651553,0.0564237833,0.04711985588
4486,1.0,0.0,0.0,0.0,1.0,1.0,0.3139430514,0.2623119574,0.05671101809,0.04766142368
4487,1.0,0.0,0.0,0.0,1.0,1.0,0.3133564609,0.2639723041,0.05961459875,0.04988801479
4488,1.0,0.0,0.0,0.0,1.0,1.0,0.3185213491,0.2612178727,0.05994367599,0.04923945665
4489,1.0,0.0,0.0,0.0,1.0,1.0,0.31833502,0.2547279107,0.06059706211,0.0482930541
4490,1.0,0.0,0.0,0.0,1.0,1.0,0.3161249975,0.2514725924,0.06039404869,0.04831528664
4491,1.0,0.0,0.0,0.0,1.0,1.0,0.3180774076,0.258755101,0.06075507402,0.04934424162
4492,1.0,0.0,0.0,0.0,1.0,1.0,0.3160419796,0.2434124195,0.06086778641,0.04737645388
4493,1.0,0.0,0.0,0.0,1.0,1.0,0.3111167726,0.2490573138,0.05815792084,0.04670715332
4494,1.0,0.0,0.0,0.0,1.0,1.0,0.3107920575,0.2514937447,0.06017273664,0.0487716198
4495,1.0,0.0,0.0,0.0,1.0,1.0,0.3109014572,0.2523019188,0.06027269363,0.04891234636
4496,1.0,0.0,0.0,0.0,1.0,1.0,0.3166388942,0.2531056958,0.06009322405,0.04807460308
4497,1.0,0.0,0.0,0.0,1.0,1.0,0.3193675605,0.2579731213,0.06193649769,0.04998940229
4498,1.0,0.0,0.0,0.0,1.0,1.0,0.3086513305,0.2425355225,0.06185376644,0.04876297712
4499,1.0,0.0,0.0,0.0,1.0,1.0,0.3152712486,0.2474345703,0.06158256531,0.0485676527
4500,1.0,0.0,0.0,0.0,1.0,1.0,0.3116626656,0.2466156408,0.06042140722,0.04808408022
4501,1.0,0.0,0.0,0.0,1.0,1.0,0.3161331562,0.252301931,0.06189078093,0.04996389151
4502,1.0,0.0,0.0,0.0,1.0,1.0,0.3205449442,0.258755434,0.06105279922,0.05009460449
4503,1.0,0.0,0.0,0.0,1.0,1.0,0.3081543899,0.2425828063,0.05997860432,0.04811114073
4504,1.0,0.0,0.0,0.0,1.0,1.0,0.311662778,0.2474345448,0.06053632498,0.04849243164
4505,1.0,0.0,0.0,0.0,1.0,1.0,0.3162167743,0.2394162216,0.06017804146,0.04645872116
4506,1.0,0.0,0.0,0.0,1.0,1.0,0.3086631363,0.2392800663,0.05927884579,0.04659891129
4507,1.0,0.0,0.0,0.0,1.0,1.0,0.3031639361,0.2268470852,0.05621910095,0.04262769222
4508,1.0,0.0,0.0,0.0,1.0,1.0,0.2823376234,0.1823306208,0.0546990633,0.03624236584
4509,1.0,0.0,0.0,0.0,1.0,1.0,0.2908824788,0.05278749773,0.05316281319,0.01022362709
4510,1.0,0.0,0.0,0.0,1.0,1.0,0.301539372,0.04853405298,0.05557602644,0.009437441826
4511,1.0,0.0,0.0,0.0,1.0,1.0,0.3007843964,0.04314163491,0.05395781994,0.008196175098
4512,1.0,0.0,0.0,0.0,1.0,1.0,0.2937292216,0.04673625142,0.05346757174,0.009026944637
4513,1.0,0.0,0.0,0.0,1.0,1.0,0.3000236212,0.05392663796,0.05496293306,0.01050245762
4514,1.0,0.0,0.0,0.0,1.0,1.0,0.2948543239,0.05175707887,0.05146384239,0.009691298008
4515,1.0,0.0,0.0,0.0,1.0,1.0,0.2879748612,0.05454689197,0.05013358593,0.01015776396
4516,1.0,0.0,0.0,0.0,1.0,1.0,0.2836761667,0.05982573595,0.04935580492,0.01111322641
4517,1.0,0.0,0.0,0.0,1.0,1.0,0.2534556208,0.07934728959,0.0448154211,0.0149384141
4518,1.0,0.0,0.0,0.0,1.0,1.0,0.2611693007,0.1520185147,0.05064272881,0.03111380339
4519,1.0,0.0,0.0,0.0,1.0,1.0,0.2879748126,0.1902163646,0.05231010914,0.03630936146
4520,1.0,0.0,0.0,0.0,1.0,1.0,0.287946525,0.2194286328,0.05440282822,0.04333245754
4521,1.0,0.0,0.0,0.0,1.0,1.0,0.3030678615,0.2392799745,0.05388975143,0.04450440407
4522,1.0,0.0,0.0,0.0,1.0,1.0,0.2918574127,0.2367958003,0.05162781477,0.04352343082
4523,1.0,0.0,0.0,0.0,1.0,1.0,0.3009072874,0.2226649916,0.04969537258,0.03875058889
4524,1.0,0.0,0.0,0.0,1.0,1.0,0.2791084345,0.2310182873,0.05139887333,0.04339659214
4525,1.0,0.0,0.0,0.0,1.0,1.0,0.2805743709,0.2328796402,0.05320036411,0.04533046484
4526,1.0,0.0,0.0,0.0,1.0,1.0,0.2716767114,0.2344967703,0.04836410284,0.04250180721
4527,1.0,0.0,0.0,0.0,1.0,1.0,0.283088784,0.2448298955,0.04640746117,0.04131400585
4528,1.0,0.0,0.0,0.0,1.0,1.0,0.26685772,0.2414760616,0.04442989826,0.04075103998
4529,1.0,0.0,0.0,0.0,1.0,1.0,0.2579206958,0.234563198,0.04507058859,0.0409193635
4530,1.0,0.0,0.0,0.0,1.0,1.0,0.2710634429,0.2506854194,0.0455275178,0.04245513678
4531,1.0,0.0,0.0,0.0,1.0,1.0,0.2713715985,0.2572820256,0.04276245832,0.04067647457
4532,1.0,0.0,0.0,0.0,1.0,1.0,0.2794493463,0.263696278,0.0454826355,0.0433422327
4533,1.0,0.0,0.0,0.0,1.0,1.0,0.2832024369,0.2653244562,0.04486083984,0.04251354933
4534,1.0,0.0,0.0,0.0,1.0,1.0,0.2800451383,0.2690803296,0.04416114092,0.04257446527
4535,1.0,0.0,0.0,0.0,1.0,1.0,0.2801855236,0.2626519232,0.04419314861,0.04149842262
4536,1.0,0.0,0.0,0.0,1.0,1.0,0.2059781504,0.1564960822,0.03122919798,0.02389711142
4537,1.0,0.0,0.0,0.0,1.0,1.0,0.1850110695,0.1297724481,0.03135699034,0.021658957
4538,1.0,0.0,0.0,0.0,1.0,1.0,0.1840595215,0.1147508323,0.03554880619,0.02204024792
4539,0.0,0.0,0.0,0.0,0.0,0.0,0.0,0.0,0.0,0.0
4540,0.0,0.0,0.0,0.0,0.0,0.0,0.0,0.0,0.0,0.0
4541,0.0,0.0,0.0,0.0,0.0,0.0,0.0,0.0,0.0,0.0
4542,0.0,0.0,0.0,0.0,0.0,0.0,0.0,0.0,0.0,0.0
4543,1.0,0.0,0.0,0.0,1.0,1.0,0.31730638,0.2960775579,0.07283812761,0.06881022453
4544,1.0,0.0,0.0,0.0,1.0,1.0,0.29528981,0.2902670482,0.05290919542,0.0511649251
4545,1.0,0.0,0.0,0.0,1.0,1.0,0.2882702933,0.2942436197,0.04762125015,0.04683625698
4546,1.0,0.0,0.0,0.0,1.0,1.0,0.288727669,0.2925997164,0.04748636484,0.04644268751
4547,1.0,0.0,0.0,0.0,1.0,1.0,0.2931056515,0.2888752754,0.04812419415,0.04575741291
4548,1.0,0.0,0.0,0.0,1.0,1.0,0.2961307027,0.2938558042,0.04891335964,0.04705256224
4549,1.0,0.0,0.0,0.0,1.0,1.0,0.2967844654,0.2905354217,0.04953718185,0.04685950279
4550,1.0,0.0,0.0,0.0,1.0,1.0,0.297087681,0.2958216092,0.04898709059,0.04712349176
4551,1.0,0.0,0.0,0.0,1.0,1.0,0.3035464042,0.2981669637,0.05017137527,0.04776954651
4552,1.0,0.0,0.0,0.0,1.0,1.0,0.2899513744,0.2798437201,0.04828542471,0.04531818628
4553,1.0,0.0,0.0,0.0,1.0,1.0,0.3045301321,0.2881722806,0.05050683022,0.04647701979
4554,1.0,0.0,0.0,0.0,1.0,1.0,0.3102266304,0.3034606234,0.05163919926,0.04897737503
4555,1.0,0.0,0.0,0.0,1.0,1.0,0.3108312549,0.2972193228,0.05124461651,0.04782825708
4556,1.0,0.0,0.0,0.0,1.0,1.0,0.3167022483,0.3037519104,0.05278724432,0.0493388176
4557,1.0,0.0,0.0,0.0,1.0,1.0,0.3161987657,0.2972197984,0.05274510384,0.04823923111
4558,1.0,0.0,0.0,0.0,1.0,1.0,0.3220948057,0.3008028519,0.05380398035,0.0490565896
4559,1.0,0.0,0.0,0.0,1.0,1.0,0.3163587803,0.2966083258,0.05317354202,0.04867625237
4560,1.0,0.0,0.0,0.0,1.0,1.0,0.3173586603,0.3001570837,0.05319732428,0.04896265268
4561,1.0,0.0,0.0,0.0,1.0,1.0,0.3184342098,0.301779546,0.05343133211,0.04919916391
4562,1.0,0.0,0.0,0.0,1.0,1.0,0.3209068831,0.3047481842,0.05346530676,0.04947543144
4563,1.0,0.0,0.0,0.0,1.0,1.0,0.3117229168,0.2919161638,0.0516487956,0.04712289572
4564,1.0,0.0,0.0,0.0,1.0,1.0,0.3080145331,0.2869686094,0.05141860247,0.04659807682
4565,1.0,0.0,0.0,0.0,1.0,1.0,0.2894825488,0.2681837095,0.04787993431,0.04306519032
4566,1.0,0.0,0.0,0.0,1.0,1.0,0.1933823756,0.05532002757,0.02899116278,0.008128404617
4567,1.0,0.0,0.0,0.0,1.0,1.0,0.2038932798,0.07085599939,0.03069227934,0.01041346788
4568,1.0,0.0,0.0,0.0,1.0,1.0,0.1841077099,0.0988846355,0.02848798037,0.01519358158
4569,1.0,0.0,0.0,0.0,1.0,1.0,0.2464839073,0.2039678583,0.03967088461,0.03260624409
4570,1.0,0.0,0.0,0.0,1.0,1.0,0.2707517794,0.2473019275,0.04364228249,0.0390625
4571,1.0,0.0,0.0,0.0,1.0,1.0,0.2942434675,0.2843527216,0.04811048508,0.04542273283
4572,1.0,0.0,0.0,0.0,1.0,1.0,0.2904779533,0.2817218001,0.04782146215,0.04538989067
4573,1.0,0.0,0.0,0.0,1.0,1.0,0.3063864515,0.2984913389,0.05034828186,0.04792511463
4574,1.0,0.0,0.0,0.0,1.0,1.0,0.3076455641,0.3095916497,0.0504848361,0.04914933443
4575,1.0,0.0,0.0,0.0,1.0,1.0,0.3026133191,0.3018450846,0.0494877696,0.04815030098
4576,1.0,0.0,0.0,0.0,1.0,1.0,0.3120208455,0.3112737492,0.05137515068,0.04950207472
4577,1.0,0.0,0.0,0.0,1.0,1.0,0.3101161981,0.3146393494,0.0515089035,0.04990762472
4578,1.0,0.0,0.0,0.0,1.0,1.0,0.2999954778,0.3049145024,0.04893153906,0.04786783457
4579,1.0,0.0,0.0,0.0,1.0,1.0,0.303545965,0.3133843205,0.04891902208,0.04813843966
4580,1.0,0.0,0.0,0.0,1.0,1.0,0.2980506926,0.3052903405,0.04838591814,0.04707109928
4581,1.0,0.0,0.0,0.0,1.0,1.0,0.2945215389,0.3049147089,0.04771542549,0.04693323374
4582,1.0,0.0,0.0,0.0,1.0,1.0,0.2890145865,0.3052900724,0.04681408405,0.04681408405
4583,1.0,0.0,0.0,0.0,1.0,1.0,0.2825563789,0.290216178,0.04587674141,0.04430383444
4584,1.0,0.0,0.0,0.0,1.0,1.0,0.2768180313,0.2850642272,0.04463601112,0.04307895899
4585,1.0,0.0,0.0,0.0,1.0,1.0,0.2681428481,0.2776224706,0.0430046916,0.04170149565
4586,1.0,0.0,0.0,0.0,1.0,1.0,0.1528144247,0.1108401474,0.02294993401,0.01556372643
4587,1.0,0.0,0.0,0.0,1.0,1.0,0.163211892,0.1450801329,0.02437907457,0.01972234249
4588,1.0,0.0,0.0,0.0,1.0,1.0,0.1652922294,0.1457519762,0.02735847235,0.02226853371
4589,1.0,0.7853981853,0.0,0.0,1.0,1.0,0.1249302694,0.1181158098,0.01880812645,0.01577454805
4590,1.0,0.7853981853,0.0,0.0,1.0,1.0,0.1045288461,0.1895492921,0.01711338758,0.02642065287
4591,1.0,0.7853981853,0.0,0.0,1.0,1.0,0.08933569903,0.1935854925,0.01507765055,0.02701407671
4592,1.0,0.7853981853,0.0,0.0,1.0,1.0,0.2418001285,0.1028134105,0.03765982389,0.0134947896
4593,1.0,0.7853981853,0.0,0.0,1.0,1.0,0.2325623285,0.1758675681,0.03970932961,0.02691048384
4594,1.0,0.0,0.0,0.0,1.0,1.0,0.188930514,0.1876586724,0.03078639507,0.02739983797
4595,1.0,0.0,0.0,0.0,1.0,1.0,0.2005984949,0.09138869777,0.03416800499,0.01421147585
4596,1.0,0.0,0.0,0.0,1.0,1.0,0.2624621597,0.05981233545,0.04803824425,0.009862184525
4597,1.0,0.0,0.0,0.0,1.0,1.0,0.2012645415,0.09840046113,0.03779256344,0.01647365093
4598,1.0,0.0,0.0,0.0,1.0,1.0,0.2220985175,0.09617268709,0.0406473875,0.01619541645
4599,1.0,0.0,0.0,0.0,1.0,1.0,0.1688711561,0.1173589782,0.02870893478,0.01816284657
4600,1.0,0.0,0.0,0.0,1.0,1.0,0.2593050714,0.2646671233,0.04564529657,0.04322707653
4601,1.0,0.0,0.0,0.0,1.0,1.0,0.2954018273,0.3331472962,0.05185377598,0.05358219147
4602,1.0,0.0,0.0,0.0,1.0,1.0,0.3162167335,0.3499789143,0.05438399315,0.05663830042
4603,1.0,0.0,0.0,0.0,1.0,1.0,0.3120127482,0.3496282899,0.05571568012,0.05899310112
4604,1.0,0.0,0.0,0.0,1.0,1.0,0.3369830888,0.3747906391,0.05831772089,0.06059348583
4605,1.0,0.0,0.0,0.0,1.0,1.0,0.3099963509,0.3385209238,0.05785065889,0.0597474575
4606,1.0,0.0,0.0,0.0,1.0,1.0,0.3083201501,0.3488962382,0.05257672071,0.05671197176
4607,1.0,0.0,0.0,0.0,1.0,1.0,0.3091055454,0.3427689636,0.05203396082,0.05492478609
4608,1.0,0.0,0.0,0.0,1.0,1.0,0.3147030411,0.348896038,0.05299043655,0.05590200424
4609,1.0,0.0,0.0,0.0,1.0,1.0,0.2914323104,0.3206094298,0.04672402143,0.0491976738
4610,1.0,0.0,0.0,0.0,1.0,1.0,0.29243574,0.314572364,0.04628574848,0.04764705896
4611,1.0,0.0,0.0,0.0,1.0,1.0,0.2982627108,0.3161872069,0.04640042782,0.04721450806
4612,1.0,0.0,0.0,0.0,1.0,1.0,0.3003594405,0.3102960877,0.047339499,0.04761636257
4613,1.0,0.0,0.0,0.0,1.0,1.0,0.2984441895,0.3240945306,0.04811698198,0.05007529259
4614,1.0,0.0,0.0,0.0,1.0,1.0,0.3130779957,0.3421027777,0.04999113083,0.05246323347
4615,1.0,0.0,0.0,0.0,1.0,1.0,0.3121121154,0.3433334409,0.04983747005,0.05201619864
4616,1.0,0.0,0.0,0.0,1.0,1.0,0.3168550641,0.3494424906,0.05008065701,0.0514125824
4617,1.0,0.0,0.0,0.0,1.0,1.0,0.3068756791,0.3451308232,0.04861497879,0.0510058403
4618,1.0,0.0,0.0,0.0,1.0,1.0,0.3079091203,0.3422003977,0.05011177063,0.05175477266
4619,1.0,0.0,0.0,0.0,1.0,1.0,0.2948352791,0.3349578731,0.04699367285,0.04911768436
4620,1.0,0.0,0.0,0.0,1.0,1.0,0.280987859,0.3178373884,0.04407858849,0.0456622839
4621,1.0,0.0,0.0,0.0,1.0,1.0,0.2826703192,0.3221643889,0.04466378689,0.04679065943
4622,1.0,0.0,0.0,0.0,1.0,1.0,0.2620385962,0.3027506175,0.04167717695,0.04434877634
4623,1.0,0.0,0.0,0.0,1.0,1.0,0.2594868065,0.299465064,0.04110610485,0.04322767258
4624,1.0,0.0,0.0,0.0,1.0,1.0,0.2536398513,0.293631496,0.04022169113,0.0428853631
4625,1.0,0.0,0.0,0.0,1.0,1.0,0.2531922533,0.2907470659,0.04036325216,0.04248762131
4626,1.0,0.0,0.0,0.0,1.0,1.0,0.2540387488,0.2976276725,0.0415610075,0.04429525137
4627,1.0,0.0,0.0,0.0,1.0,1.0,0.201874043,0.2259769,0.03321546316,0.03348773718
4628,1.0,0.0,0.0,0.0,1.0,1.0,0.1134118699,0.1923529539,0.01753592491,0.02657788992
4629,1.0,0.0,0.0,0.0,1.0,1.0,0.09292736314,0.1951697448,0.0135537982,0.02517127991
4630,1.0,0.0,0.0,0.0,1.0,1.0,0.09864165336,0.2003188722,0.01465582848,0.02571672201
4631,1.0,0.0,0.0,0.0,1.0,1.0,0.09994409136,0.2016422017,0.01489585638,0.02585703135
4632,1.0,0.0,0.0,0.0,1.0,1.0,0.1008959022,0.2034262651,0.01497018337,0.0259860158
4633,1.0,0.0,0.0,0.0,1.0,1.0,0.09764643754,0.2074736745,0.01454240084,0.0265185833
4634,1.0,0.0,0.0,0.0,1.0,1.0,0.1018660045,0.2151266014,0.01492017508,0.02702528238
4635,1.0,0.0,0.0,0.0,1.0,1.0,0.09690417666,0.232013631,0.01412135363,0.02879649401
4636,1.0,0.0,0.0,0.0,1.0,1.0,0.08375226938,0.2443076903,0.01269173622,0.031024158
4637,1.0,0.0,0.0,0.0,1.0,1.0,0.07743431989,0.2660853753,0.01184910536,0.03389394283
4638,1.0,0.0,0.0,0.0,1.0,1.0,0.06627147862,0.2867961224,0.0101750493,0.03630000353
4639,1.0,0.0,0.0,0.0,1.0,1.0,0.07632098099,0.3190185331,0.01175564528,0.04002523422
4640,1.0,0.0,0.0,0.0,1.0,1.0,0.06541798714,0.3331474857,0.01010996103,0.04156321287
4641,1.0,0.0,0.0,0.0,1.0,1.0,0.04836020644,0.3495801689,0.007464706898,0.04312926531
4642,1.0,0.0,0.0,0.0,1.0,1.0,0.0542193564,0.3457889888,0.008451581001,0.04366642237
4643,1.0,0.0,0.0,0.0,1.0,1.0,0.06223608628,0.3765022873,0.009653806686,0.04684954882
4644,1.0,0.0,0.0,0.0,1.0,1.0,0.07125821703,0.4065907021,0.01109218597,0.05091023445
4645,1.0,0.0,0.0,0.0,1.0,1.0,0.07799647691,0.3988803051,0.01239997149,0.05133002996
4646,1.0,0.0,0.0,0.0,1.0,1.0,0.08971673989,0.3874490082,0.01434749365,0.05050307512
4647,1.0,0.0,0.0,0.0,1.0,1.0,0.1223092587,0.3149501042,0.01909035444,0.04090791941
4648,1.0,0.0,0.0,0.0,1.0,1.0,0.2577596241,0.337020743,0.04238331318,0.04757863283
4649,1.0,0.0,0.0,0.0,1.0,1.0,0.3520759286,0.3949104493,0.05850249529,0.05688494444
4650,1.0,0.0,0.0,0.0,1.0,1.0,0.3683840332,0.4015940083,0.06223195791,0.05979681015
4651,1.0,0.0,0.0,0.0,1.0,1.0,0.3956123169,0.4128132273,0.06637364626,0.0612680316
4652,1.0,0.0,0.0,0.0,1.0,1.0,0.3917165852,0.4179482003,0.06661564112,0.0630518198
4653,1.0,0.0,0.0,0.0,1.0,1.0,0.3952777497,0.4206285447,0.06610828638,0.06288349628
4654,1.0,0.0,0.0,0.0,1.0,1.0,0.3952775881,0.4173299152,0.06658893824,0.06307005882
4655,1.0,0.0,0.0,0.0,1.0,1.0,0.3978359194,0.4158391942,0.06613057852,0.06263589859
4656,1.0,0.0,0.0,0.0,1.0,1.0,0.3874057793,0.4051304864,0.06374257803,0.06079643965
4657,1.0,0.0,0.0,0.0,1.0,1.0,0.400758247,0.4114310334,0.06571525335,0.06249654293
4658,1.0,0.0,0.0,0.0,1.0,1.0,0.395882645,0.4085436603,0.06476914883,0.06184923649
4659,1.0,0.0,0.0,0.0,1.0,1.0,0.3839021229,0.4096650941,0.06330007315,0.06196463108
4660,1.0,0.0,0.0,0.0,1.0,1.0,0.3701637473,0.4067904047,0.06120544672,0.06173765659
4661,1.0,0.0,0.0,0.0,1.0,1.0,0.3631411718,0.4032839453,0.06000208855,0.06106412411
4662,1.0,0.0,0.0,0.0,1.0,1.0,0.3610887983,0.3994246468,0.05954968929,0.06034719944
4663,1.0,0.0,0.0,0.0,1.0,1.0,0.3569432842,0.3867101273,0.05902493,0.0587567091
4664,1.0,0.0,0.0,0.0,1.0,1.0,0.3681305178,0.3983790174,0.06097948551,0.06097948551
4665,1.0,0.0,0.0,0.0,1.0,1.0,0.3519843777,0.3917673431,0.05850946903,0.06038820744
4666,1.0,0.0,0.0,0.0,1.0,1.0,0.3476319736,0.389642942,0.05745625496,0.05931830406
4667,1.0,0.0,0.0,0.0,1.0,1.0,0.3418286749,0.3979919905,0.05669116974,0.06020063162
4668,1.0,0.0,0.0,0.0,1.0,1.0,0.3331472182,0.3990574377,0.05521345139,0.05979210138
4669,1.0,0.0,0.0,0.0,1.0,1.0,0.299832318,0.3946132834,0.04949533939,0.05787980556
4670,1.0,0.0,0.0,0.0,1.0,1.0,0.3024629612,0.3909254152,0.05023014545,0.0578737855
4671,1.0,0.0,0.0,0.0,1.0,1.0,0.3071376389,0.3960050389,0.05117040873,0.05808526278
4672,1.0,0.0,0.0,0.0,1.0,1.0,0.2915037637,0.3963304343,0.04838293791,0.05723011494
4673,1.0,0.0,0.0,0.0,1.0,1.0,0.2936588391,0.4141657024,0.04877787828,0.05903238058
4674,1.0,0.0,0.0,0.0,1.0,1.0,0.3008351434,0.4144974816,0.04982614517,0.05923783779
4675,1.0,0.0,0.0,0.0,1.0,1.0,0.3175482978,0.4219432008,0.05298727751,0.06051707268
4676,1.0,0.0,0.0,0.0,1.0,1.0,0.3364455625,0.4291498109,0.05642914772,0.06223809719
4677,1.0,0.0,0.0,0.0,1.0,1.0,0.3589429487,0.4283323635,0.05939859152,0.06212329865
4678,1.0,0.0,0.0,0.0,1.0,1.0,0.3637312851,0.4216978517,0.06056755781,0.06193172932
4679,1.0,0.0,0.0,0.0,1.0,1.0,0.3733641117,0.4275388983,0.06220149994,0.06274473667
4680,1.0,0.0,0.0,0.0,1.0,1.0,0.3749917792,0.425217372,0.06253361702,0.06280207634
4681,1.0,0.0,0.0,0.0,1.0,1.0,0.3939166815,0.4203428379,0.06508004665,0.06265974045
4682,1.0,0.0,0.0,0.0,1.0,1.0,0.3797219224,0.4118577228,0.06247866154,0.06085586548
4683,1.0,0.0,0.0,0.0,1.0,1.0,0.3826619954,0.4128129898,0.06295746565,0.06056666374
4684,1.0,0.0,0.0,0.0,1.0,1.0,0.3796581264,0.4073810199,0.06252455711,0.06011974812
4685,1.0,0.0,0.0,0.0,1.0,1.0,0.371359843,0.4080458294,0.0613848567,0.06058418751
4686,1.0,0.0,0.0,0.0,1.0,1.0,0.3644644622,0.4077147515,0.0599526763,0.06021910906
4687,1.0,0.0,0.0,0.0,1.0,1.0,0.3569437142,0.4055705072,0.05907994509,0.06015408039
4688,1.0,0.0,0.0,0.0,1.0,1.0,0.3592766491,0.4088622994,0.05891978741,0.06025880575
4689,1.0,0.0,0.0,0.0,1.0,1.0,0.3539007001,0.4081970797,0.05756175518,0.05942720175
4690,1.0,0.0,0.0,0.0,1.0,1.0,0.3293053766,0.4001454985,0.05360352993,0.05815982819
4691,1.0,0.0,0.0,0.0,1.0,1.0,0.1420167783,0.4768172716,0.02238976955,0.06409066916
4692,1.0,0.0,0.0,0.0,1.0,1.0,0.1475450962,0.4770059733,0.02378505468,0.06540882587
4693,1.0,0.0,0.0,0.0,1.0,1.0,0.1703396421,0.4471188213,0.02731174231,0.06159079075
4694,1.0,0.0,0.0,0.0,1.0,1.0,0.2566593594,0.4164340567,0.04161262512,0.05924975872
4695,1.0,0.0,0.0,0.0,1.0,1.0,0.3209519854,0.4039097823,0.05260652304,0.05860316753
4696,1.0,0.0,0.0,0.0,1.0,1.0,0.3397441533,0.4120830958,0.05573761463,0.0597961545
4697,1.0,0.0,0.0,0.0,1.0,1.0,0.3626875189,0.4182851725,0.05919528008,0.06053453684
4698,1.0,0.0,0.0,0.0,1.0,1.0,0.3723408545,0.4207208878,0.06219339371,0.06246620417
4699,1.0,0.0,0.0,0.0,1.0,1.0,0.3846533965,0.423837549,0.06335473061,0.06200104952
4700,1.0,0.0,0.0,0.0,1.0,1.0,0.3942150405,0.4265014723,0.06500583887,0.06284797192
4701,1.0,0.0,0.0,0.0,1.0,1.0,0.3896683536,0.4243956771,0.06541776657,0.06322807074
4702,1.0,0.0,0.0,0.0,1.0,1.0,0.3974864657,0.4283324015,0.06515669823,0.06274354458
4703,1.0,0.0,0.0,0.0,1.0,1.0,0.3955095442,0.4228405218,0.06464451551,0.06196218729
4704,1.0,0.0,0.0,0.0,1.0,1.0,0.3909437062,0.4228408291,0.06400036812,0.06185811758
4705,1.0,0.0,0.0,0.0,1.0,1.0,0.3952039576,0.4299069352,0.06489235163,0.06274718046
4706,1.0,0.0,0.0,0.0,1.0,1.0,0.3841505193,0.4228408747,0.06376308203,0.06241214275
4707,1.0,0.0,0.0,0.0,1.0,1.0,0.3845253446,0.426501615,0.06472373009,0.06363135576
4708,1.0,0.0,0.0,0.0,1.0,1.0,0.3819003811,0.4262323721,0.06407791376,0.06325989962
4709,1.0,0.0,0.0,0.0,1.0,1.0,0.3855222677,0.4249455267,0.06411868334,0.06277167797
4710,1.0,0.0,0.0,0.0,1.0,1.0,0.3906613971,0.4265016744,0.06488525867,0.0629927516
4711,1.0,0.0,0.0,0.0,1.0,1.0,0.3926379975,0.428332078,0.06573069096,0.06355774403
4712,1.0,0.0,0.0,0.0,1.0,1.0,0.3867762317,0.4283320788,0.06385403872,0.06278079748
4713,1.0,0.0,0.0,0.0,1.0,1.0,0.3965263763,0.4283322734,0.066852808,0.06411296129
4714,1.0,0.0,0.0,0.0,1.0,1.0,0.4014019213,0.430416582,0.06711781025,0.06412875652
4715,1.0,0.0,0.0,0.0,1.0,1.0,0.3851509859,0.4301628065,0.0640386939,0.06349825859
4716,1.0,0.0,0.0,0.0,1.0,1.0,0.3975054022,0.4319934918,0.06588047743,0.06346040964
4717,1.0,0.0,0.0,0.0,1.0,1.0,0.3887618665,0.4283321297,0.06446683407,0.06285512447
4718,1.0,0.0,0.0,0.0,1.0,1.0,0.3955445661,0.430162793,0.06587702036,0.06370824575
4719,1.0,0.0,0.0,0.0,1.0,1.0,0.3926377561,0.4267689011,0.06494778395,0.06280076504
4720,1.0,0.0,0.0,0.0,1.0,1.0,0.3880376215,0.4280694893,0.06356924772,0.06223374605
4721,1.0,0.0,0.0,0.0,1.0,1.0,0.3841503236,0.4280692995,0.06345975399,0.06265300512
4722,1.0,0.0,0.0,0.0,1.0,1.0,0.3974866228,0.4301626828,0.06506276131,0.06292080879
4723,1.0,0.0,0.0,0.0,1.0,1.0,0.4001035287,0.4317441614,0.06684809923,0.06411957741
4724,1.0,0.0,0.0,0.0,1.0,1.0,0.3859233532,0.4312407967,0.06384640932,0.06357353926
4725,1.0,0.0,0.0,0.0,1.0,1.0,0.3892213112,0.4351810097,0.06332957745,0.06332957745
4726,1.0,0.0,0.0,0.0,1.0,1.0,0.3869342016,0.4330917953,0.06350439787,0.06323415041
4727,1.0,0.0,0.0,0.0,1.0,1.0,0.3958183623,0.4330913673,0.06528419256,0.06365209818
4728,1.0,0.0,0.0,0.0,1.0,1.0,0.3991168158,0.4407133185,0.06550770998,0.0646956563
4729,1.0,0.0,0.0,0.0,1.0,1.0,0.3981246298,0.4388691067,0.06536567211,0.06455200911
4730,1.0,0.0,0.0,0.0,1.0,1.0,0.3974675802,0.4407131686,0.06480056047,0.06426280737
4731,1.0,0.0,0.0,0.0,1.0,1.0,0.3951662406,0.4407131173,0.06502014399,0.06474924088
4732,1.0,0.0,0.0,0.0,1.0,1.0,0.3888557872,0.4349422595,0.06371766329,0.06371766329
4733,1.0,0.0,0.0,0.0,1.0,1.0,0.3907969449,0.4328438328,0.06374377012,0.06320124865
4734,1.0,0.0,0.0,0.0,1.0,1.0,0.4001057837,0.4384165751,0.06555873156,0.06367021799
4735,1.0,0.0,0.0,0.0,1.0,1.0,0.3991169477,0.4365594154,0.06503260136,0.06315153837
4736,1.0,0.0,0.0,0.0,1.0,1.0,0.4080369585,0.4477054963,0.06672984362,0.0651088357
4737,1.0,0.0,0.0,0.0,1.0,1.0,0.4040646999,0.4458476429,0.06671649218,0.06535494328
4738,1.0,0.0,0.0,0.0,1.0,1.0,0.3994477386,0.4439900924,0.06575399637,0.06467169523
4739,1.0,0.0,0.0,0.0,1.0,1.0,0.3991173461,0.4330915727,0.06561183929,0.06344282627
4740,1.0,0.0,0.0,0.0,1.0,1.0,0.4066920587,0.4370255703,0.06678169966,0.06407803297
4741,1.0,0.0,0.0,0.0,1.0,1.0,0.4083386222,0.4370251859,0.06724536419,0.06426268816
4742,1.0,0.0,0.0,0.0,1.0,1.0,0.4063843281,0.4367930988,0.0667052865,0.063993752
4743,1.0,0.0,0.0,0.0,1.0,1.0,0.4010914803,0.4404949764,0.06638860703,0.06475615501
4744,1.0,0.0,0.0,0.0,1.0,1.0,0.405356438,0.4404948661,0.06675070524,0.06431853771
4745,1.0,0.0,0.0,0.0,1.0,1.0,0.4040645819,0.4367932517,0.06654894352,0.06410431862
4746,1.0,0.0,0.0,0.0,1.0,1.0,0.3974869287,0.437025464,0.06566089392,0.06403964758
4747,1.0,0.0,0.0,0.0,1.0,1.0,0.3958184666,0.4363234526,0.06519669294,0.06356680393
4748,1.0,0.0,0.0,0.0,1.0,1.0,0.4014287662,0.4363232575,0.06581425667,0.06337666512
4749,1.0,0.0,0.0,0.0,1.0,1.0,0.4033988289,0.4386438049,0.06620442867,0.06404268742
4750,1.0,0.0,0.0,0.0,1.0,1.0,0.3971291588,0.4347014735,0.06527912617,0.06364715099
4751,1.0,0.0,0.0,0.0,1.0,1.0,0.3931136866,0.4307294121,0.06455421448,0.0631865263
4752,1.0,0.0,0.0,0.0,1.0,1.0,0.392101302,0.4285992517,0.06393718719,0.06230473518
4753,1.0,0.0,0.0,0.0,1.0,1.0,0.3938200124,0.4270004966,0.06492525339,0.06247007847
4754,1.0,0.0,0.0,0.0,1.0,1.0,0.3974677877,0.4330913135,0.06487888098,0.06299442053
4755,1.0,0.0,0.0,0.0,1.0,1.0,0.3833924476,0.4333372167,0.06225430965,0.06252032518
4756,1.0,0.0,0.0,0.0,1.0,1.0,0.3792670944,0.4296493156,0.06216269732,0.06216269732
4757,1.0,0.0,0.0,0.0,1.0,1.0,0.3805822931,0.4312410393,0.06211793423,0.06292819977
4758,1.0,0.0,0.0,0.0,1.0,1.0,0.3675151577,0.4195419858,0.05892890692,0.05999553204
4759,1.0,0.0,0.0,0.0,1.0,1.0,0.3303380417,0.4138912094,0.05265408754,0.05829566717
4760,1.0,0.0,0.0,0.0,1.0,1.0,0.2472670268,0.4243659912,0.03877258301,0.05802321434
4761,1.0,0.0,0.0,0.0,1.0,1.0,0.1998883655,0.4503656646,0.03100383282,0.06008708477
4762,1.0,0.0,0.0,0.0,1.0,1.0,0.2297171422,0.4266391644,0.03634446859,0.05858516693
4763,1.0,0.0,0.0,0.0,1.0,1.0,0.3098269001,0.4126483732,0.04970604181,0.05825763941
4764,1.0,0.0,0.0,0.0,1.0,1.0,0.3414760269,0.4170601297,0.0545539856,0.05907791853
4765,1.0,0.0,0.0,0.0,1.0,1.0,0.3635844085,0.4270003035,0.05805498362,0.06070590019
4766,1.0,0.0,0.0,0.0,1.0,1.0,0.3574161734,0.4288648063,0.05814427137,0.06191289425
4767,1.0,0.0,0.0,0.0,1.0,1.0,0.3667375957,0.4293899418,0.06013202667,0.06284064054
4768,1.0,0.0,0.0,0.0,1.0,1.0,0.3593312704,0.4283325462,0.05780535936,0.06130057573
4769,1.0,0.0,0.0,0.0,1.0,1.0,0.3616070872,0.4337201687,0.05879443884,0.0626052022
4770,1.0,0.0,0.0,0.0,1.0,1.0,0.352057138,0.4283322737,0.05693340302,0.06152045727
4771,1.0,0.0,0.0,0.0,1.0,1.0,0.3626737065,0.4267276495,0.05859684944,0.0615671277
4772,1.0,0.0,0.0,0.0,1.0,1.0,0.36100229,0.4283322457,0.05844902992,0.06169623137
4773,1.0,0.0,0.0,0.0,1.0,1.0,0.3592003787,0.4323431158,0.05839025974,0.06244516373
4774,1.0,0.0,0.0,0.0,1.0,1.0,0.3537258912,0.4320896167,0.05740582943,0.06227988005
4775,1.0,0.0,0.0,0.0,1.0,1.0,0.3620681397,0.4320895944,0.05812561512,0.06160783768
4776,1.0,0.0,0.0,0.0,1.0,1.0,0.3527442313,0.4264537049,0.05644911528,0.06101882458
4777,1.0,0.0,0.0,0.0,1.0,1.0,0.3510644417,0.4318340959,0.05693179369,0.06237977743
4778,1.0,0.0,0.0,0.0,1.0,1.0,0.3561037276,0.4302111234,0.05759012699,0.06220823526
4779,1.0,0.0,0.0,0.0,1.0,1.0,0.345506774,0.4299483943,0.05564677715,0.06189006567
4780,1.0,0.0,0.0,0.0,1.0,1.0,0.3432936797,0.4313181241,0.05554479361,0.06211173534
4781,1.0,0.0,0.0,0.0,1.0,1.0,0.3495501903,0.429417974,0.05689036846,0.06241369247
4782,1.0,0.0,0.0,0.0,1.0,1.0,0.3434506213,0.4324511346,0.05503022671,0.06190907955
4783,1.0,0.0,0.0,0.0,1.0,1.0,0.3521351079,0.4299924255,0.05671358109,0.06171768904
4784,1.0,0.0,0.0,0.0,1.0,1.0,0.3482374734,0.4272127587,0.0558911562,0.06092143059
4785,1.0,0.0,0.0,0.0,1.0,1.0,0.3471010813,0.429721569,0.0558128953,0.06198322773
4786,1.0,0.0,0.0,0.0,1.0,1.0,0.3453568659,0.4297208528,0.05481123924,0.06117814779
4787,1.0,0.0,0.0,0.0,1.0,1.0,0.3489279601,0.4308621667,0.05539613962,0.06096363068
4788,1.0,0.0,0.0,0.0,1.0,1.0,0.3495409243,0.4305892939,0.05608326197,0.06143796444
4789,1.0,0.0,0.0,0.0,1.0,1.0,0.3576949959,0.4347968299,0.05646193027,0.06116712093
4790,1.0,0.0,0.0,0.0,1.0,1.0,0.3548106447,0.442666534,0.0557140708,0.06205779314
4791,1.0,0.0,0.0,0.0,1.0,1.0,0.35859214,0.4397544541,0.05647939444,0.06151217222
4792,1.0,0.0,0.0,0.0,1.0,1.0,0.3616519921,0.4375069215,0.05722999573,0.06145882607
4793,1.0,0.0,0.0,0.0,1.0,1.0,0.3580886741,0.4435274413,0.05646049976,0.06207847595
4794,1.0,0.0,0.0,0.0,1.0,1.0,0.3531594647,0.441983878,0.05565822124,0.06178063154
4795,1.0,0.0,0.0,0.0,1.0,1.0,0.3514912491,0.4415203656,0.05485314131,0.06094789505
4796,1.0,0.0,0.0,0.0,1.0,1.0,0.3621424533,0.44934605,0.05657798052,0.06184750795
4797,1.0,0.0,0.0,0.0,1.0,1.0,0.3595876929,0.4459663747,0.05643206835,0.06196463108
4798,1.0,0.0,0.0,0.0,1.0,1.0,0.3582229822,0.4433009411,0.05550318956,0.06105351448
4799,1.0,0.0,0.0,0.0,1.0,1.0,0.3642491155,0.4491418618,0.05733841658,0.06270503998
4800,1.0,0.0,0.0,0.0,1.0,1.0,0.365387453,0.441753,0.05741500854,0.06219953299
4801,1.0,0.0,0.0,0.0,1.0,1.0,0.3752419881,0.4529989979,0.05868518353,0.06291723251
4802,1.0,0.0,0.0,0.0,1.0,1.0,0.3736567919,0.4505679668,0.05820435286,0.06216001511
4803,1.0,0.0,0.0,0.0,1.0,1.0,0.3720943916,0.4509676425,0.05804955959,0.06225603819
4804,1.0,0.0,0.0,0.0,1.0,1.0,0.3682153255,0.4448734867,0.05749869347,0.06203061342
4805,1.0,0.0,0.0,0.0,1.0,1.0,0.366401639,0.4408105685,0.05736941099,0.06162947416
4806,1.0,0.0,0.0,0.0,1.0,1.0,0.3795350271,0.4469048095,0.05900466442,0.06181436777
4807,1.0,0.0,0.0,0.0,1.0,1.0,0.3766010891,0.4428424491,0.05842196941,0.06123077869
4808,1.0,0.0,0.0,0.0,1.0,1.0,0.3738789457,0.4501615938,0.0580304265,0.06171035767
4809,1.0,0.0,0.0,0.0,1.0,1.0,0.3331471492,0.4295469109,0.05094462633,0.0578135252
4810,1.0,0.0,0.0,0.0,1.0,1.0,0.2571097142,0.4459395326,0.03896617889,0.05830281973
4811,1.0,0.0,0.0,0.0,1.0,1.0,0.2271460094,0.4534504274,0.03419715166,0.05828380585
4812,1.0,0.0,0.0,0.0,1.0,1.0,0.2131880703,0.4650182811,0.03204530478,0.05909276009
4813,1.0,0.0,0.0,0.0,1.0,1.0,0.2685641828,0.4414575315,0.0404984355,0.0569870472
4814,1.0,0.0,0.0,0.0,1.0,1.0,0.3017183608,0.4326588572,0.0456340313,0.05704253912
4815,1.0,0.0,0.0,0.0,1.0,1.0,0.329404199,0.4356541778,0.04994869232,0.05789506435
4816,1.0,0.0,0.0,0.0,1.0,1.0,0.3641088357,0.453136863,0.05643212795,0.06161469221
4817,1.0,0.0,0.0,0.0,1.0,1.0,0.3632659072,0.4617674197,0.05645519495,0.06275981665
4818,1.0,0.0,0.0,0.0,1.0,1.0,0.3707021237,0.4603237084,0.05847936869,0.06363928318
4819,1.0,0.0,0.0,0.0,1.0,1.0,0.3757025128,0.460487025,0.05861282349,0.06344985962
4820,1.0,0.0,0.0,0.0,1.0,1.0,0.3797880832,0.4627044077,0.05992436409,0.06451183558
4821,1.0,0.0,0.0,0.0,1.0,1.0,0.3704352739,0.4559955489,0.05771923065,0.06257683039
4822,1.0,0.0,0.0,0.0,1.0,1.0,0.3692790072,0.4539134486,0.05761957169,0.06249290705
4823,1.0,0.0,0.0,0.0,1.0,1.0,0.3681186058,0.4559952539,0.05727767944,0.06271904707
4824,1.0,0.0,0.0,0.0,1.0,1.0,0.3674421961,0.4580774695,0.05706632137,0.06277287006
4825,1.0,0.0,0.0,0.0,1.0,1.0,0.3750217868,0.4661264292,0.0575196147,0.06290322542
4826,1.0,0.0,0.0,0.0,1.0,1.0,0.3715872585,0.4603235761,0.0573682189,0.06273764372
4827,1.0,0.0,0.0,0.0,1.0,1.0,0.3743298322,0.4620850576,0.05769234896,0.06280791759
4828,1.0,0.0,0.0,0.0,1.0,1.0,0.3711163625,0.4561772003,0.05806326866,0.06323724985
4829,1.0,0.0,0.0,0.0,1.0,1.0,0.3736404462,0.4579033477,0.05860674381,0.06322598457
4830,1.0,0.0,0.0,0.0,1.0,1.0,0.3720146523,0.4599941693,0.05722504854,0.06263434887
4831,1.0,0.0,0.0,0.0,1.0,1.0,0.3791621616,0.464176158,0.05902767181,0.06361234188
4832,1.0,0.0,0.0,0.0,1.0,1.0,0.368601454,0.46015973,0.05666893721,0.06230765581
4833,1.0,0.0,0.0,0.0,1.0,1.0,0.3768692381,0.4603239017,0.05840247869,0.06355559826
4834,1.0,0.0,0.0,0.0,1.0,1.0,0.3879533224,0.4665442898,0.05990701914,0.06418609619
4835,1.0,0.0,0.0,0.0,1.0,1.0,0.389295534,0.4641759509,0.05969911814,0.06371736526
4836,1.0,0.0,0.0,0.0,1.0,1.0,0.3806506227,0.461280679,0.05994260311,0.06378126144
4837,1.0,0.0,0.0,0.0,1.0,1.0,0.3726733096,0.461116146,0.05795246363,0.06292819977
4838,1.0,0.0,0.0,0.0,1.0,1.0,0.390347808,0.4656974477,0.06021267176,0.06370329857
4839,1.0,0.0,0.0,0.0,1.0,1.0,0.3721927906,0.4611159551,0.05767953396,0.06294977665
4840,1.0,0.0,0.0,0.0,1.0,1.0,0.378775359,0.461606232,0.05825150013,0.06286543608
4841,1.0,0.0,0.0,0.0,1.0,1.0,0.3776088239,0.4638759156,0.05807447433,0.06356406212
4842,1.0,0.0,0.0,0.0,1.0,1.0,0.3764377099,0.4596587707,0.05824005604,0.06348162889
4843,1.0,0.0,0.0,0.0,1.0,1.0,0.3680188183,0.4575504335,0.05761134624,0.06346023083
4844,1.0,0.0,0.0,0.0,1.0,1.0,0.3649649704,0.4512251216,0.05770230293,0.06332457066
4845,1.0,0.0,0.0,0.0,1.0,1.0,0.3698867275,0.4596588517,0.05697983503,0.06273537874
4846,1.0,0.0,0.0,0.0,1.0,1.0,0.3693995664,0.4659840011,0.05678761005,0.06370586157
4847,1.0,0.0,0.0,0.0,1.0,1.0,0.3696049086,0.4594891549,0.05642098188,0.06246608496
4848,1.0,0.0,0.0,0.0,1.0,1.0,0.3603302153,0.4570100121,0.05590617657,0.06296801567
4849,1.0,0.0,0.0,0.0,1.0,1.0,0.3726731209,0.4614441697,0.05820548534,0.06379085779
4850,1.0,0.0,0.0,0.0,1.0,1.0,0.3658332165,0.4550649765,0.0563916564,0.06220525503
4851,1.0,0.0,0.0,0.0,1.0,1.0,0.3714904249,0.4552541523,0.05738991499,0.06263369322
4852,1.0,0.0,0.0,0.0,1.0,1.0,0.3617024145,0.4527389962,0.05517822504,0.06156736612
4853,1.0,0.0,0.0,0.0,1.0,1.0,0.3686154013,0.4570097801,0.05659657717,0.06243127584
4854,1.0,0.0,0.0,0.0,1.0,1.0,0.3707910051,0.4573718945,0.05687737465,0.06236302853
4855,1.0,0.0,0.0,0.0,1.0,1.0,0.3656495192,0.4573718214,0.05656975508,0.06266188622
4856,1.0,0.0,0.0,0.0,1.0,1.0,0.3675246523,0.4533334555,0.05645871162,0.06193178892
4857,1.0,0.0,0.0,0.0,1.0,1.0,0.3637742269,0.4531367413,0.05689114332,0.06275624037
4858,1.0,0.0,0.0,0.0,1.0,1.0,0.3637743034,0.4594892944,0.05611652136,0.0627695322
4859,1.0,0.0,0.0,0.0,1.0,1.0,0.3584339792,0.4568265366,0.05466276407,0.06160402298
4860,1.0,0.0,0.0,0.0,1.0,1.0,0.3712748804,0.459489033,0.05695766211,0.06242328882
4861,1.0,0.0,0.0,0.0,1.0,1.0,0.3577550766,0.454681609,0.05525225401,0.06197601557
4862,1.0,0.0,0.0,0.0,1.0,1.0,0.3584334365,0.4529385198,0.05670112371,0.0639013052
4863,1.0,0.0,0.0,0.0,1.0,1.0,0.3653265444,0.4444329389,0.05716919899,0.06190860271
4864,1.0,0.0,0.0,0.0,1.0,1.0,0.3617030243,0.4480254944,0.05601584911,0.06132256985
4865,1.0,0.0,0.0,0.0,1.0,1.0,0.360107457,0.4415637089,0.05481421947,0.06009042263
4866,1.0,0.0,0.0,0.0,1.0,1.0,0.351155069,0.4369855278,0.05377405882,0.05968332291
4867,1.0,0.0,0.0,0.0,1.0,1.0,0.3535311009,0.4313828664,0.05433011055,0.0593225956
4868,1.0,0.0,0.0,0.0,1.0,1.0,0.3445049672,0.4340793885,0.05366635323,0.06044828892
4869,1.0,0.0,0.0,0.0,1.0,1.0,0.3319040665,0.4312943879,0.05138611794,0.06004673243
4870,1.0,0.0,0.0,0.0,1.0,1.0,0.2701195954,0.4196794289,0.04086774588,0.05663102865
4871,1.0,0.0,0.0,0.0,1.0,1.0,0.1838973368,0.4492901664,0.02729415894,0.05814838409
4872,1.0,0.0,0.0,0.0,1.0,1.0,0.1448167589,0.4689323741,0.02110159397,0.05884683132
4873,1.0,0.0,0.0,0.0,1.0,1.0,0.1658911274,0.4596487566,0.02431577444,0.05853790045
4874,1.0,0.0,0.0,0.0,1.0,1.0,0.139839467,0.4594591497,0.02010029554,0.05734503269
4875,1.0,0.0,0.0,0.0,1.0,1.0,0.1383524364,0.4495095462,0.0201433301,0.05652159452
4876,1.0,0.0,0.0,0.0,1.0,1.0,0.1418960755,0.4497493371,0.02138406038,0.05857378244
4877,1.0,0.0,0.0,0.0,1.0,1.0,0.1389262315,0.4564757675,0.02052092552,0.05819380283
4878,1.0,0.0,0.0,0.0,1.0,1.0,0.1303620863,0.4588782595,0.01987373829,0.06025207043
4879,1.0,0.0,0.0,0.0,1.0,1.0,0.1251910909,0.4635091493,0.0180529952,0.05776953697
4880,1.0,0.0,0.0,0.0,1.0,1.0,0.1282924747,0.473165953,0.01874154806,0.05924761295
4881,1.0,0.0,0.0,0.0,1.0,1.0,0.1179463082,0.4734197236,0.01709294319,0.05937558413
4882,1.0,0.0,0.0,0.0,1.0,1.0,0.1292911758,0.4805929163,0.01868873835,0.05962598324
4883,1.0,0.0,0.0,0.0,1.0,1.0,0.1325792633,0.4877083878,0.01928383112,0.0602247715
4884,1.0,0.0,0.0,0.0,1.0,1.0,0.138638766,0.4924434712,0.01993465424,0.06039911509
4885,1.0,0.0,0.0,0.0,1.0,1.0,0.1172185573,0.5045960595,0.01689690351,0.06136238575
4886,1.0,0.0,0.0,0.0,1.0,1.0,0.1471571837,0.4782016204,0.02120393515,0.05889976025
4887,1.0,0.0,0.0,0.0,1.0,1.0,0.1809851948,0.4761486523,0.02644717693,0.05935925245
4888,1.0,0.0,0.0,0.0,1.0,1.0,0.2731149643,0.4321910875,0.03994715214,0.05557858944
4889,1.0,0.0,0.0,0.0,1.0,1.0,0.3130547888,0.4339680287,0.04722571373,0.05807882547
4890,1.0,0.0,0.0,0.0,1.0,1.0,0.3435580042,0.4405436381,0.05105692148,0.05830937624
4891,1.0,0.0,0.0,0.0,1.0,1.0,0.363610007,0.4473483496,0.05539256334,0.06072449684
4892,1.0,0.0,0.0,0.0,1.0,1.0,0.3651805269,0.4454032297,0.05643635988,0.06089186668
4893,1.0,0.0,0.0,0.0,1.0,1.0,0.3620326844,0.4413118172,0.05576461554,0.06051057577
4894,1.0,0.0,0.0,0.0,1.0,1.0,0.3592642303,0.4473485231,0.05568927526,0.06072497368
4895,1.0,0.0,0.0,0.0,1.0,1.0,0.3643004291,0.4523332089,0.0545412302,0.05996674299
4896,1.0,0.0,0.0,0.0,1.0,1.0,0.3709468816,0.4482476756,0.05562835932,0.06024003029
4897,1.0,0.0,0.0,0.0,1.0,1.0,0.3709467535,0.4542916325,0.0571154356,0.06214630604
4898,1.0,0.0,0.0,0.0,1.0,1.0,0.3656963783,0.458439745,0.05705612898,0.06303054094
4899,1.0,0.0,0.0,0.0,1.0,1.0,0.3581488159,0.4679592127,0.05708569288,0.0660520792
4900,1.0,0.0,0.0,0.0,1.0,1.0,0.3662213668,0.4634510912,0.06131392717,0.06946903467
4901,1.0,0.0,0.0,0.0,1.0,1.0,0.3727648807,0.455568706,0.06330883503,0.06942558289
4902,1.0,0.0,0.0,-0.5235987902,1.0,1.0,0.3891790841,0.4692499471,0.06710469723,0.07277554274
4903,1.0,0.0,0.0,-0.5235987902,1.0,1.0,0.3779706066,0.4257622306,0.07505816221,0.07686245441
4904,1.0,0.0,0.0,0.0,1.0,1.0,0.3468853404,0.4240054731,0.067692101,0.0750644803
4905,1.0,0.0,0.0,0.0,1.0,1.0,0.3405633528,0.4367789959,0.06636983156,0.07637530565
4906,1.0,0.0,0.0,0.0,1.0,1.0,0.3789770209,0.4699756954,0.07035690546,0.07755625248
4907,1.0,0.0,0.0,0.0,1.0,1.0,0.382033175,0.4481621518,0.06892883778,0.07382893562
4908,1.0,0.0,0.0,0.0,1.0,1.0,0.3844008108,0.443072356,0.06930190325,0.07227194309
4909,1.0,0.0,0.0,0.0,1.0,1.0,0.375460892,0.4521284688,0.06901520491,0.07493084669
4910,1.0,0.0,0.0,0.0,1.0,1.0,0.3806538112,0.4717363388,0.06943804026,0.07766526937
4911,1.0,0.0,0.0,0.0,1.0,1.0,0.3848219667,0.4575758283,0.066008389,0.07132655382
4912,1.0,0.0,0.0,0.0,1.0,1.0,0.3834222088,0.4517474354,0.0657697916,0.07044535875
4913,1.0,0.0,0.0,0.0,1.0,1.0,0.3734569199,0.4511100717,0.06275200844,0.06932604313
4914,1.0,0.0,0.0,0.0,1.0,1.0,0.3767806993,0.459202976,0.06266188622,0.07001656294
4915,1.0,0.0,0.0,0.0,1.0,1.0,0.380739765,0.4528720397,0.06219172478,0.06679850817
4916,1.0,0.0,0.0,0.0,1.0,1.0,0.3911638911,0.4660096645,0.06220138073,0.06705194712
4917,1.0,0.0,0.0,0.0,1.0,1.0,0.3846772537,0.4582422485,0.06110590696,0.06624567509
4918,1.0,0.0,0.0,0.0,1.0,1.0,0.3842620241,0.4523165577,0.06046187878,0.0650036335
4919,1.0,0.0,0.0,0.0,1.0,1.0,0.3707021378,0.4495481715,0.05789476633,0.06357073784
4920,1.0,0.0,0.0,0.0,1.0,1.0,0.371377182,0.4511651756,0.0573322773,0.06267207861
4921,1.0,0.0,0.0,0.0,1.0,1.0,0.3807400884,0.4630070103,0.05849415064,0.06383734941
4922,1.0,0.0,0.0,0.0,1.0,1.0,0.3783603601,0.4673503908,0.05923217535,0.06454068422
4923,1.0,0.0,0.0,0.0,1.0,1.0,0.3783599628,0.4693731622,0.06017166376,0.06584823132
4924,1.0,0.0,0.0,0.0,1.0,1.0,0.3719660959,0.4739416141,0.05910480022,0.06600958109
4925,1.0,0.0,0.0,0.0,1.0,1.0,0.3767260352,0.4741446973,0.06072771549,0.06682819128
4926,1.0,0.0,0.0,0.0,1.0,1.0,0.3640577869,0.4682428991,0.05901813507,0.06625628471
4927,1.0,0.0,0.0,0.0,1.0,1.0,0.3689446546,0.4679928228,0.05894464254,0.06530958414
4928,1.0,0.0,0.0,0.0,1.0,1.0,0.3739290828,0.4684886263,0.05901497602,0.06527006626
4929,1.0,0.0,0.0,0.0,1.0,1.0,0.3814796722,0.4704404645,0.0602992177,0.06575614214
4930,1.0,0.0,0.0,0.0,1.0,1.0,0.3830913504,0.4633425671,0.06133538485,0.06596952677
4931,1.0,0.0,0.0,0.0,1.0,1.0,0.3963888787,0.469319835,0.06308245659,0.06658703089
4932,1.0,0.0,0.0,0.0,1.0,1.0,0.4092471128,0.4696624744,0.06566596031,0.06783670187
4933,1.0,0.0,0.0,0.0,1.0,1.0,0.4049020595,0.4637560266,0.0644955039,0.06667256355
4934,1.0,0.0,0.0,0.0,1.0,1.0,0.4109384116,0.4642928951,0.0652808547,0.06689268351
4935,1.0,0.0,0.0,0.0,1.0,1.0,0.4038490666,0.466032273,0.06436532736,0.06734025478
4936,1.0,0.0,0.0,0.0,1.0,1.0,0.4035222479,0.4640264662,0.06448733807,0.0672083497
4937,1.0,0.0,0.0,0.0,1.0,1.0,0.4119318517,0.4607095982,0.06667351723,0.06776660681
4938,1.0,0.0,0.0,0.0,1.0,1.0,0.4017857209,0.4628408433,0.06496554613,0.06794309616
4939,1.0,0.0,0.0,0.0,1.0,1.0,0.3836239139,0.4549700786,0.06156438589,0.06588476896
4940,1.0,0.0,0.0,0.0,1.0,1.0,0.3221772155,0.4275178095,0.05108249187,0.06179332733
4941,1.0,0.0,0.0,0.0,1.0,1.0,0.2498606417,0.4658752339,0.03994166851,0.06675958633
4942,1.0,0.0,0.0,0.0,1.0,1.0,0.1933822379,0.5099193215,0.03030312061,0.07080161572
4943,1.0,0.0,0.0,0.0,1.0,1.0,0.1891339023,0.5101750963,0.02950006723,0.07056868076
4944,1.0,0.0,0.0,0.0,1.0,1.0,0.1950585551,0.5208952635,0.03063106537,0.07176411152
4945,1.0,0.0,0.0,0.0,1.0,1.0,0.1894849332,0.5146696343,0.02964502573,0.07004374266
4946,1.0,0.0,0.0,0.0,1.0,1.0,0.2512259804,0.4835356387,0.04086071253,0.07076597214
4947,1.0,0.0,0.0,-0.5235987902,1.0,1.0,0.3384919895,0.4338662312,0.05629742146,0.06637167931
4948,1.0,0.0,0.0,-0.5235987902,1.0,1.0,0.3845341927,0.4523989094,0.06867897511,0.07393813133
4949,1.0,0.0,0.0,-0.5235987902,1.0,1.0,0.4069278502,0.4642928704,0.07383936644,0.07692885399
4950,1.0,0.0,0.0,-0.5235987902,1.0,1.0,0.4276047725,0.4681398204,0.07773470879,0.07773470879
4951,1.0,0.0,0.0,-0.5235987902,1.0,1.0,0.4343212934,0.4649415807,0.0788307786,0.0773088932
4952,1.0,0.0,0.0,-0.5235987902,1.0,1.0,0.4423486587,0.467248202,0.08028316498,0.07817047834
4953,1.0,0.0,0.0,-0.5235987902,1.0,1.0,0.4493358746,0.4727574691,0.08208709955,0.07937097549
4954,1.0,0.0,0.0,-0.5235987902,1.0,1.0,0.4475112445,0.4779147826,0.08269178867,0.08054792881
4955,1.0,0.0,0.0,-0.5235987902,1.0,1.0,0.4501686595,0.4775931803,0.08122569323,0.07849800587
4956,1.0,0.0,0.0,-0.5235987902,1.0,1.0,0.4552251734,0.4754807679,0.0841088295,0.08063066006
4957,1.0,0.0,0.0,-0.5235987902,1.0,1.0,0.4656101252,0.4775110985,0.0913118124,0.08629471064
4958,1.0,0.0,0.0,-0.5235987902,1.0,1.0,0.4553770791,0.4755708045,0.08433222771,0.08085787296
4959,1.0,0.0,0.0,-0.5235987902,1.0,1.0,0.4527387656,0.4627045213,0.08459675312,0.07980823517
4960,1.0,0.0,0.0,-0.5235987902,1.0,1.0,0.4598450073,0.4774287417,0.0835480094,0.07923191786
4961,1.0,0.0,0.0,-0.5235987902,1.0,1.0,0.4607598658,0.4793620716,0.08322942257,0.07925152779
4962,1.0,0.0,0.0,-0.5235987902,1.0,1.0,0.4623266621,0.4793620245,0.08431816101,0.08028829098
4963,1.0,0.0,0.0,-0.5235987902,1.0,1.0,0.4682225214,0.4811441869,0.08455646038,0.07963681221
4964,1.0,0.0,0.0,-0.5235987902,1.0,1.0,0.4578640866,0.4829393578,0.08165615797,0.07891398668
4965,1.0,0.0,0.0,-0.5235987902,1.0,1.0,0.4502604869,0.4829393789,0.08290201426,0.0813319087
4966,1.0,0.0,0.0,-0.5235987902,1.0,1.0,0.4516378949,0.4773453878,0.08254081011,0.08034390211
4967,1.0,0.0,0.0,-0.5235987902,1.0,1.0,0.4561914056,0.4716468663,0.08242958784,0.07928341627
4968,1.0,0.0,0.0,-0.5235987902,1.0,1.0,0.4501831984,0.4716466739,0.07937926054,0.07723391056
4969,1.0,0.0,0.0,-0.5235987902,1.0,1.0,0.4547633178,0.4755706042,0.08082050085,0.07866936922
4970,1.0,0.0,0.0,-0.5235987902,1.0,1.0,0.4478469647,0.4735183266,0.07963579893,0.07779091597
4971,1.0,0.0,0.0,-0.5235987902,1.0,1.0,0.4520869404,0.4754809044,0.08251643181,0.08061957359
4972,1.0,0.0,0.0,-0.5235987902,1.0,1.0,0.4471189543,0.4659052527,0.08191770315,0.07966893911
4973,1.0,0.0,0.0,-0.5235987902,1.0,1.0,0.4345399257,0.4696625228,0.08034384251,0.08034384251
4974,1.0,0.0,0.0,-0.5235987902,1.0,1.0,0.4122480537,0.4694350697,0.07411420345,0.07722830772
4975,1.0,0.0,0.0,-0.5235987902,1.0,1.0,0.3862659299,0.4637562463,0.07179296017,0.0788757205
4976,1.0,0.0,0.0,-0.5235987902,1.0,1.0,0.3602228493,0.4549988963,0.06362205744,0.07297825813
4977,1.0,0.0,0.0,-0.5235987902,1.0,1.0,0.3507742617,0.4647212734,0.06289350986,0.0755354166
4978,1.0,0.0,0.0,-0.5235987902,1.0,1.0,0.3343140594,0.4630620819,0.05962061882,0.07491600513
4979,1.0,0.0,0.0,-0.5235987902,1.0,1.0,0.3249503327,0.4783318693,0.05884826183,0.07825225592
4980,1.0,0.0,0.0,-0.5235987902,1.0,1.0,0.3035605556,0.4858944618,0.05423897505,0.07802796364
4981,1.0,0.0,0.0,-0.5235987902,1.0,1.0,0.2702665279,0.5098775868,0.04723292589,0.07956683636
4982,1.0,0.0,0.0,-0.5235987902,1.0,1.0,0.234505684,0.5249172704,0.0402277112,0.07981699705
4983,1.0,0.0,0.0,-0.5235987902,1.0,1.0,0.2372506168,0.5467035818,0.04205745459,0.08477729559
4984,1.0,0.0,0.0,-0.5235987902,1.0,1.0,0.2397929518,0.5243988861,0.04157882929,0.08093589544
4985,1.0,0.0,0.0,-0.5235987902,1.0,1.0,0.2724109195,0.4936756278,0.04759031534,0.07721608877
4986,1.0,0.0,0.0,-0.5235987902,1.0,1.0,0.3088860735,0.4858398946,0.05446690321,0.07669192553
4987,1.0,0.0,0.0,-0.5235987902,1.0,1.0,0.3566911505,0.460982941,0.0624948144,0.07363253832
4988,1.0,0.0,0.0,-0.5235987902,1.0,1.0,0.3976836576,0.4693198134,0.07060557604,0.07648938894
4989,1.0,0.0,0.0,-0.5235987902,1.0,1.0,0.4174444299,0.4715412517,0.07423639297,0.07731676102
4990,1.0,0.0,0.0,-0.5235987902,1.0,1.0,0.4290708466,0.479209794,0.07764357328,0.08013808727
4991,1.0,0.0,0.0,-0.5235987902,1.0,1.0,0.4380162589,0.4772614573,0.07551378012,0.07641273737
4992,1.0,0.0,0.0,-0.5235987902,1.0,1.0,0.4393344683,0.4771772207,0.07797187567,0.07890379429
4993,1.0,0.0,0.0,-0.5235987902,1.0,1.0,0.4358338349,0.4770919582,0.07803457975,0.07928812504
4994,1.0,0.0,0.0,-0.5235987902,1.0,1.0,0.4405207802,0.4828133242,0.07803964615,0.0792734623
4995,1.0,0.0,0.0,-0.5235987902,1.0,1.0,0.4432306772,0.4865210313,0.08039075136,0.08133655787
4996,1.0,0.0,0.0,-0.5235987902,1.0,1.0,0.4449688369,0.4921496162,0.07993417978,0.08118319511
4997,1.0,0.0,0.0,-0.5235987902,1.0,1.0,0.4482663485,0.4902564836,0.07868629694,0.07929861546
4998,1.0,0.0,0.0,-0.5235987902,1.0,1.0,0.4519214888,0.4903275146,0.07925987244,0.07956469059
4999,1.0,0.0,0.0,-0.5235987902,1.0,1.0,0.4422617285,0.4845778304,0.07714307308,0.07775050402
5000,1.0,0.0,0.0,-0.5235987902,1.0,1.0,0.4401686508,0.4846349654,0.07971906662,0.08034431934
5001,1.0,0.0,0.0,-0.5235987902,1.0,1.0,0.4340138136,0.478899421,0.08491635323,0.08559298515
5002,1.0,0.0,0.0,-0.5235987902,1.0,1.0,0.4285803015,0.4807200823,0.07567715645,0.0775154233
5003,1.0,0.0,0.0,-0.5235987902,1.0,1.0,0.4372559018,0.4902203296,0.08203309774,0.08398622274
5004,1.0,0.0,0.0,-0.5235987902,1.0,1.0,0.4424880195,0.4884491846,0.08030563593,0.08061569929
5005,1.0,0.0,0.0,-0.5235987902,1.0,1.0,0.456006056,0.4921778367,0.08680087328,0.08516925573
5006,1.0,0.0,0.0,-0.5235987902,1.0,1.0,0.4627047992,0.4997210016,0.08851468563,0.08626157045
5007,1.0,0.0,0.0,-0.5235987902,1.0,1.0,0.4441964694,0.4902923573,0.08134651184,0.08134651184
5008,1.0,0.0,0.0,-0.5235987902,1.0,1.0,0.4438199546,0.4978423672,0.08046150208,0.08138281107
5009,1.0,0.0,0.0,-0.5235987902,1.0,1.0,0.4550579479,0.4978493616,0.08032047749,0.07913053036
5010,1.0,0.0,0.0,-0.5235987902,1.0,1.0,0.4445734479,0.5073504358,0.07823848724,0.07943302393
5011,1.0,0.0,0.0,-0.5235987902,1.0,1.0,0.4483799127,0.5074088662,0.07658594847,0.07717055082
5012,1.0,0.0,0.0,-0.5235987902,1.0,1.0,0.4418949815,0.5094431062,0.07444542646,0.07619023323
5013,1.0,0.0,0.0,-0.5235987902,1.0,1.0,0.4422616487,0.5055541345,0.07365679741,0.07539671659
5014,1.0,0.0,0.0,-0.5235987902,1.0,1.0,0.4401685935,0.5094430962,0.07362574339,0.07564687729
5015,1.0,0.0,0.0,-0.5235987902,1.0,1.0,0.4659444143,0.523054454,0.07834196091,0.07834196091
5016,1.0,0.0,0.0,-0.5235987902,1.0,1.0,0.4624799903,0.521193385,0.07656162977,0.07656162977
5017,1.0,0.0,0.0,-0.5235987902,1.0,1.0,0.4648971696,0.5232371416,0.0765593648,0.0765593648
5018,1.0,0.0,0.0,-0.5235987902,1.0,1.0,0.4618109243,0.5211095727,0.07658618689,0.07658618689
5019,1.0,0.0,0.0,-0.5235987902,1.0,1.0,0.4643346642,0.527156462,0.07686471939,0.07686471939
5020,1.0,0.0,0.0,-0.5235987902,1.0,1.0,0.465018065,0.5132790357,0.07615143061,0.07529896498
5021,1.0,0.0,0.0,-0.5235987902,1.0,1.0,0.4595337182,0.5075290729,0.07496130466,0.07410621643
5022,1.0,0.0,0.0,-0.5235987902,1.0,1.0,0.4643349953,0.515216085,0.07504457235,0.07420760393
5023,1.0,0.0,0.0,-0.5235987902,1.0,1.0,0.4764179753,0.5171530512,0.07706224918,0.07454931736
5024,1.0,0.0,0.0,-0.5235987902,1.0,1.0,0.4615475046,0.5094054289,0.07371354103,0.07288223505
5025,1.0,0.0,0.0,-0.5235987902,1.0,1.0,0.4645778285,0.511164761,0.07485765219,0.07402890921
5026,1.0,0.0,0.0,-0.5235987902,1.0,1.0,0.468810375,0.5129712861,0.07591116428,0.07535505295
5027,1.0,0.0,0.0,-0.5235987902,1.0,1.0,0.4670933077,0.5053782,0.07510107756,0.07399660349
5028,1.0,0.0,0.0,-0.5235987902,1.0,1.0,0.458648097,0.5129214029,0.07288974524,0.07397764921
5029,1.0,0.0,0.0,-0.5235987902,1.0,1.0,0.4668556948,0.5127731778,0.07444393635,0.07390642166
5030,1.0,0.0,0.0,-0.5235987902,1.0,1.0,0.4705215507,0.5161350468,0.0766171813,0.07688891888
5031,1.0,0.0,0.0,-0.5235987902,1.0,1.0,0.462179177,0.516194997,0.07525575161,0.07661414146
5032,1.0,0.0,0.0,-0.5235987902,1.0,1.0,0.4596094951,0.5181610263,0.07576459646,0.07741767168
5033,1.0,0.0,0.0,-0.5235987902,1.0,1.0,0.4804040156,0.5272792674,0.07705450058,0.07732397318
5034,1.0,0.0,0.0,-0.5235987902,1.0,1.0,0.4579385418,0.5070161765,0.07387441397,0.07495284081
5035,1.0,0.0,0.0,-0.5235987902,1.0,1.0,0.4627047375,0.5070161336,0.07486027479,0.07567691803
5036,1.0,0.0,0.0,-0.5235987902,1.0,1.0,0.4602470955,0.499721193,0.07371258736,0.07398164272
5037,1.0,0.0,0.0,-0.5235987902,1.0,1.0,0.4686459604,0.5107040232,0.0755418539,0.0755418539
5038,1.0,0.0,0.0,-0.5235987902,1.0,1.0,0.4661827552,0.5162559571,0.07521188259,0.07602351904
5039,1.0,0.0,0.0,-0.5235987902,1.0,1.0,0.4735974741,0.5163783091,0.07676404715,0.07621765137
5040,1.0,0.0,0.0,-0.5235987902,1.0,1.0,0.4690212676,0.5183669167,0.07422792912,0.07503765821
5041,1.0,0.0,0.0,-0.5235987902,1.0,1.0,0.4904199589,0.5258260711,0.07818120718,0.07602453232
5042,1.0,0.0,0.0,-0.5235987902,1.0,1.0,0.470026017,0.520308465,0.07572215796,0.07599550486
5043,1.0,0.0,0.0,-0.5235987902,1.0,1.0,0.4802070288,0.5201556643,0.07712364197,0.07630610466
5044,1.0,0.0,0.0,-0.5235987902,1.0,1.0,0.4777738413,0.5221803001,0.07636195421,0.0752826333
5045,1.0,0.0,0.0,-0.5235987902,1.0,1.0,0.4887285894,0.5275863545,0.07773405313,0.07638919353
5046,1.0,0.0,0.0,-0.5235987902,1.0,1.0,0.4878225444,0.5277947924,0.07751649618,0.07616603374
5047,1.0,0.0,0.0,-0.5235987902,1.0,1.0,0.4844234341,0.5276901376,0.07891047001,0.07835668325
5048,1.0,0.0,0.0,-0.5235987902,1.0,1.0,0.4869514444,0.5296667234,0.07744634151,0.07663393021
5049,1.0,0.0,0.0,-0.5235987902,1.0,1.0,0.488615964,0.5317785541,0.07721525431,0.07613533735
5050,1.0,0.0,0.0,-0.5235987902,1.0,1.0,0.4852488236,0.5315388025,0.07646310329,0.07619482279
5051,1.0,0.0,0.0,-0.5235987902,1.0,1.0,0.4795303116,0.5294442997,0.07679724693,0.07679724693
5052,1.0,0.0,0.0,-0.5235987902,1.0,1.0,0.4769681577,0.5275864226,0.0761564374,0.07642549276
5053,1.0,0.0,0.0,-0.5235987902,1.0,1.0,0.4913362985,0.5347570435,0.07900863886,0.07819974422
5054,1.0,0.0,0.0,-0.5235987902,1.0,1.0,0.4838169187,0.5291160372,0.07783770561,0.07756835222
5055,1.0,0.0,0.0,-0.5235987902,1.0,1.0,0.482201416,0.5402888446,0.07700937986,0.07807528973
5056,1.0,0.0,0.0,-0.5235987902,1.0,1.0,0.4854431301,0.5291163478,0.07751625776,0.07724803686
5057,1.0,0.0,0.0,-0.5235987902,1.0,1.0,0.4853464722,0.5293342908,0.07622855902,0.07596302032
5058,1.0,0.0,0.0,-0.5235987902,1.0,1.0,0.4888393552,0.5347566076,0.07811671495,0.07758164406
5059,1.0,0.0,0.0,-0.5235987902,1.0,1.0,0.4872072614,0.5383020063,0.0773987174,0.07766371965
5060,1.0,0.0,0.0,-0.5235987902,1.0,1.0,0.4789341206,0.5344999424,0.07642275095,0.07748413086
5061,1.0,0.0,0.0,-0.5235987902,1.0,1.0,0.4889116418,0.5398444349,0.07747268677,0.07799971104
5062,1.0,0.0,0.0,-0.5235987902,1.0,1.0,0.4863057624,0.5367375881,0.07636231184,0.07636231184
5063,1.0,0.0,0.0,-0.5235987902,1.0,1.0,0.4772710086,0.5327907147,0.07561218739,0.07640254498
5064,1.0,0.0,0.0,-0.5235987902,1.0,1.0,0.4714977292,0.5253477819,0.0751054287,0.07589876652
5065,1.0,0.0,0.0,-0.5235987902,1.0,1.0,0.4698372682,0.5270778732,0.07495975494,0.07654899359
5066,1.0,0.0,0.0,-0.5235987902,1.0,1.0,0.455798582,0.5106240014,0.07252132893,0.07410359383
5067,1.0,0.0,0.0,-0.5235987902,1.0,1.0,0.4506636237,0.5069370305,0.07134920359,0.07398200035
5068,1.0,0.0,0.0,-0.5235987902,1.0,1.0,0.4421573549,0.4997208972,0.06988191605,0.07278263569
5069,1.0,0.0,0.0,-0.5235987902,1.0,1.0,0.447337708,0.497923215,0.07148504257,0.07361096144
5070,1.0,0.0,0.0,-0.5235987902,1.0,1.0,0.4510901364,0.4907004925,0.0718010664,0.0726018548
5071,1.0,0.0,0.0,-0.5235987902,1.0,1.0,0.4479105157,0.4979166825,0.07197850943,0.07412707806
5072,1.0,0.0,0.0,-0.5235987902,1.0,1.0,0.4566986336,0.4979299043,0.0722438693,0.0727673769
5073,1.0,0.0,0.0,-0.5235987902,1.0,1.0,0.4553377592,0.5141015053,0.07244580984,0.07479965687
5074,1.0,0.0,0.0,-0.5235987902,1.0,1.0,0.4587600634,0.5104676841,0.07351541519,0.07482820749
5075,1.0,0.0,0.0,-0.5235987902,1.0,1.0,0.4615359046,0.5124411586,0.07365638018,0.07471626997
5076,1.0,0.0,0.0,-0.5235987902,1.0,1.0,0.4661827547,0.5125811275,0.07376861572,0.074033916
5077,1.0,0.0,0.0,-0.5235987902,1.0,1.0,0.4568875492,0.5257285108,0.07263940573,0.07557702065
5078,1.0,0.0,0.0,-0.5235987902,1.0,1.0,0.4559744491,0.5201558749,0.07219046354,0.07458794117
5079,1.0,0.0,0.0,-0.5235987902,1.0,1.0,0.4525776016,0.5245163788,0.07133686543,0.07430922985
5080,1.0,0.0,0.0,-0.5235987902,1.0,1.0,0.4563425515,0.5187944302,0.0717702508,0.07422626019
5081,1.0,0.0,0.0,-0.5235987902,1.0,1.0,0.4716665337,0.5307111651,0.07487297058,0.07626461983
5082,1.0,0.0,0.0,-0.5235987902,1.0,1.0,0.4829755225,0.5386100248,0.07564222813,0.07647043467
5083,1.0,0.0,0.0,-0.5235987902,1.0,1.0,0.4909847334,0.5440978605,0.07688117027,0.07715475559
5084,1.0,0.0,0.0,-0.5235987902,1.0,1.0,0.49006032,0.5426654638,0.07750636339,0.07722854614
5085,1.0,0.0,0.0,-0.5235987902,1.0,1.0,0.4865471547,0.5491001746,0.07667654753,0.0769533515
5086,1.0,0.0,0.0,-0.5235987902,1.0,1.0,0.4865474016,0.5489056982,0.0767647624,0.07731896639
5087,1.0,0.0,0.0,-0.5235987902,1.0,1.0,0.4848428556,0.5447939159,0.07778382301,0.0780646801
5088,1.0,0.0,0.0,-0.5235987902,1.0,1.0,0.4892736752,0.5508733756,0.07774883509,0.07747215033
5089,1.0,0.0,0.0,-0.5235987902,1.0,1.0,0.4883437384,0.5447936619,0.07712292671,0.07684648037
5090,1.0,0.0,0.0,-0.5235987902,1.0,1.0,0.4900603047,0.5467535154,0.07704412937,0.07704412937
5091,1.0,0.0,0.0,-0.5235987902,1.0,1.0,0.4805680065,0.5368099349,0.07615810633,0.07588219643
5092,1.0,0.0,0.0,-0.5235987902,1.0,1.0,0.4866391533,0.5446177729,0.07695317268,0.07695317268
5093,1.0,0.0,0.0,-0.5235987902,1.0,1.0,0.4806344912,0.5465695916,0.07652407885,0.07735282183
5094,1.0,0.0,0.0,-0.5235987902,1.0,1.0,0.4832656271,0.5384588194,0.07654362917,0.07626926899
5095,1.0,0.0,0.0,-0.5235987902,1.0,1.0,0.484049824,0.5403956336,0.07633429766,0.07660889626
5096,1.0,0.0,0.0,-0.5235987902,1.0,1.0,0.467564774,0.5348577331,0.07405304909,0.07542955875
5097,1.0,0.0,0.0,-0.5235987902,1.0,1.0,0.4471185226,0.5352742097,0.0711684823,0.07563400269
5098,1.0,0.0,0.0,-0.5235987902,1.0,1.0,0.379716094,0.5425539891,0.05878674984,0.07376074791
5099,1.0,0.0,0.0,-0.5235987902,1.0,1.0,0.3246362037,0.5907719719,0.0499560833,0.07830196619
5100,1.0,0.0,0.0,-0.5235987902,1.0,1.0,0.3150415371,0.5921065223,0.04915422201,0.07966375351
5101,1.0,0.0,0.0,-0.5235987902,1.0,1.0,0.3361274482,0.5652581769,0.05301511288,0.07783067226
5102,1.0,0.0,0.0,-0.5235987902,1.0,1.0,0.3759041255,0.5482768449,0.05873847008,0.07544136047
5103,1.0,0.0,0.0,-0.5235987902,1.0,1.0,0.4343124917,0.5311993555,0.06821370125,0.07396668196
5104,1.0,0.0,0.0,-0.5235987902,1.0,1.0,0.4513053112,0.5287742538,0.07061135769,0.07385778427
5105,1.0,0.0,0.0,-0.5235987902,1.0,1.0,0.4631141572,0.533922251,0.07258570194,0.0749874711
5106,1.0,0.0,0.0,-0.5235987902,1.0,1.0,0.4784378351,0.5358221799,0.07603591681,0.07630652189
5107,1.0,0.0,0.0,-0.5235987902,1.0,1.0,0.4707267051,0.5298926743,0.07414895296,0.07549226284
5108,1.0,0.0,0.0,-0.5235987902,1.0,1.0,0.4665197456,0.5320224933,0.07421636581,0.07584154606
5109,1.0,0.0,0.0,-0.5235987902,1.0,1.0,0.4699251894,0.526121423,0.07380527258,0.07460749149
5110,1.0,0.0,0.0,-0.5235987902,1.0,1.0,0.4648167707,0.5318997575,0.07390725613,0.0760730505
5111,1.0,0.0,0.0,-0.5235987902,1.0,1.0,0.4581481796,0.5281143241,0.07307362556,0.07550942898
5112,1.0,0.0,0.0,-0.5235987902,1.0,1.0,0.458148062,0.5261211106,0.07241308689,0.07482683659
5113,1.0,0.0,0.0,-0.5235987902,1.0,1.0,0.4589272765,0.5318998337,0.07238924503,0.07533842325
5114,1.0,0.0,0.0,-0.5235987902,1.0,1.0,0.4690213163,0.5337928766,0.07451570034,0.07641249895
5115,1.0,0.0,0.0,-0.5235987902,1.0,1.0,0.4656103995,0.5301223198,0.07418161631,0.07581198215
5116,1.0,0.0,0.0,-0.5235987902,1.0,1.0,0.4716280109,0.5301226363,0.07508969307,0.07563185692
5117,1.0,0.0,0.0,-0.5235987902,1.0,1.0,0.469332504,0.5336642015,0.07582825422,0.0771920681
5118,1.0,0.0,0.0,-0.5235987902,1.0,1.0,0.4691258798,0.5280072983,0.07379007339,0.07485949993
5119,1.0,0.0,0.0,-0.5235987902,1.0,1.0,0.476735449,0.5281140685,0.07559758425,0.07532757521
5120,1.0,0.0,0.0,-0.5235987902,1.0,1.0,0.4639046297,0.5280071738,0.073607862,0.0757728219
5121,1.0,0.0,0.0,-0.5235987902,1.0,1.0,0.4664063821,0.5281144709,0.07381016016,0.07543236017
5122,1.0,0.0,0.0,-0.5235987902,1.0,1.0,0.4690211601,0.5339224565,0.07329726219,0.07489651442
5123,1.0,0.0,0.0,-0.5235987902,1.0,1.0,0.463114345,0.5318999294,0.07299882174,0.07541424036
5124,1.0,0.0,0.0,-0.5235987902,1.0,1.0,0.4646979798,0.5280067522,0.07255285978,0.07468670607
5125,1.0,0.0,0.0,-0.5235987902,1.0,1.0,0.4640263408,0.5336645503,0.07318162918,0.07586234808
5126,1.0,0.0,0.0,-0.5235987902,1.0,1.0,0.4606272302,0.5280068161,0.07250237465,0.07491016388
5127,1.0,0.0,0.0,-0.5235987902,1.0,1.0,0.47342012,0.5296667971,0.07538539171,0.07646614313
5128,1.0,0.0,0.0,-0.5235987902,1.0,1.0,0.4752824785,0.5316577695,0.07502877712,0.07529485226
5129,1.0,0.0,0.0,-0.5235987902,1.0,1.0,0.4642678217,0.5240518419,0.07310408354,0.07443320751
5130,1.0,0.0,0.0,-0.5235987902,1.0,1.0,0.4674258575,0.5260217489,0.07299345732,0.07432061434
5131,1.0,0.0,0.0,-0.5235987902,1.0,1.0,0.4682224545,0.527900845,0.07357764244,0.07518297434
5132,1.0,0.0,0.0,-0.5235987902,1.0,1.0,0.4656105268,0.5298928904,0.07302123308,0.07516103983
5133,1.0,0.0,0.0,-0.5235987902,1.0,1.0,0.4699249883,0.5298931406,0.07349717617,0.07482868433
5134,1.0,0.0,0.0,-0.5235987902,1.0,1.0,0.468329293,0.5317788163,0.07399451733,0.07560312748
5135,1.0,0.0,0.0,-0.5235987902,1.0,1.0,0.4681146343,0.5320222835,0.07302099466,0.07462000847
5136,1.0,0.0,0.0,-0.5235987902,1.0,1.0,0.4654935718,0.5320224963,0.07245433331,0.07458537817
5137,1.0,0.0,0.0,-0.5235987902,1.0,1.0,0.4706274381,0.535822563,0.07437509298,0.07626831532
5138,1.0,0.0,0.0,-0.5235987902,1.0,1.0,0.4783650572,0.533922185,0.07557982206,0.0758497715
5139,1.0,0.0,0.0,-0.5235987902,1.0,1.0,0.4732402647,0.5320222751,0.07484579086,0.07565635443
5140,1.0,0.0,0.0,-0.5235987902,1.0,1.0,0.4696172794,0.5321456213,0.07342493534,0.07503867149
5141,1.0,0.0,0.0,-0.5235987902,1.0,1.0,0.4773197812,0.5381606063,0.07546955347,0.07628685236
5142,1.0,0.0,0.0,-0.5235987902,1.0,1.0,0.4772420087,0.544269958,0.07536500692,0.07673037052
5143,1.0,0.0,0.0,-0.5235987902,1.0,1.0,0.4713375772,0.5341842878,0.07508212328,0.07645219564
5144,1.0,0.0,0.0,-0.5235987902,1.0,1.0,0.4770852768,0.5345850926,0.07482153177,0.07536768913
5145,1.0,0.0,0.0,-0.5235987902,1.0,1.0,0.4772421964,0.5384590415,0.07558470964,0.07613241673
5146,1.0,0.0,0.0,-0.5235987902,1.0,1.0,0.4720546202,0.5384587479,0.07471489906,0.0760833025
5147,1.0,0.0,0.0,-0.5235987902,1.0,1.0,0.478899318,0.5384590795,0.0757561326,0.07630509138
5148,1.0,0.0,0.0,-0.5235987902,1.0,1.0,0.4702236216,0.5345852317,0.07487046719,0.07625186443
5149,1.0,0.0,0.0,-0.5235987902,1.0,1.0,0.4746049649,0.5423324307,0.07454293966,0.07617521286
5150,1.0,0.0,0.0,-0.5235987902,1.0,1.0,0.4746919979,0.5403956799,0.07692682743,0.07804566622
5151,1.0,0.0,0.0,-0.5235987902,1.0,1.0,0.4789713082,0.5362392832,0.07527071238,0.07581418753
5152,1.0,0.0,0.0,-0.5235987902,1.0,1.0,0.4746914493,0.5325210288,0.07583171129,0.07610750198
5153,1.0,0.0,0.0,-0.5235987902,1.0,1.0,0.4755964642,0.534316852,0.07520389557,0.07574886084
5154,1.0,0.0,0.0,-0.5235987902,1.0,1.0,0.4486231387,0.5268373486,0.07085120678,0.0744073987
5155,1.0,0.0,0.0,-0.5235987902,1.0,1.0,0.4375837741,0.5311998036,0.06853318214,0.07401591539
5156,1.0,0.0,0.0,-0.5235987902,1.0,1.0,0.4190642353,0.5372493993,0.06551265717,0.07455831766
5157,1.0,0.0,0.0,-0.5235987902,1.0,1.0,0.425818424,0.5354153204,0.06688070297,0.07461899519
5158,1.0,0.0,0.0,-0.5235987902,1.0,1.0,0.4138040157,0.5272644223,0.06422305107,0.07293123007
5159,1.0,0.0,0.0,-0.5235987902,1.0,1.0,0.4245880705,0.5232373525,0.06637960672,0.07293564081
5160,1.0,0.0,0.0,-0.5235987902,1.0,1.0,0.4241109433,0.5231453778,0.06627845764,0.07279765606
5161,1.0,0.0,0.0,-0.5235987902,1.0,1.0,0.4414925922,0.5309537577,0.07058298588,0.07558494806
5162,1.0,0.0,0.0,-0.5235987902,1.0,1.0,0.4490497209,0.5291163657,0.07133924961,0.07494789362
5163,1.0,0.0,0.0,-0.5235987902,1.0,1.0,0.4598124781,0.5365223327,0.0734552145,0.07678157091
5164,1.0,0.0,0.0,-0.5235987902,1.0,1.0,0.463155957,0.5363801978,0.07348120213,0.07679617405
5165,1.0,0.0,0.0,-0.5235987902,1.0,1.0,0.4710412946,0.5365221374,0.07445192337,0.07610028982
5166,1.0,0.0,0.0,-0.5235987902,1.0,1.0,0.4788995552,0.5481434595,0.07591360807,0.07783889771
5167,1.0,0.0,0.0,-0.5235987902,1.0,1.0,0.4832087575,0.5481434199,0.07677841187,0.07815927267
5168,1.0,0.0,0.0,-0.5235987902,1.0,1.0,0.4683797916,0.5366655362,0.07372558117,0.07564407587
5169,1.0,0.0,0.0,-0.5235987902,1.0,1.0,0.483150919,0.5465698706,0.07593226433,0.07675462961
5170,1.0,0.0,0.0,-0.5235987902,1.0,1.0,0.4874899014,0.5444429678,0.07664418221,0.07691890001
5171,1.0,0.0,0.0,-0.5235987902,1.0,1.0,0.4822483174,0.5465697443,0.07653582096,0.0776450038
5172,1.0,0.0,0.0,-0.5235987902,1.0,1.0,0.4831505684,0.548331979,0.07652711868,0.07790851593
5173,1.0,0.0,0.0,-0.5235987902,1.0,1.0,0.4875325713,0.5502760262,0.07721740007,0.07804471254
5174,1.0,0.0,0.0,-0.5235987902,1.0,1.0,0.4918992501,0.5481434999,0.07809841633,0.07809841633
5175,1.0,0.0,0.0,-0.5235987902,1.0,1.0,0.489273697,0.5462066461,0.07753896713,0.07781493664
5176,1.0,0.0,0.0,-0.5235987902,1.0,1.0,0.4866847695,0.5462064271,0.07626545429,0.07681018114
5177,1.0,0.0,0.0,-0.5235987902,1.0,1.0,0.4867298478,0.5381611209,0.07651740313,0.07624512911
5178,1.0,0.0,0.0,-0.5235987902,1.0,1.0,0.4823090308,0.548143384,0.07602530718,0.0776720643
5179,1.0,0.0,0.0,-0.5235987902,1.0,1.0,0.4823091922,0.5442694523,0.07664597034,0.07775270939
5180,1.0,0.0,0.0,-0.5235987902,1.0,1.0,0.4787536633,0.5405541857,0.07573032379,0.07683587074
5181,1.0,0.0,0.0,-0.5235987902,1.0,1.0,0.4874039023,0.5407136085,0.07702541351,0.07702541351
5182,1.0,0.0,0.0,-0.5235987902,1.0,1.0,0.4883434901,0.5465700946,0.07646512985,0.07673925161
5183,1.0,0.0,0.0,-0.5235987902,1.0,1.0,0.4832084338,0.5465694774,0.07714051008,0.07769542933
5184,1.0,0.0,0.0,-0.5235987902,1.0,1.0,0.4831505083,0.5526323957,0.07610553503,0.07747930288
5185,1.0,0.0,0.0,-0.5235987902,1.0,1.0,0.4839955302,0.5506728031,0.07599020004,0.07708752155
5186,1.0,0.0,0.0,-0.5235987902,1.0,1.0,0.4874899425,0.54852174,0.0772280097,0.07778161764
5187,1.0,0.0,0.0,-0.5235987902,1.0,1.0,0.4857914461,0.5526322292,0.07781875134,0.07865548134
5188,1.0,0.0,0.0,-0.5235987902,1.0,1.0,0.4865932095,0.5524260127,0.07731986046,0.07871055603
5189,1.0,0.0,0.0,-0.5235987902,1.0,1.0,0.4857429967,0.5506728842,0.07671141624,0.07753920555
5190,1.0,0.0,0.0,-0.5235987902,1.0,1.0,0.4733273254,0.5510759492,0.07469588518,0.07747268677
5191,1.0,0.0,0.0,-0.5235987902,1.0,1.0,0.4522123852,0.5392249192,0.07164490223,0.07610529661
5192,1.0,0.0,0.0,-0.5235987902,1.0,1.0,0.4477219087,0.5354154893,0.07065671682,0.07510751486
5193,1.0,0.0,0.0,-0.5235987902,1.0,1.0,0.4412429392,0.5458796547,0.0691678524,0.07555681467
5194,1.0,0.0,0.0,-0.5235987902,1.0,1.0,0.4296002954,0.5378521882,0.0677959919,0.0750798583
5195,1.0,0.0,0.0,-0.5235987902,1.0,1.0,0.4410350226,0.5400211047,0.06887286901,0.07442712784
5196,1.0,0.0,0.0,-0.5235987902,1.0,1.0,0.4334498114,0.5380060509,0.06753647327,0.07451337576
5197,1.0,0.0,0.0,-0.5235987902,1.0,1.0,0.4244940657,0.5525368624,0.0661264658,0.07589197159
5198,1.0,0.0,0.0,-0.5235987902,1.0,1.0,0.4069158435,0.56472521,0.06387144327,0.07787829638
5199,1.0,0.0,0.0,-0.5235987902,1.0,1.0,0.4094316041,0.5667567256,0.06417244673,0.07818388939
5200,1.0,0.0,0.0,-0.5235987902,1.0,1.0,0.4019299147,0.5670301653,0.0629336834,0.07810521126
5201,1.0,0.0,0.0,-0.5235987902,1.0,1.0,0.3853704277,0.5743681817,0.05995577574,0.07760632038
5202,1.0,0.0,0.0,-0.5235987902,1.0,1.0,0.3838437842,0.5830074707,0.05931150913,0.07833588123
5203,1.0,0.0,0.0,-0.5235987902,1.0,1.0,0.3777278183,0.5743676382,0.05860471725,0.07767218351
5204,1.0,0.0,0.0,-0.5235987902,1.0,1.0,0.3729801796,0.5809258941,0.05833703279,0.07900989056
5205,1.0,0.0,0.0,-0.5235987902,1.0,1.0,0.3664018129,0.583356145,0.05711025,0.07887995243
5206,1.0,0.0,0.0,-0.5235987902,1.0,1.0,0.3652506616,0.589254131,0.05671286583,0.07984942198
5207,1.0,0.0,0.0,-0.5235987902,1.0,1.0,0.3591463665,0.5988219794,0.05626535416,0.08070379496
5208,1.0,0.0,0.0,-0.5235987902,1.0,1.0,0.3654267997,0.5950065931,0.0566624999,0.07961076498
5209,1.0,0.0,0.0,-0.5235987902,1.0,1.0,0.3642656491,0.6034767946,0.05633318424,0.08067816496
5210,1.0,0.0,0.0,-0.5235987902,1.0,1.0,0.3592883827,0.5992416121,0.0561273098,0.08062958717
5211,1.0,0.0,0.0,-0.5235987902,1.0,1.0,0.3617727692,0.603917742,0.05627316236,0.08071494102
5212,1.0,0.0,0.0,-0.5235987902,1.0,1.0,0.3574648263,0.6064990385,0.05541276932,0.08029192686
5213,1.0,0.0,0.0,-0.5235987902,1.0,1.0,0.3612664011,0.5996655445,0.05590283871,0.08002334833
5214,1.0,0.0,0.0,-0.5235987902,1.0,1.0,0.3547004292,0.6143754476,0.05489516258,0.08119904995
5215,1.0,0.0,0.0,-0.5235987902,1.0,1.0,0.3510055,0.6187015274,0.05415260792,0.08151388168
5216,1.0,0.0,0.0,-0.5235987902,1.0,1.0,0.35220166,0.6279098936,0.05383896828,0.08146315813
5217,1.0,0.0,0.0,-0.5235987902,1.0,1.0,0.3585355603,0.6284702376,0.05432897806,0.0810713172
5218,1.0,0.0,0.0,-0.5235987902,1.0,1.0,0.3516553368,0.6306521122,0.05374872684,0.08175468445
5219,1.0,0.0,0.0,-0.5235987902,1.0,1.0,0.3436158993,0.6412346884,0.05277514458,0.08228379488
5220,1.0,0.0,0.0,-0.5235987902,1.0,1.0,0.3515533471,0.6362084847,0.05452442169,0.08250027895
5221,1.0,0.0,0.0,-0.5235987902,1.0,1.0,0.3453283721,0.6472158522,0.0539098978,0.08385980129
5222,1.0,0.0,0.0,-0.5235987902,1.0,1.0,0.3459605737,0.6516181906,0.0535004735,0.08378905058
5223,1.0,0.0,0.0,-0.5235987902,1.0,1.0,0.3461029397,0.6670383251,0.05225265026,0.08354836702
5224,1.0,0.0,0.0,-0.5235987902,1.0,1.0,0.3405504706,0.6767520136,0.0519375205,0.08524525166
5225,1.0,0.0,0.0,-0.5235987902,1.0,1.0,0.3442523901,0.6655475628,0.05255389214,0.08391666412
5226,1.0,0.0,0.0,-0.5235987902,1.0,1.0,0.3473896957,0.6685453222,0.05249023438,0.08336681128
5227,1.0,0.0,0.0,-0.5235987902,1.0,1.0,0.3392939364,0.6655475728,0.05209171772,0.08408284187
5228,1.0,0.0,0.0,-0.5235987902,1.0,1.0,0.3362094129,0.6745108937,0.05145525932,0.08463400602
5229,1.0,0.0,0.0,-0.5235987902,1.0,1.0,0.3441906926,0.6715000017,0.05267930031,0.08479398489
5230,1.0,0.0,0.0,-0.5235987902,1.0,1.0,0.3405095476,0.6722699085,0.05186116695,0.08409917355
5231,1.0,0.0,0.0,-0.5235987902,1.0,1.0,0.3454633417,0.668545496,0.05224502087,0.08297735453
5232,1.0,0.0,0.0,-0.5235987902,1.0,1.0,0.3428741519,0.6707363411,0.05266153812,0.08459460735
5233,1.0,0.0,0.0,-0.5235987902,1.0,1.0,0.345960322,0.6692691451,0.05260711908,0.08350342512
5234,1.0,0.0,0.0,-0.5235987902,1.0,1.0,0.3453955978,0.688804313,0.0528216958,0.08597564697
5235,1.0,0.0,0.0,-0.5235987902,1.0,1.0,0.3484290553,0.6796202712,0.0538777113,0.08677148819
5236,1.0,0.0,0.0,-0.5235987902,1.0,1.0,0.3446980584,0.677399222,0.05307728052,0.08565378189
5237,1.0,0.0,0.0,-0.5235987902,1.0,1.0,0.3441908296,0.6812343676,0.05246734619,0.0852945447
5238,1.0,0.0,0.0,-0.5235987902,1.0,1.0,0.350358081,0.6722708518,0.05308789015,0.08382296562
5239,1.0,0.0,0.0,-0.5235987902,1.0,1.0,0.3478723026,0.6834742767,0.05338972807,0.08615791798
5240,1.0,0.0,0.0,-0.5235987902,1.0,1.0,0.3502628623,0.6789930881,0.05398774147,0.08564555645
5241,1.0,0.0,0.0,-0.5235987902,1.0,1.0,0.3508096132,0.6781929557,0.05366915464,0.08497619629
5242,1.0,0.0,0.0,-0.5235987902,1.0,1.0,0.3523077557,0.6896600441,0.05347031355,0.08583396673
5243,1.0,0.0,0.0,-0.5235987902,1.0,1.0,0.3523080545,0.6873994744,0.05333560705,0.0853369832
5244,1.0,0.0,0.0,-0.5235987902,1.0,1.0,0.3541622274,0.6812338281,0.05369496346,0.08546209335
5245,1.0,0.0,0.0,-0.5235987902,1.0,1.0,0.3460314632,0.6865537757,0.05255514383,0.08526235819
5246,1.0,0.0,0.0,-0.5235987902,1.0,1.0,0.3565475657,0.6896601774,0.05430221558,0.08581441641
5247,1.0,0.0,0.0,-0.5235987902,1.0,1.0,0.3479537646,0.6905240074,0.05292642117,0.08558320999
5248,1.0,0.0,0.0,-0.5235987902,1.0,1.0,0.3465954915,0.6941830852,0.05265164375,0.08552414179
5249,1.0,0.0,0.0,-0.5235987902,1.0,1.0,0.3558897124,0.6896601599,0.05341309309,0.08440929651
5250,1.0,0.0,0.0,-0.5235987902,1.0,1.0,0.3448910618,0.6859803022,0.05206304789,0.08453243971
5251,1.0,0.0,0.0,-0.5235987902,1.0,1.0,0.3473107821,0.6959584241,0.05302834511,0.08603000641
5252,1.0,0.0,0.0,-0.5235987902,1.0,1.0,0.3540455249,0.6806155456,0.0538238287,0.08438014984
5253,1.0,0.0,0.0,-0.5235987902,1.0,1.0,0.3532827741,0.6806153711,0.05432248116,0.08472049236
5254,1.0,0.0,0.0,-0.5235987902,1.0,1.0,0.3500766692,0.678992963,0.05383980274,0.08452570438
5255,1.0,0.0,0.0,-0.5235987902,1.0,1.0,0.3435009068,0.6919216122,0.05292725563,0.08614760637
5256,1.0,0.0,0.0,-0.5235987902,1.0,1.0,0.3465219453,0.685715847,0.05340880156,0.08601623774
5257,1.0,0.0,0.0,-0.5235987902,1.0,1.0,0.3458907806,0.6933066672,0.0536750555,0.08701008558
5258,1.0,0.0,0.0,-0.5235987902,1.0,1.0,0.3483455634,0.7032267819,0.05380016565,0.08760130405
5259,1.0,0.0,0.0,-0.5235987902,1.0,1.0,0.3523080972,0.6899815346,0.05342310667,0.08463340998
5260,1.0,0.0,0.0,-0.5235987902,1.0,1.0,0.3516552355,0.6959578657,0.05356901884,0.08599239588
5261,1.0,0.0,0.0,-0.5235987902,1.0,1.0,0.3558898682,0.6913944953,0.05432730913,0.08529102802
5262,1.0,0.0,0.0,-0.5235987902,1.0,1.0,0.3551128897,0.687398988,0.05435794592,0.08517950773
5263,1.0,0.0,0.0,-0.5235987902,1.0,1.0,0.3484292309,0.6814379356,0.05356413126,0.08457499743
5264,1.0,0.0,0.0,-0.5235987902,1.0,1.0,0.354045842,0.6891129906,0.05424892902,0.08532905579
5265,1.0,0.0,0.0,-0.5235987902,1.0,1.0,0.3491579834,0.6945664366,0.05292600393,0.08484965563
5266,1.0,0.0,0.0,-0.5235987902,1.0,1.0,0.349069937,0.6882516693,0.05383628607,0.08585464954
5267,1.0,0.0,0.0,-0.5235987902,1.0,1.0,0.3529627946,0.6986843412,0.05409711599,0.08598595858
5268,1.0,0.0,0.0,-0.5235987902,1.0,1.0,0.3586783523,0.6991510681,0.05398494005,0.08575731516
5269,1.0,0.0,0.0,-0.5235987902,1.0,1.0,0.3585359399,0.689981473,0.05466979742,0.08526217937
5270,1.0,0.0,0.0,-0.5235987902,1.0,1.0,0.3535063995,0.6913950516,0.05377084017,0.08530139923
5271,1.0,0.0,0.0,-0.5235987902,1.0,1.0,0.3622510234,0.7009974122,0.05497872829,0.08542853594
5272,1.0,0.0,0.0,-0.5235987902,1.0,1.0,0.3605461744,0.7135548219,0.05543810129,0.08818393946
5273,1.0,0.0,0.0,-0.5235987902,1.0,1.0,0.3722319043,0.719505594,0.05670881271,0.08818215132
5274,1.0,0.0,0.0,-0.5235987902,1.0,1.0,0.3603937121,0.7241326204,0.05436956882,0.0877199173
5275,1.0,0.0,0.0,-0.5235987902,1.0,1.0,0.3727046459,0.7148784752,0.05590438843,0.08594256639
5276,1.0,0.0,0.0,-0.5235987902,1.0,1.0,0.3826860668,0.7148789151,0.05803930759,0.08705896139
5277,1.0,0.0,0.0,-0.5235987902,1.0,1.0,0.3729259139,0.7195052601,0.05562692881,0.08649986982
5278,1.0,0.0,0.0,-0.5235987902,1.0,1.0,0.371061376,0.7275001223,0.0563428998,0.08861970901
5279,1.0,0.0,0.0,-0.5235987902,1.0,1.0,0.3747905258,0.7285653546,0.05652153492,0.08773499727
5280,1.0,0.0,0.0,-0.5235987902,1.0,1.0,0.3708503705,0.7355704039,0.05665957928,0.08923888206
5281,1.0,0.0,0.0,-0.5235987902,1.0,1.0,0.3668361827,0.719224456,0.05499517918,0.08642101288
5282,1.0,0.0,0.0,-0.5235987902,1.0,1.0,0.3649646986,0.7145544263,0.05527842045,0.08674460649
5283,1.0,0.0,0.0,-0.5235987902,1.0,1.0,0.3636029735,0.7296391504,0.05570173264,0.08883708715
5284,1.0,0.0,0.0,-0.5235987902,1.0,1.0,0.3617382192,0.7275004073,0.05526632071,0.08916676044
5285,1.0,0.0,0.0,-0.5235987902,1.0,1.0,0.3597248659,0.7272929162,0.05509358644,0.08803611994
5286,1.0,0.0,0.0,-0.5235987902,1.0,1.0,0.3676320932,0.7251763583,0.05695283413,0.08929288387
5287,1.0,0.0,0.0,-0.5235987902,1.0,1.0,0.3516554673,0.7083201732,0.05457603931,0.08875787258
5288,1.0,0.0,0.0,-0.5235987902,1.0,1.0,0.3411381476,0.6987049919,0.05287075043,0.08830839396
5289,1.0,0.0,0.0,-0.5235987902,1.0,1.0,0.3393282414,0.6521027789,0.05145305395,0.08181881905
5290,1.0,0.0,0.0,-0.5235987902,1.0,1.0,0.3523210881,0.6000918526,0.05492085218,0.07873857021
5291,1.0,0.0,0.0,-0.5235987902,1.0,1.0,0.4160026255,0.5297039576,0.06550472975,0.07202798128
5292,1.0,0.0,0.0,-0.5235987902,1.0,1.0,0.434910461,0.5308321522,0.06907773018,0.07395386696
5293,1.0,0.0,0.0,-0.5235987902,1.0,1.0,0.4409802458,0.5167568746,0.06995385885,0.07373517752
5294,1.0,0.0,0.0,-0.5235987902,1.0,1.0,0.4209976717,0.477345424,0.0658672452,0.06854480505
5295,1.0,0.0,0.0,0.0,1.0,1.0,0.2186280248,0.5097554348,0.0327950716,0.06999951601
5296,1.0,0.0,0.0,0.0,1.0,1.0,0.1467582805,0.4834697472,0.02191948891,0.06603586674
5297,1.0,0.0,0.0,0.0,1.0,1.0,0.1399217588,0.3665836731,0.02103191614,0.05490154028
5298,1.0,0.0,0.0,0.0,1.0,1.0,0.2512359426,0.3095156296,0.03756451607,0.04908061028
5299,1.0,0.0,0.0,0.0,1.0,1.0,0.3106126581,0.3193580869,0.04605793953,0.05228930712
5300,1.0,0.0,0.0,0.0,1.0,1.0,0.3016174211,0.305471861,0.04484665394,0.05174607038
5301,1.0,0.0,0.0,0.0,1.0,1.0,0.2996531549,0.2929398153,0.04435247183,0.04966413975
5302,1.0,0.0,0.0,0.0,1.0,1.0,0.3171986086,0.2952197461,0.0474358201,0.05088090897
5303,1.0,0.0,0.0,0.0,1.0,1.0,0.312884232,0.2769353155,0.04647541046,0.04753774405
5304,1.0,0.0,0.0,0.0,1.0,1.0,0.3148685309,0.2805182955,0.04737406969,0.04870480299
5305,1.0,0.0,0.0,0.0,1.0,1.0,0.3140608041,0.2771178998,0.04747134447,0.04799586535
5306,1.0,0.0,0.0,0.0,1.0,1.0,0.3072489607,0.272155481,0.04657238722,0.04737532139
5307,1.0,0.0,0.0,0.0,1.0,1.0,0.320105711,0.2815763421,0.04790204763,0.04843431711
5308,1.0,0.0,0.0,0.0,1.0,1.0,0.3241433399,0.2792089724,0.0485548377,0.04747581482
5309,1.0,0.0,0.0,0.0,1.0,1.0,0.3209627871,0.2705495591,0.04800665379,0.04533958435
5310,1.0,0.0,0.0,0.0,1.0,1.0,0.32901976,0.2823819706,0.04936677217,0.04724347591
5311,1.0,0.0,0.0,0.0,1.0,1.0,0.340498289,0.2776225571,0.05099368095,0.04623776674
5312,1.0,0.0,0.0,0.0,1.0,1.0,0.3444551904,0.2889757659,0.05308789015,0.04852980375
5313,1.0,0.0,0.0,0.0,1.0,1.0,0.3372031076,0.2795867814,0.05132782459,0.04603630304
5314,1.0,0.0,0.0,0.0,1.0,1.0,0.3374294375,0.28349556,0.05129724741,0.04608941078
5315,1.0,0.0,0.0,0.0,1.0,1.0,0.3268724295,0.2738854741,0.0506799221,0.04537308216
5316,1.0,0.0,0.0,0.0,1.0,1.0,0.3268396041,0.2806874704,0.05050617456,0.04598724842
5317,1.0,0.0,0.0,0.0,1.0,1.0,0.3303238755,0.2917723567,0.05154258013,0.04784208536
5318,1.0,0.0,0.0,0.0,1.0,1.0,0.3317442343,0.2988685763,0.05204373598,0.04913771152
5319,1.0,0.0,0.0,0.0,1.0,1.0,0.3207667559,0.2952895702,0.05001795292,0.04791194201
5320,1.0,0.0,0.0,0.0,1.0,1.0,0.3043985981,0.2825219962,0.04690659046,0.04508244991
5321,1.0,0.0,0.0,0.0,1.0,1.0,0.3036704925,0.2846307416,0.04762011766,0.04605019093
5322,1.0,0.0,0.0,0.0,1.0,1.0,0.2983158503,0.2759896155,0.04648149014,0.04438060522
5323,1.0,0.0,0.0,0.0,1.0,1.0,0.295753278,0.2796449873,0.04595386982,0.04463332891
5324,1.0,0.0,0.0,0.0,1.0,1.0,0.2884987016,0.2748467726,0.04472965002,0.04393094778
5325,1.0,0.0,0.0,0.0,1.0,1.0,0.2899934782,0.2800449055,0.04508209229,0.04481375217
5326,1.0,0.0,0.0,0.0,1.0,1.0,0.3005193814,0.295516406,0.04675000906,0.04755151272
5327,1.0,0.0,0.0,0.0,1.0,1.0,0.3003416165,0.2883635401,0.04684048891,0.04657584429
5328,1.0,0.0,0.0,0.0,1.0,1.0,0.3035848793,0.2955864046,0.04730707407,0.0481043458
5329,1.0,0.0,0.0,0.0,1.0,1.0,0.293754684,0.2825217038,0.04634606838,0.04607969522
5330,1.0,0.0,0.0,0.0,1.0,1.0,0.2867670398,0.2669517992,0.04504597187,0.04371321201
5331,1.0,0.0,0.0,0.0,1.0,1.0,0.2901606201,0.2725750395,0.04553508759,0.04473620653
5332,1.0,0.0,0.0,0.0,1.0,1.0,0.2986445751,0.2830133171,0.04699856043,0.04673153162
5333,1.0,0.0,0.0,0.0,1.0,1.0,0.2996622579,0.2857828638,0.04689121246,0.04769051075
5334,1.0,0.0,0.0,0.0,1.0,1.0,0.3060575577,0.2860137968,0.04712259769,0.04738879204
5335,1.0,0.0,0.0,0.0,1.0,1.0,0.3180040306,0.2915041268,0.04874044657,0.04874050617
5336,1.0,0.0,0.0,0.0,1.0,1.0,0.3098091337,0.2857830075,0.0468839407,0.04741376638
5337,1.0,0.0,0.0,0.0,1.0,1.0,0.3204448809,0.2934868279,0.04858452082,0.04858452082
5338,1.0,0.0,0.0,0.0,1.0,1.0,0.3203782741,0.2934869722,0.0484546423,0.04871803522
5339,1.0,0.0,0.0,0.0,1.0,1.0,0.3325607915,0.300787383,0.05014073849,0.05014073849
5340,1.0,0.0,0.0,0.0,1.0,1.0,0.3194647456,0.2857828221,0.04747104645,0.04747098684
5341,1.0,0.0,0.0,0.0,1.0,1.0,0.3185329792,0.2864643654,0.04710543156,0.0476347208
5342,1.0,0.0,0.0,0.0,1.0,1.0,0.3289977404,0.2922896531,0.04916703701,0.04943281412
5343,1.0,0.0,0.0,0.0,1.0,1.0,0.3250654505,0.2869061793,0.04855287075,0.04882115126
5344,1.0,0.0,0.0,0.0,1.0,1.0,0.3373340624,0.2938608672,0.05059760809,0.05032843351
5345,1.0,0.0,0.0,0.0,1.0,1.0,0.3193909338,0.2772746589,0.04779344797,0.04752492905
5346,1.0,0.0,0.0,0.0,1.0,1.0,0.3262002909,0.281289508,0.04908889532,0.04881620407
5347,1.0,0.0,0.0,0.0,1.0,1.0,0.3200359445,0.2793469223,0.04825097322,0.04852050543
5348,1.0,0.0,0.0,0.0,1.0,1.0,0.3177988752,0.2781466017,0.04782032967,0.04809206724
5349,1.0,0.0,0.0,0.0,1.0,1.0,0.3172256645,0.2739904349,0.04752248526,0.04752254486
5350,1.0,0.0,0.0,0.0,1.0,1.0,0.3208974488,0.2807074141,0.04866266251,0.04947817326
5351,1.0,0.0,0.0,0.0,1.0,1.0,0.3217627078,0.276768633,0.04824352264,0.04851305485
5352,1.0,0.0,0.0,0.0,1.0,1.0,0.3176796377,0.2796603979,0.04793965816,0.0492863059
5353,1.0,0.0,0.0,0.0,1.0,1.0,0.3168311669,0.2811886393,0.04780173302,0.04941302538
5354,1.0,0.0,0.0,0.0,1.0,1.0,0.3117691472,0.2772843242,0.04652935266,0.0483905077
5355,1.0,0.0,0.0,0.0,1.0,1.0,0.3092880028,0.2764413174,0.04696011543,0.04883849621
5356,1.0,0.0,0.0,0.0,1.0,1.0,0.3098358041,0.2766038435,0.04631650448,0.04790449142
5357,1.0,0.0,0.0,0.0,1.0,1.0,0.3042547974,0.268254897,0.04573881626,0.04653656483
5358,1.0,0.0,0.0,0.0,1.0,1.0,0.3001855251,0.2699106697,0.04523140192,0.04656171799
5359,1.0,0.0,0.0,0.0,1.0,1.0,0.2983410675,0.2674347791,0.04525989294,0.04659104347
5360,1.0,0.0,0.0,0.0,1.0,1.0,0.3202435565,0.2827167565,0.04830849171,0.04910480976
5361,1.0,0.0,0.0,0.0,1.0,1.0,0.3141354493,0.278306018,0.04753988981,0.0480710268
5362,1.0,0.0,0.0,0.0,1.0,1.0,0.2891021056,0.2552754658,0.04313635826,0.04366564751
5363,1.0,0.0,0.0,0.0,1.0,1.0,0.214432547,0.1839363225,0.03119039536,0.03064793348
5364,1.0,0.0,0.0,0.0,1.0,1.0,0.1517891137,0.09337343136,0.02099478245,0.01472359896
5365,1.0,0.0,0.0,0.0,1.0,1.0,0.1983768773,0.1599768392,0.02827244997,0.02611839771
5366,1.0,0.0,0.0,0.0,1.0,1.0,0.2457341576,0.2086213899,0.03628575802,0.03493183851
5367,1.0,0.0,0.0,0.0,1.0,1.0,0.2719200102,0.241079312,0.04073512554,0.04073512554
5368,1.0,0.0,0.0,0.0,1.0,1.0,0.3024857384,0.2708766441,0.04584783316,0.04665219784
5369,1.0,0.0,0.0,0.0,1.0,1.0,0.3053358948,0.2757082581,0.04534447193,0.04639899731
5370,1.0,0.0,0.0,0.0,1.0,1.0,0.3195373487,0.2889011604,0.04781615734,0.04914438725
5371,1.0,0.0,0.0,0.0,1.0,1.0,0.3184061449,0.291373419,0.0479568243,0.04955542088
5372,1.0,0.0,0.0,0.0,1.0,1.0,0.3248628922,0.2954324388,0.04867213964,0.05000197887
5373,1.0,0.0,0.0,0.0,1.0,1.0,0.3260964212,0.2992058691,0.04939848185,0.05100059509
5374,1.0,0.0,0.0,0.0,1.0,1.0,0.3337356505,0.3013941531,0.05013215542,0.0511931777
5375,1.0,0.0,0.0,0.0,1.0,1.0,0.3197515867,0.2902108249,0.04839295149,0.04945075512
5376,1.0,0.0,0.0,0.0,1.0,1.0,0.318083268,0.2951477554,0.04851514101,0.05010581017
5377,1.0,0.0,0.0,0.0,1.0,1.0,0.3185611213,0.2920243924,0.04790693521,0.04922306538
5378,1.0,0.0,0.0,0.0,1.0,1.0,0.3165185555,0.2893117708,0.04847866297,0.04926902056
5379,1.0,0.0,0.0,0.0,1.0,1.0,0.3239572614,0.3023000475,0.04971033335,0.05182558298
5380,1.0,0.0,0.0,0.0,1.0,1.0,0.3274330578,0.3023002881,0.05017691851,0.05149042606
5381,1.0,0.0,0.0,0.0,1.0,1.0,0.3262785678,0.2998324848,0.05013501644,0.05145430565
5382,1.0,0.0,0.0,0.0,1.0,1.0,0.3221198029,0.3007726254,0.04916375875,0.05102401972
5383,1.0,0.0,0.0,0.0,1.0,1.0,0.330825841,0.3039055883,0.05052316189,0.05158680677
5384,1.0,0.0,0.0,0.0,1.0,1.0,0.336654014,0.3089754922,0.0510045886,0.05206716061
5385,1.0,0.0,0.0,0.0,1.0,1.0,0.3377423344,0.3101713086,0.05199635029,0.05252689123
5386,1.0,0.0,0.0,0.0,1.0,1.0,0.3394984423,0.310171438,0.05215889215,0.05269110203
5387,1.0,0.0,0.0,0.0,1.0,1.0,0.3417780061,0.3117381029,0.05318802595,0.05345666409
5388,1.0,0.0,0.0,0.0,1.0,1.0,0.330849766,0.3048615501,0.05135035515,0.05188530684
5389,1.0,0.0,0.0,0.0,1.0,1.0,0.3457621129,0.316857703,0.05406421423,0.05406421423
5390,1.0,0.0,0.0,0.0,1.0,1.0,0.3360341933,0.3131163297,0.05203461647,0.05310750008
5391,1.0,0.0,0.0,0.0,1.0,1.0,0.3348733318,0.3146976884,0.05216825008,0.05351281166
5392,1.0,0.0,0.0,0.0,1.0,1.0,0.3311350164,0.3145207841,0.05194330215,0.05329602957
5393,1.0,0.0,0.0,0.0,1.0,1.0,0.3429624789,0.3245777315,0.05324065685,0.05431628227
5394,1.0,0.0,0.0,0.0,1.0,1.0,0.3161679441,0.3024204717,0.04885977507,0.05075991154
5395,1.0,0.0,0.0,0.0,1.0,1.0,0.3243801789,0.3095046672,0.04985624552,0.05174273252
5396,1.0,0.0,0.0,0.0,1.0,1.0,0.318712587,0.3027157909,0.04973810911,0.05108976364
5397,1.0,0.0,0.0,0.0,1.0,1.0,0.3256021275,0.3088893487,0.05026644468,0.05134171247
5398,1.0,0.0,0.0,0.0,1.0,1.0,0.3279421959,0.3127286115,0.0505105257,0.05184674263
5399,1.0,0.0,0.0,0.0,1.0,1.0,0.3285599323,0.3180041443,0.05106800795,0.05240488052
5400,1.0,0.0,0.0,0.0,1.0,1.0,0.3279954482,0.3115145216,0.0512906909,0.05155926943
5401,1.0,0.0,0.0,0.0,1.0,1.0,0.3308378577,0.3119173761,0.05100667477,0.05100667477
5402,1.0,0.0,0.0,0.0,1.0,1.0,0.3256804255,0.3037521028,0.05055767298,0.04975515604
5403,1.0,0.0,0.0,0.0,1.0,1.0,0.3279688765,0.3060180888,0.05123990774,0.05070054531
5404,1.0,0.0,0.0,0.0,1.0,1.0,0.3331474602,0.3067593573,0.05161750317,0.05000442266
5405,1.0,0.0,0.0,0.0,1.0,1.0,0.3343019819,0.3133564548,0.05212146044,0.05131131411
5406,1.0,0.0,0.0,0.0,1.0,1.0,0.3435040299,0.3151831946,0.05317771435,0.0515743494
5407,1.0,0.0,0.0,0.0,1.0,1.0,0.3406400256,0.3063864246,0.05302709341,0.05033540726
5408,1.0,0.0,0.0,0.0,1.0,1.0,0.347028299,0.3110846605,0.05291539431,0.0497404933
5409,1.0,0.0,0.0,0.0,1.0,1.0,0.3470286844,0.3156132875,0.05328726768,0.05115574598
5410,1.0,0.0,0.0,0.0,1.0,1.0,0.3477080108,0.3127391368,0.05307644606,0.05040925741
5411,1.0,0.0,0.0,0.0,1.0,1.0,0.3419146484,0.303460779,0.05192583799,0.04899662733
5412,1.0,0.0,0.0,0.0,1.0,1.0,0.3431181913,0.3067593086,0.05194395781,0.04954653978
5413,1.0,0.0,0.0,0.0,1.0,1.0,0.3454861106,0.3067592139,0.05194455385,0.04929429293
5414,1.0,0.0,0.0,0.0,1.0,1.0,0.3443310381,0.3018117475,0.05127477646,0.04811936617
5415,1.0,0.0,0.0,0.0,1.0,1.0,0.3478623397,0.3057504496,0.0516730547,0.04878777266
5416,1.0,0.0,0.0,0.0,1.0,1.0,0.351589211,0.3094298937,0.05197232962,0.04933416843
5417,1.0,0.0,0.0,0.0,1.0,1.0,0.3541190824,0.3058493575,0.05254966021,0.04881513119
5418,1.0,0.0,0.0,0.0,1.0,1.0,0.3563075366,0.3064953694,0.05285429955,0.04862588644
5419,1.0,0.0,0.0,0.0,1.0,1.0,0.3710184341,0.3210127698,0.05518203974,0.05122160912
5420,1.0,0.0,0.0,0.0,1.0,1.0,0.3624550342,0.3098270259,0.05362170935,0.04937440157
5421,1.0,0.0,0.0,0.0,1.0,1.0,0.3772493213,0.3187588462,0.05608654022,0.05103605986
5422,1.0,0.0,0.0,0.0,1.0,1.0,0.379967845,0.3204193846,0.0561670661,0.05137562752
5423,1.0,0.0,0.0,0.0,1.0,1.0,0.3752418276,0.308161025,0.05534541607,0.04922544956
5424,1.0,0.0,0.0,0.0,1.0,1.0,0.3692206217,0.3054773551,0.05405151844,0.04899251461
5425,1.0,0.0,0.0,0.0,1.0,1.0,0.3827651752,0.3081613873,0.05556595325,0.04966038465
5426,1.0,0.0,0.0,0.0,1.0,1.0,0.3794870748,0.303521829,0.05429971218,0.04865473509
5427,1.0,0.0,0.0,0.0,1.0,1.0,0.3792273891,0.3068754131,0.05553644896,0.05006486177
5428,1.0,0.0,0.0,0.0,1.0,1.0,0.3809159279,0.3129566502,0.05614441633,0.05069351196
5429,1.0,0.0,0.0,0.0,1.0,1.0,0.3860178633,0.3217383171,0.05837857723,0.05433255434
5430,1.0,0.0,0.0,0.0,1.0,1.0,0.3782201347,0.323662499,0.06371122599,0.06007999182
5431,1.0,0.0,0.0,0.0,1.0,1.0,0.370515487,0.3121065737,0.0654758215,0.05976772308
5432,1.0,0.0,0.0,0.0,1.0,1.0,0.3595670751,0.3283365926,0.06044489145,0.05914503336
5433,1.0,0.0,0.0,0.0,1.0,1.0,0.3623929749,0.3118825569,0.06125885248,0.05674505234
5434,1.0,0.0,0.0,0.0,1.0,1.0,0.3574782722,0.3047081952,0.05856245756,0.05365675688
5435,1.0,0.0,0.0,0.0,1.0,1.0,0.3523078073,0.3081904455,0.06140840054,0.05720680952
5436,1.0,0.0,0.0,0.0,1.0,1.0,0.3535931591,0.3153409569,0.06215661764,0.05803394318
5437,1.0,0.0,0.0,0.0,1.0,1.0,0.3556732212,0.3240510388,0.06150591373,0.05843061209
5438,1.0,0.0,0.0,0.0,1.0,1.0,0.3573226061,0.3127504436,0.06476426125,0.05899316072
5439,1.0,0.0,0.0,0.0,1.0,1.0,0.3627867843,0.330294918,0.06297832727,0.05958241224
5440,1.0,0.0,0.0,0.0,1.0,1.0,0.3601590749,0.3222339711,0.0615439415,0.05754363537
5441,1.0,0.0,0.0,0.0,1.0,1.0,0.3606043224,0.3203785464,0.0617980361,0.05772000551
5442,1.0,0.0,0.0,0.0,1.0,1.0,0.3556408917,0.3112449633,0.05818730593,0.05371135473
5443,1.0,0.0,0.0,0.0,1.0,1.0,0.3645878614,0.3155236109,0.06228989363,0.05733150244
5444,1.0,0.0,0.0,0.0,1.0,1.0,0.3657377128,0.3144502664,0.06093668938,0.05580836535
5445,1.0,0.0,0.0,0.0,1.0,1.0,0.3688851553,0.3211267784,0.06250810623,0.05758136511
5446,1.0,0.0,0.0,0.0,1.0,1.0,0.3663434265,0.329712612,0.0621817708,0.05795580149
5447,1.0,0.0,0.0,0.0,1.0,1.0,0.3727937476,0.3325787399,0.06405055523,0.05947548151
5448,1.0,0.0,0.0,0.0,1.0,1.0,0.3640822403,0.3297126931,0.06190431118,0.05826288462
5449,1.0,0.0,0.0,0.0,1.0,1.0,0.3789770049,0.3438759249,0.06519579887,0.06155699492
5450,1.0,0.0,0.0,0.0,1.0,1.0,0.3772144419,0.3408691521,0.06255149841,0.06021308899
5451,1.0,0.0,0.0,0.0,1.0,1.0,0.3842650505,0.3442892211,0.06424474716,0.06070834398
5452,1.0,0.0,0.0,0.0,1.0,1.0,0.3823487119,0.3493034988,0.06375205517,0.06197297573
5453,1.0,0.0,0.0,0.0,1.0,1.0,0.3708177356,0.3331473293,0.06278020144,0.06038856506
5454,1.0,0.0,0.0,0.0,1.0,1.0,0.3754518808,0.343042759,0.0633481741,0.06186109781
5455,1.0,0.0,0.0,0.0,1.0,1.0,0.3760099308,0.3414759545,0.06468492746,0.06254911423
5456,1.0,0.0,0.0,0.0,1.0,1.0,0.3796466937,0.3403413606,0.0639385581,0.06096464396
5457,1.0,0.0,0.0,0.0,1.0,1.0,0.3804845873,0.3442894312,0.06254154444,0.06048619747
5458,1.0,0.0,0.0,0.0,1.0,1.0,0.3746790037,0.326936159,0.0639026165,0.05901050568
5459,1.0,0.0,0.0,0.0,1.0,1.0,0.3789439491,0.3359608926,0.06230175495,0.05875849724
5460,1.0,0.0,0.0,0.0,1.0,1.0,0.3807398663,0.3354060359,0.06287229061,0.05872035027
5461,1.0,0.0,0.0,0.0,1.0,1.0,0.3854348823,0.3421820175,0.06510978937,0.06117296219
5462,1.0,0.0,0.0,0.0,1.0,1.0,0.3893694774,0.3506518489,0.06480956078,0.06182301044
5463,1.0,0.0,0.0,0.0,1.0,1.0,0.3918676073,0.3525427457,0.06772637367,0.06399828196
5464,1.0,0.0,0.0,0.0,1.0,1.0,0.3899817357,0.345827527,0.06366932392,0.05922728777
5465,1.0,0.0,0.0,0.0,1.0,1.0,0.3902929717,0.3549743494,0.06427973509,0.06187677383
5466,1.0,0.0,0.0,0.0,1.0,1.0,0.3862309767,0.3532511294,0.0631698966,0.06137365103
5467,1.0,0.0,0.0,0.0,1.0,1.0,0.3797880569,0.35669755,0.06419938803,0.06358504295
5468,1.0,0.0,0.0,0.0,1.0,1.0,0.3825702693,0.3503198121,0.06229871511,0.06080830097
5469,1.0,0.0,0.0,0.0,1.0,1.0,0.3891796604,0.3487635741,0.0631236434,0.05956733227
5470,1.0,0.0,0.0,0.0,1.0,1.0,0.3928339663,0.3486027246,0.06490123272,0.06127882004
5471,1.0,0.0,0.0,0.0,1.0,1.0,0.3994050672,0.34928589,0.06682950258,0.06278866529
5472,1.0,0.0,0.0,0.0,1.0,1.0,0.3953839258,0.3439860483,0.06476199627,0.0602645874
5473,1.0,0.0,0.0,0.0,1.0,1.0,0.3884691543,0.3451682009,0.06371837854,0.06012862921
5474,1.0,0.0,0.0,0.0,1.0,1.0,0.3902928569,0.3439857348,0.06401318312,0.06012451649
5475,1.0,0.0,0.0,0.0,1.0,1.0,0.3892754321,0.3416459876,0.06423610449,0.06005328894
5476,1.0,0.0,0.0,0.0,1.0,1.0,0.3921166156,0.3434507216,0.06483471394,0.06031137705
5477,1.0,0.0,0.0,0.0,1.0,1.0,0.393222895,0.3337175661,0.06368947029,0.05749744177
5478,1.0,0.0,0.0,0.0,1.0,1.0,0.3888735937,0.3314477678,0.06307947636,0.05747902393
5479,1.0,0.0,0.0,0.0,1.0,1.0,0.3790368879,0.3275764364,0.06294465065,0.05819416046
5480,1.0,0.0,0.0,0.0,1.0,1.0,0.3686909691,0.3058494045,0.06230944395,0.05589526892
5481,1.0,0.0,0.0,0.0,1.0,1.0,0.3497127264,0.2811987996,0.05732673407,0.05008542538
5482,1.0,0.0,0.0,0.0,1.0,1.0,0.3261537182,0.2079256959,0.05400764942,0.0375842452
5483,1.0,0.0,0.0,0.0,1.0,1.0,0.3365467037,0.09773135621,0.05377781391,0.01727408171
5484,1.0,0.0,0.0,0.0,1.0,1.0,0.3534610073,0.09301363509,0.05884486437,0.01724761724
5485,1.0,0.0,0.0,0.0,1.0,1.0,0.3513191392,0.08298617804,0.05843186378,0.01544749737
5486,1.0,0.0,0.0,0.0,1.0,1.0,0.3667307444,0.08509732209,0.06069558859,0.01567411423
5487,1.0,0.0,0.0,0.0,1.0,1.0,0.3667305196,0.07785505146,0.05952852964,0.01406443119
5488,1.0,0.0,0.0,0.0,1.0,1.0,0.3663943757,0.07785518374,0.06059741974,0.01447606087
5489,1.0,0.0,0.0,0.0,1.0,1.0,0.3632470664,0.0740328576,0.05890256166,0.0133113265
5490,1.0,0.0,0.0,0.0,1.0,1.0,0.3668057437,0.07899995977,0.06008166075,0.01451408863
5491,1.0,0.0,0.0,0.0,1.0,1.0,0.3311403639,0.1316951373,0.05560344458,0.02460026741
5492,1.0,0.0,0.0,0.0,1.0,1.0,0.3328340044,0.2257358796,0.05479460955,0.04055416584
5493,1.0,0.0,0.0,0.0,1.0,1.0,0.34739467,0.2862808657,0.05932736397,0.05249387026
5494,1.0,0.0,0.0,0.0,1.0,1.0,0.3593699833,0.3125342234,0.06271237135,0.05834430456
5495,1.0,0.0,0.0,0.0,1.0,1.0,0.3871141595,0.328675172,0.06332051754,0.0579944253
5496,1.0,0.0,0.0,0.0,1.0,1.0,0.3950865799,0.3415601345,0.06452965736,0.05981510878
5497,1.0,0.0,0.0,0.0,1.0,1.0,0.3934253179,0.3491429882,0.06711047888,0.06349921227
5498,1.0,0.0,0.0,0.0,1.0,1.0,0.4064337262,0.3619240107,0.06747198105,0.06340038776
5499,1.0,0.0,0.0,0.0,1.0,1.0,0.401530112,0.3452021209,0.06753790379,0.06193435192
5500,1.0,0.0,0.0,0.0,1.0,1.0,0.4011782198,0.3463412733,0.06757861376,0.06197166443
5501,1.0,0.0,0.0,0.0,1.0,1.0,0.4001281033,0.3536231874,0.06722742319,0.06280452013
5502,1.0,0.0,0.0,0.0,1.0,1.0,0.4053925611,0.3689215358,0.0711568594,0.06776845455
5503,1.0,0.0,0.0,0.0,1.0,1.0,0.3947972536,0.3564561684,0.06514537334,0.06133055687
5504,1.0,0.0,0.0,0.0,1.0,1.0,0.3997767816,0.3620424517,0.06625968218,0.06272578239
5505,1.0,0.0,0.0,0.0,1.0,1.0,0.4078995172,0.3701637876,0.06804126501,0.06480121613
5506,1.0,0.0,0.0,0.0,1.0,1.0,0.4039923664,0.3619240254,0.06751441956,0.06399190426
5507,1.0,0.0,0.0,0.0,1.0,1.0,0.4057486853,0.3655677438,0.06757181883,0.0637691021
5508,1.0,0.0,0.0,0.0,1.0,1.0,0.4018919974,0.361751011,0.06720852852,0.0633764863
5509,1.0,0.0,0.0,0.0,1.0,1.0,0.403637875,0.3747905788,0.06695860624,0.06462955475
5510,1.0,0.0,0.0,0.0,1.0,1.0,0.4121047392,0.3676876623,0.07071578503,0.06648492813
5511,1.0,0.0,0.0,0.0,1.0,1.0,0.4001337502,0.3620425047,0.06824159622,0.06489044428
5512,1.0,0.0,0.0,0.0,1.0,1.0,0.4011783715,0.3629729859,0.0669631958,0.06286936998
5513,1.0,0.0,0.0,0.0,1.0,1.0,0.4011843796,0.3583855406,0.06681025028,0.06241482496
5514,1.0,0.0,0.0,0.0,1.0,1.0,0.3947972991,0.3518442814,0.0652499795,0.06084120274
5515,1.0,0.0,0.0,0.0,1.0,1.0,0.3972600895,0.35203708,0.06548541784,0.06074440479
5516,1.0,0.0,0.0,0.0,1.0,1.0,0.3951489116,0.3394009637,0.06634062529,0.05946749449
5517,1.0,0.0,0.0,0.0,1.0,1.0,0.3859053767,0.3376954004,0.0638871789,0.05829340219
5518,1.0,0.0,0.0,0.0,1.0,1.0,0.3870519417,0.337099972,0.06570082903,0.05970072746
5519,1.0,0.0,0.0,0.0,1.0,1.0,0.3899834413,0.3325843458,0.06620228291,0.05848360062
5520,1.0,0.0,0.0,0.0,1.0,1.0,0.3889152626,0.3381948222,0.06511539221,0.05895578861
5521,1.0,0.0,0.0,0.0,1.0,1.0,0.385138028,0.3455697413,0.06440871954,0.05945420265
5522,1.0,0.0,0.0,0.0,1.0,1.0,0.3844006811,0.3415599759,0.06439012289,0.05941450596
5523,1.0,0.0,0.0,0.0,1.0,1.0,0.3872730308,0.3325902287,0.06641566753,0.05926775932
5524,1.0,0.0,0.0,0.0,1.0,1.0,0.3840647994,0.3365125466,0.06475400925,0.05886733532
5525,1.0,0.0,0.0,0.0,1.0,1.0,0.3883349114,0.338737087,0.06547898054,0.059047997
5526,1.0,0.0,0.0,0.0,1.0,1.0,0.3834665243,0.337060125,0.06557643414,0.05964189768
5527,1.0,0.0,0.0,0.0,1.0,1.0,0.3875028604,0.3342728094,0.06639015675,0.05948078632
5528,1.0,0.0,0.0,0.0,1.0,1.0,0.3780724677,0.3320179777,0.06228166819,0.0565148592
5529,1.0,0.0,0.0,0.0,1.0,1.0,0.379068217,0.3269360424,0.063110888,0.05639076233
5530,1.0,0.0,0.0,0.0,1.0,1.0,0.3813204261,0.3292477151,0.06486582756,0.05834960938
5531,1.0,0.0,0.0,0.0,1.0,1.0,0.3767530697,0.3275764628,0.06411516666,0.05817860365
5532,1.0,0.0,0.0,0.0,1.0,1.0,0.3778375814,0.3309185404,0.0653848052,0.05965983868
5533,1.0,0.0,0.0,0.0,1.0,1.0,0.3819856359,0.3292473864,0.06511861086,0.05857700109
5534,1.0,0.0,0.0,0.0,1.0,1.0,0.3855975921,0.3359051491,0.06702452898,0.06101340055
5535,1.0,0.0,0.0,0.0,1.0,1.0,0.3825023219,0.3320180782,0.06476259232,0.05849528313
5536,1.0,0.0,0.0,0.0,1.0,1.0,0.3844005901,0.3387373148,0.06830960512,0.062720716
5537,1.0,0.0,0.0,0.0,1.0,1.0,0.378549427,0.3263482042,0.0649985671,0.05831646919
5538,1.0,0.0,0.0,0.0,1.0,1.0,0.374349332,0.3269359802,0.06322979927,0.05756294727
5539,1.0,0.0,0.0,0.0,1.0,1.0,0.3787549523,0.3250777083,0.06088638306,0.05476856232
5540,1.0,0.0,0.0,0.0,1.0,1.0,0.3809124868,0.3192661122,0.06411969662,0.05618107319
5541,1.0,0.0,0.0,0.0,1.0,1.0,0.3807396956,0.3127626864,0.06205457449,0.05340278149
5542,1.0,0.0,0.0,0.0,1.0,1.0,0.3782166744,0.3145094756,0.06169354916,0.05364650488
5543,1.0,0.0,0.0,0.0,1.0,1.0,0.3824911454,0.3085994612,0.0632647872,0.05353170633
5544,1.0,0.0,0.0,0.0,1.0,1.0,0.382139493,0.2980791973,0.06185477972,0.05055439472
5545,1.0,0.0,0.0,0.0,1.0,1.0,0.3833986095,0.3054827905,0.06108289957,0.05129772425
5546,1.0,0.0,0.0,0.0,1.0,1.0,0.3796760622,0.2870737695,0.06186950207,0.04913169146
5547,1.0,0.0,0.0,0.0,1.0,1.0,0.3769000075,0.2819853702,0.06072950363,0.04773765802
5548,1.0,0.0,0.0,0.0,1.0,1.0,0.3764130032,0.2799853507,0.06129783392,0.04770964384
5549,1.0,0.0,0.0,0.0,1.0,1.0,0.3775669472,0.2845384683,0.06140822172,0.04816329479
5550,1.0,0.0,0.0,0.0,1.0,1.0,0.3747907223,0.283292594,0.06580471992,0.05193412304
5551,1.0,0.0,0.0,0.0,1.0,1.0,0.3801216322,0.2934305191,0.06353831291,0.0511406064
5552,1.0,0.0,0.0,0.0,1.0,1.0,0.3717548544,0.279414185,0.06067103148,0.04756128788
5553,1.0,0.0,0.0,0.0,1.0,1.0,0.3750249661,0.2732283862,0.06023979187,0.04578220844
5554,1.0,0.0,0.0,0.0,1.0,1.0,0.3617382633,0.2760190636,0.06002306938,0.04733777046
5555,1.0,0.0,0.0,0.0,1.0,1.0,0.363433392,0.2774185848,0.05848574638,0.04599660635
5556,1.0,0.0,0.0,0.0,1.0,1.0,0.3558619739,0.266395557,0.05802071095,0.04475003481
5557,1.0,0.0,0.0,0.0,1.0,1.0,0.3634334056,0.2782329258,0.05895543098,0.04667305946
5558,1.0,0.0,0.0,0.0,1.0,1.0,0.3572078503,0.2661556644,0.05842250586,0.04449796677
5559,1.0,0.0,0.0,0.0,1.0,1.0,0.3548202764,0.2679662518,0.05901300907,0.04572737217
5560,1.0,0.0,0.0,0.0,1.0,1.0,0.3502630915,0.266155694,0.05894994736,0.04536986351
5561,1.0,0.0,0.0,0.0,1.0,1.0,0.3587742348,0.2569991818,0.05980551243,0.04393869638
5562,1.0,0.0,0.0,0.0,1.0,1.0,0.3470035085,0.2480884225,0.06064546108,0.04422062635
5563,1.0,0.0,0.0,0.0,1.0,1.0,0.346449114,0.2569995069,0.06015741825,0.0453543067
5564,1.0,0.0,0.0,0.0,1.0,1.0,0.3493542863,0.2445443698,0.06013774872,0.04277843237
5565,1.0,0.0,0.0,0.0,1.0,1.0,0.3533742141,0.2481131824,0.06118279696,0.0438785553
5566,1.0,0.0,0.0,0.0,1.0,1.0,0.3505238146,0.2525090851,0.06049752235,0.04436480999
5567,1.0,0.0,0.0,0.0,1.0,1.0,0.3446350552,0.2321400896,0.05904579163,0.04071056843
5568,1.0,0.0,0.0,0.0,1.0,1.0,0.3559160979,0.2402165464,0.06186944246,0.04280865192
5569,1.0,0.0,0.0,0.0,1.0,1.0,0.3541188416,0.2393767465,0.0617094636,0.04291468859
5570,1.0,0.0,0.0,0.0,1.0,1.0,0.353159563,0.2429199667,0.06290483475,0.04403340816
5571,1.0,0.0,0.0,0.0,1.0,1.0,0.3556731309,0.2359792939,0.06251877546,0.04251277447
5572,1.0,0.0,0.0,0.0,1.0,1.0,0.3527441217,0.2386208337,0.06134146452,0.0427531004
5573,1.0,0.0,0.0,0.0,1.0,1.0,0.3503380848,0.250724868,0.06106233597,0.04494434595
5574,1.0,0.0,0.0,0.0,1.0,1.0,0.3512026254,0.2541536541,0.06401312351,0.04713404179
5575,1.0,0.0,0.0,0.0,1.0,1.0,0.3478623215,0.2481372225,0.06073015928,0.04439157248
5576,1.0,0.0,0.0,0.0,1.0,1.0,0.3452933305,0.2430613506,0.06370931864,0.04578101635
5577,1.0,0.0,0.0,0.0,1.0,1.0,0.3446949007,0.2354616683,0.06211870909,0.04338943958
5578,1.0,0.0,0.0,0.0,1.0,1.0,0.3469565574,0.2481721687,0.06417232752,0.04693198204
5579,1.0,0.0,0.0,0.0,1.0,1.0,0.3360491921,0.2320738117,0.06104296446,0.04333102703
5580,1.0,0.0,0.0,0.0,1.0,1.0,0.3285122949,0.2361696243,0.05869370699,0.04285573959
5581,1.0,0.0,0.0,0.0,1.0,1.0,0.3314030805,0.2352639969,0.05936259031,0.04280358553
5582,1.0,0.0,0.0,0.0,1.0,1.0,0.3331473151,0.2249603886,0.06105113029,0.04209315777
5583,1.0,0.0,0.0,0.0,1.0,1.0,0.3384634572,0.2472486999,0.05855691433,0.04353445768
5584,1.0,0.0,0.0,0.0,1.0,1.0,0.3361110558,0.2315778886,0.05908620358,0.04157918692
5585,1.0,0.0,0.0,0.0,1.0,1.0,0.3378896439,0.2367098066,0.05955147743,0.04231286049
5586,1.0,0.0,0.0,0.0,1.0,1.0,0.3337358741,0.2429199109,0.05910640955,0.04378253222
5587,1.0,0.0,0.0,0.0,1.0,1.0,0.3325637894,0.2343518265,0.05856639147,0.04192119837
5588,1.0,0.0,0.0,0.0,1.0,1.0,0.3384076954,0.2335466497,0.05972594023,0.04208666086
5589,1.0,0.0,0.0,0.0,1.0,1.0,0.3331473083,0.2411846019,0.05839806795,0.04340815544
5590,1.0,0.0,0.0,0.0,1.0,1.0,0.334295846,0.2346665391,0.05918079615,0.0424028039
5591,1.0,0.0,0.0,0.0,1.0,1.0,0.3267069706,0.2336578875,0.05726897717,0.04218196869
5592,1.0,0.0,0.0,0.0,1.0,1.0,0.328413275,0.2377981475,0.0570654273,0.04256772995
5593,1.0,0.0,0.0,0.0,1.0,1.0,0.3222869168,0.2207672115,0.05585676432,0.03937447071
5594,1.0,0.0,0.0,0.0,1.0,1.0,0.3278592494,0.2226646599,0.05677896738,0.03998947144
5595,1.0,0.0,0.0,0.0,1.0,1.0,0.3225148117,0.2283949512,0.05618172884,0.04105591774
5596,1.0,0.0,0.0,0.0,1.0,1.0,0.3201750297,0.2285410993,0.0548607707,0.04061514139
5597,1.0,0.0,0.0,0.0,1.0,1.0,0.3177622923,0.2301122673,0.05504995584,0.04121059179
5598,1.0,0.0,0.0,0.0,1.0,1.0,0.3089184507,0.203066703,0.05204194784,0.03520482779
5599,1.0,0.0,0.0,0.0,1.0,1.0,0.2911174499,0.1826933985,0.04934817553,0.03206056356
5600,1.0,0.0,0.0,0.0,1.0,1.0,0.3056454263,0.1856105127,0.0511918664,0.03266227245
5601,1.0,0.0,0.0,0.0,1.0,1.0,0.3069447009,0.1998885343,0.0516808033,0.03529423475
5602,1.0,0.0,0.0,0.0,1.0,1.0,0.3252296779,0.2595723966,0.0543794632,0.04490888119
5603,1.0,0.0,0.0,0.0,1.0,1.0,0.3176662761,0.2597116405,0.05124604702,0.04345428944
5604,1.0,0.0,0.0,0.0,1.0,1.0,0.3133684134,0.2605686356,0.05075889826,0.04385089874
5605,1.0,0.0,0.0,0.0,1.0,1.0,0.3229240746,0.2620066167,0.05327153206,0.04493862391
5606,1.0,0.0,0.0,0.0,1.0,1.0,0.327123008,0.268016247,0.05537056923,0.04741674662
5607,1.0,0.0,0.0,0.0,1.0,1.0,0.3229245431,0.2533306773,0.05576008558,0.04548025131
5608,1.0,0.0,0.0,0.0,1.0,1.0,0.305435366,0.2472487592,0.05335605145,0.04483169317
5609,1.0,0.0,0.0,0.0,1.0,1.0,0.3104882992,0.2463660213,0.0529063344,0.04414081573
5610,1.0,0.0,0.0,0.0,1.0,1.0,0.2554543183,0.1556224937,0.04529559612,0.029756248
5611,1.0,0.0,0.0,0.0,1.0,1.0,0.2651985118,0.09085858068,0.04511284828,0.01683318615
5612,1.0,0.0,0.0,0.0,1.0,1.0,0.2723967459,0.1072127528,0.0477565527,0.02027076483
5613,1.0,0.0,0.0,0.0,1.0,1.0,0.2424682891,0.09254113705,0.03918451071,0.01592868567
5614,1.0,0.0,0.0,0.0,1.0,1.0,0.2216943119,0.1381482979,0.03789383173,0.02515906096
5615,1.0,0.0,0.0,0.0,1.0,1.0,0.2373026612,0.1920752049,0.04141741991,0.0356733799
5616,1.0,0.0,0.0,0.0,1.0,1.0,0.2360493589,0.2005248658,0.04443204403,0.03970515728
5617,1.0,0.0,0.0,0.0,1.0,1.0,0.2560553436,0.2277209857,0.04550421238,0.04227489233
5618,1.0,0.0,0.0,0.0,1.0,1.0,0.2743251973,0.2598549056,0.05022317171,0.04963576794
5619,1.0,0.0,0.0,0.0,1.0,1.0,0.2677373207,0.2586979792,0.0454044342,0.0454044342
5620,1.0,0.0,0.0,0.0,1.0,1.0,0.2778052473,0.2665178893,0.04661613703,0.04634034634
5621,1.0,0.0,0.0,0.0,1.0,1.0,0.2748890214,0.2604408235,0.0441557765,0.04361063242
5622,1.0,0.0,0.0,0.0,1.0,1.0,0.2833988991,0.2693300422,0.04465311766,0.04386043549
5623,1.0,0.0,0.0,0.0,1.0,1.0,0.2722674425,0.2564356283,0.0428839922,0.04155218601
5624,1.0,0.0,0.0,0.0,1.0,1.0,0.2802488574,0.2685796528,0.04394429922,0.04367959499
5625,1.0,0.0,0.0,0.0,1.0,1.0,0.2821554356,0.2704760991,0.04388076067,0.04335206747
5626,1.0,0.0,0.0,0.0,1.0,1.0,0.2836024366,0.2722732407,0.04399430752,0.04346424341
5627,1.0,0.0,0.0,0.0,1.0,1.0,0.293259326,0.2767186008,0.04584556818,0.04479169846
5628,1.0,0.0,0.0,0.0,1.0,1.0,0.2857964373,0.2768945517,0.04548549652,0.04548549652
5629,1.0,0.0,0.0,0.0,1.0,1.0,0.2676471874,0.2581342312,0.04306870699,0.04252356291
5630,1.0,0.0,0.0,0.0,1.0,1.0,0.2659531177,0.2580260682,0.04365843534,0.04393655062
5631,1.0,0.0,0.0,0.0,1.0,1.0,0.2729606158,0.2653240517,0.04519730806,0.04575872421
5632,1.0,0.0,0.0,0.0,1.0,1.0,0.2744947401,0.2641621712,0.04669255018,0.0469918251
5633,1.0,0.0,0.0,0.0,1.0,1.0,0.2773319446,0.259723037,0.04666018486,0.04636669159
5634,1.0,0.0,0.0,0.0,1.0,1.0,0.2785605055,0.2666242727,0.04674142599,0.04730802774
5635,1.0,0.0,0.0,0.0,1.0,1.0,0.283146997,0.2690804826,0.04553210735,0.04553210735
5636,1.0,0.0,0.0,0.0,1.0,1.0,0.2848410694,0.2731593516,0.04591161013,0.0456430912
5637,1.0,0.0,0.0,0.0,1.0,1.0,0.2795759012,0.2667324515,0.04392540455,0.04366242886
5638,1.0,0.0,0.0,0.0,1.0,1.0,0.2815094987,0.2756525882,0.04475051165,0.04528009892
5639,1.0,0.0,0.0,0.0,1.0,1.0,0.2809334968,0.2728739666,0.04394221306,0.04420852661
5640,1.0,0.0,0.0,0.0,1.0,1.0,0.2804557466,0.2645580074,0.04383432865,0.04303729534
5641,1.0,0.0,0.0,0.0,1.0,1.0,0.2867814106,0.2737744065,0.0450502634,0.04478049278
5642,1.0,0.0,0.0,0.0,1.0,1.0,0.2953675973,0.2785328301,0.04597336054,0.04543876648
5643,1.0,0.0,0.0,0.0,1.0,1.0,0.2892220495,0.2743564579,0.04510617256,0.04483926296
5644,1.0,0.0,0.0,0.0,1.0,1.0,0.2981092848,0.2785330219,0.04638671875,0.04558235407
5645,1.0,0.0,0.0,0.0,1.0,1.0,0.3023950875,0.2874211775,0.04719126225,0.04692465067
5646,1.0,0.0,0.0,0.0,1.0,1.0,0.2991526191,0.2897404657,0.04637628794,0.04690331221
5647,1.0,0.0,0.0,0.0,1.0,1.0,0.3070073802,0.2969588915,0.04820120335,0.04872512817
5648,1.0,0.0,0.0,0.0,1.0,1.0,0.3055726582,0.2883006155,0.04776030779,0.04749643803
5649,1.0,0.0,0.0,0.0,1.0,1.0,0.3101133244,0.2915041775,0.04832297564,0.04779779911
5650,1.0,0.0,0.0,0.0,1.0,1.0,0.3197546898,0.3023789899,0.05009639263,0.04983407259
5651,1.0,0.0,0.0,0.0,1.0,1.0,0.3131584214,0.2995171678,0.04931735992,0.04984200001
5652,1.0,0.0,0.0,0.0,1.0,1.0,0.3138742222,0.300772772,0.04966562986,0.05018848181
5653,1.0,0.0,0.0,0.0,1.0,1.0,0.3071373339,0.2884824895,0.04824954271,0.04772794247
5654,1.0,0.0,0.0,0.0,1.0,1.0,0.1567751839,0.1547956872,0.0231603384,0.02421307564
5655,1.0,0.0,0.0,0.0,1.0,1.0,0.09068657198,0.09280521729,0.01300483942,0.01408857107
5656,1.0,0.0,0.0,0.0,1.0,1.0,0.1527926719,0.1552034549,0.0225815773,0.02417552471
5657,1.0,0.0,0.0,0.0,1.0,1.0,0.2479368611,0.2352582077,0.03799235821,0.03799235821
5658,1.0,0.0,0.0,0.0,1.0,1.0,0.2997498305,0.2819740098,0.04734265804,0.04708105326
5659,1.0,0.0,0.0,0.0,1.0,1.0,0.3334184485,0.3136711156,0.05255401134,0.05229765177
5660,1.0,0.0,0.0,0.0,1.0,1.0,0.333957934,0.3157745789,0.05300623178,0.05300623178
5661,1.0,0.0,0.0,0.0,1.0,1.0,0.3401666453,0.3204894645,0.05355793238,0.05381292105
5662,1.0,0.0,0.0,0.0,1.0,1.0,0.3467785568,0.3255064016,0.05488860607,0.05514752865
5663,1.0,0.0,0.0,0.0,1.0,1.0,0.3474880667,0.3213593906,0.05439811945,0.05413913727
5664,1.0,0.0,0.0,0.0,1.0,1.0,0.3401283211,0.3144661009,0.05289447308,0.05263394117
5665,1.0,0.0,0.0,0.0,1.0,1.0,0.348583696,0.3206929928,0.05423414707,0.05397212505
5666,1.0,0.0,0.0,0.0,1.0,1.0,0.3496342788,0.3211374693,0.05399620533,0.05399620533
5667,1.0,0.0,0.0,0.0,1.0,1.0,0.3479286149,0.3195707443,0.05424308777,0.05424308777
5668,1.0,0.0,0.0,0.0,1.0,1.0,0.3529437992,0.3222498314,0.05449533463,0.05423331261
5669,1.0,0.0,0.0,0.0,1.0,1.0,0.361142961,0.3285203235,0.05612379313,0.05560171604
5670,1.0,0.0,0.0,0.0,1.0,1.0,0.3509747389,0.3259720439,0.05446541309,0.05498415232
5671,1.0,0.0,0.0,0.0,1.0,1.0,0.3540212659,0.3213590746,0.05492609739,0.05414885283
5672,1.0,0.0,0.0,0.0,1.0,1.0,0.3510642789,0.3223510143,0.05415177345,0.05415183306
5673,1.0,0.0,0.0,0.0,1.0,1.0,0.3504754914,0.320808746,0.05446976423,0.05420917273
5674,1.0,0.0,0.0,0.0,1.0,1.0,0.3511552529,0.3202543224,0.05401849747,0.05375874043
5675,1.0,0.0,0.0,0.0,1.0,1.0,0.3533378821,0.3213592109,0.05424726009,0.05398899317
5676,1.0,0.0,0.0,0.0,1.0,1.0,0.3471920353,0.3165932607,0.05365282297,0.05313193798
5677,1.0,0.0,0.0,0.0,1.0,1.0,0.3482901235,0.3171602365,0.05351155996,0.05299454927
5678,1.0,0.0,0.0,0.0,1.0,1.0,0.34821413,0.3177238936,0.05384027958,0.05332261324
5679,1.0,0.0,0.0,0.0,1.0,1.0,0.3493034779,0.3182837642,0.05435961485,0.05383938551
5680,1.0,0.0,0.0,0.0,1.0,1.0,0.3562863266,0.3198211569,0.05504316092,0.05375105143
5681,1.0,0.0,0.0,0.0,1.0,1.0,0.3578351238,0.3223509441,0.05575042963,0.05419462919
5682,1.0,0.0,0.0,0.0,1.0,1.0,0.3486623446,0.3160228675,0.05337685347,0.05259948969
5683,1.0,0.0,0.0,0.0,1.0,1.0,0.3551316034,0.3242704477,0.05448359251,0.05370527506
5684,1.0,0.0,0.0,0.0,1.0,1.0,0.3591611697,0.3259050474,0.05556708574,0.05452847481
5685,1.0,0.0,0.0,0.0,1.0,1.0,0.3582108289,0.3237184765,0.0551058054,0.05354619026
5686,1.0,0.0,0.0,0.0,1.0,1.0,0.3563375478,0.3247397622,0.05483663082,0.05379211903
5687,1.0,0.0,0.0,0.0,1.0,1.0,0.3542544089,0.3194419303,0.0533542037,0.05206543207
5688,1.0,0.0,0.0,0.0,1.0,1.0,0.3564563664,0.323163228,0.05451178551,0.05346846581
5689,1.0,0.0,0.0,0.0,1.0,1.0,0.3652954255,0.3315757098,0.05562251806,0.0548427701
5690,1.0,0.0,0.0,0.0,1.0,1.0,0.3606231424,0.324739877,0.05517178774,0.05412095785
5691,1.0,0.0,0.0,0.0,1.0,1.0,0.3553571229,0.3211372758,0.05442613363,0.05364114046
5692,1.0,0.0,0.0,0.0,1.0,1.0,0.3523395915,0.3188695315,0.05355334282,0.05250841379
5693,1.0,0.0,0.0,0.0,1.0,1.0,0.3557770946,0.3184343274,0.05437386036,0.05306053162
5694,1.0,0.0,0.0,0.0,1.0,1.0,0.3487414768,0.3138871819,0.05381089449,0.05276089907
5695,1.0,0.0,0.0,0.0,1.0,1.0,0.3611216545,0.321801735,0.05541855097,0.05411761999
5696,1.0,0.0,0.0,0.0,1.0,1.0,0.3549417762,0.3196971736,0.05473017693,0.05394458771
5697,1.0,0.0,0.0,0.0,1.0,1.0,0.3534403804,0.3171604468,0.05449086428,0.05344802141
5698,1.0,0.0,0.0,0.0,1.0,1.0,0.3534405179,0.320254624,0.05481338501,0.05428886414
5699,1.0,0.0,0.0,0.0,1.0,1.0,0.3510643585,0.3223510627,0.05431705713,0.05431711674
5700,1.0,0.0,0.0,0.0,1.0,1.0,0.3473412763,0.3209214469,0.05423355103,0.05475503206
5701,1.0,0.0,0.0,0.0,1.0,1.0,0.3406246893,0.3163373682,0.05304318666,0.05356067419
5702,1.0,0.0,0.0,0.0,1.0,1.0,0.3494319392,0.3189706674,0.05451762676,0.05425924063
5703,1.0,0.0,0.0,0.0,1.0,1.0,0.3395273517,0.3142418675,0.05333077908,0.05359220505
5704,1.0,0.0,0.0,0.0,1.0,1.0,0.3317510308,0.3047832537,0.05148625374,0.05122619867
5705,1.0,0.0,0.0,0.0,1.0,1.0,0.3367773053,0.3094247874,0.05251848698,0.05225723982
5706,1.0,0.0,0.0,0.0,1.0,1.0,0.3345414441,0.3053850608,0.05223375559,0.05171138048
5707,1.0,0.0,0.0,0.0,1.0,1.0,0.3348299273,0.3144663109,0.05187958479,0.05266171694
5708,1.0,0.0,0.0,0.0,1.0,1.0,0.3425195384,0.3082392026,0.05263692141,0.05185133219
5709,1.0,0.0,0.0,0.0,1.0,1.0,0.347928645,0.3134893919,0.05392825603,0.05339950323
5710,1.0,0.0,0.0,0.0,1.0,1.0,0.3417782959,0.3070386382,0.05200141668,0.05147612095
5711,1.0,0.0,0.0,0.0,1.0,1.0,0.3291054973,0.2957210869,0.05069690943,0.04989647865
5712,1.0,0.0,0.0,0.0,1.0,1.0,0.3044424754,0.2744495602,0.04657131433,0.04603904486
5713,1.0,0.0,0.0,0.0,1.0,1.0,0.2407218379,0.2143963381,0.03600561619,0.03547221422
5714,1.0,0.0,0.0,0.0,1.0,1.0,0.2107915167,0.171981665,0.03108114004,0.02840167284
5715,1.0,0.0,0.0,0.0,1.0,1.0,0.233142705,0.1879979136,0.0346531868,0.0314296484
5716,1.0,0.0,0.0,0.0,1.0,1.0,0.2797731791,0.241953507,0.04258328676,0.04097640514
5717,1.0,0.0,0.0,0.0,1.0,1.0,0.3043283191,0.2732845579,0.04677754641,0.04651170969
5718,1.0,0.0,0.0,0.0,1.0,1.0,0.3081827052,0.2802174349,0.04766625166,0.04793256521
5719,1.0,0.0,0.0,0.0,1.0,1.0,0.3325760381,0.3041778191,0.05174589157,0.05227929354
5720,1.0,0.0,0.0,0.0,1.0,1.0,0.3245165293,0.3023390762,0.05003499985,0.05136573315
5721,1.0,0.0,0.0,0.0,1.0,1.0,0.330280235,0.3133046225,0.05155998468,0.0537083149
5722,1.0,0.0,0.0,0.0,1.0,1.0,0.3328598565,0.3101714851,0.0518476963,0.05319088697
5723,1.0,0.0,0.0,0.0,1.0,1.0,0.3334353481,0.316857811,0.05200010538,0.05415552855
5724,1.0,0.0,0.0,0.0,1.0,1.0,0.3325757721,0.3164377766,0.05206567049,0.054212749
5725,1.0,0.0,0.0,0.0,1.0,1.0,0.3374514394,0.323718539,0.05272865295,0.0554189086
5726,1.0,0.0,0.0,0.0,1.0,1.0,0.3363092174,0.3257677699,0.05238372087,0.05533874035
5727,1.0,0.0,0.0,0.0,1.0,1.0,0.3328598514,0.3178604836,0.05163413286,0.05377441645
5728,1.0,0.0,0.0,0.0,1.0,1.0,0.3451066173,0.3278927858,0.05404382944,0.05564910173
5729,1.0,0.0,0.0,0.0,1.0,1.0,0.3440421299,0.3252152086,0.05385446548,0.0552008152
5730,1.0,0.0,0.0,0.0,1.0,1.0,0.3500189297,0.3315609709,0.05459600687,0.05593419075
5731,1.0,0.0,0.0,0.0,1.0,1.0,0.3488216456,0.3341979532,0.05480271578,0.05695176125
5732,1.0,0.0,0.0,0.0,1.0,1.0,0.3497189,0.3299745368,0.05474096537,0.05581432581
5733,1.0,0.0,0.0,0.0,1.0,1.0,0.3383256426,0.3081346038,0.05291068554,0.05210083723
5734,1.0,0.0,0.0,0.0,1.0,1.0,0.2339518293,0.1524570113,0.03403151035,0.024502635
5735,1.0,0.0,0.0,0.0,1.0,1.0,0.2747468835,0.05335083294,0.03844004869,0.008356511593
5736,1.0,0.0,0.0,0.0,1.0,1.0,0.2365543228,0.05650550438,0.03320533037,0.008854746819
5737,1.0,0.0,0.0,0.0,1.0,1.0,0.2753286204,0.1992243276,0.04077148438,0.03261715174
5738,1.0,0.0,0.0,0.0,1.0,1.0,0.3236627886,0.2774426322,0.04923123121,0.04625570774
5739,1.0,0.0,0.0,0.0,1.0,1.0,0.3484778664,0.308651014,0.05329990387,0.0511354208
5740,1.0,0.0,0.0,0.0,1.0,1.0,0.350681476,0.3217157972,0.05357903242,0.05277532339
5741,1.0,0.0,0.0,0.0,1.0,1.0,0.3556297072,0.3320621475,0.05435204506,0.05461978912
5742,1.0,0.0,0.0,0.0,1.0,1.0,0.3654997934,0.3473468555,0.05562078953,0.05641919374
