frame_index,face_detected,yaw,pitch,roll,left_eye_valid,right_eye_valid,left_eye_aspect_ratio,right_eye_aspect_ratio,left_eyelid_gap_ratio,right_eyelid_gap_ratio
0,1.0,0.0,0.0,0.0,1.0,1.0,0.324779501,0.3400164608,0.0554766655,0.05306464434
1,1.0,0.0,0.0,0.0,1.0,1.0,0.3300483668,0.3320293909,0.05708003044,0.0530602932
2,1.0,0.0,0.0,0.0,1.0,1.0,0.3307958516,0.3393374342,0.0561248064,0.05346482992
3,1.0,0.0,0.0,0.0,1.0,1.0,0.339110379,0.3420906894,0.05882132053,0.05504375696
4,1.0,0.0,0.0,0.0,1.0,1.0,0.3388732347,0.3442895328,0.05843031406,0.05546844006
5,1.0,0.0,0.0,0.0,1.0,1.0,0.339711936,0.3348824182,0.06550258398,0.06107240915
6,1.0,0.0,0.0,0.0,1.0,1.0,0.3430428283,0.3447550398,0.06620174646,0.06301891804
7,1.0,0.0,0.0,0.0,1.0,1.0,0.3469822939,0.3471745681,0.06567311287,0.06221663952
8,1.0,0.0,0.0,0.0,1.0,1.0,0.3499731508,0.3508679077,0.06463116407,0.06152385473
9,1.0,0.0,0.0,0.0,1.0,1.0,0.3488777823,0.3538948796,0.06575244665,0.06321126223
10,1.0,0.0,0.0,0.0,1.0,1.0,0.3520370273,0.3535932304,0.0660058856,0.06310808659
11,1.0,0.0,0.0,0.0,1.0,1.0,0.3491200337,0.361805179,0.06578493118,0.06514000893
12,1.0,0.0,0.0,0.0,1.0,1.0,0.3566974091,0.3846772503,0.06632167101,0.06856441498
13,1.0,0.0,0.0,0.0,1.0,1.0,0.354363126,0.3788499615,0.06669986248,0.06799507141
14,1.0,0.0,0.0,0.0,1.0,1.0,0.346427063,0.3675483144,0.06220930815,0.06314241886
15,1.0,0.0,0.0,0.0,1.0,1.0,0.3505898096,0.3675484863,0.0617685914,0.0623831749
16,1.0,0.0,0.0,0.0,1.0,1.0,0.3581916423,0.376153976,0.06314963102,0.06376576424
17,1.0,0.0,0.0,0.0,1.0,1.0,0.3588190891,0.3788498534,0.0632044673,0.06474602222
18,1.0,0.0,0.0,0.0,1.0,1.0,0.3581914417,0.384262071,0.06359070539,0.06607234478
19,1.0,0.0,0.0,0.0,1.0,1.0,0.3498044685,0.3716785236,0.06346619129,0.06534206867
20,1.0,0.0,0.0,0.0,1.0,1.0,0.3587742993,0.3756767817,0.06547427177,0.06609779596
21,1.0,0.0,0.0,0.0,1.0,1.0,0.3510150131,0.36456518,0.06337827444,0.0640026927
22,1.0,0.0,0.0,0.0,1.0,1.0,0.354039336,0.3721699148,0.06447637081,0.06571042538
23,1.0,0.0,0.0,0.0,1.0,1.0,0.3564561978,0.3686749335,0.06436437368,0.06498026848
24,1.0,0.0,0.0,0.0,1.0,1.0,0.354750612,0.3734756515,0.06423211098,0.0657761693
25,1.0,0.0,0.0,0.0,1.0,1.0,0.3582905605,0.375229016,0.06402176619,0.06555336714
26,1.0,0.0,0.0,0.0,1.0,1.0,0.2710663193,0.1984185915,0.04561281204,0.03351145983
27,1.0,0.0,0.0,0.0,1.0,1.0,0.3126747183,0.137790624,0.05208402872,0.02325177193
28,1.0,0.0,0.0,0.0,1.0,1.0,0.2906443705,0.197692002,0.04769748449,0.03323441744
29,1.0,0.0,0.0,0.0,1.0,1.0,0.3078059663,0.2462125604,0.05166649818,0.0420178771
30,1.0,0.0,0.0,0.0,1.0,1.0,0.3197481255,0.3066878234,0.05367481709,0.05214124918
31,1.0,0.0,0.0,0.0,1.0,1.0,0.3388242396,0.3302041919,0.05781340599,0.05720162392
32,1.0,0.0,0.0,0.0,1.0,1.0,0.3506179138,0.3360799249,0.05976718664,0.05884295702
33,1.0,0.0,0.0,0.0,1.0,1.0,0.3552394857,0.3447550716,0.0608176589,0.05990988016
34,1.0,0.0,0.0,0.0,1.0,1.0,0.3656928119,0.3596608298,0.06207454205,0.06267720461
35,1.0,0.0,0.0,0.0,1.0,1.0,0.3582230094,0.3482374105,0.06126856804,0.06126850843
36,1.0,0.0,0.0,0.0,1.0,1.0,0.3600476151,0.3631190298,0.06272959709,0.06489264965
37,1.0,0.0,0.0,0.0,1.0,1.0,0.3637610322,0.3564442461,0.06355834007,0.06418758631
38,1.0,0.0,0.0,0.0,1.0,1.0,0.370817625,0.3700354474,0.06430661678,0.06553149223
39,1.0,0.0,0.0,0.0,1.0,1.0,0.3670711699,0.3765021515,0.0642837882,0.06702572107
40,1.0,0.0,0.0,0.0,1.0,1.0,0.3626522234,0.370979215,0.06559079885,0.06807762384
41,1.0,0.0,0.0,0.0,1.0,1.0,0.3612847582,0.3610025701,0.06644004583,0.06706100702
42,1.0,0.0,0.0,0.0,1.0,1.0,0.3585589513,0.3697934612,0.06369954348,0.06608086824
43,1.0,0.0,0.0,0.0,1.0,1.0,0.3587740695,0.3604547211,0.06620740891,0.06712275743
44,1.0,0.0,0.0,0.0,1.0,1.0,0.3616399698,0.3483395793,0.06747549772,0.06563526392
45,1.0,0.0,0.0,0.0,1.0,1.0,0.3507976266,0.3457086919,0.06124824286,0.06095933914
46,1.0,0.0,0.0,0.0,1.0,1.0,0.3373010529,0.3244090999,0.06128704548,0.05977755785
47,1.0,0.0,0.0,0.0,1.0,1.0,0.3394955813,0.3254763648,0.06173849106,0.05963039398
48,1.0,0.0,0.0,0.0,1.0,1.0,0.3378630478,0.3162169302,0.05921250582,0.05629563332
49,1.0,0.0,0.0,0.0,1.0,1.0,0.3392448001,0.3200825438,0.05909228325,0.05677491426
50,1.0,0.0,0.0,0.0,1.0,1.0,0.3442336172,0.326614964,0.06130683422,0.05923366547
51,1.0,0.0,0.0,0.0,1.0,1.0,0.3437675985,0.3276860772,0.05932545662,0.05787855387
52,1.0,0.0,0.0,0.0,1.0,1.0,0.3440564392,0.3233487507,0.05876070261,0.05675423145
53,1.0,0.0,0.0,0.0,1.0,1.0,0.3436617897,0.3228716188,0.06113445759,0.05877178907
54,1.0,0.0,0.0,0.0,1.0,1.0,0.3511551595,0.3244940784,0.06180953979,0.05943226814
55,1.0,0.0,0.0,0.0,1.0,1.0,0.3556192288,0.3304344165,0.06174844503,0.0594072938
56,1.0,0.0,0.0,0.0,1.0,1.0,0.3651317665,0.3374738641,0.06289684772,0.06084901094
57,1.0,0.0,0.0,0.0,1.0,1.0,0.3662337443,0.3457085404,0.06062269211,0.05977284908
58,1.0,0.0,0.0,0.0,1.0,1.0,0.3646843948,0.3425241565,0.06200522184,0.06054288149
59,1.0,0.0,0.0,0.0,1.0,1.0,0.3613901915,0.346982265,0.06050258875,0.06050252914
60,1.0,0.0,0.0,0.0,1.0,1.0,0.3542767337,0.3359327757,0.05911326408,0.05824393034
61,1.0,0.0,0.0,0.0,1.0,1.0,0.3568199302,0.3545319421,0.05872756243,0.05986791849
62,1.0,0.0,0.0,0.0,1.0,1.0,0.355318352,0.3427141497,0.05835443735,0.05835443735
63,1.0,0.0,0.0,0.0,1.0,1.0,0.3517198756,0.347263636,0.05870825052,0.05958014727
64,1.0,0.0,0.0,0.0,1.0,1.0,0.3561330919,0.3528433171,0.05827909708,0.05970746279
65,1.0,0.0,0.0,0.0,1.0,1.0,0.3608604492,0.3593882459,0.05896127224,0.06069540977
66,1.0,0.0,0.0,0.0,1.0,1.0,0.3607143407,0.3701006429,0.05861651897,0.06204771996
67,1.0,0.0,0.0,0.0,1.0,1.0,0.3645538117,0.3666893623,0.05977267027,0.06208276749
68,1.0,0.0,0.0,0.0,1.0,1.0,0.3634337363,0.3673906958,0.05818670988,0.0607791543
69,1.0,0.0,0.0,0.0,1.0,1.0,0.3653682042,0.3782610855,0.05920469761,0.06265354156
70,1.0,0.0,0.0,0.0,1.0,1.0,0.3573226249,0.3765260956,0.05798321962,0.06228893995
71,1.0,0.0,0.0,0.0,1.0,1.0,0.3570684463,0.3722058582,0.05803126097,0.06144487858
72,1.0,0.0,0.0,0.0,1.0,1.0,0.3580607062,0.3726443223,0.05890798569,0.06205362082
73,1.0,0.0,0.0,0.0,1.0,1.0,0.3543632817,0.3739410086,0.05817210674,0.06212556362
74,1.0,0.0,0.0,0.0,1.0,1.0,0.3564564815,0.3815436345,0.05894523859,0.06373977661
75,1.0,0.0,0.0,0.0,1.0,1.0,0.3558488783,0.3806600944,0.05878984928,0.06385314465
76,1.0,0.0,0.0,0.0,1.0,1.0,0.3571248451,0.3823367806,0.06037646532,0.06524091959
77,1.0,0.0,0.0,0.0,1.0,1.0,0.3518442786,0.3727016159,0.05830609798,0.06281286478
78,1.0,0.0,0.0,0.0,1.0,1.0,0.3537544001,0.3781671985,0.05858242512,0.06370127201
79,1.0,0.0,0.0,0.0,1.0,1.0,0.3514332522,0.3722751749,0.0584448576,0.06329149008
80,1.0,0.0,0.0,0.0,1.0,1.0,0.3529466945,0.3752112829,0.05741065741,0.06245160103
81,1.0,0.0,0.0,0.0,1.0,1.0,0.3508030948,0.3786282266,0.05758577585,0.06328737736
82,1.0,0.0,0.0,0.0,1.0,1.0,0.3526431375,0.3764788519,0.0580316186,0.06312704086
83,1.0,0.0,0.0,0.0,1.0,1.0,0.3600048112,0.3773058578,0.05949634314,0.0637460351
84,1.0,0.0,0.0,0.0,1.0,1.0,0.357495955,0.3752112273,0.05826616287,0.06246805191
85,1.0,0.0,0.0,0.0,1.0,1.0,0.3557040319,0.3615726062,0.05853623152,0.06053501368
86,1.0,0.0,0.0,0.0,1.0,1.0,0.3597990996,0.3666891247,0.05921840668,0.06150698662
87,1.0,0.0,0.0,0.0,1.0,1.0,0.3550877416,0.3610994192,0.05792796612,0.05962336063
88,1.0,0.0,0.0,0.0,1.0,1.0,0.3513398089,0.3606234481,0.05827838182,0.05940997601
89,1.0,0.0,0.0,0.0,1.0,1.0,0.3203114634,0.2938498205,0.05122542381,0.0467466712
90,1.0,0.0,0.0,0.0,1.0,1.0,0.2593247789,0.09882545539,0.038877666,0.01504027843
91,1.0,0.0,0.0,0.0,1.0,1.0,0.2712240978,0.07247864737,0.04153299332,0.01080995798
92,1.0,0.0,0.0,0.0,1.0,1.0,0.2365227257,0.1518380655,0.03767466545,0.02237814665
93,1.0,0.0,0.0,0.0,1.0,1.0,0.247266651,0.161327158,0.04014956951,0.02302283049
94,1.0,0.0,0.0,0.0,1.0,1.0,0.2579206079,0.2035155787,0.04282724857,0.028457582
95,1.0,0.0,0.0,0.0,1.0,1.0,0.2672923588,0.2468253716,0.04524058104,0.03428167105
96,1.0,0.7853981853,0.0,0.0,1.0,1.0,0.2755936602,0.2767050496,0.04688566923,0.03784745932
97,1.0,0.7853981853,0.0,0.0,1.0,1.0,0.2903219496,0.3115415889,0.04909694195,0.04204279184
98,1.0,0.7853981853,0.0,0.0,1.0,1.0,0.2912948056,0.3239716746,0.04923456907,0.04329246283
99,1.0,0.7853981853,0.0,0.0,1.0,1.0,0.2874430579,0.3139270709,0.04951411486,0.04183083773
100,1.0,0.7853981853,0.0,0.0,1.0,1.0,0.2801090207,0.3045507836,0.04818809032,0.04048937559
101,1.0,0.7853981853,0.0,0.0,1.0,1.0,0.2733371231,0.2898814589,0.04616415501,0.03795093298
102,1.0,0.7853981853,0.0,0.0,1.0,1.0,0.2728740043,0.2934532557,0.04710185528,0.03915697336
103,1.0,0.7853981853,0.0,0.0,1.0,1.0,0.2593592959,0.2702353164,0.04453855753,0.03574430943
104,1.0,0.7853981853,0.0,0.0,1.0,1.0,0.2583017958,0.2650693467,0.04391276836,0.03501540422
105,1.0,0.7853981853,0.0,0.0,1.0,1.0,0.2041112233,0.07530020238,0.03403669596,0.009682834148
106,1.0,0.0,0.0,0.0,1.0,1.0,0.21609561,0.07670099551,0.03561514616,0.00979411602
107,1.0,0.0,0.0,0.0,1.0,1.0,0.2016570245,0.06662963709,0.03325605392,0.008751630783
108,1.0,0.0,0.0,0.0,1.0,1.0,0.1780312897,0.05482150441,0.02922987938,0.007524490356
109,1.0,0.0,0.0,0.0,1.0,1.0,0.1757813619,0.1014471509,0.02943623066,0.0151386261
110,1.0,0.0,0.0,0.0,1.0,1.0,0.2271457725,0.2149533187,0.03770464659,0.03267735243
111,1.0,0.0,0.0,0.0,1.0,1.0,0.2752955113,0.2782134204,0.04565578699,0.044521451
112,1.0,0.0,0.0,0.0,1.0,1.0,0.3051469807,0.3022366899,0.04966765642,0.04910957813
113,1.0,0.0,0.0,0.0,1.0,1.0,0.3400879996,0.3348298391,0.05682188272,0.0576915741
114,1.0,0.0,0.0,0.0,1.0,1.0,0.3553180597,0.3469822007,0.05804079771,0.05975627899
115,1.0,0.0,0.0,0.0,1.0,1.0,0.3692429325,0.3512890712,0.06043487787,0.06188768148
116,1.0,0.0,0.0,0.0,1.0,1.0,0.3733182908,0.3493032625,0.0610037446,0.06189215183
117,1.0,0.0,0.0,0.0,1.0,1.0,0.3738787844,0.3552835203,0.06095433235,0.06363040209
118,1.0,0.0,0.0,0.0,1.0,1.0,0.3773215201,0.3541069001,0.06075227261,0.06341946125
119,1.0,0.0,0.0,0.0,1.0,1.0,0.3821398695,0.3506237895,0.0601271987,0.06186157465
120,1.0,0.0,0.0,0.0,1.0,1.0,0.3994101926,0.3768386167,0.06402057409,0.06754463911
121,1.0,0.0,0.0,0.0,1.0,1.0,0.3971539759,0.369859301,0.06322908401,0.06710636616
122,1.0,0.0,0.0,0.0,1.0,1.0,0.3860177065,0.3552834231,0.06109040976,0.06471955776
123,1.0,0.0,0.0,0.0,1.0,1.0,0.3909184855,0.3631306478,0.06167280674,0.06622993946
124,1.0,0.0,0.0,0.0,1.0,1.0,0.3841758369,0.3521524498,0.05719035864,0.06096434593
125,1.0,0.0,0.0,0.0,1.0,1.0,0.3852320515,0.3533379719,0.05805587769,0.06220275164
126,1.0,0.0,0.0,0.0,1.0,1.0,0.3938686674,0.3538290634,0.0572783947,0.06042867899
127,1.0,0.0,0.0,0.0,1.0,1.0,0.3837231781,0.3524522806,0.0572335124,0.06219762564
128,1.0,0.0,0.0,0.0,1.0,1.0,0.3938973919,0.3611843981,0.06001788378,0.06539267302
129,1.0,0.0,0.0,0.0,1.0,1.0,0.3969980266,0.3524522299,0.06065708399,0.06459975243
130,1.0,0.0,0.0,0.0,1.0,1.0,0.3957786247,0.3595355444,0.0584115386,0.06431180239
131,1.0,0.0,0.0,0.0,1.0,1.0,0.3985926594,0.3646173097,0.06099611521,0.06763929129
132,1.0,0.0,0.0,0.0,1.0,1.0,0.3910859507,0.3505382294,0.05987930298,0.06502044201
133,1.0,0.0,0.0,0.0,1.0,1.0,0.3970251206,0.3541710691,0.05970865488,0.06473362446
134,1.0,0.0,0.0,0.0,1.0,1.0,0.4053401585,0.3569434555,0.06115007401,0.06594616175
135,1.0,0.0,0.0,0.0,1.0,1.0,0.3938393027,0.3557883724,0.06099975109,0.06743693352
136,1.0,0.0,0.0,0.0,1.0,1.0,0.4073270674,0.3671089378,0.06199812889,0.06865161657
137,1.0,0.0,0.0,0.0,1.0,1.0,0.4052855808,0.3667824839,0.06320095062,0.0702573657
138,1.0,0.0,0.0,0.0,1.0,1.0,0.4009619303,0.3551071235,0.0621548295,0.06766605377
139,1.0,0.0,0.0,0.0,1.0,1.0,0.3981917101,0.3643124864,0.0600541234,0.06752353907
140,1.0,0.0,0.0,0.0,1.0,1.0,0.3918603826,0.3514165015,0.06023269892,0.06631678343
141,1.0,0.0,0.0,0.0,1.0,1.0,0.4005621101,0.3567141825,0.06114208698,0.06653702259
142,1.0,0.0,0.0,0.0,1.0,1.0,0.3997768935,0.3606402595,0.06089937687,0.06723052263
143,1.0,0.0,0.0,0.0,1.0,1.0,0.4017362974,0.3631412081,0.06266373396,0.06908297539
144,1.0,0.0,0.0,0.0,1.0,1.0,0.3989942527,0.3528382576,0.06131410599,0.06642365456
145,1.0,0.0,0.0,0.0,1.0,1.0,0.4005581007,0.3608209066,0.06071656942,0.06693637371
146,1.0,0.0,0.0,0.0,1.0,1.0,0.3970253017,0.3551071047,0.05883485079,0.06436878443
147,1.0,0.0,0.0,0.0,1.0,1.0,0.4005659894,0.3539689122,0.05916702747,0.0644133687
148,1.0,0.0,0.0,0.0,1.0,1.0,0.3985929718,0.3465807083,0.0601722002,0.06404465437
149,1.0,0.0,0.0,0.0,1.0,1.0,0.3938689927,0.347702231,0.05787652731,0.06221723557
150,1.0,0.0,0.0,0.0,1.0,1.0,0.3962109542,0.3511109569,0.05946314335,0.06392282248
151,1.0,-0.7853981853,0.0,0.0,1.0,1.0,0.3957989272,0.3423412382,0.06013947725,0.06376594305
152,1.0,-0.7853981853,0.0,0.0,1.0,1.0,0.4009735642,0.3412332662,0.05984765291,0.06282514334
153,1.0,-0.7853981853,0.0,0.0,1.0,1.0,0.3973685734,0.3457087979,0.05829834938,0.06212604046
154,1.0,-0.7853981853,0.0,0.0,1.0,1.0,0.3929601329,0.3385730867,0.05878263712,0.06238156557
155,1.0,-0.7853981853,0.0,0.0,1.0,1.0,0.390954973,0.3407935852,0.05695098639,0.06074780226
156,1.0,-0.7853981853,0.0,0.0,1.0,1.0,0.3890044325,0.3298810048,0.05805575848,0.06013977528
157,1.0,-0.7853981853,0.0,0.0,1.0,1.0,0.384170128,0.3180043402,0.05688941479,0.05807459354
158,1.0,0.0,0.0,0.0,1.0,1.0,0.2672081663,0.1339123786,0.0376715064,0.02394628525
159,1.0,0.0,0.0,0.0,1.0,1.0,0.2632362987,0.09960661326,0.03630840778,0.01741623878
160,1.0,0.0,0.0,0.0,1.0,1.0,0.2777352158,0.1582450105,0.04115259647,0.02853649855
161,1.0,0.0,0.0,0.0,1.0,1.0,0.3312756982,0.2442724909,0.05235791206,0.04525852203
162,1.0,0.0,0.0,0.0,1.0,1.0,0.3431327729,0.27228388,0.05764436722,0.05184942484
163,1.0,0.0,0.0,0.0,1.0,1.0,0.3334396123,0.2734630035,0.05686467886,0.05028039217
164,1.0,0.0,0.0,0.0,1.0,1.0,0.3474086333,0.30081901,0.05951559544,0.05365204811
165,1.0,0.0,0.0,0.0,1.0,1.0,0.3270599479,0.2874212195,0.05723422766,0.05113309622
166,1.0,0.0,0.0,0.0,1.0,1.0,0.3219789306,0.2834481361,0.05609178543,0.04925823212
167,1.0,0.0,0.0,0.0,1.0,1.0,0.3145785143,0.2742576451,0.05379790068,0.04567217827
168,1.0,0.0,0.0,0.0,1.0,1.0,0.3252476158,0.2886897518,0.05594825745,0.0480760932
169,1.0,0.0,0.0,0.0,1.0,1.0,0.3323285857,0.2984679525,0.0573682189,0.04945534468
170,1.0,0.0,0.0,0.0,1.0,1.0,0.3314979978,0.2991409164,0.05651855469,0.04864531755
171,1.0,0.0,0.0,0.0,1.0,1.0,0.3331470915,0.3108228558,0.05777031183,0.05100697279
172,1.0,0.0,0.0,0.0,1.0,1.0,0.3266150447,0.3112447464,0.05672544241,0.05105286837
173,1.0,0.0,0.0,0.0,1.0,1.0,0.3293430453,0.3084484282,0.05719578266,0.05068337917
174,1.0,0.0,0.0,0.0,1.0,1.0,0.3293614731,0.3108228284,0.0564725399,0.05035233498
175,1.0,0.0,0.0,0.0,1.0,1.0,0.3266467273,0.3108229531,0.05694466829,0.05127853155
176,1.0,0.0,0.0,0.0,1.0,1.0,0.331530287,0.3131812397,0.05827790499,0.05202364922
177,1.0,0.0,0.0,0.0,1.0,1.0,0.3326091004,0.3142575218,0.05848652124,0.05195647478
178,1.0,0.0,0.0,0.0,1.0,1.0,0.3320725367,0.3166038248,0.05863392353,0.05265665054
179,1.0,0.0,0.0,0.0,1.0,1.0,0.3282955148,0.3125401343,0.05746686459,0.05152201653
180,1.0,0.0,0.0,0.0,1.0,1.0,0.3353068794,0.3222336457,0.05959832668,0.05384004116
181,1.0,0.0,0.0,0.0,1.0,1.0,0.3390388645,0.3314299931,0.05920100212,0.05415070057
182,1.0,0.0,0.0,0.0,1.0,1.0,0.3358123172,0.328583386,0.05960422754,0.05449527502
183,1.0,0.0,0.0,0.0,1.0,1.0,0.3406457226,0.3331471207,0.05997461081,0.05488240719
184,1.0,0.0,0.0,0.0,1.0,1.0,0.3379756383,0.3302952463,0.05919224024,0.05440050364
185,1.0,0.0,0.0,0.0,1.0,1.0,0.3331472562,0.3245608676,0.05970674753,0.05477946997
186,1.0,0.0,0.0,0.0,1.0,1.0,0.3326090844,0.3256801934,0.05806094408,0.0532695055
187,1.0,0.0,0.0,0.0,1.0,1.0,0.3352968737,0.3297126154,0.05948293209,0.05490726233
188,1.0,0.0,0.0,0.0,1.0,1.0,0.3326038155,0.3262064543,0.05773806572,0.05320954323
189,1.0,0.0,0.0,0.0,1.0,1.0,0.338046199,0.3319825324,0.05833208561,0.0535416007
190,1.0,0.0,0.0,0.0,1.0,1.0,0.3380467369,0.3372239273,0.0592713356,0.05526256561
191,1.0,0.0,0.0,0.0,1.0,1.0,0.3336872916,0.3302352572,0.05834043026,0.05352592468
192,1.0,0.0,0.0,0.0,1.0,1.0,0.3299285941,0.3198907364,0.05719876289,0.05161839724
193,1.0,0.0,0.0,0.0,1.0,1.0,0.330486524,0.3166041837,0.05789959431,0.05174601078
194,1.0,0.0,0.0,0.0,1.0,1.0,0.3219354957,0.3053851586,0.05719965696,0.05008530617
195,1.0,0.0,0.0,0.0,1.0,1.0,0.2553319574,0.04507305131,0.04037344456,0.006632804871
196,1.0,0.0,0.0,0.0,1.0,1.0,0.247154465,0.08261524129,0.04019838572,0.01203018427
197,1.0,0.0,0.0,0.0,1.0,1.0,0.2559123484,0.1618528699,0.04261803627,0.02303677797
198,1.0,0.0,0.0,0.0,1.0,1.0,0.2652628596,0.212066271,0.04480820894,0.02919757366
199,1.0,0.7853981853,0.0,0.0,1.0,1.0,0.2761843618,0.2607236784,0.04750019312,0.03562510014
200,1.0,0.7853981853,0.0,0.0,1.0,1.0,0.2920665008,0.2909485756,0.05071473122,0.03840249777
201,1.0,0.7853981853,0.0,0.0,1.0,1.0,0.2921446913,0.3038844082,0.05023372173,0.03965818882
202,1.0,0.7853981853,0.0,0.0,1.0,1.0,0.3013649171,0.3180039683,0.05213922262,0.04124003649
203,1.0,0.7853981853,0.0,0.0,1.0,1.0,0.313817746,0.3361355766,0.05426186323,0.0442352891
204,1.0,0.7853981853,0.0,0.0,1.0,1.0,0.3099962374,0.3308963903,0.05378556252,0.043204844
205,1.0,0.7853981853,0.0,0.0,1.0,1.0,0.3054322057,0.329361468,0.05342340469,0.0430355072
206,1.0,0.7853981853,0.0,0.0,1.0,1.0,0.3046875266,0.3279419134,0.05466580391,0.0441531539
207,1.0,0.7853981853,0.0,0.0,1.0,1.0,0.3050571691,0.3242634853,0.05363690853,0.0432651639
208,1.0,0.7853981853,0.0,0.0,1.0,1.0,0.2971313242,0.2980399079,0.05207133293,0.03934937716
209,1.0,0.7853981853,0.0,0.0,1.0,1.0,0.2973131624,0.3083860509,0.05261951685,0.04072803259
210,1.0,0.7853981853,0.0,0.0,1.0,1.0,0.291574052,0.3025215851,0.0511816144,0.03993940353
211,1.0,0.7853981853,0.0,0.0,1.0,1.0,0.2925608926,0.3034018618,0.05095398426,0.04005628824
212,1.0,0.7853981853,0.0,0.0,1.0,1.0,0.2918575941,0.300280867,0.05063158274,0.03944551945
213,1.0,0.7853981853,0.0,0.0,1.0,1.0,0.2991637311,0.320617405,0.05254083872,0.04256105423
214,1.0,0.7853981853,0.0,0.0,1.0,1.0,0.298491043,0.3139840534,0.05197781324,0.04146546125
215,1.0,0.7853981853,0.0,0.0,1.0,1.0,0.2912946654,0.2958871332,0.05065411329,0.03930056095
216,1.0,0.7853981853,0.0,0.0,1.0,1.0,0.2395800345,0.06771944604,0.03927481174,0.008499801159
217,1.0,0.0,0.0,0.0,1.0,1.0,0.2593144452,0.06304890442,0.04258215427,0.007984161377
218,1.0,0.0,0.0,0.0,1.0,1.0,0.2421232823,0.06647664978,0.03933089972,0.00857591629
219,1.0,0.0,0.0,0.0,1.0,1.0,0.2375434813,0.06136914912,0.03975701332,0.008245885372
220,1.0,0.0,0.0,0.0,1.0,1.0,0.2098655665,0.13494587,0.03566491604,0.01870948076
221,1.0,0.0,0.0,0.0,1.0,1.0,0.261416891,0.2717115699,0.04644918442,0.04050147533
222,1.0,0.0,0.0,0.0,1.0,1.0,0.2947881175,0.3148426141,0.05270683765,0.0484790206
223,1.0,0.0,0.0,0.0,1.0,1.0,0.3058229924,0.3235604161,0.05485546589,0.05089682341
224,1.0,0.0,0.0,0.0,1.0,1.0,0.3220423703,0.3492673385,0.05659514666,0.05436480045
225,1.0,0.0,0.0,0.0,1.0,1.0,0.3227037486,0.3354771213,0.05817711353,0.05422335863
226,1.0,0.0,0.0,0.0,1.0,1.0,0.3252153182,0.3296401591,0.0567240119,0.05202001333
227,1.0,0.0,0.0,0.0,1.0,1.0,0.3261507349,0.3349194666,0.05658143759,0.05294007063
228,1.0,0.0,0.0,0.0,1.0,1.0,0.3342342225,0.3378397065,0.05815142393,0.05446380377
229,1.0,0.0,0.0,0.0,1.0,1.0,0.3429458982,0.3477077127,0.05949217081,0.05637586117
230,1.0,0.0,0.0,0.0,1.0,1.0,0.3402704,0.3366174098,0.05864590406,0.05496281385
231,1.0,0.0,0.0,0.0,1.0,1.0,0.3413526171,0.3394656261,0.05941456556,0.05627250671
232,1.0,0.0,0.0,0.0,1.0,1.0,0.3375598623,0.341273076,0.05932182074,0.05699551105
233,1.0,0.0,0.0,0.0,1.0,1.0,0.3445775538,0.3564440827,0.05930161476,0.05872583389
234,1.0,0.0,0.0,0.0,1.0,1.0,0.3434278881,0.349804875,0.05837523937,0.05752515793
235,1.0,0.0,0.0,0.0,1.0,1.0,0.344520662,0.3503196183,0.06000649929,0.05913674831
236,1.0,0.0,0.0,0.0,1.0,1.0,0.3476317939,0.3510148385,0.05892854929,0.0575119853
237,1.0,0.0,0.0,0.0,1.0,1.0,0.3412729293,0.3498047096,0.05812233686,0.05812233686
238,1.0,0.0,0.0,0.0,1.0,1.0,0.3449251961,0.3458274195,0.0585321188,0.05710446835
239,1.0,0.0,0.0,0.0,1.0,1.0,0.341025843,0.3382986904,0.05683922768,0.05543226004
240,1.0,0.0,0.0,0.0,1.0,1.0,0.3390216436,0.338851817,0.05804890394,0.05689936876
241,1.0,0.0,0.0,0.0,1.0,1.0,0.3365469127,0.3297127609,0.05647617579,0.05476474762
242,1.0,0.0,0.0,0.0,1.0,1.0,0.3345626331,0.3279957082,0.05645465851,0.05473524332
243,1.0,0.0,0.0,0.0,1.0,1.0,0.3257944067,0.3172286979,0.05441081524,0.05271041393
244,1.0,0.0,0.0,0.0,1.0,1.0,0.3239164013,0.3184664143,0.0543295145,0.05292207003
245,1.0,0.0,0.0,0.0,1.0,1.0,0.3261425822,0.3190784705,0.054004848,0.05261296034
246,1.0,0.0,0.0,0.0,1.0,1.0,0.3289515535,0.3173906084,0.0552033186,0.05295014381
247,1.0,0.0,0.0,0.0,1.0,1.0,0.3272734157,0.3190784558,0.05383950472,0.05218285322
248,1.0,0.0,0.0,0.0,1.0,1.0,0.3337088853,0.3286301818,0.05592519045,0.05479544401
249,1.0,0.0,0.0,0.0,1.0,1.0,0.3303382515,0.3212493615,0.05605876446,0.05405670404
250,1.0,0.0,0.0,0.0,1.0,1.0,0.3334277822,0.3325787072,0.0574093461,0.05653953552
251,1.0,0.0,0.0,0.0,1.0,1.0,0.3365296553,0.3331472118,0.05953472853,0.05803883076
252,1.0,0.0,0.0,0.0,1.0,1.0,0.3425197356,0.3389110545,0.05685484409,0.05544054508
253,1.0,0.0,0.0,0.0,1.0,1.0,0.3436917017,0.3325666479,0.05692017078,0.05408829451
254,1.0,0.0,0.0,0.0,1.0,1.0,0.3560835676,0.3401606787,0.05885124207,0.05515521765
255,1.0,0.0,0.0,0.0,1.0,1.0,0.3528448691,0.3395989989,0.05808794498,0.05442219973
256,1.0,0.0,0.0,0.0,1.0,1.0,0.3551664798,0.3466374147,0.05929470062,0.0564302206
257,1.0,0.0,0.0,0.0,1.0,1.0,0.3621789876,0.360222612,0.06097006798,0.05922806263
258,1.0,0.0,0.0,0.0,1.0,1.0,0.3667519879,0.3592300957,0.05992102623,0.05736511946
259,1.0,0.0,0.0,0.0,1.0,1.0,0.36803175,0.362297911,0.0625743866,0.06020194292
260,1.0,0.0,0.0,0.0,1.0,1.0,0.3678503022,0.366816399,0.06091564894,0.05947893858
261,1.0,0.0,0.0,0.0,1.0,1.0,0.3695852405,0.3761150717,0.06169384718,0.06169384718
262,1.0,0.0,0.0,0.0,1.0,1.0,0.3604546877,0.3664619572,0.0588709116,0.05887085199
263,1.0,0.0,0.0,0.0,1.0,1.0,0.3637482549,0.3677525013,0.05975139141,0.05946689844
264,1.0,0.0,0.0,0.0,1.0,1.0,0.3601435655,0.3612018129,0.06058639288,0.05971676111
265,1.0,0.0,0.0,0.0,1.0,1.0,0.35824187,0.3616861237,0.05952847004,0.05952841043
266,1.0,0.0,0.0,0.0,1.0,1.0,0.3549743609,0.3634333446,0.05906271935,0.05963611603
267,1.0,0.0,0.0,0.0,1.0,1.0,0.354058418,0.3682152625,0.05984687805,0.06100893021
268,1.0,0.0,0.0,0.0,1.0,1.0,0.3521348116,0.3524349845,0.05800026655,0.05714738369
269,1.0,0.0,0.0,0.0,1.0,1.0,0.3526429857,0.3599387396,0.05850791931,0.05879330635
270,1.0,0.0,0.0,0.0,1.0,1.0,0.3534507598,0.3651805634,0.05861961842,0.05947327614
271,1.0,0.0,0.0,0.0,1.0,1.0,0.3527441516,0.3599388491,0.05717325211,0.05773377419
272,1.0,0.0,0.0,0.0,1.0,1.0,0.3576766871,0.3661151272,0.05897307396,0.05953747034
273,1.0,0.0,0.0,0.0,1.0,1.0,0.3500191854,0.3591744092,0.05789190531,0.05874323845
274,1.0,0.0,0.0,0.0,1.0,1.0,0.3530495912,0.3634337235,0.05904662609,0.06020444632
275,1.0,0.0,0.0,0.0,1.0,1.0,0.3445760291,0.3510150418,0.05706971884,0.05763757229
276,1.0,0.0,0.0,0.0,1.0,1.0,0.3488215793,0.354473465,0.05741614103,0.05769759417
277,1.0,0.0,0.0,0.0,1.0,1.0,0.3455933719,0.355941704,0.05699044466,0.05813598633
278,1.0,0.0,0.0,0.0,1.0,1.0,0.3459277236,0.3527445274,0.05818456411,0.05847126245
279,1.0,0.0,0.0,0.0,1.0,1.0,0.3359467048,0.3376955008,0.05741423368,0.05684012175
280,1.0,0.0,0.0,0.0,1.0,1.0,0.3300754913,0.3263483965,0.05662798882,0.05519074202
281,1.0,0.0,0.0,0.0,1.0,1.0,0.3429542714,0.3422746346,0.05850785971,0.0573605895
282,1.0,0.0,0.0,0.0,1.0,1.0,0.3320348705,0.3297477805,0.05684149265,0.05541330576
283,1.0,0.0,0.0,0.0,1.0,1.0,0.3406243834,0.3325843048,0.05936807394,0.0570512414
284,1.0,0.0,0.0,0.0,1.0,1.0,0.3411518081,0.3359608571,0.05874085426,0.05674475431
285,1.0,0.0,0.0,0.0,1.0,1.0,0.3469136575,0.345045399,0.06064110994,0.05861973763
286,1.0,0.0,0.0,0.0,1.0,1.0,0.3376265551,0.3228440436,0.05788332224,0.05413967371
287,1.0,0.0,0.0,0.0,1.0,1.0,0.3507696501,0.3446352724,0.06005591154,0.05746978521
288,1.0,0.0,0.0,0.0,1.0,1.0,0.3444021444,0.3371819112,0.05879211426,0.05619835854
289,1.0,0.0,0.0,0.0,1.0,1.0,0.341602993,0.3452931243,0.05959033966,0.05870527029
290,1.0,0.0,0.0,0.0,1.0,1.0,0.343427744,0.3429119251,0.06111127138,0.05903470516
291,1.0,0.0,0.0,0.0,1.0,1.0,0.3378867186,0.331430028,0.05848383904,0.05587810278
292,1.0,0.0,0.0,0.0,1.0,1.0,0.3426657758,0.3411888079,0.05934149027,0.05759614706
293,1.0,0.0,0.0,0.0,1.0,1.0,0.3494668388,0.3411885861,0.05954098701,0.05695223808
294,1.0,0.0,0.0,0.0,1.0,1.0,0.350388653,0.3446349515,0.06095314026,0.05805057287
295,1.0,0.0,0.0,0.0,1.0,1.0,0.3508586208,0.3435582445,0.05948197842,0.05662232637
296,1.0,0.0,0.0,0.0,1.0,1.0,0.3455067416,0.3354773446,0.05841976404,0.05471515656
297,1.0,0.0,0.0,0.0,1.0,1.0,0.3118947765,0.2746693036,0.051253438,0.04389107227
298,1.0,0.0,0.0,0.0,1.0,1.0,0.2740702424,0.1857697691,0.04238843918,0.02825891972
299,1.0,0.0,0.0,0.0,1.0,1.0,0.2714312526,0.2139027683,0.04314386845,0.03314363956
300,1.0,0.0,0.0,0.0,1.0,1.0,0.3038727263,0.2733978603,0.04875516891,0.04255503416
301,1.0,0.0,0.0,0.0,1.0,1.0,0.3157956249,0.2930017801,0.05137598515,0.04601258039
302,1.0,0.0,0.0,0.0,1.0,1.0,0.3314300605,0.3176797277,0.05446833372,0.05023503304
303,1.0,0.0,0.0,0.0,1.0,1.0,0.3297304084,0.3171986613,0.05450999737,0.05055588484
304,1.0,0.0,0.0,0.0,1.0,1.0,0.3345625296,0.3249068937,0.05521696806,0.05157321692
305,1.0,0.0,0.0,0.0,1.0,1.0,0.3302947457,0.3173667726,0.05520349741,0.05177122355
306,1.0,0.0,0.0,0.0,1.0,1.0,0.3294679781,0.3173664999,0.05456340313,0.0509070158
307,1.0,0.0,0.0,0.0,1.0,1.0,0.3348299921,0.3136177249,0.05584663153,0.05107575655
308,1.0,0.0,0.0,0.0,1.0,1.0,0.3364955134,0.3228439107,0.0567907691,0.05311775208
309,1.0,0.0,0.0,0.0,1.0,1.0,0.3275760028,0.3095158964,0.05543226004,0.05062443018
310,1.0,0.0,0.0,0.0,1.0,1.0,0.3220239445,0.3101715042,0.05425447226,0.05059999228
311,1.0,0.0,0.0,0.0,1.0,1.0,0.3235970064,0.3112448342,0.05426615477,0.05087447166
312,1.0,0.0,0.0,0.0,1.0,1.0,0.3325931622,0.3206400559,0.05623340607,0.05285936594
313,1.0,0.0,0.0,0.0,1.0,1.0,0.3293054336,0.3150783345,0.05638599396,0.05243897438
314,1.0,0.0,0.0,0.0,1.0,1.0,0.3339740557,0.3235481219,0.05594694614,0.05290031433
315,1.0,0.0,0.0,0.0,1.0,1.0,0.3353610292,0.3235481295,0.05656534433,0.0534850359
316,1.0,0.0,0.0,0.0,1.0,1.0,0.3376266478,0.3189345184,0.05675595999,0.05280280113
317,1.0,0.0,0.0,0.0,1.0,1.0,0.3387369746,0.3190785495,0.05646079779,0.05282717943
318,1.0,0.0,0.0,0.0,1.0,1.0,0.2218946651,0.1502782553,0.03456318378,0.02370858192
319,1.0,0.0,0.0,0.0,1.0,1.0,0.2309903387,0.05533246602,0.03647148609,0.009189665318
320,1.0,0.0,0.0,0.0,1.0,1.0,0.2046249899,0.08071121425,0.03044831753,0.01325070858
321,1.0,0.0,0.0,0.0,1.0,1.0,0.2104089066,0.1141230598,0.03002130985,0.01869249344
322,1.0,0.0,0.0,0.0,1.0,1.0,0.2088999536,0.1138820755,0.02929341793,0.01924175024
323,1.0,-0.7853981853,0.0,0.0,1.0,1.0,0.2638443605,0.1806422148,0.03624469042,0.0310254097
324,1.0,-0.7853981853,0.0,0.0,1.0,1.0,0.3287637325,0.238277401,0.04441255331,0.04263603687
325,1.0,-0.7853981853,0.0,0.0,1.0,1.0,0.3781049844,0.2877181513,0.04785263538,0.04989510775
326,1.0,-0.7853981853,0.0,0.0,1.0,1.0,0.4052465667,0.2932389569,0.04936927557,0.05118650198
327,1.0,-0.7853981853,0.0,0.0,1.0,1.0,0.4191208158,0.2837702171,0.0479695797,0.04889208078
328,1.0,-0.7853981853,0.0,0.0,1.0,1.0,0.4199336135,0.2863466436,0.04623192549,0.04777300358
329,1.0,-0.7853981853,0.0,0.0,1.0,1.0,0.42713601,0.2901003821,0.04755723476,0.04817891121
330,1.0,-0.7853981853,0.0,0.0,1.0,1.0,0.4338002699,0.2987054362,0.0483712554,0.05026817322
331,1.0,-0.7853981853,0.0,0.0,1.0,1.0,0.438501519,0.3005840819,0.04841172695,0.05029791594
332,1.0,-0.7853981853,0.0,0.0,1.0,1.0,0.4356916787,0.2831119127,0.04642295837,0.04673665762
333,1.0,-0.7853981853,0.0,0.0,1.0,1.0,0.4509850459,0.3044276953,0.04923903942,0.05050975084
334,1.0,-0.7853981853,0.0,0.0,1.0,1.0,0.4351709063,0.2915839498,0.04843276739,0.04907852411
335,1.0,-0.7853981853,0.0,0.0,1.0,1.0,0.4325073139,0.2817472678,0.04696029425,0.04696023464
336,1.0,-0.7853981853,0.0,0.0,1.0,1.0,0.4454818235,0.2973856925,0.04889410734,0.05016410351
337,1.0,-0.7853981853,0.0,0.0,1.0,1.0,0.4497487586,0.2928422499,0.0486639142,0.04930007458
338,1.0,-0.7853981853,0.0,0.0,1.0,1.0,0.4513610567,0.3041779849,0.04943358898,0.05168056488
339,1.0,-0.7853981853,0.0,0.0,1.0,1.0,0.4617308865,0.3230133714,0.04957967997,0.0533451438
340,1.0,-0.7853981853,0.0,0.0,1.0,1.0,0.4409730827,0.3076676644,0.04826021194,0.05111771822
341,1.0,-0.7853981853,0.0,0.0,1.0,1.0,0.4445148391,0.3078129727,0.0499330759,0.05218815804
342,1.0,-0.7853981853,0.0,0.0,1.0,1.0,0.4517250199,0.3236828242,0.05026900768,0.0537250042
343,1.0,-0.7853981853,0.0,0.0,1.0,1.0,0.455734208,0.3156130217,0.05147904158,0.05473715067
344,1.0,-0.7853981853,0.0,0.0,1.0,1.0,0.4457943716,0.3045920249,0.0486228466,0.05019134283
345,1.0,-0.7853981853,0.0,0.0,1.0,1.0,0.432423485,0.2988809044,0.04710263014,0.04897427559
346,1.0,-0.7853981853,0.0,0.0,1.0,1.0,0.4601745715,0.3186900581,0.05116194487,0.05403983593
347,1.0,-0.7853981853,0.0,0.0,1.0,1.0,0.451643275,0.3129184069,0.04830604792,0.05142253637
348,1.0,-0.7853981853,0.0,0.0,1.0,1.0,0.449676158,0.3153116323,0.04921001196,0.05238491297
349,1.0,-0.7853981853,0.0,0.0,1.0,1.0,0.450329872,0.3149187481,0.04862987995,0.05239480734
350,1.0,-0.7853981853,0.0,0.0,1.0,1.0,0.4386358646,0.3013585491,0.0476231575,0.05049973726
351,1.0,-0.7853981853,0.0,0.0,1.0,1.0,0.4490882072,0.3047539909,0.04858994484,0.05113059282
352,1.0,-0.7853981853,0.0,0.0,1.0,1.0,0.4350512029,0.2901604726,0.04673343897,0.0483122468
353,1.0,-0.7853981853,0.0,0.0,1.0,1.0,0.4310737235,0.2945124589,0.0463989377,0.04925918579
354,1.0,-0.7853981853,0.0,0.0,1.0,1.0,0.4519215214,0.3117350843,0.04895359278,0.05177783966
355,1.0,-0.7853981853,0.0,0.0,1.0,1.0,0.4422310896,0.2996429239,0.04737830162,0.04990512133
356,1.0,-0.7853981853,0.0,0.0,1.0,1.0,0.4383513772,0.308987562,0.04710161686,0.0508697629
357,1.0,-0.7853981853,0.0,0.0,1.0,1.0,0.4487290523,0.3123254067,0.04844605923,0.05190646648
358,1.0,-0.7853981853,0.0,0.0,1.0,1.0,0.4429181099,0.3141102447,0.04826635122,0.05171394348
359,1.0,-0.7853981853,0.0,0.0,1.0,1.0,0.4590873905,0.3180895392,0.05076181889,0.05328410864
360,1.0,-0.7853981853,0.0,0.0,1.0,1.0,0.435543279,0.2917391578,0.04675209522,0.04799056053
361,1.0,-0.7853981853,0.0,0.0,1.0,1.0,0.4283321326,0.2268903626,0.04646748304,0.03824877739
362,1.0,-0.7853981853,0.0,0.0,1.0,1.0,0.5025601794,0.1705037142,0.05485695601,0.02913308144
363,1.0,-0.7853981853,0.0,0.0,1.0,1.0,0.4655293531,0.1590019336,0.0543513298,0.02794331312
364,1.0,-0.7853981853,0.0,0.0,1.0,1.0,0.4339037412,0.1474869741,0.05313926935,0.02537548542
365,1.0,-0.7853981853,0.0,0.0,1.0,1.0,0.4183710518,0.1552033577,0.05348575115,0.02704000473
366,1.0,0.0,0.0,0.0,1.0,1.0,0.3772731023,0.1432767695,0.05246186256,0.02515715361
367,1.0,0.0,0.0,0.0,1.0,1.0,0.3686464262,0.2739847942,0.05411416292,0.04780083895
368,1.0,0.0,0.0,0.0,1.0,1.0,0.3978546775,0.3513396434,0.06169241667,0.06139439344
369,1.0,0.0,0.0,0.0,1.0,1.0,0.3956320488,0.3596604963,0.06259804964,0.06200182438
370,1.0,0.0,0.0,0.0,1.0,1.0,0.39940501,0.3786812011,0.06466645002,0.06586956978
371,1.0,0.0,0.0,0.0,1.0,1.0,0.4147590849,0.398750044,0.06966102123,0.07150232792
372,1.0,0.0,0.0,0.0,1.0,1.0,0.4186611453,0.4085556199,0.07041198015,0.07250934839
373,1.0,0.0,0.0,0.0,1.0,1.0,0.4215696593,0.4031645295,0.07126283646,0.07186675072
374,1.0,0.0,0.0,0.0,1.0,1.0,0.4260211374,0.4025056064,0.0735707283,0.07326030731
375,1.0,0.0,0.0,0.0,1.0,1.0,0.4298675423,0.4028363445,0.07434332371,0.07341402769
376,1.0,0.0,0.0,0.0,1.0,1.0,0.4325808565,0.414444558,0.07281571627,0.0737259388
377,1.0,0.0,0.0,0.0,1.0,1.0,0.4377118003,0.4132640635,0.07342708111,0.07312113047
378,1.0,0.0,0.0,0.0,1.0,1.0,0.4351680838,0.4190099714,0.07593798637,0.07688325644
379,1.0,0.0,0.0,0.5235987902,1.0,1.0,0.4374846779,0.4164338599,0.07325994968,0.07356643677
380,1.0,0.0,0.0,0.0,1.0,1.0,0.4338235274,0.42432408,0.07206529379,0.07358562946
381,1.0,0.0,0.0,0.5235987902,1.0,1.0,0.42807318,0.4213675625,0.07123082876,0.07304179668
382,1.0,0.0,0.0,0.5235987902,1.0,1.0,0.4232928248,0.4243247021,0.07156085968,0.07400745153
383,1.0,0.0,0.0,0.5235987902,1.0,1.0,0.4252169732,0.4260777012,0.07136583328,0.07411068678
384,1.0,0.0,0.0,0.5235987902,1.0,1.0,0.4198733384,0.4158514459,0.07061183453,0.07181882858
385,1.0,0.0,0.0,0.0,1.0,1.0,0.4200554398,0.419978161,0.071205616,0.07274019718
386,1.0,0.0,0.0,0.0,1.0,1.0,0.4142482352,0.417915924,0.06992888451,0.07176107168
387,1.0,0.0,0.0,0.0,1.0,1.0,0.4183708809,0.4205397187,0.07079702616,0.07230979204
388,1.0,0.0,0.0,0.0,1.0,1.0,0.4182060791,0.4173107586,0.07179105282,0.07239943743
389,1.0,0.0,0.0,0.0,1.0,1.0,0.4121044008,0.4102969053,0.07036399841,0.07036399841
390,1.0,0.0,0.0,0.0,1.0,1.0,0.404703266,0.4067904787,0.07050329447,0.07111644745
391,1.0,0.0,0.0,0.0,1.0,1.0,0.4053681838,0.4004731104,0.06923377514,0.06863689423
392,1.0,0.0,0.0,0.0,1.0,1.0,0.3969909327,0.394243557,0.06905144453,0.06905144453
393,1.0,0.0,0.0,0.0,1.0,1.0,0.4043278168,0.4001260989,0.06795734167,0.06736892462
394,1.0,0.0,0.0,0.0,1.0,1.0,0.4001260296,0.3966314081,0.06804937124,0.06745505333
395,1.0,0.0,0.0,0.0,1.0,1.0,0.4176772528,0.4074378304,0.07261955738,0.07139903307
396,1.0,0.0,0.0,0.0,1.0,1.0,0.4170205204,0.4109203413,0.07252913713,0.07222312689
397,1.0,0.0,0.0,0.0,1.0,1.0,0.4019011503,0.3990701405,0.06893151999,0.06862783432
398,1.0,0.0,0.0,0.0,1.0,1.0,0.4032989799,0.3948841708,0.06741821766,0.06653499603
399,1.0,0.0,0.0,0.0,1.0,1.0,0.4078994984,0.4029440251,0.06988930702,0.06928420067
400,1.0,0.0,0.0,0.0,1.0,1.0,0.4107540318,0.4146619269,0.07022190094,0.07082718611
401,1.0,0.0,0.0,0.0,1.0,1.0,0.4033301954,0.3990704323,0.07033592463,0.07002609968
402,1.0,0.0,0.0,0.0,1.0,1.0,0.4079353299,0.4022575652,0.06785136461,0.06696635485
403,1.0,0.0,0.0,0.0,1.0,1.0,0.4030007657,0.3951692651,0.06887704134,0.06826478243
404,1.0,0.0,0.0,0.0,1.0,1.0,0.4077142486,0.3994249127,0.06926727295,0.06957381964
405,1.0,0.0,0.0,0.0,1.0,1.0,0.4052038133,0.4050372374,0.0687559247,0.07090455294
406,1.0,0.0,0.0,0.0,1.0,1.0,0.407786617,0.3980235799,0.06772202253,0.06862908602
407,1.0,0.0,0.0,0.0,1.0,1.0,0.4140675261,0.4111179191,0.06899607182,0.07082784176
408,1.0,0.0,0.0,0.0,1.0,1.0,0.4184134918,0.4182059644,0.06953722239,0.07166278362
409,1.0,0.0,0.0,0.0,1.0,1.0,0.4245089616,0.4262855425,0.06911420822,0.07151824236
410,1.0,0.0,0.0,0.5235987902,1.0,1.0,0.4233364999,0.4265475539,0.0689406991,0.07163834572
411,1.0,0.0,0.0,0.5235987902,1.0,1.0,0.4143342845,0.4055708088,0.06496548653,0.06555080414
412,1.0,0.0,0.0,0.5235987902,1.0,1.0,0.3982224927,0.2470944094,0.06327146292,0.04135793447
413,1.0,0.0,0.0,0.5235987902,1.0,1.0,0.4035660216,0.2462656209,0.06552392244,0.04214453697
414,1.0,0.0,0.0,0.5235987902,1.0,1.0,0.3829638035,0.3163703464,0.06344348192,0.05446857214
415,1.0,0.0,0.0,0.5235987902,1.0,1.0,0.4005778217,0.4076155585,0.07459306717,0.07757681608
416,1.0,0.0,0.0,0.5235987902,1.0,1.0,0.4130211981,0.4398955085,0.08634066582,0.09107673168
417,1.0,0.0,0.0,0.5235987902,1.0,1.0,0.4094879195,0.4617884176,0.09045290947,0.1001060009
418,1.0,0.0,0.0,0.5235987902,1.0,1.0,0.3929885649,0.4370318398,0.07977110147,0.08847343922
419,1.0,0.0,0.0,0.5235987902,1.0,1.0,0.3965898276,0.417916055,0.07653665543,0.08029514551
420,1.0,0.0,0.0,0.0,1.0,1.0,0.398007689,0.4143594095,0.06868743896,0.07112967968
421,1.0,0.0,0.0,0.0,1.0,1.0,0.4054674413,0.4138043526,0.06727302074,0.06963354349
422,1.0,0.0,0.0,0.0,1.0,1.0,0.4061336809,0.4158516038,0.06831127405,0.07068729401
423,1.0,0.0,0.0,0.0,1.0,1.0,0.3987229898,0.4123570508,0.0674238205,0.0700969696
424,1.0,0.0,0.0,0.0,1.0,1.0,0.3987273922,0.4155574713,0.06736087799,0.0700199008
425,1.0,0.0,0.0,0.0,1.0,1.0,0.4011721397,0.413501445,0.06736916304,0.06883370876
426,1.0,0.0,0.0,0.0,1.0,1.0,0.3980310508,0.4117418764,0.06722074747,0.06898969412
427,1.0,0.0,0.0,0.0,1.0,1.0,0.3942434827,0.404703511,0.06710010767,0.06768870354
428,1.0,0.0,0.0,0.0,1.0,1.0,0.3932230205,0.3997768409,0.0664588213,0.0664588213
429,1.0,0.0,0.0,0.0,1.0,1.0,0.38914807,0.3931370284,0.068557024,0.06795299053
430,1.0,0.0,0.0,0.0,1.0,1.0,0.3823653062,0.3900262698,0.06545937061,0.06545943022
431,1.0,0.0,0.0,0.0,1.0,1.0,0.3816360926,0.3875029201,0.06494677067,0.06436431408
432,1.0,0.0,0.0,0.0,1.0,1.0,0.3834177689,0.3980233632,0.0657042861,0.06628829241
433,1.0,0.0,0.0,0.0,1.0,1.0,0.3871560897,0.3878953075,0.06682759523,0.06535559893
434,1.0,0.0,0.0,0.0,1.0,1.0,0.3871555483,0.395905581,0.06654387712,0.06595760584
435,1.0,0.0,0.0,0.0,1.0,1.0,0.3932792939,0.3959055129,0.06671410799,0.06526374817
436,1.0,0.0,0.0,0.0,1.0,1.0,0.3874336979,0.3884756741,0.06644207239,0.06467813253
437,1.0,0.0,0.0,0.0,1.0,1.0,0.3964311099,0.3932512059,0.06858420372,0.06626915932
438,1.0,0.0,0.0,0.0,1.0,1.0,0.3840135148,0.3726441246,0.06743341684,0.06389981508
439,1.0,0.0,0.0,0.0,1.0,1.0,0.3820162778,0.3657753145,0.06949359179,0.06492167711
440,1.0,0.0,0.0,0.0,1.0,1.0,0.3868807183,0.3794490757,0.06756424904,0.06467688084
441,1.0,0.0,0.0,0.0,1.0,1.0,0.3795557387,0.368395304,0.06652349234,0.06274712086
442,1.0,0.0,0.0,0.0,1.0,1.0,0.3585138508,0.3418231341,0.06161344051,0.0572540164
443,1.0,0.0,0.0,0.0,1.0,1.0,0.2873852677,0.1377908367,0.04637110233,0.02215182781
444,1.0,0.0,0.0,0.0,1.0,1.0,0.2884419675,0.1272353107,0.0465208292,0.02044546604
445,1.0,0.0,0.0,0.0,1.0,1.0,0.2809529428,0.1653751075,0.04633975029,0.02715450525
446,1.0,0.0,0.0,0.0,1.0,1.0,0.3110904727,0.2883005007,0.05353724957,0.04880464077
447,1.0,0.0,0.0,0.0,1.0,1.0,0.3345623164,0.3131813262,0.05857717991,0.05441439152
448,1.0,0.0,0.0,0.0,1.0,1.0,0.3435843238,0.3303239706,0.05917340517,0.05684149265
449,1.0,0.0,0.0,0.0,1.0,1.0,0.3497190322,0.3382465983,0.05904376507,0.0575966239
450,1.0,0.0,0.0,0.0,1.0,1.0,0.3573710841,0.3506518958,0.06083774567,0.0602555871
451,1.0,0.0,0.0,0.0,1.0,1.0,0.3604544251,0.3550203831,0.06005376577,0.06062841415
452,1.0,0.0,0.0,0.0,1.0,1.0,0.3613899487,0.3591214793,0.06046026945,0.06132811308
453,1.0,0.0,0.0,0.0,1.0,1.0,0.3615372777,0.3552438198,0.05954676867,0.05983304977
454,1.0,0.0,0.0,0.0,1.0,1.0,0.3640638437,0.3569434371,0.06078100204,0.06078100204
455,1.0,0.0,0.0,0.0,1.0,1.0,0.3747908815,0.3617508484,0.06311744452,0.06282520294
456,1.0,0.0,0.0,0.0,1.0,1.0,0.3726143049,0.3600683738,0.06177324057,0.06177324057
457,1.0,0.0,0.0,0.0,1.0,1.0,0.3764244501,0.3550205759,0.06305211782,0.06159257889
458,1.0,0.0,0.0,0.0,1.0,1.0,0.3616862023,0.3455699579,0.06026142836,0.0593881011
459,1.0,0.0,0.0,0.0,1.0,1.0,0.3632740078,0.3479285298,0.0594894886,0.05862730742
460,1.0,0.0,0.0,0.0,1.0,1.0,0.363116063,0.3518444081,0.06007868052,0.05978983641
461,1.0,0.0,0.0,0.0,1.0,1.0,0.3789769677,0.3756524182,0.06367915869,0.06456774473
462,1.0,0.0,0.0,0.0,1.0,1.0,0.3733597948,0.3730557858,0.06116831303,0.06203395128
463,1.0,0.0,0.0,0.0,1.0,1.0,0.3736890803,0.3721699779,0.06102466583,0.06131255627
464,1.0,0.0,0.0,0.0,1.0,1.0,0.3677525558,0.3708730348,0.0611358285,0.06230586767
465,1.0,0.0,0.0,0.0,1.0,1.0,0.375451679,0.3817314077,0.06203562021,0.06407439709
466,1.0,0.0,0.0,0.0,1.0,1.0,0.3830613414,0.3980537271,0.06423294544,0.06744462252
467,1.0,0.0,0.0,0.0,1.0,1.0,0.3637483128,0.3877144367,0.0710413456,0.07611572742
468,1.0,0.0,0.0,0.0,1.0,1.0,0.3758733783,0.3963305561,0.06551331282,0.06943809986
469,1.0,0.0,0.0,0.0,1.0,1.0,0.3710712349,0.3882848064,0.06126606464,0.06444495916
470,1.0,0.0,0.0,0.0,1.0,1.0,0.381573466,0.4001260476,0.06282609701,0.06599617004
471,1.0,0.0,0.0,0.0,1.0,1.0,0.3880493097,0.3936156208,0.06433105469,0.06576055288
472,1.0,0.0,0.0,0.0,1.0,1.0,0.3833954452,0.3877145778,0.06362247467,0.06506842375
473,1.0,0.0,0.0,0.0,1.0,1.0,0.3760097941,0.3765260463,0.06276828051,0.06424874067
474,1.0,0.0,0.0,0.0,1.0,1.0,0.3781191731,0.3621671951,0.06369841099,0.06220316887
475,1.0,0.0,0.0,0.0,1.0,1.0,0.3693004445,0.337839421,0.0615952611,0.05740916729
476,1.0,0.0,0.0,0.0,1.0,1.0,0.3210441539,0.230640454,0.05144917965,0.03858691454
477,1.0,0.0,0.0,0.0,1.0,1.0,0.3556176649,0.2105050034,0.05482417345,0.0346416235
478,1.0,0.0,0.0,0.0,1.0,1.0,0.3564644318,0.2354799913,0.05771350861,0.04064768553
479,1.0,0.0,0.0,0.0,1.0,1.0,0.3720201906,0.2453504807,0.05926215649,0.04175984859
480,1.0,0.0,0.0,0.0,1.0,1.0,0.3601072736,0.2606457398,0.05858552456,0.04542726278
481,1.0,0.0,0.0,0.0,1.0,1.0,0.3620327613,0.2399383729,0.05917668343,0.04186439514
482,1.0,0.0,0.0,0.0,1.0,1.0,0.352856596,0.2569485016,0.05759435892,0.04514145851
483,1.0,0.0,0.0,0.0,1.0,1.0,0.3492828777,0.2123812636,0.05576193333,0.03606337309
484,1.0,0.0,0.0,0.0,1.0,1.0,0.3343929416,0.2207247074,0.05470770597,0.03820365667
485,1.0,0.0,0.0,0.0,1.0,1.0,0.3257026785,0.212381583,0.05338966846,0.03630501032
486,1.0,0.0,0.0,0.0,1.0,1.0,0.3140575183,0.2101300094,0.05182522535,0.03627765179
487,1.0,0.0,0.0,0.0,1.0,1.0,0.3003889486,0.1772060907,0.04805988073,0.02966660261
488,1.0,0.0,0.0,0.0,1.0,1.0,0.2847676266,0.1759579592,0.04651904106,0.03001224995
489,1.0,0.0,0.0,0.0,1.0,1.0,0.2921443946,0.1108474179,0.04554194212,0.01827675104
490,1.0,0.0,0.0,0.0,1.0,1.0,0.2731031855,0.1078533166,0.04298037291,0.01828950644
491,1.0,0.0,0.0,0.0,1.0,1.0,0.2564607368,0.1556225541,0.03996390104,0.0264467001
492,1.0,0.0,0.0,0.0,1.0,1.0,0.2982580532,0.2285414602,0.0477013588,0.03970175982
493,1.0,0.0,0.0,0.0,1.0,1.0,0.3461352271,0.3071373966,0.05570209026,0.0539522171
494,1.0,0.0,0.0,0.0,1.0,1.0,0.3688311087,0.3271200328,0.06030607224,0.05854099989
495,1.0,0.0,0.0,0.0,1.0,1.0,0.358171106,0.3303802583,0.05760830641,0.05789923668
496,1.0,0.0,0.0,0.0,1.0,1.0,0.3246362839,0.2828931024,0.05194151402,0.04873168468
497,1.0,0.0,0.0,0.0,1.0,1.0,0.2138958425,0.1122181077,0.03287732601,0.01862078905
498,1.0,0.0,0.0,0.0,1.0,1.0,0.2517678742,0.04609980431,0.03827023506,0.007248163223
499,1.0,0.0,0.0,0.0,1.0,1.0,0.2688665765,0.04403690881,0.04118967056,0.006533563137
500,1.0,0.0,0.0,0.0,1.0,1.0,0.2253478177,0.09610027167,0.036426723,0.01390331984
501,1.0,0.7853981853,0.0,0.0,1.0,1.0,0.2594226687,0.2082172772,0.04398274422,0.02960377932
502,1.0,0.7853981853,0.0,0.0,1.0,1.0,0.3149154346,0.3194939186,0.05460935831,0.0448371768
503,1.0,0.7853981853,0.0,0.0,1.0,1.0,0.3230521352,0.3594485093,0.05546396971,0.0473754406
504,1.0,0.7853981853,0.0,0.0,1.0,1.0,0.327432888,0.3527442031,0.05517411232,0.04506367445
505,1.0,0.7853981853,0.0,0.0,1.0,1.0,0.3382204088,0.3826691515,0.05778288841,0.04911547899
506,1.0,0.7853981853,0.0,0.0,1.0,1.0,0.334821524,0.3831942775,0.05741125345,0.04908663034
507,1.0,0.7853981853,0.0,0.0,1.0,1.0,0.3303667136,0.3775671942,0.05716788769,0.0490835309
508,1.0,0.7853981853,0.0,0.0,1.0,1.0,0.327576278,0.3736854381,0.05659598112,0.04879963398
509,1.0,0.7853981853,0.0,0.0,1.0,1.0,0.3151695473,0.3648403805,0.05470949411,0.04827308655
510,1.0,0.7853981853,0.0,0.0,1.0,1.0,0.3051988027,0.3259049105,0.05328547955,0.04391658306
511,1.0,0.7853981853,0.0,0.0,1.0,1.0,0.2668490346,0.2828207243,0.04646879435,0.03838729858
512,1.0,0.7853981853,0.0,0.0,1.0,1.0,0.2821389954,0.3115667539,0.05027359724,0.04374086857
513,1.0,0.0,0.0,0.0,1.0,1.0,0.3049941374,0.3389580971,0.0538854003,0.04835867882
514,1.0,0.0,0.0,0.0,1.0,1.0,0.3085832549,0.3392265918,0.05498057604,0.05087757111
515,1.0,0.0,0.0,0.0,1.0,1.0,0.3219058475,0.3483970938,0.05637145042,0.05315029621
516,1.0,0.0,0.0,0.0,1.0,1.0,0.3089758307,0.3242872825,0.05380398035,0.05023539066
517,1.0,0.0,0.0,0.0,1.0,1.0,0.3159528042,0.3149648081,0.05411887169,0.0494248271
518,1.0,0.0,0.0,0.0,1.0,1.0,0.3123257158,0.3061671519,0.05252766609,0.04810428619
519,1.0,0.0,0.0,0.0,1.0,1.0,0.3127391824,0.3145094559,0.05221408606,0.0497276783
520,1.0,0.0,0.0,0.0,1.0,1.0,0.3041062637,0.2870371027,0.05111169815,0.04586243629
521,1.0,0.0,0.0,0.0,1.0,1.0,0.3122221161,0.2981096977,0.05196768045,0.04756838083
522,1.0,0.0,0.0,0.0,1.0,1.0,0.3085304282,0.2936505345,0.05186527967,0.04717534781
523,1.0,0.0,0.0,0.0,1.0,1.0,0.3143004194,0.2956825471,0.05233258009,0.0473484993
524,1.0,0.0,0.0,0.0,1.0,1.0,0.3126374523,0.2953676763,0.05195575953,0.04753398895
525,1.0,0.0,0.0,0.0,1.0,1.0,0.3204189062,0.3091059013,0.05378490686,0.05016213655
526,1.0,0.0,0.0,0.0,1.0,1.0,0.314205723,0.3008702487,0.0519644618,0.04809480906
527,1.0,0.0,0.0,0.0,1.0,1.0,0.310750943,0.2977431439,0.05074542761,0.04690521955
528,1.0,0.0,0.0,0.0,1.0,1.0,0.3134844266,0.3047079762,0.0521376729,0.04905426502
529,1.0,0.0,0.0,0.0,1.0,1.0,0.3045439431,0.2917949338,0.05048143864,0.04657673836
530,1.0,0.0,0.0,0.0,1.0,1.0,0.3041033574,0.2956095705,0.04877650738,0.04603630304
531,1.0,0.0,0.0,0.0,1.0,1.0,0.2977786772,0.2880953213,0.04751360416,0.04423683882
532,1.0,0.0,0.0,0.0,1.0,1.0,0.2926448982,0.287073858,0.0465952158,0.04414284229
533,1.0,0.0,0.0,0.0,1.0,1.0,0.295561604,0.2880949806,0.04680609703,0.04382991791
534,1.0,0.0,0.0,0.0,1.0,1.0,0.2960675216,0.2835294445,0.04723072052,0.04368156195
535,1.0,0.0,0.0,0.0,1.0,1.0,0.2880038108,0.2736990374,0.04544299841,0.04192662239
536,1.0,0.0,0.0,0.0,1.0,1.0,0.293351436,0.286811856,0.04663950205,0.04419910908
537,1.0,0.0,0.0,0.0,1.0,1.0,0.2907156372,0.2719327809,0.04581028223,0.04174423218
538,1.0,0.0,0.0,0.0,1.0,1.0,0.2929397077,0.2746693927,0.04673945904,0.04261541367
539,1.0,0.0,0.0,0.0,1.0,1.0,0.3030678695,0.293239232,0.04882192612,0.04635339975
540,1.0,0.0,0.0,0.0,1.0,1.0,0.2996621688,0.2932391188,0.04827195406,0.04635208845
541,1.0,0.0,0.0,0.0,1.0,1.0,0.3028094065,0.2922244292,0.04899835587,0.04652094841
542,1.0,0.0,0.0,0.0,1.0,1.0,0.2993164968,0.2932389325,0.04804098606,0.04666048288
543,1.0,0.0,0.0,0.0,1.0,1.0,0.3045106451,0.3022367945,0.04968875647,0.04885601997
544,1.0,0.0,0.0,0.0,1.0,1.0,0.2933515964,0.2835784622,0.04770427942,0.04548543692
545,1.0,0.0,0.0,0.0,1.0,1.0,0.2996623449,0.2922241602,0.0485457778,0.04661494493
546,1.0,0.0,0.0,0.0,1.0,1.0,0.2916461465,0.2904952203,0.04729866982,0.04646885395
547,1.0,0.0,0.0,0.0,1.0,1.0,0.2940538284,0.2912166768,0.04744356871,0.04634654522
548,1.0,0.0,0.0,0.0,1.0,1.0,0.3012015199,0.2897688733,0.04884064198,0.04634314775
549,1.0,0.0,0.0,0.0,1.0,1.0,0.3042518645,0.2981093849,0.05029129982,0.04860556126
550,1.0,0.0,0.0,0.0,1.0,1.0,0.3042518731,0.3005197588,0.04968565702,0.04857540131
551,1.0,0.0,0.0,0.0,1.0,1.0,0.3132833365,0.2967627206,0.05174028873,0.04892832041
552,1.0,0.0,0.0,0.0,1.0,1.0,0.3205105141,0.2970851989,0.05155706406,0.04795366526
553,1.0,0.0,0.0,0.0,1.0,1.0,0.3278868685,0.295682583,0.05160731077,0.04719173908
554,1.0,0.0,0.0,0.0,1.0,1.0,0.3431711045,0.3081903259,0.055572927,0.05070316792
555,1.0,0.0,0.0,0.0,1.0,1.0,0.3549253695,0.3308257675,0.05633604527,0.05325299501
556,1.0,0.0,0.0,0.0,1.0,1.0,0.3600802073,0.330825661,0.05788177252,0.05364650488
557,1.0,0.0,0.0,0.0,1.0,1.0,0.3792209422,0.3512027097,0.06177896261,0.05802607536
558,1.0,0.0,0.0,0.0,1.0,1.0,0.3912408802,0.361686065,0.06397634745,0.06019586325
559,1.0,0.0,0.0,0.0,1.0,1.0,0.3890685333,0.3564445276,0.06335806847,0.059289217
560,1.0,0.0,0.0,0.0,1.0,1.0,0.3871712602,0.3549256524,0.06226366758,0.05820930004
561,1.0,0.0,0.0,0.0,1.0,1.0,0.3801449796,0.3483968994,0.06301563978,0.05857789516
562,1.0,0.0,0.0,0.0,1.0,1.0,0.3947528277,0.366816457,0.06493765116,0.06110042334
563,1.0,0.0,0.0,0.0,1.0,1.0,0.3844005399,0.3627868858,0.06256765127,0.05936658382
564,1.0,0.0,0.0,0.0,1.0,1.0,0.3846772409,0.3526400887,0.06191688776,0.05757695436
565,1.0,0.0,0.0,0.0,1.0,1.0,0.3850232149,0.3671783939,0.06189960241,0.05929636955
566,1.0,0.0,0.0,0.0,1.0,1.0,0.3915154786,0.3640824542,0.06343662739,0.05936270952
567,1.0,0.0,0.0,0.0,1.0,1.0,0.3892275614,0.3756892885,0.06222462654,0.06077075005
568,1.0,0.0,0.0,0.0,1.0,1.0,0.3911252353,0.3743429926,0.06242054701,0.06011933088
569,1.0,0.0,0.0,0.0,1.0,1.0,0.3929583844,0.3896737795,0.0633277297,0.0624601841
570,1.0,0.0,0.0,0.0,1.0,1.0,0.3972825888,0.3922541653,0.06337964535,0.06224280596
571,1.0,0.0,0.0,0.0,1.0,1.0,0.3916253437,0.3819294045,0.06403434277,0.06200605631
572,1.0,0.0,0.0,0.0,1.0,1.0,0.3852200121,0.3922542869,0.06202167273,0.06259334087
573,1.0,0.0,0.0,0.0,1.0,1.0,0.3890683406,0.3954627684,0.06258070469,0.06315487623
574,1.0,0.0,0.0,0.0,1.0,1.0,0.387283618,0.3900697746,0.06251454353,0.06251454353
575,1.0,0.0,0.0,0.0,1.0,1.0,0.392151493,0.3874649366,0.06179428101,0.06122213602
576,1.0,0.0,0.0,0.0,1.0,1.0,0.3853706454,0.3950863159,0.06143403053,0.06286936998
577,1.0,0.0,0.0,0.0,1.0,1.0,0.3889231659,0.3954627461,0.0615811348,0.0630132556
578,1.0,0.0,0.0,0.0,1.0,1.0,0.3983477958,0.4137471341,0.06304007769,0.06530153751
579,1.0,0.0,0.0,0.0,1.0,1.0,0.4039923163,0.4273227687,0.06622511148,0.06968027353
580,1.0,0.0,0.0,0.0,1.0,1.0,0.392109017,0.4430148842,0.066873312,0.07430362701
581,1.0,0.0,0.0,0.0,1.0,1.0,0.3972716597,0.4631111797,0.06751298904,0.07694041729
582,1.0,0.0,0.0,0.0,1.0,1.0,0.4043680322,0.4725621195,0.06903290749,0.0786793828
583,1.0,0.0,0.0,0.0,1.0,1.0,0.3955387335,0.4632452652,0.06527203321,0.07401388884
584,1.0,0.0,0.0,0.0,1.0,1.0,0.3973154542,0.4597431699,0.06532531977,0.07312965393
585,1.0,0.0,0.0,0.0,1.0,1.0,0.3917322899,0.4650687007,0.06652146578,0.07572752237
586,1.0,0.0,0.0,0.0,1.0,1.0,0.3904627595,0.449933495,0.06330120564,0.07085096836
587,1.0,0.0,0.0,0.0,1.0,1.0,0.3814253741,0.4319929552,0.06259292364,0.06967884302
588,1.0,0.0,0.0,0.0,1.0,1.0,0.3931079904,0.4455996072,0.06755119562,0.07448726892
589,1.0,0.0,0.0,0.0,1.0,1.0,0.3824704122,0.4392564304,0.0648676753,0.072499156
590,1.0,0.0,0.0,0.0,1.0,1.0,0.3891933814,0.4392567448,0.06747865677,0.07310193777
591,1.0,0.0,0.0,0.0,1.0,1.0,0.3925767338,0.4463699322,0.0687084794,0.07530927658
592,1.0,0.0,0.0,0.0,1.0,1.0,0.3925765853,0.4430147614,0.0689021945,0.07522070408
593,1.0,0.0,0.0,0.0,1.0,1.0,0.3925146199,0.4513610773,0.06776124239,0.07522392273
594,1.0,0.0,0.0,0.0,1.0,1.0,0.3892563251,0.4472139902,0.06574982405,0.07315409184
595,1.0,0.0,0.0,0.0,1.0,1.0,0.3878954142,0.4454032652,0.06490236521,0.07191878557
596,1.0,0.0,0.0,0.0,1.0,1.0,0.3812487051,0.4404949559,0.06419062614,0.07138961554
597,1.0,0.0,0.0,0.0,1.0,1.0,0.3721327831,0.4179481949,0.0630004406,0.06900042295
598,1.0,0.0,0.0,0.0,1.0,1.0,0.3771806675,0.4293631262,0.06455910206,0.07080674171
599,1.0,0.0,0.0,0.0,1.0,1.0,0.3804895121,0.426768695,0.0647033453,0.0697721839
600,1.0,0.0,0.0,0.0,1.0,1.0,0.3715202501,0.423400069,0.06436079741,0.07040411234
601,1.0,0.0,0.0,0.0,1.0,1.0,0.381158018,0.4285925867,0.06673520803,0.0722708106
602,1.0,0.0,0.0,0.0,1.0,1.0,0.3673906909,0.4124970756,0.06378895044,0.06862604618
603,1.0,0.0,0.0,0.0,1.0,1.0,0.3708728824,0.4212978794,0.06480205059,0.07027834654
604,1.0,0.0,0.0,0.0,1.0,1.0,0.3784462234,0.4386039499,0.06603336334,0.0732370019
605,1.0,0.0,0.0,0.0,1.0,1.0,0.3713679997,0.4296165637,0.06635320187,0.07308030128
606,1.0,0.0,0.0,0.0,1.0,1.0,0.371367832,0.4265476987,0.06507146358,0.07166862488
607,1.0,0.0,0.0,0.0,1.0,1.0,0.3579313964,0.4249455083,0.06263411045,0.07050126791
608,1.0,0.0,0.0,0.0,1.0,1.0,0.3624919695,0.428332378,0.06387460232,0.07117456198
609,1.0,0.0,0.0,0.0,1.0,1.0,0.3637426389,0.4379374065,0.06398355961,0.07205623388
610,1.0,0.0,0.0,0.0,1.0,1.0,0.3643623227,0.4283320556,0.06447410583,0.07049965858
611,1.0,0.0,0.0,0.0,1.0,1.0,0.3663492197,0.4322403272,0.0636305213,0.06949514151
612,1.0,0.0,0.0,0.0,1.0,1.0,0.362190794,0.4299069395,0.06331914663,0.06989002228
613,1.0,0.0,0.0,0.0,1.0,1.0,0.3659441452,0.4254128164,0.06332755089,0.06840568781
614,1.0,0.0,0.0,0.0,1.0,1.0,0.3593105765,0.4226964102,0.0620456934,0.06776839495
615,1.0,0.0,0.0,0.0,1.0,1.0,0.365692796,0.416434202,0.06284588575,0.06711697578
616,1.0,0.0,0.0,0.0,1.0,1.0,0.3626446366,0.4145831326,0.06196296215,0.0664100647
617,1.0,0.0,0.0,0.0,1.0,1.0,0.3592004577,0.4155384189,0.06234818697,0.06696653366
618,1.0,0.0,0.0,0.0,1.0,1.0,0.3518937187,0.4164344176,0.06295901537,0.06899619102
619,1.0,0.0,0.0,0.0,1.0,1.0,0.3606402722,0.4112286139,0.06500732899,0.06908845901
620,1.0,0.0,0.0,0.0,1.0,1.0,0.365302228,0.4124407033,0.06994390488,0.07297176123
621,1.0,0.0,0.0,0.0,1.0,1.0,0.3714033955,0.4132642187,0.07053291798,0.07234925032
622,1.0,0.0,0.0,0.0,1.0,1.0,0.3672072,0.4101158561,0.06976258755,0.07218909264
623,1.0,0.0,0.0,0.0,1.0,1.0,0.3641627157,0.3966317323,0.06758934259,0.06758934259
624,1.0,0.0,0.0,0.0,1.0,1.0,0.3562525438,0.4047036895,0.06541007757,0.06807386875
625,1.0,0.0,0.0,0.0,1.0,1.0,0.359861908,0.3949682785,0.06874161959,0.06904178858
626,1.0,0.0,0.0,0.0,1.0,1.0,0.3480486267,0.3838686487,0.05885064602,0.05993044376
627,1.0,0.0,0.0,0.0,1.0,1.0,0.3470063133,0.3844005933,0.05873519182,0.0595471859
628,1.0,0.0,0.0,0.0,1.0,1.0,0.3566009382,0.393137205,0.06026369333,0.06080418825
629,1.0,0.0,0.0,0.0,1.0,1.0,0.3629974852,0.3925145488,0.06146085262,0.06146085262
630,1.0,0.0,0.0,0.0,1.0,1.0,0.3663546454,0.3852015936,0.06203949451,0.06040692329
631,1.0,0.0,0.0,0.0,1.0,1.0,0.3178553456,0.3171986122,0.053196311,0.04908317327
632,1.0,0.0,0.0,0.0,1.0,1.0,0.2593145967,0.1078941121,0.04044318199,0.0160087347
633,1.0,0.0,0.0,0.0,1.0,1.0,0.2579201325,0.1164765164,0.04046046734,0.01742053032
634,1.0,0.0,0.0,0.0,1.0,1.0,0.2650168069,0.2241395323,0.04293429852,0.03423517942
635,1.0,0.0,0.0,0.0,1.0,1.0,0.3090714045,0.3026983083,0.05030757189,0.04620635509
636,1.0,0.0,0.0,0.0,1.0,1.0,0.3156132442,0.3132053211,0.05311518908,0.04924219847
637,1.0,0.0,0.0,0.0,1.0,1.0,0.3266149257,0.3313938354,0.05508553982,0.05205583572
638,1.0,0.0,0.0,0.0,1.0,1.0,0.3391844564,0.3378394197,0.05721455812,0.05332618952
639,1.0,0.0,0.0,0.0,1.0,1.0,0.3391844387,0.3395988705,0.05691671371,0.05332487822
640,1.0,0.0,0.0,0.0,1.0,1.0,0.3402704,0.3372239725,0.05667924881,0.05284583569
641,1.0,0.0,0.0,0.0,1.0,1.0,0.3419580019,0.343667933,0.05740147829,0.05435115099
642,1.0,0.0,0.0,0.0,1.0,1.0,0.3470517396,0.3420077769,0.05732470751,0.05319070816
643,1.0,0.0,0.0,0.0,1.0,1.0,0.3459607919,0.3478622384,0.05696362257,0.05421173573
644,1.0,0.0,0.0,0.0,1.0,1.0,0.3398773672,0.3308008924,0.05554252863,0.05169302225
645,1.0,0.0,0.0,0.0,1.0,1.0,0.3398104562,0.3296774083,0.05679398775,0.05289638042
646,1.0,0.0,0.0,0.0,1.0,1.0,0.2534301022,0.1702342876,0.0401905179,0.02632188797
647,1.0,0.0,0.0,0.0,1.0,1.0,0.2400892063,0.1100131833,0.03650826216,0.01669758558
648,1.0,0.0,0.0,0.0,1.0,1.0,0.2394886793,0.09957522405,0.03634762764,0.01545488834
649,1.0,0.0,0.0,0.0,1.0,1.0,0.2456095071,0.2094418336,0.03701072931,0.03245556355
650,1.0,0.0,0.0,0.0,1.0,1.0,0.3018571536,0.2772302346,0.04667359591,0.04468142986
651,1.0,0.0,0.0,0.0,1.0,1.0,0.3555182039,0.3342727371,0.05581218004,0.05638170242
652,1.0,0.0,0.0,0.0,1.0,1.0,0.3679264335,0.3463412754,0.05741751194,0.05998843908
653,1.0,0.0,0.0,0.0,1.0,1.0,0.3661230346,0.3514704399,0.05592924356,0.05960136652
654,1.0,0.0,0.0,0.0,1.0,1.0,0.3671043545,0.3460851268,0.05792135,0.06197589636
655,1.0,0.0,0.0,0.0,1.0,1.0,0.3777707457,0.3481928391,0.05891722441,0.06177729368
656,1.0,0.0,0.0,0.0,1.0,1.0,0.3739601624,0.3374738188,0.05563932657,0.05874609947
657,1.0,0.0,0.0,0.0,1.0,1.0,0.3691716329,0.3320512803,0.05434304476,0.05687719584
658,1.0,0.0,0.0,0.0,1.0,1.0,0.3859516828,0.343456509,0.05900013447,0.06193548441
659,1.0,0.0,0.0,0.0,1.0,1.0,0.3725105349,0.3304343289,0.05735176802,0.06001240015
660,1.0,0.0,0.0,0.0,1.0,1.0,0.3767125036,0.3288484712,0.05587136745,0.05815184116
661,1.0,0.0,0.0,0.0,1.0,1.0,0.3708073922,0.3229710043,0.05398750305,0.05651819706
662,1.0,0.0,0.0,0.0,1.0,1.0,0.3792349417,0.3326011953,0.05569404364,0.05888485909
663,1.0,0.0,0.0,0.0,1.0,1.0,0.3729694471,0.3282955908,0.05628490448,0.05950957537
664,1.0,0.0,0.0,0.0,1.0,1.0,0.3833473705,0.3326064885,0.05712777376,0.05975103378
665,1.0,0.0,0.0,0.0,1.0,1.0,0.3786519172,0.3217158554,0.0551661849,0.05719864368
666,1.0,-0.7853981853,0.0,0.0,1.0,1.0,0.388671752,0.3331471567,0.05837649107,0.06075918674
667,1.0,0.0,0.0,0.0,1.0,1.0,0.3962110362,0.3407934754,0.05856317282,0.06090569496
668,1.0,0.0,0.0,0.0,1.0,1.0,0.4029372367,0.3412334879,0.0593727231,0.06141000986
669,1.0,0.0,0.0,0.0,1.0,1.0,0.4001729358,0.3347802389,0.0587284565,0.05960065126
670,1.0,0.0,0.0,0.0,1.0,1.0,0.4053402215,0.3390962377,0.05991697311,0.06138551235
671,1.0,0.0,0.0,0.0,1.0,1.0,0.4001752206,0.3309840439,0.05843943357,0.05931162834
672,1.0,0.0,0.0,0.0,1.0,1.0,0.4021424619,0.3299436447,0.06065273285,0.06124728918
673,1.0,0.0,0.0,0.0,1.0,1.0,0.4029063164,0.3342082624,0.05912637711,0.06027442217
674,1.0,0.0,0.0,0.0,1.0,1.0,0.4068871693,0.3363505034,0.06160026789,0.0627964139
675,1.0,0.0,0.0,0.0,1.0,1.0,0.4061159195,0.3331472787,0.06209599972,0.06300473213
676,1.0,0.0,0.0,0.0,1.0,1.0,0.4017557249,0.3288896337,0.05717647076,0.0580214262
677,1.0,0.0,0.0,0.0,1.0,1.0,0.4013353849,0.3315608472,0.05951231718,0.06037896872
678,1.0,0.0,0.0,0.0,1.0,1.0,0.3317983094,0.2403116327,0.04699313641,0.04326808453
679,1.0,0.0,0.0,0.0,1.0,1.0,0.2947762115,0.06308769541,0.04094564915,0.01135718822
680,1.0,0.0,0.0,0.0,1.0,1.0,0.2609942653,0.08935413924,0.03733855486,0.0160022378
681,1.0,0.0,0.0,0.0,1.0,1.0,0.322972092,0.2204652034,0.04788208008,0.03941518068
682,1.0,0.0,0.0,0.0,1.0,1.0,0.3465731354,0.2724286175,0.055313766,0.05052989721
683,1.0,0.0,0.0,0.0,1.0,1.0,0.3691632655,0.3105063019,0.06008285284,0.05627274513
684,1.0,0.0,0.0,0.0,1.0,1.0,0.3740078446,0.3260475084,0.06114339828,0.05821788311
685,1.0,0.0,0.0,0.0,1.0,1.0,0.3657974349,0.3282479172,0.06228357553,0.05933171511
686,1.0,0.0,0.0,0.0,1.0,1.0,0.3660893294,0.3375164867,0.06052976847,0.05854058266
687,1.0,0.0,0.0,0.0,1.0,1.0,0.3515276345,0.3314816286,0.05814731121,0.05672216415
688,1.0,0.0,0.0,0.0,1.0,1.0,0.3422748147,0.320891141,0.05724823475,0.0549582839
689,1.0,0.0,0.0,0.0,1.0,1.0,0.3502316645,0.3381948254,0.05857980251,0.05743676424
690,1.0,0.0,0.0,0.0,1.0,1.0,0.3382205644,0.3264170067,0.05756795406,0.05584090948
691,1.0,0.0,0.0,0.0,1.0,1.0,0.3354056292,0.323548009,0.05681604147,0.05480742455
692,1.0,0.0,0.0,0.0,1.0,1.0,0.3325814082,0.318315255,0.05517226458,0.05235737562
693,1.0,0.0,0.0,0.0,1.0,1.0,0.3308848241,0.3181616885,0.05445855856,0.05138659477
694,1.0,0.0,0.0,0.0,1.0,1.0,0.3342615291,0.3325728365,0.05687636137,0.05488568544
695,1.0,0.0,0.0,0.0,1.0,1.0,0.3392756551,0.3423694786,0.05779737234,0.05637377501
696,1.0,0.0,0.0,0.0,1.0,1.0,0.3348129682,0.3297127137,0.05617946386,0.05366396904
697,1.0,0.0,0.0,0.0,1.0,1.0,0.332035248,0.3325726721,0.05676788092,0.05505621433
698,1.0,0.0,0.0,0.0,1.0,1.0,0.3331474358,0.3411888981,0.05561637878,0.05506020784
699,1.0,0.0,0.0,0.0,1.0,1.0,0.3375819386,0.3411887044,0.05656260252,0.05516940355
700,1.0,0.0,0.0,0.0,1.0,1.0,0.3342504026,0.3371403012,0.05624836683,0.05485606194
701,1.0,0.0,0.0,0.0,1.0,1.0,0.333703646,0.3423691794,0.05672001839,0.05615276098
702,1.0,0.0,0.0,0.0,1.0,1.0,0.3275480036,0.3285359569,0.0540599823,0.05267381668
703,1.0,0.0,0.0,0.0,1.0,1.0,0.3297989765,0.3337238748,0.05583584309,0.05470216274
704,1.0,0.0,0.0,0.0,1.0,1.0,0.3230521395,0.327941877,0.05310994387,0.0522800684
705,1.0,0.0,0.0,0.0,1.0,1.0,0.3364956883,0.3371821474,0.05601865053,0.05434644222
706,1.0,0.0,0.0,0.0,1.0,1.0,0.3225091315,0.3244717401,0.05337458849,0.05198460817
707,1.0,0.0,0.0,0.0,1.0,1.0,0.3376266065,0.3383529197,0.05636119843,0.05467879772
708,1.0,0.0,0.0,0.0,1.0,1.0,0.3359466614,0.3383526316,0.05605512857,0.05465376377
709,1.0,0.0,0.0,0.0,1.0,1.0,0.3342727437,0.3325672157,0.05676484108,0.0547580719
710,1.0,0.0,0.0,0.0,1.0,1.0,0.3475597903,0.3458275466,0.05853462219,0.05601394176
711,1.0,0.0,0.0,0.0,1.0,1.0,0.3404140321,0.3395319639,0.05728685856,0.05502927303
712,1.0,0.0,0.0,0.0,1.0,1.0,0.3398103324,0.3411884756,0.05786269903,0.05616080761
713,1.0,0.0,0.0,0.0,1.0,1.0,0.338220938,0.3331470707,0.05652111769,0.05369496346
714,1.0,0.0,0.0,0.0,1.0,1.0,0.3331473849,0.3243802484,0.05526298285,0.05189669132
715,1.0,0.0,0.0,0.0,1.0,1.0,0.3348129823,0.330825551,0.05574059486,0.05269008875
716,1.0,0.0,0.0,0.0,1.0,1.0,0.3392753928,0.3384072809,0.05720317364,0.05438524485
717,1.0,0.0,0.0,0.0,1.0,1.0,0.3253995377,0.3290416531,0.05553299189,0.05298304558
718,1.0,0.0,0.0,0.0,1.0,1.0,0.3205446672,0.3372674819,0.05446523428,0.05334800482
719,1.0,0.0,0.0,0.0,1.0,1.0,0.3090059614,0.3384074875,0.0529794693,0.0532554388
720,1.0,0.0,0.0,0.0,1.0,1.0,0.3015973362,0.3372674889,0.05193829536,0.05276709795
721,1.0,0.0,0.0,0.0,1.0,1.0,0.3036887995,0.3390331522,0.05188423395,0.05270779133
722,1.0,0.0,0.0,0.0,1.0,1.0,0.306647119,0.3427686346,0.05202490091,0.05230009556
723,1.0,0.0,0.0,0.0,1.0,1.0,0.2980507522,0.3355528525,0.05197030306,0.05253523588
724,1.0,0.0,0.0,0.0,1.0,1.0,0.3016259854,0.3488960875,0.05159467459,0.05354690552
725,1.0,0.0,0.0,0.0,1.0,1.0,0.3057874903,0.3445729445,0.05366194248,0.05394434929
726,1.0,0.0,0.0,0.0,1.0,1.0,0.299019994,0.3410504263,0.05090612173,0.05173611641
727,1.0,0.0,0.0,0.0,1.0,1.0,0.3070182661,0.3483459365,0.05323338509,0.05408287048
728,1.0,0.0,0.0,0.0,1.0,1.0,0.3128403019,0.3551128814,0.05359005928,0.05471819639
729,1.0,0.0,0.0,0.0,1.0,1.0,0.3066284181,0.3459603547,0.05165702105,0.05277383327
730,1.0,0.0,0.0,0.0,1.0,1.0,0.3178552491,0.3556733491,0.05466520786,0.05635589361
731,1.0,0.0,0.0,0.0,1.0,1.0,0.3138742125,0.3556735316,0.05289757252,0.05568170547
732,1.0,0.0,0.0,0.0,1.0,1.0,0.3163215623,0.3546404033,0.0528382659,0.05564880371
733,1.0,0.0,0.0,0.0,1.0,1.0,0.3290632385,0.3766553641,0.05632841587,0.06052309275
734,1.0,0.0,0.0,0.0,1.0,1.0,0.3241916961,0.364815181,0.05225348473,0.05542910099
735,1.0,0.0,0.0,0.0,1.0,1.0,0.3349576461,0.3914162059,0.05425411463,0.06041270494
736,1.0,0.0,0.0,0.0,1.0,1.0,0.3148683856,0.359058767,0.05196768045,0.05663895607
737,1.0,0.0,0.0,0.0,1.0,1.0,0.3211850348,0.3771126806,0.05224817991,0.05925351381
738,1.0,0.0,0.0,0.0,1.0,1.0,0.3301885575,0.3829977531,0.05644935369,0.0637331605
739,1.0,0.0,0.0,0.0,1.0,1.0,0.3325481458,0.3931628776,0.05540466309,0.06408971548
740,1.0,0.0,0.0,0.0,1.0,1.0,0.3385789419,0.4016273215,0.05492126942,0.06373214722
741,1.0,0.0,0.0,0.0,1.0,1.0,0.3296031162,0.3956899222,0.05213052034,0.05969786644
742,1.0,0.0,0.0,0.0,1.0,1.0,0.3271878952,0.3846906561,0.05248773098,0.05851083994
743,1.0,0.0,0.0,0.0,1.0,1.0,0.3313656744,0.377608542,0.05905646086,0.06381905079
744,1.0,0.0,0.0,0.0,1.0,1.0,0.3236117791,0.382362294,0.0548428297,0.06120580435
745,1.0,0.0,0.0,0.0,1.0,1.0,0.3232462779,0.3743297266,0.05501812696,0.06037122011
746,1.0,0.0,0.0,0.0,1.0,1.0,0.3331472724,0.397505089,0.05421566963,0.06121122837
747,1.0,0.0,0.0,0.0,1.0,1.0,0.2397185211,0.3036765045,0.0384580493,0.04674130678
748,1.0,0.0,0.0,0.0,1.0,1.0,0.1281849237,0.09382499449,0.01966404915,0.01413351297
749,1.0,0.0,0.0,0.0,1.0,1.0,0.1433460056,0.1290945558,0.02195483446,0.01890558004
750,1.0,0.0,0.0,0.0,1.0,1.0,0.2122875546,0.2401761299,0.03482699394,0.03821724653
751,1.0,0.0,0.0,0.0,1.0,1.0,0.2564605916,0.2885985821,0.04113036394,0.04506194592
752,1.0,0.0,0.0,0.0,1.0,1.0,0.2895577514,0.3164255144,0.04659765959,0.04930335283
753,1.0,0.0,0.0,0.0,1.0,1.0,0.2826519639,0.3222138035,0.04649162292,0.05074572563
754,1.0,0.0,0.0,0.0,1.0,1.0,0.3080848539,0.3394333526,0.05113047361,0.05478268862
755,1.0,0.0,0.0,0.0,1.0,1.0,0.2960643375,0.3542797829,0.0527356863,0.06072598696
756,1.0,0.0,0.0,0.0,1.0,1.0,0.3106612728,0.3627603998,0.05329877138,0.05969464779
757,1.0,0.0,0.0,0.0,1.0,1.0,0.3123254207,0.3642654596,0.05437153578,0.06182825565
758,1.0,0.0,0.0,0.0,1.0,1.0,0.3195374279,0.3622514467,0.05514013767,0.05973517895
759,1.0,0.0,0.0,0.0,1.0,1.0,0.3149649782,0.363767329,0.05599027872,0.06193333864
760,1.0,0.0,0.0,0.0,1.0,1.0,0.3217625288,0.352293704,0.05325073004,0.05473822355
761,1.0,0.0,0.0,0.0,1.0,1.0,0.324045036,0.3611266849,0.05570459366,0.05789524317
762,1.0,0.0,0.0,0.0,1.0,1.0,0.3192410525,0.3622008264,0.05385041237,0.05721604824
763,1.0,0.0,0.0,0.0,1.0,1.0,0.322812478,0.3558325528,0.05374640226,0.05556833744
764,1.0,0.0,0.0,0.0,1.0,1.0,0.3108571842,0.3613366183,0.05327391624,0.05822962523
765,1.0,0.0,0.0,0.0,1.0,1.0,0.3106615786,0.3813659852,0.05418270826,0.06285190582
766,1.0,0.0,0.0,0.0,1.0,1.0,0.3272193587,0.3803843828,0.05766546726,0.0639334321
767,1.0,0.0,0.0,0.0,1.0,1.0,0.3266382208,0.3808284689,0.05880826712,0.06552010775
768,1.0,0.0,0.0,0.0,1.0,1.0,0.3211852984,0.3794874318,0.05459469557,0.06160962582
769,1.0,0.0,0.0,0.0,1.0,1.0,0.3337358957,0.3864013533,0.05862557888,0.06451916695
770,1.0,0.0,0.0,0.0,1.0,1.0,0.327831124,0.3882587769,0.05762475729,0.06510037184
771,1.0,0.0,0.0,0.0,1.0,1.0,0.3295842042,0.3809193615,0.05805629492,0.06339120865
772,1.0,0.0,0.0,0.0,1.0,1.0,0.3289300007,0.381466301,0.05683666468,0.06245791912
773,1.0,0.0,0.0,0.0,1.0,1.0,0.3301567897,0.3794873143,0.05801570415,0.06369113922
774,1.0,0.0,0.0,0.0,1.0,1.0,0.3271555243,0.3813660758,0.0565276742,0.06305009127
775,1.0,0.0,0.0,0.0,1.0,1.0,0.3247281712,0.3874239358,0.0563223958,0.06477075815
776,1.0,0.0,0.0,0.0,1.0,1.0,0.3133386392,0.3870020262,0.05393707752,0.06385654211
777,1.0,0.0,0.0,0.0,1.0,1.0,0.3098625402,0.3724511323,0.05305886269,0.06103307009
778,1.0,0.0,0.0,0.0,1.0,1.0,0.3152361358,0.3888805258,0.05236750841,0.06159132719
779,1.0,0.0,0.0,0.0,1.0,1.0,0.3362610055,0.4036208951,0.05621272326,0.06558150053
780,1.0,0.0,0.0,0.0,1.0,1.0,0.3319575471,0.3728978158,0.05799919367,0.06142926216
781,1.0,0.0,0.0,0.0,1.0,1.0,0.3272194089,0.3615403989,0.057287395,0.05946677923
782,1.0,0.0,0.0,0.0,1.0,1.0,0.3325609964,0.3714401362,0.05643135309,0.05792421103
783,1.0,0.0,0.0,0.0,1.0,1.0,0.3121001569,0.3669825961,0.05255848169,0.05711555481
784,1.0,0.0,0.0,0.0,1.0,1.0,0.3132053388,0.3710052052,0.0539265275,0.05937981606
785,1.0,0.0,0.0,0.0,1.0,1.0,0.3150607165,0.3701636462,0.05272060633,0.05857843161
786,1.0,0.0,0.0,0.0,1.0,1.0,0.3126461224,0.376153644,0.05392974615,0.0610024929
787,1.0,0.0,0.0,0.0,1.0,1.0,0.3117841656,0.3687978095,0.052729249,0.05858808756
788,1.0,0.0,0.0,0.0,1.0,1.0,0.3209523946,0.3720942973,0.05548769236,0.05951267481
789,1.0,0.0,0.0,0.0,1.0,1.0,0.3143003078,0.3653872178,0.05427324772,0.05858063698
790,1.0,0.0,0.0,0.0,1.0,1.0,0.2564794036,0.3026984345,0.04679620266,0.05102294683
791,1.0,0.0,0.0,0.0,1.0,1.0,0.2118473818,0.2462127005,0.03728675842,0.04059445858
792,1.0,0.0,0.0,0.0,1.0,1.0,0.1668661407,0.1608949448,0.02789521217,0.02495890856
793,1.0,0.0,0.0,0.0,1.0,1.0,0.1780310338,0.1729069506,0.02814948559,0.0253623724
794,1.0,0.0,0.0,0.0,1.0,1.0,0.2057675401,0.2252530464,0.03315061331,0.03315061331
795,1.0,0.0,0.0,0.0,1.0,1.0,0.2565683788,0.2950381242,0.04296463728,0.04493027925
796,1.0,0.0,0.0,0.0,1.0,1.0,0.2722732058,0.3063984165,0.04585391283,0.04697233438
797,1.0,0.0,0.0,0.0,1.0,1.0,0.2748462746,0.3111814462,0.04591190815,0.04730319977
798,1.0,0.0,0.0,0.0,1.0,1.0,0.2822344978,0.3196745997,0.04679298401,0.04789400101
799,1.0,0.0,0.0,0.0,1.0,1.0,0.2838949074,0.3233488047,0.04741287231,0.04879915714
800,1.0,0.0,0.0,0.0,1.0,1.0,0.2807797891,0.3208541241,0.04603111744,0.04767507315
801,1.0,0.0,0.0,0.0,1.0,1.0,0.2722673765,0.3083780018,0.04442965984,0.04580950737
802,1.0,0.0,0.0,0.0,1.0,1.0,0.2702572925,0.3099771771,0.04356098175,0.04520475864
803,1.0,0.0,0.0,0.0,1.0,1.0,0.2795046748,0.3188517519,0.04531747103,0.04696542025
804,1.0,0.0,0.0,0.0,1.0,1.0,0.2716430474,0.3111467722,0.04434579611,0.04601919651
805,1.0,0.0,0.0,0.0,1.0,1.0,0.2765860536,0.3099773299,0.04536050558,0.04591703415
806,1.0,0.0,0.0,0.0,1.0,1.0,0.2719571063,0.3062201736,0.04401129484,0.04483652115
807,1.0,0.0,0.0,0.0,1.0,1.0,0.2741229217,0.3111470205,0.04468280077,0.04579293728
808,1.0,0.0,0.0,0.0,1.0,1.0,0.2758257259,0.314218491,0.04483139515,0.04593831301
809,1.0,0.0,0.0,0.0,1.0,1.0,0.2828927003,0.3268849854,0.04657161236,0.04852372408
810,1.0,0.0,0.0,0.0,1.0,1.0,0.2857964694,0.3281183049,0.04628199339,0.04765123129
811,1.0,0.0,0.0,0.0,1.0,1.0,0.2782826898,0.3205759824,0.04492896795,0.04657274485
812,1.0,0.0,0.0,0.0,1.0,1.0,0.2674321132,0.3059125434,0.04288500547,0.04425948858
813,1.0,0.0,0.0,0.0,1.0,1.0,0.2707177342,0.3078131585,0.04413974285,0.04497259855
814,1.0,0.0,0.0,0.0,1.0,1.0,0.2714955496,0.3092612044,0.04537123442,0.0465054512
815,1.0,0.0,0.0,0.0,1.0,1.0,0.2733516315,0.3128027564,0.04481625557,0.04593670368
816,1.0,0.0,0.0,0.0,1.0,1.0,0.2682264744,0.3108950675,0.04398483038,0.04566574097
817,1.0,0.0,0.0,0.0,1.0,1.0,0.264200332,0.3021568136,0.04272294044,0.04384720325
818,1.0,0.0,0.0,0.0,1.0,1.0,0.2455076494,0.2761104461,0.04012489319,0.04040944576
819,1.0,0.0,0.0,0.0,1.0,1.0,0.2140394479,0.2400233478,0.03471374512,0.03500068188
820,1.0,0.0,0.0,0.0,1.0,1.0,0.2264220773,0.2547596444,0.03675734997,0.03733170033
821,1.0,0.0,0.0,0.0,1.0,1.0,0.2115223165,0.2449609674,0.03479909897,0.03624898195
822,1.0,0.0,0.0,0.0,1.0,1.0,0.2076305311,0.2381481501,0.03394180536,0.03509235382
823,1.0,0.0,0.0,0.0,1.0,1.0,0.2033646721,0.232428359,0.03246062994,0.0332929492
824,1.0,0.0,0.0,0.0,1.0,1.0,0.1963816169,0.2208073062,0.0313603282,0.03192037344
825,1.0,0.0,0.0,0.0,1.0,1.0,0.1910434681,0.2099995241,0.03050744534,0.03050750494
826,1.0,0.0,0.0,0.0,1.0,1.0,0.1755292681,0.190089704,0.02775371075,0.02747046947
827,1.0,0.0,0.0,0.0,1.0,1.0,0.1710759905,0.1777662695,0.02708226442,0.02565681934
828,1.0,0.0,0.0,0.0,1.0,1.0,0.1481991765,0.1559130983,0.02386951447,0.02270519733
829,1.0,0.0,0.0,0.0,1.0,1.0,0.1523651692,0.1559132905,0.0244025588,0.02265954018
830,1.0,0.0,0.0,0.0,1.0,1.0,0.1574210921,0.1539141444,0.02514392138,0.02251261473
831,1.0,0.0,0.0,0.0,1.0,1.0,0.1320363234,0.1254356692,0.02061408758,0.01775097847
832,1.0,0.0,0.0,0.0,1.0,1.0,0.1302810694,0.1193664597,0.02032709122,0.0171328187
833,1.0,0.0,0.0,0.0,1.0,1.0,0.1393274891,0.1274588528,0.02141147852,0.01798558235
834,1.0,0.0,0.0,0.0,1.0,1.0,0.139847541,0.1274592408,0.02213400602,0.01859253645
835,1.0,0.0,0.0,0.0,1.0,1.0,0.1281809489,0.1137574347,0.01962721348,0.01592934132
836,1.0,0.0,0.0,0.0,1.0,1.0,0.1277482584,0.1040235769,0.01961350441,0.01471012831
837,1.0,0.0,0.0,0.0,1.0,1.0,0.1258693259,0.09750666276,0.01923143864,0.01377779245
838,1.0,0.0,0.0,0.0,1.0,1.0,0.1367072036,0.1159351354,0.02113050222,0.0165617466
839,1.0,0.0,0.0,0.0,1.0,1.0,0.1357039242,0.1154732688,0.02130031586,0.01669484377
840,1.0,0.0,0.0,0.0,1.0,1.0,0.1430392247,0.1145601887,0.02242535353,0.01667523384
841,1.0,0.0,0.0,0.0,1.0,1.0,0.1469235878,0.1210261898,0.02328550816,0.01782345772
842,1.0,0.0,0.0,0.0,1.0,1.0,0.1370350443,0.09640310444,0.02120810747,0.01385599375
843,1.0,0.0,0.0,0.0,1.0,1.0,0.143295764,0.08230687406,0.02239000797,0.0119035244
844,1.0,0.0,0.0,0.0,1.0,1.0,0.1607878801,0.1088886453,0.02484357357,0.01580953598
845,1.0,0.0,0.0,0.0,1.0,1.0,0.1668823301,0.1046846409,0.02562880516,0.01509255171
846,1.0,0.0,0.0,0.0,1.0,1.0,0.171926847,0.1015372163,0.02596336603,0.0145509243
847,1.0,0.0,0.0,0.0,1.0,1.0,0.179145381,0.09480856468,0.02701687813,0.01365059614
848,1.0,0.0,0.0,0.0,1.0,1.0,0.1918316715,0.1339251733,0.02898854017,0.01942229271
849,1.0,0.0,0.0,0.0,1.0,1.0,0.199888469,0.1368283158,0.03056257963,0.02008396387
850,1.0,0.0,0.0,0.0,1.0,1.0,0.2014232939,0.1079397991,0.03017902374,0.01552063227
851,1.0,0.0,0.0,0.0,1.0,1.0,0.2265400937,0.05217952955,0.03501993418,0.007651388645
852,1.0,0.0,0.0,0.0,1.0,1.0,0.2541935089,0.07109853751,0.03772121668,0.01000183821
853,1.0,0.0,0.0,0.0,1.0,1.0,0.2559318769,0.08866029942,0.03898513317,0.0125207901
854,1.0,0.0,0.0,0.0,1.0,1.0,0.2441519118,0.1355832837,0.03834849596,0.01931220293
855,1.0,0.0,0.0,0.0,1.0,1.0,0.2320737991,0.2227440473,0.03702515364,0.03107953072
856,1.0,0.0,0.0,0.0,1.0,1.0,0.2394670594,0.2322920059,0.039308846,0.03248435259
857,1.0,0.0,0.0,0.0,1.0,1.0,0.2333132693,0.2321536894,0.03824234009,0.03200423717
858,1.0,0.0,0.0,0.0,1.0,1.0,0.2345793905,0.2359795232,0.03848451376,0.03225117922
859,1.0,0.0,0.0,0.0,1.0,1.0,0.2335298091,0.2419280675,0.03870713711,0.03302282095
860,1.0,0.0,0.0,0.0,1.0,1.0,0.2339828524,0.2182455671,0.03817969561,0.02918022871
861,1.0,0.0,0.0,0.0,1.0,1.0,0.2320430272,0.2293798498,0.03811752796,0.03049397469
862,1.0,0.0,0.0,0.0,1.0,1.0,0.2267641307,0.218627997,0.03703141212,0.02880221605
863,1.0,0.0,0.0,0.0,1.0,1.0,0.2315374672,0.2271458282,0.03853964806,0.03049898148
864,1.0,0.0,0.0,0.0,1.0,1.0,0.2411298539,0.2415317067,0.03991633654,0.03193306923
865,1.0,0.0,0.0,0.0,1.0,1.0,0.2339832759,0.2279059347,0.03870403767,0.03013378382
866,1.0,0.0,0.0,0.0,1.0,1.0,0.2382002732,0.244676795,0.03949445486,0.03258985281
867,1.0,0.0,0.0,0.0,1.0,1.0,0.2367101439,0.2457308249,0.03968060017,0.03279161453
868,1.0,0.0,0.0,0.0,1.0,1.0,0.2341926657,0.2406062631,0.03912901878,0.03224009275
869,1.0,0.0,0.0,0.0,1.0,1.0,0.2342953347,0.2519250177,0.03965818882,0.03383421898
870,1.0,0.0,0.0,0.0,1.0,1.0,0.2378835686,0.2716329127,0.03962481022,0.03604763746
871,1.0,0.0,0.0,0.0,1.0,1.0,0.2264745474,0.2477952399,0.03792625666,0.03297930956
872,1.0,0.0,0.0,0.0,1.0,1.0,0.2301345033,0.2529455576,0.03868532181,0.03398787975
873,1.0,0.0,0.0,0.0,1.0,1.0,0.2233853966,0.2301619064,0.0372299552,0.03061127663
874,1.0,0.7853981853,0.0,0.0,1.0,1.0,0.2281156981,0.2416003522,0.03831762075,0.03225290775
875,1.0,0.7853981853,0.0,0.0,1.0,1.0,0.2211742613,0.2299970241,0.03637135029,0.03008157015
876,1.0,0.7853981853,0.0,0.0,1.0,1.0,0.224297452,0.2362699615,0.03724986315,0.03095024824
877,1.0,0.7853981853,0.0,0.0,1.0,1.0,0.2199102814,0.2269564428,0.03698313236,0.03008323908
878,1.0,0.7853981853,0.0,0.0,1.0,1.0,0.2201055692,0.2239416444,0.03717851639,0.02974283695
879,1.0,0.7853981853,0.0,0.0,1.0,1.0,0.2184750004,0.2230157703,0.03694885969,0.02977967262
880,1.0,0.7853981853,0.0,0.0,1.0,1.0,0.2083525,0.2023664565,0.03537333012,0.02708274126
881,1.0,0.7853981853,0.0,0.0,1.0,1.0,0.2206560423,0.21824525,0.03824585676,0.03009045124
882,1.0,0.7853981853,0.0,0.0,1.0,1.0,0.217410932,0.2097595807,0.03708040714,0.02822542191
883,1.0,0.7853981853,0.0,0.0,1.0,1.0,0.1903698871,0.1343786538,0.03244417906,0.0179002285
884,1.0,0.0,0.0,0.0,1.0,1.0,0.2217188867,0.09085833728,0.0363599062,0.01174706221
885,1.0,0.0,0.0,0.0,1.0,1.0,0.2236038859,0.08793387371,0.03739142418,0.01161402464
886,1.0,0.0,0.0,0.0,1.0,1.0,0.2209651663,0.0768803087,0.03693538904,0.01022827625
887,1.0,0.0,0.0,0.0,1.0,1.0,0.2182116138,0.08916174485,0.03712809086,0.01218706369
888,1.0,0.0,0.0,0.0,1.0,1.0,0.2186281151,0.07954710693,0.03702914715,0.01085811853
889,1.0,0.0,0.0,0.0,1.0,1.0,0.1899896431,0.1659227251,0.03282403946,0.02344572544
890,1.0,0.0,0.0,0.0,1.0,1.0,0.2361747659,0.2451460371,0.04170095921,0.03590148687
891,1.0,0.0,0.0,0.0,1.0,1.0,0.2738411122,0.3072358709,0.04953551292,0.04645699263
892,1.0,0.0,0.0,0.0,1.0,1.0,0.2775360742,0.3123255649,0.04974710941,0.04751127958
893,1.0,0.0,0.0,0.0,1.0,1.0,0.29624652,0.3361758489,0.05284321308,0.05145257711
894,1.0,0.0,0.0,0.0,1.0,1.0,0.2981332315,0.327831071,0.05323916674,0.05103236437
895,1.0,0.0,0.0,0.0,1.0,1.0,0.3021571579,0.3331473753,0.05401343107,0.05207443237
896,1.0,0.0,0.0,0.0,1.0,1.0,0.3099044976,0.3436676451,0.05506813526,0.05396676064
897,1.0,0.0,0.0,0.0,1.0,1.0,0.3023388303,0.3402356047,0.05291229486,0.0526381731
898,1.0,0.0,0.0,0.0,1.0,1.0,0.3057299049,0.3401606102,0.05490398407,0.05406785011
899,1.0,0.0,0.0,0.0,1.0,1.0,0.3123254842,0.3478622251,0.05536139011,0.0545309782
900,1.0,0.0,0.0,0.0,1.0,1.0,0.3165157522,0.3524345286,0.05632895231,0.05577397346
901,1.0,0.0,0.0,0.0,1.0,1.0,0.3118384709,0.3489278222,0.05525505543,0.05497872829
902,1.0,0.0,0.0,0.0,1.0,1.0,0.3119377592,0.3506813995,0.05585879087,0.05558085442
903,1.0,0.0,0.0,0.0,1.0,1.0,0.3186401858,0.3564443583,0.05571633577,0.05544453859
904,1.0,0.0,0.0,0.0,1.0,1.0,0.3185721863,0.3534610016,0.05698162317,0.0567022562
905,1.0,0.0,0.0,0.0,1.0,1.0,0.3124225871,0.3447552387,0.05499249697,0.05417174101
906,1.0,0.0,0.0,0.0,1.0,1.0,0.3164377706,0.3541882974,0.05516338348,0.05516338348
907,1.0,0.0,0.0,0.0,1.0,1.0,0.3248186305,0.3586846781,0.05772960186,0.0571745038
908,1.0,0.0,0.0,0.0,1.0,1.0,0.3167806596,0.3454211508,0.05462545156,0.05380600691
909,1.0,0.0,0.0,0.0,1.0,1.0,0.3247793865,0.354696941,0.05677944422,0.05568224192
910,1.0,0.0,0.0,0.0,1.0,1.0,0.3232104942,0.3482374714,0.05653560162,0.05488890409
911,1.0,0.0,0.0,0.0,1.0,1.0,0.3273761424,0.3552024639,0.05737471581,0.05627137423
912,1.0,0.0,0.0,0.0,1.0,1.0,0.3278676839,0.3536757818,0.05757153034,0.0559027791
913,1.0,0.0,0.0,0.0,1.0,1.0,0.3347263871,0.3634332862,0.05922365189,0.05810618401
914,1.0,0.0,0.0,0.0,1.0,1.0,0.3342085379,0.3559415679,0.05775749683,0.0558322072
915,1.0,0.0,0.0,0.0,1.0,1.0,0.3357997831,0.364233258,0.0579944849,0.05689507723
916,1.0,0.0,0.0,0.0,1.0,1.0,0.34671202,0.3712211713,0.05902606249,0.05764043331
917,1.0,0.0,0.0,0.0,1.0,1.0,0.3452019047,0.3684994954,0.05836302042,0.05697345734
918,1.0,0.0,0.0,0.0,1.0,1.0,0.3412729869,0.3579559423,0.05927717686,0.05701893568
919,1.0,0.0,0.0,0.0,1.0,1.0,0.3570599968,0.3756767133,0.06151485443,0.05954861641
920,1.0,0.0,0.0,0.0,1.0,1.0,0.3516854697,0.3637545482,0.0612527132,0.0586887002
921,1.0,0.0,0.0,0.0,1.0,1.0,0.3565930449,0.3778809661,0.06099945307,0.05988019705
922,1.0,0.0,0.0,0.0,1.0,1.0,0.3563648132,0.3673906654,0.06136959791,0.05885905027
923,1.0,0.0,0.0,0.0,1.0,1.0,0.3695005575,0.3875030089,0.06396478415,0.0622740984
924,1.0,0.0,0.0,0.0,1.0,1.0,0.364617294,0.3809061669,0.06326770782,0.06157302856
925,1.0,0.0,0.0,0.0,1.0,1.0,0.3623990535,0.3713205389,0.06339865923,0.06084001064
926,1.0,0.0,0.0,0.0,1.0,1.0,0.3585662177,0.3695851633,0.06217843294,0.05992758274
927,1.0,0.0,0.0,0.0,1.0,1.0,0.3656497656,0.3717647572,0.06489098072,0.06200689077
928,1.0,0.0,0.0,0.0,1.0,1.0,0.36967914,0.3760968342,0.06432908773,0.06148266792
929,1.0,0.0,0.0,0.0,1.0,1.0,0.3632840336,0.3752291424,0.06236845255,0.06039297581
930,1.0,0.0,0.0,0.0,1.0,1.0,0.3664075026,0.3774113486,0.06366199255,0.06138831377
931,1.0,0.0,0.0,0.0,1.0,1.0,0.3680430987,0.3839961114,0.06400316954,0.06229645014
932,1.0,0.0,0.0,0.0,1.0,1.0,0.3676109382,0.3774116493,0.06404703856,0.06175965071
933,1.0,0.0,0.0,0.0,1.0,1.0,0.3692521689,0.3822426803,0.06422477961,0.0622266531
934,1.0,0.0,0.0,0.0,1.0,1.0,0.3632840321,0.3818290437,0.06343531609,0.06228715181
935,1.0,0.0,0.0,0.0,1.0,1.0,0.365244469,0.3765502029,0.06315892935,0.06143641472
936,1.0,0.0,0.0,0.0,1.0,1.0,0.3786504831,0.3963304743,0.066832304,0.06597179174
937,1.0,0.0,0.0,0.0,1.0,1.0,0.3687424019,0.3867097557,0.06356167793,0.06298643351
938,1.0,0.0,0.0,0.0,1.0,1.0,0.3667373057,0.4047034656,0.06451517344,0.0668400526
939,1.0,0.0,0.0,0.0,1.0,1.0,0.3812132104,0.3983790225,0.06759685278,0.06700909138
940,1.0,0.0,0.0,0.0,1.0,1.0,0.3663494826,0.3969417186,0.06520187855,0.06730520725
941,1.0,0.0,0.0,0.0,1.0,1.0,0.3774929927,0.4106095359,0.06883978844,0.07126581669
942,1.0,0.0,0.0,0.0,1.0,1.0,0.3646388424,0.4060230477,0.06490528584,0.06903558969
943,1.0,0.0,0.0,0.0,1.0,1.0,0.3654053862,0.4213676823,0.06544059515,0.07231336832
944,1.0,0.0,0.0,0.0,1.0,1.0,0.3376040981,0.4283319878,0.05933701992,0.07226186991
945,1.0,0.0,0.0,0.0,1.0,1.0,0.330366201,0.4184513484,0.06083011627,0.07434797287
946,1.0,0.0,0.0,0.0,1.0,1.0,0.3382206438,0.4278312611,0.06247872114,0.07622402906
947,1.0,0.0,0.0,0.0,1.0,1.0,0.3308614379,0.418780415,0.05882740021,0.07254368067
948,1.0,0.0,0.0,0.0,1.0,1.0,0.3688416859,0.4365793159,0.06619721651,0.07382363081
949,1.0,0.0,0.0,0.0,1.0,1.0,0.3754083901,0.4603162602,0.07115119696,0.08020102978
950,1.0,0.0,0.0,0.0,1.0,1.0,0.3571829338,0.4493894659,0.06423091888,0.07538843155
951,1.0,0.0,0.0,0.0,1.0,1.0,0.3417781057,0.3453953947,0.06006234884,0.05702888966
952,1.0,0.0,0.0,0.0,1.0,1.0,0.3155171158,0.1767073892,0.05279773474,0.02838259935
953,1.0,0.0,0.0,0.0,1.0,1.0,0.302414286,0.1912992282,0.05143469572,0.03073531389
954,1.0,0.0,0.0,0.0,1.0,1.0,0.327023268,0.1759016288,0.05484324694,0.02711349726
955,1.0,0.0,0.0,0.0,1.0,1.0,0.3461756022,0.1606947748,0.05663108826,0.02496641874
956,1.0,0.0,0.0,0.0,1.0,1.0,0.3306281445,0.1379226697,0.04993784428,0.01968973875
957,1.0,0.0,0.0,0.0,1.0,1.0,0.3099776351,0.16657377,0.0495403409,0.02492028475
958,1.0,0.0,0.0,0.0,1.0,1.0,0.3494144674,0.194911871,0.05463910103,0.02869313955
959,1.0,0.0,0.0,0.5235987902,1.0,1.0,0.3641860948,0.1865910965,0.05247092247,0.0259373188
960,1.0,0.0,0.0,0.5235987902,1.0,1.0,0.3649767169,0.1855500971,0.05692106485,0.0291223526
961,1.0,0.0,0.0,0.5235987902,1.0,1.0,0.3420222168,0.2183655594,0.05712383986,0.03557413816
962,1.0,0.0,0.0,0.5235987902,1.0,1.0,0.3398501328,0.2121262624,0.05436700583,0.03345662355
963,1.0,0.0,0.0,0.5235987902,1.0,1.0,0.3412728667,0.2126913365,0.05514931679,0.03381180763
964,1.0,0.0,0.0,0.5235987902,1.0,1.0,0.3533379182,0.2023163954,0.05923378468,0.03384792805
965,1.0,0.0,0.0,0.5235987902,1.0,1.0,0.3425505436,0.1853801199,0.0577082634,0.03123033047
966,1.0,0.0,0.0,0.5235987902,1.0,1.0,0.3627008579,0.1958906833,0.05901002884,0.03212767839
967,1.0,0.0,0.0,0.5235987902,1.0,1.0,0.3558011938,0.2088996939,0.05829209089,0.033403337
968,1.0,0.0,0.0,0.5235987902,1.0,1.0,0.3585174659,0.2162057779,0.0565148592,0.03346687555
969,1.0,0.0,0.0,0.5235987902,1.0,1.0,0.3352165261,0.2381646139,0.04986381531,0.03447371721
970,1.0,0.0,0.0,0.5235987902,1.0,1.0,0.3621166649,0.2301618308,0.05309230089,0.03367567062
971,1.0,0.0,0.0,0.0,1.0,1.0,0.3297548,0.2332028237,0.04905033112,0.03391128778
972,1.0,0.0,0.0,0.0,1.0,1.0,0.312198817,0.2144635903,0.04611068964,0.03084027767
973,1.0,0.0,0.0,0.0,1.0,1.0,0.2919263696,0.220042058,0.04305046797,0.03198891878
974,1.0,0.0,0.0,0.0,1.0,1.0,0.2653207712,0.249860432,0.03937131166,0.03670710325
975,1.0,0.0,0.0,0.0,1.0,1.0,0.304976711,0.3268851711,0.04878282547,0.05113381147
976,1.0,0.0,0.0,0.0,1.0,1.0,0.3448776123,0.3878700151,0.05570685863,0.06110703945
977,1.0,0.0,0.0,0.0,1.0,1.0,0.3461562635,0.3913899911,0.05835092068,0.06407165527
978,1.0,0.0,0.0,0.5235987902,1.0,1.0,0.3575377596,0.4096652104,0.06507986784,0.07022565603
979,1.0,0.0,0.0,0.5235987902,1.0,1.0,0.3585222165,0.4190640618,0.06710672379,0.07323515415
980,1.0,0.0,0.0,0.0,1.0,1.0,0.3783427358,0.442461351,0.06638199091,0.07264983654
981,1.0,0.0,0.0,0.0,1.0,1.0,0.3806614135,0.4363759035,0.06643021107,0.07131898403
982,1.0,0.0,0.0,0.0,1.0,1.0,0.3869337668,0.4436118306,0.06497341394,0.06995010376
983,1.0,0.0,0.0,0.0,1.0,1.0,0.3805025319,0.4445916202,0.06369978189,0.0695412159
984,1.0,0.0,0.0,0.0,1.0,1.0,0.3827292472,0.4376988905,0.06377840042,0.06879156828
985,1.0,0.0,0.0,0.0,1.0,1.0,0.3854274646,0.440825001,0.06493508816,0.06943273544
986,1.0,0.0,0.0,0.0,1.0,1.0,0.3785763332,0.4339213434,0.06367123127,0.06904792786
987,1.0,0.0,0.0,0.0,1.0,1.0,0.3797043486,0.4357001377,0.06420218945,0.06929314137
988,1.0,0.0,0.0,0.0,1.0,1.0,0.3846593055,0.4303647149,0.06442898512,0.06808650494
989,1.0,0.0,0.0,0.0,1.0,1.0,0.382409537,0.4323826476,0.06430208683,0.06851404905
990,1.0,0.0,0.0,0.0,1.0,1.0,0.3805818912,0.431577112,0.06429260969,0.06904470921
991,1.0,0.0,0.0,0.0,1.0,1.0,0.3721151117,0.4085439858,0.06354063749,0.06550872326
992,1.0,0.0,0.0,0.0,1.0,1.0,0.3643206239,0.4004733965,0.0624550581,0.06412798166
993,1.0,0.0,0.0,0.0,1.0,1.0,0.3708929789,0.3969907416,0.06340003014,0.06396108866
994,1.0,0.0,0.0,0.0,1.0,1.0,0.3603210212,0.3878951374,0.06187319756,0.06215310097
995,1.0,0.0,0.0,0.0,1.0,1.0,0.3598648068,0.3756641152,0.06172943115,0.06032639742
996,1.0,0.0,0.0,0.0,1.0,1.0,0.3423413354,0.3492861516,0.05878782272,0.05628031492
997,1.0,0.0,0.0,0.0,1.0,1.0,0.3477729553,0.3534611888,0.05958992243,0.05652695894
998,1.0,0.0,0.0,0.0,1.0,1.0,0.3401329027,0.3452934255,0.05758684874,0.05431175232
999,1.0,0.0,0.0,0.0,1.0,1.0,0.3302225587,0.3314301268,0.05674690008,0.052908957
1000,1.0,0.0,0.0,0.0,1.0,1.0,0.3251001516,0.3308498746,0.05564165115,0.0528871417
1001,1.0,0.0,0.0,0.0,1.0,1.0,0.325660773,0.3337179247,0.05549317598,0.05330628157
1002,1.0,0.0,0.0,0.0,1.0,1.0,0.311723096,0.3063356817,0.05437254906,0.05016845465
1003,1.0,0.0,0.0,0.0,1.0,1.0,0.3120208967,0.2994843043,0.0538443923,0.04823559523
1004,1.0,0.0,0.0,0.0,1.0,1.0,0.309389605,0.3071200395,0.05300676823,0.04912143946
1005,1.0,0.0,0.0,0.0,1.0,1.0,0.3060340672,0.2998329043,0.05241447687,0.04800063372
1006,1.0,0.0,0.0,0.0,1.0,1.0,0.3100045813,0.3015556258,0.05346137285,0.04872781038
1007,1.0,0.0,0.0,0.0,1.0,1.0,0.298388804,0.2894934498,0.05135297775,0.04638332129
1008,1.0,0.0,0.0,0.0,1.0,1.0,0.3004751416,0.2902158526,0.0510020256,0.04609274864
1009,1.0,0.0,0.0,0.0,1.0,1.0,0.2951267205,0.2875105926,0.05233234167,0.04752337933
1010,1.0,0.0,0.0,0.0,1.0,1.0,0.2995124645,0.2892221591,0.05102282763,0.04611152411
1011,1.0,0.0,0.0,0.0,1.0,1.0,0.2921692025,0.2848238391,0.0502396822,0.0458471179
1012,1.0,0.0,0.0,0.0,1.0,1.0,0.2937656488,0.2850640957,0.05129921436,0.0462808013
1013,1.0,0.0,0.0,0.0,1.0,1.0,0.2996729137,0.2916459899,0.05214625597,0.04743093252
1014,1.0,0.0,0.0,0.0,1.0,1.0,0.294891371,0.2889543589,0.05158758163,0.04740476608
1015,1.0,0.0,0.0,0.0,1.0,1.0,0.2985553489,0.2879748792,0.05191534758,0.0471957922
1016,1.0,0.0,0.0,0.0,1.0,1.0,0.3003092759,0.2974529163,0.05221045017,0.0483430028
1017,1.0,0.0,0.0,0.0,1.0,1.0,0.2982459688,0.291362303,0.0522993803,0.04784834385
1018,1.0,0.0,0.0,0.0,1.0,1.0,0.2934868786,0.2894004603,0.05144250393,0.04782760143
1019,1.0,0.0,0.0,0.0,1.0,1.0,0.2916353802,0.2903784699,0.05160725117,0.04798078537
1020,1.0,0.0,0.0,0.0,1.0,1.0,0.2968325059,0.2954429008,0.05135959387,0.04780811071
1021,1.0,0.0,0.0,0.0,1.0,1.0,0.3001467412,0.3028612803,0.05253982544,0.04951399565
1022,1.0,0.0,0.0,0.0,1.0,1.0,0.3003019283,0.3062262897,0.05243188143,0.04970103502
1023,1.0,0.0,0.0,0.0,1.0,1.0,0.2965378727,0.2968138268,0.05212628841,0.0488166213
1024,1.0,0.0,0.0,0.0,1.0,1.0,0.2999878914,0.2981670099,0.05304998159,0.04920184612
1025,1.0,0.0,0.0,0.0,1.0,1.0,0.2974717808,0.2958212255,0.05209922791,0.04879128933
1026,1.0,0.0,0.0,0.0,1.0,1.0,0.3028134768,0.2991643202,0.05312240124,0.04926902056
1027,1.0,0.0,0.0,0.0,1.0,1.0,0.2971734243,0.2938559791,0.0512521863,0.04774552584
1028,1.0,0.0,0.0,0.0,1.0,1.0,0.2965378043,0.300167815,0.0518835187,0.04913830757
1029,1.0,0.0,0.0,0.0,1.0,1.0,0.3021934397,0.3068756123,0.0523031354,0.04985141754
1030,1.0,0.0,0.0,0.0,1.0,1.0,0.3070384598,0.3125347312,0.05403923988,0.05155789852
1031,1.0,0.0,0.0,0.0,1.0,1.0,0.3012443772,0.3108630435,0.05132955313,0.04972553253
1032,1.0,0.0,0.0,0.0,1.0,1.0,0.2970037061,0.3051987127,0.05195522308,0.05003100634
1033,1.0,0.0,0.0,0.0,1.0,1.0,0.2973024597,0.3035217908,0.05139654875,0.04948282242
1034,1.0,0.0,0.0,0.0,1.0,1.0,0.2982462008,0.3049145709,0.05128967762,0.04910713434
1035,1.0,0.0,0.0,0.0,1.0,1.0,0.2905725963,0.2940533411,0.04965573549,0.04720020294
1036,1.0,0.0,0.0,0.0,1.0,1.0,0.2972618768,0.3046245381,0.05006295443,0.04816865921
1037,1.0,0.0,0.0,0.0,1.0,1.0,0.2977401561,0.3084483455,0.05072921515,0.04908394814
1038,1.0,0.0,0.0,0.0,1.0,1.0,0.2915712791,0.2998325412,0.04909545183,0.0474589467
1039,1.0,0.0,0.0,0.0,1.0,1.0,0.2963089918,0.3052905889,0.04987549782,0.04825794697
1040,1.0,0.0,0.0,0.0,1.0,1.0,0.2892275646,0.3012017397,0.04819977283,0.04712867737
1041,1.0,0.0,0.0,0.0,1.0,1.0,0.2866986453,0.3035845031,0.04843837023,0.04816776514
1042,1.0,0.0,0.0,0.0,1.0,1.0,0.2917031795,0.3121121214,0.0496224761,0.0496224165
1043,1.0,0.0,0.0,0.0,1.0,1.0,0.2894384312,0.3114695751,0.04850262403,0.04877054691
1044,1.0,0.0,0.0,0.0,1.0,1.0,0.2841864941,0.2984678681,0.04738563299,0.04658693075
1045,1.0,0.0,0.0,0.0,1.0,1.0,0.2830419667,0.30051946,0.04688829184,0.04635846615
1046,1.0,0.0,0.0,0.0,1.0,1.0,0.2839509571,0.2970849168,0.04704219103,0.04597902298
1047,1.0,0.0,0.0,0.0,1.0,1.0,0.2800983169,0.3029129688,0.04675537348,0.04702103138
1048,1.0,0.0,0.0,0.0,1.0,1.0,0.2760363764,0.2963861966,0.04599446058,0.04546576738
1049,1.0,0.0,0.0,0.0,1.0,1.0,0.2674788769,0.2843241529,0.04425191879,0.0437219739
1050,1.0,0.0,0.0,0.0,1.0,1.0,0.2682207587,0.2826009442,0.04485958815,0.04379153252
1051,1.0,0.0,0.0,0.0,1.0,1.0,0.2702490124,0.289768516,0.04475837946,0.04422867298
1052,1.0,0.0,0.0,0.0,1.0,1.0,0.2646050155,0.2853079404,0.04386627674,0.04360204935
1053,1.0,0.0,0.0,0.0,1.0,1.0,0.2647956868,0.2840519887,0.04353278875,0.04300189018
1054,1.0,0.0,0.0,0.0,1.0,1.0,0.266732003,0.287296185,0.04389721155,0.04363280535
1055,1.0,0.0,0.0,0.0,1.0,1.0,0.2670507997,0.2880333594,0.04436010122,0.04409444332
1056,1.0,0.0,0.0,0.0,1.0,1.0,0.2610004911,0.2853078886,0.04340350628,0.04366821051
1057,1.0,0.0,0.0,0.0,1.0,1.0,0.2598869455,0.2783913839,0.04295164347,0.04268652201
1058,1.0,0.0,0.0,0.0,1.0,1.0,0.2569544805,0.2781953375,0.04314601421,0.04288130999
1059,1.0,0.0,0.0,0.0,1.0,1.0,0.2598228558,0.2801202456,0.0430418849,0.04277783632
1060,1.0,0.0,0.0,0.0,1.0,1.0,0.2534700435,0.2705384928,0.04150944948,0.04124671221
1061,1.0,0.0,0.0,0.0,1.0,1.0,0.249062214,0.268815439,0.0414788723,0.0414788723
1062,1.0,0.0,0.0,0.0,1.0,1.0,0.2566351697,0.2781952335,0.04272592068,0.04299128056
1063,1.0,0.0,0.0,0.0,1.0,1.0,0.2299036784,0.2472843725,0.03844499588,0.03844493628
1064,1.0,0.0,0.0,0.0,1.0,1.0,0.1769502227,0.1677506465,0.02906984091,0.02557069063
1065,1.0,0.0,0.0,0.0,1.0,1.0,0.1714732491,0.1583621601,0.02804964781,0.02404248714
1066,1.0,0.0,0.0,0.0,1.0,1.0,0.1705971593,0.162538976,0.02827495337,0.02507400513
1067,1.0,0.0,0.0,0.0,1.0,1.0,0.1912114081,0.1960710235,0.03192454576,0.03031492233
1068,1.0,0.0,0.0,0.0,1.0,1.0,0.1852002357,0.1878261447,0.03085929155,0.02899706364
1069,1.0,0.0,0.0,0.0,1.0,1.0,0.1902935277,0.1953927347,0.03123360872,0.02965885401
1070,1.0,0.0,0.0,0.0,1.0,1.0,0.1912807509,0.1981654511,0.03181535006,0.03048974276
1071,1.0,0.0,0.0,0.0,1.0,1.0,0.1948201321,0.2039677819,0.03255462646,0.03176057339
1072,1.0,0.0,0.0,0.0,1.0,1.0,0.1896868162,0.2070762844,0.03191030025,0.03244662285
1073,1.0,0.0,0.0,0.0,1.0,1.0,0.192321524,0.2134401892,0.03268057108,0.03375208378
1074,1.0,0.0,0.0,0.0,1.0,1.0,0.1905989339,0.2173444515,0.03139394522,0.03350442648
1075,1.0,0.0,0.0,0.0,1.0,1.0,0.1889088128,0.2119504588,0.03124916553,0.03285169601
1076,1.0,0.0,0.0,0.0,1.0,1.0,0.1886044101,0.212939601,0.03180116415,0.03370380402
1077,1.0,0.0,0.0,0.0,1.0,1.0,0.1893003328,0.2095050263,0.0315387845,0.03260791302
1078,1.0,0.0,0.0,0.0,1.0,1.0,0.1856797956,0.2067808798,0.03084856272,0.03218978643
1079,1.0,0.0,0.0,0.0,1.0,1.0,0.1774252534,0.2047467692,0.02941632271,0.03184521198
1080,1.0,0.0,0.0,0.0,1.0,1.0,0.1972584493,0.226985964,0.0324832201,0.03491944075
1081,1.0,0.0,0.0,0.0,1.0,1.0,0.182017751,0.2134040547,0.03003287315,0.03276312351
1082,1.0,0.0,0.0,0.0,1.0,1.0,0.1883246854,0.2179631662,0.03117728233,0.03363859653
1083,1.0,0.0,0.0,0.0,1.0,1.0,0.1818656507,0.2101298771,0.03047579527,0.03267222643
1084,1.0,0.0,0.0,0.0,1.0,1.0,0.1838055631,0.2136618185,0.03040206432,0.0328450799
1085,1.0,0.0,0.0,0.0,1.0,1.0,0.1710005403,0.1998880932,0.02819824219,0.03066217899
1086,1.0,0.0,0.0,0.0,1.0,1.0,0.176274086,0.2045122752,0.02936935425,0.03186303377
1087,1.0,0.0,0.0,0.0,1.0,1.0,0.1787078903,0.2123812812,0.02944916487,0.03244864941
1088,1.0,0.0,0.0,0.0,1.0,1.0,0.1906067603,0.2185160355,0.03188341856,0.03382414579
1089,1.0,0.0,0.0,0.0,1.0,1.0,0.1853270133,0.2185161022,0.03002053499,0.03270095587
1090,1.0,0.0,0.0,0.0,1.0,1.0,0.1923271341,0.2215075553,0.03266239166,0.03489565849
1091,1.0,0.0,0.0,0.0,1.0,1.0,0.1793451442,0.2129089653,0.03073424101,0.03380763531
1092,1.0,0.0,0.0,0.0,1.0,1.0,0.1811178242,0.2126470912,0.0303632021,0.03312349319
1093,1.0,0.0,0.0,0.0,1.0,1.0,0.175797471,0.2076302626,0.02999740839,0.03277492523
1094,1.0,0.0,0.0,0.0,1.0,1.0,0.1793450524,0.2101301106,0.02994680405,0.03239703178
1095,1.0,0.0,0.0,0.0,1.0,1.0,0.1844110725,0.2080685749,0.03063720465,0.03200489283
1096,1.0,0.0,0.0,0.0,1.0,1.0,0.1821641751,0.2088117056,0.03040593863,0.0320494771
1097,1.0,0.0,0.0,0.0,1.0,1.0,0.1044945379,0.1079983031,0.01672649384,0.01591718197
1098,1.0,0.0,0.0,0.0,1.0,1.0,0.07715000085,0.0475018331,0.0122397542,0.006954371929
1099,1.0,0.0,0.0,0.0,1.0,1.0,0.07474062984,0.04714360093,0.0118727684,0.006902813911
1100,1.0,0.0,0.0,0.0,1.0,1.0,0.08443562373,0.0503452204,0.01334732771,0.007354676723
1101,1.0,0.0,0.0,0.0,1.0,1.0,0.1032126515,0.08577310608,0.0165066123,0.01265507936
1102,1.0,0.0,0.0,0.0,1.0,1.0,0.1637597568,0.1770230383,0.02651911974,0.02624577284
1103,1.0,0.0,0.0,0.0,1.0,1.0,0.1796001522,0.2079129712,0.02913123369,0.03074961901
1104,1.0,0.0,0.0,0.0,1.0,1.0,0.1938207627,0.2167905579,0.03096175194,0.03176945448
1105,1.0,0.0,0.0,0.0,1.0,1.0,0.1905291514,0.2214877551,0.03034698963,0.03221035004
1106,1.0,0.0,0.0,0.0,1.0,1.0,0.2113574974,0.2489585946,0.03506439924,0.03751075268
1107,1.0,0.0,0.0,0.0,1.0,1.0,0.2091088878,0.2426702932,0.03392869234,0.03606593609
1108,1.0,0.0,0.0,0.0,1.0,1.0,0.2140483202,0.2480627752,0.03539073467,0.03756862879
1109,1.0,0.0,0.0,0.0,1.0,1.0,0.213932731,0.2597113773,0.03507119417,0.03881925344
1110,1.0,0.0,0.0,0.0,1.0,1.0,0.2132358986,0.2534296932,0.03563404083,0.038626194
1111,1.0,0.0,0.0,0.0,1.0,1.0,0.2126471779,0.2498603097,0.03452467918,0.03691482544
1112,1.0,0.0,0.0,0.0,1.0,1.0,0.2161393843,0.2605690343,0.03510332108,0.03853452206
1113,1.0,0.0,0.0,0.0,1.0,1.0,0.2204648751,0.2660384955,0.03610473871,0.03958153725
1114,1.0,0.0,0.0,0.0,1.0,1.0,0.2249965293,0.2641384008,0.03767412901,0.04040420055
1115,1.0,0.0,0.0,0.0,1.0,1.0,0.2230025216,0.256129465,0.03689855337,0.0385145545
1116,1.0,0.0,0.0,0.0,1.0,1.0,0.2193893539,0.2471927247,0.03678417206,0.03787410259
1117,1.0,0.0,0.0,0.0,1.0,1.0,0.2283973437,0.2649768901,0.03774631023,0.03988802433
1118,1.0,0.0,0.0,0.0,1.0,1.0,0.2239008082,0.2579205927,0.03750187159,0.03913241625
1119,1.0,0.0,0.0,0.0,1.0,1.0,0.2255235223,0.2623537399,0.03754746914,0.03970849514
1120,1.0,0.0,0.0,0.0,1.0,1.0,0.2231922736,0.2525470738,0.03705221415,0.0384144187
1121,1.0,0.0,0.0,0.0,1.0,1.0,0.2273690036,0.2498602208,0.03800308704,0.03827643394
1122,1.0,0.0,0.0,0.0,1.0,1.0,0.2264744456,0.2480755461,0.03751921654,0.03779107332
1123,1.0,0.0,0.0,0.0,1.0,1.0,0.2315184158,0.2605685386,0.03885263205,0.03994703293
1124,1.0,0.0,0.0,0.0,1.0,1.0,0.2308942849,0.2516581196,0.03813278675,0.03813278675
1125,1.0,0.0,0.0,0.0,1.0,1.0,0.2338068626,0.2624431035,0.03837895393,0.03946000338
1126,1.0,0.0,0.0,0.0,1.0,1.0,0.2321602592,0.2552530631,0.03830730915,0.03857898712
1127,1.0,0.0,0.0,0.0,1.0,1.0,0.2292446318,0.25437033,0.03792881966,0.03847455978
1128,1.0,0.0,0.0,0.0,1.0,1.0,0.2345797203,0.2534554891,0.03888225555,0.03860843182
1129,1.0,0.0,0.0,0.0,1.0,1.0,0.2292448325,0.2543704982,0.03804451227,0.03859192133
1130,1.0,0.0,0.0,0.0,1.0,1.0,0.2312754879,0.2561745051,0.03824478388,0.03879117966
1131,1.0,0.0,0.0,0.0,1.0,1.0,0.2333134515,0.2543705754,0.03808563948,0.03808563948
1132,1.0,0.0,0.0,0.0,1.0,1.0,0.2391403881,0.2571028938,0.03997331858,0.03914630413
1133,1.0,0.0,0.0,0.0,1.0,1.0,0.2374912783,0.257920618,0.03865337372,0.03865337372
1134,1.0,0.0,0.0,0.0,1.0,1.0,0.2424876884,0.2597115708,0.04059785604,0.03977489471
1135,1.0,0.0,0.0,0.0,1.0,1.0,0.2420394324,0.2642408404,0.0402828455,0.0402828455
1136,1.0,0.0,0.0,0.0,1.0,1.0,0.2469791336,0.2615027406,0.0412093997,0.04011046886
1137,1.0,0.0,0.0,0.0,1.0,1.0,0.2403930508,0.2615027898,0.03955405951,0.03955405951
1138,1.0,0.0,0.0,0.0,1.0,1.0,0.2420392638,0.2632936445,0.04001194239,0.04001194239
1139,1.0,0.0,0.0,0.0,1.0,1.0,0.2416413636,0.2597116465,0.04023069143,0.03968334198
1140,1.0,0.0,0.0,0.0,1.0,1.0,0.2424391506,0.2588484658,0.0405343771,0.03970712423
1141,1.0,0.0,0.0,0.0,1.0,1.0,0.2453024099,0.2669987907,0.04090189934,0.04090189934
1142,1.0,0.0,0.0,0.0,1.0,1.0,0.2511078735,0.2697768865,0.04189908504,0.0413441062
1143,1.0,0.0,0.0,0.0,1.0,1.0,0.2510995235,0.2697768107,0.04215121269,0.04131925106
1144,1.0,0.0,0.0,0.0,1.0,1.0,0.2398659241,0.2471348632,0.0396040678,0.03740388155
1145,1.0,0.0,0.0,0.0,1.0,1.0,0.1849562232,0.1516009324,0.03017193079,0.02242136002
1146,1.0,0.0,0.0,0.0,1.0,1.0,0.1485183976,0.1007044449,0.02328318357,0.01451778412
1147,1.0,0.0,0.0,0.0,1.0,1.0,0.1813936698,0.05340554685,0.02875220776,0.007892787457
1148,1.0,0.0,0.0,0.0,1.0,1.0,0.2006111019,0.04277770287,0.03148603439,0.006240487099
1149,1.0,0.0,0.0,0.0,1.0,1.0,0.2115607063,0.04666665017,0.03259807825,0.00674444437
1150,1.0,0.0,0.0,0.0,1.0,1.0,0.2058220895,0.04311281546,0.0310716629,0.006158292294
1151,1.0,0.0,0.0,0.0,1.0,1.0,0.2241737347,0.04311331427,0.03396248817,0.006226480007
1152,1.0,0.0,0.0,0.0,1.0,1.0,0.222517364,0.0399773201,0.03344881535,0.005669236183
1153,1.0,0.0,0.0,0.0,1.0,1.0,0.2325624442,0.04062757327,0.03474760056,0.005743384361
1154,1.0,0.0,0.0,0.0,1.0,1.0,0.2334602363,0.04283342896,0.03507530689,0.006087481976
1155,1.0,0.0,0.0,0.0,1.0,1.0,0.2306404439,0.05078431422,0.03456252813,0.007200479507
1156,1.0,0.0,0.0,0.0,1.0,1.0,0.2373192289,0.05057863298,0.0355386734,0.007223248482
1157,1.0,0.0,0.0,0.0,1.0,1.0,0.2421127342,0.05281587918,0.03623282909,0.007536411285
1158,1.0,0.0,0.0,0.0,1.0,0.0,0.2369614992,0.0,0.03592354059,0.0
1159,1.0,0.0,0.0,0.0,1.0,0.0,0.2451103405,0.0,0.03730946779,0.0
1160,1.0,0.0,0.0,0.0,1.0,1.0,0.2465416502,0.04778198111,0.03777807951,0.00697439909
1161,1.0,0.0,0.0,0.0,1.0,0.0,0.2330107407,0.0,0.03527998924,0.0
1162,1.0,0.0,0.0,0.0,1.0,0.0,0.2445648758,0.0,0.03693181276,0.0
1163,1.0,0.0,0.0,0.0,1.0,0.0,0.2378711666,0.0,0.03599619865,0.0
1164,1.0,0.0,0.0,0.0,1.0,0.0,0.2383285376,0.0,0.0360994935,0.0
1165,1.0,0.0,0.0,0.0,1.0,0.0,0.2479383971,0.0,0.03791695833,0.0
1166,1.0,0.0,0.0,0.0,1.0,1.0,0.2460164583,0.04977300719,0.03728240728,0.007281720638
1167,1.0,0.0,0.0,0.0,1.0,1.0,0.2143016847,0.1070830913,0.03256380558,0.01556146145
1168,1.0,0.0,0.0,0.0,1.0,1.0,0.2402330698,0.1845124728,0.03704255819,0.02714568377
1169,1.0,0.0,0.0,0.0,1.0,1.0,0.2616721133,0.2240130222,0.04164451361,0.03383618593
1170,1.0,0.0,0.0,0.0,1.0,1.0,0.2780262848,0.2489032993,0.0434961319,0.03695756197
1171,1.0,0.0,0.0,0.0,1.0,1.0,0.2894555166,0.2670259592,0.0459330678,0.04044419527
1172,1.0,0.0,0.0,0.0,1.0,1.0,0.3009270143,0.2774117341,0.04719084501,0.04175674915
1173,1.0,0.0,0.0,0.0,1.0,1.0,0.3104886788,0.2812119712,0.04809653759,0.04212003946
1174,1.0,0.0,0.0,0.0,1.0,1.0,0.3166726839,0.2847466297,0.04987561703,0.04353308678
1175,1.0,0.0,0.0,0.0,1.0,1.0,0.3104882836,0.2782535446,0.04886955023,0.04250782728
1176,1.0,0.0,0.0,0.0,1.0,1.0,0.3116342496,0.2801467273,0.04825341702,0.04225742817
1177,1.0,0.0,0.0,0.0,1.0,1.0,0.3210547582,0.2885181061,0.0502383709,0.04342639446
1178,1.0,0.0,0.0,0.0,1.0,1.0,0.315999919,0.2971825746,0.04955762625,0.04523575306
1179,1.0,0.0,0.0,0.0,1.0,1.0,0.3191650573,0.308098622,0.04985696077,0.04672306776
1180,1.0,0.0,0.0,0.0,1.0,1.0,0.3158020666,0.3083778952,0.04972022772,0.04689520597
1181,1.0,0.0,0.0,0.0,1.0,1.0,0.3077992183,0.3057995375,0.04815465212,0.04645508528
1182,1.0,0.0,0.0,0.0,1.0,1.0,0.2943809073,0.2998324509,0.04613304138,0.04527872801
1183,1.0,0.0,0.0,0.0,1.0,1.0,0.2952481963,0.2809748767,0.04564166069,0.04223972559
1184,1.0,0.0,0.0,0.0,1.0,1.0,0.2852920408,0.2850122006,0.0444662571,0.04303187132
1185,1.0,0.0,0.0,0.0,1.0,1.0,0.2866046558,0.288811878,0.04483306408,0.0436834693
1186,1.0,0.0,0.0,0.0,1.0,1.0,0.2886871305,0.2915041674,0.04536581039,0.0442173481
1187,1.0,0.0,0.0,0.0,1.0,1.0,0.2871533811,0.2759076494,0.04481756687,0.04161626101
1188,1.0,0.0,0.0,0.0,1.0,1.0,0.2829302859,0.2757083887,0.04489570856,0.04198044538
1189,1.0,0.0,0.0,0.0,1.0,1.0,0.2816106925,0.2831118555,0.04473340511,0.04356390238
1190,1.0,0.0,0.0,0.0,1.0,1.0,0.2794735196,0.2692290735,0.04388868809,0.04040080309
1191,1.0,0.0,0.0,0.0,1.0,1.0,0.2837241935,0.2891109481,0.04571843147,0.04453867674
1192,1.0,0.0,0.0,0.0,1.0,1.0,0.2829301838,0.288300531,0.0445946455,0.04343634844
1193,1.0,0.0,0.0,0.0,1.0,1.0,0.2847573708,0.2767683049,0.04413741827,0.04154103994
1194,1.0,0.0,0.0,0.0,1.0,1.0,0.2818466136,0.265355852,0.04443311691,0.04004824162
1195,1.0,0.0,0.0,0.0,1.0,1.0,0.2836763183,0.2527769276,0.04368633032,0.03761070967
1196,1.0,0.0,0.0,0.0,1.0,1.0,0.2842104031,0.2527999497,0.04377245903,0.03739500046
1197,1.0,0.0,0.0,0.0,1.0,1.0,0.28367645,0.2342438844,0.04352974892,0.03459310532
1198,1.0,0.0,0.0,0.0,1.0,1.0,0.2780404228,0.2381486037,0.04204022884,0.03465479612
1199,1.0,0.0,0.0,0.0,1.0,1.0,0.280217459,0.2527546418,0.04251009226,0.03712546825
1200,1.0,0.0,0.0,0.0,1.0,1.0,0.2745719431,0.2603910062,0.04177039862,0.03787183762
1201,1.0,0.0,0.0,0.0,1.0,1.0,0.2712511814,0.2565108337,0.04204809666,0.03809726238
1202,1.0,0.0,0.0,0.0,1.0,1.0,0.2745718422,0.2641109173,0.04197794199,0.0388995409
1203,1.0,0.0,0.0,0.0,1.0,1.0,0.2697768412,0.2695124883,0.04161906242,0.04022246599
1204,1.0,0.0,0.0,0.0,1.0,1.0,0.2694307809,0.2788704421,0.04131561518,0.04159474373
1205,1.0,0.0,0.0,0.0,1.0,1.0,0.2598548756,0.2715468218,0.03986644745,0.04014527798
1206,1.0,0.0,0.0,0.0,1.0,1.0,0.2561291872,0.2749391427,0.03972989321,0.04111903906
1207,1.0,0.0,0.0,0.0,1.0,1.0,0.2498605893,0.2507963146,0.03860467672,0.03721600771
1208,1.0,0.0,0.0,0.0,1.0,1.0,0.2440705628,0.2573190839,0.0379549861,0.03823202848
1209,1.0,0.0,0.0,0.0,1.0,1.0,0.2454144387,0.2461309374,0.03850144148,0.03682744503
1210,1.0,0.0,0.0,0.0,1.0,1.0,0.2366167923,0.2666419754,0.03763729334,0.04016518593
1211,1.0,0.0,0.0,0.0,1.0,1.0,0.2199474418,0.2312144056,0.03436851501,0.03409361839
1212,1.0,0.0,0.0,0.0,1.0,1.0,0.1875058985,0.1540492521,0.0294278264,0.02276492119
1213,1.0,0.0,0.0,0.0,1.0,1.0,0.169782523,0.132388643,0.02648836374,0.01938837767
1214,1.0,0.0,0.0,0.0,1.0,1.0,0.1636717308,0.1184523014,0.02574443817,0.0175281167
1215,1.0,0.0,0.0,0.0,1.0,1.0,0.1720778706,0.1361180623,0.02702754736,0.01992940903
1216,1.0,0.0,0.0,0.0,1.0,1.0,0.1814115249,0.1835339639,0.02919209003,0.02730000019
1217,1.0,0.0,0.0,0.0,1.0,1.0,0.192522036,0.1833508353,0.03097599745,0.02747440338
1218,1.0,0.0,0.0,0.0,1.0,1.0,0.202832689,0.216960644,0.03311181068,0.03257775307
1219,1.0,0.0,0.0,0.0,1.0,1.0,0.1995610426,0.2070272409,0.03247261047,0.03087562323
1220,1.0,0.0,0.0,0.0,1.0,1.0,0.1927028662,0.1856106416,0.03152197599,0.02778208256
1221,1.0,0.0,0.0,0.0,1.0,1.0,0.199561022,0.1988138684,0.03241282701,0.02949041128
1222,1.0,0.0,0.0,0.0,1.0,1.0,0.2040996897,0.2020146353,0.03315633535,0.02999860048
1223,1.0,0.0,0.0,0.0,1.0,1.0,0.193702895,0.1945343699,0.03137242794,0.0287361145
1224,1.0,0.0,0.0,0.0,1.0,1.0,0.2056729489,0.2055591163,0.03391855955,0.03073871136
1225,1.0,0.0,0.0,0.0,1.0,1.0,0.2050137211,0.2111497498,0.03358954191,0.03149020672
1226,1.0,0.0,0.0,0.0,1.0,1.0,0.2212140032,0.2322644849,0.03687167168,0.03501480818
1227,1.0,0.0,0.0,0.0,1.0,1.0,0.2140535935,0.2306404697,0.03548794985,0.03444421291
1228,1.0,0.0,0.0,0.0,1.0,1.0,0.2182325295,0.2340242826,0.03689467907,0.0355579257
1229,1.0,0.0,0.0,0.0,1.0,1.0,0.2236845912,0.2472118161,0.03697967529,0.03671741486
1230,1.0,0.0,0.0,0.0,1.0,1.0,0.2296656416,0.2436803373,0.03793108463,0.03609997034
1231,1.0,0.0,0.0,0.0,1.0,1.0,0.2252707287,0.2410623199,0.03718215227,0.03587293625
1232,1.0,0.0,0.0,0.0,1.0,1.0,0.2329408012,0.2533551701,0.03933018446,0.03853297234
1233,1.0,0.0,0.0,0.0,1.0,1.0,0.239677924,0.2611780495,0.04060590267,0.03980970383
1234,1.0,0.0,0.0,0.0,1.0,1.0,0.2360015599,0.2559975125,0.03936332464,0.03857076168
1235,1.0,0.0,0.0,0.0,1.0,1.0,0.2396137635,0.2603440943,0.04031074047,0.03951513767
1236,1.0,0.0,0.0,0.0,1.0,1.0,0.2447613292,0.2698841743,0.04144901037,0.04118329287
1237,1.0,0.0,0.0,0.0,1.0,1.0,0.2494682717,0.2751078409,0.0421178937,0.04185301065
1238,1.0,0.0,0.0,0.0,1.0,1.0,0.2396780073,0.2689469663,0.04040789604,0.0409361124
1239,1.0,0.0,0.0,0.0,1.0,1.0,0.2518156046,0.2776224491,0.04233157635,0.04206860065
1240,1.0,0.0,0.0,0.0,1.0,1.0,0.2534018047,0.281093092,0.04299837351,0.04326546192
1241,1.0,0.0,0.0,0.0,1.0,1.0,0.2368345469,0.2585360802,0.03984761238,0.03958195448
1242,1.0,0.0,0.0,0.0,1.0,1.0,0.2486800887,0.2730434138,0.04147768021,0.04174017906
1243,1.0,0.0,0.0,0.0,1.0,1.0,0.2399298782,0.2700247243,0.03995674849,0.04075056314
1244,1.0,0.0,0.0,0.0,1.0,1.0,0.2376627718,0.2645584181,0.03962874413,0.04015362263
1245,1.0,0.0,0.0,0.0,1.0,1.0,0.24135128,0.2669741896,0.04112380743,0.04112380743
1246,1.0,0.0,0.0,0.0,1.0,1.0,0.2463954979,0.2692099436,0.04217016697,0.04217016697
1247,1.0,0.0,0.0,0.0,1.0,1.0,0.2483182287,0.2744227263,0.04309087992,0.04335844517
1248,1.0,0.0,0.0,0.0,1.0,1.0,0.2406064932,0.2616781958,0.0419048667,0.04163622856
1249,1.0,0.0,0.0,0.0,1.0,1.0,0.2483180874,0.2753564126,0.04334628582,0.04361552
1250,1.0,0.0,0.0,0.0,1.0,1.0,0.2479356598,0.2751841422,0.04309529066,0.04363059998
1251,1.0,0.0,0.0,0.0,1.0,1.0,0.2521529078,0.2785608357,0.04425746202,0.04425746202
1252,1.0,0.0,0.0,0.0,1.0,1.0,0.2487089356,0.2778106182,0.04383027554,0.0443713665
1253,1.0,0.0,0.0,0.0,1.0,1.0,0.2460164811,0.2761173875,0.04312866926,0.04393738508
1254,1.0,0.0,0.0,0.0,1.0,1.0,0.2502444266,0.2793051854,0.04348295927,0.04428321123
1255,1.0,0.0,0.0,0.0,1.0,1.0,0.249091663,0.2802486569,0.04327923059,0.04434782267
1256,1.0,0.0,0.0,0.0,1.0,1.0,0.25063407,0.2768725854,0.04373991489,0.04427993298
1257,1.0,0.0,0.0,0.0,1.0,1.0,0.2510373169,0.2780017168,0.0431073308,0.04391556978
1258,1.0,0.0,0.0,0.0,1.0,1.0,0.2479114669,0.2762962904,0.04254859686,0.04335141182
1259,1.0,0.0,0.0,0.0,1.0,1.0,0.2447931288,0.2711794753,0.04221564531,0.04275339842
1260,1.0,0.0,0.0,0.0,1.0,1.0,0.2451463397,0.2705384324,0.04184269905,0.04211086035
1261,1.0,0.0,0.0,0.0,1.0,1.0,0.2447291351,0.2758875286,0.04183870554,0.04291838408
1262,1.0,0.0,0.0,0.0,1.0,1.0,0.2407529845,0.2620068423,0.04065191746,0.04038453102
1263,1.0,0.0,0.0,0.0,1.0,1.0,0.2396136635,0.2645579769,0.04050731659,0.04077380896
1264,1.0,0.0,0.0,0.0,1.0,1.0,0.2384136504,0.2628289063,0.04088640213,0.04115712643
1265,1.0,0.0,0.0,0.0,1.0,1.0,0.2300302701,0.2559547041,0.03898215294,0.03951984644
1266,1.0,0.0,0.0,0.0,1.0,1.0,0.2303960573,0.2568495734,0.03883218765,0.03936779499
1267,1.0,0.0,0.0,0.0,1.0,1.0,0.229171591,0.2524721312,0.03886365891,0.03913348913
1268,1.0,0.0,0.0,0.0,1.0,1.0,0.2291712314,0.2533549898,0.03896433115,0.03923493624
1269,1.0,0.0,0.0,0.0,1.0,1.0,0.2323542803,0.2611782441,0.03926151991,0.04033720493
1270,1.0,0.0,0.0,0.0,1.0,1.0,0.2264977304,0.2455375055,0.03871577978,0.03844505548
1271,1.0,0.0,0.0,0.0,1.0,1.0,0.2344174291,0.2619225824,0.0398272872,0.04090368748
1272,1.0,0.0,0.0,0.0,1.0,1.0,0.2357173663,0.2636457876,0.0404689312,0.04127830267
1273,1.0,0.0,0.0,0.0,1.0,1.0,0.2357172922,0.2619225243,0.04049748182,0.0410374403
1274,1.0,0.0,0.0,0.0,1.0,1.0,0.2294315066,0.2549945594,0.03932189941,0.04012989998
1275,1.0,0.0,0.0,0.0,1.0,1.0,0.145434745,0.1419871202,0.02351367474,0.02105295658
1276,1.0,0.0,0.0,0.0,1.0,1.0,0.1264672827,0.1474270019,0.02003109455,0.02142208815
1277,1.0,0.0,0.0,0.0,1.0,1.0,0.1234092869,0.1463061812,0.01963317394,0.02129232883
1278,1.0,0.0,0.0,0.0,1.0,1.0,0.1247135544,0.1506794789,0.02013218403,0.02208954096
1279,1.0,0.0,0.0,0.0,1.0,1.0,0.1251473495,0.1406059731,0.0201023221,0.02066075802
1280,1.0,0.0,0.0,0.0,1.0,1.0,0.1347758877,0.1576042754,0.02152872086,0.02292668819
1281,1.0,0.0,0.0,0.0,1.0,1.0,0.1385193503,0.1499162328,0.02162438631,0.02135062218
1282,1.0,0.0,0.0,0.0,1.0,1.0,0.1445183858,0.1577067787,0.02334475517,0.02334481478
1283,1.0,0.0,0.0,0.0,1.0,1.0,0.1712822149,0.1717191071,0.02724760771,0.025000453
1284,1.0,0.0,0.0,0.0,1.0,1.0,0.1513240996,0.1595262794,0.0237532258,0.02292460203
1285,1.0,0.0,0.0,0.0,1.0,1.0,0.1607493384,0.1634065415,0.02563077211,0.02395915985
1286,1.0,0.0,0.0,0.0,1.0,1.0,0.1478047555,0.141142736,0.02369886637,0.02087759972
1287,1.0,0.0,0.0,0.0,1.0,1.0,0.123624528,0.09120383175,0.01968246698,0.01330643892
1288,1.0,0.0,0.0,0.0,1.0,1.0,0.102682329,0.08609395156,0.01631355286,0.01250702143
1289,1.0,0.0,0.0,0.0,1.0,1.0,0.1698399195,0.1677637332,0.02846491337,0.02572792768
1290,1.0,0.0,0.0,0.0,1.0,1.0,0.1883005202,0.1988324288,0.03198111057,0.03088772297
1291,1.0,0.0,0.0,0.0,1.0,1.0,0.2393030102,0.2661743383,0.0412479043,0.04178708792
1292,1.0,0.0,0.0,0.0,1.0,1.0,0.2541483146,0.2811989986,0.04366457462,0.04446822405
1293,1.0,0.0,0.0,0.0,1.0,1.0,0.2514316933,0.2772425321,0.04317718744,0.04371696711
1294,1.0,0.0,0.0,0.0,1.0,1.0,0.2537522727,0.2768724785,0.04400670528,0.04427671432
1295,1.0,0.0,0.0,0.0,1.0,1.0,0.2596974632,0.2857990593,0.04464316368,0.04518425465
1296,1.0,0.0,0.0,0.0,1.0,1.0,0.2565494525,0.2833469931,0.04437762499,0.04492217302
1297,1.0,0.0,0.0,0.0,1.0,1.0,0.265574744,0.2926447029,0.04552894831,0.0460677743
1298,1.0,0.0,0.0,0.0,1.0,1.0,0.2620969511,0.2926447645,0.04468476772,0.04603070021
1299,1.0,0.0,0.0,0.0,1.0,1.0,0.2596972045,0.2899402583,0.04422080517,0.04556083679
1300,1.0,0.0,0.0,0.0,1.0,1.0,0.2674563173,0.2964445807,0.04610854387,0.04718708992
1301,1.0,0.0,0.0,0.0,1.0,1.0,0.2674562017,0.2940537005,0.04576933384,0.04630470276
1302,1.0,0.0,0.0,0.0,1.0,1.0,0.2658921997,0.2930564918,0.04573076963,0.04653775692
1303,1.0,0.0,0.0,0.0,1.0,1.0,0.2670382759,0.2957533381,0.04584723711,0.04665160179
1304,1.0,0.0,0.0,0.0,1.0,1.0,0.2721483889,0.2991526184,0.04639947414,0.04693281651
1305,1.0,0.0,0.0,0.0,1.0,1.0,0.2714340075,0.2896685684,0.04649221897,0.04595470428
1306,1.0,0.0,0.0,0.0,1.0,1.0,0.2693198947,0.2981383418,0.04619050026,0.04699146748
1307,1.0,0.0,0.0,0.0,1.0,1.0,0.2694421179,0.3001739133,0.04556441307,0.04662406445
1308,1.0,0.0,0.0,0.0,1.0,1.0,0.2651579743,0.2906538282,0.04541087151,0.04594826698
1309,1.0,0.0,0.0,0.0,1.0,1.0,0.2690201024,0.2923534932,0.04593670368,0.04593670368
1310,1.0,0.0,0.0,0.0,1.0,1.0,0.2736934166,0.297492834,0.04699611664,0.04699611664
1311,1.0,0.0,0.0,0.0,1.0,1.0,0.2789854261,0.2998325599,0.04863917828,0.04810464382
1312,1.0,0.0,0.0,0.0,1.0,1.0,0.2748082124,0.2984911173,0.04775327444,0.04748648405
1313,1.0,0.0,0.0,0.0,1.0,1.0,0.2857733897,0.303817211,0.05018693209,0.04911339283
1314,1.0,0.0,0.0,0.0,1.0,1.0,0.2766039335,0.2948355374,0.04836308956,0.04729431868
1315,1.0,0.0,0.0,0.0,1.0,1.0,0.2738408009,0.2947507367,0.04763042927,0.04682314396
1316,1.0,0.0,0.0,0.0,1.0,1.0,0.2760804609,0.3001680014,0.04821056128,0.04821056128
1317,1.0,0.0,0.0,0.0,1.0,1.0,0.2756550912,0.2978137309,0.04773598909,0.04720264673
1318,1.0,0.0,0.0,0.0,1.0,1.0,0.2752307126,0.296130895,0.04799205065,0.04718774557
1319,1.0,0.0,0.0,0.0,1.0,1.0,0.2731393244,0.2903780971,0.0472240448,0.04615074396
1320,1.0,0.0,0.0,0.0,1.0,1.0,0.2765071884,0.2920664065,0.04785376787,0.04624968767
1321,1.0,0.0,0.0,0.0,1.0,1.0,0.2752308416,0.2961307015,0.04833346605,0.04752337933
1322,1.0,0.0,0.0,0.0,1.0,1.0,0.2728539022,0.2927657015,0.04820311069,0.04711985588
1323,1.0,0.0,0.0,0.0,1.0,1.0,0.2760804365,0.2981385291,0.04906046391,0.04823821783
1324,1.0,0.0,0.0,0.0,1.0,1.0,0.278914108,0.2988193138,0.04912346601,0.04830467701
1325,1.0,0.0,0.0,0.0,1.0,1.0,0.2799688522,0.2953677301,0.0479067564,0.04603332281
1326,1.0,0.0,0.0,0.0,1.0,1.0,0.2891464986,0.3073885827,0.05004566908,0.04868578911
1327,1.0,0.0,0.0,0.0,1.0,1.0,0.2862254094,0.303953796,0.04902774096,0.04742020369
1328,1.0,0.0,0.0,0.0,1.0,1.0,0.2778858526,0.2946629889,0.04702877998,0.04569274187
1329,1.0,0.0,0.0,0.0,1.0,1.0,0.2790238757,0.2974120249,0.04682528973,0.04550260305
1330,1.0,0.0,0.0,0.0,1.0,1.0,0.2754366933,0.2984441468,0.04619270563,0.04540079832
1331,1.0,0.0,0.0,0.0,1.0,1.0,0.2794650993,0.3019147025,0.04718661308,0.04638677835
1332,1.0,0.0,0.0,0.0,1.0,1.0,0.2680248192,0.2835294751,0.0446048975,0.04299265146
1333,1.0,0.0,0.0,0.0,1.0,1.0,0.2672739273,0.2784159317,0.04503297806,0.04257661104
1334,1.0,0.0,0.0,0.0,1.0,1.0,0.2669519815,0.2822167093,0.04499030113,0.04307001829
1335,1.0,0.0,0.0,0.0,1.0,1.0,0.2665175921,0.2700698441,0.04472053051,0.04108703136
1336,1.0,0.0,0.0,0.0,1.0,1.0,0.2673123161,0.2647773371,0.04456603527,0.04030811787
1337,1.0,0.0,0.0,0.0,1.0,1.0,0.2700728297,0.2640035194,0.04416465759,0.03938251734
1338,1.0,0.0,0.0,0.0,1.0,1.0,0.2808778569,0.2817974531,0.04605937004,0.04238587618
1339,1.0,0.0,0.0,0.0,1.0,1.0,0.2785902118,0.2668963965,0.04570680857,0.0402790904
1340,1.0,0.0,0.0,0.0,1.0,1.0,0.2862984259,0.2782539336,0.04672473669,0.04162752628
1341,1.0,0.0,0.0,0.0,1.0,1.0,0.2807619363,0.2671585955,0.045578897,0.03984570503
1342,1.0,0.0,0.0,0.0,1.0,1.0,0.2929090911,0.2729247489,0.04674625397,0.04023015499
1343,1.0,0.0,0.0,0.0,1.0,1.0,0.2829632749,0.264558275,0.04521822929,0.03913122416
1344,1.0,0.0,0.0,0.0,1.0,1.0,0.2798435305,0.250848096,0.04409700632,0.03636574745
1345,1.0,0.0,0.0,0.0,1.0,1.0,0.2722430038,0.2439114234,0.04293382168,0.03544199467
1346,1.0,0.0,0.0,0.0,1.0,1.0,0.2762096544,0.2508403073,0.04352515936,0.03665274382
1347,1.0,0.0,0.0,0.0,1.0,1.0,0.2839941748,0.2567193717,0.04463744164,0.0374840498
1348,1.0,0.0,0.0,0.0,1.0,1.0,0.2805772659,0.2576683973,0.04376870394,0.0377612114
1349,1.0,0.0,0.0,0.0,1.0,1.0,0.2740702524,0.2488804763,0.04339468479,0.03674077988
1350,1.0,0.0,0.0,0.0,1.0,1.0,0.2819401932,0.2566660538,0.04444569349,0.03760790825
1351,1.0,0.0,0.0,0.0,1.0,1.0,0.2752087669,0.2450370611,0.04365491867,0.03647482395
1352,1.0,0.0,0.0,0.0,1.0,1.0,0.2775218681,0.2488956625,0.04443711042,0.03746658564
1353,1.0,0.0,0.0,0.0,1.0,1.0,0.2709106972,0.2373191761,0.04246294498,0.03529018164
1354,1.0,0.0,0.0,0.0,1.0,1.0,0.2720802809,0.2373194366,0.04315501451,0.03538715839
1355,1.0,0.0,0.0,0.0,1.0,1.0,0.2678725676,0.2333327468,0.04201930761,0.03477460146
1356,1.0,0.0,0.0,0.0,1.0,1.0,0.2739211169,0.2322921923,0.04238057137,0.03407627344
1357,1.0,0.0,0.0,0.0,1.0,1.0,0.2805769928,0.2382391091,0.0437951684,0.03520792723
1358,1.0,0.0,0.0,0.0,1.0,1.0,0.2829303106,0.2479236941,0.04474294186,0.0371889472
1359,1.0,0.0,0.0,0.0,1.0,1.0,0.2868597977,0.2421726407,0.04589176178,0.03683036566
1360,1.0,0.0,0.0,0.0,1.0,1.0,0.2695743811,0.2285544229,0.04322582483,0.03469824791
1361,1.0,0.0,0.0,0.0,1.0,1.0,0.2687265447,0.2313884067,0.04261541367,0.03473448753
1362,1.0,0.0,0.0,0.0,1.0,1.0,0.2654193571,0.2315307101,0.04261142015,0.03526461124
1363,1.0,0.0,0.0,0.0,1.0,1.0,0.2616722688,0.2355005141,0.04166519642,0.03558897972
1364,1.0,0.0,0.0,0.0,1.0,1.0,0.2650451797,0.2488954152,0.0417163372,0.03737086058
1365,1.0,0.0,0.0,0.0,1.0,1.0,0.2677405066,0.2422310104,0.0418997407,0.03644698858
1366,1.0,0.0,0.0,0.0,1.0,1.0,0.265906558,0.2403240893,0.04247134924,0.03690618277
1367,1.0,0.0,0.0,0.0,1.0,1.0,0.2713837165,0.2353897525,0.04210400581,0.03542548418
1368,1.0,0.0,0.0,0.0,1.0,1.0,0.2686469124,0.2363018443,0.04206264019,0.03588557243
1369,1.0,0.0,0.0,0.0,1.0,1.0,0.2705257953,0.2333329993,0.04163229465,0.03469359875
1370,1.0,0.0,0.0,0.0,1.0,1.0,0.2730815076,0.2364063544,0.04297012091,0.03595459461
1371,1.0,0.0,0.0,0.0,1.0,1.0,0.2697201178,0.236406656,0.04208880663,0.03545838594
1372,1.0,0.0,0.0,0.0,1.0,1.0,0.2744293093,0.23256243,0.04337722063,0.03546380997
1373,1.0,0.0,0.0,0.0,1.0,1.0,0.2681427752,0.23242855,0.0418331027,0.03510475159
1374,1.0,0.0,0.0,0.0,1.0,1.0,0.275965277,0.2411780622,0.04327863455,0.03655290604
1375,1.0,0.0,0.0,0.0,1.0,1.0,0.2759652654,0.2431075598,0.04333847761,0.03689628839
1376,1.0,0.0,0.0,0.0,1.0,1.0,0.2758385822,0.2255548549,0.04279786348,0.03400373459
1377,1.0,0.0,0.0,0.0,1.0,1.0,0.2766818191,0.2332028203,0.0433190465,0.0350677371
1378,1.0,0.0,0.0,0.0,1.0,1.0,0.2737685918,0.2488807159,0.04314166307,0.03752732277
1379,1.0,0.0,0.0,0.0,1.0,1.0,0.270371268,0.2479083042,0.04247146845,0.0371991396
1380,1.0,0.0,0.0,0.0,1.0,1.0,0.270525576,0.2440039578,0.04204440117,0.03649681807
1381,1.0,0.0,0.0,0.0,1.0,1.0,0.2729170744,0.2351628074,0.0424965024,0.03516954184
1382,1.0,0.0,0.0,0.0,1.0,1.0,0.265388617,0.2073936429,0.04083412886,0.03040832281
1383,1.0,0.0,0.0,0.0,1.0,1.0,0.2560710441,0.1811739229,0.03912299871,0.0265686512
1384,1.0,0.0,0.0,0.0,1.0,1.0,0.2589032045,0.1764887521,0.03940796852,0.02578902245
1385,1.0,0.0,0.0,0.0,1.0,1.0,0.2621176742,0.1829685379,0.03982418776,0.02664494514
1386,1.0,0.0,0.0,0.0,1.0,1.0,0.257740881,0.1920497513,0.03962874413,0.02793973684
1387,1.0,0.0,0.0,0.0,1.0,1.0,0.2493985231,0.1724528336,0.0381347537,0.02485823631
1388,1.0,0.0,0.0,0.0,1.0,1.0,0.2428550147,0.1646138181,0.03665691614,0.02368599176
1389,1.0,0.0,0.0,0.0,1.0,1.0,0.2420087655,0.184210907,0.03702282906,0.02656602859
1390,1.0,0.0,0.0,0.0,1.0,1.0,0.2247372311,0.1464025602,0.03470122814,0.02115929127
1391,1.0,0.0,0.0,0.0,1.0,1.0,0.2217010075,0.1583084956,0.03416752815,0.02287018299
1392,1.0,0.0,0.0,0.0,1.0,1.0,0.2272265348,0.1841075523,0.03539091349,0.02709615231
1393,1.0,0.0,0.0,0.0,1.0,1.0,0.2305050821,0.1841079296,0.03587198257,0.0268355608
1394,1.0,0.0,0.0,0.0,1.0,1.0,0.2286418787,0.2006313717,0.03622919321,0.0296420455
1395,1.0,0.0,0.0,0.0,1.0,1.0,0.24683955,0.2251491357,0.03866356611,0.03325611353
1396,1.0,0.0,0.0,0.0,1.0,1.0,0.2433424538,0.2249666189,0.03814470768,0.0332403779
1397,1.0,0.0,0.0,0.0,1.0,1.0,0.2395214545,0.2241394137,0.03805536032,0.03340107203
1398,1.0,0.0,0.0,0.0,1.0,1.0,0.2369810638,0.2296513193,0.03788143396,0.03431290388
1399,1.0,0.0,0.0,0.0,1.0,1.0,0.2340572877,0.2198770975,0.03768634796,0.03328502178
1400,1.0,0.0,0.0,0.0,1.0,1.0,0.2203899479,0.2152083589,0.03558719158,0.03255259991
1401,1.0,0.0,0.0,0.0,1.0,1.0,0.2211602019,0.2180600502,0.03570276499,0.03270483017
1402,1.0,0.0,0.0,0.0,1.0,1.0,0.2179359777,0.211560361,0.03525137901,0.03194653988
1403,1.0,0.0,0.0,0.0,1.0,1.0,0.2186816866,0.217827223,0.03494387865,0.03248685598
1404,1.0,0.0,0.0,0.0,1.0,1.0,0.2220982292,0.2269791121,0.03587889671,0.03422290087
1405,1.0,0.0,0.0,0.0,1.0,1.0,0.223424489,0.2314883137,0.03598570824,0.03461223841
1406,1.0,0.0,0.0,0.0,1.0,1.0,0.2262248952,0.2380487598,0.03696674109,0.03613913059
1407,1.0,0.0,0.0,0.0,1.0,1.0,0.2191018297,0.232597189,0.03568911552,0.03514003754
1408,1.0,0.0,0.0,0.0,1.0,1.0,0.2196389852,0.2306407878,0.0355708003,0.03474360704
1409,1.0,0.0,0.0,0.0,1.0,1.0,0.2127189144,0.2297985411,0.03414016962,0.03414016962
1410,1.0,0.0,0.0,0.0,1.0,1.0,0.2140456107,0.2306403167,0.03506493568,0.03478884697
1411,1.0,0.0,0.0,0.0,1.0,1.0,0.2109377369,0.2316222941,0.0346224308,0.03489714861
1412,1.0,0.0,0.0,0.0,1.0,1.0,0.214045779,0.226979341,0.03495377302,0.03412806988
1413,1.0,0.0,0.0,0.0,1.0,1.0,0.2089893683,0.2214879718,0.03404849768,0.03322476149
1414,1.0,0.0,0.0,0.0,1.0,1.0,0.1784719023,0.1739767863,0.02862483263,0.02562600374
1415,1.0,0.0,0.0,0.0,1.0,1.0,0.1303620136,0.1029390649,0.02051079273,0.01504129171
1416,1.0,0.0,0.0,0.0,1.0,1.0,0.1331437597,0.09956846721,0.02106928825,0.01450222731
1417,1.0,0.0,0.0,0.0,1.0,1.0,0.1844606865,0.1635449574,0.02983933687,0.0244140029
1418,1.0,0.0,0.0,0.0,1.0,1.0,0.1724923498,0.160426626,0.02734899521,0.02332705259
1419,1.0,0.0,0.0,0.0,1.0,1.0,0.2005514289,0.193732249,0.03229892254,0.02856183052
1420,1.0,0.0,0.0,0.0,1.0,1.0,0.2071213937,0.2103144311,0.03391927481,0.03149646521
1421,1.0,0.0,0.0,0.0,1.0,1.0,0.2188318108,0.2240739605,0.03611546755,0.03395932913
1422,1.0,0.0,0.0,0.0,1.0,1.0,0.2191902763,0.2336825051,0.036031425,0.03495585918
1423,1.0,0.0,0.0,0.0,1.0,1.0,0.2153401473,0.2355826622,0.03496319056,0.03523010015
1424,1.0,0.0,0.0,0.0,1.0,1.0,0.2166274969,0.2300871232,0.03556841612,0.03449058533
1425,1.0,0.0,0.0,0.0,1.0,1.0,0.2147425005,0.2250514914,0.03545969725,0.03386002779
1426,1.0,0.0,0.0,0.0,1.0,1.0,0.221559251,0.2393030282,0.03687626123,0.03660708666
1427,1.0,0.0,0.0,0.0,1.0,1.0,0.2265616277,0.2516077562,0.0374019742,0.03819775581
1428,1.0,0.0,0.0,0.0,1.0,1.0,0.228306989,0.2498604409,0.038202703,0.03873699903
1429,1.0,0.0,0.0,0.0,1.0,1.0,0.221214141,0.2481253765,0.0371811986,0.03825116158
1430,1.0,0.0,0.0,0.0,1.0,1.0,0.2226245418,0.2490016879,0.03786194324,0.03893601894
1431,1.0,0.0,0.0,0.0,1.0,1.0,0.2259333704,0.2515719928,0.03814721107,0.03894197941
1432,1.0,0.0,0.0,0.0,1.0,1.0,0.2297928038,0.255870951,0.03893786669,0.03973799944
1433,1.0,0.0,0.0,0.0,1.0,1.0,0.2275024151,0.2541532984,0.03865414858,0.0394538641
1434,1.0,0.0,0.0,0.0,1.0,1.0,0.2369163968,0.2626519346,0.04031568766,0.04111665487
1435,1.0,0.0,0.0,0.0,1.0,1.0,0.2307603938,0.2600586599,0.03942042589,0.04075217247
1436,1.0,0.0,0.0,0.0,1.0,1.0,0.2365450177,0.2635516485,0.04061686993,0.04142385721
1437,1.0,0.0,0.0,0.0,1.0,1.0,0.2451757073,0.2728849395,0.04234081507,0.04314982891
1438,1.0,0.0,0.0,0.0,1.0,1.0,0.2428550795,0.2703969647,0.04241907597,0.04296290874
1439,1.0,0.0,0.0,0.0,1.0,1.0,0.2393029301,0.261840043,0.04092639685,0.04092639685
1440,1.0,0.0,0.0,0.0,1.0,1.0,0.2270026721,0.2524366545,0.03904628754,0.03985977173
1441,1.0,0.0,0.0,0.0,1.0,1.0,0.2362600644,0.2634583745,0.04120182991,0.04201501608
1442,1.0,0.0,0.0,0.0,1.0,1.0,0.2365449619,0.2662871246,0.04079902172,0.04160958529
1443,1.0,0.0,0.0,0.0,1.0,1.0,0.2392365809,0.2662873343,0.04076981544,0.04130625725
1444,1.0,0.0,0.0,0.0,1.0,1.0,0.2420522988,0.2652627939,0.04160684347,0.04160684347
1445,1.0,0.0,0.0,0.0,1.0,1.0,0.2525724354,0.2823766103,0.04355341196,0.0440877676
1446,1.0,0.0,0.0,0.0,1.0,1.0,0.2447929387,0.2747607068,0.04222422838,0.04303109646
1447,1.0,0.0,0.0,0.0,1.0,1.0,0.2404907767,0.2688155732,0.04139697552,0.04193460941
1448,1.0,0.0,0.0,0.0,1.0,1.0,0.2522103711,0.2774310978,0.04319918156,0.04319912195
1449,1.0,0.0,0.0,0.0,1.0,1.0,0.2568227361,0.279707254,0.04460066557,0.04406327009
1450,1.0,0.0,0.0,0.0,1.0,1.0,0.2521955181,0.2781950317,0.04337632656,0.04337632656
1451,1.0,0.0,0.0,0.0,1.0,1.0,0.2369164606,0.2636459198,0.04089832306,0.04144001007
1452,1.0,0.0,0.0,0.0,1.0,1.0,0.2451464174,0.2732038738,0.04158598185,0.04211908579
1453,1.0,0.0,0.0,0.0,1.0,1.0,0.1757813062,0.1635114684,0.02896285057,0.02454942465
1454,1.0,0.0,0.0,0.0,1.0,1.0,0.1137718271,0.1026559481,0.01813828945,0.01478970051
1455,1.0,0.0,0.0,0.0,1.0,1.0,0.1216711536,0.1229783621,0.01933008432,0.01739710569
1456,1.0,0.0,0.0,0.0,1.0,1.0,0.1671602643,0.1625598644,0.02655237913,0.02263939381
1457,1.0,0.0,0.0,0.0,1.0,1.0,0.1440321314,0.1188854612,0.02283889055,0.01643288136
1458,1.0,0.0,0.0,0.0,1.0,1.0,0.1470283174,0.1040238003,0.02357536554,0.01431363821
1459,1.0,0.0,0.0,0.0,1.0,1.0,0.1306568023,0.08595187595,0.02168703079,0.01211094856
1460,1.0,0.0,0.0,0.0,1.0,1.0,0.1651693165,0.1473278184,0.02772259712,0.02093333006
1461,1.0,0.0,0.0,0.0,1.0,1.0,0.1783515966,0.1726680915,0.03008544445,0.02412515879
1462,1.0,0.0,0.0,0.0,1.0,1.0,0.2133456543,0.2346868595,0.03681141138,0.03284710646
1463,1.0,0.0,0.0,0.0,1.0,1.0,0.2179111566,0.2437662189,0.03705984354,0.03343743086
1464,1.0,0.0,0.0,0.0,1.0,1.0,0.2290044788,0.260017349,0.03933691978,0.03596520424
1465,1.0,0.0,0.0,0.0,1.0,1.0,0.2298881976,0.2579862276,0.03932279348,0.03541839123
1466,1.0,0.0,0.0,0.0,1.0,1.0,0.2277414327,0.2549596805,0.03874367476,0.03484147787
1467,1.0,0.0,0.0,0.0,1.0,1.0,0.2376525928,0.2711038701,0.0406537652,0.03731232882
1468,1.0,0.0,0.0,0.0,1.0,1.0,0.2351628639,0.2701745203,0.04083836079,0.03771877289
1469,1.0,0.0,0.0,0.0,1.0,1.0,0.2399976064,0.2785328556,0.04099690914,0.03818887472
1470,1.0,0.0,0.0,0.0,1.0,1.0,0.2433281095,0.2785332158,0.04229152203,0.03860169649
1471,1.0,0.0,0.0,0.0,1.0,1.0,0.2303854607,0.2633382776,0.03926312923,0.03587347269
1472,1.0,0.0,0.0,0.0,1.0,1.0,0.2416952705,0.278770092,0.04215717316,0.038454175
1473,1.0,0.0,0.0,0.0,1.0,1.0,0.2457911295,0.2794360425,0.04273372889,0.03877168894
1474,1.0,0.0,0.0,0.0,1.0,1.0,0.2526952747,0.2916736899,0.04421895742,0.04053401947
1475,1.0,0.7853981853,0.0,0.0,1.0,1.0,0.246167844,0.2852573004,0.04283165932,0.03911960125
1476,1.0,0.7853981853,0.0,0.0,1.0,1.0,0.244992921,0.2808350102,0.04316985607,0.03888148069
1477,1.0,0.7853981853,0.0,0.0,1.0,1.0,0.2474345903,0.2808349261,0.04364770651,0.03879797459
1478,1.0,0.7853981853,0.0,0.0,1.0,1.0,0.2445958688,0.2725754722,0.04337441921,0.03791677952
1479,1.0,0.7853981853,0.0,0.0,1.0,1.0,0.2571382154,0.2932246514,0.04516541958,0.04033637047
1480,1.0,0.7853981853,0.0,0.0,1.0,1.0,0.2470165829,0.279926839,0.04360061884,0.03872424364
1481,1.0,0.7853981853,0.0,0.0,1.0,1.0,0.2445961236,0.2725748171,0.04356485605,0.03808313608
1482,1.0,0.7853981853,0.0,0.0,1.0,1.0,0.2470164082,0.2746400555,0.04313200712,0.03774052858
1483,1.0,0.0,0.0,0.0,1.0,1.0,0.2591747185,0.2944415954,0.04592579603,0.04075914621
1484,1.0,0.0,0.0,0.0,1.0,1.0,0.258755298,0.295289822,0.04531568289,0.04050087929
1485,1.0,0.0,0.0,0.0,1.0,1.0,0.2539034389,0.2887733662,0.04476755857,0.04020529985
1486,1.0,0.0,0.0,0.0,1.0,1.0,0.2567672773,0.2887732829,0.04548001289,0.04058659077
1487,1.0,0.0,0.0,0.0,1.0,1.0,0.2510910888,0.2746399596,0.04347610474,0.03779298067
1488,1.0,0.0,0.0,0.0,1.0,1.0,0.2449614329,0.2601856087,0.04307186604,0.03618037701
1489,1.0,0.0,0.0,0.0,1.0,1.0,0.1817168098,0.1347076488,0.03024220467,0.01802903414
1490,1.0,0.0,0.0,0.0,1.0,1.0,0.1857372174,0.05330386449,0.03053373098,0.006979167461
1491,1.0,0.0,0.0,0.0,1.0,1.0,0.2002426163,0.04383522863,0.03264302015,0.005777537823
1492,1.0,0.0,0.0,0.0,1.0,1.0,0.2073311893,0.04364404564,0.03405153751,0.005820810795
1493,1.0,0.0,0.0,0.0,1.0,1.0,0.2075630725,0.05125320747,0.03425616026,0.006908774376
1494,1.0,0.0,0.0,0.0,1.0,1.0,0.2120555171,0.04409302863,0.03485876322,0.00600028038
1495,1.0,0.0,0.0,0.0,1.0,1.0,0.2117908775,0.03956100454,0.03423219919,0.005375266075
1496,1.0,0.0,0.0,0.0,1.0,1.0,0.2247881813,0.04129955349,0.03680562973,0.005662441254
1497,1.0,0.0,0.0,0.0,1.0,1.0,0.2242562178,0.04561771338,0.03666836023,0.006352007389
1498,1.0,0.0,0.0,0.0,1.0,1.0,0.2346516894,0.03875402886,0.03858852386,0.005430996418
1499,1.0,0.0,0.0,0.0,1.0,1.0,0.2377142824,0.04197669557,0.03864836693,0.005924224854
1500,1.0,0.0,0.0,0.0,1.0,1.0,0.2568495697,0.07109882797,0.04175168276,0.00994092226
1501,1.0,0.0,0.0,0.0,1.0,1.0,0.2637414943,0.06570041007,0.04319894314,0.009378731251
1502,1.0,0.0,0.0,0.0,1.0,1.0,0.2498606487,0.06051308923,0.04079866409,0.008783042431
1503,1.0,0.0,0.0,0.0,1.0,1.0,0.2559120911,0.04823576528,0.04173392057,0.007049679756
1504,1.0,0.0,0.0,0.0,1.0,1.0,0.2459362715,0.04612828829,0.03969073296,0.006755888462
1505,1.0,0.0,0.0,0.0,1.0,1.0,0.1965567207,0.1352628546,0.03276997805,0.01999527216
1506,1.0,0.0,0.0,0.0,1.0,1.0,0.256226263,0.2498606201,0.04380613565,0.0380923152
1507,1.0,0.0,0.0,0.0,1.0,1.0,0.2804078822,0.2803313049,0.0485252738,0.04364562035
1508,1.0,0.0,0.0,0.0,1.0,1.0,0.2844443063,0.2880334355,0.04965430498,0.04504162073
1509,1.0,0.0,0.0,0.0,1.0,1.0,0.3004552483,0.3112446572,0.05185723305,0.04836422205
1510,1.0,0.0,0.0,0.0,1.0,1.0,0.3051253748,0.3198906271,0.05318486691,0.05020004511
1511,1.0,0.0,0.0,0.0,1.0,1.0,0.3127085465,0.3314474319,0.05489730835,0.05247539282
1512,1.0,0.0,0.0,0.0,1.0,1.0,0.3088336879,0.3200267993,0.05347597599,0.0502513051
1513,1.0,0.0,0.0,0.0,1.0,1.0,0.3062052536,0.3314300073,0.05360656977,0.05251812935
1514,1.0,0.0,0.0,0.0,1.0,1.0,0.3075207668,0.3205106852,0.05330324173,0.0505836606
1515,1.0,0.0,0.0,0.0,1.0,1.0,0.3116370571,0.3268071651,0.05389976501,0.0514497757
1516,1.0,0.0,0.0,0.0,1.0,1.0,0.3185721585,0.3291675818,0.05552244186,0.05252856016
1517,1.0,0.0,0.0,0.0,1.0,1.0,0.3137051675,0.3239569807,0.05455470085,0.05153906345
1518,1.0,0.0,0.0,0.0,1.0,1.0,0.3152814856,0.3285837705,0.05443102121,0.05225378275
1519,1.0,0.0,0.0,0.0,1.0,1.0,0.3132107398,0.3251606355,0.05416119099,0.0517116785
1520,1.0,0.0,0.0,0.0,1.0,1.0,0.3064326009,0.3217381908,0.05301260948,0.05110961199
1521,1.0,0.0,0.0,0.0,1.0,1.0,0.3142006336,0.3217380536,0.0542575717,0.05125838518
1522,1.0,0.0,0.0,0.0,1.0,1.0,0.3129644706,0.3144500452,0.05473536253,0.05088460445
1523,1.0,0.0,0.0,0.0,1.0,1.0,0.3125237783,0.31597484,0.05464202166,0.05103623867
1524,1.0,0.0,0.0,0.0,1.0,1.0,0.311042533,0.3121121092,0.05402040482,0.05018138885
1525,1.0,0.0,0.0,0.0,1.0,1.0,0.3092372205,0.3063358857,0.05346721411,0.04933315516
1526,1.0,0.0,0.0,0.0,1.0,1.0,0.3092372257,0.3108230297,0.05367261171,0.05007600784
1527,1.0,0.0,0.0,0.0,1.0,1.0,0.3023789745,0.2994901367,0.05222898722,0.0481055975
1528,1.0,0.0,0.0,0.0,1.0,1.0,0.308134352,0.3022366618,0.05331939459,0.04862290621
1529,1.0,0.0,0.0,0.0,1.0,1.0,0.3028611675,0.2960678042,0.05254864693,0.04784697294
1530,1.0,0.0,0.0,0.0,1.0,1.0,0.3044549644,0.3012013299,0.05307805538,0.04890960455
1531,1.0,0.0,0.0,0.0,1.0,1.0,0.3066648823,0.3035844484,0.05319976807,0.04906505346
1532,1.0,0.0,0.0,0.0,1.0,1.0,0.3054296798,0.3012014097,0.05308109522,0.04891234636
1533,1.0,0.0,0.0,0.0,1.0,1.0,0.3075208149,0.3001735169,0.05276733637,0.0483700037
1534,1.0,0.0,0.0,0.0,1.0,1.0,0.3033450585,0.2988021978,0.05255156755,0.0481261611
1535,1.0,0.0,0.0,0.0,1.0,1.0,0.3006320694,0.2988023232,0.05234444141,0.04844647646
1536,1.0,0.0,0.0,0.0,1.0,1.0,0.3022313165,0.3029130175,0.05216246843,0.04885053635
1537,1.0,0.0,0.0,0.0,1.0,1.0,0.3064097495,0.3035845353,0.05266994238,0.04908508062
1538,1.0,0.0,0.0,0.0,1.0,1.0,0.2755395523,0.2507307181,0.04718959332,0.04020881653
1539,1.0,0.0,0.0,0.0,1.0,1.0,0.2055091287,0.0921993629,0.03268289566,0.0139670372
1540,1.0,0.0,0.0,0.0,1.0,1.0,0.2033951004,0.08818615984,0.03263568878,0.01350444555
1541,1.0,0.0,0.0,0.0,1.0,1.0,0.203426348,0.09069010232,0.03216820955,0.01370644569
1542,1.0,0.0,0.0,0.0,1.0,1.0,0.2151823587,0.052015578,0.03395175934,0.007856607437
1543,1.0,0.0,0.0,0.0,1.0,1.0,0.2173477219,0.04644244589,0.03443914652,0.007057189941
1544,1.0,0.0,0.0,0.0,1.0,1.0,0.2219007598,0.04475146766,0.03480571508,0.006682753563
1545,1.0,0.0,0.0,0.0,1.0,1.0,0.215808523,0.04288669142,0.03421252966,0.00644993782
1546,1.0,0.0,0.0,0.0,1.0,1.0,0.2238608116,0.04425590541,0.03586614132,0.006777882576
1547,1.0,0.0,0.0,0.0,1.0,1.0,0.2219010166,0.04102165069,0.03510123491,0.006177783012
1548,1.0,0.0,0.0,0.0,1.0,1.0,0.2217070191,0.04627043213,0.03546488285,0.007036685944
1549,1.0,0.0,0.0,0.0,1.0,1.0,0.2183503901,0.04848027701,0.03492361307,0.007382214069
1550,1.0,0.0,0.0,0.0,1.0,1.0,0.2264221463,0.04475094761,0.03639775515,0.006824553013
1551,1.0,0.0,0.0,0.0,1.0,1.0,0.217963249,0.04848036974,0.03464776278,0.007323920727
1552,1.0,0.0,0.0,0.0,1.0,1.0,0.2195612308,0.05163138346,0.03533941507,0.007915973663
1553,1.0,0.0,0.0,0.0,1.0,1.0,0.2258523497,0.05201553612,0.03627443314,0.007997512817
1554,1.0,0.0,0.0,0.0,1.0,1.0,0.2217010891,0.05240503029,0.03491669893,0.007884383202
1555,1.0,0.0,0.0,0.0,1.0,1.0,0.2310539112,0.05240529293,0.03636342287,0.007892847061
1556,1.0,0.0,0.0,0.0,1.0,1.0,0.229262706,0.0582382128,0.03629052639,0.008789122105
1557,1.0,0.0,0.0,0.0,1.0,1.0,0.2244737535,0.05220952403,0.03584998846,0.007966637611
1558,1.0,0.0,0.0,0.0,1.0,1.0,0.2162838882,0.05106645202,0.03493362665,0.007888257504
1559,1.0,0.0,0.0,0.0,1.0,1.0,0.1769844444,0.09701536481,0.02853810787,0.01482862234
1560,1.0,0.0,0.0,0.0,1.0,1.0,0.2109458366,0.1540358423,0.03446477652,0.02390301228
1561,1.0,0.0,0.0,0.0,1.0,1.0,0.2628401247,0.2455375616,0.04486876726,0.0393294096
1562,1.0,0.0,0.0,0.0,1.0,1.0,0.2899267124,0.2738197316,0.04925084114,0.0437785387
1563,1.0,0.0,0.0,0.0,1.0,1.0,0.2987020857,0.2933513881,0.05061006546,0.04705369473
1564,1.0,0.0,0.0,0.0,1.0,1.0,0.3032011665,0.2964446389,0.05176150799,0.04792737961
1565,1.0,0.0,0.0,0.0,1.0,1.0,0.2963087377,0.2896687062,0.05010539293,0.04631364346
1566,1.0,0.0,0.0,0.0,1.0,1.0,0.3054075556,0.3035850285,0.0520196557,0.04899209738
1567,1.0,0.0,0.0,0.0,1.0,1.0,0.3091392606,0.3104069734,0.05210149288,0.04964643717
1568,1.0,0.0,0.0,0.0,1.0,1.0,0.3103958498,0.3121123423,0.05204665661,0.04986667633
1569,1.0,0.0,0.0,0.0,1.0,1.0,0.3207883378,0.3297480543,0.05521315336,0.05382597446
1570,1.0,0.0,0.0,0.0,1.0,1.0,0.3237516683,0.3297820475,0.05470204353,0.05334126949
1571,1.0,0.0,0.0,0.0,1.0,1.0,0.3091564667,0.3228436994,0.05207198858,0.05179643631
1572,1.0,0.0,0.0,0.0,1.0,1.0,0.2935654311,0.3112450024,0.04924428463,0.04979759455
1573,1.0,0.0,0.0,0.0,1.0,1.0,0.3098022425,0.3394656723,0.0521531105,0.05464982986
1574,1.0,0.0,0.0,0.0,1.0,1.0,0.3142059527,0.3463581416,0.0519297123,0.05552053452
1575,1.0,0.0,0.0,0.0,1.0,1.0,0.3194182636,0.352744489,0.05295449495,0.05685639381
1576,1.0,0.0,0.0,0.0,1.0,1.0,0.3226744938,0.3422743696,0.05263864994,0.05540907383
1577,1.0,0.0,0.0,0.0,1.0,1.0,0.3213414792,0.3475564915,0.05137914419,0.05552262068
1578,1.0,0.0,0.0,0.0,1.0,1.0,0.3157050265,0.3418231035,0.04998463392,0.05440318584
1579,1.0,0.0,0.0,0.0,1.0,1.0,0.3114455943,0.3325668648,0.04953873158,0.05345708132
1580,1.0,0.0,0.0,0.0,1.0,1.0,0.3281746441,0.3411889236,0.05247539282,0.05556225777
1581,1.0,0.0,0.0,0.0,1.0,1.0,0.3263842194,0.3354290675,0.05134671926,0.05439978838
1582,1.0,0.0,0.0,0.0,1.0,1.0,0.3287288064,0.3337176742,0.05194866657,0.05446231365
1583,1.0,0.0,0.0,0.0,1.0,1.0,0.3337359812,0.3416459823,0.05268883705,0.05603414774
1584,1.0,0.0,0.0,0.0,1.0,1.0,0.3302042981,0.3365467274,0.05375140905,0.05691325665
1585,1.0,0.0,0.0,0.0,1.0,1.0,0.3396333233,0.3393377005,0.05533534288,0.05792921782
1586,1.0,0.0,0.0,0.0,1.0,1.0,0.3381906886,0.3382463359,0.05424767733,0.05681723356
1587,1.0,0.0,0.0,0.0,1.0,1.0,0.3432249357,0.3393374011,0.05422145128,0.05646890402
1588,1.0,0.0,0.0,0.0,1.0,1.0,0.3394329835,0.3308963918,0.05286353827,0.05482149124
1589,1.0,0.0,0.0,0.0,1.0,1.0,0.3370525604,0.3275198648,0.05339288712,0.05539155006
1590,1.0,0.0,0.0,0.0,1.0,1.0,0.3457528568,0.3376490934,0.05592614412,0.05825638771
1591,1.0,0.0,0.0,0.0,1.0,1.0,0.3436422309,0.3320293139,0.05434846878,0.0563403368
1592,1.0,0.0,0.0,0.0,1.0,1.0,0.3488104254,0.3342616315,0.05408394337,0.05604559183
1593,1.0,0.0,0.0,0.0,1.0,1.0,0.3585443851,0.3481389176,0.05598002672,0.05849909782
1594,1.0,0.0,0.0,0.0,1.0,1.0,0.3545531755,0.336478908,0.05623495579,0.05795645714
1595,1.0,0.0,0.0,0.0,1.0,1.0,0.3514719402,0.3370212517,0.05609571934,0.05839711428
1596,1.0,0.0,0.0,0.0,1.0,1.0,0.3596542098,0.3375597425,0.05565237999,0.05705070496
1597,1.0,0.0,0.0,0.0,1.0,1.0,0.3523211918,0.3403413905,0.05573898554,0.05829840899
1598,1.0,0.0,0.0,0.0,1.0,1.0,0.3613088668,0.3453220373,0.05635750294,0.05832022429
1599,1.0,0.0,0.0,0.0,1.0,1.0,0.3595116307,0.3425238499,0.05592048168,0.0578776598
1600,1.0,0.0,0.0,0.0,1.0,1.0,0.3532744041,0.3359052606,0.05506116152,0.05702763796
1601,1.0,0.0,0.0,0.0,1.0,1.0,0.3618049977,0.3413935928,0.05788516998,0.05931800604
1602,1.0,0.0,0.0,0.0,1.0,1.0,0.3575819577,0.3413933068,0.05699616671,0.05899101496
1603,1.0,0.0,0.0,0.0,1.0,1.0,0.3626137787,0.3425238989,0.05625087023,0.05792993307
1604,1.0,0.0,0.0,0.0,1.0,1.0,0.3436997155,0.3221887726,0.05312484503,0.05480247736
1605,1.0,0.0,0.0,0.0,1.0,1.0,0.3438363009,0.3239231737,0.05448919535,0.05618315935
1606,1.0,0.0,0.0,0.0,1.0,1.0,0.3438365701,0.3168168538,0.054900527,0.05518501997
1607,1.0,0.0,0.0,0.0,1.0,1.0,0.3435861351,0.3150056812,0.05430150032,0.05401867628
1608,1.0,0.0,0.0,0.0,1.0,1.0,0.3349290251,0.3034607132,0.05325728655,0.05212408304
1609,1.0,0.0,0.0,0.0,1.0,1.0,0.3355141511,0.314394211,0.05277973413,0.0530590415
1610,1.0,0.0,0.0,0.0,1.0,1.0,0.3390332673,0.3216023067,0.05348050594,0.05431610346
1611,1.0,0.0,0.0,0.0,1.0,1.0,0.3343202257,0.3160485869,0.05401617289,0.05430048704
1612,1.0,0.0,0.0,0.0,1.0,1.0,0.3272822625,0.3011565817,0.05194562674,0.05082851648
1613,1.0,0.0,0.0,0.0,1.0,1.0,0.3237128127,0.2991643137,0.05123120546,0.05011147261
1614,1.0,0.0,0.0,0.0,1.0,1.0,0.3255625602,0.2952147437,0.0525432229,0.05056577921
1615,1.0,0.0,0.0,0.0,1.0,1.0,0.3284878017,0.3001625115,0.05241376162,0.05074101686
1616,1.0,0.0,0.0,0.0,1.0,1.0,0.3222336817,0.300162529,0.05171084404,0.0503282547
1617,1.0,0.0,0.0,0.0,1.0,1.0,0.3233993249,0.2952148203,0.051823318,0.04934245348
1618,1.0,0.0,0.0,0.0,1.0,1.0,0.3010366268,0.2556712783,0.0484315753,0.04261982441
1619,1.0,0.0,0.0,0.0,1.0,1.0,0.3072608588,0.268826651,0.04997444153,0.04475730658
1620,1.0,0.0,0.0,0.0,1.0,1.0,0.3112738898,0.2860354333,0.05095499754,0.04682350159
1621,1.0,0.0,0.0,0.0,1.0,1.0,0.3149152706,0.2937546299,0.05283164978,0.04838263988
1622,1.0,0.0,0.0,0.0,1.0,1.0,0.3098267186,0.2843237946,0.0522865653,0.04638326168
1623,1.0,0.0,0.0,0.0,1.0,1.0,0.3126373629,0.2862984043,0.05277383327,0.04631745815
1624,1.0,0.0,0.0,0.0,1.0,1.0,0.3221344856,0.2915040474,0.05495983362,0.04734998941
1625,1.0,0.0,0.0,0.0,1.0,1.0,0.323470875,0.2984445726,0.05544835329,0.04890829325
1626,1.0,0.0,0.0,0.0,1.0,1.0,0.3281995861,0.3071203633,0.05627685785,0.05005532503
1627,1.0,0.0,0.0,0.0,1.0,1.0,0.3254761583,0.3022364035,0.05530339479,0.04915851355
1628,1.0,0.0,0.0,0.0,1.0,1.0,0.3342235408,0.3166040979,0.05844449997,0.05223304033
1629,1.0,0.0,0.0,0.0,1.0,1.0,0.3380227877,0.3125400375,0.05779504776,0.05057060719
1630,1.0,0.0,0.0,0.0,1.0,1.0,0.3347803506,0.3136180238,0.05726784468,0.05084270239
1631,1.0,0.0,0.0,0.0,1.0,1.0,0.3374735989,0.3138179489,0.05786859989,0.05119150877
1632,1.0,0.0,0.0,0.0,1.0,1.0,0.3342397137,0.3091057009,0.05777442455,0.05097740889
1633,1.0,0.0,0.0,0.0,1.0,1.0,0.3358914382,0.3136178504,0.05708754063,0.05093103647
1634,1.0,0.0,0.0,0.0,1.0,1.0,0.328741957,0.3036498685,0.05533409119,0.04866063595
1635,1.0,0.0,0.0,0.0,1.0,1.0,0.3353285651,0.3148923448,0.05735492706,0.05147945881
1636,1.0,0.0,0.0,0.0,1.0,1.0,0.3336952632,0.317064299,0.05680495501,0.05148822069
1637,1.0,0.0,0.0,0.0,1.0,1.0,0.3397119733,0.3256803551,0.05754303932,0.052539289
1638,1.0,0.0,0.0,0.0,1.0,1.0,0.3353283727,0.3187876366,0.05733203888,0.05173867941
1639,1.0,0.0,0.0,0.0,1.0,1.0,0.3325958096,0.3056711943,0.05612659454,0.04970413446
1640,1.0,0.0,0.0,0.0,1.0,1.0,0.3293052756,0.31189501,0.05659288168,0.05121660233
1641,1.0,0.0,0.0,0.0,1.0,1.0,0.3325985378,0.3159748689,0.05680084229,0.05173939466
1642,1.0,0.0,0.0,0.0,1.0,1.0,0.3309519245,0.3153411138,0.05643373728,0.05137997866
1643,1.0,0.0,0.0,0.0,1.0,1.0,0.3320514958,0.3147031381,0.05721104145,0.05154657364
1644,1.0,0.0,0.0,0.0,1.0,1.0,0.2410627273,0.1144815536,0.03935480118,0.01809746027
1645,1.0,0.0,0.0,0.0,1.0,1.0,0.258263044,0.07995527031,0.04144841433,0.0124912858
1646,1.0,0.0,0.0,0.0,1.0,1.0,0.2576418486,0.1659723968,0.04258543253,0.02629435062
1647,1.0,0.0,0.0,0.0,1.0,1.0,0.2968142444,0.2568987941,0.0503283143,0.04151374102
1648,1.0,0.0,0.0,0.0,1.0,1.0,0.3038169559,0.2778171846,0.05180311203,0.04500931501
1649,1.0,0.0,0.0,0.0,1.0,1.0,0.3205446196,0.2956828276,0.05426371098,0.04758512974
1650,1.0,0.0,0.0,0.0,1.0,1.0,0.3249415315,0.3060573888,0.05616444349,0.0502076149
1651,1.0,0.0,0.0,0.0,1.0,1.0,0.3271200141,0.3056712073,0.05587005615,0.04997420311
1652,1.0,0.0,0.0,0.0,1.0,1.0,0.3270901129,0.3039540521,0.05528277159,0.04941946268
1653,1.0,0.0,0.0,0.0,1.0,1.0,0.3254763431,0.3080473171,0.05592036247,0.05083668232
1654,1.0,0.0,0.0,0.0,1.0,1.0,0.3282480922,0.3148928799,0.05610322952,0.05135822296
1655,1.0,0.0,0.0,0.0,1.0,1.0,0.3174124005,0.3018794123,0.0545309782,0.04949736595
1656,1.0,0.0,0.0,0.0,1.0,1.0,0.318592156,0.3063358582,0.05497550964,0.04995238781
1657,1.0,0.0,0.0,0.0,1.0,1.0,0.3109014128,0.2902158491,0.05317258835,0.04704797268
1658,1.0,0.0,0.0,0.0,1.0,1.0,0.3103960921,0.2919333697,0.05363321304,0.04773634672
1659,1.0,0.0,0.0,0.0,1.0,1.0,0.3006450386,0.280877614,0.05211305618,0.04591584206
1660,1.0,0.0,0.0,0.0,1.0,1.0,0.3001569631,0.2862982355,0.05240541697,0.04673993587
1661,1.0,0.0,0.0,0.0,1.0,1.0,0.2983653842,0.2793579563,0.05162233114,0.04541635513
1662,1.0,0.0,0.0,0.0,1.0,1.0,0.298702314,0.2791548241,0.05169773102,0.04527050257
1663,1.0,0.0,0.0,0.0,1.0,1.0,0.3055206487,0.2818495453,0.0531976223,0.04612344503
1664,1.0,0.0,0.0,0.0,1.0,1.0,0.2969119651,0.2766618853,0.05143845081,0.04497349262
1665,1.0,0.0,0.0,0.0,1.0,1.0,0.3040374982,0.2781951054,0.05209153891,0.04488736391
1666,1.0,0.0,0.0,0.0,1.0,1.0,0.3148483152,0.3005194659,0.05453771353,0.04894411564
1667,1.0,0.0,0.0,0.0,1.0,1.0,0.3150239371,0.3012016527,0.05543142557,0.04952251911
1668,1.0,0.0,0.0,0.0,1.0,1.0,0.3243166812,0.3059514819,0.05639398098,0.05025207996
1669,1.0,0.0,0.0,0.0,1.0,1.0,0.3261506772,0.3087013737,0.0576274991,0.05163651705
1670,1.0,0.0,0.0,0.0,1.0,1.0,0.329324304,0.315341403,0.05676358938,0.05168032646
1671,1.0,0.0,0.0,0.0,1.0,1.0,0.3301655475,0.3052903799,0.05792552233,0.05107718706
1672,1.0,0.0,0.0,0.0,1.0,1.0,0.3367057771,0.3035848805,0.05817842484,0.05051594973
1673,1.0,0.0,0.0,0.0,1.0,1.0,0.3372600595,0.3097586834,0.05891555548,0.05201816559
1674,1.0,0.0,0.0,0.0,1.0,1.0,0.3402353308,0.3217382889,0.05984890461,0.05409425497
1675,1.0,0.0,0.0,0.0,1.0,1.0,0.3428981596,0.325242328,0.05932527781,0.05398321152
1676,1.0,0.0,0.0,0.0,1.0,1.0,0.3503367252,0.3331470691,0.06021642685,0.05515146255
1677,1.0,0.0,0.0,0.0,1.0,1.0,0.347917482,0.324648369,0.0604736805,0.05448329449
1678,1.0,0.0,0.0,0.0,1.0,1.0,0.3622359392,0.3404879624,0.06275033951,0.0573310256
1679,1.0,0.0,0.0,0.0,1.0,1.0,0.3632839272,0.3489577907,0.06253951788,0.0582947731
1680,1.0,0.0,0.0,0.0,1.0,1.0,0.3659928133,0.3518444289,0.06334245205,0.05932980776
1681,1.0,0.0,0.0,0.0,1.0,1.0,0.3472634318,0.3181613688,0.06039500237,0.05420821905
1682,1.0,0.0,0.0,0.0,1.0,1.0,0.3005567302,0.1955426938,0.04964131117,0.03229671717
1683,1.0,0.0,0.0,0.0,1.0,1.0,0.3118696378,0.154459123,0.04972571135,0.02471745014
1684,1.0,0.0,0.0,0.0,1.0,1.0,0.2941682685,0.1976917684,0.04690265656,0.03146266937
1685,1.0,0.0,0.0,0.0,1.0,1.0,0.321498664,0.2994780094,0.05357277393,0.0492054224
1686,1.0,0.0,0.0,0.0,1.0,1.0,0.3450453945,0.323860742,0.05996894836,0.05494689941
1687,1.0,0.0,0.0,0.0,1.0,1.0,0.3585138271,0.3406402777,0.06139016151,0.05704653263
1688,1.0,0.0,0.0,0.0,1.0,1.0,0.3626668444,0.3589058815,0.06162071228,0.05990099907
1689,1.0,0.0,0.0,0.0,1.0,1.0,0.3692851283,0.3618667394,0.06338566542,0.06105959415
1690,1.0,0.0,0.0,0.0,1.0,1.0,0.3764791695,0.3743614519,0.06482070684,0.06336730719
1691,1.0,0.0,0.0,0.0,1.0,1.0,0.3735113662,0.377837854,0.06374382973,0.06316173077
1692,1.0,0.0,0.0,0.0,1.0,1.0,0.365442294,0.3656492092,0.06193751097,0.06049704552
1693,1.0,0.0,0.0,0.0,1.0,1.0,0.375433454,0.3804894351,0.06321465969,0.06263738871
1694,1.0,0.0,0.0,0.0,1.0,1.0,0.3730792345,0.3809060362,0.06277567148,0.06277567148
1695,1.0,0.0,0.0,0.0,1.0,1.0,0.371965896,0.3933971362,0.06196850538,0.06428509951
1696,1.0,0.0,0.0,0.0,1.0,1.0,0.3755375128,0.4039556476,0.06264185905,0.06605869532
1697,1.0,0.0,0.0,0.0,1.0,1.0,0.3711722991,0.4091795444,0.0615978241,0.06640142202
1698,1.0,0.0,0.0,0.0,1.0,1.0,0.3684418973,0.4043677704,0.06134146452,0.06564110518
1699,1.0,0.0,0.0,0.0,1.0,1.0,0.3739290899,0.407899336,0.06403434277,0.0681656003
1700,1.0,0.0,0.0,0.0,1.0,1.0,0.3738302371,0.4243245583,0.06266599894,0.0692474246
1701,1.0,0.0,0.0,0.0,1.0,1.0,0.3816201268,0.422709134,0.06628274918,0.07212269306
1702,1.0,0.0,0.0,0.0,1.0,1.0,0.3760610419,0.4307939061,0.07295805216,0.08215999603
1703,1.0,0.0,0.0,0.0,1.0,1.0,0.3887702442,0.451777281,0.06523358822,0.07297825813
1704,1.0,0.0,0.0,0.0,1.0,1.0,0.3888673732,0.4593022721,0.06583333015,0.07447206974
1705,1.0,0.0,0.0,0.0,1.0,1.0,0.3865935252,0.4605635774,0.06479299068,0.07375049591
1706,1.0,0.0,0.0,0.0,1.0,1.0,0.378119502,0.4588514237,0.06426882744,0.07452762127
1707,1.0,0.0,0.0,0.0,1.0,1.0,0.3773756632,0.4441963698,0.06479972601,0.07338047028
1708,1.0,0.0,0.0,0.0,1.0,1.0,0.3867100411,0.4591532176,0.06816250086,0.07749980688
1709,1.0,0.0,0.0,0.0,1.0,1.0,0.3788496872,0.4207209982,0.06449949741,0.07033520937
1710,1.0,0.0,0.0,0.0,1.0,1.0,0.380144704,0.4216979836,0.06504201889,0.06931716204
1711,1.0,0.0,0.0,0.0,1.0,1.0,0.3737046035,0.4304713489,0.06858122349,0.07336592674
1712,1.0,0.0,0.0,0.0,1.0,1.0,0.3719263711,0.4410415975,0.06478828192,0.07154345512
1713,1.0,0.0,0.0,0.0,1.0,1.0,0.3730310365,0.4356055779,0.06507050991,0.07090228796
1714,1.0,0.0,0.0,0.0,1.0,1.0,0.3760963848,0.4662751201,0.06811964512,0.07474243641
1715,1.0,0.0,0.0,0.0,1.0,1.0,0.3537846732,0.4489680449,0.06197953224,0.07127648592
1716,1.0,0.0,0.0,0.0,1.0,1.0,0.3581916434,0.4491658705,0.06311684847,0.07112193108
1717,1.0,0.0,0.0,0.0,1.0,1.0,0.3478620911,0.4485685598,0.06099355221,0.07059156895
1718,1.0,0.0,0.0,0.0,1.0,1.0,0.2251999808,0.2985883921,0.03949457407,0.04700183868
1719,1.0,0.0,0.0,0.0,1.0,1.0,0.2518432549,0.218627776,0.04059970379,0.03132891655
1720,1.0,0.0,0.0,0.0,1.0,1.0,0.2756397272,0.2190561224,0.0431099534,0.02977383137
1721,1.0,0.0,0.0,0.0,1.0,1.0,0.25370439,0.2791231767,0.04259109497,0.04000979662
1722,1.0,0.0,0.0,0.0,1.0,1.0,0.2498606175,0.3044519356,0.04388815165,0.04545557499
1723,1.0,0.0,0.0,0.0,1.0,1.0,0.302236737,0.3948413573,0.05478602648,0.0597665906
1724,1.0,0.0,0.0,0.0,1.0,1.0,0.3225090722,0.4288946447,0.05621546507,0.06382799149
1725,1.0,0.0,0.0,0.0,1.0,1.0,0.329747942,0.4380023985,0.05595898628,0.0634586215
1726,1.0,0.0,0.0,0.0,1.0,1.0,0.3491428103,0.4742447913,0.06319922209,0.07248437405
1727,1.0,0.0,0.0,0.0,1.0,1.0,0.3325816975,0.4626323041,0.06023532152,0.07283556461
1728,1.0,0.0,0.0,0.5235987902,1.0,1.0,0.3183039976,0.4489678155,0.06109684706,0.0728096962
1729,1.0,0.0,0.0,0.5235987902,1.0,1.0,0.342911966,0.4633039108,0.06926989555,0.07971256971
1730,1.0,0.0,0.0,0.5235987902,1.0,1.0,0.3625965958,0.4933142629,0.07267105579,0.08521330357
1731,1.0,0.0,0.0,0.5235987902,1.0,1.0,0.3727933815,0.5288713373,0.06746768951,0.08160382509
1732,1.0,0.0,0.0,0.5235987902,1.0,1.0,0.3701005426,0.5317027906,0.06575506926,0.0806029439
1733,1.0,0.0,0.0,0.5235987902,1.0,1.0,0.3856630021,0.5128222061,0.06788575649,0.07915192842
1734,1.0,0.0,0.0,0.5235987902,1.0,1.0,0.3767972453,0.5015649105,0.06628257036,0.08084690571
1735,1.0,0.0,0.0,0.5235987902,1.0,1.0,0.3769518723,0.5091494071,0.06540429592,0.08100533485
1736,1.0,0.0,0.0,0.5235987902,1.0,1.0,0.3784971492,0.5313018584,0.06337565184,0.08352738619
1737,1.0,0.0,0.0,0.5235987902,1.0,1.0,0.3761738359,0.5152161919,0.06385719776,0.08326476812
1738,1.0,0.0,0.0,0.5235987902,1.0,1.0,0.3842619739,0.5340529756,0.06871753931,0.09033292532
1739,1.0,0.0,0.0,0.5235987902,1.0,1.0,0.3944465519,0.5669909597,0.07299458981,0.09699726105
1740,1.0,0.0,0.0,0.5235987902,1.0,1.0,0.4047641853,0.5511325412,0.0723528862,0.09189850092
1741,1.0,0.0,0.0,0.5235987902,1.0,1.0,0.4055989095,0.5565998395,0.07257670164,0.09514838457
1742,1.0,0.0,0.0,0.5235987902,1.0,1.0,0.4044431434,0.5418660332,0.07269155979,0.09435927868
1743,1.0,0.0,0.0,0.5235987902,1.0,1.0,0.4079716844,0.5638360094,0.08000618219,0.1044622064
1744,1.0,0.0,0.0,0.5235987902,1.0,1.0,0.390706787,0.555869101,0.07726216316,0.1024413109
1745,1.0,0.0,0.0,0.5235987902,1.0,1.0,0.4029442297,0.5533308856,0.0760884285,0.09602421522
1746,1.0,0.0,0.0,0.5235987902,1.0,1.0,0.3975680832,0.5428341401,0.0741147995,0.09504538774
1747,1.0,0.0,0.0,0.5235987902,1.0,1.0,0.3959057044,0.5617017048,0.07319694757,0.09434270859
1748,1.0,0.0,0.0,0.5235987902,1.0,1.0,0.3779251706,0.5624236924,0.06541138887,0.09176194668
1749,1.0,0.0,0.0,0.5235987902,1.0,1.0,0.4028624161,0.5985250999,0.0764747262,0.1025087237
1750,1.0,0.0,0.0,0.5235987902,1.0,1.0,0.361537287,0.5489060011,0.06625825167,0.08887523413
1751,1.0,0.0,0.0,0.5235987902,1.0,1.0,0.376601278,0.5415299251,0.0689240098,0.09013134241
1752,1.0,0.0,0.0,0.5235987902,1.0,1.0,0.4069800813,0.574578034,0.07499462366,0.09424102306
1753,1.0,0.0,0.0,0.5235987902,1.0,1.0,0.407828218,0.5663503299,0.07616364956,0.09446907043
1754,1.0,0.0,0.0,0.5235987902,1.0,1.0,0.3839021176,0.5785229466,0.07157033682,0.09089738131
1755,1.0,0.0,0.0,0.5235987902,1.0,1.0,0.3790429935,0.5839877089,0.07018274069,0.08937799931
1756,1.0,0.0,0.0,0.5235987902,1.0,1.0,0.3822824922,0.572757368,0.07266867161,0.0917596221
1757,1.0,0.0,0.0,0.5235987902,1.0,1.0,0.3683007879,0.5662234879,0.06855362654,0.08999550343
1758,1.0,0.0,0.0,0.5235987902,1.0,1.0,0.3804328101,0.553537264,0.06913030148,0.08436238766
1759,1.0,0.0,0.0,0.5235987902,1.0,1.0,0.3690491067,0.5502545462,0.06737488508,0.08501380682
1760,1.0,0.0,0.0,0.5235987902,1.0,1.0,0.3745964588,0.5346278736,0.07092016935,0.08563387394
1761,1.0,0.0,0.0,0.5235987902,1.0,1.0,0.3761677255,0.5200800343,0.06881171465,0.08090418577
1762,1.0,0.0,0.0,0.5235987902,1.0,1.0,0.3663548573,0.5072352514,0.06535214186,0.07739067078
1763,1.0,0.0,0.0,0.5235987902,1.0,1.0,0.3646174588,0.5054210217,0.06413310766,0.07615798712
1764,1.0,0.0,0.0,0.5235987902,1.0,1.0,0.3275765502,0.4435508318,0.05680531263,0.06636941433
1765,1.0,0.0,0.0,0.5235987902,1.0,1.0,0.2587208514,0.3502143889,0.04265505075,0.04995900393
1766,1.0,0.0,0.0,0.5235987902,1.0,1.0,0.264402651,0.35203025,0.04312056303,0.05001986027
1767,1.0,0.0,0.0,0.5235987902,1.0,1.0,0.3024400538,0.3973685098,0.05061531067,0.0575966835
1768,1.0,0.0,0.0,0.5235987902,1.0,1.0,0.334278379,0.425543744,0.05676990747,0.06282156706
1769,1.0,0.0,0.0,0.5235987902,1.0,1.0,0.348798658,0.4551722922,0.05993556976,0.06771564484
1770,1.0,0.0,0.0,0.5235987902,1.0,1.0,0.3507975387,0.4539451331,0.06142932177,0.06896311045
1771,1.0,0.0,0.0,0.5235987902,1.0,1.0,0.3607256309,0.4617194651,0.06139147282,0.06843179464
1772,1.0,0.0,0.0,0.5235987902,1.0,1.0,0.3632840714,0.46041687,0.06341445446,0.07058799267
1773,1.0,0.0,0.0,0.5235987902,1.0,1.0,0.3580090779,0.452754592,0.06133311987,0.06843185425
1774,1.0,0.0,0.0,0.5235987902,1.0,1.0,0.3540034111,0.4529304454,0.06220066547,0.07001185417
1775,1.0,0.0,0.0,0.5235987902,1.0,1.0,0.3601295525,0.4510590743,0.06273806095,0.06935721636
1776,1.0,0.0,0.0,0.5235987902,1.0,1.0,0.3507974923,0.4437821474,0.06012326479,0.06749689579
1777,1.0,0.0,0.0,0.0,1.0,1.0,0.3414757532,0.4360864072,0.05777579546,0.06566721201
1778,1.0,0.0,0.0,0.0,1.0,1.0,0.3479173262,0.442345643,0.06013220549,0.06779056787
1779,1.0,0.0,0.0,0.5235987902,1.0,1.0,0.3529383344,0.4482790683,0.06073969603,0.06925457716
1780,1.0,0.0,0.0,0.0,1.0,1.0,0.337001823,0.430162759,0.05874407291,0.06767088175
1781,1.0,0.0,0.0,0.0,1.0,1.0,0.330929945,0.4225581239,0.05663615465,0.06545889378
1782,1.0,0.0,0.0,0.0,1.0,1.0,0.3402356293,0.429108193,0.05881607533,0.06701636314
1783,1.0,0.0,0.0,0.0,1.0,1.0,0.3418711014,0.4227029804,0.0587297678,0.06631690264
1784,1.0,0.0,0.0,0.0,1.0,1.0,0.3450841487,0.4265476285,0.05982893705,0.06744867563
1785,1.0,0.0,0.0,0.0,1.0,1.0,0.3396477492,0.4214728101,0.06010055542,0.06815230846
1786,1.0,0.0,0.0,0.0,1.0,1.0,0.3428507542,0.4167282064,0.05913048983,0.06582444906
1787,1.0,0.0,0.0,0.0,1.0,1.0,0.3498045144,0.4126614312,0.06135195494,0.06700652838
1788,1.0,0.0,0.0,0.0,1.0,1.0,0.3508507602,0.4077583549,0.05997490883,0.06465184689
1789,1.0,0.0,0.0,0.0,1.0,1.0,0.3429456446,0.3959059064,0.05943822861,0.06368386745
1790,1.0,0.0,0.0,0.0,1.0,1.0,0.3469944071,0.3966317632,0.05941581726,0.06332111359
1791,1.0,0.0,0.0,0.0,1.0,1.0,0.3514881644,0.3959059386,0.0607495904,0.06387227774
1792,1.0,0.0,0.0,0.0,1.0,1.0,0.3517773205,0.3892560025,0.05983245373,0.06206911802
1793,1.0,0.0,0.0,0.0,1.0,1.0,0.3469135228,0.3880810465,0.05896818638,0.06149542332
1794,1.0,0.0,0.0,0.0,1.0,1.0,0.3474170919,0.3800695369,0.05975294113,0.06116890907
1795,1.0,0.0,0.0,0.0,1.0,1.0,0.3436618867,0.3774486276,0.05830681324,0.05999684334
1796,1.0,0.0,0.0,0.0,1.0,1.0,0.3488774731,0.3743433534,0.05805385113,0.05861485004
1797,1.0,0.0,0.0,0.0,1.0,1.0,0.3482905067,0.3658673058,0.05970025063,0.05912345648
1798,1.0,0.0,0.0,0.0,1.0,1.0,0.3605370487,0.3739043876,0.06114000082,0.06000244617
1799,1.0,0.0,0.0,0.0,1.0,1.0,0.3620427053,0.3779253904,0.06056189537,0.05999326706
1800,1.0,0.0,0.0,0.0,1.0,1.0,0.3680378434,0.3770137833,0.06184631586,0.06014412642
1801,1.0,0.0,0.0,0.0,1.0,1.0,0.3649836425,0.3815074855,0.06040650606,0.06012427807
1802,1.0,0.0,0.0,0.0,1.0,1.0,0.3612846,0.3805702241,0.06015992165,0.06015992165
1803,1.0,0.0,0.0,0.0,1.0,1.0,0.3665185665,0.3832984497,0.0619405508,0.06136703491
1804,1.0,0.0,0.0,0.0,1.0,1.0,0.3684811197,0.3894622013,0.06237125397,0.06237125397
1805,1.0,0.0,0.0,0.0,1.0,1.0,0.3629729463,0.3850896148,0.06151372194,0.06151372194
1806,1.0,0.0,0.0,0.0,1.0,1.0,0.3637366982,0.3894619615,0.06266349554,0.06295090914
1807,1.0,0.0,0.0,0.0,1.0,1.0,0.3593312275,0.3890686576,0.06066536903,0.0615118742
1808,1.0,0.0,0.0,0.0,1.0,1.0,0.3593311041,0.3832984005,0.06098651886,0.06070286036
1809,1.0,0.0,0.0,0.0,1.0,1.0,0.3583855832,0.3878698261,0.06082576513,0.06139689684
1810,1.0,0.0,0.0,0.0,1.0,1.0,0.3564677389,0.3918677598,0.06061565876,0.06174868345
1811,1.0,0.0,0.0,0.0,1.0,1.0,0.3309078212,0.3525306507,0.05532974005,0.05448716879
1812,1.0,0.0,0.0,0.0,1.0,1.0,0.2666355692,0.1841076379,0.04337209463,0.02814877033
1813,1.0,0.0,0.0,0.0,1.0,1.0,0.2855548366,0.1473057911,0.04582411051,0.02234631777
1814,1.0,0.0,0.0,0.0,1.0,1.0,0.2710058036,0.2136351544,0.04515433311,0.0330747962
1815,1.0,0.0,0.0,0.0,1.0,1.0,0.2884986875,0.2443080197,0.04772865772,0.03750109673
1816,1.0,0.0,0.0,0.0,1.0,1.0,0.2741525233,0.2193428904,0.04543966055,0.03307312727
1817,1.0,0.0,0.0,0.0,1.0,1.0,0.2591772489,0.2223165645,0.04382532835,0.0323677063
1818,1.0,0.0,0.0,0.0,1.0,1.0,0.2689527591,0.2438154573,0.04648894072,0.03472322226
1819,1.0,0.7853981853,0.0,0.0,1.0,1.0,0.2737743879,0.2708568593,0.0484764576,0.0376714468
1820,1.0,0.7853981853,0.0,0.0,1.0,1.0,0.2587387181,0.2211153181,0.04478383064,0.02927047014
1821,1.0,0.7853981853,0.0,0.0,1.0,1.0,0.2742578307,0.2791233419,0.04785567522,0.03640550375
1822,1.0,0.7853981853,0.0,0.0,1.0,1.0,0.2953275556,0.3233487398,0.05072575808,0.04098182917
1823,1.0,0.7853981853,0.0,0.0,1.0,1.0,0.3013145283,0.3436993216,0.05321544409,0.04420077801
1824,1.0,0.7853981853,0.0,0.0,1.0,1.0,0.3118126174,0.3605289001,0.05507564545,0.04579973221
1825,1.0,0.7853981853,0.0,0.0,1.0,1.0,0.2973546485,0.3526066763,0.05241537094,0.04397064447
1826,1.0,0.7853981853,0.0,0.0,1.0,1.0,0.3014709832,0.3649125249,0.05310922861,0.04531604052
1827,1.0,0.7853981853,0.0,0.0,1.0,1.0,0.2870019687,0.3419143068,0.05073666573,0.04267847538
1828,1.0,0.7853981853,0.0,0.0,1.0,1.0,0.2904362911,0.3371905067,0.05068385601,0.04144150019
1829,1.0,0.7853981853,0.0,0.0,1.0,1.0,0.296947803,0.3524601323,0.05234372616,0.04366964102
1830,1.0,0.7853981853,0.0,0.0,1.0,1.0,0.2803941282,0.3242090532,0.04900979996,0.03998959064
1831,1.0,0.7853981853,0.0,0.0,1.0,1.0,0.2836020128,0.3355613489,0.04947644472,0.04142910242
1832,1.0,0.7853981853,0.0,0.0,1.0,1.0,0.2884635579,0.3500464316,0.05047059059,0.04304850101
1833,1.0,0.7853981853,0.0,0.0,1.0,1.0,0.2894005006,0.33867384,0.05000472069,0.04157376289
1834,1.0,0.7853981853,0.0,0.0,1.0,1.0,0.2939537679,0.3552518524,0.05014276505,0.04297947884
1835,1.0,0.7853981853,0.0,0.0,1.0,1.0,0.2932596023,0.3450450442,0.05148589611,0.04290485382
1836,1.0,0.7853981853,0.0,0.0,1.0,1.0,0.2950259704,0.347028394,0.05246949196,0.04421585798
1837,1.0,0.7853981853,0.0,0.0,1.0,1.0,0.2914352261,0.3500351472,0.05332928896,0.04579693079
1838,1.0,0.7853981853,0.0,0.0,1.0,1.0,0.3039624597,0.3598904242,0.0549352169,0.04687404633
1839,1.0,0.7853981853,0.0,0.0,1.0,1.0,0.3049705202,0.360909342,0.05373477936,0.04555773735
1840,1.0,0.7853981853,0.0,0.0,1.0,1.0,0.3025064994,0.3523373048,0.05152624846,0.04355531931
1841,1.0,0.7853981853,0.0,0.0,1.0,1.0,0.2968140175,0.3509669361,0.05163240433,0.0440480113
1842,1.0,0.7853981853,0.0,0.0,1.0,1.0,0.3024628981,0.3511554347,0.05457890034,0.04627341032
1843,1.0,0.7853981853,0.0,0.0,1.0,1.0,0.2980214137,0.3399002267,0.05134749413,0.04283684492
1844,1.0,0.7853981853,0.0,0.0,1.0,1.0,0.2850810889,0.3180044795,0.0510392189,0.04154360294
1845,1.0,0.7853981853,0.0,0.0,1.0,1.0,0.2886536635,0.3263019569,0.04941868782,0.04084897041
1846,1.0,0.7853981853,0.0,0.0,1.0,1.0,0.2891359866,0.3134615542,0.04874056578,0.03887981176
1847,1.0,0.7853981853,0.0,0.0,1.0,1.0,0.2969961515,0.3346547752,0.05200695992,0.04324173927
1848,1.0,0.7853981853,0.0,0.0,1.0,1.0,0.2907467158,0.3234800592,0.05106025934,0.04206669331
1849,1.0,0.7853981853,0.0,0.0,1.0,1.0,0.2630981062,0.2721697107,0.04537594318,0.03481680155
1850,1.0,0.7853981853,0.0,0.0,1.0,1.0,0.2720993543,0.09994426591,0.0452978611,0.01219558716
1851,1.0,0.7853981853,0.0,0.0,1.0,1.0,0.2708280531,0.08406515092,0.04533243179,0.01052880287
1852,1.0,0.7853981853,0.0,0.0,1.0,1.0,0.2578069198,0.08915207997,0.04292541742,0.01117235422
1853,1.0,0.7853981853,0.0,0.0,1.0,1.0,0.2239833505,0.1354798583,0.03832215071,0.01770949364
1854,1.0,0.7853981853,0.0,0.0,1.0,1.0,0.2438445067,0.2540953846,0.04295617342,0.0339127779
1855,1.0,0.7853981853,0.0,0.0,1.0,1.0,0.2848725865,0.3208082404,0.05145019293,0.04483926296
1856,1.0,0.7853981853,0.0,0.0,1.0,1.0,0.2960726684,0.3311639585,0.05370515585,0.0474537611
1857,1.0,0.7853981853,0.0,0.0,1.0,1.0,0.2962464921,0.3409859524,0.05335193872,0.04885911942
1858,1.0,0.7853981853,0.0,0.0,1.0,1.0,0.3006072743,0.3447683041,0.05465126038,0.05014389753
1859,1.0,0.7853981853,0.0,0.0,1.0,1.0,0.299364904,0.3401947347,0.05416029692,0.04992902279
1860,1.0,0.0,0.0,0.0,1.0,1.0,0.3072819648,0.3437930732,0.05504459143,0.05087453127
1861,1.0,0.0,0.0,0.0,1.0,1.0,0.3047834307,0.3306704066,0.05515325069,0.04983389378
1862,1.0,0.0,0.0,0.0,1.0,1.0,0.3119376024,0.3399586757,0.05523622036,0.05028969049
1863,1.0,0.0,0.0,0.0,1.0,1.0,0.3152085084,0.341721009,0.05694574118,0.05166786909
1864,1.0,0.0,0.0,0.0,1.0,1.0,0.3108685637,0.3258253839,0.05635005236,0.05015152693
1865,1.0,0.0,0.0,0.0,1.0,1.0,0.3186401965,0.3398835879,0.05682575703,0.0512817502
1866,1.0,0.0,0.0,0.0,1.0,1.0,0.3133046015,0.3294863211,0.05615288019,0.05053758621
1867,1.0,0.0,0.0,0.0,1.0,1.0,0.2945062666,0.304258009,0.05256325006,0.04613262415
1868,1.0,0.0,0.0,0.0,1.0,1.0,0.2440499093,0.1964551473,0.04131221771,0.02894663811
1869,1.0,0.0,0.0,0.0,1.0,1.0,0.2584765482,0.08034719822,0.04196989536,0.01147174835
1870,1.0,0.0,0.0,0.0,1.0,1.0,0.2646607571,0.06295684611,0.04323512316,0.009102106094
1871,1.0,0.0,0.0,0.0,1.0,1.0,0.2634733767,0.07446835612,0.04195415974,0.01062840223
1872,1.0,0.0,0.0,0.0,1.0,1.0,0.2560845883,0.08328685387,0.04040312767,0.0117842555
1873,1.0,0.0,0.0,0.0,1.0,1.0,0.2682710557,0.07583339177,0.04273384809,0.01089298725
1874,1.0,0.0,0.0,0.0,1.0,1.0,0.2647643629,0.08361120308,0.04223406315,0.01202696562
1875,1.0,0.0,0.0,0.0,1.0,1.0,0.2714532946,0.08103581932,0.043179214,0.01177614927
1876,1.0,0.0,0.0,0.0,1.0,1.0,0.2719328544,0.08489500835,0.04407542944,0.01259303093
1877,1.0,0.0,0.0,0.0,1.0,1.0,0.2799854504,0.08264632792,0.0448821187,0.01221477985
1878,1.0,0.0,0.0,0.0,1.0,1.0,0.2791232049,0.08682408459,0.04403603077,0.01278465986
1879,1.0,0.0,0.0,0.0,1.0,1.0,0.2907469463,0.07941268699,0.04547607899,0.01165318489
1880,1.0,0.0,0.0,0.0,1.0,1.0,0.2904512894,0.0868239899,0.04644292593,0.01298093796
1881,1.0,0.0,0.0,0.0,1.0,1.0,0.2915037789,0.09190309392,0.04604965448,0.01372915506
1882,1.0,0.0,0.0,0.0,1.0,1.0,0.2876620531,0.1041886691,0.04430246353,0.01533544064
1883,1.0,0.0,0.0,0.0,1.0,1.0,0.3020700999,0.100330052,0.04665905237,0.0149769783
1884,1.0,0.0,0.0,0.0,1.0,1.0,0.2910461005,0.1125323782,0.04567408562,0.01694822311
1885,1.0,0.0,0.0,0.0,1.0,1.0,0.2925193088,0.1084664816,0.04501867294,0.01616054773
1886,1.0,0.0,0.0,0.0,1.0,1.0,0.2935165345,0.1167931984,0.04530894756,0.01749271154
1887,1.0,0.0,0.0,0.0,1.0,1.0,0.2890632118,0.1166663013,0.04448586702,0.01744544506
1888,1.0,0.0,0.0,0.0,1.0,1.0,0.2793936661,0.126852195,0.04297912121,0.01903772354
1889,1.0,0.0,0.0,0.0,1.0,1.0,0.2949479825,0.1306963115,0.04502797127,0.01950258017
1890,1.0,0.0,0.0,0.0,1.0,1.0,0.2938432355,0.1268520961,0.04500627518,0.01891982555
1891,1.0,0.0,0.0,0.0,1.0,1.0,0.2933969391,0.1361106907,0.04474568367,0.02020770311
1892,1.0,0.0,0.0,0.0,1.0,1.0,0.2927070429,0.1343120702,0.04384797812,0.01961618662
1893,1.0,0.0,0.0,0.0,1.0,1.0,0.2891587383,0.130361893,0.04306805134,0.01907712221
1894,1.0,0.0,0.0,0.0,1.0,1.0,0.2885982479,0.1377181879,0.04360705614,0.02048653364
1895,1.0,0.0,0.0,0.0,1.0,1.0,0.2894667293,0.1473280024,0.0432831645,0.02164155245
1896,1.0,0.0,0.0,0.0,1.0,1.0,0.2902861688,0.156039476,0.04326874018,0.02294117212
1897,1.0,0.0,0.0,0.0,1.0,1.0,0.2797664692,0.1548155271,0.04153513908,0.02262949944
1898,1.0,0.0,0.0,0.0,1.0,1.0,0.2800741169,0.156775198,0.04204910994,0.02304059267
1899,1.0,0.0,0.0,0.0,1.0,1.0,0.2800740359,0.1516660358,0.04153138399,0.02218794823
1900,1.0,0.0,0.0,0.0,1.0,1.0,0.2718792035,0.1542111722,0.04092806578,0.02276986837
1901,1.0,0.0,0.0,0.0,1.0,1.0,0.2687890458,0.1582127676,0.04044359922,0.02335476875
1902,1.0,0.0,0.0,0.0,1.0,1.0,0.270482409,0.1555549691,0.04024887085,0.02283620834
1903,1.0,0.0,0.0,0.0,1.0,1.0,0.2622110144,0.1491415368,0.03943425417,0.02200317383
1904,1.0,0.0,0.0,0.0,1.0,1.0,0.2503344709,0.1626996232,0.03786641359,0.02409678698
1905,1.0,0.0,0.0,0.0,1.0,1.0,0.2268105975,0.2014083258,0.03517746925,0.03031551838
1906,1.0,0.0,0.0,0.0,1.0,1.0,0.2445816963,0.2662747602,0.03902101517,0.0409861207
1907,1.0,0.0,0.0,0.0,1.0,1.0,0.3056714526,0.3631064801,0.04957044125,0.05625402927
1908,1.0,0.0,0.0,0.0,1.0,1.0,0.3190068159,0.3765501603,0.052744627,0.06003910303
1909,1.0,0.0,0.0,0.0,1.0,1.0,0.3325843433,0.3884757062,0.05504930019,0.06147640944
1910,1.0,0.0,0.0,0.0,1.0,1.0,0.3342671742,0.3990702026,0.05502223969,0.06248754263
1911,1.0,0.0,0.0,0.0,1.0,1.0,0.3398774129,0.4026019479,0.05594664812,0.06314772367
1912,1.0,0.0,0.0,0.0,1.0,1.0,0.3342670449,0.3976650309,0.05493915081,0.06239318848
1913,1.0,0.0,0.0,0.0,1.0,1.0,0.3393377086,0.4008359413,0.05570083857,0.06290584803
1914,1.0,0.0,0.0,0.0,1.0,1.0,0.3381949185,0.3990703027,0.05555391312,0.06246358156
1915,1.0,0.0,0.0,0.0,1.0,1.0,0.3432940261,0.4004855964,0.05612975359,0.06248927116
1916,1.0,0.0,0.0,0.0,1.0,1.0,0.3539171856,0.4074377191,0.05853164196,0.06430232525
1917,1.0,0.0,0.0,0.0,1.0,1.0,0.356943619,0.4126614879,0.05998796225,0.06612622738
1918,1.0,0.0,0.0,0.0,1.0,1.0,0.3562365534,0.4098056761,0.05970925093,0.0655143261
1919,1.0,0.0,0.0,0.0,1.0,1.0,0.3467618469,0.3935084558,0.05766266584,0.0626527667
1920,1.0,0.0,0.0,0.0,1.0,1.0,0.3450952098,0.3987318839,0.05733150244,0.06342464685
1921,1.0,0.0,0.0,0.0,1.0,1.0,0.3485060503,0.3956123471,0.05779445171,0.06335163116
1922,1.0,0.0,0.0,0.0,1.0,1.0,0.3497217901,0.4028891491,0.05930829048,0.06549209356
1923,1.0,0.0,0.0,0.0,1.0,1.0,0.3490115904,0.3938770775,0.05869358778,0.06374847889
1924,1.0,0.0,0.0,0.0,1.0,1.0,0.3538290998,0.3948843912,0.05972552299,0.06397145987
1925,1.0,0.0,0.0,0.0,1.0,1.0,0.3514518509,0.3945167944,0.05956465006,0.06443297863
1926,1.0,0.0,0.0,0.0,1.0,1.0,0.3504753929,0.3969912232,0.05921858549,0.06460213661
1927,1.0,0.0,0.0,0.0,1.0,1.0,0.3464503067,0.392007313,0.05728745461,0.06234228611
1928,1.0,0.0,0.0,0.0,1.0,1.0,0.349172101,0.3857497032,0.05810678005,0.06175601482
1929,1.0,0.0,0.0,0.0,1.0,1.0,0.3550978816,0.3938773938,0.0591853261,0.06307542324
1930,1.0,0.0,0.0,0.0,1.0,1.0,0.354988403,0.3877146241,0.05943143368,0.06248635054
1931,1.0,0.0,0.0,0.0,1.0,1.0,0.3529408607,0.3900261423,0.05878651142,0.06240844727
1932,1.0,0.0,0.0,0.0,1.0,1.0,0.3536358379,0.386543751,0.05953896046,0.06294119358
1933,1.0,0.0,0.0,0.0,1.0,1.0,0.3549105684,0.3907851561,0.05987465382,0.06382864714
1934,1.0,0.0,0.0,0.0,1.0,1.0,0.3608632598,0.3966858184,0.06086397171,0.06479072571
1935,1.0,0.0,0.0,0.0,1.0,1.0,0.3660162198,0.3980536974,0.06155925989,0.06493240595
1936,1.0,0.0,0.0,0.0,1.0,1.0,0.3600988533,0.3921418994,0.05998086929,0.06275779009
1937,1.0,0.0,0.0,0.0,1.0,1.0,0.3575373293,0.3907852622,0.06051534414,0.06361150742
1938,1.0,0.0,0.0,0.0,1.0,1.0,0.3550978975,0.386936919,0.05925214291,0.06203395128
1939,1.0,0.0,0.0,0.0,1.0,1.0,0.3550979494,0.3855980088,0.05967617035,0.06247788668
1940,1.0,0.0,0.0,0.0,1.0,1.0,0.3505070692,0.377795784,0.05931836367,0.0615568161
1941,1.0,0.0,0.0,0.0,1.0,1.0,0.3514702788,0.3786816207,0.05861920118,0.06084179878
1942,1.0,0.0,0.0,0.0,1.0,1.0,0.3498047427,0.3704825309,0.05858868361,0.05998361111
1943,1.0,0.0,0.0,0.0,1.0,1.0,0.3590709186,0.3782137149,0.06036508083,0.06147783995
1944,1.0,0.0,0.0,0.0,1.0,1.0,0.3560562737,0.3777958148,0.05970257521,0.0610910058
1945,1.0,0.0,0.0,0.0,1.0,1.0,0.349432164,0.3790987471,0.05906409025,0.06158339977
1946,1.0,0.0,0.0,0.0,1.0,1.0,0.3515791781,0.3713679856,0.059643507,0.06076353788
1947,1.0,0.0,0.0,0.0,1.0,1.0,0.3464067577,0.3739292281,0.05900460482,0.06126320362
1948,1.0,0.0,0.0,0.0,1.0,1.0,0.3533299053,0.3777959396,0.05927425623,0.06122219563
1949,1.0,0.0,0.0,0.0,1.0,1.0,0.3590309488,0.3834667125,0.06006896496,0.06174534559
1950,1.0,0.0,0.0,0.0,1.0,1.0,0.3476318345,0.3661148816,0.05823594332,0.05907589197
1951,1.0,0.0,0.0,0.0,1.0,1.0,0.3450951222,0.3618666621,0.05826359987,0.05910795927
1952,1.0,0.0,0.0,0.0,1.0,1.0,0.321853979,0.3210016323,0.05328160524,0.05187952518
1953,1.0,0.0,0.0,0.0,1.0,1.0,0.2717622711,0.1842036263,0.04310470819,0.02864193916
1954,1.0,0.0,0.0,0.0,1.0,1.0,0.2948578419,0.1377908056,0.04634612799,0.02132493258
1955,1.0,0.0,0.0,0.0,1.0,1.0,0.2936318106,0.131408066,0.04631268978,0.02042359114
1956,1.0,0.0,0.0,0.0,1.0,1.0,0.2912763263,0.1267676178,0.0457906723,0.01974725723
1957,1.0,0.0,0.0,0.0,1.0,1.0,0.2989158998,0.1174717689,0.0469019413,0.01812773943
1958,1.0,0.0,0.0,0.0,1.0,1.0,0.3025835353,0.1300387816,0.04709118605,0.01997804642
1959,1.0,0.0,0.0,0.0,1.0,1.0,0.3080848722,0.116601719,0.04808753729,0.01803284883
1960,1.0,0.0,0.0,0.0,1.0,1.0,0.2981757839,0.1230657576,0.04673880339,0.01904177666
1961,1.0,0.0,0.0,0.0,1.0,1.0,0.3011261123,0.1253982617,0.04752415419,0.01953446865
1962,1.0,0.0,0.0,0.0,1.0,1.0,0.3116340937,0.1179115565,0.0485996604,0.01811701059
1963,1.0,0.0,0.0,0.0,1.0,1.0,0.3116343681,0.1216546006,0.04799717665,0.01846039295
1964,1.0,0.0,0.0,0.0,1.0,1.0,0.3132578571,0.1244591167,0.04826503992,0.01896131039
1965,1.0,0.0,0.0,0.0,1.0,1.0,0.3163967701,0.1239910233,0.04886686802,0.01897186041
1966,1.0,0.0,0.0,0.0,1.0,1.0,0.3175797366,0.1315055599,0.04890185595,0.02013605833
1967,1.0,0.0,0.0,0.0,1.0,1.0,0.3180899125,0.124930256,0.04903948307,0.01915150881
1968,1.0,0.0,0.0,0.0,1.0,1.0,0.3110219225,0.1273054983,0.04847425222,0.01980352402
1969,1.0,0.0,0.0,0.0,1.0,1.0,0.3206465442,0.1249303308,0.04967308044,0.01917207241
1970,1.0,0.0,0.0,0.0,1.0,1.0,0.3198969615,0.1282301051,0.04886817932,0.01966291666
1971,1.0,0.0,0.0,0.0,1.0,1.0,0.3268139112,0.1268229377,0.05046701431,0.01965862513
1972,1.0,0.0,0.0,0.0,1.0,1.0,0.3280610569,0.1216053601,0.05034393072,0.01873266697
1973,1.0,0.0,0.0,0.0,1.0,1.0,0.3198214137,0.1292054472,0.04946899414,0.02002316713
1974,1.0,0.0,0.0,0.0,1.0,1.0,0.3261540021,0.130608783,0.04967868328,0.02004575729
1975,1.0,0.0,0.0,0.0,1.0,1.0,0.3216593739,0.1349054904,0.04910677671,0.02075344324
1976,1.0,0.0,0.0,0.0,1.0,1.0,0.3241949791,0.1362876222,0.04918730259,0.02095556259
1977,1.0,0.0,0.0,0.0,1.0,1.0,0.3241433153,0.1368058521,0.04928386211,0.02112168074
1978,1.0,0.0,0.0,0.0,1.0,1.0,0.3331471703,0.1340249087,0.05094152689,0.02073204517
1979,1.0,0.0,0.0,0.0,1.0,1.0,0.3328244703,0.146864677,0.05126816034,0.02295148373
1980,1.0,0.0,0.0,0.0,1.0,1.0,0.3354089937,0.1531710832,0.05014532804,0.023188591
1981,1.0,0.0,0.0,0.0,1.0,1.0,0.3350951722,0.1550857615,0.05042511225,0.0237467289
1982,1.0,0.0,0.0,0.0,1.0,1.0,0.3392868321,0.1552164159,0.0506426096,0.02372968197
1983,1.0,0.0,0.0,0.0,1.0,1.0,0.3462632399,0.1584019894,0.0513407588,0.02450352907
1984,1.0,0.0,0.0,0.0,1.0,1.0,0.3393224242,0.15534374,0.05034524202,0.02401524782
1985,1.0,0.0,0.0,0.0,1.0,1.0,0.3465255921,0.1628306008,0.05138260126,0.0252558589
1986,1.0,0.0,0.0,0.0,1.0,1.0,0.345848014,0.1721886947,0.0515973568,0.02681899071
1987,1.0,0.0,0.0,0.0,1.0,1.0,0.3536792724,0.1621231679,0.05139005184,0.02454018593
1988,1.0,0.0,0.0,0.0,1.0,1.0,0.3598383084,0.1665733756,0.05304586887,0.0256485343
1989,1.0,0.0,0.0,0.0,1.0,1.0,0.3662977134,0.1796750056,0.05338925123,0.02755576372
1990,1.0,0.0,0.0,0.0,1.0,1.0,0.3562365386,0.1822291872,0.05243718624,0.02825784683
1991,1.0,0.0,0.0,0.0,1.0,1.0,0.3803621851,0.1904597437,0.05554741621,0.02922028303
1992,1.0,0.0,0.0,0.0,1.0,1.0,0.37564243,0.2149536956,0.05536037683,0.03356045485
1993,1.0,0.0,0.0,0.5235987902,1.0,1.0,0.3377615689,0.2641381653,0.05340784788,0.04319322109
1994,1.0,0.0,0.0,0.0,1.0,1.0,0.3277154532,0.3313939372,0.05204313993,0.05434340239
1995,1.0,0.0,0.0,0.0,1.0,1.0,0.357195031,0.4184513473,0.05916982889,0.07053738832
1996,1.0,0.0,0.0,0.0,1.0,1.0,0.3815730744,0.4417330824,0.06320941448,0.07509750128
1997,1.0,0.0,0.0,0.5235987902,1.0,1.0,0.3886235429,0.4389441288,0.065081954,0.07588028908
1998,1.0,0.0,0.0,0.5235987902,1.0,1.0,0.3907852005,0.4477366998,0.06484460831,0.07660847902
1999,1.0,0.0,0.0,0.5235987902,1.0,1.0,0.3883347774,0.4443826621,0.06430393457,0.07607382536
2000,1.0,0.0,0.0,0.5235987902,1.0,1.0,0.4045361043,0.4598760426,0.06824678183,0.0794300437
2001,1.0,0.0,0.0,0.5235987902,1.0,1.0,0.4021320884,0.4649721559,0.0687122345,0.08078724146
2002,1.0,0.0,0.0,0.5235987902,1.0,1.0,0.4092471351,0.4714035184,0.07016158104,0.08204841614
2003,1.0,0.0,0.0,0.5235987902,1.0,1.0,0.4088626029,0.469637306,0.06749802828,0.07805323601
2004,1.0,0.0,0.0,0.5235987902,1.0,1.0,0.406837704,0.4662949208,0.06742608547,0.07773500681
2005,1.0,0.0,0.0,0.0,1.0,1.0,0.4004525663,0.4562670244,0.06606346369,0.07609844208
2006,1.0,0.0,0.0,0.0,1.0,1.0,0.3940513418,0.4458791151,0.06571686268,0.07442295551
2007,1.0,0.0,0.0,0.0,1.0,1.0,0.3919045332,0.4522893986,0.06439387798,0.07507926226
2008,1.0,0.0,0.0,0.0,1.0,1.0,0.3926681112,0.4473851224,0.06573438644,0.07508450747
2009,1.0,0.0,0.0,0.0,1.0,1.0,0.38881449,0.4417327356,0.0652243495,0.074418962
2010,1.0,0.0,0.0,0.0,1.0,1.0,0.3892830222,0.4321908998,0.06491851807,0.07225710154
2011,1.0,0.0,0.0,0.0,1.0,1.0,0.3930010329,0.434101276,0.06526947021,0.07258415222
2012,1.0,0.0,0.0,0.0,1.0,1.0,0.3862822471,0.4288145763,0.06436389685,0.07139050961
2013,1.0,0.0,0.0,0.0,1.0,1.0,0.3912711161,0.4319622472,0.0650755167,0.07214891911
2014,1.0,0.0,0.0,0.0,1.0,1.0,0.4014634241,0.4408313589,0.06780940294,0.074647367
2015,1.0,0.0,0.0,0.0,1.0,1.0,0.4004583559,0.4370443587,0.0671671629,0.07374101877
2016,1.0,0.0,0.0,0.0,1.0,1.0,0.4014853338,0.431499612,0.06708025932,0.07221829891
2017,1.0,0.0,0.0,0.0,1.0,1.0,0.3883841364,0.4155752672,0.06398153305,0.06881564856
2018,1.0,0.0,0.0,0.0,1.0,1.0,0.3945849289,0.4239012139,0.06532663107,0.07048398256
2019,1.0,0.0,0.0,0.0,1.0,1.0,0.3907851287,0.4181696467,0.06490778923,0.06921589375
2020,1.0,0.0,0.0,0.0,1.0,1.0,0.4018373842,0.4239012247,0.06805747747,0.07154762745
2021,1.0,0.0,0.0,0.0,1.0,1.0,0.360397002,0.3647088766,0.0585885644,0.05944597721
2022,1.0,0.0,0.0,0.0,1.0,1.0,0.3234315916,0.1906343915,0.04968929291,0.02975583076
2023,1.0,0.0,0.0,0.0,1.0,1.0,0.3499016861,0.1321102902,0.05231767893,0.01994431019
2024,1.0,0.0,0.0,0.0,1.0,1.0,0.3382432027,0.1364621573,0.05167847872,0.0207297802
2025,1.0,0.0,0.0,0.0,1.0,1.0,0.3113933166,0.1296983141,0.04905885458,0.01997601986
2026,1.0,0.0,0.0,0.0,1.0,1.0,0.3179245532,0.2794732743,0.05196362734,0.04335081577
2027,1.0,0.0,0.0,0.0,1.0,1.0,0.3376722381,0.3239948279,0.05685603619,0.05057042837
2028,1.0,0.0,0.0,0.0,1.0,1.0,0.3280995625,0.3245422447,0.05643439293,0.05093568563
2029,1.0,0.0,0.0,0.0,1.0,1.0,0.3218541623,0.321113337,0.05323374271,0.04734998941
2030,1.0,0.0,0.0,0.0,1.0,1.0,0.3189009106,0.3032014742,0.05406057835,0.04514336586
2031,1.0,0.0,0.0,0.0,1.0,1.0,0.309037974,0.2945123469,0.05140858889,0.04238474369
2032,1.0,0.0,0.0,0.0,1.0,1.0,0.3180042714,0.3242461564,0.05386060476,0.04671579599
2033,1.0,0.0,0.0,0.0,1.0,1.0,0.3136461789,0.3299316258,0.05396461487,0.04781317711
2034,1.0,0.0,0.0,0.0,1.0,1.0,0.3090061075,0.3140010203,0.05325937271,0.04549241066
2035,1.0,0.0,0.0,0.0,1.0,1.0,0.2976044557,0.3132867242,0.05214613676,0.04545360804
2036,1.0,0.0,0.0,0.0,1.0,1.0,0.2623332047,0.2383282014,0.04495584965,0.03419953585
2037,1.0,0.0,0.0,0.0,1.0,1.0,0.2118476938,0.06069497357,0.0346853137,0.008391618729
2038,1.0,0.0,0.0,0.0,1.0,1.0,0.2224903944,0.05183793564,0.0357093215,0.00708514452
2039,1.0,0.0,0.0,0.0,1.0,1.0,0.2380457246,0.05281596349,0.03820472956,0.007303833961
2040,1.0,0.0,0.0,0.0,1.0,1.0,0.2153969965,0.0568308832,0.03529632092,0.008188724518
2041,1.0,0.0,0.0,0.0,1.0,1.0,0.2139214811,0.07111408092,0.03488886356,0.01032710075
2042,1.0,0.0,0.0,0.0,1.0,1.0,0.2122562235,0.1640873,0.0351626873,0.02436465025
2043,1.0,0.0,0.0,0.0,1.0,1.0,0.2465944859,0.2279749789,0.04185515642,0.03464829922
2044,1.0,0.0,0.0,0.0,1.0,1.0,0.2821002252,0.2756469642,0.04801565409,0.04252821207
2045,1.0,0.0,0.0,0.0,1.0,1.0,0.3014446399,0.3012503498,0.05137747526,0.04670679569
2046,1.0,0.0,0.0,0.0,1.0,1.0,0.3001570042,0.3047945639,0.05091321468,0.04733556509
2047,1.0,0.0,0.0,0.0,1.0,1.0,0.3096184312,0.3220033618,0.05297333002,0.05022859573
2048,1.0,0.0,0.0,0.0,1.0,1.0,0.309504529,0.3173663886,0.05271607637,0.04969584942
2049,1.0,0.0,0.0,0.0,1.0,1.0,0.3088890509,0.3121065245,0.05340766907,0.0497726202
2050,1.0,0.0,0.0,0.0,1.0,1.0,0.3116191415,0.3180041385,0.05323076248,0.05019688606
2051,1.0,0.0,0.0,0.0,1.0,1.0,0.3175645148,0.3227365555,0.05488103628,0.05181664228
2052,1.0,0.0,0.0,0.0,1.0,1.0,0.3143406979,0.3168959756,0.05369877815,0.05011880398
2053,1.0,0.0,0.0,0.0,1.0,1.0,0.316381669,0.3208733159,0.05442041159,0.05107146502
2054,1.0,0.0,0.0,0.0,1.0,1.0,0.3189706385,0.3162567176,0.05413359404,0.05024707317
2055,1.0,0.0,0.0,0.0,1.0,1.0,0.3255512023,0.3284879925,0.05567377806,0.05233335495
2056,1.0,0.0,0.0,0.0,1.0,1.0,0.317929991,0.3116729113,0.05452662706,0.05005270243
2057,1.0,0.0,0.0,0.0,1.0,1.0,0.3134538987,0.3072490356,0.05329757929,0.04855382442
2058,1.0,0.0,0.0,0.0,1.0,1.0,0.3051100268,0.2895909907,0.05143374205,0.04559534788
2059,1.0,0.0,0.0,0.0,1.0,1.0,0.2476949635,0.1508251293,0.04067498446,0.02360862494
2060,1.0,0.0,0.0,0.0,1.0,1.0,0.2835040785,0.08143601906,0.0447409749,0.01245951653
2061,1.0,0.0,0.0,0.0,1.0,1.0,0.2941685231,0.08983736001,0.04567468166,0.01361727715
2062,1.0,0.0,0.0,0.0,1.0,1.0,0.2921162271,0.09805866594,0.04540085793,0.01484811306
2063,1.0,0.0,0.0,0.0,1.0,1.0,0.3007494816,0.09919569375,0.04698562622,0.01518440247
2064,1.0,0.0,0.0,0.0,1.0,1.0,0.2881942167,0.1074869864,0.04471623898,0.01633858681
2065,1.0,0.0,0.0,0.0,1.0,1.0,0.2932939227,0.1045041973,0.04546970129,0.01592886448
2066,1.0,0.0,0.0,0.0,1.0,1.0,0.2994583969,0.1010888328,0.04612284899,0.01527822018
2067,1.0,0.0,0.0,0.0,1.0,1.0,0.2952896132,0.09956109118,0.04512500763,0.01504164934
2068,1.0,0.0,0.0,0.0,1.0,1.0,0.2973860086,0.1049032372,0.0453492403,0.01578611135
2069,1.0,0.0,0.0,0.0,1.0,1.0,0.3017185222,0.09345902431,0.04610329866,0.01411908865
2070,1.0,0.0,0.0,0.0,1.0,1.0,0.2981447546,0.1022157644,0.04645878077,0.01577848196
2071,1.0,0.0,0.0,0.0,1.0,1.0,0.2998323469,0.1022157589,0.04633259773,0.01573562622
2072,1.0,0.0,0.0,0.0,1.0,1.0,0.290100099,0.1108402239,0.04452300072,0.01694744825
2073,1.0,0.0,0.0,0.0,1.0,1.0,0.286894352,0.1056016285,0.04393023252,0.01607906818
2074,1.0,0.0,0.0,0.0,1.0,1.0,0.2810347544,0.1070831577,0.04384940863,0.01655244827
2075,1.0,0.0,0.0,0.0,1.0,1.0,0.2906442466,0.1131443783,0.04502779245,0.01743012667
2076,1.0,0.0,0.0,0.0,1.0,1.0,0.2928419217,0.1083043877,0.04480701685,0.01647740602
2077,1.0,0.0,0.0,0.0,1.0,1.0,0.2971823177,0.1097868316,0.04513776302,0.01667505503
2078,1.0,0.0,0.0,0.0,1.0,1.0,0.2990750855,0.1060011111,0.04611068964,0.01634299755
2079,1.0,0.0,0.0,0.0,1.0,1.0,0.2928422474,0.1056014721,0.04419440031,0.01596701145
2080,1.0,0.0,0.0,0.0,1.0,1.0,0.295503533,0.1141683227,0.04541546106,0.01764547825
2081,1.0,0.0,0.0,0.0,1.0,1.0,0.2917391522,0.1164763011,0.04491060972,0.01796424389
2082,1.0,0.0,0.0,0.0,1.0,1.0,0.3045918858,0.1154660913,0.04600811005,0.01754063368
2083,1.0,0.0,0.0,0.0,1.0,1.0,0.2988807693,0.1244588546,0.04516857862,0.01898807287
2084,1.0,0.0,0.0,0.0,1.0,1.0,0.2920571626,0.1338875833,0.0446510911,0.02058589458
2085,1.0,0.0,0.0,0.0,1.0,1.0,0.301539319,0.138499439,0.04598665237,0.02140259743
2086,1.0,0.0,0.0,0.0,1.0,1.0,0.3013582383,0.133384351,0.04612261057,0.0207260251
2087,1.0,0.0,0.0,0.0,1.0,1.0,0.2962017508,0.1441145476,0.04497557878,0.02234274149
2088,1.0,0.0,0.0,0.0,1.0,1.0,0.2882284238,0.1480655076,0.04470121861,0.02322143316
2089,1.0,0.0,0.0,0.0,1.0,1.0,0.2906444525,0.1530508207,0.04529851675,0.02425658703
2090,1.0,0.0,0.0,0.0,1.0,1.0,0.2953547059,0.1478574655,0.04444867373,0.02265447378
2091,1.0,0.0,0.0,0.0,1.0,1.0,0.2986840053,0.1470879731,0.0452029109,0.02260148525
2092,1.0,0.0,0.0,0.0,1.0,1.0,0.2980291271,0.1516004695,0.04538023472,0.02341270447
2093,1.0,0.0,0.0,0.0,1.0,1.0,0.2976243171,0.1540490334,0.0451374054,0.02387911081
2094,1.0,0.0,0.0,0.0,1.0,1.0,0.3017544046,0.1559281625,0.04559963942,0.02410686016
2095,1.0,0.0,0.0,0.0,1.0,1.0,0.3055744735,0.1514306826,0.04540407658,0.02313584089
2096,1.0,0.0,0.0,0.0,1.0,1.0,0.2940662274,0.1516005554,0.04402810335,0.02330899239
2097,1.0,0.0,0.0,0.0,1.0,1.0,0.2735116192,0.1733349129,0.04226231575,0.02720999718
2098,1.0,0.0,0.0,0.0,1.0,1.0,0.2582203851,0.2062044262,0.03978747129,0.03177267313
2099,1.0,0.0,0.0,0.0,1.0,1.0,0.2891020069,0.3224005962,0.04543781281,0.05017673969
2100,1.0,0.0,0.0,0.0,1.0,1.0,0.3160700992,0.361008393,0.05077731609,0.05663627386
2101,1.0,0.0,0.0,0.0,1.0,1.0,0.3423216031,0.3906272226,0.05546241999,0.06187272072
2102,1.0,0.0,0.0,0.0,1.0,1.0,0.3471836814,0.399424849,0.05666673183,0.06367993355
2103,1.0,0.0,0.0,0.0,1.0,1.0,0.3515277768,0.4064632091,0.05725544691,0.06483340263
2104,1.0,0.0,0.0,0.0,1.0,1.0,0.3435579992,0.4019107806,0.05548173189,0.0633276701
2105,1.0,0.0,0.0,0.0,1.0,1.0,0.3571891377,0.4128899,0.05797940493,0.06494802237
2106,1.0,0.0,0.0,0.0,1.0,1.0,0.3552803971,0.4072456313,0.05806934834,0.06455278397
2107,1.0,0.0,0.0,0.0,1.0,1.0,0.3486025184,0.3951691671,0.05679100752,0.06238615513
2108,1.0,0.0,0.0,0.0,1.0,1.0,0.3459937723,0.3876838938,0.05688607693,0.06139189005
2109,1.0,0.0,0.0,0.0,1.0,1.0,0.3585978636,0.400132576,0.05838555098,0.06285530329
2110,1.0,0.0,0.0,0.0,1.0,1.0,0.3632769023,0.3983541139,0.05943781137,0.06309986115
2111,1.0,0.0,0.0,0.0,1.0,1.0,0.3596963849,0.4054674139,0.05887258053,0.06391876936
2112,1.0,0.0,0.0,0.0,1.0,1.0,0.3496340214,0.3867098976,0.05771499872,0.06165653467
2113,1.0,0.0,0.0,0.0,1.0,1.0,0.352443906,0.3923865629,0.05793184042,0.06240963936
2114,1.0,0.0,0.0,0.0,1.0,1.0,0.3559656337,0.3916254004,0.05854028463,0.06219905615
2115,1.0,0.0,0.0,0.0,1.0,1.0,0.3557772422,0.3944225113,0.0577558279,0.0616620183
2116,1.0,0.0,0.0,0.0,1.0,1.0,0.3621909197,0.3902417024,0.05961662531,0.06214755774
2117,1.0,0.0,0.0,0.0,1.0,1.0,0.3604825303,0.3959056939,0.05930417776,0.06323903799
2118,1.0,0.0,0.0,0.0,1.0,1.0,0.3553571527,0.3937733589,0.05835825205,0.06256681681
2119,1.0,0.0,0.0,0.0,1.0,1.0,0.3606233098,0.3987132555,0.05884689093,0.06305021048
2120,1.0,0.0,0.0,0.0,1.0,1.0,0.3604825268,0.3937732691,0.05895727873,0.06231033802
2121,1.0,0.0,0.0,0.0,1.0,1.0,0.3623303672,0.3930190359,0.05857819319,0.06194150448
2122,1.0,0.0,0.0,0.0,1.0,1.0,0.3610775067,0.394422647,0.0584898591,0.0618481636
2123,1.0,0.0,0.0,0.0,1.0,1.0,0.3590397486,0.3863093078,0.05855298042,0.06136804819
2124,1.0,0.0,0.0,0.0,1.0,1.0,0.3635899582,0.390626739,0.05964952707,0.0627592206
2125,1.0,0.0,0.0,0.0,1.0,1.0,0.365775076,0.3937729405,0.05975776911,0.06256330013
2126,1.0,0.0,0.0,0.0,1.0,1.0,0.3662338257,0.3941462116,0.05985450745,0.0626514554
2127,1.0,0.0,0.0,0.0,1.0,1.0,0.368124845,0.3884756211,0.06006902456,0.06175321341
2128,1.0,0.0,0.0,0.0,1.0,1.0,0.3696564747,0.3959056046,0.06058198214,0.06310623884
2129,1.0,0.0,0.0,0.0,1.0,1.0,0.358241627,0.3898529984,0.05874204636,0.06243109703
2130,1.0,0.0,0.0,0.0,1.0,1.0,0.3585521252,0.3926379488,0.05834549665,0.06200969219
2131,1.0,0.0,0.0,0.0,1.0,1.0,0.3574393287,0.385905915,0.05790024996,0.06099206209
2132,1.0,0.0,0.0,0.0,1.0,1.0,0.3597992077,0.3805705302,0.05841934681,0.06039488316
2133,1.0,0.0,0.0,0.0,1.0,1.0,0.3599722082,0.3884755832,0.05832654238,0.0616915226
2134,1.0,0.0,0.0,0.0,1.0,1.0,0.3615371304,0.3958364374,0.05886971951,0.06254911423
2135,1.0,0.0,0.0,0.0,1.0,1.0,0.3626447447,0.3933971862,0.05877929926,0.06243538857
2136,1.0,0.0,0.0,0.0,1.0,1.0,0.3609334904,0.4036894316,0.05908858776,0.06387197971
2137,1.0,0.0,0.0,0.0,1.0,1.0,0.3563898016,0.3990577299,0.05964362621,0.06396567822
2138,1.0,0.0,0.0,0.0,1.0,1.0,0.3565762143,0.3831782714,0.06097650528,0.06361490488
2139,1.0,0.0,0.0,0.0,1.0,1.0,0.3599720759,0.3965758853,0.05881094933,0.06305217743
2140,1.0,0.0,0.0,0.0,1.0,1.0,0.3542765898,0.3962073489,0.05727463961,0.06232827902
2141,1.0,0.0,0.0,0.0,1.0,1.0,0.3624734876,0.411322546,0.05921810865,0.06554239988
2142,1.0,0.0,0.0,0.0,1.0,1.0,0.3589547532,0.4155384822,0.06016021967,0.06841742992
2143,1.0,0.0,0.0,0.0,1.0,1.0,0.3614615459,0.4012356907,0.0598846674,0.06587314606
2144,1.0,0.0,0.0,0.0,1.0,1.0,0.3521165222,0.3904629588,0.05935257673,0.06534779072
2145,1.0,0.0,0.0,0.0,1.0,1.0,0.3584567558,0.3958362123,0.06163406372,0.0670992136
2146,1.0,0.0,0.0,0.0,1.0,1.0,0.3639177177,0.4008551843,0.06123501062,0.06661170721
2147,1.0,0.0,0.0,0.0,1.0,1.0,0.3537849863,0.3926380432,0.06093639135,0.06703001261
2148,1.0,0.0,0.0,0.0,1.0,1.0,0.3432248512,0.4001390932,0.05971801281,0.06838178635
2149,1.0,0.0,0.0,0.0,1.0,1.0,0.3468547126,0.3972142494,0.06018298864,0.06731808186
2150,1.0,0.0,0.0,0.0,1.0,1.0,0.3415356601,0.4067073417,0.05833470821,0.06846660376
2151,1.0,0.0,0.0,0.0,1.0,1.0,0.3355015745,0.4073813712,0.05906569958,0.06994628906
2152,1.0,0.0,0.0,0.0,1.0,1.0,0.3490958639,0.4110022933,0.06077837944,0.07003396749
2153,1.0,0.0,0.0,0.0,1.0,1.0,0.3426659128,0.4146233188,0.05988448858,0.07142466307
2154,1.0,0.0,0.0,0.0,1.0,1.0,0.3397030926,0.411534794,0.0602439642,0.07102441788
2155,1.0,0.0,0.0,0.0,1.0,1.0,0.3308010892,0.4019495815,0.05868154764,0.06929421425
2156,1.0,0.0,0.0,0.0,1.0,1.0,0.3331470748,0.3979597545,0.05896449089,0.06868743896
2157,1.0,0.0,0.0,0.0,1.0,1.0,0.3325546706,0.3906908715,0.05824381113,0.06696474552
2158,1.0,0.0,0.0,0.0,1.0,1.0,0.3414906319,0.4030596637,0.05959093571,0.06895083189
2159,1.0,0.0,0.0,0.0,1.0,1.0,0.3319575237,0.4012358018,0.05826306343,0.06891328096
2160,1.0,0.0,0.0,0.0,1.0,1.0,0.3384354408,0.4088628918,0.05909532309,0.06925237179
2161,1.0,0.0,0.0,0.0,1.0,1.0,0.3371611291,0.4114309417,0.06082171202,0.07230335474
2162,1.0,0.0,0.0,0.0,1.0,1.0,0.3372242718,0.4033463696,0.05931079388,0.06945204735
2163,1.0,0.0,0.0,0.0,1.0,1.0,0.3377663135,0.4061335221,0.05898934603,0.0695771575
2164,1.0,0.0,0.0,0.0,1.0,1.0,0.3383255924,0.4075739705,0.06041407585,0.07089412212
2165,1.0,0.0,0.0,0.0,1.0,1.0,0.3446947095,0.4247628206,0.06128817797,0.07329946756
2166,1.0,0.0,0.0,0.0,1.0,1.0,0.3368714311,0.4182063359,0.06124013662,0.07373809814
2167,1.0,0.0,0.0,0.0,1.0,1.0,0.3454648347,0.4265474296,0.06204789877,0.07377833128
2168,1.0,0.0,0.0,0.0,1.0,1.0,0.3394985481,0.4087004679,0.06027525663,0.07042366266
2169,1.0,0.0,0.0,0.0,1.0,1.0,0.3384355926,0.4136882998,0.05904054642,0.06949555874
2170,1.0,0.0,0.0,0.0,1.0,1.0,0.3419143135,0.4128129139,0.06080549955,0.07109564543
2171,1.0,0.0,0.0,0.0,1.0,1.0,0.3401606248,0.4167349402,0.06070184708,0.07227909565
2172,1.0,0.0,0.0,0.0,1.0,1.0,0.3377905589,0.4083740285,0.06088984013,0.07156121731
2173,1.0,0.0,0.0,0.0,1.0,1.0,0.3331471347,0.3884754331,0.05832582712,0.06648540497
2174,1.0,0.0,0.0,0.0,1.0,1.0,0.3348826522,0.3947973163,0.05846184492,0.06724619865
2175,1.0,0.0,0.0,0.0,1.0,1.0,0.3400516002,0.3884755367,0.05901449919,0.0659045577
2176,1.0,0.0,0.0,0.0,1.0,1.0,0.3291058578,0.3898530241,0.05716466904,0.0661906004
2177,1.0,0.0,0.0,0.0,1.0,1.0,0.339369078,0.3878951197,0.06005084515,0.06665641069
2178,1.0,0.0,0.0,0.0,1.0,1.0,0.3571251118,0.3896425964,0.06364011765,0.06725943089
2179,1.0,0.0,0.0,0.0,1.0,1.0,0.3534405451,0.3917673925,0.06262362003,0.06741780043
2180,1.0,0.0,0.0,0.0,1.0,1.0,0.3420460964,0.3833476032,0.06474655867,0.07074743509
2181,1.0,0.0,0.0,0.0,1.0,1.0,0.2923060235,0.3165492236,0.0494710207,0.05272960663
2182,1.0,0.0,0.0,0.0,1.0,1.0,0.2623535723,0.2480631833,0.04077333212,0.03827702999
2183,1.0,0.0,0.0,0.0,1.0,1.0,0.2595723315,0.2409368942,0.04070478678,0.03738194704
2184,1.0,0.0,0.0,0.0,1.0,1.0,0.2845692884,0.29238995,0.04516381025,0.04516381025
2185,1.0,0.0,0.0,0.0,1.0,1.0,0.288251123,0.2984200197,0.04584163427,0.04611450434
2186,1.0,0.0,0.0,0.0,1.0,1.0,0.3046561501,0.3197515105,0.04938650131,0.05020964146
2187,1.0,0.0,0.0,0.0,1.0,1.0,0.3094715091,0.3173666413,0.05033838749,0.04978829622
2188,1.0,0.0,0.0,0.0,1.0,1.0,0.3153496808,0.3221196684,0.05168831348,0.05059438944
2189,1.0,0.0,0.0,0.0,1.0,1.0,0.3153498548,0.3203789284,0.0518078208,0.0504372716
2190,1.0,0.0,0.0,0.0,1.0,1.0,0.3169370908,0.3156129305,0.05183827877,0.04936975241
2191,1.0,0.0,0.0,0.0,1.0,1.0,0.3190786871,0.3143123908,0.05168652534,0.04867833853
2192,1.0,0.0,0.0,0.0,1.0,1.0,0.3129565474,0.3090148147,0.05095261335,0.04793930054
2193,1.0,0.0,0.0,0.0,1.0,1.0,0.317469689,0.3107803075,0.05198562145,0.04840987921
2194,1.0,0.0,0.0,0.0,1.0,1.0,0.3147321491,0.3079265634,0.05177098513,0.04819107056
2195,1.0,0.0,0.0,0.0,1.0,1.0,0.3197544105,0.3103529331,0.05256617069,0.04871314764
2196,1.0,0.0,0.0,0.0,1.0,1.0,0.317098782,0.3088555096,0.05263954401,0.04905676842
2197,1.0,0.0,0.0,0.0,1.0,1.0,0.3177797981,0.3060570373,0.05259633064,0.04823595285
2198,1.0,0.0,0.0,0.0,1.0,1.0,0.3211908745,0.3194090759,0.05442231894,0.05138349533
2199,1.0,0.0,0.0,0.0,1.0,1.0,0.321771495,0.3205106788,0.05380636454,0.05054539442
2200,1.0,0.0,0.0,0.0,1.0,1.0,0.302762762,0.2932390298,0.0506837368,0.04605132341
2201,1.0,0.0,0.0,0.0,1.0,1.0,0.311723331,0.2998326289,0.05216795206,0.04678976536
2202,1.0,0.0,0.0,0.0,1.0,1.0,0.3105064017,0.3015560632,0.05201560259,0.0474100709
2203,1.0,0.0,0.0,0.0,1.0,1.0,0.2991855111,0.2872963024,0.05001366138,0.04460686445
2204,1.0,0.0,0.0,0.0,1.0,1.0,0.2930217259,0.2833469957,0.04987251759,0.04448091984
2205,1.0,0.0,0.0,0.0,1.0,1.0,0.2965887634,0.2988196422,0.05200701952,0.0479439497
2206,1.0,0.0,0.0,0.0,1.0,1.0,0.2824842939,0.3005079551,0.04919415712,0.04759001732
2207,1.0,0.0,0.0,0.0,1.0,1.0,0.2736749322,0.2934604831,0.04766309261,0.04608309269
2208,1.0,0.0,0.0,0.0,1.0,1.0,0.2810458725,0.3091920477,0.04957664013,0.04904645681
2209,1.0,0.0,0.0,0.0,1.0,1.0,0.2740893936,0.3072609416,0.04768270254,0.04794615507
2210,1.0,0.0,0.0,0.0,1.0,1.0,0.2698344374,0.2978135925,0.0480786562,0.04754143953
2211,1.0,0.0,0.0,0.0,1.0,1.0,0.2678441866,0.2984680127,0.04663664103,0.04663664103
2212,1.0,0.0,0.0,0.0,1.0,1.0,0.2583694577,0.2967093139,0.04545301199,0.04654175043
2213,1.0,0.0,0.0,0.0,1.0,1.0,0.2729956211,0.3099315382,0.0471355319,0.04740184546
2214,1.0,0.0,0.0,0.0,1.0,1.0,0.2668261947,0.3029665114,0.04661053419,0.04687994719
2215,1.0,0.0,0.0,0.0,1.0,1.0,0.26579248,0.3057735114,0.04669207335,0.04778432846
2216,1.0,0.0,0.0,0.0,1.0,1.0,0.2725751507,0.3099316321,0.04821324348,0.04848563671
2217,1.0,0.0,0.0,0.0,1.0,1.0,0.2717232196,0.3085997751,0.04751300812,0.04805916548
2218,1.0,0.0,0.0,0.0,1.0,1.0,0.2833064407,0.3189705081,0.0498829484,0.04988288879
2219,1.0,0.0,0.0,0.0,1.0,1.0,0.26609534,0.3034022112,0.04679369926,0.04735082388
2220,1.0,0.0,0.0,0.0,1.0,1.0,0.2675670194,0.3030224949,0.04703831673,0.04731506109
2221,1.0,0.0,0.0,0.0,1.0,1.0,0.262927418,0.3016173445,0.04617345333,0.04700797796
2222,1.0,0.0,0.0,0.0,1.0,1.0,0.2667270325,0.3026480159,0.04668557644,0.04723483324
2223,1.0,0.0,0.0,0.0,1.0,1.0,0.2620966704,0.2959340947,0.04612910748,0.04640704393
2224,1.0,0.0,0.0,0.0,1.0,1.0,0.2692633708,0.3012503055,0.04694253206,0.04694253206
2225,1.0,0.0,0.0,0.0,1.0,1.0,0.2673664902,0.3094357574,0.04634225368,0.04799735546
2226,1.0,0.0,0.0,0.0,1.0,1.0,0.2598230085,0.2969872794,0.04560208321,0.04672116041
2227,1.0,0.0,0.0,0.0,1.0,1.0,0.2712769328,0.3072489722,0.04745686054,0.04828947783
2228,1.0,0.0,0.0,0.0,1.0,1.0,0.2707150494,0.3064489926,0.04724770784,0.04834645987
2229,1.0,0.0,0.0,0.0,1.0,1.0,0.2699916034,0.3079266126,0.0474447608,0.04855453968
2230,1.0,0.0,0.0,0.0,1.0,1.0,0.2724311778,0.3107804523,0.04718077183,0.04827797413
2231,1.0,0.0,0.0,0.0,1.0,1.0,0.2660955107,0.3054827641,0.04570806026,0.04706835747
2232,1.0,0.0,0.0,0.0,1.0,1.0,0.2704188592,0.3090150426,0.04779946804,0.04891759157
2233,1.0,0.0,0.0,0.0,1.0,1.0,0.2614172649,0.3023222884,0.04493260384,0.04657644033
2234,1.0,0.0,0.0,0.0,1.0,1.0,0.2614169309,0.3001855351,0.04526072741,0.04691660404
2235,1.0,0.0,0.0,0.0,1.0,1.0,0.2715705719,0.3064495613,0.04659205675,0.04767560959
2236,1.0,0.0,0.0,0.0,1.0,1.0,0.26493135,0.3061672381,0.04575288296,0.04767072201
2237,1.0,0.0,0.0,0.0,1.0,1.0,0.262592262,0.300888051,0.04531991482,0.04696786404
2238,1.0,0.0,0.0,0.0,1.0,1.0,0.2594703864,0.2977060842,0.04463398457,0.04628711939
2239,1.0,0.0,0.0,0.0,1.0,1.0,0.2316374051,0.2659228897,0.03909808397,0.04073852301
2240,1.0,0.0,0.0,0.0,1.0,1.0,0.1332588906,0.1722522929,0.0216987133,0.02531516552
2241,1.0,0.0,0.0,0.0,1.0,1.0,0.08788190036,0.1773815525,0.01425158978,0.02598816156
2242,1.0,0.0,0.0,0.0,1.0,1.0,0.09559885083,0.1818909334,0.01532566547,0.02647161484
2243,1.0,0.0,0.0,0.0,1.0,1.0,0.09976899921,0.1755779748,0.01605087519,0.02562516928
2244,1.0,0.0,0.0,0.0,1.0,1.0,0.09694753537,0.162072029,0.01547086239,0.02362829447
2245,1.0,0.0,0.0,0.0,1.0,1.0,0.09358736293,0.1730549765,0.01486098766,0.02495521307
2246,1.0,0.0,0.0,0.0,1.0,1.0,0.1020556732,0.1697893963,0.016256392,0.02466487885
2247,1.0,0.0,0.0,0.0,1.0,1.0,0.1079046017,0.1665738099,0.01705163717,0.02403998375
2248,1.0,0.0,0.0,0.0,1.0,1.0,0.09994431639,0.1659306443,0.01592427492,0.02402609587
2249,1.0,0.0,0.0,0.0,1.0,1.0,0.1006504781,0.1601423355,0.01579475403,0.02299940586
2250,1.0,0.0,0.0,0.0,1.0,1.0,0.1207140303,0.1730549366,0.01907360554,0.02496397495
2251,1.0,0.0,0.0,0.0,1.0,1.0,0.1262640579,0.1678750806,0.01992619038,0.02413594723
2252,1.0,0.0,0.0,0.0,1.0,1.0,0.1147766342,0.1595260354,0.0181209445,0.02313905954
2253,1.0,0.0,0.0,0.0,1.0,1.0,0.1407410325,0.1685104908,0.0221477747,0.02439063787
2254,1.0,0.0,0.0,0.0,1.0,1.0,0.1240443087,0.1570006478,0.01963210106,0.02299761772
2255,1.0,0.0,0.0,0.0,1.0,1.0,0.114918463,0.1527449284,0.01827645302,0.0224301815
2256,1.0,0.0,0.0,0.0,1.0,1.0,0.1238552188,0.1510349342,0.0199149847,0.02240431309
2257,1.0,0.0,0.0,0.0,1.0,1.0,0.1244918444,0.1590022603,0.0198674798,0.02350521088
2258,1.0,0.0,0.0,0.0,1.0,1.0,0.1282235171,0.1539065339,0.02033853531,0.022567451
2259,1.0,0.0,0.0,0.0,1.0,1.0,0.1315992203,0.1549521505,0.0205065608,0.02216923237
2260,1.0,0.0,0.0,0.0,1.0,1.0,0.1266897044,0.1525867457,0.01996010542,0.02217793465
2261,1.0,0.0,0.0,0.0,1.0,1.0,0.1337282819,0.1463060597,0.02102082968,0.02129739523
2262,1.0,0.0,0.0,0.0,1.0,1.0,0.1420349844,0.1528995577,0.02259320021,0.02259320021
2263,1.0,0.0,0.0,0.0,1.0,1.0,0.1332591686,0.1465347958,0.02084118128,0.02138960361
2264,1.0,0.0,0.0,0.0,1.0,1.0,0.1521640529,0.159762152,0.02427071333,0.02371913195
2265,1.0,0.0,0.0,0.0,1.0,1.0,0.1397821579,0.1459861449,0.02208095789,0.02152895927
2266,1.0,0.0,0.0,0.0,1.0,1.0,0.1628206972,0.1604267519,0.02564686537,0.02373695374
2267,1.0,0.0,0.0,0.0,1.0,1.0,0.146085802,0.1444061717,0.02292746305,0.02124989033
2268,1.0,0.0,0.0,0.0,1.0,1.0,0.1639295115,0.1514307012,0.02551954985,0.02195233107
2269,1.0,0.0,0.0,0.0,1.0,1.0,0.1515907192,0.1291414416,0.02422076464,0.01943296194
2270,1.0,0.0,0.0,0.0,1.0,1.0,0.1786615032,0.1467584292,0.02839505672,0.02221000195
2271,1.0,0.0,0.0,0.0,1.0,1.0,0.1627408054,0.1226077916,0.02543526888,0.01824700832
2272,1.0,0.0,0.0,0.0,1.0,1.0,0.177520485,0.1193363119,0.02816390991,0.01802492142
2273,1.0,0.0,0.0,0.0,1.0,1.0,0.1919215818,0.1159048408,0.02992814779,0.01722282171
2274,1.0,0.0,0.0,0.0,1.0,1.0,0.192970576,0.110625107,0.03013199568,0.0164873004
2275,1.0,0.0,0.0,0.0,1.0,1.0,0.1723806587,0.08232949769,0.02686297894,0.01228839159
2276,1.0,0.0,0.0,0.0,1.0,1.0,0.2006314808,0.0995614851,0.03074288368,0.01480215788
2277,1.0,0.0,0.0,0.0,1.0,1.0,0.1820545067,0.0631831549,0.02792578936,0.009403586388
2278,1.0,0.0,0.0,0.0,1.0,1.0,0.2028661231,0.08807350883,0.03074133396,0.01297342777
2279,1.0,0.0,0.0,0.0,1.0,1.0,0.2039674768,0.07629348905,0.03122901917,0.01135605574
2280,1.0,0.0,0.0,0.0,1.0,1.0,0.206974015,0.07438591804,0.03136277199,0.0110193491
2281,1.0,0.0,0.0,0.0,1.0,1.0,0.1733348236,0.07731516924,0.0267598629,0.01167184114
2282,1.0,0.0,0.0,0.0,1.0,1.0,0.1562762642,0.1029387672,0.02424418926,0.01550501585
2283,1.0,0.0,0.0,0.0,1.0,1.0,0.2407668765,0.2516452679,0.03801167011,0.03855860233
2284,1.0,0.0,0.0,0.0,1.0,1.0,0.2811465229,0.3167245971,0.04572427273,0.05018520355
2285,1.0,0.0,0.0,0.0,1.0,1.0,0.2896688759,0.3325668133,0.04703050852,0.05253112316
2286,1.0,0.0,0.0,0.0,1.0,1.0,0.3046877109,0.3525427131,0.05012989044,0.05674034357
2287,1.0,0.0,0.0,0.0,1.0,1.0,0.3164062963,0.3645223486,0.05209559202,0.05871087313
2288,1.0,0.0,0.0,0.0,1.0,1.0,0.3160556329,0.3743611637,0.05165535212,0.05989819765
2289,1.0,0.0,0.0,0.0,1.0,1.0,0.3244175356,0.3790984097,0.05272626877,0.06041544676
2290,1.0,0.0,0.0,0.0,1.0,1.0,0.324277926,0.3777548145,0.05350202322,0.06118434668
2291,1.0,0.0,0.0,0.0,1.0,1.0,0.3309075761,0.3765020201,0.05401164293,0.06031757593
2292,1.0,0.0,0.0,0.0,1.0,1.0,0.3448076339,0.3853066411,0.05715066195,0.06322461367
2293,1.0,0.0,0.0,0.0,1.0,1.0,0.3345411849,0.3752171267,0.05498951674,0.06048846245
2294,1.0,0.0,0.0,0.0,1.0,1.0,0.3406997165,0.3769227202,0.05562227964,0.06055432558
2295,1.0,0.0,0.0,0.0,1.0,1.0,0.3422857734,0.3828369696,0.05656582117,0.06205767393
2296,1.0,0.0,0.0,0.0,1.0,1.0,0.3378868721,0.3858391612,0.05549794436,0.0623664856
2297,1.0,0.0,0.0,0.0,1.0,1.0,0.3491720608,0.3845308453,0.05716663599,0.06268996
2298,1.0,0.0,0.0,0.0,1.0,1.0,0.2595949862,0.2480232575,0.03976690769,0.03834670782
2299,1.0,0.0,0.0,0.0,1.0,1.0,0.2313250943,0.1253911805,0.0335598588,0.01950484514
2300,1.0,0.0,0.0,0.0,1.0,1.0,0.2306401964,0.1096508411,0.03279769421,0.01754963398
2301,1.0,0.0,0.0,0.0,1.0,1.0,0.2506437298,0.11046452,0.03435909748,0.01803851128
2302,1.0,0.0,0.0,0.0,1.0,1.0,0.2527321895,0.09422338285,0.03503745794,0.01621568203
2303,1.0,0.0,0.0,0.0,1.0,1.0,0.2760888314,0.1097363179,0.03725600243,0.01937317848
2304,1.0,-0.7853981853,0.0,0.0,1.0,1.0,0.2888561141,0.1108597156,0.03789877892,0.01970738173
2305,1.0,-0.7853981853,0.0,0.0,1.0,1.0,0.2999522379,0.1244918259,0.03740441799,0.021245718
2306,1.0,-0.7853981853,0.0,0.0,1.0,1.0,0.2768410459,0.1373802928,0.03550553322,0.02407151461
2307,1.0,-0.7853981853,0.0,0.0,1.0,1.0,0.3234204557,0.2288525963,0.04020947218,0.03869783878
2308,1.0,-0.7853981853,0.0,0.0,1.0,1.0,0.3886071892,0.3077865205,0.05022585392,0.05353415012
2309,1.0,-0.7853981853,0.0,0.0,1.0,1.0,0.4053036441,0.3371406397,0.05177050829,0.05794769526
2310,1.0,-0.7853981853,0.0,0.0,1.0,1.0,0.4153524325,0.3400516333,0.05177104473,0.0579482317
2311,1.0,-0.7853981853,0.0,0.0,1.0,1.0,0.4155385742,0.3319946144,0.05206513405,0.05745118856
2312,1.0,-0.7853981853,0.0,0.0,1.0,1.0,0.4199337871,0.3440982882,0.05297994614,0.06024569273
2313,1.0,-0.7853981853,0.0,0.0,1.0,1.0,0.4330916336,0.3578033473,0.05487364531,0.06271266937
2314,1.0,-0.7853981853,0.0,0.0,1.0,1.0,0.4346468037,0.3389411162,0.05412775278,0.05963224173
2315,1.0,-0.7853981853,0.0,0.0,1.0,1.0,0.4285062006,0.3446950023,0.05265140533,0.05953198671
2316,1.0,-0.7853981853,0.0,0.0,1.0,1.0,0.4311807548,0.3465665797,0.05381798744,0.06159514189
2317,1.0,-0.7853981853,0.0,0.0,1.0,1.0,0.4229374565,0.3472489888,0.05219596624,0.06120604277
2318,1.0,-0.7853981853,0.0,0.0,1.0,1.0,0.4342144642,0.3430657574,0.05285936594,0.05954271555
2319,1.0,-0.7853981853,0.0,0.0,1.0,1.0,0.4408183415,0.3463056231,0.0549787879,0.06098222733
2320,1.0,-0.7853981853,0.0,0.0,1.0,1.0,0.4306846838,0.3343394065,0.05184561014,0.05703020096
2321,1.0,-0.7853981853,0.0,0.0,1.0,1.0,0.4337680863,0.3450666312,0.05287146568,0.05967360735
2322,1.0,-0.7853981853,0.0,0.0,1.0,1.0,0.4354257476,0.3349480342,0.0520991087,0.05666917562
2323,1.0,-0.7853981853,0.0,0.0,1.0,1.0,0.4277867464,0.3367488279,0.05129301548,0.05709397793
2324,1.0,-0.7853981853,0.0,0.0,1.0,1.0,0.4302977076,0.3497160113,0.05277079344,0.06044101715
2325,1.0,-0.7853981853,0.0,0.0,1.0,1.0,0.4152876631,0.33959912,0.0514767766,0.05984950066
2326,1.0,-0.7853981853,0.0,0.0,1.0,1.0,0.410350109,0.3313658004,0.05019927025,0.05728262663
2327,1.0,-0.7853981853,0.0,0.0,1.0,1.0,0.3738371465,0.2578066909,0.04459023476,0.04428690672
2328,1.0,-0.7853981853,0.0,0.0,1.0,1.0,0.3398366865,0.1665734154,0.03925687075,0.02874714136
2329,1.0,-0.7853981853,0.0,0.0,1.0,1.0,0.3502088026,0.1626997947,0.03958201408,0.02770739794
2330,1.0,-0.7853981853,0.0,0.0,1.0,1.0,0.3578080123,0.1509947466,0.04048955441,0.02557235956
2331,1.0,-0.7853981853,0.0,0.0,1.0,1.0,0.3376129903,0.1407157443,0.03852808475,0.023850739
2332,1.0,-0.7853981853,0.0,0.0,1.0,1.0,0.3327067151,0.1358813188,0.03810352087,0.02298313379
2333,1.0,-0.7853981853,0.0,0.0,1.0,1.0,0.3348914487,0.1296573184,0.03872138262,0.0217807889
2334,1.0,-0.7853981853,0.0,0.0,1.0,1.0,0.3327176043,0.1287296987,0.04029780626,0.02249181271
2335,1.0,-0.7853981853,0.0,0.0,1.0,1.0,0.3173644911,0.1284997452,0.03783869743,0.02197086811
2336,1.0,-0.7853981853,0.0,0.0,1.0,1.0,0.3276018392,0.1180020259,0.03835111856,0.01977479458
2337,1.0,-0.7853981853,0.0,0.0,1.0,1.0,0.3200246638,0.1168411907,0.03771096468,0.01945406199
2338,1.0,-0.7853981853,0.0,0.0,1.0,1.0,0.325575837,0.1116494435,0.03876978159,0.01863354445
2339,1.0,-0.7853981853,0.0,0.0,1.0,1.0,0.3289620424,0.1273976122,0.0395898819,0.02145713568
2340,1.0,-0.7853981853,0.0,0.0,1.0,1.0,0.3220010383,0.110652715,0.03853172064,0.01837670803
2341,1.0,-0.7853981853,0.0,0.0,1.0,1.0,0.318169705,0.1205000409,0.04011845589,0.02082484961
2342,1.0,-0.7853981853,0.0,0.0,1.0,1.0,0.3115767242,0.1205003454,0.03800421953,0.01987916231
2343,1.0,-0.7853981853,0.0,0.0,1.0,1.0,0.3027155982,0.1160066541,0.03773266077,0.01946526766
2344,1.0,-0.7853981853,0.0,0.0,1.0,1.0,0.2875423373,0.1319687886,0.03679406643,0.02225452662
2345,1.0,-0.7853981853,0.0,0.0,1.0,1.0,0.2736967509,0.1193873751,0.03596621752,0.02063637972
2346,1.0,0.0,0.0,0.0,1.0,1.0,0.2645905442,0.1232187837,0.03515511751,0.02127033472
2347,1.0,0.0,0.0,0.0,1.0,1.0,0.2447173088,0.1406498026,0.03230386972,0.02429932356
2348,1.0,0.0,0.0,0.0,1.0,1.0,0.2735958398,0.2063362912,0.03729665279,0.03562664986
2349,1.0,0.0,0.0,0.0,1.0,1.0,0.2975358439,0.2474349051,0.04241728783,0.04355609417
2350,1.0,0.0,0.0,0.0,1.0,1.0,0.2944249992,0.2449931137,0.04164856672,0.04278182983
2351,1.0,0.0,0.0,0.0,1.0,1.0,0.3223373402,0.2750908135,0.04566013813,0.04705220461
2352,1.0,0.0,0.0,0.0,1.0,1.0,0.3377022473,0.2890542039,0.04841476679,0.04953414202
2353,1.0,0.0,0.0,0.0,1.0,1.0,0.3481307824,0.3092734937,0.051387012,0.05364578962
2354,1.0,0.0,0.0,0.0,1.0,1.0,0.3321873517,0.2867249025,0.04780447483,0.04835706949
2355,1.0,0.0,0.0,0.0,1.0,1.0,0.3394688567,0.2936675427,0.05015039444,0.05071079731
2356,1.0,0.0,0.0,0.0,1.0,1.0,0.3388256547,0.2927169165,0.04952567816,0.05007910728
2357,1.0,0.0,0.0,0.0,1.0,1.0,0.3337830727,0.2952144604,0.0484687686,0.04957658052
2358,1.0,0.0,0.0,0.0,1.0,1.0,0.3434124123,0.3070181005,0.0508005619,0.05190491676
2359,1.0,0.0,0.0,0.0,1.0,1.0,0.351005532,0.3238322542,0.05228298903,0.05420917273
2360,1.0,0.0,0.0,0.0,1.0,1.0,0.3486860076,0.3248188648,0.05223417282,0.05446881056
2361,1.0,0.0,0.0,0.0,1.0,1.0,0.3529627943,0.3331472912,0.05326765776,0.05607122183
2362,1.0,0.0,0.0,0.0,1.0,1.0,0.3505848901,0.3409466064,0.05311518908,0.05673032999
2363,1.0,0.0,0.0,0.0,1.0,1.0,0.3420848361,0.3280997777,0.05167549849,0.05446875095
2364,1.0,0.0,0.0,0.0,1.0,1.0,0.3487492933,0.3342726111,0.05368345976,0.0559437871
2365,1.0,0.0,0.0,0.0,1.0,1.0,0.3414989854,0.3320061158,0.05166888237,0.05447697639
2366,1.0,0.0,0.0,0.0,1.0,1.0,0.3469137187,0.3359896233,0.05351793766,0.05578321218
2367,1.0,0.0,0.0,0.0,1.0,1.0,0.3429276737,0.3354288716,0.05305057764,0.0556038022
2368,1.0,0.0,0.0,0.0,1.0,1.0,0.3420845469,0.3343081655,0.05248856544,0.05447465181
2369,1.0,0.0,0.0,0.0,1.0,1.0,0.3398833655,0.3424661392,0.05267423391,0.05580627918
2370,1.0,0.0,0.0,0.0,1.0,1.0,0.3566169915,0.3517201211,0.05528080463,0.05726528168
2371,1.0,0.0,0.0,0.0,1.0,1.0,0.3519932553,0.3564445661,0.05462318659,0.05773645639
2372,1.0,0.0,0.0,0.0,1.0,1.0,0.3493019063,0.3519160356,0.05449086428,0.05705845356
2373,1.0,0.0,0.0,0.0,1.0,1.0,0.3580889301,0.3576768791,0.05747014284,0.05975747108
2374,1.0,0.0,0.0,0.0,1.0,1.0,0.3520048799,0.3527441216,0.0556524992,0.05792397261
2375,1.0,0.0,0.0,0.0,1.0,1.0,0.3486424835,0.3581917965,0.05520349741,0.05803447962
2376,1.0,0.0,0.0,0.0,1.0,1.0,0.3498944991,0.3576948581,0.05636578798,0.0589672327
2377,1.0,0.0,0.0,0.0,1.0,1.0,0.3470032418,0.3436679284,0.05572205782,0.05688297749
2378,1.0,0.0,0.0,0.0,1.0,1.0,0.3547570677,0.3425650338,0.05606490374,0.0552111268
2379,1.0,0.0,0.0,0.0,1.0,1.0,0.3413170317,0.339096111,0.05387282372,0.05444592237
2380,1.0,0.0,0.0,0.0,1.0,1.0,0.334646837,0.3231408028,0.05255526304,0.05170750618
2381,1.0,0.0,0.0,0.0,1.0,1.0,0.3367488296,0.3231406943,0.05271875858,0.0515910387
2382,1.0,0.0,0.0,0.0,1.0,1.0,0.3349287017,0.3231408315,0.05271536112,0.05131334066
2383,1.0,0.0,0.0,0.0,1.0,1.0,0.330204278,0.3167244178,0.05348163843,0.05147963762
2384,1.0,0.0,0.0,0.0,1.0,1.0,0.3236115316,0.3030225318,0.05158668756,0.04873669147
2385,1.0,0.0,0.0,0.0,1.0,1.0,0.2940597213,0.2543380024,0.04643756151,0.04045474529
2386,1.0,0.0,0.0,0.0,1.0,1.0,0.2320802312,0.1341164369,0.03493022919,0.02056378126
2387,1.0,0.0,0.0,0.0,1.0,1.0,0.2566135017,0.09085832608,0.0382925868,0.01381987333
2388,1.0,0.0,0.0,0.0,1.0,1.0,0.2508175207,0.08485811827,0.03760921955,0.01291918755
2389,1.0,0.0,0.0,0.0,1.0,1.0,0.2422310958,0.09393267549,0.03657412529,0.01439929008
2390,1.0,0.0,0.0,0.0,1.0,1.0,0.24321024,0.09545262268,0.03655815125,0.01456618309
2391,1.0,0.0,0.0,0.0,1.0,1.0,0.2408521312,0.105204191,0.03647994995,0.01608562469
2392,1.0,0.0,0.0,0.0,1.0,1.0,0.249860516,0.116040105,0.03988564014,0.01859331131
2393,1.0,0.0,0.0,0.0,1.0,1.0,0.2498607253,0.1106393631,0.03806763887,0.01704519987
2394,1.0,0.0,0.0,0.0,1.0,1.0,0.2455441569,0.1192514525,0.03688234091,0.0181530118
2395,1.0,0.0,0.0,0.0,1.0,1.0,0.2469662642,0.1106252668,0.03910338879,0.01771873236
2396,1.0,0.0,0.0,0.0,1.0,1.0,0.2574318756,0.08818597698,0.04144245386,0.01462674141
2397,1.0,0.0,0.0,0.0,1.0,1.0,0.2316462457,0.1128997362,0.03799849749,0.01869279146
2398,1.0,0.0,0.0,0.0,1.0,1.0,0.2290389521,0.1133196712,0.03731787205,0.01881313324
2399,1.0,0.0,0.0,0.0,1.0,1.0,0.2264649596,0.1203032965,0.03620696068,0.01945006847
2400,1.0,0.0,0.0,0.0,1.0,1.0,0.2280732187,0.1076041162,0.03661799431,0.01756471395
2401,1.0,0.0,0.0,0.0,1.0,1.0,0.2013529839,0.1122559883,0.03302955627,0.01861661673
2402,1.0,0.0,0.0,0.0,1.0,1.0,0.1944578152,0.1735872255,0.03390991688,0.0302439332
2403,1.0,0.0,0.0,0.0,1.0,1.0,0.2215212996,0.2230591491,0.03956627846,0.03987544775
2404,1.0,0.0,0.0,0.0,1.0,1.0,0.2285910149,0.25943675,0.04014849663,0.0449783802
2405,1.0,0.0,0.0,0.0,1.0,1.0,0.2268359816,0.2558707701,0.03920006752,0.0439158082
2406,1.0,0.0,0.0,0.0,1.0,1.0,0.2151870303,0.2481607481,0.03726094961,0.04250073433
2407,1.0,0.0,0.0,0.0,1.0,1.0,0.2205784385,0.2507251317,0.04036927223,0.04537630081
2408,1.0,0.0,0.0,0.0,1.0,1.0,0.2232796337,0.2498607527,0.03782910109,0.04203236103
2409,1.0,0.0,0.0,0.0,1.0,1.0,0.2240584279,0.2604927766,0.03844928741,0.04450428486
2410,1.0,0.0,0.0,0.0,1.0,1.0,0.2254514441,0.2719329008,0.03769659996,0.04571080208
2411,1.0,0.0,0.0,0.0,1.0,1.0,0.2277671038,0.2372775931,0.0381758213,0.0403136611
2412,1.0,0.0,0.0,0.0,1.0,1.0,0.2305706235,0.247192833,0.03827673197,0.0418934226
2413,1.0,0.0,0.0,0.0,1.0,1.0,0.2377049033,0.2711254303,0.03941428661,0.04568481445
2414,1.0,0.0,0.0,0.0,1.0,1.0,0.2368517048,0.2658089659,0.03983324766,0.04526501894
2415,1.0,0.0,0.0,0.0,1.0,1.0,0.2484997937,0.2686671917,0.04303330183,0.04711681604
2416,1.0,0.0,0.0,0.0,1.0,1.0,0.2389969236,0.2604931242,0.03947174549,0.04395723343
2417,1.0,0.0,0.0,0.0,1.0,1.0,0.2503103827,0.2586581676,0.04298233986,0.04545617104
2418,1.0,0.0,0.0,0.0,1.0,1.0,0.2580378284,0.276631181,0.04223752022,0.04610431194
2419,1.0,0.0,0.0,0.0,1.0,1.0,0.2580976721,0.2633908967,0.04377907515,0.04533153772
2420,1.0,0.0,0.0,0.0,1.0,1.0,0.2691852813,0.2786213354,0.04447376728,0.0465772748
2421,1.0,0.0,0.0,0.0,1.0,1.0,0.2666403456,0.2579787089,0.04588985443,0.04525691271
2422,1.0,0.0,0.0,0.0,1.0,1.0,0.2757083335,0.2679665386,0.04553711414,0.04553711414
2423,1.0,0.0,0.0,0.0,1.0,1.0,0.2806090907,0.2728973511,0.0461409688,0.0461409688
2424,1.0,0.0,0.0,0.0,1.0,1.0,0.2832205246,0.2701672165,0.04756903648,0.046654284
2425,1.0,0.0,0.0,0.0,1.0,1.0,0.2860786849,0.2631985358,0.04668349028,0.04428952932
2426,1.0,0.0,0.0,0.0,1.0,1.0,0.277622902,0.2480757603,0.04494291544,0.04164707661
2427,1.0,0.0,0.0,0.0,1.0,1.0,0.2844923156,0.2570506882,0.04579550028,0.04280233383
2428,1.0,0.0,0.0,0.0,1.0,1.0,0.2919300497,0.2631984689,0.04647737741,0.0438131094
2429,1.0,0.0,0.0,0.0,1.0,1.0,0.2874091914,0.2570506178,0.04692459106,0.04329168797
2430,1.0,0.0,0.0,0.0,1.0,1.0,0.2868766646,0.2649768187,0.04656505585,0.04476261139
2431,1.0,0.0,0.0,0.0,1.0,1.0,0.2929239513,0.2722492012,0.0473946929,0.0453081131
2432,1.0,0.0,0.0,0.0,1.0,1.0,0.2897736,0.267836301,0.0477052927,0.04527449608
2433,1.0,0.0,0.0,0.0,1.0,1.0,0.2850226586,0.2525860994,0.04730373621,0.04297524691
2434,1.0,0.0,0.0,0.0,1.0,1.0,0.2863514362,0.2661557515,0.04676580429,0.04464012384
2435,1.0,0.0,0.0,0.0,1.0,1.0,0.2797326165,0.2553724266,0.04611212015,0.04244762659
2436,1.0,0.0,0.0,0.0,1.0,1.0,0.2699695986,0.2461861083,0.04477602243,0.04109579325
2437,1.0,0.0,0.0,0.0,1.0,1.0,0.2697198244,0.2253286984,0.04408985376,0.03744620085
2438,1.0,0.0,0.0,0.0,1.0,1.0,0.2789569157,0.2489516763,0.04656159878,0.04224461317
2439,1.0,0.0,0.0,0.0,1.0,1.0,0.2723224751,0.2498604963,0.04590523243,0.04278242588
2440,1.0,0.0,0.0,0.0,1.0,1.0,0.2699693653,0.2325976025,0.04429322481,0.03883248568
2441,1.0,0.0,0.0,0.0,1.0,1.0,0.2688665902,0.2415625733,0.04430288076,0.04002535343
2442,1.0,0.0,0.0,0.0,1.0,1.0,0.2730819635,0.2461587648,0.04565066099,0.04130291939
2443,1.0,0.0,0.0,0.0,1.0,1.0,0.2695125079,0.2480097194,0.04446971416,0.04138153791
2444,1.0,0.0,0.0,0.0,1.0,1.0,0.2855546272,0.2640034129,0.0465939641,0.04348772764
2445,1.0,0.0,0.0,0.0,1.0,1.0,0.282842949,0.2564604691,0.04622381926,0.04219084978
2446,1.0,0.0,0.0,0.0,1.0,1.0,0.2825546945,0.2574318176,0.04631841183,0.04256284237
2447,1.0,0.0,0.0,0.0,1.0,1.0,0.2769421366,0.2526468714,0.04583525658,0.0424054265
2448,1.0,0.0,0.0,0.0,1.0,1.0,0.2839538577,0.2544703468,0.04736191034,0.0429995656
2449,1.0,0.0,0.0,0.0,1.0,1.0,0.2770546913,0.2608837833,0.04580354691,0.04365170002
2450,1.0,0.0,0.0,0.0,1.0,1.0,0.2769989371,0.2620258829,0.0459343791,0.04345142841
2451,1.0,0.0,0.0,0.0,1.0,1.0,0.2724901306,0.2665177178,0.04566830397,0.04504269361
2452,1.0,0.0,0.0,0.0,1.0,1.0,0.2723223549,0.2470945953,0.04529392719,0.04128837585
2453,1.0,0.0,0.0,0.0,1.0,1.0,0.2762994345,0.2290387716,0.04583317041,0.03824698925
2454,1.0,0.0,0.0,0.0,1.0,1.0,0.285012146,0.2573750664,0.04745268822,0.04334008694
2455,1.0,0.0,0.0,0.0,1.0,1.0,0.2666438685,0.2386728661,0.04387247562,0.03982752562
2456,1.0,0.0,0.0,0.0,1.0,1.0,0.2747283665,0.2498605206,0.04485827684,0.04145520926
2457,1.0,0.0,0.0,0.0,1.0,1.0,0.2665176154,0.2563144178,0.04393172264,0.04300361872
2458,1.0,0.0,0.0,0.0,1.0,1.0,0.2678916149,0.2591144644,0.04438698292,0.04345577955
2459,1.0,0.0,0.0,0.0,1.0,1.0,0.2613781018,0.25172475,0.04282331467,0.04159092903
2460,1.0,0.0,0.0,0.0,1.0,1.0,0.2542040613,0.2461863988,0.04295378923,0.04140871763
2461,1.0,0.0,0.0,0.0,1.0,1.0,0.2608872077,0.2312142633,0.04253715277,0.03794682026
2462,1.0,0.0,0.0,0.0,1.0,1.0,0.2718186467,0.2672499385,0.04508471489,0.04477798939
2463,1.0,0.0,0.0,0.0,1.0,1.0,0.2756450157,0.2642408413,0.04646855593,0.0452376008
2464,1.0,0.0,0.0,0.0,1.0,1.0,0.2734929986,0.2616721678,0.04559886456,0.04406869411
2465,1.0,0.0,0.0,0.0,1.0,1.0,0.2649557077,0.2649768203,0.04468244314,0.04529041052
2466,1.0,0.0,0.0,0.0,1.0,1.0,0.2700713638,0.2709753564,0.0464374423,0.04704844952
2467,1.0,0.0,0.0,0.0,1.0,1.0,0.2670054611,0.2570504823,0.04491406679,0.04399114847
2468,1.0,0.0,0.0,0.0,1.0,1.0,0.2625876361,0.2551767904,0.04457807541,0.04366838932
2469,1.0,0.0,0.0,0.0,1.0,1.0,0.2598725611,0.261419841,0.04467523098,0.04498124123
2470,1.0,0.0,0.0,0.0,1.0,1.0,0.2562669897,0.2685334894,0.04469722509,0.04654681683
2471,1.0,0.0,0.0,0.0,1.0,1.0,0.2571765604,0.2730617692,0.04392915964,0.04635286331
2472,1.0,0.0,0.0,0.0,1.0,1.0,0.2516201016,0.2622647565,0.04381352663,0.04534542561
2473,1.0,0.0,0.0,0.0,1.0,1.0,0.2505175532,0.262091315,0.04331821203,0.04543864727
2474,1.0,0.0,0.0,0.0,1.0,1.0,0.2562671242,0.2845384884,0.04384857416,0.04838460684
2475,1.0,0.0,0.0,0.0,1.0,1.0,0.2611154617,0.2696335589,0.04459315538,0.04613083601
2476,1.0,0.0,0.0,0.0,1.0,1.0,0.2655606174,0.2822164536,0.04612618685,0.04893118143
2477,1.0,0.0,0.0,0.0,1.0,1.0,0.272983284,0.2829959793,0.04688560963,0.04873633385
2478,1.0,0.0,0.0,0.0,1.0,1.0,0.2760791049,0.2819855854,0.04891937971,0.05019003153
2479,1.0,0.0,0.0,0.0,1.0,1.0,0.2632938776,0.2883695088,0.04564547539,0.04999268055
2480,1.0,0.0,0.0,0.0,1.0,1.0,0.2677236755,0.2706073373,0.04498881102,0.045596838
2481,1.0,0.0,0.0,0.0,1.0,1.0,0.2619985379,0.2507824844,0.04340136051,0.04127681255
2482,1.0,0.0,0.0,0.0,1.0,1.0,0.2557987913,0.2554128724,0.04291832447,0.04230517149
2483,1.0,0.0,0.0,0.0,1.0,1.0,0.2606441234,0.2443889064,0.04260545969,0.04020512104
2484,1.0,0.0,0.0,0.0,1.0,1.0,0.2592768023,0.253355044,0.04517197609,0.04425632954
2485,1.0,0.0,0.0,0.0,1.0,1.0,0.2622651143,0.2428220869,0.04420226812,0.04121559858
2486,1.0,0.0,0.0,0.0,1.0,1.0,0.2679662965,0.2617585887,0.04285657406,0.04140871763
2487,1.0,0.0,0.0,0.0,1.0,1.0,0.2777245191,0.2608838005,0.04641526937,0.04336160421
2488,1.0,0.0,0.0,0.0,1.0,1.0,0.2724108741,0.2662745116,0.04621654749,0.04468619823
2489,1.0,0.0,0.0,0.0,1.0,1.0,0.2626270888,0.2663954757,0.04526537657,0.04557973146
2490,1.0,0.0,0.0,0.0,1.0,1.0,0.2603281887,0.2635889438,0.04381936789,0.04412579536
2491,1.0,0.0,0.0,0.0,1.0,1.0,0.252095184,0.2700697607,0.0443906188,0.0462796092
2492,1.0,0.0,0.0,0.0,1.0,1.0,0.2564937579,0.2668761571,0.04462683201,0.04585796595
2493,1.0,0.0,0.0,0.0,1.0,1.0,0.2604926309,0.2668758289,0.04692900181,0.04756748676
2494,1.0,0.0,0.0,0.0,1.0,1.0,0.2609555088,0.2507495781,0.04413181543,0.04233050346
2495,1.0,0.0,0.0,0.0,1.0,1.0,0.2710349536,0.2610998325,0.04675453901,0.04412460327
2496,1.0,0.0,0.0,0.0,1.0,1.0,0.263551587,0.2498604417,0.04318231344,0.04009783268
2497,1.0,0.0,0.0,0.0,1.0,1.0,0.258417425,0.2244359609,0.04367786646,0.03702491522
2498,1.0,0.0,0.0,0.0,1.0,1.0,0.2515837185,0.2240742044,0.04090720415,0.03530347347
2499,1.0,0.0,0.0,0.0,1.0,1.0,0.2455375962,0.215182455,0.04024577141,0.0342939496
2500,1.0,0.0,0.0,0.0,1.0,1.0,0.2541534737,0.2330855668,0.04156512022,0.03707164526
2501,1.0,0.0,0.0,0.0,1.0,1.0,0.2507076111,0.2288930839,0.04156816006,0.03679341078
2502,1.0,0.0,0.0,0.0,1.0,1.0,0.2532370958,0.2341350367,0.0419484973,0.03747397661
2503,1.0,0.0,0.0,0.0,1.0,1.0,0.2430615704,0.2191761799,0.03992664814,0.03490096331
2504,1.0,0.0,0.0,0.0,1.0,1.0,0.2549595576,0.2384633762,0.0418637991,0.03795653582
2505,1.0,0.0,0.0,0.0,1.0,1.0,0.2553196776,0.2385428916,0.04287451506,0.03864347935
2506,1.0,0.0,0.0,0.0,1.0,1.0,0.2557101126,0.2446184275,0.04267472029,0.03904873133
2507,1.0,0.0,0.0,0.0,1.0,1.0,0.2511160336,0.237714429,0.04206097126,0.03841567039
2508,1.0,0.0,0.0,0.0,1.0,1.0,0.2456822219,0.2263546946,0.0413620472,0.03657871485
2509,1.0,0.0,0.0,0.0,1.0,1.0,0.2410712963,0.2246133677,0.04074186087,0.03649795055
2510,1.0,0.0,0.0,0.0,1.0,1.0,0.2461185101,0.2291823286,0.04181534052,0.03757733107
2511,1.0,0.0,0.0,0.0,1.0,1.0,0.2465064686,0.2213298313,0.04120796919,0.03588181734
2512,1.0,0.0,0.0,0.0,1.0,1.0,0.2452414338,0.2255685511,0.04065400362,0.03619873524
2513,1.0,0.0,0.0,0.0,1.0,1.0,0.2372414153,0.2116875863,0.03952884674,0.03420227766
2514,1.0,0.0,0.0,0.0,1.0,1.0,0.2427455883,0.2213296251,0.04080539942,0.03602129221
2515,1.0,0.0,0.0,0.0,1.0,1.0,0.252790194,0.232628872,0.04207831621,0.03761970997
2516,1.0,0.0,0.0,0.0,1.0,1.0,0.2549249268,0.2393768904,0.04238557816,0.03845584393
2517,1.0,0.0,0.0,0.0,1.0,1.0,0.2532140913,0.2334335768,0.04238313437,0.0378922224
2518,1.0,0.0,0.0,0.0,1.0,1.0,0.2553194529,0.235162582,0.04260253906,0.0381180644
2519,1.0,0.0,0.0,0.0,1.0,1.0,0.2490193,0.2240130861,0.04164153337,0.03657704592
2520,1.0,0.0,0.0,0.0,1.0,1.0,0.2557894282,0.2333194697,0.04253995419,0.03775072098
2521,1.0,0.0,0.0,0.0,1.0,1.0,0.2615988722,0.2359790974,0.04395288229,0.03831785917
2522,1.0,0.0,0.0,0.0,1.0,1.0,0.2574832255,0.2341350415,0.04245090485,0.03742384911
2523,1.0,0.0,0.0,0.0,1.0,1.0,0.2650545389,0.2394496408,0.0443302393,0.03896546364
2524,1.0,0.0,0.0,0.0,1.0,1.0,0.2713493816,0.2507252796,0.0456314683,0.04109668732
2525,1.0,0.0,0.0,0.0,1.0,1.0,0.2624795282,0.2472666677,0.04381376505,0.04016262293
2526,1.0,0.0,0.0,0.0,1.0,1.0,0.2658450576,0.2533309019,0.04444664717,0.04107093811
2527,1.0,0.0,0.0,0.0,1.0,1.0,0.2692099757,0.2533306333,0.04526996613,0.04130882025
2528,1.0,0.0,0.0,0.0,1.0,1.0,0.2725750575,0.2576416058,0.04528731108,0.04165315628
2529,1.0,0.0,0.0,0.0,1.0,1.0,0.2181876974,0.1414981321,0.03527200222,0.02247172594
2530,1.0,0.0,0.0,0.0,1.0,1.0,0.2091031395,0.1003024451,0.03335100412,0.01582759619
2531,1.0,0.0,0.0,0.0,1.0,1.0,0.2351626004,0.1818770073,0.03809207678,0.02884912491
2532,1.0,0.0,0.0,0.0,1.0,1.0,0.2807230095,0.2515959554,0.0465978384,0.04070299864
2533,1.0,0.0,0.0,0.0,1.0,1.0,0.2872346803,0.2610996536,0.04847919941,0.04280906916
2534,1.0,0.0,0.0,0.0,1.0,1.0,0.289620368,0.2670923059,0.0483250618,0.04329705238
2535,1.0,0.0,0.0,0.0,1.0,1.0,0.291503608,0.2686856407,0.04839664698,0.04341876507
2536,1.0,0.0,0.0,0.0,1.0,1.0,0.2910190033,0.2686853834,0.04868233204,0.04367494583
2537,1.0,0.0,0.0,0.0,1.0,1.0,0.2943448191,0.2738195874,0.0492733717,0.04454088211
2538,1.0,0.0,0.0,0.0,1.0,1.0,0.2953274641,0.2713259151,0.0494504571,0.04414218664
2539,1.0,0.0,0.0,0.0,1.0,1.0,0.2936589228,0.2661745086,0.04882663488,0.04300075769
2540,1.0,0.0,0.0,0.0,1.0,1.0,0.3020015321,0.2730433865,0.05022621155,0.04412138462
2541,1.0,0.0,0.0,0.0,1.0,1.0,0.2865176958,0.2541831547,0.04774844646,0.04128837585
2542,1.0,0.0,0.0,0.0,1.0,1.0,0.2889145242,0.2593053546,0.04805278778,0.04218584299
2543,1.0,0.0,0.0,0.0,1.0,1.0,0.2978136085,0.2730436859,0.05008482933,0.04499149323
2544,1.0,0.0,0.0,0.0,1.0,1.0,0.2966302128,0.2669742399,0.04902291298,0.04345214367
2545,1.0,0.0,0.0,0.0,1.0,1.0,0.2988197182,0.2678918644,0.04919654131,0.04335969687
2546,1.0,0.0,0.0,0.0,1.0,1.0,0.2974531241,0.2646606336,0.04851996899,0.04214304686
2547,1.0,0.0,0.0,0.0,1.0,1.0,0.2996623489,0.2672117621,0.04886507988,0.04275691509
2548,1.0,0.0,0.0,0.0,1.0,1.0,0.2967627019,0.2664020218,0.04802429676,0.0422282815
2549,1.0,0.0,0.0,0.0,1.0,1.0,0.298978175,0.2646607831,0.04853862524,0.04215931892
2550,1.0,0.0,0.0,0.0,1.0,1.0,0.3054322788,0.2724171951,0.04968315363,0.04333472252
2551,1.0,0.0,0.0,0.0,1.0,1.0,0.3013648944,0.2751074556,0.04940038919,0.04409748316
2552,1.0,0.0,0.0,0.0,1.0,1.0,0.3027073488,0.2897687963,0.04899442196,0.04570990801
2553,1.0,0.0,0.0,0.0,1.0,1.0,0.3045438835,0.2967090241,0.05024719238,0.04747104645
2554,1.0,0.0,0.0,0.0,1.0,1.0,0.3050573407,0.2912166063,0.04994118214,0.04663014412
2555,1.0,0.0,0.0,0.0,1.0,1.0,0.3033717179,0.2826010348,0.04962956905,0.04521811008
2556,1.0,0.0,0.0,0.0,1.0,1.0,0.3030133338,0.2946632357,0.05049163103,0.04770207405
2557,1.0,0.0,0.0,0.0,1.0,1.0,0.3068758385,0.3015559149,0.05057871342,0.04836761951
2558,1.0,0.0,0.0,0.0,1.0,1.0,0.305338588,0.3039541517,0.05082005262,0.04915386438
2559,1.0,0.0,0.0,0.0,1.0,1.0,0.3059857658,0.3114698465,0.05093771219,0.05038398504
2560,1.0,0.0,0.0,0.0,1.0,1.0,0.3048298436,0.3181616241,0.05090194941,0.05118012428
2561,1.0,0.0,0.0,0.0,1.0,1.0,0.2939533638,0.3123255941,0.04881954193,0.05021440983
2562,1.0,0.0,0.0,0.0,1.0,1.0,0.2981667627,0.3147030818,0.04992830753,0.05076509714
2563,1.0,0.0,0.0,0.0,1.0,1.0,0.3049708944,0.3194092064,0.05101186037,0.05156630278
2564,1.0,0.0,0.0,0.0,1.0,1.0,0.3056142123,0.3234496211,0.05158632994,0.05270177126
2565,1.0,0.0,0.0,0.0,1.0,1.0,0.3071374823,0.3239573919,0.05159503222,0.05243176222
2566,1.0,0.0,0.0,0.0,1.0,1.0,0.303313403,0.3125403485,0.05063068867,0.05035400391
2567,1.0,0.0,0.0,0.0,1.0,1.0,0.3018115631,0.3176921264,0.0506182313,0.05117148161
2568,1.0,0.0,0.0,0.0,1.0,1.0,0.3072661728,0.3320063517,0.05186802149,0.05409896374
2569,1.0,0.0,0.0,0.0,1.0,1.0,0.3220795864,0.3348646714,0.05422878265,0.05450826883
2570,1.0,0.0,0.0,0.0,1.0,1.0,0.3186867621,0.3291265415,0.05319720507,0.05319720507
2571,1.0,0.0,0.0,0.0,1.0,1.0,0.3143001439,0.3377423036,0.05260819197,0.0545566678
2572,1.0,0.0,0.0,0.0,1.0,1.0,0.3166549126,0.3360192791,0.05367237329,0.05451101065
2573,1.0,0.0,0.0,0.0,1.0,1.0,0.3204823203,0.3394657351,0.05505394936,0.0559052825
2574,1.0,0.0,0.0,0.0,1.0,1.0,0.3287420438,0.3423692565,0.05627477169,0.05599194765
2575,1.0,0.0,0.0,0.0,1.0,1.0,0.3298155124,0.3487635307,0.05610996485,0.0569601655
2576,1.0,0.0,0.0,0.0,1.0,1.0,0.3247765993,0.345960844,0.05473774672,0.05586642027
2577,1.0,0.0,0.0,0.0,1.0,1.0,0.323000848,0.3478623677,0.05444514751,0.05615544319
2578,1.0,0.0,0.0,0.0,1.0,1.0,0.328652936,0.3431182967,0.05605340004,0.05605340004
2579,1.0,0.0,0.0,0.0,1.0,1.0,0.3292279025,0.3419143292,0.05526828766,0.05498629808
2580,1.0,0.0,0.0,0.0,1.0,1.0,0.3325848251,0.3544120745,0.0563030839,0.05716043711
2581,1.0,0.0,0.0,0.0,1.0,1.0,0.3269988637,0.3448781733,0.05586069822,0.05614715815
2582,1.0,0.0,0.0,0.0,1.0,1.0,0.332587303,0.3549255575,0.05676066875,0.05762070417
2583,1.0,0.0,0.0,0.0,1.0,1.0,0.3325843906,0.3531595491,0.05560642481,0.056453228
2584,1.0,0.0,0.0,0.0,1.0,1.0,0.338765324,0.3627865842,0.05695021152,0.05780017376
2585,1.0,0.0,0.0,0.0,1.0,1.0,0.3444592514,0.3618053976,0.05801010132,0.05772441626
2586,1.0,0.0,0.0,0.0,1.0,1.0,0.34777878,0.3619885019,0.05934554338,0.05905741453
2587,1.0,0.0,0.0,0.0,1.0,1.0,0.3512471244,0.3538950161,0.05913692713,0.05685144663
2588,1.0,0.0,0.0,0.0,1.0,1.0,0.3444024658,0.3526400806,0.05791914463,0.05649954081
2589,1.0,0.0,0.0,0.0,1.0,1.0,0.3460904563,0.354411801,0.05878913403,0.05735522509
2590,1.0,0.0,0.0,0.0,1.0,1.0,0.3427626174,0.3467813062,0.05765861273,0.05566054583
2591,1.0,0.0,0.0,0.0,1.0,1.0,0.3427139205,0.346096606,0.05778419971,0.05579167604
2592,1.0,0.0,0.0,0.0,1.0,1.0,0.3438215902,0.3473240876,0.05741733313,0.05516570807
2593,1.0,0.0,0.0,0.0,1.0,1.0,0.346745028,0.3577139675,0.05776774883,0.0563519001
2594,1.0,0.0,0.0,0.0,1.0,1.0,0.3399462051,0.3548739933,0.05673247576,0.05559778214
2595,1.0,0.0,0.0,0.0,1.0,1.0,0.3477048943,0.3587282666,0.0583357811,0.05664491653
2596,1.0,0.0,0.0,0.0,1.0,1.0,0.3477052263,0.3574515038,0.05856317282,0.05686563253
2597,1.0,0.0,0.0,0.0,1.0,1.0,0.3421362043,0.35643201,0.0582857728,0.0571373105
2598,1.0,0.0,0.0,0.0,1.0,1.0,0.3375597093,0.3501565383,0.05715191364,0.05575114489
2599,1.0,0.0,0.0,0.0,1.0,1.0,0.3386815027,0.3531596358,0.05702763796,0.05590939522
2600,1.0,0.0,0.0,0.0,1.0,1.0,0.3391546936,0.356943636,0.05813086033,0.05756926537
2601,1.0,0.0,0.0,0.0,1.0,1.0,0.3436096467,0.3571946939,0.05786520243,0.05647420883
2602,1.0,0.0,0.0,0.0,1.0,1.0,0.33644558,0.3489278356,0.05657058954,0.0551840663
2603,1.0,0.0,0.0,0.0,1.0,1.0,0.3325899855,0.3384632699,0.05546808243,0.05323821306
2604,1.0,0.0,0.0,0.0,1.0,1.0,0.3303666959,0.3331472695,0.05503797531,0.0522582531
2605,1.0,0.0,0.0,0.0,1.0,1.0,0.3392146338,0.3556732254,0.05779266357,0.05638307333
2606,1.0,0.0,0.0,0.0,1.0,1.0,0.3414344024,0.3496280409,0.05763995647,0.05540150404
2607,1.0,0.0,0.0,0.0,1.0,1.0,0.3375381979,0.3496279134,0.05738401413,0.05542451143
2608,1.0,0.0,0.0,0.0,1.0,1.0,0.33751654,0.35294958,0.05796796083,0.05684232712
2609,1.0,0.0,0.0,0.0,1.0,1.0,0.3386267941,0.3584571096,0.0569306016,0.05610150099
2610,1.0,0.0,0.0,0.0,1.0,1.0,0.3320622658,0.3452933027,0.05745631456,0.05604803562
2611,1.0,0.0,0.0,0.0,1.0,1.0,0.3369827797,0.3554352877,0.05769884586,0.05685448647
2612,1.0,0.0,0.0,0.0,1.0,1.0,0.3249012153,0.3389714791,0.05547404289,0.05462920666
2613,1.0,0.0,0.0,0.0,1.0,1.0,0.3126372036,0.3094356093,0.05191195011,0.04804617167
2614,1.0,0.0,0.0,0.0,1.0,1.0,0.2507312435,0.1592517843,0.04075992107,0.0246257782
2615,1.0,0.0,0.0,0.0,1.0,1.0,0.2476492697,0.1040310905,0.03966897726,0.0158675909
2616,1.0,0.0,0.0,0.0,1.0,1.0,0.2502948722,0.1684244999,0.04035812616,0.02550411224
2617,1.0,0.0,0.0,0.0,1.0,1.0,0.2744230635,0.2553320212,0.04564201832,0.03944373131
2618,1.0,0.0,0.0,0.0,1.0,1.0,0.3109744725,0.3073824936,0.05262154341,0.04811918736
2619,1.0,0.0,0.0,0.0,1.0,1.0,0.3170988386,0.328952984,0.05370432138,0.0514549017
2620,1.0,0.0,0.0,0.0,1.0,1.0,0.3292474896,0.3397380465,0.05535882711,0.05311071873
2621,1.0,0.0,0.0,0.0,1.0,1.0,0.3303805187,0.3438939608,0.05565416813,0.05369645357
2622,1.0,0.0,0.0,0.0,1.0,1.0,0.3276316772,0.3480196265,0.05543190241,0.05459195375
2623,1.0,0.0,0.0,0.0,1.0,1.0,0.3314817122,0.3474762515,0.05578839779,0.05438667536
2624,1.0,0.0,0.0,0.0,1.0,1.0,0.319754139,0.3427688369,0.05397164822,0.0536891222
2625,1.0,0.0,0.0,0.0,1.0,1.0,0.3275762543,0.3451311869,0.05480390787,0.05368548632
2626,1.0,0.0,0.0,0.0,1.0,1.0,0.329782266,0.3499852174,0.05560302734,0.05503565073
2627,1.0,0.0,0.0,0.0,1.0,1.0,0.3348299239,0.3512532116,0.0557602644,0.05435925722
2628,1.0,0.0,0.0,0.0,1.0,1.0,0.3314729889,0.3494425564,0.05558729172,0.05418360233
2629,1.0,0.0,0.0,0.0,1.0,1.0,0.3375820439,0.3662217063,0.05735605955,0.05735605955
2630,1.0,0.0,0.0,0.0,1.0,1.0,0.3376042832,0.3590052539,0.05792140961,0.05706113577
2631,1.0,0.0,0.0,0.0,1.0,1.0,0.3348044451,0.3595115084,0.05714333057,0.05657762289
2632,1.0,0.0,0.0,0.0,1.0,1.0,0.3376041781,0.3577140459,0.05693376064,0.05608820915
2633,1.0,0.0,0.0,0.0,1.0,1.0,0.3387088607,0.3635964214,0.05741518736,0.05741524696
2634,1.0,0.0,0.0,0.0,1.0,1.0,0.3447495515,0.3676518643,0.05843597651,0.05787408352
2635,1.0,0.0,0.0,0.0,1.0,1.0,0.3303664185,0.3445727583,0.05577391386,0.053802073
2636,1.0,0.0,0.0,0.0,1.0,1.0,0.2597515513,0.1995225304,0.04252338409,0.03069573641
2637,1.0,0.0,0.0,0.0,1.0,1.0,0.2650851055,0.09358055226,0.04200130701,0.01418960094
2638,1.0,0.0,0.0,0.0,1.0,1.0,0.2760194299,0.09205364122,0.04350709915,0.013933599
2639,1.0,0.0,0.0,0.0,1.0,1.0,0.2801327614,0.08517949612,0.04441267252,0.01289397478
2640,1.0,0.0,0.0,0.0,1.0,1.0,0.2750263977,0.08641803736,0.04364037514,0.01312065125
2641,1.0,0.0,0.0,0.0,1.0,1.0,0.2722493889,0.08390842578,0.04376393557,0.01295644045
2642,1.0,0.0,0.0,0.0,1.0,1.0,0.2628230308,0.09624276775,0.04195570946,0.01484149694
2643,1.0,0.0,0.0,0.0,1.0,1.0,0.2691495445,0.09882536172,0.04279476404,0.01512080431
2644,1.0,0.0,0.0,0.0,1.0,1.0,0.276326765,0.09696051378,0.04396313429,0.01484465599
2645,1.0,0.0,0.0,0.0,1.0,1.0,0.2752087104,0.09393234573,0.04319661856,0.01420938969
2646,1.0,0.0,0.0,0.0,1.0,1.0,0.2813782734,0.09275157965,0.04376882315,0.01392650604
2647,1.0,0.0,0.0,0.0,1.0,1.0,0.2788297106,0.09653697841,0.04404425621,0.01458609104
2648,1.0,0.0,0.0,0.0,1.0,1.0,0.2952476872,0.08517953794,0.04611605406,0.01288956404
2649,1.0,0.0,0.0,0.0,1.0,1.0,0.2918077103,0.08862972279,0.0460062623,0.01351433992
2650,1.0,0.0,0.0,0.0,1.0,1.0,0.2842617434,0.09919561731,0.04486703873,0.01514619589
2651,1.0,0.0,0.0,0.0,1.0,1.0,0.2871123846,0.09732362485,0.04490637779,0.0147792697
2652,1.0,0.0,0.0,0.0,1.0,1.0,0.2858149823,0.09617277199,0.04488116503,0.01457923651
2653,1.0,0.0,0.0,0.0,1.0,1.0,0.2827249012,0.09205395228,0.04525774717,0.01412504911
2654,1.0,0.0,0.0,0.0,1.0,1.0,0.2762096529,0.09994407117,0.04328525066,0.01509284973
2655,1.0,0.0,0.0,0.0,1.0,1.0,0.2855546636,0.08896544544,0.04463195801,0.01344680786
2656,1.0,0.0,0.0,0.0,1.0,1.0,0.2813784964,0.08862972844,0.0440222621,0.01343536377
2657,1.0,0.0,0.0,0.0,1.0,1.0,0.28347828,0.09956822925,0.04464876652,0.01516908407
2658,1.0,0.0,0.0,0.0,1.0,1.0,0.2842451985,0.08930390925,0.04412192106,0.01337891817
2659,1.0,0.0,0.0,0.0,1.0,1.0,0.286604626,0.08740344908,0.04484552145,0.01322364807
2660,1.0,0.0,0.0,0.0,1.0,1.0,0.2816106474,0.09727402792,0.04381579161,0.01460528374
2661,1.0,0.0,0.0,0.0,1.0,1.0,0.2852915848,0.08740388255,0.04392111301,0.01303470135
2662,1.0,0.0,0.0,0.0,1.0,1.0,0.284244789,0.08360365111,0.04367721081,0.01239871979
2663,1.0,0.0,0.0,0.0,1.0,1.0,0.285814729,0.0939325945,0.04480046034,0.01426768303
2664,1.0,0.0,0.0,0.0,1.0,1.0,0.2743922546,0.09358098551,0.04245483875,0.01405793428
2665,1.0,0.0,0.0,0.0,1.0,1.0,0.2809243783,0.09102731384,0.0437797308,0.01375132799
2666,1.0,0.0,0.0,0.0,1.0,1.0,0.2876354118,0.09205418288,0.04504525661,0.01396977901
2667,1.0,0.0,0.0,0.0,1.0,1.0,0.2766312631,0.09773111325,0.04347163439,0.01486444473
2668,1.0,0.0,0.0,0.0,1.0,1.0,0.2776227621,0.09588730173,0.04345828295,0.01457953453
2669,1.0,0.0,0.0,0.0,1.0,1.0,0.2618859595,0.09737222795,0.04136133194,0.01491260529
2670,1.0,0.0,0.0,0.0,1.0,1.0,0.2363896693,0.1231198252,0.03776830435,0.01888418198
2671,1.0,0.0,0.0,0.0,1.0,1.0,0.2574319278,0.2400093829,0.0424067378,0.03714054823
2672,1.0,0.0,0.0,0.0,1.0,1.0,0.2740946443,0.2802009193,0.04581177235,0.04385638237
2673,1.0,0.0,0.0,0.0,1.0,1.0,0.3021566627,0.3167244144,0.05067747831,0.05012059212
2674,1.0,0.0,0.0,0.0,1.0,1.0,0.3198878098,0.3407187521,0.05323535204,0.05378699303
2675,1.0,0.0,0.0,0.0,1.0,1.0,0.3243661108,0.347708086,0.05442106724,0.05497354269
2676,1.0,0.0,0.0,0.0,1.0,1.0,0.3206065778,0.3477080188,0.05413651466,0.05496513844
2677,1.0,0.0,0.0,0.0,1.0,1.0,0.3249012489,0.3471749074,0.05496096611,0.05523997545
2678,1.0,0.0,0.0,0.0,1.0,1.0,0.3194260046,0.3384072677,0.05378007889,0.05350285769
2679,1.0,0.0,0.0,0.0,1.0,1.0,0.3189707053,0.3343080963,0.0541947484,0.05336099863
2680,1.0,0.0,0.0,0.0,1.0,1.0,0.3179301091,0.3378393884,0.05382847786,0.05300033092
2681,1.0,0.0,0.0,0.0,1.0,1.0,0.323537271,0.345293084,0.05623722076,0.05540198088
2682,1.0,0.0,0.0,0.0,1.0,1.0,0.3069026193,0.316257221,0.05245357752,0.04970735312
2683,1.0,0.0,0.0,0.0,1.0,1.0,0.2906292038,0.2868117545,0.04876661301,0.0441609025
2684,1.0,0.0,0.0,0.0,1.0,1.0,0.2678244282,0.2453830308,0.04452890158,0.0371979475
2685,1.0,0.0,0.0,0.0,1.0,1.0,0.2653241109,0.2544366065,0.04448229074,0.03793275356
2686,1.0,0.0,0.0,0.0,1.0,1.0,0.2598228281,0.2526062769,0.04433274269,0.03753328323
2687,1.0,0.0,0.0,0.0,1.0,1.0,0.2550082465,0.2573754268,0.04412066936,0.03754371405
2688,1.0,0.0,0.0,0.0,1.0,1.0,0.253447058,0.2710028227,0.04380989075,0.03885030746
2689,1.0,0.0,0.0,0.0,1.0,1.0,0.2474503048,0.2528232722,0.0429006815,0.03565770388
2690,1.0,0.0,0.0,0.0,1.0,1.0,0.2478618418,0.252846768,0.04330950975,0.03548580408
2691,1.0,0.0,0.0,0.0,1.0,1.0,0.2586416545,0.2647925028,0.04545783997,0.03732031584
2692,1.0,0.0,0.0,0.0,1.0,1.0,0.2590551743,0.2618540359,0.04488056898,0.03629237413
2693,1.0,0.0,0.0,0.0,1.0,1.0,0.2575054093,0.2609876426,0.04485809803,0.03616678715
2694,1.0,0.0,0.0,0.0,1.0,1.0,0.2667321634,0.2751498188,0.04694533348,0.03846120834
2695,1.0,0.0,0.0,0.0,1.0,1.0,0.263095473,0.2722058909,0.04548108578,0.03716140985
2696,1.0,0.0,0.0,0.0,1.0,1.0,0.2626741208,0.2711038165,0.04596889019,0.03755992651
2697,1.0,0.7853981853,0.0,0.0,1.0,1.0,0.2647956456,0.2662449651,0.04625874758,0.03666853905
2698,1.0,0.0,0.0,0.0,1.0,1.0,0.2684584283,0.2714535078,0.04583442211,0.03644669056
2699,1.0,0.7853981853,0.0,0.0,1.0,1.0,0.2558955818,0.2580525634,0.04457765818,0.03532570601
2700,1.0,0.7853981853,0.0,0.0,1.0,1.0,0.2442364258,0.2385496411,0.04215967655,0.03217446804
2701,1.0,0.7853981853,0.0,0.0,1.0,1.0,0.2433706085,0.2248744536,0.04177796841,0.03008013964
2702,1.0,0.7853981853,0.0,0.0,1.0,1.0,0.2316587221,0.214165964,0.03973245621,0.02809649706
2703,1.0,0.7853981853,0.0,0.0,1.0,1.0,0.2395356001,0.224982889,0.04127544165,0.02960449457
2704,1.0,0.7853981853,0.0,0.0,1.0,1.0,0.2559743791,0.2498600565,0.04403853416,0.03253799677
2705,1.0,0.7853981853,0.0,0.0,1.0,1.0,0.2588131093,0.2520143396,0.04466593266,0.03286737204
2706,1.0,0.7853981853,0.0,0.0,1.0,1.0,0.2784274094,0.2837400787,0.04855430126,0.0376085639
2707,1.0,0.7853981853,0.0,0.0,1.0,1.0,0.264462692,0.2669445004,0.0452799201,0.0347238183
2708,1.0,0.7853981853,0.0,0.0,1.0,1.0,0.2677075702,0.2636827149,0.04596012831,0.03453975916
2709,1.0,0.7853981853,0.0,0.0,1.0,1.0,0.2678243582,0.2702351773,0.04630762339,0.03557777405
2710,1.0,0.7853981853,0.0,0.0,1.0,1.0,0.2813962436,0.3062117456,0.0490322113,0.04057836533
2711,1.0,0.7853981853,0.0,0.0,1.0,1.0,0.270340603,0.2733517483,0.04646492004,0.0360455513
2712,1.0,0.7853981853,0.0,0.0,1.0,1.0,0.2727236426,0.2837402018,0.04712039232,0.03780919313
2713,1.0,0.7853981853,0.0,0.0,1.0,1.0,0.2846305742,0.3015191632,0.04963135719,0.04032546282
2714,1.0,0.7853981853,0.0,0.0,1.0,1.0,0.2827688846,0.2960533549,0.04872500896,0.03948408365
2715,1.0,0.7853981853,0.0,0.0,1.0,1.0,0.2922440094,0.3065513776,0.05095940828,0.04110532999
2716,1.0,0.7853981853,0.0,0.0,1.0,1.0,0.2878649189,0.3044518607,0.05023616552,0.04092276096
2717,1.0,0.7853981853,0.0,0.0,1.0,1.0,0.2897404287,0.299410575,0.04959750175,0.03956651688
2718,1.0,0.7853981853,0.0,0.0,1.0,1.0,0.2855548637,0.3006793914,0.04962199926,0.04003590345
2719,1.0,0.7853981853,0.0,0.0,1.0,1.0,0.290422373,0.3091492503,0.05027002096,0.04100233316
2720,1.0,0.7853981853,0.0,0.0,1.0,1.0,0.2925195726,0.3120618066,0.05064159632,0.04163861275
2721,1.0,0.7853981853,0.0,0.0,1.0,1.0,0.2878915964,0.3062120224,0.04936629534,0.04039061069
2722,1.0,0.7853981853,0.0,0.0,1.0,1.0,0.2902130122,0.3217091444,0.04988574982,0.04203861952
2723,1.0,0.7853981853,0.0,0.0,1.0,1.0,0.2825220992,0.3075201661,0.04879808426,0.04061800241
2724,1.0,0.7853981853,0.0,0.0,1.0,1.0,0.2881125693,0.3117915426,0.04953718185,0.04086118937
2725,1.0,0.7853981853,0.0,0.0,1.0,1.0,0.2795188111,0.2998329375,0.04803472757,0.03937733173
2726,1.0,0.7853981853,0.0,0.0,1.0,1.0,0.2869522285,0.3070318853,0.04968607426,0.04093456268
2727,1.0,0.7853981853,0.0,0.0,1.0,1.0,0.2836915618,0.3078447826,0.0491489768,0.04123991728
2728,1.0,0.7853981853,0.0,0.0,1.0,1.0,0.2846201367,0.3078450316,0.04891467094,0.04104334116
2729,1.0,0.7853981853,0.0,0.0,1.0,1.0,0.2808889204,0.3006795138,0.04868674278,0.04019486904
2730,1.0,0.7853981853,0.0,0.0,1.0,1.0,0.278612643,0.3023521702,0.04913967848,0.04114019871
2731,1.0,0.7853981853,0.0,0.0,1.0,1.0,0.2788002891,0.3036276592,0.04847705364,0.04082274437
2732,1.0,0.7853981853,0.0,0.0,1.0,1.0,0.2825219816,0.3083382905,0.04847222567,0.04062700272
2733,1.0,0.7853981853,0.0,0.0,1.0,1.0,0.2789905096,0.297705969,0.04753917456,0.03914988041
2734,1.0,0.7853981853,0.0,0.0,1.0,1.0,0.2860245259,0.3160628874,0.04856991768,0.04131233692
2735,1.0,0.7853981853,0.0,0.0,1.0,1.0,0.2867253806,0.3168443101,0.04995089769,0.04252958298
2736,1.0,0.7853981853,0.0,0.0,1.0,1.0,0.2862558877,0.3168442039,0.05007654428,0.04263657331
2737,1.0,0.7853981853,0.0,0.0,1.0,1.0,0.2841548382,0.3049146832,0.04873114824,0.04032927752
2738,1.0,0.7853981853,0.0,0.0,1.0,1.0,0.2848571945,0.3083384759,0.05003249645,0.04145550728
2739,1.0,0.7853981853,0.0,0.0,1.0,1.0,0.277169889,0.2977063134,0.048612535,0.0400338769
2740,1.0,0.7853981853,0.0,0.0,1.0,1.0,0.2797125857,0.3027972712,0.04808062315,0.04020786285
2741,1.0,0.7853981853,0.0,0.0,1.0,1.0,0.2846201357,0.3062121423,0.04907631874,0.04061490297
2742,1.0,0.7853981853,0.0,0.0,1.0,1.0,0.2749699632,0.2913267764,0.04705178738,0.03859937191
2743,1.0,0.7853981853,0.0,0.0,1.0,1.0,0.2370999079,0.2135562596,0.04063898325,0.0282215476
2744,1.0,0.7853981853,0.0,0.0,1.0,1.0,0.2429677303,0.1132699006,0.04006248713,0.01449066401
2745,1.0,0.7853981853,0.0,0.0,1.0,1.0,0.2450805391,0.09815948907,0.03998953104,0.01247900724
2746,1.0,0.7853981853,0.0,0.0,1.0,1.0,0.2387747022,0.1156558618,0.0394974947,0.0149526
2747,1.0,0.7853981853,0.0,0.0,1.0,1.0,0.2197122031,0.1532757262,0.03754091263,0.02060514688
2748,1.0,0.7853981853,0.0,0.0,1.0,1.0,0.2389621402,0.2467759228,0.04159015417,0.03372174501
2749,1.0,0.7853981853,0.0,0.0,1.0,1.0,0.2601721494,0.2869882615,0.04531908035,0.03951603174
2750,1.0,0.0,0.0,0.0,1.0,1.0,0.2900589349,0.3331471989,0.0507093668,0.04740220308
2751,1.0,0.0,0.0,0.0,1.0,1.0,0.2968796021,0.34581469,0.05244940519,0.0499779582
2752,1.0,0.0,0.0,0.0,1.0,1.0,0.3139767542,0.3607008104,0.05641156435,0.05361896753
2753,1.0,0.0,0.0,0.0,1.0,1.0,0.3119375903,0.3498047388,0.05434966087,0.05110490322
2754,1.0,0.0,0.0,0.0,1.0,1.0,0.3173072056,0.359288339,0.05688965321,0.05414140224
2755,1.0,0.0,0.0,0.0,1.0,1.0,0.3336596496,0.3688848737,0.06012320518,0.05624431372
2756,1.0,0.0,0.0,0.0,1.0,1.0,0.3321125312,0.3729802714,0.0590108633,0.0568048954
2757,1.0,0.0,0.0,0.0,1.0,1.0,0.3388464267,0.3774868198,0.06034123898,0.05812686682
2758,1.0,0.0,0.0,0.0,1.0,1.0,0.3378395605,0.3702965239,0.06006664038,0.05728572607
2759,1.0,0.0,0.0,0.0,1.0,1.0,0.3426655879,0.3870567597,0.06033426523,0.05949634314
2760,1.0,0.0,0.0,0.0,1.0,1.0,0.3422089785,0.3797876975,0.06001275778,0.05861055851
2761,1.0,0.0,0.0,0.0,1.0,1.0,0.3433568443,0.3906909063,0.06008797884,0.0606521368
2762,1.0,0.0,0.0,0.0,1.0,1.0,0.3507657653,0.4037599306,0.06181615591,0.06294518709
2763,1.0,0.0,0.0,0.0,1.0,1.0,0.3542738638,0.4167413277,0.06100213528,0.06324070692
2764,1.0,0.0,0.0,0.0,1.0,1.0,0.3634334315,0.4409302542,0.06429058313,0.06888276339
2765,1.0,0.0,0.0,0.0,1.0,1.0,0.3668424055,0.4409304913,0.06405061483,0.06832069159
2766,1.0,0.0,0.0,0.0,1.0,1.0,0.3668423426,0.4395358585,0.06413060427,0.06869107485
2767,1.0,0.0,0.0,0.0,1.0,1.0,0.3672746062,0.4415715582,0.06442064047,0.06926643848
2768,1.0,0.0,0.0,0.5235987902,1.0,1.0,0.3707607138,0.4368061666,0.06536448002,0.06905895472
2769,1.0,0.0,0.0,0.0,1.0,1.0,0.3758033504,0.4441962446,0.06550705433,0.07002472878
2770,1.0,0.0,0.0,0.0,1.0,1.0,0.3632839133,0.4270343817,0.06326311827,0.06727075577
2771,1.0,0.0,0.0,0.0,1.0,1.0,0.3686466357,0.4327291927,0.06378656626,0.06775546074
2772,1.0,0.0,0.0,0.0,1.0,1.0,0.36613245,0.4270343877,0.06399214268,0.06773942709
2773,1.0,0.0,0.0,0.5235987902,1.0,1.0,0.3721150535,0.441782524,0.06398957968,0.06908613443
2774,1.0,0.0,0.0,0.0,1.0,1.0,0.3748931691,0.4296162027,0.065148592,0.06799346209
2775,1.0,0.0,0.0,0.5235987902,1.0,1.0,0.3724220798,0.431413807,0.06469708681,0.06870484352
2776,1.0,0.0,0.0,0.5235987902,1.0,1.0,0.3840217183,0.4426100506,0.06665021181,0.07063788176
2777,1.0,0.0,0.0,0.0,1.0,1.0,0.3822366987,0.4406143361,0.06552612782,0.06978112459
2778,1.0,0.0,0.0,0.0,1.0,1.0,0.3879411885,0.446369772,0.06739455462,0.07167810202
2779,1.0,0.0,0.0,0.5235987902,1.0,1.0,0.3862974802,0.4495697043,0.0674470067,0.07203912735
2780,1.0,0.0,0.0,0.0,1.0,1.0,0.3872527513,0.4497488045,0.06717026234,0.07202941179
2781,1.0,0.0,0.0,0.5235987902,1.0,1.0,0.3858077049,0.4457941003,0.0662984252,0.0708707571
2782,1.0,0.0,0.0,0.5235987902,1.0,1.0,0.383506937,0.4459875107,0.06569844484,0.07081776857
2783,1.0,0.0,0.0,0.5235987902,1.0,1.0,0.3954384942,0.4513607238,0.06773096323,0.07201772928
2784,1.0,0.0,0.0,0.5235987902,1.0,1.0,0.3923982124,0.4459875923,0.06716686487,0.07147246599
2785,1.0,0.0,0.0,0.5235987902,1.0,1.0,0.3967250798,0.4564240101,0.06754010916,0.07302415371
2786,1.0,0.0,0.0,0.5235987902,1.0,1.0,0.3997769009,0.4549432226,0.06855946779,0.07441926003
2787,1.0,0.0,0.0,0.5235987902,1.0,1.0,0.3980385872,0.4523021525,0.06649208069,0.07200890779
2788,1.0,0.0,0.0,0.5235987902,1.0,1.0,0.4079354599,0.4682573051,0.0677703023,0.07454735041
2789,1.0,0.0,0.0,0.5235987902,1.0,1.0,0.4096216617,0.4635092994,0.06840091944,0.0751529336
2790,1.0,0.0,0.0,0.5235987902,1.0,1.0,0.406050469,0.460457185,0.06758892536,0.07484096289
2791,1.0,0.0,0.0,0.5235987902,1.0,1.0,0.4008269911,0.4641535939,0.06849640608,0.07806795835
2792,1.0,0.0,0.0,0.5235987902,1.0,1.0,0.4032229016,0.4751732764,0.06802421808,0.07878023386
2793,1.0,0.0,0.0,0.5235987902,1.0,1.0,0.4127942761,0.4841047066,0.06904810667,0.07993537188
2794,1.0,0.0,0.0,0.5235987902,1.0,1.0,0.408005435,0.4875750177,0.06956076622,0.08212846518
2795,1.0,0.0,0.0,0.5235987902,1.0,1.0,0.4035710969,0.4719589581,0.0697311759,0.08105504513
2796,1.0,0.0,0.0,0.5235987902,1.0,1.0,0.4069582561,0.5031912127,0.07041406631,0.08579868078
2797,1.0,0.0,0.0,0.5235987902,1.0,1.0,0.4021829484,0.5067345453,0.07048124075,0.08704733849
2798,1.0,0.0,0.0,0.5235987902,1.0,1.0,0.4028625902,0.5137479357,0.06931734085,0.08642536402
2799,1.0,0.0,0.0,0.5235987902,1.0,1.0,0.4060231717,0.5119517898,0.06989604235,0.08751940727
2800,1.0,0.0,0.0,0.5235987902,1.0,1.0,0.404747064,0.5032902926,0.06721973419,0.08314025402
2801,1.0,0.0,0.0,0.5235987902,1.0,1.0,0.4055186306,0.49250484,0.06802219152,0.08216840029
2802,1.0,0.0,0.0,0.5235987902,1.0,1.0,0.3940453871,0.4836011517,0.06560045481,0.08050966263
2803,1.0,0.0,0.0,0.5235987902,1.0,1.0,0.4119563556,0.5033683479,0.0685904026,0.0823084712
2804,1.0,0.0,0.0,0.5235987902,1.0,1.0,0.4161311639,0.525825786,0.07044273615,0.08674609661
2805,1.0,0.0,0.0,0.5235987902,1.0,1.0,0.3967681121,0.5187215179,0.06696796417,0.08664572239
2806,1.0,0.0,0.0,0.5235987902,1.0,1.0,0.3986943105,0.5458489378,0.0740454793,0.09515345097
2807,1.0,0.0,0.0,0.5235987902,1.0,1.0,0.3886718547,0.5576038488,0.07305151224,0.09728980064
2808,1.0,0.0,0.0,0.5235987902,1.0,1.0,0.3997767682,0.5535373615,0.07430416346,0.09553396702
2809,1.0,0.0,0.0,0.5235987902,1.0,1.0,0.3936377559,0.5460272151,0.0734602809,0.09536349773
2810,1.0,0.0,0.0,0.5235987902,1.0,1.0,0.3831782816,0.5496928618,0.07199561596,0.0948882103
2811,1.0,0.0,0.0,0.5235987902,1.0,1.0,0.3941461047,0.5560806036,0.07222622633,0.09544181824
2812,1.0,0.0,0.0,0.5235987902,1.0,1.0,0.3834177142,0.5162557807,0.07398819923,0.09240299463
2813,1.0,0.0,0.0,0.5235987902,1.0,1.0,0.395871198,0.5252542988,0.06861901283,0.08862012625
2814,1.0,0.0,0.0,0.5235987902,1.0,1.0,0.3685762411,0.516255791,0.06681746244,0.08732891083
2815,1.0,0.0,0.0,0.5235987902,1.0,1.0,0.3726171841,0.4979551364,0.08000612259,0.1002743244
2816,1.0,0.0,0.0,0.5235987902,1.0,1.0,0.3711282888,0.5102047217,0.07571458817,0.09696781635
2817,1.0,0.0,0.0,0.5235987902,1.0,1.0,0.3696233353,0.4997211219,0.07525330782,0.09505683184
2818,1.0,0.0,0.0,0.5235987902,1.0,1.0,0.3975504328,0.5263019886,0.07874894142,0.09355378151
2819,1.0,0.0,0.0,0.5235987902,1.0,1.0,0.4013888231,0.5123494138,0.07974517345,0.09095436335
2820,1.0,0.0,0.0,0.5235987902,1.0,1.0,0.3852100542,0.5070427945,0.07368904352,0.08576411009
2821,1.0,0.0,0.0,0.5235987902,1.0,1.0,0.3789049764,0.5086768331,0.07403028011,0.08908730745
2822,1.0,0.0,0.0,0.5235987902,1.0,1.0,0.3754164398,0.5127244114,0.07177722454,0.08804666996
2823,1.0,0.0,0.0,0.5235987902,1.0,1.0,0.3712212809,0.5185072304,0.06974720955,0.08710509539
2824,1.0,0.0,0.0,0.5235987902,1.0,1.0,0.3628111118,0.4959777193,0.072085917,0.09010738134
2825,1.0,0.0,0.0,0.5235987902,1.0,1.0,0.3707879215,0.5203862966,0.07281452417,0.0916801095
2826,1.0,0.0,0.0,0.5235987902,1.0,1.0,0.3732429624,0.5131750593,0.06854152679,0.08673262596
2827,1.0,0.0,0.0,0.5235987902,1.0,1.0,0.3708174319,0.486318617,0.06842958927,0.08276730776
2828,1.0,0.0,0.0,0.5235987902,1.0,1.0,0.3933614078,0.5108669445,0.07276457548,0.08588093519
2829,1.0,0.0,0.0,0.5235987902,1.0,1.0,0.3857194463,0.4902563975,0.07128119469,0.08205252886
2830,1.0,0.0,0.0,0.0,1.0,1.0,0.3768940843,0.4845776868,0.07060879469,0.08069568872
2831,1.0,0.0,0.0,0.0,1.0,1.0,0.3701637375,0.4811440136,0.07051384449,0.08301401138
2832,1.0,0.0,0.0,0.0,1.0,1.0,0.3731025073,0.4850232013,0.06909388304,0.08253747225
2833,1.0,0.0,0.0,0.0,1.0,1.0,0.3689214232,0.4611394239,0.06683826447,0.07625639439
2834,1.0,0.0,0.0,0.0,1.0,1.0,0.3722411125,0.4633776558,0.06851130724,0.07977342606
2835,1.0,0.0,0.0,0.0,1.0,1.0,0.376478983,0.4759246018,0.06676381826,0.07784122229
2836,1.0,0.0,0.0,0.0,1.0,1.0,0.3756291705,0.4813487977,0.06820374727,0.0797740221
2837,1.0,0.0,0.0,0.0,1.0,1.0,0.368489961,0.4617193772,0.06139481068,0.07037234306
2838,1.0,0.0,0.0,0.0,1.0,1.0,0.3648481539,0.4624281567,0.06364262104,0.0748026967
2839,1.0,0.0,0.0,0.0,1.0,1.0,0.3726142914,0.4653888304,0.0635573864,0.07246726751
2840,1.0,0.0,0.0,0.0,1.0,1.0,0.3762803978,0.4569939384,0.06369155645,0.07089650631
2841,1.0,0.0,0.0,0.0,1.0,1.0,0.3660163929,0.4470233239,0.06367391348,0.07152414322
2842,1.0,0.0,0.0,0.0,1.0,1.0,0.3540031662,0.4370321846,0.06247442961,0.07090127468
2843,1.0,0.0,0.0,0.0,1.0,1.0,0.3602455873,0.4355205708,0.06367796659,0.0707219243
2844,1.0,0.0,0.0,0.0,1.0,1.0,0.3627070949,0.4303151268,0.06441110373,0.07036983967
2845,1.0,0.0,0.0,0.0,1.0,1.0,0.357984919,0.4293373137,0.06261068583,0.06912666559
2846,1.0,0.0,0.0,0.0,1.0,1.0,0.3560765165,0.4173106738,0.06197601557,0.06704676151
2847,1.0,0.0,0.0,0.0,1.0,1.0,0.3517904865,0.4053683353,0.06088215113,0.06509065628
2848,1.0,0.0,0.0,0.0,1.0,1.0,0.3428977852,0.3923862685,0.05872225761,0.06206190586
2849,1.0,0.0,0.0,0.0,1.0,1.0,0.3440701214,0.395169289,0.05874896049,0.0623857975
2850,1.0,0.0,0.0,0.0,1.0,1.0,0.2978137729,0.3150411491,0.05005776882,0.0492092371
2851,1.0,0.0,0.0,0.0,1.0,1.0,0.2511966467,0.150292122,0.04006588459,0.02273243666
2852,1.0,0.0,0.0,0.0,1.0,1.0,0.26329382,0.1239911006,0.04167544842,0.01871144772
2853,1.0,0.0,0.0,0.0,1.0,1.0,0.258913265,0.1230374367,0.04060167074,0.01845532656
2854,1.0,0.0,0.0,0.0,1.0,1.0,0.2671236223,0.1235052289,0.04171895981,0.01844716072
2855,1.0,0.0,0.0,0.0,1.0,1.0,0.2816107599,0.1167933482,0.04380941391,0.0174665451
2856,1.0,0.0,0.0,0.0,1.0,1.0,0.2842447093,0.1239766502,0.04465806484,0.01872760057
2857,1.0,0.0,0.0,0.0,1.0,1.0,0.284767343,0.1220690369,0.04427474737,0.01828116179
2858,1.0,0.0,0.0,0.0,1.0,1.0,0.2808647187,0.1282811313,0.04421949387,0.01923841238
2859,1.0,0.0,0.0,0.0,1.0,1.0,0.2886869603,0.1254054566,0.04572188854,0.01909905672
2860,1.0,0.0,0.0,0.0,1.0,1.0,0.2918078588,0.1216051013,0.04563838243,0.01825535297
2861,1.0,0.0,0.0,0.0,1.0,1.0,0.2928764237,0.1140046994,0.04597789049,0.01724171638
2862,1.0,0.0,0.0,0.0,1.0,1.0,0.2760191757,0.1263445349,0.04345828295,0.0190307498
2863,1.0,0.0,0.0,0.0,1.0,1.0,0.2845126774,0.1287160895,0.04461920261,0.01944941282
2864,1.0,0.0,0.0,0.0,1.0,1.0,0.2873852635,0.1292052284,0.04571807384,0.01980143785
2865,1.0,0.0,0.0,0.0,1.0,1.0,0.2824113547,0.1301954705,0.04412055016,0.01948177814
2866,1.0,0.0,0.0,0.0,1.0,1.0,0.2787432927,0.133513349,0.0430496335,0.01982551813
2867,1.0,0.0,0.0,0.0,1.0,1.0,0.2842448457,0.1282300581,0.04483270645,0.0196685195
2868,1.0,0.0,0.0,0.0,1.0,1.0,0.2819399555,0.1239909097,0.04420560598,0.01870238781
2869,1.0,0.0,0.0,0.0,1.0,1.0,0.2834779769,0.136117848,0.04400098324,0.02059018612
2870,1.0,0.0,0.0,0.0,1.0,1.0,0.280640425,0.1470878247,0.04411816597,0.02220141888
2871,1.0,0.0,0.0,0.0,1.0,1.0,0.294495124,0.1325018765,0.04547923803,0.01989716291
2872,1.0,0.0,0.0,0.0,1.0,1.0,0.2928765768,0.1338874264,0.04562056065,0.02024412155
2873,1.0,0.0,0.0,0.0,1.0,1.0,0.305951474,0.1457520099,0.04706084728,0.0219617486
2874,1.0,0.0,0.0,0.0,1.0,1.0,0.3101071258,0.1463062848,0.04751104116,0.02203828096
2875,1.0,0.0,0.0,0.0,1.0,1.0,0.3033686362,0.1584023215,0.04655617476,0.02399218082
2876,1.0,0.0,0.0,0.0,1.0,1.0,0.3093955782,0.1589151445,0.04686784744,0.02357596159
2877,1.0,0.0,0.0,0.0,1.0,1.0,0.3089523656,0.1691069347,0.04753953218,0.02548801899
2878,1.0,0.0,0.0,0.0,1.0,1.0,0.3131460979,0.1716597406,0.0478104353,0.02576607466
2879,1.0,0.0,0.0,0.0,1.0,1.0,0.3201191257,0.174145074,0.04889726639,0.02615433931
2880,1.0,0.0,0.0,0.0,1.0,1.0,0.3206463375,0.1697522327,0.04884797335,0.02542376518
2881,1.0,0.0,0.0,0.0,1.0,1.0,0.321725051,0.1799762926,0.04827439785,0.02685087919
2882,1.0,0.0,0.0,0.0,1.0,1.0,0.3167111939,0.1945478452,0.04733085632,0.02890866995
2883,1.0,0.0,0.0,0.0,1.0,1.0,0.308539946,0.1972082444,0.04609411955,0.02912700176
2884,1.0,0.0,0.0,0.0,1.0,1.0,0.3078092984,0.2082171092,0.04640763998,0.03112709522
2885,1.0,0.0,0.0,0.0,1.0,1.0,0.2890176157,0.2252527367,0.04386019707,0.03367328644
2886,1.0,0.0,0.0,0.0,1.0,1.0,0.2648015095,0.2620258729,0.04023736715,0.03911966085
2887,1.0,0.0,0.0,0.0,1.0,1.0,0.2880335511,0.3535931093,0.04649925232,0.05490273237
2888,1.0,0.0,0.0,0.0,1.0,1.0,0.3183910136,0.3916255155,0.05335706472,0.06305843592
2889,1.0,0.0,0.0,0.0,1.0,1.0,0.3300600954,0.4146620921,0.05501770973,0.06568437815
2890,1.0,0.0,0.0,0.0,1.0,1.0,0.3379105561,0.4321433973,0.05578118563,0.06743699312
2891,1.0,0.0,0.0,0.0,1.0,1.0,0.3457985485,0.4336862593,0.05765855312,0.06834644079
2892,1.0,0.0,0.0,0.0,1.0,1.0,0.3512891183,0.4418582971,0.05969756842,0.07062804699
2893,1.0,0.0,0.0,0.0,1.0,1.0,0.35021765,0.4258183496,0.05796742439,0.06617033482
2894,1.0,0.0,0.0,0.0,1.0,1.0,0.3491428978,0.4108026764,0.05980616808,0.06547498703
2895,1.0,0.0,0.0,0.0,1.0,1.0,0.342994016,0.4078992128,0.05845713615,0.06461048126
2896,1.0,0.0,0.0,0.0,1.0,1.0,0.3409954624,0.3900261786,0.05877643824,0.06269490719
2897,1.0,0.0,0.0,0.0,1.0,1.0,0.3331469732,0.379579009,0.05746722221,0.0611115694
2898,1.0,0.0,0.0,0.0,1.0,1.0,0.3336896816,0.3673908761,0.05669373274,0.05835312605
2899,1.0,0.0,0.0,0.0,1.0,1.0,0.3282237849,0.3686751909,0.05568957329,0.05875253677
2900,1.0,0.0,0.0,0.0,1.0,1.0,0.3150950134,0.3492860711,0.05415886641,0.05697965622
2901,1.0,0.0,0.0,0.0,1.0,1.0,0.3280993813,0.3579314965,0.05369454622,0.05699884892
2902,1.0,0.0,0.0,0.0,1.0,1.0,0.3348211901,0.3530454123,0.05557864904,0.05752396584
2903,1.0,0.0,0.0,0.0,1.0,1.0,0.3218542975,0.3496342076,0.05267369747,0.05683213472
2904,1.0,0.0,0.0,0.0,1.0,1.0,0.3314477208,0.3421817304,0.05405068398,0.05599093437
2905,1.0,0.0,0.0,0.0,1.0,1.0,0.3320237457,0.3494672252,0.05373233557,0.05645990372
2906,1.0,0.0,0.0,0.0,1.0,1.0,0.3325900383,0.3432425273,0.05447411537,0.05584281683
2907,1.0,0.0,0.0,0.0,1.0,1.0,0.3247765274,0.3381446489,0.05328863859,0.05576086044
2908,1.0,0.0,0.0,0.0,1.0,1.0,0.3145452251,0.3172289946,0.05096161366,0.05096161366
2909,1.0,0.0,0.0,0.0,1.0,1.0,0.186489952,0.1140667482,0.02876162529,0.01759207249
2910,1.0,0.0,0.0,0.0,1.0,1.0,0.191069784,0.06981421291,0.02954816818,0.01079648733
2911,1.0,0.0,0.0,0.0,1.0,1.0,0.1914990243,0.1249299923,0.02956342697,0.01914578676
2912,1.0,0.0,0.0,0.0,1.0,1.0,0.2581456003,0.2199477081,0.04192513227,0.03540974855
2913,1.0,0.0,0.0,0.0,1.0,1.0,0.2913628172,0.2688154591,0.04854440689,0.04402863979
2914,1.0,0.0,0.0,0.0,1.0,1.0,0.30250662,0.2865294564,0.05064189434,0.0470046401
2915,1.0,0.0,0.0,0.0,1.0,1.0,0.303371878,0.2833469464,0.05095624924,0.04670989513
2916,1.0,0.0,0.0,0.0,1.0,1.0,0.3170990465,0.3110504355,0.0527561903,0.0505464077
2917,1.0,0.0,0.0,0.0,1.0,1.0,0.3159630035,0.3063358949,0.05303883553,0.04996824265
2918,1.0,0.0,0.0,0.0,1.0,1.0,0.3154385843,0.305290457,0.05267745256,0.04962772131
2919,1.0,0.0,0.0,0.0,1.0,1.0,0.3233006136,0.3195494885,0.05429267883,0.05181229115
2920,1.0,0.0,0.0,0.0,1.0,1.0,0.3211906343,0.3173905625,0.05437022448,0.05188637972
2921,1.0,0.0,0.0,0.0,1.0,1.0,0.3184497764,0.3172289688,0.05442941189,0.05191725492
2922,1.0,0.0,0.0,0.0,1.0,1.0,0.3191085814,0.3108228425,0.05473923683,0.05029338598
2923,1.0,0.0,0.0,0.0,1.0,1.0,0.3282952928,0.3285834628,0.05675804615,0.05368250608
2924,1.0,0.0,0.0,0.0,1.0,1.0,0.3239682283,0.3187877349,0.0539983511,0.04994851351
2925,1.0,0.0,0.0,0.0,1.0,1.0,0.3251003153,0.3233490417,0.05453795195,0.05048811436
2926,1.0,0.0,0.0,0.0,1.0,1.0,0.312123499,0.3116726153,0.05334740877,0.04947763681
2927,1.0,0.0,0.0,0.0,1.0,1.0,0.3234909069,0.3186372693,0.05601114035,0.05099517107
2928,1.0,0.0,0.0,0.0,1.0,1.0,0.3171305857,0.3140604992,0.05541223288,0.05065459013
2929,1.0,0.0,0.0,0.0,1.0,1.0,0.3214207271,0.32324577,0.05593317747,0.05148071051
2930,1.0,0.0,0.0,0.0,1.0,1.0,0.3161172858,0.316256614,0.0547555685,0.05005431175
2931,1.0,0.0,0.0,0.0,1.0,1.0,0.3199479642,0.3221194875,0.05583781004,0.05113857985
2932,1.0,0.0,0.0,0.0,1.0,1.0,0.324228607,0.3291266204,0.05782037973,0.05361014605
2933,1.0,0.0,0.0,0.0,1.0,1.0,0.3231160184,0.3170642918,0.05640518665,0.05087524652
2934,1.0,0.0,0.0,0.0,1.0,1.0,0.3038305384,0.2890372762,0.05222463608,0.04562783241
2935,1.0,0.0,0.0,0.0,1.0,1.0,0.2711249189,0.06712670809,0.04420524836,0.01040124893
2936,1.0,0.0,0.0,0.0,1.0,1.0,0.2940596939,0.06222938305,0.04775875807,0.009668946266
2937,1.0,0.0,0.0,0.0,1.0,1.0,0.2915768805,0.08143589536,0.04712873697,0.01249194145
2938,1.0,0.0,0.0,0.0,1.0,1.0,0.2659384354,0.159837369,0.04372632504,0.02486401796
2939,1.0,0.0,0.0,0.0,1.0,1.0,0.2896204756,0.239075026,0.0495608449,0.03810167313
2940,1.0,0.0,0.0,0.0,1.0,1.0,0.3143938193,0.2860593348,0.05481749773,0.04673916101
2941,1.0,0.0,0.0,0.0,1.0,1.0,0.3309625946,0.3081903432,0.05784964561,0.05069005489
2942,1.0,0.0,0.0,0.0,1.0,1.0,0.3326011831,0.3116727477,0.05843484402,0.05152630806
2943,1.0,0.0,0.0,0.0,1.0,1.0,0.348489331,0.3175311309,0.06017035246,0.05193954706
2944,1.0,0.0,0.0,0.0,1.0,1.0,0.3597337895,0.3377424322,0.06404823065,0.05680298805
2945,1.0,0.0,0.0,0.0,1.0,1.0,0.3497217394,0.3273433623,0.06054383516,0.05394428968
2946,1.0,0.0,0.0,0.0,1.0,1.0,0.3570624786,0.3389714426,0.06335794926,0.05743664503
2947,1.0,0.0,0.0,0.0,1.0,1.0,0.3520572852,0.3349005014,0.06216168404,0.05626952648
2948,1.0,0.0,0.0,0.0,1.0,1.0,0.366349233,0.3614999392,0.06295847893,0.05918675661
2949,1.0,0.0,0.0,0.0,1.0,1.0,0.361735405,0.3473239516,0.06343090534,0.05836832523
2950,1.0,0.0,0.0,0.0,1.0,1.0,0.3678083,0.3610082113,0.0641617775,0.06086373329
2951,1.0,0.0,0.0,0.0,1.0,1.0,0.3819632535,0.3739048513,0.06850415468,0.06481784582
2952,1.0,0.0,0.0,0.0,1.0,1.0,0.3787723543,0.3624736822,0.06555712223,0.06138527393
2953,1.0,0.0,0.0,0.0,1.0,1.0,0.3804939326,0.3743490666,0.06631267071,0.06361210346
2954,1.0,0.0,0.0,0.0,1.0,1.0,0.3765258432,0.3725832254,0.06547391415,0.06366354227
2955,1.0,0.0,0.0,0.0,1.0,1.0,0.3797535993,0.3752289929,0.06595480442,0.06415599585
2956,1.0,0.0,0.0,0.0,1.0,1.0,0.3814002508,0.3747907691,0.06582176685,0.06372743845
2957,1.0,0.0,0.0,0.0,1.0,1.0,0.3876096117,0.3867097689,0.06713032722,0.06592619419
2958,1.0,0.0,0.0,0.0,1.0,1.0,0.3882849293,0.3867098905,0.06539213657,0.06421917677
2959,1.0,0.0,0.0,0.0,1.0,1.0,0.3760967293,0.3761149766,0.06468355656,0.06378513575
2960,1.0,0.0,0.0,0.0,1.0,1.0,0.3775089967,0.3814126136,0.06521481276,0.06491428614
2961,1.0,0.0,0.0,0.0,1.0,1.0,0.3760964949,0.3841270993,0.06372368336,0.06372368336
2962,1.0,0.0,0.0,0.0,1.0,1.0,0.3733799569,0.3796465596,0.06426870823,0.06426864862
2963,1.0,0.0,0.0,0.0,1.0,1.0,0.3799962623,0.387107755,0.06450527906,0.06479978561
2964,1.0,0.0,0.0,0.0,1.0,1.0,0.3744657734,0.3796463817,0.06290346384,0.06261217594
2965,1.0,0.0,0.0,0.0,1.0,1.0,0.3827279031,0.3902412988,0.06572371721,0.06602245569
2966,1.0,0.0,0.0,0.0,1.0,1.0,0.3746818532,0.377880679,0.06345540285,0.06316024065
2967,1.0,0.0,0.0,0.0,1.0,1.0,0.3837994228,0.3973045623,0.0650023222,0.06617885828
2968,1.0,0.0,0.0,0.0,1.0,1.0,0.3757695298,0.381828992,0.06218224764,0.06247007847
2969,1.0,0.0,0.0,0.0,1.0,1.0,0.3728488736,0.3826535366,0.06180167198,0.06266003847
2970,1.0,0.0,0.0,0.0,1.0,1.0,0.3727601449,0.3830614882,0.06435614824,0.06494659185
2971,1.0,0.0,0.0,0.0,1.0,1.0,0.3741414371,0.3853483632,0.06162077188,0.06247657537
2972,1.0,0.0,0.0,0.0,1.0,1.0,0.3761991809,0.3941462692,0.06240016222,0.06441313028
2973,1.0,0.0,0.0,0.0,1.0,1.0,0.3780270736,0.3923864813,0.06346160173,0.06462073326
2974,1.0,0.0,0.0,0.0,1.0,1.0,0.3698451923,0.3865435982,0.06113231182,0.06312263012
2975,1.0,0.0,0.0,0.0,1.0,1.0,0.3716864078,0.3917674803,0.06173980236,0.06401592493
2976,1.0,0.0,0.0,0.0,1.0,1.0,0.3733992581,0.3931372356,0.06123650074,0.06320279837
2977,1.0,0.0,0.0,0.0,1.0,1.0,0.3734938779,0.3884757577,0.0622921586,0.0634457469
2978,1.0,0.0,0.0,0.0,1.0,1.0,0.372732171,0.3906266594,0.06114792824,0.06313872337
2979,1.0,0.0,0.0,0.0,1.0,1.0,0.3779330861,0.3976651645,0.06245601177,0.06474792957
2980,1.0,0.0,0.0,0.0,1.0,1.0,0.37392926,0.3931374806,0.06134569645,0.06360733509
2981,1.0,0.0,0.0,0.0,1.0,1.0,0.3760785182,0.3886720146,0.06209313869,0.06351083517
2982,1.0,0.0,0.0,0.0,1.0,1.0,0.3765256346,0.3994249375,0.06168341637,0.06452602148
2983,1.0,0.0,0.0,0.0,1.0,1.0,0.3728487324,0.3910096603,0.06143021584,0.06342101097
2984,1.0,0.0,0.0,0.0,1.0,1.0,0.3780273636,0.4001263242,0.06189280748,0.06471896172
2985,1.0,0.0,0.0,0.0,1.0,1.0,0.3731712162,0.3980232103,0.06164377928,0.0647829771
2986,1.0,0.0,0.0,0.0,1.0,1.0,0.3263487216,0.3289977977,0.05213570595,0.05241900682
2987,1.0,0.0,0.0,0.0,1.0,1.0,0.309219628,0.2682323256,0.04804718494,0.04175525904
2988,1.0,0.0,0.0,0.0,1.0,1.0,0.2992780497,0.2498604345,0.04696667194,0.03942883015
2989,1.0,0.0,0.0,0.0,1.0,1.0,0.3078125994,0.1980027105,0.04691791534,0.03040981293
2990,1.0,0.0,0.0,0.0,1.0,1.0,0.3153113981,0.1678310939,0.04745972157,0.02559953928
2991,1.0,0.0,0.0,0.0,1.0,1.0,0.3296333844,0.1552160082,0.04941105843,0.02355641127
2992,1.0,0.0,0.0,0.0,1.0,1.0,0.3219680957,0.1521705602,0.04878944159,0.0235234499
2993,1.0,0.0,0.0,0.0,1.0,1.0,0.3203584999,0.1489733959,0.04822450876,0.02281278372
2994,1.0,0.0,0.0,0.0,1.0,1.0,0.3161112361,0.1578063861,0.04850280285,0.02439659834
2995,1.0,0.0,0.0,0.0,1.0,1.0,0.3337828808,0.1559278826,0.05096405745,0.0241715312
2996,1.0,0.0,0.0,0.0,1.0,1.0,0.335050723,0.1486160119,0.05135220289,0.02334195375
2997,1.0,0.0,0.0,0.0,1.0,1.0,0.3328283907,0.1553443437,0.05058312416,0.02412879467
2998,1.0,0.0,0.0,0.0,1.0,1.0,0.3257581596,0.1521707264,0.04944437742,0.02369821072
2999,1.0,0.0,0.0,0.0,1.0,1.0,0.3273700632,0.1578067852,0.04926782846,0.02434414625
3000,1.0,0.0,0.0,0.0,1.0,1.0,0.3325207597,0.1604271813,0.05117309093,0.02515292168
3001,1.0,0.0,0.0,0.0,1.0,1.0,0.3337795447,0.1536179244,0.0508466959,0.02397882938
3002,1.0,0.0,0.0,0.0,1.0,1.0,0.344504638,0.1506510886,0.05283981562,0.02380692959
3003,1.0,0.0,0.0,0.0,1.0,1.0,0.3503791676,0.1536179281,0.0532849431,0.02416747808
3004,1.0,0.0,0.0,0.0,1.0,1.0,0.3378662586,0.1604268329,0.05160188675,0.02508020401
3005,1.0,0.0,0.0,0.0,1.0,1.0,0.3328265943,0.1665735164,0.05020779371,0.02582943439
3006,1.0,0.0,0.0,0.0,1.0,1.0,0.3376493906,0.1684450968,0.05091297626,0.02618378401
3007,1.0,0.0,0.0,0.0,1.0,1.0,0.3366743438,0.1616195642,0.05113875866,0.02542322874
3008,1.0,0.0,0.0,0.0,1.0,1.0,0.3353829048,0.1603584964,0.0505553484,0.02484440804
3009,1.0,0.0,0.0,0.0,1.0,1.0,0.33056936,0.1634426171,0.04947954416,0.02517384291
3010,1.0,0.0,0.0,0.0,1.0,1.0,0.3286365167,0.169078421,0.04932463169,0.02611303329
3011,1.0,0.0,0.0,0.0,1.0,1.0,0.3269841241,0.1665738177,0.0486882925,0.02550339699
3012,1.0,0.0,0.0,0.0,1.0,1.0,0.323776773,0.1540493623,0.04824888706,0.02369105816
3013,1.0,0.0,0.0,0.0,1.0,1.0,0.322214072,0.1572156841,0.04779660702,0.02404141426
3014,1.0,0.0,0.0,0.0,1.0,1.0,0.3175259967,0.1560467238,0.04766964912,0.02412199974
3015,1.0,0.0,0.0,0.0,1.0,1.0,0.3264266964,0.1566289998,0.04865401983,0.02404081821
3016,1.0,0.0,0.0,0.0,1.0,1.0,0.3144961832,0.159087235,0.0470174551,0.02451831102
3017,1.0,0.0,0.0,0.0,1.0,1.0,0.316943603,0.1615638806,0.0474409461,0.02503019571
3018,1.0,0.0,0.0,0.0,1.0,1.0,0.3222137836,0.1590872893,0.04865992069,0.02476704121
3019,1.0,0.0,0.0,0.0,1.0,1.0,0.3115396871,0.1740602264,0.04662060738,0.02692991495
3020,1.0,0.0,0.0,0.0,1.0,1.0,0.313588306,0.1684452085,0.04709166288,0.026001513
3021,1.0,0.0,0.0,0.0,1.0,1.0,0.3195889087,0.1678311346,0.04706788063,0.02538818121
3022,1.0,0.0,0.0,0.0,1.0,1.0,0.3211449007,0.1653210932,0.0482828021,0.02575081587
3023,1.0,0.0,0.0,0.0,1.0,1.0,0.3230320793,0.1678309713,0.04758155346,0.0256652236
3024,1.0,0.0,0.0,0.0,1.0,1.0,0.3119645721,0.1845984225,0.04670476913,0.02854180336
3025,1.0,0.0,0.0,0.0,1.0,1.0,0.3015725284,0.2017743212,0.04446405172,0.03049778938
3026,1.0,0.0,0.0,0.0,1.0,1.0,0.2906778905,0.2080625337,0.04396557808,0.0319750309
3027,1.0,0.0,0.0,0.0,1.0,1.0,0.2494087267,0.2570507242,0.03888714314,0.04029607773
3028,1.0,0.0,0.0,0.0,1.0,1.0,0.2860624427,0.3295650323,0.04610204697,0.05268806219
3029,1.0,0.0,0.0,0.0,1.0,1.0,0.3305644696,0.3952492787,0.05436074734,0.06427025795
3030,1.0,0.0,0.0,0.0,1.0,1.0,0.3408549284,0.4066692905,0.05608642101,0.06651455164
3031,1.0,0.0,0.0,0.0,1.0,1.0,0.3425677412,0.4112289061,0.05593168736,0.06627911329
3032,1.0,0.0,0.0,0.0,1.0,1.0,0.3377189162,0.404288095,0.05610489845,0.06635755301
3033,1.0,0.0,0.0,0.0,1.0,1.0,0.3547801775,0.426591288,0.05863237381,0.07007288933
3034,1.0,0.0,0.0,0.0,1.0,1.0,0.356083303,0.4320501688,0.05892270803,0.07087802887
3035,1.0,0.0,0.0,0.0,1.0,1.0,0.350106266,0.431577326,0.05819809437,0.07081252337
3036,1.0,0.0,0.0,0.0,1.0,1.0,0.3545579152,0.4355206847,0.05921339989,0.0717998147
3037,1.0,0.0,0.0,0.0,1.0,1.0,0.3531475413,0.4303156055,0.05906105042,0.07110267878
3038,1.0,0.0,0.0,0.0,1.0,1.0,0.3607908639,0.4428561148,0.06022900343,0.07335948944
3039,1.0,0.0,0.0,0.0,1.0,1.0,0.3614091758,0.44265937,0.06075948477,0.07371765375
3040,1.0,0.0,0.0,0.0,1.0,1.0,0.3665476506,0.4443882443,0.06192016602,0.07436203957
3041,1.0,0.0,0.0,0.0,1.0,1.0,0.364052021,0.4396171475,0.06093215942,0.07289081812
3042,1.0,0.0,0.0,0.0,1.0,1.0,0.3637426896,0.4394096232,0.06145054102,0.07322371006
3043,1.0,0.0,0.0,0.0,1.0,1.0,0.3604825785,0.4392010636,0.06078225374,0.07316911221
3044,1.0,0.0,0.0,0.0,1.0,1.0,0.3654422349,0.4459315199,0.06213361025,0.0742713213
3045,1.0,0.0,0.0,0.0,1.0,1.0,0.3603427654,0.4305556246,0.06152957678,0.07226830721
3046,1.0,0.0,0.0,0.0,1.0,1.0,0.3590809836,0.4303151141,0.06045615673,0.07139581442
3047,1.0,0.0,0.0,0.0,1.0,1.0,0.3679032011,0.4364001127,0.06240516901,0.0733332634
3048,1.0,0.0,0.0,0.0,1.0,1.0,0.3697256729,0.4378998681,0.06139808893,0.07149100304
3049,1.0,0.0,0.0,0.0,1.0,1.0,0.371609305,0.4376866545,0.06168496609,0.07154327631
3050,1.0,0.0,0.0,0.0,1.0,1.0,0.3743727729,0.4419301543,0.06415945292,0.07447081804
3051,1.0,0.0,0.0,0.0,1.0,1.0,0.375844151,0.4364001598,0.06290411949,0.0719307065
3052,1.0,0.0,0.0,0.0,1.0,1.0,0.3794715933,0.442125983,0.06366914511,0.07288444042
3053,1.0,0.0,0.0,0.0,1.0,1.0,0.3808190839,0.4372558402,0.06328141689,0.07157152891
3054,1.0,0.0,0.0,0.0,1.0,1.0,0.3816964676,0.438943868,0.06317061186,0.07203662395
3055,1.0,0.0,0.0,0.0,1.0,1.0,0.3779403568,0.4381116498,0.06428968906,0.07314735651
3056,1.0,0.0,0.0,0.0,1.0,1.0,0.3783484219,0.4319622377,0.06510722637,0.0734616518
3057,1.0,0.0,0.0,0.0,1.0,1.0,0.3840136798,0.4402305172,0.06487983465,0.07337939739
3058,1.0,0.0,0.0,0.0,1.0,1.0,0.3801048255,0.4387380841,0.06374454498,0.07241153717
3059,1.0,0.0,0.0,0.0,1.0,1.0,0.3820163699,0.4402303024,0.06475704908,0.073561728
3060,1.0,0.0,0.0,0.0,1.0,1.0,0.3910127461,0.44855483,0.06648516655,0.07536894083
3061,1.0,0.0,0.0,0.0,1.0,1.0,0.3876420082,0.4500912142,0.06711935997,0.07674950361
3062,1.0,0.0,0.0,0.0,1.0,1.0,0.3867734055,0.4387382586,0.06689918041,0.07468485832
3063,1.0,0.0,0.0,0.0,1.0,1.0,0.3806600204,0.4466687624,0.06607276201,0.0759691596
3064,1.0,0.0,0.0,0.0,1.0,1.0,0.3824395601,0.4340136333,0.0633534193,0.07067424059
3065,1.0,0.0,0.0,0.0,1.0,1.0,0.3892832505,0.4443883888,0.06512367725,0.07276856899
3066,1.0,0.0,0.0,0.0,1.0,1.0,0.3919714532,0.4378999196,0.06522339582,0.07199984789
3067,1.0,0.0,0.0,0.0,1.0,1.0,0.3930578796,0.4499204286,0.06607061625,0.07397645712
3068,1.0,0.0,0.0,0.0,1.0,1.0,0.3910126283,0.4430514809,0.06567674875,0.07303708792
3069,1.0,0.0,0.0,0.0,1.0,1.0,0.3866084232,0.4378995374,0.06458485126,0.07191759348
3070,1.0,0.0,0.0,0.0,1.0,1.0,0.3838802994,0.4359636394,0.06444740295,0.07182908058
3071,1.0,0.0,0.0,0.0,1.0,1.0,0.392004095,0.4428563756,0.06655263901,0.07372432947
3072,1.0,0.0,0.0,0.0,1.0,1.0,0.3957351798,0.4500909859,0.0665769577,0.07450950146
3073,1.0,0.0,0.0,0.0,1.0,1.0,0.3953647792,0.4413342771,0.06654530764,0.07339978218
3074,1.0,0.0,0.0,0.0,1.0,1.0,0.3956659282,0.4428562223,0.06627601385,0.07373565435
3075,1.0,0.0,0.0,0.0,1.0,1.0,0.3950096992,0.4514718919,0.06668847799,0.07531189919
3076,1.0,0.0,0.0,0.0,1.0,1.0,0.3950093732,0.4447687375,0.06622880697,0.0739364624
3077,1.0,0.0,0.0,0.0,1.0,1.0,0.3912342825,0.4394099089,0.06554085016,0.07298225164
3078,1.0,0.0,0.0,0.0,1.0,1.0,0.3926073429,0.4409303109,0.06554830074,0.07267314196
3079,1.0,0.0,0.0,0.0,1.0,1.0,0.3953083473,0.4370382972,0.06636679173,0.07242631912
3080,1.0,0.0,0.0,0.0,1.0,1.0,0.3912346442,0.435742753,0.06496471167,0.07148951292
3081,1.0,0.0,0.0,0.0,1.0,1.0,0.3922402088,0.435742806,0.06457209587,0.07105749846
3082,1.0,0.0,0.0,0.0,1.0,1.0,0.3773755936,0.42163946,0.06196165085,0.06875193119
3083,1.0,0.0,0.0,0.0,1.0,1.0,0.3850591843,0.4303152554,0.0640257597,0.07057058811
3084,1.0,0.0,0.0,0.0,1.0,1.0,0.3832769897,0.4320502332,0.06286323071,0.07019251585
3085,1.0,0.0,0.0,0.0,1.0,1.0,0.3849319268,0.4231086901,0.06363534927,0.06934255362
3086,1.0,0.0,0.0,0.0,1.0,1.0,0.3887195559,0.4335559944,0.06366491318,0.07045590878
3087,1.0,0.0,0.0,0.0,1.0,1.0,0.3863243948,0.4199045105,0.0633404851,0.06843036413
3088,1.0,0.0,0.0,0.0,1.0,1.0,0.3859914454,0.4231085754,0.06299412251,0.06833732128
3089,1.0,0.0,0.0,0.0,1.0,1.0,0.3824704601,0.4260779191,0.06293702126,0.06920224428
3090,1.0,0.0,0.0,0.0,1.0,1.0,0.3903661656,0.4363762281,0.06370669603,0.07053244114
3091,1.0,0.0,0.0,0.0,1.0,1.0,0.3882847757,0.4310973431,0.0634945631,0.06975865364
3092,1.0,0.0,0.0,0.0,1.0,1.0,0.3917674605,0.432856949,0.06397974491,0.06995117664
3093,1.0,0.0,0.0,0.0,1.0,1.0,0.3833952768,0.4155577075,0.06258714199,0.06742346287
3094,1.0,0.0,0.0,0.0,1.0,1.0,0.3809062034,0.4184945225,0.06164509058,0.06701785326
3095,1.0,0.0,0.0,0.0,1.0,1.0,0.3803261516,0.4155574194,0.06262862682,0.06777620316
3096,1.0,0.0,0.0,0.0,1.0,1.0,0.379490266,0.4117422215,0.06108933687,0.06587523222
3097,1.0,0.0,0.0,0.0,1.0,1.0,0.3666385379,0.384127144,0.05865627527,0.06091225147
3098,1.0,0.0,0.0,0.0,1.0,1.0,0.3209885157,0.3355788042,0.05017971992,0.05246061087
3099,1.0,0.0,0.0,0.0,1.0,1.0,0.3045027002,0.2759652917,0.04670804739,0.04240977764
3100,1.0,0.0,0.0,0.0,1.0,1.0,0.3167312672,0.2233597834,0.04698437452,0.03380578756
3101,1.0,0.0,0.0,0.0,1.0,1.0,0.3171306538,0.2044312256,0.04730618,0.03096401691
3102,1.0,0.0,0.0,0.0,1.0,1.0,0.3290264298,0.1991367697,0.04939299822,0.03026390076
3103,1.0,0.0,0.0,0.0,1.0,1.0,0.3328282826,0.1878651221,0.04975396395,0.02859425545
3104,1.0,0.0,0.0,0.0,1.0,1.0,0.32996843,0.1852898557,0.04958504438,0.02837526798
3105,1.0,0.0,0.0,0.0,1.0,1.0,0.331568427,0.1820543932,0.04966771603,0.02781391144
3106,1.0,0.0,0.0,0.0,1.0,1.0,0.3406761156,0.173335278,0.05128610134,0.02663481236
3107,1.0,0.0,0.0,0.0,1.0,1.0,0.3340966202,0.1764816849,0.05000036955,0.02698886395
3108,1.0,0.0,0.0,0.0,1.0,1.0,0.3353703631,0.1727660034,0.05085653067,0.02687305212
3109,1.0,0.0,0.0,0.0,1.0,1.0,0.3302998341,0.1690503427,0.04983669519,0.02606397867
3110,1.0,0.0,0.0,0.0,1.0,1.0,0.34178788,0.1690785804,0.05084353685,0.02570742369
3111,1.0,0.0,0.0,0.0,1.0,1.0,0.3245068175,0.1690782895,0.048425138,0.025788486
3112,1.0,0.0,0.0,0.0,1.0,1.0,0.3246048284,0.1659521668,0.04867631197,0.02533447742
3113,1.0,0.0,0.0,0.0,1.0,1.0,0.3315411559,0.157806334,0.04912292957,0.02399021387
3114,1.0,0.0,0.0,0.0,1.0,1.0,0.3360613754,0.1584019875,0.04940259457,0.02398735285
3115,1.0,0.0,0.0,0.0,1.0,1.0,0.326703502,0.1646806527,0.04837691784,0.02490407228
3116,1.0,0.0,0.0,0.0,1.0,1.0,0.3357198433,0.164680525,0.04995816946,0.02497905493
3117,1.0,0.0,0.0,0.0,1.0,1.0,0.3344360533,0.1608949755,0.04946488142,0.02430355549
3118,1.0,0.0,0.0,0.0,1.0,1.0,0.3282907294,0.1602878129,0.0482057333,0.02424550056
3119,1.0,0.0,0.0,0.0,1.0,1.0,0.3234059744,0.1653069426,0.04776328802,0.0250325799
3120,1.0,0.0,0.0,0.0,1.0,1.0,0.3253543531,0.1678311301,0.04768693447,0.02541404963
3121,1.0,0.0,0.0,0.0,1.0,1.0,0.3175260884,0.1684455033,0.04722863436,0.02560591698
3122,1.0,0.0,0.0,0.0,1.0,1.0,0.3238844648,0.1671928574,0.04837167263,0.02576005459
3123,1.0,0.0,0.0,0.0,1.0,1.0,0.3184402481,0.1640873002,0.04725050926,0.02504843473
3124,1.0,0.0,0.0,0.0,1.0,1.0,0.3171307038,0.1759315676,0.04694652557,0.02674525976
3125,1.0,0.0,0.0,0.0,1.0,1.0,0.330233313,0.1753739551,0.04820823669,0.02637279034
3126,1.0,0.0,0.0,0.0,1.0,1.0,0.3209039374,0.1765929044,0.04719030857,0.02672219276
3127,1.0,0.0,0.0,0.0,1.0,1.0,0.3196672479,0.1815467069,0.04761350155,0.0278223753
3128,1.0,0.0,0.0,0.0,1.0,1.0,0.3205936969,0.1734877482,0.04790729284,0.02655100822
3129,1.0,0.0,0.0,0.0,1.0,1.0,0.3267034903,0.174714523,0.04828822613,0.02657282352
3130,1.0,0.0,0.0,0.0,1.0,1.0,0.3234630842,0.1796750361,0.04791253805,0.02754253149
3131,1.0,0.0,0.0,0.0,1.0,1.0,0.3286104501,0.1759315176,0.04817068577,0.02679312229
3132,1.0,0.0,0.0,0.0,1.0,1.0,0.323776376,0.1803504578,0.04749900103,0.02730482817
3133,1.0,0.0,0.0,0.0,1.0,1.0,0.3150101972,0.1783391785,0.04664009809,0.02713608742
3134,1.0,0.0,0.0,0.0,1.0,1.0,0.3196675532,0.1822289086,0.0475564003,0.02778893709
3135,1.0,0.0,0.0,0.0,1.0,1.0,0.3189709479,0.1803504051,0.04732215405,0.02753287554
3136,1.0,0.0,0.0,0.0,1.0,1.0,0.319359403,0.1815465455,0.04779589176,0.0279289484
3137,1.0,0.0,0.0,0.0,1.0,1.0,0.323984147,0.177259581,0.04733628035,0.02696734667
3138,1.0,0.0,0.0,0.0,1.0,1.0,0.329204868,0.173487679,0.04803270102,0.02646106482
3139,1.0,0.0,0.0,0.0,1.0,1.0,0.3282042231,0.171602169,0.0474383831,0.02600538731
3140,1.0,0.0,0.0,0.0,1.0,1.0,0.325583215,0.1734883737,0.04749518633,0.02648222446
3141,1.0,0.0,0.0,0.0,1.0,1.0,0.3152009001,0.1753740546,0.04629701376,0.02674305439
3142,1.0,0.0,0.0,0.0,1.0,1.0,0.3057116669,0.1930737046,0.04426246881,0.02894079685
3143,1.0,0.0,0.0,0.0,1.0,1.0,0.2905354624,0.2101099752,0.04256343842,0.03149694204
3144,1.0,0.0,0.0,0.0,1.0,1.0,0.2661456085,0.2370939214,0.04036778212,0.03669798374
3145,1.0,0.0,0.0,0.0,1.0,1.0,0.3230338816,0.3533741479,0.05043965578,0.05517709255
3146,1.0,0.0,0.0,0.0,1.0,1.0,0.3540782604,0.4026020514,0.05646449327,0.06341820955
3147,1.0,0.0,0.0,0.0,1.0,1.0,0.348460789,0.4114309616,0.05619108677,0.06513696909
3148,1.0,0.0,0.0,0.0,1.0,1.0,0.3487633578,0.4093458859,0.05638819933,0.06480437517
3149,1.0,0.0,0.0,0.0,1.0,1.0,0.3504088937,0.4061334614,0.0568857193,0.06445175409
3150,1.0,0.0,0.0,0.0,1.0,1.0,0.3507118117,0.4087006386,0.0567510128,0.06401962042
3151,1.0,0.0,0.0,0.0,1.0,1.0,0.3640519911,0.4099821854,0.0596550703,0.06495153904
3152,1.0,0.0,0.0,0.0,1.0,1.0,0.3643534484,0.4173108076,0.06052112579,0.06668531895
3153,1.0,0.0,0.0,0.0,1.0,1.0,0.3486424062,0.405367988,0.05840295553,0.06452137232
3154,1.0,0.0,0.0,0.0,1.0,1.0,0.3501332743,0.3962701453,0.05891543627,0.06251126528
3155,1.0,0.0,0.0,0.0,1.0,1.0,0.3417445204,0.3830614843,0.05858308077,0.06079381704
3156,1.0,0.0,0.0,0.0,1.0,1.0,0.3309841983,0.3677526266,0.05651199818,0.05789709091
3157,1.0,0.0,0.0,0.0,1.0,1.0,0.3342289326,0.3712716145,0.05737251043,0.05876505375
3158,1.0,0.0,0.0,0.0,1.0,1.0,0.3213639776,0.355704112,0.0549582839,0.05633223057
3159,1.0,0.0,0.0,0.0,1.0,1.0,0.3331473411,0.3643795441,0.05627310276,0.05681413412
3160,1.0,0.0,0.0,0.0,1.0,1.0,0.32461857,0.3557043857,0.05458915234,0.05512702465
3161,1.0,0.0,0.0,0.0,1.0,1.0,0.3267710258,0.3566972372,0.05527198315,0.05581122637
3162,1.0,0.0,0.0,0.0,1.0,1.0,0.3178603633,0.3342841558,0.05439120531,0.05303817987
3163,1.0,0.0,0.0,0.0,1.0,1.0,0.3104445992,0.3279954522,0.05226540565,0.05093210936
3164,1.0,0.0,0.0,0.0,1.0,1.0,0.3132107562,0.3285836196,0.05290204287,0.05104118586
3165,1.0,0.0,0.0,0.0,1.0,1.0,0.3154488695,0.3320180188,0.05365687609,0.05206310749
3166,1.0,0.0,0.0,0.0,1.0,1.0,0.3092023555,0.3252421158,0.05282068253,0.05122005939
3167,1.0,0.0,0.0,0.0,1.0,1.0,0.3100374384,0.3235480876,0.05312889814,0.0509930253
3168,1.0,0.0,0.0,0.0,1.0,1.0,0.2965375825,0.3042521679,0.05038201809,0.04771637917
3169,1.0,0.0,0.0,0.0,1.0,1.0,0.3070386334,0.3229489918,0.05205506086,0.05046153069
3170,1.0,0.0,0.0,0.0,1.0,1.0,0.298411825,0.3114699296,0.0507504344,0.04887074232
3171,1.0,0.0,0.0,0.0,1.0,1.0,0.2978728908,0.3093509067,0.05079293251,0.04865425825
3172,1.0,0.0,0.0,0.0,1.0,1.0,0.3026702234,0.3099962635,0.05183082819,0.04940122366
3173,1.0,0.0,0.0,0.0,1.0,1.0,0.2973021705,0.2998325323,0.0505643487,0.04760581255
3174,1.0,0.0,0.0,0.0,1.0,1.0,0.1853383608,0.1079981873,0.02967739105,0.0163641572
3175,1.0,0.0,0.0,0.0,1.0,1.0,0.1867281089,0.04884474473,0.02909767628,0.00720512867
3176,1.0,0.0,0.0,0.0,1.0,1.0,0.1773204103,0.05240483116,0.02753466368,0.007787525654
3177,1.0,0.0,0.0,0.0,1.0,1.0,0.1853385809,0.1157441241,0.02935677767,0.01728481054
3178,1.0,0.0,0.0,0.0,1.0,1.0,0.2519321547,0.227788274,0.04162675142,0.03532803059
3179,1.0,0.0,0.0,0.0,1.0,1.0,0.2711728151,0.2550662165,0.04582089186,0.04033339024
3180,1.0,0.0,0.0,0.0,1.0,1.0,0.2857841842,0.2806653551,0.0476950407,0.04394376278
3181,1.0,0.0,0.0,0.0,1.0,1.0,0.2910374582,0.2916457764,0.05029803514,0.04725801945
3182,1.0,0.0,0.0,0.0,1.0,1.0,0.2978416372,0.3025523232,0.0513433218,0.04887229204
3183,1.0,0.0,0.0,0.0,1.0,1.0,0.3001518898,0.3093509352,0.05047118664,0.04886037111
3184,1.0,0.0,0.0,0.0,1.0,1.0,0.3037284599,0.3110508728,0.05222541094,0.05003798008
3185,1.0,0.0,0.0,0.0,1.0,1.0,0.2928301721,0.2950571455,0.05010652542,0.04711103439
3186,1.0,0.0,0.0,0.0,1.0,1.0,0.2944710885,0.2977791106,0.05006879568,0.04734772444
3187,1.0,0.0,0.0,0.0,1.0,1.0,0.3012672519,0.3025521889,0.05119222403,0.04821276665
3188,1.0,0.0,0.0,0.0,1.0,1.0,0.2997524039,0.3008523322,0.05001437664,0.04733979702
3189,1.0,0.0,0.0,0.0,1.0,1.0,0.3003169305,0.3008522891,0.05096769333,0.04850149155
3190,1.0,0.0,0.0,0.0,1.0,1.0,0.3021755147,0.3049143823,0.0506541729,0.04875802994
3191,1.0,0.0,0.0,0.0,1.0,1.0,0.3012901583,0.3032203858,0.05029201508,0.04839932919
3192,1.0,0.0,0.0,0.0,1.0,1.0,0.3006450905,0.2964445804,0.04969698191,0.04701066017
3193,1.0,0.0,0.0,0.0,1.0,1.0,0.2949171801,0.2943562615,0.04938286543,0.0471881032
3194,1.0,0.0,0.0,0.0,1.0,1.0,0.3000785536,0.286529379,0.04954022169,0.04547953606
3195,1.0,0.0,0.0,0.0,1.0,1.0,0.3012240613,0.2879749525,0.05027663708,0.04645127058
3196,1.0,0.0,0.0,0.0,1.0,1.0,0.297776054,0.2787557865,0.04903274775,0.04442745447
3197,1.0,0.0,0.0,0.0,1.0,1.0,0.2944860505,0.2804556965,0.0486831069,0.04487544298
3198,1.0,0.0,0.0,0.0,1.0,1.0,0.2993335766,0.2875104416,0.04932457209,0.04603624344
3199,1.0,0.0,0.0,0.0,1.0,1.0,0.2986645851,0.2860471574,0.04912436008,0.04555666447
3200,1.0,0.0,0.0,0.0,1.0,1.0,0.3061204676,0.2977790292,0.05107152462,0.04803484678
3201,1.0,0.0,0.0,0.0,1.0,1.0,0.3066279849,0.3018792458,0.05054616928,0.04836040735
3202,1.0,0.0,0.0,0.0,1.0,1.0,0.3039623883,0.2933514445,0.05035889149,0.04707461596
3203,1.0,0.0,0.0,0.0,1.0,1.0,0.309311509,0.3073888245,0.05092918873,0.04901254177
3204,1.0,0.0,0.0,0.0,1.0,1.0,0.3116003749,0.3015265805,0.05129301548,0.04856467247
3205,1.0,0.0,0.0,0.0,1.0,1.0,0.3164899213,0.3076512148,0.05177980661,0.04932707548
3206,1.0,0.0,0.0,0.0,1.0,1.0,0.306618032,0.2889542623,0.05022281408,0.04665511847
3207,1.0,0.0,0.0,0.0,1.0,1.0,0.3168553153,0.2964444453,0.05174010992,0.04816228151
3208,1.0,0.0,0.0,0.0,1.0,1.0,0.3230005916,0.2981384236,0.05289447308,0.04874044657
3209,1.0,0.0,0.0,0.0,1.0,1.0,0.3196868633,0.3015264534,0.05238091946,0.04907262325
3210,1.0,0.0,0.0,0.0,1.0,1.0,0.3235966712,0.3005078863,0.052990973,0.04912704229
3211,1.0,0.0,0.0,0.0,1.0,1.0,0.3274913243,0.3042517088,0.05338728428,0.04951459169
3212,1.0,0.0,0.0,0.0,1.0,1.0,0.265922778,0.2058709457,0.04218554497,0.03312557936
3213,1.0,0.0,0.0,0.0,1.0,1.0,0.2546110163,0.09219931236,0.03859132528,0.01439970732
3214,1.0,0.0,0.0,0.0,1.0,1.0,0.2720491685,0.08603240552,0.03971487284,0.01323825121
3215,1.0,0.0,0.0,0.0,1.0,1.0,0.2740405486,0.09660046566,0.0391882658,0.01498377323
3216,1.0,0.0,0.0,0.0,1.0,1.0,0.2592270413,0.1068244315,0.0373185873,0.01720154285
3217,1.0,0.0,0.0,0.0,1.0,1.0,0.2655421288,0.1059476465,0.03675282001,0.01736348867
3218,1.0,0.0,0.0,0.0,1.0,1.0,0.2660917866,0.09750646492,0.03566324711,0.01597714424
3219,1.0,0.0,0.0,0.0,1.0,1.0,0.2521670117,0.1528751739,0.03529584408,0.02668708563
3220,1.0,0.0,0.0,0.0,1.0,1.0,0.2893123279,0.2082172068,0.0410772562,0.0373429656
3221,1.0,-0.7853981853,0.0,0.0,1.0,1.0,0.3244805049,0.2631862852,0.04516613483,0.04574519396
3222,1.0,-0.7853981853,0.0,0.0,1.0,1.0,0.3570943756,0.287668295,0.04887259007,0.05060774088
3223,1.0,-0.7853981853,0.0,0.0,1.0,1.0,0.3711285095,0.2991639277,0.04932487011,0.05163240433
3224,1.0,-0.7853981853,0.0,0.0,1.0,1.0,0.3706540812,0.3049145453,0.04985010624,0.05341082811
3225,1.0,-0.7853981853,0.0,0.0,1.0,1.0,0.3873269235,0.3141598202,0.05053728819,0.05474877357
3226,1.0,-0.7853981853,0.0,0.0,1.0,1.0,0.4075619488,0.3308731556,0.05333739519,0.05813169479
3227,1.0,-0.7853981853,0.0,0.0,1.0,1.0,0.4059129047,0.3331473827,0.05043894053,0.05659717321
3228,1.0,-0.7853981853,0.0,0.0,1.0,1.0,0.4196948566,0.3400518968,0.05342209339,0.05945843458
3229,1.0,-0.7853981853,0.0,0.0,1.0,1.0,0.432062888,0.3533556923,0.05463945866,0.06124424934
3230,1.0,-0.7853981853,0.0,0.0,1.0,1.0,0.4380119133,0.3610547137,0.05540585518,0.06336468458
3231,1.0,-0.7853981853,0.0,0.0,1.0,1.0,0.4463526148,0.3710712866,0.05663138628,0.06524920464
3232,1.0,-0.7853981853,0.0,0.0,1.0,1.0,0.4306044287,0.3495409366,0.05408918858,0.06115758419
3233,1.0,-0.7853981853,0.0,0.0,1.0,1.0,0.4351817475,0.3554354201,0.05391806364,0.06153357029
3234,1.0,-0.7853981853,0.0,0.0,1.0,1.0,0.4354005507,0.3573223811,0.05218529701,0.05989444256
3235,1.0,-0.7853981853,0.0,0.0,1.0,1.0,0.4447397394,0.3721698827,0.05453014374,0.06381821632
3236,1.0,-0.7853981853,0.0,0.0,1.0,1.0,0.4415010156,0.3621672668,0.05340415239,0.06103336811
3237,1.0,-0.7853981853,0.0,0.0,1.0,1.0,0.443926804,0.3702281252,0.05481988192,0.06380677223
3238,1.0,-0.7853981853,0.0,0.0,1.0,1.0,0.4433884814,0.3721697548,0.05597239733,0.06514823437
3239,1.0,-0.7853981853,0.0,0.0,1.0,1.0,0.4460716561,0.3754424698,0.05622810125,0.06565010548
3240,1.0,-0.7853981853,0.0,0.0,1.0,1.0,0.450587687,0.3752228344,0.0571988821,0.06602209806
3241,1.0,-0.7853981853,0.0,0.0,1.0,1.0,0.4575168668,0.3684010174,0.05834698677,0.06521135569
3242,1.0,-0.7853981853,0.0,0.0,1.0,1.0,0.4496871973,0.3643982429,0.05512952805,0.06239932775
3243,1.0,-0.7853981853,0.0,0.0,1.0,1.0,0.4519218061,0.3674682137,0.05686068535,0.0646712184
3244,1.0,-0.7853981853,0.0,0.0,1.0,1.0,0.4444721007,0.3576949148,0.05492091179,0.06259143353
3245,1.0,-0.7853981853,0.0,0.0,1.0,1.0,0.4469866216,0.3589548068,0.0551828146,0.06324326992
3246,1.0,-0.7853981853,0.0,0.0,1.0,1.0,0.4402606092,0.3479410156,0.05316400528,0.05988591909
3247,1.0,-0.7853981853,0.0,0.0,1.0,1.0,0.4548661119,0.3467087606,0.05429565907,0.05912190676
3248,1.0,-0.7853981853,0.0,0.0,1.0,1.0,0.4436165349,0.3367298639,0.05245250463,0.05800634623
3249,1.0,-0.7853981853,0.0,0.0,1.0,1.0,0.4447707065,0.3373117333,0.05326712132,0.05853193998
3250,1.0,-0.7853981853,0.0,0.0,1.0,1.0,0.4598742851,0.3485598236,0.05419337749,0.06035166979
3251,1.0,-0.7853981853,0.0,0.0,1.0,1.0,0.4628719816,0.3600139393,0.05563217402,0.06246966124
3252,1.0,-0.7853981853,0.0,0.0,1.0,1.0,0.4673374653,0.3571948782,0.05608135462,0.06187236309
3253,1.0,-0.7853981853,0.0,0.0,1.0,1.0,0.4575450435,0.352640032,0.05476826429,0.06088763475
3254,1.0,-0.7853981853,0.0,0.0,1.0,1.0,0.4606902183,0.3507743203,0.05447947979,0.06023013592
3255,1.0,-0.7853981853,0.0,0.0,1.0,1.0,0.4012910948,0.3036496557,0.04882895947,0.05374252796
3256,1.0,-0.7853981853,0.0,0.0,1.0,1.0,0.3379883624,0.1613133726,0.04004514217,0.02878242731
3257,1.0,-0.7853981853,0.0,0.0,1.0,1.0,0.3612443047,0.1499162674,0.0413081646,0.02570283413
3258,1.0,-0.7853981853,0.0,0.0,1.0,1.0,0.3524411388,0.1388111544,0.04288220406,0.02504068613
3259,1.0,-0.7853981853,0.0,0.0,1.0,1.0,0.3339780431,0.1554689127,0.04114347696,0.02794075012
3260,1.0,-0.7853981853,0.0,0.0,1.0,1.0,0.3424659334,0.2182690013,0.0442917347,0.04007351398
3261,1.0,-0.7853981853,0.0,0.0,1.0,1.0,0.3500867647,0.2317545788,0.04701447487,0.04367798567
3262,1.0,-0.7853981853,0.0,0.0,1.0,1.0,0.362826334,0.2563502311,0.04923588037,0.04772555828
3263,1.0,-0.7853981853,0.0,0.0,1.0,1.0,0.3766319437,0.2790239791,0.05247569084,0.05188935995
3264,1.0,0.0,0.0,0.0,1.0,1.0,0.3526235115,0.2734322058,0.05175584555,0.05235767365
3265,1.0,0.0,0.0,0.0,1.0,1.0,0.3550522778,0.2917625963,0.05310899019,0.05516290665
3266,1.0,0.0,0.0,0.0,1.0,1.0,0.3482305738,0.2848727656,0.05149328709,0.05207514763
3267,1.0,0.0,0.0,0.0,1.0,1.0,0.3627463267,0.3029555111,0.05460327864,0.05517202616
3268,1.0,0.0,0.0,0.0,1.0,1.0,0.3629207819,0.3131161545,0.05464690924,0.05606257915
3269,1.0,0.0,0.0,0.0,1.0,1.0,0.3604244352,0.306432836,0.05549323559,0.05521011353
3270,1.0,0.0,0.0,0.0,1.0,1.0,0.3749069774,0.3129242778,0.05774366856,0.0560284853
3271,1.0,0.0,0.0,0.0,1.0,1.0,0.3783199441,0.3293240501,0.05658090115,0.05658084154
3272,1.0,0.0,0.0,0.0,1.0,1.0,0.3752620742,0.320544788,0.05600392818,0.05487823486
3273,1.0,0.0,0.0,0.0,1.0,1.0,0.3733764208,0.3137782243,0.05627852678,0.05372041464
3274,1.0,0.0,0.0,0.0,1.0,1.0,0.3723226389,0.3158772282,0.05694884062,0.0543602705
3275,1.0,0.0,0.0,0.0,1.0,1.0,0.3702328655,0.3068757358,0.05652970076,0.05224716663
3276,1.0,0.0,0.0,0.0,1.0,1.0,0.3657847199,0.3175481168,0.05758225918,0.05525565147
3277,1.0,0.0,0.0,0.0,1.0,1.0,0.3629309296,0.3158772074,0.05758112669,0.05524283648
3278,1.0,0.0,0.0,0.0,1.0,1.0,0.3607560746,0.3119065288,0.05725818872,0.05433690548
3279,1.0,0.0,0.0,0.0,1.0,1.0,0.3612663034,0.3208910237,0.05687266588,0.05542916059
3280,1.0,0.0,0.0,0.0,1.0,1.0,0.354464009,0.31649008,0.05569982529,0.05455136299
3281,1.0,0.0,0.0,0.0,1.0,1.0,0.3624548584,0.3275760573,0.05941009521,0.0576453805
3282,1.0,0.0,0.0,0.0,1.0,1.0,0.3673625644,0.3236446515,0.05781167746,0.05469435453
3283,1.0,0.0,0.0,0.0,1.0,1.0,0.3497595651,0.3285834554,0.05558544397,0.05529737473
3284,1.0,0.0,0.0,0.0,1.0,1.0,0.3496696097,0.3257565719,0.05596071482,0.05509531498
3285,1.0,0.0,0.0,0.0,1.0,1.0,0.3455758354,0.3291266979,0.05406957865,0.05435419083
3286,1.0,0.0,0.0,0.0,1.0,1.0,0.3446352449,0.3245608432,0.05419498682,0.05390971899
3287,1.0,0.0,0.0,0.0,1.0,1.0,0.3526386923,0.3388521582,0.05639123917,0.05696666241
3288,1.0,0.0,0.0,0.0,1.0,1.0,0.3427692061,0.3314299689,0.05391460657,0.0547658205
3289,1.0,0.0,0.0,0.0,1.0,1.0,0.3474760398,0.3354290632,0.05481421947,0.05537933111
3290,1.0,0.0,0.0,0.0,1.0,1.0,0.347003409,0.3377424024,0.05488079786,0.05602413416
3291,1.0,0.0,0.0,0.0,1.0,1.0,0.345752888,0.3388517116,0.05539625883,0.05712735653
3292,1.0,0.0,0.0,0.0,1.0,1.0,0.3426656643,0.3280482599,0.0550006032,0.05528712273
3293,1.0,0.0,0.0,0.0,1.0,1.0,0.348249905,0.3382465423,0.05555689335,0.05640727282
3294,1.0,0.0,0.0,0.0,1.0,1.0,0.3444504117,0.3325785531,0.05418926477,0.05475080013
3295,1.0,0.0,0.0,0.0,1.0,1.0,0.3420548803,0.3286301066,0.05424338579,0.05480843782
3296,1.0,0.0,0.0,0.0,1.0,1.0,0.3444504159,0.3359900079,0.05474358797,0.05587822199
3297,1.0,0.0,0.0,0.0,1.0,1.0,0.3491809694,0.3370996365,0.05509978533,0.05594313145
3298,1.0,0.0,0.0,0.0,1.0,1.0,0.3420548666,0.3359895654,0.0541408062,0.05555069447
3299,1.0,0.0,0.0,0.0,1.0,1.0,0.3480998117,0.341189009,0.05470460653,0.05583262444
3300,1.0,0.0,0.0,0.0,1.0,1.0,0.3505237775,0.3434507098,0.05600035191,0.0574362278
3301,1.0,0.0,0.0,0.0,1.0,1.0,0.3534828901,0.3508318426,0.05586272478,0.05813133717
3302,1.0,0.0,0.0,0.0,1.0,1.0,0.3541187275,0.3434509071,0.05586409569,0.05671483278
3303,1.0,0.0,0.0,0.0,1.0,1.0,0.3486427221,0.343450745,0.05553591251,0.05695986748
3304,1.0,0.0,0.0,0.0,1.0,1.0,0.3545258943,0.3508316393,0.05674880743,0.05845981836
3305,1.0,0.0,0.0,0.0,1.0,1.0,0.3554764133,0.349120145,0.05589419603,0.05729854107
3306,1.0,0.0,0.0,0.0,1.0,1.0,0.3510583019,0.3371404555,0.05556094646,0.05584442616
3307,1.0,0.0,0.0,0.0,1.0,1.0,0.3473996895,0.3399465099,0.05486851931,0.05627542734
3308,1.0,0.0,0.0,0.0,1.0,1.0,0.3487264074,0.3480813856,0.05516993999,0.05744493008
3309,1.0,0.0,0.0,0.0,1.0,1.0,0.3522182935,0.3388520908,0.05616861582,0.05645376444
3310,1.0,0.0,0.0,0.0,1.0,1.0,0.3445113053,0.3394657745,0.05429840088,0.05571246147
3311,1.0,0.0,0.0,0.0,1.0,1.0,0.3523208872,0.3503200249,0.05519080162,0.05744355917
3312,1.0,0.0,0.0,0.0,1.0,1.0,0.3474762815,0.3337178507,0.0547414422,0.05502361059
3313,1.0,0.0,0.0,0.0,1.0,1.0,0.3473994161,0.3439860272,0.05555284023,0.05726218224
3314,1.0,0.0,0.0,0.0,1.0,1.0,0.3426151614,0.3416461325,0.05424517393,0.05649369955
3315,1.0,0.0,0.0,0.0,1.0,1.0,0.3496281675,0.3552437664,0.05580639839,0.05890673399
3316,1.0,0.0,0.0,0.0,1.0,1.0,0.3560623304,0.3603429161,0.05615347624,0.05893331766
3317,1.0,0.0,0.0,0.0,1.0,1.0,0.3525370064,0.356943606,0.05649030209,0.05931478739
3318,1.0,0.0,0.0,0.0,1.0,1.0,0.3530539579,0.3591216744,0.05611908436,0.05919033289
3319,1.0,0.0,0.0,0.0,1.0,1.0,0.3536760704,0.3569439168,0.05623269081,0.05875056982
3320,1.0,0.0,0.0,0.0,1.0,1.0,0.3529528131,0.358161599,0.05604410172,0.05914199352
3321,1.0,0.0,0.0,0.0,1.0,1.0,0.3545255854,0.3576772338,0.05632597208,0.05915647745
3322,1.0,0.0,0.0,0.0,1.0,1.0,0.356307196,0.3623406797,0.05651366711,0.05962193012
3323,1.0,0.0,0.0,0.0,1.0,1.0,0.348019647,0.3456973443,0.05525714159,0.05724078417
3324,1.0,0.0,0.0,0.0,1.0,1.0,0.3276557561,0.3123254027,0.05111992359,0.05140548944
3325,1.0,0.0,0.0,0.0,1.0,1.0,0.3141625343,0.2890374642,0.04931563139,0.04787373543
3326,1.0,0.0,0.0,0.0,1.0,1.0,0.2850188257,0.2525279015,0.0439889431,0.04109495878
3327,1.0,0.0,0.0,0.0,1.0,1.0,0.2828611262,0.2215076918,0.04309988022,0.03591656685
3328,1.0,0.0,0.0,0.0,1.0,1.0,0.2868942102,0.2410003757,0.04399967194,0.03911083937
3329,1.0,0.0,0.0,0.0,1.0,1.0,0.2831438277,0.2322645731,0.04306024313,0.03764206171
3330,1.0,0.0,0.0,0.0,1.0,1.0,0.2863678105,0.23907515,0.04374974966,0.03853452206
3331,1.0,0.0,0.0,0.0,1.0,1.0,0.2792275273,0.1883008417,0.04157578945,0.02981990576
3332,1.0,0.0,0.0,0.0,1.0,1.0,0.2878076836,0.1272352809,0.0425413847,0.02010518312
3333,1.0,0.0,0.0,0.0,1.0,1.0,0.2818940916,0.119859191,0.04167914391,0.01894503832
3334,1.0,0.0,0.0,0.0,1.0,1.0,0.2754367252,0.1244726555,0.04102939367,0.01992857456
3335,1.0,0.0,0.0,0.0,1.0,1.0,0.2770730036,0.1286593585,0.04116493464,0.0202884078
3336,1.0,0.0,0.0,0.0,1.0,1.0,0.2835435583,0.1282304401,0.04201412201,0.02026218176
3337,1.0,0.0,0.0,0.0,1.0,1.0,0.2815891099,0.130524144,0.04194837809,0.02067875862
3338,1.0,0.0,0.0,0.0,1.0,1.0,0.2872647667,0.1226083743,0.04245489836,0.01945853233
3339,1.0,0.0,0.0,0.0,1.0,1.0,0.2861226364,0.1235474249,0.04226785898,0.01966631413
3340,1.0,0.0,0.0,0.0,1.0,1.0,0.2886401951,0.1240183404,0.04368323088,0.02020722628
3341,1.0,0.0,0.0,0.0,1.0,1.0,0.2883767119,0.1212555925,0.0434538722,0.01964348555
3342,1.0,0.0,0.0,0.0,1.0,1.0,0.2937216852,0.1244724798,0.04339438677,0.01980412006
3343,1.0,0.0,0.0,0.0,1.0,1.0,0.2969428266,0.1221539673,0.04371988773,0.01936584711
3344,1.0,0.0,0.0,0.0,1.0,1.0,0.2973709057,0.1286045332,0.04423344135,0.02050554752
3345,1.0,0.0,0.0,0.0,1.0,1.0,0.3041778815,0.1341162713,0.04528284073,0.02146524191
3346,1.0,0.0,0.0,0.0,1.0,1.0,0.308433137,0.1327670561,0.04563570023,0.02106261253
3347,1.0,0.0,0.0,0.0,1.0,1.0,0.3067496063,0.1393270705,0.0446189642,0.021871984
3348,1.0,0.0,0.0,0.0,1.0,1.0,0.2951107466,0.1469767805,0.04371082783,0.02331244946
3349,1.0,0.0,0.0,0.0,1.0,1.0,0.2963520329,0.146214736,0.04367607832,0.02315711975
3350,1.0,0.0,0.0,0.0,1.0,1.0,0.2942418606,0.1446080203,0.04324269295,0.02277451754
3351,1.0,0.0,0.0,0.0,1.0,1.0,0.302620075,0.1499163647,0.0442687273,0.02359056473
3352,1.0,0.0,0.0,0.0,1.0,1.0,0.2956927294,0.145139238,0.04332214594,0.02281630039
3353,1.0,0.0,0.0,0.0,1.0,1.0,0.3013095225,0.1446079346,0.04382777214,0.02263003588
3354,1.0,0.0,0.0,0.0,1.0,1.0,0.2967859183,0.1469769771,0.04338890314,0.02298754454
3355,1.0,0.0,0.0,0.0,1.0,1.0,0.3028009244,0.1462149803,0.04431676865,0.02288258076
3356,1.0,0.0,0.0,0.0,1.0,1.0,0.2990457358,0.1500990601,0.0439208746,0.023694098
3357,1.0,0.0,0.0,0.0,1.0,1.0,0.2892085855,0.1530511531,0.04207020998,0.02375394106
3358,1.0,0.0,0.0,0.0,1.0,1.0,0.2936653656,0.1537603355,0.04353880882,0.02438175678
3359,1.0,0.0,0.0,0.0,1.0,1.0,0.286958716,0.1488138652,0.04195606709,0.02327698469
3360,1.0,0.0,0.0,0.0,1.0,1.0,0.2878079483,0.1493629277,0.04269582033,0.02368736267
3361,1.0,0.0,0.0,0.0,1.0,1.0,0.2891834479,0.157421303,0.04271668196,0.02482187748
3362,1.0,0.0,0.0,0.0,1.0,1.0,0.3035779697,0.1550230336,0.04439663887,0.02450466156
3363,1.0,0.0,0.0,0.0,1.0,1.0,0.2985471635,0.1519299641,0.04379874468,0.02407485247
3364,1.0,0.0,0.0,0.0,1.0,1.0,0.3016068515,0.1508250216,0.04436475039,0.02406716347
3365,1.0,0.0,0.0,0.0,1.0,1.0,0.3090643651,0.1543257518,0.04435640574,0.02419441938
3366,1.0,0.0,0.0,0.0,1.0,1.0,0.2920382786,0.1647431869,0.04245054722,0.02581453323
3367,1.0,0.0,0.0,0.0,1.0,1.0,0.2948850562,0.1647432332,0.04273563623,0.02581346035
3368,1.0,0.0,0.0,0.0,1.0,1.0,0.2948849678,0.1586705134,0.04237639904,0.02474325895
3369,1.0,0.0,0.0,0.0,1.0,1.0,0.2894937096,0.1544589698,0.04249358177,0.02457106113
3370,1.0,0.0,0.0,0.0,1.0,1.0,0.2953342332,0.1593313244,0.04339271784,0.02528846264
3371,1.0,0.0,0.0,0.0,1.0,1.0,0.2662606137,0.1683840231,0.03985053301,0.02685576677
3372,1.0,0.0,0.0,0.0,1.0,1.0,0.2380082873,0.1929071387,0.03493833542,0.02982544899
3373,1.0,0.0,0.0,0.0,1.0,1.0,0.2762230634,0.2703118962,0.04181295633,0.0429430604
3374,1.0,0.0,0.0,0.0,1.0,1.0,0.3141627754,0.3319700657,0.04871499538,0.05355799198
3375,1.0,0.0,0.0,0.0,1.0,1.0,0.3167630327,0.3308257467,0.04872012138,0.05320012569
3376,1.0,0.0,0.0,0.0,1.0,1.0,0.352106848,0.3778378302,0.05475121737,0.06092828512
3377,1.0,0.0,0.0,0.0,1.0,1.0,0.352004487,0.3826534554,0.05521339178,0.06169253588
3378,1.0,0.0,0.0,0.0,1.0,1.0,0.3494924969,0.3726140376,0.05502015352,0.06007301807
3379,1.0,0.0,0.0,0.0,1.0,1.0,0.3550412771,0.3813202999,0.05601584911,0.0613374114
3380,1.0,0.0,0.0,0.0,1.0,1.0,0.3661673779,0.3938772745,0.05846250057,0.06411099434
3381,1.0,0.0,0.0,0.0,1.0,1.0,0.3514910426,0.3713204,0.0565109849,0.06107753515
3382,1.0,0.0,0.0,0.0,1.0,1.0,0.3564442357,0.3855978605,0.05748426914,0.06283819675
3383,1.0,0.0,0.0,0.0,1.0,1.0,0.3508031181,0.376078385,0.05653423071,0.06129205227
3384,1.0,0.0,0.0,0.0,1.0,1.0,0.3385897973,0.3666893677,0.05493086576,0.05994993448
3385,1.0,0.0,0.0,0.0,1.0,1.0,0.3348559621,0.3645223965,0.05464166403,0.05938094854
3386,1.0,0.0,0.0,0.0,1.0,1.0,0.3342957698,0.3537541314,0.05431157351,0.0576710701
3387,1.0,0.0,0.0,0.0,1.0,1.0,0.3291059566,0.3515276086,0.05333894491,0.05726909637
3388,1.0,0.0,0.0,0.0,1.0,1.0,0.323909096,0.3499788886,0.05235332251,0.05627286434
3389,1.0,0.0,0.0,0.0,1.0,1.0,0.3279418575,0.3522339652,0.05279439688,0.05670511723
3390,1.0,0.0,0.0,0.0,1.0,1.0,0.3259239175,0.3475571625,0.05251860619,0.05615025759
3391,1.0,0.0,0.0,0.0,1.0,1.0,0.3250778559,0.3492857571,0.05272507668,0.05665141344
3392,1.0,0.0,0.0,0.0,1.0,1.0,0.3288428345,0.3532509324,0.05328083038,0.05718624592
3393,1.0,0.0,0.0,0.0,1.0,1.0,0.3274033077,0.3539690859,0.05342566967,0.05736231804
3394,1.0,0.0,0.0,0.0,1.0,1.0,0.3285362371,0.3510147944,0.05329197645,0.05693823099
3395,1.0,0.0,0.0,0.0,1.0,1.0,0.3325729559,0.3591742573,0.05400794744,0.05792558193
3396,1.0,0.0,0.0,0.0,1.0,1.0,0.3251607746,0.3503198495,0.05339080095,0.05732488632
3397,1.0,0.0,0.0,0.0,1.0,1.0,0.3260349045,0.3508312699,0.05342638493,0.05734241009
3398,1.0,0.0,0.0,0.0,1.0,1.0,0.3311658792,0.3530452695,0.05427473783,0.05761474371
3399,1.0,0.0,0.0,0.0,1.0,1.0,0.3243277164,0.3428116872,0.05267769098,0.05572742224
3400,1.0,0.0,0.0,0.0,1.0,1.0,0.3291678664,0.342812117,0.05407005548,0.05631130934
3401,1.0,0.0,0.0,0.0,1.0,1.0,0.3288652703,0.3400161559,0.05357140303,0.05524545908
3402,1.0,0.0,0.0,0.0,1.0,1.0,0.3285600615,0.3434507294,0.05330371857,0.05581539869
3403,1.0,0.0,0.0,0.0,1.0,1.0,0.3320005214,0.3537543519,0.0539727211,0.0576081872
3404,1.0,0.0,0.0,0.0,1.0,1.0,0.3248400174,0.3388519013,0.05324667692,0.05578225851
3405,1.0,0.0,0.0,0.0,1.0,1.0,0.329996607,0.3468853856,0.0540420413,0.05685669184
3406,1.0,0.0,0.0,0.0,1.0,1.0,0.3294105368,0.3468856412,0.05380135775,0.0568999052
3407,1.0,0.0,0.0,0.0,1.0,1.0,0.325718516,0.3451682925,0.05372852087,0.05683916807
3408,1.0,0.0,0.0,0.0,1.0,1.0,0.3265587496,0.3446349991,0.05347752571,0.05629211664
3409,1.0,0.0,0.0,0.0,1.0,1.0,0.3291678742,0.3525426841,0.0542601347,0.0579149127
3410,1.0,0.0,0.0,0.0,1.0,1.0,0.3240508327,0.342274525,0.05311459303,0.05591011047
3411,1.0,0.0,0.0,0.0,1.0,1.0,0.3277416832,0.3456973808,0.05365395546,0.05644845963
3412,1.0,0.0,0.0,0.0,1.0,1.0,0.323726495,0.3451680765,0.0526920557,0.05603760481
3413,1.0,0.0,0.0,0.0,1.0,1.0,0.3240042275,0.343986343,0.05286407471,0.05622059107
3414,1.0,0.0,0.0,0.0,1.0,1.0,0.3237747074,0.3467450343,0.0533863306,0.05732005835
3415,1.0,0.0,0.0,0.0,1.0,1.0,0.3308615333,0.355471551,0.05432790518,0.05826878548
3416,1.0,0.0,0.0,0.0,1.0,1.0,0.3231728614,0.3474088501,0.05298691988,0.05691188574
3417,1.0,0.0,0.0,0.0,1.0,1.0,0.3283023379,0.3496342954,0.0540547967,0.05771481991
3418,1.0,0.0,0.0,0.0,1.0,1.0,0.3277140404,0.3462229591,0.0531193018,0.05645662546
3419,1.0,0.0,0.0,0.0,1.0,1.0,0.3285835735,0.3525428076,0.05360817909,0.0575171113
3420,1.0,0.0,0.0,0.0,1.0,1.0,0.3249663336,0.3496342844,0.05356746912,0.05719453096
3421,1.0,0.0,0.0,0.0,1.0,1.0,0.3289088046,0.3467454724,0.05469608307,0.05751550198
3422,1.0,0.0,0.0,0.0,1.0,1.0,0.3300442735,0.3535441556,0.05479627848,0.05844938755
3423,1.0,0.0,0.0,0.0,1.0,1.0,0.3320120555,0.354750627,0.05507981777,0.05875182152
3424,1.0,0.0,0.0,0.0,1.0,1.0,0.3308962439,0.3564560659,0.05490648746,0.05854821205
3425,1.0,0.0,0.0,0.0,1.0,1.0,0.331166153,0.354750522,0.05477499962,0.05842661858
3426,1.0,0.0,0.0,0.0,1.0,1.0,0.3306042237,0.3535438945,0.05478918552,0.05844175816
3427,1.0,0.0,0.0,0.0,1.0,1.0,0.3314563144,0.3569437786,0.05434691906,0.05822885036
3428,1.0,0.0,0.0,0.0,1.0,1.0,0.3342727302,0.3564561876,0.05572992563,0.0588260293
3429,1.0,0.0,0.0,0.0,1.0,1.0,0.3311762975,0.3545315671,0.05511665344,0.05905348063
3430,1.0,0.0,0.0,0.0,1.0,1.0,0.3339863169,0.3579084331,0.05588161945,0.05953222513
3431,1.0,0.0,0.0,0.0,1.0,1.0,0.3289088319,0.3513400297,0.05437666178,0.05774021149
3432,1.0,0.0,0.0,0.0,1.0,1.0,0.3283516068,0.35133973,0.05384558439,0.05717629194
3433,1.0,0.0,0.0,0.0,1.0,1.0,0.33116583,0.3552438169,0.05427122116,0.05816763639
3434,1.0,0.0,0.0,0.0,1.0,1.0,0.3294488297,0.3532511721,0.05416953564,0.0575376153
3435,1.0,0.0,0.0,0.0,1.0,1.0,0.3311659086,0.3576767067,0.05512851477,0.05908644199
3436,1.0,0.0,0.0,0.0,1.0,1.0,0.3362929199,0.3601438169,0.05530762672,0.05897599459
3437,1.0,0.0,0.0,0.0,1.0,1.0,0.3328613029,0.3576769363,0.05526423454,0.05953723192
3438,1.0,0.0,0.0,0.0,1.0,1.0,0.3362931405,0.3593887082,0.05544519424,0.05940556526
3439,1.0,0.0,0.0,0.0,1.0,1.0,0.3411062808,0.3739293807,0.05654853582,0.06135523319
3440,1.0,0.0,0.0,0.0,1.0,1.0,0.3371404013,0.3554717461,0.05552411079,0.05834263563
3441,1.0,0.0,0.0,0.0,1.0,1.0,0.3402355667,0.3671417811,0.05649352074,0.06101298332
3442,1.0,0.0,0.0,0.0,1.0,1.0,0.3359899539,0.3615725566,0.05543458462,0.05965542793
3443,1.0,0.0,0.0,0.0,1.0,1.0,0.3345769878,0.3589058929,0.05433553457,0.05823653936
3444,1.0,0.0,0.0,0.0,1.0,1.0,0.3382723707,0.3584203953,0.05547463894,0.05827641487
3445,1.0,0.0,0.0,0.0,1.0,1.0,0.3486620173,0.371805714,0.05742406845,0.06076914072
3446,1.0,0.0,0.0,0.0,1.0,1.0,0.3501812768,0.3794491831,0.05858528614,0.0627900362
3447,1.0,0.0,0.0,0.0,1.0,1.0,0.3557336073,0.3752169134,0.05838626623,0.06116652489
3448,1.0,0.0,0.0,0.0,1.0,1.0,0.3597309949,0.3884814658,0.05963611603,0.06385564804
3449,1.0,0.0,0.0,0.0,1.0,1.0,0.3563898477,0.379579038,0.0583717823,0.06147372723
3450,1.0,0.0,0.0,0.0,1.0,1.0,0.3673531061,0.3907851197,0.05999296904,0.06365448236
3451,1.0,0.0,0.0,0.0,1.0,1.0,0.3683065565,0.3869366128,0.0602170229,0.0630440712
3452,1.0,0.0,0.0,0.0,1.0,1.0,0.3679883768,0.3782613099,0.0606880188,0.06211262941
3453,1.0,0.0,0.0,0.0,1.0,1.0,0.3678501613,0.3830615864,0.06010973454,0.0623780489
3454,1.0,0.0,0.0,0.0,1.0,1.0,0.3697154715,0.3852014128,0.06077837944,0.0630505085
3455,1.0,0.0,0.0,0.0,1.0,1.0,0.3786815164,0.3904068278,0.06241226196,0.06412214041
3456,1.0,0.0,0.0,0.0,1.0,1.0,0.3778376494,0.3900259011,0.06181234121,0.06380629539
3457,1.0,0.0,0.0,0.0,1.0,1.0,0.3777009372,0.3842682295,0.06202709675,0.06316006184
3458,1.0,0.0,0.0,0.0,1.0,1.0,0.3786809404,0.3904068932,0.06227189302,0.06397801638
3459,1.0,0.0,0.0,0.0,1.0,1.0,0.3715656396,0.3846649222,0.06303226948,0.065366745
3460,1.0,0.0,0.0,0.0,1.0,1.0,0.3713202528,0.3834666208,0.06149947643,0.0635111928
3461,1.0,0.0,0.0,0.0,1.0,1.0,0.3702283678,0.3765257933,0.06143802404,0.06259173155
3462,1.0,0.0,0.0,0.0,1.0,1.0,0.3659444486,0.3700354004,0.06090688705,0.06148141623
3463,1.0,0.0,0.0,0.0,1.0,1.0,0.3687597608,0.3769520207,0.06104981899,0.06219089031
3464,1.0,0.0,0.0,0.0,1.0,1.0,0.3674926018,0.3692098126,0.0623754859,0.06266695261
3465,1.0,0.0,0.0,0.0,1.0,1.0,0.3640580694,0.3662339619,0.06086850166,0.06144273281
3466,1.0,0.0,0.0,0.0,1.0,1.0,0.3673162602,0.3701001333,0.06070387363,0.06126850843
3467,1.0,0.0,0.0,0.0,1.0,1.0,0.3618669877,0.3631190439,0.06204563379,0.06204563379
3468,1.0,0.0,0.0,0.0,1.0,1.0,0.2871530288,0.1823801765,0.04611498117,0.02994483709
3469,1.0,0.0,0.0,0.0,1.0,1.0,0.3049146812,0.1459040329,0.04687035084,0.02314585447
3470,1.0,0.0,0.0,0.0,1.0,1.0,0.3054894426,0.1555907733,0.04690879583,0.02461266518
3471,1.0,0.0,0.0,0.0,1.0,1.0,0.294826188,0.1871682827,0.04683178663,0.0303375721
3472,1.0,0.0,0.0,0.0,1.0,1.0,0.325482092,0.2805452405,0.05396574736,0.04692673683
3473,1.0,0.0,0.0,0.0,1.0,1.0,0.3346070701,0.3180040293,0.05803757906,0.05530279875
3474,1.0,0.0,0.0,0.0,1.0,1.0,0.3302350519,0.3208735523,0.05570197105,0.05393368006
3475,1.0,0.0,0.0,0.0,1.0,1.0,0.3436675607,0.3372240164,0.05878204107,0.05788230896
3476,1.0,0.0,0.0,0.0,1.0,1.0,0.3485409357,0.3454208921,0.0591403842,0.05825328827
3477,1.0,0.0,0.0,0.0,1.0,1.0,0.3427658492,0.3425649926,0.05864530802,0.05804687738
3478,1.0,0.0,0.0,0.0,1.0,1.0,0.3534610387,0.3501566161,0.05958271027,0.05840867758
3479,1.0,0.0,0.0,0.0,1.0,1.0,0.3480047065,0.3314122472,0.0594624877,0.05594748259
3480,1.0,0.0,0.0,0.0,1.0,1.0,0.353440473,0.3504985591,0.06212633848,0.06004554033
3481,1.0,0.0,0.0,0.0,1.0,1.0,0.3427140252,0.3279418454,0.05866658688,0.05462062359
3482,1.0,0.0,0.0,0.0,1.0,1.0,0.3443457372,0.3308495494,0.05874949694,0.05502384901
3483,1.0,0.0,0.0,0.0,1.0,1.0,0.3443455694,0.3331473727,0.05856382847,0.05485004187
3484,1.0,0.0,0.0,0.0,1.0,1.0,0.3387653914,0.3377906869,0.05737668276,0.05537849665
3485,1.0,0.0,0.0,0.0,1.0,1.0,0.3342613673,0.3302652561,0.0566572547,0.05410766602
3486,1.0,0.0,0.0,0.0,1.0,1.0,0.3409075934,0.3406403877,0.057282269,0.05504691601
3487,1.0,0.0,0.0,0.0,1.0,1.0,0.3453828398,0.3406402147,0.05843323469,0.05561041832
3488,1.0,0.0,0.0,0.0,1.0,1.0,0.3359188023,0.3376953052,0.05621302128,0.05509990454
3489,1.0,0.0,0.0,0.0,1.0,1.0,0.3376722332,0.3407187273,0.05486339331,0.05376058817
3490,1.0,0.0,0.0,0.0,1.0,1.0,0.3309073623,0.3360192271,0.05493301153,0.05437535048
3491,1.0,0.0,0.0,0.0,1.0,1.0,0.3227802891,0.3394656946,0.05326795578,0.05465513468
3492,1.0,0.0,0.0,0.0,1.0,1.0,0.3228839378,0.3491203919,0.05407989025,0.05686753988
3493,1.0,0.0,0.0,0.0,1.0,1.0,0.3243222965,0.3635902589,0.05565136671,0.0599104166
3494,1.0,0.0,0.0,0.0,1.0,1.0,0.32048212,0.3645226607,0.05559027195,0.06103473902
3495,1.0,0.0,0.0,0.0,1.0,1.0,0.3213375383,0.3559658787,0.05575364828,0.05947059393
3496,1.0,0.0,0.0,0.0,1.0,1.0,0.3244615613,0.360143513,0.05570906401,0.06032735109
3497,1.0,0.0,0.0,0.0,1.0,1.0,0.3172292951,0.3591744478,0.05320012569,0.05920654535
3498,1.0,0.0,0.0,0.0,1.0,1.0,0.3190786207,0.3539689652,0.05588042736,0.06031537056
3499,1.0,0.0,0.0,0.0,1.0,1.0,0.3331474087,0.3713678985,0.0620341897,0.0669721961
3500,1.0,0.0,0.0,0.0,1.0,1.0,0.3409467272,0.3907852496,0.06269031763,0.06945103407
3501,1.0,0.0,0.0,0.0,1.0,1.0,0.3531533124,0.3951695718,0.06286895275,0.06906300783
3502,1.0,0.0,0.0,0.0,1.0,1.0,0.3394328502,0.3839958677,0.06281661987,0.06947898865
3503,1.0,0.0,0.0,0.0,1.0,1.0,0.3497189977,0.3963303806,0.06386381388,0.07200330496
3504,1.0,0.0,0.0,0.0,1.0,1.0,0.3488777468,0.3980536059,0.0674353838,0.07525396347
3505,1.0,0.0,0.0,0.0,1.0,1.0,0.34193671,0.3973477899,0.06622296572,0.0754480958
3506,1.0,0.0,0.0,0.0,1.0,1.0,0.339624454,0.3956833174,0.0671159029,0.07746708393
3507,1.0,0.0,0.0,0.5235987902,1.0,1.0,0.2769858206,0.3087560335,0.05269044638,0.05806010962
3508,1.0,0.0,0.0,0.5235987902,1.0,1.0,0.2491305791,0.2040844966,0.04251426458,0.03553926945
3509,1.0,0.0,0.0,0.5235987902,1.0,1.0,0.2876897275,0.1864632249,0.05138802528,0.03336888552
3510,1.0,0.0,0.0,0.5235987902,1.0,1.0,0.2971565627,0.1772597946,0.05309563875,0.03099995852
3511,1.0,0.0,0.0,0.5235987902,1.0,1.0,0.3075206876,0.1709570939,0.0557268858,0.03054904938
3512,1.0,0.0,0.0,0.5235987902,1.0,1.0,0.3099041812,0.1537605443,0.05405390263,0.02702701092
3513,1.0,0.0,0.0,0.5235987902,1.0,1.0,0.3108537157,0.1499161717,0.05526763201,0.02612650394
3514,1.0,0.0,0.0,0.5235987902,1.0,1.0,0.257920606,0.1514307446,0.04622787237,0.0264159441
3515,1.0,0.0,0.0,0.5235987902,1.0,1.0,0.2528378358,0.1622711544,0.04547226429,0.02899682522
3516,1.0,0.0,0.0,0.5235987902,1.0,1.0,0.2343272113,0.1746237058,0.04243099689,0.03021603823
3517,1.0,0.0,0.0,0.0,1.0,1.0,0.2402932966,0.1604272176,0.0443854332,0.028603971
3518,1.0,0.0,0.0,0.0,1.0,1.0,0.2386727205,0.1838974509,0.04175829887,0.03001379967
3519,1.0,0.0,0.0,0.0,1.0,1.0,0.2762684352,0.2015004131,0.04891037941,0.03196758032
3520,1.0,0.0,0.0,0.0,1.0,1.0,0.2850326074,0.1883869992,0.04731041193,0.02881085873
3521,1.0,0.0,0.0,0.5235987902,1.0,1.0,0.2767683893,0.1746990739,0.04672533274,0.02790540457
3522,1.0,0.0,0.0,0.0,1.0,1.0,0.2716187406,0.1983018655,0.04561567307,0.03212368488
3523,1.0,0.0,0.0,0.0,1.0,1.0,0.2979104839,0.1774519523,0.04951930046,0.02779471874
3524,1.0,0.0,0.0,0.0,1.0,1.0,0.2872183393,0.1746994648,0.04803806543,0.02791404724
3525,1.0,0.0,0.0,0.0,1.0,1.0,0.2747994136,0.171332784,0.04655379057,0.02678436041
3526,1.0,0.0,0.0,0.0,1.0,1.0,0.2788225249,0.1841076016,0.04377758503,0.0280546546
3527,1.0,0.0,0.0,0.0,1.0,1.0,0.2919067446,0.1777664263,0.04851341248,0.02891528606
3528,1.0,0.0,0.0,0.0,1.0,1.0,0.3025653111,0.2080470584,0.05079483986,0.03342628479
3529,1.0,0.0,0.0,0.0,1.0,1.0,0.2739782613,0.2043395691,0.045345366,0.03225272894
3530,1.0,0.0,0.0,0.0,1.0,1.0,0.2866769737,0.1831646274,0.04702997208,0.02963531017
3531,1.0,0.0,0.0,0.0,1.0,1.0,0.2768592855,0.1810012077,0.04522269964,0.02950698137
3532,1.0,0.0,0.0,0.0,1.0,1.0,0.2761876225,0.1705398,0.0439247489,0.02717649937
3533,1.0,0.0,0.0,0.0,1.0,1.0,0.2938355671,0.1873954161,0.04508548975,0.02944362164
3534,1.0,0.0,0.0,0.0,1.0,1.0,0.2799226985,0.1594438399,0.04556578398,0.02631258965
3535,1.0,0.0,0.0,0.0,1.0,1.0,0.2750938147,0.1469766381,0.04641371965,0.02504336834
3536,1.0,0.0,0.0,0.0,1.0,1.0,0.2926651997,0.16657378,0.04723387957,0.02634817362
3537,1.0,0.0,0.0,0.0,1.0,1.0,0.2824931605,0.1588261528,0.04601848125,0.02602428198
3538,1.0,0.0,0.0,0.0,1.0,1.0,0.2964942213,0.1427775117,0.04601335526,0.02254962921
3539,1.0,0.0,0.0,0.0,1.0,1.0,0.2866925132,0.1632948713,0.04174107313,0.02405911684
3540,1.0,0.0,0.0,0.0,1.0,1.0,0.3024362044,0.1613887302,0.04602539539,0.02529877424
3541,1.0,0.0,0.0,0.0,1.0,1.0,0.2720490963,0.1514308621,0.04142999649,0.02350640297
3542,1.0,0.0,0.0,0.0,1.0,1.0,0.2855549776,0.1499164345,0.04574257135,0.02470099926
3543,1.0,0.0,0.0,0.0,1.0,1.0,0.2790894271,0.1523312946,0.04321271181,0.02394217253
3544,1.0,0.0,0.0,0.0,1.0,1.0,0.2759653039,0.1548952161,0.04345965385,0.02466630936
3545,1.0,0.0,0.0,0.0,1.0,1.0,0.2874337653,0.1493629644,0.04312860966,0.02283275127
3546,1.0,0.0,0.0,0.0,1.0,1.0,0.2847522181,0.1467582192,0.04308366776,0.02239215374
3547,1.0,0.0,0.0,0.0,1.0,1.0,0.2863622555,0.1584933475,0.0426300168,0.0238391161
3548,1.0,0.0,0.0,0.0,1.0,1.0,0.293396588,0.1671998534,0.0439452529,0.02523308992
3549,1.0,0.0,0.0,0.0,1.0,1.0,0.2915036707,0.1634427235,0.04336744547,0.02449983358
3550,1.0,0.0,0.0,0.0,1.0,1.0,0.2938983538,0.1715457519,0.04410457611,0.02601033449
3551,1.0,0.0,0.0,0.0,1.0,1.0,0.2926593545,0.1697164381,0.04324573278,0.02543866634
3552,1.0,0.0,0.0,0.0,1.0,1.0,0.295636521,0.1765929921,0.04403167963,0.02670305967
3553,1.0,0.0,0.0,0.0,1.0,1.0,0.2915436266,0.1721884423,0.04353517294,0.02617800236
3554,1.0,0.0,0.0,0.0,1.0,1.0,0.2975435407,0.1640872936,0.04409360886,0.02487331629
3555,1.0,0.0,0.0,0.0,1.0,1.0,0.293119175,0.1770229589,0.04416906834,0.02735632658
3556,1.0,0.0,0.0,0.0,1.0,1.0,0.2945123642,0.1696814134,0.04428869486,0.02600175142
3557,1.0,0.0,0.0,0.0,1.0,1.0,0.3013586163,0.1715459082,0.04500389099,0.02620476484
3558,1.0,0.0,0.0,0.0,1.0,1.0,0.3048492836,0.1822290436,0.04539448023,0.02786874771
3559,1.0,0.0,0.0,0.0,1.0,1.0,0.2883005183,0.1822288078,0.04360789061,0.0281997323
3560,1.0,0.0,0.0,0.0,1.0,1.0,0.3014645815,0.1878650726,0.04562437534,0.02906012535
3561,1.0,0.0,0.0,0.0,1.0,1.0,0.2973391405,0.1901926169,0.04436993599,0.02919828892
3562,1.0,0.0,0.0,0.0,1.0,1.0,0.2989700631,0.1871615051,0.04421794415,0.02834486961
3563,1.0,0.0,0.0,0.0,1.0,1.0,0.296769217,0.1878648545,0.04427033663,0.02856147289
3564,1.0,0.0,0.0,0.0,1.0,1.0,0.2999294536,0.1829168452,0.04481559992,0.02804589272
3565,1.0,0.0,0.0,0.0,1.0,1.0,0.3011756333,0.1808692541,0.04535037279,0.02801901102
3566,1.0,0.0,0.0,0.0,1.0,1.0,0.3067785057,0.1765929062,0.04550796747,0.02690404654
3567,1.0,0.0,0.0,0.0,1.0,1.0,0.3069227873,0.1859865545,0.04548376799,0.02849936485
3568,1.0,0.0,0.0,0.0,1.0,1.0,0.3060304814,0.1778034291,0.04535102844,0.0272680521
3569,1.0,0.0,0.0,0.0,1.0,1.0,0.316539048,0.1753738951,0.04688942432,0.02691799402
3570,1.0,0.0,0.0,0.0,1.0,1.0,0.3015726088,0.1878648139,0.04466867447,0.02863371372
3571,1.0,0.0,0.0,0.0,1.0,1.0,0.278914038,0.2198775197,0.04253482819,0.03431147337
3572,1.0,0.0,0.0,0.0,1.0,1.0,0.2720802253,0.2250512987,0.04216527939,0.03569990396
3573,1.0,0.0,0.0,0.0,1.0,1.0,0.3014188373,0.3121064739,0.04799640179,0.0499612093
3574,1.0,0.0,0.0,0.0,1.0,1.0,0.3411474601,0.3713681228,0.05725049973,0.06242895126
3575,1.0,0.0,0.0,0.0,1.0,1.0,0.3535442483,0.4011364403,0.05750519037,0.0652462244
3576,1.0,0.0,0.0,0.0,1.0,1.0,0.3574828757,0.4011135335,0.05993229151,0.06752932072
3577,1.0,0.0,0.0,0.0,1.0,1.0,0.3599008589,0.4116347565,0.05918967724,0.06752622128
3578,1.0,0.0,0.0,0.0,1.0,1.0,0.3640406757,0.4125211524,0.06006884575,0.06778407097
3579,1.0,0.0,0.0,0.0,1.0,1.0,0.3709094145,0.4175517715,0.0614810586,0.0692704916
3580,1.0,0.0,0.0,0.0,1.0,1.0,0.365116079,0.4119322791,0.0617813468,0.06946843863
3581,1.0,0.0,0.0,0.0,1.0,1.0,0.3691024439,0.4234922987,0.06105935574,0.06970244646
3582,1.0,0.0,0.0,0.0,1.0,1.0,0.3643534222,0.4113347475,0.06060868502,0.06790417433
3583,1.0,0.0,0.0,0.0,1.0,1.0,0.3649695432,0.4150225555,0.06065434217,0.06879776716
3584,1.0,0.0,0.0,0.0,1.0,1.0,0.3621909891,0.4104235687,0.05913203955,0.06666296721
3585,1.0,0.0,0.0,0.0,1.0,1.0,0.3674546348,0.4158637663,0.06087571383,0.0684851408
3586,1.0,0.0,0.0,0.0,1.0,1.0,0.3657750813,0.4104237237,0.05976688862,0.06706237793
3587,1.0,0.0,0.0,0.0,1.0,1.0,0.3692099556,0.4135622988,0.06080389023,0.06787407398
3588,1.0,0.0,0.0,0.0,1.0,1.0,0.3695270152,0.4164339387,0.06001776457,0.0669965744
3589,1.0,0.0,0.0,0.0,1.0,1.0,0.375873308,0.4178850862,0.06193423271,0.06849867105
3590,1.0,0.0,0.0,0.0,1.0,1.0,0.3668945819,0.412356926,0.06001234055,0.06680619717
3591,1.0,0.0,0.0,0.0,1.0,1.0,0.3689448781,0.4138041345,0.0604711771,0.06700092554
3592,1.0,0.0,0.0,0.0,1.0,1.0,0.3616862851,0.4075740329,0.05896955729,0.06552171707
3593,1.0,0.0,0.0,0.0,1.0,1.0,0.3629553618,0.3951689513,0.05892032385,0.06347447634
3594,1.0,0.0,0.0,0.0,1.0,1.0,0.3626370203,0.3902415301,0.05846136808,0.0624153018
3595,1.0,0.0,0.0,0.0,1.0,1.0,0.3657977712,0.4050369249,0.06007027626,0.06576406956
3596,1.0,0.0,0.0,0.0,1.0,1.0,0.3664328006,0.3962701332,0.06036746502,0.06465905905
3597,1.0,0.0,0.0,0.0,1.0,1.0,0.3626445684,0.4029440903,0.06057971716,0.06637686491
3598,1.0,0.0,0.0,0.0,1.0,1.0,0.3589973366,0.3835885716,0.05853748322,0.06194746494
3599,1.0,0.0,0.0,0.0,1.0,1.0,0.3602839868,0.392763133,0.05927038193,0.06382966042
3600,1.0,0.0,0.0,0.0,1.0,1.0,0.3643797317,0.3878954315,0.06048643589,0.06394284964
3601,1.0,0.0,0.0,0.0,1.0,1.0,0.358684739,0.385749457,0.05868560076,0.06267392635
3602,1.0,0.0,0.0,0.0,1.0,1.0,0.3604258405,0.3875030218,0.05906420946,0.06305891275
3603,1.0,0.0,0.0,0.0,1.0,1.0,0.3666074429,0.3888671404,0.05986154079,0.06299710274
3604,1.0,0.0,0.0,0.0,1.0,1.0,0.3650137842,0.3941463977,0.05963087082,0.06360626221
3605,1.0,0.0,0.0,0.0,1.0,1.0,0.3653310753,0.3923864012,0.06009966135,0.06382012367
3606,1.0,0.0,0.0,0.0,1.0,1.0,0.3627993543,0.3871076821,0.05832004547,0.06168460846
3607,1.0,0.0,0.0,0.0,1.0,1.0,0.3537693735,0.3752291321,0.05673569441,0.05981004238
3608,1.0,0.0,0.0,0.0,1.0,1.0,0.3484609958,0.3778809737,0.05668485165,0.06035107374
3609,1.0,0.0,0.0,0.0,1.0,1.0,0.3483166314,0.3809928389,0.05645513535,0.06099426746
3610,1.0,0.0,0.0,0.0,1.0,1.0,0.3436125069,0.3708176849,0.05504286289,0.05867516994
3611,1.0,0.0,0.0,0.0,1.0,1.0,0.3571292645,0.3861481997,0.05774736404,0.06195229292
3612,1.0,0.0,0.0,0.0,1.0,1.0,0.3545847534,0.3761150557,0.05758601427,0.06012654305
3613,1.0,0.0,0.0,0.0,1.0,1.0,0.3634333936,0.3778807511,0.05892282724,0.06062251329
3614,1.0,0.0,0.0,0.0,1.0,1.0,0.3604257939,0.3800693194,0.05838447809,0.0609229207
3615,1.0,0.0,0.0,0.0,1.0,1.0,0.3523337828,0.367286339,0.05654156208,0.05822104216
3616,1.0,0.0,0.0,0.0,1.0,1.0,0.3623301135,0.3730309886,0.05930626392,0.06015753746
3617,1.0,0.0,0.0,0.0,1.0,1.0,0.3615373828,0.3787359023,0.05938923359,0.06167340279
3618,1.0,0.0,0.0,0.0,1.0,1.0,0.3582412536,0.3739171196,0.05859220028,0.06057363749
3619,1.0,0.0,0.0,0.0,1.0,1.0,0.3474085719,0.3708728634,0.05726420879,0.06008511782
3620,1.0,0.0,0.0,0.0,1.0,1.0,0.3579834409,0.3765259087,0.0594137907,0.06168800592
3621,1.0,0.0,0.0,0.0,1.0,1.0,0.3545576704,0.3799961387,0.05843830109,0.06182605028
3622,1.0,0.0,0.0,0.0,1.0,1.0,0.3516393881,0.3713202885,0.05814903975,0.06040728092
3623,1.0,0.0,0.0,0.0,1.0,1.0,0.3463581259,0.3752292743,0.05678319931,0.0604557991
3624,1.0,0.0,0.0,0.0,1.0,1.0,0.3526432414,0.381828994,0.05719697475,0.06054502726
3625,1.0,0.0,0.0,0.0,1.0,1.0,0.3541668506,0.3791588231,0.05798888206,0.06138336658
3626,1.0,0.0,0.0,0.0,1.0,1.0,0.3576222327,0.3867095813,0.05800360441,0.06136608124
3627,1.0,0.0,0.0,0.0,1.0,1.0,0.3573132247,0.3857495627,0.05828559399,0.06194609404
3628,1.0,0.0,0.0,0.0,1.0,1.0,0.3510153414,0.3761152665,0.05800414085,0.06086146832
3629,1.0,0.0,0.0,0.0,1.0,1.0,0.3557041897,0.3669278673,0.0571808219,0.05857545137
3630,1.0,0.0,0.0,0.0,1.0,1.0,0.3526431486,0.3669278261,0.05753594637,0.05893921852
3631,1.0,0.0,0.0,0.0,1.0,1.0,0.3551665539,0.3752288665,0.05861788988,0.06060010195
3632,1.0,0.0,0.0,0.0,1.0,1.0,0.3529465786,0.3752290313,0.05761218071,0.06014150381
3633,1.0,0.0,0.0,0.0,1.0,1.0,0.3576222466,0.3730309932,0.05783200264,0.05922889709
3634,1.0,0.0,0.0,0.0,1.0,1.0,0.3570049169,0.3712715319,0.05813807249,0.05926156044
3635,1.0,0.0,0.0,0.0,1.0,1.0,0.3518310024,0.3708176526,0.05768555403,0.05938220024
3636,1.0,0.0,0.0,0.0,1.0,1.0,0.3543633541,0.3721696465,0.05797171593,0.05994158983
3637,1.0,0.0,0.0,0.0,1.0,1.0,0.3455289153,0.3655202419,0.05646193027,0.05843806267
3638,1.0,0.0,0.0,0.0,1.0,1.0,0.3495883176,0.3619883187,0.05695647001,0.05780231953
3639,1.0,0.0,0.0,0.0,1.0,1.0,0.3439128949,0.3615005215,0.05612200499,0.05811619759
3640,1.0,0.0,0.0,0.0,1.0,1.0,0.3260964715,0.3331471412,0.05240112543,0.0526843667
3641,1.0,0.0,0.0,0.0,1.0,1.0,0.2617588114,0.2241396985,0.04139685631,0.03531759977
3642,1.0,0.0,0.0,0.0,1.0,1.0,0.255931639,0.2021346336,0.04005265236,0.03157442808
3643,1.0,0.0,0.0,0.0,1.0,1.0,0.2720704655,0.234943605,0.04253101349,0.03645515442
3644,1.0,0.0,0.0,0.0,1.0,1.0,0.2946844629,0.2812047396,0.04763513803,0.04505246878
3645,1.0,0.0,0.0,0.0,1.0,1.0,0.3119951686,0.3145725837,0.0503230691,0.04975444078
3646,1.0,0.0,0.0,0.0,1.0,1.0,0.332563932,0.3421027099,0.05331081152,0.05359137058
3647,1.0,0.0,0.0,0.0,1.0,1.0,0.3290632855,0.3426655037,0.05358606577,0.05472612381
3648,1.0,0.0,0.0,0.0,1.0,1.0,0.335162762,0.3561841,0.05462610722,0.05659717321
3649,1.0,0.0,0.0,0.0,1.0,1.0,0.3389717843,0.3551587874,0.05440711975,0.05580931902
3650,1.0,0.0,0.0,0.0,1.0,1.0,0.3412730135,0.3569435072,0.0560452342,0.05718898773
3651,1.0,0.0,0.0,0.0,1.0,1.0,0.3461946781,0.3640825444,0.05630874634,0.05772358179
3652,1.0,0.0,0.0,0.0,1.0,1.0,0.3398627097,0.3541189177,0.05581063032,0.05667370558
3653,1.0,0.0,0.0,0.0,1.0,1.0,0.3442132588,0.3600140578,0.05744922161,0.05861574411
3654,1.0,0.0,0.0,0.0,1.0,1.0,0.3464023633,0.3548744971,0.05645471811,0.05645477772
3655,1.0,0.0,0.0,0.0,1.0,1.0,0.3481698958,0.3621164897,0.05864173174,0.05953472853
3656,1.0,0.0,0.0,0.0,1.0,1.0,0.351179311,0.3525305429,0.05795538425,0.05678457022
3657,1.0,0.0,0.0,0.0,1.0,1.0,0.3493545366,0.3522018985,0.05651766062,0.05564367771
3658,1.0,0.0,0.0,0.0,1.0,1.0,0.3507133219,0.3485138472,0.05638128519,0.05521273613
3659,1.0,0.0,0.0,0.0,1.0,1.0,0.3427688215,0.3492473237,0.05506110191,0.05448150635
3660,1.0,0.0,0.0,0.0,1.0,1.0,0.3530637319,0.3572078601,0.05623567104,0.0556588769
3661,1.0,0.0,0.0,0.0,1.0,1.0,0.3383007253,0.3511053178,0.05439978838,0.05527722836
3662,1.0,0.0,0.0,0.0,1.0,1.0,0.3435010558,0.3473895598,0.05479466915,0.05450320244
3663,1.0,0.0,0.0,0.0,1.0,1.0,0.3376863785,0.345531801,0.05417531729,0.05417525768
3664,1.0,0.0,0.0,0.0,1.0,1.0,0.3470789831,0.3503577397,0.05591511726,0.05562233925
3665,1.0,0.0,0.0,0.0,1.0,1.0,0.338357535,0.3468209227,0.05313974619,0.0537173152
3666,1.0,0.0,0.0,0.0,1.0,1.0,0.3400356387,0.3300044607,0.05244833231,0.05070972443
3667,1.0,0.0,0.0,0.0,1.0,1.0,0.3431481952,0.3325211283,0.05306643248,0.05132651329
3668,1.0,0.0,0.0,0.0,1.0,1.0,0.3425581213,0.331254419,0.05369961262,0.05163425207
3669,1.0,0.0,0.0,0.0,1.0,1.0,0.3432047095,0.3306140509,0.05310547352,0.05077117682
3670,1.0,0.0,0.0,0.0,1.0,1.0,0.3286883537,0.305173291,0.05007731915,0.04658359289
3671,1.0,0.0,0.0,0.0,1.0,1.0,0.3254444864,0.3082569815,0.0495223403,0.04717808962
3672,1.0,0.0,0.0,0.0,1.0,1.0,0.3289547793,0.3171306574,0.05048626661,0.0490013957
3673,1.0,0.0,0.0,0.0,1.0,1.0,0.3209744582,0.3063422439,0.04855012894,0.04651510715
3674,1.0,0.0,0.0,0.0,1.0,1.0,0.3149058757,0.2994512723,0.04783034325,0.04578882456
3675,1.0,0.0,0.0,0.0,1.0,1.0,0.3141102283,0.308988017,0.04796051979,0.04708856344
3676,1.0,0.0,0.0,0.0,1.0,1.0,0.3101387638,0.3040127716,0.04790985584,0.04674136639
3677,1.0,0.0,0.0,0.0,1.0,1.0,0.3054647504,0.2945122574,0.04649823904,0.04504513741
3678,1.0,0.0,0.0,0.0,1.0,1.0,0.3041778808,0.2904041775,0.04734557867,0.04528713226
3679,1.0,0.0,0.0,0.0,1.0,1.0,0.3047539582,0.2983122373,0.04700189829,0.04583412409
3680,1.0,0.0,0.0,0.0,1.0,1.0,0.3075204592,0.2964761138,0.04742342234,0.04597759247
3681,1.0,0.0,0.0,0.0,1.0,1.0,0.3096860847,0.2983408761,0.04818308353,0.04672300816
3682,1.0,0.0,0.0,0.0,1.0,1.0,0.3043415875,0.2871533424,0.04696649313,0.04464715719
3683,1.0,0.0,0.0,0.0,1.0,1.0,0.3086789609,0.3002056869,0.04765748978,0.04678571224
3684,1.0,0.0,0.0,0.0,1.0,1.0,0.3072323494,0.2927466006,0.04764431715,0.04561066628
3685,1.0,0.0,0.0,0.0,1.0,1.0,0.3057995312,0.2898011543,0.04764902592,0.04532468319
3686,1.0,0.0,0.0,0.0,1.0,1.0,0.3016125678,0.2796947754,0.04723733664,0.04400992393
3687,1.0,0.0,0.0,0.0,1.0,1.0,0.2995500985,0.2772037445,0.04654914141,0.04303598404
3688,1.0,0.0,0.0,0.0,1.0,1.0,0.3020031551,0.2772039644,0.04684066772,0.04303491116
3689,1.0,0.0,0.0,0.0,1.0,1.0,0.2999272343,0.2831117763,0.04650717974,0.0438580513
3690,1.0,0.0,0.0,0.0,1.0,1.0,0.2956365454,0.280612444,0.04550230503,0.04286020994
3691,1.0,0.0,0.0,0.0,1.0,1.0,0.2978654322,0.2841923633,0.04667025805,0.04373502731
3692,1.0,0.0,0.0,0.0,1.0,1.0,0.2866254,0.2746553891,0.04464185238,0.04201579094
3693,1.0,0.0,0.0,0.0,1.0,1.0,0.2951620379,0.2822851116,0.04581314325,0.0429136157
3694,1.0,0.0,0.0,0.0,1.0,1.0,0.2900999488,0.2926121764,0.04542934895,0.04513627291
3695,1.0,0.0,0.0,0.0,1.0,1.0,0.2858253755,0.2776227198,0.04448479414,0.04271715879
3696,1.0,0.0,0.0,0.0,1.0,1.0,0.2877772103,0.2508403082,0.04317176342,0.03733772039
3697,1.0,0.0,0.0,0.0,1.0,1.0,0.274132727,0.2576082222,0.04144769907,0.03828155994
3698,1.0,0.0,0.0,0.0,1.0,1.0,0.2671583442,0.2449993936,0.04011648893,0.03636461496
3699,1.0,0.0,0.0,0.0,1.0,1.0,0.2585428913,0.2312431405,0.03899031878,0.03433471918
3700,1.0,0.0,0.0,0.0,1.0,1.0,0.2589028744,0.2343651203,0.03968054056,0.03530400991
3701,1.0,0.0,0.0,0.0,1.0,1.0,0.2545048596,0.2508177349,0.03969198465,0.03795361519
3702,1.0,0.0,0.0,0.0,1.0,1.0,0.255413079,0.2337095234,0.03956377506,0.03526329994
3703,1.0,0.0,0.0,0.0,1.0,1.0,0.255931986,0.2316716215,0.03953748941,0.03491997719
3704,1.0,0.0,0.0,0.0,1.0,1.0,0.2493986159,0.2271457531,0.0385222435,0.03424197435
3705,1.0,0.0,0.0,0.0,1.0,1.0,0.2429068622,0.223157729,0.03726762533,0.03328484297
3706,1.0,0.0,0.0,0.0,1.0,1.0,0.2340699001,0.2071087092,0.03572028875,0.0309008956
3707,1.0,0.0,0.0,0.0,1.0,1.0,0.2284969743,0.2021773014,0.03510576487,0.03025376797
3708,1.0,0.0,0.0,0.0,1.0,1.0,0.2309244755,0.204084405,0.03546273708,0.03035610914
3709,1.0,0.0,0.0,0.0,1.0,1.0,0.2214878695,0.194966758,0.03495693207,0.02975672483
3710,1.0,0.0,0.0,0.0,1.0,1.0,0.2235351787,0.1964550638,0.03449267149,0.02936148643
3711,1.0,0.0,0.0,0.0,1.0,1.0,0.2202475691,0.1845123857,0.03457182646,0.02788984776
3712,1.0,0.0,0.0,0.0,1.0,1.0,0.2194345953,0.1813655807,0.03423380852,0.02704179287
3713,1.0,0.0,0.0,0.0,1.0,1.0,0.2170322251,0.1811963402,0.03406751156,0.02719670534
3714,1.0,0.0,0.0,0.0,1.0,1.0,0.2162429168,0.2040844499,0.0341039896,0.03066492081
3715,1.0,0.0,0.0,0.0,1.0,1.0,0.2108916573,0.1761468477,0.03325116634,0.02660089731
3716,1.0,0.0,0.0,0.0,1.0,1.0,0.2038932483,0.1869186819,0.03219789267,0.02817320824
3717,1.0,0.0,0.0,0.0,1.0,1.0,0.2104089907,0.187395189,0.03313714266,0.02828079462
3718,1.0,0.0,0.0,0.0,1.0,1.0,0.2100277454,0.1791452491,0.03288096189,0.02692836523
3719,1.0,0.0,0.0,0.0,1.0,1.0,0.2115605612,0.1786071983,0.03302872181,0.02676463127
3720,1.0,0.0,0.0,0.0,1.0,1.0,0.2067810795,0.1836094519,0.03257673979,0.02771878242
3721,1.0,0.0,0.0,0.0,1.0,1.0,0.2127251968,0.2047726143,0.03264909983,0.03067886829
3722,1.0,0.0,0.0,0.0,1.0,1.0,0.2206796637,0.2066513321,0.03438264132,0.03125691414
3723,1.0,0.0,0.0,0.0,1.0,1.0,0.2131162473,0.2028941521,0.03235471249,0.030123353
3724,1.0,0.0,0.0,0.0,1.0,1.0,0.214816482,0.2063242151,0.03295248747,0.03043913841
3725,1.0,0.0,0.0,0.0,1.0,1.0,0.2159966764,0.2130886598,0.0332044363,0.03179746866
3726,1.0,0.0,0.0,0.0,1.0,1.0,0.2158503293,0.2028944264,0.03310453892,0.03004449606
3727,1.0,0.0,0.0,0.0,1.0,1.0,0.2198769221,0.2021345333,0.03348833323,0.02989047766
3728,1.0,0.0,0.0,0.0,1.0,1.0,0.2327217847,0.2208503499,0.03639650345,0.0332929492
3729,1.0,0.0,0.0,0.0,1.0,1.0,0.2293798365,0.205877523,0.03526473045,0.0307866931
3730,1.0,0.0,0.0,0.0,1.0,1.0,0.2320132847,0.2139027052,0.03606373072,0.03217995167
3731,1.0,0.0,0.0,0.0,1.0,1.0,0.2347444713,0.2167906968,0.03670322895,0.0328104496
3732,1.0,0.0,0.0,0.0,1.0,1.0,0.2410001341,0.2170321085,0.03765869141,0.03295135498
3733,1.0,0.0,0.0,0.0,1.0,1.0,0.2576957195,0.2453501749,0.04063022137,0.03733587265
3734,1.0,0.0,0.0,0.0,1.0,1.0,0.2621774862,0.2443890304,0.0410643816,0.03693038225
3735,1.0,0.0,0.0,0.0,1.0,1.0,0.2620913364,0.2571025832,0.04095238447,0.03876823187
3736,1.0,0.0,0.0,0.0,1.0,1.0,0.2655857652,0.2653061385,0.04199105501,0.04033350945
3737,1.0,0.0,0.0,0.0,1.0,1.0,0.2713018061,0.2725748115,0.04223412275,0.04087173939
3738,1.0,0.0,0.0,0.0,1.0,1.0,0.2603439719,0.2507688859,0.04067212343,0.03766947985
3739,1.0,0.0,0.0,0.0,1.0,1.0,0.2695517674,0.2507625086,0.0421205163,0.038017869
3740,1.0,0.0,0.0,0.0,1.0,1.0,0.2711531575,0.2552531351,0.04294598103,0.03909182549
3741,1.0,0.0,0.0,0.0,1.0,1.0,0.2743219775,0.2624432266,0.04301017523,0.0399967432
3742,1.0,0.0,0.0,0.0,1.0,1.0,0.2755876911,0.2632937858,0.04388904572,0.04083347321
3743,1.0,0.0,0.0,0.0,1.0,1.0,0.2828280894,0.2784160603,0.0448961854,0.04296815395
3744,1.0,0.0,0.0,0.0,1.0,1.0,0.2872749127,0.2807616537,0.04616236687,0.04395097494
3745,1.0,0.0,0.0,0.0,1.0,1.0,0.2860413063,0.2770382171,0.04653096199,0.04376125336
3746,1.0,0.0,0.0,0.0,1.0,1.0,0.279979389,0.2744948912,0.04591619968,0.04341173172
3747,1.0,0.0,0.0,0.0,1.0,1.0,0.2747607197,0.269492387,0.04496777058,0.04243832827
3748,1.0,0.0,0.0,0.0,1.0,1.0,0.2747200729,0.2744944461,0.04574745893,0.04378283024
3749,1.0,0.0,0.0,0.0,1.0,1.0,0.2788359216,0.272734923,0.04634231329,0.04327142239
3750,1.0,0.0,0.0,0.0,1.0,1.0,0.2742576643,0.2772305082,0.04555362463,0.04387682676
3751,1.0,0.0,0.0,0.0,1.0,1.0,0.2775282426,0.2738684857,0.04477137327,0.04229933023
3752,1.0,0.0,0.0,0.0,1.0,1.0,0.271205261,0.2664019788,0.04518771172,0.04267734289
3753,1.0,0.0,0.0,0.0,1.0,1.0,0.2645087198,0.2586582256,0.04330945015,0.04029422998
3754,1.0,0.0,0.0,0.0,1.0,1.0,0.2607237265,0.2604929153,0.04285269976,0.04038047791
3755,1.0,0.0,0.0,0.0,1.0,1.0,0.217050435,0.1930328652,0.03578239679,0.02967995405
3756,1.0,0.0,0.0,0.0,1.0,1.0,0.1917433902,0.1304418388,0.03087955713,0.01940220594
3757,1.0,0.0,0.0,0.0,1.0,1.0,0.1785944927,0.1003229436,0.02843844891,0.01449269056
3758,1.0,0.0,0.0,0.0,1.0,1.0,0.180933537,0.07658559741,0.02907991409,0.01107805967
3759,1.0,0.0,0.0,0.0,1.0,1.0,0.1694258376,0.0933327925,0.02715522051,0.01316612959
3760,1.0,0.0,0.0,0.0,1.0,1.0,0.186450462,0.1015057968,0.03026401997,0.01417773962
3761,1.0,0.0,0.0,0.0,1.0,1.0,0.2080805823,0.1639398115,0.03431802988,0.02242827415
3762,1.0,0.0,0.0,0.0,1.0,1.0,0.2091852513,0.1625108026,0.03465336561,0.02200216055
3763,1.0,0.7853981853,0.0,0.0,1.0,1.0,0.2245367947,0.1555147955,0.03710180521,0.02092206478
3764,1.0,0.7853981853,0.0,0.0,1.0,1.0,0.2315374384,0.1784718048,0.03936332464,0.02407109737
3765,1.0,0.7853981853,0.0,0.0,1.0,1.0,0.2330912908,0.1823020601,0.03944647312,0.02412199974
3766,1.0,0.7853981853,0.0,0.0,1.0,1.0,0.2293525377,0.1766255307,0.03889703751,0.02328145504
3767,1.0,0.7853981853,0.0,0.0,1.0,1.0,0.2256264506,0.1882065501,0.03877234459,0.02498662472
3768,1.0,0.7853981853,0.0,0.0,1.0,1.0,0.2323117054,0.1876681941,0.04014825821,0.02483993769
3769,1.0,0.7853981853,0.0,0.0,1.0,1.0,0.2289693851,0.1898506878,0.0392973423,0.02495527267
3770,1.0,0.7853981853,0.0,0.0,1.0,1.0,0.2350659915,0.197314807,0.04141372442,0.02664381266
3771,1.0,0.7853981853,0.0,0.0,1.0,1.0,0.2282056126,0.1752267151,0.03972625732,0.02348780632
3772,1.0,0.7853981853,0.0,0.0,1.0,1.0,0.2345799615,0.1938572583,0.04127132893,0.02615785599
3773,1.0,0.7853981853,0.0,0.0,1.0,1.0,0.234088429,0.1977155118,0.04086500406,0.02637386322
3774,1.0,0.7853981853,0.0,0.0,1.0,1.0,0.2332031791,0.1846797378,0.04024887085,0.02443683147
3775,1.0,0.7853981853,0.0,0.0,1.0,1.0,0.2423894682,0.2225832033,0.04205024242,0.02937757969
3776,1.0,0.7853981853,0.0,0.0,1.0,1.0,0.2432417008,0.2269472793,0.04255104065,0.0301041007
3777,1.0,0.7853981853,0.0,0.0,1.0,1.0,0.2423394842,0.2289470016,0.04163432121,0.02986186743
3778,1.0,0.7853981853,0.0,0.0,1.0,1.0,0.232193312,0.2087724809,0.03966212273,0.02701628208
3779,1.0,0.7853981853,0.0,0.0,1.0,1.0,0.2369295652,0.2204011449,0.04040879011,0.02874147892
3780,1.0,0.7853981853,0.0,0.0,1.0,1.0,0.2391404121,0.2107520194,0.04124397039,0.02759081125
3781,1.0,0.7853981853,0.0,0.0,1.0,1.0,0.2432849886,0.2209062599,0.04199373722,0.02922534943
3782,1.0,0.7853981853,0.0,0.0,1.0,1.0,0.2527513882,0.2261664366,0.04372543097,0.03000760078
3783,1.0,0.7853981853,0.0,0.0,1.0,1.0,0.2390691644,0.2141661075,0.04070603848,0.027985394
3784,1.0,0.7853981853,0.0,0.0,1.0,1.0,0.2523507902,0.2390906303,0.04352706671,0.03178620338
3785,1.0,0.7853981853,0.0,0.0,1.0,1.0,0.2469597101,0.2187617537,0.04193180799,0.02870500088
3786,1.0,0.7853981853,0.0,0.0,1.0,1.0,0.2444558912,0.2240129964,0.04198473692,0.02970349789
3787,1.0,0.7853981853,0.0,0.0,1.0,1.0,0.2377233758,0.2138545652,0.04072403908,0.02810531855
3788,1.0,0.7853981853,0.0,0.0,1.0,1.0,0.2381217667,0.2169842831,0.04026609659,0.02807289362
3789,1.0,0.7853981853,0.0,0.0,1.0,1.0,0.2448296486,0.232171122,0.04153954983,0.0298743248
3790,1.0,0.7853981853,0.0,0.0,1.0,1.0,0.2272980607,0.202943312,0.0384196043,0.0262721777
3791,1.0,0.7853981853,0.0,0.0,1.0,1.0,0.2303797423,0.2132141406,0.03806805611,0.026871562
3792,1.0,0.7853981853,0.0,0.0,1.0,1.0,0.2220982626,0.2007810084,0.03616148233,0.02503490448
3793,1.0,0.7853981853,0.0,0.0,1.0,1.0,0.225515097,0.2097038542,0.03686177731,0.02625000477
3794,1.0,0.7853981853,0.0,0.0,1.0,1.0,0.2262888278,0.2052426598,0.03667169809,0.02555906773
3795,1.0,0.7853981853,0.0,0.0,1.0,1.0,0.2251299984,0.2043302754,0.03708988428,0.02585053444
3796,1.0,0.7853981853,0.0,0.0,1.0,1.0,0.2262890305,0.2097043529,0.0370516777,0.02638524771
3797,1.0,0.7853981853,0.0,0.0,1.0,1.0,0.2332597806,0.2201409863,0.03824621439,0.02791690826
3798,1.0,0.7853981853,0.0,0.0,1.0,1.0,0.2266773651,0.2166930839,0.03641760349,0.02703732252
3799,1.0,0.7853981853,0.0,0.0,1.0,1.0,0.2154996308,0.2047316515,0.03529477119,0.02584576607
3800,1.0,0.7853981853,0.0,0.0,1.0,1.0,0.2183083496,0.2003289796,0.03551262617,0.02524727583
3801,1.0,0.7853981853,0.0,0.0,1.0,1.0,0.228003145,0.2160366725,0.0369412899,0.02749764919
3802,1.0,0.7853981853,0.0,0.0,1.0,1.0,0.218308136,0.2033495895,0.03521680832,0.02586233616
3803,1.0,0.7853981853,0.0,0.0,1.0,1.0,0.2247467724,0.2120029283,0.0362919569,0.02694404125
3804,1.0,0.7853981853,0.0,0.0,1.0,1.0,0.2230440726,0.2064069561,0.03616112471,0.02622377872
3805,1.0,0.7853981853,0.0,0.0,1.0,1.0,0.2215258813,0.2120028332,0.03586018085,0.02724260092
3806,1.0,0.7853981853,0.0,0.0,1.0,1.0,0.226835574,0.2206558559,0.03705328703,0.02841681242
3807,1.0,0.7853981853,0.0,0.0,1.0,1.0,0.2280029219,0.2160367941,0.03712004423,0.02763074636
3808,1.0,0.7853981853,0.0,0.0,1.0,1.0,0.2236275302,0.2082170359,0.03659915924,0.02674549818
3809,1.0,0.7853981853,0.0,0.0,1.0,1.0,0.2192211661,0.199003503,0.03603249788,0.02553480864
3810,1.0,0.7853981853,0.0,0.0,1.0,1.0,0.2339485718,0.22454406,0.03835552931,0.02876663208
3811,1.0,0.7853981853,0.0,0.0,1.0,1.0,0.2262889285,0.2243188834,0.03726375103,0.02851235867
3812,1.0,0.7853981853,0.0,0.0,1.0,1.0,0.2268358022,0.2255377265,0.0377214551,0.02892923355
3813,1.0,0.7853981853,0.0,0.0,1.0,1.0,0.236981058,0.2343823407,0.03902328014,0.029974401
3814,1.0,0.7853981853,0.0,0.0,1.0,1.0,0.2400031552,0.2388047999,0.03953570127,0.03049898148
3815,1.0,0.7853981853,0.0,0.0,1.0,1.0,0.2342704986,0.2399542955,0.0394589901,0.03094267845
3816,1.0,0.7853981853,0.0,0.0,1.0,1.0,0.2319523036,0.2277489776,0.03799176216,0.02877318859
3817,1.0,0.7853981853,0.0,0.0,1.0,1.0,0.2316812008,0.235676033,0.03881394863,0.03059780598
3818,1.0,0.7853981853,0.0,0.0,1.0,1.0,0.2337676783,0.241093774,0.0390214324,0.03110408783
3819,1.0,0.7853981853,0.0,0.0,1.0,1.0,0.2337677224,0.2345182518,0.03896027803,0.03020834923
3820,1.0,0.7853981853,0.0,0.0,1.0,1.0,0.2393265984,0.2411696066,0.03998166323,0.03125327826
3821,1.0,0.7853981853,0.0,0.0,1.0,1.0,0.2260044109,0.221859047,0.03850799799,0.02938020229
3822,1.0,0.7853981853,0.0,0.0,1.0,1.0,0.2337002615,0.2327758331,0.03947973251,0.0305197835
3823,1.0,0.7853981853,0.0,0.0,1.0,1.0,0.2339830651,0.2347826913,0.03975528479,0.0309523344
3824,1.0,0.7853981853,0.0,0.0,1.0,1.0,0.2348687539,0.2285048954,0.04047894478,0.03071808815
3825,1.0,0.7853981853,0.0,0.0,1.0,1.0,0.2189412766,0.2089353131,0.03724253178,0.02757656574
3826,1.0,0.7853981853,0.0,0.0,1.0,1.0,0.2292451299,0.2199627532,0.03937971592,0.02918064594
3827,1.0,0.7853981853,0.0,0.0,1.0,1.0,0.2337000408,0.2242338077,0.04043442011,0.03011077642
3828,1.0,0.7853981853,0.0,0.0,1.0,1.0,0.2399321937,0.2192872016,0.04143971205,0.02972233295
3829,1.0,0.7853981853,0.0,0.0,1.0,1.0,0.2338069123,0.223504101,0.04052996635,0.03025478125
3830,1.0,0.7853981853,0.0,0.0,1.0,1.0,0.2292449505,0.2078670555,0.0395681262,0.02818161249
3831,1.0,0.7853981853,0.0,0.0,1.0,1.0,0.2357488352,0.2246643548,0.0405253768,0.03053671122
3832,1.0,0.7853981853,0.0,0.0,1.0,1.0,0.222647769,0.1986337873,0.0383874774,0.02701342106
3833,1.0,0.7853981853,0.0,0.0,1.0,1.0,0.2211743868,0.1952690134,0.03786939383,0.0264800787
3834,1.0,0.7853981853,0.0,0.0,1.0,1.0,0.1919457008,0.1427771529,0.03261637688,0.01911991835
3835,1.0,0.7853981853,0.0,0.0,1.0,1.0,0.1756697372,0.05891940417,0.02953338623,0.007741808891
3836,1.0,0.7853981853,0.0,0.0,1.0,1.0,0.1905345904,0.05085659956,0.03171634674,0.006631612778
3837,1.0,0.0,0.0,0.0,1.0,1.0,0.1947187495,0.04582592108,0.03246170282,0.006032705307
3838,1.0,0.0,0.0,0.0,1.0,1.0,0.2015969338,0.04718391444,0.03416645527,0.006370007992
3839,1.0,0.0,0.0,0.0,1.0,1.0,0.2070761185,0.04870126716,0.0345813036,0.00657325983
3840,1.0,0.0,0.0,0.0,1.0,1.0,0.2073675244,0.04788965034,0.03476023674,0.006553113461
3841,1.0,0.0,0.0,0.0,1.0,1.0,0.2090668457,0.04354423011,0.03530710936,0.006028056145
3842,1.0,0.0,0.0,0.0,1.0,1.0,0.2022089005,0.05820054465,0.03428131342,0.00814884901
3843,1.0,0.0,0.0,0.0,1.0,1.0,0.1972798702,0.0641665167,0.03358662128,0.009159982204
3844,1.0,0.0,0.0,0.0,1.0,1.0,0.1853801305,0.1045040814,0.03211504221,0.0153593421
3845,1.0,0.0,0.0,0.0,1.0,1.0,0.2238495516,0.2167906772,0.03939801455,0.03273922205
3846,1.0,0.0,0.0,0.0,1.0,1.0,0.2470885452,0.2535080408,0.04327619076,0.03856021166
3847,1.0,0.0,0.0,0.0,1.0,1.0,0.271847985,0.2871124879,0.04755145311,0.04419493675
3848,1.0,0.0,0.0,0.0,1.0,1.0,0.2896021198,0.3112141161,0.05140590668,0.04889148474
3849,1.0,0.0,0.0,0.0,1.0,1.0,0.2925579715,0.3136547327,0.05181479454,0.04957419634
3850,1.0,0.0,0.0,0.0,1.0,1.0,0.2954324268,0.3189710175,0.05150818825,0.04931640625
3851,1.0,0.0,0.0,0.0,1.0,1.0,0.3094636539,0.3407991632,0.05439561605,0.05356305838
3852,1.0,0.0,0.0,0.0,1.0,1.0,0.3092371641,0.3260587426,0.05380690098,0.05103331804
3853,1.0,0.0,0.0,0.0,1.0,1.0,0.3168575816,0.3454212433,0.05562448502,0.05451756716
3854,1.0,0.0,0.0,0.0,1.0,1.0,0.3131162126,0.3325668977,0.05466789007,0.05273520947
3855,1.0,0.0,0.0,0.0,1.0,1.0,0.325177245,0.3464964983,0.05666410923,0.05527532101
3856,1.0,0.0,0.0,0.0,1.0,1.0,0.318293718,0.3325665843,0.05576604605,0.05325651169
3857,1.0,0.0,0.0,0.0,1.0,1.0,0.31443124,0.326740789,0.05478614569,0.05227047205
3858,1.0,0.0,0.0,0.0,1.0,1.0,0.3186624251,0.3262067407,0.0552777648,0.05248600245
3859,1.0,0.0,0.0,0.0,1.0,1.0,0.321826666,0.3343079882,0.05582112074,0.05385756493
3860,1.0,0.0,0.0,0.0,1.0,1.0,0.322400388,0.3314117632,0.05619359016,0.05366486311
3861,1.0,0.0,0.0,0.0,1.0,1.0,0.327236654,0.3325729897,0.05668997765,0.05389738083
3862,1.0,0.0,0.0,0.0,1.0,1.0,0.3218814873,0.3325732769,0.05608952045,0.05412644148
3863,1.0,0.0,0.0,0.0,1.0,1.0,0.3218269269,0.3291265663,0.05609458685,0.05383950472
3864,1.0,0.0,0.0,0.0,1.0,1.0,0.321715759,0.321001138,0.05518072844,0.0518194437
3865,1.0,0.0,0.0,0.0,1.0,1.0,0.32287152,0.3250780423,0.05570137501,0.05262243748
3866,1.0,0.0,0.0,0.0,1.0,1.0,0.3266467085,0.3337236469,0.05624204874,0.05400359631
3867,1.0,0.0,0.0,0.0,1.0,1.0,0.3206677737,0.3285359307,0.05455774069,0.05261909962
3868,1.0,0.0,0.0,0.0,1.0,1.0,0.3217157896,0.3308257803,0.05492985249,0.05297803879
3869,1.0,0.0,0.0,0.0,1.0,1.0,0.3157843314,0.3244716452,0.05423027277,0.05227357149
3870,1.0,0.0,0.0,0.0,1.0,1.0,0.3217716363,0.3302656098,0.05451399088,0.05258673429
3871,1.0,0.0,0.0,0.0,1.0,1.0,0.3139693744,0.3197515086,0.05348008871,0.05124008656
3872,1.0,0.0,0.0,0.0,1.0,1.0,0.3183773149,0.3262067026,0.05386143923,0.05219560862
3873,1.0,0.0,0.0,0.0,1.0,1.0,0.3168963816,0.3245611581,0.05421251059,0.052544415
3874,1.0,0.0,0.0,0.0,1.0,1.0,0.3185214036,0.3274037183,0.05353456736,0.05189579725
3875,1.0,0.0,0.0,0.0,1.0,1.0,0.3207889222,0.3354292297,0.05519270897,0.05436062813
3876,1.0,0.0,0.0,0.0,1.0,1.0,0.319626645,0.3331474253,0.054484725,0.05365502834
3877,1.0,0.0,0.0,0.0,1.0,1.0,0.3212492737,0.3297127073,0.05493414402,0.0532694459
3878,1.0,0.0,0.0,0.0,1.0,1.0,0.3196924622,0.3240508786,0.05476552248,0.05255270004
3879,1.0,0.0,0.0,0.0,1.0,1.0,0.3122248761,0.3178496624,0.05325257778,0.05133110285
3880,1.0,0.0,0.0,0.0,1.0,1.0,0.3218812005,0.3246485591,0.05480116606,0.05233514309
3881,1.0,0.0,0.0,0.0,1.0,1.0,0.3163818866,0.3206399011,0.0537763834,0.05184590816
3882,1.0,0.0,0.0,0.0,1.0,1.0,0.3151836414,0.3211264431,0.0541601181,0.05247634649
3883,1.0,0.0,0.0,0.0,1.0,1.0,0.309778282,0.3136179187,0.05212575197,0.04993093014
3884,1.0,0.0,0.0,0.0,1.0,1.0,0.3132336654,0.3127502007,0.05273979902,0.05002123117
3885,1.0,0.0,0.0,0.0,1.0,1.0,0.3143405969,0.3161502486,0.05300998688,0.05056339502
3886,1.0,0.0,0.0,0.0,1.0,1.0,0.313233521,0.311050547,0.05358970165,0.05055111647
3887,1.0,0.0,0.0,0.0,1.0,1.0,0.3207285974,0.321738337,0.05577981472,0.05296266079
3888,1.0,0.0,0.0,0.0,1.0,1.0,0.3175643141,0.3217383437,0.05441486835,0.05192899704
3889,1.0,0.0,0.0,0.0,1.0,1.0,0.3125290665,0.3170641727,0.05329328775,0.05107271671
3890,1.0,0.0,0.0,0.0,1.0,1.0,0.3103957654,0.3170644182,0.05308163166,0.05113625526
3891,1.0,0.0,0.0,0.0,1.0,1.0,0.3131368871,0.3211266404,0.0532374382,0.05158239603
3892,1.0,0.0,0.0,0.0,1.0,1.0,0.316975075,0.3200268194,0.05406171083,0.05157929659
3893,1.0,0.0,0.0,0.0,1.0,1.0,0.3120210861,0.3176918496,0.05332750082,0.05138319731
3894,1.0,0.0,0.0,0.0,1.0,1.0,0.3060183013,0.3153410356,0.05115878582,0.04979813099
3895,1.0,0.0,0.0,0.0,1.0,1.0,0.3097778889,0.3153412071,0.05227035284,0.05034464598
3896,1.0,0.0,0.0,0.0,1.0,1.0,0.3077696741,0.3183157365,0.05254769325,0.05144149065
3897,1.0,0.0,0.0,0.0,1.0,1.0,0.3083901925,0.3183153061,0.05349218845,0.05209183693
3898,1.0,0.0,0.0,0.0,1.0,1.0,0.3071455474,0.3159748133,0.05249655247,0.05110776424
3899,1.0,0.0,0.0,0.0,1.0,1.0,0.3093896785,0.3200268353,0.05317413807,0.05206054449
3900,1.0,0.0,0.0,0.0,1.0,1.0,0.3081476692,0.3170641446,0.0526124239,0.05122053623
3901,1.0,0.0,0.0,0.0,1.0,1.0,0.3055205313,0.3159746525,0.05231881142,0.05120563507
3902,1.0,0.0,0.0,0.0,1.0,1.0,0.3072715248,0.3121122959,0.05287015438,0.05092233419
3903,1.0,0.0,0.0,0.0,1.0,1.0,0.3109011526,0.3118948231,0.05279970169,0.05003535748
3904,1.0,0.0,0.0,0.0,1.0,1.0,0.3066469163,0.3108229374,0.05253660679,0.0503128171
3905,1.0,0.0,0.0,0.0,1.0,1.0,0.3076455983,0.3176918581,0.05200153589,0.05090099573
3906,1.0,0.0,0.0,0.0,1.0,1.0,0.3042490828,0.3164323026,0.05165684223,0.05082368851
3907,1.0,0.0,0.0,0.0,1.0,1.0,0.3042493569,0.312973745,0.05152446032,0.05013930798
3908,1.0,0.0,0.0,0.0,1.0,1.0,0.3129402263,0.321619871,0.05309444666,0.05170452595
3909,1.0,0.0,0.0,0.0,1.0,1.0,0.309891892,0.3211267242,0.05297333002,0.05186396837
3910,1.0,0.0,0.0,0.0,1.0,1.0,0.3092736227,0.315341248,0.05283886194,0.05089217424
3911,1.0,0.0,0.0,0.0,1.0,1.0,0.2991747881,0.3043283206,0.05042463541,0.04876232147
3912,1.0,0.0,0.0,0.0,1.0,1.0,0.3004855195,0.310822899,0.05120378733,0.05036896467
3913,1.0,0.0,0.0,0.0,1.0,1.0,0.3026132356,0.3077863673,0.05116122961,0.04922538996
3914,1.0,0.0,0.0,0.0,1.0,1.0,0.3021187357,0.3147031879,0.05122077465,0.05039018393
3915,1.0,0.0,0.0,0.0,1.0,1.0,0.3076460092,0.3176919806,0.05228030682,0.05117380619
3916,1.0,0.0,0.0,0.0,1.0,1.0,0.3011348305,0.3073884521,0.05141782761,0.04975020885
3917,1.0,0.0,0.0,0.0,1.0,1.0,0.3058849017,0.3087011658,0.05188220739,0.05021750927
3918,1.0,0.0,0.0,0.0,1.0,1.0,0.3109011791,0.3093508333,0.05263668299,0.05015641451
3919,1.0,0.0,0.0,0.0,1.0,1.0,0.3139692264,0.3153411454,0.05282151699,0.05060911179
3920,1.0,0.0,0.0,0.0,1.0,1.0,0.3087707443,0.3087013952,0.0522903204,0.04981338978
3921,1.0,0.0,0.0,0.0,1.0,1.0,0.3110096121,0.3195497101,0.05227720737,0.05118811131
3922,1.0,0.0,0.0,0.0,1.0,1.0,0.2959512528,0.3001738708,0.0509083271,0.04896104336
3923,1.0,0.0,0.0,0.0,1.0,1.0,0.2945213617,0.3056711177,0.04997700453,0.04861152172
3924,1.0,0.0,0.0,0.0,1.0,1.0,0.2887274108,0.2913625949,0.04977989197,0.04704475403
3925,1.0,0.0,0.0,0.0,1.0,1.0,0.2900838324,0.2903786665,0.05031961203,0.04729497433
3926,1.0,0.0,0.0,0.0,1.0,1.0,0.2839682985,0.2853136396,0.04933828115,0.04658198357
3927,1.0,0.0,0.0,0.0,1.0,1.0,0.2745453387,0.2780015363,0.04704898596,0.04484784603
3928,1.0,0.0,0.0,0.0,1.0,1.0,0.2837432323,0.2910833967,0.04918771982,0.04753899574
3929,1.0,0.0,0.0,0.0,1.0,1.0,0.2823463337,0.2795050048,0.0489923358,0.04593032598
3930,1.0,0.0,0.0,0.0,1.0,1.0,0.2823282394,0.2831185672,0.04820841551,0.04572916031
3931,1.0,0.0,0.0,0.0,1.0,1.0,0.2790651052,0.2791545486,0.04770743847,0.04493373632
3932,1.0,0.0,0.0,0.0,1.0,1.0,0.2734631307,0.2791547518,0.04759150743,0.04589182138
3933,1.0,0.0,0.0,0.0,1.0,1.0,0.2511077918,0.2333192551,0.04226273298,0.037504673
3934,1.0,0.0,0.0,0.0,1.0,1.0,0.2469599578,0.2298367914,0.04147678614,0.03674453497
3935,1.0,0.0,0.0,0.0,1.0,1.0,0.2070149426,0.1689447874,0.0338113904,0.02632856369
3936,1.0,0.0,0.0,0.0,1.0,1.0,0.1613681256,0.112256207,0.02571868896,0.01714581251
3937,1.0,0.0,0.0,0.0,1.0,1.0,0.1622580498,0.1128402622,0.0261284709,0.01751166582
3938,1.0,0.0,0.0,0.0,1.0,1.0,0.1801420836,0.1222340181,0.02881157398,0.018838346
3939,1.0,0.0,0.0,0.0,1.0,1.0,0.1998881499,0.156053147,0.03336203098,0.02495145798
3940,1.0,0.0,0.0,0.0,1.0,1.0,0.2342706953,0.2016416913,0.03868889809,0.03200876713
3941,1.0,0.0,0.0,0.0,1.0,1.0,0.2634444214,0.2472846044,0.04406374693,0.03965735435
3942,1.0,0.0,0.0,0.0,1.0,1.0,0.2782630582,0.2635515606,0.04751080275,0.04329389334
3943,1.0,0.0,0.0,0.0,1.0,1.0,0.2763356247,0.2636455525,0.04671728611,0.04280084372
3944,1.0,0.0,0.0,0.0,1.0,1.0,0.2883959718,0.2799125841,0.04930472374,0.04618781805
3945,1.0,0.0,0.0,0.0,1.0,1.0,0.285554542,0.2766619409,0.04815208912,0.04479265213
3946,1.0,0.0,0.0,0.0,1.0,1.0,0.2988366187,0.2806651334,0.05029642582,0.04582560062
3947,1.0,0.0,0.0,0.0,1.0,1.0,0.2869682366,0.2719571165,0.04886841774,0.04493653774
3948,1.0,0.0,0.0,0.0,1.0,1.0,0.3026595963,0.286781425,0.05150008202,0.04725557566
3949,1.0,0.0,0.0,0.0,1.0,1.0,0.3040319821,0.2860473361,0.05154442787,0.0472728014
3950,1.0,0.0,0.0,0.0,1.0,1.0,0.3097097822,0.2919332231,0.05232322216,0.04808080196
3951,1.0,0.0,0.0,0.0,1.0,1.0,0.3209522165,0.3063359657,0.05475229025,0.05078065395
3952,1.0,0.0,0.0,0.0,1.0,1.0,0.3320181,0.313618151,0.05503553152,0.05110442638
3953,1.0,0.0,0.0,0.0,1.0,1.0,0.3365641581,0.3164325655,0.05681145191,0.0527741313
3954,1.0,0.0,0.0,0.0,1.0,1.0,0.3371612457,0.327941881,0.0573759079,0.05532675982
3955,1.0,0.0,0.0,0.0,1.0,1.0,0.3456974829,0.3452931503,0.05989646912,0.05900686979
3956,1.0,0.0,0.0,0.0,1.0,1.0,0.3550877031,0.3574389549,0.0623666048,0.06267076731
3957,1.0,0.0,0.0,0.0,1.0,1.0,0.3454210189,0.3454209559,0.05639129877,0.05639129877
3958,1.0,0.0,0.0,0.0,1.0,1.0,0.3482378292,0.35769502,0.05729389191,0.0584397316
3959,1.0,0.0,0.0,0.0,1.0,1.0,0.3474793929,0.3424662542,0.05809551477,0.05750870705
3960,1.0,0.0,0.0,0.0,1.0,1.0,0.3567561994,0.3544733029,0.05887925625,0.05916786194
3961,1.0,0.0,0.0,0.0,1.0,1.0,0.3588188499,0.3656495283,0.06039714813,0.06187027693
3962,1.0,0.0,0.0,0.0,1.0,1.0,0.3588188846,0.3613898434,0.06168746948,0.06289112568
3963,1.0,0.0,0.0,0.0,1.0,1.0,0.3565001968,0.3612019478,0.06054472923,0.0620508194
3964,1.0,0.0,0.0,0.0,1.0,1.0,0.3566914245,0.3656495065,0.05894595385,0.06128042936
3965,1.0,0.0,0.0,0.0,1.0,1.0,0.3721695577,0.3782610375,0.06330728531,0.06479340792
3966,1.0,0.0,0.0,0.0,1.0,1.0,0.3675704761,0.3739173075,0.06311047077,0.06431263685
3967,1.0,0.0,0.0,0.0,1.0,1.0,0.3639129279,0.3656495659,0.06223767996,0.06313967705
3968,1.0,0.0,0.0,0.0,1.0,1.0,0.3562539285,0.3651806463,0.05986237526,0.06163173914
3969,1.0,0.0,0.0,0.0,1.0,1.0,0.3580093899,0.3609093404,0.05996239185,0.06113803387
3970,1.0,0.0,0.0,0.0,1.0,1.0,0.3602537499,0.3574395404,0.05982345343,0.05982351303
3971,1.0,0.0,0.0,0.0,1.0,1.0,0.348927763,0.3504987901,0.05803912878,0.05891412497
3972,1.0,0.0,0.0,0.0,1.0,1.0,0.3468704776,0.3470284124,0.05698227882,0.05755782127
3973,1.0,0.0,0.0,0.0,1.0,1.0,0.3529496551,0.3492857904,0.05881989002,0.05881989002
3974,1.0,0.0,0.0,0.0,1.0,1.0,0.3615370773,0.3613902172,0.0602362752,0.06052595377
3975,1.0,0.0,0.0,0.0,1.0,1.0,0.3646964327,0.3618668767,0.06104773283,0.06104773283
3976,1.0,0.0,0.0,0.0,1.0,1.0,0.3635917439,0.3571889404,0.06057983637,0.06028997898
3977,1.0,0.0,0.0,0.0,1.0,1.0,0.356202614,0.3508318168,0.05961662531,0.05932724476
3978,1.0,0.0,0.0,0.0,1.0,1.0,0.3594866605,0.3549742326,0.05996865034,0.05967891216
3979,1.0,0.0,0.0,0.0,1.0,1.0,0.3538612423,0.3515279212,0.05946874619,0.05917865038
3980,1.0,0.0,0.0,0.0,1.0,1.0,0.3586845631,0.3544731637,0.05921649933,0.05892902613
3981,1.0,0.0,0.0,0.0,1.0,1.0,0.3499788942,0.347556869,0.0584744215,0.0584744215
3982,1.0,0.0,0.0,0.0,1.0,1.0,0.3498913057,0.352233876,0.05825167894,0.05854004622
3983,1.0,0.0,0.0,0.0,1.0,1.0,0.3487637533,0.3452932055,0.05823349953,0.05765402317
3984,1.0,0.0,0.0,0.0,1.0,1.0,0.3435039897,0.3389109825,0.05813330412,0.05725693703
3985,1.0,0.0,0.0,0.0,1.0,1.0,0.3541466511,0.3462227431,0.06036579609,0.0589146018
3986,1.0,0.0,0.0,0.0,1.0,1.0,0.3452301987,0.3297128357,0.05818992853,0.05586236715
3987,1.0,0.0,0.0,0.0,1.0,1.0,0.3365996977,0.3210013995,0.0568779707,0.0539611578
3988,1.0,0.0,0.0,0.0,1.0,1.0,0.3434507859,0.3256803822,0.05934619904,0.05608218908
3989,1.0,0.0,0.0,0.0,1.0,1.0,0.3422745783,0.3217380092,0.06059885025,0.05696290731
3990,1.0,0.0,0.0,0.0,1.0,1.0,0.339369064,0.3206402712,0.05906093121,0.05551731586
3991,1.0,0.0,0.0,0.0,1.0,1.0,0.3468149453,0.3320065978,0.06072402,0.05803185701
3992,1.0,0.0,0.0,0.0,1.0,1.0,0.3410658986,0.3268723099,0.06026953459,0.05727106333
3993,1.0,0.0,0.0,0.0,1.0,1.0,0.3388224587,0.3234495982,0.05822706223,0.05530112982
3994,1.0,0.0,0.0,0.0,1.0,1.0,0.3416458121,0.3268722055,0.05879718065,0.0558719635
3995,1.0,0.0,0.0,0.0,1.0,1.0,0.3303237674,0.325077822,0.05520755053,0.05322575569
3996,1.0,0.0,0.0,0.0,1.0,1.0,0.3303381786,0.3125400403,0.0563044548,0.052282691
3997,1.0,0.0,0.0,0.0,1.0,1.0,0.328124878,0.3142574854,0.055108428,0.05145329237
3998,1.0,0.0,0.0,0.0,1.0,1.0,0.3276040384,0.315523385,0.05555576086,0.05217164755
3999,1.0,0.0,0.0,0.0,1.0,1.0,0.3248186364,0.3198904273,0.05524551868,0.05241239071
4000,1.0,0.0,0.0,0.0,1.0,1.0,0.3166549007,0.3018792534,0.0535376668,0.04935503006
4001,1.0,0.0,0.0,0.0,1.0,1.0,0.3266152412,0.3207666886,0.05547648668,0.05270260572
4002,1.0,0.0,0.0,0.0,1.0,1.0,0.3200185344,0.3110509069,0.05442130566,0.05107229948
4003,1.0,0.0,0.0,0.0,1.0,1.0,0.3194937352,0.3123256267,0.05395841599,0.05119132996
4004,1.0,0.0,0.0,0.0,1.0,1.0,0.3157844271,0.3089490196,0.05368769169,0.05064356327
4005,1.0,0.0,0.0,0.0,1.0,1.0,0.3147595015,0.3095916238,0.054053545,0.05126726627
4006,1.0,0.0,0.0,0.0,1.0,1.0,0.3130387952,0.2994958824,0.05311185122,0.04923909903
4007,1.0,0.0,0.0,0.0,1.0,1.0,0.3132336067,0.3025068228,0.05366975069,0.05007338524
4008,1.0,0.0,0.0,0.0,1.0,1.0,0.3105061536,0.2994960528,0.05421495438,0.05026179552
4009,1.0,0.0,0.0,0.0,1.0,1.0,0.3093895828,0.3038844118,0.05435305834,0.05122280121
4010,1.0,0.0,0.0,0.0,1.0,1.0,0.3029102193,0.2984911344,0.05386936665,0.05127674341
4011,1.0,0.0,0.0,0.0,1.0,1.0,0.3040372617,0.3001679786,0.05376243591,0.05118870735
4012,1.0,0.0,0.0,0.0,1.0,1.0,0.303402232,0.2994959644,0.05301713943,0.05046546459
4013,1.0,0.0,0.0,0.0,1.0,1.0,0.3055204157,0.301178607,0.0533053875,0.05075353384
4014,1.0,0.0,0.0,0.0,1.0,1.0,0.3120210405,0.3051989539,0.05460804701,0.05176389217
4015,1.0,0.0,0.0,0.0,1.0,1.0,0.3137405649,0.309827137,0.05438804626,0.0521453023
4016,1.0,0.0,0.0,0.0,1.0,1.0,0.3062805279,0.2961922101,0.05331754684,0.0502307415
4017,1.0,0.0,0.0,0.0,1.0,1.0,0.3100046025,0.2978469035,0.05361640453,0.0502653718
4018,1.0,0.0,0.0,0.0,1.0,1.0,0.3128268145,0.3024627784,0.05446654558,0.05139410496
4019,1.0,0.0,0.0,0.0,1.0,1.0,0.3138346897,0.3008188791,0.05466187,0.05129802227
4020,1.0,0.0,0.0,0.0,1.0,1.0,0.3057874256,0.2935654883,0.05343562365,0.05006074905
4021,1.0,0.0,0.0,0.0,1.0,1.0,0.2043152742,0.1457520698,0.03361785412,0.0235325098
4022,1.0,0.0,0.0,0.0,1.0,1.0,0.1858613459,0.09603162309,0.0303915143,0.01548242569
4023,1.0,0.0,0.0,0.0,1.0,1.0,0.1801114429,0.08987804349,0.02899342775,0.01421248913
4024,1.0,0.0,0.0,0.0,1.0,1.0,0.2002276352,0.1370762983,0.03332859278,0.02231323719
4025,1.0,0.0,0.0,0.0,1.0,1.0,0.24107151,0.2092259786,0.04056936502,0.03408956528
4026,1.0,0.0,0.0,0.0,1.0,1.0,0.2614432646,0.2438913742,0.04383176565,0.03967058659
4027,1.0,0.0,0.0,0.0,1.0,1.0,0.2740670417,0.2634583666,0.0469404459,0.04356747866
4028,1.0,0.0,0.0,0.0,1.0,1.0,0.274197397,0.2648520306,0.04683232307,0.04406118393
4029,1.0,0.0,0.0,0.0,1.0,1.0,0.2821005215,0.2798437129,0.04871624708,0.04676759243
4030,1.0,0.0,0.0,0.0,1.0,1.0,0.2684587008,0.2740941847,0.04623645544,0.04567933083
4031,1.0,0.0,0.0,0.0,1.0,1.0,0.2696393034,0.2774367775,0.04686194658,0.04658132792
4032,1.0,0.0,0.0,0.0,1.0,1.0,0.2687709349,0.2724228917,0.04672563076,0.04560643435
4033,1.0,0.0,0.0,0.0,1.0,1.0,0.2675925358,0.2740942553,0.04575896263,0.04520761967
4034,1.0,0.0,0.0,0.0,1.0,1.0,0.2693871135,0.2722732885,0.04724544287,0.04584765434
4035,1.0,0.0,0.0,0.0,1.0,1.0,0.2650277633,0.2715149939,0.04676693678,0.04592174292
4036,1.0,0.0,0.0,0.0,1.0,1.0,0.2621744563,0.2689529695,0.0460999608,0.04526185989
4037,1.0,0.0,0.0,0.0,1.0,1.0,0.2718480302,0.276512372,0.04761379957,0.04649353027
4038,1.0,0.0,0.0,0.0,1.0,1.0,0.2686499613,0.276512333,0.04698485136,0.04642552137
4039,1.0,0.0,0.0,0.0,1.0,1.0,0.264183399,0.2731806553,0.04629272223,0.04573500156
4040,1.0,0.0,0.0,0.0,1.0,1.0,0.2617584184,0.2706132438,0.04596322775,0.04540616274
4041,1.0,0.0,0.0,0.0,1.0,1.0,0.2657751292,0.2779905854,0.04591423273,0.04618918896
4042,1.0,0.0,0.0,0.0,1.0,1.0,0.2654517182,0.2671775816,0.04619050026,0.04507750273
4043,1.0,0.0,0.0,0.0,1.0,1.0,0.2654516254,0.2713717591,0.04582494497,0.04527288675
4044,1.0,0.0,0.0,0.0,1.0,1.0,0.2737327857,0.2770731804,0.04754561186,0.04643988609
4045,1.0,0.0,0.0,0.0,1.0,1.0,0.2741689337,0.2869684684,0.04791069031,0.04846781492
4046,1.0,0.0,0.0,0.0,1.0,1.0,0.2746070443,0.2822346916,0.04768013954,0.04712575674
4047,1.0,0.0,0.0,0.0,1.0,1.0,0.2798435097,0.2905351373,0.04837810993,0.04837810993
4048,1.0,0.0,0.0,0.0,1.0,1.0,0.2766455885,0.289838196,0.04790914059,0.04818606377
4049,1.0,0.0,0.0,0.0,1.0,1.0,0.2793271978,0.2843531375,0.04897218943,0.04783987999
4050,1.0,0.0,0.0,0.0,1.0,1.0,0.2802922074,0.289838292,0.04834991693,0.04807364941
4051,1.0,0.0,0.0,0.0,1.0,1.0,0.2749275129,0.2809880836,0.04734128714,0.04650586843
4052,1.0,0.0,0.0,0.0,1.0,1.0,0.2793272676,0.2877179234,0.04808831215,0.04753232002
4053,1.0,0.0,0.0,0.0,1.0,1.0,0.2774426989,0.2860355604,0.0473472476,0.04707032442
4054,1.0,0.0,0.0,0.0,1.0,1.0,0.2719897175,0.2774370146,0.0469648838,0.04613119364
4055,1.0,0.0,0.0,0.0,1.0,1.0,0.2774424,0.2800451333,0.04724609852,0.0461409688
4056,1.0,0.0,0.0,0.0,1.0,1.0,0.2744830304,0.2843530258,0.04712414742,0.04684698582
4057,1.0,0.0,0.0,0.0,1.0,1.0,0.2719901019,0.2783681101,0.04705291986,0.04621762037
4058,1.0,0.0,0.0,0.0,1.0,1.0,0.2692045491,0.2774369407,0.04610347748,0.04582738876
4059,1.0,0.0,0.0,0.0,1.0,1.0,0.266410222,0.2733372757,0.04568111897,0.04512739182
4060,1.0,0.0,0.0,0.0,1.0,1.0,0.2793272601,0.2891364382,0.04757845402,0.04757845402
4061,1.0,0.0,0.0,0.0,1.0,1.0,0.2756525827,0.2824510141,0.04694217443,0.04639315605
4062,1.0,0.0,0.0,0.0,1.0,1.0,0.2811932737,0.287214846,0.04842567444,0.04787224531
4063,1.0,0.0,0.0,0.0,1.0,1.0,0.2779798719,0.2831754693,0.04755872488,0.04673403502
4064,1.0,0.0,0.0,0.0,1.0,1.0,0.2763730276,0.2848408629,0.04805594683,0.04777652025
4065,1.0,0.0,0.0,0.0,1.0,1.0,0.2767185909,0.2843528058,0.04680353403,0.04652816057
4066,1.0,0.0,0.0,0.0,1.0,1.0,0.2783464608,0.2809879348,0.0471714735,0.04606801271
4067,1.0,0.0,0.0,0.0,1.0,1.0,0.2735993461,0.2776227668,0.0467441082,0.04536926746
4068,1.0,0.0,0.0,0.0,1.0,1.0,0.2746434271,0.2826701513,0.04636842012,0.04609400034
4069,1.0,0.0,0.0,0.0,1.0,1.0,0.2753728395,0.2828929326,0.04669076204,0.04586684704
4070,1.0,0.0,0.0,0.0,1.0,1.0,0.2768945006,0.2855547854,0.04626607895,0.04599231482
4071,1.0,0.0,0.0,0.0,1.0,1.0,0.2797129083,0.2943561561,0.04703772068,0.04731279612
4072,1.0,0.0,0.0,0.0,1.0,1.0,0.2748055473,0.2892219689,0.04630386829,0.04657948017
4073,1.0,0.0,0.0,0.0,1.0,1.0,0.2707846223,0.2833469068,0.04510396719,0.04510396719
4074,1.0,0.0,0.0,0.0,1.0,1.0,0.2762684439,0.2923535029,0.04661917686,0.0471675992
4075,1.0,0.0,0.0,0.0,1.0,1.0,0.2705137148,0.2923537295,0.04582554102,0.04719752073
4076,1.0,0.0,0.0,0.0,1.0,1.0,0.2668415557,0.287254419,0.04499876499,0.0460895896
4077,1.0,0.0,0.0,0.0,1.0,1.0,0.2869367467,0.3089489329,0.04921835661,0.05060082674
4078,1.0,0.0,0.0,0.0,1.0,1.0,0.2832555904,0.3093509467,0.0480042696,0.04964077473
4079,1.0,0.0,0.0,0.0,1.0,1.0,0.2765446101,0.2998326849,0.04679763317,0.04843968153
4080,1.0,0.0,0.0,0.0,1.0,1.0,0.2818939861,0.3045439567,0.04772478342,0.04908061028
4081,1.0,0.0,0.0,0.0,1.0,1.0,0.2814429978,0.3011788586,0.04746222496,0.0482712388
4082,1.0,0.0,0.0,0.0,1.0,1.0,0.2791376127,0.298819703,0.04752385616,0.04834330082
4083,1.0,0.0,0.0,0.0,1.0,1.0,0.2839505468,0.3099962821,0.04816418886,0.04979687929
4084,1.0,0.0,0.0,0.0,1.0,1.0,0.2768180165,0.2991525983,0.04725724459,0.04835623503
4085,1.0,0.0,0.0,0.0,1.0,1.0,0.2869209543,0.3085525824,0.04909038544,0.05018132925
4086,1.0,0.0,0.0,0.0,1.0,1.0,0.2862402274,0.3089490441,0.04854559898,0.04963040352
4087,1.0,0.0,0.0,0.0,1.0,1.0,0.2880556957,0.3079088713,0.04916328192,0.04970651865
4088,1.0,0.0,0.0,0.0,1.0,1.0,0.2846408765,0.3072609396,0.04842847586,0.04951679707
4089,1.0,0.0,0.0,0.0,1.0,1.0,0.2885151839,0.307908964,0.04963207245,0.05018049479
4090,1.0,0.0,0.0,0.0,1.0,1.0,0.2800981337,0.3011786395,0.04748743773,0.04829692841
4091,1.0,0.0,0.0,0.0,1.0,1.0,0.2869209613,0.3025067479,0.0487216115,0.0489923358
4092,1.0,0.0,0.0,0.0,1.0,1.0,0.2791377635,0.2998327553,0.0470713973,0.04788303375
4093,1.0,0.0,0.0,0.0,1.0,1.0,0.2866989434,0.3051988373,0.0486369729,0.04945212603
4094,1.0,0.0,0.0,0.0,1.0,1.0,0.2746073802,0.2901065028,0.04662638903,0.04689741135
4095,1.0,0.0,0.0,0.0,1.0,1.0,0.1529757742,0.1338538098,0.02492594719,0.02077162266
4096,1.0,0.0,0.0,0.0,1.0,1.0,0.1251473865,0.1122561767,0.01978886127,0.0170404315
4097,1.0,0.0,0.0,0.0,1.0,1.0,0.1249305189,0.1132458006,0.01996415854,0.01722925901
4098,1.0,0.0,0.0,0.0,1.0,1.0,0.148128575,0.1330191529,0.02379059792,0.02023565769
4099,1.0,0.0,0.0,0.0,1.0,1.0,0.2184211439,0.2114202584,0.03623026609,0.03321105242
4100,1.0,0.0,0.0,0.0,1.0,1.0,0.2369644899,0.2404797507,0.040325284,0.03867930174
4101,1.0,0.0,0.0,0.0,1.0,1.0,0.2437661937,0.2524360785,0.04081040621,0.0399941802
4102,1.0,0.0,0.0,0.0,1.0,1.0,0.2526768916,0.2677685507,0.04280269146,0.04280269146
4103,1.0,0.0,0.0,0.0,1.0,1.0,0.2542862394,0.2711796565,0.04253572226,0.04280495644
4104,1.0,0.0,0.0,0.0,1.0,1.0,0.2582289514,0.2785609522,0.04351335764,0.04431921244
4105,1.0,0.0,0.0,0.0,1.0,1.0,0.2560224195,0.2795049371,0.0430559516,0.04412567616
4106,1.0,0.0,0.0,0.0,1.0,1.0,0.2744501346,0.2988197629,0.04762196541,0.04872304201
4107,1.0,0.0,0.0,0.0,1.0,1.0,0.274511048,0.3011784848,0.04719090462,0.04854696989
4108,1.0,0.0,0.0,0.0,1.0,1.0,0.2776668391,0.2991640486,0.04801017046,0.04882848263
4109,1.0,0.0,0.0,0.0,1.0,1.0,0.2754369977,0.2965008066,0.04708617926,0.04789328575
4110,1.0,0.0,0.0,0.0,1.0,1.0,0.277710014,0.3008353052,0.04807752371,0.04889237881
4111,1.0,0.0,0.0,0.0,1.0,1.0,0.2737127144,0.2984911942,0.04714763165,0.04795587063
4112,1.0,0.0,0.0,0.0,1.0,1.0,0.2794984571,0.3031639858,0.0478643775,0.04893994331
4113,1.0,0.0,0.0,0.0,1.0,1.0,0.2848840242,0.3038170463,0.04858052731,0.0488474369
4114,1.0,0.0,0.0,0.0,1.0,1.0,0.2826387396,0.3014981915,0.0480247736,0.04829156399
4115,1.0,0.0,0.0,0.0,1.0,1.0,0.2855548522,0.306759432,0.04900836945,0.04954105616
4116,1.0,0.0,0.0,0.0,1.0,1.0,0.2837631603,0.3038170571,0.04841434956,0.04894930124
4117,1.0,0.0,0.0,0.0,1.0,1.0,0.2764081183,0.295214962,0.04701262712,0.04754388332
4118,1.0,0.0,0.0,0.0,1.0,1.0,0.2797499224,0.3011565653,0.04759329557,0.04839098454
4119,1.0,0.0,0.0,0.0,1.0,1.0,0.2781872503,0.3018119876,0.04739618301,0.04872757196
4120,1.0,0.0,0.0,0.0,1.0,1.0,0.2755471477,0.2971761335,0.04748922586,0.04802578688
4121,1.0,0.0,0.0,0.0,1.0,1.0,0.2886588855,0.3106814734,0.04979813099,0.05060124397
4122,1.0,0.0,0.0,0.0,1.0,1.0,0.2835628853,0.3034610866,0.04900312424,0.0492708683
4123,1.0,0.0,0.0,0.0,1.0,1.0,0.2742654245,0.2945372692,0.04741662741,0.04768449068
4124,1.0,0.0,0.0,0.0,1.0,1.0,0.2837729023,0.303817101,0.04897946119,0.04924857616
4125,1.0,0.0,0.0,0.0,1.0,1.0,0.2804355436,0.297847089,0.04810672998,0.04810678959
4126,1.0,0.0,0.0,0.0,1.0,1.0,0.2731396993,0.295515984,0.04701161385,0.04754579067
4127,1.0,0.0,0.0,0.0,1.0,1.0,0.2826547871,0.3021566148,0.04832267761,0.04858958721
4128,1.0,0.0,0.0,0.0,1.0,1.0,0.2817740478,0.3024627382,0.04821950197,0.04901874065
4129,1.0,0.0,0.0,0.0,1.0,1.0,0.2768404594,0.2955161607,0.04736918211,0.04763686657
4130,1.0,0.0,0.0,0.0,1.0,1.0,0.2750034304,0.2955158389,0.04706692696,0.04787379503
4131,1.0,0.0,0.0,0.0,1.0,1.0,0.2761407253,0.2971763505,0.04799056053,0.04880863428
4132,1.0,0.0,0.0,0.0,1.0,1.0,0.2797179059,0.2974927079,0.04769104719,0.04769104719
4133,1.0,0.0,0.0,0.0,1.0,1.0,0.2806545881,0.2978470587,0.04845243692,0.04845243692
4134,1.0,0.0,0.0,0.0,1.0,1.0,0.2788412893,0.2998324833,0.04742181301,0.04795461893
4135,1.0,0.0,0.0,0.0,1.0,1.0,0.2839942307,0.3044659613,0.04890716076,0.04944467545
4136,1.0,0.0,0.0,0.0,1.0,1.0,0.2786605241,0.2988363566,0.04775625467,0.04802304506
4137,1.0,0.0,0.0,0.0,1.0,1.0,0.278482251,0.3004965933,0.04818570614,0.0484533906
4138,1.0,0.0,0.0,0.0,1.0,1.0,0.2813356687,0.3038170567,0.04910969734,0.04965239763
4139,1.0,0.0,0.0,0.0,1.0,1.0,0.2888828928,0.3090378805,0.04960042238,0.05013376474
4140,1.0,0.0,0.0,0.0,1.0,1.0,0.2877650111,0.3090379511,0.04976660013,0.05030173063
4141,1.0,0.0,0.0,0.0,1.0,1.0,0.2901853876,0.315613176,0.04990983009,0.05097174644
4142,1.0,0.0,0.0,0.0,1.0,1.0,0.2848877105,0.3067591474,0.04874938726,0.04954850674
4143,1.0,0.0,0.0,0.0,1.0,1.0,0.2857767255,0.3117071035,0.0492015481,0.05053853989
4144,1.0,0.0,0.0,0.0,1.0,1.0,0.2884506614,0.3077750688,0.0497071743,0.04997581244
4145,1.0,0.0,0.0,0.0,1.0,1.0,0.2882403219,0.3091918873,0.04922187328,0.04948937893
4146,1.0,0.0,0.0,0.0,1.0,1.0,0.2792786443,0.2958215888,0.04818171263,0.04791110754
4147,1.0,0.0,0.0,0.0,1.0,1.0,0.2996777905,0.3220792925,0.05294191837,0.05294197798
4148,1.0,0.0,0.0,0.0,1.0,1.0,0.2859989029,0.3081613225,0.04962646961,0.04989618063
4149,1.0,0.0,0.0,0.0,1.0,1.0,0.2873396851,0.3098268755,0.04919785261,0.04973256588
4150,1.0,0.0,0.0,0.0,1.0,1.0,0.2820131458,0.298512905,0.04926168919,0.04899096489
4151,1.0,0.0,0.0,0.0,1.0,1.0,0.2880011591,0.3104576878,0.0498816967,0.05042093992
4152,1.0,0.0,0.0,0.0,1.0,1.0,0.2840029983,0.3087980556,0.04883140326,0.04963195324
4153,1.0,0.0,0.0,0.0,1.0,1.0,0.2165194574,0.2371557705,0.03769439459,0.03824073076
4154,1.0,0.0,0.0,0.0,1.0,1.0,0.1267825195,0.1354876528,0.02048587799,0.02048587799
4155,1.0,0.0,0.0,0.0,1.0,1.0,0.1184647459,0.1227072469,0.01904332638,0.01850688457
4156,1.0,0.0,0.0,0.0,1.0,1.0,0.1560589636,0.1642194675,0.02522826195,0.02495992184
4157,1.0,0.0,0.0,0.0,1.0,1.0,0.1982767416,0.2122102191,0.03310078382,0.03336983919
4158,1.0,0.0,0.0,0.0,1.0,1.0,0.2190775822,0.2338760388,0.03679531813,0.03733247519
4159,1.0,0.0,0.0,0.0,1.0,1.0,0.230145437,0.2447957288,0.03835791349,0.0388943553
4160,1.0,0.0,0.0,0.0,1.0,1.0,0.2589968065,0.280044936,0.05077344179,0.05201941729
4161,1.0,0.0,0.0,0.0,1.0,1.0,0.2611445508,0.2795051941,0.04981321096,0.05073571205
4162,1.0,0.0,0.0,0.0,1.0,1.0,0.2536494453,0.2744232731,0.04632043839,0.04719442129
4163,1.0,0.0,0.0,0.0,1.0,1.0,0.2714138568,0.2740943457,0.04648572206,0.04484504461
4164,1.0,0.0,0.0,0.0,1.0,1.0,0.2762033707,0.2848411695,0.0466042161,0.04606550932
4165,1.0,0.0,0.0,0.0,1.0,1.0,0.275149982,0.2744230302,0.0467954278,0.04459327459
4166,1.0,0.0,0.0,0.0,1.0,1.0,0.2885826639,0.2870021119,0.04926949739,0.04732102156
4167,1.0,0.0,0.0,0.0,1.0,1.0,0.2967348987,0.2860353464,0.05001235008,0.04671478271
4168,1.0,0.0,0.0,0.0,1.0,1.0,0.2933683258,0.2814127593,0.04907822609,0.045750916
4169,1.0,0.0,0.0,0.0,1.0,1.0,0.3004963584,0.2865296033,0.04987186193,0.04628998041
4170,1.0,0.0,0.0,0.0,1.0,1.0,0.3066281782,0.2964446209,0.05174970627,0.04895240068
4171,1.0,0.0,0.0,0.0,1.0,1.0,0.3081612615,0.2998323859,0.05154168606,0.04931282997
4172,1.0,0.0,0.0,0.0,1.0,1.0,0.3133567044,0.3045438557,0.05265492201,0.05016070604
4173,1.0,0.0,0.0,0.0,1.0,1.0,0.3049705188,0.2894008164,0.05106794834,0.04773747921
4174,1.0,0.0,0.0,0.0,1.0,1.0,0.308675887,0.2889541403,0.05147945881,0.04730540514
4175,1.0,0.0,0.0,0.0,1.0,1.0,0.3225624371,0.2991527044,0.05400520563,0.04924827814
4176,1.0,0.0,0.0,0.0,1.0,1.0,0.3220239392,0.3025522679,0.05466657877,0.05041790009
4177,1.0,0.0,0.0,0.0,1.0,1.0,0.3265173922,0.3106376017,0.05525094271,0.05160498619
4178,1.0,0.0,0.0,0.0,1.0,1.0,0.3226151416,0.2994960709,0.05319869518,0.04881119728
4179,1.0,0.0,0.0,0.0,1.0,1.0,0.3265177831,0.3095912651,0.05507665873,0.0514420867
4180,1.0,0.0,0.0,0.0,1.0,1.0,0.3276042618,0.3099965214,0.05420655012,0.05035430193
4181,1.0,0.0,0.0,0.0,1.0,1.0,0.3286527107,0.3063358767,0.05452865362,0.05005455017
4182,1.0,0.0,0.0,0.0,1.0,1.0,0.3353943208,0.3178497299,0.05553025007,0.05218172073
4183,1.0,0.0,0.0,0.0,1.0,1.0,0.3382205699,0.3234494703,0.05602413416,0.05294281244
4184,1.0,0.0,0.0,0.0,1.0,1.0,0.3404509109,0.3251609285,0.057246387,0.05384558439
4185,1.0,0.0,0.0,0.0,1.0,1.0,0.3488777031,0.3297480341,0.05852437019,0.05484896898
4186,1.0,0.0,0.0,0.0,1.0,1.0,0.3466759057,0.3274624793,0.05747920275,0.05383425951
4187,1.0,0.0,0.0,0.0,1.0,1.0,0.3478532372,0.3320063165,0.05883526802,0.05567824841
4188,1.0,0.0,0.0,0.0,1.0,1.0,0.3348643727,0.3198908923,0.05546617508,0.05262184143
4189,1.0,0.0,0.0,0.0,1.0,1.0,0.3428119855,0.3331473212,0.05843561888,0.05640053749
4190,1.0,0.0,0.0,0.0,1.0,1.0,0.3417334506,0.3291266798,0.05776584148,0.05544364452
4191,1.0,0.0,0.0,0.0,1.0,1.0,0.3458275353,0.3418231176,0.05833470821,0.05745971203
4192,1.0,0.0,0.0,0.0,1.0,1.0,0.3477065344,0.3417335653,0.05894041061,0.05777901411
4193,1.0,0.0,0.0,0.0,1.0,1.0,0.3383527083,0.3290844767,0.05719828606,0.05543833971
4194,1.0,0.0,0.0,0.0,1.0,1.0,0.3155206348,0.2840518354,0.05147916079,0.04659003019
4195,1.0,0.0,0.0,0.0,1.0,1.0,0.2656507849,0.1513754028,0.04207414389,0.02442067862
4196,1.0,0.0,0.0,0.0,1.0,1.0,0.2696607805,0.1286044799,0.04116559029,0.02015095949
4197,1.0,0.0,0.0,0.0,1.0,1.0,0.275643459,0.1793870368,0.04281502962,0.02854335308
4198,1.0,0.0,0.0,0.0,1.0,1.0,0.2915800857,0.215707027,0.0461473465,0.03482824564
4199,1.0,0.0,0.0,0.0,1.0,1.0,0.3040196713,0.2858115494,0.0495120883,0.04714024067
4200,1.0,0.0,0.0,0.0,1.0,1.0,0.3283622857,0.3118823466,0.05245113373,0.05044478178
4201,1.0,0.0,0.0,0.0,1.0,1.0,0.327773837,0.3171987705,0.0530257225,0.05186671019
4202,1.0,0.0,0.0,0.0,1.0,1.0,0.3420551259,0.3331474443,0.05487304926,0.05430144072
4203,1.0,0.0,0.0,0.0,1.0,1.0,0.3403116565,0.330204427,0.05514323711,0.05427259207
4204,1.0,0.0,0.0,0.0,1.0,1.0,0.3373115434,0.3319701593,0.05434757471,0.0540600419
4205,1.0,0.0,0.0,0.0,1.0,1.0,0.3467812868,0.3413584476,0.05626505613,0.05597651005
4206,1.0,0.0,0.0,0.0,1.0,1.0,0.3461652725,0.3419141833,0.05641222,0.05641222
4207,1.0,0.0,0.0,0.0,1.0,1.0,0.3485595066,0.3431183293,0.05665081739,0.05636185408
4208,1.0,0.0,0.0,0.0,1.0,1.0,0.3442622253,0.3384634598,0.05540829897,0.05540829897
4209,1.0,0.0,0.0,0.0,1.0,1.0,0.3528495413,0.3490958228,0.05794531107,0.05794531107
4210,1.0,0.0,0.0,0.0,1.0,1.0,0.3498047893,0.3443308011,0.05851721764,0.05821865797
4211,1.0,0.0,0.0,0.0,1.0,1.0,0.3390963858,0.33726736,0.0550544858,0.05534422398
4212,1.0,0.0,0.0,0.0,1.0,1.0,0.3429720278,0.3372678484,0.05518198013,0.05489462614
4213,1.0,0.0,0.0,0.0,1.0,1.0,0.3414462211,0.3378394662,0.05531573296,0.05531573296
4214,1.0,0.0,0.0,0.0,1.0,1.0,0.348330974,0.3460964074,0.057115376,0.05740827322
4215,1.0,0.0,0.0,0.0,1.0,1.0,0.3532663977,0.3506814068,0.05800354481,0.05829501152
4216,1.0,0.0,0.0,0.0,1.0,1.0,0.345245758,0.3460965914,0.0566509366,0.05694144964
4217,1.0,0.0,0.0,0.0,1.0,1.0,0.3480200305,0.3466373791,0.05618029833,0.05675649643
4218,1.0,0.0,0.0,0.0,1.0,1.0,0.3403120387,0.3372672497,0.05520349741,0.05549395084
4219,1.0,0.0,0.0,0.0,1.0,1.0,0.344026783,0.3384077004,0.05682122707,0.05623847246
4220,1.0,0.0,0.0,0.0,1.0,1.0,0.3414911148,0.3443309292,0.05488693714,0.05603641272
4221,1.0,0.0,0.0,0.0,1.0,1.0,0.339668252,0.3425649553,0.05428379774,0.05513638258
4222,1.0,0.0,0.0,0.0,1.0,1.0,0.3480999675,0.3460964475,0.05593174696,0.05650836229
4223,1.0,0.0,0.0,0.0,1.0,1.0,0.3527441741,0.3483969966,0.0566084981,0.0566084981
4224,1.0,0.0,0.0,0.0,1.0,1.0,0.3492345721,0.3512025185,0.05651682615,0.05708479881
4225,1.0,0.0,0.0,0.0,1.0,1.0,0.3555537667,0.350681314,0.0576556325,0.05736875534
4226,1.0,0.0,0.0,0.0,1.0,1.0,0.3431184523,0.3477079959,0.05516582727,0.05629742146
4227,1.0,0.0,0.0,0.0,1.0,1.0,0.3425646858,0.3454211712,0.05523914099,0.05609339476
4228,1.0,0.0,0.0,0.0,1.0,1.0,0.3407587493,0.3471746731,0.0547337532,0.05586230755
4229,1.0,0.0,0.0,0.0,1.0,1.0,0.3495412311,0.3524348245,0.05590850115,0.05647039413
4230,1.0,0.0,0.0,0.0,1.0,1.0,0.3460283458,0.3447551904,0.05657923222,0.05686640739
4231,1.0,0.0,0.0,0.0,1.0,1.0,0.3459605574,0.3517200759,0.05610048771,0.05723387003
4232,1.0,0.0,0.0,0.0,1.0,1.0,0.3489283385,0.3552020636,0.05734360218,0.05878430605
4233,1.0,0.0,0.0,0.0,1.0,1.0,0.3471746901,0.353460775,0.05730021,0.05874711275
4234,1.0,0.0,0.0,0.0,1.0,1.0,0.3501565889,0.3459606781,0.05697101355,0.05668473244
4235,1.0,0.0,0.0,0.0,1.0,1.0,0.3471746428,0.3559416349,0.05723112822,0.05867636204
4236,1.0,0.0,0.0,0.0,1.0,1.0,0.3448162617,0.3464961691,0.05569815636,0.05626356602
4237,1.0,0.0,0.0,0.0,1.0,1.0,0.3384076001,0.3436674987,0.05521631241,0.05607455969
4238,1.0,0.0,0.0,0.0,1.0,1.0,0.3442133259,0.3482376478,0.05600142479,0.05685424805
4239,1.0,0.0,0.0,0.0,1.0,1.0,0.3430660367,0.3494551924,0.05478686094,0.05590492487
4240,1.0,0.0,0.0,0.0,1.0,1.0,0.345960798,0.3464961773,0.05555933714,0.0558398962
4241,1.0,0.0,0.0,0.0,1.0,1.0,0.3366540482,0.3372241701,0.05495399237,0.05524021387
4242,1.0,0.0,0.0,0.0,1.0,1.0,0.3395316324,0.3447553459,0.05524629354,0.05609625578
4243,1.0,0.0,0.0,0.0,1.0,1.0,0.3360491744,0.3477078728,0.0553932786,0.057115376
4244,1.0,0.0,0.0,0.0,1.0,1.0,0.3494553285,0.3559415868,0.05746388435,0.05832582712
4245,1.0,0.0,0.0,0.0,1.0,1.0,0.3406792375,0.3494550563,0.05664980412,0.05780589581
4246,1.0,0.0,0.0,0.0,1.0,1.0,0.3435578328,0.3452934122,0.05730849504,0.0575979948
4247,1.0,0.0,0.0,0.0,1.0,1.0,0.3488455413,0.3504987362,0.05681711435,0.05738526583
4248,1.0,0.0,0.0,0.0,1.0,1.0,0.3424174831,0.3482374113,0.05571377277,0.05656218529
4249,1.0,0.0,0.0,0.0,1.0,1.0,0.3424173681,0.3470282274,0.05677455664,0.05763912201
4250,1.0,0.0,0.0,0.0,1.0,1.0,0.3255625729,0.3349008367,0.05345374346,0.05489069223
4251,1.0,0.0,0.0,0.0,1.0,1.0,0.3354771688,0.3384072501,0.05555129051,0.05584055185
4252,1.0,0.0,0.0,0.0,1.0,1.0,0.3194646407,0.3118829599,0.05150508881,0.05064189434
4253,1.0,0.0,0.0,0.0,1.0,1.0,0.2660249818,0.2071569449,0.04184138775,0.03312444687
4254,1.0,0.0,0.0,0.0,1.0,1.0,0.2584109988,0.1235473531,0.03986364603,0.01963871717
4255,1.0,0.0,0.0,0.0,1.0,1.0,0.2822406904,0.08983715667,0.0428147912,0.0140760541
4256,1.0,0.0,0.0,0.0,1.0,1.0,0.2866616392,0.08862955809,0.04300916195,0.01365828514
4257,1.0,0.0,0.0,0.0,1.0,1.0,0.2922346679,0.08517981756,0.04370886087,0.01311266422
4258,1.0,0.0,0.0,0.0,1.0,1.0,0.2924726292,0.08862993577,0.04414892197,0.01374173164
4259,1.0,0.0,0.0,0.0,1.0,1.0,0.2938398794,0.0867438238,0.04436647892,0.01342666149
4260,1.0,0.0,0.0,0.0,1.0,1.0,0.2925675139,0.09275117509,0.04362976551,0.01434803009
4261,1.0,0.0,0.0,0.0,1.0,1.0,0.2941826084,0.08550391784,0.04365628958,0.01301020384
4262,1.0,0.0,0.0,0.0,1.0,1.0,0.2855547631,0.0950038764,0.04286885262,0.01468110085
4263,1.0,0.0,0.0,0.0,1.0,1.0,0.3031577093,0.09310375399,0.04573911428,0.01445943117
4264,1.0,0.0,0.0,0.0,1.0,1.0,0.2967093172,0.09190256302,0.04452252388,0.01405972242
4265,1.0,0.0,0.0,0.0,1.0,1.0,0.2953342344,0.08964478447,0.04400336742,0.01369643211
4266,1.0,0.0,0.0,0.0,1.0,1.0,0.2919941412,0.08930368327,0.04296416044,0.01355242729
4267,1.0,0.0,0.0,0.0,1.0,1.0,0.3102392771,0.08773699032,0.04542028904,0.01322358847
4268,1.0,0.0,0.0,0.0,1.0,1.0,0.2986615416,0.08964443604,0.04463642836,0.01371181011
4269,1.0,0.0,0.0,0.0,1.0,1.0,0.3017922062,0.09880428628,0.04478871822,0.01512348652
4270,1.0,0.0,0.0,0.0,1.0,1.0,0.3034019046,0.1037884815,0.04452300072,0.01571404934
4271,1.0,0.0,0.0,0.0,1.0,1.0,0.3079791714,0.1053048653,0.04533588886,0.01608687639
4272,1.0,0.0,0.0,0.0,1.0,1.0,0.3061533023,0.09956118076,0.04569548368,0.01533007622
4273,1.0,0.0,0.0,0.0,1.0,1.0,0.3075204733,0.09802223857,0.04528570175,0.0148049593
4274,1.0,0.0,0.0,0.0,1.0,1.0,0.3087385,0.09609995329,0.0453030467,0.0145201683
4275,1.0,0.0,0.0,0.0,1.0,1.0,0.298843058,0.1072197631,0.04375773668,0.01622802019
4276,1.0,0.0,0.0,0.0,1.0,1.0,0.307979293,0.1076320127,0.04531669617,0.01637244225
4277,1.0,0.0,0.0,0.0,1.0,1.0,0.3072137685,0.1072198515,0.04521173239,0.01644062996
4278,1.0,0.0,0.0,0.0,1.0,1.0,0.3133173115,0.1091343971,0.04606103897,0.0166169405
4279,1.0,0.0,0.0,0.0,1.0,1.0,0.31146321,0.1097872384,0.04573249817,0.01678788662
4280,1.0,0.0,0.0,0.0,1.0,1.0,0.3090248308,0.1131443204,0.04631304741,0.01758724451
4281,1.0,0.0,0.0,0.0,1.0,1.0,0.3141665485,0.1173584462,0.0463733077,0.01796960831
4282,1.0,0.0,0.0,0.0,1.0,1.0,0.3111562801,0.1121049396,0.04595524073,0.01716053486
4283,1.0,0.0,0.0,0.0,1.0,1.0,0.3100705317,0.1116800677,0.04613161087,0.01711803675
4284,1.0,0.0,0.0,0.0,1.0,1.0,0.3117705924,0.1116802605,0.04581207037,0.01710706949
4285,1.0,0.0,0.0,0.0,1.0,1.0,0.3102392507,0.1131442869,0.04590719938,0.0174331069
4286,1.0,0.0,0.0,0.0,1.0,1.0,0.3108081577,0.1183547394,0.04649507999,0.01830738783
4287,1.0,0.0,0.0,0.0,1.0,1.0,0.3096311349,0.1225730899,0.04563128948,0.01877236366
4288,1.0,0.0,0.0,0.0,1.0,1.0,0.318804332,0.113572636,0.04709726572,0.01733636856
4289,1.0,0.0,0.0,0.0,1.0,1.0,0.3120786131,0.1159049431,0.04593575001,0.0177347064
4290,1.0,0.0,0.0,0.0,1.0,1.0,0.3028612999,0.1206874583,0.04443633556,0.01834791899
4291,1.0,0.0,0.0,0.0,1.0,1.0,0.301012915,0.1239907427,0.044290483,0.01910567284
4292,1.0,0.0,0.0,0.0,1.0,1.0,0.2990454451,0.1292052745,0.04415720701,0.019754529
4293,1.0,0.0,0.0,0.0,1.0,1.0,0.3067592871,0.12779105,0.04510444403,0.01949673891
4294,1.0,0.0,0.0,0.0,1.0,1.0,0.306601808,0.1216047641,0.0450617075,0.01872688532
4295,1.0,0.0,0.0,0.0,1.0,1.0,0.3012018245,0.1239911249,0.04490667582,0.01924574375
4296,1.0,0.0,0.0,0.0,1.0,1.0,0.3101034198,0.1206871171,0.04603260756,0.01876485348
4297,1.0,0.0,0.0,0.0,1.0,1.0,0.3139399612,0.1159045321,0.04595088959,0.01774048805
4298,1.0,0.0,0.0,0.0,1.0,1.0,0.3066017552,0.115904997,0.04467409849,0.01769560575
4299,1.0,0.0,0.0,0.0,1.0,1.0,0.3085927074,0.1216052042,0.04486507177,0.01852494478
4300,1.0,0.0,0.0,0.0,1.0,1.0,0.3034017921,0.1220689438,0.04413080215,0.01845991611
4301,1.0,0.0,0.0,0.0,1.0,1.0,0.3144535568,0.1133982399,0.0454582572,0.01708304882
4302,1.0,0.0,0.0,0.0,1.0,1.0,0.3079792105,0.1235049472,0.04561024904,0.01912683249
4303,1.0,0.0,0.0,0.0,1.0,1.0,0.3053851605,0.1258838288,0.04488188028,0.01923507452
4304,1.0,0.0,0.0,0.0,1.0,1.0,0.3113338893,0.1154658227,0.04566389322,0.01774203777
4305,1.0,0.0,0.0,0.0,1.0,1.0,0.297499108,0.1441144992,0.04427087307,0.02228015661
4306,1.0,0.0,0.0,0.0,1.0,1.0,0.2723114988,0.1578066334,0.0409154892,0.02437520027
4307,1.0,0.0,0.0,0.0,1.0,1.0,0.2834649539,0.2570507537,0.04435104132,0.04091739655
4308,1.0,0.0,0.0,0.0,1.0,1.0,0.3284135646,0.3378395238,0.05240994692,0.05439299345
4309,1.0,0.0,0.0,0.0,1.0,1.0,0.3550071848,0.3778376494,0.0576543808,0.06163054705
4310,1.0,0.0,0.0,0.0,1.0,1.0,0.3589544572,0.3871076533,0.05734968185,0.06184768677
4311,1.0,0.0,0.0,0.0,1.0,1.0,0.3583722322,0.3910095926,0.05811542273,0.06291139126
4312,1.0,0.0,0.0,0.0,1.0,1.0,0.3686252359,0.4039554568,0.06029170752,0.06566983461
4313,1.0,0.0,0.0,0.0,1.0,1.0,0.3689450614,0.405368189,0.06018555164,0.0655542016
4314,1.0,0.0,0.0,0.0,1.0,1.0,0.3741411276,0.4173108959,0.06138592958,0.0676382184
4315,1.0,0.0,0.0,0.0,1.0,1.0,0.3751162955,0.4106096815,0.0609215498,0.06628036499
4316,1.0,0.0,0.0,0.0,1.0,1.0,0.3731710762,0.4053680445,0.06078088284,0.06528317928
4317,1.0,0.0,0.0,0.0,1.0,1.0,0.3670707842,0.4047033737,0.05954778194,0.06490987539
4318,1.0,0.0,0.0,0.0,1.0,1.0,0.3702282617,0.4099824315,0.06032240391,0.06598645449
4319,1.0,0.0,0.0,0.0,1.0,1.0,0.3706769486,0.4096654041,0.06068146229,0.06578552723
4320,1.0,0.0,0.0,0.0,1.0,1.0,0.3763008233,0.4067905141,0.06134080887,0.06528019905
4321,1.0,0.0,0.0,0.0,1.0,1.0,0.3656495402,0.3880808905,0.05926185846,0.06180161238
4322,1.0,0.0,0.0,0.0,1.0,1.0,0.3494550533,0.3597282606,0.0563043952,0.05714899302
4323,1.0,0.0,0.0,0.0,1.0,1.0,0.3651479577,0.3589548028,0.05922448635,0.05672204494
4324,1.0,0.0,0.0,0.0,1.0,1.0,0.35088557,0.3442134543,0.05834287405,0.05447179079
4325,1.0,0.0,0.0,0.0,1.0,1.0,0.3469136508,0.3413584959,0.05816853046,0.0537366271
4326,1.0,0.0,0.0,0.0,1.0,1.0,0.3385729097,0.3337356731,0.05747675896,0.05222648382
4327,1.0,0.0,0.0,0.0,1.0,1.0,0.3256606723,0.3180044842,0.05535012484,0.04962432384
4328,1.0,0.0,0.0,0.0,1.0,1.0,0.3215317683,0.32438026,0.0550583005,0.05017632246
4329,1.0,0.0,0.0,0.0,1.0,1.0,0.319885151,0.3173666659,0.05503726006,0.0495609045
4330,1.0,0.0,0.0,0.0,1.0,1.0,0.3156131124,0.3178433531,0.05436110497,0.04941916466
4331,1.0,0.0,0.0,0.0,1.0,1.0,0.3131163512,0.3151547936,0.0542075634,0.04955333471
4332,1.0,0.0,0.0,0.0,1.0,1.0,0.3167802549,0.3127623224,0.05515521765,0.04936391115
4333,1.0,0.0,0.0,0.0,1.0,1.0,0.3126217983,0.3134140178,0.05448532104,0.04953211546
4334,1.0,0.0,0.0,0.0,1.0,1.0,0.3089758373,0.3075204473,0.05400568247,0.04849487543
4335,1.0,0.0,0.0,0.0,1.0,1.0,0.303289734,0.2994839693,0.05325126648,0.04745703936
4336,1.0,0.0,0.0,0.0,1.0,1.0,0.3103363681,0.3114457432,0.05370348692,0.04874622822
4337,1.0,0.0,0.0,0.0,1.0,1.0,0.3072768447,0.3173664099,0.05290716887,0.04936182499
4338,1.0,0.0,0.0,0.0,1.0,1.0,0.300941224,0.307520584,0.05185341835,0.04803264141
4339,1.0,0.0,0.0,0.0,1.0,1.0,0.2987201473,0.3072488191,0.05124044418,0.04742467403
4340,1.0,0.0,0.0,0.0,1.0,1.0,0.2991961451,0.3096859722,0.05156558752,0.04827409983
4341,1.0,0.0,0.0,0.0,1.0,1.0,0.305693135,0.3081903735,0.05336326361,0.04893934727
4342,1.0,0.0,0.0,0.0,1.0,1.0,0.2973023331,0.3012254637,0.05128622055,0.04719424248
4343,1.0,0.0,0.0,0.0,1.0,1.0,0.3098431104,0.3186373848,0.05294829607,0.04968988895
4344,1.0,0.0,0.0,0.0,1.0,1.0,0.3044550183,0.3127624619,0.05269259214,0.04938209057
4345,1.0,0.0,0.0,0.0,1.0,1.0,0.3028611933,0.30577305,0.05264723301,0.04849082232
4346,1.0,0.0,0.0,0.0,1.0,1.0,0.3125236957,0.3140606756,0.0534812212,0.04913759232
4347,1.0,0.0,0.0,0.0,1.0,1.0,0.3060492451,0.3043283659,0.05265617371,0.04826813936
4348,1.0,0.0,0.0,0.0,1.0,1.0,0.3124251773,0.3095156816,0.05402672291,0.04934072495
4349,1.0,0.0,0.0,0.0,1.0,1.0,0.305918903,0.307520742,0.05216544867,0.04806870222
4350,1.0,0.0,0.0,0.0,1.0,1.0,0.3134247344,0.310590302,0.05351912975,0.04887717962
4351,1.0,0.0,0.0,0.0,1.0,1.0,0.3107242888,0.3071201545,0.05336737633,0.0486907959
4352,1.0,0.0,0.0,0.0,1.0,1.0,0.3209070643,0.3194091486,0.05547988415,0.05133956671
4353,1.0,0.0,0.0,0.0,1.0,1.0,0.3171306952,0.3073887517,0.05423277617,0.04902863503
4354,1.0,0.0,0.0,0.0,1.0,1.0,0.3095045381,0.3015558639,0.05282074213,0.04814392328
4355,1.0,0.0,0.0,0.0,1.0,1.0,0.2477679471,0.1970225922,0.04075568914,0.0302913785
4356,1.0,0.0,0.0,0.0,1.0,1.0,0.2266077838,0.1186390339,0.03707712889,0.01826190948
4357,1.0,0.0,0.0,0.0,1.0,1.0,0.2281517008,0.1168409605,0.03737401962,0.01812916994
4358,1.0,0.0,0.0,0.0,1.0,1.0,0.2406064448,0.1506249323,0.03974014521,0.02362173796
4359,1.0,0.0,0.0,0.0,1.0,1.0,0.2710629983,0.2260219698,0.04552984238,0.03575348854
4360,1.0,0.0,0.0,0.0,1.0,1.0,0.300324934,0.2760696749,0.05024111271,0.04337757826
4361,1.0,0.0,0.0,0.0,1.0,1.0,0.3006448828,0.280877683,0.0514767766,0.04535526037
4362,1.0,0.0,0.0,0.0,1.0,1.0,0.3120206144,0.2963865449,0.05340528488,0.04784232378
4363,1.0,0.0,0.0,0.0,1.0,1.0,0.30403743,0.2902162654,0.05183005333,0.04659193754
4364,1.0,0.0,0.0,0.0,1.0,1.0,0.3048867171,0.2850642115,0.05132466555,0.045560956
4365,1.0,0.0,0.0,0.0,1.0,1.0,0.3053850452,0.2894932645,0.05144643784,0.0462192297
4366,1.0,0.0,0.0,0.0,1.0,1.0,0.3102842481,0.2943559933,0.05177843571,0.04687309265
4367,1.0,0.0,0.0,0.0,1.0,1.0,0.3057505749,0.2894937081,0.05161958933,0.04662412405
4368,1.0,0.0,0.0,0.0,1.0,1.0,0.3075209454,0.289221935,0.05163091421,0.04641282558
4369,1.0,0.0,0.0,0.0,1.0,1.0,0.2998326033,0.2816295112,0.05090624094,0.04562085867
4370,1.0,0.0,0.0,0.0,1.0,1.0,0.2975686147,0.2770562406,0.05086755753,0.04506200552
4371,1.0,0.0,0.0,0.0,1.0,1.0,0.3032014185,0.2850756576,0.05252224207,0.04724222422
4372,1.0,0.0,0.0,0.0,1.0,1.0,0.3038951561,0.2855551118,0.05199593306,0.04671299458
4373,1.0,0.0,0.0,0.0,1.0,1.0,0.3041779945,0.277622915,0.05281370878,0.04610723257
4374,1.0,0.0,0.0,0.0,1.0,1.0,0.2995121268,0.286035616,0.05179339647,0.04708492756
4375,1.0,0.0,0.0,0.0,1.0,1.0,0.3035462119,0.2879747782,0.05265235901,0.04761117697
4376,1.0,0.0,0.0,0.0,1.0,1.0,0.3024197994,0.292066809,0.05129218102,0.04745221138
4377,1.0,0.0,0.0,0.0,1.0,1.0,0.2906293474,0.2819370157,0.04969239235,0.04610347748
4378,1.0,0.0,0.0,0.0,1.0,1.0,0.2890146842,0.2785605949,0.05048429966,0.04653578997
4379,1.0,0.0,0.0,0.0,1.0,1.0,0.2975375032,0.2915040592,0.05144017935,0.04788321257
4380,1.0,0.0,0.0,0.0,1.0,1.0,0.2947883422,0.2931694673,0.05093628168,0.04793995619
4381,1.0,0.0,0.0,0.0,1.0,1.0,0.2857805265,0.2884297016,0.04885858297,0.04642915726
4382,1.0,0.0,0.0,0.0,1.0,1.0,0.2797180478,0.2908073744,0.04790192842,0.04682546854
4383,1.0,0.0,0.0,0.0,1.0,1.0,0.2676795082,0.277622684,0.04575830698,0.04467523098
4384,1.0,0.0,0.0,0.0,1.0,1.0,0.2773571669,0.2833986846,0.04708206654,0.0457291007
4385,1.0,0.0,0.0,0.0,1.0,1.0,0.2778003968,0.2874647079,0.04686129093,0.04632258415
4386,1.0,0.0,0.0,0.0,1.0,1.0,0.2785066826,0.285793307,0.04771530628,0.04662466049
4387,1.0,0.0,0.0,0.0,1.0,1.0,0.2776227147,0.289136061,0.04756242037,0.04701882601
4388,1.0,0.0,0.0,0.0,1.0,1.0,0.2799688233,0.2879187842,0.04836022854,0.04700940847
4389,1.0,0.0,0.0,0.0,1.0,1.0,0.2770105131,0.2872149627,0.04810672998,0.04728674889
4390,1.0,0.0,0.0,0.0,1.0,1.0,0.2803506951,0.2855550715,0.04832589626,0.04696077108
4391,1.0,0.0,0.0,0.0,1.0,1.0,0.2695654114,0.2791082885,0.04662805796,0.04553735256
4392,1.0,0.0,0.0,0.0,1.0,1.0,0.2751627597,0.2833987929,0.04737609625,0.04601472616
4393,1.0,0.0,0.0,0.0,1.0,1.0,0.2787667582,0.2901065447,0.04759120941,0.0467799902
4394,1.0,0.0,0.0,0.0,1.0,1.0,0.2760363956,0.2843530844,0.04754829407,0.0461819768
4395,1.0,0.0,0.0,0.0,1.0,1.0,0.2741689997,0.2819372305,0.04732811451,0.0459523201
4396,1.0,0.0,0.0,0.0,1.0,1.0,0.2698175789,0.2826704839,0.04599964619,0.04572743177
4397,1.0,0.0,0.0,0.0,1.0,1.0,0.270847241,0.2857937134,0.04660063982,0.04660063982
4398,1.0,0.0,0.0,0.0,1.0,1.0,0.2789510653,0.2927659795,0.04804122448,0.04776674509
4399,1.0,0.0,0.0,0.0,1.0,1.0,0.2789511958,0.2951370185,0.04812347889,0.04839843512
4400,1.0,0.0,0.0,0.0,1.0,1.0,0.2693869417,0.2877179655,0.04604977369,0.04659473896
4401,1.0,0.0,0.0,0.0,1.0,1.0,0.282346159,0.2998323533,0.04866427183,0.04894077778
4402,1.0,0.0,0.0,0.0,1.0,1.0,0.2747664039,0.2886899677,0.04632717371,0.04632711411
4403,1.0,0.0,0.0,0.0,1.0,1.0,0.2812421067,0.2958215718,0.04854768515,0.04854768515
4404,1.0,0.0,0.0,0.0,1.0,1.0,0.2841711626,0.2981389007,0.04772847891,0.04772847891
4405,1.0,0.0,0.0,0.0,1.0,1.0,0.2850919094,0.2954430577,0.04761660099,0.04734605551
4406,1.0,0.0,0.0,0.0,1.0,1.0,0.2828003519,0.3011788307,0.04782867432,0.04864394665
4407,1.0,0.0,0.0,0.0,1.0,1.0,0.2821003426,0.300507983,0.04779756069,0.04861700535
4408,1.0,0.0,0.0,0.0,1.0,1.0,0.2816460685,0.2978134899,0.04743623734,0.04797840118
4409,1.0,0.0,0.0,0.0,1.0,1.0,0.2819142645,0.3008352938,0.04791563749,0.04872775078
4410,1.0,0.0,0.0,0.0,1.0,1.0,0.2860136133,0.3062262377,0.04872775078,0.04982280731
4411,1.0,0.0,0.0,0.0,1.0,1.0,0.277712345,0.295443075,0.04663902521,0.0474525094
4412,1.0,0.0,0.0,0.0,1.0,1.0,0.2873900063,0.3051987476,0.04918330908,0.05000758171
4413,1.0,0.0,0.0,0.0,1.0,1.0,0.280967639,0.2968141954,0.04769909382,0.0482442379
4414,1.0,0.0,0.0,0.0,1.0,1.0,0.2823644694,0.3008353322,0.04905331135,0.04988467693
4415,1.0,0.0,0.0,0.0,1.0,1.0,0.2828004296,0.2958215553,0.04827994108,0.04855424166
4416,1.0,0.0,0.0,0.0,1.0,1.0,0.2805170285,0.2944485112,0.04799896479,0.04799896479
4417,1.0,0.0,0.0,0.0,1.0,1.0,0.2777563262,0.291083405,0.04727065563,0.04727071524
4418,1.0,0.0,0.0,0.0,1.0,1.0,0.2286786063,0.2198086801,0.03793805838,0.03493583202
4419,1.0,0.0,0.0,0.0,1.0,1.0,0.1633785455,0.1388115924,0.02652710676,0.02165478468
4420,1.0,0.0,0.0,0.0,1.0,1.0,0.1420261062,0.0898778748,0.02202737331,0.01359713078
4421,1.0,0.0,0.0,0.0,1.0,1.0,0.1453404534,0.09553471253,0.02234953642,0.01434785128
4422,1.0,0.0,0.0,0.0,1.0,1.0,0.1522447143,0.09152426634,0.02346807718,0.01380479336
4423,1.0,0.0,0.0,0.0,1.0,1.0,0.1548684481,0.09957534723,0.02351647615,0.01476615667
4424,1.0,0.0,0.0,0.0,1.0,1.0,0.1555907955,0.09732382102,0.02338075638,0.01430350542
4425,1.0,0.0,0.0,0.0,1.0,1.0,0.1571333988,0.103715788,0.0238609314,0.01525992155
4426,1.0,0.0,0.0,0.0,1.0,1.0,0.1547405358,0.09882548354,0.0237622261,0.01481646299
4427,1.0,0.0,0.0,0.0,1.0,1.0,0.1623182127,0.09509646068,0.0251019001,0.01438426971
4428,1.0,0.0,0.0,0.0,1.0,1.0,0.1656633745,0.0888394656,0.02541261911,0.01340448856
4429,1.0,0.0,0.0,0.0,1.0,1.0,0.1650454645,0.09358080569,0.02531069517,0.01406151056
4430,1.0,0.0,0.0,0.0,1.0,1.0,0.1708138198,0.08545405913,0.02653884888,0.01298707724
4431,1.0,0.0,0.0,0.0,1.0,1.0,0.1641151987,0.08235080227,0.02490234375,0.01231122017
4432,1.0,0.0,0.0,0.0,1.0,1.0,0.1721260839,0.07486476124,0.02621912956,0.01127707958
4433,1.0,0.0,0.0,0.0,1.0,1.0,0.1677897949,0.07245031904,0.02600562572,0.01102411747
4434,1.0,0.0,0.0,0.0,1.0,1.0,0.169923353,0.07272077174,0.0259013176,0.01086187363
4435,1.0,0.0,0.0,0.0,1.0,1.0,0.1766969192,0.07514613741,0.02712488174,0.01130205393
4436,1.0,0.0,0.0,0.0,1.0,1.0,0.1708603097,0.06550625917,0.02609950304,0.009822368622
4437,1.0,0.0,0.0,0.0,1.0,1.0,0.1723806948,0.06387430289,0.02635169029,0.009531497955
4438,1.0,0.0,0.0,0.0,1.0,1.0,0.1766970364,0.07112155066,0.0269138813,0.01065343618
4439,1.0,0.0,0.0,0.0,1.0,1.0,0.1729454062,0.06316189245,0.0267559886,0.009575843811
4440,1.0,0.0,0.0,0.0,1.0,1.0,0.1802274293,0.05573086393,0.02804470062,0.008498370647
4441,1.0,0.0,0.0,0.0,1.0,1.0,0.1853510745,0.06269562869,0.02872502804,0.009575009346
4442,1.0,0.0,0.0,0.0,1.0,1.0,0.192200521,0.06662948418,0.02963656187,0.01016110182
4443,1.0,0.0,0.0,0.0,1.0,1.0,0.1861529897,0.0518232006,0.02888911963,0.007853388786
4444,1.0,0.0,0.0,0.0,1.0,1.0,0.1914990366,0.06269540034,0.02945679426,0.009538352489
4445,1.0,0.0,0.0,0.0,1.0,1.0,0.1787322659,0.05922626716,0.02702087164,0.008823156357
4446,1.0,0.0,0.0,0.0,1.0,1.0,0.183533673,0.06107718784,0.02839618921,0.009277999401
4447,1.0,0.0,0.0,0.0,1.0,1.0,0.1842036084,0.05531936111,0.02827519178,0.008398532867
4448,1.0,0.0,0.0,0.0,1.0,1.0,0.1825551504,0.05573081092,0.02779257298,0.008421957493
4449,1.0,0.0,0.0,0.0,1.0,1.0,0.1860271498,0.05201561952,0.02870053053,0.007878601551
4450,1.0,0.0,0.0,0.0,1.0,1.0,0.1848784041,0.05900759528,0.02846968174,0.009020090103
4451,1.0,0.0,0.0,0.0,1.0,1.0,0.2013662742,0.06550628561,0.03069037199,0.009854674339
4452,1.0,0.0,0.0,0.0,1.0,1.0,0.1932008116,0.06951003942,0.02922457457,0.01039719582
4453,1.0,0.0,0.0,0.0,1.0,1.0,0.1950580983,0.08641789296,0.0294970274,0.01292252541
4454,1.0,0.0,0.0,0.0,1.0,1.0,0.180886129,0.0906900326,0.02767926455,0.01369982958
4455,1.0,0.0,0.0,0.0,1.0,1.0,0.1786006612,0.1083952669,0.02760154009,0.01644939184
4456,1.0,0.0,0.0,0.0,1.0,1.0,0.2180282155,0.1981036642,0.03534626961,0.03138750792
4457,1.0,0.0,0.0,0.0,1.0,1.0,0.2724201922,0.2850522343,0.04442512989,0.04498046637
4458,1.0,0.0,0.0,0.0,1.0,1.0,0.2857937524,0.2984445998,0.0473433733,0.04762023687
4459,1.0,0.0,0.0,0.0,1.0,1.0,0.3066282539,0.3194092876,0.05077171326,0.05104613304
4460,1.0,0.0,0.0,0.0,1.0,1.0,0.3085306079,0.3377427281,0.05321091413,0.05547523499
4461,1.0,0.0,0.0,0.0,1.0,1.0,0.3119174082,0.3365816901,0.05240863562,0.05378055573
4462,1.0,0.0,0.0,0.0,1.0,1.0,0.3087705071,0.3291266066,0.05206280947,0.05233687162
4463,1.0,0.0,0.0,0.0,1.0,1.0,0.3087449848,0.3213693204,0.05276125669,0.05194532871
4464,1.0,0.0,0.0,0.0,1.0,1.0,0.3028610798,0.3055726196,0.05094873905,0.04853540659
4465,1.0,0.0,0.0,0.0,1.0,1.0,0.3069149724,0.3175484987,0.05262130499,0.05127209425
4466,1.0,0.0,0.0,0.0,1.0,1.0,0.2990452564,0.30790861,0.05093151331,0.04905509949
4467,1.0,0.0,0.0,0.0,1.0,1.0,0.2999906866,0.3157023505,0.05150151253,0.05068832636
4468,1.0,0.0,0.0,0.0,1.0,1.0,0.2971311527,0.3178498454,0.05075496435,0.05075502396
4469,1.0,0.0,0.0,0.0,1.0,1.0,0.2952537077,0.3106373658,0.0512021184,0.05038070679
4470,1.0,0.0,0.0,0.0,1.0,1.0,0.2996757275,0.3158768189,0.05242985487,0.05188077688
4471,1.0,0.0,0.0,0.0,1.0,1.0,0.2940455969,0.3038170394,0.05112624168,0.04976648092
4472,1.0,0.0,0.0,0.0,1.0,1.0,0.29560983,0.302811042,0.0513497591,0.04971957207
4473,1.0,0.0,0.0,0.0,1.0,1.0,0.2920243291,0.3121178395,0.05036121607,0.05063050985
4474,1.0,0.0,0.0,0.0,1.0,1.0,0.2846610733,0.2981669315,0.04939633608,0.04858213663
4475,1.0,0.0,0.0,0.0,1.0,1.0,0.2889014558,0.3038169137,0.05015909672,0.04961675406
4476,1.0,0.0,0.0,0.0,1.0,1.0,0.2902105112,0.3094301263,0.05123788118,0.05123794079
4477,1.0,0.0,0.0,0.0,1.0,1.0,0.2866738867,0.3035216326,0.05029052496,0.04974085093
4478,1.0,0.0,0.0,0.0,1.0,1.0,0.2790954712,0.2968143935,0.04817855358,0.04764026403
4479,1.0,0.0,0.0,0.0,1.0,1.0,0.2813357805,0.3025065767,0.04953444004,0.04953444004
4480,1.0,0.0,0.0,0.0,1.0,1.0,0.2842164539,0.304829703,0.04946470261,0.04973644018
4481,1.0,0.0,0.0,0.0,1.0,1.0,0.288901076,0.3135830999,0.0504425168,0.0509878397
4482,1.0,0.0,0.0,0.0,1.0,1.0,0.2833307584,0.3075208164,0.04929900169,0.04984080791
4483,1.0,0.0,0.0,0.0,1.0,1.0,0.288001164,0.3062261465,0.05061560869,0.04979479313
4484,1.0,0.0,0.0,0.0,1.0,1.0,0.2758148653,0.2984912843,0.04802590609,0.04802596569
4485,1.0,0.0,0.0,0.0,1.0,1.0,0.2759772677,0.2968140705,0.04773706198,0.04773700237
4486,1.0,0.0,0.0,0.0,1.0,1.0,0.2802174264,0.3045436964,0.04895842075,0.04923039675
4487,1.0,0.0,0.0,0.0,1.0,1.0,0.2775361712,0.2961309798,0.04844433069,0.04790002108
4488,1.0,0.0,0.0,0.0,1.0,1.0,0.2782273115,0.295137043,0.04842936993,0.04761767387
4489,1.0,0.0,0.0,0.0,1.0,1.0,0.2793471237,0.299164205,0.04903537035,0.04876297712
4490,1.0,0.0,0.0,0.0,1.0,1.0,0.2768406522,0.295443041,0.04834544659,0.04779917002
4491,1.0,0.0,0.0,0.0,1.0,1.0,0.277709826,0.2981386157,0.04840797186,0.04813450575
4492,1.0,0.0,0.0,0.0,1.0,1.0,0.2788413457,0.2961308733,0.04870092869,0.04815369844
4493,1.0,0.0,0.0,0.0,1.0,1.0,0.2801584557,0.2971313116,0.04833239317,0.04778933525
4494,1.0,0.0,0.0,0.0,1.0,1.0,0.284887662,0.2998326344,0.05051314831,0.04968506098
4495,1.0,0.0,0.0,0.0,1.0,1.0,0.2765753099,0.2886899593,0.04772526026,0.0463693738
4496,1.0,0.0,0.0,0.0,1.0,1.0,0.2810930553,0.2924789762,0.0486472249,0.047295928
4497,1.0,0.0,0.0,0.0,1.0,1.0,0.2828610799,0.2927655385,0.04946452379,0.0478156209
4498,1.0,0.0,0.0,0.0,1.0,1.0,0.2817321378,0.2937548493,0.050144732,0.04874408245
4499,1.0,0.0,0.0,0.0,1.0,1.0,0.2871412463,0.2937548648,0.04881125689,0.04692351818
4500,1.0,0.0,0.0,0.0,1.0,1.0,0.2803507259,0.2879750316,0.04875189066,0.04682385921
4501,1.0,0.0,0.0,0.0,1.0,1.0,0.2875975255,0.2964442814,0.04931527376,0.04768049717
4502,1.0,0.0,0.0,0.0,1.0,1.0,0.2839503398,0.2909335659,0.04875475168,0.04682666063
4503,1.0,0.0,0.0,0.0,1.0,1.0,0.288727717,0.3005079647,0.04902267456,0.047945261
4504,1.0,0.0,0.0,0.0,1.0,1.0,0.2871412445,0.2994961176,0.04883873463,0.04802924395
4505,1.0,0.0,0.0,0.0,1.0,1.0,0.2821391825,0.2870019063,0.04792970419,0.04603415728
4506,1.0,0.0,0.0,0.0,1.0,1.0,0.2894381016,0.2920667287,0.04907405376,0.04690510035
4507,1.0,0.0,0.0,0.0,1.0,1.0,0.2818937678,0.2819371057,0.04744118452,0.04501521587
4508,1.0,0.0,0.0,0.0,1.0,1.0,0.2907756861,0.2884295184,0.04980790615,0.04681396484
4509,1.0,0.0,0.0,0.0,1.0,1.0,0.28692094,0.2896687228,0.0490707159,0.04661720991
4510,1.0,0.0,0.0,0.0,1.0,1.0,0.2857826854,0.2913626572,0.04811728001,0.04623562098
4511,1.0,0.0,0.0,0.0,1.0,1.0,0.2853270802,0.2862808778,0.04844903946,0.04574239254
4512,1.0,0.0,0.0,0.0,1.0,1.0,0.2828000088,0.283854957,0.04735654593,0.04493492842
4513,1.0,0.0,0.0,0.0,1.0,1.0,0.2883007312,0.2896687775,0.04834854603,0.04593110085
4514,1.0,0.0,0.0,0.0,1.0,1.0,0.2805450714,0.2802488945,0.04759502411,0.04489076138
4515,1.0,0.0,0.0,0.0,1.0,1.0,0.2885148178,0.2894006841,0.04901874065,0.04658138752
4516,1.0,0.0,0.0,0.0,1.0,1.0,0.2848728936,0.2853135029,0.0483006835,0.04560226202
4517,1.0,0.0,0.0,0.0,1.0,1.0,0.2832556146,0.2838548578,0.04770064354,0.04526138306
4518,1.0,0.0,0.0,0.0,1.0,1.0,0.2830420245,0.2811986623,0.04783314466,0.04486042261
4519,1.0,0.0,0.0,0.0,1.0,1.0,0.2862401795,0.2845865863,0.04870527983,0.04571217299
4520,1.0,0.0,0.0,0.0,1.0,1.0,0.2894382704,0.2870018991,0.04947787523,0.04647094011
4521,1.0,0.0,0.0,0.0,1.0,1.0,0.2853272983,0.2910830888,0.04861450195,0.04698491096
4522,1.0,0.0,0.0,0.0,1.0,1.0,0.2869210793,0.2870017132,0.04862272739,0.04592144489
4523,1.0,0.0,0.0,0.0,1.0,1.0,0.2841862068,0.283625399,0.04843133688,0.04571050406
4524,1.0,0.0,0.0,0.0,1.0,1.0,0.2864746295,0.2862810582,0.04801356792,0.04558593035
4525,1.0,0.0,0.0,0.0,1.0,1.0,0.2866987614,0.2940532563,0.04834216833,0.04672175646
4526,1.0,0.0,0.0,0.0,1.0,1.0,0.2885154354,0.2944485255,0.04865503311,0.04704213142
4527,1.0,0.0,0.0,0.0,1.0,1.0,0.2880554704,0.2961308637,0.04966509342,0.04829317331
4528,1.0,0.0,0.0,0.0,1.0,1.0,0.2812421659,0.2853136372,0.04796117544,0.04579341412
4529,1.0,0.0,0.0,0.0,1.0,1.0,0.2889760495,0.291083336,0.04928869009,0.04711019993
4530,1.0,0.0,0.0,0.0,1.0,1.0,0.292830213,0.3021960246,0.04984694719,0.04849237204
4531,1.0,0.0,0.0,0.0,1.0,1.0,0.2922439035,0.2889543266,0.04876583815,0.045802176
4532,1.0,0.0,0.0,0.0,1.0,1.0,0.2915039946,0.2894007118,0.04930835962,0.0465990901
4533,1.0,0.0,0.0,0.0,1.0,1.0,0.2926366158,0.2947504668,0.04944980145,0.04701781273
4534,1.0,0.0,0.0,0.0,1.0,1.0,0.2947072911,0.293754647,0.04950648546,0.04681587219
4535,1.0,0.0,0.0,0.0,1.0,1.0,0.2896471794,0.2910832071,0.04937279224,0.04693126678
4536,1.0,0.0,0.0,0.0,1.0,1.0,0.2915038373,0.2937548645,0.04915511608,0.04699444771
4537,1.0,0.0,0.0,0.0,1.0,1.0,0.2921691971,0.2937551299,0.04964965582,0.04720789194
4538,1.0,0.0,0.0,0.0,1.0,1.0,0.2963092703,0.2927660673,0.04961168766,0.04666179419
4539,1.0,0.0,0.0,0.0,1.0,1.0,0.2972616472,0.2903785249,0.05020397902,0.04667615891
4540,1.0,0.0,0.0,0.0,1.0,1.0,0.2972615827,0.292066427,0.05058258772,0.04730153084
4541,1.0,0.0,0.0,0.0,1.0,1.0,0.3093896039,0.311050626,0.05191278458,0.04973840714
4542,1.0,0.0,0.0,0.0,1.0,1.0,0.3186625132,0.311051008,0.05504000187,0.05087035894
4543,1.0,0.0,0.0,0.0,1.0,1.0,0.3154437481,0.3093508137,0.05415064096,0.05028271675
4544,1.0,0.0,0.0,0.0,1.0,1.0,0.305919039,0.2971313066,0.0524866581,0.04836463928
4545,1.0,0.0,0.0,0.0,1.0,1.0,0.3148483567,0.3087012101,0.05401170254,0.05013394356
4546,1.0,0.0,0.0,0.0,1.0,1.0,0.3128269717,0.3110506001,0.05496519804,0.05158269405
4547,1.0,0.0,0.0,0.0,1.0,1.0,0.3198212873,0.3212494023,0.05614548922,0.05305755138
4548,1.0,0.0,0.0,0.0,1.0,1.0,0.324618519,0.3224548222,0.05644011497,0.05310374498
4549,1.0,0.0,0.0,0.0,1.0,1.0,0.3261507978,0.3251606439,0.0563056469,0.05296069384
4550,1.0,0.0,0.0,0.0,1.0,1.0,0.3202095042,0.3125402116,0.05569165945,0.05119132996
4551,1.0,0.0,0.0,0.0,1.0,1.0,0.3244940621,0.3153413996,0.05592095852,0.05116772652
4552,1.0,0.0,0.0,0.0,1.0,1.0,0.3299127168,0.3189347245,0.05703639984,0.05228340626
4553,1.0,0.0,0.0,0.0,1.0,1.0,0.3200827647,0.303278749,0.05458569527,0.04901570082
4554,1.0,0.0,0.0,0.0,1.0,1.0,0.3266150617,0.3153411578,0.05607891083,0.05131220818
4555,1.0,0.0,0.0,0.0,1.0,1.0,0.330973487,0.3245610689,0.05774587393,0.05376338959
4556,1.0,0.0,0.0,0.0,1.0,1.0,0.3271200873,0.3157958772,0.05599206686,0.05120879412
4557,1.0,0.0,0.0,0.0,1.0,1.0,0.3282237712,0.3153412679,0.05545586348,0.05074214935
4558,1.0,0.0,0.0,0.0,1.0,1.0,0.3331474012,0.3228438827,0.0577775836,0.05324602127
4559,1.0,0.0,0.0,0.0,1.0,1.0,0.3315223964,0.3178498271,0.0566931963,0.05196875334
4560,1.0,0.0,0.0,0.0,1.0,1.0,0.3282720417,0.3217382115,0.05635219812,0.05244660378
4561,1.0,0.0,0.0,0.0,1.0,1.0,0.3331474101,0.3240512199,0.05688142776,0.05297780037
4562,1.0,0.0,0.0,0.0,1.0,1.0,0.3336899922,0.3257567074,0.05727177858,0.05336052179
4563,1.0,0.0,0.0,0.0,1.0,1.0,0.3331473838,0.3286299642,0.05749630928,0.05441111326
4564,1.0,0.0,0.0,0.0,1.0,1.0,0.3347722662,0.3257567056,0.05724614859,0.05307775736
4565,1.0,0.0,0.0,0.0,1.0,1.0,0.3347804597,0.3263483565,0.0572681427,0.0536364913
4566,1.0,0.0,0.0,0.0,1.0,1.0,0.3304210605,0.316604069,0.05674862862,0.05197274685
4567,1.0,0.0,0.0,0.0,1.0,1.0,0.3331472996,0.3257562613,0.05713224411,0.05349141359
4568,1.0,0.0,0.0,0.0,1.0,1.0,0.337474042,0.3314473121,0.05841344595,0.05476254225
4569,1.0,0.0,0.0,0.0,1.0,1.0,0.3309734078,0.3206398735,0.05658614635,0.05240488052
4570,1.0,0.0,0.0,0.0,1.0,1.0,0.332603895,0.3178498484,0.05655533075,0.05184239149
4571,1.0,0.0,0.0,0.0,1.0,1.0,0.3282480649,0.3144501962,0.05586791039,0.05142068863
4572,1.0,0.0,0.0,0.0,1.0,1.0,0.3396793191,0.3257567135,0.05833500624,0.05356729031
4573,1.0,0.0,0.0,0.0,1.0,1.0,0.3407931577,0.3257566327,0.0594534874,0.05459433794
4574,1.0,0.0,0.0,0.0,1.0,1.0,0.3440701508,0.3314477931,0.05894124508,0.0547311902
4575,1.0,0.0,0.0,0.0,1.0,1.0,0.3353496717,0.3217383293,0.05663585663,0.05245101452
4576,1.0,0.0,0.0,0.0,1.0,1.0,0.3353498761,0.3262781262,0.05674827099,0.05311411619
4577,1.0,0.0,0.0,0.0,1.0,1.0,0.3353608638,0.3187874978,0.05696839094,0.05217403173
4578,1.0,0.0,0.0,0.0,1.0,1.0,0.3435070472,0.3337176166,0.05918079615,0.05495357513
4579,1.0,0.0,0.0,0.0,1.0,1.0,0.3446920975,0.3325788909,0.05889570713,0.0549505353
4580,1.0,0.0,0.0,0.0,1.0,1.0,0.3325931469,0.315340818,0.05639070272,0.0515974164
4581,1.0,0.0,0.0,0.0,1.0,1.0,0.3403058454,0.32405115,0.05783045292,0.0533387661
4582,1.0,0.0,0.0,0.0,1.0,1.0,0.3441785634,0.328583757,0.05765336752,0.05321854353
4583,1.0,0.0,0.0,0.0,1.0,1.0,0.3408311214,0.3308731384,0.05773001909,0.05410444736
4584,1.0,0.0,0.0,0.0,1.0,1.0,0.3430428401,0.331447478,0.05770343542,0.05409693718
4585,1.0,0.0,0.0,0.0,1.0,1.0,0.3414342045,0.32916784,0.05741083622,0.0537878871
4586,1.0,0.0,0.0,0.0,1.0,1.0,0.3452022285,0.3314475378,0.05926048756,0.0550275445
4587,1.0,0.0,0.0,0.0,1.0,1.0,0.3419141105,0.3257565162,0.05865907669,0.05386483669
4588,1.0,0.0,0.0,0.0,1.0,1.0,0.3402011116,0.3286299189,0.0591635108,0.05491727591
4589,1.0,0.0,0.0,0.0,1.0,1.0,0.3452018933,0.3359900655,0.05948126316,0.05579912663
4590,1.0,0.0,0.0,0.0,1.0,1.0,0.3364623038,0.32002675,0.05647826195,0.05202674866
4591,1.0,0.0,0.0,0.0,1.0,1.0,0.3458334785,0.335990041,0.05871075392,0.05533981323
4592,1.0,0.0,0.0,0.0,1.0,1.0,0.3468459234,0.3376951875,0.05959779024,0.0559258461
4593,1.0,0.0,0.0,0.0,1.0,1.0,0.339214471,0.3331474888,0.05735647678,0.05427885056
4594,1.0,0.0,0.0,0.0,1.0,1.0,0.3408314092,0.3291677224,0.05796921253,0.05404853821
4595,1.0,0.0,0.0,0.0,1.0,1.0,0.3446920496,0.3331475638,0.05854821205,0.05490648746
4596,1.0,0.0,0.0,0.0,1.0,1.0,0.3392143577,0.3331475154,0.05759048462,0.05450034142
4597,1.0,0.0,0.0,0.0,1.0,1.0,0.3472775987,0.3484448519,0.06072193384,0.05844128132
4598,1.0,0.0,0.0,0.0,1.0,1.0,0.350710218,0.3445176706,0.06082582474,0.05768460035
4599,1.0,0.0,0.0,0.0,1.0,1.0,0.3511112014,0.3467450299,0.06131118536,0.05817431211
4600,1.0,0.0,0.0,0.0,1.0,1.0,0.3515951521,0.3557335656,0.06073826551,0.05905109644
4601,1.0,0.0,0.0,0.0,1.0,1.0,0.3445787188,0.3387939469,0.05903160572,0.05595415831
4602,1.0,0.0,0.0,0.0,1.0,1.0,0.3452020728,0.3394008919,0.05862009525,0.05554950237
4603,1.0,0.0,0.0,0.0,1.0,1.0,0.3484895826,0.344517274,0.06042933464,0.05757886171
4604,1.0,0.0,0.0,0.0,1.0,1.0,0.3510234261,0.346090445,0.0602580905,0.05718940496
4605,1.0,0.0,0.0,0.0,1.0,1.0,0.3428980746,0.339337449,0.05963385105,0.05680757761
4606,1.0,0.0,0.0,0.0,1.0,1.0,0.3380708582,0.3291678159,0.05793344975,0.05427742004
4607,1.0,0.0,0.0,0.0,1.0,1.0,0.3407932966,0.3365466498,0.05783045292,0.05505013466
4608,1.0,0.0,0.0,0.0,1.0,1.0,0.3435071475,0.3354057802,0.06041455269,0.05696225166
4609,1.0,0.0,0.0,0.0,1.0,1.0,0.3439640056,0.3325847757,0.06015151739,0.05589550734
4610,1.0,0.0,0.0,0.0,1.0,1.0,0.3423860537,0.3359610548,0.05881804228,0.05573713779
4611,1.0,0.0,0.0,0.0,1.0,1.0,0.3489078138,0.3455694998,0.05949562788,0.05671542883
4612,1.0,0.0,0.0,0.0,1.0,1.0,0.3407188473,0.3325845955,0.05946618319,0.05578494072
4613,1.0,0.0,0.0,0.0,1.0,1.0,0.3444676783,0.3438758384,0.05985373259,0.05704373121
4614,1.0,0.0,0.0,0.0,1.0,1.0,0.3434563164,0.342181836,0.06124567986,0.05863332748
4615,1.0,0.0,0.0,0.0,1.0,1.0,0.3418286371,0.3359610632,0.05865705013,0.0555845499
4616,1.0,0.0,0.0,0.0,1.0,1.0,0.3445788845,0.339946348,0.05926316977,0.05617362261
4617,1.0,0.0,0.0,0.0,1.0,1.0,0.3515952065,0.3494669451,0.06055343151,0.0580303669
4618,1.0,0.0,0.0,0.0,1.0,1.0,0.3369454215,0.334847022,0.05799537897,0.05519366264
4619,1.0,0.0,0.0,0.0,1.0,1.0,0.3461482902,0.3410257721,0.05955862999,0.0564827919
4620,1.0,0.0,0.0,0.0,1.0,1.0,0.3435068909,0.3404877415,0.05903744698,0.05650728941
4621,1.0,0.0,0.0,0.0,1.0,1.0,0.3412729394,0.3359609011,0.05856955051,0.05550158024
4622,1.0,0.0,0.0,0.0,1.0,1.0,0.3450840723,0.3410255659,0.05969190598,0.05687624216
4623,1.0,0.0,0.0,0.0,1.0,1.0,0.3462116187,0.3404878538,0.05933147669,0.056253016
4624,1.0,0.0,0.0,0.0,1.0,1.0,0.3467785888,0.3399462077,0.06044280529,0.05702149868
4625,1.0,0.0,0.0,0.0,1.0,1.0,0.3192894455,0.3039539197,0.05402338505,0.04980278015
4626,1.0,0.0,0.0,0.0,1.0,1.0,0.2590496971,0.1905409635,0.0418509841,0.02997434139
4627,1.0,0.0,0.0,0.0,1.0,1.0,0.2360043597,0.1346112639,0.03771269321,0.02085626125
4628,1.0,0.0,0.0,0.0,1.0,1.0,0.2557555495,0.09545211772,0.0403766036,0.01460427046
4629,1.0,0.0,0.0,0.0,1.0,1.0,0.2603280463,0.0950959673,0.04072999954,0.01452606916
4630,1.0,0.0,0.0,0.0,1.0,1.0,0.2589795281,0.09882552065,0.04011338949,0.01497191191
4631,1.0,0.0,0.0,0.0,1.0,1.0,0.2635893033,0.09617251655,0.04092788696,0.01449525356
4632,1.0,0.0,0.0,0.0,1.0,1.0,0.2682325251,0.09205364599,0.04183709621,0.01404118538
4633,1.0,0.0,0.0,0.0,1.0,1.0,0.2734146154,0.08829650069,0.04295575619,0.01364135742
4634,1.0,0.0,0.0,0.0,1.0,1.0,0.2771094922,0.08235086527,0.04305440187,0.01262927055
4635,1.0,0.0,0.0,0.0,1.0,1.0,0.274571999,0.08883959241,0.04311561584,0.01379704475
4636,1.0,0.0,0.0,0.0,1.0,1.0,0.2777241224,0.08359651965,0.04358673096,0.01290398836
4637,1.0,0.0,0.0,0.0,1.0,1.0,0.2797701379,0.08731194434,0.04354071617,0.01346325874
4638,1.0,0.0,0.0,0.0,1.0,1.0,0.2725750736,0.08482362492,0.04329544306,0.01327729225
4639,1.0,0.0,0.0,0.0,1.0,1.0,0.2635890701,0.09254073443,0.04097443819,0.01422721148
4640,1.0,0.0,0.0,0.0,1.0,1.0,0.2738945327,0.09737198612,0.04284220934,0.0150372982
4641,1.0,0.0,0.0,0.0,1.0,1.0,0.2622390936,0.106951401,0.04017859697,0.0162962079
4642,1.0,0.0,0.0,0.0,1.0,1.0,0.2753934032,0.1124832597,0.04272973537,0.01726168394
4643,1.0,0.0,0.0,0.0,1.0,1.0,0.2576256844,0.124004687,0.03970485926,0.01886683702
4644,1.0,0.0,0.0,0.0,1.0,1.0,0.2416830794,0.1341162868,0.0379166007,0.02081137896
4645,1.0,0.0,0.0,0.0,1.0,1.0,0.2420667007,0.1364553113,0.03711116314,0.02080476284
4646,1.0,0.0,0.0,0.0,1.0,1.0,0.2489387768,0.1356120415,0.03808230162,0.02059262991
4647,1.0,0.0,0.0,0.0,1.0,1.0,0.2573189879,0.1291413401,0.03880643845,0.01940321922
4648,1.0,0.0,0.0,0.0,1.0,1.0,0.243943891,0.1414648343,0.03736150265,0.02146887779
4649,1.0,0.0,0.0,0.0,1.0,1.0,0.2439439625,0.1427775054,0.03781813383,0.02201354504
4650,1.0,0.0,0.0,0.0,1.0,1.0,0.2553322583,0.1377904923,0.03892791271,0.02085417509
4651,1.0,0.0,0.0,0.0,1.0,1.0,0.2521446069,0.13595377,0.03858804703,0.02069216967
4652,1.0,0.0,0.0,0.0,1.0,1.0,0.2503174029,0.1341160227,0.0393564105,0.02097088099
4653,1.0,0.0,0.0,0.0,1.0,1.0,0.241742313,0.1558270482,0.03833568096,0.02488958836
4654,1.0,0.0,0.0,0.0,1.0,1.0,0.2444677551,0.1617800239,0.03816217184,0.02525436878
4655,1.0,0.0,0.0,0.0,1.0,1.0,0.2411176781,0.1659659704,0.03759509325,0.0261157155
4656,1.0,0.0,0.0,0.0,1.0,1.0,0.2331429157,0.1767964123,0.03582394123,0.02721506357
4657,1.0,0.0,0.0,0.0,1.0,1.0,0.2350557175,0.1756266113,0.03674066067,0.02762669325
4658,1.0,0.0,0.0,0.0,1.0,1.0,0.2355894433,0.1677634822,0.03632688522,0.0262671113
4659,1.0,0.0,0.0,0.0,1.0,1.0,0.2297779341,0.1782091514,0.03508406878,0.02766793966
4660,1.0,0.0,0.0,0.0,1.0,1.0,0.224345883,0.1750848193,0.03479766846,0.02738177776
4661,1.0,0.0,0.0,0.0,1.0,1.0,0.2359276529,0.1659657013,0.03703713417,0.02653843164
4662,1.0,0.0,0.0,0.0,1.0,1.0,0.2266014905,0.1750845638,0.03555250168,0.02774828672
4663,1.0,0.0,0.0,0.0,1.0,1.0,0.2143625062,0.1749924969,0.03395438194,0.02815020084
4664,1.0,0.0,0.0,0.0,1.0,1.0,0.2022357549,0.1797557101,0.03237330914,0.02890473604
4665,1.0,0.0,0.0,0.0,1.0,1.0,0.1804304429,0.2146689776,0.02887308598,0.03453445435
4666,1.0,0.0,0.0,0.0,1.0,1.0,0.2578097405,0.3216197796,0.04216760397,0.052287817
4667,1.0,0.0,0.0,0.0,1.0,1.0,0.2772921089,0.347928803,0.04494529963,0.0562505722
4668,1.0,0.0,0.0,0.0,1.0,1.0,0.282939442,0.3482903062,0.04789745808,0.05832219124
4669,1.0,0.0,0.0,0.0,1.0,1.0,0.2988367608,0.3689215395,0.05004304647,0.06116366386
4670,1.0,0.0,0.0,0.0,1.0,1.0,0.304858568,0.3789831978,0.05117416382,0.06251549721
4671,1.0,0.0,0.0,0.0,1.0,1.0,0.2981944076,0.3727014101,0.05003422499,0.06130558252
4672,1.0,0.0,0.0,0.0,1.0,1.0,0.3054990265,0.3793869164,0.05133342743,0.0626488924
4673,1.0,0.0,0.0,0.0,1.0,1.0,0.3109372462,0.3832318326,0.05277687311,0.06338810921
4674,1.0,0.0,0.0,0.0,1.0,1.0,0.3164759991,0.3886716361,0.05315870047,0.06362521648
4675,1.0,0.0,0.0,0.0,1.0,1.0,0.3150947575,0.3984263897,0.05333709717,0.06556028128
4676,1.0,0.0,0.0,0.0,1.0,1.0,0.3173348399,0.3903544351,0.05331689119,0.06376045942
4677,1.0,0.0,0.0,0.0,1.0,1.0,0.3213372818,0.3967382632,0.05435496569,0.06550478935
4678,1.0,0.0,0.0,0.0,1.0,1.0,0.325513768,0.4024600421,0.05502766371,0.06636506319
4679,1.0,0.0,0.0,0.0,1.0,1.0,0.3279548252,0.4007828345,0.0552546382,0.06602925062
4680,1.0,0.0,0.0,0.0,1.0,1.0,0.323300841,0.4034908797,0.05345344543,0.06484955549
4681,1.0,0.0,0.0,0.0,1.0,1.0,0.3241432478,0.3987670566,0.05520308018,0.0660763979
4682,1.0,0.0,0.0,0.0,1.0,1.0,0.3224535676,0.3967380635,0.05415028334,0.06492513418
4683,1.0,0.0,0.0,0.0,1.0,1.0,0.3221339595,0.3909383001,0.05314928293,0.06268894672
4684,1.0,0.0,0.0,0.0,1.0,1.0,0.3240989579,0.3943375855,0.05395787954,0.06354427338
4685,1.0,0.0,0.0,0.0,1.0,1.0,0.3350826462,0.4090182366,0.05574035645,0.06595021486
4686,1.0,0.0,0.0,0.0,1.0,1.0,0.3395275768,0.4090181639,0.05660009384,0.06631082296
4687,1.0,0.0,0.0,0.0,1.0,1.0,0.3284002911,0.396330655,0.05408149958,0.06346297264
4688,1.0,0.0,0.0,0.0,1.0,1.0,0.3353945493,0.4008177484,0.05457931757,0.06335586309
4689,1.0,0.0,0.0,0.0,1.0,1.0,0.3379836726,0.3896425821,0.05582755804,0.06287652254
4690,1.0,0.0,0.0,0.0,1.0,1.0,0.3396244744,0.4025531347,0.05636954308,0.06506335735
4691,1.0,0.0,0.0,0.0,1.0,1.0,0.3390808853,0.3942433736,0.0552098155,0.06293922663
4692,1.0,0.0,0.0,0.0,1.0,1.0,0.3379835792,0.394884267,0.05439978838,0.06209272146
4693,1.0,0.0,0.0,0.0,1.0,1.0,0.3371402255,0.3941463264,0.05471813679,0.0622176528
4694,1.0,0.0,0.0,0.0,1.0,1.0,0.3413557561,0.390406713,0.05670624971,0.06347709894
4695,1.0,0.0,0.0,0.0,1.0,1.0,0.3394010357,0.3904067756,0.05566740036,0.06294047832
4696,1.0,0.0,0.0,0.0,1.0,1.0,0.3399460464,0.3925142906,0.05570936203,0.0632301569
4697,1.0,0.0,0.0,0.0,1.0,1.0,0.3411062209,0.3948846875,0.05514520407,0.06231415272
4698,1.0,0.0,0.0,0.0,1.0,1.0,0.3294299082,0.3857497195,0.05407363176,0.06195938587
4699,1.0,0.0,0.0,0.0,1.0,1.0,0.3342786374,0.3913898175,0.05505418777,0.06259965897
4700,1.0,0.0,0.0,0.0,1.0,1.0,0.3274914207,0.3743557096,0.05389606953,0.06003963947
4701,1.0,0.0,0.0,0.0,1.0,1.0,0.3300285889,0.383061167,0.05437141657,0.06165826321
4702,1.0,0.0,0.0,0.0,1.0,1.0,0.332581749,0.3869368675,0.0552456975,0.06285607815
4703,1.0,0.0,0.0,0.0,1.0,1.0,0.333998981,0.3857492497,0.05475324392,0.06145775318
4704,1.0,0.0,0.0,0.0,1.0,1.0,0.3328627134,0.3839960842,0.05387729406,0.0605083704
4705,1.0,0.0,0.0,0.0,1.0,1.0,0.3391114825,0.3896426216,0.05527251959,0.06193858385
4706,1.0,0.0,0.0,0.0,1.0,1.0,0.3317147884,0.3835885666,0.0542562604,0.06128430367
4707,1.0,0.0,0.0,0.0,1.0,1.0,0.329126613,0.386309043,0.05304461718,0.0605430603
4708,1.0,0.0,0.0,0.0,1.0,1.0,0.3348736478,0.3845372583,0.05398905277,0.06038981676
4709,1.0,0.0,0.0,0.0,1.0,1.0,0.3351526,0.3849439491,0.0544116497,0.06082940102
4710,1.0,0.0,0.0,0.0,1.0,1.0,0.3406401914,0.3837142462,0.05464845896,0.05964171886
4711,1.0,0.0,0.0,0.0,1.0,1.0,0.3337203596,0.3814124093,0.05356234312,0.05963647366
4712,1.0,0.0,0.0,0.0,1.0,1.0,0.3362930956,0.3867099002,0.05401366949,0.06035196781
4713,1.0,0.0,0.0,0.0,1.0,1.0,0.3493361036,0.4029438724,0.05634123087,0.06293725967
4714,1.0,0.0,0.0,0.0,1.0,1.0,0.3442240105,0.394516512,0.05561900139,0.06195181608
4715,1.0,0.0,0.0,0.0,1.0,1.0,0.3399460267,0.3913896748,0.05534923077,0.06199115515
4716,1.0,0.0,0.0,0.0,1.0,1.0,0.3444023194,0.3913900556,0.05637782812,0.06190508604
4717,1.0,0.0,0.0,0.0,1.0,1.0,0.3487413893,0.3997769421,0.05628550053,0.06260049343
4718,1.0,0.0,0.0,0.0,1.0,1.0,0.352545743,0.4053681455,0.05766010284,0.06400549412
4719,1.0,0.0,0.0,0.0,1.0,1.0,0.3466760115,0.398023623,0.05663692951,0.06271511316
4720,1.0,0.0,0.0,0.0,1.0,1.0,0.3467451852,0.3927629352,0.05624651909,0.0617608428
4721,1.0,0.0,0.0,0.0,1.0,1.0,0.3371198703,0.3902415086,0.05435580015,0.06066989899
4722,1.0,0.0,0.0,0.0,1.0,1.0,0.3418921577,0.3980229367,0.05583786964,0.06274843216
4723,1.0,0.0,0.0,0.0,1.0,1.0,0.3416459983,0.3857491962,0.05526483059,0.06048882008
4724,1.0,0.0,0.0,0.0,1.0,1.0,0.3379590099,0.3831783988,0.05503350496,0.06001144648
4725,1.0,0.0,0.0,0.0,1.0,1.0,0.3444597005,0.3853483196,0.05678486824,0.06126052141
4726,1.0,0.0,0.0,0.0,1.0,1.0,0.3430537985,0.385749751,0.05609095097,0.06108921766
4727,1.0,0.0,0.0,0.0,1.0,1.0,0.3444595535,0.3871077932,0.056219697,0.06092774868
4728,1.0,0.0,0.0,0.0,1.0,1.0,0.3379590861,0.3853481135,0.05525434017,0.06080752611
4729,1.0,0.0,0.0,0.0,1.0,1.0,0.3479284765,0.3884756927,0.05637705326,0.06079882383
4730,1.0,0.0,0.0,0.0,1.0,1.0,0.34569726,0.3859052963,0.05611109734,0.06027776003
4731,1.0,0.0,0.0,0.0,1.0,1.0,0.3442237505,0.3831784836,0.05655050278,0.06074982882
4732,1.0,0.0,0.0,0.0,1.0,1.0,0.3408158177,0.3818290315,0.05603080988,0.06079339981
4733,1.0,0.0,0.0,0.0,1.0,1.0,0.3451064565,0.3839961454,0.05722254515,0.06203830242
4734,1.0,0.0,0.0,0.0,1.0,1.0,0.3464507925,0.3857496601,0.05729144812,0.06178486347
4735,1.0,0.0,0.0,0.0,1.0,1.0,0.3451066739,0.3818288921,0.05624908209,0.06042593718
4736,1.0,0.0,0.0,0.0,1.0,1.0,0.3456972644,0.3783098903,0.05630689859,0.05993062258
4737,1.0,0.0,0.0,0.0,1.0,1.0,0.3508312567,0.3888671981,0.05727005005,0.06173992157
4738,1.0,0.0,0.0,0.0,1.0,1.0,0.3420272585,0.3827652262,0.05541104078,0.06014472246
4739,1.0,0.0,0.0,0.0,1.0,1.0,0.3440421567,0.3774491212,0.05619978905,0.05985277891
4740,1.0,0.0,0.0,0.0,1.0,1.0,0.3523395247,0.388475896,0.057261765,0.06145173311
4741,1.0,0.0,0.0,0.0,1.0,1.0,0.3468850164,0.3849439331,0.05619335175,0.06064432859
4742,1.0,0.0,0.0,0.0,1.0,1.0,0.3482257065,0.3800693708,0.05727976561,0.06064915657
4743,1.0,0.0,0.0,0.0,1.0,1.0,0.3531477708,0.3849440878,0.05754810572,0.06090039015
4744,1.0,0.0,0.0,0.0,1.0,1.0,0.3477816452,0.3814123905,0.05658113956,0.06050258875
4745,1.0,0.0,0.0,0.0,1.0,1.0,0.3524395417,0.3876839393,0.05732488632,0.06125891209
4746,1.0,0.0,0.0,0.0,1.0,1.0,0.3512250342,0.3849436559,0.05725550652,0.06118476391
4747,1.0,0.0,0.0,0.0,1.0,1.0,0.3489840517,0.3845369611,0.05652558804,0.06072300673
4748,1.0,0.0,0.0,0.0,1.0,1.0,0.3486827647,0.3845369786,0.05660098791,0.06080400944
4749,1.0,0.0,0.0,0.0,1.0,1.0,0.3509227081,0.3835883729,0.05707335472,0.06099015474
4750,1.0,0.0,0.0,0.0,1.0,1.0,0.3439859207,0.3769823097,0.05642163754,0.06035149097
4751,1.0,0.0,0.0,0.0,1.0,1.0,0.3348643491,0.3655203543,0.05506289005,0.05845141411
4752,1.0,0.0,0.0,0.0,1.0,1.0,0.3465875857,0.3796464746,0.05649161339,0.0601271987
4753,1.0,0.0,0.0,0.0,1.0,1.0,0.3385619102,0.3743492969,0.05533701181,0.05924975872
4754,1.0,0.0,0.0,0.0,1.0,1.0,0.335429035,0.3695119934,0.05467569828,0.05858111382
4755,1.0,0.0,0.0,0.0,1.0,1.0,0.3342900027,0.3703604549,0.05431520939,0.05821478367
4756,1.0,0.0,0.0,0.0,1.0,1.0,0.3343021834,0.3676517254,0.05408847332,0.05773168802
4757,1.0,0.0,0.0,0.0,1.0,1.0,0.3337236155,0.3721326231,0.05381256342,0.05855256319
4758,1.0,0.0,0.0,0.0,1.0,1.0,0.3239569116,0.3521164782,0.05285459757,0.05566602945
4759,1.0,0.0,0.0,0.0,1.0,1.0,0.305607053,0.3198212725,0.04852330685,0.04965174198
4760,1.0,0.0,0.0,0.0,1.0,1.0,0.2394889697,0.2040846833,0.03641301394,0.03067868948
4761,1.0,0.0,0.0,0.0,1.0,1.0,0.2309984106,0.1721885448,0.03515118361,0.02607995272
4762,1.0,0.0,0.0,0.0,1.0,1.0,0.240015915,0.1343944327,0.03647744656,0.02023357153
4763,1.0,0.0,0.0,0.0,1.0,1.0,0.2427487162,0.1301953922,0.0365614295,0.01942324638
4764,1.0,0.0,0.0,0.0,1.0,1.0,0.2437662558,0.1315053213,0.03685283661,0.01984381676
4765,1.0,0.0,0.0,0.0,1.0,1.0,0.2402411739,0.1282300866,0.03647828102,0.01937907934
4766,1.0,0.0,0.0,0.0,1.0,1.0,0.2416646093,0.1315054727,0.036655128,0.01989036798
4767,1.0,0.0,0.0,0.0,1.0,1.0,0.2442242798,0.1272697901,0.03671693802,0.01920580864
4768,1.0,0.0,0.0,0.0,1.0,1.0,0.243766411,0.1296268702,0.03663438559,0.01944440603
4769,1.0,0.0,0.0,0.0,1.0,1.0,0.2317270887,0.1263447317,0.03470957279,0.01890689135
4770,1.0,0.0,0.0,0.0,1.0,1.0,0.2289224687,0.137982532,0.03493946791,0.02102047205
4771,1.0,0.0,0.0,0.0,1.0,1.0,0.2482275862,0.1291414182,0.03795683384,0.01969188452
4772,1.0,0.0,0.0,0.0,1.0,1.0,0.2362655944,0.1441143951,0.03604131937,0.02202528715
4773,1.0,0.0,0.0,0.0,1.0,1.0,0.240313419,0.1361179763,0.0364946723,0.02065199614
4774,1.0,0.0,0.0,0.0,1.0,1.0,0.2529047688,0.1371413908,0.03840911388,0.02076935768
4775,1.0,0.0,0.0,0.0,1.0,1.0,0.2515027528,0.1384994942,0.03778475523,0.02086621523
4776,1.0,0.0,0.0,0.0,1.0,1.0,0.2556929716,0.1417118055,0.03862327337,0.02142602205
4777,1.0,0.0,0.0,0.0,1.0,1.0,0.2531420834,0.130524038,0.03837108612,0.01989609003
4778,1.0,0.0,0.0,0.0,1.0,1.0,0.2566009467,0.137469484,0.03921997547,0.02103096247
4779,1.0,0.0,0.0,0.0,1.0,1.0,0.2609706856,0.1371413892,0.0386775136,0.02045983076
4780,1.0,0.0,0.0,0.0,1.0,1.0,0.2550561928,0.1371413467,0.03831589222,0.02071893215
4781,1.0,0.0,0.0,0.0,1.0,1.0,0.2639675774,0.1343945996,0.03922820091,0.02018260956
4782,1.0,0.0,0.0,0.0,1.0,1.0,0.2562188703,0.1408987974,0.03864067793,0.02130919695
4783,1.0,0.0,0.0,0.0,1.0,1.0,0.2564606905,0.1398474676,0.03881931305,0.02140772343
4784,1.0,0.0,0.0,0.0,1.0,1.0,0.2645026161,0.1417118015,0.03945529461,0.02141857147
4785,1.0,0.0,0.0,0.0,1.0,1.0,0.257799867,0.1401430593,0.03912258148,0.02154576778
4786,1.0,0.0,0.0,0.0,1.0,1.0,0.2630110999,0.145675249,0.03956544399,0.022326231
4787,1.0,0.0,0.0,0.0,1.0,1.0,0.270938824,0.1462147175,0.03984081745,0.02200996876
4788,1.0,0.0,0.0,0.0,1.0,1.0,0.2795771498,0.1430426493,0.04159027338,0.02178537846
4789,1.0,0.0,0.0,0.0,1.0,1.0,0.278204826,0.1459860558,0.04106330872,0.02193796635
4790,1.0,0.0,0.0,0.0,1.0,1.0,0.2719697873,0.1459858301,0.04020059109,0.02192759514
4791,1.0,0.0,0.0,0.0,1.0,1.0,0.2773571783,0.1478575972,0.04074209929,0.02219742537
4792,1.0,0.0,0.0,0.0,1.0,1.0,0.2667719116,0.1435763148,0.03977543116,0.02187645435
4793,1.0,0.0,0.0,0.0,1.0,1.0,0.2730923293,0.1454412666,0.04067140818,0.02203035355
4794,1.0,0.0,0.0,0.0,1.0,1.0,0.2711960754,0.1417116851,0.04023724794,0.02138477564
4795,1.0,0.0,0.0,0.0,1.0,1.0,0.279577543,0.1510350646,0.04099869728,0.02259111404
4796,1.0,0.0,0.0,0.0,1.0,1.0,0.2714533674,0.1510348902,0.04054248333,0.02296459675
4797,1.0,0.0,0.0,0.0,1.0,1.0,0.2684213371,0.1572155933,0.03966104984,0.02362787724
4798,1.0,0.0,0.0,0.0,1.0,1.0,0.2671493844,0.1628720497,0.03965461254,0.024748981
4799,1.0,0.0,0.0,0.0,1.0,1.0,0.2882639765,0.1585830496,0.04288768768,0.02426540852
4800,1.0,0.0,0.0,0.0,1.0,1.0,0.2619356449,0.1708135352,0.04002183676,0.02668118477
4801,1.0,0.0,0.0,0.0,1.0,1.0,0.2701194903,0.1762650821,0.04146116972,0.02773606777
4802,1.0,0.0,0.0,0.0,1.0,1.0,0.2743566172,0.177437145,0.04140812159,0.02760541439
4803,1.0,0.0,0.0,0.0,1.0,1.0,0.2836759894,0.1792479757,0.04327690601,0.02837365866
4804,1.0,0.0,0.0,0.0,1.0,1.0,0.2906111275,0.1846795423,0.04334145784,0.02833867073
4805,1.0,0.0,0.0,0.0,1.0,1.0,0.296269681,0.1822086571,0.04403626919,0.02814978361
4806,1.0,0.0,0.0,0.0,1.0,1.0,0.2892875979,0.193033096,0.04284459352,0.0295765996
4807,1.0,0.0,0.0,0.0,1.0,1.0,0.2860890526,0.1869462417,0.04282611609,0.02911061049
4808,1.0,0.0,0.0,0.0,1.0,1.0,0.3161111698,0.2053399767,0.04634416103,0.03135865927
4809,1.0,0.0,0.0,0.0,1.0,1.0,0.305892756,0.2057675626,0.04618680477,0.03253412247
4810,1.0,0.0,0.0,0.0,1.0,1.0,0.3030937257,0.2080620766,0.04468220472,0.0316734314
4811,1.0,0.0,0.0,0.0,1.0,1.0,0.2942908568,0.2065269301,0.04412579536,0.03209149837
4812,1.0,0.0,0.0,0.0,1.0,1.0,0.3005985053,0.2146947451,0.04548305273,0.03360527754
4813,1.0,0.0,0.0,0.0,1.0,1.0,0.2953547311,0.2194347516,0.04488682747,0.03446149826
4814,1.0,0.0,0.0,0.0,1.0,1.0,0.2997371786,0.22681087,0.04540842772,0.03557479382
4815,1.0,0.0,0.0,0.0,1.0,1.0,0.2771483224,0.2194345755,0.04241150618,0.03456825018
4816,1.0,0.0,0.0,0.0,1.0,1.0,0.2708409048,0.2183966442,0.04168754816,0.03464180231
4817,1.0,0.0,0.0,0.0,1.0,1.0,0.2519920939,0.2125679758,0.03901964426,0.03344541788
4818,1.0,0.0,0.0,0.0,1.0,1.0,0.2108048765,0.2054409518,0.03214919567,0.03186219931
4819,1.0,0.0,0.0,0.0,1.0,1.0,0.1858998736,0.1955429938,0.02890396118,0.03090721369
4820,1.0,0.0,0.0,0.0,1.0,1.0,0.2028873761,0.2378808108,0.03218328953,0.03889983892
4821,1.0,0.0,0.0,0.0,1.0,1.0,0.2766909137,0.3380950964,0.0457906723,0.05689150095
4822,1.0,0.0,0.0,0.0,1.0,1.0,0.309826958,0.3735618813,0.05035686493,0.06172776222
4823,1.0,0.0,0.0,0.0,1.0,1.0,0.3052484506,0.3674420368,0.05062633753,0.06124150753
4824,1.0,0.0,0.0,0.0,1.0,1.0,0.3010465566,0.3594764938,0.05002981424,0.05998194218
4825,1.0,0.0,0.0,0.0,1.0,1.0,0.3013802045,0.3613618235,0.05011248589,0.0601350069
4826,1.0,0.0,0.0,0.0,1.0,1.0,0.3016260918,0.3656899181,0.04975378513,0.059435606
4827,1.0,0.0,0.0,0.0,1.0,1.0,0.3115566389,0.3743731592,0.05099904537,0.06012529135
4828,1.0,0.0,0.0,0.0,1.0,1.0,0.3129398213,0.3643449004,0.05157411098,0.05886471272
4829,1.0,0.0,0.0,0.0,1.0,1.0,0.3100309357,0.3617508966,0.05189877748,0.05872756243
4830,1.0,0.0,0.0,0.0,1.0,1.0,0.3145785229,0.3516553147,0.05272418261,0.05739241838
4831,1.0,0.0,0.0,0.0,1.0,1.0,0.3169161536,0.3586434569,0.05209350586,0.05724865198
4832,1.0,0.0,0.0,0.0,1.0,1.0,0.3113420563,0.345697582,0.05113834143,0.05494660139
4833,1.0,0.0,0.0,0.0,1.0,1.0,0.3150866988,0.3480816196,0.0516179204,0.05516839027
4834,1.0,0.0,0.0,0.0,1.0,1.0,0.3187589635,0.3486026858,0.05161714554,0.05457437038
4835,1.0,0.0,0.0,0.0,1.0,1.0,0.3237395666,0.3566974821,0.05309617519,0.05636364222
4836,1.0,0.0,0.0,0.0,1.0,1.0,0.3187586632,0.352036912,0.05226153135,0.0558000803
4837,1.0,0.0,0.0,0.0,1.0,1.0,0.311274079,0.3250777767,0.05053156614,0.05135095119
4838,1.0,0.0,0.0,0.0,1.0,1.0,0.3126931432,0.3268072368,0.05103999376,0.05186325312
4839,1.0,0.0,0.0,0.0,1.0,1.0,0.3152601067,0.3256801874,0.05157721043,0.05185157061
4840,1.0,0.0,0.0,0.0,1.0,1.0,0.31258945,0.3239571223,0.05068022013,0.05150210857
4841,1.0,0.0,0.0,0.0,1.0,1.0,0.3156129964,0.3296769874,0.05099278688,0.05208945274
4842,1.0,0.0,0.0,0.0,1.0,1.0,0.3166883629,0.3308255514,0.05121135712,0.05231267214
4843,1.0,0.0,0.0,0.0,1.0,1.0,0.3207035296,0.3407189198,0.05164396763,0.05328351259
4844,1.0,0.0,0.0,0.0,1.0,1.0,0.3179273795,0.3407186205,0.05206567049,0.05400425196
4845,1.0,0.0,0.0,0.0,1.0,1.0,0.31961844,0.3383527788,0.051843822,0.05348968506
4846,1.0,0.0,0.0,0.0,1.0,1.0,0.3297653272,0.3482375442,0.05383872986,0.05521917343
4847,1.0,0.0,0.0,0.0,1.0,1.0,0.3230009459,0.3395313263,0.05235272646,0.05344903469
4848,1.0,0.0,0.0,0.0,1.0,1.0,0.319686617,0.3348823494,0.05197733641,0.05279803276
4849,1.0,0.0,0.0,0.0,1.0,1.0,0.321369135,0.3383527822,0.05251699686,0.05361688137
4850,1.0,0.0,0.0,0.0,1.0,1.0,0.3127960845,0.3418230421,0.05094867945,0.05367320776
4851,1.0,0.0,0.0,0.0,1.0,1.0,0.3176263445,0.3377424713,0.0523160696,0.05368560553
4852,1.0,0.0,0.0,0.0,1.0,1.0,0.3250895431,0.3510151725,0.05334860086,0.05553728342
4853,1.0,0.0,0.0,0.0,1.0,1.0,0.3175483056,0.3459606916,0.05190014839,0.05408543348
4854,1.0,0.0,0.0,0.0,1.0,1.0,0.3160487254,0.3440987723,0.05200940371,0.05418783426
4855,1.0,0.0,0.0,0.0,1.0,1.0,0.3132581431,0.3435580136,0.05133962631,0.05378431082
4856,1.0,0.0,0.0,0.0,1.0,1.0,0.319289238,0.3440983167,0.05262702703,0.05454570055
4857,1.0,0.0,0.0,0.0,1.0,1.0,0.3215451967,0.3394656554,0.05413508415,0.05497223139
4858,1.0,0.0,0.0,0.0,1.0,1.0,0.3242338706,0.3510147497,0.05309027433,0.05555313826
4859,1.0,0.0,0.0,0.0,1.0,1.0,0.3212194621,0.3475567757,0.05215519667,0.05431705713
4860,1.0,0.0,0.0,0.0,1.0,1.0,0.3284238597,0.3544733255,0.0538366437,0.05602288246
4861,1.0,0.0,0.0,0.0,1.0,1.0,0.3259050877,0.3552024945,0.05370175838,0.05618029833
4862,1.0,0.0,0.0,0.0,1.0,1.0,0.3227279082,0.3442132198,0.05283951759,0.05449932814
4863,1.0,0.0,0.0,0.0,1.0,1.0,0.3261427585,0.3435580718,0.05323976278,0.05433744192
4864,1.0,0.0,0.0,0.0,1.0,1.0,0.3227276802,0.3407188312,0.05278635025,0.0538918376
4865,1.0,0.0,0.0,0.0,1.0,1.0,0.3171226967,0.3372241858,0.05205440521,0.05343878269
4866,1.0,0.0,0.0,0.0,1.0,1.0,0.3213095911,0.3424660794,0.05238515139,0.0540394187
4867,1.0,0.0,0.0,0.0,1.0,1.0,0.3177370394,0.3366176338,0.05231463909,0.05369859934
4868,1.0,0.0,0.0,0.0,1.0,1.0,0.3157019221,0.3389715732,0.05124902725,0.05316746235
4869,1.0,0.0,0.0,0.0,1.0,1.0,0.320766866,0.3389716061,0.05266052485,0.05376917124
4870,1.0,0.0,0.0,0.0,1.0,1.0,0.3202258291,0.3424660445,0.05308157206,0.05475783348
4871,1.0,0.0,0.0,0.0,1.0,1.0,0.3238697899,0.3412727034,0.0532104969,0.05431902409
4872,1.0,0.0,0.0,0.0,1.0,1.0,0.3159689457,0.336048943,0.0519105792,0.05357611179
4873,1.0,0.0,0.0,0.0,1.0,1.0,0.3154358758,0.3377904535,0.05225390196,0.05420988798
4874,1.0,0.0,0.0,0.0,1.0,1.0,0.3311759995,0.3536754612,0.05444866419,0.05583763123
4875,1.0,0.0,0.0,0.0,1.0,1.0,0.3297651217,0.3506812795,0.0544282198,0.05582380295
4876,1.0,0.0,0.0,0.0,1.0,1.0,0.3286070518,0.3519162669,0.05351364613,0.05545455217
4877,1.0,0.0,0.0,0.0,1.0,1.0,0.3229489311,0.3496279615,0.05281847715,0.05504238605
4878,1.0,0.0,0.0,0.0,1.0,1.0,0.3274912816,0.3501566121,0.05387026072,0.05554497242
4879,1.0,0.0,0.0,0.0,1.0,1.0,0.3268722598,0.34433071,0.0535261631,0.05464714766
4880,1.0,0.0,0.0,0.0,1.0,1.0,0.3339904665,0.359938714,0.05497908592,0.05720049143
4881,1.0,0.0,0.0,0.0,1.0,1.0,0.3277966294,0.3564441589,0.05384349823,0.05661892891
4882,1.0,0.0,0.0,0.0,1.0,1.0,0.3317295505,0.3519159463,0.05452179909,0.05591976643
4883,1.0,0.0,0.0,0.0,1.0,1.0,0.3289301201,0.3494551322,0.05468761921,0.05608987808
4884,1.0,0.0,0.0,0.0,1.0,1.0,0.3181202164,0.3395989933,0.0522326827,0.0539085865
4885,1.0,0.0,0.0,0.0,1.0,1.0,0.3224005867,0.3431180261,0.05281120539,0.05420094728
4886,1.0,0.0,0.0,0.0,1.0,1.0,0.2998325426,0.3054833246,0.04800361395,0.04772776365
4887,1.0,0.0,0.0,0.0,1.0,1.0,0.2355828546,0.1901111338,0.03711760044,0.0295253396
4888,1.0,0.0,0.0,0.0,1.0,1.0,0.2196972237,0.1635118248,0.03486204147,0.02543216944
4889,1.0,0.0,0.0,0.0,1.0,1.0,0.2441515401,0.2126086611,0.03878611326,0.03264737129
4890,1.0,0.0,0.0,0.0,1.0,1.0,0.2528708952,0.2400094453,0.04100632668,0.03737992048
4891,1.0,0.0,0.0,0.0,1.0,1.0,0.2765859271,0.2692158069,0.04499930143,0.0422385931
4892,1.0,0.0,0.0,0.0,1.0,1.0,0.2807797098,0.2797735334,0.04591602087,0.04345625639
4893,1.0,0.0,0.0,0.0,1.0,1.0,0.2896206081,0.2822983397,0.04865735769,0.04528224468
4894,1.0,0.0,0.0,0.0,1.0,1.0,0.2976707208,0.3012254613,0.04871743917,0.04708445072
4895,1.0,0.0,0.0,0.0,1.0,1.0,0.2990066191,0.299832487,0.04972958565,0.04780632257
4896,1.0,0.0,0.0,0.0,1.0,1.0,0.3057501018,0.3067254585,0.05083823204,0.04865169525
4897,1.0,0.0,0.0,0.0,1.0,1.0,0.2980213909,0.3053853175,0.04967164993,0.04829955101
4898,1.0,0.0,0.0,0.0,1.0,1.0,0.3014708674,0.2953677072,0.05064165592,0.04733896255
4899,1.0,0.0,0.0,0.0,1.0,1.0,0.3036072133,0.2991410476,0.05063569546,0.04735124111
4900,1.0,0.0,0.0,0.0,1.0,1.0,0.304106383,0.2998328668,0.05087584257,0.04785084724
4901,1.0,0.0,0.0,0.0,1.0,1.0,0.3039627578,0.2984444206,0.05097341537,0.04764902592
4902,1.0,0.0,0.0,0.0,1.0,1.0,0.3008188734,0.2932389849,0.05039077997,0.04653573036
4903,1.0,0.0,0.0,0.0,1.0,1.0,0.3089185397,0.3019147626,0.0512458086,0.04768323898
4904,1.0,0.0,0.0,0.0,1.0,1.0,0.3095469706,0.3140608008,0.05224454403,0.05029928684
4905,1.0,0.0,0.0,0.0,1.0,1.0,0.3141568675,0.3217382517,0.05357563496,0.0521876812
4906,1.0,0.0,0.0,0.0,1.0,1.0,0.3095047072,0.3234493776,0.05368494987,0.0528460741
4907,1.0,0.0,0.0,0.0,1.0,1.0,0.3209522211,0.346637396,0.05473273993,0.05586707592
4908,1.0,0.0,0.0,0.0,1.0,1.0,0.3033131763,0.3331469695,0.0535017252,0.05554819107
4909,1.0,0.0,0.0,0.0,1.0,1.0,0.3076485761,0.338407653,0.05428504944,0.05663251877
4910,1.0,0.0,0.0,0.0,1.0,1.0,0.306120543,0.3360494286,0.05450838804,0.05686551332
4911,1.0,0.0,0.0,0.0,1.0,1.0,0.3046874708,0.3390965662,0.05581218004,0.05826550722
4912,1.0,0.0,0.0,0.0,1.0,1.0,0.3038168217,0.3471745872,0.05626046658,0.06087201834
4913,1.0,0.0,0.0,0.0,1.0,1.0,0.3063865602,0.3360492559,0.05728304386,0.05912095308
4914,1.0,0.0,0.0,0.0,1.0,1.0,0.3004964019,0.3384634914,0.0558732748,0.05896025896
4915,1.0,0.0,0.0,0.0,1.0,1.0,0.2961310477,0.339667852,0.05483490229,0.05950826406
4916,1.0,0.0,0.0,0.0,1.0,1.0,0.287510868,0.3307244422,0.05172473192,0.05603510141
4917,1.0,0.0,0.0,0.0,1.0,1.0,0.2799122791,0.3222836491,0.05157518387,0.05632138252
4918,1.0,0.0,0.0,0.0,1.0,1.0,0.279076178,0.3118695455,0.04954320192,0.05294930935
4919,1.0,0.0,0.0,0.0,1.0,1.0,0.272575169,0.3090865447,0.04882353544,0.05226618052
4920,1.0,0.0,0.0,0.0,1.0,1.0,0.2661744948,0.3031395205,0.04743295908,0.05049312115
4921,1.0,0.0,0.0,0.0,1.0,1.0,0.2619227357,0.2921161955,0.04698640108,0.0491502285
4922,1.0,0.0,0.0,0.0,1.0,1.0,0.2588604975,0.2980154269,0.04616576433,0.05014032125
4923,1.0,0.0,0.0,0.0,1.0,1.0,0.2576415966,0.2939537237,0.04572844505,0.04910439253
4924,1.0,0.0,0.0,0.0,1.0,1.0,0.263192084,0.3136933035,0.04672944546,0.05253243446
4925,1.0,0.0,0.0,0.0,1.0,1.0,0.2619226956,0.2954554349,0.0464438796,0.04949939251
4926,1.0,0.0,0.0,0.0,1.0,1.0,0.2546570923,0.2987260453,0.04477673769,0.04968374968
4927,1.0,0.0,0.0,0.0,1.0,1.0,0.2570966772,0.2865783945,0.04619157314,0.04894471169
4928,1.0,0.0,0.0,0.0,1.0,1.0,0.2576956905,0.2837243595,0.04540145397,0.04754883051
4929,1.0,0.0,0.0,0.0,1.0,1.0,0.2590494841,0.2818936455,0.04558891058,0.0474371314
4930,1.0,0.0,0.0,0.0,1.0,1.0,0.2572993592,0.2790414021,0.04512125254,0.04696297646
4931,1.0,0.0,0.0,0.0,1.0,1.0,0.2498602381,0.2737443127,0.044241786,0.04642277956
4932,1.0,0.0,0.0,0.0,1.0,1.0,0.2494245798,0.2806402788,0.04387366772,0.04755532742
4933,1.0,0.0,0.0,0.0,1.0,1.0,0.2459082873,0.2662745,0.04283040762,0.04466599226
4934,1.0,0.0,0.0,0.0,1.0,1.0,0.2481132818,0.2544033351,0.04337090254,0.04276001453
4935,1.0,0.0,0.0,0.0,1.0,1.0,0.2529557839,0.26725004,0.04351502657,0.04442799091
4936,1.0,0.0,0.0,0.0,1.0,1.0,0.2441114136,0.2589793136,0.04220300913,0.04342627525
4937,1.0,0.0,0.0,0.0,1.0,1.0,0.2463657677,0.2507624649,0.04253911972,0.0419357419
4938,1.0,0.0,0.0,0.0,1.0,1.0,0.2414875057,0.2552924643,0.04195535183,0.04318040609
4939,1.0,0.0,0.0,0.0,1.0,1.0,0.2429198396,0.2534555919,0.042073071,0.04237359762
4940,1.0,0.0,0.0,0.0,1.0,1.0,0.2381278005,0.2525469152,0.04136258364,0.04257023335
4941,1.0,0.0,0.0,0.0,1.0,1.0,0.2416041345,0.2552146197,0.04210621119,0.04331791401
4942,1.0,0.0,0.0,0.0,1.0,1.0,0.2377143086,0.2588481233,0.04252290726,0.04469561577
4943,1.0,0.0,0.0,0.0,1.0,1.0,0.2260222791,0.2434537815,0.0396720171,0.04122167826
4944,1.0,0.0,0.0,0.0,1.0,1.0,0.2248307528,0.2353758186,0.03881788254,0.0394243598
4945,1.0,0.0,0.0,0.0,1.0,1.0,0.2261512619,0.2051091764,0.03799492121,0.03370511532
4946,1.0,0.0,0.0,0.0,1.0,1.0,0.2244359671,0.2139091936,0.03935837746,0.0365909934
4947,1.0,0.0,0.0,0.0,1.0,1.0,0.2334977022,0.214425875,0.0404304862,0.03614246845
4948,1.0,0.0,0.0,0.0,1.0,1.0,0.2274715615,0.1867090546,0.03867805004,0.03106427193
4949,1.0,0.0,0.0,0.0,1.0,1.0,0.224473433,0.1878514754,0.03852689266,0.03149425983
4950,1.0,0.0,0.0,0.0,1.0,1.0,0.2288525422,0.2042653181,0.0397464633,0.03477811813
4951,1.0,0.0,0.0,0.0,1.0,1.0,0.2224904039,0.1909647136,0.03865855932,0.03282910585
4952,1.0,0.0,0.0,0.0,1.0,1.0,0.2203069879,0.1908023249,0.03782439232,0.03228908777
4953,1.0,0.0,0.0,0.0,1.0,1.0,0.2231058737,0.1825548697,0.03770464659,0.03034764528
4954,1.0,0.0,0.0,0.0,1.0,1.0,0.2220982765,0.178866891,0.03815925121,0.03033971786
4955,1.0,0.0,0.0,0.0,1.0,1.0,0.2229102717,0.1653349657,0.03888356686,0.02836585045
4956,1.0,0.0,0.0,0.0,1.0,1.0,0.2157466515,0.1497292361,0.03714430332,0.02539783716
4957,1.0,0.0,0.0,0.0,1.0,1.0,0.2116682049,0.1328843375,0.03666836023,0.02263867855
4958,1.0,0.0,0.0,0.0,1.0,1.0,0.2061461117,0.1277481844,0.03548288345,0.02154320478
4959,1.0,0.0,0.0,0.0,1.0,1.0,0.2046826539,0.1170348037,0.03521311283,0.01998579502
4960,1.0,0.0,0.0,0.0,1.0,1.0,0.2047729172,0.1192516437,0.03494024277,0.02019482851
4961,1.0,0.0,0.0,0.0,1.0,1.0,0.2067811031,0.1254123186,0.03479588032,0.02094191313
4962,1.0,0.0,0.0,0.0,1.0,1.0,0.1968308164,0.1119066129,0.03326165676,0.01872986555
4963,1.0,0.0,0.0,0.0,1.0,1.0,0.1964220776,0.1084665386,0.03235548735,0.01776379347
4964,1.0,0.0,0.0,0.0,1.0,1.0,0.1933787028,0.1091342739,0.03202134371,0.01807141304
4965,1.0,0.0,0.0,0.0,1.0,1.0,0.1929427055,0.102655754,0.03230512142,0.01712167263
4966,1.0,0.0,0.0,0.0,1.0,1.0,0.1915438279,0.09536658515,0.03194946051,0.01581656933
4967,1.0,0.0,0.0,0.0,1.0,1.0,0.1934405466,0.09880417175,0.03173357248,0.01617789268
4968,1.0,0.0,0.0,0.0,1.0,1.0,0.1924159762,0.09994417999,0.03249961138,0.01672309637
4969,1.0,0.0,0.0,0.0,1.0,1.0,0.1912628757,0.09617275247,0.03198730946,0.01599365473
4970,1.0,0.0,0.0,0.0,1.0,1.0,0.1855025897,0.07850040715,0.03131449223,0.01310098171
4971,1.0,0.0,0.0,0.0,1.0,1.0,0.1858542729,0.08170349333,0.03140836954,0.01378124952
4972,1.0,0.0,0.0,0.0,1.0,1.0,0.1855023839,0.0915519525,0.03133380413,0.01534718275
4973,1.0,0.0,0.0,0.0,1.0,1.0,0.1888257798,0.0953665288,0.03172278404,0.01602160931
4974,1.0,0.0,0.0,0.0,1.0,1.0,0.1870412964,0.09727395332,0.03215438128,0.0165643692
4975,1.0,0.0,0.0,0.0,1.0,1.0,0.1836093272,0.09536690303,0.03076738119,0.01585954428
4976,1.0,0.0,0.0,0.0,1.0,1.0,0.1904596588,0.1010886037,0.03220951557,0.01690202951
4977,1.0,0.0,0.0,0.0,1.0,1.0,0.1873955052,0.101866269,0.03150302172,0.01686525345
4978,1.0,0.0,0.0,0.0,1.0,1.0,0.1878648129,0.1159046512,0.03191566467,0.01946854591
4979,1.0,0.0,0.0,0.0,1.0,1.0,0.1719267514,0.1104032801,0.0291749239,0.01827436686
4980,1.0,0.0,0.0,0.0,1.0,1.0,0.1684450953,0.114878497,0.02888000011,0.01925337315
4981,1.0,0.0,0.0,0.0,1.0,1.0,0.1788078968,0.1072197404,0.02986454964,0.01760435104
4982,1.0,0.0,0.0,0.0,1.0,1.0,0.178866789,0.123065518,0.03069889545,0.02088791132
4983,1.0,0.0,0.0,0.0,1.0,1.0,0.1818871195,0.1211446534,0.03038740158,0.02004945278
4984,1.0,0.0,0.0,0.0,1.0,1.0,0.1852895729,0.1206872037,0.0313821435,0.02028745413
4985,1.0,0.0,0.0,0.0,1.0,1.0,0.189232626,0.1384991947,0.03246200085,0.02332216501
4986,1.0,0.0,0.0,0.0,1.0,1.0,0.188885295,0.1384993664,0.0323099494,0.0232129693
4987,1.0,0.0,0.0,0.0,1.0,1.0,0.1916990275,0.1296267693,0.03233236074,0.02165955305
4988,1.0,0.0,0.0,0.0,1.0,1.0,0.196581419,0.1188927417,0.0326410532,0.01952362061
4989,1.0,0.0,0.0,0.0,1.0,1.0,0.1910699766,0.1179115304,0.03207033873,0.01942718029
4990,1.0,0.0,0.0,0.0,1.0,1.0,0.191574787,0.1235475525,0.03297650814,0.02084368467
4991,1.0,0.0,0.0,0.0,1.0,1.0,0.2024188157,0.1332587478,0.0350086689,0.02250552177
4992,1.0,0.0,0.0,0.0,1.0,1.0,0.2113515267,0.1313136485,0.03632545471,0.02216470242
4993,1.0,0.0,0.0,0.0,1.0,1.0,0.21138465,0.1584023923,0.03455287218,0.02546006441
4994,1.0,0.0,0.0,0.0,1.0,1.0,0.2128440093,0.151600715,0.03567564487,0.02512806654
4995,1.0,0.0,0.0,0.0,1.0,1.0,0.2179930457,0.1628305244,0.03587347269,0.02644908428
4996,1.0,0.0,0.0,0.0,1.0,1.0,0.2206796923,0.169681363,0.03684860468,0.02771258354
4997,1.0,0.0,0.0,0.0,1.0,1.0,0.2265646562,0.186463104,0.03815281391,0.03076839447
4998,1.0,0.0,0.0,0.0,1.0,1.0,0.2182268131,0.1834181741,0.03603047132,0.02967214584
4999,1.0,0.0,0.0,0.0,1.0,1.0,0.2137746208,0.1752753839,0.03621017933,0.02909195423
5000,1.0,0.0,0.0,0.0,1.0,1.0,0.2323426249,0.1852896559,0.04099184275,0.03220784664
5001,1.0,0.0,0.0,0.0,1.0,1.0,0.2369048626,0.1845983222,0.04020017385,0.03109228611
5002,1.0,0.0,0.0,0.0,1.0,1.0,0.2368078584,0.1653353675,0.04022526741,0.0281894207
5003,1.0,0.0,0.0,0.0,1.0,1.0,0.2397894739,0.1609589974,0.04043513536,0.02781939507
5004,1.0,0.0,0.0,0.0,1.0,1.0,0.2396430521,0.1708137631,0.04043036699,0.02946090698
5005,1.0,0.0,0.0,0.0,1.0,1.0,0.2386728714,0.1610822913,0.04013383389,0.02759200335
5006,1.0,0.0,0.0,0.0,1.0,1.0,0.2417854025,0.1835338922,0.04034900665,0.0311087966
5007,1.0,0.0,0.0,0.0,1.0,1.0,0.2434064899,0.1853509509,0.04112160206,0.03177577257
5008,1.0,0.0,0.0,0.0,1.0,1.0,0.2466391844,0.1901109605,0.04125761986,0.03232872486
5009,1.0,0.0,0.0,0.0,1.0,1.0,0.2349466735,0.1823800896,0.03935950994,0.03074967861
5010,1.0,0.0,0.0,0.0,1.0,1.0,0.2480097657,0.2020929147,0.04125809669,0.03386855125
5011,1.0,0.0,0.0,0.0,1.0,1.0,0.2446844058,0.2043470266,0.04054826498,0.03431010246
5012,1.0,0.0,0.0,0.0,1.0,1.0,0.2467759108,0.1880867984,0.04006737471,0.03143745661
5013,1.0,0.0,0.0,0.0,1.0,1.0,0.2541933338,0.2168598892,0.04006272554,0.03490310907
5014,1.0,0.0,0.0,0.0,1.0,1.0,0.2533796339,0.2009949986,0.04039490223,0.03261518478
5015,1.0,0.0,0.0,0.0,1.0,1.0,0.2496261236,0.1987942829,0.03987085819,0.03267610073
5016,1.0,0.0,0.0,0.0,1.0,1.0,0.2633599216,0.2035899883,0.04168498516,0.03298813105
5017,1.0,0.0,0.0,0.0,1.0,1.0,0.2573748394,0.1955429556,0.04172641039,0.0328938365
5018,1.0,0.0,0.0,0.0,1.0,1.0,0.2591145387,0.2077691421,0.04381901026,0.03630715609
5019,1.0,0.0,0.0,0.0,1.0,1.0,0.2682327124,0.2329658936,0.04415094852,0.03961485624
5020,1.0,0.0,0.0,0.0,1.0,1.0,0.275958393,0.2374560962,0.04678857327,0.0412478447
5021,1.0,0.0,0.0,0.0,1.0,1.0,0.2839325738,0.2397928789,0.04634416103,0.04047387838
5022,1.0,0.0,0.0,0.0,1.0,1.0,0.2904359613,0.2415627514,0.045535326,0.03898781538
5023,1.0,0.0,0.0,0.0,1.0,1.0,0.2964122888,0.2452160478,0.04545795918,0.03846442699
5024,1.0,0.0,0.0,0.0,1.0,1.0,0.3022886535,0.2608835671,0.04651683569,0.04128366709
5025,1.0,0.0,0.0,0.0,1.0,1.0,0.2981126231,0.2424018435,0.045317173,0.03776431084
5026,1.0,0.0,0.0,0.0,1.0,1.0,0.3041779469,0.2600021875,0.04707980156,0.04123133421
5027,1.0,0.0,0.0,0.0,1.0,1.0,0.3037242851,0.2692221667,0.04733228683,0.04319065809
5028,1.0,0.0,0.0,0.0,1.0,1.0,0.3149185198,0.2692223722,0.04884654284,0.04270416498
5029,1.0,0.0,0.0,0.0,1.0,1.0,0.3075205224,0.2545049332,0.04608660936,0.03897452354
5030,1.0,0.0,0.0,0.0,1.0,1.0,0.3192922578,0.2710663346,0.04961234331,0.04315394163
5031,1.0,0.0,0.0,0.0,1.0,1.0,0.3196707234,0.2720705361,0.04872995615,0.042137146
5032,1.0,0.0,0.0,0.0,1.0,1.0,0.3265407941,0.267250264,0.0503641963,0.04250395298
5033,1.0,0.0,0.0,0.0,1.0,1.0,0.325527114,0.274040312,0.05119866133,0.04400783777
5034,1.0,0.0,0.0,0.0,1.0,1.0,0.3221645818,0.2819854291,0.0517001152,0.04641258717
5035,1.0,0.0,0.0,0.0,1.0,1.0,0.327685768,0.2827603484,0.05232429504,0.04621982574
5036,1.0,0.0,0.0,0.0,1.0,1.0,0.33163719,0.2952089602,0.05311089754,0.04817712307
5037,1.0,0.0,0.0,0.0,1.0,1.0,0.3340499366,0.2969875037,0.05482935905,0.04949468374
5038,1.0,0.0,0.0,0.0,1.0,1.0,0.3361757768,0.2901605394,0.05420726538,0.04746800661
5039,1.0,0.0,0.0,0.0,1.0,1.0,0.3310368518,0.3051868448,0.05416601896,0.05061417818
5040,1.0,0.0,0.0,0.0,1.0,1.0,0.3334459813,0.3023224416,0.05607658625,0.05125284195
5041,1.0,0.0,0.0,0.0,1.0,1.0,0.33043897,0.2991161226,0.05582922697,0.05094796419
5042,1.0,0.0,0.0,0.0,1.0,1.0,0.3280949553,0.3101104578,0.05509227514,0.05239754915
5043,1.0,0.0,0.0,0.0,1.0,1.0,0.3358266085,0.31607794,0.05631536245,0.05361944437
5044,1.0,0.0,0.0,0.0,1.0,1.0,0.3358413887,0.3165489889,0.05540597439,0.05273932219
5045,1.0,0.0,0.0,0.0,1.0,1.0,0.3382727271,0.3118828435,0.05528700352,0.05203485489
5046,1.0,0.0,0.0,0.0,1.0,1.0,0.3316371113,0.3012501552,0.05387949944,0.05005198717
5047,1.0,0.0,0.0,0.0,1.0,1.0,0.3286084434,0.289591253,0.05301940441,0.04803973436
5048,1.0,0.0,0.0,0.0,1.0,1.0,0.3410072922,0.3054831319,0.05606901646,0.05159544945
5049,1.0,0.0,0.0,0.0,1.0,1.0,0.3319382205,0.3001857904,0.05376279354,0.04994356632
5050,1.0,0.0,0.0,0.0,1.0,1.0,0.3325416012,0.3005438626,0.05337882042,0.049295187
5051,1.0,0.0,0.0,0.0,1.0,1.0,0.3340552574,0.3118827211,0.0534722805,0.05114740133
5052,1.0,0.0,0.0,0.0,1.0,1.0,0.3364818459,0.3123255962,0.05395191908,0.05103558302
5053,1.0,0.0,0.0,0.0,1.0,1.0,0.3328440767,0.3141105424,0.05266350508,0.0506491065
5054,1.0,0.0,0.0,0.0,1.0,1.0,0.325865658,0.3163702236,0.05253392458,0.05165344477
5055,1.0,0.0,0.0,0.0,1.0,1.0,0.3316370311,0.3141104194,0.05255043507,0.05054032803
5056,1.0,0.0,0.0,0.0,1.0,1.0,0.3247740771,0.3242870839,0.0525432229,0.05312377214
5057,1.0,0.0,0.0,0.0,1.0,1.0,0.3301404413,0.3218844002,0.05368465185,0.05309796333
5058,1.0,0.0,0.0,0.0,1.0,1.0,0.3204733068,0.3145723371,0.05183899403,0.05125319958
5059,1.0,0.0,0.0,0.0,1.0,1.0,0.3229241601,0.3217629296,0.05153936148,0.05153942108
5060,1.0,0.0,0.0,0.0,1.0,1.0,0.3200359745,0.3272195949,0.05232554674,0.05378717184
5061,1.0,0.0,0.0,0.0,1.0,1.0,0.3179636443,0.3105408504,0.05099982023,0.04985374212
5062,1.0,0.0,0.0,0.0,1.0,1.0,0.305753196,0.3047944854,0.04985135794,0.04956322908
5063,1.0,0.0,0.0,0.0,1.0,1.0,0.3062948701,0.3236623024,0.04984748363,0.05244064331
5064,1.0,0.0,0.0,0.0,1.0,1.0,0.2977060705,0.2980478604,0.04777514935,0.04749077559
5065,1.0,0.0,0.0,0.0,1.0,1.0,0.2959338453,0.2969873662,0.0484893322,0.0484893918
5066,1.0,0.0,0.0,0.0,1.0,1.0,0.2987841236,0.3143121269,0.04869133234,0.05068457127
5067,1.0,0.0,0.0,0.0,1.0,1.0,0.2982627252,0.3189709997,0.04935973883,0.05195766687
5068,1.0,0.0,0.0,0.0,1.0,1.0,0.2972252963,0.3143120331,0.04966598749,0.05169910192
5069,1.0,0.0,0.0,0.0,1.0,1.0,0.2949744677,0.3149649746,0.04863148928,0.0512060523
5070,1.0,0.0,0.0,0.0,1.0,1.0,0.3022366435,0.3243802865,0.05015563965,0.05272042751
5071,1.0,0.0,0.0,0.0,1.0,1.0,0.3067251854,0.3255224479,0.05151855946,0.05354458094
5072,1.0,0.0,0.0,0.0,1.0,1.0,0.3017182512,0.3237629811,0.0504925251,0.05278766155
5073,1.0,0.0,0.0,0.0,1.0,1.0,0.2974117333,0.314312134,0.04884541035,0.05054932833
5074,1.0,0.0,0.0,0.0,1.0,1.0,0.2975963951,0.3160778038,0.04985904694,0.05158823729
5075,1.0,0.0,0.0,0.0,1.0,1.0,0.2970851049,0.3167248588,0.04947173595,0.05147349834
5076,1.0,0.0,0.0,0.0,1.0,1.0,0.2975962583,0.3167243303,0.04947412014,0.05147594213
5077,1.0,0.0,0.0,0.0,1.0,1.0,0.2993166958,0.3202437473,0.04935330153,0.05162239075
5078,1.0,0.0,0.0,0.0,1.0,1.0,0.3035845371,0.3203786564,0.05101317167,0.05273276567
5079,1.0,0.0,0.0,0.0,1.0,1.0,0.3109372944,0.3278870286,0.05148357153,0.05289798975
5080,1.0,0.0,0.0,0.0,1.0,1.0,0.3064727524,0.3319825116,0.05114376545,0.05398511887
5081,1.0,0.0,0.0,0.0,1.0,1.0,0.3029130234,0.3308011924,0.04927051067,0.05233252048
5082,1.0,0.0,0.0,0.0,1.0,1.0,0.3081755313,0.3214987916,0.05103367567,0.05187952518
5083,1.0,0.0,0.0,0.0,1.0,1.0,0.3075206088,0.3249930091,0.05041283369,0.05209320784
5084,1.0,0.0,0.0,0.0,1.0,1.0,0.3130782316,0.3319825231,0.05079573393,0.05302852392
5085,1.0,0.0,0.0,0.0,1.0,1.0,0.3182387542,0.3378394602,0.05204033852,0.05400943756
5086,1.0,0.0,0.0,0.0,1.0,1.0,0.3089809336,0.3243801509,0.05095332861,0.05266129971
5087,1.0,0.0,0.0,0.0,1.0,1.0,0.3117841814,0.3290412966,0.05070662498,0.05267852545
5088,1.0,0.0,0.0,0.0,1.0,1.0,0.3100523766,0.3249068353,0.05040323734,0.05181109905
5089,1.0,0.0,0.0,0.0,1.0,1.0,0.3115806746,0.3349009707,0.05136299133,0.05360841751
5090,1.0,0.0,0.0,0.0,1.0,1.0,0.3124335437,0.3202437623,0.05085587502,0.05113685131
5091,1.0,0.0,0.0,0.0,1.0,1.0,0.319959092,0.3272822236,0.05184078217,0.05184078217
5092,1.0,0.0,0.0,0.0,1.0,1.0,0.3029666435,0.2913565491,0.04884690046,0.04632031918
5093,1.0,0.0,0.0,0.0,1.0,1.0,0.2457644958,0.1599110131,0.0382398963,0.02492678165
5094,1.0,0.0,0.0,0.0,1.0,1.0,0.2480096303,0.1170347839,0.0382245779,0.01797121763
5095,1.0,0.0,0.0,0.0,1.0,1.0,0.2587674829,0.09768950971,0.039301157,0.01480907202
5096,1.0,0.0,0.0,0.0,1.0,1.0,0.2558868058,0.1029389833,0.03932964802,0.01567488909
5097,1.0,0.0,0.0,0.0,1.0,1.0,0.2587674384,0.1044194238,0.03906935453,0.01585423946
5098,1.0,0.0,0.0,0.0,1.0,1.0,0.2484796521,0.1073474256,0.0383220315,0.016464293
5099,1.0,0.0,0.0,0.0,1.0,1.0,0.2461859238,0.1069512983,0.03805249929,0.01647049189
5100,1.0,0.0,0.0,0.0,1.0,1.0,0.2457641684,0.1143274312,0.03852522373,0.01769310236
5101,1.0,0.0,0.0,0.0,1.0,1.0,0.2618464799,0.09737191699,0.03991484642,0.01489776373
5102,1.0,0.0,0.0,0.0,1.0,1.0,0.2537683129,0.09737189552,0.03896152973,0.01496344805
5103,1.0,0.0,0.0,0.0,1.0,1.0,0.2595951715,0.09474290859,0.03994375467,0.01455098391
5104,1.0,0.0,0.0,0.0,1.0,1.0,0.2600779853,0.09102714525,0.03909492493,0.01368319988
5105,1.0,0.0,0.0,0.0,1.0,1.0,0.2646671925,0.08328688703,0.04007846117,0.01261210442
5106,1.0,0.0,0.0,0.0,1.0,1.0,0.2533020075,0.103263573,0.03863275051,0.01567709446
5107,1.0,0.0,0.0,0.0,1.0,1.0,0.2491682221,0.1032632641,0.03798699379,0.01575756073
5108,1.0,0.0,0.0,0.0,1.0,1.0,0.2450247381,0.1032633708,0.03744858503,0.01576781273
5109,1.0,0.0,0.0,0.0,1.0,1.0,0.2415623035,0.1073473732,0.03712290525,0.01643610001
5110,1.0,0.0,0.0,0.0,1.0,1.0,0.245477101,0.1133193284,0.03722453117,0.01707285643
5111,1.0,0.0,0.0,0.0,1.0,1.0,0.240233039,0.1124834732,0.03701549768,0.01723623276
5112,1.0,0.0,0.0,0.0,1.0,1.0,0.2434066515,0.1147505992,0.03677129745,0.01727133989
5113,1.0,0.0,0.0,0.0,1.0,1.0,0.2271460129,0.123092933,0.03500187397,0.01876097918
5114,1.0,0.0,0.0,0.0,1.0,1.0,0.2300083355,0.121255549,0.03492969275,0.01829648018
5115,1.0,0.0,0.0,0.0,1.0,1.0,0.2281830072,0.1349609741,0.03541767597,0.0209672451
5116,1.0,0.0,0.0,0.0,1.0,1.0,0.2310633765,0.1235470926,0.03506237268,0.01864427328
5117,1.0,0.0,0.0,0.0,1.0,1.0,0.2369048456,0.1364551617,0.03541660309,0.02047520876
5118,1.0,0.0,0.0,0.0,1.0,1.0,0.2346192012,0.1272353217,0.03529500961,0.01917606592
5119,1.0,0.0,0.0,0.0,1.0,1.0,0.2300741903,0.1336246488,0.03432840109,0.02004772425
5120,1.0,0.0,0.0,0.0,1.0,1.0,0.2276045998,0.1276657668,0.03394919634,0.01916486025
5121,1.0,0.0,0.0,0.0,1.0,1.0,0.2349434744,0.1332589951,0.03428024054,0.01958870888
5122,1.0,0.0,0.0,0.0,1.0,1.0,0.2286547129,0.134116362,0.03413587809,0.02009612322
5123,1.0,0.0,0.0,0.0,1.0,1.0,0.2277670051,0.1435564525,0.03469115496,0.02192485332
5124,1.0,0.0,0.0,0.0,1.0,1.0,0.218828928,0.138608973,0.03259390593,0.02081632614
5125,1.0,0.0,0.0,0.0,1.0,1.0,0.2303547598,0.1446080264,0.03401196003,0.02166891098
5126,1.0,0.0,0.0,0.0,1.0,1.0,0.2239488006,0.1451396269,0.03297924995,0.02153193951
5127,1.0,0.0,0.0,0.0,1.0,1.0,0.2280234842,0.1508248623,0.03405600786,0.02279555798
5128,1.0,0.0,0.0,0.0,1.0,1.0,0.2299274926,0.1506510198,0.03406274319,0.02252531052
5129,1.0,0.0,0.0,0.0,1.0,1.0,0.2168342641,0.143556278,0.03292888403,0.0218603611
5130,1.0,0.0,0.0,0.0,1.0,1.0,0.2005985323,0.1737382634,0.03068196774,0.0263376236
5131,1.0,0.0,0.0,0.0,1.0,1.0,0.2222944462,0.2116258174,0.0347237587,0.03279465437
5132,1.0,0.0,0.0,0.0,1.0,1.0,0.2717933122,0.3127624879,0.04439932108,0.05030047894
5133,1.0,0.0,0.0,0.0,1.0,1.0,0.3163329989,0.366928006,0.05130201578,0.05823475122
5134,1.0,0.0,0.0,0.0,1.0,1.0,0.3183153479,0.368215527,0.05239361525,0.05915409327
5135,1.0,0.0,0.0,0.0,1.0,1.0,0.3339992038,0.3838685845,0.05542260408,0.0627745986
5136,1.0,0.0,0.0,0.0,1.0,1.0,0.3285835909,0.3787357799,0.05316889286,0.05981498957
5137,1.0,0.0,0.0,0.0,1.0,1.0,0.3331475035,0.3867098847,0.05398929119,0.06126242876
5138,1.0,0.0,0.0,0.0,1.0,1.0,0.3334351823,0.3888673212,0.0538084507,0.06161487103
5139,1.0,0.0,0.0,0.0,1.0,1.0,0.3331471124,0.3801446853,0.05341374874,0.05956614017
5140,1.0,0.0,0.0,0.0,1.0,1.0,0.3354646962,0.3752352064,0.05419814587,0.05925291777
5141,1.0,0.0,0.0,0.0,1.0,1.0,0.3476319924,0.3841268851,0.05638033152,0.0608907342
5142,1.0,0.0,0.0,0.0,1.0,1.0,0.3432601157,0.3926378702,0.05582642555,0.06202936172
5143,1.0,0.0,0.0,0.0,1.0,1.0,0.3415704211,0.3739046119,0.05512702465,0.05934590101
5144,1.0,0.0,0.0,0.0,1.0,1.0,0.3435042276,0.3800695007,0.05602365732,0.06080961227
5145,1.0,0.0,0.0,0.0,1.0,1.0,0.3500190674,0.3826534897,0.05844181776,0.06273901463
5146,1.0,0.0,0.0,0.0,1.0,1.0,0.3498046673,0.3835885594,0.05733186007,0.06156820059
5147,1.0,0.0,0.0,0.0,1.0,1.0,0.356640255,0.3904070301,0.05937045813,0.06361120939
5148,1.0,0.0,0.0,0.0,1.0,1.0,0.3467451484,0.3855975949,0.05791968107,0.06331413984
5149,1.0,0.0,0.0,0.0,1.0,1.0,0.3492537027,0.3863818352,0.05798339844,0.06333130598
5150,1.0,0.0,0.0,0.0,1.0,1.0,0.3513395629,0.3852016067,0.05847859383,0.06302064657
5151,1.0,0.0,0.0,0.0,1.0,1.0,0.3534404511,0.3915337717,0.05843579769,0.06374812126
5152,1.0,0.0,0.0,0.0,1.0,1.0,0.346223101,0.3838689198,0.0567163229,0.06202477217
5153,1.0,0.0,0.0,0.0,1.0,1.0,0.3509493211,0.3938775024,0.05839473009,0.06403672695
5154,1.0,0.0,0.0,0.0,1.0,1.0,0.3517493695,0.3890557582,0.05866724253,0.06346213818
5155,1.0,0.0,0.0,0.0,1.0,1.0,0.3470403619,0.3852013226,0.05717724562,0.06222224236
5156,1.0,0.0,0.0,0.0,1.0,1.0,0.3488776318,0.3842680369,0.05841225386,0.06292718649
5157,1.0,0.0,0.0,0.0,1.0,1.0,0.3502675966,0.3873269291,0.0581035614,0.06257307529
5158,1.0,0.0,0.0,0.0,1.0,1.0,0.3530406638,0.3928838697,0.05882549286,0.06386768818
5159,1.0,0.0,0.0,0.0,1.0,1.0,0.354531574,0.3907851007,0.05897545815,0.0634688139
5160,1.0,0.0,0.0,0.0,1.0,1.0,0.353338108,0.3925145137,0.05882626772,0.06358838081
5161,1.0,0.0,0.0,0.0,1.0,1.0,0.3500585127,0.3852013372,0.05784803629,0.06203985214
5162,1.0,0.0,0.0,0.0,1.0,1.0,0.3511550383,0.3904072721,0.05870825052,0.06350660324
5163,1.0,0.0,0.0,0.0,1.0,1.0,0.3618960319,0.3959727001,0.06028950214,0.06451541185
5164,1.0,0.0,0.0,0.0,1.0,1.0,0.3532434645,0.3869364813,0.05841749907,0.06263029575
5165,1.0,0.0,0.0,0.0,1.0,1.0,0.3503547685,0.3869366653,0.05822074413,0.06272089481
5166,1.0,0.0,0.0,0.0,1.0,1.0,0.3505633766,0.3886718288,0.0581420064,0.06261444092
5167,1.0,0.0,0.0,0.0,1.0,1.0,0.3555063239,0.3963304418,0.05947315693,0.06452274323
5168,1.0,0.0,0.0,0.0,1.0,1.0,0.3499729614,0.3917675435,0.05833423138,0.06310194731
5169,1.0,0.0,0.0,0.0,1.0,1.0,0.356764953,0.3963302444,0.06018429995,0.06468403339
5170,1.0,0.0,0.0,0.0,1.0,1.0,0.3520569701,0.3911609576,0.05936419964,0.06386578083
5171,1.0,0.0,0.0,0.0,1.0,1.0,0.3587311848,0.3942433359,0.06057965755,0.06424260139
5172,1.0,0.0,0.0,0.0,1.0,1.0,0.3543168469,0.3925142631,0.05945682526,0.06366372108
5173,1.0,0.0,0.0,0.0,1.0,1.0,0.3596319518,0.3990828114,0.06054568291,0.06476980448
5174,1.0,0.0,0.0,0.0,1.0,1.0,0.3580844237,0.3917673851,0.06029868126,0.06369578838
5175,1.0,0.0,0.0,0.0,1.0,1.0,0.3574828559,0.3896426978,0.05985969305,0.06267005205
5176,1.0,0.0,0.0,0.0,1.0,1.0,0.3579591459,0.3952493066,0.06021225452,0.06386995316
5177,1.0,0.0,0.0,0.0,1.0,1.0,0.3661821224,0.4091791009,0.06117296219,0.06594330072
5178,1.0,0.0,0.0,0.0,1.0,1.0,0.362213749,0.398378858,0.06010943651,0.06344884634
5179,1.0,0.0,0.0,0.0,1.0,1.0,0.3634334045,0.4141043844,0.06068223715,0.06658190489
5180,1.0,0.0,0.0,0.0,1.0,1.0,0.3540209953,0.4018733327,0.05912744999,0.0641477108
5181,1.0,0.0,0.0,0.0,1.0,1.0,0.3606752972,0.4064630704,0.06008142233,0.06485426426
5182,1.0,0.0,0.0,0.0,1.0,1.0,0.3588174585,0.4022576059,0.05962014198,0.06383854151
5183,1.0,0.0,0.0,0.0,1.0,1.0,0.3635885678,0.4036892079,0.06005752087,0.06400495768
5184,1.0,0.0,0.0,0.0,1.0,1.0,0.3543398076,0.3969415972,0.05865108967,0.0628605485
5185,1.0,0.0,0.0,0.0,1.0,1.0,0.3528419728,0.407438026,0.05950921774,0.06568473577
5186,1.0,0.0,0.0,0.0,1.0,1.0,0.3473417665,0.4001263445,0.05826026201,0.06414228678
5187,1.0,0.0,0.0,0.0,1.0,1.0,0.346316051,0.4152609976,0.05966496468,0.06835407019
5188,1.0,0.0,0.0,0.0,1.0,1.0,0.3435579461,0.4201807067,0.06203961372,0.0721322298
5189,1.0,0.0,0.0,0.0,1.0,1.0,0.3516856531,0.4172928704,0.06250160933,0.07064139843
5190,1.0,0.0,0.0,0.0,1.0,1.0,0.3440701766,0.4178852615,0.06404721737,0.07319682837
5191,1.0,0.0,0.0,0.0,1.0,1.0,0.3540395918,0.3962699592,0.06185144186,0.06688243151
5192,1.0,0.0,0.0,0.0,1.0,1.0,0.3718459722,0.4296163846,0.06358999014,0.06876933575
5193,1.0,0.0,0.0,0.0,1.0,1.0,0.3796199991,0.433686632,0.06623804569,0.07122057676
5194,1.0,0.0,0.0,0.0,1.0,1.0,0.3812304358,0.4319933407,0.0653539896,0.06947541237
5195,1.0,0.0,0.0,0.0,1.0,1.0,0.3922723339,0.4537906361,0.0678088665,0.07282084227
5196,1.0,0.0,0.0,0.0,1.0,1.0,0.3984375711,0.4547822988,0.0704818368,0.07492399216
5197,1.0,0.0,0.0,0.0,1.0,1.0,0.3800931915,0.4454031198,0.06701552868,0.07359737158
5198,1.0,0.0,0.0,0.0,1.0,1.0,0.3689724305,0.4482791346,0.06716132164,0.07517141104
5199,1.0,0.0,0.0,0.0,1.0,1.0,0.3453390722,0.4358878617,0.05880427361,0.06923258305
5200,1.0,0.0,0.0,0.0,1.0,1.0,0.3499328151,0.4283322597,0.06208246946,0.07086485624
5201,1.0,0.0,0.0,0.0,1.0,1.0,0.3483170538,0.4110023322,0.05989068747,0.06831747293
5202,1.0,0.0,0.0,0.0,1.0,1.0,0.3449936924,0.4301628831,0.0590441227,0.06972551346
5203,1.0,0.0,0.0,0.0,1.0,1.0,0.3525455564,0.4542916089,0.0621804595,0.07437855005
5204,1.0,0.0,0.0,0.0,1.0,1.0,0.3540394426,0.4474037008,0.0612873435,0.0727238059
5205,1.0,0.0,0.0,0.0,1.0,1.0,0.366862087,0.4665287406,0.06482487917,0.07663869858
5206,1.0,0.0,0.0,0.0,1.0,1.0,0.3689450924,0.464555374,0.06433588266,0.07581359148
5207,1.0,0.0,0.0,0.0,1.0,1.0,0.3610548294,0.4358878878,0.06127512455,0.07074761391
5208,1.0,0.0,0.0,0.0,1.0,1.0,0.3462351782,0.4214063531,0.05887019634,0.06858074665
5209,1.0,0.0,0.0,0.0,1.0,1.0,0.3409650095,0.4221126691,0.05640351772,0.06655013561
5210,1.0,0.0,0.0,0.0,1.0,1.0,0.348559765,0.4261767702,0.05875593424,0.06774914265
5211,1.0,0.0,0.0,0.0,1.0,1.0,0.355553816,0.452930639,0.06334936619,0.07627135515
5212,1.0,0.0,0.0,0.0,1.0,1.0,0.3378645489,0.441482803,0.05833280087,0.07177072763
5213,1.0,0.0,0.0,0.0,1.0,1.0,0.3453568932,0.4475116341,0.05989432335,0.0725992322
5214,1.0,0.0,0.0,0.0,1.0,1.0,0.3464272013,0.447898155,0.060549438,0.07326477766
5215,1.0,0.0,0.0,0.0,1.0,1.0,0.3401607394,0.43309161,0.05878293514,0.07090318203
5216,1.0,0.0,0.0,0.0,1.0,1.0,0.3372894451,0.4391486117,0.05791556835,0.07071793079
5217,1.0,0.0,0.0,0.0,1.0,1.0,0.3450669463,0.4332180502,0.0582395196,0.06880104542
5218,1.0,0.0,0.0,0.0,1.0,1.0,0.3456178323,0.4450344167,0.06001478434,0.07300770283
5219,1.0,0.0,0.0,0.0,1.0,1.0,0.3489842718,0.4477054036,0.06230270863,0.07433140278
5220,1.0,0.0,0.0,0.0,1.0,1.0,0.3646726494,0.4554653891,0.06351065636,0.07330441475
5221,1.0,0.0,0.0,0.0,1.0,1.0,0.3510151205,0.4407130243,0.06086999178,0.07166463137
5222,1.0,0.0,0.0,0.0,1.0,1.0,0.3487985357,0.433211467,0.06223064661,0.07210379839
5223,1.0,0.0,0.0,0.0,1.0,1.0,0.3458627786,0.419694244,0.06202346087,0.07175260782
5224,1.0,0.0,0.0,0.0,1.0,1.0,0.36175092,0.4350716803,0.0682451725,0.0790374279
5225,1.0,0.0,0.0,0.0,1.0,1.0,0.3537989164,0.442461314,0.06810069084,0.08002620935
5226,1.0,0.0,0.0,0.5235987902,1.0,1.0,0.3597989835,0.4350717733,0.06871980429,0.07921868563
5227,1.0,0.0,0.0,0.5235987902,1.0,1.0,0.3530365939,0.4280824458,0.06190472841,0.07120496035
5228,1.0,0.0,0.0,0.5235987902,1.0,1.0,0.3580342298,0.4176237353,0.06129109859,0.06797212362
5229,1.0,0.0,0.0,0.0,1.0,1.0,0.3548616899,0.4200554381,0.05855798721,0.06563025713
5230,1.0,0.0,0.0,0.0,1.0,1.0,0.3578565025,0.4116407695,0.0597922802,0.06520205736
5231,1.0,0.0,0.0,0.0,1.0,1.0,0.3595239158,0.4128129614,0.05927753448,0.06466639042
5232,1.0,0.0,0.0,0.0,1.0,1.0,0.3595237668,0.4113225128,0.05947810411,0.06488519907
5233,1.0,0.0,0.0,0.0,1.0,1.0,0.3654611001,0.411640615,0.061609447,0.06623739004
5234,1.0,0.0,0.0,0.0,1.0,1.0,0.3510403137,0.395462743,0.05870753527,0.06269735098
5235,1.0,0.0,0.0,0.0,1.0,1.0,0.3582108061,0.3965756263,0.06094801426,0.06411039829
5236,1.0,0.0,0.0,0.0,1.0,1.0,0.3645125318,0.3965757623,0.06108486652,0.06335777044
5237,1.0,0.0,0.0,0.0,1.0,1.0,0.3670026282,0.397260325,0.06178838015,0.06351274252
5238,1.0,0.0,0.0,0.0,1.0,1.0,0.3575514636,0.3828799369,0.05996483564,0.0608215332
5239,1.0,0.0,0.0,0.0,1.0,1.0,0.3659206513,0.3896738414,0.06107735634,0.06164813042
5240,1.0,0.0,0.0,0.0,1.0,1.0,0.3693401959,0.3950862957,0.06195396185,0.06281447411
5241,1.0,0.0,0.0,0.0,1.0,1.0,0.3615726558,0.3860661485,0.06112223864,0.06169891357
5242,1.0,0.0,0.0,0.0,1.0,1.0,0.3707332721,0.384261888,0.06213468313,0.06098932028
5243,1.0,0.0,0.0,0.0,1.0,1.0,0.3643799563,0.3820330823,0.06004601717,0.06033194065
5244,1.0,0.0,0.0,0.0,1.0,1.0,0.3642181177,0.3774867259,0.06075823307,0.06047022343
5245,1.0,0.0,0.0,0.0,1.0,1.0,0.3679453593,0.3918675122,0.06148058176,0.06233841181
5246,1.0,0.0,0.0,0.0,1.0,1.0,0.3569435713,0.3663433812,0.0593482852,0.05821782351
5247,1.0,0.0,0.0,0.0,1.0,1.0,0.347704909,0.3531598033,0.05909389257,0.05709558725
5248,1.0,0.0,0.0,0.0,1.0,1.0,0.3414345424,0.3483971154,0.05791950226,0.05567020178
5249,1.0,0.0,0.0,0.0,1.0,1.0,0.3369828414,0.3384074544,0.05737912655,0.05402034521
5250,1.0,0.0,0.0,0.0,1.0,1.0,0.33809517,0.3377906593,0.05741786957,0.05433690548
5251,1.0,0.0,0.0,0.0,1.0,1.0,0.3337009,0.3331474666,0.05718839169,0.054058671
5252,1.0,0.0,0.0,0.0,1.0,1.0,0.3364786428,0.3319824024,0.05687093735,0.05349248648
5253,1.0,0.0,0.0,0.0,1.0,1.0,0.3331473264,0.3197515504,0.05631315708,0.0512701869
5254,1.0,0.0,0.0,0.0,1.0,1.0,0.3364621422,0.3273432668,0.05854988098,0.05422353745
5255,1.0,0.0,0.0,0.0,1.0,1.0,0.3370015468,0.3313941129,0.05726903677,0.05305814743
5256,1.0,0.0,0.0,0.0,1.0,1.0,0.3336978182,0.3267408744,0.05661183596,0.05240803957
5257,1.0,0.0,0.0,0.0,1.0,1.0,0.3331472515,0.3296769833,0.05725085735,0.05332189798
5258,1.0,0.0,0.0,0.0,1.0,1.0,0.3315303176,0.3251606124,0.05675274134,0.05260002613
5259,1.0,0.0,0.0,0.0,1.0,1.0,0.3342292479,0.3245610708,0.05726528168,0.05253946781
5260,1.0,0.0,0.0,0.0,1.0,1.0,0.3358512042,0.3268720466,0.05756282806,0.05311352015
5261,1.0,0.0,0.0,0.0,1.0,1.0,0.3309839844,0.3223456277,0.05633187294,0.05218982697
5262,1.0,0.0,0.0,0.0,1.0,1.0,0.3347644589,0.3257564362,0.05763494968,0.05318003893
5263,1.0,0.0,0.0,0.0,1.0,1.0,0.3309943686,0.321737947,0.05715590715,0.0524161458
5264,1.0,0.0,0.0,0.0,1.0,1.0,0.3283191835,0.3172292698,0.05651420355,0.05152767897
5265,1.0,0.0,0.0,0.0,1.0,1.0,0.3315455649,0.3218540181,0.05796158314,0.053201437
5266,1.0,0.0,0.0,0.0,1.0,1.0,0.3197571969,0.3049144747,0.05539602041,0.05010694265
5267,1.0,0.0,0.0,0.0,1.0,1.0,0.3207284964,0.3076513618,0.0547567606,0.05005544424
5268,1.0,0.0,0.0,0.0,1.0,1.0,0.3153576547,0.3069960237,0.05404049158,0.04988360405
5269,1.0,0.0,0.0,0.0,1.0,1.0,0.3180040047,0.3001733534,0.05451506376,0.04895228148
5270,1.0,0.0,0.0,0.0,1.0,1.0,0.3141566181,0.2953678464,0.05395489931,0.04808419943
5271,1.0,0.0,0.0,0.0,1.0,1.0,0.3216596731,0.3112448701,0.05540531874,0.05088239908
5272,1.0,0.0,0.0,0.0,1.0,1.0,0.32224217,0.305002462,0.05485695601,0.04928779602
5273,1.0,0.0,0.0,0.0,1.0,1.0,0.327119752,0.3084486546,0.05484730005,0.0493350625
5274,1.0,0.0,0.0,0.0,1.0,1.0,0.3271199541,0.3112448469,0.05542808771,0.05013597012
5275,1.0,0.0,0.0,0.0,1.0,1.0,0.3182302045,0.304026307,0.05388820171,0.04883623123
5276,1.0,0.0,0.0,0.0,1.0,1.0,0.3170181953,0.2952895361,0.05180209875,0.04607659578
5277,1.0,0.0,0.0,0.0,1.0,1.0,0.3130578726,0.2900480383,0.05186420679,0.04603993893
5278,1.0,0.0,0.0,0.0,1.0,1.0,0.3142057553,0.2952899309,0.05242049694,0.0471227169
5279,1.0,0.0,0.0,0.0,1.0,1.0,0.3160485016,0.3022785091,0.05337291956,0.0483430028
5280,1.0,0.0,0.0,0.0,1.0,1.0,0.3210126524,0.3036500017,0.0534465313,0.048212111
5281,1.0,0.0,0.0,0.0,1.0,1.0,0.3138744445,0.2967095662,0.05307626724,0.04776865244
5282,1.0,0.0,0.0,0.0,1.0,1.0,0.3108632908,0.2952899046,0.05170750618,0.0469815731
5283,1.0,0.0,0.0,0.0,1.0,1.0,0.313778066,0.2942607675,0.05215233564,0.04663360119
5284,1.0,0.0,0.0,0.0,1.0,1.0,0.3154383353,0.2977431511,0.05213278532,0.04691952467
5285,1.0,0.0,0.0,0.0,1.0,1.0,0.3093115406,0.2890375405,0.0519143939,0.0463322401
5286,1.0,0.0,0.0,0.0,1.0,1.0,0.3171784069,0.2956826852,0.05321586132,0.04739534855
5287,1.0,0.0,0.0,0.0,1.0,1.0,0.3200183141,0.3015558279,0.05420082808,0.04864180088
5288,1.0,0.0,0.0,0.0,1.0,1.0,0.3110843792,0.2912163907,0.0519067049,0.04666078091
5289,1.0,0.0,0.0,0.0,1.0,1.0,0.3217159847,0.3114701192,0.05479490757,0.05062270164
5290,1.0,0.0,0.0,0.0,1.0,1.0,0.3201462215,0.3080470706,0.05461770296,0.04990452528
5291,1.0,0.0,0.0,0.0,1.0,1.0,0.3180042663,0.3025523411,0.05498725176,0.04993742704
5292,1.0,0.0,0.0,0.0,1.0,1.0,0.3212494036,0.3099963234,0.05551695824,0.05131107569
5293,1.0,0.0,0.0,0.0,1.0,1.0,0.3234437251,0.3167723065,0.05572831631,0.05210602283
5294,1.0,0.0,0.0,0.0,1.0,1.0,0.3185922471,0.3127505661,0.05436342955,0.05077600479
5295,1.0,0.0,0.0,0.0,1.0,1.0,0.3266782143,0.3252419467,0.05606025457,0.05328500271
5296,1.0,0.0,0.0,0.0,1.0,1.0,0.3233488424,0.3228434823,0.0550070405,0.05222886801
5297,1.0,0.0,0.0,0.0,1.0,1.0,0.3244942898,0.3223456796,0.05668264627,0.05356508493
5298,1.0,0.0,0.0,0.0,1.0,1.0,0.3101713923,0.3073885286,0.05251824856,0.04973953962
5299,1.0,0.0,0.0,0.0,1.0,1.0,0.3155264053,0.3140608764,0.05292540789,0.05015444756
5300,1.0,0.0,0.0,0.0,1.0,1.0,0.3110845379,0.3134141407,0.0528524518,0.05060344934
5301,1.0,0.0,0.0,0.0,1.0,1.0,0.3144865803,0.3164323257,0.05303388834,0.05081260204
5302,1.0,0.0,0.0,0.0,1.0,1.0,0.308918449,0.3095159642,0.05270045996,0.05044591427
5303,1.0,0.0,0.0,0.0,1.0,1.0,0.3073940326,0.3118951235,0.05189627409,0.05023121834
5304,1.0,0.0,0.0,0.0,1.0,1.0,0.3071374041,0.3191198949,0.0516461134,0.05080860853
5305,1.0,0.0,0.0,0.0,1.0,1.0,0.3034606379,0.3105903532,0.05135178566,0.04995638132
5306,1.0,0.0,0.0,0.0,1.0,1.0,0.3004968275,0.3116724535,0.05090457201,0.05034202337
5307,1.0,0.0,0.0,0.0,1.0,1.0,0.3049707915,0.3145099279,0.05138754845,0.05027043819
5308,1.0,0.0,0.0,0.0,1.0,1.0,0.3026596502,0.3075204633,0.05111157894,0.04942655563
5309,1.0,0.0,0.0,0.0,1.0,1.0,0.3054770892,0.3145095664,0.0514998436,0.05038028955
5310,1.0,0.0,0.0,0.0,1.0,1.0,0.3071373649,0.3214988101,0.05187338591,0.05159300566
5311,1.0,0.0,0.0,0.0,1.0,1.0,0.3038170868,0.3197514747,0.05097848177,0.05097848177
5312,1.0,0.0,0.0,0.0,1.0,1.0,0.3114927402,0.3197514052,0.05271434784,0.05158674717
5313,1.0,0.0,0.0,0.0,1.0,1.0,0.3098269005,0.3191201393,0.05212175846,0.05100089312
5314,1.0,0.0,0.0,0.0,1.0,1.0,0.3076486207,0.3127625805,0.05172514915,0.05004757643
5315,1.0,0.0,0.0,0.0,1.0,1.0,0.3137782865,0.3186373187,0.05255967379,0.05089110136
5316,1.0,0.0,0.0,0.0,1.0,1.0,0.3051102658,0.3134138209,0.05173707008,0.05033874512
5317,1.0,0.0,0.0,0.0,1.0,1.0,0.299832581,0.3061670412,0.0505258441,0.04884165525
5318,1.0,0.0,0.0,0.0,1.0,1.0,0.3077750958,0.3145097034,0.05246514082,0.05077272654
5319,1.0,0.0,0.0,0.0,1.0,1.0,0.3026598283,0.3044075209,0.05120331049,0.04867124557
5320,1.0,0.0,0.0,0.0,1.0,1.0,0.3039625355,0.3121063388,0.05145049095,0.04977273941
5321,1.0,0.0,0.0,0.0,1.0,1.0,0.3089182755,0.3121062281,0.05227464437,0.04975873232
5322,1.0,0.0,0.0,0.0,1.0,1.0,0.2965557193,0.2952895049,0.05021637678,0.04688709974
5323,1.0,0.0,0.0,0.0,1.0,1.0,0.2949968695,0.2929398263,0.05039578676,0.04681569338
5324,1.0,0.0,0.0,0.0,1.0,1.0,0.2913025084,0.2894933281,0.04878783226,0.0452837348
5325,1.0,0.0,0.0,0.0,1.0,1.0,0.2910377613,0.2884986207,0.04945403337,0.04564982653
5326,1.0,0.0,0.0,0.0,1.0,1.0,0.2803506557,0.2747606733,0.04852002859,0.04385989904
5327,1.0,0.0,0.0,0.0,1.0,1.0,0.2757628992,0.2757082177,0.04764270782,0.04406267405
5328,1.0,0.0,0.0,0.0,1.0,1.0,0.2681809415,0.2789536106,0.04773747921,0.04523956776
5329,1.0,0.0,0.0,0.0,1.0,1.0,0.2597935332,0.2710351378,0.04507243633,0.04242116213
5330,1.0,0.0,0.0,0.0,1.0,1.0,0.2579203675,0.285064101,0.04603779316,0.04548972845
5331,1.0,0.0,0.0,0.0,1.0,1.0,0.2639149936,0.2952894008,0.04752123356,0.04752123356
5332,1.0,0.0,0.0,0.0,1.0,1.0,0.2530032981,0.28782493,0.0454685688,0.04603338242
5333,1.0,0.0,0.0,0.0,1.0,1.0,0.2537522543,0.2900477019,0.04574018717,0.04658204317
5334,1.0,0.0,0.0,0.0,1.0,1.0,0.2344174606,0.2623536955,0.04247915745,0.04219216108
5335,1.0,0.0,0.0,0.0,1.0,1.0,0.2471233091,0.2825273716,0.04538208246,0.04595649242
5336,1.0,0.0,0.0,0.0,1.0,1.0,0.230155675,0.2667549002,0.0411246419,0.04225128889
5337,1.0,0.0,0.0,0.0,1.0,1.0,0.2345144644,0.2728972524,0.04244667292,0.04387110472
5338,1.0,0.0,0.0,0.0,1.0,1.0,0.2380371822,0.2802007047,0.0426543355,0.04434925318
5339,1.0,0.0,0.0,0.0,1.0,1.0,0.2459444761,0.2934304645,0.04443484545,0.04669898748
5340,1.0,0.0,0.0,0.0,1.0,1.0,0.2482888788,0.2891244733,0.04455220699,0.04568016529
5341,1.0,0.0,0.0,0.0,1.0,1.0,0.2541750941,0.2980478317,0.04545378685,0.04685670137
5342,1.0,0.0,0.0,0.0,1.0,1.0,0.2459192586,0.2930018195,0.04386365414,0.04583191872
5343,1.0,0.0,0.0,0.0,1.0,1.0,0.2435747527,0.2937426374,0.04353141785,0.04605901241
5344,1.0,0.0,0.0,0.0,1.0,1.0,0.2404316215,0.2876093207,0.0424438715,0.04438579082
5345,1.0,0.0,0.0,0.0,1.0,1.0,0.2404319095,0.294059577,0.04343026876,0.04626882076
5346,1.0,0.0,0.0,0.0,1.0,1.0,0.2351628614,0.2922557798,0.04125845432,0.04516130686
5347,1.0,0.0,0.0,0.0,1.0,1.0,0.2407530438,0.2943809043,0.0429777503,0.04580521584
5348,1.0,0.0,0.0,0.0,1.0,1.0,0.242337034,0.3027509119,0.04306906462,0.04672855139
5349,1.0,0.0,0.0,0.0,1.0,1.0,0.2343188748,0.2965377132,0.04105168581,0.04524064064
5350,1.0,0.0,0.0,0.0,1.0,1.0,0.234789742,0.2881602309,0.04113960266,0.04391926527
5351,1.0,0.0,0.0,0.0,1.0,1.0,0.2439210021,0.3027504276,0.04345864058,0.04684495926
5352,1.0,0.0,0.0,0.0,1.0,1.0,0.2494654753,0.3148425566,0.04436069727,0.04829144478
5353,1.0,0.0,0.0,0.0,1.0,1.0,0.235162748,0.3042580158,0.04142993689,0.04618877172
5354,1.0,0.0,0.0,0.0,1.0,1.0,0.2336767912,0.3020290665,0.04197430611,0.04679566622
5355,1.0,0.0,0.0,0.0,1.0,1.0,0.2466977029,0.3093509348,0.04439622164,0.04809588194
5356,1.0,0.0,0.0,0.0,1.0,1.0,0.2404317272,0.3075202472,0.04325538874,0.0474960804
5357,1.0,0.0,0.0,0.0,1.0,1.0,0.2316169106,0.3035340989,0.04107367992,0.04613751173
5358,1.0,0.0,0.0,0.0,1.0,1.0,0.2403116373,0.3102355912,0.04372799397,0.04836142063
5359,1.0,0.0,0.0,0.0,1.0,1.0,0.2375069313,0.3076639188,0.0428968668,0.04750323296
5360,1.0,0.0,0.0,0.0,1.0,1.0,0.2514419276,0.3153220234,0.04567295313,0.04911994934
5361,1.0,0.0,0.0,0.0,1.0,1.0,0.253401486,0.3166729467,0.04582560062,0.04924124479
5362,1.0,0.0,0.0,0.0,1.0,1.0,0.2612714128,0.3221643494,0.04768699408,0.05055969954
5363,1.0,0.0,0.0,0.0,1.0,1.0,0.2577179665,0.3185035366,0.04637509584,0.0492027998
5364,1.0,0.0,0.0,0.0,1.0,1.0,0.2647423462,0.3276560877,0.04788607359,0.0507196188
5365,1.0,0.0,0.0,0.0,1.0,1.0,0.2685999457,0.3282837176,0.04894942045,0.05122613907
5366,1.0,0.0,0.0,0.0,1.0,1.0,0.2526062209,0.3185035092,0.04658794403,0.05034971237
5367,1.0,0.0,0.0,0.0,1.0,1.0,0.2419030467,0.309086605,0.04349172115,0.04778367281
5368,1.0,0.0,0.0,0.0,1.0,1.0,0.1300089625,0.224209592,0.0228843689,0.03375440836
5369,1.0,0.0,0.0,0.0,1.0,1.0,0.1125197137,0.2216658382,0.01981800795,0.03322434425
5370,1.0,0.0,0.0,0.0,1.0,1.0,0.1386321182,0.2318099528,0.02447873354,0.03472572565
5371,1.0,0.0,0.0,0.0,1.0,1.0,0.1740962288,0.2592539159,0.03135055304,0.04005908966
5372,1.0,0.0,0.0,0.0,1.0,1.0,0.2344171769,0.2990892705,0.04267811775,0.04642689228
5373,1.0,0.0,0.0,0.0,1.0,1.0,0.2526589456,0.3163029729,0.04573208094,0.04891598225
5374,1.0,0.0,0.0,0.0,1.0,1.0,0.2549757628,0.3153216184,0.04759007692,0.05023390055
5375,1.0,0.0,0.0,0.0,1.0,1.0,0.2665180089,0.3288128431,0.04886394739,0.05148166418
5376,1.0,0.0,0.0,0.0,1.0,1.0,0.2707151276,0.3343855699,0.04996716976,0.05229115486
5377,1.0,0.0,0.0,0.0,1.0,1.0,0.286906044,0.3429818779,0.05222541094,0.05337321758
5378,1.0,0.0,0.0,0.0,1.0,1.0,0.2889011651,0.3496216314,0.05467426777,0.05644750595
5379,1.0,0.0,0.0,0.0,1.0,1.0,0.279843767,0.3432043565,0.0507927537,0.05282443762
5380,1.0,0.0,0.0,0.0,1.0,1.0,0.2878141567,0.3498044592,0.05257123709,0.05459314585
5381,1.0,0.7853981853,0.0,0.0,1.0,1.0,0.3025252033,0.3553571646,0.05533885956,0.05562859774
5382,1.0,0.7853981853,0.0,0.0,1.0,1.0,0.3039701552,0.3529629718,0.05553770065,0.0552470088
5383,1.0,0.7853981853,0.0,0.0,1.0,1.0,0.3110428974,0.3595777949,0.05774569511,0.05715942383
5384,1.0,0.7853981853,0.0,0.0,1.0,1.0,0.313116461,0.3558897137,0.05655652285,0.05512827635
5385,1.0,0.7853981853,0.0,0.0,1.0,1.0,0.305561732,0.3540460404,0.05485934019,0.0548593998
5386,1.0,0.7853981853,0.0,0.0,1.0,1.0,0.3047273617,0.3509069978,0.05564594269,0.05506926775
5387,1.0,0.7853981853,0.0,0.0,1.0,1.0,0.3063058527,0.3558900229,0.05565732718,0.05537050962
5388,1.0,0.7853981853,0.0,0.0,1.0,1.0,0.3054719414,0.3545812271,0.05547654629,0.05490756035
5389,1.0,0.7853981853,0.0,0.0,1.0,1.0,0.3026702366,0.3564187084,0.05532705784,0.05590337515
5390,1.0,0.7853981853,0.0,0.0,1.0,1.0,0.3084891717,0.3545816885,0.05631643534,0.05545449257
5391,1.0,0.7853981853,0.0,0.0,1.0,1.0,0.3131163203,0.359058902,0.05738985538,0.05623048544
5392,1.0,0.7853981853,0.0,0.0,1.0,1.0,0.3082538743,0.3598737024,0.05551749468,0.05523133278
5393,1.0,0.7853981853,0.0,0.0,1.0,1.0,0.3042462308,0.3527441228,0.05560773611,0.05531966686
5394,1.0,0.7853981853,0.0,0.0,1.0,1.0,0.3059516692,0.3538168058,0.05653870106,0.05624872446
5395,1.0,0.7853981853,0.0,0.0,1.0,1.0,0.3080043108,0.3545817285,0.05578100681,0.05492722988
5396,1.0,0.7853981853,0.0,0.0,1.0,1.0,0.3021934238,0.3503580268,0.05484837294,0.05427706242
5397,1.0,0.7853981853,0.0,0.0,1.0,1.0,0.3020120415,0.3501693664,0.055341959,0.05477142334
5398,1.0,0.7853981853,0.0,0.0,1.0,1.0,0.3094245976,0.3566848294,0.0565379858,0.05568993092
5399,1.0,0.7853981853,0.0,0.0,1.0,1.0,0.2924815636,0.3453952488,0.0531514287,0.05343562365
5400,1.0,0.7853981853,0.0,0.0,1.0,1.0,0.2949688034,0.3477911746,0.0529025197,0.05346530676
5401,1.0,0.7853981853,0.0,0.0,1.0,1.0,0.2904629731,0.3465219067,0.0530526638,0.05419355631
5402,1.0,0.7853981853,0.0,0.0,1.0,1.0,0.2913734728,0.3404690967,0.05287611485,0.05287605524
5403,1.0,0.7853981853,0.0,0.0,1.0,1.0,0.2970038138,0.3459608519,0.05398237705,0.05398243666
5404,1.0,0.7853981853,0.0,0.0,1.0,1.0,0.2904628014,0.3374027986,0.05257093906,0.05228829384
5405,1.0,0.7853981853,0.0,0.0,1.0,1.0,0.282416759,0.3417207143,0.05198478699,0.05371761322
5406,1.0,0.7853981853,0.0,0.0,1.0,1.0,0.2996756997,0.3428742209,0.05425810814,0.05340588093
